month,code,numerator,denominator
2024-06-01,11J,10691.556950000002,832.6139999999999
2025-09-01,11J,10546.510619999997,832.2950000000001
2024-12-01,11J,10758.504560000001,833.1379999999996
2022-12-01,11J,11265.218579999997,824.5979999999998
2023-03-01,11J,11000.720449999997,824.944
2025-04-01,11J,6925.894180000001,831.9749999999998
2022-09-01,11J,11322.750540000001,821.7039999999998
2024-01-01,11J,10590.267009999996,830.7100000000002
2023-04-01,11J,7974.462680000001,825.4380000000002
2023-02-01,11J,9968.9525,824.8330000000002
2025-02-01,11J,7569.244940000001,832.6649999999997
2023-12-01,11J,9008.046200000003,830.2470000000003
2024-03-01,11J,9777.112060000001,831.5059999999997
2026-04-01,11J,9505.54354,828.363
2023-07-01,11J,11108.928729999998,825.8940000000001
2023-06-01,11J,11888.625510000002,825.6840000000001
2023-10-01,11J,9614.240110000002,828.2329999999998
2022-05-01,11J,11153.691619999998,820.1639999999999
2025-06-01,11J,9502.710409999996,831.824
2025-07-01,11J,10902.45409,831.4899999999999
2025-11-01,11J,10033.28782,831.8509999999999
2026-02-01,11J,7993.0925799999995,829.714
2026-03-01,11J,8014.78154,828.6720000000003
2021-06-01,11J,11223.17049,812.9410000000004
2024-02-01,11J,9263.69336,831.2409999999999
2026-06-01,11J,11562.779190000001,826.6599999999997
2023-01-01,11J,11778.992650000006,824.7539999999999
2025-08-01,11J,9873.93843,831.753
2025-05-01,11J,8173.38042,831.9090000000003
2024-05-01,11J,11002.633899999997,832.3589999999999
2023-05-01,11J,9121.960809999999,825.6520000000003
2022-02-01,11J,10321.650060000002,819.567
2024-08-01,11J,10235.200530000004,831.9480000000002
2026-01-01,11J,7926.494200000001,830.986
2022-06-01,11J,11871.480100000006,820.7419999999998
2023-11-01,11J,9820.914939999999,829.4339999999999
2021-07-01,11J,11811.095680000004,813.786
2022-08-01,11J,12185.043960000003,821.2909999999998
2022-01-01,11J,10986.723360000002,819.004
2023-08-01,11J,10154.145689999998,826.0639999999997
2021-10-01,11J,11175.291,816.948
2021-09-01,11J,11053.372489999996,814.8310000000004
2021-08-01,11J,10489.108479999997,814.4029999999997
2022-04-01,11J,10737.486949999997,820.0510000000002
2024-11-01,11J,7037.251979999999,833.0110000000001
2021-12-01,11J,10952.006509999997,818.4670000000001
2024-10-01,11J,10493.0627,832.8300000000002
2025-01-01,11J,8929.424189999994,832.808
2023-09-01,11J,10287.324530000002,826.6139999999997
2025-12-01,11J,9427.891019999997,831.4890000000001
2026-05-01,11J,8213.62561,827.5130000000001
2022-07-01,11J,10667.969509999997,821.0820000000002
2022-03-01,11J,11578.052339999997,819.738
2022-11-01,11J,12245.59265,823.989
2024-07-01,11J,10108.80337,831.7800000000003
2025-03-01,11J,8461.447230000002,832.2550000000003
2024-04-01,11J,10607.74739,831.6310000000001
2022-10-01,11J,10163.285280000002,823.3149999999998
2025-10-01,11J,9548.379860000003,832.5329999999999
2024-09-01,11J,8205.96975,831.8719999999996
2021-11-01,11J,12317.563670000003,817.607
2022-10-01,11M,6826.1878499999975,679.3220000000002
2025-10-01,11M,11465.546220000002,698.9329999999999
2023-09-01,11M,6925.400429999999,685.9449999999994
2021-07-01,11M,7490.9605599999995,669.4520000000002
2025-09-01,11M,10164.746139999997,698.3829999999999
2021-12-01,11M,6869.248019999999,672.783
2026-02-01,11M,10815.870479999996,698.6719999999998
2024-01-01,11M,7527.961140000001,688.681
2023-05-01,11M,7058.9657,683.296
2024-12-01,11M,7223.8375399999995,695.729
2024-04-01,11M,8134.459579999997,690.605
2022-08-01,11M,8142.25035,677.6150000000001
2026-05-01,11M,13855.924500000003,698.4509999999998
2024-03-01,11M,7253.1504,690.1960000000003
2021-06-01,11M,7703.220620000002,668.3590000000002
2023-10-01,11M,7317.138220000002,686.72
2025-12-01,11M,11358.437629999999,699.3339999999998
2024-10-01,11M,6726.913419999999,694.8180000000001
2022-02-01,11M,8211.378389999998,674.0269999999998
2025-08-01,11M,8482.731110000002,697.7500000000001
2022-05-01,11M,6669.911379999996,675.2130000000001
2026-04-01,11M,12128.565049999996,698.3460000000001
2023-07-01,11M,6398.02565,684.5840000000001
2023-02-01,11M,7711.24693,681.829
2024-11-01,11M,9048.37596,695.3359999999999
2024-05-01,11M,6509.450339999999,691.4489999999996
2021-11-01,11M,7476.980009999999,672.195
2025-03-01,11M,5777.004580000001,696.4099999999999
2023-12-01,11M,6961.198380000001,688.095
2025-06-01,11M,9489.208050000001,697.163
2026-06-01,11M,12277.254710000001,698.3229999999999
2022-12-01,11M,9135.15322,680.8140000000002
2023-03-01,11M,8013.583890000002,682.2620000000002
2022-04-01,11M,6658.479609999999,675.0489999999999
2025-11-01,11M,11131.960169999995,699.1159999999999
2024-09-01,11M,7027.5989999999965,694.156
2021-10-01,11M,6754.839469999998,671.72
2023-11-01,11M,7585.959660000002,687.341
2025-05-01,11M,6242.2732700000015,696.8439999999998
2026-03-01,11M,11512.232549999997,698.2349999999999
2021-09-01,11M,6503.281250000001,670.634
2025-01-01,11M,7669.068869999999,696.0089999999999
2022-09-01,11M,7200.129699999998,678.4499999999999
2023-01-01,11M,6767.611770000001,681.0460000000002
2024-08-01,11M,7809.481609999998,693.569
2024-07-01,11M,7961.417949999998,692.792
2022-01-01,11M,6875.65836,673.541
2025-07-01,11M,11541.754630000001,697.3359999999993
2021-08-01,11M,7180.635549999998,669.8749999999999
2022-03-01,11M,6898.867380000002,674.367
2023-08-01,11M,6721.9164500000015,685.3160000000001
2022-06-01,11M,7336.933649999999,675.9930000000002
2023-04-01,11M,7180.483009999999,682.8220000000002
2024-02-01,11M,7718.1924,689.4219999999997
2025-04-01,11M,8630.27297,696.5379999999999
2026-01-01,11M,11156.5667,699.2999999999997
2024-06-01,11M,5937.080209999998,692.0199999999999
2025-02-01,11M,5710.370199999999,696.3629999999999
2023-06-01,11M,8137.789119999999,683.825
2022-07-01,11M,6851.243460000002,676.808
2022-11-01,11M,7757.28996,679.917
2022-01-01,11N,6647.405360000002,597.016
2026-04-01,11N,10390.50639,605.0569999999999
2023-12-01,11N,6583.21723,603.3649999999999
2025-02-01,11N,8882.6641,606.104
2026-06-01,11N,11980.21692,604.889
2021-12-01,11N,7328.7941200000005,596.9950000000003
2022-09-01,11N,8064.570309999999,598.7149999999999
2025-10-01,11N,12142.14266,606.1279999999999
2025-12-01,11N,9681.0512,605.7999999999998
2022-05-01,11N,6236.13305,597.524
2026-05-01,11N,11049.124340000004,604.8920000000002
2026-02-01,11N,11169.383120000002,605.161
2024-03-01,11N,8618.42025,603.4
2021-06-01,11N,7555.3135,593.2299999999998
2025-06-01,11N,8770.621790000001,605.8489999999998
2023-04-01,11N,5150.68242,600.3270000000001
2024-07-01,11N,7735.848890000003,604.3770000000001
2025-09-01,11N,11268.749019999997,605.6220000000001
2022-03-01,11N,6438.883800000001,597.4269999999999
2024-08-01,11N,9237.3331,604.7
2026-03-01,11N,11531.097339999998,604.8579999999998
2025-07-01,11N,9325.909569999998,605.5610000000003
2022-11-01,11N,6481.7413400000005,599.7670000000002
2024-05-01,11N,8309.449840000001,603.924
2023-06-01,11N,9397.249569999998,600.627
2023-01-01,11N,5393.443030000002,600.144
2024-06-01,11N,8881.984330000001,604.1230000000003
2024-12-01,11N,9103.015650000003,606.183
2021-07-01,11N,7260.044729999999,594.3699999999998
2022-02-01,11N,6028.923669999999,597.5030000000002
2021-08-01,11N,7426.542130000001,594.817
2024-09-01,11N,8126.864290000002,604.9469999999999
2025-08-01,11N,10370.151050000002,605.5049999999999
2023-02-01,11N,6094.90556,600.3039999999999
2022-08-01,11N,8286.1324,598.412
2024-04-01,11N,8786.422339999997,603.5229999999999
2021-11-01,11N,5722.58849,596.418
2023-11-01,11N,6398.42768,602.892
2022-12-01,11N,5912.07403,600.3249999999998
2024-11-01,11N,9687.63014,606.1489999999999
2022-06-01,11N,5395.47481,597.8290000000001
2023-10-01,11N,8761.161769999997,602.3859999999999
2022-07-01,11N,6784.3499600000005,598.2089999999998
2024-10-01,11N,9564.664490000001,605.8910000000001
2025-04-01,11N,7698.7135400000025,605.8719999999997
2022-10-01,11N,5514.771969999999,599.3460000000003
2023-08-01,11N,7831.886019999998,601.371
2025-03-01,11N,5768.485430000001,605.9739999999999
2026-01-01,11N,10119.273549999998,605.661
2021-10-01,11N,7096.888880000001,596.008
2023-09-01,11N,8525.052409999998,601.7029999999999
2024-02-01,11N,8433.57156,603.456
2021-09-01,11N,6592.4786,595.4229999999999
2024-01-01,11N,7363.856169999999,603.328
2023-05-01,11N,6373.868129999998,600.3839999999999
2025-11-01,11N,9963.93355,605.911
2023-03-01,11N,7340.062869999999,600.265
2022-04-01,11N,6076.844220000002,597.6120000000004
2025-05-01,11N,8600.00508,605.9250000000001
2025-01-01,11N,7169.55996,606.1039999999999
2023-07-01,11N,7830.189910000001,600.9930000000002
2025-02-01,11X,6437.879900000001,608.5960000000003
2026-04-01,11X,8039.57568,605.7959999999999
2021-06-01,11X,7562.942900000004,589.677
2024-05-01,11X,6642.426410000001,605.2850000000001
2021-09-01,11X,5901.029499999999,592.3360000000002
2022-04-01,11X,6519.044219999999,594.527
2025-07-01,11X,10781.70046,608.25
2022-11-01,11X,6519.884100000001,598.8679999999999
2026-05-01,11X,9616.65273,605.4329999999998
2025-05-01,11X,8641.854010000001,607.9869999999996
2025-10-01,11X,9926.36831,608.5539999999999
2024-07-01,11X,6884.485529999997,606.1650000000001
2023-06-01,11X,5641.45211,600.9720000000003
2026-03-01,11X,10447.90299,606.2100000000002
2022-06-01,11X,6505.13901,595.5889999999999
2023-10-01,11X,6281.87612,602.6789999999999
2023-01-01,11X,6575.981279999997,599.2420000000002
2025-03-01,11X,7357.60232,608.0279999999997
2025-04-01,11X,6126.542900000002,607.8870000000001
2024-02-01,11X,5630.851449999999,604.4710000000001
2023-05-01,11X,5297.141949999999,600.598
2022-10-01,11X,5993.3602900000005,598.1410000000001
2024-09-01,11X,7037.961149999999,607.304
2023-08-01,11X,4941.945580000001,601.8950000000001
2023-11-01,11X,5832.431580000002,603.3260000000001
2026-02-01,11X,9412.048999999997,606.6049999999999
2021-10-01,11X,5544.716870000005,592.8629999999999
2024-08-01,11X,6094.737209999998,606.8530000000003
2023-04-01,11X,3525.3677700000007,600.313
2021-11-01,11X,6282.741610000002,593.1440000000001
2023-12-01,11X,5533.362870000001,603.8649999999997
2023-02-01,11X,6748.499829999999,599.7270000000001
2025-01-01,11X,7928.530609999999,608.4480000000002
2022-05-01,11X,6473.6693000000005,594.84
2022-08-01,11X,7408.619130000002,596.7929999999997
2025-11-01,11X,10189.48449,608.2270000000001
2025-08-01,11X,9563.903059999997,608.7059999999998
2024-12-01,11X,7921.74789,608.175
2021-08-01,11X,6276.673870000002,591.3429999999997
2021-07-01,11X,6351.495849999999,590.6469999999998
2026-06-01,11X,8921.12113,605.062
2023-03-01,11X,5963.922239999999,600.0260000000001
2023-07-01,11X,6463.871699999997,601.286
2024-10-01,11X,6632.386839999998,607.577
2024-04-01,11X,6192.713190000002,604.6129999999998
2021-12-01,11X,7456.093059999999,593.3699999999999
2022-03-01,11X,6019.7328400000015,594.2509999999999
2024-03-01,11X,5595.041230000001,604.3870000000002
2026-01-01,11X,11281.72267,607.408
2024-01-01,11X,5987.392250000002,604.0310000000002
2025-09-01,11X,9029.731029999997,608.8050000000001
2025-12-01,11X,9572.722010000001,607.8410000000005
2022-01-01,11X,6248.903639999999,593.933
2024-06-01,11X,6259.572139999998,605.6790000000001
2025-06-01,11X,8594.318210000003,608.167
2022-07-01,11X,7116.528659999999,596.3710000000002
2024-11-01,11X,8822.260459999996,607.9359999999999
2023-09-01,11X,5454.267180000001,602.6079999999998
2022-02-01,11X,5251.14417,594.031
2022-09-01,11X,5703.4429199999995,597.48
2022-12-01,11X,6594.5282499999985,599.259
2026-03-01,15C,9536.034580000001,1095.0240000000003
2022-10-01,15C,6532.66926,1063.705
2021-11-01,15C,8308.41784,1052.374
2026-06-01,15C,11723.454859999996,1092.5770000000005
2024-07-01,15C,7824.276629999999,1089.7730000000004
2021-09-01,15C,7062.957899999999,1047.2570000000003
2025-12-01,15C,11045.128019999996,1099.797
2024-04-01,15C,8102.164579999998,1087.8629999999998
2022-11-01,15C,8190.902080000003,1066.6909999999998
2026-05-01,15C,8874.68553,1094.269
2023-06-01,15C,5723.566780000001,1073.71
2025-10-01,15C,9621.367439999998,1098.28
2021-10-01,15C,6550.7918199999995,1049.8899999999999
2022-09-01,15C,7349.113630000003,1062.723
2025-06-01,15C,7936.175829999998,1096.8319999999997
2025-03-01,15C,5069.219900000001,1096.528
2021-06-01,15C,7832.6621799999975,1044.171
2022-12-01,15C,6321.040219999998,1067.5890000000006
2024-02-01,15C,6227.613089999999,1085.9420000000005
2024-10-01,15C,7992.146469999996,1090.7500000000002
2026-01-01,15C,9876.377680000001,1098.7140000000002
2023-01-01,15C,8610.781410000001,1068.9500000000003
2025-02-01,15C,5822.212669999999,1096.0049999999999
2026-04-01,15C,9722.706589999996,1094.877
2025-04-01,15C,6342.182429999999,1096.7329999999997
2021-07-01,15C,6303.400990000002,1046.083
2023-11-01,15C,6539.39142,1083.0059999999999
2024-05-01,15C,6696.306739999998,1089.4369999999997
2023-09-01,15C,5595.359789999999,1076.422
2023-05-01,15C,5344.939899999999,1072.593
2021-08-01,15C,6938.682849999999,1046.749
2024-03-01,15C,6846.4122400000015,1087.1160000000002
2024-12-01,15C,8992.968560000001,1094.9760000000003
2025-09-01,15C,9751.744950000002,1095.7540000000001
2025-05-01,15C,8019.377980000001,1096.8760000000002
2024-06-01,15C,7176.683709999998,1089.511
2025-11-01,15C,8141.7959200000005,1099.2579999999998
2023-10-01,15C,6151.764060000001,1079.1480000000001
2023-12-01,15C,5494.053170000001,1084.363
2023-07-01,15C,7304.541179999999,1074.806
2022-04-01,15C,7334.609720000001,1060.59
2023-02-01,15C,5541.771110000002,1070.1250000000002
2023-08-01,15C,4873.750249999999,1075.3549999999998
2025-08-01,15C,6933.850799999998,1096.028
2024-11-01,15C,7467.809719999997,1093.1409999999996
2024-01-01,15C,7048.810360000001,1084.8380000000004
2025-07-01,15C,9807.336050000004,1096.3820000000005
2022-01-01,15C,6853.59356,1057.2500000000002
2022-06-01,15C,6742.461689999999,1061.5400000000002
2026-02-01,15C,9304.957569999999,1096.5050000000003
2025-01-01,15C,8318.10563,1095.4349999999997
2023-03-01,15C,6680.73663,1071.1609999999998
2022-02-01,15C,5860.5165799999995,1059.117
2022-07-01,15C,7008.87624,1062.3349999999998
2021-12-01,15C,8523.326450000002,1055.0399999999993
2024-09-01,15C,6102.279989999999,1089.096
2022-08-01,15C,8357.540949999999,1062.3330000000003
2024-08-01,15C,7882.1206999999995,1089.641
2022-03-01,15C,7159.481639999997,1059.6370000000004
2022-05-01,15C,8541.43132,1060.5839999999998
2023-04-01,15C,4975.77352,1071.952
2026-01-01,15E,27134.14076999999,1648.8139999999999
2022-09-01,15E,21397.95371,1573.9099999999994
2023-07-01,15E,20770.14210999999,1601.6879999999996
2025-06-01,15E,22900.407979999993,1647.901
2026-03-01,15E,24899.34764999999,1644.1080000000004
2022-04-01,15E,17195.90943,1570.9019999999998
2023-05-01,15E,18102.351949999997,1596.4449999999988
2023-01-01,15E,18688.141489999998,1586.5619999999994
2025-01-01,15E,21944.757189999997,1645.425
2022-10-01,15E,18815.88462,1575.2250000000001
2025-08-01,15E,23231.14460999999,1647.788999999999
2021-10-01,15E,17644.351119999996,1558.8339999999996
2024-03-01,15E,19017.524269999994,1627.4219999999996
2026-05-01,15E,25095.611249999987,1639.3600000000008
2024-08-01,15E,21301.96103999999,1632.4489999999996
2024-01-01,15E,20648.15192999998,1623.3690000000006
2023-11-01,15E,19561.821730000007,1617.3320000000003
2023-12-01,15E,18477.127340000003,1621.3710000000008
2025-02-01,15E,20402.657569999992,1646.9750000000004
2023-06-01,15E,19108.966930000002,1598.8939999999993
2024-09-01,15E,19683.528479999997,1634.5229999999995
2026-02-01,15E,23627.410310000003,1646.2569999999998
2025-03-01,15E,20857.66628,1647.323000000001
2023-10-01,15E,18313.24975,1611.2979999999998
2022-06-01,15E,18736.770150000004,1570.277999999999
2025-10-01,15E,24975.08242999999,1649.4690000000007
2024-06-01,15E,19879.438579999987,1634.5699999999995
2025-04-01,15E,21855.92991,1647.6930000000004
2022-01-01,15E,19373.946989999993,1566.2939999999999
2022-07-01,15E,19275.94058,1571.8589999999995
2022-08-01,15E,20289.43413000001,1571.9099999999999
2024-04-01,15E,21143.682489999985,1628.9720000000002
2024-10-01,15E,24516.449910000003,1638.146000000001
2025-07-01,15E,27031.93993,1647.7320000000004
2023-03-01,15E,17987.766880000003,1592.385999999999
2021-12-01,15E,18029.600399999996,1564.5250000000008
2022-03-01,15E,18167.92032,1569.737
2021-07-01,15E,18884.575440000004,1555.259
2021-08-01,15E,18658.43711,1555.9609999999996
2025-05-01,15E,20785.527730000005,1647.783000000001
2022-12-01,15E,18973.109459999996,1583.9270000000006
2024-11-01,15E,21788.204739999994,1642.4979999999998
2025-09-01,15E,24970.979759999987,1647.3260000000007
2025-11-01,15E,23035.431969999987,1650.357999999999
2025-12-01,15E,23594.657500000005,1650.1680000000008
2023-08-01,15E,18866.599120000013,1604.8710000000008
2023-02-01,15E,17229.346250000006,1588.935000000001
2023-09-01,15E,18858.968249999994,1607.2749999999992
2024-12-01,15E,24241.190900000016,1644.7559999999999
2022-02-01,15E,17371.609769999995,1568.006
2024-02-01,15E,19399.226769999997,1625.5549999999994
2021-09-01,15E,18743.48952000001,1557.8909999999996
2022-11-01,15E,17658.970149999997,1579.173
2023-04-01,15E,15551.661889999992,1595.0140000000006
2024-05-01,15E,21883.51969999999,1632.4240000000004
2021-06-01,15E,20622.81086,1554.0720000000003
2026-04-01,15E,23902.376519999987,1641.3920000000007
2021-11-01,15E,20639.10915000001,1560.8339999999996
2026-06-01,15E,25849.511299999987,1634.176
2022-05-01,15E,18274.116059999997,1570.3419999999999
2024-07-01,15E,22008.88183,1635.1929999999993
2024-04-01,15M,14555.735589999993,1133.802
2025-12-01,15M,17223.141289999996,1145.0269999999998
2026-06-01,15M,19954.96465999999,1142.9980000000007
2025-08-01,15M,14224.397949999993,1144.6179999999997
2025-01-01,15M,14843.460319999995,1141.4220000000005
2022-05-01,15M,10706.579849999998,1110.3920000000003
2024-08-01,15M,13548.087220000003,1138.4599999999994
2021-07-01,15M,10573.723729999998,1103.1930000000002
2022-03-01,15M,9903.653430000002,1108.635
2025-11-01,15M,16783.98105,1145.46
2024-11-01,15M,14117.225939999998,1140.5850000000005
2023-08-01,15M,10413.251430000002,1125.1160000000004
2024-12-01,15M,13980.25732,1141.0009999999995
2022-01-01,15M,11067.503499999997,1107.32
2025-07-01,15M,18226.86346999999,1143.8440000000005
2023-01-01,15M,11664.743619999997,1118.0340000000003
2022-09-01,15M,11297.191360000008,1114.0569999999998
2024-06-01,15M,11472.584459999996,1136.0790000000006
2022-12-01,15M,11126.46623,1117.5110000000004
2023-12-01,15M,10425.222550000004,1130.676
2022-02-01,15M,8417.707499999999,1108.0530000000003
2026-05-01,15M,17338.19562,1143.466
2021-12-01,15M,14352.641489999998,1106.7409999999998
2023-06-01,15M,14231.175940000001,1122.2149999999995
2025-04-01,15M,12774.469899999998,1142.5460000000007
2021-08-01,15M,10673.133429999994,1103.991000000001
2026-03-01,15M,18077.344459999993,1143.5269999999998
2022-04-01,15M,10084.04741,1109.7640000000006
2022-11-01,15M,11331.539010000002,1116.0570000000002
2024-03-01,15M,11877.991939999996,1133.1200000000001
2024-02-01,15M,11442.880990000001,1132.3290000000004
2023-10-01,15M,13946.35744,1127.4319999999996
2024-07-01,15M,14496.929669999998,1137.2830000000001
2026-01-01,15M,18072.70202,1144.5979999999995
2023-07-01,15M,14144.859889999992,1123.5530000000003
2023-04-01,15M,8581.521439999999,1120.369
2024-05-01,15M,12773.938289999995,1135.1779999999994
2023-03-01,15M,13401.41911,1119.6940000000004
2021-06-01,15M,12324.014699999996,1102.1600000000003
2025-02-01,15M,11222.764580000001,1142.2219999999998
2022-07-01,15M,11861.976370000011,1112.1250000000005
2024-09-01,15M,13533.100280000002,1139.3849999999998
2021-09-01,15M,9877.662849999997,1104.791
2022-10-01,15M,11507.853169999997,1114.9460000000004
2022-08-01,15M,13804.071189999997,1112.8840000000005
2023-02-01,15M,9171.92227,1118.8900000000003
2024-01-01,15M,11720.61054,1131.4120000000003
2026-04-01,15M,16832.75505,1143.5179999999996
2026-02-01,15M,17705.096050000004,1144.0260000000007
2025-06-01,15M,16204.816559999987,1143.3339999999998
2023-05-01,15M,10550.397729999999,1121.1429999999998
2021-11-01,15M,11944.992630000006,1105.8679999999997
2025-03-01,15M,9106.993969999998,1142.17
2023-11-01,15M,12969.959980000009,1129.274
2023-09-01,15M,12405.369450000007,1126.3380000000006
2025-10-01,15M,19991.321549999997,1145.5970000000002
2025-05-01,15M,11565.425489999998,1142.8430000000003
2024-10-01,15M,12187.935709999998,1140.1629999999998
2022-06-01,15M,10387.39728,1111.5359999999996
2021-10-01,15M,9321.507589999997,1105.503
2025-09-01,15M,15773.213709999998,1145.0589999999997
2021-10-01,15N,14340.708690000001,1264.7959999999996
2025-03-01,15N,14014.369390000003,1297.5960000000011
2021-11-01,15N,13877.071640000002,1267.8300000000006
2026-01-01,15N,18480.85284000001,1298.088
2025-10-01,15N,18497.03692,1300.051
2022-07-01,15N,14176.188770000002,1272.9759999999994
2021-07-01,15N,15701.08947,1259.5620000000004
2024-07-01,15N,16791.445709999993,1293.9009999999994
2024-05-01,15N,14186.897520000002,1294.0670000000005
2023-02-01,15N,12370.018590000003,1282.1239999999996
2022-06-01,15N,13807.424710000001,1272.427
2021-12-01,15N,15628.10561,1269.2880000000005
2024-08-01,15N,14833.012230000002,1293.9600000000003
2023-08-01,15N,12945.271190000001,1284.5549999999998
2025-12-01,15N,15884.01751,1299.0419999999997
2026-03-01,15N,19957.89880000001,1295.663
2025-08-01,15N,17213.50181,1295.988000000001
2025-09-01,15N,18001.90896,1295.9739999999997
2026-02-01,15N,18310.92423,1296.7089999999998
2023-07-01,15N,14934.83033,1284.1929999999998
2025-11-01,15N,16926.993129999995,1299.6920000000002
2025-04-01,15N,14407.361709999996,1297.256000000002
2025-01-01,15N,14980.28832,1298.1779999999997
2023-06-01,15N,16261.77932,1283.423000000001
2022-08-01,15N,15594.162359999995,1273.2640000000001
2025-05-01,15N,16932.28322,1296.8179999999993
2025-02-01,15N,14313.226640000003,1298.0140000000001
2021-06-01,15N,14711.419629999999,1258.5329999999994
2023-01-01,15N,14702.248790000001,1280.894
2022-01-01,15N,14522.59254,1269.9150000000004
2022-12-01,15N,15990.733799999996,1279.7090000000005
2024-02-01,15N,14479.228359999994,1293.4289999999996
2023-12-01,15N,14665.352080000004,1292.3590000000004
2024-06-01,15N,14280.254800000004,1294.052
2024-09-01,15N,15231.364299999997,1293.8589999999995
2022-10-01,15N,15221.93183000001,1276.248
2023-05-01,15N,11910.615430000002,1282.9679999999998
2023-11-01,15N,15369.153700000013,1291.318000000001
2025-06-01,15N,17497.51177,1296.7479999999994
2024-12-01,15N,15821.236120000007,1298.4479999999992
2024-11-01,15N,16250.629939999993,1298.1569999999992
2023-10-01,15N,13073.4806,1289.1519999999998
2024-03-01,15N,12003.19375,1293.5769999999995
2024-04-01,15N,13948.67976,1293.7369999999996
2021-08-01,15N,13093.744950000002,1260.5949999999998
2023-09-01,15N,12967.1471,1284.8780000000002
2022-03-01,15N,14257.15671,1270.735
2022-09-01,15N,15832.635990000004,1274.0500000000004
2026-06-01,15N,19076.980800000012,1293.3100000000002
2026-05-01,15N,16991.394659999998,1294.1960000000004
2025-07-01,15N,20980.789900000007,1296.1820000000005
2023-04-01,15N,12138.208100000003,1283.3749999999995
2024-10-01,15N,15609.84855,1297.2440000000004
2021-09-01,15N,12038.90098,1261.0320000000004
2026-04-01,15N,18113.697529999998,1295.365
2022-05-01,15N,13458.924619999998,1271.205
2022-02-01,15N,13760.155180000003,1270.2069999999999
2024-01-01,15N,14523.939230000004,1292.7060000000004
2023-03-01,15N,14485.987040000002,1282.8540000000003
2022-04-01,15N,15393.649390000004,1271.2979999999995
2022-11-01,15N,15302.845050000005,1277.9829999999995
2023-07-01,18C,8476.127139999999,824.158
2026-04-01,18C,12971.319469999995,833.5729999999999
2022-03-01,18C,8754.746340000002,815.2130000000001
2025-05-01,18C,8318.64433,833.3250000000004
2021-11-01,18C,7445.599650000001,812.9740000000002
2025-12-01,18C,11816.71143,835.238
2023-01-01,18C,8595.33739,821.3259999999999
2025-06-01,18C,10420.4277,833.6059999999999
2021-12-01,18C,7229.90864,813.7509999999999
2023-06-01,18C,9101.339519999996,823.6019999999999
2024-07-01,18C,8872.62652,831.106
2023-09-01,18C,7229.2817700000005,826.0649999999998
2023-10-01,18C,7657.671770000002,826.5160000000002
2022-01-01,18C,9166.603000000001,814.3559999999999
2023-03-01,18C,8630.484419999999,822.3580000000003
2026-03-01,18C,11282.775499999998,833.5709999999999
2021-09-01,18C,8707.616870000002,812.154
2022-08-01,18C,9567.632180000002,818.533
2025-07-01,18C,12604.971099999999,834.0840000000002
2023-11-01,18C,7993.649839999999,826.8870000000004
2025-11-01,18C,10763.53744,835.1989999999997
2024-11-01,18C,10263.978249999996,833.1479999999999
2022-02-01,18C,7172.088490000001,814.7449999999999
2024-03-01,18C,8959.588740000001,828.525
2024-09-01,18C,8680.388149999999,832.4409999999999
2024-10-01,18C,8745.125859999996,832.9029999999998
2026-02-01,18C,11863.236579999999,834.3070000000001
2023-02-01,18C,6755.8510099999985,821.7440000000001
2022-07-01,18C,7875.114499999999,817.7380000000002
2025-08-01,18C,10810.108109999996,834.4800000000001
2024-02-01,18C,8977.89768,828.1549999999999
2025-03-01,18C,8836.671069999999,832.707
2026-01-01,18C,11139.991219999998,834.8949999999996
2022-04-01,18C,6776.856810000002,815.3910000000001
2023-12-01,18C,6971.521799999999,827.3849999999996
2026-05-01,18C,11613.93332999999,833.081
2021-07-01,18C,8648.682779999997,809.6890000000005
2025-04-01,18C,8621.390319999997,833.1279999999999
2025-01-01,18C,9573.338839999997,832.6499999999997
2023-05-01,18C,6234.245009999998,822.7900000000001
2022-09-01,18C,8706.938040000001,819.6100000000004
2022-06-01,18C,6560.315389999998,816.7940000000003
2023-04-01,18C,5154.5246,822.5029999999998
2022-12-01,18C,7863.136699999999,820.981
2024-01-01,18C,6806.811760000003,827.6849999999998
2021-08-01,18C,7029.542750000001,811.2430000000002
2021-10-01,18C,7565.859119999999,812.7119999999998
2024-12-01,18C,8361.607159999998,833.1869999999998
2024-08-01,18C,8591.57397,831.8439999999999
2025-02-01,18C,7876.40499,832.6870000000001
2024-06-01,18C,7787.286729999995,830.2840000000001
2021-06-01,18C,7926.010579999999,808.5459999999997
2026-06-01,18C,13515.12739,832.6410000000001
2025-09-01,18C,12747.17716,835.136
2024-04-01,18C,9997.004439999997,828.7639999999996
2024-05-01,18C,9546.062039999999,829.6839999999999
2025-10-01,18C,13649.354829999998,835.4690000000002
2022-05-01,18C,8350.029429999999,815.8049999999993
2022-11-01,18C,8734.186389999999,820.3800000000002
2023-08-01,18C,6166.001480000001,825.259
2022-10-01,18C,6482.863819999999,819.9909999999999
2023-01-01,36L,21743.726960000015,1743.273000000001
2022-06-01,36L,23681.643910000006,1732.381
2023-07-01,36L,21669.326310000004,1751.4639999999995
2021-10-01,36L,20482.621589999995,1719.9219999999987
2025-02-01,36L,23853.411610000003,1776.4790000000007
2025-03-01,36L,24737.799289999995,1775.3959999999995
2026-05-01,36L,31220.382229999985,1759.3769999999993
2024-01-01,36L,23826.203879999994,1762.889000000001
2023-04-01,36L,20444.762950000004,1748.8529999999994
2023-11-01,36L,24029.314020000013,1758.724
2024-09-01,36L,26806.60462999999,1771.3210000000006
2021-07-01,36L,20640.74468,1715.7060000000001
2026-01-01,36L,30148.703919999993,1776.5230000000004
2022-03-01,36L,22037.88188,1728.7780000000002
2023-02-01,36L,20361.224659999993,1745.437
2023-09-01,36L,20908.99554,1756.1100000000006
2024-06-01,36L,25262.172979999996,1769.4549999999995
2024-11-01,36L,25817.929249999994,1774.8349999999984
2022-12-01,36L,23927.324110000005,1742.271999999999
2022-08-01,36L,24437.421989999988,1735.3249999999998
2026-06-01,36L,31518.330830000003,1751.650999999999
2023-03-01,36L,21614.91120999999,1747.3500000000001
2022-09-01,36L,23699.72753000001,1736.8979999999995
2022-02-01,36L,20669.984170000007,1727.7179999999996
2024-08-01,36L,23460.127789999995,1769.845
2025-11-01,36L,25827.599800000015,1778.596000000001
2025-08-01,36L,28568.398570000016,1777.861
2025-10-01,36L,29445.888750000002,1778.7450000000003
2025-07-01,36L,28021.140969999997,1776.800999999999
2026-03-01,36L,25207.264089999993,1766.357
2025-05-01,36L,24802.777080000003,1774.3820000000012
2024-02-01,36L,24737.065520000004,1764.2690000000002
2024-10-01,36L,26454.47748999999,1771.832
2021-06-01,36L,21299.445990000007,1711.6490000000003
2026-02-01,36L,26830.959209999997,1770.5239999999992
2021-09-01,36L,18818.779689999992,1719.1129999999998
2026-04-01,36L,27687.405279999988,1763.3669999999997
2022-01-01,36L,19573.002950000002,1726.2480000000003
2022-04-01,36L,21240.746759999995,1729.593999999999
2023-05-01,36L,24916.28766,1748.1730000000002
2025-09-01,36L,27536.87616999999,1778.3349999999998
2022-07-01,36L,23312.123869999992,1734.156999999999
2023-08-01,36L,20349.965589999996,1753.7620000000015
2024-07-01,36L,27740.090450000014,1769.7909999999997
2023-06-01,36L,26171.978740000006,1749.0460000000003
2024-03-01,36L,24680.724699999995,1763.761
2025-04-01,36L,25544.698339999995,1774.4360000000015
2021-11-01,36L,20153.372560000007,1721.2460000000005
2024-12-01,36L,27755.63957,1775.236999999999
2025-12-01,36L,29063.298569999977,1778.0950000000007
2021-08-01,36L,18403.575189999996,1718.524
2022-11-01,36L,21138.617370000004,1740.3490000000006
2021-12-01,36L,22049.179820000012,1724.1039999999998
2025-01-01,36L,27363.938379999985,1775.3069999999993
2024-05-01,36L,24036.077320000008,1767.9169999999995
2023-10-01,36L,21569.811389999984,1756.5040000000001
2025-06-01,36L,27989.14361999999,1775.612000000001
2022-10-01,36L,20638.041589999997,1737.876
2024-04-01,36L,26496.285669999987,1764.1040000000007
2023-12-01,36L,22186.078149999994,1761.2070000000003
2022-05-01,36L,22183.976079999997,1730.5729999999999
2025-05-01,71E,9549.06002,825.3190000000001
2024-10-01,71E,13876.045380000001,823.0600000000001
2024-04-01,71E,11830.212609999995,820.5409999999998
2023-12-01,71E,12321.547950000007,819.1349999999999
2024-06-01,71E,11779.070510000001,821.4799999999999
2025-03-01,71E,8871.665570000001,825.1559999999998
2021-11-01,71E,13382.4166,802.8169999999998
2021-12-01,71E,14085.151379999998,803.7050000000003
2024-12-01,71E,11787.94093,823.8989999999998
2022-02-01,71E,11434.332139999999,804.729
2021-08-01,71E,13451.21132,800.5260000000002
2025-09-01,71E,12933.702630000003,826.741
2025-02-01,71E,9005.985289999997,824.988
2025-11-01,71E,11632.48154,825.0329999999998
2022-03-01,71E,13460.501889999996,805.2290000000006
2022-05-01,71E,15672.950119999998,805.8209999999999
2026-06-01,71E,13637.427619999995,823.6619999999997
2022-04-01,71E,12997.517200000004,805.5360000000003
2021-10-01,71E,13213.976560000001,801.4569999999999
2023-07-01,71E,11527.230450000001,815.4129999999999
2022-08-01,71E,17266.911099999994,808.2810000000003
2026-05-01,71E,15163.258589999998,824.3850000000003
2023-09-01,71E,11097.8682,816.6649999999998
2022-10-01,71E,12066.573290000002,809.744
2023-04-01,71E,8676.289750000002,814.1730000000003
2024-01-01,71E,12095.202419999996,819.3919999999997
2025-01-01,71E,9602.194100000002,824.569
2024-03-01,71E,11406.758949999996,820.1740000000001
2023-01-01,71E,14886.70041,812.8149999999998
2025-12-01,71E,12792.570230000001,825.306
2024-09-01,71E,12328.466769999994,822.8589999999998
2024-07-01,71E,11384.342320000003,821.8909999999998
2022-09-01,71E,14496.982450000007,809.272
2022-01-01,71E,13200.081530000001,804.3819999999994
2023-10-01,71E,13088.07135,817.1839999999997
2022-12-01,71E,14514.61732,812.4609999999998
2021-09-01,71E,13791.77606,801.2179999999998
2025-10-01,71E,14021.853140000003,826.0650000000002
2024-11-01,71E,11543.10812,823.2290000000003
2022-07-01,71E,14437.438899999997,807.4269999999996
2026-03-01,71E,13188.577149999994,824.2730000000004
2023-08-01,71E,10141.11496,816.201
2022-11-01,71E,14140.450820000004,811.6770000000002
2025-08-01,71E,11647.998169999999,826.719
2025-06-01,71E,10170.971959999999,825.5550000000003
2023-03-01,71E,13524.169150000002,813.4650000000004
2023-02-01,71E,10708.439960000002,813.1190000000001
2026-01-01,71E,15088.216140000004,825.4580000000004
2023-05-01,71E,12845.640440000003,814.4810000000001
2022-06-01,71E,13104.379880000004,806.5899999999999
2024-02-01,71E,13127.8358,819.6009999999999
2021-07-01,71E,14984.374410000004,800.3400000000005
2023-06-01,71E,16145.423459999998,815.096
2024-08-01,71E,12013.607400000003,822.3399999999999
2021-06-01,71E,14669.418220000005,799.6699999999996
2025-07-01,71E,14722.333499999999,826.0940000000002
2023-11-01,71E,13470.21406999999,818.1640000000001
2026-04-01,71E,14034.67563,824.6899999999999
2026-02-01,71E,12585.625779999998,824.9470000000006
2025-04-01,71E,10087.370789999999,825.7629999999997
2024-05-01,71E,11681.601169999994,821.5020000000001
2021-09-01,72Q,26559.589530000012,2036.6050000000002
2021-12-01,72Q,26547.899249999995,2044.8999999999996
2022-05-01,72Q,25824.241029999994,2053.3930000000005
2025-04-01,72Q,29859.49702999999,2123.368999999999
2023-02-01,72Q,25329.804989999993,2072.706
2023-04-01,72Q,21919.228389999997,2075.8349999999996
2024-12-01,72Q,31679.28758,2123.2129999999993
2026-06-01,72Q,37782.45973000001,2094.802
2022-12-01,72Q,24231.88135000002,2068.7520000000013
2025-06-01,72Q,34189.20842,2123.1360000000013
2024-06-01,72Q,27180.968469999996,2113.039999999999
2026-01-01,72Q,34779.78347000001,2121.044000000001
2024-03-01,72Q,26449.618690000007,2105.871
2023-06-01,72Q,29324.60371999999,2078.4700000000003
2022-09-01,72Q,26305.50277,2059.36
2022-02-01,72Q,24883.458020000002,2049.909999999999
2022-01-01,72Q,26237.104579999996,2047.0040000000001
2026-03-01,72Q,36260.864150000016,2108.1529999999993
2025-03-01,72Q,31162.337959999997,2124.7260000000006
2021-10-01,72Q,25581.449170000007,2038.7539999999995
2022-10-01,72Q,27670.846249999984,2061.218000000001
2025-02-01,72Q,28868.496069999997,2125.2100000000005
2025-08-01,72Q,38116.67127000001,2124.282
2021-06-01,72Q,27857.112569999998,2024.3420000000003
2026-02-01,72Q,35610.97120000001,2113.5629999999996
2023-11-01,72Q,29696.450919999996,2094.9520000000007
2025-07-01,72Q,38986.01249999998,2123.7119999999995
2021-11-01,72Q,28212.83238000001,2041.6589999999999
2022-07-01,72Q,24659.12143999999,2055.970000000001
2024-07-01,72Q,28485.525549999995,2114.930000000001
2022-08-01,72Q,27244.204599999997,2057.7989999999995
2025-05-01,72Q,30001.923759999994,2122.9719999999993
2023-09-01,72Q,25966.33202000001,2087.0499999999993
2024-04-01,72Q,27867.74658000001,2106.9919999999993
2024-11-01,72Q,28493.673140000006,2121.697
2026-04-01,72Q,33527.154659999986,2106.7529999999997
2024-08-01,72Q,27467.59326,2115.4560000000006
2023-07-01,72Q,31569.862190000018,2082.1370000000006
2025-01-01,72Q,31635.744049999983,2123.9370000000013
2022-11-01,72Q,25767.298479999994,2065.240999999999
2025-10-01,72Q,38643.06819999999,2126.2279999999996
2025-11-01,72Q,35678.925960000015,2125.228999999999
2024-02-01,72Q,26968.065190000016,2103.420000000001
2024-01-01,72Q,27687.16923,2099.936000000001
2023-01-01,72Q,24846.567269999992,2069.482
2025-09-01,72Q,39968.227080000004,2125.3010000000004
2024-05-01,72Q,27164.34685999999,2111.416000000001
2022-06-01,72Q,25509.14528,2055.028000000001
2022-03-01,72Q,28578.464299999992,2050.9350000000004
2023-10-01,72Q,28571.982959999998,2089.440000000001
2023-08-01,72Q,26203.80594000001,2085.1169999999984
2024-09-01,72Q,28494.542580000005,2115.7230000000004
2023-12-01,72Q,29082.668110000006,2098.2530000000006
2025-12-01,72Q,38874.70674000001,2123.9830000000015
2021-08-01,72Q,27027.941900000013,2035.2330000000004
2023-05-01,72Q,25247.293790000007,2075.9280000000003
2022-04-01,72Q,26818.87392000001,2052.5589999999997
2024-10-01,72Q,27248.004539999998,2118.1420000000007
2026-05-01,72Q,37316.98313999998,2100.8510000000006
2023-03-01,72Q,27848.30602,2074.5560000000005
2021-07-01,72Q,27056.867870000002,2030.7189999999998
2024-04-01,78H,7575.03225,840.7770000000002
2025-04-01,78H,7484.32442,849.8109999999999
2025-02-01,78H,7313.799269999997,849.5970000000005
2021-12-01,78H,6456.760869999999,808.8779999999998
2023-06-01,78H,7316.12031,827.6659999999999
2024-05-01,78H,8001.305209999998,842.132
2021-11-01,78H,5520.72952,808.0710000000003
2024-02-01,78H,6977.69481,838.3660000000001
2026-04-01,78H,10747.802989999995,850.5980000000003
2023-10-01,78H,6033.02793,832.541
2023-09-01,78H,5714.60705,831.7210000000002
2021-09-01,78H,6210.227670000001,806.9480000000002
2022-07-01,78H,5177.711129999999,815.609
2024-01-01,78H,7095.472290000002,836.8029999999999
2026-05-01,78H,10220.160519999998,850.1380000000004
2024-12-01,78H,8333.751260000001,848.3029999999998
2025-09-01,78H,8332.437940000002,852.5450000000001
2025-11-01,78H,9418.47483,852.8559999999998
2024-08-01,78H,7038.119359999998,845.2270000000001
2023-07-01,78H,6194.703369999999,829.3229999999999
2024-07-01,78H,7953.620050000001,844.159
2024-10-01,78H,7199.017959999999,846.5939999999996
2025-10-01,78H,9142.490120000004,852.894
2021-06-01,78H,6886.4106500000025,803.361
2024-09-01,78H,7615.956979999999,846.3040000000001
2024-03-01,78H,6943.693470000001,839.7130000000002
2022-02-01,78H,4797.5646799999995,810.925
2025-05-01,78H,6946.6932400000005,850.1509999999997
2022-01-01,78H,5445.286850000001,809.7560000000001
2023-08-01,78H,5829.20464,830.5099999999999
2022-10-01,78H,7124.452270000001,818.4860000000001
2022-12-01,78H,6319.911909999999,821.0969999999996
2022-06-01,78H,6162.362209999999,814.9129999999998
2026-06-01,78H,11163.137119999996,849.2400000000004
2023-02-01,78H,6216.901099999998,822.9589999999998
2024-06-01,78H,6531.581729999998,843.175
2023-12-01,78H,5808.04112,835.8909999999996
2025-06-01,78H,7848.66976,850.6430000000001
2021-08-01,78H,5015.592429999997,806.3720000000002
2023-03-01,78H,5743.719980000003,823.7620000000003
2025-08-01,78H,9130.485969999998,851.9110000000001
2023-05-01,78H,5729.79479,826.4249999999997
2022-08-01,78H,6805.96738,816.5999999999997
2021-07-01,78H,5577.406359999999,804.5540000000001
2023-04-01,78H,4550.15865,825.5070000000001
2024-11-01,78H,8860.9934,847.576
2023-01-01,78H,6234.31966,821.917
2022-09-01,78H,6967.83726,817.8550000000004
2022-11-01,78H,6730.16126,819.5570000000001
2025-01-01,78H,8638.326900000002,848.8299999999998
2026-03-01,78H,10241.270209999999,850.6129999999998
2025-12-01,78H,9354.19327,852.5679999999996
2022-03-01,78H,6009.525140000001,811.3800000000002
2023-11-01,78H,5515.361329999999,834.467
2021-10-01,78H,5822.392380000002,807.4469999999998
2026-01-01,78H,10415.312020000003,852.317
2022-04-01,78H,6256.001380000004,812.441
2026-02-01,78H,8207.620869999999,851.1250000000001
2025-03-01,78H,7900.82099,849.6169999999995
2022-05-01,78H,6454.476839999999,813.524
2025-07-01,78H,9401.89858,851.2189999999998
2022-02-01,91Q,21788.27787,1960.7010000000012
2025-03-01,91Q,19681.888300000013,2037.2010000000014
2021-12-01,91Q,23959.81485000001,1956.9129999999989
2024-02-01,91Q,22190.30315,2013.4710000000007
2024-10-01,91Q,21401.122719999992,2030.8719999999998
2025-02-01,91Q,19918.62552,2036.7999999999993
2022-12-01,91Q,23220.596360000003,1981.624999999999
2025-11-01,91Q,22942.017799999998,2043.4010000000005
2021-06-01,91Q,24712.019959999998,1942.24
2023-03-01,91Q,22266.35778999999,1987.309999999999
2026-01-01,91Q,24856.142839999986,2043.7780000000007
2022-04-01,91Q,25094.512779999997,1964.643999999999
2023-08-01,91Q,19337.590760000003,1997.7399999999996
2024-07-01,91Q,20782.453540000002,2024.587000000001
2021-11-01,91Q,23824.809219999992,1954.8539999999998
2024-04-01,91Q,22099.870639999997,2017.4770000000003
2023-07-01,91Q,21666.30341999999,1994.9920000000004
2023-11-01,91Q,22411.358909999995,2005.6420000000012
2025-01-01,91Q,21974.95466999999,2035.0990000000006
2021-07-01,91Q,25032.399830000013,1946.066
2023-12-01,91Q,21073.986380000002,2008.5280000000002
2024-09-01,91Q,20957.41977,2029.0140000000001
2025-05-01,91Q,20928.053899999995,2038.583000000001
2022-03-01,91Q,23885.841099999987,1962.4060000000006
2024-03-01,91Q,23682.332589999995,2015.1370000000004
2025-12-01,91Q,27550.784649999994,2044.0500000000009
2026-06-01,91Q,27127.67809,2039.5219999999997
2023-06-01,91Q,24340.416730000008,1992.789000000001
2025-07-01,91Q,24406.488269999983,2040.3909999999998
2026-03-01,91Q,23325.66591,2041.841
2025-06-01,91Q,24181.69309999999,2039.6910000000012
2022-05-01,91Q,22927.77192,1966.3160000000007
2023-04-01,91Q,18763.47490000001,1988.3770000000002
2024-11-01,91Q,23658.918490000004,2032.904000000001
2022-08-01,91Q,27461.742930000015,1972.0120000000002
2026-05-01,91Q,26348.206820000003,2041.5039999999997
2024-05-01,91Q,21964.153219999986,2020.5739999999994
2025-08-01,91Q,25689.755119999987,2041.7639999999994
2026-02-01,91Q,24413.36277999999,2043.0900000000004
2023-09-01,91Q,19110.998159999996,1999.8980000000017
2021-08-01,91Q,22507.807330000003,1947.8650000000014
2023-01-01,91Q,22678.029750000005,1983.3319999999992
2022-09-01,91Q,22611.166859999983,1974.2229999999997
2024-08-01,91Q,21800.999209999994,2027.1270000000004
2022-01-01,91Q,22125.855579999996,1958.8650000000007
2024-01-01,91Q,23748.129719999997,2010.2990000000002
2025-09-01,91Q,25768.992399999992,2042.6929999999993
2024-06-01,91Q,21801.270439999986,2022.342
2025-04-01,91Q,21208.05423999999,2037.8589999999997
2025-10-01,91Q,28470.87575999999,2043.1479999999988
2022-06-01,91Q,21088.060210000003,1968.6949999999995
2022-10-01,91Q,24925.096099999984,1976.1000000000001
2021-09-01,91Q,23533.847170000012,1950.2840000000006
2023-02-01,91Q,17437.31626,1985.645
2023-10-01,91Q,22078.179199999988,2002.471000000001
2022-11-01,91Q,23460.69039,1978.673999999999
2022-07-01,91Q,22180.273729999994,1970.9130000000002
2024-12-01,91Q,24749.30798,2034.4020000000007
2023-05-01,91Q,22075.77418,1990.597999999998
2021-10-01,91Q,20744.156639999997,1952.1199999999997
2026-04-01,91Q,23395.50658,2041.903
2022-05-01,92G,9770.299460000002,981.35
2024-01-01,92G,8498.76831,1003.0159999999998
2024-11-01,92G,10906.237809999999,1010.9769999999996
2026-05-01,92G,13067.106120000002,1010.9590000000002
2021-12-01,92G,10444.658089999995,976.8819999999996
2024-03-01,92G,9074.583880000002,1003.965
2026-06-01,92G,14581.64514,1010.6510000000001
2021-07-01,92G,9707.11061,971.8130000000003
2021-10-01,92G,8168.061269999998,974.5060000000002
2026-01-01,92G,13226.907000000003,1013.4250000000002
2025-03-01,92G,8212.818440000001,1012.3830000000002
2023-07-01,92G,8867.223740000003,995.286
2024-04-01,92G,10251.965479999999,1004.3739999999996
2022-04-01,92G,9607.243520000002,980.7580000000004
2026-04-01,92G,13072.332569999997,1011.1840000000001
2023-04-01,92G,7690.899190000001,992.647
2023-01-01,92G,8618.444590000003,990.3560000000001
2025-07-01,92G,13991.294579999998,1012.5630000000003
2022-11-01,92G,9255.667330000004,987.3340000000002
2026-02-01,92G,11280.460359999995,1012.3499999999998
2024-06-01,92G,9529.702209999994,1006.4449999999995
2024-05-01,92G,9075.67839,1005.5919999999995
2021-08-01,92G,8112.430569999999,972.9230000000007
2024-12-01,92G,13429.942719999995,1012.5479999999999
2021-06-01,92G,11795.243250000005,970.1570000000003
2023-12-01,92G,8460.147159999997,1001.1499999999996
2023-08-01,92G,8243.970370000003,995.9160000000004
2025-11-01,92G,12312.402260000003,1013.1540000000001
2026-03-01,92G,11334.804269999999,1011.3759999999996
2023-05-01,92G,7872.431549999996,993.4310000000003
2021-09-01,92G,9217.58875,974.082
2025-05-01,92G,9655.342179999998,1012.405
2022-06-01,92G,9402.681950000002,982.5370000000004
2022-12-01,92G,8510.99917,988.9930000000002
2023-09-01,92G,7967.268760000002,996.7719999999996
2023-06-01,92G,10187.44869,994.1329999999998
2023-02-01,92G,7617.631639999996,991.5479999999999
2024-02-01,92G,10308.612640000001,1003.489
2021-11-01,92G,9861.398740000004,975.635
2025-08-01,92G,13461.453389999999,1012.5399999999997
2025-06-01,92G,13095.17985,1012.5740000000003
2022-01-01,92G,9814.59609,978.4149999999998
2023-11-01,92G,10525.680600000002,999.065
2025-09-01,92G,12956.71001,1012.5199999999999
2024-07-01,92G,9959.637769999998,1007.1
2025-10-01,92G,13076.985119999996,1012.6560000000004
2023-10-01,92G,8993.110939999997,997.482
2025-01-01,92G,9533.324069999999,1013.1029999999998
2024-10-01,92G,10721.417889999999,1009.3140000000001
2022-08-01,92G,11555.07597,984.2129999999996
2022-09-01,92G,8842.973859999996,985.3569999999999
2022-10-01,92G,8454.026919999995,985.8539999999997
2023-03-01,92G,9972.06371,992.087
2025-02-01,92G,9608.65418,1012.8119999999998
2022-02-01,92G,8532.298750000002,979.2920000000003
2024-08-01,92G,11168.860079999999,1008.0369999999997
2025-04-01,92G,10269.91967,1012.4780000000002
2022-03-01,92G,9044.78577,979.9530000000002
2022-07-01,92G,9838.074959999998,983.5339999999998
2024-09-01,92G,9091.516850000002,1008.6919999999998
2025-12-01,92G,11284.83337,1013.4639999999999
2022-01-01,A3A8R,29450.529790000022,2346.0089999999996
2024-07-01,A3A8R,31235.87680000001,2455.4450000000006
2022-10-01,A3A8R,31851.71809999997,2379.7110000000002
2024-06-01,A3A8R,30279.25615999999,2457.5800000000013
2026-03-01,A3A8R,37394.78496999999,2472.324
2026-06-01,A3A8R,44770.894730000015,2454.6590000000006
2025-12-01,A3A8R,41584.49436999999,2490.2749999999987
2024-09-01,A3A8R,30486.108970000005,2449.834000000001
2024-12-01,A3A8R,33251.26673,2466.006000000003
2025-01-01,A3A8R,32858.669270000006,2469.8049999999985
2026-05-01,A3A8R,39870.423239999975,2464.958999999999
2023-11-01,A3A8R,29363.745139999985,2441.1630000000005
2025-03-01,A3A8R,33462.244220000015,2476.199
2026-01-01,A3A8R,40905.39282000002,2488.8580000000024
2022-05-01,A3A8R,29433.44400000001,2362.4690000000005
2022-09-01,A3A8R,30634.302620000002,2375.496999999999
2024-04-01,A3A8R,31397.08323999999,2449.1070000000022
2026-02-01,A3A8R,40917.71055999999,2479.616
2023-02-01,A3A8R,30084.06005,2400.732000000001
2021-09-01,A3A8R,27824.28757999999,2319.1530000000002
2026-04-01,A3A8R,38614.14802000001,2468.9069999999997
2023-09-01,A3A8R,29273.225030000012,2432.356999999998
2022-04-01,A3A8R,27828.755139999987,2359.737
2023-05-01,A3A8R,28033.078230000003,2412.8450000000016
2025-10-01,A3A8R,41550.58685000001,2487.4059999999995
2025-05-01,A3A8R,35026.01708,2477.184999999998
2024-01-01,A3A8R,30883.64159,2451.526000000001
2025-07-01,A3A8R,43517.888989999985,2482.4169999999995
2025-09-01,A3A8R,38895.50009999999,2484.006000000001
2024-05-01,A3A8R,32176.257,2454.6059999999993
2023-03-01,A3A8R,30964.595640000003,2406.022999999999
2024-08-01,A3A8R,28485.440479999983,2445.8269999999993
2023-12-01,A3A8R,29504.199440000008,2447.610999999999
2025-11-01,A3A8R,36883.82861999999,2489.879
2021-07-01,A3A8R,27931.69047999998,2306.925000000001
2025-06-01,A3A8R,36509.33059999999,2479.336999999999
2023-04-01,A3A8R,25944.20753000001,2409.8649999999993
2024-11-01,A3A8R,33786.691630000016,2464.4590000000007
2023-10-01,A3A8R,29536.868639999982,2434.4479999999994
2025-04-01,A3A8R,33526.926530000004,2476.0299999999993
2021-11-01,A3A8R,29557.01197000001,2333.358999999998
2024-10-01,A3A8R,32288.767779999984,2455.1539999999995
2022-08-01,A3A8R,31222.80486999999,2372.2380000000016
2023-08-01,A3A8R,30324.664159999993,2428.7409999999986
2021-10-01,A3A8R,24428.117059999993,2325.5530000000017
2022-12-01,A3A8R,31963.71582000001,2392.4250000000006
2021-06-01,A3A8R,27465.80651,2296.8589999999995
2025-02-01,A3A8R,31289.80848,2473.957000000001
2022-11-01,A3A8R,31127.843640000003,2386.2149999999997
2024-02-01,A3A8R,27126.174030000006,2455.1850000000013
2023-01-01,A3A8R,30816.001039999985,2395.806000000002
2023-07-01,A3A8R,29849.247800000005,2423.94
2021-08-01,A3A8R,25409.18648000001,2313.3940000000002
2025-08-01,A3A8R,40538.179540000005,2483.937000000001
2022-02-01,A3A8R,28164.085900000013,2350.561
2023-06-01,A3A8R,32026.95270999999,2418.6970000000006
2022-06-01,A3A8R,30129.793450000012,2366.431999999999
2021-12-01,A3A8R,28112.706999999995,2339.566
2024-03-01,A3A8R,28726.46792,2453.9409999999984
2022-03-01,A3A8R,29633.729289999992,2355.245999999999
2022-07-01,A3A8R,30535.188720000002,2369.624000000001
2021-12-01,B2M3M,13149.338430000005,1047.2539999999995
2024-10-01,B2M3M,13428.844209999992,1115.9370000000001
2025-02-01,B2M3M,9388.537649999997,1119.6370000000006
2023-11-01,B2M3M,10554.40089000001,1096.413
2024-06-01,B2M3M,11685.652469999999,1107.3749999999998
2025-08-01,B2M3M,15219.751189999999,1117.432
2023-10-01,B2M3M,12820.804589999998,1091.95
2022-04-01,B2M3M,11193.015190000006,1051.8499999999997
2023-07-01,B2M3M,11489.966020000002,1081.8699999999997
2026-02-01,B2M3M,15060.010989999999,1122.3509999999997
2021-07-01,B2M3M,13102.20971,1032.916
2024-08-01,B2M3M,12502.31252,1110.0570000000005
2021-09-01,B2M3M,11411.065339999996,1035.423
2024-01-01,B2M3M,11385.355509999998,1098.6080000000002
2023-09-01,B2M3M,10831.72772,1085.8529999999996
2022-03-01,B2M3M,10886.389239999995,1049.9750000000001
2026-05-01,B2M3M,17400.130219999995,1117.8249999999996
2023-04-01,B2M3M,9190.775199999996,1076.2559999999996
2025-07-01,B2M3M,15151.507799999996,1117.3000000000002
2022-06-01,B2M3M,11993.54177,1054.385
2023-06-01,B2M3M,13166.545970000003,1079.6789999999999
2021-06-01,B2M3M,12141.247029999999,1030.6929999999998
2024-03-01,B2M3M,10740.846919999996,1102.4619999999998
2025-06-01,B2M3M,13985.123909999998,1117.8059999999996
2024-02-01,B2M3M,11770.578870000001,1101.0480000000005
2022-12-01,B2M3M,12737.710950000002,1069.6849999999995
2026-06-01,B2M3M,18626.44939999999,1115.249
2022-09-01,B2M3M,11324.615619999999,1057.9759999999999
2024-07-01,B2M3M,12744.581989999999,1108.877
2022-01-01,B2M3M,11610.820429999992,1048.5610000000004
2021-08-01,B2M3M,12316.509379999996,1034.2740000000003
2025-09-01,B2M3M,15375.952660000004,1118.051
2025-05-01,B2M3M,11217.064190000003,1118.283
2022-05-01,B2M3M,10838.334469999998,1052.971
2026-04-01,B2M3M,16543.148859999998,1119.4290000000005
2025-11-01,B2M3M,16557.618519999993,1125.4560000000001
2024-04-01,B2M3M,12592.26017,1103.1449999999993
2024-11-01,B2M3M,13055.65548,1117.4069999999997
2023-03-01,B2M3M,11651.97013,1073.7839999999992
2024-09-01,B2M3M,11717.685139999996,1111.2239999999997
2023-05-01,B2M3M,10619.110910000005,1077.681
2022-10-01,B2M3M,11092.549060000001,1064.3669999999997
2023-02-01,B2M3M,10735.394269999999,1071.7979999999995
2022-11-01,B2M3M,12106.87402,1068.3410000000001
2021-10-01,B2M3M,12972.831089999992,1042.0970000000007
2022-07-01,B2M3M,10278.532400000004,1055.6770000000006
2023-08-01,B2M3M,10109.924699999996,1083.8400000000004
2023-12-01,B2M3M,10805.615119999999,1097.8700000000006
2023-01-01,B2M3M,10966.908420000007,1070.3129999999996
2022-02-01,B2M3M,10324.72108,1048.5750000000005
2025-10-01,B2M3M,15292.872739999993,1123.035
2024-12-01,B2M3M,12941.761829999992,1118.4750000000004
2021-11-01,B2M3M,12561.78542,1045.0520000000006
2025-04-01,B2M3M,11454.996969999995,1118.741
2025-01-01,B2M3M,10127.55072,1118.524
2025-12-01,B2M3M,16403.837229999994,1125.363
2026-01-01,B2M3M,16040.744370000002,1124.578
2026-03-01,B2M3M,15407.902890000008,1120.3890000000001
2022-08-01,B2M3M,13480.676399999998,1056.6419999999998
2025-03-01,B2M3M,10629.73288,1119.5379999999993
2024-05-01,B2M3M,12785.181549999992,1105.909
2025-04-01,D2P2L,15095.592820000002,1342.1280000000013
2023-11-01,D2P2L,15940.736530000002,1319.7229999999993
2023-04-01,D2P2L,9484.366529999992,1305.307
2025-08-01,D2P2L,14620.99496,1343.8220000000008
2022-11-01,D2P2L,13355.820570000002,1296.3829999999991
2024-10-01,D2P2L,13958.576229999999,1338.9189999999994
2025-07-01,D2P2L,18471.615939999996,1343.6340000000005
2026-06-01,D2P2L,17580.25664999999,1334.9619999999993
2024-01-01,D2P2L,15439.498280000003,1324.9989999999991
2026-05-01,D2P2L,16770.30997,1336.7079999999996
2022-03-01,D2P2L,13701.410790000007,1287.2779999999996
2024-11-01,D2P2L,14127.757689999997,1339.787
2024-07-01,D2P2L,15125.243379999996,1336.0649999999996
2026-02-01,D2P2L,15977.775829999993,1339.5689999999995
2022-12-01,D2P2L,13037.58789,1298.5230000000004
2025-09-01,D2P2L,17735.266349999994,1343.931
2023-06-01,D2P2L,17400.265549999993,1309.406
2024-12-01,D2P2L,15041.351419999999,1340.556
2022-05-01,D2P2L,13135.031659999991,1289.4910000000007
2023-01-01,D2P2L,13123.794460000001,1299.6389999999997
2021-08-01,D2P2L,12171.231950000005,1281.6949999999997
2021-07-01,D2P2L,13324.148479999993,1280.7260000000008
2024-03-01,D2P2L,15208.75801,1329.9269999999988
2023-07-01,D2P2L,14310.565439999997,1311.5970000000007
2023-02-01,D2P2L,12063.862059999996,1301.5099999999995
2024-09-01,D2P2L,12547.199039999996,1338.632
2024-05-01,D2P2L,14242.967969999998,1333.4869999999996
2024-04-01,D2P2L,15450.124259999999,1330.4700000000005
2023-03-01,D2P2L,14663.737469999993,1303.6469999999995
2022-01-01,D2P2L,12843.738789999994,1285.3910000000003
2022-08-01,D2P2L,14900.340250000001,1291.9270000000006
2024-08-01,D2P2L,16731.575209999988,1337.2649999999994
2022-02-01,D2P2L,12598.50315000001,1286.3600000000001
2026-03-01,D2P2L,18664.421459999998,1338.308000000001
2021-12-01,D2P2L,16124.527970000006,1284.0850000000003
2023-10-01,D2P2L,15204.19754000001,1316.4819999999995
2025-10-01,D2P2L,15562.85891,1343.4329999999993
2023-05-01,D2P2L,12948.628829999996,1307.0999999999997
2024-02-01,D2P2L,14517.921770000003,1327.8809999999992
2021-10-01,D2P2L,12155.716349999999,1282.0680000000004
2026-01-01,D2P2L,13862.939199999997,1341.472000000001
2022-09-01,D2P2L,14517.913529999998,1293.0970000000004
2025-12-01,D2P2L,16278.118749999994,1342.536
2025-11-01,D2P2L,14927.581129999991,1343.4719999999993
2023-08-01,D2P2L,15060.028979999997,1313.423999999999
2022-06-01,D2P2L,12770.917920000004,1290.5090000000005
2025-02-01,D2P2L,12725.565679999992,1341.4730000000013
2025-01-01,D2P2L,13595.610429999993,1341.0019999999995
2022-07-01,D2P2L,12793.473409999999,1291.0820000000017
2025-03-01,D2P2L,14452.510769999995,1341.6500000000005
2021-11-01,D2P2L,13136.154400000001,1282.8180000000004
2023-09-01,D2P2L,13298.676180000004,1315.2749999999999
2024-06-01,D2P2L,12695.809669999995,1334.8909999999994
2021-09-01,D2P2L,14964.282729999999,1281.6370000000006
2025-05-01,D2P2L,14054.298229999999,1342.6309999999996
2025-06-01,D2P2L,14178.253529999989,1343.0700000000002
2026-04-01,D2P2L,17223.591499999988,1337.7389999999984
2021-06-01,D2P2L,14126.835430000001,1278.9480000000008
2023-12-01,D2P2L,12640.041780000001,1322.9890000000007
2022-04-01,D2P2L,13817.12332,1288.9169999999995
2022-10-01,D2P2L,15664.251270000002,1293.911999999999
2025-02-01,M2L0M,4849.08849,536.7109999999999
2023-01-01,M2L0M,5474.949490000002,523.5310000000001
2023-05-01,M2L0M,4796.614019999998,525.157
2026-01-01,M2L0M,7216.7221,538.0950000000001
2023-03-01,M2L0M,5125.704380000001,524.308
2025-01-01,M2L0M,6525.256169999998,536.35
2022-10-01,M2L0M,5274.059569999999,522.3889999999999
2023-07-01,M2L0M,5202.870710000001,526.177
2021-10-01,M2L0M,5716.04785,516.452
2021-08-01,M2L0M,4825.032410000001,515.076
2021-09-01,M2L0M,5055.4902,515.6949999999999
2022-01-01,M2L0M,5041.8822,518.272
2026-06-01,M2L0M,7638.56367,536.8190000000002
2022-06-01,M2L0M,5324.297859999999,520.1959999999999
2022-12-01,M2L0M,5255.310559999998,523.319
2025-11-01,M2L0M,6505.9853600000015,538.0040000000001
2024-04-01,M2L0M,4719.947230000001,531.951
2025-12-01,M2L0M,6235.0187,538.1120000000001
2022-07-01,M2L0M,4923.368490000002,520.6239999999999
2023-04-01,M2L0M,3344.29735,524.687
2025-05-01,M2L0M,5827.54966,536.716
2025-03-01,M2L0M,5182.66642,536.6049999999999
2021-11-01,M2L0M,5884.858309999998,517.0229999999998
2023-09-01,M2L0M,4047.8911499999995,527.461
2025-06-01,M2L0M,6077.03016,536.9350000000002
2026-05-01,M2L0M,7534.713860000002,537.2800000000002
2023-11-01,M2L0M,5053.545689999999,529.058
2024-03-01,M2L0M,4481.157520000001,531.623
2025-07-01,M2L0M,8592.651360000002,537.4499999999999
2024-12-01,M2L0M,7493.24302,536.311
2023-02-01,M2L0M,4188.970020000002,523.9739999999999
2025-10-01,M2L0M,6998.169619999999,538.218
2023-12-01,M2L0M,4580.335319999999,529.7579999999999
2022-04-01,M2L0M,4556.079169999999,519.4670000000001
2025-08-01,M2L0M,5723.534140000001,537.7520000000002
2024-06-01,M2L0M,6581.590819999998,533.074
2026-04-01,M2L0M,6259.444170000001,537.6379999999999
2024-08-01,M2L0M,5716.207920000001,534.4080000000001
2021-06-01,M2L0M,5976.226610000001,513.876
2024-01-01,M2L0M,4976.958449999999,530.54
2024-02-01,M2L0M,4811.308890000001,531.1429999999999
2024-09-01,M2L0M,5068.718969999999,534.8700000000001
2021-12-01,M2L0M,5732.748630000001,517.7279999999998
2022-03-01,M2L0M,4338.320470000001,519.0140000000001
2024-11-01,M2L0M,5972.066290000002,536.0559999999999
2023-10-01,M2L0M,4165.889759999999,528.348
2023-08-01,M2L0M,4464.79238,526.954
2021-07-01,M2L0M,6145.66502,514.5230000000001
2022-09-01,M2L0M,4636.1497100000015,521.6659999999999
2024-07-01,M2L0M,5604.90481,533.587
2025-04-01,M2L0M,5765.179190000001,536.6540000000001
2022-08-01,M2L0M,5948.142319999998,521.023
2024-05-01,M2L0M,4341.553240000001,532.793
2022-02-01,M2L0M,4467.71631,518.658
2023-06-01,M2L0M,5139.19748,525.5010000000002
2024-10-01,M2L0M,5605.888860000001,535.7470000000002
2022-11-01,M2L0M,5436.831050000001,522.8050000000001
2025-09-01,M2L0M,7717.4350699999995,537.7020000000002
2026-02-01,M2L0M,6378.80182,538.1070000000001
2022-05-01,M2L0M,4970.858209999999,519.7189999999999
2026-03-01,M2L0M,5079.2448,537.6469999999999
2023-12-01,00D,0.0,0.0
2024-12-01,00D,0.0,0.0
2026-02-01,00D,0.0,0.0
2021-10-01,00D,0.0,0.0
2022-05-01,00D,0.0,0.0
2023-05-01,00D,0.0,0.0
2022-10-01,00D,0.0,0.0
2025-01-01,00D,0.0,0.0
2022-01-01,00D,0.0,0.0
2026-03-01,00D,0.0,0.0
2023-06-01,00D,0.0,0.0
2023-03-01,00D,0.0,0.0
2026-04-01,00D,0.0,0.0
2024-08-01,00D,0.0,0.0
2023-04-01,00D,0.0,0.0
2023-02-01,00D,0.0,0.0
2024-09-01,00D,0.0,0.0
2024-11-01,00D,0.0,0.0
2026-05-01,00D,0.0,0.0
2022-02-01,00D,0.0,0.0
2025-06-01,00D,0.0,0.0
2022-04-01,00D,0.0,0.0
2022-07-01,00D,0.0,0.0
2024-06-01,00D,0.0,0.0
2023-07-01,00D,0.0,0.0
2022-11-01,00D,0.0,0.0
2024-07-01,00D,0.0,0.0
2021-09-01,00D,0.0,0.0
2022-12-01,00D,0.0,0.0
2022-03-01,00D,0.0,0.0
2025-05-01,00D,0.0,0.0
2022-09-01,00D,0.0,0.0
2025-08-01,00D,0.0,0.0
2024-04-01,00D,0.0,0.0
2026-06-01,00D,0.0,0.0
2025-12-01,00D,0.0,0.0
2022-06-01,00D,0.0,0.0
2025-02-01,00D,0.0,0.0
2025-11-01,00D,0.0,0.0
2023-09-01,00D,0.0,0.0
2024-01-01,00D,0.0,0.0
2024-02-01,00D,0.0,0.0
2023-08-01,00D,0.0,0.0
2025-09-01,00D,0.0,0.0
2021-12-01,00D,0.0,0.0
2021-07-01,00D,0.0,0.0
2025-04-01,00D,0.0,0.0
2021-08-01,00D,0.0,0.0
2022-08-01,00D,0.0,0.0
2025-07-01,00D,0.0,0.0
2024-05-01,00D,0.0,0.0
2021-06-01,00D,0.0,0.0
2023-10-01,00D,0.0,0.0
2023-01-01,00D,0.0,0.0
2023-11-01,00D,0.0,0.0
2026-01-01,00D,0.0,0.0
2021-11-01,00D,0.0,0.0
2024-03-01,00D,0.0,0.0
2025-03-01,00D,0.0,0.0
2025-10-01,00D,0.0,0.0
2024-10-01,00D,0.0,0.0
2022-07-01,00J,0.0,0.0
2021-10-01,00J,0.0,0.0
2022-03-01,00J,0.0,0.0
2022-09-01,00J,0.0,0.0
2025-07-01,00J,0.0,0.0
2021-11-01,00J,0.0,0.0
2024-11-01,00J,0.0,0.0
2021-07-01,00J,0.0,0.0
2025-03-01,00J,0.0,0.0
2023-02-01,00J,0.0,0.0
2024-06-01,00J,0.0,0.0
2021-12-01,00J,0.0,0.0
2022-04-01,00J,0.0,0.0
2026-05-01,00J,0.0,0.0
2022-11-01,00J,0.0,0.0
2024-05-01,00J,0.0,0.0
2022-10-01,00J,0.0,0.0
2023-12-01,00J,0.0,0.0
2022-12-01,00J,0.0,0.0
2024-04-01,00J,0.0,0.0
2023-10-01,00J,0.0,0.0
2023-05-01,00J,0.0,0.0
2022-06-01,00J,0.0,0.0
2023-08-01,00J,0.0,0.0
2025-06-01,00J,0.0,0.0
2022-08-01,00J,0.0,0.0
2025-02-01,00J,0.0,0.0
2025-11-01,00J,0.0,0.0
2024-12-01,00J,0.0,0.0
2021-08-01,00J,0.0,0.0
2026-06-01,00J,0.0,0.0
2022-02-01,00J,0.0,0.0
2024-07-01,00J,0.0,0.0
2023-01-01,00J,0.0,0.0
2023-11-01,00J,0.0,0.0
2024-10-01,00J,0.0,0.0
2025-01-01,00J,0.0,0.0
2023-04-01,00J,0.0,0.0
2024-02-01,00J,0.0,0.0
2022-01-01,00J,0.0,0.0
2023-07-01,00J,0.0,0.0
2024-09-01,00J,0.0,0.0
2025-09-01,00J,0.0,0.0
2025-10-01,00J,0.0,0.0
2025-12-01,00J,0.0,0.0
2021-09-01,00J,0.0,0.0
2026-03-01,00J,0.0,0.0
2021-06-01,00J,0.0,0.0
2026-01-01,00J,0.0,0.0
2022-05-01,00J,0.0,0.0
2026-02-01,00J,0.0,0.0
2025-05-01,00J,0.0,0.0
2024-03-01,00J,0.0,0.0
2024-08-01,00J,0.0,0.0
2023-09-01,00J,0.0,0.0
2023-03-01,00J,0.0,0.0
2023-06-01,00J,0.0,0.0
2024-01-01,00J,0.0,0.0
2026-04-01,00J,0.0,0.0
2025-08-01,00J,0.0,0.0
2025-04-01,00J,0.0,0.0
2022-09-01,00K,0.0,0.0
2025-12-01,00K,0.0,0.0
2023-03-01,00K,0.0,0.0
2023-11-01,00K,0.0,0.0
2023-08-01,00K,0.0,0.0
2022-07-01,00K,0.0,0.0
2024-06-01,00K,0.0,0.0
2025-11-01,00K,0.0,0.0
2023-05-01,00K,0.0,0.0
2024-12-01,00K,0.0,0.0
2023-06-01,00K,0.0,0.0
2024-08-01,00K,0.0,0.0
2023-07-01,00K,0.0,0.0
2025-01-01,00K,0.0,0.0
2021-07-01,00K,0.0,0.0
2023-10-01,00K,0.0,0.0
2024-10-01,00K,0.0,0.0
2022-11-01,00K,0.0,0.0
2026-03-01,00K,0.0,0.0
2022-06-01,00K,0.0,0.0
2023-04-01,00K,0.0,0.0
2025-09-01,00K,0.0,0.0
2025-10-01,00K,0.0,0.0
2025-03-01,00K,0.0,0.0
2021-09-01,00K,0.0,0.0
2021-10-01,00K,0.0,0.0
2021-11-01,00K,0.0,0.0
2022-05-01,00K,0.0,0.0
2026-02-01,00K,0.0,0.0
2025-04-01,00K,0.0,0.0
2026-01-01,00K,0.0,0.0
2025-06-01,00K,0.0,0.0
2023-12-01,00K,0.0,0.0
2021-06-01,00K,0.0,0.0
2024-07-01,00K,0.0,0.0
2022-01-01,00K,0.0,0.0
2025-07-01,00K,0.0,0.0
2023-09-01,00K,0.0,0.0
2026-06-01,00K,0.0,0.0
2023-01-01,00K,0.0,0.0
2026-05-01,00K,0.0,0.0
2024-02-01,00K,0.0,0.0
2022-12-01,00K,0.0,0.0
2024-01-01,00K,0.0,0.0
2024-09-01,00K,0.0,0.0
2021-08-01,00K,0.0,0.0
2024-05-01,00K,0.0,0.0
2024-11-01,00K,0.0,0.0
2022-10-01,00K,0.0,0.0
2024-03-01,00K,0.0,0.0
2024-04-01,00K,0.0,0.0
2025-05-01,00K,0.0,0.0
2025-02-01,00K,0.0,0.0
2022-03-01,00K,0.0,0.0
2022-02-01,00K,0.0,0.0
2022-04-01,00K,0.0,0.0
2021-12-01,00K,0.0,0.0
2026-04-01,00K,0.0,0.0
2022-08-01,00K,0.0,0.0
2023-02-01,00K,0.0,0.0
2025-08-01,00K,0.0,0.0
2025-03-01,00M,0.0,0.0
2021-08-01,00M,0.0,0.0
2025-12-01,00M,0.0,0.0
2022-06-01,00M,0.0,0.0
2022-05-01,00M,0.0,0.0
2025-05-01,00M,0.0,0.0
2026-04-01,00M,0.0,0.0
2021-12-01,00M,0.0,0.0
2024-03-01,00M,0.0,0.0
2024-07-01,00M,0.0,0.0
2025-06-01,00M,0.0,0.0
2024-09-01,00M,0.0,0.0
2022-12-01,00M,0.0,0.0
2024-05-01,00M,0.0,0.0
2022-11-01,00M,0.0,0.0
2022-02-01,00M,0.0,0.0
2026-02-01,00M,0.0,0.0
2023-03-01,00M,0.0,0.0
2021-09-01,00M,0.0,0.0
2025-04-01,00M,0.0,0.0
2024-06-01,00M,0.0,0.0
2021-11-01,00M,0.0,0.0
2022-08-01,00M,0.0,0.0
2023-06-01,00M,0.0,0.0
2025-07-01,00M,0.0,0.0
2022-09-01,00M,0.0,0.0
2023-07-01,00M,0.0,0.0
2023-12-01,00M,0.0,0.0
2024-12-01,00M,0.0,0.0
2023-01-01,00M,0.0,0.0
2026-06-01,00M,0.0,0.0
2023-10-01,00M,0.0,0.0
2026-01-01,00M,0.0,0.0
2025-08-01,00M,0.0,0.0
2022-04-01,00M,0.0,0.0
2021-06-01,00M,0.0,0.0
2025-01-01,00M,0.0,0.0
2024-01-01,00M,0.0,0.0
2022-10-01,00M,0.0,0.0
2025-02-01,00M,0.0,0.0
2024-04-01,00M,0.0,0.0
2023-09-01,00M,0.0,0.0
2025-09-01,00M,0.0,0.0
2023-05-01,00M,0.0,0.0
2026-05-01,00M,0.0,0.0
2025-10-01,00M,0.0,0.0
2024-02-01,00M,0.0,0.0
2022-07-01,00M,0.0,0.0
2021-07-01,00M,0.0,0.0
2026-03-01,00M,0.0,0.0
2024-11-01,00M,0.0,0.0
2021-10-01,00M,0.0,0.0
2023-04-01,00M,0.0,0.0
2024-08-01,00M,0.0,0.0
2023-11-01,00M,0.0,0.0
2025-11-01,00M,0.0,0.0
2023-02-01,00M,0.0,0.0
2023-08-01,00M,0.0,0.0
2024-10-01,00M,0.0,0.0
2022-03-01,00M,0.0,0.0
2022-01-01,00M,0.0,0.0
2023-02-01,01R,0.0,0.0
2022-10-01,01R,0.0,0.0
2023-01-01,01R,0.0,0.0
2022-12-01,01R,0.0,0.0
2025-11-01,01R,0.0,0.0
2022-07-01,01R,0.0,0.0
2023-10-01,01R,0.0,0.0
2021-12-01,01R,0.0,0.0
2023-04-01,01R,0.0,0.0
2022-05-01,01R,0.0,0.0
2022-02-01,01R,0.0,0.0
2021-06-01,01R,0.0,0.0
2021-08-01,01R,0.0,0.0
2026-06-01,01R,0.0,0.0
2024-05-01,01R,0.0,0.0
2024-11-01,01R,0.0,0.0
2022-09-01,01R,0.0,0.0
2022-03-01,01R,0.0,0.0
2023-05-01,01R,0.0,0.0
2025-05-01,01R,0.0,0.0
2024-10-01,01R,0.0,0.0
2025-12-01,01R,0.0,0.0
2023-07-01,01R,0.0,0.0
2022-11-01,01R,0.0,0.0
2025-04-01,01R,0.0,0.0
2023-12-01,01R,0.0,0.0
2026-05-01,01R,0.0,0.0
2025-09-01,01R,0.0,0.0
2023-08-01,01R,0.0,0.0
2022-06-01,01R,0.0,0.0
2021-07-01,01R,0.0,0.0
2021-11-01,01R,0.0,0.0
2024-08-01,01R,0.0,0.0
2025-03-01,01R,0.0,0.0
2025-08-01,01R,0.0,0.0
2024-09-01,01R,0.0,0.0
2025-07-01,01R,0.0,0.0
2024-07-01,01R,0.0,0.0
2022-08-01,01R,0.0,0.0
2023-11-01,01R,0.0,0.0
2024-01-01,01R,0.0,0.0
2024-03-01,01R,0.0,0.0
2026-02-01,01R,0.0,0.0
2024-12-01,01R,0.0,0.0
2024-06-01,01R,0.0,0.0
2023-06-01,01R,0.0,0.0
2025-10-01,01R,0.0,0.0
2025-02-01,01R,0.0,0.0
2026-03-01,01R,0.0,0.0
2024-02-01,01R,0.0,0.0
2024-04-01,01R,0.0,0.0
2026-04-01,01R,0.0,0.0
2023-09-01,01R,0.0,0.0
2025-06-01,01R,0.0,0.0
2021-09-01,01R,0.0,0.0
2022-01-01,01R,0.0,0.0
2023-03-01,01R,0.0,0.0
2025-01-01,01R,0.0,0.0
2026-01-01,01R,0.0,0.0
2022-04-01,01R,0.0,0.0
2021-10-01,01R,0.0,0.0
2021-10-01,02F,0.0,0.0
2024-05-01,02F,0.0,0.0
2022-06-01,02F,0.0,0.0
2025-07-01,02F,0.0,0.0
2024-10-01,02F,0.0,0.0
2026-01-01,02F,0.0,0.0
2026-06-01,02F,0.0,0.0
2025-05-01,02F,0.0,0.0
2023-06-01,02F,0.0,0.0
2023-12-01,02F,0.0,0.0
2026-05-01,02F,0.0,0.0
2024-12-01,02F,0.0,0.0
2024-02-01,02F,0.0,0.0
2023-03-01,02F,0.0,0.0
2025-09-01,02F,0.0,0.0
2024-07-01,02F,0.0,0.0
2021-07-01,02F,0.0,0.0
2022-09-01,02F,0.0,0.0
2026-04-01,02F,0.0,0.0
2025-02-01,02F,0.0,0.0
2026-03-01,02F,0.0,0.0
2025-08-01,02F,0.0,0.0
2025-11-01,02F,0.0,0.0
2022-11-01,02F,0.0,0.0
2022-05-01,02F,0.0,0.0
2024-08-01,02F,0.0,0.0
2025-01-01,02F,0.0,0.0
2023-07-01,02F,0.0,0.0
2024-04-01,02F,0.0,0.0
2024-01-01,02F,0.0,0.0
2024-09-01,02F,0.0,0.0
2026-02-01,02F,0.0,0.0
2021-09-01,02F,0.0,0.0
2021-12-01,02F,0.0,0.0
2023-05-01,02F,0.0,0.0
2023-01-01,02F,0.0,0.0
2024-06-01,02F,0.0,0.0
2021-08-01,02F,0.0,0.0
2025-10-01,02F,0.0,0.0
2022-02-01,02F,0.0,0.0
2022-12-01,02F,0.0,0.0
2025-04-01,02F,0.0,0.0
2022-08-01,02F,0.0,0.0
2022-01-01,02F,0.0,0.0
2022-04-01,02F,0.0,0.0
2025-03-01,02F,0.0,0.0
2024-11-01,02F,0.0,0.0
2025-06-01,02F,0.0,0.0
2025-12-01,02F,0.0,0.0
2022-10-01,02F,0.0,0.0
2023-11-01,02F,0.0,0.0
2021-11-01,02F,0.0,0.0
2021-06-01,02F,0.0,0.0
2022-03-01,02F,0.0,0.0
2023-04-01,02F,0.0,0.0
2023-09-01,02F,0.0,0.0
2022-07-01,02F,0.0,0.0
2024-03-01,02F,0.0,0.0
2023-10-01,02F,0.0,0.0
2023-08-01,02F,0.0,0.0
2023-02-01,02F,0.0,0.0
2021-11-01,02R,0.0,0.0
2026-05-01,02R,0.0,0.0
2024-11-01,02R,0.0,0.0
2026-02-01,02R,0.0,0.0
2022-05-01,02R,0.0,0.0
2022-03-01,02R,0.0,0.0
2025-10-01,02R,0.0,0.0
2023-12-01,02R,0.0,0.0
2025-03-01,02R,0.0,0.0
2024-01-01,02R,0.0,0.0
2026-06-01,02R,0.0,0.0
2025-08-01,02R,0.0,0.0
2025-07-01,02R,0.0,0.0
2025-06-01,02R,0.0,0.0
2026-04-01,02R,0.0,0.0
2025-05-01,02R,0.0,0.0
2024-04-01,02R,0.0,0.0
2024-09-01,02R,0.0,0.0
2024-03-01,02R,0.0,0.0
2023-06-01,02R,0.0,0.0
2023-02-01,02R,0.0,0.0
2023-09-01,02R,0.0,0.0
2025-02-01,02R,0.0,0.0
2022-11-01,02R,0.0,0.0
2024-06-01,02R,0.0,0.0
2023-10-01,02R,0.0,0.0
2025-01-01,02R,0.0,0.0
2024-08-01,02R,0.0,0.0
2025-11-01,02R,0.0,0.0
2023-07-01,02R,0.0,0.0
2022-10-01,02R,0.0,0.0
2022-04-01,02R,0.0,0.0
2022-02-01,02R,0.0,0.0
2023-11-01,02R,0.0,0.0
2022-07-01,02R,0.0,0.0
2023-03-01,02R,0.0,0.0
2021-06-01,02R,0.0,0.0
2025-09-01,02R,0.0,0.0
2023-08-01,02R,0.0,0.0
2022-01-01,02R,0.0,0.0
2024-10-01,02R,0.0,0.0
2022-06-01,02R,0.0,0.0
2026-03-01,02R,0.0,0.0
2023-05-01,02R,0.0,0.0
2025-12-01,02R,0.0,0.0
2024-02-01,02R,0.0,0.0
2021-09-01,02R,0.0,0.0
2021-12-01,02R,0.0,0.0
2022-09-01,02R,0.0,0.0
2025-04-01,02R,0.0,0.0
2021-10-01,02R,0.0,0.0
2024-05-01,02R,0.0,0.0
2024-07-01,02R,0.0,0.0
2022-08-01,02R,0.0,0.0
2023-04-01,02R,0.0,0.0
2024-12-01,02R,0.0,0.0
2021-08-01,02R,0.0,0.0
2026-01-01,02R,0.0,0.0
2022-12-01,02R,0.0,0.0
2023-01-01,02R,0.0,0.0
2021-07-01,02R,0.0,0.0
2022-01-01,02V,0.0,0.0
2024-05-01,02V,0.0,0.0
2021-06-01,02V,0.0,0.0
2025-09-01,02V,0.0,0.0
2025-05-01,02V,0.0,0.0
2022-05-01,02V,0.0,0.0
2022-03-01,02V,0.0,0.0
2023-01-01,02V,0.0,0.0
2021-07-01,02V,0.0,0.0
2022-04-01,02V,0.0,0.0
2026-01-01,02V,0.0,0.0
2024-12-01,02V,0.0,0.0
2024-09-01,02V,0.0,0.0
2023-02-01,02V,0.0,0.0
2025-10-01,02V,0.0,0.0
2023-04-01,02V,0.0,0.0
2025-04-01,02V,0.0,0.0
2023-05-01,02V,0.0,0.0
2021-08-01,02V,0.0,0.0
2026-05-01,02V,0.0,0.0
2022-08-01,02V,0.0,0.0
2025-06-01,02V,0.0,0.0
2023-09-01,02V,0.0,0.0
2022-06-01,02V,0.0,0.0
2025-07-01,02V,0.0,0.0
2023-07-01,02V,0.0,0.0
2024-08-01,02V,0.0,0.0
2021-10-01,02V,0.0,0.0
2024-11-01,02V,0.0,0.0
2024-04-01,02V,0.0,0.0
2022-09-01,02V,0.0,0.0
2021-11-01,02V,0.0,0.0
2026-04-01,02V,0.0,0.0
2023-06-01,02V,0.0,0.0
2024-10-01,02V,0.0,0.0
2024-01-01,02V,0.0,0.0
2021-09-01,02V,0.0,0.0
2022-12-01,02V,0.0,0.0
2023-10-01,02V,0.0,0.0
2022-11-01,02V,0.0,0.0
2025-11-01,02V,0.0,0.0
2026-02-01,02V,0.0,0.0
2026-06-01,02V,0.0,0.0
2022-02-01,02V,0.0,0.0
2022-07-01,02V,0.0,0.0
2023-11-01,02V,0.0,0.0
2021-12-01,02V,0.0,0.0
2023-12-01,02V,0.0,0.0
2025-01-01,02V,0.0,0.0
2022-10-01,02V,0.0,0.0
2023-08-01,02V,0.0,0.0
2025-08-01,02V,0.0,0.0
2026-03-01,02V,0.0,0.0
2024-07-01,02V,0.0,0.0
2025-12-01,02V,0.0,0.0
2025-03-01,02V,0.0,0.0
2025-02-01,02V,0.0,0.0
2024-03-01,02V,0.0,0.0
2024-02-01,02V,0.0,0.0
2024-06-01,02V,0.0,0.0
2023-03-01,02V,0.0,0.0
2025-04-01,02W,0.0,0.0
2022-12-01,02W,0.0,0.0
2023-07-01,02W,0.0,0.0
2022-03-01,02W,0.0,0.0
2024-08-01,02W,0.0,0.0
2023-09-01,02W,0.0,0.0
2021-09-01,02W,0.0,0.0
2024-10-01,02W,0.0,0.0
2025-07-01,02W,0.0,0.0
2021-07-01,02W,0.0,0.0
2025-10-01,02W,0.0,0.0
2023-01-01,02W,0.0,0.0
2024-09-01,02W,0.0,0.0
2025-08-01,02W,0.0,0.0
2026-01-01,02W,0.0,0.0
2024-02-01,02W,0.0,0.0
2024-12-01,02W,0.0,0.0
2024-06-01,02W,0.0,0.0
2022-01-01,02W,0.0,0.0
2023-02-01,02W,0.0,0.0
2022-11-01,02W,0.0,0.0
2025-12-01,02W,0.0,0.0
2024-07-01,02W,0.0,0.0
2023-08-01,02W,0.0,0.0
2022-06-01,02W,0.0,0.0
2025-09-01,02W,0.0,0.0
2022-09-01,02W,0.0,0.0
2022-05-01,02W,0.0,0.0
2023-11-01,02W,0.0,0.0
2026-06-01,02W,0.0,0.0
2024-05-01,02W,0.0,0.0
2022-04-01,02W,0.0,0.0
2022-10-01,02W,0.0,0.0
2026-03-01,02W,0.0,0.0
2021-08-01,02W,0.0,0.0
2026-02-01,02W,0.0,0.0
2021-06-01,02W,0.0,0.0
2021-12-01,02W,0.0,0.0
2024-11-01,02W,0.0,0.0
2024-03-01,02W,0.0,0.0
2022-08-01,02W,0.0,0.0
2026-05-01,02W,0.0,0.0
2023-05-01,02W,0.0,0.0
2025-11-01,02W,0.0,0.0
2025-03-01,02W,0.0,0.0
2024-01-01,02W,0.0,0.0
2021-11-01,02W,0.0,0.0
2022-07-01,02W,0.0,0.0
2022-02-01,02W,0.0,0.0
2021-10-01,02W,0.0,0.0
2025-06-01,02W,0.0,0.0
2026-04-01,02W,0.0,0.0
2023-10-01,02W,0.0,0.0
2025-02-01,02W,0.0,0.0
2023-04-01,02W,0.0,0.0
2023-06-01,02W,0.0,0.0
2025-05-01,02W,0.0,0.0
2025-01-01,02W,0.0,0.0
2023-03-01,02W,0.0,0.0
2024-04-01,02W,0.0,0.0
2023-12-01,02W,0.0,0.0
2025-05-01,03A,0.0,0.0
2021-10-01,03A,0.0,0.0
2021-12-01,03A,0.0,0.0
2025-10-01,03A,0.0,0.0
2022-07-01,03A,0.0,0.0
2021-08-01,03A,0.0,0.0
2023-02-01,03A,0.0,0.0
2022-04-01,03A,0.0,0.0
2023-12-01,03A,0.0,0.0
2022-12-01,03A,0.0,0.0
2023-01-01,03A,0.0,0.0
2026-04-01,03A,0.0,0.0
2022-01-01,03A,0.0,0.0
2022-08-01,03A,0.0,0.0
2023-05-01,03A,0.0,0.0
2024-06-01,03A,0.0,0.0
2022-09-01,03A,0.0,0.0
2024-03-01,03A,0.0,0.0
2025-12-01,03A,0.0,0.0
2021-09-01,03A,0.0,0.0
2023-11-01,03A,0.0,0.0
2024-08-01,03A,0.0,0.0
2022-10-01,03A,0.0,0.0
2024-11-01,03A,0.0,0.0
2025-08-01,03A,0.0,0.0
2025-01-01,03A,0.0,0.0
2026-02-01,03A,0.0,0.0
2024-02-01,03A,0.0,0.0
2025-03-01,03A,0.0,0.0
2025-09-01,03A,0.0,0.0
2022-11-01,03A,0.0,0.0
2023-03-01,03A,0.0,0.0
2023-10-01,03A,0.0,0.0
2026-01-01,03A,0.0,0.0
2022-03-01,03A,0.0,0.0
2023-09-01,03A,0.0,0.0
2024-05-01,03A,0.0,0.0
2025-06-01,03A,0.0,0.0
2021-07-01,03A,0.0,0.0
2026-05-01,03A,0.0,0.0
2022-06-01,03A,0.0,0.0
2026-03-01,03A,0.0,0.0
2023-04-01,03A,0.0,0.0
2024-07-01,03A,0.0,0.0
2021-11-01,03A,0.0,0.0
2021-06-01,03A,0.0,0.0
2024-04-01,03A,0.0,0.0
2023-06-01,03A,0.0,0.0
2025-04-01,03A,0.0,0.0
2026-06-01,03A,0.0,0.0
2024-10-01,03A,0.0,0.0
2023-08-01,03A,0.0,0.0
2024-01-01,03A,0.0,0.0
2024-12-01,03A,0.0,0.0
2025-02-01,03A,0.0,0.0
2022-02-01,03A,0.0,0.0
2025-11-01,03A,0.0,0.0
2025-07-01,03A,0.0,0.0
2022-05-01,03A,0.0,0.0
2023-07-01,03A,0.0,0.0
2024-09-01,03A,0.0,0.0
2024-05-01,03J,0.0,0.0
2024-01-01,03J,0.0,0.0
2023-07-01,03J,0.0,0.0
2021-06-01,03J,0.0,0.0
2022-11-01,03J,0.0,0.0
2023-06-01,03J,0.0,0.0
2026-02-01,03J,0.0,0.0
2022-09-01,03J,0.0,0.0
2025-12-01,03J,0.0,0.0
2023-08-01,03J,0.0,0.0
2024-12-01,03J,0.0,0.0
2023-11-01,03J,0.0,0.0
2022-04-01,03J,0.0,0.0
2024-08-01,03J,0.0,0.0
2021-11-01,03J,0.0,0.0
2022-01-01,03J,0.0,0.0
2023-05-01,03J,0.0,0.0
2023-04-01,03J,0.0,0.0
2024-10-01,03J,0.0,0.0
2024-06-01,03J,0.0,0.0
2023-02-01,03J,0.0,0.0
2023-09-01,03J,0.0,0.0
2025-05-01,03J,0.0,0.0
2025-04-01,03J,0.0,0.0
2025-10-01,03J,0.0,0.0
2024-03-01,03J,0.0,0.0
2022-02-01,03J,0.0,0.0
2026-05-01,03J,0.0,0.0
2025-08-01,03J,0.0,0.0
2022-10-01,03J,0.0,0.0
2026-03-01,03J,0.0,0.0
2021-10-01,03J,0.0,0.0
2025-11-01,03J,0.0,0.0
2023-10-01,03J,0.0,0.0
2025-01-01,03J,0.0,0.0
2025-09-01,03J,0.0,0.0
2021-07-01,03J,0.0,0.0
2024-04-01,03J,0.0,0.0
2023-12-01,03J,0.0,0.0
2026-04-01,03J,0.0,0.0
2022-03-01,03J,0.0,0.0
2022-07-01,03J,0.0,0.0
2021-12-01,03J,0.0,0.0
2025-06-01,03J,0.0,0.0
2025-03-01,03J,0.0,0.0
2022-08-01,03J,0.0,0.0
2021-08-01,03J,0.0,0.0
2022-06-01,03J,0.0,0.0
2022-05-01,03J,0.0,0.0
2025-07-01,03J,0.0,0.0
2024-02-01,03J,0.0,0.0
2022-12-01,03J,0.0,0.0
2023-03-01,03J,0.0,0.0
2021-09-01,03J,0.0,0.0
2024-07-01,03J,0.0,0.0
2024-11-01,03J,0.0,0.0
2023-01-01,03J,0.0,0.0
2026-06-01,03J,0.0,0.0
2026-01-01,03J,0.0,0.0
2024-09-01,03J,0.0,0.0
2025-02-01,03J,0.0,0.0
2025-06-01,03M,0.0,0.0
2025-07-01,03M,0.0,0.0
2021-07-01,03M,0.0,0.0
2023-02-01,03M,0.0,0.0
2022-11-01,03M,0.0,0.0
2023-05-01,03M,0.0,0.0
2022-05-01,03M,0.0,0.0
2026-01-01,03M,0.0,0.0
2021-06-01,03M,0.0,0.0
2023-03-01,03M,0.0,0.0
2025-09-01,03M,0.0,0.0
2022-07-01,03M,0.0,0.0
2023-12-01,03M,0.0,0.0
2024-09-01,03M,0.0,0.0
2025-10-01,03M,0.0,0.0
2024-01-01,03M,0.0,0.0
2022-02-01,03M,0.0,0.0
2021-08-01,03M,0.0,0.0
2025-01-01,03M,0.0,0.0
2024-12-01,03M,0.0,0.0
2024-02-01,03M,0.0,0.0
2026-04-01,03M,0.0,0.0
2022-09-01,03M,0.0,0.0
2023-11-01,03M,0.0,0.0
2024-10-01,03M,0.0,0.0
2025-03-01,03M,0.0,0.0
2021-09-01,03M,0.0,0.0
2021-10-01,03M,0.0,0.0
2023-09-01,03M,0.0,0.0
2022-06-01,03M,0.0,0.0
2024-08-01,03M,0.0,0.0
2025-04-01,03M,0.0,0.0
2025-02-01,03M,0.0,0.0
2025-05-01,03M,0.0,0.0
2023-08-01,03M,0.0,0.0
2022-08-01,03M,0.0,0.0
2021-12-01,03M,0.0,0.0
2024-07-01,03M,0.0,0.0
2024-05-01,03M,0.0,0.0
2023-04-01,03M,0.0,0.0
2023-10-01,03M,0.0,0.0
2024-11-01,03M,0.0,0.0
2022-10-01,03M,0.0,0.0
2024-03-01,03M,0.0,0.0
2026-06-01,03M,0.0,0.0
2022-12-01,03M,0.0,0.0
2026-05-01,03M,0.0,0.0
2023-01-01,03M,0.0,0.0
2026-03-01,03M,0.0,0.0
2025-12-01,03M,0.0,0.0
2024-06-01,03M,0.0,0.0
2024-04-01,03M,0.0,0.0
2023-06-01,03M,0.0,0.0
2023-07-01,03M,0.0,0.0
2025-08-01,03M,0.0,0.0
2022-01-01,03M,0.0,0.0
2022-04-01,03M,0.0,0.0
2022-03-01,03M,0.0,0.0
2026-02-01,03M,0.0,0.0
2025-11-01,03M,0.0,0.0
2021-11-01,03M,0.0,0.0
2022-08-01,03T,0.0,0.0
2024-10-01,03T,0.0,0.0
2021-07-01,03T,0.0,0.0
2026-02-01,03T,0.0,0.0
2024-03-01,03T,0.0,0.0
2022-06-01,03T,0.0,0.0
2026-05-01,03T,0.0,0.0
2023-05-01,03T,0.0,0.0
2023-08-01,03T,0.0,0.0
2023-11-01,03T,0.0,0.0
2025-08-01,03T,0.0,0.0
2023-10-01,03T,0.0,0.0
2021-09-01,03T,0.0,0.0
2024-11-01,03T,0.0,0.0
2022-10-01,03T,0.0,0.0
2021-08-01,03T,0.0,0.0
2024-07-01,03T,0.0,0.0
2025-03-01,03T,0.0,0.0
2023-07-01,03T,0.0,0.0
2023-01-01,03T,0.0,0.0
2024-09-01,03T,0.0,0.0
2025-01-01,03T,0.0,0.0
2021-10-01,03T,0.0,0.0
2022-09-01,03T,0.0,0.0
2023-04-01,03T,0.0,0.0
2022-12-01,03T,0.0,0.0
2022-05-01,03T,0.0,0.0
2022-07-01,03T,0.0,0.0
2022-03-01,03T,0.0,0.0
2022-04-01,03T,0.0,0.0
2023-06-01,03T,0.0,0.0
2024-02-01,03T,0.0,0.0
2022-11-01,03T,0.0,0.0
2025-02-01,03T,0.0,0.0
2025-05-01,03T,0.0,0.0
2021-06-01,03T,0.0,0.0
2024-06-01,03T,0.0,0.0
2025-06-01,03T,0.0,0.0
2026-06-01,03T,0.0,0.0
2022-01-01,03T,0.0,0.0
2024-08-01,03T,0.0,0.0
2021-12-01,03T,0.0,0.0
2026-01-01,03T,0.0,0.0
2023-09-01,03T,0.0,0.0
2023-12-01,03T,0.0,0.0
2021-11-01,03T,0.0,0.0
2026-03-01,03T,0.0,0.0
2025-11-01,03T,0.0,0.0
2024-01-01,03T,0.0,0.0
2024-05-01,03T,0.0,0.0
2025-09-01,03T,0.0,0.0
2022-02-01,03T,0.0,0.0
2025-10-01,03T,0.0,0.0
2024-12-01,03T,0.0,0.0
2024-04-01,03T,0.0,0.0
2023-03-01,03T,0.0,0.0
2025-12-01,03T,0.0,0.0
2025-04-01,03T,0.0,0.0
2025-07-01,03T,0.0,0.0
2026-04-01,03T,0.0,0.0
2023-02-01,03T,0.0,0.0
2021-08-01,03Y,0.0,0.0
2024-10-01,03Y,0.0,0.0
2024-09-01,03Y,0.0,0.0
2025-11-01,03Y,0.0,0.0
2025-02-01,03Y,0.0,0.0
2021-09-01,03Y,0.0,0.0
2021-11-01,03Y,0.0,0.0
2025-05-01,03Y,0.0,0.0
2024-02-01,03Y,0.0,0.0
2023-09-01,03Y,0.0,0.0
2022-10-01,03Y,0.0,0.0
2023-05-01,03Y,0.0,0.0
2024-08-01,03Y,0.0,0.0
2023-06-01,03Y,0.0,0.0
2025-10-01,03Y,0.0,0.0
2025-12-01,03Y,0.0,0.0
2026-01-01,03Y,0.0,0.0
2022-07-01,03Y,0.0,0.0
2025-03-01,03Y,0.0,0.0
2022-06-01,03Y,0.0,0.0
2022-09-01,03Y,0.0,0.0
2024-11-01,03Y,0.0,0.0
2022-08-01,03Y,0.0,0.0
2026-03-01,03Y,0.0,0.0
2021-07-01,03Y,0.0,0.0
2022-11-01,03Y,0.0,0.0
2022-03-01,03Y,0.0,0.0
2024-04-01,03Y,0.0,0.0
2025-04-01,03Y,0.0,0.0
2024-06-01,03Y,0.0,0.0
2022-02-01,03Y,0.0,0.0
2025-01-01,03Y,0.0,0.0
2025-06-01,03Y,0.0,0.0
2022-01-01,03Y,0.0,0.0
2022-04-01,03Y,0.0,0.0
2024-03-01,03Y,0.0,0.0
2026-06-01,03Y,0.0,0.0
2021-12-01,03Y,0.0,0.0
2023-02-01,03Y,0.0,0.0
2022-12-01,03Y,0.0,0.0
2023-01-01,03Y,0.0,0.0
2026-05-01,03Y,0.0,0.0
2023-04-01,03Y,0.0,0.0
2023-10-01,03Y,0.0,0.0
2024-01-01,03Y,0.0,0.0
2023-07-01,03Y,0.0,0.0
2026-02-01,03Y,0.0,0.0
2025-07-01,03Y,0.0,0.0
2025-08-01,03Y,0.0,0.0
2023-03-01,03Y,0.0,0.0
2021-06-01,03Y,0.0,0.0
2021-10-01,03Y,0.0,0.0
2023-12-01,03Y,0.0,0.0
2022-05-01,03Y,0.0,0.0
2024-07-01,03Y,0.0,0.0
2025-09-01,03Y,0.0,0.0
2026-04-01,03Y,0.0,0.0
2024-05-01,03Y,0.0,0.0
2023-11-01,03Y,0.0,0.0
2023-08-01,03Y,0.0,0.0
2024-12-01,03Y,0.0,0.0
2025-08-01,04D,0.0,0.0
2023-03-01,04D,0.0,0.0
2022-06-01,04D,0.0,0.0
2022-05-01,04D,0.0,0.0
2026-04-01,04D,0.0,0.0
2024-07-01,04D,0.0,0.0
2024-10-01,04D,0.0,0.0
2021-08-01,04D,0.0,0.0
2023-02-01,04D,0.0,0.0
2021-10-01,04D,0.0,0.0
2023-06-01,04D,0.0,0.0
2025-02-01,04D,0.0,0.0
2021-11-01,04D,0.0,0.0
2023-11-01,04D,0.0,0.0
2022-12-01,04D,0.0,0.0
2024-01-01,04D,0.0,0.0
2022-07-01,04D,0.0,0.0
2025-01-01,04D,0.0,0.0
2021-12-01,04D,0.0,0.0
2022-09-01,04D,0.0,0.0
2023-01-01,04D,0.0,0.0
2026-01-01,04D,0.0,0.0
2024-05-01,04D,0.0,0.0
2025-04-01,04D,0.0,0.0
2026-06-01,04D,0.0,0.0
2025-12-01,04D,0.0,0.0
2026-02-01,04D,0.0,0.0
2022-10-01,04D,0.0,0.0
2025-09-01,04D,0.0,0.0
2024-04-01,04D,0.0,0.0
2025-06-01,04D,0.0,0.0
2022-08-01,04D,0.0,0.0
2025-07-01,04D,0.0,0.0
2022-03-01,04D,0.0,0.0
2025-03-01,04D,0.0,0.0
2024-02-01,04D,0.0,0.0
2021-09-01,04D,0.0,0.0
2022-11-01,04D,0.0,0.0
2024-03-01,04D,0.0,0.0
2025-10-01,04D,0.0,0.0
2023-07-01,04D,0.0,0.0
2025-11-01,04D,0.0,0.0
2024-11-01,04D,0.0,0.0
2021-07-01,04D,0.0,0.0
2025-05-01,04D,0.0,0.0
2024-09-01,04D,0.0,0.0
2021-06-01,04D,0.0,0.0
2023-08-01,04D,0.0,0.0
2024-06-01,04D,0.0,0.0
2022-02-01,04D,0.0,0.0
2026-05-01,04D,0.0,0.0
2023-09-01,04D,0.0,0.0
2024-08-01,04D,0.0,0.0
2023-05-01,04D,0.0,0.0
2024-12-01,04D,0.0,0.0
2023-10-01,04D,0.0,0.0
2023-12-01,04D,0.0,0.0
2026-03-01,04D,0.0,0.0
2022-01-01,04D,0.0,0.0
2023-04-01,04D,0.0,0.0
2022-04-01,04D,0.0,0.0
2023-09-01,04E,0.0,0.0
2023-08-01,04E,0.0,0.0
2024-03-01,04E,0.0,0.0
2022-05-01,04E,0.0,0.0
2024-08-01,04E,0.0,0.0
2026-03-01,04E,0.0,0.0
2026-05-01,04E,0.0,0.0
2025-09-01,04E,0.0,0.0
2023-06-01,04E,0.0,0.0
2024-06-01,04E,0.0,0.0
2023-10-01,04E,0.0,0.0
2024-10-01,04E,0.0,0.0
2022-02-01,04E,0.0,0.0
2022-06-01,04E,0.0,0.0
2023-07-01,04E,0.0,0.0
2021-10-01,04E,0.0,0.0
2022-03-01,04E,0.0,0.0
2022-11-01,04E,0.0,0.0
2026-06-01,04E,0.0,0.0
2026-04-01,04E,0.0,0.0
2025-04-01,04E,0.0,0.0
2025-10-01,04E,0.0,0.0
2025-12-01,04E,0.0,0.0
2022-01-01,04E,0.0,0.0
2023-02-01,04E,0.0,0.0
2023-04-01,04E,0.0,0.0
2023-01-01,04E,0.0,0.0
2022-04-01,04E,0.0,0.0
2021-11-01,04E,0.0,0.0
2022-10-01,04E,0.0,0.0
2021-06-01,04E,0.0,0.0
2025-07-01,04E,0.0,0.0
2025-02-01,04E,0.0,0.0
2023-03-01,04E,0.0,0.0
2024-02-01,04E,0.0,0.0
2025-03-01,04E,0.0,0.0
2022-08-01,04E,0.0,0.0
2025-06-01,04E,0.0,0.0
2023-05-01,04E,0.0,0.0
2024-05-01,04E,0.0,0.0
2024-11-01,04E,0.0,0.0
2024-07-01,04E,0.0,0.0
2024-12-01,04E,0.0,0.0
2021-08-01,04E,0.0,0.0
2025-01-01,04E,0.0,0.0
2024-04-01,04E,0.0,0.0
2022-12-01,04E,0.0,0.0
2021-12-01,04E,0.0,0.0
2026-02-01,04E,0.0,0.0
2022-07-01,04E,0.0,0.0
2026-01-01,04E,0.0,0.0
2021-07-01,04E,0.0,0.0
2025-08-01,04E,0.0,0.0
2021-09-01,04E,0.0,0.0
2023-12-01,04E,0.0,0.0
2024-01-01,04E,0.0,0.0
2024-09-01,04E,0.0,0.0
2025-11-01,04E,0.0,0.0
2025-05-01,04E,0.0,0.0
2022-09-01,04E,0.0,0.0
2023-11-01,04E,0.0,0.0
2022-07-01,04F,0.0,0.0
2025-10-01,04F,0.0,0.0
2023-12-01,04F,0.0,0.0
2021-07-01,04F,0.0,0.0
2025-03-01,04F,0.0,0.0
2024-12-01,04F,0.0,0.0
2021-11-01,04F,0.0,0.0
2025-08-01,04F,0.0,0.0
2024-11-01,04F,0.0,0.0
2021-06-01,04F,0.0,0.0
2025-01-01,04F,0.0,0.0
2024-08-01,04F,0.0,0.0
2021-09-01,04F,0.0,0.0
2025-02-01,04F,0.0,0.0
2025-07-01,04F,0.0,0.0
2023-08-01,04F,0.0,0.0
2024-01-01,04F,0.0,0.0
2026-06-01,04F,0.0,0.0
2022-12-01,04F,0.0,0.0
2025-06-01,04F,0.0,0.0
2021-08-01,04F,0.0,0.0
2023-11-01,04F,0.0,0.0
2022-05-01,04F,0.0,0.0
2022-01-01,04F,0.0,0.0
2022-09-01,04F,0.0,0.0
2025-11-01,04F,0.0,0.0
2025-12-01,04F,0.0,0.0
2023-10-01,04F,0.0,0.0
2026-01-01,04F,0.0,0.0
2023-01-01,04F,0.0,0.0
2023-07-01,04F,0.0,0.0
2023-04-01,04F,0.0,0.0
2021-12-01,04F,0.0,0.0
2024-09-01,04F,0.0,0.0
2023-09-01,04F,0.0,0.0
2024-06-01,04F,0.0,0.0
2026-05-01,04F,0.0,0.0
2022-04-01,04F,0.0,0.0
2023-05-01,04F,0.0,0.0
2021-10-01,04F,0.0,0.0
2024-02-01,04F,0.0,0.0
2023-06-01,04F,0.0,0.0
2025-09-01,04F,0.0,0.0
2022-10-01,04F,0.0,0.0
2025-04-01,04F,0.0,0.0
2024-04-01,04F,0.0,0.0
2025-05-01,04F,0.0,0.0
2022-06-01,04F,0.0,0.0
2023-02-01,04F,0.0,0.0
2026-02-01,04F,0.0,0.0
2024-05-01,04F,0.0,0.0
2024-03-01,04F,0.0,0.0
2026-04-01,04F,0.0,0.0
2023-03-01,04F,0.0,0.0
2022-03-01,04F,0.0,0.0
2026-03-01,04F,0.0,0.0
2022-08-01,04F,0.0,0.0
2022-11-01,04F,0.0,0.0
2024-07-01,04F,0.0,0.0
2024-10-01,04F,0.0,0.0
2022-02-01,04F,0.0,0.0
2026-02-01,04G,0.0,0.0
2023-09-01,04G,0.0,0.0
2025-09-01,04G,0.0,0.0
2023-05-01,04G,0.0,0.0
2026-01-01,04G,0.0,0.0
2022-05-01,04G,0.0,0.0
2026-04-01,04G,0.0,0.0
2022-07-01,04G,0.0,0.0
2023-04-01,04G,0.0,0.0
2022-06-01,04G,0.0,0.0
2021-06-01,04G,0.0,0.0
2023-11-01,04G,0.0,0.0
2023-01-01,04G,0.0,0.0
2023-07-01,04G,0.0,0.0
2022-08-01,04G,0.0,0.0
2024-08-01,04G,0.0,0.0
2024-01-01,04G,0.0,0.0
2025-07-01,04G,0.0,0.0
2024-05-01,04G,0.0,0.0
2021-07-01,04G,0.0,0.0
2025-08-01,04G,0.0,0.0
2024-03-01,04G,0.0,0.0
2025-01-01,04G,0.0,0.0
2022-12-01,04G,0.0,0.0
2025-11-01,04G,0.0,0.0
2026-03-01,04G,0.0,0.0
2024-04-01,04G,0.0,0.0
2023-12-01,04G,0.0,0.0
2022-11-01,04G,0.0,0.0
2021-09-01,04G,0.0,0.0
2021-10-01,04G,0.0,0.0
2024-10-01,04G,0.0,0.0
2025-10-01,04G,0.0,0.0
2022-10-01,04G,0.0,0.0
2022-03-01,04G,0.0,0.0
2025-06-01,04G,0.0,0.0
2025-02-01,04G,0.0,0.0
2022-01-01,04G,0.0,0.0
2021-08-01,04G,0.0,0.0
2024-09-01,04G,0.0,0.0
2023-08-01,04G,0.0,0.0
2026-05-01,04G,0.0,0.0
2022-04-01,04G,0.0,0.0
2023-03-01,04G,0.0,0.0
2023-10-01,04G,0.0,0.0
2024-11-01,04G,0.0,0.0
2024-07-01,04G,0.0,0.0
2021-11-01,04G,0.0,0.0
2022-02-01,04G,0.0,0.0
2025-04-01,04G,0.0,0.0
2024-06-01,04G,0.0,0.0
2024-12-01,04G,0.0,0.0
2025-03-01,04G,0.0,0.0
2026-06-01,04G,0.0,0.0
2023-06-01,04G,0.0,0.0
2025-05-01,04G,0.0,0.0
2024-02-01,04G,0.0,0.0
2022-09-01,04G,0.0,0.0
2023-02-01,04G,0.0,0.0
2025-12-01,04G,0.0,0.0
2021-12-01,04G,0.0,0.0
2023-07-01,04H,0.0,0.0
2022-07-01,04H,0.0,0.0
2023-09-01,04H,0.0,0.0
2024-11-01,04H,0.0,0.0
2022-01-01,04H,0.0,0.0
2022-09-01,04H,0.0,0.0
2022-11-01,04H,0.0,0.0
2023-10-01,04H,0.0,0.0
2021-09-01,04H,0.0,0.0
2025-08-01,04H,0.0,0.0
2023-05-01,04H,0.0,0.0
2024-05-01,04H,0.0,0.0
2023-08-01,04H,0.0,0.0
2024-06-01,04H,0.0,0.0
2022-10-01,04H,0.0,0.0
2024-01-01,04H,0.0,0.0
2026-01-01,04H,0.0,0.0
2023-01-01,04H,0.0,0.0
2022-06-01,04H,0.0,0.0
2025-03-01,04H,0.0,0.0
2025-10-01,04H,0.0,0.0
2023-02-01,04H,0.0,0.0
2022-08-01,04H,0.0,0.0
2024-10-01,04H,0.0,0.0
2024-08-01,04H,0.0,0.0
2022-04-01,04H,0.0,0.0
2023-04-01,04H,0.0,0.0
2021-12-01,04H,0.0,0.0
2025-01-01,04H,0.0,0.0
2026-02-01,04H,0.0,0.0
2026-03-01,04H,0.0,0.0
2021-08-01,04H,0.0,0.0
2025-11-01,04H,0.0,0.0
2022-05-01,04H,0.0,0.0
2024-03-01,04H,0.0,0.0
2025-02-01,04H,0.0,0.0
2024-12-01,04H,0.0,0.0
2026-04-01,04H,0.0,0.0
2021-06-01,04H,0.0,0.0
2025-05-01,04H,0.0,0.0
2023-03-01,04H,0.0,0.0
2022-02-01,04H,0.0,0.0
2021-10-01,04H,0.0,0.0
2022-12-01,04H,0.0,0.0
2022-03-01,04H,0.0,0.0
2025-04-01,04H,0.0,0.0
2023-11-01,04H,0.0,0.0
2025-06-01,04H,0.0,0.0
2023-12-01,04H,0.0,0.0
2026-05-01,04H,0.0,0.0
2024-04-01,04H,0.0,0.0
2024-07-01,04H,0.0,0.0
2025-12-01,04H,0.0,0.0
2024-09-01,04H,0.0,0.0
2025-09-01,04H,0.0,0.0
2026-06-01,04H,0.0,0.0
2021-07-01,04H,0.0,0.0
2024-02-01,04H,0.0,0.0
2023-06-01,04H,0.0,0.0
2021-11-01,04H,0.0,0.0
2025-07-01,04H,0.0,0.0
2023-11-01,04J,0.0,0.0
2023-10-01,04J,0.0,0.0
2022-07-01,04J,0.0,0.0
2021-11-01,04J,0.0,0.0
2022-08-01,04J,0.0,0.0
2024-09-01,04J,0.0,0.0
2021-08-01,04J,0.0,0.0
2024-08-01,04J,0.0,0.0
2022-12-01,04J,0.0,0.0
2025-10-01,04J,0.0,0.0
2025-01-01,04J,0.0,0.0
2025-09-01,04J,0.0,0.0
2024-02-01,04J,0.0,0.0
2023-05-01,04J,0.0,0.0
2022-05-01,04J,0.0,0.0
2022-01-01,04J,0.0,0.0
2021-07-01,04J,0.0,0.0
2025-04-01,04J,0.0,0.0
2024-10-01,04J,0.0,0.0
2024-11-01,04J,0.0,0.0
2023-04-01,04J,0.0,0.0
2025-07-01,04J,0.0,0.0
2022-03-01,04J,0.0,0.0
2022-04-01,04J,0.0,0.0
2024-07-01,04J,0.0,0.0
2021-06-01,04J,0.0,0.0
2026-06-01,04J,0.0,0.0
2023-12-01,04J,0.0,0.0
2025-02-01,04J,0.0,0.0
2026-05-01,04J,0.0,0.0
2023-08-01,04J,0.0,0.0
2021-10-01,04J,0.0,0.0
2025-05-01,04J,0.0,0.0
2025-08-01,04J,0.0,0.0
2025-11-01,04J,0.0,0.0
2026-04-01,04J,0.0,0.0
2025-06-01,04J,0.0,0.0
2023-06-01,04J,0.0,0.0
2023-03-01,04J,0.0,0.0
2022-02-01,04J,0.0,0.0
2026-03-01,04J,0.0,0.0
2022-06-01,04J,0.0,0.0
2022-10-01,04J,0.0,0.0
2023-07-01,04J,0.0,0.0
2024-01-01,04J,0.0,0.0
2022-09-01,04J,0.0,0.0
2026-01-01,04J,0.0,0.0
2024-06-01,04J,0.0,0.0
2021-09-01,04J,0.0,0.0
2021-12-01,04J,0.0,0.0
2025-03-01,04J,0.0,0.0
2026-02-01,04J,0.0,0.0
2022-11-01,04J,0.0,0.0
2024-05-01,04J,0.0,0.0
2024-12-01,04J,0.0,0.0
2025-12-01,04J,0.0,0.0
2023-01-01,04J,0.0,0.0
2023-09-01,04J,0.0,0.0
2024-04-01,04J,0.0,0.0
2024-03-01,04J,0.0,0.0
2023-02-01,04J,0.0,0.0
2022-06-01,04K,0.0,0.0
2023-05-01,04K,0.0,0.0
2023-06-01,04K,0.0,0.0
2023-11-01,04K,0.0,0.0
2026-05-01,04K,0.0,0.0
2022-05-01,04K,0.0,0.0
2025-07-01,04K,0.0,0.0
2024-03-01,04K,0.0,0.0
2021-12-01,04K,0.0,0.0
2022-08-01,04K,0.0,0.0
2025-02-01,04K,0.0,0.0
2021-10-01,04K,0.0,0.0
2025-08-01,04K,0.0,0.0
2025-12-01,04K,0.0,0.0
2024-02-01,04K,0.0,0.0
2025-09-01,04K,0.0,0.0
2025-10-01,04K,0.0,0.0
2022-12-01,04K,0.0,0.0
2025-04-01,04K,0.0,0.0
2021-06-01,04K,0.0,0.0
2023-08-01,04K,0.0,0.0
2023-07-01,04K,0.0,0.0
2024-10-01,04K,0.0,0.0
2022-07-01,04K,0.0,0.0
2021-09-01,04K,0.0,0.0
2021-08-01,04K,0.0,0.0
2026-06-01,04K,0.0,0.0
2023-02-01,04K,0.0,0.0
2021-11-01,04K,0.0,0.0
2023-03-01,04K,0.0,0.0
2024-01-01,04K,0.0,0.0
2022-01-01,04K,0.0,0.0
2026-02-01,04K,0.0,0.0
2024-08-01,04K,0.0,0.0
2022-02-01,04K,0.0,0.0
2022-04-01,04K,0.0,0.0
2022-11-01,04K,0.0,0.0
2024-11-01,04K,0.0,0.0
2022-09-01,04K,0.0,0.0
2024-06-01,04K,0.0,0.0
2026-01-01,04K,0.0,0.0
2025-01-01,04K,0.0,0.0
2021-07-01,04K,0.0,0.0
2026-04-01,04K,0.0,0.0
2024-05-01,04K,0.0,0.0
2023-09-01,04K,0.0,0.0
2023-01-01,04K,0.0,0.0
2026-03-01,04K,0.0,0.0
2023-10-01,04K,0.0,0.0
2024-04-01,04K,0.0,0.0
2024-07-01,04K,0.0,0.0
2023-04-01,04K,0.0,0.0
2024-12-01,04K,0.0,0.0
2022-03-01,04K,0.0,0.0
2024-09-01,04K,0.0,0.0
2025-06-01,04K,0.0,0.0
2025-05-01,04K,0.0,0.0
2023-12-01,04K,0.0,0.0
2022-10-01,04K,0.0,0.0
2025-03-01,04K,0.0,0.0
2025-11-01,04K,0.0,0.0
2026-06-01,04L,0.0,0.0
2023-04-01,04L,0.0,0.0
2021-12-01,04L,0.0,0.0
2023-01-01,04L,0.0,0.0
2024-12-01,04L,0.0,0.0
2024-04-01,04L,0.0,0.0
2025-08-01,04L,0.0,0.0
2026-02-01,04L,0.0,0.0
2022-04-01,04L,0.0,0.0
2023-09-01,04L,0.0,0.0
2022-02-01,04L,0.0,0.0
2022-07-01,04L,0.0,0.0
2024-08-01,04L,0.0,0.0
2025-10-01,04L,0.0,0.0
2025-02-01,04L,0.0,0.0
2021-07-01,04L,0.0,0.0
2023-12-01,04L,0.0,0.0
2025-04-01,04L,0.0,0.0
2023-07-01,04L,0.0,0.0
2025-07-01,04L,0.0,0.0
2022-10-01,04L,0.0,0.0
2024-07-01,04L,0.0,0.0
2024-09-01,04L,0.0,0.0
2024-05-01,04L,0.0,0.0
2023-05-01,04L,0.0,0.0
2022-08-01,04L,0.0,0.0
2021-09-01,04L,0.0,0.0
2026-03-01,04L,0.0,0.0
2026-04-01,04L,0.0,0.0
2022-05-01,04L,0.0,0.0
2023-06-01,04L,0.0,0.0
2021-11-01,04L,0.0,0.0
2025-11-01,04L,0.0,0.0
2022-01-01,04L,0.0,0.0
2026-05-01,04L,0.0,0.0
2025-06-01,04L,0.0,0.0
2021-10-01,04L,0.0,0.0
2021-06-01,04L,0.0,0.0
2022-11-01,04L,0.0,0.0
2022-09-01,04L,0.0,0.0
2025-03-01,04L,0.0,0.0
2023-11-01,04L,0.0,0.0
2025-01-01,04L,0.0,0.0
2025-12-01,04L,0.0,0.0
2024-02-01,04L,0.0,0.0
2023-08-01,04L,0.0,0.0
2024-11-01,04L,0.0,0.0
2022-12-01,04L,0.0,0.0
2024-06-01,04L,0.0,0.0
2023-03-01,04L,0.0,0.0
2022-06-01,04L,0.0,0.0
2023-02-01,04L,0.0,0.0
2024-03-01,04L,0.0,0.0
2024-01-01,04L,0.0,0.0
2026-01-01,04L,0.0,0.0
2023-10-01,04L,0.0,0.0
2022-03-01,04L,0.0,0.0
2025-05-01,04L,0.0,0.0
2021-08-01,04L,0.0,0.0
2024-10-01,04L,0.0,0.0
2025-09-01,04L,0.0,0.0
2024-11-01,04M,0.0,0.0
2023-08-01,04M,0.0,0.0
2021-08-01,04M,0.0,0.0
2023-07-01,04M,0.0,0.0
2024-03-01,04M,0.0,0.0
2025-06-01,04M,0.0,0.0
2025-10-01,04M,0.0,0.0
2021-07-01,04M,0.0,0.0
2022-09-01,04M,0.0,0.0
2025-07-01,04M,0.0,0.0
2021-09-01,04M,0.0,0.0
2022-08-01,04M,0.0,0.0
2022-03-01,04M,0.0,0.0
2021-12-01,04M,0.0,0.0
2023-01-01,04M,0.0,0.0
2023-02-01,04M,0.0,0.0
2026-01-01,04M,0.0,0.0
2021-06-01,04M,0.0,0.0
2023-11-01,04M,0.0,0.0
2026-05-01,04M,0.0,0.0
2023-03-01,04M,0.0,0.0
2024-07-01,04M,0.0,0.0
2024-12-01,04M,0.0,0.0
2025-05-01,04M,0.0,0.0
2024-09-01,04M,0.0,0.0
2021-11-01,04M,0.0,0.0
2021-10-01,04M,0.0,0.0
2023-06-01,04M,0.0,0.0
2025-12-01,04M,0.0,0.0
2025-11-01,04M,0.0,0.0
2026-04-01,04M,0.0,0.0
2024-04-01,04M,0.0,0.0
2022-06-01,04M,0.0,0.0
2025-03-01,04M,0.0,0.0
2025-09-01,04M,0.0,0.0
2022-02-01,04M,0.0,0.0
2024-01-01,04M,0.0,0.0
2022-12-01,04M,0.0,0.0
2023-04-01,04M,0.0,0.0
2023-05-01,04M,0.0,0.0
2026-06-01,04M,0.0,0.0
2025-01-01,04M,0.0,0.0
2024-05-01,04M,0.0,0.0
2026-02-01,04M,0.0,0.0
2026-03-01,04M,0.0,0.0
2022-10-01,04M,0.0,0.0
2025-02-01,04M,0.0,0.0
2024-08-01,04M,0.0,0.0
2023-10-01,04M,0.0,0.0
2024-02-01,04M,0.0,0.0
2024-10-01,04M,0.0,0.0
2025-04-01,04M,0.0,0.0
2023-12-01,04M,0.0,0.0
2022-01-01,04M,0.0,0.0
2023-09-01,04M,0.0,0.0
2024-06-01,04M,0.0,0.0
2022-04-01,04M,0.0,0.0
2022-07-01,04M,0.0,0.0
2022-11-01,04M,0.0,0.0
2025-08-01,04M,0.0,0.0
2022-05-01,04M,0.0,0.0
2023-07-01,04Q,0.0,0.0
2026-06-01,04Q,0.0,0.0
2025-05-01,04Q,0.0,0.0
2021-08-01,04Q,0.0,0.0
2024-02-01,04Q,0.0,0.0
2024-12-01,04Q,0.0,0.0
2023-06-01,04Q,0.0,0.0
2026-03-01,04Q,0.0,0.0
2024-01-01,04Q,0.0,0.0
2023-03-01,04Q,0.0,0.0
2021-06-01,04Q,0.0,0.0
2024-08-01,04Q,0.0,0.0
2022-09-01,04Q,0.0,0.0
2024-07-01,04Q,0.0,0.0
2023-08-01,04Q,0.0,0.0
2023-05-01,04Q,0.0,0.0
2022-05-01,04Q,0.0,0.0
2026-02-01,04Q,0.0,0.0
2026-04-01,04Q,0.0,0.0
2022-06-01,04Q,0.0,0.0
2025-07-01,04Q,0.0,0.0
2021-12-01,04Q,0.0,0.0
2025-01-01,04Q,0.0,0.0
2025-08-01,04Q,0.0,0.0
2025-12-01,04Q,0.0,0.0
2024-04-01,04Q,0.0,0.0
2022-12-01,04Q,0.0,0.0
2022-04-01,04Q,0.0,0.0
2025-04-01,04Q,0.0,0.0
2024-05-01,04Q,0.0,0.0
2022-11-01,04Q,0.0,0.0
2025-03-01,04Q,0.0,0.0
2025-10-01,04Q,0.0,0.0
2021-10-01,04Q,0.0,0.0
2023-11-01,04Q,0.0,0.0
2021-09-01,04Q,0.0,0.0
2023-10-01,04Q,0.0,0.0
2025-02-01,04Q,0.0,0.0
2021-07-01,04Q,0.0,0.0
2021-11-01,04Q,0.0,0.0
2023-09-01,04Q,0.0,0.0
2022-07-01,04Q,0.0,0.0
2023-04-01,04Q,0.0,0.0
2024-09-01,04Q,0.0,0.0
2026-01-01,04Q,0.0,0.0
2025-09-01,04Q,0.0,0.0
2025-11-01,04Q,0.0,0.0
2023-02-01,04Q,0.0,0.0
2023-12-01,04Q,0.0,0.0
2024-06-01,04Q,0.0,0.0
2023-01-01,04Q,0.0,0.0
2024-10-01,04Q,0.0,0.0
2022-10-01,04Q,0.0,0.0
2022-03-01,04Q,0.0,0.0
2024-11-01,04Q,0.0,0.0
2022-08-01,04Q,0.0,0.0
2025-06-01,04Q,0.0,0.0
2024-03-01,04Q,0.0,0.0
2022-01-01,04Q,0.0,0.0
2026-05-01,04Q,0.0,0.0
2022-02-01,04Q,0.0,0.0
2023-04-01,04R,0.0,0.0
2025-07-01,04R,0.0,0.0
2022-06-01,04R,0.0,0.0
2021-12-01,04R,0.0,0.0
2023-02-01,04R,0.0,0.0
2024-08-01,04R,0.0,0.0
2023-05-01,04R,0.0,0.0
2024-04-01,04R,0.0,0.0
2025-06-01,04R,0.0,0.0
2021-08-01,04R,0.0,0.0
2023-09-01,04R,0.0,0.0
2025-02-01,04R,0.0,0.0
2024-09-01,04R,0.0,0.0
2022-03-01,04R,0.0,0.0
2026-06-01,04R,0.0,0.0
2024-05-01,04R,0.0,0.0
2025-10-01,04R,0.0,0.0
2024-02-01,04R,0.0,0.0
2022-07-01,04R,0.0,0.0
2025-05-01,04R,0.0,0.0
2021-11-01,04R,0.0,0.0
2021-09-01,04R,0.0,0.0
2023-07-01,04R,0.0,0.0
2024-03-01,04R,0.0,0.0
2023-01-01,04R,0.0,0.0
2022-10-01,04R,0.0,0.0
2025-01-01,04R,0.0,0.0
2023-08-01,04R,0.0,0.0
2024-01-01,04R,0.0,0.0
2021-06-01,04R,0.0,0.0
2023-06-01,04R,0.0,0.0
2023-11-01,04R,0.0,0.0
2024-06-01,04R,0.0,0.0
2021-10-01,04R,0.0,0.0
2025-03-01,04R,0.0,0.0
2022-12-01,04R,0.0,0.0
2022-09-01,04R,0.0,0.0
2023-10-01,04R,0.0,0.0
2023-03-01,04R,0.0,0.0
2022-11-01,04R,0.0,0.0
2025-12-01,04R,0.0,0.0
2025-11-01,04R,0.0,0.0
2022-05-01,04R,0.0,0.0
2025-08-01,04R,0.0,0.0
2026-04-01,04R,0.0,0.0
2021-07-01,04R,0.0,0.0
2022-08-01,04R,0.0,0.0
2026-01-01,04R,0.0,0.0
2024-12-01,04R,0.0,0.0
2026-03-01,04R,0.0,0.0
2024-10-01,04R,0.0,0.0
2022-01-01,04R,0.0,0.0
2022-04-01,04R,0.0,0.0
2024-07-01,04R,0.0,0.0
2024-11-01,04R,0.0,0.0
2022-02-01,04R,0.0,0.0
2025-09-01,04R,0.0,0.0
2023-12-01,04R,0.0,0.0
2026-02-01,04R,0.0,0.0
2025-04-01,04R,0.0,0.0
2026-05-01,04R,0.0,0.0
2021-10-01,04X,0.0,0.0
2025-06-01,04X,0.0,0.0
2025-01-01,04X,0.0,0.0
2025-04-01,04X,0.0,0.0
2025-09-01,04X,0.0,0.0
2023-02-01,04X,0.0,0.0
2024-10-01,04X,0.0,0.0
2025-05-01,04X,0.0,0.0
2025-12-01,04X,0.0,0.0
2024-07-01,04X,0.0,0.0
2023-06-01,04X,0.0,0.0
2023-10-01,04X,0.0,0.0
2021-12-01,04X,0.0,0.0
2023-04-01,04X,0.0,0.0
2025-02-01,04X,0.0,0.0
2024-04-01,04X,0.0,0.0
2026-06-01,04X,0.0,0.0
2024-08-01,04X,0.0,0.0
2025-08-01,04X,0.0,0.0
2021-09-01,04X,0.0,0.0
2022-09-01,04X,0.0,0.0
2021-06-01,04X,0.0,0.0
2022-03-01,04X,0.0,0.0
2024-12-01,04X,0.0,0.0
2026-05-01,04X,0.0,0.0
2024-09-01,04X,0.0,0.0
2025-07-01,04X,0.0,0.0
2025-10-01,04X,0.0,0.0
2023-05-01,04X,0.0,0.0
2026-03-01,04X,0.0,0.0
2022-05-01,04X,0.0,0.0
2024-11-01,04X,0.0,0.0
2021-07-01,04X,0.0,0.0
2022-01-01,04X,0.0,0.0
2026-02-01,04X,0.0,0.0
2025-11-01,04X,0.0,0.0
2022-07-01,04X,0.0,0.0
2023-12-01,04X,0.0,0.0
2025-03-01,04X,0.0,0.0
2026-04-01,04X,0.0,0.0
2024-06-01,04X,0.0,0.0
2026-01-01,04X,0.0,0.0
2022-02-01,04X,0.0,0.0
2022-11-01,04X,0.0,0.0
2021-08-01,04X,0.0,0.0
2022-08-01,04X,0.0,0.0
2024-05-01,04X,0.0,0.0
2024-02-01,04X,0.0,0.0
2024-03-01,04X,0.0,0.0
2022-10-01,04X,0.0,0.0
2023-01-01,04X,0.0,0.0
2024-01-01,04X,0.0,0.0
2023-09-01,04X,0.0,0.0
2023-11-01,04X,0.0,0.0
2022-06-01,04X,0.0,0.0
2023-03-01,04X,0.0,0.0
2023-08-01,04X,0.0,0.0
2023-07-01,04X,0.0,0.0
2022-04-01,04X,0.0,0.0
2021-11-01,04X,0.0,0.0
2022-12-01,04X,0.0,0.0
2021-07-01,05A,0.0,0.0
2023-07-01,05A,0.0,0.0
2023-01-01,05A,0.0,0.0
2022-03-01,05A,0.0,0.0
2022-06-01,05A,0.0,0.0
2025-10-01,05A,0.0,0.0
2023-04-01,05A,0.0,0.0
2021-12-01,05A,0.0,0.0
2021-08-01,05A,0.0,0.0
2021-11-01,05A,0.0,0.0
2022-02-01,05A,0.0,0.0
2022-07-01,05A,0.0,0.0
2025-02-01,05A,0.0,0.0
2026-02-01,05A,0.0,0.0
2023-05-01,05A,0.0,0.0
2024-02-01,05A,0.0,0.0
2023-09-01,05A,0.0,0.0
2026-03-01,05A,0.0,0.0
2024-04-01,05A,0.0,0.0
2024-01-01,05A,0.0,0.0
2025-03-01,05A,0.0,0.0
2021-09-01,05A,0.0,0.0
2025-05-01,05A,0.0,0.0
2022-12-01,05A,0.0,0.0
2024-05-01,05A,0.0,0.0
2024-06-01,05A,0.0,0.0
2022-09-01,05A,0.0,0.0
2025-09-01,05A,0.0,0.0
2024-08-01,05A,0.0,0.0
2026-06-01,05A,0.0,0.0
2025-04-01,05A,0.0,0.0
2022-08-01,05A,0.0,0.0
2021-10-01,05A,0.0,0.0
2026-04-01,05A,0.0,0.0
2023-10-01,05A,0.0,0.0
2024-12-01,05A,0.0,0.0
2025-11-01,05A,0.0,0.0
2024-09-01,05A,0.0,0.0
2022-10-01,05A,0.0,0.0
2023-03-01,05A,0.0,0.0
2023-08-01,05A,0.0,0.0
2026-01-01,05A,0.0,0.0
2025-08-01,05A,0.0,0.0
2025-01-01,05A,0.0,0.0
2023-06-01,05A,0.0,0.0
2025-12-01,05A,0.0,0.0
2024-07-01,05A,0.0,0.0
2023-12-01,05A,0.0,0.0
2021-06-01,05A,0.0,0.0
2024-10-01,05A,0.0,0.0
2025-07-01,05A,0.0,0.0
2022-04-01,05A,0.0,0.0
2026-05-01,05A,0.0,0.0
2025-06-01,05A,0.0,0.0
2023-02-01,05A,0.0,0.0
2024-11-01,05A,0.0,0.0
2022-11-01,05A,0.0,0.0
2022-01-01,05A,0.0,0.0
2022-05-01,05A,0.0,0.0
2023-11-01,05A,0.0,0.0
2024-03-01,05A,0.0,0.0
2025-02-01,05C,0.0,0.0
2025-11-01,05C,0.0,0.0
2021-09-01,05C,0.0,0.0
2022-05-01,05C,0.0,0.0
2025-08-01,05C,0.0,0.0
2022-12-01,05C,0.0,0.0
2021-11-01,05C,0.0,0.0
2024-05-01,05C,0.0,0.0
2026-01-01,05C,0.0,0.0
2022-01-01,05C,0.0,0.0
2023-03-01,05C,0.0,0.0
2022-06-01,05C,0.0,0.0
2023-11-01,05C,0.0,0.0
2024-02-01,05C,0.0,0.0
2025-01-01,05C,0.0,0.0
2021-10-01,05C,0.0,0.0
2023-09-01,05C,0.0,0.0
2025-09-01,05C,0.0,0.0
2025-10-01,05C,0.0,0.0
2023-10-01,05C,0.0,0.0
2026-05-01,05C,0.0,0.0
2023-05-01,05C,0.0,0.0
2024-07-01,05C,0.0,0.0
2025-12-01,05C,0.0,0.0
2024-03-01,05C,0.0,0.0
2023-12-01,05C,0.0,0.0
2022-03-01,05C,0.0,0.0
2025-04-01,05C,0.0,0.0
2023-02-01,05C,0.0,0.0
2026-02-01,05C,0.0,0.0
2026-06-01,05C,0.0,0.0
2023-06-01,05C,0.0,0.0
2023-08-01,05C,0.0,0.0
2024-12-01,05C,0.0,0.0
2024-01-01,05C,0.0,0.0
2026-03-01,05C,0.0,0.0
2025-03-01,05C,0.0,0.0
2025-05-01,05C,0.0,0.0
2022-10-01,05C,0.0,0.0
2021-12-01,05C,0.0,0.0
2022-07-01,05C,0.0,0.0
2022-09-01,05C,0.0,0.0
2024-10-01,05C,0.0,0.0
2022-04-01,05C,0.0,0.0
2022-08-01,05C,0.0,0.0
2024-11-01,05C,0.0,0.0
2024-09-01,05C,0.0,0.0
2024-06-01,05C,0.0,0.0
2021-07-01,05C,0.0,0.0
2022-02-01,05C,0.0,0.0
2026-04-01,05C,0.0,0.0
2021-06-01,05C,0.0,0.0
2025-07-01,05C,0.0,0.0
2023-07-01,05C,0.0,0.0
2022-11-01,05C,0.0,0.0
2024-04-01,05C,0.0,0.0
2023-01-01,05C,0.0,0.0
2023-04-01,05C,0.0,0.0
2025-06-01,05C,0.0,0.0
2021-08-01,05C,0.0,0.0
2024-08-01,05C,0.0,0.0
2022-02-01,05F,0.0,0.0
2023-08-01,05F,0.0,0.0
2023-05-01,05F,0.0,0.0
2024-10-01,05F,0.0,0.0
2023-01-01,05F,0.0,0.0
2024-04-01,05F,0.0,0.0
2025-11-01,05F,0.0,0.0
2025-05-01,05F,0.0,0.0
2026-04-01,05F,0.0,0.0
2024-06-01,05F,0.0,0.0
2023-06-01,05F,0.0,0.0
2023-10-01,05F,0.0,0.0
2025-01-01,05F,0.0,0.0
2025-07-01,05F,0.0,0.0
2025-08-01,05F,0.0,0.0
2023-07-01,05F,0.0,0.0
2022-12-01,05F,0.0,0.0
2021-10-01,05F,0.0,0.0
2026-02-01,05F,0.0,0.0
2024-08-01,05F,0.0,0.0
2026-03-01,05F,0.0,0.0
2022-09-01,05F,0.0,0.0
2022-03-01,05F,0.0,0.0
2024-03-01,05F,0.0,0.0
2026-01-01,05F,0.0,0.0
2021-12-01,05F,0.0,0.0
2021-11-01,05F,0.0,0.0
2026-05-01,05F,0.0,0.0
2025-09-01,05F,0.0,0.0
2021-07-01,05F,0.0,0.0
2025-12-01,05F,0.0,0.0
2024-12-01,05F,0.0,0.0
2022-06-01,05F,0.0,0.0
2023-02-01,05F,0.0,0.0
2023-09-01,05F,0.0,0.0
2021-08-01,05F,0.0,0.0
2022-11-01,05F,0.0,0.0
2024-11-01,05F,0.0,0.0
2022-10-01,05F,0.0,0.0
2023-04-01,05F,0.0,0.0
2025-06-01,05F,0.0,0.0
2024-02-01,05F,0.0,0.0
2021-09-01,05F,0.0,0.0
2022-01-01,05F,0.0,0.0
2025-02-01,05F,0.0,0.0
2023-11-01,05F,0.0,0.0
2023-12-01,05F,0.0,0.0
2022-08-01,05F,0.0,0.0
2022-04-01,05F,0.0,0.0
2024-01-01,05F,0.0,0.0
2024-05-01,05F,0.0,0.0
2025-03-01,05F,0.0,0.0
2022-07-01,05F,0.0,0.0
2025-04-01,05F,0.0,0.0
2025-10-01,05F,0.0,0.0
2023-03-01,05F,0.0,0.0
2022-05-01,05F,0.0,0.0
2024-09-01,05F,0.0,0.0
2026-06-01,05F,0.0,0.0
2024-07-01,05F,0.0,0.0
2021-06-01,05F,0.0,0.0
2021-11-01,05H,0.0,0.0
2022-10-01,05H,0.0,0.0
2021-07-01,05H,0.0,0.0
2025-05-01,05H,0.0,0.0
2025-08-01,05H,0.0,0.0
2025-11-01,05H,0.0,0.0
2023-06-01,05H,0.0,0.0
2025-03-01,05H,0.0,0.0
2022-08-01,05H,0.0,0.0
2021-10-01,05H,0.0,0.0
2026-06-01,05H,0.0,0.0
2023-04-01,05H,0.0,0.0
2026-02-01,05H,0.0,0.0
2021-08-01,05H,0.0,0.0
2022-06-01,05H,0.0,0.0
2022-05-01,05H,0.0,0.0
2022-03-01,05H,0.0,0.0
2026-01-01,05H,0.0,0.0
2024-12-01,05H,0.0,0.0
2023-07-01,05H,0.0,0.0
2021-12-01,05H,0.0,0.0
2023-09-01,05H,0.0,0.0
2025-02-01,05H,0.0,0.0
2022-12-01,05H,0.0,0.0
2022-07-01,05H,0.0,0.0
2025-06-01,05H,0.0,0.0
2024-01-01,05H,0.0,0.0
2025-10-01,05H,0.0,0.0
2024-09-01,05H,0.0,0.0
2024-11-01,05H,0.0,0.0
2025-07-01,05H,0.0,0.0
2025-04-01,05H,0.0,0.0
2024-10-01,05H,0.0,0.0
2024-02-01,05H,0.0,0.0
2023-05-01,05H,0.0,0.0
2024-06-01,05H,0.0,0.0
2021-06-01,05H,0.0,0.0
2023-11-01,05H,0.0,0.0
2022-09-01,05H,0.0,0.0
2025-09-01,05H,0.0,0.0
2022-11-01,05H,0.0,0.0
2026-04-01,05H,0.0,0.0
2024-05-01,05H,0.0,0.0
2024-07-01,05H,0.0,0.0
2022-04-01,05H,0.0,0.0
2025-01-01,05H,0.0,0.0
2021-09-01,05H,0.0,0.0
2023-02-01,05H,0.0,0.0
2023-08-01,05H,0.0,0.0
2024-08-01,05H,0.0,0.0
2025-12-01,05H,0.0,0.0
2026-03-01,05H,0.0,0.0
2023-03-01,05H,0.0,0.0
2022-02-01,05H,0.0,0.0
2022-01-01,05H,0.0,0.0
2026-05-01,05H,0.0,0.0
2024-03-01,05H,0.0,0.0
2023-10-01,05H,0.0,0.0
2023-01-01,05H,0.0,0.0
2024-04-01,05H,0.0,0.0
2023-12-01,05H,0.0,0.0
2023-07-01,05L,0.0,0.0
2022-11-01,05L,0.0,0.0
2025-08-01,05L,0.0,0.0
2021-09-01,05L,0.0,0.0
2024-07-01,05L,0.0,0.0
2023-12-01,05L,0.0,0.0
2025-03-01,05L,0.0,0.0
2023-01-01,05L,0.0,0.0
2021-06-01,05L,0.0,0.0
2026-03-01,05L,0.0,0.0
2023-09-01,05L,0.0,0.0
2025-11-01,05L,0.0,0.0
2023-04-01,05L,0.0,0.0
2025-09-01,05L,0.0,0.0
2024-08-01,05L,0.0,0.0
2022-12-01,05L,0.0,0.0
2024-09-01,05L,0.0,0.0
2023-03-01,05L,0.0,0.0
2022-09-01,05L,0.0,0.0
2022-01-01,05L,0.0,0.0
2023-06-01,05L,0.0,0.0
2025-07-01,05L,0.0,0.0
2026-06-01,05L,0.0,0.0
2025-02-01,05L,0.0,0.0
2022-08-01,05L,0.0,0.0
2023-10-01,05L,0.0,0.0
2024-05-01,05L,0.0,0.0
2024-12-01,05L,0.0,0.0
2024-03-01,05L,0.0,0.0
2024-02-01,05L,0.0,0.0
2024-04-01,05L,0.0,0.0
2022-02-01,05L,0.0,0.0
2023-02-01,05L,0.0,0.0
2022-03-01,05L,0.0,0.0
2022-04-01,05L,0.0,0.0
2026-01-01,05L,0.0,0.0
2024-10-01,05L,0.0,0.0
2024-11-01,05L,0.0,0.0
2022-06-01,05L,0.0,0.0
2026-05-01,05L,0.0,0.0
2023-05-01,05L,0.0,0.0
2022-10-01,05L,0.0,0.0
2023-08-01,05L,0.0,0.0
2025-12-01,05L,0.0,0.0
2021-12-01,05L,0.0,0.0
2025-01-01,05L,0.0,0.0
2021-08-01,05L,0.0,0.0
2021-11-01,05L,0.0,0.0
2026-04-01,05L,0.0,0.0
2021-07-01,05L,0.0,0.0
2024-06-01,05L,0.0,0.0
2024-01-01,05L,0.0,0.0
2025-05-01,05L,0.0,0.0
2025-06-01,05L,0.0,0.0
2025-04-01,05L,0.0,0.0
2025-10-01,05L,0.0,0.0
2021-10-01,05L,0.0,0.0
2023-11-01,05L,0.0,0.0
2022-05-01,05L,0.0,0.0
2022-07-01,05L,0.0,0.0
2026-02-01,05L,0.0,0.0
2023-06-01,05N,0.0,0.0
2026-05-01,05N,0.0,0.0
2024-01-01,05N,0.0,0.0
2023-09-01,05N,0.0,0.0
2025-08-01,05N,0.0,0.0
2025-11-01,05N,0.0,0.0
2023-02-01,05N,0.0,0.0
2023-01-01,05N,0.0,0.0
2024-02-01,05N,0.0,0.0
2025-12-01,05N,0.0,0.0
2025-01-01,05N,0.0,0.0
2022-10-01,05N,0.0,0.0
2026-06-01,05N,0.0,0.0
2024-08-01,05N,0.0,0.0
2021-11-01,05N,0.0,0.0
2024-09-01,05N,0.0,0.0
2024-11-01,05N,0.0,0.0
2024-07-01,05N,0.0,0.0
2022-06-01,05N,0.0,0.0
2024-05-01,05N,0.0,0.0
2021-09-01,05N,0.0,0.0
2024-03-01,05N,0.0,0.0
2021-12-01,05N,0.0,0.0
2022-01-01,05N,0.0,0.0
2021-08-01,05N,0.0,0.0
2026-03-01,05N,0.0,0.0
2023-03-01,05N,0.0,0.0
2024-04-01,05N,0.0,0.0
2025-05-01,05N,0.0,0.0
2021-07-01,05N,0.0,0.0
2023-10-01,05N,0.0,0.0
2021-10-01,05N,0.0,0.0
2022-08-01,05N,0.0,0.0
2024-10-01,05N,0.0,0.0
2025-10-01,05N,0.0,0.0
2023-05-01,05N,0.0,0.0
2023-08-01,05N,0.0,0.0
2021-06-01,05N,0.0,0.0
2023-12-01,05N,0.0,0.0
2024-06-01,05N,0.0,0.0
2025-03-01,05N,0.0,0.0
2025-04-01,05N,0.0,0.0
2022-07-01,05N,0.0,0.0
2026-01-01,05N,0.0,0.0
2022-12-01,05N,0.0,0.0
2024-12-01,05N,0.0,0.0
2025-09-01,05N,0.0,0.0
2025-06-01,05N,0.0,0.0
2022-09-01,05N,0.0,0.0
2022-03-01,05N,0.0,0.0
2023-04-01,05N,0.0,0.0
2022-04-01,05N,0.0,0.0
2022-02-01,05N,0.0,0.0
2022-11-01,05N,0.0,0.0
2022-05-01,05N,0.0,0.0
2025-02-01,05N,0.0,0.0
2025-07-01,05N,0.0,0.0
2023-07-01,05N,0.0,0.0
2023-11-01,05N,0.0,0.0
2026-04-01,05N,0.0,0.0
2026-02-01,05N,0.0,0.0
2024-05-01,05R,0.0,0.0
2025-01-01,05R,0.0,0.0
2024-02-01,05R,0.0,0.0
2026-05-01,05R,0.0,0.0
2021-11-01,05R,0.0,0.0
2026-01-01,05R,0.0,0.0
2022-10-01,05R,0.0,0.0
2026-03-01,05R,0.0,0.0
2024-12-01,05R,0.0,0.0
2022-11-01,05R,0.0,0.0
2024-04-01,05R,0.0,0.0
2021-06-01,05R,0.0,0.0
2022-01-01,05R,0.0,0.0
2025-05-01,05R,0.0,0.0
2025-08-01,05R,0.0,0.0
2023-10-01,05R,0.0,0.0
2026-02-01,05R,0.0,0.0
2021-10-01,05R,0.0,0.0
2023-09-01,05R,0.0,0.0
2022-09-01,05R,0.0,0.0
2024-03-01,05R,0.0,0.0
2022-05-01,05R,0.0,0.0
2026-06-01,05R,0.0,0.0
2023-03-01,05R,0.0,0.0
2024-11-01,05R,0.0,0.0
2024-08-01,05R,0.0,0.0
2023-11-01,05R,0.0,0.0
2024-06-01,05R,0.0,0.0
2025-07-01,05R,0.0,0.0
2022-04-01,05R,0.0,0.0
2022-08-01,05R,0.0,0.0
2023-06-01,05R,0.0,0.0
2022-03-01,05R,0.0,0.0
2021-12-01,05R,0.0,0.0
2025-02-01,05R,0.0,0.0
2025-10-01,05R,0.0,0.0
2023-07-01,05R,0.0,0.0
2022-07-01,05R,0.0,0.0
2023-01-01,05R,0.0,0.0
2025-11-01,05R,0.0,0.0
2021-07-01,05R,0.0,0.0
2025-04-01,05R,0.0,0.0
2025-06-01,05R,0.0,0.0
2026-04-01,05R,0.0,0.0
2023-02-01,05R,0.0,0.0
2021-08-01,05R,0.0,0.0
2021-09-01,05R,0.0,0.0
2023-05-01,05R,0.0,0.0
2024-09-01,05R,0.0,0.0
2025-03-01,05R,0.0,0.0
2022-06-01,05R,0.0,0.0
2023-08-01,05R,0.0,0.0
2024-07-01,05R,0.0,0.0
2024-01-01,05R,0.0,0.0
2022-12-01,05R,0.0,0.0
2022-02-01,05R,0.0,0.0
2024-10-01,05R,0.0,0.0
2025-09-01,05R,0.0,0.0
2025-12-01,05R,0.0,0.0
2023-12-01,05R,0.0,0.0
2023-04-01,05R,0.0,0.0
2026-05-01,05T,0.0,0.0
2021-08-01,05T,0.0,0.0
2022-12-01,05T,0.0,0.0
2025-04-01,05T,0.0,0.0
2023-06-01,05T,0.0,0.0
2024-10-01,05T,0.0,0.0
2024-09-01,05T,0.0,0.0
2025-07-01,05T,0.0,0.0
2024-04-01,05T,0.0,0.0
2025-05-01,05T,0.0,0.0
2024-07-01,05T,0.0,0.0
2024-03-01,05T,0.0,0.0
2026-03-01,05T,0.0,0.0
2025-08-01,05T,0.0,0.0
2022-10-01,05T,0.0,0.0
2024-11-01,05T,0.0,0.0
2025-06-01,05T,0.0,0.0
2025-11-01,05T,0.0,0.0
2022-02-01,05T,0.0,0.0
2022-08-01,05T,0.0,0.0
2021-06-01,05T,0.0,0.0
2024-06-01,05T,0.0,0.0
2025-03-01,05T,0.0,0.0
2026-04-01,05T,0.0,0.0
2024-05-01,05T,0.0,0.0
2024-01-01,05T,0.0,0.0
2023-03-01,05T,0.0,0.0
2021-07-01,05T,0.0,0.0
2021-10-01,05T,0.0,0.0
2021-12-01,05T,0.0,0.0
2025-10-01,05T,0.0,0.0
2023-12-01,05T,0.0,0.0
2023-05-01,05T,0.0,0.0
2022-06-01,05T,0.0,0.0
2022-07-01,05T,0.0,0.0
2022-05-01,05T,0.0,0.0
2025-01-01,05T,0.0,0.0
2025-12-01,05T,0.0,0.0
2023-07-01,05T,0.0,0.0
2023-10-01,05T,0.0,0.0
2024-02-01,05T,0.0,0.0
2025-02-01,05T,0.0,0.0
2026-06-01,05T,0.0,0.0
2023-02-01,05T,0.0,0.0
2022-01-01,05T,0.0,0.0
2026-02-01,05T,0.0,0.0
2024-08-01,05T,0.0,0.0
2022-09-01,05T,0.0,0.0
2021-11-01,05T,0.0,0.0
2026-01-01,05T,0.0,0.0
2022-03-01,05T,0.0,0.0
2023-04-01,05T,0.0,0.0
2022-04-01,05T,0.0,0.0
2023-11-01,05T,0.0,0.0
2023-09-01,05T,0.0,0.0
2022-11-01,05T,0.0,0.0
2023-01-01,05T,0.0,0.0
2024-12-01,05T,0.0,0.0
2025-09-01,05T,0.0,0.0
2021-09-01,05T,0.0,0.0
2023-08-01,05T,0.0,0.0
2022-08-01,05X,0.0,0.0
2024-03-01,05X,0.0,0.0
2026-02-01,05X,0.0,0.0
2026-04-01,05X,0.0,0.0
2021-06-01,05X,0.0,0.0
2025-12-01,05X,0.0,0.0
2024-02-01,05X,0.0,0.0
2026-05-01,05X,0.0,0.0
2025-09-01,05X,0.0,0.0
2023-04-01,05X,0.0,0.0
2025-05-01,05X,0.0,0.0
2024-04-01,05X,0.0,0.0
2024-09-01,05X,0.0,0.0
2022-11-01,05X,0.0,0.0
2025-07-01,05X,0.0,0.0
2021-10-01,05X,0.0,0.0
2022-01-01,05X,0.0,0.0
2025-11-01,05X,0.0,0.0
2022-12-01,05X,0.0,0.0
2026-06-01,05X,0.0,0.0
2023-08-01,05X,0.0,0.0
2022-03-01,05X,0.0,0.0
2025-10-01,05X,0.0,0.0
2022-02-01,05X,0.0,0.0
2024-12-01,05X,0.0,0.0
2022-04-01,05X,0.0,0.0
2025-02-01,05X,0.0,0.0
2021-09-01,05X,0.0,0.0
2022-06-01,05X,0.0,0.0
2025-03-01,05X,0.0,0.0
2025-08-01,05X,0.0,0.0
2024-11-01,05X,0.0,0.0
2022-05-01,05X,0.0,0.0
2024-01-01,05X,0.0,0.0
2022-10-01,05X,0.0,0.0
2023-05-01,05X,0.0,0.0
2023-10-01,05X,0.0,0.0
2021-08-01,05X,0.0,0.0
2024-07-01,05X,0.0,0.0
2023-02-01,05X,0.0,0.0
2023-12-01,05X,0.0,0.0
2024-10-01,05X,0.0,0.0
2023-09-01,05X,0.0,0.0
2021-07-01,05X,0.0,0.0
2024-05-01,05X,0.0,0.0
2021-11-01,05X,0.0,0.0
2024-08-01,05X,0.0,0.0
2026-03-01,05X,0.0,0.0
2024-06-01,05X,0.0,0.0
2025-04-01,05X,0.0,0.0
2021-12-01,05X,0.0,0.0
2025-06-01,05X,0.0,0.0
2023-01-01,05X,0.0,0.0
2022-07-01,05X,0.0,0.0
2023-03-01,05X,0.0,0.0
2023-06-01,05X,0.0,0.0
2026-01-01,05X,0.0,0.0
2025-01-01,05X,0.0,0.0
2023-11-01,05X,0.0,0.0
2023-07-01,05X,0.0,0.0
2022-09-01,05X,0.0,0.0
2021-10-01,05Y,0.0,0.0
2025-12-01,05Y,0.0,0.0
2021-07-01,05Y,0.0,0.0
2025-03-01,05Y,0.0,0.0
2021-12-01,05Y,0.0,0.0
2023-03-01,05Y,0.0,0.0
2024-12-01,05Y,0.0,0.0
2024-06-01,05Y,0.0,0.0
2022-11-01,05Y,0.0,0.0
2024-04-01,05Y,0.0,0.0
2023-07-01,05Y,0.0,0.0
2022-05-01,05Y,0.0,0.0
2025-04-01,05Y,0.0,0.0
2026-04-01,05Y,0.0,0.0
2025-10-01,05Y,0.0,0.0
2024-10-01,05Y,0.0,0.0
2021-11-01,05Y,0.0,0.0
2024-09-01,05Y,0.0,0.0
2024-07-01,05Y,0.0,0.0
2026-02-01,05Y,0.0,0.0
2021-08-01,05Y,0.0,0.0
2023-02-01,05Y,0.0,0.0
2024-01-01,05Y,0.0,0.0
2025-09-01,05Y,0.0,0.0
2025-06-01,05Y,0.0,0.0
2022-06-01,05Y,0.0,0.0
2022-04-01,05Y,0.0,0.0
2022-12-01,05Y,0.0,0.0
2025-11-01,05Y,0.0,0.0
2023-09-01,05Y,0.0,0.0
2026-01-01,05Y,0.0,0.0
2024-03-01,05Y,0.0,0.0
2022-08-01,05Y,0.0,0.0
2024-05-01,05Y,0.0,0.0
2022-01-01,05Y,0.0,0.0
2023-10-01,05Y,0.0,0.0
2023-05-01,05Y,0.0,0.0
2023-04-01,05Y,0.0,0.0
2025-02-01,05Y,0.0,0.0
2024-02-01,05Y,0.0,0.0
2026-05-01,05Y,0.0,0.0
2023-06-01,05Y,0.0,0.0
2025-07-01,05Y,0.0,0.0
2023-12-01,05Y,0.0,0.0
2022-07-01,05Y,0.0,0.0
2022-10-01,05Y,0.0,0.0
2025-08-01,05Y,0.0,0.0
2026-03-01,05Y,0.0,0.0
2022-09-01,05Y,0.0,0.0
2021-09-01,05Y,0.0,0.0
2023-01-01,05Y,0.0,0.0
2022-02-01,05Y,0.0,0.0
2025-01-01,05Y,0.0,0.0
2023-08-01,05Y,0.0,0.0
2025-05-01,05Y,0.0,0.0
2022-03-01,05Y,0.0,0.0
2024-08-01,05Y,0.0,0.0
2024-11-01,05Y,0.0,0.0
2023-11-01,05Y,0.0,0.0
2021-06-01,05Y,0.0,0.0
2026-06-01,05Y,0.0,0.0
2023-07-01,06A,0.0,0.0
2024-06-01,06A,0.0,0.0
2022-05-01,06A,0.0,0.0
2022-04-01,06A,0.0,0.0
2022-09-01,06A,0.0,0.0
2022-11-01,06A,0.0,0.0
2021-11-01,06A,0.0,0.0
2022-07-01,06A,0.0,0.0
2022-01-01,06A,0.0,0.0
2025-04-01,06A,0.0,0.0
2024-05-01,06A,0.0,0.0
2021-07-01,06A,0.0,0.0
2021-09-01,06A,0.0,0.0
2024-08-01,06A,0.0,0.0
2025-03-01,06A,0.0,0.0
2022-08-01,06A,0.0,0.0
2025-09-01,06A,0.0,0.0
2023-05-01,06A,0.0,0.0
2024-12-01,06A,0.0,0.0
2023-06-01,06A,0.0,0.0
2021-12-01,06A,0.0,0.0
2021-06-01,06A,0.0,0.0
2022-10-01,06A,0.0,0.0
2026-01-01,06A,0.0,0.0
2025-02-01,06A,0.0,0.0
2026-05-01,06A,0.0,0.0
2022-03-01,06A,0.0,0.0
2024-11-01,06A,0.0,0.0
2025-06-01,06A,0.0,0.0
2023-11-01,06A,0.0,0.0
2023-09-01,06A,0.0,0.0
2024-09-01,06A,0.0,0.0
2023-02-01,06A,0.0,0.0
2023-08-01,06A,0.0,0.0
2022-12-01,06A,0.0,0.0
2024-07-01,06A,0.0,0.0
2024-03-01,06A,0.0,0.0
2026-06-01,06A,0.0,0.0
2025-12-01,06A,0.0,0.0
2025-11-01,06A,0.0,0.0
2023-12-01,06A,0.0,0.0
2025-01-01,06A,0.0,0.0
2024-02-01,06A,0.0,0.0
2023-04-01,06A,0.0,0.0
2023-03-01,06A,0.0,0.0
2024-10-01,06A,0.0,0.0
2025-10-01,06A,0.0,0.0
2026-02-01,06A,0.0,0.0
2021-08-01,06A,0.0,0.0
2024-01-01,06A,0.0,0.0
2025-05-01,06A,0.0,0.0
2022-06-01,06A,0.0,0.0
2026-04-01,06A,0.0,0.0
2026-03-01,06A,0.0,0.0
2025-08-01,06A,0.0,0.0
2025-07-01,06A,0.0,0.0
2023-01-01,06A,0.0,0.0
2022-02-01,06A,0.0,0.0
2023-10-01,06A,0.0,0.0
2021-10-01,06A,0.0,0.0
2024-04-01,06A,0.0,0.0
2024-10-01,06D,0.0,0.0
2023-08-01,06D,0.0,0.0
2023-01-01,06D,0.0,0.0
2023-12-01,06D,0.0,0.0
2026-04-01,06D,0.0,0.0
2024-07-01,06D,0.0,0.0
2022-04-01,06D,0.0,0.0
2025-10-01,06D,0.0,0.0
2025-06-01,06D,0.0,0.0
2021-12-01,06D,0.0,0.0
2024-04-01,06D,0.0,0.0
2022-09-01,06D,0.0,0.0
2023-09-01,06D,0.0,0.0
2021-09-01,06D,0.0,0.0
2025-12-01,06D,0.0,0.0
2023-02-01,06D,0.0,0.0
2022-11-01,06D,0.0,0.0
2024-08-01,06D,0.0,0.0
2022-06-01,06D,0.0,0.0
2025-11-01,06D,0.0,0.0
2022-03-01,06D,0.0,0.0
2021-10-01,06D,0.0,0.0
2023-10-01,06D,0.0,0.0
2023-03-01,06D,0.0,0.0
2024-06-01,06D,0.0,0.0
2022-12-01,06D,0.0,0.0
2021-07-01,06D,0.0,0.0
2024-02-01,06D,0.0,0.0
2026-06-01,06D,0.0,0.0
2025-07-01,06D,0.0,0.0
2023-11-01,06D,0.0,0.0
2025-08-01,06D,0.0,0.0
2024-12-01,06D,0.0,0.0
2023-04-01,06D,0.0,0.0
2022-10-01,06D,0.0,0.0
2022-08-01,06D,0.0,0.0
2025-09-01,06D,0.0,0.0
2022-07-01,06D,0.0,0.0
2026-01-01,06D,0.0,0.0
2025-03-01,06D,0.0,0.0
2026-02-01,06D,0.0,0.0
2024-09-01,06D,0.0,0.0
2026-03-01,06D,0.0,0.0
2026-05-01,06D,0.0,0.0
2022-01-01,06D,0.0,0.0
2023-06-01,06D,0.0,0.0
2025-01-01,06D,0.0,0.0
2024-03-01,06D,0.0,0.0
2021-11-01,06D,0.0,0.0
2023-05-01,06D,0.0,0.0
2024-05-01,06D,0.0,0.0
2025-05-01,06D,0.0,0.0
2023-07-01,06D,0.0,0.0
2022-05-01,06D,0.0,0.0
2021-06-01,06D,0.0,0.0
2024-11-01,06D,0.0,0.0
2025-02-01,06D,0.0,0.0
2025-04-01,06D,0.0,0.0
2022-02-01,06D,0.0,0.0
2021-08-01,06D,0.0,0.0
2024-01-01,06D,0.0,0.0
2021-07-01,06F,0.0,0.0
2025-03-01,06F,0.0,0.0
2024-04-01,06F,0.0,0.0
2021-10-01,06F,0.0,0.0
2024-03-01,06F,0.0,0.0
2024-11-01,06F,0.0,0.0
2021-12-01,06F,0.0,0.0
2025-04-01,06F,0.0,0.0
2022-03-01,06F,0.0,0.0
2022-10-01,06F,0.0,0.0
2023-10-01,06F,0.0,0.0
2023-09-01,06F,0.0,0.0
2025-11-01,06F,0.0,0.0
2025-01-01,06F,0.0,0.0
2022-11-01,06F,0.0,0.0
2022-02-01,06F,0.0,0.0
2025-07-01,06F,0.0,0.0
2026-04-01,06F,0.0,0.0
2022-12-01,06F,0.0,0.0
2023-05-01,06F,0.0,0.0
2022-04-01,06F,0.0,0.0
2023-11-01,06F,0.0,0.0
2023-01-01,06F,0.0,0.0
2022-07-01,06F,0.0,0.0
2025-09-01,06F,0.0,0.0
2024-02-01,06F,0.0,0.0
2023-02-01,06F,0.0,0.0
2026-06-01,06F,0.0,0.0
2026-02-01,06F,0.0,0.0
2023-06-01,06F,0.0,0.0
2024-08-01,06F,0.0,0.0
2021-09-01,06F,0.0,0.0
2025-02-01,06F,0.0,0.0
2024-10-01,06F,0.0,0.0
2023-04-01,06F,0.0,0.0
2021-06-01,06F,0.0,0.0
2026-05-01,06F,0.0,0.0
2025-10-01,06F,0.0,0.0
2024-01-01,06F,0.0,0.0
2023-12-01,06F,0.0,0.0
2025-12-01,06F,0.0,0.0
2025-06-01,06F,0.0,0.0
2023-03-01,06F,0.0,0.0
2025-05-01,06F,0.0,0.0
2024-05-01,06F,0.0,0.0
2025-08-01,06F,0.0,0.0
2022-08-01,06F,0.0,0.0
2021-08-01,06F,0.0,0.0
2024-07-01,06F,0.0,0.0
2024-12-01,06F,0.0,0.0
2026-01-01,06F,0.0,0.0
2023-08-01,06F,0.0,0.0
2023-07-01,06F,0.0,0.0
2024-06-01,06F,0.0,0.0
2026-03-01,06F,0.0,0.0
2022-01-01,06F,0.0,0.0
2021-11-01,06F,0.0,0.0
2022-06-01,06F,0.0,0.0
2024-09-01,06F,0.0,0.0
2022-09-01,06F,0.0,0.0
2022-05-01,06F,0.0,0.0
2024-08-01,06M,0.0,0.0
2022-10-01,06M,0.0,0.0
2021-12-01,06M,0.0,0.0
2021-09-01,06M,0.0,0.0
2025-08-01,06M,0.0,0.0
2023-08-01,06M,0.0,0.0
2023-05-01,06M,0.0,0.0
2023-03-01,06M,0.0,0.0
2023-12-01,06M,0.0,0.0
2024-09-01,06M,0.0,0.0
2025-02-01,06M,0.0,0.0
2025-04-01,06M,0.0,0.0
2024-12-01,06M,0.0,0.0
2021-08-01,06M,0.0,0.0
2024-02-01,06M,0.0,0.0
2024-10-01,06M,0.0,0.0
2026-04-01,06M,0.0,0.0
2022-11-01,06M,0.0,0.0
2025-05-01,06M,0.0,0.0
2024-03-01,06M,0.0,0.0
2026-03-01,06M,0.0,0.0
2023-09-01,06M,0.0,0.0
2022-04-01,06M,0.0,0.0
2023-06-01,06M,0.0,0.0
2022-07-01,06M,0.0,0.0
2026-05-01,06M,0.0,0.0
2021-06-01,06M,0.0,0.0
2022-09-01,06M,0.0,0.0
2025-12-01,06M,0.0,0.0
2025-11-01,06M,0.0,0.0
2021-11-01,06M,0.0,0.0
2024-11-01,06M,0.0,0.0
2026-06-01,06M,0.0,0.0
2023-11-01,06M,0.0,0.0
2021-07-01,06M,0.0,0.0
2022-12-01,06M,0.0,0.0
2023-07-01,06M,0.0,0.0
2025-06-01,06M,0.0,0.0
2021-10-01,06M,0.0,0.0
2023-04-01,06M,0.0,0.0
2024-07-01,06M,0.0,0.0
2022-02-01,06M,0.0,0.0
2023-10-01,06M,0.0,0.0
2024-05-01,06M,0.0,0.0
2023-02-01,06M,0.0,0.0
2024-04-01,06M,0.0,0.0
2022-05-01,06M,0.0,0.0
2022-06-01,06M,0.0,0.0
2024-06-01,06M,0.0,0.0
2023-01-01,06M,0.0,0.0
2026-01-01,06M,0.0,0.0
2025-01-01,06M,0.0,0.0
2025-09-01,06M,0.0,0.0
2026-02-01,06M,0.0,0.0
2022-08-01,06M,0.0,0.0
2022-03-01,06M,0.0,0.0
2025-10-01,06M,0.0,0.0
2022-01-01,06M,0.0,0.0
2024-01-01,06M,0.0,0.0
2025-03-01,06M,0.0,0.0
2025-07-01,06M,0.0,0.0
2022-04-01,06P,0.0,0.0
2022-02-01,06P,0.0,0.0
2023-03-01,06P,0.0,0.0
2023-06-01,06P,0.0,0.0
2023-09-01,06P,0.0,0.0
2024-11-01,06P,0.0,0.0
2023-04-01,06P,0.0,0.0
2024-03-01,06P,0.0,0.0
2021-09-01,06P,0.0,0.0
2024-08-01,06P,0.0,0.0
2023-01-01,06P,0.0,0.0
2022-12-01,06P,0.0,0.0
2023-12-01,06P,0.0,0.0
2025-01-01,06P,0.0,0.0
2022-09-01,06P,0.0,0.0
2023-11-01,06P,0.0,0.0
2023-08-01,06P,0.0,0.0
2023-05-01,06P,0.0,0.0
2025-08-01,06P,0.0,0.0
2026-02-01,06P,0.0,0.0
2024-07-01,06P,0.0,0.0
2025-03-01,06P,0.0,0.0
2022-07-01,06P,0.0,0.0
2024-12-01,06P,0.0,0.0
2025-09-01,06P,0.0,0.0
2022-11-01,06P,0.0,0.0
2024-09-01,06P,0.0,0.0
2026-06-01,06P,0.0,0.0
2026-05-01,06P,0.0,0.0
2023-10-01,06P,0.0,0.0
2024-10-01,06P,0.0,0.0
2026-03-01,06P,0.0,0.0
2022-03-01,06P,0.0,0.0
2025-04-01,06P,0.0,0.0
2024-05-01,06P,0.0,0.0
2022-05-01,06P,0.0,0.0
2021-12-01,06P,0.0,0.0
2023-02-01,06P,0.0,0.0
2025-10-01,06P,0.0,0.0
2025-06-01,06P,0.0,0.0
2021-08-01,06P,0.0,0.0
2022-08-01,06P,0.0,0.0
2022-01-01,06P,0.0,0.0
2024-01-01,06P,0.0,0.0
2023-07-01,06P,0.0,0.0
2026-01-01,06P,0.0,0.0
2024-06-01,06P,0.0,0.0
2021-07-01,06P,0.0,0.0
2025-12-01,06P,0.0,0.0
2021-06-01,06P,0.0,0.0
2021-10-01,06P,0.0,0.0
2025-11-01,06P,0.0,0.0
2021-11-01,06P,0.0,0.0
2022-10-01,06P,0.0,0.0
2025-07-01,06P,0.0,0.0
2024-04-01,06P,0.0,0.0
2022-06-01,06P,0.0,0.0
2026-04-01,06P,0.0,0.0
2025-05-01,06P,0.0,0.0
2024-02-01,06P,0.0,0.0
2025-02-01,06P,0.0,0.0
2026-04-01,06W,0.0,0.0
2024-07-01,06W,0.0,0.0
2025-11-01,06W,0.0,0.0
2025-08-01,06W,0.0,0.0
2021-12-01,06W,0.0,0.0
2021-11-01,06W,0.0,0.0
2025-07-01,06W,0.0,0.0
2026-03-01,06W,0.0,0.0
2024-11-01,06W,0.0,0.0
2022-03-01,06W,0.0,0.0
2022-12-01,06W,0.0,0.0
2022-02-01,06W,0.0,0.0
2021-07-01,06W,0.0,0.0
2026-02-01,06W,0.0,0.0
2026-05-01,06W,0.0,0.0
2023-06-01,06W,0.0,0.0
2023-03-01,06W,0.0,0.0
2024-04-01,06W,0.0,0.0
2022-04-01,06W,0.0,0.0
2023-02-01,06W,0.0,0.0
2022-10-01,06W,0.0,0.0
2023-09-01,06W,0.0,0.0
2023-11-01,06W,0.0,0.0
2024-10-01,06W,0.0,0.0
2025-02-01,06W,0.0,0.0
2025-01-01,06W,0.0,0.0
2024-09-01,06W,0.0,0.0
2024-01-01,06W,0.0,0.0
2025-12-01,06W,0.0,0.0
2024-06-01,06W,0.0,0.0
2026-01-01,06W,0.0,0.0
2022-06-01,06W,0.0,0.0
2023-07-01,06W,0.0,0.0
2022-07-01,06W,0.0,0.0
2022-08-01,06W,0.0,0.0
2023-12-01,06W,0.0,0.0
2025-03-01,06W,0.0,0.0
2024-12-01,06W,0.0,0.0
2021-09-01,06W,0.0,0.0
2023-01-01,06W,0.0,0.0
2024-03-01,06W,0.0,0.0
2023-05-01,06W,0.0,0.0
2025-04-01,06W,0.0,0.0
2024-02-01,06W,0.0,0.0
2025-06-01,06W,0.0,0.0
2021-08-01,06W,0.0,0.0
2025-10-01,06W,0.0,0.0
2022-09-01,06W,0.0,0.0
2025-05-01,06W,0.0,0.0
2024-08-01,06W,0.0,0.0
2021-06-01,06W,0.0,0.0
2023-08-01,06W,0.0,0.0
2022-05-01,06W,0.0,0.0
2024-05-01,06W,0.0,0.0
2021-10-01,06W,0.0,0.0
2023-10-01,06W,0.0,0.0
2023-04-01,06W,0.0,0.0
2022-11-01,06W,0.0,0.0
2022-01-01,06W,0.0,0.0
2026-06-01,06W,0.0,0.0
2025-09-01,06W,0.0,0.0
2022-10-01,06Y,0.0,0.0
2022-11-01,06Y,0.0,0.0
2026-01-01,06Y,0.0,0.0
2024-11-01,06Y,0.0,0.0
2025-04-01,06Y,0.0,0.0
2024-01-01,06Y,0.0,0.0
2022-05-01,06Y,0.0,0.0
2023-03-01,06Y,0.0,0.0
2022-08-01,06Y,0.0,0.0
2024-09-01,06Y,0.0,0.0
2024-02-01,06Y,0.0,0.0
2024-12-01,06Y,0.0,0.0
2025-12-01,06Y,0.0,0.0
2021-06-01,06Y,0.0,0.0
2025-08-01,06Y,0.0,0.0
2021-10-01,06Y,0.0,0.0
2026-02-01,06Y,0.0,0.0
2023-07-01,06Y,0.0,0.0
2026-04-01,06Y,0.0,0.0
2021-11-01,06Y,0.0,0.0
2026-06-01,06Y,0.0,0.0
2023-05-01,06Y,0.0,0.0
2025-07-01,06Y,0.0,0.0
2023-12-01,06Y,0.0,0.0
2022-02-01,06Y,0.0,0.0
2024-04-01,06Y,0.0,0.0
2021-12-01,06Y,0.0,0.0
2022-03-01,06Y,0.0,0.0
2023-10-01,06Y,0.0,0.0
2021-09-01,06Y,0.0,0.0
2023-08-01,06Y,0.0,0.0
2021-08-01,06Y,0.0,0.0
2023-06-01,06Y,0.0,0.0
2025-11-01,06Y,0.0,0.0
2024-10-01,06Y,0.0,0.0
2024-08-01,06Y,0.0,0.0
2023-02-01,06Y,0.0,0.0
2023-04-01,06Y,0.0,0.0
2023-01-01,06Y,0.0,0.0
2025-10-01,06Y,0.0,0.0
2024-05-01,06Y,0.0,0.0
2022-04-01,06Y,0.0,0.0
2024-06-01,06Y,0.0,0.0
2025-09-01,06Y,0.0,0.0
2025-05-01,06Y,0.0,0.0
2026-05-01,06Y,0.0,0.0
2025-06-01,06Y,0.0,0.0
2026-03-01,06Y,0.0,0.0
2025-02-01,06Y,0.0,0.0
2025-03-01,06Y,0.0,0.0
2024-03-01,06Y,0.0,0.0
2023-09-01,06Y,0.0,0.0
2024-07-01,06Y,0.0,0.0
2022-12-01,06Y,0.0,0.0
2022-07-01,06Y,0.0,0.0
2023-11-01,06Y,0.0,0.0
2022-06-01,06Y,0.0,0.0
2025-01-01,06Y,0.0,0.0
2022-01-01,06Y,0.0,0.0
2021-07-01,06Y,0.0,0.0
2022-09-01,06Y,0.0,0.0
2026-04-01,07L,0.0,0.0
2023-05-01,07L,0.0,0.0
2023-09-01,07L,0.0,0.0
2021-08-01,07L,0.0,0.0
2024-12-01,07L,0.0,0.0
2024-01-01,07L,0.0,0.0
2024-06-01,07L,0.0,0.0
2023-07-01,07L,0.0,0.0
2022-02-01,07L,0.0,0.0
2025-01-01,07L,0.0,0.0
2022-09-01,07L,0.0,0.0
2022-10-01,07L,0.0,0.0
2023-12-01,07L,0.0,0.0
2022-06-01,07L,0.0,0.0
2025-12-01,07L,0.0,0.0
2023-02-01,07L,0.0,0.0
2022-08-01,07L,0.0,0.0
2024-09-01,07L,0.0,0.0
2024-11-01,07L,0.0,0.0
2024-02-01,07L,0.0,0.0
2026-01-01,07L,0.0,0.0
2025-09-01,07L,0.0,0.0
2024-10-01,07L,0.0,0.0
2025-04-01,07L,0.0,0.0
2022-04-01,07L,0.0,0.0
2023-08-01,07L,0.0,0.0
2023-10-01,07L,0.0,0.0
2022-03-01,07L,0.0,0.0
2026-06-01,07L,0.0,0.0
2025-11-01,07L,0.0,0.0
2024-07-01,07L,0.0,0.0
2025-03-01,07L,0.0,0.0
2025-05-01,07L,0.0,0.0
2025-10-01,07L,0.0,0.0
2023-06-01,07L,0.0,0.0
2021-06-01,07L,0.0,0.0
2022-07-01,07L,0.0,0.0
2022-12-01,07L,0.0,0.0
2025-02-01,07L,0.0,0.0
2026-05-01,07L,0.0,0.0
2021-12-01,07L,0.0,0.0
2021-07-01,07L,0.0,0.0
2025-06-01,07L,0.0,0.0
2023-04-01,07L,0.0,0.0
2024-04-01,07L,0.0,0.0
2023-11-01,07L,0.0,0.0
2021-10-01,07L,0.0,0.0
2022-11-01,07L,0.0,0.0
2024-05-01,07L,0.0,0.0
2025-08-01,07L,0.0,0.0
2026-02-01,07L,0.0,0.0
2022-05-01,07L,0.0,0.0
2023-03-01,07L,0.0,0.0
2021-09-01,07L,0.0,0.0
2024-03-01,07L,0.0,0.0
2025-07-01,07L,0.0,0.0
2026-03-01,07L,0.0,0.0
2023-01-01,07L,0.0,0.0
2021-11-01,07L,0.0,0.0
2024-08-01,07L,0.0,0.0
2022-01-01,07L,0.0,0.0
2024-08-01,07M,0.0,0.0
2024-03-01,07M,0.0,0.0
2026-05-01,07M,0.0,0.0
2023-05-01,07M,0.0,0.0
2025-08-01,07M,0.0,0.0
2023-08-01,07M,0.0,0.0
2022-01-01,07M,0.0,0.0
2021-07-01,07M,0.0,0.0
2022-10-01,07M,0.0,0.0
2022-03-01,07M,0.0,0.0
2021-12-01,07M,0.0,0.0
2022-09-01,07M,0.0,0.0
2022-07-01,07M,0.0,0.0
2025-11-01,07M,0.0,0.0
2025-07-01,07M,0.0,0.0
2023-03-01,07M,0.0,0.0
2024-09-01,07M,0.0,0.0
2024-02-01,07M,0.0,0.0
2021-09-01,07M,0.0,0.0
2025-05-01,07M,0.0,0.0
2026-04-01,07M,0.0,0.0
2023-09-01,07M,0.0,0.0
2022-04-01,07M,0.0,0.0
2026-01-01,07M,0.0,0.0
2023-01-01,07M,0.0,0.0
2023-02-01,07M,0.0,0.0
2023-07-01,07M,0.0,0.0
2024-07-01,07M,0.0,0.0
2021-06-01,07M,0.0,0.0
2026-02-01,07M,0.0,0.0
2024-01-01,07M,0.0,0.0
2026-03-01,07M,0.0,0.0
2025-01-01,07M,0.0,0.0
2022-05-01,07M,0.0,0.0
2023-12-01,07M,0.0,0.0
2022-12-01,07M,0.0,0.0
2024-12-01,07M,0.0,0.0
2025-09-01,07M,0.0,0.0
2024-04-01,07M,0.0,0.0
2023-04-01,07M,0.0,0.0
2025-06-01,07M,0.0,0.0
2021-10-01,07M,0.0,0.0
2026-06-01,07M,0.0,0.0
2025-04-01,07M,0.0,0.0
2022-11-01,07M,0.0,0.0
2024-06-01,07M,0.0,0.0
2023-11-01,07M,0.0,0.0
2023-06-01,07M,0.0,0.0
2023-10-01,07M,0.0,0.0
2022-06-01,07M,0.0,0.0
2022-08-01,07M,0.0,0.0
2025-03-01,07M,0.0,0.0
2025-10-01,07M,0.0,0.0
2025-12-01,07M,0.0,0.0
2021-08-01,07M,0.0,0.0
2024-11-01,07M,0.0,0.0
2022-02-01,07M,0.0,0.0
2025-02-01,07M,0.0,0.0
2024-05-01,07M,0.0,0.0
2024-10-01,07M,0.0,0.0
2021-11-01,07M,0.0,0.0
2021-11-01,07N,0.0,0.0
2022-05-01,07N,0.0,0.0
2025-04-01,07N,0.0,0.0
2022-01-01,07N,0.0,0.0
2023-11-01,07N,0.0,0.0
2025-03-01,07N,0.0,0.0
2023-04-01,07N,0.0,0.0
2023-02-01,07N,0.0,0.0
2026-04-01,07N,0.0,0.0
2024-09-01,07N,0.0,0.0
2025-11-01,07N,0.0,0.0
2025-07-01,07N,0.0,0.0
2026-02-01,07N,0.0,0.0
2025-12-01,07N,0.0,0.0
2024-05-01,07N,0.0,0.0
2026-05-01,07N,0.0,0.0
2024-06-01,07N,0.0,0.0
2024-03-01,07N,0.0,0.0
2024-01-01,07N,0.0,0.0
2024-07-01,07N,0.0,0.0
2021-07-01,07N,0.0,0.0
2022-12-01,07N,0.0,0.0
2021-12-01,07N,0.0,0.0
2024-11-01,07N,0.0,0.0
2025-01-01,07N,0.0,0.0
2026-01-01,07N,0.0,0.0
2025-08-01,07N,0.0,0.0
2024-04-01,07N,0.0,0.0
2026-06-01,07N,0.0,0.0
2023-06-01,07N,0.0,0.0
2024-10-01,07N,0.0,0.0
2022-08-01,07N,0.0,0.0
2022-03-01,07N,0.0,0.0
2022-06-01,07N,0.0,0.0
2021-08-01,07N,0.0,0.0
2022-09-01,07N,0.0,0.0
2021-09-01,07N,0.0,0.0
2025-05-01,07N,0.0,0.0
2025-09-01,07N,0.0,0.0
2025-10-01,07N,0.0,0.0
2022-11-01,07N,0.0,0.0
2024-08-01,07N,0.0,0.0
2023-05-01,07N,0.0,0.0
2024-12-01,07N,0.0,0.0
2022-07-01,07N,0.0,0.0
2025-06-01,07N,0.0,0.0
2021-10-01,07N,0.0,0.0
2022-02-01,07N,0.0,0.0
2024-02-01,07N,0.0,0.0
2023-03-01,07N,0.0,0.0
2026-03-01,07N,0.0,0.0
2023-01-01,07N,0.0,0.0
2025-02-01,07N,0.0,0.0
2023-08-01,07N,0.0,0.0
2023-09-01,07N,0.0,0.0
2021-06-01,07N,0.0,0.0
2023-10-01,07N,0.0,0.0
2023-12-01,07N,0.0,0.0
2022-04-01,07N,0.0,0.0
2022-10-01,07N,0.0,0.0
2023-07-01,07N,0.0,0.0
2023-07-01,07P,0.0,0.0
2023-09-01,07P,0.0,0.0
2021-11-01,07P,0.0,0.0
2025-01-01,07P,0.0,0.0
2025-04-01,07P,0.0,0.0
2022-02-01,07P,0.0,0.0
2022-12-01,07P,0.0,0.0
2021-09-01,07P,0.0,0.0
2026-05-01,07P,0.0,0.0
2026-02-01,07P,0.0,0.0
2025-11-01,07P,0.0,0.0
2024-02-01,07P,0.0,0.0
2025-05-01,07P,0.0,0.0
2021-10-01,07P,0.0,0.0
2023-03-01,07P,0.0,0.0
2022-05-01,07P,0.0,0.0
2024-06-01,07P,0.0,0.0
2025-08-01,07P,0.0,0.0
2024-08-01,07P,0.0,0.0
2024-11-01,07P,0.0,0.0
2023-12-01,07P,0.0,0.0
2025-09-01,07P,0.0,0.0
2025-10-01,07P,0.0,0.0
2025-02-01,07P,0.0,0.0
2024-04-01,07P,0.0,0.0
2024-05-01,07P,0.0,0.0
2022-11-01,07P,0.0,0.0
2021-08-01,07P,0.0,0.0
2022-04-01,07P,0.0,0.0
2026-03-01,07P,0.0,0.0
2022-03-01,07P,0.0,0.0
2023-05-01,07P,0.0,0.0
2026-04-01,07P,0.0,0.0
2023-01-01,07P,0.0,0.0
2024-01-01,07P,0.0,0.0
2025-12-01,07P,0.0,0.0
2022-09-01,07P,0.0,0.0
2023-11-01,07P,0.0,0.0
2023-02-01,07P,0.0,0.0
2023-10-01,07P,0.0,0.0
2025-07-01,07P,0.0,0.0
2024-07-01,07P,0.0,0.0
2021-07-01,07P,0.0,0.0
2025-06-01,07P,0.0,0.0
2022-06-01,07P,0.0,0.0
2022-08-01,07P,0.0,0.0
2023-04-01,07P,0.0,0.0
2026-01-01,07P,0.0,0.0
2023-06-01,07P,0.0,0.0
2024-09-01,07P,0.0,0.0
2021-06-01,07P,0.0,0.0
2024-10-01,07P,0.0,0.0
2022-10-01,07P,0.0,0.0
2022-01-01,07P,0.0,0.0
2024-12-01,07P,0.0,0.0
2026-06-01,07P,0.0,0.0
2025-03-01,07P,0.0,0.0
2023-08-01,07P,0.0,0.0
2022-07-01,07P,0.0,0.0
2024-03-01,07P,0.0,0.0
2021-12-01,07P,0.0,0.0
2023-11-01,07R,0.0,0.0
2026-06-01,07R,0.0,0.0
2024-02-01,07R,0.0,0.0
2024-12-01,07R,0.0,0.0
2025-01-01,07R,0.0,0.0
2021-09-01,07R,0.0,0.0
2022-01-01,07R,0.0,0.0
2025-10-01,07R,0.0,0.0
2023-05-01,07R,0.0,0.0
2025-09-01,07R,0.0,0.0
2024-04-01,07R,0.0,0.0
2022-03-01,07R,0.0,0.0
2021-07-01,07R,0.0,0.0
2024-11-01,07R,0.0,0.0
2021-11-01,07R,0.0,0.0
2024-03-01,07R,0.0,0.0
2022-08-01,07R,0.0,0.0
2025-07-01,07R,0.0,0.0
2025-04-01,07R,0.0,0.0
2022-11-01,07R,0.0,0.0
2021-08-01,07R,0.0,0.0
2026-05-01,07R,0.0,0.0
2026-03-01,07R,0.0,0.0
2024-06-01,07R,0.0,0.0
2024-01-01,07R,0.0,0.0
2023-03-01,07R,0.0,0.0
2023-02-01,07R,0.0,0.0
2025-06-01,07R,0.0,0.0
2026-02-01,07R,0.0,0.0
2024-09-01,07R,0.0,0.0
2022-06-01,07R,0.0,0.0
2025-12-01,07R,0.0,0.0
2022-12-01,07R,0.0,0.0
2024-07-01,07R,0.0,0.0
2022-10-01,07R,0.0,0.0
2023-01-01,07R,0.0,0.0
2023-04-01,07R,0.0,0.0
2024-05-01,07R,0.0,0.0
2023-06-01,07R,0.0,0.0
2023-09-01,07R,0.0,0.0
2023-10-01,07R,0.0,0.0
2026-04-01,07R,0.0,0.0
2025-11-01,07R,0.0,0.0
2021-10-01,07R,0.0,0.0
2024-10-01,07R,0.0,0.0
2022-04-01,07R,0.0,0.0
2025-02-01,07R,0.0,0.0
2023-07-01,07R,0.0,0.0
2021-06-01,07R,0.0,0.0
2022-02-01,07R,0.0,0.0
2022-09-01,07R,0.0,0.0
2026-01-01,07R,0.0,0.0
2025-03-01,07R,0.0,0.0
2023-12-01,07R,0.0,0.0
2023-08-01,07R,0.0,0.0
2024-08-01,07R,0.0,0.0
2025-05-01,07R,0.0,0.0
2022-07-01,07R,0.0,0.0
2025-08-01,07R,0.0,0.0
2021-12-01,07R,0.0,0.0
2022-05-01,07R,0.0,0.0
2023-01-01,07T,0.0,0.0
2022-11-01,07T,0.0,0.0
2022-02-01,07T,0.0,0.0
2024-04-01,07T,0.0,0.0
2025-06-01,07T,0.0,0.0
2025-04-01,07T,0.0,0.0
2026-04-01,07T,0.0,0.0
2025-10-01,07T,0.0,0.0
2022-05-01,07T,0.0,0.0
2022-01-01,07T,0.0,0.0
2022-10-01,07T,0.0,0.0
2026-02-01,07T,0.0,0.0
2025-12-01,07T,0.0,0.0
2023-06-01,07T,0.0,0.0
2023-05-01,07T,0.0,0.0
2026-03-01,07T,0.0,0.0
2024-02-01,07T,0.0,0.0
2023-08-01,07T,0.0,0.0
2025-02-01,07T,0.0,0.0
2023-11-01,07T,0.0,0.0
2023-12-01,07T,0.0,0.0
2024-01-01,07T,0.0,0.0
2024-08-01,07T,0.0,0.0
2024-06-01,07T,0.0,0.0
2022-08-01,07T,0.0,0.0
2024-09-01,07T,0.0,0.0
2025-03-01,07T,0.0,0.0
2024-11-01,07T,0.0,0.0
2025-05-01,07T,0.0,0.0
2023-09-01,07T,0.0,0.0
2024-03-01,07T,0.0,0.0
2025-07-01,07T,0.0,0.0
2023-10-01,07T,0.0,0.0
2025-08-01,07T,0.0,0.0
2022-07-01,07T,0.0,0.0
2021-11-01,07T,0.0,0.0
2022-04-01,07T,0.0,0.0
2021-12-01,07T,0.0,0.0
2024-05-01,07T,0.0,0.0
2021-09-01,07T,0.0,0.0
2025-09-01,07T,0.0,0.0
2021-08-01,07T,0.0,0.0
2025-01-01,07T,0.0,0.0
2021-10-01,07T,0.0,0.0
2026-06-01,07T,0.0,0.0
2021-06-01,07T,0.0,0.0
2023-02-01,07T,0.0,0.0
2024-12-01,07T,0.0,0.0
2021-07-01,07T,0.0,0.0
2023-07-01,07T,0.0,0.0
2022-09-01,07T,0.0,0.0
2026-05-01,07T,0.0,0.0
2025-11-01,07T,0.0,0.0
2022-03-01,07T,0.0,0.0
2026-01-01,07T,0.0,0.0
2022-12-01,07T,0.0,0.0
2023-03-01,07T,0.0,0.0
2024-07-01,07T,0.0,0.0
2024-10-01,07T,0.0,0.0
2022-06-01,07T,0.0,0.0
2023-04-01,07T,0.0,0.0
2022-07-01,07V,0.0,0.0
2025-06-01,07V,0.0,0.0
2023-06-01,07V,0.0,0.0
2026-05-01,07V,0.0,0.0
2021-07-01,07V,0.0,0.0
2022-10-01,07V,0.0,0.0
2022-11-01,07V,0.0,0.0
2023-04-01,07V,0.0,0.0
2024-07-01,07V,0.0,0.0
2025-10-01,07V,0.0,0.0
2025-12-01,07V,0.0,0.0
2023-12-01,07V,0.0,0.0
2023-09-01,07V,0.0,0.0
2024-04-01,07V,0.0,0.0
2023-02-01,07V,0.0,0.0
2026-01-01,07V,0.0,0.0
2022-04-01,07V,0.0,0.0
2024-03-01,07V,0.0,0.0
2023-11-01,07V,0.0,0.0
2025-03-01,07V,0.0,0.0
2025-02-01,07V,0.0,0.0
2021-09-01,07V,0.0,0.0
2022-06-01,07V,0.0,0.0
2021-06-01,07V,0.0,0.0
2025-01-01,07V,0.0,0.0
2025-05-01,07V,0.0,0.0
2021-10-01,07V,0.0,0.0
2025-08-01,07V,0.0,0.0
2022-08-01,07V,0.0,0.0
2026-03-01,07V,0.0,0.0
2025-04-01,07V,0.0,0.0
2024-06-01,07V,0.0,0.0
2021-08-01,07V,0.0,0.0
2023-07-01,07V,0.0,0.0
2024-01-01,07V,0.0,0.0
2023-03-01,07V,0.0,0.0
2024-02-01,07V,0.0,0.0
2022-12-01,07V,0.0,0.0
2024-12-01,07V,0.0,0.0
2024-08-01,07V,0.0,0.0
2022-01-01,07V,0.0,0.0
2021-11-01,07V,0.0,0.0
2024-11-01,07V,0.0,0.0
2025-09-01,07V,0.0,0.0
2023-01-01,07V,0.0,0.0
2026-02-01,07V,0.0,0.0
2023-10-01,07V,0.0,0.0
2026-06-01,07V,0.0,0.0
2021-12-01,07V,0.0,0.0
2022-05-01,07V,0.0,0.0
2025-07-01,07V,0.0,0.0
2022-09-01,07V,0.0,0.0
2023-05-01,07V,0.0,0.0
2022-02-01,07V,0.0,0.0
2024-10-01,07V,0.0,0.0
2024-09-01,07V,0.0,0.0
2022-03-01,07V,0.0,0.0
2025-11-01,07V,0.0,0.0
2023-08-01,07V,0.0,0.0
2024-05-01,07V,0.0,0.0
2026-04-01,07V,0.0,0.0
2024-03-01,07W,0.0,0.0
2022-11-01,07W,0.0,0.0
2022-12-01,07W,0.0,0.0
2022-07-01,07W,0.0,0.0
2021-09-01,07W,0.0,0.0
2024-10-01,07W,0.0,0.0
2021-08-01,07W,0.0,0.0
2024-12-01,07W,0.0,0.0
2024-02-01,07W,0.0,0.0
2023-12-01,07W,0.0,0.0
2023-04-01,07W,0.0,0.0
2026-01-01,07W,0.0,0.0
2022-06-01,07W,0.0,0.0
2023-09-01,07W,0.0,0.0
2022-10-01,07W,0.0,0.0
2022-03-01,07W,0.0,0.0
2024-07-01,07W,0.0,0.0
2023-06-01,07W,0.0,0.0
2023-08-01,07W,0.0,0.0
2025-07-01,07W,0.0,0.0
2026-04-01,07W,0.0,0.0
2023-01-01,07W,0.0,0.0
2025-10-01,07W,0.0,0.0
2024-05-01,07W,0.0,0.0
2025-05-01,07W,0.0,0.0
2021-06-01,07W,0.0,0.0
2023-05-01,07W,0.0,0.0
2022-05-01,07W,0.0,0.0
2026-05-01,07W,0.0,0.0
2021-07-01,07W,0.0,0.0
2025-04-01,07W,0.0,0.0
2024-06-01,07W,0.0,0.0
2022-02-01,07W,0.0,0.0
2025-11-01,07W,0.0,0.0
2024-08-01,07W,0.0,0.0
2021-10-01,07W,0.0,0.0
2025-03-01,07W,0.0,0.0
2023-11-01,07W,0.0,0.0
2024-01-01,07W,0.0,0.0
2026-06-01,07W,0.0,0.0
2021-12-01,07W,0.0,0.0
2025-01-01,07W,0.0,0.0
2025-02-01,07W,0.0,0.0
2022-04-01,07W,0.0,0.0
2023-07-01,07W,0.0,0.0
2025-12-01,07W,0.0,0.0
2023-02-01,07W,0.0,0.0
2022-01-01,07W,0.0,0.0
2022-08-01,07W,0.0,0.0
2021-11-01,07W,0.0,0.0
2024-04-01,07W,0.0,0.0
2025-06-01,07W,0.0,0.0
2026-03-01,07W,0.0,0.0
2025-09-01,07W,0.0,0.0
2023-03-01,07W,0.0,0.0
2024-09-01,07W,0.0,0.0
2025-08-01,07W,0.0,0.0
2022-09-01,07W,0.0,0.0
2026-02-01,07W,0.0,0.0
2023-10-01,07W,0.0,0.0
2024-11-01,07W,0.0,0.0
2024-11-01,07X,0.0,0.0
2022-03-01,07X,0.0,0.0
2024-07-01,07X,0.0,0.0
2025-07-01,07X,0.0,0.0
2023-12-01,07X,0.0,0.0
2024-10-01,07X,0.0,0.0
2024-03-01,07X,0.0,0.0
2024-01-01,07X,0.0,0.0
2023-07-01,07X,0.0,0.0
2026-04-01,07X,0.0,0.0
2025-05-01,07X,0.0,0.0
2022-06-01,07X,0.0,0.0
2026-01-01,07X,0.0,0.0
2024-12-01,07X,0.0,0.0
2021-11-01,07X,0.0,0.0
2022-12-01,07X,0.0,0.0
2023-11-01,07X,0.0,0.0
2023-02-01,07X,0.0,0.0
2025-11-01,07X,0.0,0.0
2025-04-01,07X,0.0,0.0
2024-06-01,07X,0.0,0.0
2023-04-01,07X,0.0,0.0
2023-08-01,07X,0.0,0.0
2021-09-01,07X,0.0,0.0
2023-03-01,07X,0.0,0.0
2021-08-01,07X,0.0,0.0
2022-04-01,07X,0.0,0.0
2021-07-01,07X,0.0,0.0
2026-06-01,07X,0.0,0.0
2025-09-01,07X,0.0,0.0
2024-04-01,07X,0.0,0.0
2024-09-01,07X,0.0,0.0
2021-06-01,07X,0.0,0.0
2026-03-01,07X,0.0,0.0
2025-08-01,07X,0.0,0.0
2021-10-01,07X,0.0,0.0
2025-02-01,07X,0.0,0.0
2026-02-01,07X,0.0,0.0
2022-07-01,07X,0.0,0.0
2022-10-01,07X,0.0,0.0
2023-09-01,07X,0.0,0.0
2021-12-01,07X,0.0,0.0
2024-05-01,07X,0.0,0.0
2025-12-01,07X,0.0,0.0
2023-06-01,07X,0.0,0.0
2023-01-01,07X,0.0,0.0
2022-11-01,07X,0.0,0.0
2022-01-01,07X,0.0,0.0
2024-02-01,07X,0.0,0.0
2025-10-01,07X,0.0,0.0
2026-05-01,07X,0.0,0.0
2025-06-01,07X,0.0,0.0
2022-08-01,07X,0.0,0.0
2023-10-01,07X,0.0,0.0
2025-01-01,07X,0.0,0.0
2025-03-01,07X,0.0,0.0
2022-05-01,07X,0.0,0.0
2024-08-01,07X,0.0,0.0
2023-05-01,07X,0.0,0.0
2022-09-01,07X,0.0,0.0
2022-02-01,07X,0.0,0.0
2023-01-01,07Y,0.0,0.0
2026-05-01,07Y,0.0,0.0
2025-02-01,07Y,0.0,0.0
2024-10-01,07Y,0.0,0.0
2021-07-01,07Y,0.0,0.0
2023-06-01,07Y,0.0,0.0
2022-11-01,07Y,0.0,0.0
2022-12-01,07Y,0.0,0.0
2023-11-01,07Y,0.0,0.0
2022-06-01,07Y,0.0,0.0
2023-03-01,07Y,0.0,0.0
2025-03-01,07Y,0.0,0.0
2024-03-01,07Y,0.0,0.0
2024-09-01,07Y,0.0,0.0
2022-04-01,07Y,0.0,0.0
2026-02-01,07Y,0.0,0.0
2026-03-01,07Y,0.0,0.0
2025-12-01,07Y,0.0,0.0
2024-08-01,07Y,0.0,0.0
2022-02-01,07Y,0.0,0.0
2024-04-01,07Y,0.0,0.0
2025-07-01,07Y,0.0,0.0
2021-12-01,07Y,0.0,0.0
2022-07-01,07Y,0.0,0.0
2025-09-01,07Y,0.0,0.0
2022-05-01,07Y,0.0,0.0
2023-09-01,07Y,0.0,0.0
2022-10-01,07Y,0.0,0.0
2026-01-01,07Y,0.0,0.0
2026-06-01,07Y,0.0,0.0
2025-11-01,07Y,0.0,0.0
2024-12-01,07Y,0.0,0.0
2025-05-01,07Y,0.0,0.0
2023-07-01,07Y,0.0,0.0
2021-06-01,07Y,0.0,0.0
2023-08-01,07Y,0.0,0.0
2021-10-01,07Y,0.0,0.0
2023-05-01,07Y,0.0,0.0
2026-04-01,07Y,0.0,0.0
2025-10-01,07Y,0.0,0.0
2023-12-01,07Y,0.0,0.0
2021-09-01,07Y,0.0,0.0
2022-01-01,07Y,0.0,0.0
2024-01-01,07Y,0.0,0.0
2025-06-01,07Y,0.0,0.0
2022-03-01,07Y,0.0,0.0
2025-04-01,07Y,0.0,0.0
2022-08-01,07Y,0.0,0.0
2024-02-01,07Y,0.0,0.0
2024-07-01,07Y,0.0,0.0
2023-10-01,07Y,0.0,0.0
2021-08-01,07Y,0.0,0.0
2024-05-01,07Y,0.0,0.0
2023-02-01,07Y,0.0,0.0
2021-11-01,07Y,0.0,0.0
2025-08-01,07Y,0.0,0.0
2023-04-01,07Y,0.0,0.0
2024-06-01,07Y,0.0,0.0
2024-11-01,07Y,0.0,0.0
2022-09-01,07Y,0.0,0.0
2025-01-01,07Y,0.0,0.0
2021-12-01,08A,0.0,0.0
2025-11-01,08A,0.0,0.0
2024-01-01,08A,0.0,0.0
2023-09-01,08A,0.0,0.0
2025-05-01,08A,0.0,0.0
2022-01-01,08A,0.0,0.0
2024-11-01,08A,0.0,0.0
2024-03-01,08A,0.0,0.0
2022-03-01,08A,0.0,0.0
2023-06-01,08A,0.0,0.0
2023-10-01,08A,0.0,0.0
2025-10-01,08A,0.0,0.0
2025-12-01,08A,0.0,0.0
2026-02-01,08A,0.0,0.0
2023-03-01,08A,0.0,0.0
2023-05-01,08A,0.0,0.0
2024-02-01,08A,0.0,0.0
2025-08-01,08A,0.0,0.0
2022-10-01,08A,0.0,0.0
2026-05-01,08A,0.0,0.0
2021-06-01,08A,0.0,0.0
2025-06-01,08A,0.0,0.0
2024-05-01,08A,0.0,0.0
2023-04-01,08A,0.0,0.0
2023-08-01,08A,0.0,0.0
2026-01-01,08A,0.0,0.0
2022-12-01,08A,0.0,0.0
2023-07-01,08A,0.0,0.0
2026-06-01,08A,0.0,0.0
2024-04-01,08A,0.0,0.0
2025-04-01,08A,0.0,0.0
2023-11-01,08A,0.0,0.0
2024-06-01,08A,0.0,0.0
2022-09-01,08A,0.0,0.0
2021-11-01,08A,0.0,0.0
2022-05-01,08A,0.0,0.0
2026-04-01,08A,0.0,0.0
2022-04-01,08A,0.0,0.0
2024-08-01,08A,0.0,0.0
2023-01-01,08A,0.0,0.0
2022-06-01,08A,0.0,0.0
2025-03-01,08A,0.0,0.0
2021-10-01,08A,0.0,0.0
2024-07-01,08A,0.0,0.0
2021-09-01,08A,0.0,0.0
2021-08-01,08A,0.0,0.0
2022-02-01,08A,0.0,0.0
2022-07-01,08A,0.0,0.0
2025-02-01,08A,0.0,0.0
2024-12-01,08A,0.0,0.0
2023-02-01,08A,0.0,0.0
2025-07-01,08A,0.0,0.0
2022-08-01,08A,0.0,0.0
2024-10-01,08A,0.0,0.0
2025-01-01,08A,0.0,0.0
2023-12-01,08A,0.0,0.0
2025-09-01,08A,0.0,0.0
2021-07-01,08A,0.0,0.0
2022-11-01,08A,0.0,0.0
2024-09-01,08A,0.0,0.0
2026-03-01,08A,0.0,0.0
2025-11-01,08C,0.0,0.0
2025-02-01,08C,0.0,0.0
2024-12-01,08C,0.0,0.0
2026-02-01,08C,0.0,0.0
2021-10-01,08C,0.0,0.0
2025-04-01,08C,0.0,0.0
2024-06-01,08C,0.0,0.0
2024-11-01,08C,0.0,0.0
2023-02-01,08C,0.0,0.0
2022-05-01,08C,0.0,0.0
2023-08-01,08C,0.0,0.0
2021-07-01,08C,0.0,0.0
2024-03-01,08C,0.0,0.0
2022-06-01,08C,0.0,0.0
2023-03-01,08C,0.0,0.0
2023-06-01,08C,0.0,0.0
2021-08-01,08C,0.0,0.0
2024-07-01,08C,0.0,0.0
2025-06-01,08C,0.0,0.0
2025-03-01,08C,0.0,0.0
2025-07-01,08C,0.0,0.0
2026-01-01,08C,0.0,0.0
2024-05-01,08C,0.0,0.0
2025-08-01,08C,0.0,0.0
2024-09-01,08C,0.0,0.0
2025-01-01,08C,0.0,0.0
2021-12-01,08C,0.0,0.0
2024-04-01,08C,0.0,0.0
2024-08-01,08C,0.0,0.0
2025-09-01,08C,0.0,0.0
2023-05-01,08C,0.0,0.0
2022-07-01,08C,0.0,0.0
2026-04-01,08C,0.0,0.0
2025-05-01,08C,0.0,0.0
2023-09-01,08C,0.0,0.0
2022-01-01,08C,0.0,0.0
2022-09-01,08C,0.0,0.0
2025-12-01,08C,0.0,0.0
2023-12-01,08C,0.0,0.0
2026-03-01,08C,0.0,0.0
2021-09-01,08C,0.0,0.0
2026-06-01,08C,0.0,0.0
2024-02-01,08C,0.0,0.0
2022-03-01,08C,0.0,0.0
2022-04-01,08C,0.0,0.0
2021-06-01,08C,0.0,0.0
2022-08-01,08C,0.0,0.0
2023-07-01,08C,0.0,0.0
2022-12-01,08C,0.0,0.0
2022-11-01,08C,0.0,0.0
2023-11-01,08C,0.0,0.0
2026-05-01,08C,0.0,0.0
2023-04-01,08C,0.0,0.0
2024-10-01,08C,0.0,0.0
2025-10-01,08C,0.0,0.0
2023-10-01,08C,0.0,0.0
2024-01-01,08C,0.0,0.0
2021-11-01,08C,0.0,0.0
2022-10-01,08C,0.0,0.0
2023-01-01,08C,0.0,0.0
2022-02-01,08C,0.0,0.0
2023-08-01,08D,0.0,0.0
2021-09-01,08D,0.0,0.0
2022-11-01,08D,0.0,0.0
2025-06-01,08D,0.0,0.0
2026-03-01,08D,0.0,0.0
2022-05-01,08D,0.0,0.0
2022-09-01,08D,0.0,0.0
2025-08-01,08D,0.0,0.0
2023-11-01,08D,0.0,0.0
2024-05-01,08D,0.0,0.0
2025-05-01,08D,0.0,0.0
2023-06-01,08D,0.0,0.0
2023-10-01,08D,0.0,0.0
2026-02-01,08D,0.0,0.0
2022-03-01,08D,0.0,0.0
2024-02-01,08D,0.0,0.0
2021-07-01,08D,0.0,0.0
2024-06-01,08D,0.0,0.0
2024-08-01,08D,0.0,0.0
2024-09-01,08D,0.0,0.0
2021-12-01,08D,0.0,0.0
2026-05-01,08D,0.0,0.0
2024-04-01,08D,0.0,0.0
2024-12-01,08D,0.0,0.0
2026-06-01,08D,0.0,0.0
2023-03-01,08D,0.0,0.0
2022-02-01,08D,0.0,0.0
2025-04-01,08D,0.0,0.0
2022-10-01,08D,0.0,0.0
2022-01-01,08D,0.0,0.0
2022-06-01,08D,0.0,0.0
2023-07-01,08D,0.0,0.0
2023-01-01,08D,0.0,0.0
2025-02-01,08D,0.0,0.0
2025-12-01,08D,0.0,0.0
2023-09-01,08D,0.0,0.0
2023-12-01,08D,0.0,0.0
2021-10-01,08D,0.0,0.0
2025-07-01,08D,0.0,0.0
2021-11-01,08D,0.0,0.0
2022-08-01,08D,0.0,0.0
2022-07-01,08D,0.0,0.0
2025-03-01,08D,0.0,0.0
2025-09-01,08D,0.0,0.0
2024-11-01,08D,0.0,0.0
2021-06-01,08D,0.0,0.0
2023-02-01,08D,0.0,0.0
2025-11-01,08D,0.0,0.0
2024-07-01,08D,0.0,0.0
2023-04-01,08D,0.0,0.0
2021-08-01,08D,0.0,0.0
2025-01-01,08D,0.0,0.0
2025-10-01,08D,0.0,0.0
2026-04-01,08D,0.0,0.0
2023-05-01,08D,0.0,0.0
2022-04-01,08D,0.0,0.0
2024-01-01,08D,0.0,0.0
2024-10-01,08D,0.0,0.0
2024-03-01,08D,0.0,0.0
2026-01-01,08D,0.0,0.0
2022-12-01,08D,0.0,0.0
2025-07-01,08E,0.0,0.0
2024-11-01,08E,0.0,0.0
2025-02-01,08E,0.0,0.0
2026-01-01,08E,0.0,0.0
2025-01-01,08E,0.0,0.0
2022-05-01,08E,0.0,0.0
2022-03-01,08E,0.0,0.0
2024-08-01,08E,0.0,0.0
2023-05-01,08E,0.0,0.0
2024-09-01,08E,0.0,0.0
2022-12-01,08E,0.0,0.0
2023-06-01,08E,0.0,0.0
2024-05-01,08E,0.0,0.0
2025-09-01,08E,0.0,0.0
2023-09-01,08E,0.0,0.0
2025-05-01,08E,0.0,0.0
2024-01-01,08E,0.0,0.0
2021-06-01,08E,0.0,0.0
2025-06-01,08E,0.0,0.0
2024-04-01,08E,0.0,0.0
2023-11-01,08E,0.0,0.0
2024-03-01,08E,0.0,0.0
2021-10-01,08E,0.0,0.0
2023-02-01,08E,0.0,0.0
2022-02-01,08E,0.0,0.0
2024-10-01,08E,0.0,0.0
2021-07-01,08E,0.0,0.0
2026-05-01,08E,0.0,0.0
2024-06-01,08E,0.0,0.0
2021-08-01,08E,0.0,0.0
2025-12-01,08E,0.0,0.0
2025-10-01,08E,0.0,0.0
2023-12-01,08E,0.0,0.0
2022-04-01,08E,0.0,0.0
2021-11-01,08E,0.0,0.0
2026-03-01,08E,0.0,0.0
2022-06-01,08E,0.0,0.0
2025-04-01,08E,0.0,0.0
2024-07-01,08E,0.0,0.0
2022-01-01,08E,0.0,0.0
2022-08-01,08E,0.0,0.0
2025-03-01,08E,0.0,0.0
2024-12-01,08E,0.0,0.0
2022-11-01,08E,0.0,0.0
2023-03-01,08E,0.0,0.0
2023-04-01,08E,0.0,0.0
2022-09-01,08E,0.0,0.0
2023-07-01,08E,0.0,0.0
2025-11-01,08E,0.0,0.0
2023-01-01,08E,0.0,0.0
2025-08-01,08E,0.0,0.0
2023-08-01,08E,0.0,0.0
2026-06-01,08E,0.0,0.0
2026-02-01,08E,0.0,0.0
2022-07-01,08E,0.0,0.0
2022-10-01,08E,0.0,0.0
2023-10-01,08E,0.0,0.0
2021-09-01,08E,0.0,0.0
2026-04-01,08E,0.0,0.0
2021-12-01,08E,0.0,0.0
2024-02-01,08E,0.0,0.0
2025-05-01,08F,0.0,0.0
2021-07-01,08F,0.0,0.0
2024-02-01,08F,0.0,0.0
2022-03-01,08F,0.0,0.0
2026-03-01,08F,0.0,0.0
2025-03-01,08F,0.0,0.0
2023-10-01,08F,0.0,0.0
2023-11-01,08F,0.0,0.0
2025-02-01,08F,0.0,0.0
2024-08-01,08F,0.0,0.0
2023-08-01,08F,0.0,0.0
2021-08-01,08F,0.0,0.0
2025-12-01,08F,0.0,0.0
2023-01-01,08F,0.0,0.0
2022-07-01,08F,0.0,0.0
2024-11-01,08F,0.0,0.0
2021-12-01,08F,0.0,0.0
2024-03-01,08F,0.0,0.0
2024-05-01,08F,0.0,0.0
2025-11-01,08F,0.0,0.0
2024-04-01,08F,0.0,0.0
2026-04-01,08F,0.0,0.0
2025-06-01,08F,0.0,0.0
2022-06-01,08F,0.0,0.0
2025-04-01,08F,0.0,0.0
2022-12-01,08F,0.0,0.0
2023-06-01,08F,0.0,0.0
2022-02-01,08F,0.0,0.0
2023-04-01,08F,0.0,0.0
2025-07-01,08F,0.0,0.0
2023-05-01,08F,0.0,0.0
2021-11-01,08F,0.0,0.0
2025-01-01,08F,0.0,0.0
2021-10-01,08F,0.0,0.0
2021-06-01,08F,0.0,0.0
2026-05-01,08F,0.0,0.0
2024-09-01,08F,0.0,0.0
2026-01-01,08F,0.0,0.0
2022-01-01,08F,0.0,0.0
2021-09-01,08F,0.0,0.0
2024-10-01,08F,0.0,0.0
2024-12-01,08F,0.0,0.0
2024-06-01,08F,0.0,0.0
2025-08-01,08F,0.0,0.0
2025-09-01,08F,0.0,0.0
2022-09-01,08F,0.0,0.0
2024-01-01,08F,0.0,0.0
2025-10-01,08F,0.0,0.0
2023-03-01,08F,0.0,0.0
2023-07-01,08F,0.0,0.0
2022-08-01,08F,0.0,0.0
2022-05-01,08F,0.0,0.0
2024-07-01,08F,0.0,0.0
2026-06-01,08F,0.0,0.0
2023-02-01,08F,0.0,0.0
2022-04-01,08F,0.0,0.0
2026-02-01,08F,0.0,0.0
2022-11-01,08F,0.0,0.0
2022-10-01,08F,0.0,0.0
2023-12-01,08F,0.0,0.0
2023-09-01,08F,0.0,0.0
2023-09-01,08G,0.0,0.0
2024-03-01,08G,0.0,0.0
2024-01-01,08G,0.0,0.0
2026-03-01,08G,0.0,0.0
2024-12-01,08G,0.0,0.0
2021-08-01,08G,0.0,0.0
2022-09-01,08G,0.0,0.0
2021-10-01,08G,0.0,0.0
2021-11-01,08G,0.0,0.0
2025-12-01,08G,0.0,0.0
2023-01-01,08G,0.0,0.0
2024-11-01,08G,0.0,0.0
2026-04-01,08G,0.0,0.0
2024-05-01,08G,0.0,0.0
2025-07-01,08G,0.0,0.0
2023-10-01,08G,0.0,0.0
2022-12-01,08G,0.0,0.0
2022-06-01,08G,0.0,0.0
2023-08-01,08G,0.0,0.0
2026-05-01,08G,0.0,0.0
2023-06-01,08G,0.0,0.0
2025-06-01,08G,0.0,0.0
2025-03-01,08G,0.0,0.0
2021-07-01,08G,0.0,0.0
2024-04-01,08G,0.0,0.0
2022-10-01,08G,0.0,0.0
2022-03-01,08G,0.0,0.0
2023-02-01,08G,0.0,0.0
2025-04-01,08G,0.0,0.0
2023-03-01,08G,0.0,0.0
2021-09-01,08G,0.0,0.0
2024-10-01,08G,0.0,0.0
2025-01-01,08G,0.0,0.0
2025-10-01,08G,0.0,0.0
2025-05-01,08G,0.0,0.0
2021-06-01,08G,0.0,0.0
2022-05-01,08G,0.0,0.0
2024-08-01,08G,0.0,0.0
2022-04-01,08G,0.0,0.0
2023-07-01,08G,0.0,0.0
2025-02-01,08G,0.0,0.0
2024-06-01,08G,0.0,0.0
2022-01-01,08G,0.0,0.0
2022-07-01,08G,0.0,0.0
2022-08-01,08G,0.0,0.0
2026-01-01,08G,0.0,0.0
2024-02-01,08G,0.0,0.0
2021-12-01,08G,0.0,0.0
2023-05-01,08G,0.0,0.0
2024-09-01,08G,0.0,0.0
2025-08-01,08G,0.0,0.0
2023-11-01,08G,0.0,0.0
2025-11-01,08G,0.0,0.0
2023-04-01,08G,0.0,0.0
2022-11-01,08G,0.0,0.0
2026-06-01,08G,0.0,0.0
2026-02-01,08G,0.0,0.0
2022-02-01,08G,0.0,0.0
2024-07-01,08G,0.0,0.0
2023-12-01,08G,0.0,0.0
2025-09-01,08G,0.0,0.0
2023-01-01,08H,0.0,0.0
2023-11-01,08H,0.0,0.0
2022-03-01,08H,0.0,0.0
2025-07-01,08H,0.0,0.0
2025-09-01,08H,0.0,0.0
2024-05-01,08H,0.0,0.0
2022-09-01,08H,0.0,0.0
2023-04-01,08H,0.0,0.0
2023-05-01,08H,0.0,0.0
2022-02-01,08H,0.0,0.0
2025-01-01,08H,0.0,0.0
2024-12-01,08H,0.0,0.0
2023-09-01,08H,0.0,0.0
2021-08-01,08H,0.0,0.0
2021-11-01,08H,0.0,0.0
2024-06-01,08H,0.0,0.0
2025-06-01,08H,0.0,0.0
2024-11-01,08H,0.0,0.0
2024-04-01,08H,0.0,0.0
2022-10-01,08H,0.0,0.0
2023-03-01,08H,0.0,0.0
2023-07-01,08H,0.0,0.0
2025-11-01,08H,0.0,0.0
2026-05-01,08H,0.0,0.0
2021-09-01,08H,0.0,0.0
2023-06-01,08H,0.0,0.0
2022-01-01,08H,0.0,0.0
2025-05-01,08H,0.0,0.0
2025-02-01,08H,0.0,0.0
2024-09-01,08H,0.0,0.0
2026-04-01,08H,0.0,0.0
2023-12-01,08H,0.0,0.0
2023-10-01,08H,0.0,0.0
2023-08-01,08H,0.0,0.0
2025-03-01,08H,0.0,0.0
2021-10-01,08H,0.0,0.0
2022-05-01,08H,0.0,0.0
2023-02-01,08H,0.0,0.0
2024-10-01,08H,0.0,0.0
2025-04-01,08H,0.0,0.0
2022-07-01,08H,0.0,0.0
2025-10-01,08H,0.0,0.0
2022-12-01,08H,0.0,0.0
2025-08-01,08H,0.0,0.0
2024-03-01,08H,0.0,0.0
2025-12-01,08H,0.0,0.0
2026-03-01,08H,0.0,0.0
2021-07-01,08H,0.0,0.0
2026-01-01,08H,0.0,0.0
2021-06-01,08H,0.0,0.0
2024-01-01,08H,0.0,0.0
2024-07-01,08H,0.0,0.0
2022-08-01,08H,0.0,0.0
2022-11-01,08H,0.0,0.0
2024-08-01,08H,0.0,0.0
2021-12-01,08H,0.0,0.0
2022-06-01,08H,0.0,0.0
2026-06-01,08H,0.0,0.0
2024-02-01,08H,0.0,0.0
2022-04-01,08H,0.0,0.0
2026-02-01,08H,0.0,0.0
2022-11-01,08J,0.0,0.0
2023-08-01,08J,0.0,0.0
2023-07-01,08J,0.0,0.0
2023-09-01,08J,0.0,0.0
2024-03-01,08J,0.0,0.0
2021-06-01,08J,0.0,0.0
2023-05-01,08J,0.0,0.0
2024-09-01,08J,0.0,0.0
2021-08-01,08J,0.0,0.0
2022-07-01,08J,0.0,0.0
2021-10-01,08J,0.0,0.0
2024-11-01,08J,0.0,0.0
2023-11-01,08J,0.0,0.0
2024-02-01,08J,0.0,0.0
2023-03-01,08J,0.0,0.0
2026-01-01,08J,0.0,0.0
2021-11-01,08J,0.0,0.0
2023-04-01,08J,0.0,0.0
2024-12-01,08J,0.0,0.0
2023-06-01,08J,0.0,0.0
2024-07-01,08J,0.0,0.0
2025-10-01,08J,0.0,0.0
2022-12-01,08J,0.0,0.0
2022-05-01,08J,0.0,0.0
2025-07-01,08J,0.0,0.0
2021-09-01,08J,0.0,0.0
2026-06-01,08J,0.0,0.0
2024-01-01,08J,0.0,0.0
2023-12-01,08J,0.0,0.0
2024-04-01,08J,0.0,0.0
2024-10-01,08J,0.0,0.0
2026-05-01,08J,0.0,0.0
2024-06-01,08J,0.0,0.0
2025-05-01,08J,0.0,0.0
2025-03-01,08J,0.0,0.0
2022-01-01,08J,0.0,0.0
2025-08-01,08J,0.0,0.0
2022-04-01,08J,0.0,0.0
2024-05-01,08J,0.0,0.0
2023-10-01,08J,0.0,0.0
2022-02-01,08J,0.0,0.0
2022-06-01,08J,0.0,0.0
2022-08-01,08J,0.0,0.0
2024-08-01,08J,0.0,0.0
2023-01-01,08J,0.0,0.0
2023-02-01,08J,0.0,0.0
2025-01-01,08J,0.0,0.0
2025-09-01,08J,0.0,0.0
2026-04-01,08J,0.0,0.0
2025-11-01,08J,0.0,0.0
2026-03-01,08J,0.0,0.0
2021-12-01,08J,0.0,0.0
2022-03-01,08J,0.0,0.0
2021-07-01,08J,0.0,0.0
2022-10-01,08J,0.0,0.0
2025-06-01,08J,0.0,0.0
2022-09-01,08J,0.0,0.0
2025-02-01,08J,0.0,0.0
2025-12-01,08J,0.0,0.0
2026-02-01,08J,0.0,0.0
2025-04-01,08J,0.0,0.0
2022-11-01,08K,0.0,0.0
2021-06-01,08K,0.0,0.0
2021-12-01,08K,0.0,0.0
2022-05-01,08K,0.0,0.0
2022-03-01,08K,0.0,0.0
2025-08-01,08K,0.0,0.0
2025-05-01,08K,0.0,0.0
2024-11-01,08K,0.0,0.0
2023-06-01,08K,0.0,0.0
2023-01-01,08K,0.0,0.0
2025-12-01,08K,0.0,0.0
2021-10-01,08K,0.0,0.0
2023-11-01,08K,0.0,0.0
2023-03-01,08K,0.0,0.0
2022-09-01,08K,0.0,0.0
2025-01-01,08K,0.0,0.0
2026-01-01,08K,0.0,0.0
2024-01-01,08K,0.0,0.0
2023-05-01,08K,0.0,0.0
2022-06-01,08K,0.0,0.0
2024-08-01,08K,0.0,0.0
2026-02-01,08K,0.0,0.0
2022-12-01,08K,0.0,0.0
2024-04-01,08K,0.0,0.0
2022-04-01,08K,0.0,0.0
2022-01-01,08K,0.0,0.0
2025-11-01,08K,0.0,0.0
2023-02-01,08K,0.0,0.0
2022-02-01,08K,0.0,0.0
2025-02-01,08K,0.0,0.0
2025-06-01,08K,0.0,0.0
2025-04-01,08K,0.0,0.0
2025-07-01,08K,0.0,0.0
2021-08-01,08K,0.0,0.0
2023-12-01,08K,0.0,0.0
2024-03-01,08K,0.0,0.0
2024-07-01,08K,0.0,0.0
2024-06-01,08K,0.0,0.0
2024-12-01,08K,0.0,0.0
2023-08-01,08K,0.0,0.0
2021-07-01,08K,0.0,0.0
2023-04-01,08K,0.0,0.0
2026-04-01,08K,0.0,0.0
2026-05-01,08K,0.0,0.0
2021-11-01,08K,0.0,0.0
2022-10-01,08K,0.0,0.0
2022-07-01,08K,0.0,0.0
2023-10-01,08K,0.0,0.0
2025-09-01,08K,0.0,0.0
2021-09-01,08K,0.0,0.0
2023-07-01,08K,0.0,0.0
2022-08-01,08K,0.0,0.0
2023-09-01,08K,0.0,0.0
2026-06-01,08K,0.0,0.0
2025-03-01,08K,0.0,0.0
2024-09-01,08K,0.0,0.0
2024-02-01,08K,0.0,0.0
2024-05-01,08K,0.0,0.0
2024-10-01,08K,0.0,0.0
2025-10-01,08K,0.0,0.0
2026-03-01,08K,0.0,0.0
2025-08-01,08L,0.0,0.0
2025-11-01,08L,0.0,0.0
2023-10-01,08L,0.0,0.0
2023-07-01,08L,0.0,0.0
2025-06-01,08L,0.0,0.0
2022-04-01,08L,0.0,0.0
2022-10-01,08L,0.0,0.0
2022-01-01,08L,0.0,0.0
2024-04-01,08L,0.0,0.0
2022-06-01,08L,0.0,0.0
2023-12-01,08L,0.0,0.0
2021-12-01,08L,0.0,0.0
2025-01-01,08L,0.0,0.0
2025-09-01,08L,0.0,0.0
2025-12-01,08L,0.0,0.0
2026-01-01,08L,0.0,0.0
2026-02-01,08L,0.0,0.0
2023-05-01,08L,0.0,0.0
2024-01-01,08L,0.0,0.0
2025-02-01,08L,0.0,0.0
2024-06-01,08L,0.0,0.0
2025-03-01,08L,0.0,0.0
2023-09-01,08L,0.0,0.0
2021-09-01,08L,0.0,0.0
2026-03-01,08L,0.0,0.0
2023-02-01,08L,0.0,0.0
2021-08-01,08L,0.0,0.0
2024-05-01,08L,0.0,0.0
2023-08-01,08L,0.0,0.0
2021-07-01,08L,0.0,0.0
2026-05-01,08L,0.0,0.0
2025-04-01,08L,0.0,0.0
2021-10-01,08L,0.0,0.0
2022-08-01,08L,0.0,0.0
2022-03-01,08L,0.0,0.0
2022-05-01,08L,0.0,0.0
2022-11-01,08L,0.0,0.0
2023-06-01,08L,0.0,0.0
2025-10-01,08L,0.0,0.0
2025-07-01,08L,0.0,0.0
2024-11-01,08L,0.0,0.0
2021-11-01,08L,0.0,0.0
2024-10-01,08L,0.0,0.0
2022-07-01,08L,0.0,0.0
2023-01-01,08L,0.0,0.0
2026-04-01,08L,0.0,0.0
2023-04-01,08L,0.0,0.0
2026-06-01,08L,0.0,0.0
2023-03-01,08L,0.0,0.0
2023-11-01,08L,0.0,0.0
2024-03-01,08L,0.0,0.0
2024-07-01,08L,0.0,0.0
2022-09-01,08L,0.0,0.0
2024-09-01,08L,0.0,0.0
2021-06-01,08L,0.0,0.0
2024-12-01,08L,0.0,0.0
2024-02-01,08L,0.0,0.0
2024-08-01,08L,0.0,0.0
2025-05-01,08L,0.0,0.0
2022-02-01,08L,0.0,0.0
2022-12-01,08L,0.0,0.0
2025-09-01,08M,0.0,0.0
2026-06-01,08M,0.0,0.0
2025-10-01,08M,0.0,0.0
2025-01-01,08M,0.0,0.0
2026-02-01,08M,0.0,0.0
2025-04-01,08M,0.0,0.0
2025-11-01,08M,0.0,0.0
2023-07-01,08M,0.0,0.0
2023-12-01,08M,0.0,0.0
2022-08-01,08M,0.0,0.0
2021-10-01,08M,0.0,0.0
2025-07-01,08M,0.0,0.0
2024-02-01,08M,0.0,0.0
2025-08-01,08M,0.0,0.0
2022-06-01,08M,0.0,0.0
2022-12-01,08M,0.0,0.0
2023-04-01,08M,0.0,0.0
2022-01-01,08M,0.0,0.0
2022-05-01,08M,0.0,0.0
2024-11-01,08M,0.0,0.0
2022-04-01,08M,0.0,0.0
2023-08-01,08M,0.0,0.0
2021-11-01,08M,0.0,0.0
2021-12-01,08M,0.0,0.0
2024-09-01,08M,0.0,0.0
2022-09-01,08M,0.0,0.0
2024-01-01,08M,0.0,0.0
2023-06-01,08M,0.0,0.0
2021-08-01,08M,0.0,0.0
2024-10-01,08M,0.0,0.0
2025-12-01,08M,0.0,0.0
2023-02-01,08M,0.0,0.0
2023-10-01,08M,0.0,0.0
2024-06-01,08M,0.0,0.0
2021-06-01,08M,0.0,0.0
2024-07-01,08M,0.0,0.0
2024-03-01,08M,0.0,0.0
2025-06-01,08M,0.0,0.0
2023-03-01,08M,0.0,0.0
2024-05-01,08M,0.0,0.0
2026-05-01,08M,0.0,0.0
2022-03-01,08M,0.0,0.0
2025-03-01,08M,0.0,0.0
2023-01-01,08M,0.0,0.0
2022-10-01,08M,0.0,0.0
2024-08-01,08M,0.0,0.0
2023-05-01,08M,0.0,0.0
2023-11-01,08M,0.0,0.0
2026-03-01,08M,0.0,0.0
2022-07-01,08M,0.0,0.0
2021-09-01,08M,0.0,0.0
2021-07-01,08M,0.0,0.0
2022-11-01,08M,0.0,0.0
2024-04-01,08M,0.0,0.0
2026-01-01,08M,0.0,0.0
2025-02-01,08M,0.0,0.0
2023-09-01,08M,0.0,0.0
2026-04-01,08M,0.0,0.0
2025-05-01,08M,0.0,0.0
2024-12-01,08M,0.0,0.0
2022-02-01,08M,0.0,0.0
2023-12-01,08N,0.0,0.0
2026-03-01,08N,0.0,0.0
2026-02-01,08N,0.0,0.0
2024-12-01,08N,0.0,0.0
2021-09-01,08N,0.0,0.0
2024-03-01,08N,0.0,0.0
2023-03-01,08N,0.0,0.0
2024-02-01,08N,0.0,0.0
2024-05-01,08N,0.0,0.0
2022-08-01,08N,0.0,0.0
2021-11-01,08N,0.0,0.0
2025-08-01,08N,0.0,0.0
2025-10-01,08N,0.0,0.0
2023-11-01,08N,0.0,0.0
2025-12-01,08N,0.0,0.0
2022-11-01,08N,0.0,0.0
2022-09-01,08N,0.0,0.0
2021-06-01,08N,0.0,0.0
2025-11-01,08N,0.0,0.0
2021-08-01,08N,0.0,0.0
2026-01-01,08N,0.0,0.0
2024-08-01,08N,0.0,0.0
2023-07-01,08N,0.0,0.0
2023-01-01,08N,0.0,0.0
2023-02-01,08N,0.0,0.0
2024-09-01,08N,0.0,0.0
2024-07-01,08N,0.0,0.0
2022-06-01,08N,0.0,0.0
2025-05-01,08N,0.0,0.0
2022-10-01,08N,0.0,0.0
2024-10-01,08N,0.0,0.0
2022-05-01,08N,0.0,0.0
2025-01-01,08N,0.0,0.0
2025-07-01,08N,0.0,0.0
2022-02-01,08N,0.0,0.0
2025-02-01,08N,0.0,0.0
2023-06-01,08N,0.0,0.0
2022-07-01,08N,0.0,0.0
2025-03-01,08N,0.0,0.0
2022-03-01,08N,0.0,0.0
2024-06-01,08N,0.0,0.0
2021-12-01,08N,0.0,0.0
2022-01-01,08N,0.0,0.0
2025-09-01,08N,0.0,0.0
2024-01-01,08N,0.0,0.0
2026-04-01,08N,0.0,0.0
2025-06-01,08N,0.0,0.0
2025-04-01,08N,0.0,0.0
2026-05-01,08N,0.0,0.0
2022-12-01,08N,0.0,0.0
2023-05-01,08N,0.0,0.0
2023-09-01,08N,0.0,0.0
2023-08-01,08N,0.0,0.0
2021-10-01,08N,0.0,0.0
2021-07-01,08N,0.0,0.0
2023-04-01,08N,0.0,0.0
2024-04-01,08N,0.0,0.0
2023-10-01,08N,0.0,0.0
2026-06-01,08N,0.0,0.0
2024-11-01,08N,0.0,0.0
2022-04-01,08N,0.0,0.0
2021-08-01,08Q,0.0,0.0
2021-10-01,08Q,0.0,0.0
2024-01-01,08Q,0.0,0.0
2021-06-01,08Q,0.0,0.0
2024-05-01,08Q,0.0,0.0
2025-04-01,08Q,0.0,0.0
2023-05-01,08Q,0.0,0.0
2022-11-01,08Q,0.0,0.0
2022-04-01,08Q,0.0,0.0
2026-05-01,08Q,0.0,0.0
2023-06-01,08Q,0.0,0.0
2023-09-01,08Q,0.0,0.0
2021-09-01,08Q,0.0,0.0
2025-10-01,08Q,0.0,0.0
2025-02-01,08Q,0.0,0.0
2022-08-01,08Q,0.0,0.0
2024-12-01,08Q,0.0,0.0
2024-11-01,08Q,0.0,0.0
2022-03-01,08Q,0.0,0.0
2021-11-01,08Q,0.0,0.0
2026-04-01,08Q,0.0,0.0
2022-05-01,08Q,0.0,0.0
2022-09-01,08Q,0.0,0.0
2026-02-01,08Q,0.0,0.0
2023-11-01,08Q,0.0,0.0
2024-10-01,08Q,0.0,0.0
2025-05-01,08Q,0.0,0.0
2024-08-01,08Q,0.0,0.0
2025-07-01,08Q,0.0,0.0
2025-03-01,08Q,0.0,0.0
2025-08-01,08Q,0.0,0.0
2021-07-01,08Q,0.0,0.0
2022-02-01,08Q,0.0,0.0
2026-06-01,08Q,0.0,0.0
2021-12-01,08Q,0.0,0.0
2022-01-01,08Q,0.0,0.0
2025-12-01,08Q,0.0,0.0
2024-09-01,08Q,0.0,0.0
2022-06-01,08Q,0.0,0.0
2023-08-01,08Q,0.0,0.0
2024-03-01,08Q,0.0,0.0
2024-02-01,08Q,0.0,0.0
2022-07-01,08Q,0.0,0.0
2024-04-01,08Q,0.0,0.0
2025-06-01,08Q,0.0,0.0
2025-11-01,08Q,0.0,0.0
2024-06-01,08Q,0.0,0.0
2024-07-01,08Q,0.0,0.0
2023-10-01,08Q,0.0,0.0
2023-12-01,08Q,0.0,0.0
2025-09-01,08Q,0.0,0.0
2023-02-01,08Q,0.0,0.0
2026-03-01,08Q,0.0,0.0
2023-01-01,08Q,0.0,0.0
2026-01-01,08Q,0.0,0.0
2025-01-01,08Q,0.0,0.0
2023-07-01,08Q,0.0,0.0
2022-12-01,08Q,0.0,0.0
2023-03-01,08Q,0.0,0.0
2023-04-01,08Q,0.0,0.0
2022-10-01,08Q,0.0,0.0
2026-06-01,08R,0.0,0.0
2023-04-01,08R,0.0,0.0
2025-11-01,08R,0.0,0.0
2024-08-01,08R,0.0,0.0
2025-04-01,08R,0.0,0.0
2025-01-01,08R,0.0,0.0
2022-03-01,08R,0.0,0.0
2023-08-01,08R,0.0,0.0
2022-04-01,08R,0.0,0.0
2022-07-01,08R,0.0,0.0
2023-06-01,08R,0.0,0.0
2024-06-01,08R,0.0,0.0
2026-04-01,08R,0.0,0.0
2024-12-01,08R,0.0,0.0
2023-09-01,08R,0.0,0.0
2025-09-01,08R,0.0,0.0
2026-01-01,08R,0.0,0.0
2025-07-01,08R,0.0,0.0
2022-05-01,08R,0.0,0.0
2022-09-01,08R,0.0,0.0
2025-05-01,08R,0.0,0.0
2023-02-01,08R,0.0,0.0
2021-10-01,08R,0.0,0.0
2023-07-01,08R,0.0,0.0
2023-03-01,08R,0.0,0.0
2026-05-01,08R,0.0,0.0
2021-08-01,08R,0.0,0.0
2022-06-01,08R,0.0,0.0
2023-11-01,08R,0.0,0.0
2021-07-01,08R,0.0,0.0
2024-09-01,08R,0.0,0.0
2022-01-01,08R,0.0,0.0
2026-03-01,08R,0.0,0.0
2021-06-01,08R,0.0,0.0
2022-10-01,08R,0.0,0.0
2021-11-01,08R,0.0,0.0
2025-06-01,08R,0.0,0.0
2022-12-01,08R,0.0,0.0
2024-04-01,08R,0.0,0.0
2023-12-01,08R,0.0,0.0
2022-08-01,08R,0.0,0.0
2025-12-01,08R,0.0,0.0
2023-01-01,08R,0.0,0.0
2024-11-01,08R,0.0,0.0
2025-08-01,08R,0.0,0.0
2022-02-01,08R,0.0,0.0
2024-03-01,08R,0.0,0.0
2022-11-01,08R,0.0,0.0
2024-02-01,08R,0.0,0.0
2024-01-01,08R,0.0,0.0
2024-07-01,08R,0.0,0.0
2025-10-01,08R,0.0,0.0
2021-09-01,08R,0.0,0.0
2023-05-01,08R,0.0,0.0
2024-10-01,08R,0.0,0.0
2023-10-01,08R,0.0,0.0
2021-12-01,08R,0.0,0.0
2024-05-01,08R,0.0,0.0
2025-02-01,08R,0.0,0.0
2025-03-01,08R,0.0,0.0
2026-02-01,08R,0.0,0.0
2023-12-01,08T,0.0,0.0
2026-02-01,08T,0.0,0.0
2021-08-01,08T,0.0,0.0
2023-11-01,08T,0.0,0.0
2025-05-01,08T,0.0,0.0
2022-04-01,08T,0.0,0.0
2024-01-01,08T,0.0,0.0
2026-04-01,08T,0.0,0.0
2023-03-01,08T,0.0,0.0
2022-08-01,08T,0.0,0.0
2021-11-01,08T,0.0,0.0
2025-06-01,08T,0.0,0.0
2021-06-01,08T,0.0,0.0
2023-01-01,08T,0.0,0.0
2024-04-01,08T,0.0,0.0
2022-07-01,08T,0.0,0.0
2025-03-01,08T,0.0,0.0
2026-05-01,08T,0.0,0.0
2025-08-01,08T,0.0,0.0
2024-06-01,08T,0.0,0.0
2021-10-01,08T,0.0,0.0
2023-05-01,08T,0.0,0.0
2021-07-01,08T,0.0,0.0
2023-02-01,08T,0.0,0.0
2022-11-01,08T,0.0,0.0
2025-07-01,08T,0.0,0.0
2023-06-01,08T,0.0,0.0
2024-05-01,08T,0.0,0.0
2024-09-01,08T,0.0,0.0
2024-11-01,08T,0.0,0.0
2023-08-01,08T,0.0,0.0
2026-03-01,08T,0.0,0.0
2026-06-01,08T,0.0,0.0
2023-09-01,08T,0.0,0.0
2023-07-01,08T,0.0,0.0
2025-11-01,08T,0.0,0.0
2022-06-01,08T,0.0,0.0
2022-01-01,08T,0.0,0.0
2022-09-01,08T,0.0,0.0
2021-12-01,08T,0.0,0.0
2025-01-01,08T,0.0,0.0
2022-02-01,08T,0.0,0.0
2025-04-01,08T,0.0,0.0
2024-03-01,08T,0.0,0.0
2024-10-01,08T,0.0,0.0
2025-12-01,08T,0.0,0.0
2021-09-01,08T,0.0,0.0
2024-02-01,08T,0.0,0.0
2022-10-01,08T,0.0,0.0
2025-02-01,08T,0.0,0.0
2024-07-01,08T,0.0,0.0
2023-10-01,08T,0.0,0.0
2026-01-01,08T,0.0,0.0
2025-10-01,08T,0.0,0.0
2023-04-01,08T,0.0,0.0
2022-05-01,08T,0.0,0.0
2024-12-01,08T,0.0,0.0
2022-03-01,08T,0.0,0.0
2025-09-01,08T,0.0,0.0
2024-08-01,08T,0.0,0.0
2022-12-01,08T,0.0,0.0
2024-11-01,08V,0.0,0.0
2022-07-01,08V,0.0,0.0
2026-06-01,08V,0.0,0.0
2023-10-01,08V,0.0,0.0
2025-07-01,08V,0.0,0.0
2022-02-01,08V,0.0,0.0
2025-10-01,08V,0.0,0.0
2022-03-01,08V,0.0,0.0
2026-01-01,08V,0.0,0.0
2025-01-01,08V,0.0,0.0
2022-12-01,08V,0.0,0.0
2022-08-01,08V,0.0,0.0
2023-03-01,08V,0.0,0.0
2023-01-01,08V,0.0,0.0
2024-07-01,08V,0.0,0.0
2025-06-01,08V,0.0,0.0
2021-12-01,08V,0.0,0.0
2025-02-01,08V,0.0,0.0
2022-06-01,08V,0.0,0.0
2024-01-01,08V,0.0,0.0
2026-05-01,08V,0.0,0.0
2021-10-01,08V,0.0,0.0
2023-11-01,08V,0.0,0.0
2024-03-01,08V,0.0,0.0
2021-11-01,08V,0.0,0.0
2022-09-01,08V,0.0,0.0
2023-04-01,08V,0.0,0.0
2022-01-01,08V,0.0,0.0
2024-05-01,08V,0.0,0.0
2021-07-01,08V,0.0,0.0
2023-07-01,08V,0.0,0.0
2024-09-01,08V,0.0,0.0
2023-05-01,08V,0.0,0.0
2023-12-01,08V,0.0,0.0
2026-03-01,08V,0.0,0.0
2025-03-01,08V,0.0,0.0
2025-09-01,08V,0.0,0.0
2021-08-01,08V,0.0,0.0
2025-11-01,08V,0.0,0.0
2024-10-01,08V,0.0,0.0
2023-06-01,08V,0.0,0.0
2024-08-01,08V,0.0,0.0
2022-05-01,08V,0.0,0.0
2022-11-01,08V,0.0,0.0
2025-05-01,08V,0.0,0.0
2023-08-01,08V,0.0,0.0
2026-04-01,08V,0.0,0.0
2024-06-01,08V,0.0,0.0
2026-02-01,08V,0.0,0.0
2023-09-01,08V,0.0,0.0
2025-12-01,08V,0.0,0.0
2024-04-01,08V,0.0,0.0
2022-10-01,08V,0.0,0.0
2022-04-01,08V,0.0,0.0
2024-02-01,08V,0.0,0.0
2021-06-01,08V,0.0,0.0
2021-09-01,08V,0.0,0.0
2025-08-01,08V,0.0,0.0
2023-02-01,08V,0.0,0.0
2025-04-01,08V,0.0,0.0
2024-12-01,08V,0.0,0.0
2022-01-01,08W,0.0,0.0
2021-12-01,08W,0.0,0.0
2021-06-01,08W,0.0,0.0
2024-07-01,08W,0.0,0.0
2026-06-01,08W,0.0,0.0
2022-08-01,08W,0.0,0.0
2025-07-01,08W,0.0,0.0
2022-07-01,08W,0.0,0.0
2023-02-01,08W,0.0,0.0
2024-11-01,08W,0.0,0.0
2024-05-01,08W,0.0,0.0
2023-06-01,08W,0.0,0.0
2025-09-01,08W,0.0,0.0
2025-06-01,08W,0.0,0.0
2024-12-01,08W,0.0,0.0
2022-02-01,08W,0.0,0.0
2023-03-01,08W,0.0,0.0
2022-04-01,08W,0.0,0.0
2025-10-01,08W,0.0,0.0
2021-08-01,08W,0.0,0.0
2022-06-01,08W,0.0,0.0
2025-08-01,08W,0.0,0.0
2025-12-01,08W,0.0,0.0
2022-11-01,08W,0.0,0.0
2022-10-01,08W,0.0,0.0
2023-04-01,08W,0.0,0.0
2023-11-01,08W,0.0,0.0
2023-08-01,08W,0.0,0.0
2022-05-01,08W,0.0,0.0
2023-09-01,08W,0.0,0.0
2025-05-01,08W,0.0,0.0
2026-03-01,08W,0.0,0.0
2024-10-01,08W,0.0,0.0
2026-04-01,08W,0.0,0.0
2024-01-01,08W,0.0,0.0
2023-12-01,08W,0.0,0.0
2024-02-01,08W,0.0,0.0
2021-09-01,08W,0.0,0.0
2024-04-01,08W,0.0,0.0
2025-02-01,08W,0.0,0.0
2025-01-01,08W,0.0,0.0
2023-10-01,08W,0.0,0.0
2023-07-01,08W,0.0,0.0
2024-06-01,08W,0.0,0.0
2021-07-01,08W,0.0,0.0
2022-12-01,08W,0.0,0.0
2023-05-01,08W,0.0,0.0
2025-04-01,08W,0.0,0.0
2025-11-01,08W,0.0,0.0
2021-11-01,08W,0.0,0.0
2026-05-01,08W,0.0,0.0
2024-03-01,08W,0.0,0.0
2025-03-01,08W,0.0,0.0
2026-02-01,08W,0.0,0.0
2023-01-01,08W,0.0,0.0
2022-09-01,08W,0.0,0.0
2024-08-01,08W,0.0,0.0
2024-09-01,08W,0.0,0.0
2022-03-01,08W,0.0,0.0
2026-01-01,08W,0.0,0.0
2021-10-01,08W,0.0,0.0
2022-09-01,08X,0.0,0.0
2025-10-01,08X,0.0,0.0
2021-07-01,08X,0.0,0.0
2023-02-01,08X,0.0,0.0
2022-05-01,08X,0.0,0.0
2025-03-01,08X,0.0,0.0
2023-11-01,08X,0.0,0.0
2025-04-01,08X,0.0,0.0
2023-07-01,08X,0.0,0.0
2021-09-01,08X,0.0,0.0
2023-01-01,08X,0.0,0.0
2023-05-01,08X,0.0,0.0
2021-06-01,08X,0.0,0.0
2024-06-01,08X,0.0,0.0
2024-08-01,08X,0.0,0.0
2024-01-01,08X,0.0,0.0
2022-08-01,08X,0.0,0.0
2024-05-01,08X,0.0,0.0
2026-02-01,08X,0.0,0.0
2023-09-01,08X,0.0,0.0
2026-01-01,08X,0.0,0.0
2025-07-01,08X,0.0,0.0
2024-12-01,08X,0.0,0.0
2026-06-01,08X,0.0,0.0
2022-02-01,08X,0.0,0.0
2024-07-01,08X,0.0,0.0
2022-10-01,08X,0.0,0.0
2025-02-01,08X,0.0,0.0
2023-10-01,08X,0.0,0.0
2022-01-01,08X,0.0,0.0
2023-03-01,08X,0.0,0.0
2021-10-01,08X,0.0,0.0
2023-04-01,08X,0.0,0.0
2025-09-01,08X,0.0,0.0
2024-03-01,08X,0.0,0.0
2025-01-01,08X,0.0,0.0
2025-11-01,08X,0.0,0.0
2022-11-01,08X,0.0,0.0
2025-12-01,08X,0.0,0.0
2024-11-01,08X,0.0,0.0
2023-06-01,08X,0.0,0.0
2023-12-01,08X,0.0,0.0
2026-05-01,08X,0.0,0.0
2026-04-01,08X,0.0,0.0
2024-09-01,08X,0.0,0.0
2023-08-01,08X,0.0,0.0
2022-03-01,08X,0.0,0.0
2025-06-01,08X,0.0,0.0
2026-03-01,08X,0.0,0.0
2025-08-01,08X,0.0,0.0
2022-04-01,08X,0.0,0.0
2021-08-01,08X,0.0,0.0
2024-04-01,08X,0.0,0.0
2021-12-01,08X,0.0,0.0
2022-12-01,08X,0.0,0.0
2024-02-01,08X,0.0,0.0
2024-10-01,08X,0.0,0.0
2021-11-01,08X,0.0,0.0
2025-05-01,08X,0.0,0.0
2022-06-01,08X,0.0,0.0
2022-07-01,08X,0.0,0.0
2024-04-01,08Y,0.0,0.0
2025-05-01,08Y,0.0,0.0
2026-06-01,08Y,0.0,0.0
2025-11-01,08Y,0.0,0.0
2024-05-01,08Y,0.0,0.0
2025-03-01,08Y,0.0,0.0
2023-09-01,08Y,0.0,0.0
2024-08-01,08Y,0.0,0.0
2021-09-01,08Y,0.0,0.0
2024-11-01,08Y,0.0,0.0
2022-09-01,08Y,0.0,0.0
2023-04-01,08Y,0.0,0.0
2022-12-01,08Y,0.0,0.0
2021-10-01,08Y,0.0,0.0
2022-02-01,08Y,0.0,0.0
2026-04-01,08Y,0.0,0.0
2025-01-01,08Y,0.0,0.0
2022-03-01,08Y,0.0,0.0
2021-11-01,08Y,0.0,0.0
2024-01-01,08Y,0.0,0.0
2022-05-01,08Y,0.0,0.0
2021-06-01,08Y,0.0,0.0
2024-06-01,08Y,0.0,0.0
2022-07-01,08Y,0.0,0.0
2021-12-01,08Y,0.0,0.0
2026-03-01,08Y,0.0,0.0
2024-10-01,08Y,0.0,0.0
2023-11-01,08Y,0.0,0.0
2023-02-01,08Y,0.0,0.0
2024-07-01,08Y,0.0,0.0
2024-12-01,08Y,0.0,0.0
2023-03-01,08Y,0.0,0.0
2022-10-01,08Y,0.0,0.0
2024-02-01,08Y,0.0,0.0
2024-03-01,08Y,0.0,0.0
2025-08-01,08Y,0.0,0.0
2026-05-01,08Y,0.0,0.0
2023-12-01,08Y,0.0,0.0
2023-01-01,08Y,0.0,0.0
2022-11-01,08Y,0.0,0.0
2025-07-01,08Y,0.0,0.0
2025-02-01,08Y,0.0,0.0
2021-08-01,08Y,0.0,0.0
2022-06-01,08Y,0.0,0.0
2023-06-01,08Y,0.0,0.0
2023-07-01,08Y,0.0,0.0
2023-05-01,08Y,0.0,0.0
2023-08-01,08Y,0.0,0.0
2022-08-01,08Y,0.0,0.0
2021-07-01,08Y,0.0,0.0
2025-10-01,08Y,0.0,0.0
2022-04-01,08Y,0.0,0.0
2022-01-01,08Y,0.0,0.0
2025-06-01,08Y,0.0,0.0
2023-10-01,08Y,0.0,0.0
2025-09-01,08Y,0.0,0.0
2026-01-01,08Y,0.0,0.0
2025-04-01,08Y,0.0,0.0
2026-02-01,08Y,0.0,0.0
2025-12-01,08Y,0.0,0.0
2024-09-01,08Y,0.0,0.0
2021-06-01,09A,0.0,0.0
2025-04-01,09A,0.0,0.0
2021-10-01,09A,0.0,0.0
2022-03-01,09A,0.0,0.0
2022-11-01,09A,0.0,0.0
2025-11-01,09A,0.0,0.0
2025-03-01,09A,0.0,0.0
2024-11-01,09A,0.0,0.0
2026-02-01,09A,0.0,0.0
2023-02-01,09A,0.0,0.0
2022-06-01,09A,0.0,0.0
2024-04-01,09A,0.0,0.0
2023-10-01,09A,0.0,0.0
2022-09-01,09A,0.0,0.0
2024-09-01,09A,0.0,0.0
2022-08-01,09A,0.0,0.0
2025-06-01,09A,0.0,0.0
2021-08-01,09A,0.0,0.0
2023-03-01,09A,0.0,0.0
2023-01-01,09A,0.0,0.0
2026-05-01,09A,0.0,0.0
2022-04-01,09A,0.0,0.0
2026-03-01,09A,0.0,0.0
2025-10-01,09A,0.0,0.0
2026-06-01,09A,0.0,0.0
2024-06-01,09A,0.0,0.0
2021-11-01,09A,0.0,0.0
2023-08-01,09A,0.0,0.0
2025-12-01,09A,0.0,0.0
2021-07-01,09A,0.0,0.0
2024-03-01,09A,0.0,0.0
2022-12-01,09A,0.0,0.0
2024-01-01,09A,0.0,0.0
2023-04-01,09A,0.0,0.0
2024-08-01,09A,0.0,0.0
2026-01-01,09A,0.0,0.0
2023-09-01,09A,0.0,0.0
2023-07-01,09A,0.0,0.0
2025-07-01,09A,0.0,0.0
2025-05-01,09A,0.0,0.0
2025-02-01,09A,0.0,0.0
2023-11-01,09A,0.0,0.0
2023-05-01,09A,0.0,0.0
2022-01-01,09A,0.0,0.0
2023-12-01,09A,0.0,0.0
2021-09-01,09A,0.0,0.0
2022-10-01,09A,0.0,0.0
2024-10-01,09A,0.0,0.0
2025-09-01,09A,0.0,0.0
2025-08-01,09A,0.0,0.0
2026-04-01,09A,0.0,0.0
2022-05-01,09A,0.0,0.0
2024-07-01,09A,0.0,0.0
2024-02-01,09A,0.0,0.0
2024-12-01,09A,0.0,0.0
2022-07-01,09A,0.0,0.0
2023-06-01,09A,0.0,0.0
2025-01-01,09A,0.0,0.0
2021-12-01,09A,0.0,0.0
2024-05-01,09A,0.0,0.0
2022-02-01,09A,0.0,0.0
2024-05-01,09C,0.0,0.0
2025-09-01,09C,0.0,0.0
2024-01-01,09C,0.0,0.0
2024-02-01,09C,0.0,0.0
2024-04-01,09C,0.0,0.0
2023-11-01,09C,0.0,0.0
2023-10-01,09C,0.0,0.0
2024-07-01,09C,0.0,0.0
2023-12-01,09C,0.0,0.0
2023-03-01,09C,0.0,0.0
2024-06-01,09C,0.0,0.0
2026-06-01,09C,0.0,0.0
2025-08-01,09C,0.0,0.0
2025-04-01,09C,0.0,0.0
2025-07-01,09C,0.0,0.0
2025-01-01,09C,0.0,0.0
2022-08-01,09C,0.0,0.0
2021-06-01,09C,0.0,0.0
2021-12-01,09C,0.0,0.0
2022-01-01,09C,0.0,0.0
2025-05-01,09C,0.0,0.0
2024-03-01,09C,0.0,0.0
2022-04-01,09C,0.0,0.0
2023-07-01,09C,0.0,0.0
2021-10-01,09C,0.0,0.0
2022-03-01,09C,0.0,0.0
2024-10-01,09C,0.0,0.0
2026-01-01,09C,0.0,0.0
2024-08-01,09C,0.0,0.0
2023-05-01,09C,0.0,0.0
2022-02-01,09C,0.0,0.0
2022-06-01,09C,0.0,0.0
2025-06-01,09C,0.0,0.0
2025-10-01,09C,0.0,0.0
2022-12-01,09C,0.0,0.0
2024-09-01,09C,0.0,0.0
2023-04-01,09C,0.0,0.0
2025-02-01,09C,0.0,0.0
2023-09-01,09C,0.0,0.0
2023-01-01,09C,0.0,0.0
2025-03-01,09C,0.0,0.0
2023-06-01,09C,0.0,0.0
2026-02-01,09C,0.0,0.0
2022-11-01,09C,0.0,0.0
2021-08-01,09C,0.0,0.0
2026-03-01,09C,0.0,0.0
2021-11-01,09C,0.0,0.0
2024-11-01,09C,0.0,0.0
2023-02-01,09C,0.0,0.0
2023-08-01,09C,0.0,0.0
2026-04-01,09C,0.0,0.0
2024-12-01,09C,0.0,0.0
2022-07-01,09C,0.0,0.0
2025-11-01,09C,0.0,0.0
2022-09-01,09C,0.0,0.0
2021-09-01,09C,0.0,0.0
2022-10-01,09C,0.0,0.0
2022-05-01,09C,0.0,0.0
2026-05-01,09C,0.0,0.0
2021-07-01,09C,0.0,0.0
2025-12-01,09C,0.0,0.0
2022-04-01,09E,0.0,0.0
2024-12-01,09E,0.0,0.0
2026-03-01,09E,0.0,0.0
2024-09-01,09E,0.0,0.0
2022-06-01,09E,0.0,0.0
2024-06-01,09E,0.0,0.0
2024-10-01,09E,0.0,0.0
2023-04-01,09E,0.0,0.0
2022-02-01,09E,0.0,0.0
2022-11-01,09E,0.0,0.0
2021-06-01,09E,0.0,0.0
2021-10-01,09E,0.0,0.0
2021-11-01,09E,0.0,0.0
2025-03-01,09E,0.0,0.0
2024-07-01,09E,0.0,0.0
2024-03-01,09E,0.0,0.0
2026-01-01,09E,0.0,0.0
2023-06-01,09E,0.0,0.0
2025-02-01,09E,0.0,0.0
2022-08-01,09E,0.0,0.0
2023-12-01,09E,0.0,0.0
2026-06-01,09E,0.0,0.0
2025-04-01,09E,0.0,0.0
2024-02-01,09E,0.0,0.0
2021-07-01,09E,0.0,0.0
2025-09-01,09E,0.0,0.0
2024-04-01,09E,0.0,0.0
2023-07-01,09E,0.0,0.0
2023-02-01,09E,0.0,0.0
2025-07-01,09E,0.0,0.0
2023-08-01,09E,0.0,0.0
2024-08-01,09E,0.0,0.0
2025-06-01,09E,0.0,0.0
2023-11-01,09E,0.0,0.0
2025-12-01,09E,0.0,0.0
2023-01-01,09E,0.0,0.0
2022-07-01,09E,0.0,0.0
2026-05-01,09E,0.0,0.0
2022-03-01,09E,0.0,0.0
2024-05-01,09E,0.0,0.0
2025-11-01,09E,0.0,0.0
2026-02-01,09E,0.0,0.0
2022-09-01,09E,0.0,0.0
2025-08-01,09E,0.0,0.0
2025-10-01,09E,0.0,0.0
2023-10-01,09E,0.0,0.0
2022-12-01,09E,0.0,0.0
2026-04-01,09E,0.0,0.0
2023-03-01,09E,0.0,0.0
2023-09-01,09E,0.0,0.0
2024-11-01,09E,0.0,0.0
2023-05-01,09E,0.0,0.0
2022-01-01,09E,0.0,0.0
2025-05-01,09E,0.0,0.0
2021-12-01,09E,0.0,0.0
2022-05-01,09E,0.0,0.0
2021-09-01,09E,0.0,0.0
2024-01-01,09E,0.0,0.0
2025-01-01,09E,0.0,0.0
2022-10-01,09E,0.0,0.0
2021-08-01,09E,0.0,0.0
2024-02-01,09F,0.0,0.0
2023-11-01,09F,0.0,0.0
2023-10-01,09F,0.0,0.0
2026-02-01,09F,0.0,0.0
2023-05-01,09F,0.0,0.0
2025-12-01,09F,0.0,0.0
2025-01-01,09F,0.0,0.0
2026-03-01,09F,0.0,0.0
2025-09-01,09F,0.0,0.0
2022-02-01,09F,0.0,0.0
2024-07-01,09F,0.0,0.0
2024-10-01,09F,0.0,0.0
2025-05-01,09F,0.0,0.0
2023-08-01,09F,0.0,0.0
2024-11-01,09F,0.0,0.0
2024-01-01,09F,0.0,0.0
2022-01-01,09F,0.0,0.0
2024-08-01,09F,0.0,0.0
2023-04-01,09F,0.0,0.0
2026-01-01,09F,0.0,0.0
2022-10-01,09F,0.0,0.0
2024-04-01,09F,0.0,0.0
2026-05-01,09F,0.0,0.0
2025-06-01,09F,0.0,0.0
2024-12-01,09F,0.0,0.0
2021-06-01,09F,0.0,0.0
2022-03-01,09F,0.0,0.0
2021-07-01,09F,0.0,0.0
2021-10-01,09F,0.0,0.0
2021-12-01,09F,0.0,0.0
2025-08-01,09F,0.0,0.0
2025-03-01,09F,0.0,0.0
2022-11-01,09F,0.0,0.0
2021-08-01,09F,0.0,0.0
2022-07-01,09F,0.0,0.0
2023-12-01,09F,0.0,0.0
2025-11-01,09F,0.0,0.0
2025-04-01,09F,0.0,0.0
2023-02-01,09F,0.0,0.0
2021-11-01,09F,0.0,0.0
2026-06-01,09F,0.0,0.0
2024-05-01,09F,0.0,0.0
2024-06-01,09F,0.0,0.0
2024-03-01,09F,0.0,0.0
2026-04-01,09F,0.0,0.0
2021-09-01,09F,0.0,0.0
2023-01-01,09F,0.0,0.0
2023-06-01,09F,0.0,0.0
2022-06-01,09F,0.0,0.0
2022-09-01,09F,0.0,0.0
2025-10-01,09F,0.0,0.0
2022-08-01,09F,0.0,0.0
2023-09-01,09F,0.0,0.0
2023-07-01,09F,0.0,0.0
2025-02-01,09F,0.0,0.0
2022-12-01,09F,0.0,0.0
2022-04-01,09F,0.0,0.0
2023-03-01,09F,0.0,0.0
2025-07-01,09F,0.0,0.0
2024-09-01,09F,0.0,0.0
2022-05-01,09F,0.0,0.0
2024-02-01,09G,0.0,0.0
2023-07-01,09G,0.0,0.0
2023-03-01,09G,0.0,0.0
2023-01-01,09G,0.0,0.0
2025-12-01,09G,0.0,0.0
2024-10-01,09G,0.0,0.0
2026-03-01,09G,0.0,0.0
2024-11-01,09G,0.0,0.0
2025-03-01,09G,0.0,0.0
2023-08-01,09G,0.0,0.0
2024-09-01,09G,0.0,0.0
2022-11-01,09G,0.0,0.0
2021-06-01,09G,0.0,0.0
2022-07-01,09G,0.0,0.0
2023-09-01,09G,0.0,0.0
2025-04-01,09G,0.0,0.0
2023-04-01,09G,0.0,0.0
2024-12-01,09G,0.0,0.0
2022-04-01,09G,0.0,0.0
2021-07-01,09G,0.0,0.0
2024-08-01,09G,0.0,0.0
2022-12-01,09G,0.0,0.0
2022-06-01,09G,0.0,0.0
2026-04-01,09G,0.0,0.0
2022-03-01,09G,0.0,0.0
2022-02-01,09G,0.0,0.0
2024-04-01,09G,0.0,0.0
2026-05-01,09G,0.0,0.0
2025-01-01,09G,0.0,0.0
2025-11-01,09G,0.0,0.0
2024-07-01,09G,0.0,0.0
2024-06-01,09G,0.0,0.0
2023-11-01,09G,0.0,0.0
2023-05-01,09G,0.0,0.0
2025-02-01,09G,0.0,0.0
2022-08-01,09G,0.0,0.0
2025-08-01,09G,0.0,0.0
2026-06-01,09G,0.0,0.0
2023-06-01,09G,0.0,0.0
2025-10-01,09G,0.0,0.0
2021-11-01,09G,0.0,0.0
2023-02-01,09G,0.0,0.0
2026-02-01,09G,0.0,0.0
2021-09-01,09G,0.0,0.0
2024-05-01,09G,0.0,0.0
2023-10-01,09G,0.0,0.0
2024-03-01,09G,0.0,0.0
2025-06-01,09G,0.0,0.0
2025-05-01,09G,0.0,0.0
2022-05-01,09G,0.0,0.0
2022-09-01,09G,0.0,0.0
2021-08-01,09G,0.0,0.0
2023-12-01,09G,0.0,0.0
2026-01-01,09G,0.0,0.0
2024-01-01,09G,0.0,0.0
2022-10-01,09G,0.0,0.0
2021-10-01,09G,0.0,0.0
2022-01-01,09G,0.0,0.0
2025-07-01,09G,0.0,0.0
2021-12-01,09G,0.0,0.0
2025-09-01,09G,0.0,0.0
2022-09-01,09J,0.0,0.0
2024-06-01,09J,0.0,0.0
2022-08-01,09J,0.0,0.0
2025-03-01,09J,0.0,0.0
2022-04-01,09J,0.0,0.0
2024-02-01,09J,0.0,0.0
2025-07-01,09J,0.0,0.0
2022-01-01,09J,0.0,0.0
2025-10-01,09J,0.0,0.0
2024-11-01,09J,0.0,0.0
2022-10-01,09J,0.0,0.0
2024-01-01,09J,0.0,0.0
2023-12-01,09J,0.0,0.0
2022-12-01,09J,0.0,0.0
2025-06-01,09J,0.0,0.0
2025-08-01,09J,0.0,0.0
2022-11-01,09J,0.0,0.0
2023-09-01,09J,0.0,0.0
2023-06-01,09J,0.0,0.0
2024-08-01,09J,0.0,0.0
2024-07-01,09J,0.0,0.0
2023-01-01,09J,0.0,0.0
2023-05-01,09J,0.0,0.0
2023-03-01,09J,0.0,0.0
2021-07-01,09J,0.0,0.0
2025-05-01,09J,0.0,0.0
2023-04-01,09J,0.0,0.0
2025-09-01,09J,0.0,0.0
2024-03-01,09J,0.0,0.0
2025-01-01,09J,0.0,0.0
2024-12-01,09J,0.0,0.0
2021-10-01,09J,0.0,0.0
2022-02-01,09J,0.0,0.0
2026-03-01,09J,0.0,0.0
2023-10-01,09J,0.0,0.0
2025-04-01,09J,0.0,0.0
2024-09-01,09J,0.0,0.0
2025-11-01,09J,0.0,0.0
2024-10-01,09J,0.0,0.0
2024-05-01,09J,0.0,0.0
2026-06-01,09J,0.0,0.0
2021-09-01,09J,0.0,0.0
2021-11-01,09J,0.0,0.0
2021-12-01,09J,0.0,0.0
2025-12-01,09J,0.0,0.0
2022-06-01,09J,0.0,0.0
2023-07-01,09J,0.0,0.0
2026-04-01,09J,0.0,0.0
2022-07-01,09J,0.0,0.0
2026-01-01,09J,0.0,0.0
2023-08-01,09J,0.0,0.0
2023-02-01,09J,0.0,0.0
2026-05-01,09J,0.0,0.0
2021-06-01,09J,0.0,0.0
2021-08-01,09J,0.0,0.0
2022-05-01,09J,0.0,0.0
2025-02-01,09J,0.0,0.0
2022-03-01,09J,0.0,0.0
2026-02-01,09J,0.0,0.0
2023-11-01,09J,0.0,0.0
2024-04-01,09J,0.0,0.0
2022-10-01,09L,0.0,0.0
2022-09-01,09L,0.0,0.0
2021-11-01,09L,0.0,0.0
2025-11-01,09L,0.0,0.0
2021-06-01,09L,0.0,0.0
2026-04-01,09L,0.0,0.0
2024-10-01,09L,0.0,0.0
2024-12-01,09L,0.0,0.0
2021-09-01,09L,0.0,0.0
2024-09-01,09L,0.0,0.0
2023-07-01,09L,0.0,0.0
2022-01-01,09L,0.0,0.0
2024-04-01,09L,0.0,0.0
2024-02-01,09L,0.0,0.0
2025-03-01,09L,0.0,0.0
2024-03-01,09L,0.0,0.0
2024-01-01,09L,0.0,0.0
2022-04-01,09L,0.0,0.0
2025-02-01,09L,0.0,0.0
2025-07-01,09L,0.0,0.0
2021-10-01,09L,0.0,0.0
2021-08-01,09L,0.0,0.0
2023-02-01,09L,0.0,0.0
2022-03-01,09L,0.0,0.0
2022-06-01,09L,0.0,0.0
2023-10-01,09L,0.0,0.0
2025-08-01,09L,0.0,0.0
2024-07-01,09L,0.0,0.0
2025-05-01,09L,0.0,0.0
2021-07-01,09L,0.0,0.0
2026-06-01,09L,0.0,0.0
2025-09-01,09L,0.0,0.0
2026-03-01,09L,0.0,0.0
2023-11-01,09L,0.0,0.0
2022-02-01,09L,0.0,0.0
2025-06-01,09L,0.0,0.0
2021-12-01,09L,0.0,0.0
2023-08-01,09L,0.0,0.0
2023-03-01,09L,0.0,0.0
2024-11-01,09L,0.0,0.0
2024-06-01,09L,0.0,0.0
2025-10-01,09L,0.0,0.0
2022-05-01,09L,0.0,0.0
2023-12-01,09L,0.0,0.0
2025-01-01,09L,0.0,0.0
2023-04-01,09L,0.0,0.0
2026-01-01,09L,0.0,0.0
2022-07-01,09L,0.0,0.0
2022-08-01,09L,0.0,0.0
2023-05-01,09L,0.0,0.0
2026-02-01,09L,0.0,0.0
2026-05-01,09L,0.0,0.0
2023-01-01,09L,0.0,0.0
2024-08-01,09L,0.0,0.0
2022-11-01,09L,0.0,0.0
2025-12-01,09L,0.0,0.0
2022-12-01,09L,0.0,0.0
2023-09-01,09L,0.0,0.0
2023-06-01,09L,0.0,0.0
2025-04-01,09L,0.0,0.0
2024-05-01,09L,0.0,0.0
2023-11-01,09P,0.0,0.0
2023-12-01,09P,0.0,0.0
2023-09-01,09P,0.0,0.0
2025-09-01,09P,0.0,0.0
2024-09-01,09P,0.0,0.0
2025-02-01,09P,0.0,0.0
2024-08-01,09P,0.0,0.0
2026-06-01,09P,0.0,0.0
2023-03-01,09P,0.0,0.0
2026-01-01,09P,0.0,0.0
2023-07-01,09P,0.0,0.0
2021-07-01,09P,0.0,0.0
2025-06-01,09P,0.0,0.0
2025-12-01,09P,0.0,0.0
2024-06-01,09P,0.0,0.0
2024-10-01,09P,0.0,0.0
2021-10-01,09P,0.0,0.0
2023-08-01,09P,0.0,0.0
2025-03-01,09P,0.0,0.0
2025-07-01,09P,0.0,0.0
2023-10-01,09P,0.0,0.0
2024-01-01,09P,0.0,0.0
2022-10-01,09P,0.0,0.0
2024-12-01,09P,0.0,0.0
2022-02-01,09P,0.0,0.0
2026-03-01,09P,0.0,0.0
2021-11-01,09P,0.0,0.0
2024-02-01,09P,0.0,0.0
2022-12-01,09P,0.0,0.0
2024-07-01,09P,0.0,0.0
2024-11-01,09P,0.0,0.0
2023-01-01,09P,0.0,0.0
2021-09-01,09P,0.0,0.0
2025-04-01,09P,0.0,0.0
2021-08-01,09P,0.0,0.0
2022-04-01,09P,0.0,0.0
2022-07-01,09P,0.0,0.0
2022-09-01,09P,0.0,0.0
2021-12-01,09P,0.0,0.0
2023-05-01,09P,0.0,0.0
2022-03-01,09P,0.0,0.0
2025-08-01,09P,0.0,0.0
2026-04-01,09P,0.0,0.0
2024-04-01,09P,0.0,0.0
2022-05-01,09P,0.0,0.0
2022-01-01,09P,0.0,0.0
2022-11-01,09P,0.0,0.0
2024-03-01,09P,0.0,0.0
2026-02-01,09P,0.0,0.0
2023-04-01,09P,0.0,0.0
2024-05-01,09P,0.0,0.0
2022-08-01,09P,0.0,0.0
2025-11-01,09P,0.0,0.0
2025-05-01,09P,0.0,0.0
2021-06-01,09P,0.0,0.0
2025-01-01,09P,0.0,0.0
2026-05-01,09P,0.0,0.0
2023-06-01,09P,0.0,0.0
2025-10-01,09P,0.0,0.0
2022-06-01,09P,0.0,0.0
2023-02-01,09P,0.0,0.0
2023-01-01,09W,0.0,0.0
2026-06-01,09W,0.0,0.0
2023-04-01,09W,0.0,0.0
2025-07-01,09W,0.0,0.0
2023-10-01,09W,0.0,0.0
2021-09-01,09W,0.0,0.0
2025-08-01,09W,0.0,0.0
2025-11-01,09W,0.0,0.0
2022-12-01,09W,0.0,0.0
2021-08-01,09W,0.0,0.0
2022-09-01,09W,0.0,0.0
2025-04-01,09W,0.0,0.0
2022-03-01,09W,0.0,0.0
2023-06-01,09W,0.0,0.0
2022-02-01,09W,0.0,0.0
2023-05-01,09W,0.0,0.0
2024-11-01,09W,0.0,0.0
2021-11-01,09W,0.0,0.0
2021-10-01,09W,0.0,0.0
2024-01-01,09W,0.0,0.0
2024-02-01,09W,0.0,0.0
2022-01-01,09W,0.0,0.0
2021-12-01,09W,0.0,0.0
2025-05-01,09W,0.0,0.0
2024-09-01,09W,0.0,0.0
2024-10-01,09W,0.0,0.0
2025-10-01,09W,0.0,0.0
2024-07-01,09W,0.0,0.0
2024-05-01,09W,0.0,0.0
2021-07-01,09W,0.0,0.0
2025-06-01,09W,0.0,0.0
2023-12-01,09W,0.0,0.0
2023-11-01,09W,0.0,0.0
2024-08-01,09W,0.0,0.0
2023-07-01,09W,0.0,0.0
2023-08-01,09W,0.0,0.0
2026-05-01,09W,0.0,0.0
2025-09-01,09W,0.0,0.0
2024-04-01,09W,0.0,0.0
2022-06-01,09W,0.0,0.0
2025-01-01,09W,0.0,0.0
2025-12-01,09W,0.0,0.0
2023-09-01,09W,0.0,0.0
2022-08-01,09W,0.0,0.0
2021-06-01,09W,0.0,0.0
2022-05-01,09W,0.0,0.0
2022-04-01,09W,0.0,0.0
2022-07-01,09W,0.0,0.0
2026-03-01,09W,0.0,0.0
2026-02-01,09W,0.0,0.0
2022-10-01,09W,0.0,0.0
2024-06-01,09W,0.0,0.0
2025-03-01,09W,0.0,0.0
2022-11-01,09W,0.0,0.0
2023-03-01,09W,0.0,0.0
2023-02-01,09W,0.0,0.0
2026-01-01,09W,0.0,0.0
2024-03-01,09W,0.0,0.0
2026-04-01,09W,0.0,0.0
2024-12-01,09W,0.0,0.0
2025-02-01,09W,0.0,0.0
2025-01-01,09Y,0.0,0.0
2025-06-01,09Y,0.0,0.0
2026-02-01,09Y,0.0,0.0
2026-06-01,09Y,0.0,0.0
2025-07-01,09Y,0.0,0.0
2024-11-01,09Y,0.0,0.0
2025-09-01,09Y,0.0,0.0
2025-08-01,09Y,0.0,0.0
2022-06-01,09Y,0.0,0.0
2024-03-01,09Y,0.0,0.0
2022-03-01,09Y,0.0,0.0
2023-08-01,09Y,0.0,0.0
2023-07-01,09Y,0.0,0.0
2022-12-01,09Y,0.0,0.0
2021-06-01,09Y,0.0,0.0
2021-11-01,09Y,0.0,0.0
2025-10-01,09Y,0.0,0.0
2025-02-01,09Y,0.0,0.0
2022-07-01,09Y,0.0,0.0
2023-09-01,09Y,0.0,0.0
2023-10-01,09Y,0.0,0.0
2024-12-01,09Y,0.0,0.0
2024-06-01,09Y,0.0,0.0
2025-12-01,09Y,0.0,0.0
2025-05-01,09Y,0.0,0.0
2023-05-01,09Y,0.0,0.0
2021-09-01,09Y,0.0,0.0
2025-04-01,09Y,0.0,0.0
2023-04-01,09Y,0.0,0.0
2021-12-01,09Y,0.0,0.0
2023-11-01,09Y,0.0,0.0
2023-02-01,09Y,0.0,0.0
2022-04-01,09Y,0.0,0.0
2022-10-01,09Y,0.0,0.0
2024-08-01,09Y,0.0,0.0
2022-11-01,09Y,0.0,0.0
2023-01-01,09Y,0.0,0.0
2021-10-01,09Y,0.0,0.0
2026-05-01,09Y,0.0,0.0
2026-01-01,09Y,0.0,0.0
2023-06-01,09Y,0.0,0.0
2024-02-01,09Y,0.0,0.0
2022-02-01,09Y,0.0,0.0
2025-11-01,09Y,0.0,0.0
2026-04-01,09Y,0.0,0.0
2022-05-01,09Y,0.0,0.0
2023-03-01,09Y,0.0,0.0
2024-09-01,09Y,0.0,0.0
2025-03-01,09Y,0.0,0.0
2022-01-01,09Y,0.0,0.0
2022-08-01,09Y,0.0,0.0
2024-05-01,09Y,0.0,0.0
2026-03-01,09Y,0.0,0.0
2023-12-01,09Y,0.0,0.0
2024-07-01,09Y,0.0,0.0
2024-04-01,09Y,0.0,0.0
2021-08-01,09Y,0.0,0.0
2024-10-01,09Y,0.0,0.0
2021-07-01,09Y,0.0,0.0
2022-09-01,09Y,0.0,0.0
2024-01-01,09Y,0.0,0.0
2025-11-01,10A,0.0,0.0
2024-10-01,10A,0.0,0.0
2026-05-01,10A,0.0,0.0
2024-08-01,10A,0.0,0.0
2025-02-01,10A,0.0,0.0
2026-02-01,10A,0.0,0.0
2026-06-01,10A,0.0,0.0
2024-01-01,10A,0.0,0.0
2022-01-01,10A,0.0,0.0
2023-01-01,10A,0.0,0.0
2021-08-01,10A,0.0,0.0
2025-10-01,10A,0.0,0.0
2022-09-01,10A,0.0,0.0
2024-03-01,10A,0.0,0.0
2024-12-01,10A,0.0,0.0
2026-01-01,10A,0.0,0.0
2022-08-01,10A,0.0,0.0
2026-04-01,10A,0.0,0.0
2024-07-01,10A,0.0,0.0
2022-10-01,10A,0.0,0.0
2022-02-01,10A,0.0,0.0
2021-07-01,10A,0.0,0.0
2024-04-01,10A,0.0,0.0
2025-12-01,10A,0.0,0.0
2023-05-01,10A,0.0,0.0
2026-03-01,10A,0.0,0.0
2024-06-01,10A,0.0,0.0
2025-04-01,10A,0.0,0.0
2021-12-01,10A,0.0,0.0
2024-05-01,10A,0.0,0.0
2023-04-01,10A,0.0,0.0
2022-12-01,10A,0.0,0.0
2024-09-01,10A,0.0,0.0
2021-10-01,10A,0.0,0.0
2025-03-01,10A,0.0,0.0
2022-04-01,10A,0.0,0.0
2023-10-01,10A,0.0,0.0
2021-11-01,10A,0.0,0.0
2024-11-01,10A,0.0,0.0
2022-03-01,10A,0.0,0.0
2023-11-01,10A,0.0,0.0
2023-12-01,10A,0.0,0.0
2025-06-01,10A,0.0,0.0
2023-03-01,10A,0.0,0.0
2022-11-01,10A,0.0,0.0
2025-08-01,10A,0.0,0.0
2023-07-01,10A,0.0,0.0
2023-02-01,10A,0.0,0.0
2022-05-01,10A,0.0,0.0
2022-06-01,10A,0.0,0.0
2023-09-01,10A,0.0,0.0
2021-06-01,10A,0.0,0.0
2022-07-01,10A,0.0,0.0
2025-05-01,10A,0.0,0.0
2025-07-01,10A,0.0,0.0
2023-08-01,10A,0.0,0.0
2025-09-01,10A,0.0,0.0
2023-06-01,10A,0.0,0.0
2024-02-01,10A,0.0,0.0
2021-09-01,10A,0.0,0.0
2025-01-01,10A,0.0,0.0
2024-07-01,10C,0.0,0.0
2023-07-01,10C,0.0,0.0
2024-05-01,10C,0.0,0.0
2024-01-01,10C,0.0,0.0
2022-10-01,10C,0.0,0.0
2023-04-01,10C,0.0,0.0
2025-05-01,10C,0.0,0.0
2021-10-01,10C,0.0,0.0
2025-07-01,10C,0.0,0.0
2021-08-01,10C,0.0,0.0
2022-02-01,10C,0.0,0.0
2025-10-01,10C,0.0,0.0
2022-05-01,10C,0.0,0.0
2025-12-01,10C,0.0,0.0
2025-09-01,10C,0.0,0.0
2023-12-01,10C,0.0,0.0
2025-11-01,10C,0.0,0.0
2025-03-01,10C,0.0,0.0
2023-05-01,10C,0.0,0.0
2024-09-01,10C,0.0,0.0
2022-04-01,10C,0.0,0.0
2024-02-01,10C,0.0,0.0
2022-03-01,10C,0.0,0.0
2026-04-01,10C,0.0,0.0
2025-04-01,10C,0.0,0.0
2025-08-01,10C,0.0,0.0
2022-09-01,10C,0.0,0.0
2024-06-01,10C,0.0,0.0
2023-02-01,10C,0.0,0.0
2023-06-01,10C,0.0,0.0
2025-06-01,10C,0.0,0.0
2023-11-01,10C,0.0,0.0
2021-09-01,10C,0.0,0.0
2022-11-01,10C,0.0,0.0
2025-02-01,10C,0.0,0.0
2026-02-01,10C,0.0,0.0
2026-06-01,10C,0.0,0.0
2026-03-01,10C,0.0,0.0
2026-01-01,10C,0.0,0.0
2022-06-01,10C,0.0,0.0
2024-08-01,10C,0.0,0.0
2021-12-01,10C,0.0,0.0
2023-10-01,10C,0.0,0.0
2021-07-01,10C,0.0,0.0
2024-10-01,10C,0.0,0.0
2022-01-01,10C,0.0,0.0
2023-01-01,10C,0.0,0.0
2026-05-01,10C,0.0,0.0
2022-12-01,10C,0.0,0.0
2024-04-01,10C,0.0,0.0
2023-03-01,10C,0.0,0.0
2021-06-01,10C,0.0,0.0
2023-09-01,10C,0.0,0.0
2024-12-01,10C,0.0,0.0
2024-03-01,10C,0.0,0.0
2022-07-01,10C,0.0,0.0
2025-01-01,10C,0.0,0.0
2024-11-01,10C,0.0,0.0
2022-08-01,10C,0.0,0.0
2023-08-01,10C,0.0,0.0
2021-11-01,10C,0.0,0.0
2022-05-01,10D,0.0,0.0
2025-06-01,10D,0.0,0.0
2023-07-01,10D,0.0,0.0
2023-01-01,10D,0.0,0.0
2025-09-01,10D,0.0,0.0
2022-11-01,10D,0.0,0.0
2026-06-01,10D,0.0,0.0
2022-12-01,10D,0.0,0.0
2024-11-01,10D,0.0,0.0
2021-10-01,10D,0.0,0.0
2023-10-01,10D,0.0,0.0
2026-02-01,10D,0.0,0.0
2023-05-01,10D,0.0,0.0
2026-03-01,10D,0.0,0.0
2025-11-01,10D,0.0,0.0
2025-10-01,10D,0.0,0.0
2025-05-01,10D,0.0,0.0
2025-07-01,10D,0.0,0.0
2025-01-01,10D,0.0,0.0
2023-08-01,10D,0.0,0.0
2023-11-01,10D,0.0,0.0
2023-12-01,10D,0.0,0.0
2023-04-01,10D,0.0,0.0
2026-01-01,10D,0.0,0.0
2022-01-01,10D,0.0,0.0
2025-12-01,10D,0.0,0.0
2025-02-01,10D,0.0,0.0
2021-09-01,10D,0.0,0.0
2021-07-01,10D,0.0,0.0
2023-09-01,10D,0.0,0.0
2022-09-01,10D,0.0,0.0
2026-05-01,10D,0.0,0.0
2022-03-01,10D,0.0,0.0
2021-12-01,10D,0.0,0.0
2024-03-01,10D,0.0,0.0
2023-02-01,10D,0.0,0.0
2021-08-01,10D,0.0,0.0
2024-10-01,10D,0.0,0.0
2022-10-01,10D,0.0,0.0
2024-01-01,10D,0.0,0.0
2026-04-01,10D,0.0,0.0
2024-09-01,10D,0.0,0.0
2024-07-01,10D,0.0,0.0
2022-02-01,10D,0.0,0.0
2022-06-01,10D,0.0,0.0
2024-06-01,10D,0.0,0.0
2023-03-01,10D,0.0,0.0
2023-06-01,10D,0.0,0.0
2024-08-01,10D,0.0,0.0
2022-08-01,10D,0.0,0.0
2025-04-01,10D,0.0,0.0
2021-11-01,10D,0.0,0.0
2024-04-01,10D,0.0,0.0
2022-07-01,10D,0.0,0.0
2024-12-01,10D,0.0,0.0
2025-03-01,10D,0.0,0.0
2024-05-01,10D,0.0,0.0
2022-04-01,10D,0.0,0.0
2025-08-01,10D,0.0,0.0
2021-06-01,10D,0.0,0.0
2024-02-01,10D,0.0,0.0
2024-04-01,10E,0.0,0.0
2021-06-01,10E,0.0,0.0
2023-08-01,10E,0.0,0.0
2024-03-01,10E,0.0,0.0
2021-08-01,10E,0.0,0.0
2024-11-01,10E,0.0,0.0
2025-08-01,10E,0.0,0.0
2025-03-01,10E,0.0,0.0
2023-12-01,10E,0.0,0.0
2022-03-01,10E,0.0,0.0
2024-08-01,10E,0.0,0.0
2023-11-01,10E,0.0,0.0
2024-02-01,10E,0.0,0.0
2026-05-01,10E,0.0,0.0
2024-07-01,10E,0.0,0.0
2024-12-01,10E,0.0,0.0
2024-06-01,10E,0.0,0.0
2025-07-01,10E,0.0,0.0
2021-09-01,10E,0.0,0.0
2025-10-01,10E,0.0,0.0
2022-08-01,10E,0.0,0.0
2021-10-01,10E,0.0,0.0
2022-06-01,10E,0.0,0.0
2022-01-01,10E,0.0,0.0
2023-04-01,10E,0.0,0.0
2024-01-01,10E,0.0,0.0
2021-07-01,10E,0.0,0.0
2022-05-01,10E,0.0,0.0
2025-12-01,10E,0.0,0.0
2026-02-01,10E,0.0,0.0
2024-10-01,10E,0.0,0.0
2023-07-01,10E,0.0,0.0
2021-11-01,10E,0.0,0.0
2021-12-01,10E,0.0,0.0
2022-10-01,10E,0.0,0.0
2023-09-01,10E,0.0,0.0
2022-12-01,10E,0.0,0.0
2025-06-01,10E,0.0,0.0
2024-09-01,10E,0.0,0.0
2022-04-01,10E,0.0,0.0
2025-09-01,10E,0.0,0.0
2026-01-01,10E,0.0,0.0
2023-02-01,10E,0.0,0.0
2023-06-01,10E,0.0,0.0
2022-07-01,10E,0.0,0.0
2023-05-01,10E,0.0,0.0
2026-04-01,10E,0.0,0.0
2026-06-01,10E,0.0,0.0
2025-11-01,10E,0.0,0.0
2022-02-01,10E,0.0,0.0
2023-10-01,10E,0.0,0.0
2025-05-01,10E,0.0,0.0
2023-03-01,10E,0.0,0.0
2025-01-01,10E,0.0,0.0
2025-04-01,10E,0.0,0.0
2024-05-01,10E,0.0,0.0
2022-11-01,10E,0.0,0.0
2026-03-01,10E,0.0,0.0
2022-09-01,10E,0.0,0.0
2025-02-01,10E,0.0,0.0
2023-01-01,10E,0.0,0.0
2024-03-01,10J,0.0,0.0
2026-01-01,10J,0.0,0.0
2023-10-01,10J,0.0,0.0
2022-05-01,10J,0.0,0.0
2024-05-01,10J,0.0,0.0
2021-08-01,10J,0.0,0.0
2026-03-01,10J,0.0,0.0
2024-02-01,10J,0.0,0.0
2022-04-01,10J,0.0,0.0
2022-08-01,10J,0.0,0.0
2024-11-01,10J,0.0,0.0
2024-01-01,10J,0.0,0.0
2021-10-01,10J,0.0,0.0
2022-10-01,10J,0.0,0.0
2023-12-01,10J,0.0,0.0
2024-08-01,10J,0.0,0.0
2025-11-01,10J,0.0,0.0
2025-01-01,10J,0.0,0.0
2026-04-01,10J,0.0,0.0
2023-02-01,10J,0.0,0.0
2021-12-01,10J,0.0,0.0
2024-07-01,10J,0.0,0.0
2023-08-01,10J,0.0,0.0
2023-07-01,10J,0.0,0.0
2024-10-01,10J,0.0,0.0
2024-09-01,10J,0.0,0.0
2021-06-01,10J,0.0,0.0
2024-04-01,10J,0.0,0.0
2025-12-01,10J,0.0,0.0
2022-06-01,10J,0.0,0.0
2026-05-01,10J,0.0,0.0
2025-02-01,10J,0.0,0.0
2024-12-01,10J,0.0,0.0
2025-06-01,10J,0.0,0.0
2025-09-01,10J,0.0,0.0
2025-04-01,10J,0.0,0.0
2021-07-01,10J,0.0,0.0
2023-04-01,10J,0.0,0.0
2024-06-01,10J,0.0,0.0
2026-02-01,10J,0.0,0.0
2022-03-01,10J,0.0,0.0
2023-01-01,10J,0.0,0.0
2025-03-01,10J,0.0,0.0
2026-06-01,10J,0.0,0.0
2021-09-01,10J,0.0,0.0
2022-07-01,10J,0.0,0.0
2025-08-01,10J,0.0,0.0
2022-09-01,10J,0.0,0.0
2023-11-01,10J,0.0,0.0
2023-03-01,10J,0.0,0.0
2022-12-01,10J,0.0,0.0
2023-09-01,10J,0.0,0.0
2023-05-01,10J,0.0,0.0
2025-07-01,10J,0.0,0.0
2022-02-01,10J,0.0,0.0
2022-11-01,10J,0.0,0.0
2022-01-01,10J,0.0,0.0
2021-11-01,10J,0.0,0.0
2023-06-01,10J,0.0,0.0
2025-10-01,10J,0.0,0.0
2025-05-01,10J,0.0,0.0
2022-07-01,10K,0.0,0.0
2023-12-01,10K,0.0,0.0
2024-05-01,10K,0.0,0.0
2023-10-01,10K,0.0,0.0
2023-03-01,10K,0.0,0.0
2023-11-01,10K,0.0,0.0
2022-01-01,10K,0.0,0.0
2026-06-01,10K,0.0,0.0
2024-07-01,10K,0.0,0.0
2024-08-01,10K,0.0,0.0
2023-05-01,10K,0.0,0.0
2026-03-01,10K,0.0,0.0
2021-06-01,10K,0.0,0.0
2024-01-01,10K,0.0,0.0
2023-04-01,10K,0.0,0.0
2024-09-01,10K,0.0,0.0
2025-12-01,10K,0.0,0.0
2023-02-01,10K,0.0,0.0
2023-01-01,10K,0.0,0.0
2022-11-01,10K,0.0,0.0
2023-06-01,10K,0.0,0.0
2025-02-01,10K,0.0,0.0
2023-08-01,10K,0.0,0.0
2022-06-01,10K,0.0,0.0
2022-04-01,10K,0.0,0.0
2024-06-01,10K,0.0,0.0
2026-05-01,10K,0.0,0.0
2021-11-01,10K,0.0,0.0
2021-10-01,10K,0.0,0.0
2025-09-01,10K,0.0,0.0
2022-05-01,10K,0.0,0.0
2025-07-01,10K,0.0,0.0
2024-04-01,10K,0.0,0.0
2024-12-01,10K,0.0,0.0
2022-09-01,10K,0.0,0.0
2026-02-01,10K,0.0,0.0
2024-11-01,10K,0.0,0.0
2022-02-01,10K,0.0,0.0
2025-08-01,10K,0.0,0.0
2025-05-01,10K,0.0,0.0
2022-08-01,10K,0.0,0.0
2022-12-01,10K,0.0,0.0
2026-04-01,10K,0.0,0.0
2024-03-01,10K,0.0,0.0
2022-10-01,10K,0.0,0.0
2021-09-01,10K,0.0,0.0
2021-08-01,10K,0.0,0.0
2025-03-01,10K,0.0,0.0
2021-12-01,10K,0.0,0.0
2025-06-01,10K,0.0,0.0
2026-01-01,10K,0.0,0.0
2023-09-01,10K,0.0,0.0
2024-02-01,10K,0.0,0.0
2021-07-01,10K,0.0,0.0
2025-11-01,10K,0.0,0.0
2025-10-01,10K,0.0,0.0
2023-07-01,10K,0.0,0.0
2025-01-01,10K,0.0,0.0
2024-10-01,10K,0.0,0.0
2025-04-01,10K,0.0,0.0
2022-03-01,10K,0.0,0.0
2024-04-01,10L,0.0,0.0
2022-03-01,10L,0.0,0.0
2021-07-01,10L,0.0,0.0
2023-06-01,10L,0.0,0.0
2025-04-01,10L,0.0,0.0
2025-05-01,10L,0.0,0.0
2026-06-01,10L,0.0,0.0
2024-12-01,10L,0.0,0.0
2025-07-01,10L,0.0,0.0
2023-02-01,10L,0.0,0.0
2023-03-01,10L,0.0,0.0
2024-02-01,10L,0.0,0.0
2026-03-01,10L,0.0,0.0
2025-08-01,10L,0.0,0.0
2025-03-01,10L,0.0,0.0
2023-09-01,10L,0.0,0.0
2022-02-01,10L,0.0,0.0
2022-07-01,10L,0.0,0.0
2025-01-01,10L,0.0,0.0
2021-10-01,10L,0.0,0.0
2024-09-01,10L,0.0,0.0
2024-03-01,10L,0.0,0.0
2022-09-01,10L,0.0,0.0
2024-07-01,10L,0.0,0.0
2024-10-01,10L,0.0,0.0
2024-06-01,10L,0.0,0.0
2021-08-01,10L,0.0,0.0
2023-11-01,10L,0.0,0.0
2026-02-01,10L,0.0,0.0
2021-11-01,10L,0.0,0.0
2022-05-01,10L,0.0,0.0
2023-01-01,10L,0.0,0.0
2022-01-01,10L,0.0,0.0
2022-12-01,10L,0.0,0.0
2023-08-01,10L,0.0,0.0
2021-09-01,10L,0.0,0.0
2022-08-01,10L,0.0,0.0
2022-06-01,10L,0.0,0.0
2023-12-01,10L,0.0,0.0
2022-11-01,10L,0.0,0.0
2021-12-01,10L,0.0,0.0
2025-09-01,10L,0.0,0.0
2022-10-01,10L,0.0,0.0
2023-05-01,10L,0.0,0.0
2026-05-01,10L,0.0,0.0
2025-02-01,10L,0.0,0.0
2023-07-01,10L,0.0,0.0
2025-12-01,10L,0.0,0.0
2024-05-01,10L,0.0,0.0
2024-11-01,10L,0.0,0.0
2021-06-01,10L,0.0,0.0
2022-04-01,10L,0.0,0.0
2024-01-01,10L,0.0,0.0
2023-04-01,10L,0.0,0.0
2023-10-01,10L,0.0,0.0
2026-04-01,10L,0.0,0.0
2024-08-01,10L,0.0,0.0
2025-10-01,10L,0.0,0.0
2025-06-01,10L,0.0,0.0
2025-11-01,10L,0.0,0.0
2026-01-01,10L,0.0,0.0
2025-03-01,10M,0.0,0.0
2024-03-01,10M,0.0,0.0
2023-08-01,10M,0.0,0.0
2023-02-01,10M,0.0,0.0
2022-10-01,10M,0.0,0.0
2023-11-01,10M,0.0,0.0
2025-01-01,10M,0.0,0.0
2023-06-01,10M,0.0,0.0
2022-05-01,10M,0.0,0.0
2025-11-01,10M,0.0,0.0
2021-11-01,10M,0.0,0.0
2024-06-01,10M,0.0,0.0
2021-08-01,10M,0.0,0.0
2025-08-01,10M,0.0,0.0
2026-04-01,10M,0.0,0.0
2024-08-01,10M,0.0,0.0
2023-10-01,10M,0.0,0.0
2021-09-01,10M,0.0,0.0
2023-07-01,10M,0.0,0.0
2023-04-01,10M,0.0,0.0
2022-09-01,10M,0.0,0.0
2022-07-01,10M,0.0,0.0
2024-02-01,10M,0.0,0.0
2024-12-01,10M,0.0,0.0
2024-05-01,10M,0.0,0.0
2023-12-01,10M,0.0,0.0
2023-09-01,10M,0.0,0.0
2025-12-01,10M,0.0,0.0
2021-06-01,10M,0.0,0.0
2024-01-01,10M,0.0,0.0
2023-05-01,10M,0.0,0.0
2022-11-01,10M,0.0,0.0
2026-01-01,10M,0.0,0.0
2025-02-01,10M,0.0,0.0
2026-06-01,10M,0.0,0.0
2025-04-01,10M,0.0,0.0
2021-10-01,10M,0.0,0.0
2022-02-01,10M,0.0,0.0
2025-06-01,10M,0.0,0.0
2022-12-01,10M,0.0,0.0
2021-07-01,10M,0.0,0.0
2024-11-01,10M,0.0,0.0
2024-09-01,10M,0.0,0.0
2023-03-01,10M,0.0,0.0
2024-04-01,10M,0.0,0.0
2022-04-01,10M,0.0,0.0
2025-09-01,10M,0.0,0.0
2024-07-01,10M,0.0,0.0
2022-06-01,10M,0.0,0.0
2025-07-01,10M,0.0,0.0
2022-03-01,10M,0.0,0.0
2021-12-01,10M,0.0,0.0
2025-10-01,10M,0.0,0.0
2022-08-01,10M,0.0,0.0
2022-01-01,10M,0.0,0.0
2026-03-01,10M,0.0,0.0
2024-10-01,10M,0.0,0.0
2026-02-01,10M,0.0,0.0
2026-05-01,10M,0.0,0.0
2025-05-01,10M,0.0,0.0
2023-01-01,10M,0.0,0.0
2022-10-01,10V,0.0,0.0
2023-06-01,10V,0.0,0.0
2022-05-01,10V,0.0,0.0
2025-11-01,10V,0.0,0.0
2022-01-01,10V,0.0,0.0
2025-09-01,10V,0.0,0.0
2025-01-01,10V,0.0,0.0
2022-08-01,10V,0.0,0.0
2024-08-01,10V,0.0,0.0
2023-09-01,10V,0.0,0.0
2024-11-01,10V,0.0,0.0
2024-05-01,10V,0.0,0.0
2023-04-01,10V,0.0,0.0
2025-06-01,10V,0.0,0.0
2021-11-01,10V,0.0,0.0
2022-04-01,10V,0.0,0.0
2023-08-01,10V,0.0,0.0
2024-10-01,10V,0.0,0.0
2023-12-01,10V,0.0,0.0
2023-03-01,10V,0.0,0.0
2025-02-01,10V,0.0,0.0
2022-07-01,10V,0.0,0.0
2026-04-01,10V,0.0,0.0
2022-11-01,10V,0.0,0.0
2023-02-01,10V,0.0,0.0
2023-11-01,10V,0.0,0.0
2026-06-01,10V,0.0,0.0
2026-03-01,10V,0.0,0.0
2021-12-01,10V,0.0,0.0
2024-12-01,10V,0.0,0.0
2023-05-01,10V,0.0,0.0
2026-05-01,10V,0.0,0.0
2022-09-01,10V,0.0,0.0
2025-05-01,10V,0.0,0.0
2021-08-01,10V,0.0,0.0
2025-04-01,10V,0.0,0.0
2024-06-01,10V,0.0,0.0
2025-03-01,10V,0.0,0.0
2025-10-01,10V,0.0,0.0
2022-03-01,10V,0.0,0.0
2021-09-01,10V,0.0,0.0
2024-04-01,10V,0.0,0.0
2023-01-01,10V,0.0,0.0
2026-01-01,10V,0.0,0.0
2024-03-01,10V,0.0,0.0
2023-10-01,10V,0.0,0.0
2026-02-01,10V,0.0,0.0
2025-12-01,10V,0.0,0.0
2021-06-01,10V,0.0,0.0
2025-07-01,10V,0.0,0.0
2024-02-01,10V,0.0,0.0
2025-08-01,10V,0.0,0.0
2022-06-01,10V,0.0,0.0
2022-12-01,10V,0.0,0.0
2022-02-01,10V,0.0,0.0
2024-07-01,10V,0.0,0.0
2021-10-01,10V,0.0,0.0
2024-01-01,10V,0.0,0.0
2021-07-01,10V,0.0,0.0
2024-09-01,10V,0.0,0.0
2023-07-01,10V,0.0,0.0
2024-02-01,10W,0.0,0.0
2024-11-01,10W,0.0,0.0
2022-09-01,10W,0.0,0.0
2026-05-01,10W,0.0,0.0
2024-01-01,10W,0.0,0.0
2022-01-01,10W,0.0,0.0
2026-01-01,10W,0.0,0.0
2026-02-01,10W,0.0,0.0
2025-07-01,10W,0.0,0.0
2021-10-01,10W,0.0,0.0
2024-03-01,10W,0.0,0.0
2023-04-01,10W,0.0,0.0
2024-06-01,10W,0.0,0.0
2024-10-01,10W,0.0,0.0
2025-04-01,10W,0.0,0.0
2021-06-01,10W,0.0,0.0
2023-05-01,10W,0.0,0.0
2023-06-01,10W,0.0,0.0
2023-07-01,10W,0.0,0.0
2025-10-01,10W,0.0,0.0
2025-06-01,10W,0.0,0.0
2025-09-01,10W,0.0,0.0
2023-08-01,10W,0.0,0.0
2023-11-01,10W,0.0,0.0
2025-01-01,10W,0.0,0.0
2024-09-01,10W,0.0,0.0
2024-04-01,10W,0.0,0.0
2021-07-01,10W,0.0,0.0
2022-06-01,10W,0.0,0.0
2025-08-01,10W,0.0,0.0
2022-11-01,10W,0.0,0.0
2025-05-01,10W,0.0,0.0
2025-02-01,10W,0.0,0.0
2021-09-01,10W,0.0,0.0
2022-10-01,10W,0.0,0.0
2024-05-01,10W,0.0,0.0
2024-12-01,10W,0.0,0.0
2023-12-01,10W,0.0,0.0
2023-09-01,10W,0.0,0.0
2023-02-01,10W,0.0,0.0
2022-02-01,10W,0.0,0.0
2026-04-01,10W,0.0,0.0
2021-08-01,10W,0.0,0.0
2023-01-01,10W,0.0,0.0
2021-11-01,10W,0.0,0.0
2026-06-01,10W,0.0,0.0
2021-12-01,10W,0.0,0.0
2025-03-01,10W,0.0,0.0
2023-03-01,10W,0.0,0.0
2024-08-01,10W,0.0,0.0
2022-12-01,10W,0.0,0.0
2025-12-01,10W,0.0,0.0
2024-07-01,10W,0.0,0.0
2022-08-01,10W,0.0,0.0
2022-03-01,10W,0.0,0.0
2026-03-01,10W,0.0,0.0
2022-05-01,10W,0.0,0.0
2022-07-01,10W,0.0,0.0
2022-04-01,10W,0.0,0.0
2025-11-01,10W,0.0,0.0
2023-10-01,10W,0.0,0.0
2021-09-01,10X,0.0,0.0
2024-07-01,10X,0.0,0.0
2022-09-01,10X,0.0,0.0
2024-02-01,10X,0.0,0.0
2026-06-01,10X,0.0,0.0
2023-06-01,10X,0.0,0.0
2025-04-01,10X,0.0,0.0
2023-03-01,10X,0.0,0.0
2025-07-01,10X,0.0,0.0
2023-09-01,10X,0.0,0.0
2026-04-01,10X,0.0,0.0
2021-12-01,10X,0.0,0.0
2024-01-01,10X,0.0,0.0
2024-09-01,10X,0.0,0.0
2023-11-01,10X,0.0,0.0
2022-08-01,10X,0.0,0.0
2022-10-01,10X,0.0,0.0
2026-03-01,10X,0.0,0.0
2023-05-01,10X,0.0,0.0
2025-03-01,10X,0.0,0.0
2024-12-01,10X,0.0,0.0
2025-10-01,10X,0.0,0.0
2021-08-01,10X,0.0,0.0
2022-05-01,10X,0.0,0.0
2026-05-01,10X,0.0,0.0
2025-06-01,10X,0.0,0.0
2024-11-01,10X,0.0,0.0
2022-03-01,10X,0.0,0.0
2023-02-01,10X,0.0,0.0
2024-08-01,10X,0.0,0.0
2024-04-01,10X,0.0,0.0
2021-06-01,10X,0.0,0.0
2025-05-01,10X,0.0,0.0
2023-10-01,10X,0.0,0.0
2022-02-01,10X,0.0,0.0
2024-05-01,10X,0.0,0.0
2024-10-01,10X,0.0,0.0
2025-12-01,10X,0.0,0.0
2022-12-01,10X,0.0,0.0
2023-04-01,10X,0.0,0.0
2023-12-01,10X,0.0,0.0
2022-01-01,10X,0.0,0.0
2025-08-01,10X,0.0,0.0
2022-04-01,10X,0.0,0.0
2024-06-01,10X,0.0,0.0
2024-03-01,10X,0.0,0.0
2026-01-01,10X,0.0,0.0
2022-11-01,10X,0.0,0.0
2025-11-01,10X,0.0,0.0
2023-08-01,10X,0.0,0.0
2025-09-01,10X,0.0,0.0
2021-11-01,10X,0.0,0.0
2022-07-01,10X,0.0,0.0
2021-10-01,10X,0.0,0.0
2022-06-01,10X,0.0,0.0
2021-07-01,10X,0.0,0.0
2023-01-01,10X,0.0,0.0
2025-01-01,10X,0.0,0.0
2026-02-01,10X,0.0,0.0
2025-02-01,10X,0.0,0.0
2023-07-01,10X,0.0,0.0
2023-10-01,11A,0.0,0.0
2022-04-01,11A,0.0,0.0
2022-06-01,11A,0.0,0.0
2025-10-01,11A,0.0,0.0
2024-12-01,11A,0.0,0.0
2022-05-01,11A,0.0,0.0
2022-01-01,11A,0.0,0.0
2023-04-01,11A,0.0,0.0
2021-08-01,11A,0.0,0.0
2024-08-01,11A,0.0,0.0
2025-11-01,11A,0.0,0.0
2026-05-01,11A,0.0,0.0
2023-08-01,11A,0.0,0.0
2024-11-01,11A,0.0,0.0
2022-09-01,11A,0.0,0.0
2024-05-01,11A,0.0,0.0
2025-09-01,11A,0.0,0.0
2022-03-01,11A,0.0,0.0
2025-12-01,11A,0.0,0.0
2024-09-01,11A,0.0,0.0
2024-07-01,11A,0.0,0.0
2026-02-01,11A,0.0,0.0
2021-10-01,11A,0.0,0.0
2021-07-01,11A,0.0,0.0
2021-06-01,11A,0.0,0.0
2024-02-01,11A,0.0,0.0
2023-07-01,11A,0.0,0.0
2023-01-01,11A,0.0,0.0
2023-09-01,11A,0.0,0.0
2022-08-01,11A,0.0,0.0
2024-01-01,11A,0.0,0.0
2024-06-01,11A,0.0,0.0
2025-02-01,11A,0.0,0.0
2021-12-01,11A,0.0,0.0
2023-06-01,11A,0.0,0.0
2026-06-01,11A,0.0,0.0
2024-03-01,11A,0.0,0.0
2022-02-01,11A,0.0,0.0
2025-03-01,11A,0.0,0.0
2025-07-01,11A,0.0,0.0
2023-12-01,11A,0.0,0.0
2024-04-01,11A,0.0,0.0
2025-06-01,11A,0.0,0.0
2025-04-01,11A,0.0,0.0
2023-03-01,11A,0.0,0.0
2025-05-01,11A,0.0,0.0
2023-02-01,11A,0.0,0.0
2023-11-01,11A,0.0,0.0
2021-11-01,11A,0.0,0.0
2025-08-01,11A,0.0,0.0
2026-01-01,11A,0.0,0.0
2022-10-01,11A,0.0,0.0
2026-03-01,11A,0.0,0.0
2023-05-01,11A,0.0,0.0
2022-11-01,11A,0.0,0.0
2026-04-01,11A,0.0,0.0
2022-07-01,11A,0.0,0.0
2022-12-01,11A,0.0,0.0
2021-09-01,11A,0.0,0.0
2025-01-01,11A,0.0,0.0
2024-10-01,11A,0.0,0.0
2024-09-01,11E,0.0,0.0
2024-08-01,11E,0.0,0.0
2022-05-01,11E,0.0,0.0
2024-06-01,11E,0.0,0.0
2021-06-01,11E,0.0,0.0
2025-02-01,11E,0.0,0.0
2025-07-01,11E,0.0,0.0
2021-10-01,11E,0.0,0.0
2022-01-01,11E,0.0,0.0
2023-11-01,11E,0.0,0.0
2024-03-01,11E,0.0,0.0
2026-06-01,11E,0.0,0.0
2022-11-01,11E,0.0,0.0
2021-12-01,11E,0.0,0.0
2022-04-01,11E,0.0,0.0
2026-04-01,11E,0.0,0.0
2021-09-01,11E,0.0,0.0
2023-07-01,11E,0.0,0.0
2025-03-01,11E,0.0,0.0
2023-08-01,11E,0.0,0.0
2023-10-01,11E,0.0,0.0
2023-04-01,11E,0.0,0.0
2021-08-01,11E,0.0,0.0
2023-05-01,11E,0.0,0.0
2025-08-01,11E,0.0,0.0
2022-08-01,11E,0.0,0.0
2021-11-01,11E,0.0,0.0
2025-09-01,11E,0.0,0.0
2026-03-01,11E,0.0,0.0
2023-01-01,11E,0.0,0.0
2026-01-01,11E,0.0,0.0
2025-11-01,11E,0.0,0.0
2023-02-01,11E,0.0,0.0
2024-01-01,11E,0.0,0.0
2025-01-01,11E,0.0,0.0
2022-02-01,11E,0.0,0.0
2022-10-01,11E,0.0,0.0
2026-05-01,11E,0.0,0.0
2024-11-01,11E,0.0,0.0
2024-02-01,11E,0.0,0.0
2023-03-01,11E,0.0,0.0
2025-10-01,11E,0.0,0.0
2022-06-01,11E,0.0,0.0
2025-12-01,11E,0.0,0.0
2026-02-01,11E,0.0,0.0
2024-05-01,11E,0.0,0.0
2024-07-01,11E,0.0,0.0
2022-07-01,11E,0.0,0.0
2024-10-01,11E,0.0,0.0
2024-04-01,11E,0.0,0.0
2025-05-01,11E,0.0,0.0
2022-09-01,11E,0.0,0.0
2023-09-01,11E,0.0,0.0
2024-12-01,11E,0.0,0.0
2021-07-01,11E,0.0,0.0
2023-06-01,11E,0.0,0.0
2025-06-01,11E,0.0,0.0
2022-03-01,11E,0.0,0.0
2025-04-01,11E,0.0,0.0
2022-12-01,11E,0.0,0.0
2023-12-01,11E,0.0,0.0
2021-08-01,11H,0.0,0.0
2025-01-01,11H,0.0,0.0
2023-09-01,11H,0.0,0.0
2026-03-01,11H,0.0,0.0
2024-12-01,11H,0.0,0.0
2026-02-01,11H,0.0,0.0
2021-11-01,11H,0.0,0.0
2021-12-01,11H,0.0,0.0
2023-06-01,11H,0.0,0.0
2025-11-01,11H,0.0,0.0
2026-04-01,11H,0.0,0.0
2024-03-01,11H,0.0,0.0
2024-06-01,11H,0.0,0.0
2024-09-01,11H,0.0,0.0
2025-12-01,11H,0.0,0.0
2021-06-01,11H,0.0,0.0
2026-06-01,11H,0.0,0.0
2022-04-01,11H,0.0,0.0
2022-09-01,11H,0.0,0.0
2022-05-01,11H,0.0,0.0
2026-05-01,11H,0.0,0.0
2022-03-01,11H,0.0,0.0
2025-06-01,11H,0.0,0.0
2022-06-01,11H,0.0,0.0
2022-01-01,11H,0.0,0.0
2023-07-01,11H,0.0,0.0
2023-10-01,11H,0.0,0.0
2023-12-01,11H,0.0,0.0
2023-11-01,11H,0.0,0.0
2021-07-01,11H,0.0,0.0
2024-07-01,11H,0.0,0.0
2025-03-01,11H,0.0,0.0
2025-09-01,11H,0.0,0.0
2024-08-01,11H,0.0,0.0
2024-04-01,11H,0.0,0.0
2023-05-01,11H,0.0,0.0
2025-10-01,11H,0.0,0.0
2022-08-01,11H,0.0,0.0
2021-10-01,11H,0.0,0.0
2025-07-01,11H,0.0,0.0
2024-11-01,11H,0.0,0.0
2022-10-01,11H,0.0,0.0
2024-05-01,11H,0.0,0.0
2026-01-01,11H,0.0,0.0
2024-10-01,11H,0.0,0.0
2023-08-01,11H,0.0,0.0
2022-11-01,11H,0.0,0.0
2023-04-01,11H,0.0,0.0
2022-07-01,11H,0.0,0.0
2024-02-01,11H,0.0,0.0
2025-02-01,11H,0.0,0.0
2022-02-01,11H,0.0,0.0
2023-03-01,11H,0.0,0.0
2023-02-01,11H,0.0,0.0
2024-01-01,11H,0.0,0.0
2021-09-01,11H,0.0,0.0
2025-05-01,11H,0.0,0.0
2025-08-01,11H,0.0,0.0
2025-04-01,11H,0.0,0.0
2023-01-01,11H,0.0,0.0
2022-12-01,11H,0.0,0.0
2023-11-01,11T,0.0,0.0
2024-04-01,11T,0.0,0.0
2023-06-01,11T,0.0,0.0
2025-08-01,11T,0.0,0.0
2024-10-01,11T,0.0,0.0
2025-11-01,11T,0.0,0.0
2024-06-01,11T,0.0,0.0
2026-06-01,11T,0.0,0.0
2026-02-01,11T,0.0,0.0
2025-06-01,11T,0.0,0.0
2021-07-01,11T,0.0,0.0
2023-12-01,11T,0.0,0.0
2023-01-01,11T,0.0,0.0
2023-10-01,11T,0.0,0.0
2025-09-01,11T,0.0,0.0
2025-04-01,11T,0.0,0.0
2022-09-01,11T,0.0,0.0
2024-12-01,11T,0.0,0.0
2022-12-01,11T,0.0,0.0
2024-01-01,11T,0.0,0.0
2023-02-01,11T,0.0,0.0
2021-11-01,11T,0.0,0.0
2025-05-01,11T,0.0,0.0
2024-05-01,11T,0.0,0.0
2023-09-01,11T,0.0,0.0
2021-12-01,11T,0.0,0.0
2025-12-01,11T,0.0,0.0
2023-05-01,11T,0.0,0.0
2023-07-01,11T,0.0,0.0
2021-09-01,11T,0.0,0.0
2022-03-01,11T,0.0,0.0
2022-01-01,11T,0.0,0.0
2024-11-01,11T,0.0,0.0
2024-08-01,11T,0.0,0.0
2022-08-01,11T,0.0,0.0
2026-01-01,11T,0.0,0.0
2022-07-01,11T,0.0,0.0
2026-04-01,11T,0.0,0.0
2024-07-01,11T,0.0,0.0
2022-11-01,11T,0.0,0.0
2023-04-01,11T,0.0,0.0
2021-08-01,11T,0.0,0.0
2021-06-01,11T,0.0,0.0
2022-02-01,11T,0.0,0.0
2023-08-01,11T,0.0,0.0
2022-05-01,11T,0.0,0.0
2025-01-01,11T,0.0,0.0
2023-03-01,11T,0.0,0.0
2024-09-01,11T,0.0,0.0
2024-03-01,11T,0.0,0.0
2025-03-01,11T,0.0,0.0
2021-10-01,11T,0.0,0.0
2024-02-01,11T,0.0,0.0
2026-03-01,11T,0.0,0.0
2025-02-01,11T,0.0,0.0
2025-10-01,11T,0.0,0.0
2026-05-01,11T,0.0,0.0
2022-10-01,11T,0.0,0.0
2022-06-01,11T,0.0,0.0
2022-04-01,11T,0.0,0.0
2025-07-01,11T,0.0,0.0
2025-08-01,12D,0.0,0.0
2022-06-01,12D,0.0,0.0
2026-01-01,12D,0.0,0.0
2026-06-01,12D,0.0,0.0
2021-06-01,12D,0.0,0.0
2022-03-01,12D,0.0,0.0
2024-06-01,12D,0.0,0.0
2026-04-01,12D,0.0,0.0
2025-02-01,12D,0.0,0.0
2022-08-01,12D,0.0,0.0
2021-11-01,12D,0.0,0.0
2025-12-01,12D,0.0,0.0
2024-02-01,12D,0.0,0.0
2025-07-01,12D,0.0,0.0
2024-04-01,12D,0.0,0.0
2022-05-01,12D,0.0,0.0
2022-07-01,12D,0.0,0.0
2022-01-01,12D,0.0,0.0
2024-08-01,12D,0.0,0.0
2026-02-01,12D,0.0,0.0
2023-01-01,12D,0.0,0.0
2022-12-01,12D,0.0,0.0
2023-08-01,12D,0.0,0.0
2021-09-01,12D,0.0,0.0
2023-09-01,12D,0.0,0.0
2024-07-01,12D,0.0,0.0
2022-09-01,12D,0.0,0.0
2025-06-01,12D,0.0,0.0
2021-12-01,12D,0.0,0.0
2025-01-01,12D,0.0,0.0
2024-05-01,12D,0.0,0.0
2022-11-01,12D,0.0,0.0
2023-06-01,12D,0.0,0.0
2023-02-01,12D,0.0,0.0
2021-08-01,12D,0.0,0.0
2024-03-01,12D,0.0,0.0
2025-03-01,12D,0.0,0.0
2022-04-01,12D,0.0,0.0
2023-03-01,12D,0.0,0.0
2023-05-01,12D,0.0,0.0
2023-04-01,12D,0.0,0.0
2026-05-01,12D,0.0,0.0
2025-11-01,12D,0.0,0.0
2021-10-01,12D,0.0,0.0
2023-11-01,12D,0.0,0.0
2024-01-01,12D,0.0,0.0
2022-02-01,12D,0.0,0.0
2022-10-01,12D,0.0,0.0
2024-12-01,12D,0.0,0.0
2025-10-01,12D,0.0,0.0
2025-05-01,12D,0.0,0.0
2023-07-01,12D,0.0,0.0
2025-09-01,12D,0.0,0.0
2021-07-01,12D,0.0,0.0
2024-11-01,12D,0.0,0.0
2024-10-01,12D,0.0,0.0
2026-03-01,12D,0.0,0.0
2023-10-01,12D,0.0,0.0
2023-12-01,12D,0.0,0.0
2025-04-01,12D,0.0,0.0
2024-09-01,12D,0.0,0.0
2025-08-01,13P,0.0,0.0
2024-04-01,13P,0.0,0.0
2021-12-01,13P,0.0,0.0
2023-12-01,13P,0.0,0.0
2023-05-01,13P,0.0,0.0
2024-03-01,13P,0.0,0.0
2025-06-01,13P,0.0,0.0
2022-07-01,13P,0.0,0.0
2022-05-01,13P,0.0,0.0
2024-09-01,13P,0.0,0.0
2025-01-01,13P,0.0,0.0
2022-12-01,13P,0.0,0.0
2025-03-01,13P,0.0,0.0
2023-01-01,13P,0.0,0.0
2022-08-01,13P,0.0,0.0
2025-02-01,13P,0.0,0.0
2025-12-01,13P,0.0,0.0
2023-09-01,13P,0.0,0.0
2024-02-01,13P,0.0,0.0
2022-03-01,13P,0.0,0.0
2023-07-01,13P,0.0,0.0
2024-12-01,13P,0.0,0.0
2022-01-01,13P,0.0,0.0
2022-04-01,13P,0.0,0.0
2021-10-01,13P,0.0,0.0
2025-07-01,13P,0.0,0.0
2024-01-01,13P,0.0,0.0
2025-11-01,13P,0.0,0.0
2026-02-01,13P,0.0,0.0
2021-11-01,13P,0.0,0.0
2023-04-01,13P,0.0,0.0
2021-08-01,13P,0.0,0.0
2026-01-01,13P,0.0,0.0
2023-06-01,13P,0.0,0.0
2025-04-01,13P,0.0,0.0
2022-11-01,13P,0.0,0.0
2026-05-01,13P,0.0,0.0
2022-10-01,13P,0.0,0.0
2024-10-01,13P,0.0,0.0
2024-08-01,13P,0.0,0.0
2026-06-01,13P,0.0,0.0
2024-06-01,13P,0.0,0.0
2022-06-01,13P,0.0,0.0
2023-02-01,13P,0.0,0.0
2026-04-01,13P,0.0,0.0
2023-10-01,13P,0.0,0.0
2024-05-01,13P,0.0,0.0
2024-07-01,13P,0.0,0.0
2026-03-01,13P,0.0,0.0
2023-03-01,13P,0.0,0.0
2022-09-01,13P,0.0,0.0
2024-11-01,13P,0.0,0.0
2021-09-01,13P,0.0,0.0
2025-10-01,13P,0.0,0.0
2021-07-01,13P,0.0,0.0
2021-06-01,13P,0.0,0.0
2023-11-01,13P,0.0,0.0
2023-08-01,13P,0.0,0.0
2025-09-01,13P,0.0,0.0
2022-02-01,13P,0.0,0.0
2025-05-01,13P,0.0,0.0
2026-05-01,15D,0.0,0.0
2024-11-01,15D,0.0,0.0
2024-05-01,15D,0.0,0.0
2023-12-01,15D,0.0,0.0
2024-01-01,15D,0.0,0.0
2025-10-01,15D,0.0,0.0
2024-03-01,15D,0.0,0.0
2026-01-01,15D,0.0,0.0
2022-11-01,15D,0.0,0.0
2023-08-01,15D,0.0,0.0
2025-11-01,15D,0.0,0.0
2022-08-01,15D,0.0,0.0
2026-06-01,15D,0.0,0.0
2026-02-01,15D,0.0,0.0
2025-12-01,15D,0.0,0.0
2021-06-01,15D,0.0,0.0
2023-07-01,15D,0.0,0.0
2022-06-01,15D,0.0,0.0
2023-11-01,15D,0.0,0.0
2021-10-01,15D,0.0,0.0
2025-01-01,15D,0.0,0.0
2022-05-01,15D,0.0,0.0
2022-12-01,15D,0.0,0.0
2021-12-01,15D,0.0,0.0
2022-07-01,15D,0.0,0.0
2025-07-01,15D,0.0,0.0
2024-12-01,15D,0.0,0.0
2021-08-01,15D,0.0,0.0
2025-08-01,15D,0.0,0.0
2021-11-01,15D,0.0,0.0
2024-06-01,15D,0.0,0.0
2026-04-01,15D,0.0,0.0
2023-01-01,15D,0.0,0.0
2023-03-01,15D,0.0,0.0
2025-04-01,15D,0.0,0.0
2022-02-01,15D,0.0,0.0
2022-09-01,15D,0.0,0.0
2022-01-01,15D,0.0,0.0
2024-08-01,15D,0.0,0.0
2024-10-01,15D,0.0,0.0
2023-09-01,15D,0.0,0.0
2024-09-01,15D,0.0,0.0
2024-04-01,15D,0.0,0.0
2024-02-01,15D,0.0,0.0
2022-04-01,15D,0.0,0.0
2025-05-01,15D,0.0,0.0
2023-05-01,15D,0.0,0.0
2025-03-01,15D,0.0,0.0
2023-06-01,15D,0.0,0.0
2024-07-01,15D,0.0,0.0
2023-10-01,15D,0.0,0.0
2026-03-01,15D,0.0,0.0
2025-06-01,15D,0.0,0.0
2022-03-01,15D,0.0,0.0
2021-09-01,15D,0.0,0.0
2025-09-01,15D,0.0,0.0
2025-02-01,15D,0.0,0.0
2023-04-01,15D,0.0,0.0
2022-10-01,15D,0.0,0.0
2023-02-01,15D,0.0,0.0
2021-07-01,15D,0.0,0.0
2026-03-01,99D,0.0,0.0
2025-08-01,99D,0.0,0.0
2021-09-01,99D,0.0,0.0
2024-05-01,99D,0.0,0.0
2025-10-01,99D,0.0,0.0
2024-02-01,99D,0.0,0.0
2022-09-01,99D,0.0,0.0
2023-10-01,99D,0.0,0.0
2026-06-01,99D,0.0,0.0
2026-04-01,99D,0.0,0.0
2021-12-01,99D,0.0,0.0
2023-06-01,99D,0.0,0.0
2022-02-01,99D,0.0,0.0
2023-11-01,99D,0.0,0.0
2021-07-01,99D,0.0,0.0
2021-08-01,99D,0.0,0.0
2023-04-01,99D,0.0,0.0
2024-04-01,99D,0.0,0.0
2026-02-01,99D,0.0,0.0
2024-09-01,99D,0.0,0.0
2021-06-01,99D,0.0,0.0
2025-07-01,99D,0.0,0.0
2021-11-01,99D,0.0,0.0
2024-03-01,99D,0.0,0.0
2024-06-01,99D,0.0,0.0
2023-09-01,99D,0.0,0.0
2024-10-01,99D,0.0,0.0
2025-11-01,99D,0.0,0.0
2024-07-01,99D,0.0,0.0
2023-05-01,99D,0.0,0.0
2021-10-01,99D,0.0,0.0
2024-11-01,99D,0.0,0.0
2025-09-01,99D,0.0,0.0
2022-11-01,99D,0.0,0.0
2022-05-01,99D,0.0,0.0
2022-03-01,99D,0.0,0.0
2025-06-01,99D,0.0,0.0
2026-05-01,99D,0.0,0.0
2023-01-01,99D,0.0,0.0
2022-10-01,99D,0.0,0.0
2025-05-01,99D,0.0,0.0
2026-01-01,99D,0.0,0.0
2023-03-01,99D,0.0,0.0
2022-12-01,99D,0.0,0.0
2022-04-01,99D,0.0,0.0
2025-03-01,99D,0.0,0.0
2024-01-01,99D,0.0,0.0
2025-01-01,99D,0.0,0.0
2023-07-01,99D,0.0,0.0
2023-12-01,99D,0.0,0.0
2022-07-01,99D,0.0,0.0
2024-08-01,99D,0.0,0.0
2023-02-01,99D,0.0,0.0
2022-08-01,99D,0.0,0.0
2023-08-01,99D,0.0,0.0
2022-01-01,99D,0.0,0.0
2025-04-01,99D,0.0,0.0
2022-06-01,99D,0.0,0.0
2025-12-01,99D,0.0,0.0
2025-02-01,99D,0.0,0.0
2024-12-01,99D,0.0,0.0
2023-03-01,99H,0.0,0.0
2024-10-01,99H,0.0,0.0
2022-04-01,99H,0.0,0.0
2023-05-01,99H,0.0,0.0
2024-09-01,99H,0.0,0.0
2025-01-01,99H,0.0,0.0
2023-01-01,99H,0.0,0.0
2024-06-01,99H,0.0,0.0
2023-11-01,99H,0.0,0.0
2026-06-01,99H,0.0,0.0
2023-04-01,99H,0.0,0.0
2025-08-01,99H,0.0,0.0
2025-03-01,99H,0.0,0.0
2026-01-01,99H,0.0,0.0
2022-06-01,99H,0.0,0.0
2021-12-01,99H,0.0,0.0
2024-05-01,99H,0.0,0.0
2022-05-01,99H,0.0,0.0
2025-09-01,99H,0.0,0.0
2021-11-01,99H,0.0,0.0
2025-10-01,99H,0.0,0.0
2024-02-01,99H,0.0,0.0
2022-02-01,99H,0.0,0.0
2026-02-01,99H,0.0,0.0
2025-06-01,99H,0.0,0.0
2024-11-01,99H,0.0,0.0
2024-08-01,99H,0.0,0.0
2024-12-01,99H,0.0,0.0
2023-02-01,99H,0.0,0.0
2022-08-01,99H,0.0,0.0
2024-07-01,99H,0.0,0.0
2025-02-01,99H,0.0,0.0
2023-06-01,99H,0.0,0.0
2024-04-01,99H,0.0,0.0
2022-07-01,99H,0.0,0.0
2023-10-01,99H,0.0,0.0
2022-10-01,99H,0.0,0.0
2025-12-01,99H,0.0,0.0
2021-06-01,99H,0.0,0.0
2026-05-01,99H,0.0,0.0
2023-09-01,99H,0.0,0.0
2026-04-01,99H,0.0,0.0
2024-03-01,99H,0.0,0.0
2021-09-01,99H,0.0,0.0
2024-01-01,99H,0.0,0.0
2025-11-01,99H,0.0,0.0
2022-03-01,99H,0.0,0.0
2021-10-01,99H,0.0,0.0
2023-08-01,99H,0.0,0.0
2025-05-01,99H,0.0,0.0
2022-09-01,99H,0.0,0.0
2021-07-01,99H,0.0,0.0
2026-03-01,99H,0.0,0.0
2025-04-01,99H,0.0,0.0
2022-01-01,99H,0.0,0.0
2025-07-01,99H,0.0,0.0
2022-12-01,99H,0.0,0.0
2021-08-01,99H,0.0,0.0
2022-11-01,99H,0.0,0.0
2023-12-01,99H,0.0,0.0
2023-07-01,99H,0.0,0.0
2024-03-01,99J,0.0,0.0
2025-09-01,99J,0.0,0.0
2022-07-01,99J,0.0,0.0
2022-01-01,99J,0.0,0.0
2023-11-01,99J,0.0,0.0
2023-05-01,99J,0.0,0.0
2022-03-01,99J,0.0,0.0
2025-03-01,99J,0.0,0.0
2021-07-01,99J,0.0,0.0
2023-02-01,99J,0.0,0.0
2026-01-01,99J,0.0,0.0
2021-10-01,99J,0.0,0.0
2024-06-01,99J,0.0,0.0
2022-02-01,99J,0.0,0.0
2024-04-01,99J,0.0,0.0
2025-10-01,99J,0.0,0.0
2025-06-01,99J,0.0,0.0
2024-07-01,99J,0.0,0.0
2025-02-01,99J,0.0,0.0
2023-10-01,99J,0.0,0.0
2025-08-01,99J,0.0,0.0
2023-03-01,99J,0.0,0.0
2026-06-01,99J,0.0,0.0
2026-04-01,99J,0.0,0.0
2021-08-01,99J,0.0,0.0
2022-08-01,99J,0.0,0.0
2025-01-01,99J,0.0,0.0
2025-04-01,99J,0.0,0.0
2026-03-01,99J,0.0,0.0
2024-01-01,99J,0.0,0.0
2024-02-01,99J,0.0,0.0
2021-11-01,99J,0.0,0.0
2026-02-01,99J,0.0,0.0
2024-11-01,99J,0.0,0.0
2024-05-01,99J,0.0,0.0
2022-11-01,99J,0.0,0.0
2022-06-01,99J,0.0,0.0
2023-12-01,99J,0.0,0.0
2023-06-01,99J,0.0,0.0
2026-05-01,99J,0.0,0.0
2023-04-01,99J,0.0,0.0
2025-05-01,99J,0.0,0.0
2021-12-01,99J,0.0,0.0
2022-04-01,99J,0.0,0.0
2023-07-01,99J,0.0,0.0
2025-12-01,99J,0.0,0.0
2023-01-01,99J,0.0,0.0
2021-09-01,99J,0.0,0.0
2022-09-01,99J,0.0,0.0
2022-12-01,99J,0.0,0.0
2024-08-01,99J,0.0,0.0
2021-06-01,99J,0.0,0.0
2022-05-01,99J,0.0,0.0
2023-08-01,99J,0.0,0.0
2024-12-01,99J,0.0,0.0
2025-11-01,99J,0.0,0.0
2024-10-01,99J,0.0,0.0
2024-09-01,99J,0.0,0.0
2025-07-01,99J,0.0,0.0
2022-10-01,99J,0.0,0.0
2023-09-01,99J,0.0,0.0
2025-07-01,99K,0.0,0.0
2021-11-01,99K,0.0,0.0
2024-08-01,99K,0.0,0.0
2026-06-01,99K,0.0,0.0
2022-10-01,99K,0.0,0.0
2025-08-01,99K,0.0,0.0
2021-10-01,99K,0.0,0.0
2022-06-01,99K,0.0,0.0
2022-12-01,99K,0.0,0.0
2022-09-01,99K,0.0,0.0
2025-09-01,99K,0.0,0.0
2024-04-01,99K,0.0,0.0
2024-10-01,99K,0.0,0.0
2023-12-01,99K,0.0,0.0
2022-11-01,99K,0.0,0.0
2022-05-01,99K,0.0,0.0
2026-04-01,99K,0.0,0.0
2024-09-01,99K,0.0,0.0
2024-02-01,99K,0.0,0.0
2021-09-01,99K,0.0,0.0
2022-03-01,99K,0.0,0.0
2025-11-01,99K,0.0,0.0
2022-04-01,99K,0.0,0.0
2024-01-01,99K,0.0,0.0
2023-11-01,99K,0.0,0.0
2022-01-01,99K,0.0,0.0
2023-08-01,99K,0.0,0.0
2022-02-01,99K,0.0,0.0
2025-05-01,99K,0.0,0.0
2025-06-01,99K,0.0,0.0
2025-01-01,99K,0.0,0.0
2025-12-01,99K,0.0,0.0
2021-07-01,99K,0.0,0.0
2025-10-01,99K,0.0,0.0
2023-03-01,99K,0.0,0.0
2025-02-01,99K,0.0,0.0
2026-01-01,99K,0.0,0.0
2024-11-01,99K,0.0,0.0
2022-08-01,99K,0.0,0.0
2024-06-01,99K,0.0,0.0
2021-12-01,99K,0.0,0.0
2025-04-01,99K,0.0,0.0
2021-06-01,99K,0.0,0.0
2024-05-01,99K,0.0,0.0
2023-02-01,99K,0.0,0.0
2026-03-01,99K,0.0,0.0
2022-07-01,99K,0.0,0.0
2023-04-01,99K,0.0,0.0
2026-05-01,99K,0.0,0.0
2023-05-01,99K,0.0,0.0
2026-02-01,99K,0.0,0.0
2023-01-01,99K,0.0,0.0
2025-03-01,99K,0.0,0.0
2023-06-01,99K,0.0,0.0
2024-03-01,99K,0.0,0.0
2023-10-01,99K,0.0,0.0
2024-07-01,99K,0.0,0.0
2024-12-01,99K,0.0,0.0
2021-08-01,99K,0.0,0.0
2023-09-01,99K,0.0,0.0
2023-07-01,99K,0.0,0.0
2023-01-01,99M,0.0,0.0
2023-07-01,99M,0.0,0.0
2023-12-01,99M,0.0,0.0
2024-05-01,99M,0.0,0.0
2021-09-01,99M,0.0,0.0
2022-01-01,99M,0.0,0.0
2025-04-01,99M,0.0,0.0
2025-03-01,99M,0.0,0.0
2025-09-01,99M,0.0,0.0
2024-01-01,99M,0.0,0.0
2024-08-01,99M,0.0,0.0
2024-02-01,99M,0.0,0.0
2021-11-01,99M,0.0,0.0
2023-06-01,99M,0.0,0.0
2022-02-01,99M,0.0,0.0
2022-12-01,99M,0.0,0.0
2022-08-01,99M,0.0,0.0
2026-01-01,99M,0.0,0.0
2022-06-01,99M,0.0,0.0
2022-07-01,99M,0.0,0.0
2021-07-01,99M,0.0,0.0
2026-05-01,99M,0.0,0.0
2021-08-01,99M,0.0,0.0
2025-01-01,99M,0.0,0.0
2025-12-01,99M,0.0,0.0
2023-05-01,99M,0.0,0.0
2026-02-01,99M,0.0,0.0
2023-10-01,99M,0.0,0.0
2024-07-01,99M,0.0,0.0
2022-03-01,99M,0.0,0.0
2021-06-01,99M,0.0,0.0
2022-04-01,99M,0.0,0.0
2025-06-01,99M,0.0,0.0
2023-09-01,99M,0.0,0.0
2024-12-01,99M,0.0,0.0
2025-11-01,99M,0.0,0.0
2024-06-01,99M,0.0,0.0
2024-09-01,99M,0.0,0.0
2025-10-01,99M,0.0,0.0
2024-03-01,99M,0.0,0.0
2022-05-01,99M,0.0,0.0
2024-04-01,99M,0.0,0.0
2022-10-01,99M,0.0,0.0
2023-02-01,99M,0.0,0.0
2023-08-01,99M,0.0,0.0
2025-05-01,99M,0.0,0.0
2025-07-01,99M,0.0,0.0
2021-10-01,99M,0.0,0.0
2023-03-01,99M,0.0,0.0
2026-06-01,99M,0.0,0.0
2025-08-01,99M,0.0,0.0
2021-12-01,99M,0.0,0.0
2022-09-01,99M,0.0,0.0
2026-03-01,99M,0.0,0.0
2026-04-01,99M,0.0,0.0
2024-10-01,99M,0.0,0.0
2025-02-01,99M,0.0,0.0
2023-11-01,99M,0.0,0.0
2024-11-01,99M,0.0,0.0
2023-04-01,99M,0.0,0.0
2022-11-01,99M,0.0,0.0
2026-04-01,99N,0.0,0.0
2025-06-01,99N,0.0,0.0
2022-06-01,99N,0.0,0.0
2022-09-01,99N,0.0,0.0
2022-04-01,99N,0.0,0.0
2025-08-01,99N,0.0,0.0
2023-02-01,99N,0.0,0.0
2023-12-01,99N,0.0,0.0
2022-05-01,99N,0.0,0.0
2023-01-01,99N,0.0,0.0
2023-06-01,99N,0.0,0.0
2022-03-01,99N,0.0,0.0
2023-10-01,99N,0.0,0.0
2023-11-01,99N,0.0,0.0
2025-11-01,99N,0.0,0.0
2024-12-01,99N,0.0,0.0
2023-08-01,99N,0.0,0.0
2022-08-01,99N,0.0,0.0
2025-03-01,99N,0.0,0.0
2024-03-01,99N,0.0,0.0
2021-06-01,99N,0.0,0.0
2025-05-01,99N,0.0,0.0
2024-11-01,99N,0.0,0.0
2022-02-01,99N,0.0,0.0
2022-12-01,99N,0.0,0.0
2024-04-01,99N,0.0,0.0
2024-06-01,99N,0.0,0.0
2025-12-01,99N,0.0,0.0
2022-07-01,99N,0.0,0.0
2026-06-01,99N,0.0,0.0
2021-11-01,99N,0.0,0.0
2026-03-01,99N,0.0,0.0
2023-07-01,99N,0.0,0.0
2021-08-01,99N,0.0,0.0
2021-07-01,99N,0.0,0.0
2026-01-01,99N,0.0,0.0
2024-07-01,99N,0.0,0.0
2026-05-01,99N,0.0,0.0
2025-02-01,99N,0.0,0.0
2021-10-01,99N,0.0,0.0
2025-09-01,99N,0.0,0.0
2021-12-01,99N,0.0,0.0
2025-01-01,99N,0.0,0.0
2022-01-01,99N,0.0,0.0
2025-07-01,99N,0.0,0.0
2026-02-01,99N,0.0,0.0
2023-04-01,99N,0.0,0.0
2024-01-01,99N,0.0,0.0
2022-10-01,99N,0.0,0.0
2025-10-01,99N,0.0,0.0
2024-08-01,99N,0.0,0.0
2023-03-01,99N,0.0,0.0
2022-11-01,99N,0.0,0.0
2021-09-01,99N,0.0,0.0
2024-05-01,99N,0.0,0.0
2023-05-01,99N,0.0,0.0
2024-09-01,99N,0.0,0.0
2023-09-01,99N,0.0,0.0
2024-02-01,99N,0.0,0.0
2025-04-01,99N,0.0,0.0
2024-10-01,99N,0.0,0.0
2024-01-01,99P,0.0,0.0
2024-02-01,99P,0.0,0.0
2025-09-01,99P,0.0,0.0
2024-04-01,99P,0.0,0.0
2022-06-01,99P,0.0,0.0
2024-10-01,99P,0.0,0.0
2023-03-01,99P,0.0,0.0
2022-12-01,99P,0.0,0.0
2022-07-01,99P,0.0,0.0
2023-09-01,99P,0.0,0.0
2024-12-01,99P,0.0,0.0
2025-12-01,99P,0.0,0.0
2021-12-01,99P,0.0,0.0
2025-06-01,99P,0.0,0.0
2023-07-01,99P,0.0,0.0
2025-10-01,99P,0.0,0.0
2025-04-01,99P,0.0,0.0
2023-11-01,99P,0.0,0.0
2023-10-01,99P,0.0,0.0
2025-05-01,99P,0.0,0.0
2022-10-01,99P,0.0,0.0
2024-07-01,99P,0.0,0.0
2021-08-01,99P,0.0,0.0
2025-11-01,99P,0.0,0.0
2021-10-01,99P,0.0,0.0
2023-02-01,99P,0.0,0.0
2025-07-01,99P,0.0,0.0
2022-01-01,99P,0.0,0.0
2026-01-01,99P,0.0,0.0
2021-11-01,99P,0.0,0.0
2023-05-01,99P,0.0,0.0
2026-03-01,99P,0.0,0.0
2022-04-01,99P,0.0,0.0
2021-09-01,99P,0.0,0.0
2022-02-01,99P,0.0,0.0
2022-05-01,99P,0.0,0.0
2021-06-01,99P,0.0,0.0
2023-12-01,99P,0.0,0.0
2023-08-01,99P,0.0,0.0
2023-01-01,99P,0.0,0.0
2025-03-01,99P,0.0,0.0
2024-03-01,99P,0.0,0.0
2022-11-01,99P,0.0,0.0
2024-09-01,99P,0.0,0.0
2024-06-01,99P,0.0,0.0
2021-07-01,99P,0.0,0.0
2023-06-01,99P,0.0,0.0
2022-03-01,99P,0.0,0.0
2026-06-01,99P,0.0,0.0
2024-08-01,99P,0.0,0.0
2024-11-01,99P,0.0,0.0
2025-01-01,99P,0.0,0.0
2022-09-01,99P,0.0,0.0
2023-04-01,99P,0.0,0.0
2025-08-01,99P,0.0,0.0
2025-02-01,99P,0.0,0.0
2022-08-01,99P,0.0,0.0
2026-02-01,99P,0.0,0.0
2026-05-01,99P,0.0,0.0
2026-04-01,99P,0.0,0.0
2024-05-01,99P,0.0,0.0
2024-01-01,99Q,0.0,0.0
2025-07-01,99Q,0.0,0.0
2024-07-01,99Q,0.0,0.0
2023-09-01,99Q,0.0,0.0
2026-03-01,99Q,0.0,0.0
2024-03-01,99Q,0.0,0.0
2023-07-01,99Q,0.0,0.0
2025-05-01,99Q,0.0,0.0
2022-12-01,99Q,0.0,0.0
2021-06-01,99Q,0.0,0.0
2025-06-01,99Q,0.0,0.0
2021-12-01,99Q,0.0,0.0
2023-10-01,99Q,0.0,0.0
2022-09-01,99Q,0.0,0.0
2022-04-01,99Q,0.0,0.0
2025-08-01,99Q,0.0,0.0
2025-01-01,99Q,0.0,0.0
2025-11-01,99Q,0.0,0.0
2024-02-01,99Q,0.0,0.0
2025-02-01,99Q,0.0,0.0
2022-02-01,99Q,0.0,0.0
2023-12-01,99Q,0.0,0.0
2021-08-01,99Q,0.0,0.0
2026-04-01,99Q,0.0,0.0
2022-05-01,99Q,0.0,0.0
2023-11-01,99Q,0.0,0.0
2023-08-01,99Q,0.0,0.0
2024-04-01,99Q,0.0,0.0
2022-11-01,99Q,0.0,0.0
2023-05-01,99Q,0.0,0.0
2024-06-01,99Q,0.0,0.0
2024-11-01,99Q,0.0,0.0
2023-02-01,99Q,0.0,0.0
2025-04-01,99Q,0.0,0.0
2022-06-01,99Q,0.0,0.0
2025-12-01,99Q,0.0,0.0
2022-07-01,99Q,0.0,0.0
2021-10-01,99Q,0.0,0.0
2025-10-01,99Q,0.0,0.0
2022-01-01,99Q,0.0,0.0
2022-08-01,99Q,0.0,0.0
2026-01-01,99Q,0.0,0.0
2022-10-01,99Q,0.0,0.0
2023-06-01,99Q,0.0,0.0
2021-09-01,99Q,0.0,0.0
2026-02-01,99Q,0.0,0.0
2024-09-01,99Q,0.0,0.0
2024-12-01,99Q,0.0,0.0
2026-06-01,99Q,0.0,0.0
2021-07-01,99Q,0.0,0.0
2023-01-01,99Q,0.0,0.0
2023-03-01,99Q,0.0,0.0
2025-03-01,99Q,0.0,0.0
2024-05-01,99Q,0.0,0.0
2022-03-01,99Q,0.0,0.0
2021-11-01,99Q,0.0,0.0
2024-08-01,99Q,0.0,0.0
2026-05-01,99Q,0.0,0.0
2023-04-01,99Q,0.0,0.0
2024-10-01,99Q,0.0,0.0
2025-09-01,99Q,0.0,0.0
2023-12-01,06Q,3495.4680899999994,415.90799999999996
2021-12-01,06Q,3571.0657300000007,404.09899999999993
2025-12-01,06Q,4118.54818,426.36300000000006
2025-02-01,06Q,2957.5516,422.92799999999994
2023-10-01,06Q,3843.74918,414.128
2022-06-01,06Q,2991.634960000001,406.2540000000001
2022-05-01,06Q,4439.04382,405.789
2022-01-01,06Q,2986.8745399999993,404.251
2023-11-01,06Q,2493.50315,414.944
2022-04-01,06Q,2721.01257,405.36100000000005
2024-07-01,06Q,3361.18058,419.201
2025-07-01,06Q,4316.83445,424.552
2022-10-01,06Q,2880.9706300000007,408.263
2025-06-01,06Q,3257.6960400000003,424.28700000000003
2025-05-01,06Q,3074.3089699999996,423.888
2021-09-01,06Q,3055.1816099999996,403.44800000000004
2024-06-01,06Q,2787.9934299999995,418.668
2023-02-01,06Q,2299.60114,410.2250000000001
2024-04-01,06Q,3349.3378999999995,418.09600000000006
2021-10-01,06Q,2601.0261499999997,403.70700000000005
2023-05-01,06Q,3770.0417399999997,411.362
2024-05-01,06Q,2995.8695300000004,418.60599999999994
2025-01-01,06Q,3300.3260499999997,422.34600000000006
2022-02-01,06Q,2671.21123,404.62199999999984
2022-11-01,06Q,3606.51375,408.7770000000001
2025-04-01,06Q,3159.10387,423.38599999999997
2026-01-01,06Q,3815.1324399999994,426.2899999999999
2021-06-01,06Q,3189.79376,401.58099999999996
2023-04-01,06Q,1728.6970100000003,411.03799999999995
2022-12-01,06Q,3240.3593900000005,409.508
2022-07-01,06Q,3974.80992,406.95100000000014
2026-05-01,06Q,3828.82863,426.591
2026-03-01,06Q,3943.982200000001,426.26599999999985
2022-09-01,06Q,2973.6016900000004,407.97099999999995
2023-03-01,06Q,3100.8204000000005,410.6529999999999
2023-06-01,06Q,3145.4832600000004,411.8239999999999
2024-08-01,06Q,3492.78692,419.7700000000001
2025-09-01,06Q,3992.3081799999995,426.10400000000004
2024-11-01,06Q,2645.6319899999994,421.26699999999994
2022-03-01,06Q,3091.81677,404.8819999999998
2024-12-01,06Q,4213.3207,421.9589999999999
2024-03-01,06Q,3210.0879000000004,417.6600000000001
2025-11-01,06Q,4035.96244,426.4790000000001
2026-06-01,06Q,4341.0415600000015,426.472
2021-07-01,06Q,3504.34074,402.24399999999997
2026-02-01,06Q,4150.05183,426.24799999999993
2022-08-01,06Q,3330.52781,407.501
2024-09-01,06Q,2835.4366299999997,420.31699999999995
2024-10-01,06Q,3343.04808,420.827
2024-01-01,06Q,3495.4720300000004,416.4469999999999
2026-04-01,06Q,3960.546509999999,426.74600000000004
2025-08-01,06Q,3045.75212,425.3810000000001
2023-09-01,06Q,3001.1258800000005,413.9329999999999
2021-11-01,06Q,3227.60459,403.937
2023-08-01,06Q,2754.19257,413.17199999999997
2025-03-01,06Q,2543.80769,423.2600000000001
2024-02-01,06Q,2670.30209,417.176
2023-07-01,06Q,3590.4811100000006,412.60199999999986
2021-08-01,06Q,2041.6911500000006,402.894
2025-10-01,06Q,3113.39145,426.2880000000001
2023-01-01,06Q,2990.64607,409.75100000000003
2023-04-01,06T,3140.7784699999984,370.92600000000004
2022-12-01,06T,4477.2715100000005,369.02599999999995
2022-06-01,06T,3440.042229999998,366.27699999999993
2025-05-01,06T,4691.8642199999995,380.137
2025-08-01,06T,4775.72396,380.67199999999985
2025-11-01,06T,5796.932919999999,381.7660000000001
2023-07-01,06T,4697.63794,372.101
2021-06-01,06T,4155.61964,361.981
2026-03-01,06T,4781.25812,381.4649999999999
2024-07-01,06T,4472.069099999999,377.0210000000001
2024-05-01,06T,4586.399340000001,376.50199999999984
2025-07-01,06T,5726.2874600000005,380.383
2023-12-01,06T,4416.515939999999,374.71099999999996
2024-08-01,06T,4517.9800700000005,377.16599999999994
2024-03-01,06T,4609.930299999998,375.64300000000014
2026-05-01,06T,4943.344899999999,381.13500000000005
2021-10-01,06T,3240.76915,362.832
2023-02-01,06T,3628.382219999999,370.29299999999995
2024-09-01,06T,4805.52528,377.2199999999999
2022-10-01,06T,4500.427710000001,366.9270000000001
2021-08-01,06T,3600.4738300000004,362.511
2024-01-01,06T,4281.26526,375.075
2022-08-01,06T,3864.0809899999995,366.66900000000004
2025-02-01,06T,4145.086,379.517
2026-04-01,06T,6555.7829999999985,381.47100000000006
2022-05-01,06T,3215.5075400000005,366.033
2023-08-01,06T,4100.02498,372.4189999999999
2025-06-01,06T,5195.013959999998,380.25199999999995
2024-10-01,06T,4442.523050000001,377.12800000000004
2022-09-01,06T,3730.9026099999996,366.79499999999996
2022-11-01,06T,3779.7626600000003,367.81300000000005
2022-02-01,06T,3281.9419,365.2899999999998
2024-06-01,06T,4358.9526,376.75199999999995
2025-10-01,06T,6554.774730000001,381.1230000000001
2021-07-01,06T,3361.6225299999996,362.14700000000005
2023-11-01,06T,3842.91785,373.53999999999985
2023-06-01,06T,3963.1294199999998,371.6280000000001
2026-06-01,06T,5543.704119999999,380.76
2024-12-01,06T,5549.683760000001,379.07400000000007
2021-09-01,06T,3376.52499,362.7799999999999
2022-01-01,06T,4085.33991,365.026
2022-04-01,06T,3896.5241200000005,365.777
2026-02-01,06T,5366.556139999999,381.57399999999996
2025-09-01,06T,5395.008560000001,380.9320000000001
2023-05-01,06T,3140.2963199999995,371.224
2025-01-01,06T,4302.69903,379.201
2025-03-01,06T,3763.6703,379.65700000000004
2023-03-01,06T,4200.470200000001,370.589
2022-03-01,06T,3420.392620000001,365.5179999999999
2025-04-01,06T,4776.720010000001,379.93200000000013
2023-10-01,06T,3634.553769999999,372.5680000000001
2024-04-01,06T,3931.5454400000003,375.99099999999993
2026-01-01,06T,5374.717690000001,382.033
2023-09-01,06T,3757.7584799999995,372.74000000000007
2022-07-01,06T,3995.995649999999,366.60200000000003
2024-11-01,06T,4469.43216,378.4230000000001
2023-01-01,06T,3396.7431399999996,369.519
2021-12-01,06T,4043.6595499999994,364.58199999999994
2025-12-01,06T,6689.618780000001,382.004
2021-11-01,06T,3367.3688300000013,363.51899999999995
2024-02-01,06T,4088.6288700000005,375.50299999999993
2024-01-01,07G,916.1737100000001,188.375
2025-04-01,07G,892.52153,190.572
2024-08-01,07G,835.2722699999998,190.47400000000002
2025-05-01,07G,785.39234,190.581
2024-05-01,07G,982.7197900000001,189.884
2025-12-01,07G,843.9058500000001,190.49700000000004
2026-05-01,07G,1265.1299399999998,189.82599999999996
2025-09-01,07G,946.0649000000001,190.647
2025-10-01,07G,1198.16282,190.68599999999998
2024-03-01,07G,1228.5445499999998,189.04700000000003
2021-12-01,07G,1670.5807300000001,184.10100000000003
2023-08-01,07G,1074.53129,186.94800000000004
2022-06-01,07G,1155.9504,184.60899999999998
2024-10-01,07G,1087.90698,190.545
2021-10-01,07G,1124.5371899999998,183.822
2022-09-01,07G,915.65991,184.99400000000003
2021-08-01,07G,988.3213400000002,183.61
2024-07-01,07G,986.9835899999999,190.24
2021-07-01,07G,1009.18004,183.48899999999998
2025-11-01,07G,947.5085600000001,190.684
2026-04-01,07G,1473.66143,189.853
2023-01-01,07G,1216.13295,185.61099999999996
2024-11-01,07G,1087.0011299999999,190.63899999999998
2025-06-01,07G,878.7597000000001,190.668
2025-01-01,07G,1053.9139499999999,190.83399999999997
2022-02-01,07G,740.09194,184.316
2021-06-01,07G,1019.6331100000001,183.24300000000002
2024-06-01,07G,909.0835,190.11000000000004
2026-03-01,07G,989.7459999999999,190.03099999999995
2023-02-01,07G,990.3169800000001,185.83200000000002
2024-04-01,07G,945.2073199999999,189.38000000000002
2022-04-01,07G,1488.57015,184.541
2023-11-01,07G,704.9845,187.769
2022-07-01,07G,1174.5755399999998,184.82900000000004
2022-12-01,07G,963.0427499999997,185.48199999999997
2022-03-01,07G,1400.00805,184.36000000000004
2024-09-01,07G,912.64305,190.40999999999997
2023-05-01,07G,599.0374199999999,186.047
2021-11-01,07G,1115.93188,183.91800000000003
2026-02-01,07G,1310.629,190.20400000000006
2021-09-01,07G,991.4450099999999,183.811
2023-07-01,07G,1216.33053,186.662
2023-06-01,07G,1113.93782,186.32700000000003
2023-09-01,07G,543.00778,187.21199999999996
2023-04-01,07G,1681.9166300000002,186.238
2022-10-01,07G,861.3192399999999,185.09400000000002
2023-03-01,07G,1015.0922900000003,186.03599999999997
2022-11-01,07G,698.1671599999999,185.32100000000005
2025-07-01,07G,1001.99598,190.795
2022-01-01,07G,961.5286,184.224
2025-02-01,07G,565.18295,190.85299999999995
2024-02-01,07G,811.62764,188.81699999999995
2026-01-01,07G,1041.94412,190.47900000000007
2025-03-01,07G,1095.6138199999998,190.70300000000003
2024-12-01,07G,1335.29489,190.672
2023-12-01,07G,1022.75285,188.144
2022-05-01,07G,1184.0423400000002,184.56300000000002
2026-06-01,07G,1194.6147099999998,189.263
2022-08-01,07G,923.68614,184.88000000000002
2025-08-01,07G,793.60285,190.62300000000002
2023-10-01,07G,1939.2022600000003,187.531
2022-11-01,07H,4228.78859,326.32
2023-07-01,07H,4092.62953,329.226
2026-05-01,07H,5274.823810000002,337.12600000000003
2024-07-01,07H,5587.917309999998,333.80799999999994
2022-05-01,07H,3805.2232900000004,324.617
2026-02-01,07H,5306.387089999999,337.6530000000001
2023-03-01,07H,4132.70421,327.721
2025-02-01,07H,4975.834170000001,335.95599999999996
2022-04-01,07H,3805.2443399999993,324.5210000000001
2022-12-01,07H,4099.043210000001,326.794
2023-01-01,07H,4047.7258799999995,326.87700000000007
2025-03-01,07H,3640.50048,336.02700000000004
2025-12-01,07H,5905.875539999999,338.05400000000003
2023-09-01,07H,4343.057209999999,330.28399999999993
2022-08-01,07H,5169.790389999999,325.797
2022-06-01,07H,4229.753159999999,324.89399999999995
2026-04-01,07H,5720.681820000001,337.29600000000005
2023-11-01,07H,4666.191209999999,330.818
2025-10-01,07H,5363.723940000001,338.09299999999985
2026-06-01,07H,5764.302100000001,336.8709999999999
2021-09-01,07H,3649.61669,323.755
2022-03-01,07H,3574.8040900000005,324.3569999999999
2025-07-01,07H,5095.23228,337.282
2022-01-01,07H,4150.90933,324.26899999999983
2024-06-01,07H,4057.161030000001,333.3709999999999
2024-11-01,07H,5037.73999,335.2330000000001
2025-09-01,07H,6207.698089999999,338.09899999999993
2026-01-01,07H,5522.615549999999,337.92400000000004
2025-06-01,07H,4809.34181,336.9559999999999
2024-04-01,07H,4498.54983,332.532
2021-07-01,07H,4390.611440000001,322.848
2023-08-01,07H,4444.1388099999995,329.82699999999994
2021-06-01,07H,4030.2828000000004,322.273
2021-10-01,07H,3355.0434399999995,323.76
2021-12-01,07H,4000.67139,324.06700000000006
2023-05-01,07H,3772.21818,328.45700000000005
2025-11-01,07H,6489.89544,338.063
2024-05-01,07H,4618.59405,333.08299999999997
2023-12-01,07H,3693.9598100000007,331.1700000000001
2024-01-01,07H,3967.5034500000006,331.36299999999994
2024-02-01,07H,4647.48696,332.08300000000014
2024-08-01,07H,4481.63335,334.48599999999993
2021-11-01,07H,3457.7272099999996,323.78099999999995
2024-09-01,07H,4128.6846399999995,334.81
2023-04-01,07H,3097.89602,328.22299999999996
2022-10-01,07H,4628.39481,325.9870000000001
2023-02-01,07H,3119.8040900000005,327.248
2023-10-01,07H,4569.05218,330.31200000000007
2024-12-01,07H,4470.02278,335.5329999999999
2022-07-01,07H,3888.944630000001,325.3760000000001
2025-04-01,07H,3959.7193500000008,336.238
2025-08-01,07H,3813.09968,337.677
2025-01-01,07H,4212.69009,335.64200000000005
2022-02-01,07H,3776.772339999999,324.363
2025-05-01,07H,4819.30642,336.5730000000001
2024-03-01,07H,4779.676810000001,332.31000000000006
2021-08-01,07H,3859.4624400000007,323.406
2024-10-01,07H,4725.63459,334.808
2022-09-01,07H,3719.7882700000005,326.08200000000005
2026-03-01,07H,5225.6182899999985,337.464
2023-06-01,07H,4305.952199999999,328.765
2021-09-01,99E,2083.5377100000005,285.442
2025-05-01,99E,1376.9526799999999,295.9040000000001
2025-10-01,99E,2228.1198,296.466
2022-09-01,99E,1940.53167,287.269
2023-04-01,99E,1361.85041,288.957
2026-02-01,99E,1923.5318,296.0319999999999
2021-07-01,99E,3033.8159600000004,284.68100000000004
2024-09-01,99E,1643.0926600000003,294.457
2024-10-01,99E,1936.43317,294.599
2021-12-01,99E,2335.6066,285.28599999999994
2026-05-01,99E,1972.1500899999999,295.8939999999999
2022-03-01,99E,2039.5361,285.655
2025-08-01,99E,1772.30971,296.521
2024-03-01,99E,2166.01609,292.719
2024-01-01,99E,1837.29249,292.093
2021-08-01,99E,1899.79052,285.057
2023-10-01,99E,2079.00496,291.222
2022-06-01,99E,2500.5265799999997,286.3569999999999
2023-02-01,99E,1737.9361200000003,288.259
2024-07-01,99E,2850.8838999999994,293.7029999999999
2025-06-01,99E,1728.1980500000002,296.13400000000007
2023-12-01,99E,1937.4927800000003,291.89399999999995
2021-11-01,99E,2708.1518399999995,285.0979999999999
2024-08-01,99E,2282.59341,294.1119999999999
2024-05-01,99E,2230.78628,293.28700000000003
2026-06-01,99E,1786.27935,295.8820000000001
2022-04-01,99E,2217.6587400000003,285.888
2025-01-01,99E,1814.5109800000002,295.33299999999997
2025-09-01,99E,2603.0174199999997,296.6329999999999
2021-06-01,99E,1484.2239,284.5530000000001
2025-03-01,99E,1154.5966199999998,295.7519999999999
2022-02-01,99E,1587.6492099999998,285.523
2024-02-01,99E,1847.8250299999995,292.3250000000001
2023-05-01,99E,2165.7264099999998,289.34999999999997
2022-12-01,99E,2743.026439999999,287.93300000000005
2023-11-01,99E,2084.4661,291.59799999999996
2024-04-01,99E,2354.3577600000003,292.8330000000001
2026-01-01,99E,2269.65552,296.22299999999996
2023-03-01,99E,2564.88691,288.49
2024-11-01,99E,2126.4005100000004,294.945
2025-02-01,99E,1858.50109,295.73499999999996
2025-07-01,99E,2240.6494999999995,296.2510000000001
2022-10-01,99E,2901.898380000001,287.40200000000004
2025-11-01,99E,2110.31912,296.37499999999994
2024-06-01,99E,2304.3837900000003,293.56299999999993
2022-07-01,99E,1752.72084,286.65299999999996
2022-01-01,99E,1917.6442999999997,285.3270000000001
2026-03-01,99E,2339.20573,295.827
2024-12-01,99E,2432.3396100000004,295.09999999999997
2023-09-01,99E,2701.06887,291.04599999999994
2023-01-01,99E,2062.87642,287.9700000000001
2023-07-01,99E,1957.57377,290.12399999999997
2021-10-01,99E,1368.00833,285.1670000000001
2025-04-01,99E,1689.4603599999998,295.884
2026-04-01,99E,2309.0892799999997,295.87200000000007
2022-05-01,99E,1900.8512200000002,286.1249999999999
2022-08-01,99E,2778.247860000001,287.03799999999995
2022-11-01,99E,2443.35913,287.6929999999999
2023-06-01,99E,3193.267,289.735
2023-08-01,99E,1799.2716,290.565
2025-12-01,99E,2167.7872800000005,296.2339999999999
2023-11-01,99F,3166.80349,187.30900000000005
2025-02-01,99F,2521.7796200000003,188.22800000000004
2022-11-01,99F,2238.0395900000003,187.00799999999998
2023-12-01,99F,2242.5682500000003,187.34700000000004
2024-01-01,99F,2452.90364,187.356
2024-08-01,99F,2660.4188200000003,187.889
2022-01-01,99F,2289.9884199999997,186.104
2021-09-01,99F,2016.1263999999999,186.06099999999998
2026-04-01,99F,1854.7669400000002,187.93099999999998
2021-10-01,99F,1913.8540399999997,185.98100000000002
2024-07-01,99F,3019.13755,187.78299999999996
2026-02-01,99F,1887.9788599999997,188.05599999999998
2024-09-01,99F,2486.34246,187.96200000000005
2025-03-01,99F,2637.74855,188.256
2022-04-01,99F,2317.9685799999997,186.22699999999998
2025-01-01,99F,2262.42218,188.157
2023-06-01,99F,2397.8290199999997,186.851
2023-09-01,99F,2107.0569800000003,187.274
2022-12-01,99F,2859.4329800000005,187.01
2023-02-01,99F,2939.10145,186.93400000000005
2024-05-01,99F,1648.12403,187.442
2024-10-01,99F,3081.6399399999996,188.02599999999998
2025-08-01,99F,1974.55233,188.84500000000003
2024-02-01,99F,2058.8478299999997,187.39599999999996
2026-05-01,99F,1867.08646,187.95200000000003
2025-10-01,99F,1822.5617399999996,188.83399999999995
2025-12-01,99F,2744.7062200000005,188.44
2025-04-01,99F,2149.80362,188.40800000000007
2022-03-01,99F,2091.10164,186.18400000000003
2022-02-01,99F,1707.8356999999996,186.189
2025-07-01,99F,2439.22359,188.60799999999992
2021-06-01,99F,2281.29629,185.65399999999997
2026-06-01,99F,2887.41712,187.86700000000005
2022-09-01,99F,2341.01634,186.782
2025-09-01,99F,2716.47161,188.848
2021-08-01,99F,1747.1485599999999,185.92800000000005
2022-10-01,99F,2204.39794,186.955
2026-03-01,99F,1895.19479,187.91899999999995
2023-04-01,99F,2097.8854899999997,186.88899999999995
2021-07-01,99F,1932.8667999999998,185.83000000000004
2023-08-01,99F,2112.9486300000003,187.09600000000003
2021-11-01,99F,2383.1656700000003,186.045
2022-06-01,99F,2436.1555700000004,186.377
2024-12-01,99F,2700.54207,188.096
2024-11-01,99F,1917.3460700000007,188.06199999999998
2026-01-01,99F,1486.1412,188.30800000000005
2025-11-01,99F,2132.4651799999997,188.854
2024-06-01,99F,2247.56662,187.64599999999996
2022-05-01,99F,2472.69834,186.29999999999998
2023-07-01,99F,2954.02809,186.93900000000002
2023-10-01,99F,2588.29739,187.24900000000002
2024-03-01,99F,2324.64106,187.39600000000004
2025-06-01,99F,2524.9634200000005,188.59399999999997
2023-01-01,99F,2328.8094599999995,186.93999999999997
2022-08-01,99F,2202.4620800000002,186.62400000000005
2021-12-01,99F,2254.81809,186.07700000000006
2022-07-01,99F,2285.75335,186.40600000000003
2024-04-01,99F,2702.89092,187.42099999999994
2025-05-01,99F,2243.09221,188.526
2023-05-01,99F,2902.9152599999993,186.81999999999996
2023-03-01,99F,2349.9668200000006,186.85799999999998
2024-03-01,99G,1635.31042,194.618
2022-09-01,99G,2338.16817,190.74099999999999
2026-01-01,99G,1598.5316,196.65499999999997
2021-12-01,99G,2136.70195,190.40300000000002
2022-07-01,99G,2232.32488,190.58999999999995
2024-05-01,99G,2381.0043,194.99900000000002
2022-12-01,99G,2054.23096,190.85700000000003
2024-11-01,99G,2634.27627,196.04300000000003
2023-02-01,99G,1653.4354899999998,191.225
2025-06-01,99G,1545.04961,196.494
2022-08-01,99G,2631.3900300000005,190.59199999999996
2023-09-01,99G,1786.9113,193.00700000000003
2026-06-01,99G,2094.5117800000003,196.19499999999994
2021-08-01,99G,2313.98238,190.35900000000007
2022-11-01,99G,1892.7103699999998,190.54499999999996
2025-12-01,99G,2038.85749,196.788
2021-07-01,99G,1948.05505,190.19300000000004
2021-11-01,99G,2394.51101,190.33300000000006
2025-05-01,99G,1741.72953,196.40700000000004
2024-08-01,99G,1838.1906499999996,195.78500000000003
2023-04-01,99G,2039.5476299999998,191.82799999999997
2026-02-01,99G,1801.4083400000002,196.61300000000003
2023-12-01,99G,2468.8389599999996,193.845
2024-01-01,99G,1755.5527199999997,194.01300000000006
2025-02-01,99G,1732.71914,196.52
2023-11-01,99G,1816.7125400000002,193.513
2025-10-01,99G,1574.9976100000001,196.63000000000002
2024-02-01,99G,2343.36772,194.35399999999998
2022-02-01,99G,2126.74617,190.413
2025-03-01,99G,2001.1147700000001,196.37499999999997
2025-11-01,99G,1612.6699600000002,196.48400000000004
2022-06-01,99G,1841.8187500000001,190.48800000000003
2024-07-01,99G,2329.26752,195.47000000000003
2025-04-01,99G,2016.8308899999997,196.274
2023-08-01,99G,2072.4749,192.75699999999995
2021-09-01,99G,2186.29813,190.377
2024-06-01,99G,2008.1090599999998,195.25200000000004
2022-05-01,99G,2566.1547199999995,190.50299999999996
2024-10-01,99G,2240.32832,195.82100000000003
2022-04-01,99G,2328.40394,190.53699999999998
2024-12-01,99G,2463.90017,196.309
2023-06-01,99G,1896.0872700000002,192.19799999999998
2025-07-01,99G,1738.73333,196.59400000000002
2022-10-01,99G,2043.3533400000003,190.57100000000008
2021-06-01,99G,2195.76383,190.11999999999998
2024-04-01,99G,2405.65417,194.582
2023-03-01,99G,1957.6589099999997,191.53199999999993
2022-03-01,99G,1704.1645500000002,190.41900000000004
2023-10-01,99G,2487.74851,193.15300000000002
2026-03-01,99G,1626.59641,196.539
2025-09-01,99G,1746.8244399999999,196.78300000000002
2023-01-01,99G,2333.3350299999997,190.94499999999996
2024-09-01,99G,2134.4147800000005,195.85300000000004
2022-01-01,99G,1937.17642,190.375
2026-05-01,99G,2021.43719,196.40000000000003
2023-05-01,99G,1865.7415,191.94199999999998
2021-10-01,99G,1754.9270099999997,190.295
2025-08-01,99G,1811.59419,196.63599999999997
2026-04-01,99G,1880.3198900000002,196.51500000000001
2025-01-01,99G,1727.76495,196.38799999999998
2023-07-01,99G,1772.4514500000002,192.484
2022-05-01,00Q,2668.2037900000005,181.45799999999997
2023-02-01,00Q,2124.6466199999995,182.588
2026-02-01,00Q,2514.0985,188.47700000000003
2022-06-01,00Q,2824.8225399999997,181.46
2024-12-01,00Q,2779.8256,187.662
2024-10-01,00Q,2629.3111799999997,187.28
2023-04-01,00Q,1945.44498,183.00500000000002
2024-07-01,00Q,2324.35461,187.053
2026-05-01,00Q,2209.57558,188.31699999999998
2023-12-01,00Q,1792.6890900000003,185.13
2024-01-01,00Q,2164.95489,185.349
2024-09-01,00Q,2460.69916,187.096
2022-02-01,00Q,2108.65389,181.088
2021-11-01,00Q,2408.83478,180.71700000000004
2025-05-01,00Q,2284.73461,187.90400000000002
2025-08-01,00Q,2877.8810200000003,188.393
2025-06-01,00Q,2465.98541,188.05999999999997
2026-03-01,00Q,2278.1445400000002,188.288
2024-06-01,00Q,2634.58229,186.94600000000003
2025-07-01,00Q,2099.51609,188.10600000000005
2022-10-01,00Q,1740.91085,181.977
2023-08-01,00Q,2071.1948,183.93500000000003
2023-11-01,00Q,2192.63206,184.74799999999996
2024-03-01,00Q,2414.190160000001,185.74900000000002
2024-05-01,00Q,2196.01422,186.65899999999996
2021-07-01,00Q,2385.8267099999994,180.112
2023-09-01,00Q,1615.8921500000001,184.244
2022-04-01,00Q,2222.66316,181.34400000000002
2024-02-01,00Q,2135.01301,185.64199999999997
2023-05-01,00Q,1685.9213400000003,183.18700000000004
2025-02-01,00Q,2050.9005899999997,187.911
2026-04-01,00Q,2764.2523100000003,188.344
2025-10-01,00Q,2288.9380499999997,188.51400000000004
2024-08-01,00Q,2603.2276199999997,186.79900000000004
2025-11-01,00Q,2538.5204799999997,188.471
2021-10-01,00Q,2438.7562999999996,180.648
2026-01-01,00Q,2149.93965,188.514
2022-12-01,00Q,2512.2481999999995,182.32000000000002
2025-09-01,00Q,2299.38179,188.58199999999997
2021-06-01,00Q,2248.49759,179.87099999999998
2022-11-01,00Q,2473.9792799999996,182.088
2021-09-01,00Q,2453.74485,180.553
2026-06-01,00Q,3070.85145,188.26199999999997
2025-03-01,00Q,2404.19441,187.88200000000006
2021-12-01,00Q,2701.0037599999996,180.82800000000003
2021-08-01,00Q,2331.0939599999997,180.38699999999997
2025-04-01,00Q,2030.76969,187.779
2022-03-01,00Q,2428.8617,181.24199999999996
2023-06-01,00Q,2908.44426,183.41200000000003
2025-12-01,00Q,2039.6628400000004,188.48600000000005
2022-01-01,00Q,1967.1131000000005,180.958
2024-11-01,00Q,1731.8134099999997,187.52800000000005
2022-08-01,00Q,3094.3468199999998,181.67400000000004
2023-03-01,00Q,2369.5787100000007,182.76000000000002
2023-01-01,00Q,1977.0141999999998,182.40600000000003
2025-01-01,00Q,1905.3466099999996,187.816
2024-04-01,00Q,2449.8380300000003,185.89800000000005
2023-07-01,00Q,1500.84429,183.66199999999995
2022-07-01,00Q,2258.5980999999997,181.61499999999998
2022-09-01,00Q,2359.68943,181.92799999999997
2023-10-01,00Q,2001.03662,184.393
2025-08-01,00R,2649.8605700000003,178.896
2026-02-01,00R,1951.6419600000002,178.103
2024-10-01,00R,2392.5889899999997,179.063
2022-09-01,00R,2218.4249899999995,176.676
2023-10-01,00R,1598.3147299999996,178.293
2025-12-01,00R,2574.10157,178.559
2023-12-01,00R,1691.9484399999997,178.541
2022-02-01,00R,2120.8397299999997,176.13400000000001
2022-06-01,00R,2210.4803699999993,176.533
2026-05-01,00R,2795.0048499999994,177.52399999999997
2025-05-01,00R,2306.39356,178.738
2022-08-01,00R,2327.0737,176.638
2025-06-01,00R,1972.40236,178.79100000000005
2022-04-01,00R,2222.5348,176.35
2024-09-01,00R,2160.4605899999997,178.938
2021-12-01,00R,2735.4815599999997,175.476
2023-05-01,00R,2025.0860900000002,177.452
2025-07-01,00R,2725.2779299999997,178.79000000000002
2024-05-01,00R,2158.27352,178.647
2024-11-01,00R,2691.1766000000002,179.078
2023-11-01,00R,2188.99119,178.46699999999998
2022-11-01,00R,2413.0152,176.829
2022-10-01,00R,2031.4914,176.731
2023-06-01,00R,2065.88029,177.711
2025-02-01,00R,2133.80777,178.916
2024-02-01,00R,1789.3202899999999,178.595
2026-03-01,00R,2139.3232900000003,177.82099999999997
2021-07-01,00R,2478.2305699999993,175.07199999999997
2025-11-01,00R,2706.3294300000002,178.75300000000001
2022-01-01,00R,1976.5808000000002,175.74499999999998
2024-04-01,00R,1832.0678399999997,178.663
2021-09-01,00R,2320.62086,175.17999999999998
2025-09-01,00R,2591.8717300000003,178.938
2023-07-01,00R,2182.7977800000003,177.95300000000003
2023-02-01,00R,1288.4590099999998,177.04499999999996
2023-08-01,00R,1689.19255,178.08700000000002
2024-01-01,00R,2350.52322,178.497
2023-04-01,00R,1295.3351499999999,177.38099999999997
2025-04-01,00R,1926.34629,178.77599999999998
2021-06-01,00R,2226.1493699999996,175.04
2021-11-01,00R,2984.90135,175.469
2023-09-01,00R,1605.7513500000002,178.24200000000002
2023-01-01,00R,2200.19541,176.993
2022-05-01,00R,2589.4242099999997,176.47199999999998
2022-07-01,00R,2401.9814800000004,176.58900000000003
2026-06-01,00R,2915.99874,177.325
2024-03-01,00R,1679.7462899999998,178.55599999999998
2021-10-01,00R,2334.5346399999994,175.178
2024-12-01,00R,2485.65083,179.09599999999998
2024-07-01,00R,2386.39365,179.00100000000003
2024-08-01,00R,2017.2749600000002,178.94100000000003
2024-06-01,00R,1972.24363,178.797
2025-10-01,00R,2734.1520100000002,178.83599999999998
2023-03-01,00R,2415.66254,177.30199999999996
2021-08-01,00R,2280.06901,175.083
2022-12-01,00R,2193.74818,177.016
2022-03-01,00R,2207.06242,176.208
2025-03-01,00R,1963.05577,178.796
2025-01-01,00R,1907.30211,178.957
2026-01-01,00R,2569.3196199999998,178.344
2026-04-01,00R,2591.115530000001,177.69600000000003
2024-02-01,00X,1888.00418,191.49599999999998
2022-05-01,00X,996.2803999999999,188.113
2024-07-01,00X,1592.646,192.48000000000002
2021-06-01,00X,1332.19323,187.281
2022-11-01,00X,1035.72316,189.165
2025-09-01,00X,2072.59985,194.92199999999994
2023-05-01,00X,1169.35167,189.86599999999999
2025-08-01,00X,2132.74786,194.736
2024-09-01,00X,1842.9596600000002,192.98500000000007
2022-02-01,00X,1016.79649,187.935
2026-05-01,00X,2094.60575,195.354
2026-03-01,00X,2446.41856,195.13400000000001
2024-04-01,00X,1354.01036,191.76899999999998
2024-03-01,00X,1914.58145,191.65900000000002
2021-10-01,00X,1143.8258,187.69000000000003
2022-06-01,00X,1431.51886,188.41500000000008
2023-06-01,00X,1243.76469,190.09599999999998
2023-08-01,00X,1279.42937,190.549
2021-12-01,00X,1381.2109600000001,187.78399999999993
2025-10-01,00X,2528.48736,194.856
2022-04-01,00X,1568.2350299999998,187.92399999999998
2022-03-01,00X,1472.8761,187.8580000000001
2024-11-01,00X,1987.37835,193.194
2023-09-01,00X,1549.05467,190.82899999999998
2023-03-01,00X,1129.68529,189.64000000000004
2024-12-01,00X,1204.54151,193.38900000000007
2023-12-01,00X,1067.75487,191.26799999999997
2023-01-01,00X,1695.9453999999998,189.44799999999998
2021-08-01,00X,964.02762,187.50700000000006
2024-08-01,00X,1149.2963899999997,192.75400000000005
2025-04-01,00X,2403.2102499999996,193.91199999999998
2025-02-01,00X,1518.2292900000002,193.671
2026-01-01,00X,1613.7347000000002,195.06800000000004
2026-02-01,00X,1964.6600799999997,195.07699999999997
2025-12-01,00X,2212.0575799999997,194.98800000000003
2025-01-01,00X,1292.65422,193.52700000000002
2021-09-01,00X,1127.07866,187.57199999999995
2021-07-01,00X,1419.3677700000003,187.394
2026-04-01,00X,2208.6303699999994,195.29399999999995
2022-09-01,00X,778.2276299999999,189.07700000000003
2023-11-01,00X,1445.9090999999999,191.14699999999996
2022-10-01,00X,1396.9382799999998,189.12000000000003
2025-07-01,00X,2587.61703,194.48900000000003
2024-05-01,00X,1524.2471399999997,192.04399999999998
2024-06-01,00X,1616.0230900000001,192.25799999999995
2023-02-01,00X,1192.72475,189.52100000000004
2025-11-01,00X,2779.7401900000004,194.84899999999993
2023-07-01,00X,852.90235,190.29199999999997
2025-03-01,00X,1719.21574,193.745
2022-12-01,00X,1205.04662,189.28799999999998
2023-10-01,00X,1295.1905299999999,190.94500000000005
2025-06-01,00X,2874.24567,194.24800000000002
2024-10-01,00X,1930.8165400000003,193.08800000000002
2023-04-01,00X,904.4411100000001,189.746
2021-11-01,00X,1230.8844299999998,187.738
2024-01-01,00X,1451.50946,191.34399999999997
2026-06-01,00X,3157.51937,195.43100000000007
2025-05-01,00X,1803.58594,194.05200000000005
2022-07-01,00X,1522.9436099999998,188.60999999999999
2022-01-01,00X,1132.90949,187.82700000000003
2022-08-01,00X,1261.32312,188.75699999999998
2023-10-01,01A,5020.139130000001,402.9579999999999
2024-06-01,01A,4204.030070000001,407.5359999999999
2023-11-01,01A,4613.642669999999,403.5250000000001
2023-12-01,01A,4664.27709,404.17399999999986
2026-03-01,01A,5323.841740000001,410.52200000000005
2024-02-01,01A,4498.300359999999,405.20500000000004
2026-01-01,01A,4772.66881,411.34800000000007
2021-08-01,01A,5189.438970000002,393.26200000000006
2023-08-01,01A,5699.265630000002,402.0590000000001
2023-05-01,01A,4094.0134000000003,400.209
2025-10-01,01A,5838.260680000002,411.76499999999993
2022-11-01,01A,5525.35897,398.31300000000005
2025-08-01,01A,4863.8315,411.884
2022-12-01,01A,5093.9952699999985,398.5560000000001
2025-11-01,01A,4696.94597,411.49399999999997
2022-03-01,01A,4840.339290000001,395.404
2021-09-01,01A,5347.9666799999995,393.803
2025-04-01,01A,4464.037159999999,411.01300000000003
2022-02-01,01A,3985.95275,395.10800000000006
2021-07-01,01A,5434.3313800000005,392.6209999999999
2023-06-01,01A,4440.4248099999995,400.68399999999997
2023-04-01,01A,3960.4357299999992,399.8110000000001
2024-03-01,01A,4884.988410000001,405.81100000000004
2021-10-01,01A,5714.418559999998,394.08700000000005
2026-05-01,01A,5625.9457299999995,410.18399999999997
2022-09-01,01A,4823.625569999999,397.6090000000001
2026-02-01,01A,4934.8745800000015,410.83999999999986
2024-09-01,01A,4797.678650000001,409.37400000000014
2023-07-01,01A,4587.334500000001,401.3409999999999
2021-11-01,01A,5890.651779999998,394.246
2024-07-01,01A,4638.788679999999,408.0930000000001
2024-08-01,01A,5462.8487000000005,408.72099999999995
2021-06-01,01A,5161.693290000001,392.05500000000006
2024-01-01,01A,5759.54089,404.7
2023-02-01,01A,4948.6521699999985,399.01400000000007
2024-12-01,01A,4892.628060000001,410.466
2021-12-01,01A,5817.481150000001,394.53000000000003
2024-05-01,01A,5177.96648,406.97499999999997
2023-03-01,01A,4603.5918999999985,399.42999999999995
2026-06-01,01A,6360.109999999998,409.8920000000001
2025-03-01,01A,3774.81698,410.8790000000001
2022-07-01,01A,5465.8044500000005,396.7770000000001
2025-06-01,01A,6164.519509999999,411.2110000000001
2025-12-01,01A,5345.490179999999,411.349
2025-05-01,01A,4888.3590300000005,411.0379999999999
2022-01-01,01A,5581.336050000001,394.894
2024-10-01,01A,5436.7287,409.6839999999998
2022-06-01,01A,4846.130269999998,396.33200000000005
2022-08-01,01A,5829.592359999999,397.1059999999998
2025-07-01,01A,4867.11384,411.4390000000001
2024-04-01,01A,4567.863270000001,406.1379999999999
2022-10-01,01A,4922.560920000001,398.03799999999995
2022-05-01,01A,5087.69726,395.85
2025-01-01,01A,3572.1700600000004,410.67900000000003
2023-01-01,01A,4123.877960000001,398.709
2024-11-01,01A,4718.30476,410.04699999999997
2025-02-01,01A,4581.570460000002,410.824
2022-04-01,01A,5211.37339,395.7779999999999
2026-04-01,01A,5340.237399999999,410.3379999999999
2023-09-01,01A,5715.02912,402.5499999999999
2025-09-01,01A,4500.657109999999,411.9070000000002
2022-05-01,01E,1795.92412,221.68199999999996
2021-10-01,01E,3821.95101,218.80299999999997
2024-04-01,01E,1727.2905200000002,230.21199999999996
2025-09-01,01E,2015.28294,236.276
2025-07-01,01E,2783.1216300000006,235.94499999999996
2024-11-01,01E,2514.40487,233.306
2025-10-01,01E,2480.6842399999996,238.586
2025-01-01,01E,2737.05214,234.01500000000007
2023-08-01,01E,913.1614000000001,227.23100000000002
2022-07-01,01E,2025.4678099999999,222.16500000000005
2024-05-01,01E,1899.87676,230.70800000000006
2023-07-01,01E,1836.63382,227.06400000000002
2022-01-01,01E,2568.56752,220.319
2022-04-01,01E,2054.06264,221.53499999999994
2024-10-01,01E,2349.8406000000004,232.59799999999996
2022-12-01,01E,1931.9671000000003,224.54999999999995
2024-09-01,01E,2713.7104799999993,231.64200000000002
2021-08-01,01E,1797.64318,218.10399999999998
2022-06-01,01E,2184.37899,222.01100000000005
2023-01-01,01E,2122.4367599999996,224.86400000000003
2025-02-01,01E,1816.1894399999996,234.612
2025-12-01,01E,2351.71043,239.544
2026-01-01,01E,2088.65946,239.38199999999998
2023-09-01,01E,2197.77672,227.36099999999996
2025-04-01,01E,2777.7931399999993,235.20499999999998
2026-05-01,01E,2164.9610000000002,239.393
2024-08-01,01E,2209.41656,231.21999999999997
2024-07-01,01E,2205.30179,230.89700000000002
2023-11-01,01E,1783.24984,228.44300000000004
2025-05-01,01E,1905.3363200000001,235.354
2021-11-01,01E,2835.87221,219.627
2023-06-01,01E,1125.5200299999997,226.719
2022-09-01,01E,2856.94387,222.42399999999995
2023-02-01,01E,1938.14403,225.56300000000002
2024-02-01,01E,1934.6958200000001,229.85399999999998
2024-01-01,01E,1585.88049,229.44400000000002
2021-12-01,01E,2145.31185,220.20999999999998
2023-04-01,01E,1260.0468500000002,226.21300000000002
2026-06-01,01E,2974.2607500000004,239.13199999999998
2025-11-01,01E,2378.84792,239.36199999999994
2022-03-01,01E,2108.9793899999995,221.31600000000003
2023-03-01,01E,1896.5180900000005,225.97
2025-03-01,01E,1832.38448,234.96099999999998
2021-06-01,01E,1928.98691,217.61599999999996
2026-02-01,01E,2677.9728200000004,239.279
2026-04-01,01E,2057.20335,239.29600000000005
2023-10-01,01E,1271.5170600000001,227.694
2022-08-01,01E,1955.99291,222.22999999999996
2026-03-01,01E,2496.5331900000006,239.09400000000002
2022-02-01,01E,1266.3081900000002,220.821
2021-09-01,01E,1223.4918900000002,218.378
2023-12-01,01E,3056.31377,229.002
2025-08-01,01E,2643.24013,236.21400000000006
2024-06-01,01E,2386.8897699999998,230.708
2022-10-01,01E,1746.60531,223.33
2023-05-01,01E,1341.10688,226.38600000000005
2021-07-01,01E,2229.36148,217.92400000000004
2025-06-01,01E,2814.1700100000003,235.63999999999993
2024-12-01,01E,1928.9567700000002,233.79400000000007
2022-11-01,01E,2509.9966200000003,224.24100000000004
2024-03-01,01E,1314.0228200000001,230.14200000000005
2023-04-01,01K,2411.75578,355.63999999999993
2025-08-01,01K,4402.478590000001,355.31299999999993
2024-04-01,01K,3390.3943300000005,355.83399999999995
2025-07-01,01K,4459.51269,355.80299999999994
2023-10-01,01K,2615.51623,355.088
2021-10-01,01K,3009.77672,351.383
2022-04-01,01K,2597.56804,353.69
2026-06-01,01K,5094.35807,352.821
2022-01-01,01K,3031.2262200000005,353.69900000000007
2025-10-01,01K,4359.2210000000005,354.44399999999996
2026-03-01,01K,4618.78216,353.809
2025-02-01,01K,3072.5028899999998,356.6719999999999
2025-06-01,01K,4371.4197300000005,356.0729999999999
2023-11-01,01K,3077.2654299999995,355.9269999999999
2024-09-01,01K,3368.1735500000004,355.317
2022-11-01,01K,2370.47582,355.93999999999994
2022-05-01,01K,2787.12359,353.678
2022-09-01,01K,3344.7233000000006,353.9490000000001
2025-03-01,01K,3546.76167,356.471
2021-11-01,01K,2750.4149899999998,353.085
2023-05-01,01K,2573.11218,355.54699999999997
2021-08-01,01K,2991.4751,351.107
2022-07-01,01K,3471.9426099999996,354.4699999999999
2025-01-01,01K,3528.9174,356.60699999999997
2024-02-01,01K,3394.77521,356.0899999999999
2023-02-01,01K,2388.4870900000005,355.885
2024-10-01,01K,4220.64668,355.04599999999994
2025-04-01,01K,3397.584210000001,356.41499999999996
2025-11-01,01K,4465.1031,355.51500000000004
2023-09-01,01K,3043.63215,355.00999999999993
2024-12-01,01K,3315.986459999999,356.49100000000016
2022-06-01,01K,2727.66409,354.37999999999994
2021-06-01,01K,2960.2960599999997,351.26999999999987
2026-01-01,01K,4436.056849999999,354.8149999999999
2026-05-01,01K,4402.827219999999,353.1660000000001
2024-03-01,01K,2625.94221,356.071
2024-08-01,01K,3447.2035799999994,355.6930000000001
2022-02-01,01K,2129.32264,353.584
2023-08-01,01K,2709.5975000000008,355.22299999999996
2022-10-01,01K,2793.8416199999997,353.9780000000001
2024-05-01,01K,3047.6126,356.31600000000003
2022-03-01,01K,3646.9715699999997,353.7149999999999
2022-12-01,01K,3542.47917,356.33399999999995
2024-06-01,01K,2723.50964,356.35200000000003
2024-11-01,01K,3620.24219,356.163
2025-09-01,01K,3805.43894,354.9210000000001
2023-06-01,01K,3878.2706400000006,355.536
2021-12-01,01K,2677.6249899999993,353.5729999999999
2024-01-01,01K,2904.2542999999996,356.3860000000001
2023-01-01,01K,2725.4183000000003,356.00999999999993
2026-02-01,01K,4114.10305,354.4009999999999
2021-09-01,01K,3152.94504,351.01100000000014
2022-08-01,01K,3690.7661200000002,354.2199999999999
2026-04-01,01K,3768.84079,353.416
2023-07-01,01K,3232.76592,355.5259999999999
2021-07-01,01K,2553.7470700000003,351.3790000000001
2025-12-01,01K,4646.979850000001,355.4919999999999
2024-07-01,01K,3470.5344600000003,356.23400000000004
2023-03-01,01K,2698.99654,355.67900000000003
2025-05-01,01K,5226.260820000001,356.10899999999987
2023-12-01,01K,2541.49878,356.412
2026-03-01,02G,2162.09993,118.64699999999998
2022-08-01,02G,2186.24854,115.77899999999998
2022-04-01,02G,1895.2261700000001,115.39300000000001
2024-04-01,02G,1537.7270899999999,117.602
2022-06-01,02G,2128.6905,115.61200000000001
2021-12-01,02G,2212.9791599999994,114.973
2025-03-01,02G,2508.3874500000006,118.27600000000001
2025-08-01,02G,1970.0192199999997,118.39199999999998
2025-11-01,02G,1825.95475,118.69100000000002
2022-12-01,02G,2311.02411,116.60300000000001
2024-11-01,02G,2024.38342,118.19200000000001
2024-03-01,02G,1892.6122099999998,117.55000000000001
2023-07-01,02G,2849.1006700000003,116.86400000000002
2023-10-01,02G,1914.9504899999997,117.07499999999999
2023-01-01,02G,1801.38959,116.62800000000001
2024-09-01,02G,2058.91744,117.754
2025-09-01,02G,1781.5279799999998,118.269
2023-02-01,02G,1746.74396,116.686
2021-07-01,02G,1619.74691,113.90300000000003
2022-07-01,02G,2013.7905799999999,115.73500000000003
2025-05-01,02G,1909.48816,118.31100000000002
2022-10-01,02G,1832.0993600000004,116.20300000000002
2023-05-01,02G,1500.8564999999999,116.84599999999998
2025-12-01,02G,2471.86773,118.703
2024-05-01,02G,2090.66302,117.64800000000002
2023-03-01,02G,1491.33088,116.784
2023-08-01,02G,2294.0437599999996,116.83100000000002
2023-04-01,02G,1828.7485899999997,116.85199999999999
2026-04-01,02G,2147.00417,118.587
2023-11-01,02G,2092.20212,117.29499999999999
2026-02-01,02G,1936.2294299999999,118.71500000000002
2021-10-01,02G,1667.6029099999998,114.28399999999998
2022-03-01,02G,1793.3148999999996,115.21100000000001
2026-01-01,02G,2067.22007,118.75099999999999
2021-06-01,02G,1752.5502299999998,113.91899999999998
2025-04-01,02G,2104.60534,118.29499999999999
2024-02-01,02G,2093.7257700000005,117.47000000000001
2021-09-01,02G,1459.6739,113.97200000000001
2024-07-01,02G,1874.00873,117.72800000000001
2024-06-01,02G,1877.9397000000001,117.66099999999997
2022-05-01,02G,1310.5631100000003,115.458
2026-05-01,02G,1839.9898699999999,118.486
2025-02-01,02G,1378.99402,118.32400000000001
2022-11-01,02G,2305.2604699999997,116.47999999999999
2021-08-01,02G,1694.7786600000002,113.83099999999999
2024-10-01,02G,2367.98277,117.82
2025-10-01,02G,2172.87939,118.44400000000002
2024-08-01,02G,2428.13648,117.757
2022-01-01,02G,1488.1052799999995,115.05499999999999
2024-12-01,02G,2382.70374,118.28399999999999
2025-07-01,02G,2080.98827,118.37000000000002
2021-11-01,02G,1911.5421899999997,114.77799999999999
2023-06-01,02G,2263.67532,116.86099999999999
2024-01-01,02G,2058.2845799999996,117.365
2022-02-01,02G,1296.98886,115.173
2025-06-01,02G,2411.6664200000005,118.408
2023-09-01,02G,2098.0083,116.79799999999999
2025-01-01,02G,1321.6522399999997,118.32999999999998
2022-09-01,02G,1972.86595,115.83
2026-06-01,02G,2401.4588000000003,118.386
2023-12-01,02G,1951.85259,117.423
2022-01-01,02M,2218.16365,182.36900000000003
2025-11-01,02M,2006.2488600000001,187.80700000000002
2024-10-01,02M,2551.28078,186.844
2022-10-01,02M,1999.3500000000001,183.66599999999997
2025-09-01,02M,3087.85035,187.981
2021-11-01,02M,2488.4847600000003,182.032
2023-06-01,02M,2491.7196700000004,184.35299999999998
2021-06-01,02M,2779.4640099999992,180.77399999999997
2022-07-01,02M,2826.2922599999993,182.99699999999999
2025-12-01,02M,3266.14705,187.95399999999998
2023-07-01,02M,2699.03751,184.58800000000002
2026-01-01,02M,3319.8462099999997,187.983
2024-01-01,02M,2883.3311999999996,185.343
2025-05-01,02M,2583.1974200000004,187.63099999999997
2024-09-01,02M,2186.88994,186.47199999999998
2022-04-01,02M,2420.3868899999993,182.54000000000002
2021-12-01,02M,2320.94533,182.239
2023-12-01,02M,2462.7531999999997,185.30899999999997
2024-12-01,02M,3078.17988,187.288
2025-06-01,02M,2562.19797,187.53000000000006
2025-02-01,02M,2130.54036,187.325
2026-02-01,02M,2640.17023,188.13
2024-05-01,02M,1637.54448,185.74399999999997
2025-10-01,02M,3554.82121,187.914
2026-04-01,02M,3653.69588,188.117
2024-04-01,02M,2447.35482,185.439
2022-03-01,02M,2332.76352,182.526
2025-03-01,02M,2017.4356,187.44199999999998
2023-08-01,02M,2773.25456,184.80300000000003
2023-04-01,02M,1829.64811,184.24300000000002
2023-01-01,02M,2581.8533299999995,184.121
2022-11-01,02M,2362.31217,183.865
2025-01-01,02M,1960.9822700000002,187.34200000000004
2022-06-01,02M,2631.2165600000003,182.769
2022-05-01,02M,2750.86618,182.635
2024-02-01,02M,2152.9848300000003,185.44400000000002
2025-07-01,02M,3395.6134399999996,187.69899999999998
2021-08-01,02M,2810.9969400000004,181.33400000000003
2024-08-01,02M,1963.8149999999998,186.27700000000002
2026-03-01,02M,3249.1656000000003,188.13000000000005
2021-07-01,02M,2553.0704500000006,180.99
2023-05-01,02M,3115.6869900000006,184.33499999999998
2024-11-01,02M,2368.79222,187.11800000000005
2022-02-01,02M,2059.8137699999997,182.41
2021-09-01,02M,2797.3495100000005,181.58700000000005
2021-10-01,02M,2017.93101,181.846
2022-08-01,02M,2624.849380000001,183.22599999999997
2023-11-01,02M,1703.02684,185.331
2024-07-01,02M,2089.10761,186.127
2022-12-01,02M,2751.41262,184.06099999999998
2023-09-01,02M,2365.8188499999997,184.86999999999998
2023-02-01,02M,2124.35961,184.26699999999997
2023-03-01,02M,3060.9413600000003,184.23800000000003
2025-08-01,02M,3429.1447300000004,187.806
2024-06-01,02M,2335.12993,185.98000000000005
2023-10-01,02M,3423.2049799999995,185.14400000000003
2026-06-01,02M,3676.41056,188.13499999999996
2024-03-01,02M,2520.83417,185.50300000000001
2025-04-01,02M,2414.2216300000005,187.463
2026-05-01,02M,2554.9266199999997,188.234
2022-09-01,02M,2389.3237100000006,183.409
2023-06-01,02P,3826.818100000001,267.85799999999995
2025-06-01,02P,4992.7967100000005,270.788
2024-02-01,02P,3032.0159900000003,269.44
2024-07-01,02P,3712.3541299999997,270.07200000000006
2022-09-01,02P,3140.07025,266.555
2025-11-01,02P,4566.71961,270.658
2024-10-01,02P,4480.6373,270.68199999999996
2025-05-01,02P,3934.2976899999994,270.869
2024-11-01,02P,3640.06541,270.65
2025-03-01,02P,4094.6184199999993,270.74100000000004
2021-09-01,02P,3696.57634,264.889
2025-07-01,02P,4876.610089999999,270.75899999999996
2025-01-01,02P,4321.812759999999,270.71200000000005
2022-10-01,02P,3680.90609,266.62799999999993
2022-04-01,02P,4505.877299999999,265.57700000000006
2024-04-01,02P,3675.150640000001,269.5760000000001
2021-07-01,02P,3470.2621700000004,264.767
2025-12-01,02P,5319.464469999999,270.658
2024-12-01,02P,4660.507589999999,270.8070000000001
2025-10-01,02P,4816.344969999999,270.7730000000001
2025-08-01,02P,4966.7556,270.82399999999996
2022-02-01,02P,3160.3807099999995,265.224
2025-04-01,02P,4714.493499999999,270.81100000000004
2025-02-01,02P,3439.0215300000004,270.837
2021-12-01,02P,3758.448310000001,265.10300000000007
2023-07-01,02P,3093.8260900000005,268.19100000000003
2026-03-01,02P,4270.21433,270.469
2022-11-01,02P,4373.229300000001,266.78799999999995
2026-02-01,02P,4037.39236,270.5739999999999
2024-01-01,02P,3299.9231299999997,269.19800000000004
2023-08-01,02P,4030.07482,268.42299999999994
2021-10-01,02P,3986.38171,264.88699999999994
2024-08-01,02P,4431.399780000002,270.35799999999995
2022-07-01,02P,3751.39126,266.07099999999997
2023-02-01,02P,4359.14644,267.19200000000006
2023-03-01,02P,4365.66684,267.317
2024-06-01,02P,4105.79757,269.88700000000006
2024-03-01,02P,4385.32394,269.502
2026-06-01,02P,5215.8522,270.32300000000004
2026-01-01,02P,5163.150379999998,270.65600000000006
2023-05-01,02P,3847.9102499999995,267.708
2025-09-01,02P,4263.15819,270.718
2022-03-01,02P,3851.6462,265.40099999999995
2026-04-01,02P,4293.250669999999,270.51899999999995
2026-05-01,02P,4912.804870000001,270.53
2022-12-01,02P,3910.0070000000005,267.054
2023-11-01,02P,3538.4418100000007,268.911
2024-05-01,02P,4394.6909399999995,269.922
2022-01-01,02P,3529.365329999999,265.17
2023-12-01,02P,3395.563850000001,269.11500000000007
2023-09-01,02P,3077.0266000000006,268.62100000000004
2024-09-01,02P,4479.373240000001,270.4939999999999
2023-01-01,02P,4184.355910000001,267.007
2022-08-01,02P,4576.313339999999,266.36699999999996
2022-05-01,02P,4649.500889999999,265.68399999999997
2021-06-01,02P,4843.652360000001,264.502
2021-08-01,02P,3458.41801,264.89300000000003
2022-06-01,02P,4429.37936,265.96999999999997
2023-10-01,02P,4359.193010000001,268.69
2021-11-01,02P,3984.533659999999,265.0109999999999
2023-04-01,02P,2622.28101,267.53999999999996
2026-04-01,02X,4518.941380000001,340.7760000000001
2023-04-01,02X,5016.946809999999,331.898
2022-01-01,02X,6104.39658,327.561
2021-11-01,02X,7839.584689999999,327.0970000000001
2022-04-01,02X,6991.294900000002,328.255
2025-11-01,02X,5421.22147,341.4560000000001
2024-04-01,02X,4587.96846,336.84700000000004
2026-05-01,02X,3664.5934900000007,340.716
2024-12-01,02X,5026.196469999999,339.813
2021-12-01,02X,8170.575319999998,327.297
2021-08-01,02X,5096.5620499999995,326.87799999999993
2025-06-01,02X,4609.66659,340.52500000000003
2024-06-01,02X,4244.294460000001,337.82699999999994
2024-09-01,02X,4311.68253,339.0310000000001
2024-07-01,02X,5787.846189999998,338.2700000000001
2023-07-01,02X,5153.520409999999,333.07300000000004
2024-03-01,02X,4303.21226,336.49
2026-03-01,02X,5082.567349999999,340.74200000000013
2023-09-01,02X,5070.5618399999985,334.135
2021-06-01,02X,7686.082100000001,326.1480000000001
2023-01-01,02X,5636.762169999999,330.94399999999996
2022-02-01,02X,7739.759669999998,327.80899999999997
2022-09-01,02X,6846.17371,329.83299999999997
2024-10-01,02X,4514.88817,339.26999999999987
2022-08-01,02X,6491.0233,329.4820000000001
2025-08-01,02X,5670.88428,341.08099999999996
2024-11-01,02X,5832.395789999997,339.5610000000001
2025-09-01,02X,3802.7516699999996,341.354
2025-12-01,02X,4364.39454,341.43300000000005
2022-03-01,02X,7048.369120000001,328.002
2022-10-01,02X,7228.825650000001,330.02899999999994
2023-12-01,02X,4293.050799999999,335.33200000000005
2026-06-01,02X,5465.925030000001,340.4739999999999
2022-06-01,02X,6592.96833,328.7900000000001
2021-07-01,02X,7816.410760000001,326.629
2024-02-01,02X,4268.603219999999,336.06
2024-08-01,02X,4850.271810000001,338.7199999999999
2025-03-01,02X,3201.17587,340.02599999999995
2023-05-01,02X,4349.585079999999,332.06699999999995
2025-02-01,02X,4228.89249,340.0520000000001
2022-11-01,02X,5995.25986,330.4720000000001
2025-07-01,02X,4819.4187,340.73600000000005
2025-10-01,02X,5236.407759999999,341.336
2022-05-01,02X,5823.189199999999,328.28300000000013
2025-01-01,02X,5669.365569999999,339.924
2026-02-01,02X,3459.35903,341.111
2022-07-01,02X,6241.631109999999,329.0340000000001
2025-05-01,02X,3908.3059099999996,340.425
2023-03-01,02X,5635.25508,331.603
2021-09-01,02X,5052.215529999999,327.06100000000004
2022-12-01,02X,6228.79528,330.79600000000005
2023-10-01,02X,5493.240859999999,334.5309999999999
2023-06-01,02X,5208.699259999999,332.5560000000001
2025-04-01,02X,5135.646,340.2659999999999
2023-08-01,02X,4788.86864,333.69399999999996
2024-05-01,02X,4786.345710000002,337.38999999999993
2021-10-01,02X,4864.10448,327.1160000000001
2023-02-01,02X,5568.100280000001,331.3559999999999
2024-01-01,02X,5127.654050000001,335.75800000000004
2023-11-01,02X,5213.48433,334.9510000000001
2026-01-01,02X,4719.127500000001,341.429
2026-04-01,03L,5313.168840000001,276.939
2023-05-01,03L,4572.1388099999995,269.9599999999999
2024-12-01,03L,5112.87592,275.369
2024-07-01,03L,4819.268399999999,274.099
2025-10-01,03L,6522.078879999999,276.894
2021-07-01,03L,5273.109439999999,265.688
2022-04-01,03L,5749.38495,267.03800000000007
2024-08-01,03L,5061.71126,274.34400000000005
2024-06-01,03L,4883.812730000001,273.81899999999996
2026-01-01,03L,6077.6524,276.9439999999999
2023-08-01,03L,6008.96869,271.013
2025-04-01,03L,4087.68242,276.0619999999999
2023-09-01,03L,5001.96377,271.26099999999997
2023-10-01,03L,4575.7670100000005,271.604
2024-05-01,03L,5038.760170000001,273.36300000000006
2023-12-01,03L,3948.0881,272.11899999999997
2025-02-01,03L,4281.43948,275.809
2025-09-01,03L,5915.961170000001,276.861
2024-09-01,03L,4356.7271,274.59599999999995
2022-09-01,03L,5836.75897,267.856
2021-10-01,03L,5602.59443,266.334
2022-11-01,03L,6393.2163,268.48
2025-05-01,03L,5562.021559999999,275.9579999999999
2022-07-01,03L,6849.00245,267.573
2022-10-01,03L,6026.704819999999,268.1910000000001
2024-10-01,03L,3589.27801,274.79800000000006
2022-03-01,03L,6564.475390000002,266.776
2025-06-01,03L,5075.068110000001,276.225
2022-02-01,03L,5484.707209999999,266.74399999999997
2021-12-01,03L,6325.211539999999,266.48699999999997
2021-11-01,03L,6246.687090000001,266.42600000000004
2023-01-01,03L,6822.312449999999,268.77
2024-02-01,03L,5401.8261200000015,272.68399999999997
2025-08-01,03L,6419.750459999999,276.71700000000004
2025-03-01,03L,5422.76941,275.919
2026-06-01,03L,5632.180090000001,276.65399999999994
2026-05-01,03L,6150.254100000002,276.8179999999999
2022-01-01,03L,5890.419739999999,266.594
2022-08-01,03L,6739.09952,267.572
2023-04-01,03L,3453.71706,269.66999999999996
2025-07-01,03L,7402.769659999998,276.426
2025-12-01,03L,6929.468400000001,276.96899999999994
2023-11-01,03L,4781.8369999999995,271.80099999999993
2025-01-01,03L,4418.75128,275.61000000000007
2022-06-01,03L,6435.297820000002,267.346
2026-03-01,03L,6309.865249999998,276.935
2024-04-01,03L,4735.45579,273.0379999999999
2025-11-01,03L,6312.399969999999,277.04
2024-11-01,03L,5139.163480000002,275.179
2023-07-01,03L,5667.70753,270.568
2022-05-01,03L,6203.42784,267.087
2026-02-01,03L,5667.810240000002,277.00199999999995
2023-03-01,03L,6723.306810000001,269.327
2024-01-01,03L,4867.39129,272.34299999999996
2021-08-01,03L,5420.55946,265.89799999999997
2024-03-01,03L,4448.60694,272.81399999999996
2023-06-01,03L,5767.813510000002,270.241
2021-09-01,03L,5399.97436,266.063
2021-06-01,03L,6063.475749999999,265.27000000000004
2022-12-01,03L,5571.0304,268.705
2023-02-01,03L,4664.07499,269.05999999999995
2024-01-01,03N,6920.851859999999,638.7779999999998
2025-06-01,03N,7619.067169999999,637.1809999999997
2023-04-01,03N,5637.545149999999,630.602
2024-07-01,03N,7145.1507599999995,637.616
2025-12-01,03N,8393.75988,639.2649999999999
2021-10-01,03N,8143.2927,618.3340000000001
2022-08-01,03N,11437.864760000002,618.5889999999998
2023-03-01,03N,8473.092479999996,630.6860000000001
2023-10-01,03N,8578.44297,638.0750000000002
2022-10-01,03N,8622.57283,624.993
2026-05-01,03N,9418.64162,632.6500000000004
2025-04-01,03N,6858.0812700000015,639.9899999999997
2022-04-01,03N,7819.394700000002,618.8539999999999
2026-04-01,03N,7366.852679999998,634.2800000000001
2021-06-01,03N,10643.310080000001,613.487
2022-06-01,03N,7450.401420000001,619.0759999999999
2024-10-01,03N,7938.989359999999,640.972
2023-02-01,03N,6533.448730000003,630.2970000000004
2022-09-01,03N,7963.4480699999995,618.6660000000002
2026-06-01,03N,8124.465840000002,631.0160000000001
2021-12-01,03N,8174.377870000001,621.097
2021-07-01,03N,9328.549,613.243
2023-11-01,03N,5987.0467400000025,638.748
2021-11-01,03N,8797.705310000001,620.3229999999998
2024-08-01,03N,7734.31606,636.9499999999998
2021-09-01,03N,8573.37752,612.4730000000001
2023-07-01,03N,7701.7755,630.558
2025-07-01,03N,8073.387589999999,636.4070000000004
2023-08-01,03N,6467.262599999999,630.3169999999999
2022-03-01,03N,8122.80524,618.4149999999998
2024-02-01,03N,7736.715400000002,639.0640000000002
2023-09-01,03N,6534.0972999999985,630.002
2022-01-01,03N,8340.86822,619.4660000000002
2025-03-01,03N,6310.963289999999,640.6110000000004
2026-03-01,03N,5976.270110000001,635.6519999999998
2022-12-01,03N,8277.38265,629.524
2022-07-01,03N,7213.90849,619.1349999999999
2024-04-01,03N,7624.859160000002,638.4349999999997
2026-02-01,03N,6643.060010000002,636.7960000000002
2025-01-01,03N,6113.828010000001,641.4480000000001
2023-12-01,03N,6173.496970000001,639.1620000000003
2025-10-01,03N,7879.0267799999965,640.166
2023-05-01,03N,6254.63564,630.776
2025-08-01,03N,6779.196859999999,635.482
2025-09-01,03N,6459.49837,634.8250000000002
2022-11-01,03N,9242.74287,628.6879999999999
2024-12-01,03N,8434.599960000001,641.7210000000002
2021-08-01,03N,6574.348600000002,612.7620000000001
2025-11-01,03N,6279.0161899999985,639.9080000000002
2022-02-01,03N,7107.85139,619.6070000000001
2025-02-01,03N,6184.143329999999,641.0199999999999
2024-05-01,03N,7572.08355,638.6130000000002
2026-01-01,03N,8201.764530000002,638.3969999999998
2023-01-01,03N,7836.444200000001,629.4650000000004
2025-05-01,03N,5907.176139999999,639.378
2024-03-01,03N,5677.131909999997,638.7340000000002
2024-09-01,03N,8124.115689999999,636.7029999999997
2024-06-01,03N,5991.27998,638.2620000000001
2022-05-01,03N,7520.08029,618.718
2023-06-01,03N,8527.16252,630.8560000000001
2024-11-01,03N,7185.651949999999,641.626
2025-11-01,00L,7410.46957,343.92399999999986
2024-12-01,00L,6074.736330000001,341.42300000000006
2025-04-01,00L,4940.27177,341.89899999999994
2022-02-01,00L,4488.39222,333.1630000000001
2023-08-01,00L,4055.1211699999994,336.76199999999994
2025-03-01,00L,4324.04046,341.83599999999996
2026-01-01,00L,7254.124970000002,344.235
2023-05-01,00L,4137.6408,336.00299999999993
2023-09-01,00L,3328.723250000001,337.17400000000004
2025-08-01,00L,5877.37171,343.19199999999995
2021-07-01,00L,3648.422670000001,332.08999999999986
2022-04-01,00L,4132.302549999999,333.346
2024-05-01,00L,3921.5968500000004,339.4290000000001
2022-10-01,00L,3949.00065,334.685
2024-06-01,00L,4009.10458,339.63000000000005
2022-01-01,00L,3569.9158600000005,333.05
2023-04-01,00L,2985.7765200000003,335.87600000000003
2025-05-01,00L,4612.510480000001,342.1389999999999
2026-06-01,00L,9309.06323,345.0369999999999
2022-07-01,00L,4256.08013,333.928
2023-12-01,00L,3076.786710000001,337.82400000000007
2021-11-01,00L,5263.324369999998,332.84599999999995
2023-07-01,00L,4259.590080000001,336.4639999999999
2023-01-01,00L,3648.9815599999993,335.1449999999999
2024-07-01,00L,4806.88928,339.934
2025-01-01,00L,5340.77627,341.537
2026-05-01,00L,6900.027979999998,345.0159999999999
2025-09-01,00L,6155.3051700000005,343.58199999999994
2024-11-01,00L,5787.871149999999,341.32900000000006
2026-03-01,00L,5619.89898,344.6040000000001
2024-03-01,00L,2874.8859999999995,338.53200000000004
2024-02-01,00L,4561.582119999999,338.3329999999999
2023-10-01,00L,3528.2153900000008,337.2460000000001
2024-09-01,00L,3550.6656000000003,340.837
2025-10-01,00L,7223.16019,343.7290000000001
2021-09-01,00L,3886.9272100000003,332.718
2023-06-01,00L,4302.01594,336.17800000000005
2024-08-01,00L,3662.0688099999998,340.36100000000005
2021-06-01,00L,4491.823829999999,331.6259999999999
2025-07-01,00L,7212.112319999998,342.7049999999999
2025-06-01,00L,6840.08765,342.46299999999997
2023-11-01,00L,3635.83394,337.5979999999999
2022-11-01,00L,3406.12941,334.96
2021-12-01,00L,4355.94121,332.99399999999997
2025-02-01,00L,4584.0975,341.746
2022-08-01,00L,5808.922019999999,334.2319999999999
2021-08-01,00L,4467.96044,332.3930000000001
2026-04-01,00L,7656.6039200000005,344.83699999999993
2023-03-01,00L,3503.97607,335.546
2022-12-01,00L,3949.6899699999994,335.121
2021-10-01,00L,3329.5528499999996,332.816
2022-05-01,00L,4771.61967,333.5079999999999
2024-01-01,00L,3571.1916699999997,338.041
2025-12-01,00L,7632.848329999999,344.0429999999999
2022-03-01,00L,4837.58856,333.2519999999999
2024-10-01,00L,4515.37548,341.043
2024-04-01,00L,3902.49495,338.7290000000001
2026-02-01,00L,8948.39615,344.39200000000005
2022-09-01,00L,4111.32269,334.57500000000005
2023-02-01,00L,3486.2231099999995,335.36299999999994
2022-06-01,00L,3800.405,333.64000000000016
2025-03-01,00N,2747.9220900000005,159.909
2022-07-01,00N,2550.2489299999997,158.918
2022-10-01,00N,2431.4427,159.121
2026-04-01,00N,3942.9584800000007,159.109
2025-02-01,00N,2548.4932299999996,159.96500000000003
2022-04-01,00N,2960.4568499999996,158.827
2026-05-01,00N,4161.8534899999995,158.90699999999998
2025-12-01,00N,4659.007729999999,159.473
2023-06-01,00N,4080.36596,159.281
2026-03-01,00N,3948.1098199999997,159.097
2022-01-01,00N,2799.478849999999,158.71300000000002
2025-09-01,00N,3954.42237,159.6
2025-05-01,00N,3223.7368,159.775
2023-04-01,00N,2991.0657199999996,159.173
2023-05-01,00N,2748.67483,159.16799999999998
2021-08-01,00N,2234.97967,158.714
2023-02-01,00N,3010.21196,159.109
2022-02-01,00N,2026.82549,158.75700000000003
2025-07-01,00N,4421.02873,159.66799999999995
2022-05-01,00N,3317.89543,158.795
2025-04-01,00N,3029.43305,159.81999999999996
2023-01-01,00N,2884.2044699999997,159.12200000000004
2023-09-01,00N,3651.57186,159.605
2024-06-01,00N,3765.46823,160.024
2022-08-01,00N,2938.98611,158.96300000000002
2022-11-01,00N,3733.72925,159.17599999999996
2024-08-01,00N,2789.7707100000002,159.971
2024-01-01,00N,3150.16474,159.85399999999998
2024-12-01,00N,3352.6349999999998,159.93
2024-07-01,00N,2741.61151,160.01100000000002
2021-06-01,00N,3703.63394,158.615
2025-06-01,00N,4180.18036,159.68399999999994
2024-03-01,00N,3019.1078999999995,159.841
2021-10-01,00N,2863.6655000000005,158.755
2025-08-01,00N,3189.19452,159.62199999999999
2021-09-01,00N,3205.6976,158.766
2024-05-01,00N,2231.1987499999996,159.94399999999996
2024-04-01,00N,2917.226579999999,159.837
2023-12-01,00N,2727.5537300000005,159.79299999999998
2025-01-01,00N,3871.3817099999997,159.953
2024-11-01,00N,2165.50967,159.88799999999998
2022-03-01,00N,3294.57062,158.819
2024-10-01,00N,4073.8936500000004,159.93800000000002
2026-02-01,00N,4098.595399999999,159.20999999999995
2023-10-01,00N,3237.7973500000003,159.65800000000002
2024-09-01,00N,2543.50452,159.98899999999998
2021-11-01,00N,2665.17148,158.67900000000003
2024-02-01,00N,3615.25716,159.92900000000003
2022-09-01,00N,2915.15145,159.031
2025-11-01,00N,3469.1638299999995,159.50800000000004
2021-07-01,00N,2666.90664,158.73099999999997
2026-01-01,00N,4006.55303,159.38300000000004
2025-10-01,00N,4216.150560000001,159.601
2021-12-01,00N,3127.2774200000003,158.71299999999997
2022-12-01,00N,3701.22417,159.177
2023-08-01,00N,2769.2598800000005,159.49499999999998
2023-03-01,00N,2450.97492,159.13
2022-06-01,00N,2959.54999,158.89200000000002
2023-11-01,00N,3131.3082999999997,159.752
2023-07-01,00N,2748.18842,159.412
2026-06-01,00N,4767.929140000001,158.718
2023-06-01,00P,3528.76715,290.38100000000003
2024-06-01,00P,3154.26429,294.8710000000001
2024-11-01,00P,3492.3406799999993,295.47299999999996
2024-09-01,00P,3233.80451,295.09099999999995
2025-11-01,00P,3026.7785900000003,295.684
2024-12-01,00P,4320.792669999999,295.615
2024-03-01,00P,3392.21198,294.1590000000001
2025-03-01,00P,2669.32771,295.47900000000004
2025-01-01,00P,3078.2503400000005,295.55
2022-06-01,00P,2798.5413800000006,286.85300000000007
2025-04-01,00P,3752.5036800000003,295.45899999999995
2025-05-01,00P,2649.532870000001,295.413
2022-04-01,00P,2977.72829,286.6380000000001
2022-07-01,00P,3218.99007,286.869
2022-05-01,00P,3014.3603599999997,286.855
2024-08-01,00P,3052.8648599999997,295.05
2026-02-01,00P,3706.5860900000002,295.24800000000005
2022-09-01,00P,2896.9029100000002,287.164
2023-03-01,00P,3216.3704300000004,289.76100000000014
2023-04-01,00P,1564.48162,290.13999999999993
2022-08-01,00P,2812.1676400000006,286.98199999999997
2022-03-01,00P,3116.29157,286.15999999999997
2024-01-01,00P,2955.1424600000005,293.52200000000005
2025-10-01,00P,4506.22572,295.469
2023-12-01,00P,2577.7746399999996,293.1289999999999
2021-07-01,00P,2955.5493,284.68999999999994
2022-10-01,00P,2402.5651799999996,287.51500000000004
2022-02-01,00P,3079.2284700000005,286.005
2024-04-01,00P,3115.253900000001,294.354
2021-10-01,00P,3486.376790000001,284.82899999999995
2023-01-01,00P,2567.51415,289.36099999999993
2021-11-01,00P,3054.6218699999995,285.24799999999993
2025-09-01,00P,3866.1691199999996,295.229
2023-10-01,00P,2869.6799899999996,291.5850000000001
2026-03-01,00P,4057.22195,295.06399999999996
2025-06-01,00P,3672.23934,295.38
2023-02-01,00P,2192.0299299999997,289.38900000000007
2023-09-01,00P,3170.7045000000007,291.154
2026-06-01,00P,4716.145910000001,294.55800000000005
2025-02-01,00P,2871.9581099999996,295.519
2025-08-01,00P,3594.6891600000004,295.29900000000004
2025-07-01,00P,4592.3271399999985,295.32300000000004
2025-12-01,00P,4246.47486,295.606
2021-06-01,00P,3668.97669,284.4510000000001
2024-07-01,00P,3841.6650099999997,294.92000000000013
2024-10-01,00P,3380.74488,295.266
2023-08-01,00P,2327.6283399999998,290.91800000000006
2024-05-01,00P,3485.5261700000005,294.77900000000005
2022-12-01,00P,3053.7262299999998,288.864
2021-09-01,00P,3165.40954,284.687
2024-02-01,00P,2223.41205,293.93199999999996
2023-05-01,00P,2904.4401999999995,290.22400000000005
2023-07-01,00P,3357.6529399999986,290.57300000000004
2021-12-01,00P,3685.2700900000004,285.70699999999994
2021-08-01,00P,3505.3595600000003,284.68000000000006
2026-01-01,00P,3710.516310000001,295.435
2026-04-01,00P,3864.22391,295.08599999999996
2022-01-01,00P,2897.6507900000006,285.825
2023-11-01,00P,3316.3827699999993,292.4450000000001
2022-11-01,00P,3010.3790700000004,288.0969999999999
2026-05-01,00P,4241.048750000001,294.96100000000007
2025-08-01,01H,4971.58474,337.55300000000005
2024-02-01,01H,3088.0844999999995,334.3160000000001
2023-01-01,01H,3302.210509999999,331.62100000000004
2022-02-01,01H,2649.9985900000006,329.10999999999996
2025-02-01,01H,4099.01428,336.63899999999995
2023-11-01,01H,3017.1398200000003,333.8329999999999
2021-09-01,01H,3014.9797499999995,328.3589999999999
2026-04-01,01H,6126.437029999999,337.646
2025-06-01,01H,5613.15956,337.20200000000006
2024-05-01,01H,3956.1823,334.882
2024-04-01,01H,3605.1273600000004,334.496
2024-06-01,01H,4258.5969000000005,335.14000000000004
2021-11-01,01H,3115.8816300000003,328.48300000000006
2021-10-01,01H,2536.67804,328.4839999999999
2024-10-01,01H,5833.82873,335.9329999999998
2021-12-01,01H,3003.79194,328.69800000000004
2024-08-01,01H,4712.240069999999,335.762
2022-06-01,01H,2817.56337,329.6699999999999
2024-09-01,01H,3518.53728,335.87899999999996
2024-01-01,01H,3356.1445899999994,334.18400000000014
2023-10-01,01H,3027.1589300000005,333.66299999999995
2024-12-01,01H,5776.5919,336.40499999999986
2022-09-01,01H,2829.12803,330.86400000000003
2026-06-01,01H,6073.1734400000005,337.294
2023-02-01,01H,4117.808210000001,331.8209999999999
2024-07-01,01H,4541.03165,335.40700000000004
2025-07-01,01H,6865.1162300000005,337.235
2023-05-01,01H,3778.127939999999,332.2390000000001
2026-03-01,01H,6113.05887,337.5590000000001
2025-01-01,01H,5724.224249999999,336.521
2022-07-01,01H,3224.2612,329.97299999999996
2023-07-01,01H,3522.635349999999,332.77199999999993
2022-05-01,01H,3464.15918,329.3320000000001
2023-12-01,01H,3563.56717,334.108
2024-11-01,01H,5664.836359999999,336.2149999999999
2023-06-01,01H,3774.6962700000004,332.43200000000013
2022-11-01,01H,4021.13277,331.29299999999995
2023-09-01,01H,4228.273590000001,333.5180000000001
2021-07-01,01H,3240.8508899999997,327.77600000000007
2025-12-01,01H,5930.05887,337.708
2021-06-01,01H,3126.0926699999995,327.51400000000007
2025-03-01,01H,4370.163750000001,336.6429999999999
2026-02-01,01H,5469.30788,337.63300000000004
2025-09-01,01H,5830.2458,337.614
2022-08-01,01H,3225.71605,330.32900000000006
2023-03-01,01H,4108.86488,332.026
2025-10-01,01H,6337.307639999999,337.61899999999997
2023-08-01,01H,3216.48936,333.19800000000004
2022-01-01,01H,2981.8723700000005,329.016
2022-04-01,01H,3227.9847199999995,329.17100000000005
2025-05-01,01H,5237.56647,336.96200000000016
2026-05-01,01H,5990.275639999999,337.44599999999997
2024-03-01,01H,3653.9712699999995,334.45400000000006
2022-10-01,01H,3198.9191299999993,331.00800000000004
2022-12-01,01H,3602.0744900000004,331.4529999999999
2025-04-01,01H,4696.24484,336.779
2025-11-01,01H,5571.971879999999,337.64599999999996
2023-04-01,01H,2202.64941,332.065
2021-08-01,01H,2969.4825,328.032
2026-01-01,01H,5193.60668,337.6789999999999
2022-03-01,01H,2853.67356,329.14200000000005
2025-07-01,13T,12108.897749999998,560.0849999999998
2026-02-01,13T,8504.769699999999,561.0620000000001
2021-07-01,13T,5790.223080000002,531.657
2023-07-01,13T,5957.697819999999,547.6609999999998
2022-06-01,13T,7223.250000000002,539.6720000000001
2025-02-01,13T,6006.854629999999,561.2460000000002
2024-04-01,13T,6775.43484,556.3249999999999
2022-05-01,13T,4762.642100000003,539.6889999999999
2022-10-01,13T,5844.51887,541.3929999999999
2025-11-01,13T,7851.00749,563.073
2025-12-01,13T,7938.266050000001,563.113
2025-01-01,13T,7479.18907,561.136
2021-08-01,13T,5762.45739,531.372
2026-01-01,13T,10234.306039999996,562.1840000000001
2024-05-01,13T,6837.66331,556.7230000000001
2022-07-01,13T,5352.07591,539.4649999999998
2024-12-01,13T,7037.57259,561.175
2023-01-01,13T,5831.34531,546.319
2023-09-01,13T,5555.88699,547.6270000000001
2023-05-01,13T,5424.186589999999,547.7639999999999
2021-10-01,13T,5160.534319999999,533.536
2025-10-01,13T,8593.03422,562.2059999999999
2023-04-01,13T,4087.930530000001,547.5900000000001
2021-12-01,13T,7111.504989999997,537.5939999999999
2022-02-01,13T,5875.194039999999,538.52
2021-09-01,13T,5402.302759999999,531.1529999999999
2022-11-01,13T,6387.8682899999985,544.6679999999999
2024-11-01,13T,7388.522449999999,560.8219999999999
2021-06-01,13T,7150.59995,531.981
2023-08-01,13T,4967.002040000001,547.618
2025-03-01,13T,5232.373519999999,561.3240000000001
2024-09-01,13T,6830.034030000001,555.8509999999999
2022-08-01,13T,6268.454239999999,539.1500000000001
2022-09-01,13T,6663.103170000001,538.5840000000002
2023-03-01,13T,5769.9527899999985,547.3159999999999
2022-04-01,13T,5923.7862700000005,539.4100000000001
2023-02-01,13T,4664.872399999998,546.5980000000001
2025-05-01,13T,6129.8321399999995,561.089
2022-12-01,13T,5042.801799999999,545.971
2024-01-01,13T,7045.859540000002,554.9820000000001
2023-11-01,13T,5625.69973,553.4949999999999
2022-01-01,13T,5930.85526,538.2149999999999
2025-09-01,13T,8619.274640000001,559.165
2026-03-01,13T,9064.465129999997,559.8559999999998
2023-06-01,13T,7089.9531799999995,547.9200000000002
2024-02-01,13T,6012.407800000001,555.424
2025-04-01,13T,7973.0396299999975,561.234
2025-08-01,13T,6734.221490000001,559.3470000000002
2024-03-01,13T,5998.405509999998,556.1849999999998
2024-07-01,13T,6234.740929999998,556.4499999999999
2026-05-01,13T,7837.00113,557.9909999999999
2026-04-01,13T,8353.894520000002,558.9799999999999
2026-06-01,13T,8858.16581,555.702
2024-08-01,13T,6764.58578,556.148
2021-11-01,13T,5938.211840000002,536.1890000000001
2022-03-01,13T,7018.605870000001,539.2219999999998
2024-10-01,13T,5434.178909999999,558.8140000000001
2025-06-01,13T,6759.01722,560.6460000000002
2024-06-01,13T,7470.166189999999,556.6720000000001
2023-12-01,13T,6136.325100000002,554.5170000000003
2023-10-01,13T,5534.4105,550.477
2023-08-01,16C,6628.525450000001,727.246
2024-11-01,16C,6232.19547,737.8930000000001
2021-12-01,16C,6461.834640000001,715.7089999999997
2023-05-01,16C,7107.322200000001,725.9589999999998
2022-04-01,16C,5314.12792,718.3470000000003
2023-03-01,16C,7051.346489999998,725.0330000000002
2022-01-01,16C,6160.85101,716.2000000000003
2024-03-01,16C,6125.267590000001,733.3899999999995
2023-06-01,16C,8245.822279999998,726.362
2024-01-01,16C,7017.117480000001,731.5440000000002
2021-07-01,16C,6487.762310000003,712.5679999999999
2024-10-01,16C,8143.55339,737.3739999999996
2021-09-01,16C,5767.363949999999,713.4770000000002
2021-10-01,16C,6632.38534,713.7539999999997
2023-02-01,16C,5545.672079999999,723.9070000000003
2026-01-01,16C,8292.6549,741.075
2023-01-01,16C,7343.58778,722.9459999999997
2025-08-01,16C,8993.987079999999,740.2289999999997
2025-11-01,16C,8153.248400000001,741.3529999999996
2024-05-01,16C,6694.710569999998,734.5279999999998
2024-12-01,16C,8500.445499999996,738.124
2025-09-01,16C,9748.593689999996,740.3429999999997
2022-06-01,16C,5871.2573299999995,719.2450000000002
2025-04-01,16C,6810.188399999999,739.5689999999997
2025-03-01,16C,7434.609240000002,739.3200000000003
2026-03-01,16C,9366.457809999998,740.4439999999998
2026-04-01,16C,8697.816879999997,739.9549999999999
2022-03-01,16C,6401.392380000001,717.4540000000001
2021-08-01,16C,6136.381639999998,713.0290000000001
2026-02-01,16C,8942.014519999999,740.8699999999997
2026-05-01,16C,9644.640969999999,739.7719999999999
2022-07-01,16C,5397.603829999996,719.5180000000004
2025-07-01,16C,8407.64165,739.8950000000001
2024-04-01,16C,7849.493649999999,733.6530000000001
2022-09-01,16C,7741.405720000001,720.2580000000002
2022-08-01,16C,7103.688489999999,719.8049999999998
2025-06-01,16C,8295.866320000003,739.8019999999999
2025-01-01,16C,8126.205059999998,738.163
2022-02-01,16C,5195.956770000001,716.7220000000002
2024-06-01,16C,6554.892420000001,734.8099999999998
2023-04-01,16C,4890.88076,725.7940000000001
2024-08-01,16C,7072.770709999998,735.9889999999999
2023-10-01,16C,6284.0532699999985,728.6809999999998
2024-09-01,16C,6658.804059999999,736.4040000000001
2023-11-01,16C,7377.903599999999,730.2900000000001
2026-06-01,16C,10050.755759999996,738.296
2024-07-01,16C,7849.31481,735.221
2023-12-01,16C,6870.908289999999,731.1039999999999
2025-05-01,16C,6629.077300000001,739.7070000000001
2021-11-01,16C,4382.0499,714.6949999999995
2023-09-01,16C,5972.427670000001,727.752
2023-07-01,16C,7815.749680000002,726.8629999999999
2022-05-01,16C,6182.326050000002,718.542
2022-10-01,16C,6266.35396,721.021
2021-06-01,16C,6812.9517399999995,711.9910000000002
2022-12-01,16C,6532.81472,722.8799999999999
2025-02-01,16C,6165.827290000001,739.0450000000001
2024-02-01,16C,7269.143660000002,732.833
2025-12-01,16C,8814.666079999999,741.3
2025-10-01,16C,9274.40642,741.534
2022-11-01,16C,7201.3038400000005,722.1259999999997
2024-04-01,84H,6302.185429999999,566.4920000000001
2025-08-01,84H,7384.110420000003,568.833
2021-12-01,84H,8022.262269999999,560.771
2025-03-01,84H,5681.726480000001,569.598
2022-10-01,84H,9303.294700000004,561.2560000000003
2023-05-01,84H,6985.114790000001,563.8929999999999
2025-04-01,84H,6986.787739999998,569.6130000000003
2021-07-01,84H,9213.346619999998,558.1019999999999
2024-12-01,84H,7201.94286,569.673
2024-08-01,84H,6827.56269,566.4179999999998
2024-05-01,84H,6398.725939999998,566.668
2023-10-01,84H,5091.268050000001,564.765
2023-11-01,84H,6352.86846,566.3199999999999
2021-09-01,84H,8660.1687,556.939
2026-03-01,84H,8262.837799999998,571.4909999999998
2024-10-01,84H,7276.839199999999,567.102
2026-04-01,84H,8643.601610000002,571.041
2023-12-01,84H,5494.89675,566.783
2022-07-01,84H,8796.12062,560.5240000000001
2023-07-01,84H,6713.876519999999,563.4460000000001
2025-01-01,84H,6650.6004200000025,569.738
2024-09-01,84H,5921.488980000001,566.207
2026-02-01,84H,6935.477130000002,571.602
2024-11-01,84H,6672.95191,568.818
2021-08-01,84H,8099.896020000001,557.0980000000001
2025-12-01,84H,7972.66173,572.1309999999999
2022-02-01,84H,6533.8841600000005,561.3000000000003
2024-03-01,84H,5966.260360000001,566.7500000000001
2025-05-01,84H,6906.527760000001,569.3660000000001
2023-02-01,84H,6838.860629999999,563.5759999999999
2022-11-01,84H,7670.461340000002,563.086
2025-10-01,84H,7118.561499999999,570.7360000000001
2022-09-01,84H,8205.225820000001,560.2069999999998
2023-08-01,84H,5970.919649999998,563.1549999999999
2022-05-01,84H,7632.8080199999995,560.5749999999999
2021-11-01,84H,8920.305289999998,559.355
2026-05-01,84H,7087.966820000001,570.5139999999997
2022-03-01,84H,7280.43901,560.811
2026-06-01,84H,10247.88286,569.6070000000001
2025-07-01,84H,6993.57514,569.2949999999997
2023-01-01,84H,7209.2119,563.468
2023-03-01,84H,6638.00285,563.723
2023-06-01,84H,6719.311119999999,563.9940000000001
2025-02-01,84H,6438.303450000003,569.7239999999999
2024-02-01,84H,5669.73102,566.9379999999999
2022-01-01,84H,8815.36647,561.0389999999999
2025-09-01,84H,8836.66622,568.631
2026-01-01,84H,8188.4273699999985,571.8580000000001
2024-06-01,84H,5642.002099999999,566.9719999999999
2022-04-01,84H,8533.213919999998,560.7200000000001
2022-12-01,84H,8998.38683,563.5100000000001
2023-04-01,84H,5298.1323999999995,563.795
2022-08-01,84H,8430.595,560.204
2024-01-01,84H,5901.06328,566.7880000000002
2024-07-01,84H,6303.300079999998,566.7419999999996
2021-06-01,84H,9412.774969999999,558.0620000000002
2025-06-01,84H,8586.18991,569.4589999999998
2022-06-01,84H,7711.69409,560.9169999999999
2025-11-01,84H,8050.91632,571.9810000000001
2021-10-01,84H,8321.05583,557.1759999999999
2023-09-01,84H,6775.20268,562.9480000000001
2023-09-01,99C,1942.0776400000002,226.66199999999998
2022-03-01,99C,2224.7100299999997,224.31300000000002
2024-05-01,99C,2110.0500399999996,227.699
2024-04-01,99C,2139.41152,227.476
2024-10-01,99C,2344.5868100000002,228.29899999999998
2024-03-01,99C,2093.56925,227.24800000000005
2025-12-01,99C,3299.95246,229.32599999999996
2024-06-01,99C,2143.87544,227.76100000000002
2023-05-01,99C,1651.86149,225.93699999999998
2021-11-01,99C,1757.28435,223.88300000000004
2025-08-01,99C,2878.174380000001,229.16200000000003
2022-11-01,99C,2295.3592700000004,225.27000000000004
2025-07-01,99C,4581.58464,228.971
2023-01-01,99C,2329.8991300000002,225.44599999999997
2025-02-01,99C,2529.2213699999998,228.713
2025-06-01,99C,2690.7647,228.90300000000002
2025-10-01,99C,3024.9911700000002,229.378
2025-11-01,99C,2433.51048,229.306
2022-12-01,99C,1847.91488,225.30300000000005
2026-02-01,99C,3561.71646,229.49900000000002
2023-10-01,99C,2204.61917,226.932
2022-02-01,99C,1410.00254,224.203
2023-06-01,99C,2160.8397,226.03799999999998
2022-09-01,99C,1742.8569400000001,225.055
2024-12-01,99C,2429.54563,228.52499999999998
2021-07-01,99C,2003.9982300000001,223.46200000000005
2026-04-01,99C,2617.4962000000005,229.36700000000002
2022-04-01,99C,1519.1664799999996,224.313
2021-09-01,99C,2101.33327,223.82899999999998
2022-01-01,99C,2303.58305,224.094
2025-09-01,99C,3778.3765599999997,229.18899999999996
2026-06-01,99C,3590.6244300000003,229.15200000000004
2024-08-01,99C,2148.65891,228.22899999999998
2024-07-01,99C,3030.96978,227.935
2026-03-01,99C,3377.9089300000014,229.39199999999997
2023-04-01,99C,2123.27832,225.89100000000002
2024-01-01,99C,1926.92185,227.1430000000001
2023-02-01,99C,1255.45858,225.576
2021-06-01,99C,2510.5286499999997,223.41299999999998
2022-08-01,99C,1755.09737,224.96200000000005
2022-05-01,99C,1977.4986699999995,224.37600000000003
2023-12-01,99C,2047.7188800000004,227.12399999999994
2023-11-01,99C,2122.96653,227.101
2023-08-01,99C,2065.7638599999996,226.48299999999998
2024-02-01,99C,1733.5836199999999,227.20500000000004
2026-01-01,99C,3023.13967,229.42200000000003
2024-11-01,99C,2531.3516899999995,228.422
2021-10-01,99C,1836.247,223.819
2023-07-01,99C,2410.44534,226.306
2024-09-01,99C,1981.72534,228.289
2021-12-01,99C,2309.76944,224.01299999999995
2022-10-01,99C,2124.1638199999998,225.094
2021-08-01,99C,1879.8453699999998,223.62699999999995
2026-05-01,99C,2916.75204,229.23000000000005
2023-03-01,99C,1644.6247299999998,225.701
2022-06-01,99C,1458.3031099999998,224.577
2025-04-01,99C,3413.8871700000004,228.79000000000005
2025-05-01,99C,1876.1955200000002,228.83499999999998
2025-01-01,99C,2156.0549800000003,228.67399999999998
2025-03-01,99C,1871.71195,228.64700000000002
2022-07-01,99C,1869.0675500000002,224.776
2022-06-01,03W,3664.2921300000003,353.28700000000003
2025-06-01,03W,4935.725130000001,360.89500000000004
2023-08-01,03W,3411.06658,356.10000000000014
2025-03-01,03W,3181.1152500000003,360.231
2023-01-01,03W,3569.95474,354.741
2024-09-01,03W,5281.686629999999,360.423
2023-06-01,03W,4077.913020000001,355.91299999999995
2021-06-01,03W,3605.153149999999,344.76000000000005
2023-12-01,03W,4112.04901,357.59800000000007
2023-11-01,03W,4380.875080000002,357.399
2022-02-01,03W,3116.4808600000006,351.1019999999999
2025-02-01,03W,2939.1939099999995,360.11899999999997
2022-12-01,03W,3974.57482,354.53800000000007
2025-07-01,03W,5727.636920000002,361.186
2024-10-01,03W,3713.2726000000007,360.5860000000001
2023-07-01,03W,3826.5218999999993,355.55500000000006
2024-07-01,03W,4762.89039,359.54800000000006
2024-05-01,03W,4450.36591,358.73499999999996
2024-12-01,03W,4814.249100000001,359.78299999999996
2022-08-01,03W,5020.448009999999,354.1599999999999
2022-11-01,03W,4108.466100000001,354.6390000000002
2022-09-01,03W,3893.0383500000003,354.65299999999996
2026-03-01,03W,4548.03865,361.80900000000014
2023-09-01,03W,3785.59641,356.89600000000013
2023-02-01,03W,3385.894480000001,355.10599999999977
2024-01-01,03W,4255.13067,357.504
2026-02-01,03W,4496.41005,361.90299999999996
2024-03-01,03W,4539.65791,358.00899999999996
2025-04-01,03W,4422.83188,360.342
2023-05-01,03W,3192.5095899999997,355.74600000000004
2022-10-01,03W,4126.30309,354.81300000000005
2024-08-01,03W,5027.672350000002,359.9199999999999
2022-03-01,03W,3466.7854899999998,351.70700000000005
2025-05-01,03W,2709.44093,360.6870000000001
2025-10-01,03W,5183.3983800000005,362.041
2022-04-01,03W,3530.06847,352.2580000000001
2026-01-01,03W,4847.482250000002,362.08000000000004
2021-12-01,03W,2484.84914,347.22499999999997
2021-07-01,03W,3993.5046700000007,345.213
2024-04-01,03W,5230.79748,358.32499999999993
2026-05-01,03W,5142.24318,361.925
2022-01-01,03W,3104.47007,348.59400000000005
2021-08-01,03W,2989.0687099999996,345.59600000000006
2025-09-01,03W,4007.9597700000013,362.0020000000001
2024-06-01,03W,4695.80339,359.20099999999985
2024-02-01,03W,3704.5113900000006,357.82899999999984
2023-04-01,03W,3152.86124,355.62399999999985
2025-01-01,03W,4300.06657,359.9420000000002
2025-08-01,03W,4707.058810000001,361.63700000000006
2024-11-01,03W,5180.93603,360.874
2025-11-01,03W,4363.89403,362.098
2021-10-01,03W,2975.867640000001,346.45300000000003
2022-07-01,03W,3841.8724199999997,353.8279999999999
2023-10-01,03W,4362.467629999999,357.04099999999994
2021-09-01,03W,2865.42589,346.01500000000004
2021-11-01,03W,3432.3647300000007,346.7970000000001
2022-05-01,03W,3829.9012900000002,352.678
2023-03-01,03W,3657.58514,355.34700000000004
2025-12-01,03W,4764.6422600000005,362.053
2026-06-01,03W,5336.2222999999985,361.9030000000001
2026-04-01,03W,5350.527329999999,361.90700000000004
2026-05-01,04C,4004.85223,443.4929999999999
2022-08-01,04C,5462.074129999999,426.86299999999983
2021-09-01,04C,4473.033079999999,421.897
2024-11-01,04C,5478.34295,450.012
2025-06-01,04C,4194.75068,449.37399999999997
2023-04-01,04C,3091.3979799999993,437.2169999999999
2021-07-01,04C,3483.88544,422.4369999999999
2024-06-01,04C,4119.3384000000015,449.7490000000001
2022-02-01,04C,3732.974280000001,426.3029999999999
2025-05-01,04C,3168.1188700000002,449.50300000000016
2024-05-01,04C,5468.613620000001,449.85599999999994
2021-08-01,04C,2940.60917,422.1400000000001
2024-09-01,04C,3987.5154,449.01200000000006
2022-03-01,04C,4168.3754,426.7269999999999
2024-12-01,04C,4882.9385999999995,450.36299999999983
2026-06-01,04C,4663.17791,442.3929999999999
2023-07-01,04C,4322.076929999999,438.7910000000001
2023-05-01,04C,4148.8728200000005,437.421
2021-06-01,04C,4186.99424,422.203
2023-01-01,04C,4634.461590000001,434.452
2025-04-01,04C,3834.377129999999,450.1589999999999
2023-03-01,04C,4613.146080000002,436.58300000000014
2022-06-01,04C,3271.30789,427.21899999999994
2024-10-01,04C,4147.76855,448.728
2024-07-01,04C,6061.50498,449.7900000000001
2022-04-01,04C,4808.643279999998,427.1430000000001
2022-09-01,04C,4258.303940000002,427.12499999999994
2026-01-01,04C,4011.25741,448.211
2025-01-01,04C,4031.401680000001,450.417
2021-11-01,04C,3751.0622499999995,423.768
2021-10-01,04C,4061.860560000002,422.104
2022-01-01,04C,3544.6933100000006,425.863
2022-11-01,04C,3654.388769999999,430.82299999999987
2023-02-01,04C,4249.63833,435.4910000000001
2025-10-01,04C,4525.411550000001,448.5169999999999
2024-01-01,04C,5922.209380000002,447.37600000000003
2025-07-01,04C,4365.017609999999,449.184
2026-04-01,04C,4850.124439999999,444.85999999999996
2022-07-01,04C,3595.0965899999987,427.05600000000004
2026-03-01,04C,4825.087600000001,445.72400000000005
2023-12-01,04C,4029.6922800000007,446.2479999999999
2023-09-01,04C,4296.241609999999,439.6159999999998
2023-11-01,04C,4697.661960000002,444.56699999999995
2024-08-01,04C,4407.467159999999,449.37
2024-04-01,04C,5405.96467,449.45599999999996
2025-03-01,04C,3475.6482699999997,449.979
2024-03-01,04C,3752.09828,449.2609999999999
2025-09-01,04C,4143.1503999999995,447.786
2021-12-01,04C,3695.30125,424.60999999999996
2023-08-01,04C,4497.31122,439.373
2025-02-01,04C,3206.783,450.439
2025-12-01,04C,4626.438840000002,449.0040000000001
2022-10-01,04C,3574.4182900000005,427.77599999999995
2022-05-01,04C,3677.84934,426.93299999999994
2025-08-01,04C,4161.22396,448.60000000000014
2022-12-01,04C,5425.5117199999995,433.7409999999999
2024-02-01,04C,4337.641709999998,448.757
2023-06-01,04C,5262.48996,438.43100000000015
2023-10-01,04C,4621.671119999999,441.2629999999999
2025-11-01,04C,4166.542110000001,449.414
2026-02-01,04C,3045.8867,446.6820000000001
2023-03-01,04V,2982.1281200000003,414.454
2021-10-01,04V,3476.0288499999992,406.86300000000006
2025-07-01,04V,4585.196450000001,423.863
2022-04-01,04V,3428.022699999999,409.21600000000007
2023-02-01,04V,2498.5966200000003,414.18800000000005
2025-10-01,04V,3776.01241,424.869
2024-09-01,04V,4023.3086599999992,420.4269999999999
2025-03-01,04V,3616.8992800000005,423.82599999999996
2023-11-01,04V,2973.9718599999997,417.48900000000003
2023-06-01,04V,3811.4903500000005,415.08700000000005
2024-05-01,04V,4097.26082,420.346
2021-08-01,04V,3673.328299999999,404.41499999999996
2024-11-01,04V,3789.3909100000005,422.5519999999999
2025-04-01,04V,2657.13843,423.92500000000007
2023-07-01,04V,2904.1395099999995,415.25399999999996
2023-08-01,04V,3004.1011099999996,415.41799999999995
2024-03-01,04V,2995.73929,419.5489999999999
2026-01-01,04V,5156.105809999999,425.436
2022-11-01,04V,3401.3748800000003,412.863
2024-10-01,04V,3408.0841500000006,421.526
2025-06-01,04V,2671.813110000001,423.964
2023-09-01,04V,3267.193439999999,415.601
2024-07-01,04V,4057.71872,420.53200000000015
2022-02-01,04V,2988.21277,408.5229999999999
2022-08-01,04V,4054.96769,409.88999999999993
2024-01-01,04V,3548.424610000001,418.43
2024-12-01,04V,4519.5907,422.93600000000004
2021-06-01,04V,3428.55164,404.5270000000001
2022-06-01,04V,3060.36861,409.902
2021-07-01,04V,3369.79084,404.7180000000001
2025-01-01,04V,3741.72415,423.1669999999999
2023-10-01,04V,3190.3347100000005,416.23999999999995
2026-02-01,04V,4052.2646799999998,425.299
2024-06-01,04V,3687.01889,420.30799999999994
2025-09-01,04V,4776.594709999999,423.85700000000014
2026-04-01,04V,5048.31511,425.402
2025-02-01,04V,3235.80744,423.585
2025-08-01,04V,3061.290760000001,423.587
2021-12-01,04V,3546.4211200000004,408.123
2023-04-01,04V,2830.07847,414.65599999999995
2024-04-01,04V,3662.8434899999997,419.9169999999999
2025-12-01,04V,4175.18674,425.392
2022-03-01,04V,2764.33087,408.75800000000004
2026-05-01,04V,4028.762460000001,425.25700000000006
2023-12-01,04V,3596.29496,418.15000000000003
2022-01-01,04V,3333.0034700000006,408.2530000000001
2022-09-01,04V,3209.76023,410.12300000000005
2021-11-01,04V,4013.34588,407.4179999999999
2021-09-01,04V,2537.5187699999997,404.56300000000005
2025-05-01,04V,2736.85942,423.79499999999996
2026-03-01,04V,4647.28159,425.40900000000005
2023-01-01,04V,3557.134809999999,413.85999999999996
2025-11-01,04V,4276.56704,425.42199999999997
2023-05-01,04V,2958.1929800000003,414.83700000000016
2024-08-01,04V,3661.705759999999,420.35999999999996
2022-05-01,04V,3782.4268199999997,409.441
2022-12-01,04V,3505.97928,413.6649999999999
2026-06-01,04V,5089.449750000001,424.82199999999995
2024-02-01,04V,2718.5325900000003,419.12799999999993
2022-10-01,04V,3194.43178,411.9800000000001
2022-07-01,04V,3089.30136,410.14600000000013
2025-05-01,04Y,1560.9135099999999,140.51899999999998
2022-11-01,04Y,1677.2709100000002,136.693
2024-01-01,04Y,1643.9949899999997,139.31600000000003
2025-01-01,04Y,1945.16917,140.45800000000003
2026-01-01,04Y,1690.8363200000001,140.754
2023-06-01,04Y,2145.5478999999996,137.50300000000001
2023-03-01,04Y,2036.6018200000003,137.11300000000003
2021-08-01,04Y,1538.9530900000002,135.83
2025-07-01,04Y,1822.3850899999998,140.722
2023-11-01,04Y,1578.4110799999999,139.22199999999998
2025-10-01,04Y,1473.93596,140.734
2021-10-01,04Y,1507.4429200000004,135.84500000000003
2024-03-01,04Y,1857.0271500000001,139.65
2021-11-01,04Y,1750.6573299999998,135.872
2023-05-01,04Y,1649.9872799999998,137.367
2021-07-01,04Y,1942.0181000000002,135.72
2023-12-01,04Y,2114.1591,139.185
2023-02-01,04Y,1555.71591,136.917
2022-12-01,04Y,2094.6823900000004,136.74399999999997
2022-09-01,04Y,1473.75434,136.53199999999998
2024-05-01,04Y,2012.8436299999998,139.86599999999999
2025-02-01,04Y,1458.34574,140.49800000000002
2024-07-01,04Y,1473.1080500000003,140.08399999999997
2022-02-01,04Y,1569.90558,136.029
2025-09-01,04Y,1897.02283,140.82
2022-06-01,04Y,1333.0589700000003,136.21699999999998
2025-12-01,04Y,1843.8613299999997,140.725
2021-06-01,04Y,1507.1443699999998,135.64799999999997
2022-03-01,04Y,1289.59915,136.029
2024-12-01,04Y,2087.9541000000004,140.402
2026-05-01,04Y,2123.7904399999998,140.642
2023-01-01,04Y,2723.5374999999995,136.829
2023-07-01,04Y,2047.4685000000002,137.72299999999998
2025-06-01,04Y,2342.74416,140.54899999999998
2026-04-01,04Y,1945.8427300000003,140.57400000000004
2022-08-01,04Y,2230.64272,136.40800000000002
2021-09-01,04Y,2018.79035,135.87300000000002
2024-10-01,04Y,1881.10763,140.25099999999998
2021-12-01,04Y,2340.00778,135.952
2024-02-01,04Y,2361.13207,139.522
2024-04-01,04Y,2379.15193,139.657
2026-06-01,04Y,1767.7131299999996,140.62800000000001
2022-10-01,04Y,2399.8897900000006,136.582
2023-04-01,04Y,1621.98687,137.19
2022-04-01,04Y,2093.6934499999998,136.111
2025-11-01,04Y,1899.45383,140.69700000000003
2022-07-01,04Y,1987.57214,136.286
2023-10-01,04Y,2170.42361,139.06900000000002
2024-09-01,04Y,1630.83474,140.27499999999998
2022-01-01,04Y,1857.81821,135.94299999999998
2025-04-01,04Y,1648.1627199999998,140.43099999999998
2023-09-01,04Y,1394.08028,138.941
2022-05-01,04Y,1832.23082,136.11599999999999
2024-11-01,04Y,2285.0691300000003,140.35000000000002
2025-08-01,04Y,2206.7197,140.75599999999997
2026-03-01,04Y,2766.07518,140.55
2025-03-01,04Y,1634.2987300000004,140.45499999999998
2024-06-01,04Y,1615.9531499999998,139.991
2024-08-01,04Y,1908.0668399999995,140.18899999999996
2023-08-01,04Y,1703.2070799999997,137.965
2026-02-01,04Y,1730.3203199999998,140.65499999999997
2022-03-01,05D,1206.7600099999997,148.09400000000002
2021-11-01,05D,1297.5106600000001,147.62199999999999
2023-06-01,05D,1394.69854,151.112
2025-03-01,05D,1405.16541,155.03500000000003
2021-10-01,05D,835.36996,147.604
2022-04-01,05D,1185.56802,148.111
2023-03-01,05D,1365.80098,150.557
2023-09-01,05D,1087.3114200000002,151.91899999999998
2022-01-01,05D,1215.29216,147.758
2022-12-01,05D,847.60315,149.867
2025-08-01,05D,1780.4180000000001,155.347
2026-01-01,05D,1643.22026,155.24800000000002
2023-07-01,05D,1065.4476,151.428
2024-11-01,05D,1331.3603199999998,154.576
2025-04-01,05D,1370.27001,155.03300000000002
2021-12-01,05D,1152.5339700000002,147.66900000000004
2023-11-01,05D,976.4576099999999,152.15999999999997
2023-12-01,05D,966.5136800000001,152.36700000000002
2023-10-01,05D,1256.2411200000001,152.035
2023-05-01,05D,1522.6160100000004,150.94899999999996
2026-05-01,05D,1910.4644499999997,155.044
2021-07-01,05D,1649.6742299999999,147.163
2024-06-01,05D,826.5694699999999,153.69099999999997
2021-08-01,05D,1262.9733899999999,147.399
2024-04-01,05D,1242.48571,153.14400000000003
2023-02-01,05D,1430.6464700000001,150.24500000000003
2022-11-01,05D,1534.6244899999997,149.57700000000003
2023-08-01,05D,1010.02906,151.637
2025-07-01,05D,2236.35967,155.237
2021-06-01,05D,949.23668,146.81999999999996
2024-07-01,05D,1310.66182,153.933
2024-12-01,05D,2300.9688100000003,154.833
2024-03-01,05D,1014.9252500000001,153.06799999999998
2025-10-01,05D,1779.3920300000002,155.27900000000002
2024-08-01,05D,1262.46163,154.219
2026-03-01,05D,1691.5098999999998,154.976
2026-04-01,05D,1912.20818,155.086
2024-10-01,05D,853.6382299999999,154.375
2023-04-01,05D,887.7845800000001,150.64900000000003
2025-11-01,05D,2219.0879600000003,155.30499999999998
2022-10-01,05D,1385.78691,149.30700000000002
2025-09-01,05D,1481.1660099999997,155.31300000000005
2022-07-01,05D,1522.0298899999998,148.63499999999996
2025-06-01,05D,1783.5288399999997,155.137
2022-09-01,05D,1069.69539,149.17
2025-01-01,05D,1348.4536200000002,154.88500000000002
2026-02-01,05D,1237.33291,155.081
2024-05-01,05D,1362.18633,153.539
2026-06-01,05D,3139.03233,154.74099999999996
2025-02-01,05D,1145.6741699999998,155.0
2025-05-01,05D,1431.29642,155.061
2022-08-01,05D,1284.65606,148.904
2024-01-01,05D,1290.6110299999998,152.669
2024-02-01,05D,1315.6611899999998,152.93699999999995
2023-01-01,05D,1260.08439,149.95999999999998
2025-12-01,05D,1688.19627,155.28400000000002
2022-06-01,05D,991.0924900000001,148.453
2021-09-01,05D,1291.4326599999997,147.583
2022-02-01,05D,1074.55163,147.97100000000003
2024-09-01,05D,1220.7294900000002,154.27799999999996
2022-05-01,05D,660.74016,148.241
2024-12-01,05G,2590.19906,231.008
2021-08-01,05G,2459.8466699999994,216.79500000000002
2026-05-01,05G,3581.5516900000002,230.78
2026-06-01,05G,3505.5300500000008,230.53899999999996
2022-03-01,05G,2541.5720300000003,218.05999999999997
2023-09-01,05G,2691.17142,230.42999999999992
2026-01-01,05G,3278.648259999999,231.32100000000005
2022-06-01,05G,2932.88283,217.88199999999995
2021-07-01,05G,2525.44653,216.84500000000003
2025-03-01,05G,2970.0557599999997,230.98
2026-04-01,05G,3359.6697200000003,230.94300000000004
2022-11-01,05G,2982.23672,218.327
2024-01-01,05G,1866.4477,231.21000000000004
2022-12-01,05G,2705.0891899999997,218.45900000000003
2023-01-01,05G,3076.1553599999997,218.51700000000008
2021-11-01,05G,2576.93287,217.87300000000002
2023-07-01,05G,2159.1427800000006,230.32200000000003
2024-02-01,05G,2236.70781,231.27699999999996
2024-06-01,05G,2351.82976,231.26299999999998
2025-07-01,05G,2862.4959400000002,230.90899999999993
2022-08-01,05G,2929.98758,217.68899999999996
2023-03-01,05G,2232.3656699999997,218.505
2023-12-01,05G,2516.9629299999997,231.11300000000003
2023-06-01,05G,2109.0899099999997,230.421
2022-07-01,05G,2686.23607,217.77999999999997
2024-08-01,05G,2387.96257,231.007
2022-04-01,05G,2637.774,218.04899999999998
2023-11-01,05G,2300.23859,230.917
2025-10-01,05G,3001.6105,231.37400000000002
2021-09-01,05G,2718.161880000001,216.93300000000005
2025-02-01,05G,1994.4855599999999,230.95700000000005
2024-11-01,05G,2612.7436599999996,231.41200000000003
2025-09-01,05G,2372.2421500000005,230.98899999999998
2022-01-01,05G,2600.10143,218.14900000000003
2024-10-01,05G,1872.82003,231.29400000000004
2023-10-01,05G,2481.6743800000004,230.77999999999994
2026-02-01,05G,3652.4792699999994,231.318
2024-09-01,05G,3399.89603,230.87
2022-05-01,05G,2346.69928,217.914
2025-05-01,05G,2529.01554,230.95200000000006
2025-04-01,05G,2218.9445200000005,231.001
2024-07-01,05G,2571.57206,231.131
2022-10-01,05G,1943.8732400000001,218.39600000000002
2026-03-01,05G,2666.6357799999996,231.13300000000004
2023-02-01,05G,2338.18856,218.44099999999997
2022-09-01,05G,3201.40717,217.647
2024-04-01,05G,1921.12891,231.25100000000003
2023-08-01,05G,2161.0092900000004,230.37400000000005
2022-02-01,05G,1813.39178,218.08899999999994
2023-05-01,05G,2449.2194799999997,218.6
2023-04-01,05G,1916.5563199999997,218.628
2025-11-01,05G,2858.9269000000004,231.38100000000003
2025-01-01,05G,2688.02335,230.98599999999996
2024-03-01,05G,2851.2019,231.359
2021-12-01,05G,2457.19601,218.04900000000006
2021-06-01,05G,4063.0887899999993,216.96699999999998
2024-05-01,05G,1985.8450500000001,231.36099999999993
2021-10-01,05G,2730.5134999999996,217.70199999999997
2025-08-01,05G,2537.86503,230.84900000000002
2025-12-01,05G,2544.9061899999997,231.27000000000004
2025-06-01,05G,3395.7734800000003,231.081
2022-07-01,05Q,2172.8022100000003,218.9950000000001
2022-11-01,05Q,2564.3855900000003,219.69500000000005
2021-09-01,05Q,2281.9364099999993,217.281
2022-04-01,05Q,2393.4523799999997,218.38299999999998
2022-09-01,05Q,2195.58461,219.443
2023-04-01,05Q,1185.22596,220.76299999999998
2023-09-01,05Q,2324.93982,220.63599999999997
2024-04-01,05Q,3223.7848600000007,221.235
2024-11-01,05Q,2758.2744300000004,222.438
2021-07-01,05Q,2339.31865,216.76900000000003
2025-09-01,05Q,2934.0688899999996,223.992
2022-01-01,05Q,2124.6906599999998,217.80499999999995
2025-05-01,05Q,3147.8577900000005,223.41899999999998
2023-05-01,05Q,2001.5992300000003,220.788
2021-12-01,05Q,3174.2884400000003,217.664
2022-12-01,05Q,2267.66454,219.81999999999996
2025-01-01,05Q,2913.7512699999997,222.79700000000003
2025-08-01,05Q,3404.6110200000003,223.843
2026-06-01,05Q,3773.05076,224.15399999999997
2024-09-01,05Q,2331.2467300000003,222.33500000000004
2024-01-01,05Q,2028.3063499999996,221.08299999999997
2024-10-01,05Q,2760.51991,222.328
2025-12-01,05Q,3870.76393,224.10399999999998
2021-06-01,05Q,3262.4889300000004,216.553
2024-06-01,05Q,2762.45398,221.82500000000002
2026-01-01,05Q,3211.00241,224.11800000000002
2023-02-01,05Q,2124.6382899999994,220.22899999999998
2024-08-01,05Q,2951.4032899999993,222.22600000000003
2026-02-01,05Q,2950.3648499999995,224.15700000000004
2025-10-01,05Q,3646.86974,224.10899999999998
2022-05-01,05Q,2950.665,218.49000000000004
2022-06-01,05Q,1694.54485,218.79300000000003
2023-11-01,05Q,2231.93753,220.90000000000003
2025-06-01,05Q,3018.59191,223.47
2022-10-01,05Q,2554.10716,219.502
2025-02-01,05Q,2524.29417,222.94900000000004
2024-12-01,05Q,2288.58194,222.74599999999998
2026-05-01,05Q,3744.4690599999994,224.16500000000005
2024-07-01,05Q,2937.7509100000007,221.977
2024-05-01,05Q,2222.7279000000003,221.62900000000005
2022-08-01,05Q,2430.3498600000003,219.17399999999998
2023-12-01,05Q,1515.1644999999999,221.04900000000004
2024-03-01,05Q,2996.91363,221.15099999999995
2022-03-01,05Q,2738.7079999999996,218.157
2023-06-01,05Q,2952.4263700000006,220.98800000000006
2025-03-01,05Q,2008.9945699999998,223.02299999999997
2025-11-01,05Q,2710.5801400000005,224.09600000000006
2023-07-01,05Q,2075.3344700000002,221.128
2023-01-01,05Q,1552.6579100000001,219.933
2022-02-01,05Q,1674.01688,218.018
2021-10-01,05Q,2551.6569999999992,217.56399999999996
2026-04-01,05Q,3233.03726,224.07599999999994
2023-03-01,05Q,2562.3914399999994,220.548
2023-08-01,05Q,2068.17673,221.309
2025-04-01,05Q,2243.8296499999997,223.234
2023-10-01,05Q,1834.0097300000002,220.753
2025-07-01,05Q,3824.6142800000002,223.67100000000002
2021-11-01,05Q,2699.9850899999997,217.5859999999999
2026-03-01,05Q,3968.9804200000003,224.12700000000004
2021-08-01,05Q,2909.6553599999997,217.05800000000005
2024-02-01,05Q,2556.41586,221.096
2025-07-01,05V,2604.15494,156.93600000000004
2024-12-01,05V,2119.2726300000004,156.44199999999998
2022-09-01,05V,1661.5788300000004,152.98800000000003
2026-02-01,05V,2298.8932999999997,156.961
2021-06-01,05V,1977.2233300000003,151.01600000000002
2021-07-01,05V,2180.18183,151.133
2023-08-01,05V,1825.8954199999998,154.73100000000002
2024-02-01,05V,998.25885,155.28400000000005
2026-06-01,05V,2024.5260999999998,156.303
2023-09-01,05V,1710.3579300000001,154.9
2025-04-01,05V,2584.9152,156.68200000000002
2024-09-01,05V,2398.71272,156.18099999999998
2021-08-01,05V,1925.88231,151.26500000000001
2024-08-01,05V,2057.77022,156.06300000000002
2024-07-01,05V,1840.60652,155.817
2024-01-01,05V,1819.55067,155.231
2023-11-01,05V,1745.5297200000002,155.08299999999997
2025-05-01,05V,2100.6213000000002,156.72099999999998
2022-06-01,05V,1440.9262199999998,152.561
2022-04-01,05V,1272.97453,152.25599999999997
2025-10-01,05V,1509.09778,157.20699999999997
2023-03-01,05V,1229.3140599999997,153.693
2024-11-01,05V,2488.07695,156.39399999999998
2023-12-01,05V,1085.2226,155.195
2021-12-01,05V,1873.1651500000003,151.825
2022-07-01,05V,1908.4340200000001,152.627
2022-11-01,05V,1917.3904599999998,153.10999999999999
2025-08-01,05V,2143.16451,157.06799999999996
2023-07-01,05V,1063.7652399999997,154.488
2024-10-01,05V,2035.37689,156.305
2023-02-01,05V,1515.48456,153.46399999999997
2026-01-01,05V,1834.76271,157.037
2021-10-01,05V,1870.09667,151.477
2023-06-01,05V,1820.21909,154.185
2022-05-01,05V,2101.6964900000003,152.361
2022-03-01,05V,1687.5116000000003,152.112
2025-12-01,05V,1983.8493600000002,157.123
2025-11-01,05V,3275.2979899999996,157.17300000000003
2026-03-01,05V,1850.7304199999999,156.84599999999998
2025-02-01,05V,2318.3902100000005,156.497
2023-01-01,05V,1362.92258,153.29200000000003
2023-04-01,05V,1193.35868,153.785
2026-05-01,05V,1954.5823599999999,156.573
2022-12-01,05V,1433.4298799999997,153.22099999999998
2026-04-01,05V,2327.34227,156.63799999999998
2025-06-01,05V,2304.3680900000004,156.782
2022-02-01,05V,1446.38168,151.99200000000002
2024-06-01,05V,1638.43403,155.76500000000001
2022-10-01,05V,1564.58252,153.023
2025-09-01,05V,1976.2278399999998,157.14799999999997
2023-10-01,05V,1523.3033500000004,154.95800000000003
2021-11-01,05V,1762.72324,151.65399999999997
2025-03-01,05V,1640.23258,156.5
2022-01-01,05V,1403.695,151.851
2024-03-01,05V,2084.5341599999997,155.34600000000003
2021-09-01,05V,1284.4468199999997,151.395
2022-08-01,05V,1780.28751,152.78600000000003
2024-04-01,05V,1361.3394700000001,155.44400000000002
2024-05-01,05V,2037.7210400000004,155.645
2025-01-01,05V,2281.51948,156.48100000000002
2023-05-01,05V,1138.54183,153.989
2025-01-01,05W,2552.0593200000003,300.236
2024-07-01,05W,2060.7642399999995,298.44700000000006
2024-06-01,05W,2513.4358300000004,298.10900000000004
2021-08-01,05W,2761.8795699999996,296.55499999999995
2025-03-01,05W,2575.0496200000002,300.48400000000004
2022-01-01,05W,2883.62051,297.506
2022-03-01,05W,2945.1505100000004,297.825
2021-06-01,05W,2771.60668,296.509
2022-11-01,05W,2786.7488700000004,300.005
2022-09-01,05W,3118.0587699999996,298.98999999999995
2023-04-01,05W,1993.2106,302.52599999999995
2024-09-01,05W,2011.0447800000002,298.98100000000005
2022-04-01,05W,2851.4267,298.1139999999999
2026-02-01,05W,3270.165250000001,300.5909999999999
2023-05-01,05W,2461.89474,303.07400000000007
2021-11-01,05W,2868.68882,296.983
2024-12-01,05W,2464.8583600000006,299.9509999999999
2023-12-01,05W,2635.54779,295.17199999999997
2022-10-01,05W,2471.98673,299.31499999999994
2026-03-01,05W,2719.5974400000005,300.238
2022-06-01,05W,2680.57604,298.556
2025-10-01,05W,3422.2766100000003,301.58
2024-03-01,05W,2006.10493,296.788
2021-10-01,05W,2308.88421,296.761
2025-08-01,05W,2105.67846,301.18399999999997
2022-08-01,05W,2744.954239999999,298.90999999999997
2023-03-01,05W,3013.21229,302.04799999999994
2025-02-01,05W,1822.91159,300.367
2023-06-01,05W,2517.57032,291.8230000000001
2021-07-01,05W,2824.67039,296.54899999999986
2023-01-01,05W,2949.092700000001,301.27299999999997
2025-06-01,05W,2803.24936,300.851
2023-08-01,05W,2378.13685,292.724
2022-07-01,05W,2850.09138,298.61800000000005
2025-11-01,05W,2921.4894200000003,301.60200000000003
2026-01-01,05W,3271.7251899999997,301.13699999999994
2025-07-01,05W,3831.3164300000003,300.833
2023-02-01,05W,3184.75265,301.62300000000005
2025-09-01,05W,2931.7897900000003,301.184
2026-04-01,05W,3697.0043299999998,300.03299999999996
2023-10-01,05W,2482.75378,293.8179999999999
2024-04-01,05W,2117.42591,297.01099999999997
2023-11-01,05W,2671.5031299999996,294.53
2024-08-01,05W,2395.0855699999997,298.72999999999996
2022-05-01,05W,2713.21016,298.329
2023-09-01,05W,2446.5372500000008,293.2480000000001
2024-11-01,05W,2439.5672100000006,299.47499999999997
2026-05-01,05W,3522.9976899999997,299.6769999999999
2021-09-01,05W,2421.3789300000003,296.59800000000007
2025-12-01,05W,2941.7819,301.3810000000001
2024-01-01,05W,2348.5796600000003,295.688
2022-12-01,05W,2896.0129899999993,300.78700000000003
2023-07-01,05W,2845.73701,292.295
2025-05-01,05W,2348.6559699999993,300.817
2024-05-01,05W,1694.1124999999997,297.771
2025-04-01,05W,2651.92899,300.63200000000006
2024-02-01,05W,2299.46275,296.4939999999999
2026-06-01,05W,3298.36999,299.3020000000001
2024-10-01,05W,2257.6227499999995,299.31
2022-02-01,05W,2882.1331800000007,297.62000000000006
2021-12-01,05W,2794.3317999999995,297.36199999999997
2023-01-01,00T,4133.51065,323.165
2023-03-01,00T,3450.8822000000014,323.6419999999998
2022-05-01,00T,3704.2026899999996,320.4939999999998
2022-01-01,00T,3577.1409599999997,319.37300000000005
2025-02-01,00T,3072.8310199999996,333.807
2022-09-01,00T,3926.9052600000005,321.766
2024-12-01,00T,3476.9741200000008,333.37
2026-04-01,00T,2790.77101,334.68700000000007
2024-05-01,00T,3434.5805200000004,331.1710000000001
2025-03-01,00T,2670.9600400000004,333.8739999999999
2025-04-01,00T,3034.8330100000003,333.88599999999997
2024-10-01,00T,3240.2858,333.248
2025-01-01,00T,3884.5761600000005,333.49799999999993
2021-12-01,00T,5017.853320000002,319.02700000000004
2022-10-01,00T,3925.1082400000005,321.992
2023-09-01,00T,2969.34108,326.84900000000005
2025-09-01,00T,2775.295780000001,334.7769999999999
2024-02-01,00T,3465.99317,329.22300000000007
2025-10-01,00T,2644.742690000001,335.032
2025-11-01,00T,2711.7503199999996,335.189
2026-03-01,00T,2247.65639,334.76700000000005
2026-06-01,00T,2294.20589,334.43199999999996
2021-10-01,00T,4109.1188999999995,318.64300000000003
2026-02-01,00T,2126.7257700000005,335.0999999999999
2026-01-01,00T,1993.7508299999997,335.1459999999999
2025-05-01,00T,2759.4633300000005,334.1109999999998
2025-12-01,00T,2716.88431,335.2339999999999
2021-06-01,00T,4877.43367,317.644
2022-04-01,00T,3340.193149999999,320.318
2024-03-01,00T,3711.02544,329.7589999999999
2023-06-01,00T,3731.34839,325.2219999999999
2024-11-01,00T,2383.9349700000002,333.3079999999999
2024-04-01,00T,3444.53836,329.98999999999995
2024-06-01,00T,3129.81057,331.70400000000006
2023-11-01,00T,2666.85139,327.8480000000001
2023-08-01,00T,3722.805439999999,326.266
2024-01-01,00T,2307.3778899999998,328.8680000000001
2023-02-01,00T,3511.4506300000003,323.35100000000006
2022-11-01,00T,4079.2822300000007,322.64000000000004
2024-09-01,00T,3105.9069100000006,333.03600000000006
2025-06-01,00T,3153.29363,334.366
2021-09-01,00T,3709.05345,318.67299999999994
2024-08-01,00T,2849.741720000001,332.8350000000001
2023-04-01,00T,3100.5779899999998,323.8009999999999
2023-10-01,00T,3946.6139399999993,327.19599999999997
2022-07-01,00T,4004.7963499999987,321.1539999999999
2022-12-01,00T,3674.9640700000004,323.038
2022-03-01,00T,4036.1100399999987,319.77700000000004
2023-07-01,00T,3672.5255300000017,325.71499999999986
2022-08-01,00T,3649.45334,321.46199999999993
2024-07-01,00T,3163.1240700000008,332.23200000000014
2025-07-01,00T,2738.2045900000003,334.46999999999997
2022-06-01,00T,3931.553530000001,320.8920000000001
2021-07-01,00T,4415.69976,317.93899999999996
2021-08-01,00T,4157.850070000001,318.18100000000004
2025-08-01,00T,2691.95793,334.61500000000007
2026-05-01,00T,2300.3959800000002,334.59199999999987
2023-05-01,00T,3072.1404399999997,324.31000000000006
2021-11-01,00T,3868.5583899999997,318.797
2023-12-01,00T,3374.7551300000005,328.4570000000001
2022-02-01,00T,3598.69519,319.581
2022-10-01,00V,2839.3077399999997,209.404
2021-07-01,00V,2674.90317,208.01699999999997
2024-08-01,00V,2723.1744200000003,212.32699999999994
2023-06-01,00V,3241.82556,209.974
2022-11-01,00V,2484.1274399999993,209.325
2023-11-01,00V,2934.743290000001,210.683
2023-05-01,00V,2805.8545499999996,209.89399999999998
2026-03-01,00V,2815.4432099999995,211.80599999999998
2023-10-01,00V,3474.4343,210.50300000000001
2022-12-01,00V,2726.7725,209.40499999999997
2022-05-01,00V,3231.7730300000007,209.01200000000003
2026-06-01,00V,2642.11535,211.388
2025-02-01,00V,2547.47915,212.77900000000002
2026-02-01,00V,2272.7947799999993,212.13299999999998
2026-04-01,00V,2397.2231300000003,211.72300000000004
2025-11-01,00V,2621.6470499999996,212.58399999999997
2026-01-01,00V,3060.8329699999995,212.23099999999997
2023-07-01,00V,2689.60858,210.13600000000002
2022-09-01,00V,2383.54829,209.431
2025-09-01,00V,2719.16764,212.82499999999996
2024-05-01,00V,2500.6319700000004,211.79500000000004
2023-01-01,00V,2710.63599,209.53500000000003
2024-11-01,00V,2945.99404,212.38299999999992
2024-03-01,00V,3081.75063,211.586
2024-07-01,00V,3279.75319,212.09000000000003
2021-12-01,00V,3109.8360100000004,208.399
2023-04-01,00V,2469.8392599999997,209.71700000000004
2024-02-01,00V,3347.669619999999,211.32600000000002
2021-06-01,00V,3201.8729200000002,207.89999999999995
2024-12-01,00V,3020.643400000001,212.42
2022-03-01,00V,3434.4281399999995,208.67599999999996
2025-06-01,00V,2073.6165100000003,212.725
2025-04-01,00V,2383.3274399999996,212.73499999999996
2022-02-01,00V,2516.58923,208.62699999999995
2025-12-01,00V,2580.7703000000006,212.439
2024-01-01,00V,2617.9426200000003,211.05900000000003
2023-03-01,00V,3116.9293700000003,209.69899999999996
2025-10-01,00V,3005.5294400000002,212.63
2022-01-01,00V,2998.00769,208.53199999999995
2021-08-01,00V,2932.0468900000005,208.15500000000003
2025-03-01,00V,2724.4560500000002,212.72099999999998
2024-06-01,00V,2506.58044,211.942
2021-10-01,00V,2623.8286399999997,208.30200000000002
2024-10-01,00V,2543.78641,212.36300000000003
2022-07-01,00V,3013.841839999999,209.209
2022-04-01,00V,3187.8278099999993,208.87499999999997
2023-02-01,00V,3032.2899299999995,209.63400000000004
2022-08-01,00V,3221.39594,209.35
2024-04-01,00V,2841.5720799999995,211.59699999999998
2025-08-01,00V,2249.1291800000004,212.76600000000002
2023-08-01,00V,2776.04444,210.29699999999997
2025-01-01,00V,2152.0686699999997,212.567
2022-06-01,00V,3378.5697100000007,209.172
2025-07-01,00V,3123.9605899999997,212.757
2023-09-01,00V,2628.5083799999998,210.52999999999994
2021-11-01,00V,3124.6537700000003,208.2450000000001
2025-05-01,00V,2984.6326800000006,212.77200000000002
2021-09-01,00V,2736.50952,208.28399999999996
2023-12-01,00V,2774.8152299999997,210.85700000000006
2024-09-01,00V,3419.68286,212.359
2026-05-01,00V,2667.2108599999992,211.638
2026-02-01,00Y,2773.8748299999997,268.84499999999997
2022-08-01,00Y,3672.51272,262.92299999999994
2025-12-01,00Y,3251.6907300000003,269.121
2023-03-01,00Y,2764.12742,264.2650000000001
2021-07-01,00Y,3199.4622599999993,260.98899999999986
2023-02-01,00Y,2565.84361,264.124
2022-11-01,00Y,3099.831119999999,263.37700000000007
2023-06-01,00Y,3126.0177699999995,264.954
2023-08-01,00Y,2362.97178,265.403
2025-02-01,00Y,2073.73714,269.40900000000005
2024-03-01,00Y,2377.1865999999995,268.01
2023-11-01,00Y,3220.0977599999997,266.67600000000004
2024-04-01,00Y,3049.8668399999983,268.13899999999995
2021-06-01,00Y,2600.58173,260.79800000000006
2025-09-01,00Y,3397.8612099999996,269.28299999999996
2022-09-01,00Y,3843.1808499999997,263.06899999999996
2021-09-01,00Y,3256.3369500000003,261.46200000000005
2022-06-01,00Y,3390.173410000001,262.611
2025-06-01,00Y,3137.2457,269.25200000000007
2023-07-01,00Y,3303.90784,265.194
2026-03-01,00Y,2893.8356099999996,268.506
2026-04-01,00Y,3078.2704999999996,268.29600000000005
2024-09-01,00Y,3009.7051899999997,270.0
2025-07-01,00Y,3402.59975,269.20300000000003
2022-10-01,00Y,2738.7587200000007,263.05800000000005
2021-10-01,00Y,2997.0698600000005,261.501
2025-10-01,00Y,4216.66749,269.218
2024-08-01,00Y,2529.01829,269.86699999999996
2025-08-01,00Y,3197.74029,269.27599999999995
2023-01-01,00Y,2763.3505600000003,263.736
2023-05-01,00Y,2270.8491200000003,264.602
2026-01-01,00Y,3040.8109999999997,268.93999999999994
2021-11-01,00Y,3753.97631,261.626
2021-08-01,00Y,3202.72139,261.24399999999997
2024-05-01,00Y,2409.96743,268.865
2022-03-01,00Y,3061.533500000001,262.345
2025-03-01,00Y,2702.7454800000005,269.3039999999999
2021-12-01,00Y,3353.8674999999994,261.807
2024-01-01,00Y,2653.98178,267.243
2025-05-01,00Y,2511.3014400000006,269.103
2025-04-01,00Y,1895.2799,269.25200000000007
2024-12-01,00Y,2696.9991999999997,269.381
2022-04-01,00Y,3114.83243,262.40599999999995
2023-09-01,00Y,3185.0778299999997,265.718
2023-12-01,00Y,2826.980610000001,266.875
2024-11-01,00Y,3084.4527,269.58299999999997
2024-02-01,00Y,2842.62867,267.82300000000004
2025-11-01,00Y,2655.87028,269.221
2024-10-01,00Y,3160.54172,269.62700000000007
2023-10-01,00Y,3273.5344,266.15799999999996
2026-05-01,00Y,3064.7443700000003,268.128
2022-01-01,00Y,2876.1912799999996,262.089
2023-04-01,00Y,2827.1902099999998,264.386
2022-07-01,00Y,2594.47473,262.745
2026-06-01,00Y,3561.29422,267.824
2022-12-01,00Y,2779.1314500000003,263.59399999999994
2022-05-01,00Y,3473.5982700000004,262.5510000000001
2024-06-01,00Y,2490.40498,269.29299999999995
2024-07-01,00Y,2818.3661899999997,269.549
2022-02-01,00Y,3177.2340300000005,262.2169999999999
2025-01-01,00Y,3154.05445,269.393
2024-05-01,01D,3020.1128400000007,250.20399999999998
2024-03-01,01D,2599.091520000001,249.29100000000005
2025-07-01,01D,3036.3167299999996,253.166
2024-09-01,01D,2690.8044299999997,251.525
2023-06-01,01D,2618.0478799999996,245.98000000000002
2021-08-01,01D,3070.800000000001,240.918
2021-06-01,01D,3431.0379,240.25500000000002
2026-04-01,01D,2930.4637,253.32000000000002
2025-06-01,01D,2643.42749,252.803
2024-08-01,01D,2784.7056399999997,251.31300000000005
2021-10-01,01D,2609.04346,241.32899999999998
2025-05-01,01D,2579.1880900000006,252.65200000000004
2023-12-01,01D,2351.43923,248.08100000000005
2023-11-01,01D,2588.47224,247.73699999999994
2024-01-01,01D,3130.7003999999997,248.39199999999997
2024-02-01,01D,2719.4189399999996,248.935
2026-06-01,01D,3100.73368,253.33899999999994
2022-11-01,01D,3229.25069,244.02599999999995
2022-04-01,01D,2341.05872,242.69400000000002
2024-12-01,01D,3484.0923000000003,252.14100000000002
2023-01-01,01D,3181.4623099999994,244.52100000000002
2023-02-01,01D,2958.00834,244.92299999999992
2022-02-01,01D,2797.6684099999998,242.21800000000005
2022-08-01,01D,3133.998740000001,243.59300000000007
2023-04-01,01D,2854.4883,245.24699999999996
2022-07-01,01D,2378.00079,243.32599999999996
2026-05-01,01D,2344.62998,253.50599999999994
2025-02-01,01D,2552.42191,252.26700000000002
2021-07-01,01D,2826.61635,240.68500000000003
2021-11-01,01D,3208.946779999999,241.42199999999997
2024-11-01,01D,2778.70943,251.987
2022-03-01,01D,3323.0589200000004,242.41399999999996
2022-12-01,01D,2957.02776,244.385
2025-04-01,01D,2889.3959700000005,252.339
2023-03-01,01D,3247.1268499999996,245.17100000000005
2024-06-01,01D,2363.2374499999996,250.58600000000004
2026-02-01,01D,3695.16015,253.35500000000005
2025-08-01,01D,3121.6267700000003,253.38699999999997
2023-08-01,01D,3274.2397800000012,246.73000000000002
2021-09-01,01D,2539.2551200000003,241.27100000000004
2025-12-01,01D,2486.5608899999997,253.57900000000006
2023-05-01,01D,3173.8812600000006,245.558
2025-09-01,01D,3382.5774899999997,253.55399999999995
2023-09-01,01D,3107.6892700000003,247.03299999999996
2026-01-01,01D,4054.7449,253.53900000000002
2022-10-01,01D,3226.940599999999,243.86
2026-03-01,01D,3262.7664700000005,253.37699999999998
2025-11-01,01D,2866.73471,253.57400000000004
2025-01-01,01D,2507.8613299999997,252.24699999999996
2023-07-01,01D,2845.17465,246.4060000000001
2024-10-01,01D,3332.8980100000003,251.85500000000002
2022-06-01,01D,2275.0351699999997,243.06199999999993
2023-10-01,01D,2937.28799,247.288
2022-05-01,01D,3401.8205699999994,242.8979999999999
2025-10-01,01D,3584.7662900000005,253.572
2021-12-01,01D,2925.5582299999996,241.717
2024-04-01,01D,2498.623720000001,249.63099999999997
2025-03-01,01D,3196.53409,252.301
2022-09-01,01D,3452.90839,243.807
2024-07-01,01D,2632.32001,250.89600000000004
2022-01-01,01D,2942.48734,241.95499999999998
2025-04-01,01G,3523.20564,322.64299999999986
2021-10-01,01G,3060.135260000001,296.27399999999994
2026-05-01,01G,4388.93296,324.7489999999999
2024-11-01,01G,3113.3204800000003,321.442
2025-10-01,01G,3821.9047499999997,325.56100000000004
2024-05-01,01G,3365.4693400000006,318.044
2025-12-01,01G,4375.143359999999,326.4130000000001
2026-06-01,01G,4249.322179999999,323.8700000000001
2021-12-01,01G,3648.9275999999995,298.921
2023-12-01,01G,3569.565969999999,314.937
2025-11-01,01G,2937.2066400000003,326.05299999999994
2022-08-01,01G,3800.0833499999994,304.17100000000005
2025-05-01,01G,3243.3831400000004,322.8079999999999
2024-07-01,01G,3653.5296600000006,318.89500000000004
2023-05-01,01G,4763.13617,310.1189999999999
2022-06-01,01G,3517.9896100000005,303.19199999999995
2025-06-01,01G,3056.2997100000002,323.2710000000001
2021-06-01,01G,3683.89107,290.79700000000014
2025-01-01,01G,2975.53457,322.0350000000001
2023-06-01,01G,4433.36243,310.7340000000001
2024-01-01,01G,6596.445479999999,315.36599999999993
2023-08-01,01G,3249.2229400000006,311.47
2022-04-01,01G,3546.97312,301.8750000000001
2022-07-01,01G,3494.04608,303.72599999999994
2024-12-01,01G,3456.7322599999998,321.9309999999999
2021-07-01,01G,3473.2982899999993,292.5139999999999
2021-08-01,01G,3050.34471,293.484
2025-09-01,01G,3044.3891800000006,323.95800000000014
2023-07-01,01G,3230.5266299999994,311.03799999999995
2022-05-01,01G,3855.5459300000007,302.44800000000004
2022-12-01,01G,3366.57666,307.7309999999999
2022-03-01,01G,4045.806270000001,301.2960000000001
2024-06-01,01G,3492.986260000001,318.42800000000005
2025-07-01,01G,3804.4306800000004,323.503
2025-08-01,01G,3448.1192400000004,323.685
2024-04-01,01G,3491.972880000001,316.86800000000005
2023-01-01,01G,3733.55328,308.17699999999996
2024-09-01,01G,3015.5272400000003,319.6090000000001
2021-11-01,01G,3435.3918999999996,297.6599999999999
2023-11-01,01G,9890.781009999999,314.218
2022-10-01,01G,3429.0441699999997,305.56
2021-09-01,01G,3556.1959100000004,294.36699999999985
2025-02-01,01G,2323.8092500000002,322.57400000000007
2024-10-01,01G,3103.5370600000006,320.92399999999986
2026-03-01,01G,3813.6274100000005,325.15400000000005
2023-02-01,01G,3347.79717,308.636
2022-01-01,01G,3490.5798299999997,299.603
2022-11-01,01G,3343.8423000000003,306.89799999999997
2023-10-01,01G,4642.22171,312.845
2023-09-01,01G,5185.111099999999,311.836
2026-01-01,01G,4827.493040000001,326.061
2023-03-01,01G,3703.88983,309.297
2026-04-01,01G,4634.47771,325.10499999999996
2023-04-01,01G,3683.21444,310.077
2026-02-01,01G,3938.3818499999998,325.64700000000005
2024-03-01,01G,3419.8227200000006,316.40499999999986
2022-02-01,01G,3352.51475,300.515
2025-03-01,01G,2388.4274300000006,322.62700000000007
2024-02-01,01G,3537.62957,316.03900000000004
2022-09-01,01G,3547.3262899999995,304.85
2024-08-01,01G,2968.3346199999996,319.3160000000001
2026-02-01,01W,2381.96639,330.71300000000014
2024-07-01,01W,2303.59869,327.72599999999994
2021-07-01,01W,3589.8657700000003,318.63599999999997
2025-04-01,01W,1991.1521699999998,329.2829999999999
2025-05-01,01W,2740.5782799999997,329.4659999999999
2023-01-01,01W,2849.40809,322.9839999999999
2023-08-01,01W,2240.87451,325.233
2022-12-01,01W,2815.6198000000004,322.87800000000004
2024-11-01,01W,2145.04581,328.96200000000005
2023-05-01,01W,3094.50596,324.11800000000005
2025-01-01,01W,2454.290609999999,329.2299999999999
2021-09-01,01W,2806.33005,319.28299999999984
2024-05-01,01W,3235.54998,327.4310000000001
2025-06-01,01W,3255.84049,329.74600000000004
2024-08-01,01W,2546.3333700000003,328.116
2023-03-01,01W,3258.807780000001,323.64199999999994
2025-07-01,01W,3687.3819899999994,330.0300000000001
2026-04-01,01W,3837.5642399999997,330.71500000000003
2022-11-01,01W,2675.7960000000003,322.50699999999995
2022-09-01,01W,3123.30406,322.38100000000003
2025-08-01,01W,2967.6334500000003,330.434
2021-08-01,01W,3570.0379599999997,318.944
2023-06-01,01W,3226.9007499999993,324.5040000000001
2025-02-01,01W,3252.91521,329.243
2021-11-01,01W,2712.28976,319.47
2023-02-01,01W,2347.7207200000003,323.406
2024-04-01,01W,2905.76796,326.91100000000006
2023-12-01,01W,2018.6095,326.439
2025-12-01,01W,4164.051839999999,330.86500000000007
2022-03-01,01W,2874.9637000000002,320.647
2024-06-01,01W,3008.75377,327.493
2022-07-01,01W,3271.61739,321.575
2021-10-01,01W,3103.00677,319.43899999999996
2021-06-01,01W,3693.7758599999997,318.392
2022-04-01,01W,3135.6310199999994,320.75700000000006
2022-02-01,01W,2790.00354,320.61199999999997
2026-06-01,01W,3436.47264,330.5
2022-05-01,01W,3123.44439,320.8020000000001
2024-02-01,01W,2446.075820000001,326.826
2022-10-01,01W,3220.6716700000006,322.2950000000001
2023-04-01,01W,2140.06612,323.883
2023-11-01,01W,3220.8542899999993,326.144
2023-09-01,01W,2537.8082699999995,325.639
2025-03-01,01W,2665.9012599999996,329.24999999999994
2025-10-01,01W,3814.33596,330.7139999999999
2022-08-01,01W,3268.20168,321.9549999999999
2024-10-01,01W,2444.92434,328.60500000000013
2026-01-01,01W,4681.99339,330.767
2026-03-01,01W,3323.1939899999998,330.75799999999987
2022-01-01,01W,3502.33073,320.0790000000001
2024-03-01,01W,3072.6736399999995,326.95699999999994
2026-05-01,01W,3925.465849999999,330.498
2025-11-01,01W,3436.1496000000006,330.811
2023-10-01,01W,2116.2954299999997,325.7660000000001
2024-01-01,01W,2554.2886900000008,326.489
2021-12-01,01W,3563.980610000001,319.767
2023-07-01,01W,2813.8883499999993,324.807
2022-06-01,01W,2962.5244000000007,321.0050000000001
2025-09-01,01W,3805.84136,330.712
2024-09-01,01W,2385.79743,328.53799999999995
2024-12-01,01W,3514.75812,329.15400000000005
2023-06-01,01Y,2398.59301,222.39200000000002
2022-06-01,01Y,2359.80546,220.717
2023-01-01,01Y,2849.03409,221.43
2021-06-01,01Y,2609.085619999999,218.82899999999995
2021-09-01,01Y,2664.3095799999996,219.53699999999992
2024-02-01,01Y,3110.2158199999994,224.93200000000002
2021-11-01,01Y,2348.99322,219.63700000000006
2025-01-01,01Y,2945.0524,228.31700000000012
2024-11-01,01Y,2360.13009,227.99800000000008
2025-04-01,01Y,2409.7759800000003,228.771
2024-07-01,01Y,2702.7532499999993,226.97299999999998
2023-07-01,01Y,2852.41959,222.89400000000003
2026-04-01,01Y,3946.14878,229.06500000000003
2021-12-01,01Y,2326.0760999999993,219.89100000000005
2025-03-01,01Y,2548.89619,228.57700000000006
2022-10-01,01Y,2924.38317,220.97099999999998
2022-08-01,01Y,2976.180949999999,220.91600000000003
2026-03-01,01Y,2693.299290000001,228.99200000000002
2022-05-01,01Y,2111.62355,220.67499999999998
2025-08-01,01Y,2691.06605,229.15999999999997
2024-04-01,01Y,3093.469830000001,225.65099999999998
2023-04-01,01Y,1838.4220199999997,221.78199999999998
2026-06-01,01Y,3468.79659,228.64
2021-10-01,01Y,2445.08917,219.59999999999997
2025-07-01,01Y,3092.8400300000003,229.01999999999998
2022-02-01,01Y,2555.1361800000004,220.181
2023-05-01,01Y,3094.8857999999996,222.113
2023-09-01,01Y,2702.00399,223.398
2025-11-01,01Y,3106.4344800000003,228.834
2024-12-01,01Y,2741.8742200000006,228.24300000000002
2024-08-01,01Y,2769.1947999999998,227.29699999999997
2022-09-01,01Y,3123.6914500000007,220.99499999999995
2025-09-01,01Y,2859.096360000001,228.835
2022-07-01,01Y,2326.50745,220.80700000000007
2022-03-01,01Y,2605.4368600000007,220.326
2021-07-01,01Y,3127.478219999999,219.12299999999996
2024-06-01,01Y,2346.234630000001,226.755
2023-12-01,01Y,2573.2388600000004,224.28599999999997
2025-12-01,01Y,3146.5742200000004,228.896
2024-05-01,01Y,2342.7700499999996,226.19
2022-01-01,01Y,3825.1886799999997,220.0
2026-01-01,01Y,3276.5626900000007,228.90200000000002
2025-06-01,01Y,2195.6094199999993,228.81
2024-01-01,01Y,3124.483280000001,224.44100000000003
2025-05-01,01Y,2731.02054,228.75099999999998
2024-09-01,01Y,2674.0334000000003,227.61800000000002
2023-10-01,01Y,2548.084239999999,223.769
2023-11-01,01Y,2621.50701,224.10799999999995
2026-02-01,01Y,3386.67808,228.93199999999996
2023-02-01,01Y,2134.6420000000003,221.46100000000007
2022-12-01,01Y,2860.950639999999,221.267
2025-02-01,01Y,2403.388069999999,228.512
2024-03-01,01Y,3029.0271399999997,225.36599999999993
2022-04-01,01Y,2594.49589,220.57699999999994
2021-08-01,01Y,3183.36502,219.35700000000003
2026-05-01,01Y,3819.5212600000013,228.81199999999993
2022-11-01,01Y,2365.1991699999994,221.09499999999997
2025-10-01,01Y,3025.1017000000006,228.80700000000002
2024-10-01,01Y,2444.472100000001,227.72299999999998
2023-03-01,01Y,3393.8401599999997,221.589
2023-08-01,01Y,2767.60058,223.184
2024-08-01,02A,3318.70195,249.366
2021-10-01,02A,2893.3604399999995,245.21400000000003
2024-06-01,02A,2754.85049,248.95499999999998
2024-10-01,02A,2463.7795600000004,249.45000000000005
2021-08-01,02A,3194.20912,244.92200000000003
2021-09-01,02A,2667.7111099999997,245.17299999999997
2025-10-01,02A,2831.8844900000004,249.431
2026-04-01,02A,3038.637569999999,248.17599999999996
2024-11-01,02A,2410.8424000000005,249.45400000000006
2023-05-01,02A,3005.6760799999997,247.80800000000002
2022-07-01,02A,2928.6061,246.54600000000002
2022-09-01,02A,2614.57132,247.17599999999996
2024-04-01,02A,3074.86161,248.67799999999997
2025-04-01,02A,3212.5710999999997,249.44
2021-07-01,02A,2984.59118,244.62300000000008
2023-03-01,02A,2359.13783,248.01399999999998
2024-03-01,02A,2511.8189099999995,248.61100000000002
2025-09-01,02A,2992.5576200000005,249.553
2024-09-01,02A,2996.5013800000006,249.52100000000002
2023-12-01,02A,3056.3066900000003,248.50400000000002
2024-07-01,02A,2589.11667,249.01500000000001
2023-01-01,02A,2573.1243700000005,247.85700000000003
2026-06-01,02A,3930.3751399999996,247.653
2024-01-01,02A,2934.1844400000004,248.56100000000004
2021-06-01,02A,3181.68367,244.20400000000004
2022-08-01,02A,2562.1974999999998,246.787
2022-11-01,02A,3285.0433399999997,247.43600000000006
2022-02-01,02A,1863.45695,245.42600000000004
2023-02-01,02A,2448.8254899999997,248.01400000000004
2025-11-01,02A,3501.03359,249.252
2023-10-01,02A,3344.43937,248.41000000000003
2023-04-01,02A,2445.4083299999998,247.74200000000008
2024-02-01,02A,2432.9258499999996,248.51399999999998
2022-06-01,02A,2622.9364699999996,246.1579999999999
2025-05-01,02A,3026.81995,249.41100000000003
2021-12-01,02A,2609.8532899999996,245.23199999999997
2022-12-01,02A,2421.964,247.69399999999996
2026-03-01,02A,3541.35246,248.449
2024-05-01,02A,2982.3190700000005,248.97499999999997
2022-04-01,02A,2833.44226,245.66000000000005
2023-11-01,02A,2017.76194,248.5049999999999
2026-02-01,02A,1967.77202,248.657
2025-12-01,02A,3635.86485,249.118
2021-11-01,02A,3248.276890000001,245.166
2023-07-01,02A,2415.46688,248.24399999999997
2022-10-01,02A,2691.6947900000005,247.34999999999997
2022-01-01,02A,2969.5962199999994,245.32999999999998
2025-06-01,02A,3623.362400000001,249.404
2023-06-01,02A,3097.579970000001,248.10999999999999
2025-03-01,02A,2809.60635,249.34400000000005
2026-05-01,02A,3522.3763200000003,247.96699999999998
2025-02-01,02A,2461.65321,249.547
2023-08-01,02A,2745.8345,248.48000000000005
2025-07-01,02A,3703.26785,249.34600000000003
2022-03-01,02A,2908.22458,245.509
2022-05-01,02A,3022.93503,245.864
2025-01-01,02A,2920.43907,249.40400000000002
2023-09-01,02A,2517.5577500000004,248.53799999999998
2026-01-01,02A,3874.946929999999,248.911
2025-08-01,02A,3447.900260000001,249.51800000000003
2024-12-01,02A,3054.5835800000004,249.45
2025-06-01,02H,6203.355639999999,352.34600000000006
2023-09-01,02H,4819.26605,345.46400000000017
2023-10-01,02H,4740.649299999999,345.99899999999997
2021-07-01,02H,5619.117260000002,335.86200000000014
2022-07-01,02H,4795.564279999997,339.26499999999993
2022-08-01,02H,6533.14711,339.61800000000005
2024-04-01,02H,6411.422960000001,348.34899999999993
2021-10-01,02H,5572.38761,336.81799999999987
2024-02-01,02H,5049.774909999998,348.1030000000001
2022-04-01,02H,5232.640389999999,338.5159999999999
2024-01-01,02H,5909.7284,347.52200000000016
2025-08-01,02H,6156.870999999999,352.871
2025-05-01,02H,5900.39615,352.34099999999984
2026-04-01,02H,4628.469370000002,352.20500000000004
2022-05-01,02H,7339.828339999999,338.649
2026-03-01,02H,5441.087300000001,352.3089999999999
2023-03-01,02H,5215.46787,342.21500000000015
2025-07-01,02H,6345.7889000000005,352.6239999999999
2026-06-01,02H,6536.5073999999995,352.424
2024-12-01,02H,6306.336229999999,351.62699999999995
2024-07-01,02H,4455.430799999999,349.93999999999994
2026-02-01,02H,4792.615459999999,352.3499999999999
2023-08-01,02H,5025.729830000001,345.0130000000001
2022-10-01,02H,5632.4492500000015,340.2010000000001
2025-11-01,02H,5487.54574,352.4390000000001
2025-02-01,02H,4311.49046,352.04200000000003
2025-10-01,02H,7495.115189999996,352.47799999999995
2022-11-01,02H,4943.65035,340.594
2022-01-01,02H,5032.282749999999,337.6500000000001
2023-07-01,02H,4493.73577,344.377
2022-02-01,02H,4976.916009999997,337.827
2023-02-01,02H,5125.65025,341.7330000000002
2025-09-01,02H,5955.154650000003,352.934
2022-03-01,02H,5444.45839,338.1789999999999
2024-06-01,02H,5617.57932,349.463
2023-11-01,02H,5693.8547,346.48400000000004
2023-01-01,02H,5798.48375,341.35999999999996
2023-12-01,02H,4179.37487,347.07399999999996
2024-03-01,02H,4186.794589999999,348.31399999999996
2021-08-01,02H,5007.17227,336.205
2023-06-01,02H,6843.224450000001,343.659
2025-12-01,02H,6400.576889999998,352.4530000000001
2022-12-01,02H,6326.4864099999995,341.1459999999999
2021-11-01,02H,5311.91579,337.0030000000001
2024-08-01,02H,5949.726179999999,350.36600000000004
2022-09-01,02H,6386.498030000002,340.0089999999999
2023-05-01,02H,5191.47942,343.1949999999999
2025-04-01,02H,4808.852419999999,352.08000000000004
2026-05-01,02H,4664.675919999999,352.4720000000001
2023-04-01,02H,4465.625969999999,342.601
2026-01-01,02H,5728.198420000001,352.46299999999997
2024-11-01,02H,5469.77855,351.4219999999999
2024-09-01,02H,5038.17163,350.6890000000001
2021-09-01,02H,6091.048069999999,336.547
2022-06-01,02H,6455.1399599999995,338.922
2021-12-01,02H,5445.95997,337.32199999999983
2025-03-01,02H,5723.362609999999,352.0920000000001
2025-01-01,02H,5586.889179999999,351.747
2024-10-01,02H,6139.247139999999,351.02200000000005
2024-05-01,02H,4873.67457,349.188
2021-06-01,02H,6538.858689999999,335.583
2026-02-01,14L,9897.912379999998,755.9220000000004
2025-11-01,14L,10107.0799,759.7230000000001
2021-09-01,14L,9986.15867,679.6590000000003
2022-12-01,14L,11061.505849999996,712.1559999999998
2023-03-01,14L,10070.11633,716.2120000000001
2025-10-01,14L,10132.504219999997,756.4609999999999
2024-04-01,14L,10870.633459999997,738.2629999999997
2024-10-01,14L,11482.09619,747.2820000000002
2026-03-01,14L,8463.474330000001,753.7849999999999
2023-04-01,14L,9489.593499999995,716.7870000000003
2025-12-01,14L,9403.60035,759.3249999999999
2022-11-01,14L,9873.788790000002,709.2799999999997
2026-05-01,14L,8956.279720000002,751.0799999999998
2022-10-01,14L,10632.070379999997,705.4440000000005
2022-07-01,14L,11350.941219999997,701.0679999999999
2023-08-01,14L,10523.08427,719.4660000000002
2025-07-01,14L,11313.679849999999,750.0680000000001
2023-01-01,14L,11222.63089,713.4000000000001
2024-08-01,14L,12176.325659999997,740.3690000000003
2026-04-01,14L,10403.110330000003,752.5560000000002
2025-09-01,14L,13898.345259999995,749.2010000000002
2022-02-01,14L,9465.852420000001,696.148
2021-11-01,14L,11455.86491,689.1789999999999
2022-01-01,14L,10144.223780000002,694.27
2023-05-01,14L,10791.312519999998,717.658
2022-06-01,14L,10318.08449,700.594
2025-04-01,14L,10137.4985,751.0260000000003
2024-06-01,14L,10641.924389999998,740.7600000000004
2021-12-01,14L,9964.78782,692.214
2022-05-01,14L,10460.729829999998,699.6000000000001
2023-02-01,14L,10381.117639999995,715.1550000000001
2021-08-01,14L,9394.461810000004,679.5469999999997
2023-07-01,14L,10735.75583,719.1780000000001
2023-10-01,14L,10573.532680000004,725.7189999999999
2024-03-01,14L,10587.054359999998,737.6720000000001
2024-09-01,14L,11679.169790000002,740.6349999999999
2026-06-01,14L,11496.351959999998,747.4389999999999
2021-10-01,14L,9887.794200000002,684.5419999999999
2022-09-01,14L,10900.08387,700.9100000000002
2024-07-01,14L,11810.83776,741.0870000000002
2022-08-01,14L,11171.579139999994,701.012
2023-09-01,14L,11113.425940000001,720.113
2024-01-01,14L,10482.839349999997,734.8000000000003
2023-11-01,14L,11386.063360000004,730.9260000000003
2021-07-01,14L,10022.167560000004,679.2840000000002
2021-06-01,14L,10596.863220000001,677.3739999999999
2022-04-01,14L,9523.624939999996,699.0270000000005
2022-03-01,14L,11032.321360000002,697.3800000000003
2024-05-01,14L,11927.265660000001,740.1680000000003
2025-05-01,14L,10166.993079999998,750.1719999999999
2025-08-01,14L,10464.796309999998,749.1120000000001
2024-02-01,14L,10763.688130000002,736.4680000000001
2023-06-01,14L,9146.582330000001,718.74
2025-06-01,14L,10104.880509999995,750.373
2026-01-01,14L,9596.520239999998,758.365
2025-02-01,14L,9627.46384,750.6150000000002
2023-12-01,14L,11380.41409,733.6319999999998
2025-03-01,14L,9964.654859999999,750.9789999999999
2024-11-01,14L,11809.251719999998,750.3149999999997
2025-01-01,14L,11685.776749999994,750.3950000000002
2024-12-01,14L,10386.610820000002,750.6930000000004
2025-06-01,02Y,7957.024709999999,318.57000000000005
2024-03-01,02Y,6218.886460000001,314.2320000000001
2022-10-01,02Y,5466.869009999999,309.7930000000001
2021-10-01,02Y,3974.08621,307.555
2025-04-01,02Y,7987.986820000001,318.2169999999999
2022-02-01,02Y,4709.68547,307.85699999999997
2023-05-01,02Y,4671.46124,311.55199999999996
2026-03-01,02Y,7502.078049999999,320.316
2023-09-01,02Y,5318.81546,312.946
2026-01-01,02Y,7326.839900000001,320.25800000000004
2024-02-01,02Y,6358.6486700000005,313.917
2023-10-01,02Y,5793.33971,312.946
2022-05-01,02Y,5589.903120000001,308.26000000000005
2022-09-01,02Y,6886.3011,309.555
2024-11-01,02Y,8625.89545,317.26499999999993
2023-06-01,02Y,6553.87954,311.776
2024-12-01,02Y,9284.767789999998,317.356
2025-02-01,02Y,5679.49077,317.7469999999999
2024-01-01,02Y,6553.256750000001,313.64400000000006
2025-12-01,02Y,7712.910479999999,320.127
2023-08-01,02Y,6204.78227,312.526
2023-07-01,02Y,4853.99584,312.097
2026-05-01,02Y,7448.46724,320.75200000000007
2022-12-01,02Y,4830.237320000001,310.48800000000006
2025-08-01,02Y,7608.54449,319.40199999999993
2021-12-01,02Y,4422.722119999999,307.60800000000006
2021-08-01,02Y,3805.3979399999994,307.521
2026-04-01,02Y,8584.90943,320.517
2024-04-01,02Y,6370.13025,314.474
2023-01-01,02Y,5969.94888,310.597
2023-02-01,02Y,4504.310620000001,310.79300000000006
2025-07-01,02Y,8438.223539999999,318.867
2023-11-01,02Y,6249.180940000001,313.1790000000001
2026-02-01,02Y,6462.39559,320.2149999999999
2024-10-01,02Y,8297.994929999999,316.916
2024-08-01,02Y,6335.49222,316.17900000000003
2025-05-01,02Y,6238.58959,318.424
2025-11-01,02Y,7932.812139999999,320.008
2025-10-01,02Y,7743.52986,319.909
2022-07-01,02Y,5601.557469999999,308.64000000000016
2022-08-01,02Y,6173.38528,308.98799999999994
2022-01-01,02Y,4164.94599,307.7739999999999
2022-03-01,02Y,4602.719229999999,307.946
2025-03-01,02Y,6617.12141,317.985
2021-06-01,02Y,6539.53201,307.351
2023-03-01,02Y,5250.62811,311.08400000000006
2024-07-01,02Y,7690.345979999999,315.56300000000005
2025-09-01,02Y,7348.530719999999,319.68500000000006
2021-11-01,02Y,4421.623179999999,307.55600000000004
2026-06-01,02Y,8108.99103,320.60699999999997
2023-12-01,02Y,5919.47625,313.514
2022-06-01,02Y,5282.750200000001,308.38500000000005
2022-04-01,02Y,5389.915720000001,308.07800000000003
2024-05-01,02Y,6946.83749,314.90400000000005
2025-01-01,02Y,6868.86905,317.46500000000003
2024-06-01,02Y,6419.74564,315.16299999999995
2023-04-01,02Y,3914.45933,311.352
2021-07-01,02Y,4810.196220000001,307.34700000000015
2022-11-01,02Y,5872.07522,310.17400000000004
2021-09-01,02Y,4430.55597,307.5859999999999
2024-09-01,02Y,6885.075459999998,316.68500000000006
2023-05-01,03F,4709.10313,311.238
2024-02-01,03F,4742.105680000001,314.328
2022-03-01,03F,4318.68521,306.97599999999994
2024-08-01,03F,5335.117219999998,314.40700000000004
2025-09-01,03F,4538.761429999998,314.137
2025-03-01,03F,4422.799459999999,314.82199999999995
2022-06-01,03F,4725.93569,306.82800000000003
2022-12-01,03F,5901.738739999999,309.456
2025-12-01,03F,5738.41594,314.5180000000001
2022-11-01,03F,5906.65323,308.51800000000003
2024-05-01,03F,5669.780819999998,314.6770000000001
2022-04-01,03F,5925.626370000001,307.146
2024-12-01,03F,6121.58818,314.955
2022-09-01,03F,4693.078809999999,306.892
2023-07-01,03F,5063.378099999999,311.584
2021-06-01,03F,6158.55984,303.8460000000002
2021-10-01,03F,4374.292149999999,304.48499999999996
2025-02-01,03F,5236.99541,314.915
2025-10-01,03F,6486.6617499999975,314.359
2025-11-01,03F,6409.769650000001,314.48499999999996
2023-08-01,03F,4536.09949,311.68100000000004
2026-04-01,03F,6117.266769999998,313.43199999999996
2024-04-01,03F,5502.34947,314.39300000000003
2025-06-01,03F,5471.130360000001,314.609
2025-04-01,03F,5157.446969999998,314.8210000000001
2024-06-01,03F,4261.32257,314.656
2026-06-01,03F,5768.781279999998,312.70599999999996
2022-08-01,03F,6441.229640000001,306.9079999999999
2026-05-01,03F,5100.598189999999,313.176
2023-03-01,03F,5370.721560000001,310.76999999999987
2022-01-01,03F,4165.983389999999,306.59
2024-11-01,03F,5089.4473800000005,314.72599999999994
2023-10-01,03F,5105.42973,311.995
2025-08-01,03F,6029.3932399999985,314.316
2023-12-01,03F,4928.125929999998,313.7730000000001
2021-12-01,03F,4136.34843,306.18399999999997
2024-09-01,03F,4495.10634,314.35
2021-07-01,03F,5079.191579999999,304.142
2024-10-01,03F,5179.740609999999,314.50700000000006
2024-01-01,03F,4478.170400000001,314.1190000000001
2022-02-01,03F,4052.0311399999996,306.709
2026-01-01,03F,5766.340679999999,314.21200000000005
2024-03-01,03F,4810.49323,314.577
2026-02-01,03F,6338.622599999999,313.98900000000003
2022-10-01,03F,6649.03608,307.56899999999996
2025-07-01,03F,6441.73288,314.49899999999997
2021-09-01,03F,4000.062040000001,304.248
2023-04-01,03F,4315.4588300000005,311.03299999999996
2023-11-01,03F,4807.138140000001,313.1249999999999
2025-01-01,03F,4859.50096,314.92299999999994
2023-01-01,03F,6415.869860000001,309.94799999999987
2021-11-01,03F,4791.922479999999,305.135
2026-03-01,03F,4995.292359999999,313.6189999999999
2024-07-01,03F,5372.8162999999995,314.498
2021-08-01,03F,4793.015470000001,304.299
2023-02-01,03F,4504.814700000001,310.28599999999994
2025-05-01,03F,4607.6211299999995,314.70400000000006
2023-06-01,03F,4436.729549999999,311.3949999999999
2022-07-01,03F,4919.8490999999985,306.95400000000006
2023-09-01,03F,4737.99826,311.53999999999996
2022-05-01,03F,5449.823849999999,306.959
2025-12-01,03H,3427.9123599999994,174.66
2022-09-01,03H,2836.94665,172.14599999999996
2023-07-01,03H,2293.93935,172.90800000000002
2023-02-01,03H,2759.9142499999994,172.42899999999992
2022-07-01,03H,1994.70278,172.01099999999997
2022-05-01,03H,1997.89311,171.75599999999997
2023-11-01,03H,2179.3129400000003,173.25600000000003
2026-01-01,03H,3784.1075700000006,174.669
2024-07-01,03H,2886.04703,174.43300000000002
2024-11-01,03H,2503.1357800000005,174.72
2025-08-01,03H,3655.46399,174.68800000000002
2024-03-01,03H,1959.0171500000001,173.89000000000004
2023-05-01,03H,1911.8666,172.66200000000006
2022-02-01,03H,1696.1803799999998,171.68200000000002
2024-09-01,03H,2373.73579,174.713
2022-03-01,03H,2248.7468400000002,171.72500000000002
2024-08-01,03H,2566.0706600000003,174.652
2022-01-01,03H,1839.0777400000002,171.53600000000006
2026-04-01,03H,3485.0712999999996,174.56100000000004
2024-04-01,03H,2202.38651,173.90800000000002
2025-09-01,03H,2640.2047500000003,174.791
2021-09-01,03H,1856.7689899999998,171.22799999999998
2026-03-01,03H,4176.2186,174.482
2025-11-01,03H,3194.21713,174.76099999999997
2025-03-01,03H,2318.32936,174.601
2021-07-01,03H,1837.99885,170.98900000000003
2025-10-01,03H,4331.46614,174.751
2025-01-01,03H,2698.46432,174.71500000000003
2024-05-01,03H,2706.40891,174.18199999999996
2022-06-01,03H,2476.37701,171.853
2023-08-01,03H,1235.60448,173.03299999999996
2022-08-01,03H,1871.3214300000002,172.09500000000003
2023-10-01,03H,2966.3935,173.224
2023-06-01,03H,2938.52175,172.81900000000005
2021-08-01,03H,1653.58926,171.064
2021-10-01,03H,1820.40865,171.18799999999996
2023-09-01,03H,2088.3056699999997,173.15599999999998
2023-03-01,03H,2259.0365800000004,172.55400000000006
2026-02-01,03H,3549.1118,174.48699999999994
2025-06-01,03H,3022.50521,174.70999999999998
2025-07-01,03H,3027.0272599999994,174.64300000000003
2022-04-01,03H,2036.10417,171.73499999999999
2021-06-01,03H,2639.07045,170.74599999999998
2022-10-01,03H,2111.8200900000006,172.07100000000003
2021-11-01,03H,1866.9288800000002,171.32899999999998
2024-12-01,03H,3115.21252,174.703
2023-12-01,03H,2250.24084,173.417
2023-04-01,03H,1733.8959499999994,172.57
2026-06-01,03H,4573.029980000001,174.55999999999997
2021-12-01,03H,1727.63972,171.45299999999997
2024-02-01,03H,2088.9302800000005,173.69599999999994
2022-11-01,03H,2349.9720899999998,172.181
2022-12-01,03H,2008.94109,172.352
2024-06-01,03H,2268.7183800000003,174.28100000000006
2025-02-01,03H,1786.16689,174.67200000000003
2026-05-01,03H,4412.272489999999,174.64999999999995
2024-01-01,03H,2130.92355,173.58700000000002
2025-04-01,03H,2995.5783,174.69200000000004
2025-05-01,03H,2208.7066600000003,174.68199999999993
2023-01-01,03H,2985.9991899999995,172.36400000000003
2024-10-01,03H,3103.453929999999,174.691
2024-11-01,03K,3612.007989999999,185.66600000000003
2023-04-01,03K,2508.55832,183.812
2021-06-01,03K,2990.8402900000006,182.779
2026-05-01,03K,4471.883529999999,184.72100000000006
2021-12-01,03K,3280.3851099999997,183.49300000000002
2026-01-01,03K,3216.56067,185.32799999999997
2022-08-01,03K,3068.20248,183.78100000000003
2023-10-01,03K,3668.7142099999996,184.34599999999998
2024-07-01,03K,4088.1184500000004,185.223
2024-06-01,03K,3563.6026200000006,185.01400000000004
2022-04-01,03K,3250.9562,183.81599999999997
2025-08-01,03K,4117.753250000001,185.722
2026-03-01,03K,2922.82315,184.83700000000002
2023-01-01,03K,3257.2636800000005,183.84799999999996
2025-02-01,03K,2490.43795,185.724
2025-04-01,03K,3407.7933000000003,185.702
2022-01-01,03K,2676.16768,183.59300000000002
2026-06-01,03K,2927.3579200000004,184.452
2023-07-01,03K,3677.9087599999993,184.00099999999995
2022-10-01,03K,2507.47264,183.842
2022-02-01,03K,2469.7857499999996,183.73200000000003
2023-06-01,03K,3008.78638,183.86699999999996
2022-03-01,03K,2815.50415,183.79100000000003
2026-02-01,03K,2834.4564000000005,185.03300000000002
2023-03-01,03K,2912.61293,183.786
2024-08-01,03K,3844.9449900000004,185.396
2025-07-01,03K,4257.78203,185.722
2025-06-01,03K,3280.48665,185.764
2024-02-01,03K,3337.04436,184.641
2023-02-01,03K,2339.40365,183.76600000000002
2024-09-01,03K,3232.575660000001,185.55999999999997
2023-05-01,03K,3249.3029800000004,183.79499999999993
2022-09-01,03K,3030.1400099999996,183.833
2026-04-01,03K,3540.0388099999996,184.909
2025-12-01,03K,3316.4740899999997,185.38600000000002
2025-11-01,03K,3273.7099,185.55
2024-04-01,03K,3326.97652,184.77700000000004
2024-03-01,03K,2862.0028199999992,184.72199999999998
2024-01-01,03K,3377.0292500000005,184.413
2025-09-01,03K,3129.52179,185.76100000000002
2022-05-01,03K,2546.63803,183.74900000000002
2022-11-01,03K,3187.891429999999,183.86499999999998
2023-08-01,03K,3156.21258,184.235
2023-11-01,03K,3560.7606399999995,184.22600000000003
2025-03-01,03K,2847.11312,185.69800000000004
2024-10-01,03K,3454.19634,185.58299999999997
2021-08-01,03K,2516.63479,183.16499999999996
2025-10-01,03K,4417.66972,185.61700000000002
2023-09-01,03K,3980.29968,184.349
2022-07-01,03K,2783.0807099999997,183.78900000000004
2021-07-01,03K,2739.1518899999996,182.977
2022-06-01,03K,3181.6751999999997,183.809
2025-05-01,03K,3389.11912,185.69800000000004
2021-11-01,03K,2800.2224900000006,183.44799999999998
2025-01-01,03K,3594.1242200000006,185.65699999999998
2024-05-01,03K,3848.90623,184.93200000000002
2023-12-01,03K,3473.3430500000004,184.38799999999995
2021-10-01,03K,2737.21988,183.42299999999997
2022-12-01,03K,3170.9513899999997,183.86499999999998
2021-09-01,03K,2367.5002200000004,183.406
2024-12-01,03K,3273.0543000000007,185.72499999999997
2023-10-01,03Q,2541.614310000001,250.23700000000002
2023-07-01,03Q,1661.9928600000003,250.84400000000002
2023-11-01,03Q,1670.59118,251.485
2022-09-01,03Q,2944.0538899999997,247.524
2024-05-01,03Q,2898.8422399999995,251.69199999999998
2022-10-01,03Q,2644.6268600000003,247.87200000000004
2025-11-01,03Q,2346.7352,250.05499999999998
2026-02-01,03Q,2257.21755,249.26300000000003
2025-02-01,03Q,1627.23433,252.49499999999998
2025-04-01,03Q,2001.91359,251.568
2024-10-01,03Q,2538.8220699999997,251.27999999999997
2021-06-01,03Q,3275.0956300000003,249.624
2022-03-01,03Q,2285.82184,251.235
2025-09-01,03Q,3021.1011900000008,248.40400000000005
2023-08-01,03Q,1854.67827,250.317
2024-11-01,03Q,2243.1856800000005,252.678
2023-06-01,03Q,2308.29887,251.03300000000002
2024-09-01,03Q,2062.19536,250.32299999999998
2024-08-01,03Q,2101.41594,250.497
2026-01-01,03Q,2661.6183300000002,249.902
2022-01-01,03Q,2008.6502900000005,251.05800000000002
2021-09-01,03Q,2499.26228,248.17600000000002
2022-02-01,03Q,2387.05374,251.166
2023-01-01,03Q,2955.99944,250.696
2021-10-01,03Q,2606.24075,248.024
2024-07-01,03Q,2450.2385600000002,251.076
2022-06-01,03Q,2430.1442300000003,250.347
2023-02-01,03Q,1704.6403500000001,250.979
2024-04-01,03Q,2303.11416,251.81900000000002
2022-11-01,03Q,2900.72633,249.25699999999995
2022-04-01,03Q,2803.86298,251.03199999999998
2021-07-01,03Q,2933.43388,249.47899999999998
2026-06-01,03Q,2856.4420800000003,247.60999999999999
2022-07-01,03Q,2727.0484,248.03
2025-08-01,03Q,3108.7090600000006,248.82700000000003
2021-11-01,03Q,2251.66894,250.08000000000004
2023-05-01,03Q,2497.45597,251.00900000000001
2026-05-01,03Q,1965.3180200000002,248.2
2022-05-01,03Q,2481.1631899999998,250.85700000000003
2024-03-01,03Q,2014.11324,252.348
2025-10-01,03Q,2669.8929700000003,249.87099999999998
2026-03-01,03Q,2473.0415799999996,248.90300000000002
2023-03-01,03Q,1959.6222999999998,251.104
2025-12-01,03Q,3026.62987,250.18999999999997
2023-09-01,03Q,1733.4418099999996,249.775
2023-12-01,03Q,1807.4041300000004,252.75799999999995
2024-02-01,03Q,2100.6605500000005,252.961
2025-03-01,03Q,1803.65362,251.966
2025-06-01,03Q,2769.2316800000003,250.939
2021-12-01,03Q,2886.24105,251.2
2025-07-01,03Q,3008.10792,250.08400000000006
2024-01-01,03Q,1456.15985,253.007
2022-12-01,03Q,1866.17015,250.13299999999998
2021-08-01,03Q,2321.4709100000005,248.98500000000004
2022-08-01,03Q,2657.7167099999997,247.60100000000003
2024-12-01,03Q,2978.43428,253.12099999999995
2025-01-01,03Q,2044.17342,253.16099999999997
2024-06-01,03Q,1477.58665,251.56799999999998
2023-04-01,03Q,1492.3621600000001,251.062
2026-04-01,03Q,2385.0440399999998,248.57100000000003
2025-05-01,03Q,2041.2272599999997,251.301
2024-09-01,42D,7025.186130000001,566.4650000000001
2025-09-01,42D,8471.52274,570.7509999999999
2024-04-01,42D,5690.28629,563.7310000000001
2025-08-01,42D,8485.109489999997,570.437
2026-01-01,42D,7929.80635,570.583
2021-08-01,42D,4297.83622,551.9480000000002
2021-10-01,42D,4122.455620000001,552.7389999999999
2024-06-01,42D,6137.1878000000015,564.703
2023-02-01,42D,4612.38075,559.356
2026-05-01,42D,8550.13986,569.795
2023-03-01,42D,4982.953240000002,559.687
2022-11-01,42D,5896.76906,558.3920000000003
2021-09-01,42D,5460.958779999999,552.4350000000001
2025-04-01,42D,7478.794859999997,568.8030000000002
2026-02-01,42D,7714.085820000001,570.319
2023-07-01,42D,6500.053350000001,561.141
2025-07-01,42D,9025.81067,569.7719999999999
2021-07-01,42D,5007.791769999999,551.076
2023-08-01,42D,5028.465179999998,561.7499999999999
2021-06-01,42D,5225.41683,550.247
2024-03-01,42D,5864.127249999999,563.6
2023-09-01,42D,4676.9616399999995,562.2379999999997
2025-05-01,42D,6174.021640000001,569.1189999999998
2025-06-01,42D,7862.34355,569.3069999999999
2022-09-01,42D,5841.46221,557.572
2022-05-01,42D,5714.6666,554.8599999999999
2022-10-01,42D,5954.499070000001,557.905
2023-05-01,42D,4240.298229999999,560.2340000000002
2024-01-01,42D,4968.327810000002,563.043
2023-11-01,42D,6126.4171400000005,562.723
2025-01-01,42D,7003.5329299999985,567.903
2025-11-01,42D,7453.0158599999995,570.7810000000002
2024-08-01,42D,6278.271029999998,566.0870000000002
2024-11-01,42D,6747.28611,567.3139999999999
2023-10-01,42D,5468.98583,562.3089999999999
2024-10-01,42D,7277.095299999999,567.0070000000001
2024-05-01,42D,6794.973360000003,564.2880000000002
2022-02-01,42D,4531.441810000001,554.057
2025-02-01,42D,5736.866980000002,568.3359999999997
2022-01-01,42D,4885.11852,553.8369999999999
2026-06-01,42D,9718.416860000003,569.392
2021-11-01,42D,5286.008780000003,552.8250000000002
2026-04-01,42D,8489.00452,569.9679999999998
2022-04-01,42D,4998.28631,554.414
2025-03-01,42D,6225.39794,568.444
2022-07-01,42D,4725.15353,556.0930000000002
2023-06-01,42D,5912.151289999999,560.5589999999999
2022-06-01,42D,4881.104399999998,555.6559999999998
2023-12-01,42D,5268.394150000002,562.864
2023-04-01,42D,3833.4006899999995,559.961
2023-01-01,42D,6528.911240000001,558.884
2025-10-01,42D,8767.66565,570.8609999999999
2022-12-01,42D,5160.075599999998,558.8129999999999
2025-12-01,42D,9595.45825,570.8230000000001
2022-03-01,42D,4935.653970000001,554.328
2026-03-01,42D,7108.026939999999,570.0449999999996
2024-02-01,42D,5896.066870000001,563.3770000000003
2021-12-01,42D,4785.4190100000005,553.508
2024-12-01,42D,8722.645299999996,567.5980000000001
2024-07-01,42D,6978.79326,565.313
2022-08-01,42D,6318.858830000001,556.7849999999999
2025-06-01,10R,3073.9635500000004,235.51500000000004
2022-01-01,10R,3253.2381199999995,230.39499999999995
2025-07-01,10R,3341.55762,235.32100000000003
2025-12-01,10R,4019.7957600000004,234.704
2024-09-01,10R,2781.82139,235.14399999999998
2024-04-01,10R,1906.32379,235.88400000000001
2022-03-01,10R,2497.39429,230.616
2021-07-01,10R,4832.09498,230.08499999999998
2026-05-01,10R,3201.9018800000003,232.558
2026-04-01,10R,3970.5436,232.901
2024-05-01,10R,3451.19288,236.017
2025-11-01,10R,3148.44153,234.699
2023-05-01,10R,2215.67722,233.97200000000004
2023-07-01,10R,2068.2637799999998,234.18999999999997
2024-02-01,10R,1886.09986,235.989
2023-11-01,10R,2652.70203,235.30799999999994
2022-11-01,10R,3906.018139999999,231.704
2022-08-01,10R,3189.06313,230.828
2022-10-01,10R,3393.3485200000005,231.05499999999998
2025-02-01,10R,1997.07149,235.722
2024-11-01,10R,2492.50666,235.86999999999998
2024-10-01,10R,3342.07332,235.35
2021-08-01,10R,2793.09168,229.916
2023-02-01,10R,2004.5052699999999,232.886
2024-07-01,10R,2767.2871700000005,235.583
2021-11-01,10R,3362.13259,229.544
2025-05-01,10R,2384.5398000000005,235.624
2025-04-01,10R,3080.38829,235.82699999999997
2021-06-01,10R,3909.78759,230.162
2021-10-01,10R,3213.4369699999997,228.76199999999997
2023-01-01,10R,2562.3823300000004,232.289
2026-02-01,10R,3597.40921,233.689
2022-02-01,10R,2550.48723,230.38900000000004
2023-08-01,10R,2392.3913900000002,234.197
2021-12-01,10R,3088.9934700000003,230.119
2023-04-01,10R,1559.4061800000002,233.87599999999998
2024-06-01,10R,2746.9498700000004,235.767
2025-01-01,10R,3217.3892,235.83399999999997
2022-04-01,10R,3274.26694,231.11900000000003
2023-12-01,10R,3133.5055999999995,235.67900000000003
2026-03-01,10R,3411.9831099999997,233.08200000000002
2026-01-01,10R,4471.82882,234.35399999999998
2022-05-01,10R,2554.3949,231.03900000000004
2024-08-01,10R,2882.86379,235.36800000000002
2026-06-01,10R,4950.95816,231.92699999999996
2021-09-01,10R,4355.02291,229.513
2023-06-01,10R,2356.91692,234.017
2022-06-01,10R,2588.73438,231.044
2025-09-01,10R,3287.41361,234.13500000000002
2022-12-01,10R,2422.6162099999997,232.339
2023-03-01,10R,3298.4961,233.376
2025-10-01,10R,3117.7555700000003,234.41400000000002
2022-07-01,10R,3980.7897199999998,230.92200000000003
2022-09-01,10R,3242.27414,230.653
2024-01-01,10R,2864.1937799999996,235.817
2024-12-01,10R,3181.8125600000003,235.99800000000005
2025-08-01,10R,3320.2666299999996,235.00300000000001
2023-09-01,10R,3016.47703,234.03700000000003
2023-10-01,10R,2919.7979000000005,234.401
2025-03-01,10R,3113.86194,235.74499999999998
2024-03-01,10R,2680.9275600000005,236.06099999999998
2021-11-01,D4U1Y,0.0,0.0
2024-04-01,D4U1Y,0.0,0.0
2025-06-01,D4U1Y,0.0,0.0
2023-05-01,D4U1Y,0.0,0.0
2024-06-01,D4U1Y,0.0,0.0
2025-11-01,D4U1Y,0.0,0.0
2024-11-01,D4U1Y,0.0,0.0
2024-03-01,D4U1Y,0.0,0.0
2025-05-01,D4U1Y,0.0,0.0
2023-04-01,D4U1Y,0.0,0.0
2024-07-01,D4U1Y,0.0,0.0
2024-01-01,D4U1Y,0.0,0.0
2023-11-01,D4U1Y,0.0,0.0
2026-05-01,D4U1Y,0.0,0.0
2026-04-01,D4U1Y,0.0,0.0
2023-07-01,D4U1Y,0.0,0.0
2023-06-01,D4U1Y,0.0,0.0
2023-02-01,D4U1Y,0.0,0.0
2023-12-01,D4U1Y,0.0,0.0
2022-12-01,D4U1Y,0.0,0.0
2025-02-01,D4U1Y,0.0,0.0
2026-02-01,D4U1Y,0.0,0.0
2022-11-01,D4U1Y,0.0,0.0
2025-03-01,D4U1Y,0.0,0.0
2023-09-01,D4U1Y,0.0,0.0
2024-12-01,D4U1Y,0.0,0.0
2021-09-01,D4U1Y,0.0,0.0
2022-03-01,D4U1Y,0.0,0.0
2021-07-01,D4U1Y,0.0,0.0
2022-06-01,D4U1Y,0.0,0.0
2024-10-01,D4U1Y,0.0,0.0
2021-08-01,D4U1Y,0.0,0.0
2022-10-01,D4U1Y,0.0,0.0
2026-06-01,D4U1Y,0.0,0.0
2026-03-01,D4U1Y,0.0,0.0
2024-05-01,D4U1Y,0.0,0.0
2025-09-01,D4U1Y,0.0,0.0
2024-09-01,D4U1Y,0.0,0.0
2022-01-01,D4U1Y,0.0,0.0
2022-02-01,D4U1Y,0.0,0.0
2023-10-01,D4U1Y,0.0,0.0
2022-05-01,D4U1Y,0.0,0.0
2023-08-01,D4U1Y,0.0,0.0
2025-04-01,D4U1Y,0.0,0.0
2021-10-01,D4U1Y,0.0,0.0
2022-04-01,D4U1Y,0.0,0.0
2026-01-01,D4U1Y,0.0,0.0
2025-12-01,D4U1Y,0.0,0.0
2024-02-01,D4U1Y,0.0,0.0
2023-03-01,D4U1Y,0.0,0.0
2025-10-01,D4U1Y,0.0,0.0
2021-12-01,D4U1Y,0.0,0.0
2022-09-01,D4U1Y,0.0,0.0
2025-01-01,D4U1Y,0.0,0.0
2021-06-01,D4U1Y,0.0,0.0
2022-07-01,D4U1Y,0.0,0.0
2025-07-01,D4U1Y,0.0,0.0
2022-08-01,D4U1Y,0.0,0.0
2023-01-01,D4U1Y,0.0,0.0
2025-08-01,D4U1Y,0.0,0.0
2024-08-01,D4U1Y,0.0,0.0
2023-10-01,D9Y0V,25568.829140000005,1908.7519999999995
2025-10-01,D9Y0V,29493.516620000002,1932.8149999999998
2025-02-01,D9Y0V,22066.788660000013,1930.7220000000004
2021-08-01,D9Y0V,21319.977730000002,1881.2369999999994
2022-09-01,D9Y0V,25351.051890000002,1901.2479999999998
2022-04-01,D9Y0V,22533.062550000006,1893.739
2024-10-01,D9Y0V,25002.82353,1928.1779999999994
2025-07-01,D9Y0V,29028.767699999986,1930.6410000000012
2022-02-01,D9Y0V,18820.652910000008,1892.7730000000006
2025-09-01,D9Y0V,31935.645680000005,1930.2369999999994
2026-06-01,D9Y0V,32657.554800000005,1923.1629999999998
2025-12-01,D9Y0V,31283.37949,1931.6560000000009
2025-03-01,D9Y0V,23464.65667,1930.2390000000003
2022-11-01,D9Y0V,23785.62693999999,1909.3750000000005
2022-06-01,D9Y0V,22330.39549000001,1896.4629999999995
2022-05-01,D9Y0V,23307.12921,1894.9070000000002
2025-08-01,D9Y0V,28484.508039999986,1930.6960000000008
2024-04-01,D9Y0V,23057.445110000004,1918.6509999999998
2024-11-01,D9Y0V,23548.08112,1930.203
2022-03-01,D9Y0V,22108.125010000003,1893.640999999999
2023-08-01,D9Y0V,21524.551680000004,1903.6320000000003
2023-05-01,D9Y0V,21107.753810000013,1917.142
2021-10-01,D9Y0V,18643.225759999998,1883.5419999999997
2021-06-01,D9Y0V,21400.67942,1877.7469999999998
2022-01-01,D9Y0V,21958.898429999997,1891.3890000000001
2023-11-01,D9Y0V,22535.53397,1913.4400000000003
2023-07-01,D9Y0V,25107.554900000006,1920.5299999999995
2024-09-01,D9Y0V,22808.946740000003,1924.7620000000004
2021-09-01,D9Y0V,21794.589190000006,1881.4669999999996
2024-08-01,D9Y0V,22541.071099999994,1923.9710000000002
2023-12-01,D9Y0V,22441.952370000003,1915.254999999999
2026-02-01,D9Y0V,24538.81702999999,1928.1189999999995
2023-01-01,D9Y0V,21092.226599999995,1911.7819999999997
2023-03-01,D9Y0V,26250.523429999997,1914.9979999999994
2021-11-01,D9Y0V,20658.022269999994,1886.8039999999992
2025-06-01,D9Y0V,28143.686930000007,1930.4599999999996
2024-12-01,D9Y0V,26597.518400000004,1930.5610000000001
2023-02-01,D9Y0V,19739.97815000001,1912.815
2021-12-01,D9Y0V,22590.310490000007,1889.4459999999997
2022-07-01,D9Y0V,23029.72560000001,1898.1009999999999
2024-07-01,D9Y0V,23013.501130000008,1922.649
2026-01-01,D9Y0V,29683.08165000001,1930.3259999999998
2024-05-01,D9Y0V,24283.579830000002,1920.489000000001
2025-01-01,D9Y0V,22318.464710000007,1930.566
2022-12-01,D9Y0V,23378.79973,1911.4909999999993
2024-06-01,D9Y0V,22369.15967,1921.6680000000003
2025-11-01,D9Y0V,26440.138980000014,1932.5370000000003
2026-05-01,D9Y0V,30047.522040000003,1925.1510000000007
2026-03-01,D9Y0V,25793.695030000006,1926.6080000000002
2021-07-01,D9Y0V,22762.770249999994,1880.5410000000006
2024-02-01,D9Y0V,23101.479539999997,1917.2590000000002
2023-06-01,D9Y0V,24972.237640000007,1918.752
2022-10-01,D9Y0V,24694.94230000002,1904.8179999999993
2023-09-01,D9Y0V,23488.43783,1904.9329999999995
2024-03-01,D9Y0V,22121.58345999999,1917.8349999999982
2023-04-01,D9Y0V,17679.86702,1915.9319999999998
2026-04-01,D9Y0V,28875.189979999996,1925.6390000000001
2025-04-01,D9Y0V,22458.955290000005,1930.2259999999997
2024-01-01,D9Y0V,24924.21094,1915.812
2022-08-01,D9Y0V,26639.13908999999,1899.5690000000002
2025-05-01,D9Y0V,23019.747089999997,1930.5109999999997
2021-12-01,02Q,1594.95682,121.53599999999999
2026-05-01,02Q,2663.5739399999998,125.334
2023-12-01,02Q,2000.1115599999998,125.753
2025-11-01,02Q,1770.92097,128.97
2021-09-01,02Q,1397.4792499999999,121.231
2024-08-01,02Q,2118.5964699999995,127.22999999999999
2021-11-01,02Q,1642.91264,121.41299999999998
2026-01-01,02Q,3298.3650700000003,129.00400000000002
2025-04-01,02Q,1638.0172499999999,128.168
2023-01-01,02Q,1374.24012,123.708
2023-09-01,02Q,1389.3345700000002,125.22199999999998
2022-04-01,02Q,1885.78241,122.10099999999997
2023-04-01,02Q,1389.09663,124.247
2026-06-01,02Q,3396.1279500000005,128.889
2024-06-01,02Q,1717.2441300000003,126.78599999999999
2021-06-01,02Q,2083.5653999999995,120.668
2023-06-01,02Q,1478.06519,124.57
2021-08-01,02Q,1138.92199,121.08
2025-08-01,02Q,2164.8225700000003,128.75300000000001
2023-05-01,02Q,1356.2592399999999,124.43
2022-01-01,02Q,1514.1970199999998,121.699
2023-07-01,02Q,1854.45051,124.71799999999999
2025-12-01,02Q,2538.2712800000004,129.011
2022-10-01,02Q,1547.2332099999999,123.2
2024-12-01,02Q,2627.8287100000002,127.837
2024-02-01,02Q,1880.98184,126.02999999999999
2024-05-01,02Q,1458.80904,126.63999999999999
2025-10-01,02Q,2209.50806,128.933
2024-09-01,02Q,1593.6133800000002,127.47200000000004
2025-03-01,02Q,1421.68642,128.132
2025-06-01,02Q,2006.2292599999998,128.41500000000002
2023-10-01,02Q,1744.1169900000002,125.40899999999999
2021-10-01,02Q,1116.52882,121.33099999999999
2022-12-01,02Q,1673.9859500000002,123.58300000000001
2022-11-01,02Q,1796.5660299999997,123.363
2022-09-01,02Q,1573.07039,123.04899999999999
2023-11-01,02Q,1829.75309,125.61399999999999
2022-03-01,02Q,1508.02355,121.997
2022-07-01,02Q,1360.1377200000002,122.616
2026-02-01,02Q,2320.3221,128.975
2024-10-01,02Q,1874.85969,127.598
2024-11-01,02Q,1884.3327199999999,127.723
2023-03-01,02Q,1688.3254500000003,124.06099999999999
2023-02-01,02Q,1591.5645200000001,123.88799999999999
2025-09-01,02Q,1766.8836600000002,128.853
2025-01-01,02Q,1636.30892,127.96799999999999
2022-08-01,02Q,2023.5734999999997,122.824
2022-05-01,02Q,1478.0332899999999,122.204
2021-07-01,02Q,1548.0803300000002,120.894
2022-02-01,02Q,1479.38619,121.847
2025-07-01,02Q,1999.3430500000002,128.549
2025-05-01,02Q,1813.9090300000003,128.295
2023-08-01,02Q,1612.27628,125.00600000000001
2024-07-01,02Q,1720.52316,126.94300000000001
2022-06-01,02Q,1974.44592,122.423
2024-01-01,02Q,1307.76029,125.869
2026-04-01,02Q,3057.1771700000004,128.883
2024-03-01,02Q,1632.40044,126.231
2026-03-01,02Q,2686.9821600000005,128.88800000000003
2024-04-01,02Q,1851.9953000000003,126.361
2025-02-01,02Q,1848.24052,128.022
2025-01-01,52R,17240.693390000008,1155.074
2026-04-01,52R,20968.526720000005,1153.8900000000006
2022-12-01,52R,17157.739789999996,1134.3770000000002
2022-01-01,52R,15170.895659999998,1117.7190000000003
2022-03-01,52R,16032.488729999997,1119.2540000000001
2022-09-01,52R,16141.551130000002,1120.808
2024-03-01,52R,16036.09322,1145.618
2023-11-01,52R,17883.747950000008,1141.4659999999997
2025-09-01,52R,19806.03821,1152.093
2022-10-01,52R,17354.36538,1129.007
2024-02-01,52R,14644.490079999996,1145.156
2021-12-01,52R,17696.666480000007,1116.5180000000003
2025-03-01,52R,13437.20877,1155.2259999999992
2024-07-01,52R,18834.726909999998,1146.7149999999995
2025-07-01,52R,23868.768249999994,1153.5129999999995
2023-01-01,52R,17983.39883999999,1135.067
2023-12-01,52R,16696.16293,1143.2099999999996
2024-01-01,52R,16036.544119999997,1143.9400000000005
2024-05-01,52R,19315.980190000002,1147.1669999999992
2022-08-01,52R,17254.93683,1120.467
2024-06-01,52R,17257.192509999993,1147.1430000000003
2025-12-01,52R,22217.67251,1158.5480000000002
2023-06-01,52R,21516.20627,1137.6909999999996
2022-05-01,52R,15645.715149999996,1120.2810000000004
2021-10-01,52R,15823.89517,1111.7540000000001
2024-12-01,52R,20321.6123,1155.586
2024-09-01,52R,16235.451789999994,1146.109
2026-03-01,52R,17823.82866,1154.7900000000009
2023-07-01,52R,17074.160599999996,1136.9990000000007
2022-06-01,52R,14486.034169999995,1120.971
2023-02-01,52R,16155.426570000001,1135.8259999999998
2024-11-01,52R,18784.143109999997,1155.259
2022-02-01,52R,15965.54861,1118.498
2022-04-01,52R,16267.50955,1120.2890000000002
2025-08-01,52R,18884.340179999996,1152.461999999999
2023-08-01,52R,16945.156869999995,1135.2940000000006
2021-07-01,52R,16621.773100000002,1104.0359999999998
2023-10-01,52R,16966.817310000006,1137.6930000000004
2025-10-01,52R,20365.533710000003,1158.303
2023-09-01,52R,17389.635560000002,1131.8509999999999
2026-06-01,52R,22378.369869999995,1147.9630000000002
2021-08-01,52R,14467.363189999993,1101.9810000000002
2026-02-01,52R,19233.4154,1155.9090000000006
2022-07-01,52R,14998.460729999997,1120.928
2026-05-01,52R,21693.367189999994,1150.8229999999999
2024-10-01,52R,16105.247929999998,1152.7630000000001
2026-01-01,52R,21804.60759999998,1157.507999999999
2025-05-01,52R,18388.000999999997,1154.92
2024-04-01,52R,17297.132519999992,1146.1969999999997
2021-09-01,52R,16184.390749999999,1102.148
2025-06-01,52R,17622.316399999992,1154.474
2025-04-01,52R,17107.076970000002,1155.1560000000002
2025-11-01,52R,20110.523199999996,1158.9860000000003
2024-08-01,52R,19367.479039999995,1146.5740000000003
2021-11-01,52R,17860.553369999994,1114.7470000000005
2023-03-01,52R,18069.853479999998,1136.4169999999995
2025-02-01,52R,14865.204249999995,1155.2999999999997
2023-05-01,52R,18494.83911,1137.3960000000002
2022-11-01,52R,15819.98724,1132.6910000000003
2023-04-01,52R,14519.98884,1137.2349999999994
2021-06-01,52R,17237.188490000004,1104.3080000000002
2025-12-01,02T,1441.7251299999996,225.84699999999998
2025-10-01,02T,1075.3228900000001,225.98699999999997
2024-02-01,02T,1542.8730799999998,224.344
2022-03-01,02T,1309.47205,222.38600000000002
2025-03-01,02T,1078.34939,225.685
2023-11-01,02T,1434.99367,224.232
2026-01-01,02T,1088.7316999999998,225.79
2025-08-01,02T,909.06026,225.91600000000003
2023-01-01,02T,1546.42884,223.159
2024-06-01,02T,1384.44239,224.93700000000004
2023-08-01,02T,1177.10397,223.874
2022-10-01,02T,1556.1313000000002,223.03400000000002
2024-08-01,02T,1451.8497799999998,225.26700000000002
2024-11-01,02T,1302.6166600000001,225.57500000000002
2023-10-01,02T,1389.0276099999999,224.0709999999999
2022-07-01,02T,1366.6075899999998,222.80900000000003
2026-03-01,02T,944.9492699999998,225.42600000000002
2024-03-01,02T,1550.8616599999998,224.361
2026-02-01,02T,999.99851,225.64299999999997
2024-12-01,02T,1254.14209,225.67499999999998
2026-05-01,02T,1417.2163100000002,225.234
2023-09-01,02T,1871.0804000000003,224.01399999999998
2023-07-01,02T,1638.12371,223.76200000000006
2025-04-01,02T,1061.25515,225.72299999999998
2021-08-01,02T,1577.5553,222.46900000000002
2022-05-01,02T,1086.17972,222.68299999999996
2021-12-01,02T,1119.51097,222.22899999999998
2024-09-01,02T,1744.2483200000001,225.445
2022-06-01,02T,1491.61351,222.712
2025-06-01,02T,1247.8670099999997,225.67000000000002
2024-04-01,02T,1545.27317,224.51500000000001
2023-05-01,02T,1270.65112,223.56999999999996
2021-11-01,02T,1550.0604600000001,222.32599999999994
2025-07-01,02T,1264.4340799999998,225.80699999999993
2025-05-01,02T,1231.03362,225.76100000000002
2025-02-01,02T,1025.18943,225.83700000000002
2024-07-01,02T,1940.0672599999998,225.11399999999998
2025-11-01,02T,911.4672100000001,225.83299999999997
2026-06-01,02T,1036.12325,225.09300000000005
2026-04-01,02T,837.18044,225.28699999999998
2025-01-01,02T,1183.01336,225.73699999999997
2023-12-01,02T,1647.42248,224.26000000000002
2021-10-01,02T,1223.1765300000002,222.37599999999995
2022-04-01,02T,1525.3839199999998,222.57899999999995
2023-06-01,02T,1663.17858,223.573
2024-05-01,02T,1907.1966799999998,224.81299999999993
2024-01-01,02T,1596.25739,224.233
2022-02-01,02T,1304.39977,222.432
2021-09-01,02T,2031.9908599999997,222.56599999999997
2022-01-01,02T,2241.0697099999998,222.304
2025-09-01,02T,959.4225500000001,226.035
2023-04-01,02T,1096.2915,223.54800000000003
2021-07-01,02T,1295.41048,222.45699999999997
2022-08-01,02T,1733.0173000000002,223.03699999999998
2023-02-01,02T,949.7413300000001,223.288
2022-11-01,02T,1395.09112,223.155
2021-06-01,02T,1969.5903400000002,222.343
2022-12-01,02T,1160.57266,223.18700000000004
2022-09-01,02T,1355.4949400000003,223.10099999999994
2023-03-01,02T,1358.8612799999999,223.469
2024-10-01,02T,1975.4849799999997,225.468
2025-05-01,03R,4812.68153,399.927
2023-04-01,03R,3277.0825400000003,392.391
2023-08-01,03R,4431.747659999999,394.211
2026-02-01,03R,5872.077510000001,400.156
2022-05-01,03R,3688.9919300000006,388.718
2023-05-01,03R,4136.07836,392.78799999999995
2026-03-01,03R,8122.397479999998,399.96900000000005
2024-01-01,03R,4123.657140000001,396.089
2022-10-01,03R,3594.2508500000004,390.562
2025-09-01,03R,6858.035929999998,400.6549999999999
2025-06-01,03R,5793.0241799999985,400.025
2021-10-01,03R,5045.54318,387.26500000000004
2023-06-01,03R,4935.8017999999975,393.205
2024-05-01,03R,5527.816499999999,397.5760000000001
2022-02-01,03R,3810.299110000001,388.0829999999999
2024-04-01,03R,5472.931980000001,397.06899999999996
2023-07-01,03R,4312.4509100000005,393.667
2025-12-01,03R,7208.366779999997,400.61999999999995
2022-08-01,03R,4433.80243,389.7870000000001
2021-08-01,03R,3579.57346,386.71799999999996
2025-03-01,03R,5390.759190000001,399.71799999999996
2025-08-01,03R,5443.507570000001,400.40399999999994
2024-11-01,03R,5337.657449999999,399.1760000000001
2024-07-01,03R,5644.488699999999,398.4809999999999
2023-10-01,03R,4489.957350000001,395.067
2022-11-01,03R,4944.160579999999,390.888
2022-12-01,03R,4935.449960000001,391.1399999999999
2023-11-01,03R,4722.41282,395.57499999999993
2024-09-01,03R,5582.621790000001,399.089
2024-12-01,03R,6462.828330000002,399.36199999999997
2023-09-01,03R,4918.08259,394.66200000000003
2022-03-01,03R,4093.8107299999997,388.365
2022-04-01,03R,3700.6938399999995,388.5709999999999
2025-04-01,03R,5187.11575,399.859
2026-05-01,03R,6921.1905799999995,399.74599999999987
2026-04-01,03R,7127.56872,399.7870000000001
2025-07-01,03R,5983.044779999999,400.1620000000001
2025-10-01,03R,7209.991840000001,400.73599999999993
2021-06-01,03R,4007.76537,385.872
2025-02-01,03R,5009.288200000001,399.667
2024-02-01,03R,5014.5451600000015,396.4449999999999
2023-03-01,03R,4647.17901,391.9720000000001
2026-06-01,03R,6449.98731,399.45400000000006
2024-10-01,03R,5063.010180000001,399.0409999999998
2024-03-01,03R,4418.52928,396.669
2021-12-01,03R,4043.8482400000007,387.75699999999995
2021-09-01,03R,4047.9076899999995,387.066
2022-07-01,03R,4589.586,389.5270000000001
2025-01-01,03R,6006.448300000001,399.512
2022-01-01,03R,3479.5898800000004,387.856
2025-11-01,03R,5305.179430000002,400.82899999999995
2023-02-01,03R,3498.2507399999995,391.678
2022-06-01,03R,4237.705739999999,389.187
2021-11-01,03R,3763.81419,387.33
2024-08-01,03R,4683.57977,398.91999999999985
2021-07-01,03R,3577.0628899999997,386.438
2026-01-01,03R,7005.67516,400.42
2023-12-01,03R,3987.025240000001,395.785
2022-09-01,03R,3939.636109999999,390.23
2023-01-01,03R,4553.40589,391.344
2024-06-01,03R,4374.5553500000005,398.1039999999999
2022-12-01,15F,13389.955850000004,917.7000000000002
2024-02-01,15F,10949.949440000004,935.91
2023-12-01,15F,10383.846359999996,933.8000000000003
2023-09-01,15F,11446.416469999998,921.5989999999997
2023-04-01,15F,10248.5028,920.6380000000001
2024-04-01,15F,13163.092239999996,936.1149999999996
2026-04-01,15F,13479.855399999993,941.1029999999998
2024-08-01,15F,10211.85845,936.311
2024-05-01,15F,10998.580639999996,937.3859999999999
2023-07-01,15F,12828.071980000006,921.3119999999997
2023-02-01,15F,12587.966970000001,919.1260000000002
2025-01-01,15F,11400.00453,944.391
2022-01-01,15F,12866.611359999999,908.8750000000003
2022-08-01,15F,14053.937099999996,908.7419999999998
2021-12-01,15F,14630.139750000002,907.9760000000001
2023-08-01,15F,11558.895900000001,921.3679999999997
2025-08-01,15F,13750.51444,939.9489999999998
2024-03-01,15F,10600.666040000004,936.2070000000002
2026-06-01,15F,15509.6338,935.759
2022-04-01,15F,12825.895249999998,910.1160000000004
2022-11-01,15F,13186.645590000002,916.1749999999997
2026-05-01,15F,15863.064900000003,938.943
2026-02-01,15F,13583.273469999995,943.6490000000003
2025-04-01,15F,11323.728149999999,944.1179999999999
2021-07-01,15F,12789.27847,898.6599999999999
2026-01-01,15F,14981.848350000002,945.424
2024-12-01,15F,12169.85326,944.5789999999998
2025-03-01,15F,10822.677379999997,944.5230000000003
2023-06-01,15F,12762.412270000003,921.8520000000001
2024-10-01,15F,12408.54418,940.7559999999996
2021-06-01,15F,13728.839769999997,898.0770000000005
2023-05-01,15F,12043.552350000002,920.9399999999998
2025-12-01,15F,15786.052379999996,946.3880000000001
2022-09-01,15F,14972.897580000006,908.4230000000001
2023-10-01,15F,13339.602930000005,926.2859999999997
2023-01-01,15F,13331.466760000001,918.2699999999999
2022-05-01,15F,12360.91817,909.8860000000004
2022-06-01,15F,13925.443409999998,909.779
2021-10-01,15F,12683.345920000003,903.297
2025-06-01,15F,12741.811590000005,942.8490000000004
2025-10-01,15F,13843.215289999996,945.0989999999999
2024-01-01,15F,10887.778260000001,934.8530000000003
2022-02-01,15F,12262.438529999996,909.3939999999996
2021-08-01,15F,13341.06742,898.2620000000001
2021-11-01,15F,15338.722589999998,906.3040000000008
2022-10-01,15F,12863.31395,911.9670000000003
2024-09-01,15F,12012.976740000002,936.206
2025-11-01,15F,12955.164229999995,946.5660000000001
2025-02-01,15F,10900.373749999995,944.7940000000001
2021-09-01,15F,13969.748029999999,898.0779999999996
2023-11-01,15F,11645.17899,930.9919999999998
2024-07-01,15F,13238.726419999997,936.6619999999997
2025-07-01,15F,14053.979269999998,941.0750000000002
2025-09-01,15F,13967.388749999995,938.9560000000004
2026-03-01,15F,12502.313840000003,941.9460000000001
2023-03-01,15F,14099.590069999995,920.538
2024-06-01,15F,11944.016430000001,937.1720000000005
2022-03-01,15F,14193.90323,909.6160000000002
2025-05-01,15F,9202.076599999997,943.2420000000001
2024-11-01,15F,11470.262189999998,943.3670000000002
2022-07-01,15F,13756.603449999997,909.4680000000002
2025-01-01,36J,11188.558769999996,670.0830000000002
2022-06-01,36J,16266.590640000006,650.982
2022-10-01,36J,14207.259359999996,653.2369999999999
2021-08-01,36J,16591.711479999994,647.173
2023-10-01,36J,11226.832590000004,661.0849999999999
2023-05-01,36J,15444.49197,657.911
2023-01-01,36J,16240.0609,655.9090000000002
2023-06-01,36J,17474.227120000007,658.6009999999998
2024-11-01,36J,11728.820189999993,670.0079999999998
2024-12-01,36J,13101.911000000002,670.2119999999999
2023-09-01,36J,13287.719889999998,660.2600000000003
2024-01-01,36J,10258.216939999997,664.0760000000001
2026-05-01,36J,15478.51057,666.4779999999997
2023-11-01,36J,10785.17583,662.0900000000001
2021-09-01,36J,16404.67824,645.4900000000002
2022-12-01,36J,15016.362050000003,655.5580000000001
2023-03-01,36J,15013.540559999998,657.058
2021-06-01,36J,17090.611640000003,646.063
2024-07-01,36J,12747.535360000003,668.1670000000001
2022-01-01,36J,16598.876919999995,647.9699999999999
2024-10-01,36J,12782.074890000002,669.6800000000001
2025-11-01,36J,11220.191399999996,669.5549999999997
2022-08-01,36J,17615.93856,651.8950000000001
2023-12-01,36J,10045.88443,663.1339999999999
2026-04-01,36J,14538.100229999998,667.0759999999999
2023-02-01,36J,14671.775029999999,656.3529999999997
2025-05-01,36J,11063.744660000002,669.6310000000001
2024-03-01,36J,10973.997549999998,665.3259999999999
2024-04-01,36J,10102.358819999998,665.79
2021-11-01,36J,17926.716880000004,646.8510000000002
2025-08-01,36J,11592.626419999997,669.943
2024-09-01,36J,11781.36494,669.2570000000002
2021-12-01,36J,20122.877750000007,647.3159999999999
2026-01-01,36J,13789.94013,668.7090000000001
2022-03-01,36J,15934.938020000001,649.1300000000002
2025-06-01,36J,13540.330440000003,669.7119999999999
2025-04-01,36J,12661.40653,669.5889999999997
2024-05-01,36J,11214.991380000001,667.1250000000003
2026-03-01,36J,14870.743270000003,667.4840000000003
2021-07-01,36J,16662.587910000002,646.9099999999999
2022-11-01,36J,17404.990610000004,654.7639999999999
2023-08-01,36J,11823.77566,660.048
2025-07-01,36J,13822.02808,669.7949999999997
2022-09-01,36J,17766.45164,652.5390000000002
2026-02-01,36J,12709.559119999998,668.171
2025-09-01,36J,12311.486020000002,669.8850000000001
2021-10-01,36J,16401.29427,645.7120000000001
2022-04-01,36J,15469.021079999997,650.021
2023-04-01,36J,13514.15751,657.5790000000001
2025-10-01,36J,13455.076270000001,669.7230000000001
2025-02-01,36J,11324.067679999998,669.8199999999997
2025-12-01,36J,13274.214110000003,669.172
2022-02-01,36J,14692.13353,648.4839999999998
2025-03-01,36J,11964.114309999999,669.6819999999999
2024-02-01,36J,9679.276609999997,664.9699999999999
2024-08-01,36J,12158.91733,668.9859999999998
2026-06-01,36J,15271.518839999999,664.8220000000001
2023-07-01,36J,15124.694949999997,659.3870000000001
2024-06-01,36J,11200.21173,667.7529999999999
2022-07-01,36J,14987.893950000001,651.5380000000001
2022-05-01,36J,16771.72315,650.2900000000002
2023-11-01,X2C4Y,5914.237889999999,457.7020000000001
2022-09-01,X2C4Y,5850.25199,451.68600000000004
2026-02-01,X2C4Y,4349.049800000001,462.06199999999995
2025-05-01,X2C4Y,4375.89929,462.39199999999977
2023-01-01,X2C4Y,4949.80649,453.491
2022-11-01,X2C4Y,6353.79979,452.939
2025-02-01,X2C4Y,5344.460700000002,462.21799999999985
2021-10-01,X2C4Y,4216.799410000001,448.82
2022-08-01,X2C4Y,5465.3512200000005,451.448
2023-10-01,X2C4Y,5437.921920000001,457.02999999999986
2025-08-01,X2C4Y,6524.034020000002,462.524
2024-10-01,X2C4Y,5080.973639999998,461.6400000000001
2021-11-01,X2C4Y,5318.516450000001,448.9060000000001
2023-06-01,X2C4Y,6171.226019999999,455.702
2023-09-01,X2C4Y,5491.476750000002,456.7580000000002
2022-05-01,X2C4Y,5407.01987,450.82300000000004
2022-04-01,X2C4Y,4786.680030000001,450.8619999999999
2025-07-01,X2C4Y,8577.16272,462.51499999999993
2024-03-01,X2C4Y,6355.76193,459.2250000000001
2021-08-01,X2C4Y,4129.87568,448.2549999999998
2024-04-01,X2C4Y,5502.274990000001,459.4710000000002
2024-06-01,X2C4Y,6870.70769,460.238
2024-07-01,X2C4Y,6024.646010000002,460.39199999999994
2024-12-01,X2C4Y,7783.1301699999985,462.11500000000007
2023-12-01,X2C4Y,5423.76004,458.13799999999986
2025-12-01,X2C4Y,7615.064380000002,462.3520000000001
2021-12-01,X2C4Y,4105.965339999999,449.2809999999998
2026-05-01,X2C4Y,5723.8703000000005,461.35000000000014
2022-10-01,X2C4Y,5176.478449999999,452.2610000000001
2026-01-01,X2C4Y,7152.459819999999,462.288
2022-07-01,X2C4Y,5751.25062,451.34600000000006
2023-03-01,X2C4Y,5012.032379999999,454.57099999999997
2022-01-01,X2C4Y,4648.444890000001,449.57300000000015
2024-05-01,X2C4Y,5553.362500000001,459.94699999999995
2025-10-01,X2C4Y,6030.644770000001,462.63300000000015
2022-06-01,X2C4Y,4971.29554,451.1529999999999
2022-03-01,X2C4Y,5547.587600000003,450.4290000000002
2025-06-01,X2C4Y,7166.829419999999,462.5209999999999
2022-12-01,X2C4Y,5053.668209999999,453.408
2023-05-01,X2C4Y,5101.980209999999,455.349
2024-08-01,X2C4Y,4576.749090000001,460.8099999999999
2021-06-01,X2C4Y,5115.932570000001,447.83099999999996
2024-11-01,X2C4Y,5666.122249999999,461.9350000000002
2024-01-01,X2C4Y,5093.1668,458.42400000000004
2026-06-01,X2C4Y,7848.847849999998,460.47599999999983
2025-11-01,X2C4Y,7500.02881,462.54999999999984
2026-04-01,X2C4Y,5710.92672,461.7430000000002
2025-03-01,X2C4Y,4117.27726,462.39600000000013
2022-02-01,X2C4Y,6051.67408,449.8720000000002
2025-04-01,X2C4Y,5540.1099,462.36600000000004
2023-08-01,X2C4Y,6044.63276,456.36799999999994
2023-02-01,X2C4Y,5256.509,454.1000000000001
2023-04-01,X2C4Y,4368.9607399999995,454.9020000000001
2021-09-01,X2C4Y,4973.125329999999,448.4429999999999
2024-02-01,X2C4Y,5576.368380000003,458.8870000000001
2025-01-01,X2C4Y,5561.28104,462.07700000000006
2021-07-01,X2C4Y,6199.6634300000005,448.24
2023-07-01,X2C4Y,5064.968329999999,456.11100000000005
2024-09-01,X2C4Y,6495.054050000002,461.1519999999999
2025-09-01,X2C4Y,6812.969610000001,462.5150000000001
2026-03-01,X2C4Y,7255.203169999998,461.94300000000004
2025-04-01,01F,1916.04891,136.707
2023-02-01,01F,1458.2300500000001,134.964
2021-10-01,01F,2197.9747400000006,135.06300000000002
2025-12-01,01F,2731.96439,136.06799999999998
2023-04-01,01F,1291.58592,135.394
2026-06-01,01F,2489.7202099999995,135.804
2025-06-01,01F,2026.6617599999997,136.616
2024-04-01,01F,1585.90759,136.05599999999998
2026-02-01,01F,2204.0362,135.91400000000002
2023-11-01,01F,2081.01723,136.06900000000002
2024-02-01,01F,1593.6265500000002,136.12
2025-05-01,01F,2129.10698,136.652
2021-09-01,01F,1908.6972999999998,134.894
2022-04-01,01F,1622.62401,135.23
2022-05-01,01F,2595.6401,135.13299999999998
2021-12-01,01F,2269.7112700000002,135.163
2022-02-01,01F,2075.63319,135.23299999999998
2025-11-01,01F,1756.5336999999997,136.12800000000001
2024-05-01,01F,1677.4257299999997,136.20999999999998
2022-12-01,01F,1964.8169000000003,135.011
2026-04-01,01F,2599.58221,135.88499999999996
2021-11-01,01F,2458.0809799999997,135.06799999999998
2025-09-01,01F,2121.7758300000005,136.231
2024-09-01,01F,1536.0164,136.538
2023-07-01,01F,2545.43518,135.774
2026-01-01,01F,2228.1185299999997,135.89100000000002
2024-08-01,01F,1777.5132999999998,136.46699999999998
2022-07-01,01F,1983.24818,135.01700000000002
2023-05-01,01F,1814.46386,135.53300000000004
2025-07-01,01F,2021.07223,136.426
2023-03-01,01F,2007.0713600000001,135.13500000000002
2023-01-01,01F,2142.09306,134.938
2022-01-01,01F,1629.1426999999999,135.183
2025-10-01,01F,2280.8217400000003,136.17000000000004
2025-03-01,01F,1851.01958,136.717
2025-01-01,01F,1358.90927,136.803
2023-08-01,01F,1656.07965,135.83600000000004
2025-02-01,01F,2134.7054399999997,136.783
2022-11-01,01F,2411.8180400000006,134.97
2023-10-01,01F,1868.22699,135.993
2024-03-01,01F,1548.9454800000003,136.11700000000002
2026-03-01,01F,2172.61274,135.86399999999998
2023-06-01,01F,1909.1043200000001,135.684
2022-10-01,01F,2020.79641,135.01399999999998
2021-08-01,01F,1703.19032,134.654
2024-06-01,01F,1253.2658500000002,136.287
2024-12-01,01F,1867.1875499999996,136.77200000000002
2025-08-01,01F,2358.7275500000005,136.31799999999998
2023-09-01,01F,2017.96673,135.918
2023-12-01,01F,1236.5113099999999,136.05100000000002
2022-08-01,01F,2148.1310200000003,135.001
2026-05-01,01F,1968.30776,135.899
2022-06-01,01F,2421.2977499999997,135.05
2024-07-01,01F,1763.3178700000003,136.332
2022-09-01,01F,1980.4179599999995,135.04399999999998
2021-07-01,01F,2065.45236,134.602
2024-01-01,01F,1576.04187,136.05900000000003
2024-11-01,01F,1493.1117199999997,136.747
2022-03-01,01F,1997.8321100000005,135.187
2021-06-01,01F,3246.5737000000004,134.327
2024-10-01,01F,1310.9874599999998,136.60500000000002
2026-06-01,01J,2233.78895,174.301
2023-06-01,01J,2398.9332899999995,170.954
2023-11-01,01J,1913.84807,171.49899999999997
2023-03-01,01J,1972.18925,170.587
2024-03-01,01J,2152.65119,172.00699999999998
2021-11-01,01J,1835.99104,169.71099999999998
2023-08-01,01J,2683.9459099999995,171.17500000000007
2021-08-01,01J,2122.19775,169.233
2021-10-01,01J,2669.9765599999996,169.62900000000002
2022-10-01,01J,1915.7380100000003,170.427
2022-07-01,01J,1513.26783,170.35100000000003
2025-06-01,01J,2890.13597,174.012
2023-05-01,01J,1785.62876,170.77599999999995
2021-07-01,01J,2442.3680599999993,169.22100000000003
2025-12-01,01J,2267.64405,174.35999999999999
2025-01-01,01J,2625.5368399999998,173.74800000000008
2026-04-01,01J,2227.36599,174.285
2023-02-01,01J,1075.8694500000001,170.515
2022-04-01,01J,2056.7887600000004,170.207
2022-09-01,01J,1572.6735899999999,170.317
2024-02-01,01J,1814.5795299999995,171.86400000000003
2025-10-01,01J,3162.19274,174.36300000000003
2023-10-01,01J,1549.73353,171.345
2022-01-01,01J,2531.55958,169.846
2022-05-01,01J,1985.0322999999999,170.23999999999995
2025-02-01,01J,2283.10525,173.873
2025-05-01,01J,3522.6126900000004,174.04000000000005
2025-03-01,01J,2292.96938,173.884
2021-09-01,01J,2337.9187,169.47200000000004
2024-10-01,01J,2851.9326900000005,173.49999999999994
2025-08-01,01J,1880.0018999999995,174.17000000000002
2026-02-01,01J,2358.2788600000003,174.29800000000003
2024-07-01,01J,2313.58328,172.83599999999996
2024-12-01,01J,3365.1468899999995,173.69600000000003
2025-04-01,01J,2618.4899800000003,173.97299999999998
2021-12-01,01J,2694.5552999999995,169.80100000000002
2024-09-01,01J,1726.3949400000001,173.35200000000003
2026-03-01,01J,2089.82909,174.26899999999998
2024-11-01,01J,2688.0826700000002,173.67899999999997
2024-04-01,01J,2871.0897099999993,172.07000000000005
2026-05-01,01J,2500.16639,174.32299999999998
2022-06-01,01J,1812.5157199999996,170.27399999999997
2023-07-01,01J,2296.3968999999997,171.01999999999998
2024-08-01,01J,2577.5788499999994,173.10100000000006
2025-07-01,01J,2653.45615,174.078
2023-04-01,01J,1099.2942899999998,170.63799999999998
2022-11-01,01J,1478.0590099999997,170.52499999999998
2023-12-01,01J,2562.57695,171.68000000000004
2022-03-01,01J,2896.7437500000005,170.26299999999998
2022-08-01,01J,2900.1808600000004,170.29399999999998
2024-01-01,01J,2610.03573,171.71900000000002
2021-06-01,01J,2662.3641999999995,168.95499999999996
2025-11-01,01J,2275.72939,174.35700000000003
2024-05-01,01J,3108.35858,172.54900000000004
2023-01-01,01J,1677.97352,170.42000000000002
2022-02-01,01J,1888.07271,170.14800000000002
2022-12-01,01J,2210.3649900000005,170.50600000000003
2026-01-01,01J,2366.0963699999993,174.27200000000002
2024-06-01,01J,3648.8298199999995,172.60499999999996
2023-09-01,01J,2039.06255,171.33100000000002
2025-09-01,01J,2636.7380900000003,174.292
2021-09-01,01T,1552.41903,157.02899999999997
2022-09-01,01T,1672.47238,157.43300000000002
2025-12-01,01T,1602.66893,161.70199999999997
2022-01-01,01T,1473.0652499999999,156.99699999999996
2023-04-01,01T,1715.6359299999997,157.89299999999997
2025-01-01,01T,626.69639,161.01899999999998
2023-01-01,01T,2017.03526,157.69799999999992
2025-04-01,01T,1268.71552,161.35099999999997
2021-10-01,01T,2305.8172400000003,156.95300000000003
2022-11-01,01T,1921.4073099999998,157.605
2021-12-01,01T,2043.2353799999996,156.99099999999996
2023-05-01,01T,1603.01881,157.923
2024-03-01,01T,1722.67196,159.50699999999998
2021-07-01,01T,1577.09003,156.90899999999996
2026-05-01,01T,1458.35004,161.65000000000003
2022-05-01,01T,1543.9352499999998,157.129
2025-11-01,01T,1687.32641,161.71899999999994
2024-11-01,01T,1250.16203,160.77700000000002
2026-04-01,01T,1662.9199400000002,161.648
2025-06-01,01T,1639.6905299999999,161.48199999999994
2024-12-01,01T,1428.944,160.94
2023-03-01,01T,2013.11847,157.87100000000004
2022-08-01,01T,2534.47971,157.333
2023-07-01,01T,2151.19268,158.24999999999997
2022-04-01,01T,1784.9228,157.15600000000003
2023-09-01,01T,1636.4372499999997,158.636
2025-07-01,01T,1567.1035100000001,161.534
2025-02-01,01T,856.0948999999999,161.27300000000002
2021-11-01,01T,1503.4798799999999,156.923
2025-08-01,01T,1366.33981,161.62999999999997
2023-12-01,01T,1196.0173399999999,159.03900000000002
2021-06-01,01T,1434.8294700000001,156.77399999999997
2026-01-01,01T,1194.15647,161.60899999999998
2025-05-01,01T,1182.16301,161.397
2025-09-01,01T,1252.79203,161.742
2022-07-01,01T,1570.39531,157.26199999999997
2026-06-01,01T,1943.8351199999997,161.68200000000002
2024-01-01,01T,1620.5179799999996,159.13500000000002
2023-10-01,01T,1806.2706299999998,158.73700000000002
2023-06-01,01T,2044.2764600000003,158.095
2025-03-01,01T,1439.6969299999998,161.33
2024-04-01,01T,1564.57664,159.58999999999992
2022-06-01,01T,2162.30528,157.18099999999998
2026-02-01,01T,1865.5915100000004,161.596
2024-06-01,01T,1343.15577,160.264
2024-09-01,01T,2135.94874,160.5
2024-08-01,01T,1751.6827999999998,160.42600000000004
2024-07-01,01T,1880.8236499999998,160.28599999999994
2023-02-01,01T,1776.72402,157.71900000000002
2024-05-01,01T,1468.4044199999998,159.991
2026-03-01,01T,1663.80021,161.55899999999997
2022-02-01,01T,1661.7097899999999,156.98599999999996
2024-10-01,01T,973.9802400000001,160.58599999999998
2022-12-01,01T,1869.5016199999998,157.67800000000003
2022-03-01,01T,2070.31985,157.09599999999998
2023-08-01,01T,1396.3052100000002,158.44099999999995
2021-08-01,01T,1375.44168,156.94799999999995
2024-02-01,01T,1729.40664,159.32699999999997
2023-11-01,01T,1541.69248,158.90399999999997
2022-10-01,01T,2052.7945600000003,157.56099999999995
2025-10-01,01T,1977.98943,161.79899999999998
2025-03-01,01V,1478.3921,128.399
2024-03-01,01V,946.0798199999999,127.81499999999997
2022-02-01,01V,805.01097,126.515
2025-04-01,01V,1063.2153299999998,128.494
2023-11-01,01V,994.31151,127.616
2024-10-01,01V,1207.08844,128.32
2026-03-01,01V,1295.65582,128.66
2025-06-01,01V,1313.23121,128.717
2023-05-01,01V,1310.06322,127.102
2023-12-01,01V,753.7608500000001,127.64800000000001
2025-08-01,01V,1234.8475199999998,128.947
2021-08-01,01V,819.69796,126.21499999999999
2022-08-01,01V,918.94904,126.85600000000001
2025-11-01,01V,1261.47448,128.95100000000002
2025-12-01,01V,1468.7862199999997,128.96200000000002
2025-01-01,01V,1157.19031,128.407
2023-02-01,01V,958.69695,126.99800000000002
2025-10-01,01V,1657.7223200000003,129.047
2023-04-01,01V,1277.4893299999999,127.05099999999997
2024-11-01,01V,1327.59341,128.367
2022-12-01,01V,642.08376,127.00100000000002
2023-06-01,01V,913.6153200000001,127.15800000000003
2021-07-01,01V,1027.8368,125.954
2024-08-01,01V,1275.2937,128.168
2022-05-01,01V,907.50878,126.58899999999998
2025-05-01,01V,911.9779100000001,128.633
2023-07-01,01V,800.1715700000001,127.282
2022-09-01,01V,927.30346,127.0
2022-07-01,01V,845.38103,126.687
2022-01-01,01V,1097.5709,126.53000000000002
2021-12-01,01V,929.57435,126.536
2022-10-01,01V,645.61442,127.0
2023-08-01,01V,898.33332,127.342
2023-09-01,01V,822.48859,127.44600000000001
2021-10-01,01V,917.4259500000001,126.40700000000001
2024-12-01,01V,1281.2749199999998,128.416
2024-04-01,01V,917.37165,127.818
2025-07-01,01V,1497.6213400000001,128.818
2022-11-01,01V,934.51514,126.92699999999999
2025-02-01,01V,834.8284100000001,128.44400000000005
2022-06-01,01V,792.72979,126.629
2021-06-01,01V,903.04397,125.85700000000003
2024-09-01,01V,863.5918300000001,128.279
2026-01-01,01V,1299.29244,128.892
2024-07-01,01V,1010.5252099999999,128.07
2024-06-01,01V,1066.3048499999998,127.979
2021-09-01,01V,908.07231,126.27899999999998
2026-04-01,01V,1546.7082100000002,128.58
2021-11-01,01V,1074.2369600000002,126.39099999999999
2024-01-01,01V,894.8567200000001,127.712
2023-10-01,01V,920.4270300000001,127.43199999999999
2022-04-01,01V,1341.13914,126.59300000000002
2023-01-01,01V,635.8398800000001,126.96700000000004
2026-05-01,01V,1899.04268,128.548
2026-02-01,01V,1506.2924,128.883
2024-02-01,01V,1091.71442,127.81199999999998
2024-05-01,01V,949.2454900000001,127.97
2023-03-01,01V,528.8202900000001,126.99799999999999
2022-03-01,01V,828.38574,126.572
2026-06-01,01V,1623.51284,128.464
2025-09-01,01V,1903.41395,129.105
2023-09-01,01X,4342.387879999999,201.28900000000004
2026-04-01,01X,3862.8527599999998,204.45999999999995
2025-08-01,01X,3029.9003900000002,204.15499999999994
2021-07-01,01X,4151.8165,199.87700000000004
2021-08-01,01X,3898.1817200000005,200.04700000000003
2022-06-01,01X,3871.00916,200.49300000000002
2025-10-01,01X,3569.46482,204.375
2022-11-01,01X,4545.574849999999,200.65099999999998
2024-06-01,01X,3143.37932,202.67100000000005
2024-02-01,01X,3225.3414199999997,201.88000000000002
2025-07-01,01X,3628.17271,204.10799999999995
2024-10-01,01X,3454.5237,203.36099999999988
2023-11-01,01X,3958.9776699999998,201.41000000000003
2021-10-01,01X,3586.15233,200.08300000000003
2026-01-01,01X,3211.15865,204.47000000000006
2023-02-01,01X,3701.2724900000003,200.519
2024-08-01,01X,3085.98631,202.99099999999999
2023-10-01,01X,3946.0070200000014,201.354
2022-08-01,01X,4170.63739,200.62100000000004
2023-05-01,01X,3848.2456700000007,200.70000000000002
2025-12-01,01X,4215.133940000001,204.44600000000008
2024-11-01,01X,2409.3073799999997,203.421
2024-03-01,01X,2639.85371,201.94
2023-07-01,01X,3919.6825200000003,201.06999999999996
2025-05-01,01X,3011.61471,203.83600000000004
2025-03-01,01X,2936.4069700000005,203.659
2022-04-01,01X,4329.148499999999,200.349
2022-09-01,01X,4458.077770000001,200.636
2025-06-01,01X,3204.8227100000004,203.94599999999997
2025-02-01,01X,3005.6486699999996,203.61999999999998
2022-02-01,01X,3826.4967699999997,200.19399999999993
2022-12-01,01X,3976.90607,200.58399999999997
2022-07-01,01X,3789.9862000000003,200.56600000000003
2023-04-01,01X,3835.26596,200.661
2021-06-01,01X,3984.1224999999995,199.67000000000002
2023-08-01,01X,4095.3237799999997,201.20199999999997
2025-01-01,01X,2253.1484100000007,203.54699999999997
2024-07-01,01X,3336.3678899999995,202.841
2022-01-01,01X,3890.71731,200.086
2025-04-01,01X,2998.41506,203.72100000000003
2022-10-01,01X,4298.28877,200.67900000000003
2026-02-01,01X,2783.7584399999996,204.52900000000002
2021-12-01,01X,4129.097,200.11600000000004
2024-01-01,01X,3205.9671100000005,201.711
2026-05-01,01X,3501.0472999999997,204.51200000000003
2024-12-01,01X,3061.3226900000004,203.51099999999997
2024-05-01,01X,2642.2551,202.57799999999997
2022-03-01,01X,5322.901930000001,200.31600000000006
2023-06-01,01X,4752.23332,200.87700000000004
2021-09-01,01X,3770.1975700000007,200.10700000000003
2026-03-01,01X,3665.7434799999996,204.49200000000002
2023-12-01,01X,3379.87648,201.61000000000004
2025-11-01,01X,3175.0222599999993,204.37800000000001
2026-06-01,01X,3689.47551,204.60999999999996
2021-11-01,01X,4617.512000000001,200.05200000000005
2023-03-01,01X,4053.07147,200.72
2022-05-01,01X,4564.1415,200.372
2024-09-01,01X,3354.49197,203.223
2024-04-01,01X,2976.60902,201.93699999999998
2025-09-01,01X,2717.27447,204.314
2023-01-01,01X,4631.512970000002,200.53400000000002
2026-02-01,02E,2866.6700600000004,230.62399999999997
2022-11-01,02E,2101.0971999999997,225.31300000000005
2023-07-01,02E,2927.9745700000008,227.183
2025-10-01,02E,2860.65146,231.02300000000002
2022-09-01,02E,2150.05256,225.0
2023-02-01,02E,2267.3967900000002,225.90099999999998
2023-06-01,02E,2823.5553599999994,226.83100000000002
2022-04-01,02E,2318.9637599999996,223.69899999999996
2026-04-01,02E,3193.53956,230.26100000000002
2025-07-01,02E,3134.01988,230.77899999999997
2024-09-01,02E,2260.0364699999996,230.441
2021-09-01,02E,2230.39273,222.22400000000005
2024-08-01,02E,2520.4888100000003,230.12100000000004
2025-04-01,02E,3039.587,230.623
2024-07-01,02E,2797.5340400000005,229.86800000000002
2022-06-01,02E,2165.2949,224.16500000000002
2023-12-01,02E,2129.23102,228.56199999999998
2023-11-01,02E,2457.1525399999996,228.389
2022-03-01,02E,1721.0658399999998,223.51700000000005
2022-08-01,02E,2521.50762,224.667
2022-10-01,02E,2408.3746799999994,225.197
2025-05-01,02E,2328.69272,230.72400000000005
2024-06-01,02E,2331.7830700000004,229.61299999999997
2021-10-01,02E,1989.9105000000004,222.48300000000003
2023-08-01,02E,2593.1080100000004,227.58400000000006
2023-01-01,02E,2304.00029,225.647
2022-07-01,02E,1946.21727,224.44099999999997
2024-03-01,02E,1934.64646,229.04599999999996
2025-03-01,02E,1992.8115400000004,230.613
2024-10-01,02E,2962.58338,230.544
2025-12-01,02E,2166.8406099999997,230.82899999999998
2024-04-01,02E,2477.8738399999997,229.12500000000003
2025-01-01,02E,2390.39872,230.82099999999997
2022-05-01,02E,2025.1342700000002,223.91299999999998
2026-06-01,02E,2866.7176799999997,229.918
2024-02-01,02E,1998.7260100000003,228.96600000000007
2023-05-01,02E,2385.01497,226.48900000000003
2023-09-01,02E,2810.27618,227.92899999999997
2025-09-01,02E,2996.38645,231.04199999999997
2023-04-01,02E,2222.7884,226.355
2025-11-01,02E,3570.97708,230.83000000000004
2024-11-01,02E,3114.61577,230.65399999999997
2023-10-01,02E,2450.51741,228.194
2025-08-01,02E,3077.0720899999997,230.84599999999998
2026-01-01,02E,2480.68946,230.76799999999997
2023-03-01,02E,2076.31408,226.03300000000002
2024-05-01,02E,3531.38865,229.504
2026-05-01,02E,2920.2216599999992,230.029
2024-12-01,02E,2583.7731599999997,230.885
2021-07-01,02E,2079.2,221.408
2026-03-01,02E,2860.13238,230.34699999999998
2021-11-01,02E,2648.034809999999,222.662
2022-12-01,02E,2968.1413400000006,225.49099999999996
2022-01-01,02E,2129.23085,223.195
2022-02-01,02E,2565.9005299999994,223.40699999999998
2025-06-01,02E,3080.37117,230.82200000000003
2024-01-01,02E,2443.88839,228.71100000000004
2021-08-01,02E,2680.96882,221.82799999999997
2021-12-01,02E,2582.5348900000004,222.95000000000005
2025-02-01,02E,2790.3772900000004,230.83799999999997
2021-06-01,02E,2652.8189899999993,220.80100000000002
2024-05-01,12F,5249.64865,344.5900000000001
2022-02-01,12F,3185.3983499999995,339.40500000000003
2025-01-01,12F,5213.597259999999,345.91799999999995
2025-04-01,12F,5334.092949999998,345.9959999999999
2022-01-01,12F,3122.4107599999998,339.34200000000004
2024-10-01,12F,7339.00558,345.594
2023-11-01,12F,4323.292919999999,343.10599999999994
2021-07-01,12F,3283.27637,338.8180000000002
2022-04-01,12F,4114.37321,339.544
2023-03-01,12F,4119.130339999999,341.3849999999999
2024-12-01,12F,6189.42617,345.80699999999996
2021-10-01,12F,3703.44007,339.312
2021-08-01,12F,3869.27233,339.2030000000001
2023-05-01,12F,3158.3018,341.683
2022-12-01,12F,4242.643590000001,341.2230000000001
2025-09-01,12F,6439.155299999999,346.8120000000001
2022-08-01,12F,4199.066349999999,340.41499999999996
2021-12-01,12F,3871.933,339.26299999999986
2021-09-01,12F,3133.88866,339.35400000000004
2024-07-01,12F,4917.345250000001,344.96899999999994
2025-03-01,12F,6787.790729999999,345.93700000000007
2023-09-01,12F,4375.90162,342.79599999999994
2024-11-01,12F,6185.810589999999,345.67
2026-05-01,12F,6119.1531700000005,346.29300000000006
2025-12-01,12F,7133.192120000001,346.511
2025-11-01,12F,6552.9319499999965,346.5650000000001
2024-01-01,12F,4877.513780000001,343.5480000000001
2025-05-01,12F,5387.257389999999,346.1479999999999
2026-06-01,12F,5895.775769999998,346.11300000000006
2022-03-01,12F,3100.9230000000002,339.4660000000001
2022-07-01,12F,3225.3493099999996,340.0730000000001
2024-03-01,12F,4601.494219999999,343.88300000000004
2026-03-01,12F,6402.779479999998,346.2640000000001
2025-08-01,12F,6694.253769999998,346.652
2024-08-01,12F,6151.240379999998,345.35499999999996
2023-08-01,12F,4862.87659,342.428
2022-09-01,12F,3782.5841299999997,340.83600000000007
2024-06-01,12F,5665.22184,344.76600000000013
2026-04-01,12F,6683.9577,346.23999999999995
2023-12-01,12F,4398.628770000001,343.3500000000001
2025-07-01,12F,6435.140720000001,346.493
2026-01-01,12F,6793.528399999999,346.509
2025-10-01,12F,6041.691719999999,346.82899999999984
2023-10-01,12F,3929.81041,342.7750000000002
2021-06-01,12F,3630.7588100000003,338.526
2024-02-01,12F,5169.735680000002,343.797
2022-10-01,12F,4022.9518100000005,340.8370000000001
2026-02-01,12F,5080.619879999999,346.411
2023-04-01,12F,3413.4882100000004,341.581
2024-09-01,12F,5382.26018,345.62699999999995
2022-06-01,12F,4085.962300000001,339.8240000000001
2021-11-01,12F,3378.83731,339.173
2023-07-01,12F,4433.28374,342.12699999999995
2025-02-01,12F,6511.370899999999,346.03900000000004
2022-11-01,12F,4391.99959,340.94100000000003
2024-04-01,12F,6632.71757,344.019
2025-06-01,12F,6727.692489999999,346.3139999999999
2023-02-01,12F,4661.93103,341.2079999999999
2023-01-01,12F,3763.3277000000007,341.229
2023-06-01,12F,4643.755959999999,341.85400000000004
2022-05-01,12F,3393.9099600000004,339.63300000000004
2023-08-01,27D,7746.410780000001,809.3430000000002
2025-01-01,27D,6895.591539999999,821.6050000000005
2022-11-01,27D,8351.4477,803.1750000000002
2025-07-01,27D,11347.160129999997,823.4280000000002
2024-12-01,27D,9020.891299999997,821.498
2021-10-01,27D,7706.841489999998,792.3529999999997
2022-10-01,27D,9151.92406,802.3389999999999
2024-06-01,27D,7244.475339999997,817.3149999999998
2025-02-01,27D,8624.141329999997,822.214
2022-04-01,27D,8103.886700000004,797.0559999999997
2026-03-01,27D,9488.677520000003,824.4939999999999
2025-04-01,27D,10021.389510000003,822.616
2021-07-01,27D,8171.458470000001,789.7390000000003
2024-01-01,27D,8765.536110000003,813.2850000000004
2021-06-01,27D,9148.407499999996,788.1630000000001
2021-11-01,27D,8491.165599999998,793.1129999999998
2021-08-01,27D,8208.754510000002,790.6439999999999
2024-09-01,27D,9017.785979999999,819.7340000000002
2022-05-01,27D,8767.829160000001,797.4550000000003
2026-02-01,27D,10578.711400000002,824.7979999999998
2023-11-01,27D,8359.504050000003,812.0350000000002
2023-06-01,27D,7785.54511,807.4870000000001
2026-04-01,27D,10550.063629999997,824.6209999999998
2024-03-01,27D,7311.619130000001,814.751
2023-10-01,27D,7493.249009999998,810.7400000000004
2025-05-01,27D,9488.524299999997,822.8800000000002
2022-08-01,27D,9035.474099999998,800.5459999999999
2021-09-01,27D,7717.586720000002,791.9300000000001
2022-03-01,27D,8229.06009,796.0980000000001
2025-12-01,27D,10201.475739999996,825.0900000000001
2025-03-01,27D,7111.295720000003,822.0740000000002
2022-02-01,27D,7389.920939999996,795.711
2025-08-01,27D,9828.251820000001,824.1959999999998
2023-04-01,27D,6146.802469999999,806.4380000000002
2024-02-01,27D,8273.642810000001,814.1169999999996
2023-01-01,27D,8956.010650000002,804.6949999999999
2024-04-01,27D,8809.877589999998,815.3820000000001
2023-02-01,27D,7587.525980000001,805.4759999999997
2022-07-01,27D,9032.899679999999,799.4229999999998
2022-06-01,27D,7150.71405,798.4519999999997
2025-06-01,27D,9918.924149999995,823.205
2026-01-01,27D,10366.264600000002,824.7530000000002
2023-12-01,27D,6987.486480000001,812.922
2024-07-01,27D,7622.90877,818.0970000000002
2024-10-01,27D,8997.110689999998,820.0170000000002
2023-05-01,27D,9167.676349999998,806.809
2021-12-01,27D,8528.303030000003,794.041
2023-03-01,27D,9458.59458,805.9350000000002
2025-09-01,27D,9878.370689999998,824.5639999999997
2022-01-01,27D,7673.594740000002,795.1670000000003
2026-06-01,27D,11083.236429999995,823.8129999999998
2025-11-01,27D,9769.08643,824.6989999999998
2024-11-01,27D,7703.443639999999,820.8780000000003
2022-12-01,27D,8695.59853,804.1329999999998
2023-07-01,27D,9005.79825,808.6080000000002
2024-08-01,27D,8401.529590000002,818.9799999999999
2022-09-01,27D,8456.303460000003,801.7029999999997
2024-05-01,27D,8797.99055,816.7219999999999
2026-05-01,27D,11626.13665,824.1919999999997
2025-10-01,27D,11042.328839999998,824.5599999999997
2023-09-01,27D,8443.378939999999,810.3199999999999
2022-02-01,99A,4757.4830299999985,564.782
2022-12-01,99A,6866.800490000001,575.2220000000001
2022-11-01,99A,7831.591300000002,573.6160000000001
2022-04-01,99A,6444.633370000001,567.566
2024-11-01,99A,8844.17329,596.6610000000001
2022-03-01,99A,6208.05554,566.7900000000001
2026-04-01,99A,8631.187109999997,599.3449999999999
2023-08-01,99A,5130.065520000001,578.1479999999999
2025-01-01,99A,7673.705910000001,597.2600000000001
2024-12-01,99A,7711.6070899999995,597.309
2022-06-01,99A,6373.116609999999,567.5759999999999
2025-10-01,99A,8869.23628,602.136
2023-09-01,99A,6396.182900000001,577.8150000000002
2024-09-01,99A,6411.893759999998,590.1699999999997
2023-12-01,99A,5640.182450000001,586.0979999999998
2022-09-01,99A,7241.832310000003,567.649
2026-02-01,99A,7048.84412,600.681
2025-07-01,99A,9770.2009,597.8290000000002
2024-04-01,99A,8289.19488,588.7189999999998
2024-05-01,99A,5783.193889999998,590.0940000000002
2023-11-01,99A,5647.183899999999,584.6169999999998
2023-01-01,99A,5622.9348500000015,575.4420000000001
2025-06-01,99A,7757.282850000002,598.2609999999997
2021-11-01,99A,4956.490680000002,562.7960000000002
2021-06-01,99A,5231.606500000001,556.6040000000002
2026-01-01,99A,7532.987549999996,602.0160000000002
2022-01-01,99A,5290.337509999999,564.6349999999999
2025-04-01,99A,7292.861419999999,598.4309999999997
2023-02-01,99A,5601.540550000001,576.29
2022-05-01,99A,6209.529679999997,567.521
2024-06-01,99A,6078.02616,590.2950000000002
2025-03-01,99A,6764.334919999998,598.254
2025-02-01,99A,7573.646069999997,597.8240000000001
2023-06-01,99A,5327.74303,578.811
2026-05-01,99A,8531.35278,599.0540000000001
2021-12-01,99A,5272.058620000002,564.4279999999999
2021-08-01,99A,4250.205529999999,556.8330000000001
2022-07-01,99A,6095.458789999997,567.8889999999998
2024-10-01,99A,6913.772940000001,594.7319999999996
2026-03-01,99A,9372.233489999997,599.4829999999997
2021-07-01,99A,5853.5500699999975,556.817
2023-07-01,99A,5629.65219,578.563
2024-08-01,99A,6698.72255,590.0969999999999
2023-03-01,99A,5416.052440000002,577.3199999999997
2025-11-01,99A,8342.420409999999,603.0669999999998
2023-05-01,99A,6307.935049999997,578.3140000000002
2025-09-01,99A,7738.740999999999,597.167
2022-08-01,99A,6031.430160000001,567.7669999999999
2022-10-01,99A,6804.827680000002,570.0759999999999
2024-01-01,99A,6744.925070000004,586.7710000000001
2025-05-01,99A,8877.16133,598.3059999999998
2024-03-01,99A,5749.311070000003,588.5050000000002
2024-07-01,99A,8669.10684,590.1709999999998
2021-10-01,99A,5291.474359999998,559.776
2021-09-01,99A,5753.33659,557.2099999999999
2023-04-01,99A,3974.060459999999,577.9860000000002
2024-02-01,99A,5718.035610000001,587.7069999999999
2025-08-01,99A,9464.70911,597.4639999999999
2026-06-01,99A,10587.380519999997,597.8460000000001
2023-10-01,99A,5995.567189999999,581.5340000000001
2025-12-01,99A,8864.259829999999,602.521
2021-10-01,10Q,3519.106309999999,788.074
2022-11-01,10Q,5193.460870000001,804.6789999999995
2023-04-01,10Q,4392.0301899999995,807.3140000000003
2023-09-01,10Q,5250.106599999998,809.5409999999996
2022-02-01,10Q,3676.775779999999,794.1309999999999
2025-10-01,10Q,5859.1363,831.8580000000001
2024-07-01,10Q,4405.927859999999,820.0399999999997
2022-03-01,10Q,4533.664719999999,794.2509999999999
2024-06-01,10Q,4669.831950000001,819.5509999999997
2022-09-01,10Q,4946.313829999999,797.5500000000002
2024-02-01,10Q,4271.77731,818.6980000000001
2023-10-01,10Q,4423.66202,813.1830000000001
2023-01-01,10Q,4555.344800000002,806.3330000000002
2025-04-01,10Q,4054.300369999998,828.453
2024-09-01,10Q,5106.476019999999,820.97
2026-05-01,10Q,5544.275099999999,824.41
2022-07-01,10Q,3506.38188,797.218
2021-08-01,10Q,3818.573509999999,782.8509999999998
2024-03-01,10Q,4124.69886,818.384
2022-04-01,10Q,3703.19092,794.7860000000001
2023-03-01,10Q,4742.0025000000005,806.6830000000002
2025-02-01,10Q,4709.92454,828.9130000000001
2024-05-01,10Q,5032.031709999999,819.4230000000002
2026-06-01,10Q,6140.98299,821.9699999999999
2022-10-01,10Q,4464.1813600000005,801.0889999999998
2021-09-01,10Q,4243.32787,783.88
2021-11-01,10Q,5541.315870000001,790.6890000000001
2024-10-01,10Q,4630.33749,824.3900000000001
2024-01-01,10Q,4162.917740000001,817.6030000000001
2025-05-01,10Q,5462.20721,828.2609999999996
2024-12-01,10Q,5209.185369999998,827.8479999999998
2025-12-01,10Q,6423.84026,832.334
2022-08-01,10Q,5305.931259999999,797.454
2025-11-01,10Q,6084.72719,833.187
2023-12-01,10Q,4308.9313999999995,816.981
2023-07-01,10Q,4695.250720000001,808.524
2023-02-01,10Q,4310.43246,807.5220000000002
2023-08-01,10Q,4328.59121,808.443
2021-07-01,10Q,4560.708640000001,782.6389999999999
2026-01-01,10Q,6053.2096900000015,830.759
2021-06-01,10Q,4533.98862,781.1039999999999
2022-01-01,10Q,4254.6672499999995,792.917
2024-11-01,10Q,4155.91564,827.1999999999998
2026-02-01,10Q,5719.509490000002,828.5750000000002
2021-12-01,10Q,4262.75907,792.0729999999999
2025-07-01,10Q,7920.7018499999995,828.209
2022-05-01,10Q,4444.231540000001,795.1190000000001
2025-08-01,10Q,5606.857690000001,827.9230000000001
2026-03-01,10Q,5835.433020000001,826.7789999999998
2023-06-01,10Q,4667.9199100000005,807.8860000000001
2022-12-01,10Q,4608.170709999999,806.1120000000002
2023-11-01,10Q,4386.511270000001,816.2530000000002
2025-03-01,10Q,5044.819800000002,828.636
2025-09-01,10Q,5953.228529999999,828.6479999999999
2024-08-01,10Q,5631.949929999999,820.137
2023-05-01,10Q,3262.3682100000005,807.6209999999998
2022-06-01,10Q,4937.221779999999,796.2599999999999
2026-04-01,10Q,6308.638860000002,825.993
2025-06-01,10Q,5484.451409999999,828.298
2025-01-01,10Q,5011.79314,828.236
2024-04-01,10Q,5009.092530000001,818.4299999999998
2024-09-01,14Y,3798.3347699999995,594.914
2024-07-01,14Y,4357.17298,592.9050000000001
2024-10-01,14Y,4561.065310000001,594.5719999999999
2021-08-01,14Y,4356.36568,575.974
2025-07-01,14Y,6147.434259999999,597.5709999999999
2026-06-01,14Y,6144.69537,595.6949999999999
2025-06-01,14Y,5242.04378,596.982
2021-07-01,14Y,4700.35795,575.1370000000001
2022-07-01,14Y,3962.36217,580.591
2026-01-01,14Y,6949.666409999998,597.7519999999998
2021-09-01,14Y,4462.855740000001,576.5020000000001
2024-05-01,14Y,4296.6925900000015,591.6809999999998
2022-03-01,14Y,3665.89253,578.208
2022-08-01,14Y,5543.45699,581.1680000000001
2022-05-01,14Y,4040.7789100000005,579.02
2023-08-01,14Y,3449.4444299999996,586.5289999999999
2023-05-01,14Y,4116.762750000001,584.4409999999997
2024-01-01,14Y,4637.21391,588.6660000000002
2021-06-01,14Y,4326.0302,574.3240000000001
2026-02-01,14Y,5504.94426,597.1600000000001
2022-02-01,14Y,3737.6442600000005,577.893
2025-03-01,14Y,3892.797529999999,595.9109999999998
2024-06-01,14Y,5084.705540000001,591.9830000000001
2023-07-01,14Y,5233.379000000001,585.6049999999999
2022-11-01,14Y,3621.56122,582.3330000000001
2025-12-01,14Y,5982.68944,598.1229999999999
2026-03-01,14Y,6551.092910000001,596.6419999999999
2025-11-01,14Y,5205.7629400000005,597.9429999999999
2023-11-01,14Y,4171.89224,587.4069999999999
2025-10-01,14Y,6584.4339,598.4590000000001
2023-10-01,14Y,4552.9366199999995,586.5929999999998
2022-10-01,14Y,4226.669919999999,581.602
2024-04-01,14Y,4282.316160000001,590.2850000000001
2025-08-01,14Y,5102.8779700000005,598.3119999999999
2025-09-01,14Y,6046.496640000001,598.8179999999999
2023-04-01,14Y,3016.6192100000003,584.0120000000002
2024-12-01,14Y,4305.982070000001,595.3030000000001
2021-12-01,14Y,5204.8888,576.8189999999998
2022-04-01,14Y,4844.394609999999,578.8180000000002
2026-04-01,14Y,7090.840730000001,596.413
2023-09-01,14Y,4159.2455,586.8620000000001
2023-12-01,14Y,4356.803450000001,588.1899999999999
2021-11-01,14Y,4225.31996,576.0589999999999
2024-03-01,14Y,4894.712020000001,590.1120000000001
2021-10-01,14Y,4092.937220000001,576.1220000000002
2024-02-01,14Y,3773.4556300000004,589.6759999999998
2024-08-01,14Y,4451.25711,593.907
2022-06-01,14Y,3796.0575999999996,579.7490000000001
2023-06-01,14Y,4615.788230000001,585.0479999999999
2022-09-01,14Y,4037.899449999999,581.973
2023-02-01,14Y,3883.36754,583.2759999999998
2022-12-01,14Y,3711.90089,582.7
2025-04-01,14Y,4614.46279,596.1749999999998
2023-01-01,14Y,3378.7518100000007,582.913
2023-03-01,14Y,3752.18651,583.5329999999999
2022-01-01,14Y,3396.84875,577.367
2024-11-01,14Y,4968.522250000001,594.9019999999999
2025-05-01,14Y,4305.24033,596.3329999999999
2025-02-01,14Y,3963.5385299999994,596.0269999999999
2025-01-01,14Y,4691.214999999999,595.5560000000002
2026-05-01,14Y,6086.703319999999,596.092
2024-11-01,15A,7407.35763,588.7819999999998
2025-09-01,15A,7679.579740000001,590.175
2022-06-01,15A,5107.491240000001,569.984
2022-09-01,15A,5337.550810000001,572.4140000000001
2022-12-01,15A,5720.261439999999,576.849
2025-08-01,15A,5888.38025,590.23
2022-05-01,15A,5498.649170000001,569.071
2021-06-01,15A,4887.828539999999,558.3430000000002
2022-03-01,15A,6250.281199999999,568.3739999999998
2024-05-01,15A,5375.0664,585.6290000000001
2023-07-01,15A,4609.163179999999,579.4250000000001
2022-04-01,15A,4618.119239999999,568.7520000000001
2022-11-01,15A,5451.51991,575.7260000000002
2025-07-01,15A,6015.03632,589.9170000000001
2021-08-01,15A,5851.315820000001,560.543
2021-09-01,15A,6446.0916,561.5840000000001
2023-12-01,15A,3508.5408399999997,583.5749999999998
2025-12-01,15A,6685.180490000001,590.217
2024-12-01,15A,11063.372829999998,589.2450000000002
2026-05-01,15A,7321.254720000001,585.9199999999998
2026-03-01,15A,6306.433529999998,587.1649999999998
2024-07-01,15A,5444.82384,586.2929999999999
2022-02-01,15A,5756.857179999999,568.0729999999999
2022-10-01,15A,6563.69277,574.1030000000002
2023-01-01,15A,5769.026580000001,577.0840000000001
2023-04-01,15A,3856.2915599999997,578.4799999999999
2024-02-01,15A,5348.896930000002,584.197
2023-03-01,15A,5307.576279999999,578.0500000000001
2023-06-01,15A,5658.86231,579.1
2023-11-01,15A,4531.30019,583.9380000000001
2024-03-01,15A,4133.09245,584.9259999999998
2025-05-01,15A,7755.3884,590.0099999999998
2024-08-01,15A,7001.8628199999985,586.85
2025-04-01,15A,6785.412900000001,590.015
2021-07-01,15A,6276.782359999999,559.635
2026-06-01,15A,6929.026489999999,584.765
2021-10-01,15A,4538.5148100000015,564.073
2021-11-01,15A,6744.2005899999995,564.952
2022-01-01,15A,6835.26167,567.2470000000001
2025-03-01,15A,6457.480570000001,589.7339999999999
2024-04-01,15A,5306.796479999999,585.1130000000002
2026-02-01,15A,6012.298309999999,588.254
2025-10-01,15A,9092.356,590.1820000000001
2021-12-01,15A,6365.47735,566.2399999999999
2025-11-01,15A,6207.278050000002,590.588
2024-09-01,15A,5358.33646,586.8400000000001
2025-02-01,15A,6763.749200000001,589.7080000000001
2026-04-01,15A,6200.35053,586.8720000000001
2023-10-01,15A,4889.730960000001,583.109
2023-08-01,15A,4330.7965,579.9430000000001
2024-01-01,15A,5133.52777,583.5060000000001
2023-05-01,15A,4679.39036,578.6740000000001
2023-02-01,15A,5224.886459999999,577.6890000000001
2022-07-01,15A,5384.340609999999,570.902
2023-09-01,15A,5655.2151699999995,580.743
2025-06-01,15A,5535.672339999999,590.2059999999998
2022-08-01,15A,5883.645840000002,571.4800000000001
2024-06-01,15A,4326.149920000002,585.9879999999998
2026-01-01,15A,7271.271239999999,589.556
2024-10-01,15A,5408.93087,587.3720000000001
2025-01-01,15A,6033.74323,589.533
2022-03-01,U2G6B,4498.080390000001,457.9360000000001
2025-01-01,U2G6B,3114.7965500000005,501.54200000000003
2024-02-01,U2G6B,3620.1483699999994,493.969
2024-08-01,U2G6B,4504.409769999999,497.94500000000005
2023-01-01,U2G6B,4278.043709999999,465.598
2021-11-01,U2G6B,4074.9284699999994,456.4079999999998
2021-12-01,U2G6B,3478.8695700000003,457.01599999999996
2025-11-01,U2G6B,4616.09642,503.5549999999999
2025-03-01,U2G6B,4526.1983599999985,502.084
2022-09-01,U2G6B,4420.197620000001,462.0299999999999
2023-03-01,U2G6B,5119.285309999999,467.154
2023-08-01,U2G6B,3958.17872,488.8670000000001
2024-03-01,U2G6B,4556.85646,494.50000000000006
2022-06-01,U2G6B,4101.39393,459.7490000000001
2025-02-01,U2G6B,2765.855070000001,502.36300000000006
2023-07-01,U2G6B,4498.052429999999,469.71700000000004
2025-09-01,U2G6B,4599.481120000001,503.77299999999997
2025-07-01,U2G6B,4771.644539999999,503.0969999999999
2023-11-01,U2G6B,4488.68392,491.99600000000004
2025-08-01,U2G6B,5191.3897,503.70399999999995
2022-04-01,U2G6B,3280.504000000001,458.011
2023-06-01,U2G6B,5305.248859999999,468.7879999999999
2023-04-01,U2G6B,2973.9365099999995,467.48699999999997
2026-04-01,U2G6B,4000.488899999999,499.8480000000001
2024-06-01,U2G6B,4447.238740000001,497.03600000000006
2024-10-01,U2G6B,3658.4439600000005,498.9059999999999
2025-05-01,U2G6B,3209.6304700000005,502.392
2024-05-01,U2G6B,4462.02422,496.307
2021-08-01,U2G6B,2879.2365,455.3450000000001
2022-10-01,U2G6B,4239.12134,462.93600000000015
2024-04-01,U2G6B,4135.351440000001,495.1049999999999
2021-06-01,U2G6B,4091.613869999999,454.7250000000001
2025-10-01,U2G6B,4780.88191,503.7939999999999
2023-05-01,U2G6B,3548.3617300000005,467.9900000000001
2022-05-01,U2G6B,4504.2866699999995,458.92999999999995
2022-01-01,U2G6B,3974.61054,457.53400000000005
2024-09-01,U2G6B,3338.90909,498.337
2025-12-01,U2G6B,4737.213780000001,503.0669999999999
2024-01-01,U2G6B,4081.72558,493.33
2021-07-01,U2G6B,3285.8873100000005,455.0270000000001
2023-12-01,U2G6B,4886.13311,492.7450000000001
2022-07-01,U2G6B,3496.4617499999995,460.4539999999999
2026-02-01,U2G6B,5113.093939999999,500.98200000000014
2024-11-01,U2G6B,3938.7351200000003,500.07300000000015
2026-03-01,U2G6B,4062.6975299999995,500.1820000000001
2024-07-01,U2G6B,4571.01666,497.32900000000006
2025-04-01,U2G6B,4081.6584999999995,502.40399999999994
2026-05-01,U2G6B,6343.272420000001,499.343
2023-09-01,U2G6B,4915.709500000001,489.50499999999994
2022-02-01,U2G6B,3847.235999999999,457.68000000000006
2022-08-01,U2G6B,4247.6304900000005,460.99
2022-12-01,U2G6B,4321.138799999999,464.89799999999985
2025-06-01,U2G6B,4397.858560000001,502.6579999999999
2023-02-01,U2G6B,4094.980180000001,466.5430000000001
2021-09-01,U2G6B,3605.77503,455.88199999999995
2024-12-01,U2G6B,3847.489789999999,501.0049999999999
2021-10-01,U2G6B,3813.25863,455.94599999999997
2026-01-01,U2G6B,5054.963319999999,502.0800000000001
2022-11-01,U2G6B,4614.86473,463.8239999999999
2023-10-01,U2G6B,5276.963890000001,490.766
2026-06-01,U2G6B,5504.513979999999,498.41299999999995
2022-11-01,06H,8666.136770000001,1026.88
2025-11-01,06H,8565.706559999999,1059.876
2026-03-01,06H,9196.95931,1056.0469999999998
2024-10-01,06H,7790.195440000001,1050.681
2024-06-01,06H,8346.733890000001,1048.9150000000002
2024-02-01,06H,8138.217909999999,1045.978
2022-02-01,06H,6979.2578300000005,1012.3839999999999
2023-12-01,06H,7278.552100000001,1044.688
2026-05-01,06H,8414.067729999999,1053.3840000000002
2022-03-01,06H,8462.82935,1013.2110000000001
2024-03-01,06H,7787.449069999999,1046.363
2022-08-01,06H,8540.382290000001,1019.3399999999997
2024-05-01,06H,7306.44626,1048.2609999999995
2023-08-01,06H,7686.895909999999,1038.1129999999996
2023-02-01,06H,9201.744380000006,1031.4689999999998
2023-03-01,06H,8176.195419999998,1032.3459999999998
2025-09-01,06H,8585.774979999998,1058.028
2021-09-01,06H,6837.124569999999,1002.4359999999995
2024-11-01,06H,9004.045689999999,1054.3160000000003
2022-01-01,06H,6979.561549999999,1011.6809999999998
2025-12-01,06H,10624.127099999998,1059.5299999999997
2022-04-01,06H,8704.667970000002,1013.9850000000004
2026-04-01,06H,8033.021869999997,1055.087
2023-05-01,06H,8214.18669,1033.643
2022-05-01,06H,9913.543510000001,1014.8039999999997
2026-06-01,06H,9571.424689999998,1050.3110000000004
2024-07-01,06H,10302.48644,1049.4220000000003
2025-08-01,06H,8809.542739999999,1058.4060000000002
2021-11-01,06H,7599.15805,1008.0740000000002
2025-07-01,06H,8998.00172,1058.0180000000003
2022-09-01,06H,10152.52313,1020.9880000000005
2025-06-01,06H,7285.462069999998,1057.448
2021-10-01,06H,7403.629310000002,1004.3230000000003
2024-04-01,06H,8637.868549999997,1047.011
2023-07-01,06H,8499.97877,1037.0179999999998
2022-06-01,06H,8574.752469999998,1016.6010000000002
2025-10-01,06H,9626.938380000003,1058.2310000000004
2026-01-01,06H,11680.468659999997,1059.42
2026-02-01,06H,6071.3716399999985,1057.34
2025-01-01,06H,7277.649710000002,1055.8790000000004
2024-08-01,06H,7722.608740000001,1049.7020000000005
2021-07-01,06H,8462.693390000002,1000.023
2025-03-01,06H,7127.481469999999,1056.5620000000006
2025-02-01,06H,6680.090819999999,1056.564
2023-10-01,06H,8310.253120000001,1039.4800000000002
2024-01-01,06H,8445.196830000006,1045.0999999999997
2022-10-01,06H,8027.105019999997,1023.0809999999999
2023-04-01,06H,6406.860719999997,1032.8740000000003
2023-06-01,06H,9093.57709,1035.144
2024-12-01,06H,9764.670399999997,1055.1680000000001
2023-09-01,06H,7247.306930000001,1038.351
2021-06-01,06H,8304.548600000002,996.9649999999998
2025-04-01,06H,7492.775510000001,1056.5549999999998
2022-07-01,06H,8035.66991,1018.1569999999997
2021-12-01,06H,7858.44562,1010.2180000000002
2025-05-01,06H,6580.0832900000005,1056.887
2023-11-01,06H,6606.5705,1042.8670000000002
2024-09-01,06H,6902.789400000001,1050.2569999999998
2022-12-01,06H,7577.62616,1028.7049999999995
2021-08-01,06H,7320.77002,1001.6300000000006
2023-01-01,06H,8491.09574,1029.6439999999998
2026-02-01,06K,8439.17871,636.8999999999997
2022-09-01,06K,8317.14802,618.0550000000004
2024-01-01,06K,7932.433440000001,629.4630000000002
2021-08-01,06K,6534.21517,615.2460000000003
2024-10-01,06K,8280.16903,634.3959999999998
2022-01-01,06K,6575.677340000002,616.4630000000001
2024-09-01,06K,8092.585449999999,633.5459999999999
2024-05-01,06K,7942.390930000001,632.4429999999999
2026-01-01,06K,10568.941159999997,637.6220000000001
2023-10-01,06K,7595.60377,626.8349999999998
2025-12-01,06K,10297.27278,637.8419999999998
2024-11-01,06K,9393.86902,635.1719999999997
2023-05-01,06K,8701.843439999999,623.3190000000002
2024-02-01,06K,8235.81859,630.264
2025-03-01,06K,7790.251649999998,635.8670000000001
2022-12-01,06K,7913.707349999998,620.2159999999998
2026-03-01,06K,9803.1475,636.386
2023-07-01,06K,6877.461809999998,624.692
2022-02-01,06K,7348.697840000001,617.0379999999999
2024-06-01,06K,8774.93498,632.5630000000003
2026-06-01,06K,10170.52561,635.4970000000001
2022-04-01,06K,6963.656580000002,616.9080000000001
2023-08-01,06K,7849.169600000001,625.65
2023-09-01,06K,7550.26884,626.447
2025-09-01,06K,10438.40123,637.2790000000002
2021-07-01,06K,7337.55836,614.7159999999998
2025-11-01,06K,9121.502550000001,638.117
2024-08-01,06K,9324.708489999999,633.4149999999998
2021-11-01,06K,6934.727429999996,616.0049999999999
2025-02-01,06K,7623.78789,635.6609999999997
2025-08-01,06K,8830.990329999999,637.139
2024-04-01,06K,8066.275389999998,631.8519999999999
2022-11-01,06K,8197.395209999997,619.5289999999999
2025-01-01,06K,9481.75948,635.2129999999997
2025-10-01,06K,10837.00429,637.9460000000003
2025-05-01,06K,7131.37713,636.262
2022-07-01,06K,7288.05078,617.6839999999997
2024-12-01,06K,7874.2230500000005,635.383
2023-12-01,06K,7977.362750000001,629.0659999999999
2023-02-01,06K,8114.961410000002,621.4169999999998
2021-06-01,06K,7456.369530000002,613.5429999999999
2023-11-01,06K,7183.74476,628.2240000000002
2023-04-01,06K,6508.891019999999,622.98
2022-06-01,06K,7970.054260000001,617.2060000000002
2024-07-01,06K,8096.854419999996,632.869
2024-03-01,06K,6802.26452,631.2529999999998
2021-09-01,06K,6949.11951,615.713
2021-10-01,06K,5906.664569999999,615.5160000000001
2023-06-01,06K,9542.948730000002,624.2079999999997
2021-12-01,06K,7433.114570000002,616.2349999999999
2022-10-01,06K,7653.153180000001,618.4049999999999
2026-04-01,06K,9807.06901,636.2700000000002
2022-03-01,06K,6458.058350000001,617.16
2025-04-01,06K,8633.72013,635.935
2026-05-01,06K,11042.66778,635.903
2022-08-01,06K,8828.20961,617.9390000000001
2023-03-01,06K,8262.080209999996,622.2830000000001
2022-05-01,06K,6127.04169,616.8030000000001
2025-06-01,06K,8678.916190000002,636.5110000000001
2025-07-01,06K,11664.335740000004,636.7850000000002
2023-01-01,06K,7804.200340000001,620.6190000000001
2024-05-01,06N,4514.21889,687.6659999999998
2023-08-01,06N,4832.3806399999985,682.1170000000003
2024-03-01,06N,3466.160189999999,686.247
2023-02-01,06N,4725.80545,676.9580000000003
2023-10-01,06N,5261.01036,683.197
2022-04-01,06N,3841.4201199999993,669.7539999999998
2024-12-01,06N,5238.819519999998,691.748
2025-09-01,06N,7006.599360000001,694.726
2021-06-01,06N,8031.704299999999,663.038
2023-12-01,06N,4801.18547,684.8830000000002
2023-07-01,06N,5265.888459999998,680.858
2023-03-01,06N,4864.2500500000015,677.7799999999999
2024-10-01,06N,4426.41189,690.5760000000001
2021-08-01,06N,3542.96978,665.6909999999999
2023-09-01,06N,4466.456579999998,683.175
2021-12-01,06N,5894.656680000002,667.7900000000001
2026-05-01,06N,7171.6632,691.0409999999999
2025-07-01,06N,9292.19893,693.75
2025-08-01,06N,7631.412750000001,694.3019999999999
2026-03-01,06N,6430.14442,691.6450000000002
2024-01-01,06N,4185.54511,685.3440000000002
2023-11-01,06N,5106.87976,684.1589999999999
2026-01-01,06N,6489.7672999999995,693.391
2022-06-01,06N,5762.54054,670.7200000000001
2025-02-01,06N,4621.946610000001,692.7379999999999
2025-11-01,06N,6145.85485,694.1579999999997
2024-04-01,06N,4698.777439999999,686.7740000000003
2022-11-01,06N,4734.627700000001,674.6469999999999
2026-06-01,06N,6811.09327,690.1429999999999
2025-12-01,06N,7611.109540000002,693.693
2022-12-01,06N,6620.270220000002,675.2439999999999
2026-04-01,06N,7860.049919999999,691.4770000000002
2024-08-01,06N,5263.308309999999,690.362
2022-09-01,06N,4848.904579999999,673.8740000000003
2021-11-01,06N,4909.499760000001,667.1409999999998
2025-05-01,06N,4276.343560000001,692.9970000000001
2024-07-01,06N,5043.17462,689.4989999999999
2025-06-01,06N,8144.72842,693.4059999999996
2023-04-01,06N,4547.25342,678.3740000000001
2023-01-01,06N,4916.09847,676.041
2022-03-01,06N,5209.45873,669.123
2024-06-01,06N,5094.57407,688.1179999999997
2023-05-01,06N,3966.3288199999997,679.066
2021-07-01,06N,4837.4805,664.6010000000002
2026-02-01,06N,5517.99395,692.4019999999999
2022-01-01,06N,4664.122939999999,668.49
2025-03-01,06N,6116.03071,692.596
2025-04-01,06N,5043.172170000001,692.7930000000001
2022-08-01,06N,5895.230470000001,672.4390000000001
2022-10-01,06N,5475.223900000001,674.0869999999998
2023-06-01,06N,5281.00515,679.9789999999999
2024-09-01,06N,4115.685060000001,690.592
2022-02-01,06N,4351.546419999999,669.008
2025-10-01,06N,7141.424530000001,694.3329999999999
2024-02-01,06N,4284.944080000001,685.778
2024-11-01,06N,6552.497329999999,691.2410000000001
2021-09-01,06N,5183.60568,666.969
2022-07-01,06N,5207.302499999999,671.7160000000001
2021-10-01,06N,4293.626429999999,666.9889999999998
2022-05-01,06N,6124.046759999999,670.0010000000002
2025-01-01,06N,4934.769549999999,692.1920000000001
2024-05-01,M1J4Y,9637.327819999995,1134.7739999999997
2024-07-01,M1J4Y,9515.60861,1137.9049999999997
2023-01-01,M1J4Y,11165.622870000005,1094.945
2026-02-01,M1J4Y,10902.747039999997,1147.8780000000002
2025-12-01,M1J4Y,10745.129860000001,1149.5499999999995
2022-01-01,M1J4Y,10259.540430000001,1072.162
2022-10-01,M1J4Y,10181.463430000003,1087.5520000000001
2026-04-01,M1J4Y,12431.636279999993,1146.9280000000003
2023-06-01,M1J4Y,10185.548760000001,1106.8349999999998
2025-04-01,M1J4Y,10879.186970000004,1146.97
2026-05-01,M1J4Y,12286.147699999996,1145.8239999999998
2025-10-01,M1J4Y,11045.781259999998,1149.7899999999997
2021-09-01,M1J4Y,8516.69027,1064.649
2024-06-01,M1J4Y,9051.84891,1136.3210000000001
2025-09-01,M1J4Y,12266.220079999996,1149.3099999999995
2025-11-01,M1J4Y,10945.83094,1149.5929999999994
2025-02-01,M1J4Y,9302.746400000004,1147.1439999999996
2021-10-01,M1J4Y,8096.492990000001,1065.759
2025-07-01,M1J4Y,12399.828550000002,1148.492
2022-09-01,M1J4Y,10382.012319999998,1086.844
2023-07-01,M1J4Y,9551.9717,1109.122
2022-11-01,M1J4Y,10648.527880000001,1090.3809999999999
2025-01-01,M1J4Y,9120.63373,1145.9869999999999
2022-02-01,M1J4Y,7672.599309999999,1074.0799999999995
2023-09-01,M1J4Y,10429.108800000005,1114.1560000000002
2025-06-01,M1J4Y,9173.83973,1147.879
2025-08-01,M1J4Y,9811.85821,1149.758
2024-11-01,M1J4Y,9066.724569999998,1143.87
2022-12-01,M1J4Y,8288.240410000002,1093.1880000000006
2026-06-01,M1J4Y,13071.558869999999,1144.5659999999998
2021-11-01,M1J4Y,9224.57972,1067.2740000000008
2023-03-01,M1J4Y,9157.626319999994,1100.7240000000006
2024-12-01,M1J4Y,8499.887339999997,1145.204
2026-01-01,M1J4Y,9628.4449,1148.5810000000004
2021-12-01,M1J4Y,10014.39276,1069.4649999999997
2024-02-01,M1J4Y,9220.694160000003,1127.8790000000008
2025-03-01,M1J4Y,8112.768019999999,1146.9860000000008
2022-03-01,M1J4Y,9700.82035,1075.763
2023-08-01,M1J4Y,9250.652260000004,1112.1719999999996
2022-07-01,M1J4Y,9837.884269999995,1083.26
2022-04-01,M1J4Y,9638.64151,1077.382
2025-05-01,M1J4Y,9820.466830000003,1147.3300000000002
2022-08-01,M1J4Y,10070.198620000003,1084.9589999999998
2026-03-01,M1J4Y,10124.10374,1146.882
2023-10-01,M1J4Y,9339.21995,1115.7940000000003
2023-11-01,M1J4Y,11272.500569999998,1119.1030000000003
2024-03-01,M1J4Y,9216.54263,1129.895
2022-06-01,M1J4Y,8818.905459999996,1081.0540000000003
2023-02-01,M1J4Y,8024.350939999999,1097.682
2024-08-01,M1J4Y,9342.81131,1140.1129999999998
2021-06-01,M1J4Y,8752.523149999997,1056.6159999999998
2022-05-01,M1J4Y,9813.157399999998,1078.9919999999993
2021-08-01,M1J4Y,7347.01958,1062.4439999999995
2023-04-01,M1J4Y,7541.521720000001,1103.1360000000004
2021-07-01,M1J4Y,8769.798600000002,1059.7760000000003
2024-04-01,M1J4Y,8618.28282,1131.2379999999998
2024-10-01,M1J4Y,8443.277039999999,1141.8749999999998
2024-01-01,M1J4Y,10042.659769999998,1124.5410000000002
2023-05-01,M1J4Y,9553.46988,1104.486
2023-12-01,M1J4Y,8962.842100000002,1122.3220000000001
2024-09-01,M1J4Y,10071.845699999994,1140.9939999999995
2024-07-01,09D,4643.65953,333.1400000000001
2025-01-01,09D,3638.4735,333.8620000000001
2021-12-01,09D,4382.63649,328.93300000000005
2025-11-01,09D,4594.58229,331.295
2023-12-01,09D,3636.6195800000005,333.08200000000005
2022-05-01,09D,3879.0585700000006,329.6529999999999
2025-12-01,09D,4476.30561,330.591
2022-03-01,09D,4290.158840000001,329.50100000000003
2024-05-01,09D,4928.877979999999,333.465
2023-04-01,09D,2954.1452499999996,331.19199999999995
2024-08-01,09D,4464.541440000001,332.509
2023-03-01,09D,2992.3081299999994,331.56600000000003
2021-07-01,09D,3263.0802199999994,325.299
2022-08-01,09D,4510.201800000001,328.854
2022-11-01,09D,4276.2383500000005,331.3739999999999
2022-04-01,09D,3626.6571,329.65500000000003
2022-09-01,09D,3199.5697299999997,328.66500000000013
2024-03-01,09D,4162.02441,333.21600000000007
2024-02-01,09D,3650.71918,333.0799999999999
2023-05-01,09D,3518.78671,330.84200000000004
2022-02-01,09D,3360.74154,329.3600000000001
2026-05-01,09D,5267.928249999999,324.95900000000006
2022-07-01,09D,3496.276949999999,329.5779999999999
2023-10-01,09D,3517.91676,331.12699999999995
2022-12-01,09D,3798.5917099999992,331.75900000000007
2021-11-01,09D,3491.3924899999997,328.01399999999995
2021-08-01,09D,4102.05672,325.22
2021-06-01,09D,3748.3302900000012,324.743
2025-04-01,09D,4106.47624,333.3810000000001
2021-09-01,09D,3938.0292099999992,324.986
2023-02-01,09D,3037.5638500000005,331.8310000000001
2026-02-01,09D,4865.672059999999,328.3339999999999
2025-10-01,09D,4529.38032,331.1549999999999
2022-01-01,09D,2998.0211500000005,329.3460000000001
2024-12-01,09D,3580.446950000001,334.16000000000014
2023-06-01,09D,3981.87461,330.78899999999993
2023-11-01,09D,3402.996139999999,332.643
2024-10-01,09D,4403.21258,333.61899999999997
2023-01-01,09D,3824.268679999999,331.824
2024-09-01,09D,4682.87924,332.284
2025-03-01,09D,3145.5367,333.578
2026-04-01,09D,4936.948579999997,326.322
2025-05-01,09D,4998.337979999999,332.86
2023-09-01,09D,3691.0966799999997,329.45200000000006
2024-04-01,09D,4636.954780000001,333.27700000000004
2024-11-01,09D,4833.140159999998,334.06700000000006
2025-02-01,09D,2522.7327400000004,333.82300000000004
2026-06-01,09D,4750.137179999999,323.82099999999997
2025-08-01,09D,3761.88223,331.37599999999986
2026-01-01,09D,4750.005869999999,329.65200000000004
2021-10-01,09D,3855.6905600000005,326.918
2024-06-01,09D,3695.21197,333.476
2025-07-01,09D,5324.869359999999,332.02899999999994
2022-06-01,09D,3512.01169,329.76000000000005
2023-08-01,09D,2770.3719900000006,329.913
2026-03-01,09D,4665.0617600000005,326.92799999999994
2025-09-01,09D,4414.416399999999,330.73800000000006
2024-01-01,09D,4868.58841,332.998
2025-06-01,09D,4317.997350000001,332.434
2022-10-01,09D,3849.40238,330.38300000000004
2023-07-01,09D,3984.5787500000006,330.459
2026-01-01,70F,14791.726890000004,951.1750000000003
2023-03-01,70F,13328.554750000001,930.754
2026-03-01,70F,14087.401029999999,950.0240000000001
2024-01-01,70F,12884.19665,937.7959999999998
2023-06-01,70F,15660.994790000002,932.2130000000002
2025-08-01,70F,15841.376070000002,950.8210000000001
2021-12-01,70F,13154.815929999999,919.8189999999997
2024-03-01,70F,13616.47938,939.2490000000003
2026-05-01,70F,15718.671969999994,949.5979999999996
2025-01-01,70F,11254.337209999998,947.1729999999998
2023-11-01,70F,13297.95724,936.286
2023-02-01,70F,11674.50712,930.4859999999999
2024-05-01,70F,12310.906649999999,940.704
2025-06-01,70F,15296.638879999999,949.6909999999996
2023-07-01,70F,12723.081059999993,933.2260000000002
2022-11-01,70F,12790.144170000001,928.8749999999999
2022-04-01,70F,12737.218910000001,922.7250000000001
2023-08-01,70F,12621.84084,934.158
2025-12-01,70F,16458.480170000003,951.6940000000002
2024-09-01,70F,15363.2542,944.4349999999997
2023-04-01,70F,10764.530299999999,931.125
2025-05-01,70F,13007.886250000001,949.5000000000001
2024-10-01,70F,13795.943100000004,945.0999999999999
2024-04-01,70F,14414.689490000002,939.7859999999998
2022-09-01,70F,14287.642740000001,927.3549999999998
2022-07-01,70F,14921.968040000002,925.589
2023-01-01,70F,13501.0377,930.0709999999999
2024-11-01,70F,11827.101959999996,945.8090000000003
2022-06-01,70F,11748.29628,924.5510000000002
2022-03-01,70F,12453.036380000003,922.2270000000002
2024-02-01,70F,13576.41733,938.4639999999998
2022-12-01,70F,13164.27979,929.641
2024-06-01,70F,13681.382499999998,941.7530000000006
2024-08-01,70F,13755.16003,943.8529999999997
2023-09-01,70F,12229.766919999996,935.3259999999999
2024-07-01,70F,13272.72398,942.6960000000003
2021-09-01,70F,12402.846129999998,917.7449999999999
2021-11-01,70F,11859.71279,918.7300000000001
2021-10-01,70F,12297.725829999998,918.0770000000001
2025-10-01,70F,14466.22604,951.6940000000001
2021-06-01,70F,14256.137320000005,913.6169999999997
2025-09-01,70F,14221.459309999997,951.5529999999994
2024-12-01,70F,15126.309389999993,946.6859999999999
2026-04-01,70F,14382.17242,950.0680000000002
2025-03-01,70F,12936.555019999998,947.8670000000002
2025-04-01,70F,12996.449510000004,948.737
2022-08-01,70F,16068.963860000009,926.3629999999999
2025-07-01,70F,14647.809749999999,950.3009999999999
2026-02-01,70F,13903.57675,950.5689999999998
2022-02-01,70F,11597.492610000001,921.984
2022-01-01,70F,11584.315539999994,921.366
2025-11-01,70F,14373.813839999995,951.5470000000001
2022-05-01,70F,14180.097089999997,923.432
2021-08-01,70F,12335.85035,916.6340000000001
2025-02-01,70F,10759.425949999999,947.5749999999997
2026-06-01,70F,18106.126,948.8779999999997
2021-07-01,70F,13098.2646,915.1800000000003
2022-10-01,70F,13764.39378,927.9190000000002
2023-12-01,70F,10982.742129999999,937.3699999999998
2023-10-01,70F,13141.00463,935.4230000000001
2023-05-01,70F,10783.68079,931.3789999999998
2023-06-01,92A,14842.126449999998,1286.5719999999994
2026-01-01,92A,14941.5299,1302.4360000000001
2025-12-01,92A,15632.102459999998,1303.1780000000008
2025-05-01,92A,11312.592920000003,1303.8810000000003
2025-01-01,92A,12287.473059999998,1303.3990000000001
2024-11-01,92A,12367.762249999998,1302.9829999999995
2025-04-01,92A,14298.160509999992,1303.703
2024-08-01,92A,14043.874359999996,1301.3270000000002
2025-07-01,92A,16928.981429999996,1304.422
2023-08-01,92A,12734.158359999994,1288.9040000000005
2021-07-01,92A,14524.645320000009,1263.1710000000005
2023-10-01,92A,12738.242320000003,1290.2010000000005
2026-02-01,92A,14354.272049999996,1300.5719999999992
2023-03-01,92A,15442.002180000003,1285.3309999999997
2026-04-01,92A,16126.131199999998,1298.2220000000002
2022-04-01,92A,14004.694430000003,1273.1459999999997
2026-03-01,92A,14586.132359999994,1299.051
2023-07-01,92A,14726.382689999999,1287.7560000000008
2024-07-01,92A,13480.896329999994,1299.945
2022-03-01,92A,12546.782509999997,1272.3509999999994
2022-09-01,92A,13877.051780000002,1280.5349999999999
2023-01-01,92A,12037.20063,1283.3540000000005
2024-06-01,92A,11825.537180000001,1298.7489999999991
2023-04-01,92A,9185.03964,1285.4330000000002
2021-09-01,92A,11510.24778,1266.7460000000008
2022-01-01,92A,13646.443580000006,1270.6660000000002
2026-05-01,92A,14785.242569999995,1297.1710000000005
2022-02-01,92A,12179.735470000003,1271.8889999999992
2023-12-01,92A,12668.7107,1293.7030000000002
2026-06-01,92A,16265.386519999993,1295.1660000000002
2024-10-01,92A,13553.189069999997,1302.1989999999998
2021-08-01,92A,11904.237610000002,1265.3869999999997
2024-02-01,92A,12706.857,1294.9730000000002
2022-12-01,92A,13775.666770000007,1283.4120000000005
2024-04-01,92A,12734.524179999995,1296.18
2024-12-01,92A,12884.632169999995,1303.1709999999994
2023-09-01,92A,12211.05236,1289.706
2025-10-01,92A,15707.690659999997,1304.6549999999997
2021-12-01,92A,14490.012270000003,1269.72
2021-11-01,92A,15359.435800000001,1268.4649999999997
2025-08-01,92A,15976.55992,1304.6740000000004
2025-02-01,92A,12703.33314,1303.8010000000002
2025-06-01,92A,14211.269819999998,1304.144000000001
2024-05-01,92A,12790.68979,1298.08
2025-11-01,92A,14544.614789999996,1303.6379999999997
2022-07-01,92A,12711.142910000004,1277.3139999999999
2023-02-01,92A,11300.852270000005,1284.5030000000006
2024-09-01,92A,11915.959619999996,1301.7240000000004
2022-05-01,92A,11780.238439999996,1273.918
2022-11-01,92A,12468.235990000003,1282.239
2025-09-01,92A,15689.003779999997,1304.9850000000001
2022-06-01,92A,13255.71898000001,1275.7410000000002
2024-01-01,92A,12364.611470000002,1293.4019999999996
2021-06-01,92A,13301.808880000004,1261.8100000000002
2022-10-01,92A,14059.304440000002,1280.9909999999995
2022-08-01,92A,15240.909990000002,1278.6999999999998
2023-05-01,92A,12273.656539999996,1286.212
2023-11-01,92A,11236.631890000002,1292.1059999999998
2021-10-01,92A,13854.139730000003,1267.8519999999999
2025-03-01,92A,11409.265339999998,1303.4460000000001
2024-03-01,92A,10219.320969999997,1295.5599999999995
2025-01-01,97R,8576.264250000004,577.2199999999999
2025-12-01,97R,9270.728219999999,577.3349999999998
2026-06-01,97R,8113.232149999998,576.0240000000001
2021-12-01,97R,9207.922830000001,566.037
2023-07-01,97R,8341.63848,572.8580000000002
2022-10-01,97R,8871.787399999997,569.8349999999999
2026-05-01,97R,8817.130719999997,576.318
2024-07-01,97R,8309.60736,576.387
2026-03-01,97R,7756.7578399999975,576.5210000000004
2022-04-01,97R,7984.50885,567.2039999999998
2022-02-01,97R,7498.987240000002,566.532
2023-03-01,97R,7886.426999999999,571.151
2022-05-01,97R,9019.070860000002,567.3089999999997
2021-09-01,97R,8812.96035,565.4449999999998
2025-08-01,97R,9641.867199999997,577.4789999999998
2022-11-01,97R,8791.07777,569.9859999999999
2025-03-01,97R,7967.175459999999,577.0919999999998
2022-08-01,97R,8614.80635,568.8710000000001
2024-02-01,97R,7842.879230000001,574.7199999999999
2025-10-01,97R,7343.862929999999,577.538
2025-06-01,97R,9039.85647,577.3399999999998
2022-07-01,97R,8678.308680000002,568.2619999999998
2022-01-01,97R,7720.387620000001,566.5409999999999
2024-11-01,97R,8136.693719999997,577.0650000000002
2021-11-01,97R,7034.45213,565.617
2022-03-01,97R,7366.956689999998,566.6969999999998
2024-08-01,97R,7691.914540000001,576.8529999999998
2025-07-01,97R,8919.713879999996,577.266
2023-06-01,97R,9816.590839999997,572.1630000000001
2024-01-01,97R,7826.406640000003,574.5029999999999
2023-05-01,97R,7045.55314,571.5850000000003
2023-11-01,97R,8552.778520000002,574.348
2024-05-01,97R,8053.11979,575.6719999999999
2021-10-01,97R,7873.146469999999,565.5230000000003
2023-04-01,97R,6213.389289999999,571.3290000000003
2024-12-01,97R,10095.909579999998,577.1910000000001
2021-06-01,97R,8437.116020000001,563.7850000000001
2021-08-01,97R,6982.310159999999,564.988
2025-11-01,97R,8711.63488,577.373
2023-12-01,97R,8812.776799999998,574.5459999999999
2026-02-01,97R,8224.21379,576.7339999999998
2023-10-01,97R,9397.79255,573.793
2025-09-01,97R,8449.9471,577.699
2022-06-01,97R,7898.556650000001,567.7820000000002
2023-02-01,97R,7972.136190000003,571.0149999999999
2021-07-01,97R,7791.9718200000025,564.642
2024-04-01,97R,8833.45433,575.2059999999998
2026-04-01,97R,9027.751989999997,576.4900000000001
2023-01-01,97R,7669.72261,570.78
2024-10-01,97R,8224.940119999997,576.978
2025-04-01,97R,7936.04346,577.258
2022-12-01,97R,8475.56588,570.478
2025-05-01,97R,7653.276340000001,577.2390000000001
2024-09-01,97R,7691.9070299999985,577.0020000000001
2024-03-01,97R,9258.949929999999,574.97
2023-08-01,97R,9255.85568,573.1079999999998
2022-09-01,97R,7613.438090000001,569.4139999999999
2023-09-01,97R,7767.185000000001,573.7199999999998
2026-01-01,97R,8525.52605,576.9879999999998
2024-06-01,97R,7777.1313199999995,576.0190000000001
2025-02-01,97R,7322.2752100000025,577.444
2025-11-01,06L,3255.0883500000004,419.92299999999994
2024-09-01,06L,4827.51285,418.0130000000001
2026-03-01,06L,4134.11877,418.7909999999998
2021-07-01,06L,3783.9094600000003,408.02800000000013
2025-08-01,06L,3974.505770000001,420.3840000000001
2023-05-01,06L,3772.2480900000005,413.4550000000001
2022-06-01,06L,4578.21309,410.77000000000004
2026-02-01,06L,3994.82409,419.233
2022-07-01,06L,4792.426639999999,411.23600000000005
2025-01-01,06L,4055.26259,418.5300000000001
2022-12-01,06L,4646.63459,412.381
2025-07-01,06L,4169.307350000001,419.942
2026-01-01,06L,4765.42428,419.57399999999984
2024-05-01,06L,4969.186660000002,416.67399999999986
2024-04-01,06L,4824.578699999999,416.36
2023-09-01,06L,4857.943579999999,415.0300000000001
2023-07-01,06L,4872.13391,414.26300000000003
2021-08-01,06L,3660.4938900000006,408.668
2023-03-01,06L,4130.81516,413.18799999999993
2026-06-01,06L,4103.2958100000005,417.62999999999994
2025-02-01,06L,3385.3598600000005,418.79999999999995
2023-08-01,06L,4454.17262,414.616
2024-01-01,06L,4929.72021,415.893
2021-09-01,06L,3849.0611900000004,409.1890000000001
2024-12-01,06L,4720.454959999999,418.37500000000006
2022-10-01,06L,4662.925219999999,411.7699999999999
2021-06-01,06L,3544.96201,407.5469999999999
2025-04-01,06L,4483.94088,419.15799999999996
2023-06-01,06L,4876.03253,413.744
2024-06-01,06L,4269.5304,416.98699999999985
2021-12-01,06L,3224.65335,409.41100000000006
2022-01-01,06L,3724.0818999999997,409.80100000000004
2022-09-01,06L,4629.353780000001,411.82800000000003
2026-04-01,06L,4507.607039999998,418.56
2026-05-01,06L,4531.0626600000005,418.17699999999996
2024-10-01,06L,4899.747109999999,418.01399999999995
2022-02-01,06L,4215.632079999999,409.98199999999997
2023-02-01,06L,4510.11772,413.09200000000004
2024-11-01,06L,4995.89318,418.258
2025-10-01,06L,4132.1888500000005,420.0979999999999
2025-05-01,06L,4095.0885800000005,419.415
2021-10-01,06L,3335.8012400000002,409.15400000000005
2024-07-01,06L,5113.232189999999,417.3299999999999
2022-04-01,06L,4231.83676,410.2810000000001
2022-08-01,06L,4290.91816,411.563
2022-11-01,06L,4796.067769999999,411.969
2024-03-01,06L,5034.972310000002,416.27000000000004
2023-04-01,06L,3730.5428000000006,413.36199999999997
2024-08-01,06L,4123.72441,417.7109999999999
2023-12-01,06L,3849.2179899999996,415.6010000000001
2022-03-01,06L,3852.5440000000003,410.125
2023-11-01,06L,4856.01317,415.4269999999999
2025-12-01,06L,4425.656139999999,419.846
2025-09-01,06L,4192.399399999999,420.4839999999999
2023-01-01,06L,4532.875659999999,412.7920000000001
2023-10-01,06L,5431.0421,415.239
2024-02-01,06L,4689.922240000001,416.0740000000001
2025-06-01,06L,4293.944050000001,419.6429999999999
2021-11-01,06L,4040.90474,409.17999999999995
2022-05-01,06L,3677.27901,410.46000000000004
2025-03-01,06L,4106.46718,418.90599999999995
2026-06-01,07K,4959.385219999999,280.438
2025-12-01,07K,4838.11435,280.96199999999993
2023-09-01,07K,4274.64162,275.949
2022-02-01,07K,4447.120240000001,271.036
2025-08-01,07K,4497.14024,280.769
2021-06-01,07K,4077.768489999999,268.812
2022-07-01,07K,5002.667119999999,272.283
2024-11-01,07K,4312.195119999999,279.901
2024-08-01,07K,4111.29999,279.094
2024-06-01,07K,4211.382930000001,278.422
2022-06-01,07K,4140.20398,272.006
2024-03-01,07K,4838.969459999998,277.48199999999997
2025-10-01,07K,5145.413710000001,280.966
2024-04-01,07K,4572.1558700000005,277.84000000000003
2021-12-01,07K,4366.33229,270.47700000000003
2025-06-01,07K,3665.3171700000003,280.3949999999999
2021-09-01,07K,4217.338029999999,270.16299999999995
2022-11-01,07K,5176.651470000002,273.56600000000003
2026-02-01,07K,4238.44471,280.71000000000004
2026-05-01,07K,3844.1093100000003,280.66999999999996
2023-04-01,07K,3652.0436200000004,274.982
2023-02-01,07K,4383.6729,274.484
2026-04-01,07K,5568.763150000002,280.62699999999995
2023-03-01,07K,5150.4247,274.78299999999996
2026-01-01,07K,4578.183120000001,280.976
2025-01-01,07K,4456.93703,280.077
2023-06-01,07K,4910.8020799999995,274.81700000000006
2024-12-01,07K,5797.354599999999,279.99100000000004
2024-05-01,07K,3235.6061500000005,278.11100000000005
2025-09-01,07K,5247.667620000001,280.927
2021-07-01,07K,3850.3894499999997,269.39000000000004
2023-05-01,07K,4706.646160000002,274.453
2024-02-01,07K,4100.922799999999,277.20900000000006
2025-07-01,07K,5207.606650000001,280.60799999999995
2025-05-01,07K,3790.6851300000003,280.286
2022-09-01,07K,4386.90027,273.09700000000004
2026-03-01,07K,3750.740830000001,280.73
2025-11-01,07K,4623.496780000001,280.955
2022-03-01,07K,3615.17702,271.26300000000003
2022-10-01,07K,4846.2984799999995,273.317
2021-11-01,07K,4657.46089,270.235
2024-01-01,07K,4871.885589999999,277.07700000000006
2023-01-01,07K,4751.940629999999,274.24399999999997
2024-10-01,07K,4686.880929999999,279.582
2022-05-01,07K,4968.288599999999,271.575
2022-04-01,07K,4355.408339999999,271.35400000000004
2024-09-01,07K,3705.1419299999993,279.496
2023-11-01,07K,4438.072230000001,276.43699999999995
2023-12-01,07K,6849.567620000002,276.8469999999999
2022-08-01,07K,4375.13193,272.7200000000001
2021-08-01,07K,4152.05377,269.83700000000005
2023-08-01,07K,4740.60222,275.57700000000006
2022-01-01,07K,4662.96565,270.79900000000004
2022-12-01,07K,4553.3497,273.93
2025-04-01,07K,4765.838069999999,280.117
2024-07-01,07K,4563.656379999999,278.824
2023-10-01,07K,5021.40512,276.10499999999996
2025-03-01,07K,4390.85663,280.086
2025-02-01,07K,3984.99253,280.09900000000005
2021-10-01,07K,3730.6016499999996,270.20199999999994
2023-07-01,07K,4249.69412,275.14799999999997
2022-04-01,26A,11338.70074,1080.8270000000002
2024-11-01,26A,11156.667349999998,1099.8439999999994
2026-03-01,26A,15680.408640000005,1100.1989999999996
2023-08-01,26A,12201.635729999998,1089.9619999999998
2026-02-01,26A,15111.4378,1101.0689999999997
2024-01-01,26A,11319.652839999999,1093.9679999999996
2024-07-01,26A,11385.972909999999,1096.3079999999998
2022-08-01,26A,13054.388770000007,1083.066
2024-03-01,26A,11270.0419,1094.4940000000006
2026-01-01,26A,17237.61281,1102.1879999999994
2023-05-01,26A,11047.070419999998,1088.308
2023-10-01,26A,10382.054479999999,1091.7840000000003
2021-12-01,26A,13446.118789999999,1080.943
2022-09-01,26A,12442.258409999997,1083.9789999999998
2023-09-01,26A,11553.4358,1090.508
2023-02-01,26A,11148.951610000007,1087.9650000000001
2023-11-01,26A,11284.815459999998,1092.9660000000001
2022-05-01,26A,10320.332729999998,1081.017
2025-08-01,26A,17274.165570000005,1100.991
2024-05-01,26A,10910.323030000005,1095.7020000000002
2026-05-01,26A,16854.073699999997,1098.9649999999992
2023-04-01,26A,9499.272249999996,1088.169
2023-03-01,26A,13284.033010000005,1088.2580000000007
2022-11-01,26A,13262.857230000001,1087.1660000000004
2026-04-01,26A,18931.26135,1099.9040000000002
2025-02-01,26A,9127.210350000001,1100.414
2021-09-01,26A,11959.332660000004,1077.9399999999998
2026-06-01,26A,16680.114249999995,1097.3700000000001
2024-08-01,26A,11381.061289999998,1096.988
2024-12-01,26A,13269.240449999994,1099.9460000000004
2025-12-01,26A,15920.347839999999,1102.829
2022-02-01,26A,11250.300760000006,1081.121
2021-11-01,26A,14363.45649000001,1080.2539999999997
2025-11-01,26A,16175.464860000004,1103.3919999999996
2025-10-01,26A,15148.84006,1103.4249999999995
2025-03-01,26A,11945.349419999995,1100.156
2025-01-01,26A,13476.061829999999,1100.2599999999998
2022-10-01,26A,12058.227540000005,1085.3599999999994
2022-12-01,26A,12984.37316,1087.849
2024-10-01,26A,11580.396400000003,1099.111
2021-10-01,26A,12224.349720000002,1079.483
2024-02-01,26A,11196.835549999996,1094.4289999999999
2024-04-01,26A,11568.837339999998,1094.6060000000004
2021-07-01,26A,13590.148449999999,1076.3609999999996
2023-01-01,26A,12741.492100000003,1087.842
2025-09-01,26A,16050.550100000002,1101.5460000000003
2025-04-01,26A,13200.091990000004,1100.1140000000005
2022-06-01,26A,13022.55562,1081.7359999999999
2024-09-01,26A,10861.923479999996,1097.6509999999998
2022-01-01,26A,12612.45394,1081.2279999999998
2021-06-01,26A,12769.312539999995,1075.323
2023-07-01,26A,13164.76845,1089.283
2025-07-01,26A,12675.22827,1100.5289999999998
2024-06-01,26A,11266.311790000005,1095.941
2025-06-01,26A,10797.383499999996,1100.2780000000002
2022-07-01,26A,11849.975139999997,1082.501
2023-06-01,26A,13241.724820000003,1088.6960000000001
2021-08-01,26A,12877.872490000005,1077.0719999999997
2023-12-01,26A,11469.610539999994,1094.0909999999997
2022-03-01,26A,12018.33073,1080.841
2025-05-01,26A,7734.10005,1100.0859999999998
2023-07-01,93C,24071.86406,1785.9169999999997
2022-12-01,93C,25222.273329999996,1773.024
2022-08-01,93C,24527.26367,1754.8840000000002
2024-02-01,93C,22210.228669999997,1806.6810000000003
2021-08-01,93C,22479.05224000001,1715.554
2026-04-01,93C,36003.114779999996,1815.2210000000011
2026-06-01,93C,38304.971789999996,1802.0290000000002
2025-03-01,93C,26071.352210000005,1837.5380000000011
2023-01-01,93C,24898.78947999999,1775.3200000000015
2025-11-01,93C,33171.91059999999,1842.5859999999989
2023-08-01,93C,24079.8457,1788.033000000001
2025-07-01,93C,33048.550449999995,1836.0499999999995
2026-02-01,93C,32210.62783000001,1826.5869999999998
2021-07-01,93C,23125.907959999997,1712.9629999999995
2024-05-01,93C,24994.816759999998,1811.2089999999998
2022-02-01,93C,22130.661710000004,1745.346
2024-10-01,93C,26353.148440000008,1821.3810000000005
2025-12-01,93C,37112.73931999999,1840.804
2023-03-01,93C,26418.26684000001,1780.6440000000016
2022-03-01,93C,25304.690830000014,1747.3590000000002
2023-09-01,93C,23415.31505,1789.5740000000003
2026-03-01,93C,34070.78219999999,1818.1749999999997
2023-06-01,93C,28016.63775000001,1784.3000000000004
2022-07-01,93C,25987.64385999999,1753.7250000000001
2021-10-01,93C,21403.29442999999,1724.5140000000001
2024-08-01,93C,27194.314090000007,1814.883
2025-08-01,93C,34952.24578,1835.8760000000004
2025-10-01,93C,34989.34885999999,1839.7899999999997
2023-10-01,93C,23860.435600000023,1793.372000000002
2026-01-01,93C,36231.80196,1836.974
2024-01-01,93C,25681.436389999995,1805.082
2023-05-01,93C,21820.24748,1782.6079999999997
2024-06-01,93C,26065.175369999997,1812.6549999999997
2022-05-01,93C,24604.010430000002,1749.6969999999988
2025-05-01,93C,25933.16176,1836.0219999999997
2022-06-01,93C,25425.08943000002,1751.855
2022-09-01,93C,26605.981020000017,1756.6619999999994
2021-09-01,93C,22372.298609999998,1717.450999999999
2021-12-01,93C,20432.702319999986,1737.5200000000007
2022-04-01,93C,23235.25751,1748.3370000000002
2025-06-01,93C,30547.262449999977,1836.133
2023-11-01,93C,22548.67491999999,1800.022
2021-06-01,93C,24476.70894999999,1704.937
2023-02-01,93C,24139.846830000002,1778.5830000000012
2021-11-01,93C,25967.14404,1732.3470000000016
2025-02-01,93C,24290.50488000001,1839.069
2024-03-01,93C,24968.014499999994,1808.4080000000001
2023-04-01,93C,21921.474340000015,1781.5150000000003
2024-09-01,93C,23487.90910999999,1814.9600000000005
2025-09-01,93C,35525.279559999995,1835.24
2026-05-01,93C,32946.87109000001,1810.4079999999994
2023-12-01,93C,22444.54378,1803.9669999999996
2024-11-01,93C,28952.76642999999,1830.429
2025-04-01,93C,27651.377300000004,1836.881
2022-01-01,93C,22062.49535,1742.4840000000004
2022-10-01,93C,25184.942549999985,1760.5159999999994
2022-11-01,93C,27086.358469999992,1768.922999999999
2024-07-01,93C,27938.4011,1813.2949999999996
2024-04-01,93C,24460.594669999988,1806.857999999999
2024-12-01,93C,31552.599379999992,1834.7040000000004
2025-01-01,93C,30575.2002,1837.2190000000019
2026-02-01,W2U3Z,37864.26294999999,2926.919000000001
2025-02-01,W2U3Z,32657.36876,2902.2659999999996
2024-04-01,W2U3Z,34890.08262000001,2879.150999999999
2022-02-01,W2U3Z,26467.53413000001,2757.5840000000007
2026-03-01,W2U3Z,40894.00290000002,2919.316000000001
2026-01-01,W2U3Z,43594.74586000002,2941.537999999999
2025-03-01,W2U3Z,35891.64605,2906.278
2025-01-01,W2U3Z,33965.10808999999,2902.2400000000002
2025-08-01,W2U3Z,40362.190129999995,2921.0640000000003
2022-09-01,W2U3Z,33130.07716000001,2793.329999999999
2024-05-01,W2U3Z,33078.6895,2889.027000000001
2024-06-01,W2U3Z,29276.57767,2893.096
2023-12-01,W2U3Z,33078.66101,2874.5080000000007
2023-11-01,W2U3Z,33297.306189999996,2862.9979999999987
2023-05-01,W2U3Z,33590.654750000016,2835.6379999999976
2021-07-01,W2U3Z,26865.682409999983,2694.379
2021-11-01,W2U3Z,26031.97394000001,2731.509999999998
2025-04-01,W2U3Z,37156.943419999996,2913.5470000000005
2023-01-01,W2U3Z,32950.577180000015,2825.894999999999
2024-08-01,W2U3Z,34439.515319999984,2885.0360000000005
2025-05-01,W2U3Z,35302.289659999966,2912.140000000001
2023-10-01,W2U3Z,34892.97617000001,2854.174000000001
2022-11-01,W2U3Z,32356.840760000003,2809.404999999999
2021-09-01,W2U3Z,26441.267679999997,2709.5149999999985
2023-07-01,W2U3Z,34822.06906000002,2842.1490000000013
2025-10-01,W2U3Z,41231.65935,2932.5700000000015
2021-06-01,W2U3Z,31081.6953,2679.0049999999987
2021-08-01,W2U3Z,24733.209239999993,2702.2740000000017
2023-06-01,W2U3Z,31279.92246000001,2839.2509999999984
2022-05-01,W2U3Z,30130.32013,2773.2240000000033
2026-05-01,W2U3Z,43167.50749000003,2907.4929999999986
2023-02-01,W2U3Z,29944.48763999999,2830.237
2024-02-01,W2U3Z,27651.221310000004,2885.3239999999983
2022-01-01,W2U3Z,28719.24691999999,2751.8349999999987
2022-08-01,W2U3Z,30537.05289999999,2789.9219999999996
2025-07-01,W2U3Z,43211.52921999997,2918.913000000002
2024-12-01,W2U3Z,36552.000199999995,2903.9690000000005
2023-04-01,W2U3Z,27551.728960000004,2834.0819999999994
2024-10-01,W2U3Z,35056.33498,2906.679000000002
2022-10-01,W2U3Z,32315.685530000006,2798.1680000000006
2024-03-01,W2U3Z,30781.15061999999,2883.4759999999965
2024-07-01,W2U3Z,34245.83586999998,2892.245
2025-06-01,W2U3Z,37475.00293999998,2916.485
2022-04-01,W2U3Z,30657.146930000024,2771.163999999996
2025-12-01,W2U3Z,44224.11037999999,2943.566999999998
2022-06-01,W2U3Z,28802.245560000025,2777.1019999999994
2026-04-01,W2U3Z,47594.74539000001,2916.622000000002
2023-08-01,W2U3Z,33542.83764,2848.0269999999996
2021-10-01,W2U3Z,27600.779810000015,2719.5060000000026
2022-07-01,W2U3Z,29605.60804,2783.7390000000005
2022-12-01,W2U3Z,32587.541350000007,2820.5480000000002
2021-12-01,W2U3Z,28988.487810000006,2741.3750000000005
2024-09-01,W2U3Z,33077.94066,2899.4969999999994
2024-01-01,W2U3Z,30632.51164999997,2880.7480000000005
2024-11-01,W2U3Z,32671.867820000014,2906.913000000001
2026-06-01,W2U3Z,42431.25876,2893.0999999999967
2025-09-01,W2U3Z,45798.26362,2921.909
2023-09-01,W2U3Z,30315.38110000001,2851.0129999999976
2022-03-01,W2U3Z,28211.700259999994,2765.217000000002
2025-11-01,W2U3Z,36767.96457999999,2940.967999999999
2023-03-01,W2U3Z,32405.123099999986,2831.6139999999978
