month,code,numerator,denominator
2022-03-01,00D,0.0,0.0
2026-06-01,00D,0.0,0.0
2024-05-01,00D,0.0,0.0
2023-08-01,00D,0.0,0.0
2023-01-01,00D,0.0,0.0
2021-06-01,00D,0.0,0.0
2022-05-01,00D,0.0,0.0
2021-07-01,00D,0.0,0.0
2021-10-01,00D,0.0,0.0
2024-03-01,00D,0.0,0.0
2025-03-01,00D,0.0,0.0
2022-11-01,00D,0.0,0.0
2025-06-01,00D,0.0,0.0
2021-09-01,00D,0.0,0.0
2023-02-01,00D,0.0,0.0
2023-11-01,00D,0.0,0.0
2024-06-01,00D,0.0,0.0
2023-03-01,00D,0.0,0.0
2024-02-01,00D,0.0,0.0
2025-08-01,00D,0.0,0.0
2023-06-01,00D,0.0,0.0
2021-11-01,00D,0.0,0.0
2024-04-01,00D,0.0,0.0
2023-09-01,00D,0.0,0.0
2023-12-01,00D,0.0,0.0
2022-07-01,00D,0.0,0.0
2021-08-01,00D,0.0,0.0
2022-02-01,00D,0.0,0.0
2022-09-01,00D,0.0,0.0
2026-05-01,00D,0.0,0.0
2024-09-01,00D,0.0,0.0
2024-01-01,00D,0.0,0.0
2021-12-01,00D,0.0,0.0
2026-04-01,00D,0.0,0.0
2025-12-01,00D,0.0,0.0
2023-05-01,00D,0.0,0.0
2024-07-01,00D,0.0,0.0
2026-01-01,00D,0.0,0.0
2025-05-01,00D,0.0,0.0
2025-10-01,00D,0.0,0.0
2025-02-01,00D,0.0,0.0
2025-01-01,00D,0.0,0.0
2025-09-01,00D,0.0,0.0
2023-07-01,00D,0.0,0.0
2024-10-01,00D,0.0,0.0
2022-04-01,00D,0.0,0.0
2024-08-01,00D,0.0,0.0
2026-02-01,00D,0.0,0.0
2023-04-01,00D,0.0,0.0
2022-10-01,00D,0.0,0.0
2024-11-01,00D,0.0,0.0
2022-12-01,00D,0.0,0.0
2024-12-01,00D,0.0,0.0
2026-03-01,00D,0.0,0.0
2022-08-01,00D,0.0,0.0
2022-01-01,00D,0.0,0.0
2025-04-01,00D,0.0,0.0
2023-10-01,00D,0.0,0.0
2025-11-01,00D,0.0,0.0
2025-07-01,00D,0.0,0.0
2022-06-01,00D,0.0,0.0
2022-11-01,00J,0.0,0.0
2023-07-01,00J,0.0,0.0
2025-12-01,00J,0.0,0.0
2024-02-01,00J,0.0,0.0
2021-09-01,00J,0.0,0.0
2022-10-01,00J,0.0,0.0
2026-01-01,00J,0.0,0.0
2024-08-01,00J,0.0,0.0
2025-07-01,00J,0.0,0.0
2023-01-01,00J,0.0,0.0
2022-12-01,00J,0.0,0.0
2022-06-01,00J,0.0,0.0
2023-09-01,00J,0.0,0.0
2023-04-01,00J,0.0,0.0
2022-01-01,00J,0.0,0.0
2026-04-01,00J,0.0,0.0
2022-08-01,00J,0.0,0.0
2024-05-01,00J,0.0,0.0
2025-02-01,00J,0.0,0.0
2024-04-01,00J,0.0,0.0
2023-12-01,00J,0.0,0.0
2021-07-01,00J,0.0,0.0
2022-07-01,00J,0.0,0.0
2026-02-01,00J,0.0,0.0
2023-02-01,00J,0.0,0.0
2022-09-01,00J,0.0,0.0
2024-09-01,00J,0.0,0.0
2025-06-01,00J,0.0,0.0
2024-07-01,00J,0.0,0.0
2025-11-01,00J,0.0,0.0
2025-04-01,00J,0.0,0.0
2025-05-01,00J,0.0,0.0
2023-10-01,00J,0.0,0.0
2022-04-01,00J,0.0,0.0
2022-03-01,00J,0.0,0.0
2025-03-01,00J,0.0,0.0
2024-12-01,00J,0.0,0.0
2022-02-01,00J,0.0,0.0
2021-06-01,00J,0.0,0.0
2026-06-01,00J,0.0,0.0
2021-08-01,00J,0.0,0.0
2023-03-01,00J,0.0,0.0
2023-08-01,00J,0.0,0.0
2026-03-01,00J,0.0,0.0
2024-11-01,00J,0.0,0.0
2024-10-01,00J,0.0,0.0
2025-08-01,00J,0.0,0.0
2024-06-01,00J,0.0,0.0
2022-05-01,00J,0.0,0.0
2026-05-01,00J,0.0,0.0
2021-12-01,00J,0.0,0.0
2024-03-01,00J,0.0,0.0
2024-01-01,00J,0.0,0.0
2021-11-01,00J,0.0,0.0
2023-06-01,00J,0.0,0.0
2023-11-01,00J,0.0,0.0
2021-10-01,00J,0.0,0.0
2025-01-01,00J,0.0,0.0
2023-05-01,00J,0.0,0.0
2025-09-01,00J,0.0,0.0
2025-10-01,00J,0.0,0.0
2023-07-01,00K,0.0,0.0
2022-09-01,00K,0.0,0.0
2025-11-01,00K,0.0,0.0
2024-04-01,00K,0.0,0.0
2023-12-01,00K,0.0,0.0
2026-01-01,00K,0.0,0.0
2024-12-01,00K,0.0,0.0
2026-04-01,00K,0.0,0.0
2024-02-01,00K,0.0,0.0
2024-05-01,00K,0.0,0.0
2024-03-01,00K,0.0,0.0
2023-06-01,00K,0.0,0.0
2025-09-01,00K,0.0,0.0
2026-03-01,00K,0.0,0.0
2022-07-01,00K,0.0,0.0
2025-08-01,00K,0.0,0.0
2023-10-01,00K,0.0,0.0
2025-12-01,00K,0.0,0.0
2022-01-01,00K,0.0,0.0
2021-08-01,00K,0.0,0.0
2026-06-01,00K,0.0,0.0
2023-01-01,00K,0.0,0.0
2022-08-01,00K,0.0,0.0
2022-10-01,00K,0.0,0.0
2026-02-01,00K,0.0,0.0
2023-05-01,00K,0.0,0.0
2025-02-01,00K,0.0,0.0
2022-05-01,00K,0.0,0.0
2025-10-01,00K,0.0,0.0
2023-02-01,00K,0.0,0.0
2022-11-01,00K,0.0,0.0
2022-03-01,00K,0.0,0.0
2026-05-01,00K,0.0,0.0
2023-08-01,00K,0.0,0.0
2021-12-01,00K,0.0,0.0
2022-04-01,00K,0.0,0.0
2024-09-01,00K,0.0,0.0
2024-10-01,00K,0.0,0.0
2023-09-01,00K,0.0,0.0
2023-04-01,00K,0.0,0.0
2024-07-01,00K,0.0,0.0
2025-01-01,00K,0.0,0.0
2025-06-01,00K,0.0,0.0
2025-04-01,00K,0.0,0.0
2024-08-01,00K,0.0,0.0
2024-01-01,00K,0.0,0.0
2023-03-01,00K,0.0,0.0
2022-06-01,00K,0.0,0.0
2021-06-01,00K,0.0,0.0
2024-06-01,00K,0.0,0.0
2024-11-01,00K,0.0,0.0
2021-11-01,00K,0.0,0.0
2025-03-01,00K,0.0,0.0
2021-07-01,00K,0.0,0.0
2025-05-01,00K,0.0,0.0
2025-07-01,00K,0.0,0.0
2021-10-01,00K,0.0,0.0
2022-02-01,00K,0.0,0.0
2021-09-01,00K,0.0,0.0
2022-12-01,00K,0.0,0.0
2023-11-01,00K,0.0,0.0
2024-06-01,00M,0.0,0.0
2025-07-01,00M,0.0,0.0
2026-06-01,00M,0.0,0.0
2023-01-01,00M,0.0,0.0
2026-01-01,00M,0.0,0.0
2025-06-01,00M,0.0,0.0
2024-05-01,00M,0.0,0.0
2025-10-01,00M,0.0,0.0
2024-09-01,00M,0.0,0.0
2023-07-01,00M,0.0,0.0
2022-02-01,00M,0.0,0.0
2023-10-01,00M,0.0,0.0
2023-11-01,00M,0.0,0.0
2026-04-01,00M,0.0,0.0
2022-10-01,00M,0.0,0.0
2021-11-01,00M,0.0,0.0
2025-08-01,00M,0.0,0.0
2025-05-01,00M,0.0,0.0
2025-02-01,00M,0.0,0.0
2024-04-01,00M,0.0,0.0
2022-03-01,00M,0.0,0.0
2022-06-01,00M,0.0,0.0
2023-05-01,00M,0.0,0.0
2025-04-01,00M,0.0,0.0
2025-03-01,00M,0.0,0.0
2022-01-01,00M,0.0,0.0
2023-08-01,00M,0.0,0.0
2022-11-01,00M,0.0,0.0
2022-08-01,00M,0.0,0.0
2023-04-01,00M,0.0,0.0
2025-01-01,00M,0.0,0.0
2024-08-01,00M,0.0,0.0
2025-11-01,00M,0.0,0.0
2026-02-01,00M,0.0,0.0
2022-05-01,00M,0.0,0.0
2024-03-01,00M,0.0,0.0
2025-09-01,00M,0.0,0.0
2022-07-01,00M,0.0,0.0
2023-12-01,00M,0.0,0.0
2024-12-01,00M,0.0,0.0
2021-09-01,00M,0.0,0.0
2021-07-01,00M,0.0,0.0
2023-02-01,00M,0.0,0.0
2022-09-01,00M,0.0,0.0
2025-12-01,00M,0.0,0.0
2024-02-01,00M,0.0,0.0
2023-06-01,00M,0.0,0.0
2023-03-01,00M,0.0,0.0
2022-12-01,00M,0.0,0.0
2024-10-01,00M,0.0,0.0
2022-04-01,00M,0.0,0.0
2024-07-01,00M,0.0,0.0
2023-09-01,00M,0.0,0.0
2021-12-01,00M,0.0,0.0
2021-06-01,00M,0.0,0.0
2021-10-01,00M,0.0,0.0
2026-03-01,00M,0.0,0.0
2024-11-01,00M,0.0,0.0
2024-01-01,00M,0.0,0.0
2026-05-01,00M,0.0,0.0
2021-08-01,00M,0.0,0.0
2025-06-01,01R,0.0,0.0
2026-05-01,01R,0.0,0.0
2022-07-01,01R,0.0,0.0
2022-05-01,01R,0.0,0.0
2025-01-01,01R,0.0,0.0
2022-09-01,01R,0.0,0.0
2025-05-01,01R,0.0,0.0
2023-10-01,01R,0.0,0.0
2026-02-01,01R,0.0,0.0
2026-01-01,01R,0.0,0.0
2021-12-01,01R,0.0,0.0
2025-04-01,01R,0.0,0.0
2023-01-01,01R,0.0,0.0
2024-03-01,01R,0.0,0.0
2022-01-01,01R,0.0,0.0
2024-07-01,01R,0.0,0.0
2026-03-01,01R,0.0,0.0
2025-03-01,01R,0.0,0.0
2023-09-01,01R,0.0,0.0
2022-06-01,01R,0.0,0.0
2023-07-01,01R,0.0,0.0
2023-02-01,01R,0.0,0.0
2023-12-01,01R,0.0,0.0
2021-06-01,01R,0.0,0.0
2024-10-01,01R,0.0,0.0
2023-08-01,01R,0.0,0.0
2024-09-01,01R,0.0,0.0
2025-09-01,01R,0.0,0.0
2021-10-01,01R,0.0,0.0
2022-08-01,01R,0.0,0.0
2025-07-01,01R,0.0,0.0
2021-11-01,01R,0.0,0.0
2022-11-01,01R,0.0,0.0
2024-12-01,01R,0.0,0.0
2022-04-01,01R,0.0,0.0
2024-08-01,01R,0.0,0.0
2023-05-01,01R,0.0,0.0
2021-09-01,01R,0.0,0.0
2025-11-01,01R,0.0,0.0
2023-03-01,01R,0.0,0.0
2022-02-01,01R,0.0,0.0
2026-04-01,01R,0.0,0.0
2023-06-01,01R,0.0,0.0
2024-02-01,01R,0.0,0.0
2024-04-01,01R,0.0,0.0
2021-08-01,01R,0.0,0.0
2022-03-01,01R,0.0,0.0
2022-12-01,01R,0.0,0.0
2024-11-01,01R,0.0,0.0
2025-02-01,01R,0.0,0.0
2023-04-01,01R,0.0,0.0
2024-06-01,01R,0.0,0.0
2026-06-01,01R,0.0,0.0
2024-01-01,01R,0.0,0.0
2024-05-01,01R,0.0,0.0
2025-10-01,01R,0.0,0.0
2025-08-01,01R,0.0,0.0
2022-10-01,01R,0.0,0.0
2021-07-01,01R,0.0,0.0
2025-12-01,01R,0.0,0.0
2023-11-01,01R,0.0,0.0
2022-06-01,02F,0.0,0.0
2025-11-01,02F,0.0,0.0
2026-06-01,02F,0.0,0.0
2022-04-01,02F,0.0,0.0
2021-09-01,02F,0.0,0.0
2021-11-01,02F,0.0,0.0
2022-03-01,02F,0.0,0.0
2024-08-01,02F,0.0,0.0
2021-10-01,02F,0.0,0.0
2025-03-01,02F,0.0,0.0
2022-10-01,02F,0.0,0.0
2026-04-01,02F,0.0,0.0
2021-06-01,02F,0.0,0.0
2025-06-01,02F,0.0,0.0
2023-02-01,02F,0.0,0.0
2025-09-01,02F,0.0,0.0
2023-03-01,02F,0.0,0.0
2024-11-01,02F,0.0,0.0
2025-05-01,02F,0.0,0.0
2025-02-01,02F,0.0,0.0
2024-12-01,02F,0.0,0.0
2026-02-01,02F,0.0,0.0
2023-07-01,02F,0.0,0.0
2024-06-01,02F,0.0,0.0
2024-09-01,02F,0.0,0.0
2023-12-01,02F,0.0,0.0
2025-10-01,02F,0.0,0.0
2023-06-01,02F,0.0,0.0
2021-08-01,02F,0.0,0.0
2023-10-01,02F,0.0,0.0
2024-03-01,02F,0.0,0.0
2022-12-01,02F,0.0,0.0
2023-01-01,02F,0.0,0.0
2022-09-01,02F,0.0,0.0
2022-07-01,02F,0.0,0.0
2023-09-01,02F,0.0,0.0
2021-12-01,02F,0.0,0.0
2024-05-01,02F,0.0,0.0
2023-11-01,02F,0.0,0.0
2024-04-01,02F,0.0,0.0
2025-07-01,02F,0.0,0.0
2025-12-01,02F,0.0,0.0
2024-07-01,02F,0.0,0.0
2026-03-01,02F,0.0,0.0
2022-01-01,02F,0.0,0.0
2022-08-01,02F,0.0,0.0
2025-08-01,02F,0.0,0.0
2024-01-01,02F,0.0,0.0
2024-10-01,02F,0.0,0.0
2023-05-01,02F,0.0,0.0
2021-07-01,02F,0.0,0.0
2025-01-01,02F,0.0,0.0
2024-02-01,02F,0.0,0.0
2022-02-01,02F,0.0,0.0
2023-04-01,02F,0.0,0.0
2025-04-01,02F,0.0,0.0
2023-08-01,02F,0.0,0.0
2026-05-01,02F,0.0,0.0
2026-01-01,02F,0.0,0.0
2022-05-01,02F,0.0,0.0
2022-11-01,02F,0.0,0.0
2023-12-01,02R,0.0,0.0
2025-03-01,02R,0.0,0.0
2021-07-01,02R,0.0,0.0
2022-03-01,02R,0.0,0.0
2022-05-01,02R,0.0,0.0
2026-04-01,02R,0.0,0.0
2021-06-01,02R,0.0,0.0
2026-03-01,02R,0.0,0.0
2022-06-01,02R,0.0,0.0
2023-01-01,02R,0.0,0.0
2023-02-01,02R,0.0,0.0
2021-11-01,02R,0.0,0.0
2023-04-01,02R,0.0,0.0
2023-07-01,02R,0.0,0.0
2023-09-01,02R,0.0,0.0
2025-05-01,02R,0.0,0.0
2023-11-01,02R,0.0,0.0
2022-04-01,02R,0.0,0.0
2022-10-01,02R,0.0,0.0
2024-02-01,02R,0.0,0.0
2026-05-01,02R,0.0,0.0
2025-08-01,02R,0.0,0.0
2021-12-01,02R,0.0,0.0
2025-07-01,02R,0.0,0.0
2026-02-01,02R,0.0,0.0
2023-08-01,02R,0.0,0.0
2023-05-01,02R,0.0,0.0
2025-10-01,02R,0.0,0.0
2022-11-01,02R,0.0,0.0
2024-07-01,02R,0.0,0.0
2021-08-01,02R,0.0,0.0
2025-02-01,02R,0.0,0.0
2022-01-01,02R,0.0,0.0
2024-04-01,02R,0.0,0.0
2025-12-01,02R,0.0,0.0
2022-12-01,02R,0.0,0.0
2023-03-01,02R,0.0,0.0
2026-01-01,02R,0.0,0.0
2021-09-01,02R,0.0,0.0
2024-01-01,02R,0.0,0.0
2025-09-01,02R,0.0,0.0
2025-11-01,02R,0.0,0.0
2024-05-01,02R,0.0,0.0
2023-06-01,02R,0.0,0.0
2024-09-01,02R,0.0,0.0
2024-12-01,02R,0.0,0.0
2022-09-01,02R,0.0,0.0
2022-02-01,02R,0.0,0.0
2024-11-01,02R,0.0,0.0
2024-03-01,02R,0.0,0.0
2021-10-01,02R,0.0,0.0
2024-10-01,02R,0.0,0.0
2026-06-01,02R,0.0,0.0
2022-07-01,02R,0.0,0.0
2025-01-01,02R,0.0,0.0
2025-04-01,02R,0.0,0.0
2024-08-01,02R,0.0,0.0
2022-08-01,02R,0.0,0.0
2025-06-01,02R,0.0,0.0
2023-10-01,02R,0.0,0.0
2024-06-01,02R,0.0,0.0
2024-01-01,02V,0.0,0.0
2021-11-01,02V,0.0,0.0
2025-03-01,02V,0.0,0.0
2023-12-01,02V,0.0,0.0
2026-03-01,02V,0.0,0.0
2025-02-01,02V,0.0,0.0
2022-01-01,02V,0.0,0.0
2021-09-01,02V,0.0,0.0
2021-08-01,02V,0.0,0.0
2026-02-01,02V,0.0,0.0
2022-08-01,02V,0.0,0.0
2024-10-01,02V,0.0,0.0
2024-02-01,02V,0.0,0.0
2025-06-01,02V,0.0,0.0
2024-04-01,02V,0.0,0.0
2024-03-01,02V,0.0,0.0
2021-10-01,02V,0.0,0.0
2024-06-01,02V,0.0,0.0
2026-05-01,02V,0.0,0.0
2022-10-01,02V,0.0,0.0
2022-11-01,02V,0.0,0.0
2025-05-01,02V,0.0,0.0
2023-04-01,02V,0.0,0.0
2024-08-01,02V,0.0,0.0
2023-10-01,02V,0.0,0.0
2024-12-01,02V,0.0,0.0
2025-08-01,02V,0.0,0.0
2022-04-01,02V,0.0,0.0
2023-01-01,02V,0.0,0.0
2024-09-01,02V,0.0,0.0
2022-12-01,02V,0.0,0.0
2023-02-01,02V,0.0,0.0
2024-07-01,02V,0.0,0.0
2025-09-01,02V,0.0,0.0
2023-08-01,02V,0.0,0.0
2024-05-01,02V,0.0,0.0
2022-06-01,02V,0.0,0.0
2023-11-01,02V,0.0,0.0
2023-07-01,02V,0.0,0.0
2023-03-01,02V,0.0,0.0
2022-09-01,02V,0.0,0.0
2025-01-01,02V,0.0,0.0
2021-07-01,02V,0.0,0.0
2022-02-01,02V,0.0,0.0
2026-04-01,02V,0.0,0.0
2023-09-01,02V,0.0,0.0
2021-06-01,02V,0.0,0.0
2023-05-01,02V,0.0,0.0
2025-04-01,02V,0.0,0.0
2025-07-01,02V,0.0,0.0
2025-11-01,02V,0.0,0.0
2023-06-01,02V,0.0,0.0
2022-03-01,02V,0.0,0.0
2024-11-01,02V,0.0,0.0
2025-10-01,02V,0.0,0.0
2022-05-01,02V,0.0,0.0
2026-06-01,02V,0.0,0.0
2026-01-01,02V,0.0,0.0
2022-07-01,02V,0.0,0.0
2025-12-01,02V,0.0,0.0
2021-12-01,02V,0.0,0.0
2025-03-01,02W,0.0,0.0
2025-05-01,02W,0.0,0.0
2021-09-01,02W,0.0,0.0
2024-08-01,02W,0.0,0.0
2023-03-01,02W,0.0,0.0
2022-10-01,02W,0.0,0.0
2022-09-01,02W,0.0,0.0
2021-07-01,02W,0.0,0.0
2021-08-01,02W,0.0,0.0
2022-12-01,02W,0.0,0.0
2023-12-01,02W,0.0,0.0
2022-03-01,02W,0.0,0.0
2023-09-01,02W,0.0,0.0
2023-07-01,02W,0.0,0.0
2021-12-01,02W,0.0,0.0
2023-08-01,02W,0.0,0.0
2026-06-01,02W,0.0,0.0
2023-01-01,02W,0.0,0.0
2023-11-01,02W,0.0,0.0
2024-03-01,02W,0.0,0.0
2025-02-01,02W,0.0,0.0
2026-05-01,02W,0.0,0.0
2024-12-01,02W,0.0,0.0
2021-06-01,02W,0.0,0.0
2025-09-01,02W,0.0,0.0
2026-04-01,02W,0.0,0.0
2024-10-01,02W,0.0,0.0
2024-07-01,02W,0.0,0.0
2022-04-01,02W,0.0,0.0
2024-11-01,02W,0.0,0.0
2023-05-01,02W,0.0,0.0
2023-02-01,02W,0.0,0.0
2022-01-01,02W,0.0,0.0
2022-02-01,02W,0.0,0.0
2024-09-01,02W,0.0,0.0
2022-06-01,02W,0.0,0.0
2025-07-01,02W,0.0,0.0
2024-01-01,02W,0.0,0.0
2021-10-01,02W,0.0,0.0
2025-12-01,02W,0.0,0.0
2024-06-01,02W,0.0,0.0
2022-07-01,02W,0.0,0.0
2025-06-01,02W,0.0,0.0
2026-01-01,02W,0.0,0.0
2024-04-01,02W,0.0,0.0
2024-02-01,02W,0.0,0.0
2022-11-01,02W,0.0,0.0
2023-06-01,02W,0.0,0.0
2022-08-01,02W,0.0,0.0
2025-10-01,02W,0.0,0.0
2025-08-01,02W,0.0,0.0
2023-10-01,02W,0.0,0.0
2023-04-01,02W,0.0,0.0
2026-02-01,02W,0.0,0.0
2025-11-01,02W,0.0,0.0
2024-05-01,02W,0.0,0.0
2025-04-01,02W,0.0,0.0
2022-05-01,02W,0.0,0.0
2021-11-01,02W,0.0,0.0
2026-03-01,02W,0.0,0.0
2025-01-01,02W,0.0,0.0
2025-07-01,03A,0.0,0.0
2021-06-01,03A,0.0,0.0
2024-01-01,03A,0.0,0.0
2022-06-01,03A,0.0,0.0
2023-12-01,03A,0.0,0.0
2024-05-01,03A,0.0,0.0
2025-11-01,03A,0.0,0.0
2022-07-01,03A,0.0,0.0
2025-01-01,03A,0.0,0.0
2021-07-01,03A,0.0,0.0
2026-05-01,03A,0.0,0.0
2022-03-01,03A,0.0,0.0
2024-10-01,03A,0.0,0.0
2022-01-01,03A,0.0,0.0
2021-10-01,03A,0.0,0.0
2025-08-01,03A,0.0,0.0
2026-04-01,03A,0.0,0.0
2024-07-01,03A,0.0,0.0
2024-02-01,03A,0.0,0.0
2026-03-01,03A,0.0,0.0
2021-09-01,03A,0.0,0.0
2025-12-01,03A,0.0,0.0
2023-04-01,03A,0.0,0.0
2026-06-01,03A,0.0,0.0
2023-09-01,03A,0.0,0.0
2022-04-01,03A,0.0,0.0
2024-08-01,03A,0.0,0.0
2026-02-01,03A,0.0,0.0
2021-12-01,03A,0.0,0.0
2024-03-01,03A,0.0,0.0
2023-02-01,03A,0.0,0.0
2021-11-01,03A,0.0,0.0
2022-02-01,03A,0.0,0.0
2023-06-01,03A,0.0,0.0
2024-09-01,03A,0.0,0.0
2026-01-01,03A,0.0,0.0
2025-03-01,03A,0.0,0.0
2025-02-01,03A,0.0,0.0
2023-11-01,03A,0.0,0.0
2022-10-01,03A,0.0,0.0
2022-08-01,03A,0.0,0.0
2022-09-01,03A,0.0,0.0
2024-04-01,03A,0.0,0.0
2023-05-01,03A,0.0,0.0
2023-10-01,03A,0.0,0.0
2024-11-01,03A,0.0,0.0
2024-06-01,03A,0.0,0.0
2022-11-01,03A,0.0,0.0
2021-08-01,03A,0.0,0.0
2023-03-01,03A,0.0,0.0
2023-08-01,03A,0.0,0.0
2025-04-01,03A,0.0,0.0
2024-12-01,03A,0.0,0.0
2025-09-01,03A,0.0,0.0
2025-06-01,03A,0.0,0.0
2023-01-01,03A,0.0,0.0
2022-12-01,03A,0.0,0.0
2022-05-01,03A,0.0,0.0
2025-05-01,03A,0.0,0.0
2023-07-01,03A,0.0,0.0
2025-10-01,03A,0.0,0.0
2021-12-01,03J,0.0,0.0
2022-09-01,03J,0.0,0.0
2025-01-01,03J,0.0,0.0
2023-07-01,03J,0.0,0.0
2023-03-01,03J,0.0,0.0
2022-03-01,03J,0.0,0.0
2022-06-01,03J,0.0,0.0
2024-10-01,03J,0.0,0.0
2023-01-01,03J,0.0,0.0
2025-04-01,03J,0.0,0.0
2023-08-01,03J,0.0,0.0
2023-10-01,03J,0.0,0.0
2023-12-01,03J,0.0,0.0
2025-03-01,03J,0.0,0.0
2025-05-01,03J,0.0,0.0
2021-07-01,03J,0.0,0.0
2021-06-01,03J,0.0,0.0
2022-04-01,03J,0.0,0.0
2025-09-01,03J,0.0,0.0
2026-06-01,03J,0.0,0.0
2026-04-01,03J,0.0,0.0
2022-02-01,03J,0.0,0.0
2025-08-01,03J,0.0,0.0
2025-02-01,03J,0.0,0.0
2025-07-01,03J,0.0,0.0
2024-06-01,03J,0.0,0.0
2024-07-01,03J,0.0,0.0
2023-06-01,03J,0.0,0.0
2022-10-01,03J,0.0,0.0
2022-12-01,03J,0.0,0.0
2026-01-01,03J,0.0,0.0
2026-02-01,03J,0.0,0.0
2022-11-01,03J,0.0,0.0
2022-07-01,03J,0.0,0.0
2025-06-01,03J,0.0,0.0
2024-01-01,03J,0.0,0.0
2022-08-01,03J,0.0,0.0
2021-10-01,03J,0.0,0.0
2021-08-01,03J,0.0,0.0
2026-03-01,03J,0.0,0.0
2022-05-01,03J,0.0,0.0
2024-02-01,03J,0.0,0.0
2023-11-01,03J,0.0,0.0
2023-09-01,03J,0.0,0.0
2023-05-01,03J,0.0,0.0
2021-09-01,03J,0.0,0.0
2022-01-01,03J,0.0,0.0
2024-08-01,03J,0.0,0.0
2024-04-01,03J,0.0,0.0
2024-05-01,03J,0.0,0.0
2026-05-01,03J,0.0,0.0
2023-04-01,03J,0.0,0.0
2023-02-01,03J,0.0,0.0
2024-09-01,03J,0.0,0.0
2025-10-01,03J,0.0,0.0
2021-11-01,03J,0.0,0.0
2024-11-01,03J,0.0,0.0
2025-11-01,03J,0.0,0.0
2025-12-01,03J,0.0,0.0
2024-03-01,03J,0.0,0.0
2024-12-01,03J,0.0,0.0
2022-01-01,03M,0.0,0.0
2024-10-01,03M,0.0,0.0
2025-01-01,03M,0.0,0.0
2024-06-01,03M,0.0,0.0
2022-11-01,03M,0.0,0.0
2024-08-01,03M,0.0,0.0
2023-05-01,03M,0.0,0.0
2023-03-01,03M,0.0,0.0
2025-09-01,03M,0.0,0.0
2025-03-01,03M,0.0,0.0
2022-08-01,03M,0.0,0.0
2026-01-01,03M,0.0,0.0
2022-03-01,03M,0.0,0.0
2024-03-01,03M,0.0,0.0
2022-07-01,03M,0.0,0.0
2024-01-01,03M,0.0,0.0
2023-06-01,03M,0.0,0.0
2021-11-01,03M,0.0,0.0
2026-06-01,03M,0.0,0.0
2023-01-01,03M,0.0,0.0
2023-02-01,03M,0.0,0.0
2021-09-01,03M,0.0,0.0
2026-05-01,03M,0.0,0.0
2025-02-01,03M,0.0,0.0
2022-02-01,03M,0.0,0.0
2022-10-01,03M,0.0,0.0
2024-12-01,03M,0.0,0.0
2021-08-01,03M,0.0,0.0
2022-09-01,03M,0.0,0.0
2023-09-01,03M,0.0,0.0
2021-06-01,03M,0.0,0.0
2024-07-01,03M,0.0,0.0
2022-06-01,03M,0.0,0.0
2024-11-01,03M,0.0,0.0
2025-06-01,03M,0.0,0.0
2024-04-01,03M,0.0,0.0
2025-04-01,03M,0.0,0.0
2026-02-01,03M,0.0,0.0
2025-12-01,03M,0.0,0.0
2024-09-01,03M,0.0,0.0
2022-04-01,03M,0.0,0.0
2023-07-01,03M,0.0,0.0
2024-05-01,03M,0.0,0.0
2026-04-01,03M,0.0,0.0
2021-10-01,03M,0.0,0.0
2022-12-01,03M,0.0,0.0
2025-08-01,03M,0.0,0.0
2023-12-01,03M,0.0,0.0
2025-05-01,03M,0.0,0.0
2023-08-01,03M,0.0,0.0
2021-12-01,03M,0.0,0.0
2025-11-01,03M,0.0,0.0
2023-04-01,03M,0.0,0.0
2023-11-01,03M,0.0,0.0
2025-07-01,03M,0.0,0.0
2022-05-01,03M,0.0,0.0
2021-07-01,03M,0.0,0.0
2026-03-01,03M,0.0,0.0
2024-02-01,03M,0.0,0.0
2025-10-01,03M,0.0,0.0
2023-10-01,03M,0.0,0.0
2025-07-01,03T,0.0,0.0
2024-11-01,03T,0.0,0.0
2023-01-01,03T,0.0,0.0
2023-12-01,03T,0.0,0.0
2021-12-01,03T,0.0,0.0
2023-09-01,03T,0.0,0.0
2025-12-01,03T,0.0,0.0
2025-06-01,03T,0.0,0.0
2022-10-01,03T,0.0,0.0
2023-07-01,03T,0.0,0.0
2024-08-01,03T,0.0,0.0
2025-09-01,03T,0.0,0.0
2023-08-01,03T,0.0,0.0
2025-02-01,03T,0.0,0.0
2024-12-01,03T,0.0,0.0
2022-04-01,03T,0.0,0.0
2026-02-01,03T,0.0,0.0
2023-05-01,03T,0.0,0.0
2022-05-01,03T,0.0,0.0
2025-01-01,03T,0.0,0.0
2024-07-01,03T,0.0,0.0
2023-03-01,03T,0.0,0.0
2024-05-01,03T,0.0,0.0
2022-07-01,03T,0.0,0.0
2025-11-01,03T,0.0,0.0
2024-06-01,03T,0.0,0.0
2021-09-01,03T,0.0,0.0
2023-10-01,03T,0.0,0.0
2021-10-01,03T,0.0,0.0
2025-04-01,03T,0.0,0.0
2026-03-01,03T,0.0,0.0
2025-03-01,03T,0.0,0.0
2024-01-01,03T,0.0,0.0
2024-04-01,03T,0.0,0.0
2021-07-01,03T,0.0,0.0
2022-03-01,03T,0.0,0.0
2022-08-01,03T,0.0,0.0
2023-11-01,03T,0.0,0.0
2026-06-01,03T,0.0,0.0
2025-08-01,03T,0.0,0.0
2024-03-01,03T,0.0,0.0
2023-04-01,03T,0.0,0.0
2022-01-01,03T,0.0,0.0
2022-02-01,03T,0.0,0.0
2022-12-01,03T,0.0,0.0
2025-05-01,03T,0.0,0.0
2024-09-01,03T,0.0,0.0
2023-06-01,03T,0.0,0.0
2026-04-01,03T,0.0,0.0
2024-02-01,03T,0.0,0.0
2022-09-01,03T,0.0,0.0
2022-06-01,03T,0.0,0.0
2026-01-01,03T,0.0,0.0
2021-08-01,03T,0.0,0.0
2022-11-01,03T,0.0,0.0
2025-10-01,03T,0.0,0.0
2023-02-01,03T,0.0,0.0
2021-11-01,03T,0.0,0.0
2024-10-01,03T,0.0,0.0
2021-06-01,03T,0.0,0.0
2026-05-01,03T,0.0,0.0
2024-05-01,03Y,0.0,0.0
2023-08-01,03Y,0.0,0.0
2024-12-01,03Y,0.0,0.0
2026-06-01,03Y,0.0,0.0
2022-01-01,03Y,0.0,0.0
2024-09-01,03Y,0.0,0.0
2021-12-01,03Y,0.0,0.0
2024-04-01,03Y,0.0,0.0
2022-12-01,03Y,0.0,0.0
2022-05-01,03Y,0.0,0.0
2025-10-01,03Y,0.0,0.0
2024-11-01,03Y,0.0,0.0
2025-03-01,03Y,0.0,0.0
2024-07-01,03Y,0.0,0.0
2024-03-01,03Y,0.0,0.0
2021-08-01,03Y,0.0,0.0
2025-11-01,03Y,0.0,0.0
2025-01-01,03Y,0.0,0.0
2021-11-01,03Y,0.0,0.0
2021-10-01,03Y,0.0,0.0
2024-01-01,03Y,0.0,0.0
2025-12-01,03Y,0.0,0.0
2023-12-01,03Y,0.0,0.0
2021-06-01,03Y,0.0,0.0
2026-04-01,03Y,0.0,0.0
2023-09-01,03Y,0.0,0.0
2022-09-01,03Y,0.0,0.0
2023-02-01,03Y,0.0,0.0
2024-10-01,03Y,0.0,0.0
2022-06-01,03Y,0.0,0.0
2022-02-01,03Y,0.0,0.0
2023-05-01,03Y,0.0,0.0
2026-02-01,03Y,0.0,0.0
2021-07-01,03Y,0.0,0.0
2025-09-01,03Y,0.0,0.0
2025-06-01,03Y,0.0,0.0
2022-03-01,03Y,0.0,0.0
2024-06-01,03Y,0.0,0.0
2023-04-01,03Y,0.0,0.0
2023-10-01,03Y,0.0,0.0
2022-07-01,03Y,0.0,0.0
2026-05-01,03Y,0.0,0.0
2022-08-01,03Y,0.0,0.0
2021-09-01,03Y,0.0,0.0
2023-01-01,03Y,0.0,0.0
2022-04-01,03Y,0.0,0.0
2025-05-01,03Y,0.0,0.0
2025-08-01,03Y,0.0,0.0
2025-07-01,03Y,0.0,0.0
2024-02-01,03Y,0.0,0.0
2022-11-01,03Y,0.0,0.0
2023-06-01,03Y,0.0,0.0
2023-03-01,03Y,0.0,0.0
2025-02-01,03Y,0.0,0.0
2026-03-01,03Y,0.0,0.0
2026-01-01,03Y,0.0,0.0
2023-07-01,03Y,0.0,0.0
2022-10-01,03Y,0.0,0.0
2023-11-01,03Y,0.0,0.0
2024-08-01,03Y,0.0,0.0
2025-04-01,03Y,0.0,0.0
2023-06-01,04D,0.0,0.0
2023-08-01,04D,0.0,0.0
2025-06-01,04D,0.0,0.0
2023-01-01,04D,0.0,0.0
2024-01-01,04D,0.0,0.0
2023-04-01,04D,0.0,0.0
2023-11-01,04D,0.0,0.0
2025-03-01,04D,0.0,0.0
2021-11-01,04D,0.0,0.0
2021-09-01,04D,0.0,0.0
2021-12-01,04D,0.0,0.0
2024-02-01,04D,0.0,0.0
2023-02-01,04D,0.0,0.0
2022-12-01,04D,0.0,0.0
2025-07-01,04D,0.0,0.0
2024-08-01,04D,0.0,0.0
2023-05-01,04D,0.0,0.0
2024-10-01,04D,0.0,0.0
2025-08-01,04D,0.0,0.0
2022-06-01,04D,0.0,0.0
2021-08-01,04D,0.0,0.0
2025-04-01,04D,0.0,0.0
2025-09-01,04D,0.0,0.0
2025-05-01,04D,0.0,0.0
2025-11-01,04D,0.0,0.0
2022-05-01,04D,0.0,0.0
2023-09-01,04D,0.0,0.0
2022-11-01,04D,0.0,0.0
2025-10-01,04D,0.0,0.0
2024-07-01,04D,0.0,0.0
2022-03-01,04D,0.0,0.0
2024-03-01,04D,0.0,0.0
2026-06-01,04D,0.0,0.0
2026-02-01,04D,0.0,0.0
2024-11-01,04D,0.0,0.0
2026-01-01,04D,0.0,0.0
2024-04-01,04D,0.0,0.0
2023-03-01,04D,0.0,0.0
2026-03-01,04D,0.0,0.0
2026-04-01,04D,0.0,0.0
2023-10-01,04D,0.0,0.0
2022-01-01,04D,0.0,0.0
2026-05-01,04D,0.0,0.0
2021-07-01,04D,0.0,0.0
2025-01-01,04D,0.0,0.0
2022-08-01,04D,0.0,0.0
2025-02-01,04D,0.0,0.0
2022-10-01,04D,0.0,0.0
2023-07-01,04D,0.0,0.0
2024-06-01,04D,0.0,0.0
2024-09-01,04D,0.0,0.0
2023-12-01,04D,0.0,0.0
2025-12-01,04D,0.0,0.0
2024-12-01,04D,0.0,0.0
2021-10-01,04D,0.0,0.0
2022-04-01,04D,0.0,0.0
2021-06-01,04D,0.0,0.0
2024-05-01,04D,0.0,0.0
2022-09-01,04D,0.0,0.0
2022-07-01,04D,0.0,0.0
2022-02-01,04D,0.0,0.0
2025-04-01,04E,0.0,0.0
2022-07-01,04E,0.0,0.0
2023-03-01,04E,0.0,0.0
2025-09-01,04E,0.0,0.0
2022-06-01,04E,0.0,0.0
2025-01-01,04E,0.0,0.0
2021-10-01,04E,0.0,0.0
2021-08-01,04E,0.0,0.0
2024-01-01,04E,0.0,0.0
2026-06-01,04E,0.0,0.0
2023-12-01,04E,0.0,0.0
2024-12-01,04E,0.0,0.0
2024-10-01,04E,0.0,0.0
2022-12-01,04E,0.0,0.0
2022-10-01,04E,0.0,0.0
2026-04-01,04E,0.0,0.0
2023-11-01,04E,0.0,0.0
2024-08-01,04E,0.0,0.0
2025-10-01,04E,0.0,0.0
2022-04-01,04E,0.0,0.0
2023-08-01,04E,0.0,0.0
2025-07-01,04E,0.0,0.0
2023-01-01,04E,0.0,0.0
2021-09-01,04E,0.0,0.0
2025-06-01,04E,0.0,0.0
2024-11-01,04E,0.0,0.0
2024-07-01,04E,0.0,0.0
2025-05-01,04E,0.0,0.0
2024-04-01,04E,0.0,0.0
2025-12-01,04E,0.0,0.0
2023-02-01,04E,0.0,0.0
2022-03-01,04E,0.0,0.0
2026-05-01,04E,0.0,0.0
2025-03-01,04E,0.0,0.0
2023-07-01,04E,0.0,0.0
2023-09-01,04E,0.0,0.0
2024-05-01,04E,0.0,0.0
2025-02-01,04E,0.0,0.0
2022-05-01,04E,0.0,0.0
2025-08-01,04E,0.0,0.0
2023-06-01,04E,0.0,0.0
2026-03-01,04E,0.0,0.0
2022-09-01,04E,0.0,0.0
2021-07-01,04E,0.0,0.0
2022-01-01,04E,0.0,0.0
2026-02-01,04E,0.0,0.0
2021-11-01,04E,0.0,0.0
2024-02-01,04E,0.0,0.0
2021-06-01,04E,0.0,0.0
2023-05-01,04E,0.0,0.0
2022-11-01,04E,0.0,0.0
2023-04-01,04E,0.0,0.0
2024-09-01,04E,0.0,0.0
2024-03-01,04E,0.0,0.0
2025-11-01,04E,0.0,0.0
2026-01-01,04E,0.0,0.0
2023-10-01,04E,0.0,0.0
2022-02-01,04E,0.0,0.0
2021-12-01,04E,0.0,0.0
2022-08-01,04E,0.0,0.0
2024-06-01,04E,0.0,0.0
2026-05-01,04F,0.0,0.0
2026-06-01,04F,0.0,0.0
2024-01-01,04F,0.0,0.0
2023-05-01,04F,0.0,0.0
2023-07-01,04F,0.0,0.0
2021-10-01,04F,0.0,0.0
2023-12-01,04F,0.0,0.0
2024-03-01,04F,0.0,0.0
2025-06-01,04F,0.0,0.0
2021-07-01,04F,0.0,0.0
2023-04-01,04F,0.0,0.0
2022-11-01,04F,0.0,0.0
2023-09-01,04F,0.0,0.0
2023-03-01,04F,0.0,0.0
2024-09-01,04F,0.0,0.0
2025-10-01,04F,0.0,0.0
2021-06-01,04F,0.0,0.0
2026-01-01,04F,0.0,0.0
2022-02-01,04F,0.0,0.0
2026-02-01,04F,0.0,0.0
2022-01-01,04F,0.0,0.0
2022-05-01,04F,0.0,0.0
2024-08-01,04F,0.0,0.0
2025-11-01,04F,0.0,0.0
2023-10-01,04F,0.0,0.0
2024-04-01,04F,0.0,0.0
2025-05-01,04F,0.0,0.0
2021-12-01,04F,0.0,0.0
2021-08-01,04F,0.0,0.0
2025-03-01,04F,0.0,0.0
2025-08-01,04F,0.0,0.0
2023-06-01,04F,0.0,0.0
2021-11-01,04F,0.0,0.0
2021-09-01,04F,0.0,0.0
2026-03-01,04F,0.0,0.0
2022-03-01,04F,0.0,0.0
2023-08-01,04F,0.0,0.0
2022-09-01,04F,0.0,0.0
2025-04-01,04F,0.0,0.0
2024-06-01,04F,0.0,0.0
2023-01-01,04F,0.0,0.0
2024-07-01,04F,0.0,0.0
2025-01-01,04F,0.0,0.0
2023-02-01,04F,0.0,0.0
2022-04-01,04F,0.0,0.0
2025-02-01,04F,0.0,0.0
2024-11-01,04F,0.0,0.0
2022-07-01,04F,0.0,0.0
2022-10-01,04F,0.0,0.0
2022-08-01,04F,0.0,0.0
2022-06-01,04F,0.0,0.0
2024-05-01,04F,0.0,0.0
2024-12-01,04F,0.0,0.0
2024-02-01,04F,0.0,0.0
2025-09-01,04F,0.0,0.0
2025-12-01,04F,0.0,0.0
2023-11-01,04F,0.0,0.0
2025-07-01,04F,0.0,0.0
2026-04-01,04F,0.0,0.0
2024-10-01,04F,0.0,0.0
2022-12-01,04F,0.0,0.0
2024-07-01,04G,0.0,0.0
2024-06-01,04G,0.0,0.0
2025-09-01,04G,0.0,0.0
2025-08-01,04G,0.0,0.0
2024-03-01,04G,0.0,0.0
2021-07-01,04G,0.0,0.0
2022-11-01,04G,0.0,0.0
2024-08-01,04G,0.0,0.0
2025-12-01,04G,0.0,0.0
2026-02-01,04G,0.0,0.0
2022-05-01,04G,0.0,0.0
2025-05-01,04G,0.0,0.0
2023-04-01,04G,0.0,0.0
2022-07-01,04G,0.0,0.0
2022-04-01,04G,0.0,0.0
2025-06-01,04G,0.0,0.0
2022-02-01,04G,0.0,0.0
2021-10-01,04G,0.0,0.0
2021-12-01,04G,0.0,0.0
2023-07-01,04G,0.0,0.0
2025-04-01,04G,0.0,0.0
2023-11-01,04G,0.0,0.0
2024-09-01,04G,0.0,0.0
2022-10-01,04G,0.0,0.0
2025-11-01,04G,0.0,0.0
2024-05-01,04G,0.0,0.0
2024-04-01,04G,0.0,0.0
2021-09-01,04G,0.0,0.0
2021-06-01,04G,0.0,0.0
2025-01-01,04G,0.0,0.0
2026-04-01,04G,0.0,0.0
2023-03-01,04G,0.0,0.0
2023-09-01,04G,0.0,0.0
2023-12-01,04G,0.0,0.0
2023-01-01,04G,0.0,0.0
2022-09-01,04G,0.0,0.0
2024-02-01,04G,0.0,0.0
2025-07-01,04G,0.0,0.0
2023-05-01,04G,0.0,0.0
2025-10-01,04G,0.0,0.0
2022-01-01,04G,0.0,0.0
2024-10-01,04G,0.0,0.0
2026-03-01,04G,0.0,0.0
2023-02-01,04G,0.0,0.0
2023-10-01,04G,0.0,0.0
2022-08-01,04G,0.0,0.0
2024-01-01,04G,0.0,0.0
2022-06-01,04G,0.0,0.0
2026-06-01,04G,0.0,0.0
2026-05-01,04G,0.0,0.0
2023-06-01,04G,0.0,0.0
2025-02-01,04G,0.0,0.0
2026-01-01,04G,0.0,0.0
2022-12-01,04G,0.0,0.0
2021-11-01,04G,0.0,0.0
2025-03-01,04G,0.0,0.0
2023-08-01,04G,0.0,0.0
2021-08-01,04G,0.0,0.0
2024-11-01,04G,0.0,0.0
2022-03-01,04G,0.0,0.0
2024-12-01,04G,0.0,0.0
2024-08-01,04H,0.0,0.0
2022-10-01,04H,0.0,0.0
2024-10-01,04H,0.0,0.0
2022-05-01,04H,0.0,0.0
2023-09-01,04H,0.0,0.0
2021-07-01,04H,0.0,0.0
2022-03-01,04H,0.0,0.0
2026-03-01,04H,0.0,0.0
2023-10-01,04H,0.0,0.0
2025-11-01,04H,0.0,0.0
2023-05-01,04H,0.0,0.0
2022-01-01,04H,0.0,0.0
2023-03-01,04H,0.0,0.0
2025-02-01,04H,0.0,0.0
2024-04-01,04H,0.0,0.0
2022-11-01,04H,0.0,0.0
2025-04-01,04H,0.0,0.0
2026-06-01,04H,0.0,0.0
2023-07-01,04H,0.0,0.0
2025-01-01,04H,0.0,0.0
2024-05-01,04H,0.0,0.0
2023-06-01,04H,0.0,0.0
2023-12-01,04H,0.0,0.0
2021-09-01,04H,0.0,0.0
2021-10-01,04H,0.0,0.0
2024-03-01,04H,0.0,0.0
2021-11-01,04H,0.0,0.0
2022-06-01,04H,0.0,0.0
2025-12-01,04H,0.0,0.0
2025-10-01,04H,0.0,0.0
2024-09-01,04H,0.0,0.0
2023-04-01,04H,0.0,0.0
2025-05-01,04H,0.0,0.0
2024-11-01,04H,0.0,0.0
2025-09-01,04H,0.0,0.0
2022-08-01,04H,0.0,0.0
2026-05-01,04H,0.0,0.0
2022-07-01,04H,0.0,0.0
2024-07-01,04H,0.0,0.0
2023-01-01,04H,0.0,0.0
2026-02-01,04H,0.0,0.0
2021-06-01,04H,0.0,0.0
2024-02-01,04H,0.0,0.0
2024-12-01,04H,0.0,0.0
2025-07-01,04H,0.0,0.0
2022-02-01,04H,0.0,0.0
2025-06-01,04H,0.0,0.0
2022-09-01,04H,0.0,0.0
2022-04-01,04H,0.0,0.0
2024-06-01,04H,0.0,0.0
2025-08-01,04H,0.0,0.0
2026-01-01,04H,0.0,0.0
2021-08-01,04H,0.0,0.0
2025-03-01,04H,0.0,0.0
2022-12-01,04H,0.0,0.0
2024-01-01,04H,0.0,0.0
2023-02-01,04H,0.0,0.0
2023-11-01,04H,0.0,0.0
2026-04-01,04H,0.0,0.0
2023-08-01,04H,0.0,0.0
2021-12-01,04H,0.0,0.0
2021-08-01,04J,0.0,0.0
2024-04-01,04J,0.0,0.0
2024-01-01,04J,0.0,0.0
2025-01-01,04J,0.0,0.0
2024-11-01,04J,0.0,0.0
2021-12-01,04J,0.0,0.0
2025-04-01,04J,0.0,0.0
2024-07-01,04J,0.0,0.0
2023-02-01,04J,0.0,0.0
2024-09-01,04J,0.0,0.0
2022-07-01,04J,0.0,0.0
2025-06-01,04J,0.0,0.0
2025-11-01,04J,0.0,0.0
2024-02-01,04J,0.0,0.0
2023-04-01,04J,0.0,0.0
2022-08-01,04J,0.0,0.0
2026-03-01,04J,0.0,0.0
2021-09-01,04J,0.0,0.0
2025-05-01,04J,0.0,0.0
2025-02-01,04J,0.0,0.0
2023-05-01,04J,0.0,0.0
2023-11-01,04J,0.0,0.0
2024-12-01,04J,0.0,0.0
2022-02-01,04J,0.0,0.0
2026-02-01,04J,0.0,0.0
2024-03-01,04J,0.0,0.0
2025-12-01,04J,0.0,0.0
2021-07-01,04J,0.0,0.0
2023-01-01,04J,0.0,0.0
2022-10-01,04J,0.0,0.0
2022-01-01,04J,0.0,0.0
2025-08-01,04J,0.0,0.0
2024-06-01,04J,0.0,0.0
2026-05-01,04J,0.0,0.0
2022-09-01,04J,0.0,0.0
2026-04-01,04J,0.0,0.0
2022-05-01,04J,0.0,0.0
2026-06-01,04J,0.0,0.0
2024-08-01,04J,0.0,0.0
2025-03-01,04J,0.0,0.0
2021-06-01,04J,0.0,0.0
2025-09-01,04J,0.0,0.0
2023-07-01,04J,0.0,0.0
2023-03-01,04J,0.0,0.0
2021-11-01,04J,0.0,0.0
2022-11-01,04J,0.0,0.0
2023-09-01,04J,0.0,0.0
2025-07-01,04J,0.0,0.0
2023-08-01,04J,0.0,0.0
2022-06-01,04J,0.0,0.0
2024-10-01,04J,0.0,0.0
2025-10-01,04J,0.0,0.0
2026-01-01,04J,0.0,0.0
2023-10-01,04J,0.0,0.0
2021-10-01,04J,0.0,0.0
2023-12-01,04J,0.0,0.0
2023-06-01,04J,0.0,0.0
2022-04-01,04J,0.0,0.0
2022-03-01,04J,0.0,0.0
2024-05-01,04J,0.0,0.0
2022-12-01,04J,0.0,0.0
2025-08-01,04K,0.0,0.0
2025-05-01,04K,0.0,0.0
2022-08-01,04K,0.0,0.0
2022-02-01,04K,0.0,0.0
2026-05-01,04K,0.0,0.0
2025-11-01,04K,0.0,0.0
2023-02-01,04K,0.0,0.0
2025-10-01,04K,0.0,0.0
2025-01-01,04K,0.0,0.0
2021-11-01,04K,0.0,0.0
2023-11-01,04K,0.0,0.0
2022-10-01,04K,0.0,0.0
2023-05-01,04K,0.0,0.0
2024-07-01,04K,0.0,0.0
2021-10-01,04K,0.0,0.0
2025-04-01,04K,0.0,0.0
2023-04-01,04K,0.0,0.0
2023-08-01,04K,0.0,0.0
2022-09-01,04K,0.0,0.0
2025-07-01,04K,0.0,0.0
2021-08-01,04K,0.0,0.0
2023-03-01,04K,0.0,0.0
2024-01-01,04K,0.0,0.0
2024-05-01,04K,0.0,0.0
2025-03-01,04K,0.0,0.0
2022-11-01,04K,0.0,0.0
2021-07-01,04K,0.0,0.0
2026-06-01,04K,0.0,0.0
2022-06-01,04K,0.0,0.0
2024-12-01,04K,0.0,0.0
2023-09-01,04K,0.0,0.0
2023-06-01,04K,0.0,0.0
2024-02-01,04K,0.0,0.0
2026-03-01,04K,0.0,0.0
2024-06-01,04K,0.0,0.0
2025-12-01,04K,0.0,0.0
2022-12-01,04K,0.0,0.0
2025-02-01,04K,0.0,0.0
2024-04-01,04K,0.0,0.0
2023-10-01,04K,0.0,0.0
2023-01-01,04K,0.0,0.0
2022-03-01,04K,0.0,0.0
2026-04-01,04K,0.0,0.0
2021-09-01,04K,0.0,0.0
2025-09-01,04K,0.0,0.0
2024-03-01,04K,0.0,0.0
2021-12-01,04K,0.0,0.0
2023-07-01,04K,0.0,0.0
2023-12-01,04K,0.0,0.0
2022-07-01,04K,0.0,0.0
2025-06-01,04K,0.0,0.0
2022-04-01,04K,0.0,0.0
2022-01-01,04K,0.0,0.0
2026-01-01,04K,0.0,0.0
2024-09-01,04K,0.0,0.0
2024-10-01,04K,0.0,0.0
2024-11-01,04K,0.0,0.0
2022-05-01,04K,0.0,0.0
2024-08-01,04K,0.0,0.0
2026-02-01,04K,0.0,0.0
2021-06-01,04K,0.0,0.0
2024-12-01,04L,0.0,0.0
2023-10-01,04L,0.0,0.0
2024-10-01,04L,0.0,0.0
2024-11-01,04L,0.0,0.0
2026-06-01,04L,0.0,0.0
2023-05-01,04L,0.0,0.0
2022-09-01,04L,0.0,0.0
2021-10-01,04L,0.0,0.0
2022-04-01,04L,0.0,0.0
2025-06-01,04L,0.0,0.0
2025-01-01,04L,0.0,0.0
2024-09-01,04L,0.0,0.0
2023-07-01,04L,0.0,0.0
2026-03-01,04L,0.0,0.0
2025-04-01,04L,0.0,0.0
2024-04-01,04L,0.0,0.0
2025-12-01,04L,0.0,0.0
2021-08-01,04L,0.0,0.0
2022-10-01,04L,0.0,0.0
2021-06-01,04L,0.0,0.0
2024-02-01,04L,0.0,0.0
2025-05-01,04L,0.0,0.0
2023-02-01,04L,0.0,0.0
2021-11-01,04L,0.0,0.0
2023-03-01,04L,0.0,0.0
2024-06-01,04L,0.0,0.0
2025-03-01,04L,0.0,0.0
2021-09-01,04L,0.0,0.0
2026-04-01,04L,0.0,0.0
2024-07-01,04L,0.0,0.0
2026-05-01,04L,0.0,0.0
2025-07-01,04L,0.0,0.0
2021-07-01,04L,0.0,0.0
2021-12-01,04L,0.0,0.0
2022-06-01,04L,0.0,0.0
2023-04-01,04L,0.0,0.0
2025-02-01,04L,0.0,0.0
2025-11-01,04L,0.0,0.0
2024-05-01,04L,0.0,0.0
2023-06-01,04L,0.0,0.0
2022-07-01,04L,0.0,0.0
2026-02-01,04L,0.0,0.0
2024-03-01,04L,0.0,0.0
2023-09-01,04L,0.0,0.0
2022-11-01,04L,0.0,0.0
2022-01-01,04L,0.0,0.0
2022-02-01,04L,0.0,0.0
2026-01-01,04L,0.0,0.0
2024-08-01,04L,0.0,0.0
2023-11-01,04L,0.0,0.0
2024-01-01,04L,0.0,0.0
2025-10-01,04L,0.0,0.0
2025-08-01,04L,0.0,0.0
2022-08-01,04L,0.0,0.0
2023-01-01,04L,0.0,0.0
2022-12-01,04L,0.0,0.0
2022-05-01,04L,0.0,0.0
2025-09-01,04L,0.0,0.0
2022-03-01,04L,0.0,0.0
2023-12-01,04L,0.0,0.0
2023-08-01,04L,0.0,0.0
2022-07-01,04M,0.0,0.0
2021-10-01,04M,0.0,0.0
2025-01-01,04M,0.0,0.0
2021-08-01,04M,0.0,0.0
2026-03-01,04M,0.0,0.0
2023-09-01,04M,0.0,0.0
2023-12-01,04M,0.0,0.0
2023-04-01,04M,0.0,0.0
2024-11-01,04M,0.0,0.0
2023-06-01,04M,0.0,0.0
2021-06-01,04M,0.0,0.0
2022-02-01,04M,0.0,0.0
2024-04-01,04M,0.0,0.0
2022-06-01,04M,0.0,0.0
2023-07-01,04M,0.0,0.0
2022-10-01,04M,0.0,0.0
2022-08-01,04M,0.0,0.0
2023-01-01,04M,0.0,0.0
2026-06-01,04M,0.0,0.0
2025-06-01,04M,0.0,0.0
2023-10-01,04M,0.0,0.0
2022-09-01,04M,0.0,0.0
2023-08-01,04M,0.0,0.0
2025-05-01,04M,0.0,0.0
2025-08-01,04M,0.0,0.0
2025-04-01,04M,0.0,0.0
2025-09-01,04M,0.0,0.0
2022-05-01,04M,0.0,0.0
2024-02-01,04M,0.0,0.0
2024-07-01,04M,0.0,0.0
2023-11-01,04M,0.0,0.0
2021-12-01,04M,0.0,0.0
2025-11-01,04M,0.0,0.0
2022-11-01,04M,0.0,0.0
2022-04-01,04M,0.0,0.0
2024-05-01,04M,0.0,0.0
2025-12-01,04M,0.0,0.0
2023-02-01,04M,0.0,0.0
2022-12-01,04M,0.0,0.0
2026-02-01,04M,0.0,0.0
2024-08-01,04M,0.0,0.0
2025-03-01,04M,0.0,0.0
2025-07-01,04M,0.0,0.0
2023-03-01,04M,0.0,0.0
2024-10-01,04M,0.0,0.0
2022-01-01,04M,0.0,0.0
2024-03-01,04M,0.0,0.0
2024-06-01,04M,0.0,0.0
2024-12-01,04M,0.0,0.0
2025-02-01,04M,0.0,0.0
2026-04-01,04M,0.0,0.0
2021-09-01,04M,0.0,0.0
2021-11-01,04M,0.0,0.0
2022-03-01,04M,0.0,0.0
2026-01-01,04M,0.0,0.0
2023-05-01,04M,0.0,0.0
2024-01-01,04M,0.0,0.0
2021-07-01,04M,0.0,0.0
2025-10-01,04M,0.0,0.0
2024-09-01,04M,0.0,0.0
2026-05-01,04M,0.0,0.0
2022-08-01,04Q,0.0,0.0
2026-01-01,04Q,0.0,0.0
2025-02-01,04Q,0.0,0.0
2025-11-01,04Q,0.0,0.0
2021-07-01,04Q,0.0,0.0
2024-01-01,04Q,0.0,0.0
2023-11-01,04Q,0.0,0.0
2021-09-01,04Q,0.0,0.0
2021-06-01,04Q,0.0,0.0
2026-04-01,04Q,0.0,0.0
2021-08-01,04Q,0.0,0.0
2022-07-01,04Q,0.0,0.0
2025-08-01,04Q,0.0,0.0
2024-12-01,04Q,0.0,0.0
2024-09-01,04Q,0.0,0.0
2024-03-01,04Q,0.0,0.0
2022-10-01,04Q,0.0,0.0
2022-04-01,04Q,0.0,0.0
2023-06-01,04Q,0.0,0.0
2023-10-01,04Q,0.0,0.0
2025-12-01,04Q,0.0,0.0
2025-05-01,04Q,0.0,0.0
2022-05-01,04Q,0.0,0.0
2022-12-01,04Q,0.0,0.0
2026-06-01,04Q,0.0,0.0
2025-03-01,04Q,0.0,0.0
2022-11-01,04Q,0.0,0.0
2024-05-01,04Q,0.0,0.0
2025-07-01,04Q,0.0,0.0
2022-09-01,04Q,0.0,0.0
2026-02-01,04Q,0.0,0.0
2022-01-01,04Q,0.0,0.0
2023-02-01,04Q,0.0,0.0
2024-02-01,04Q,0.0,0.0
2024-11-01,04Q,0.0,0.0
2024-06-01,04Q,0.0,0.0
2021-10-01,04Q,0.0,0.0
2024-10-01,04Q,0.0,0.0
2025-10-01,04Q,0.0,0.0
2025-04-01,04Q,0.0,0.0
2022-03-01,04Q,0.0,0.0
2025-01-01,04Q,0.0,0.0
2022-02-01,04Q,0.0,0.0
2023-03-01,04Q,0.0,0.0
2023-04-01,04Q,0.0,0.0
2023-07-01,04Q,0.0,0.0
2023-12-01,04Q,0.0,0.0
2021-11-01,04Q,0.0,0.0
2024-08-01,04Q,0.0,0.0
2023-05-01,04Q,0.0,0.0
2021-12-01,04Q,0.0,0.0
2022-06-01,04Q,0.0,0.0
2024-04-01,04Q,0.0,0.0
2023-01-01,04Q,0.0,0.0
2023-08-01,04Q,0.0,0.0
2026-05-01,04Q,0.0,0.0
2025-09-01,04Q,0.0,0.0
2023-09-01,04Q,0.0,0.0
2025-06-01,04Q,0.0,0.0
2024-07-01,04Q,0.0,0.0
2026-03-01,04Q,0.0,0.0
2026-01-01,04R,0.0,0.0
2021-09-01,04R,0.0,0.0
2022-07-01,04R,0.0,0.0
2021-11-01,04R,0.0,0.0
2025-03-01,04R,0.0,0.0
2022-01-01,04R,0.0,0.0
2022-12-01,04R,0.0,0.0
2022-08-01,04R,0.0,0.0
2023-02-01,04R,0.0,0.0
2024-07-01,04R,0.0,0.0
2021-06-01,04R,0.0,0.0
2023-06-01,04R,0.0,0.0
2026-06-01,04R,0.0,0.0
2022-04-01,04R,0.0,0.0
2022-03-01,04R,0.0,0.0
2024-12-01,04R,0.0,0.0
2023-07-01,04R,0.0,0.0
2025-11-01,04R,0.0,0.0
2024-02-01,04R,0.0,0.0
2026-05-01,04R,0.0,0.0
2025-09-01,04R,0.0,0.0
2022-10-01,04R,0.0,0.0
2024-03-01,04R,0.0,0.0
2023-10-01,04R,0.0,0.0
2026-02-01,04R,0.0,0.0
2024-06-01,04R,0.0,0.0
2023-09-01,04R,0.0,0.0
2026-03-01,04R,0.0,0.0
2021-10-01,04R,0.0,0.0
2023-01-01,04R,0.0,0.0
2024-08-01,04R,0.0,0.0
2025-05-01,04R,0.0,0.0
2025-10-01,04R,0.0,0.0
2022-05-01,04R,0.0,0.0
2023-11-01,04R,0.0,0.0
2024-05-01,04R,0.0,0.0
2024-11-01,04R,0.0,0.0
2022-09-01,04R,0.0,0.0
2025-01-01,04R,0.0,0.0
2025-08-01,04R,0.0,0.0
2024-10-01,04R,0.0,0.0
2023-03-01,04R,0.0,0.0
2025-04-01,04R,0.0,0.0
2021-08-01,04R,0.0,0.0
2026-04-01,04R,0.0,0.0
2021-07-01,04R,0.0,0.0
2025-06-01,04R,0.0,0.0
2024-04-01,04R,0.0,0.0
2025-07-01,04R,0.0,0.0
2023-04-01,04R,0.0,0.0
2022-11-01,04R,0.0,0.0
2023-05-01,04R,0.0,0.0
2023-12-01,04R,0.0,0.0
2022-06-01,04R,0.0,0.0
2021-12-01,04R,0.0,0.0
2024-09-01,04R,0.0,0.0
2022-02-01,04R,0.0,0.0
2023-08-01,04R,0.0,0.0
2024-01-01,04R,0.0,0.0
2025-12-01,04R,0.0,0.0
2025-02-01,04R,0.0,0.0
2024-09-01,04X,0.0,0.0
2023-05-01,04X,0.0,0.0
2025-03-01,04X,0.0,0.0
2022-10-01,04X,0.0,0.0
2025-10-01,04X,0.0,0.0
2022-08-01,04X,0.0,0.0
2022-02-01,04X,0.0,0.0
2024-01-01,04X,0.0,0.0
2023-08-01,04X,0.0,0.0
2026-01-01,04X,0.0,0.0
2024-10-01,04X,0.0,0.0
2021-10-01,04X,0.0,0.0
2023-03-01,04X,0.0,0.0
2024-11-01,04X,0.0,0.0
2024-03-01,04X,0.0,0.0
2025-08-01,04X,0.0,0.0
2024-02-01,04X,0.0,0.0
2023-09-01,04X,0.0,0.0
2025-06-01,04X,0.0,0.0
2024-12-01,04X,0.0,0.0
2023-02-01,04X,0.0,0.0
2025-04-01,04X,0.0,0.0
2026-06-01,04X,0.0,0.0
2026-02-01,04X,0.0,0.0
2021-11-01,04X,0.0,0.0
2021-07-01,04X,0.0,0.0
2023-11-01,04X,0.0,0.0
2026-04-01,04X,0.0,0.0
2025-09-01,04X,0.0,0.0
2022-05-01,04X,0.0,0.0
2024-04-01,04X,0.0,0.0
2023-04-01,04X,0.0,0.0
2026-05-01,04X,0.0,0.0
2022-07-01,04X,0.0,0.0
2022-03-01,04X,0.0,0.0
2025-11-01,04X,0.0,0.0
2024-07-01,04X,0.0,0.0
2022-09-01,04X,0.0,0.0
2023-10-01,04X,0.0,0.0
2024-05-01,04X,0.0,0.0
2025-12-01,04X,0.0,0.0
2021-06-01,04X,0.0,0.0
2023-12-01,04X,0.0,0.0
2025-05-01,04X,0.0,0.0
2023-01-01,04X,0.0,0.0
2022-04-01,04X,0.0,0.0
2025-01-01,04X,0.0,0.0
2021-09-01,04X,0.0,0.0
2022-12-01,04X,0.0,0.0
2024-08-01,04X,0.0,0.0
2024-06-01,04X,0.0,0.0
2021-12-01,04X,0.0,0.0
2021-08-01,04X,0.0,0.0
2025-07-01,04X,0.0,0.0
2022-11-01,04X,0.0,0.0
2023-07-01,04X,0.0,0.0
2022-06-01,04X,0.0,0.0
2023-06-01,04X,0.0,0.0
2022-01-01,04X,0.0,0.0
2025-02-01,04X,0.0,0.0
2026-03-01,04X,0.0,0.0
2023-12-01,05A,0.0,0.0
2024-04-01,05A,0.0,0.0
2023-02-01,05A,0.0,0.0
2024-06-01,05A,0.0,0.0
2022-07-01,05A,0.0,0.0
2024-11-01,05A,0.0,0.0
2026-05-01,05A,0.0,0.0
2021-11-01,05A,0.0,0.0
2023-08-01,05A,0.0,0.0
2026-01-01,05A,0.0,0.0
2024-08-01,05A,0.0,0.0
2025-06-01,05A,0.0,0.0
2026-03-01,05A,0.0,0.0
2025-11-01,05A,0.0,0.0
2025-08-01,05A,0.0,0.0
2023-05-01,05A,0.0,0.0
2024-05-01,05A,0.0,0.0
2025-09-01,05A,0.0,0.0
2023-10-01,05A,0.0,0.0
2025-03-01,05A,0.0,0.0
2022-04-01,05A,0.0,0.0
2022-06-01,05A,0.0,0.0
2021-09-01,05A,0.0,0.0
2022-11-01,05A,0.0,0.0
2022-02-01,05A,0.0,0.0
2021-08-01,05A,0.0,0.0
2022-01-01,05A,0.0,0.0
2023-07-01,05A,0.0,0.0
2025-04-01,05A,0.0,0.0
2022-08-01,05A,0.0,0.0
2021-10-01,05A,0.0,0.0
2025-12-01,05A,0.0,0.0
2022-03-01,05A,0.0,0.0
2025-07-01,05A,0.0,0.0
2023-03-01,05A,0.0,0.0
2021-07-01,05A,0.0,0.0
2024-10-01,05A,0.0,0.0
2024-09-01,05A,0.0,0.0
2024-01-01,05A,0.0,0.0
2024-02-01,05A,0.0,0.0
2026-02-01,05A,0.0,0.0
2023-09-01,05A,0.0,0.0
2023-11-01,05A,0.0,0.0
2024-03-01,05A,0.0,0.0
2023-04-01,05A,0.0,0.0
2022-10-01,05A,0.0,0.0
2022-12-01,05A,0.0,0.0
2025-10-01,05A,0.0,0.0
2025-05-01,05A,0.0,0.0
2022-05-01,05A,0.0,0.0
2025-02-01,05A,0.0,0.0
2024-12-01,05A,0.0,0.0
2024-07-01,05A,0.0,0.0
2022-09-01,05A,0.0,0.0
2026-04-01,05A,0.0,0.0
2021-06-01,05A,0.0,0.0
2025-01-01,05A,0.0,0.0
2023-06-01,05A,0.0,0.0
2021-12-01,05A,0.0,0.0
2026-06-01,05A,0.0,0.0
2023-01-01,05A,0.0,0.0
2026-06-01,05C,0.0,0.0
2024-05-01,05C,0.0,0.0
2025-12-01,05C,0.0,0.0
2024-02-01,05C,0.0,0.0
2025-06-01,05C,0.0,0.0
2021-12-01,05C,0.0,0.0
2023-09-01,05C,0.0,0.0
2025-05-01,05C,0.0,0.0
2022-07-01,05C,0.0,0.0
2025-01-01,05C,0.0,0.0
2022-12-01,05C,0.0,0.0
2022-10-01,05C,0.0,0.0
2022-03-01,05C,0.0,0.0
2023-05-01,05C,0.0,0.0
2026-04-01,05C,0.0,0.0
2023-06-01,05C,0.0,0.0
2023-08-01,05C,0.0,0.0
2024-12-01,05C,0.0,0.0
2022-11-01,05C,0.0,0.0
2021-09-01,05C,0.0,0.0
2026-05-01,05C,0.0,0.0
2024-06-01,05C,0.0,0.0
2021-10-01,05C,0.0,0.0
2024-03-01,05C,0.0,0.0
2025-08-01,05C,0.0,0.0
2024-01-01,05C,0.0,0.0
2024-04-01,05C,0.0,0.0
2023-11-01,05C,0.0,0.0
2021-08-01,05C,0.0,0.0
2025-02-01,05C,0.0,0.0
2026-02-01,05C,0.0,0.0
2026-01-01,05C,0.0,0.0
2021-07-01,05C,0.0,0.0
2024-08-01,05C,0.0,0.0
2023-12-01,05C,0.0,0.0
2021-06-01,05C,0.0,0.0
2026-03-01,05C,0.0,0.0
2025-10-01,05C,0.0,0.0
2024-11-01,05C,0.0,0.0
2022-04-01,05C,0.0,0.0
2023-01-01,05C,0.0,0.0
2022-05-01,05C,0.0,0.0
2023-07-01,05C,0.0,0.0
2025-03-01,05C,0.0,0.0
2024-07-01,05C,0.0,0.0
2022-01-01,05C,0.0,0.0
2023-03-01,05C,0.0,0.0
2022-09-01,05C,0.0,0.0
2022-06-01,05C,0.0,0.0
2024-09-01,05C,0.0,0.0
2025-07-01,05C,0.0,0.0
2023-10-01,05C,0.0,0.0
2022-02-01,05C,0.0,0.0
2025-11-01,05C,0.0,0.0
2025-04-01,05C,0.0,0.0
2022-08-01,05C,0.0,0.0
2023-04-01,05C,0.0,0.0
2025-09-01,05C,0.0,0.0
2023-02-01,05C,0.0,0.0
2021-11-01,05C,0.0,0.0
2024-10-01,05C,0.0,0.0
2023-10-01,05F,0.0,0.0
2022-09-01,05F,0.0,0.0
2024-05-01,05F,0.0,0.0
2024-12-01,05F,0.0,0.0
2023-01-01,05F,0.0,0.0
2023-06-01,05F,0.0,0.0
2025-12-01,05F,0.0,0.0
2025-01-01,05F,0.0,0.0
2025-02-01,05F,0.0,0.0
2022-12-01,05F,0.0,0.0
2022-06-01,05F,0.0,0.0
2024-03-01,05F,0.0,0.0
2022-10-01,05F,0.0,0.0
2023-02-01,05F,0.0,0.0
2023-12-01,05F,0.0,0.0
2023-05-01,05F,0.0,0.0
2025-10-01,05F,0.0,0.0
2022-02-01,05F,0.0,0.0
2023-09-01,05F,0.0,0.0
2021-07-01,05F,0.0,0.0
2022-04-01,05F,0.0,0.0
2022-07-01,05F,0.0,0.0
2022-03-01,05F,0.0,0.0
2024-09-01,05F,0.0,0.0
2023-03-01,05F,0.0,0.0
2026-02-01,05F,0.0,0.0
2023-07-01,05F,0.0,0.0
2024-10-01,05F,0.0,0.0
2023-04-01,05F,0.0,0.0
2022-01-01,05F,0.0,0.0
2024-08-01,05F,0.0,0.0
2026-06-01,05F,0.0,0.0
2024-06-01,05F,0.0,0.0
2022-08-01,05F,0.0,0.0
2025-08-01,05F,0.0,0.0
2021-09-01,05F,0.0,0.0
2024-11-01,05F,0.0,0.0
2022-11-01,05F,0.0,0.0
2023-08-01,05F,0.0,0.0
2023-11-01,05F,0.0,0.0
2021-06-01,05F,0.0,0.0
2021-08-01,05F,0.0,0.0
2025-06-01,05F,0.0,0.0
2025-09-01,05F,0.0,0.0
2025-11-01,05F,0.0,0.0
2021-12-01,05F,0.0,0.0
2021-10-01,05F,0.0,0.0
2026-05-01,05F,0.0,0.0
2025-04-01,05F,0.0,0.0
2026-04-01,05F,0.0,0.0
2025-03-01,05F,0.0,0.0
2024-02-01,05F,0.0,0.0
2021-11-01,05F,0.0,0.0
2025-07-01,05F,0.0,0.0
2025-05-01,05F,0.0,0.0
2022-05-01,05F,0.0,0.0
2026-01-01,05F,0.0,0.0
2026-03-01,05F,0.0,0.0
2024-07-01,05F,0.0,0.0
2024-04-01,05F,0.0,0.0
2024-01-01,05F,0.0,0.0
2022-01-01,05H,0.0,0.0
2021-07-01,05H,0.0,0.0
2023-08-01,05H,0.0,0.0
2022-02-01,05H,0.0,0.0
2025-03-01,05H,0.0,0.0
2025-12-01,05H,0.0,0.0
2022-08-01,05H,0.0,0.0
2021-06-01,05H,0.0,0.0
2023-04-01,05H,0.0,0.0
2023-06-01,05H,0.0,0.0
2024-03-01,05H,0.0,0.0
2025-07-01,05H,0.0,0.0
2022-11-01,05H,0.0,0.0
2024-06-01,05H,0.0,0.0
2023-10-01,05H,0.0,0.0
2023-11-01,05H,0.0,0.0
2022-03-01,05H,0.0,0.0
2021-08-01,05H,0.0,0.0
2026-04-01,05H,0.0,0.0
2025-01-01,05H,0.0,0.0
2023-12-01,05H,0.0,0.0
2023-07-01,05H,0.0,0.0
2025-02-01,05H,0.0,0.0
2024-12-01,05H,0.0,0.0
2023-01-01,05H,0.0,0.0
2025-11-01,05H,0.0,0.0
2022-06-01,05H,0.0,0.0
2026-02-01,05H,0.0,0.0
2021-11-01,05H,0.0,0.0
2025-05-01,05H,0.0,0.0
2022-12-01,05H,0.0,0.0
2021-12-01,05H,0.0,0.0
2025-10-01,05H,0.0,0.0
2021-10-01,05H,0.0,0.0
2025-08-01,05H,0.0,0.0
2022-05-01,05H,0.0,0.0
2026-03-01,05H,0.0,0.0
2023-03-01,05H,0.0,0.0
2022-04-01,05H,0.0,0.0
2024-02-01,05H,0.0,0.0
2023-09-01,05H,0.0,0.0
2024-08-01,05H,0.0,0.0
2021-09-01,05H,0.0,0.0
2022-07-01,05H,0.0,0.0
2023-02-01,05H,0.0,0.0
2025-06-01,05H,0.0,0.0
2025-04-01,05H,0.0,0.0
2022-10-01,05H,0.0,0.0
2024-04-01,05H,0.0,0.0
2026-06-01,05H,0.0,0.0
2022-09-01,05H,0.0,0.0
2026-01-01,05H,0.0,0.0
2025-09-01,05H,0.0,0.0
2024-09-01,05H,0.0,0.0
2026-05-01,05H,0.0,0.0
2024-07-01,05H,0.0,0.0
2024-10-01,05H,0.0,0.0
2024-11-01,05H,0.0,0.0
2024-05-01,05H,0.0,0.0
2024-01-01,05H,0.0,0.0
2023-05-01,05H,0.0,0.0
2025-01-01,05L,0.0,0.0
2026-01-01,05L,0.0,0.0
2024-12-01,05L,0.0,0.0
2024-10-01,05L,0.0,0.0
2023-08-01,05L,0.0,0.0
2021-12-01,05L,0.0,0.0
2022-07-01,05L,0.0,0.0
2023-05-01,05L,0.0,0.0
2026-06-01,05L,0.0,0.0
2024-03-01,05L,0.0,0.0
2021-06-01,05L,0.0,0.0
2023-03-01,05L,0.0,0.0
2022-03-01,05L,0.0,0.0
2021-07-01,05L,0.0,0.0
2022-12-01,05L,0.0,0.0
2026-03-01,05L,0.0,0.0
2025-08-01,05L,0.0,0.0
2025-12-01,05L,0.0,0.0
2025-09-01,05L,0.0,0.0
2021-09-01,05L,0.0,0.0
2022-02-01,05L,0.0,0.0
2026-05-01,05L,0.0,0.0
2022-01-01,05L,0.0,0.0
2021-11-01,05L,0.0,0.0
2024-11-01,05L,0.0,0.0
2025-07-01,05L,0.0,0.0
2023-01-01,05L,0.0,0.0
2023-06-01,05L,0.0,0.0
2024-09-01,05L,0.0,0.0
2022-11-01,05L,0.0,0.0
2023-12-01,05L,0.0,0.0
2021-08-01,05L,0.0,0.0
2022-09-01,05L,0.0,0.0
2025-06-01,05L,0.0,0.0
2025-03-01,05L,0.0,0.0
2024-07-01,05L,0.0,0.0
2023-07-01,05L,0.0,0.0
2025-05-01,05L,0.0,0.0
2024-04-01,05L,0.0,0.0
2024-01-01,05L,0.0,0.0
2024-02-01,05L,0.0,0.0
2024-05-01,05L,0.0,0.0
2022-08-01,05L,0.0,0.0
2022-10-01,05L,0.0,0.0
2023-02-01,05L,0.0,0.0
2025-02-01,05L,0.0,0.0
2025-11-01,05L,0.0,0.0
2024-06-01,05L,0.0,0.0
2024-08-01,05L,0.0,0.0
2022-04-01,05L,0.0,0.0
2023-10-01,05L,0.0,0.0
2022-06-01,05L,0.0,0.0
2022-05-01,05L,0.0,0.0
2025-04-01,05L,0.0,0.0
2023-09-01,05L,0.0,0.0
2025-10-01,05L,0.0,0.0
2023-11-01,05L,0.0,0.0
2026-02-01,05L,0.0,0.0
2023-04-01,05L,0.0,0.0
2021-10-01,05L,0.0,0.0
2026-04-01,05L,0.0,0.0
2023-07-01,05N,0.0,0.0
2022-02-01,05N,0.0,0.0
2022-06-01,05N,0.0,0.0
2022-03-01,05N,0.0,0.0
2022-08-01,05N,0.0,0.0
2022-09-01,05N,0.0,0.0
2026-03-01,05N,0.0,0.0
2023-02-01,05N,0.0,0.0
2021-12-01,05N,0.0,0.0
2021-09-01,05N,0.0,0.0
2025-11-01,05N,0.0,0.0
2025-10-01,05N,0.0,0.0
2021-06-01,05N,0.0,0.0
2023-10-01,05N,0.0,0.0
2024-09-01,05N,0.0,0.0
2025-07-01,05N,0.0,0.0
2026-04-01,05N,0.0,0.0
2021-07-01,05N,0.0,0.0
2022-04-01,05N,0.0,0.0
2025-01-01,05N,0.0,0.0
2022-01-01,05N,0.0,0.0
2023-08-01,05N,0.0,0.0
2024-04-01,05N,0.0,0.0
2021-10-01,05N,0.0,0.0
2025-04-01,05N,0.0,0.0
2024-05-01,05N,0.0,0.0
2025-03-01,05N,0.0,0.0
2023-04-01,05N,0.0,0.0
2022-05-01,05N,0.0,0.0
2025-06-01,05N,0.0,0.0
2024-07-01,05N,0.0,0.0
2023-09-01,05N,0.0,0.0
2024-06-01,05N,0.0,0.0
2025-05-01,05N,0.0,0.0
2022-12-01,05N,0.0,0.0
2024-12-01,05N,0.0,0.0
2024-11-01,05N,0.0,0.0
2026-02-01,05N,0.0,0.0
2025-02-01,05N,0.0,0.0
2023-05-01,05N,0.0,0.0
2026-05-01,05N,0.0,0.0
2022-11-01,05N,0.0,0.0
2023-12-01,05N,0.0,0.0
2024-02-01,05N,0.0,0.0
2026-06-01,05N,0.0,0.0
2024-01-01,05N,0.0,0.0
2022-07-01,05N,0.0,0.0
2024-10-01,05N,0.0,0.0
2024-08-01,05N,0.0,0.0
2023-01-01,05N,0.0,0.0
2025-12-01,05N,0.0,0.0
2023-06-01,05N,0.0,0.0
2021-08-01,05N,0.0,0.0
2021-11-01,05N,0.0,0.0
2022-10-01,05N,0.0,0.0
2024-03-01,05N,0.0,0.0
2026-01-01,05N,0.0,0.0
2023-03-01,05N,0.0,0.0
2023-11-01,05N,0.0,0.0
2025-09-01,05N,0.0,0.0
2025-08-01,05N,0.0,0.0
2023-03-01,05R,0.0,0.0
2021-12-01,05R,0.0,0.0
2022-05-01,05R,0.0,0.0
2024-07-01,05R,0.0,0.0
2025-09-01,05R,0.0,0.0
2021-09-01,05R,0.0,0.0
2023-05-01,05R,0.0,0.0
2025-06-01,05R,0.0,0.0
2023-02-01,05R,0.0,0.0
2022-08-01,05R,0.0,0.0
2023-12-01,05R,0.0,0.0
2024-08-01,05R,0.0,0.0
2025-01-01,05R,0.0,0.0
2025-02-01,05R,0.0,0.0
2022-02-01,05R,0.0,0.0
2024-09-01,05R,0.0,0.0
2022-03-01,05R,0.0,0.0
2026-06-01,05R,0.0,0.0
2022-07-01,05R,0.0,0.0
2024-04-01,05R,0.0,0.0
2021-11-01,05R,0.0,0.0
2022-10-01,05R,0.0,0.0
2026-03-01,05R,0.0,0.0
2025-12-01,05R,0.0,0.0
2023-06-01,05R,0.0,0.0
2022-04-01,05R,0.0,0.0
2026-02-01,05R,0.0,0.0
2023-01-01,05R,0.0,0.0
2024-02-01,05R,0.0,0.0
2024-10-01,05R,0.0,0.0
2023-10-01,05R,0.0,0.0
2025-04-01,05R,0.0,0.0
2024-12-01,05R,0.0,0.0
2026-01-01,05R,0.0,0.0
2025-10-01,05R,0.0,0.0
2022-09-01,05R,0.0,0.0
2021-10-01,05R,0.0,0.0
2021-06-01,05R,0.0,0.0
2023-04-01,05R,0.0,0.0
2024-11-01,05R,0.0,0.0
2024-01-01,05R,0.0,0.0
2025-07-01,05R,0.0,0.0
2022-06-01,05R,0.0,0.0
2021-08-01,05R,0.0,0.0
2024-03-01,05R,0.0,0.0
2022-11-01,05R,0.0,0.0
2026-04-01,05R,0.0,0.0
2022-12-01,05R,0.0,0.0
2024-06-01,05R,0.0,0.0
2023-11-01,05R,0.0,0.0
2023-07-01,05R,0.0,0.0
2026-05-01,05R,0.0,0.0
2025-08-01,05R,0.0,0.0
2024-05-01,05R,0.0,0.0
2025-05-01,05R,0.0,0.0
2023-09-01,05R,0.0,0.0
2025-03-01,05R,0.0,0.0
2022-01-01,05R,0.0,0.0
2021-07-01,05R,0.0,0.0
2023-08-01,05R,0.0,0.0
2025-11-01,05R,0.0,0.0
2022-07-01,05T,0.0,0.0
2023-04-01,05T,0.0,0.0
2025-03-01,05T,0.0,0.0
2024-05-01,05T,0.0,0.0
2023-06-01,05T,0.0,0.0
2026-03-01,05T,0.0,0.0
2021-08-01,05T,0.0,0.0
2021-09-01,05T,0.0,0.0
2024-04-01,05T,0.0,0.0
2025-02-01,05T,0.0,0.0
2022-10-01,05T,0.0,0.0
2025-09-01,05T,0.0,0.0
2025-11-01,05T,0.0,0.0
2023-11-01,05T,0.0,0.0
2022-04-01,05T,0.0,0.0
2023-08-01,05T,0.0,0.0
2021-12-01,05T,0.0,0.0
2023-10-01,05T,0.0,0.0
2022-12-01,05T,0.0,0.0
2025-04-01,05T,0.0,0.0
2025-12-01,05T,0.0,0.0
2022-01-01,05T,0.0,0.0
2026-04-01,05T,0.0,0.0
2025-01-01,05T,0.0,0.0
2023-03-01,05T,0.0,0.0
2024-02-01,05T,0.0,0.0
2024-09-01,05T,0.0,0.0
2024-03-01,05T,0.0,0.0
2023-12-01,05T,0.0,0.0
2025-10-01,05T,0.0,0.0
2025-08-01,05T,0.0,0.0
2021-06-01,05T,0.0,0.0
2025-05-01,05T,0.0,0.0
2024-08-01,05T,0.0,0.0
2022-05-01,05T,0.0,0.0
2025-07-01,05T,0.0,0.0
2024-11-01,05T,0.0,0.0
2023-07-01,05T,0.0,0.0
2024-10-01,05T,0.0,0.0
2022-06-01,05T,0.0,0.0
2026-02-01,05T,0.0,0.0
2026-01-01,05T,0.0,0.0
2023-05-01,05T,0.0,0.0
2022-08-01,05T,0.0,0.0
2022-02-01,05T,0.0,0.0
2022-03-01,05T,0.0,0.0
2026-05-01,05T,0.0,0.0
2023-02-01,05T,0.0,0.0
2022-09-01,05T,0.0,0.0
2025-06-01,05T,0.0,0.0
2024-07-01,05T,0.0,0.0
2021-07-01,05T,0.0,0.0
2024-06-01,05T,0.0,0.0
2024-12-01,05T,0.0,0.0
2021-10-01,05T,0.0,0.0
2022-11-01,05T,0.0,0.0
2023-09-01,05T,0.0,0.0
2023-01-01,05T,0.0,0.0
2021-11-01,05T,0.0,0.0
2024-01-01,05T,0.0,0.0
2026-06-01,05T,0.0,0.0
2023-10-01,05X,0.0,0.0
2026-02-01,05X,0.0,0.0
2025-08-01,05X,0.0,0.0
2022-10-01,05X,0.0,0.0
2022-02-01,05X,0.0,0.0
2022-11-01,05X,0.0,0.0
2026-03-01,05X,0.0,0.0
2025-05-01,05X,0.0,0.0
2022-06-01,05X,0.0,0.0
2024-08-01,05X,0.0,0.0
2025-03-01,05X,0.0,0.0
2024-02-01,05X,0.0,0.0
2026-04-01,05X,0.0,0.0
2024-04-01,05X,0.0,0.0
2022-12-01,05X,0.0,0.0
2026-06-01,05X,0.0,0.0
2022-08-01,05X,0.0,0.0
2025-10-01,05X,0.0,0.0
2024-06-01,05X,0.0,0.0
2024-12-01,05X,0.0,0.0
2025-07-01,05X,0.0,0.0
2021-06-01,05X,0.0,0.0
2026-05-01,05X,0.0,0.0
2025-01-01,05X,0.0,0.0
2021-11-01,05X,0.0,0.0
2021-12-01,05X,0.0,0.0
2022-07-01,05X,0.0,0.0
2025-11-01,05X,0.0,0.0
2022-03-01,05X,0.0,0.0
2023-09-01,05X,0.0,0.0
2026-01-01,05X,0.0,0.0
2024-01-01,05X,0.0,0.0
2021-10-01,05X,0.0,0.0
2021-07-01,05X,0.0,0.0
2023-03-01,05X,0.0,0.0
2023-06-01,05X,0.0,0.0
2023-02-01,05X,0.0,0.0
2025-12-01,05X,0.0,0.0
2022-05-01,05X,0.0,0.0
2023-11-01,05X,0.0,0.0
2025-09-01,05X,0.0,0.0
2023-04-01,05X,0.0,0.0
2024-11-01,05X,0.0,0.0
2024-03-01,05X,0.0,0.0
2024-10-01,05X,0.0,0.0
2024-05-01,05X,0.0,0.0
2025-06-01,05X,0.0,0.0
2023-08-01,05X,0.0,0.0
2022-01-01,05X,0.0,0.0
2024-07-01,05X,0.0,0.0
2023-01-01,05X,0.0,0.0
2021-09-01,05X,0.0,0.0
2022-09-01,05X,0.0,0.0
2022-04-01,05X,0.0,0.0
2023-12-01,05X,0.0,0.0
2023-07-01,05X,0.0,0.0
2025-04-01,05X,0.0,0.0
2025-02-01,05X,0.0,0.0
2023-05-01,05X,0.0,0.0
2021-08-01,05X,0.0,0.0
2024-09-01,05X,0.0,0.0
2025-03-01,05Y,0.0,0.0
2026-05-01,05Y,0.0,0.0
2022-07-01,05Y,0.0,0.0
2024-04-01,05Y,0.0,0.0
2024-07-01,05Y,0.0,0.0
2023-03-01,05Y,0.0,0.0
2025-02-01,05Y,0.0,0.0
2026-04-01,05Y,0.0,0.0
2022-03-01,05Y,0.0,0.0
2025-09-01,05Y,0.0,0.0
2021-06-01,05Y,0.0,0.0
2023-11-01,05Y,0.0,0.0
2025-12-01,05Y,0.0,0.0
2023-08-01,05Y,0.0,0.0
2025-10-01,05Y,0.0,0.0
2026-06-01,05Y,0.0,0.0
2023-09-01,05Y,0.0,0.0
2024-01-01,05Y,0.0,0.0
2023-05-01,05Y,0.0,0.0
2022-02-01,05Y,0.0,0.0
2022-06-01,05Y,0.0,0.0
2022-09-01,05Y,0.0,0.0
2024-06-01,05Y,0.0,0.0
2024-09-01,05Y,0.0,0.0
2023-12-01,05Y,0.0,0.0
2025-04-01,05Y,0.0,0.0
2023-06-01,05Y,0.0,0.0
2022-05-01,05Y,0.0,0.0
2022-01-01,05Y,0.0,0.0
2025-07-01,05Y,0.0,0.0
2024-08-01,05Y,0.0,0.0
2025-11-01,05Y,0.0,0.0
2026-01-01,05Y,0.0,0.0
2024-11-01,05Y,0.0,0.0
2023-07-01,05Y,0.0,0.0
2023-04-01,05Y,0.0,0.0
2023-10-01,05Y,0.0,0.0
2021-11-01,05Y,0.0,0.0
2023-01-01,05Y,0.0,0.0
2021-08-01,05Y,0.0,0.0
2026-03-01,05Y,0.0,0.0
2021-10-01,05Y,0.0,0.0
2025-06-01,05Y,0.0,0.0
2025-08-01,05Y,0.0,0.0
2022-10-01,05Y,0.0,0.0
2024-12-01,05Y,0.0,0.0
2022-04-01,05Y,0.0,0.0
2024-10-01,05Y,0.0,0.0
2025-01-01,05Y,0.0,0.0
2022-12-01,05Y,0.0,0.0
2024-02-01,05Y,0.0,0.0
2025-05-01,05Y,0.0,0.0
2022-08-01,05Y,0.0,0.0
2023-02-01,05Y,0.0,0.0
2021-12-01,05Y,0.0,0.0
2024-05-01,05Y,0.0,0.0
2021-09-01,05Y,0.0,0.0
2021-07-01,05Y,0.0,0.0
2022-11-01,05Y,0.0,0.0
2026-02-01,05Y,0.0,0.0
2024-03-01,05Y,0.0,0.0
2021-07-01,06A,0.0,0.0
2026-04-01,06A,0.0,0.0
2022-06-01,06A,0.0,0.0
2023-04-01,06A,0.0,0.0
2021-06-01,06A,0.0,0.0
2023-03-01,06A,0.0,0.0
2021-08-01,06A,0.0,0.0
2021-11-01,06A,0.0,0.0
2025-06-01,06A,0.0,0.0
2022-05-01,06A,0.0,0.0
2023-09-01,06A,0.0,0.0
2025-04-01,06A,0.0,0.0
2022-02-01,06A,0.0,0.0
2021-09-01,06A,0.0,0.0
2024-02-01,06A,0.0,0.0
2024-12-01,06A,0.0,0.0
2023-06-01,06A,0.0,0.0
2021-12-01,06A,0.0,0.0
2023-08-01,06A,0.0,0.0
2025-09-01,06A,0.0,0.0
2022-09-01,06A,0.0,0.0
2024-05-01,06A,0.0,0.0
2022-11-01,06A,0.0,0.0
2022-04-01,06A,0.0,0.0
2022-08-01,06A,0.0,0.0
2026-02-01,06A,0.0,0.0
2026-01-01,06A,0.0,0.0
2022-01-01,06A,0.0,0.0
2025-01-01,06A,0.0,0.0
2021-10-01,06A,0.0,0.0
2025-05-01,06A,0.0,0.0
2023-05-01,06A,0.0,0.0
2023-11-01,06A,0.0,0.0
2026-05-01,06A,0.0,0.0
2025-12-01,06A,0.0,0.0
2025-07-01,06A,0.0,0.0
2022-07-01,06A,0.0,0.0
2025-02-01,06A,0.0,0.0
2023-07-01,06A,0.0,0.0
2023-01-01,06A,0.0,0.0
2022-03-01,06A,0.0,0.0
2023-02-01,06A,0.0,0.0
2024-01-01,06A,0.0,0.0
2023-12-01,06A,0.0,0.0
2025-10-01,06A,0.0,0.0
2024-06-01,06A,0.0,0.0
2023-10-01,06A,0.0,0.0
2024-07-01,06A,0.0,0.0
2025-08-01,06A,0.0,0.0
2022-10-01,06A,0.0,0.0
2024-04-01,06A,0.0,0.0
2025-03-01,06A,0.0,0.0
2025-11-01,06A,0.0,0.0
2024-11-01,06A,0.0,0.0
2024-10-01,06A,0.0,0.0
2024-03-01,06A,0.0,0.0
2024-08-01,06A,0.0,0.0
2022-12-01,06A,0.0,0.0
2026-03-01,06A,0.0,0.0
2026-06-01,06A,0.0,0.0
2024-09-01,06A,0.0,0.0
2021-12-01,06D,0.0,0.0
2025-09-01,06D,0.0,0.0
2026-01-01,06D,0.0,0.0
2025-06-01,06D,0.0,0.0
2023-06-01,06D,0.0,0.0
2022-07-01,06D,0.0,0.0
2023-01-01,06D,0.0,0.0
2022-02-01,06D,0.0,0.0
2022-01-01,06D,0.0,0.0
2023-04-01,06D,0.0,0.0
2022-10-01,06D,0.0,0.0
2023-11-01,06D,0.0,0.0
2024-08-01,06D,0.0,0.0
2024-01-01,06D,0.0,0.0
2026-06-01,06D,0.0,0.0
2022-03-01,06D,0.0,0.0
2021-11-01,06D,0.0,0.0
2025-02-01,06D,0.0,0.0
2024-07-01,06D,0.0,0.0
2024-05-01,06D,0.0,0.0
2021-09-01,06D,0.0,0.0
2025-07-01,06D,0.0,0.0
2022-04-01,06D,0.0,0.0
2026-03-01,06D,0.0,0.0
2021-10-01,06D,0.0,0.0
2026-04-01,06D,0.0,0.0
2022-11-01,06D,0.0,0.0
2023-03-01,06D,0.0,0.0
2022-09-01,06D,0.0,0.0
2025-03-01,06D,0.0,0.0
2025-08-01,06D,0.0,0.0
2022-08-01,06D,0.0,0.0
2024-03-01,06D,0.0,0.0
2025-11-01,06D,0.0,0.0
2021-07-01,06D,0.0,0.0
2023-09-01,06D,0.0,0.0
2025-05-01,06D,0.0,0.0
2023-12-01,06D,0.0,0.0
2025-10-01,06D,0.0,0.0
2026-02-01,06D,0.0,0.0
2021-08-01,06D,0.0,0.0
2023-05-01,06D,0.0,0.0
2024-04-01,06D,0.0,0.0
2023-02-01,06D,0.0,0.0
2023-08-01,06D,0.0,0.0
2024-11-01,06D,0.0,0.0
2024-12-01,06D,0.0,0.0
2023-10-01,06D,0.0,0.0
2024-10-01,06D,0.0,0.0
2022-05-01,06D,0.0,0.0
2025-12-01,06D,0.0,0.0
2022-12-01,06D,0.0,0.0
2026-05-01,06D,0.0,0.0
2025-04-01,06D,0.0,0.0
2024-09-01,06D,0.0,0.0
2023-07-01,06D,0.0,0.0
2024-02-01,06D,0.0,0.0
2021-06-01,06D,0.0,0.0
2022-06-01,06D,0.0,0.0
2024-06-01,06D,0.0,0.0
2025-01-01,06D,0.0,0.0
2023-09-01,06F,0.0,0.0
2022-02-01,06F,0.0,0.0
2021-10-01,06F,0.0,0.0
2026-06-01,06F,0.0,0.0
2025-06-01,06F,0.0,0.0
2025-01-01,06F,0.0,0.0
2021-11-01,06F,0.0,0.0
2024-09-01,06F,0.0,0.0
2025-09-01,06F,0.0,0.0
2023-04-01,06F,0.0,0.0
2023-11-01,06F,0.0,0.0
2023-08-01,06F,0.0,0.0
2026-02-01,06F,0.0,0.0
2021-07-01,06F,0.0,0.0
2025-05-01,06F,0.0,0.0
2022-04-01,06F,0.0,0.0
2025-11-01,06F,0.0,0.0
2021-09-01,06F,0.0,0.0
2022-08-01,06F,0.0,0.0
2026-03-01,06F,0.0,0.0
2025-12-01,06F,0.0,0.0
2026-01-01,06F,0.0,0.0
2023-03-01,06F,0.0,0.0
2024-06-01,06F,0.0,0.0
2023-10-01,06F,0.0,0.0
2021-08-01,06F,0.0,0.0
2022-09-01,06F,0.0,0.0
2023-06-01,06F,0.0,0.0
2021-06-01,06F,0.0,0.0
2025-02-01,06F,0.0,0.0
2024-01-01,06F,0.0,0.0
2026-04-01,06F,0.0,0.0
2022-01-01,06F,0.0,0.0
2022-06-01,06F,0.0,0.0
2021-12-01,06F,0.0,0.0
2024-03-01,06F,0.0,0.0
2024-02-01,06F,0.0,0.0
2025-07-01,06F,0.0,0.0
2025-08-01,06F,0.0,0.0
2024-12-01,06F,0.0,0.0
2022-05-01,06F,0.0,0.0
2022-07-01,06F,0.0,0.0
2023-12-01,06F,0.0,0.0
2024-05-01,06F,0.0,0.0
2025-10-01,06F,0.0,0.0
2023-02-01,06F,0.0,0.0
2026-05-01,06F,0.0,0.0
2022-12-01,06F,0.0,0.0
2025-04-01,06F,0.0,0.0
2024-04-01,06F,0.0,0.0
2022-11-01,06F,0.0,0.0
2022-10-01,06F,0.0,0.0
2023-05-01,06F,0.0,0.0
2023-07-01,06F,0.0,0.0
2024-07-01,06F,0.0,0.0
2024-10-01,06F,0.0,0.0
2025-03-01,06F,0.0,0.0
2023-01-01,06F,0.0,0.0
2024-11-01,06F,0.0,0.0
2024-08-01,06F,0.0,0.0
2022-03-01,06F,0.0,0.0
2021-09-01,06M,0.0,0.0
2022-11-01,06M,0.0,0.0
2022-05-01,06M,0.0,0.0
2022-07-01,06M,0.0,0.0
2026-06-01,06M,0.0,0.0
2025-02-01,06M,0.0,0.0
2022-08-01,06M,0.0,0.0
2021-08-01,06M,0.0,0.0
2021-12-01,06M,0.0,0.0
2024-04-01,06M,0.0,0.0
2023-03-01,06M,0.0,0.0
2022-06-01,06M,0.0,0.0
2021-10-01,06M,0.0,0.0
2023-06-01,06M,0.0,0.0
2024-03-01,06M,0.0,0.0
2023-04-01,06M,0.0,0.0
2025-06-01,06M,0.0,0.0
2024-06-01,06M,0.0,0.0
2024-08-01,06M,0.0,0.0
2024-01-01,06M,0.0,0.0
2025-08-01,06M,0.0,0.0
2023-11-01,06M,0.0,0.0
2025-11-01,06M,0.0,0.0
2026-03-01,06M,0.0,0.0
2024-07-01,06M,0.0,0.0
2023-02-01,06M,0.0,0.0
2025-05-01,06M,0.0,0.0
2022-01-01,06M,0.0,0.0
2022-02-01,06M,0.0,0.0
2023-09-01,06M,0.0,0.0
2024-10-01,06M,0.0,0.0
2023-05-01,06M,0.0,0.0
2023-08-01,06M,0.0,0.0
2025-12-01,06M,0.0,0.0
2022-12-01,06M,0.0,0.0
2024-05-01,06M,0.0,0.0
2025-04-01,06M,0.0,0.0
2021-07-01,06M,0.0,0.0
2026-05-01,06M,0.0,0.0
2025-07-01,06M,0.0,0.0
2021-06-01,06M,0.0,0.0
2025-03-01,06M,0.0,0.0
2025-01-01,06M,0.0,0.0
2024-02-01,06M,0.0,0.0
2022-09-01,06M,0.0,0.0
2026-01-01,06M,0.0,0.0
2024-12-01,06M,0.0,0.0
2026-02-01,06M,0.0,0.0
2022-03-01,06M,0.0,0.0
2023-12-01,06M,0.0,0.0
2024-09-01,06M,0.0,0.0
2022-10-01,06M,0.0,0.0
2025-10-01,06M,0.0,0.0
2023-01-01,06M,0.0,0.0
2022-04-01,06M,0.0,0.0
2026-04-01,06M,0.0,0.0
2023-10-01,06M,0.0,0.0
2024-11-01,06M,0.0,0.0
2023-07-01,06M,0.0,0.0
2025-09-01,06M,0.0,0.0
2021-11-01,06M,0.0,0.0
2024-10-01,06P,0.0,0.0
2026-06-01,06P,0.0,0.0
2022-12-01,06P,0.0,0.0
2024-07-01,06P,0.0,0.0
2023-01-01,06P,0.0,0.0
2024-09-01,06P,0.0,0.0
2023-10-01,06P,0.0,0.0
2023-03-01,06P,0.0,0.0
2024-02-01,06P,0.0,0.0
2026-03-01,06P,0.0,0.0
2023-09-01,06P,0.0,0.0
2022-07-01,06P,0.0,0.0
2022-02-01,06P,0.0,0.0
2024-03-01,06P,0.0,0.0
2026-05-01,06P,0.0,0.0
2025-06-01,06P,0.0,0.0
2022-11-01,06P,0.0,0.0
2023-12-01,06P,0.0,0.0
2021-11-01,06P,0.0,0.0
2022-09-01,06P,0.0,0.0
2023-07-01,06P,0.0,0.0
2026-02-01,06P,0.0,0.0
2024-06-01,06P,0.0,0.0
2023-02-01,06P,0.0,0.0
2024-08-01,06P,0.0,0.0
2024-04-01,06P,0.0,0.0
2022-04-01,06P,0.0,0.0
2023-05-01,06P,0.0,0.0
2025-08-01,06P,0.0,0.0
2026-04-01,06P,0.0,0.0
2021-07-01,06P,0.0,0.0
2025-10-01,06P,0.0,0.0
2025-01-01,06P,0.0,0.0
2022-06-01,06P,0.0,0.0
2023-04-01,06P,0.0,0.0
2025-05-01,06P,0.0,0.0
2025-02-01,06P,0.0,0.0
2024-05-01,06P,0.0,0.0
2024-12-01,06P,0.0,0.0
2026-01-01,06P,0.0,0.0
2022-10-01,06P,0.0,0.0
2022-01-01,06P,0.0,0.0
2023-11-01,06P,0.0,0.0
2021-12-01,06P,0.0,0.0
2023-08-01,06P,0.0,0.0
2025-12-01,06P,0.0,0.0
2022-08-01,06P,0.0,0.0
2025-11-01,06P,0.0,0.0
2025-09-01,06P,0.0,0.0
2022-05-01,06P,0.0,0.0
2021-10-01,06P,0.0,0.0
2023-06-01,06P,0.0,0.0
2024-01-01,06P,0.0,0.0
2021-06-01,06P,0.0,0.0
2025-04-01,06P,0.0,0.0
2025-07-01,06P,0.0,0.0
2021-09-01,06P,0.0,0.0
2025-03-01,06P,0.0,0.0
2024-11-01,06P,0.0,0.0
2021-08-01,06P,0.0,0.0
2022-03-01,06P,0.0,0.0
2025-03-01,06W,0.0,0.0
2025-01-01,06W,0.0,0.0
2024-09-01,06W,0.0,0.0
2024-10-01,06W,0.0,0.0
2021-11-01,06W,0.0,0.0
2024-11-01,06W,0.0,0.0
2024-01-01,06W,0.0,0.0
2025-02-01,06W,0.0,0.0
2026-06-01,06W,0.0,0.0
2022-06-01,06W,0.0,0.0
2022-03-01,06W,0.0,0.0
2025-09-01,06W,0.0,0.0
2024-06-01,06W,0.0,0.0
2024-04-01,06W,0.0,0.0
2026-04-01,06W,0.0,0.0
2026-05-01,06W,0.0,0.0
2022-12-01,06W,0.0,0.0
2023-02-01,06W,0.0,0.0
2024-03-01,06W,0.0,0.0
2025-04-01,06W,0.0,0.0
2023-11-01,06W,0.0,0.0
2022-10-01,06W,0.0,0.0
2022-08-01,06W,0.0,0.0
2023-08-01,06W,0.0,0.0
2023-05-01,06W,0.0,0.0
2022-04-01,06W,0.0,0.0
2023-06-01,06W,0.0,0.0
2023-01-01,06W,0.0,0.0
2021-06-01,06W,0.0,0.0
2024-08-01,06W,0.0,0.0
2025-05-01,06W,0.0,0.0
2021-07-01,06W,0.0,0.0
2022-02-01,06W,0.0,0.0
2022-01-01,06W,0.0,0.0
2021-08-01,06W,0.0,0.0
2026-01-01,06W,0.0,0.0
2023-07-01,06W,0.0,0.0
2022-11-01,06W,0.0,0.0
2024-05-01,06W,0.0,0.0
2022-07-01,06W,0.0,0.0
2021-12-01,06W,0.0,0.0
2024-12-01,06W,0.0,0.0
2026-03-01,06W,0.0,0.0
2026-02-01,06W,0.0,0.0
2023-10-01,06W,0.0,0.0
2025-07-01,06W,0.0,0.0
2024-02-01,06W,0.0,0.0
2022-09-01,06W,0.0,0.0
2025-11-01,06W,0.0,0.0
2025-08-01,06W,0.0,0.0
2025-12-01,06W,0.0,0.0
2021-10-01,06W,0.0,0.0
2023-12-01,06W,0.0,0.0
2023-09-01,06W,0.0,0.0
2024-07-01,06W,0.0,0.0
2022-05-01,06W,0.0,0.0
2021-09-01,06W,0.0,0.0
2023-03-01,06W,0.0,0.0
2023-04-01,06W,0.0,0.0
2025-06-01,06W,0.0,0.0
2025-10-01,06W,0.0,0.0
2024-12-01,06Y,0.0,0.0
2021-11-01,06Y,0.0,0.0
2022-12-01,06Y,0.0,0.0
2022-06-01,06Y,0.0,0.0
2024-06-01,06Y,0.0,0.0
2023-12-01,06Y,0.0,0.0
2021-08-01,06Y,0.0,0.0
2025-10-01,06Y,0.0,0.0
2024-09-01,06Y,0.0,0.0
2025-12-01,06Y,0.0,0.0
2025-05-01,06Y,0.0,0.0
2024-07-01,06Y,0.0,0.0
2022-10-01,06Y,0.0,0.0
2023-06-01,06Y,0.0,0.0
2024-11-01,06Y,0.0,0.0
2022-08-01,06Y,0.0,0.0
2021-07-01,06Y,0.0,0.0
2025-01-01,06Y,0.0,0.0
2023-08-01,06Y,0.0,0.0
2024-10-01,06Y,0.0,0.0
2025-06-01,06Y,0.0,0.0
2023-07-01,06Y,0.0,0.0
2024-08-01,06Y,0.0,0.0
2026-01-01,06Y,0.0,0.0
2026-05-01,06Y,0.0,0.0
2022-09-01,06Y,0.0,0.0
2023-09-01,06Y,0.0,0.0
2022-05-01,06Y,0.0,0.0
2022-03-01,06Y,0.0,0.0
2024-01-01,06Y,0.0,0.0
2024-04-01,06Y,0.0,0.0
2023-11-01,06Y,0.0,0.0
2024-03-01,06Y,0.0,0.0
2022-11-01,06Y,0.0,0.0
2025-03-01,06Y,0.0,0.0
2025-11-01,06Y,0.0,0.0
2026-03-01,06Y,0.0,0.0
2025-07-01,06Y,0.0,0.0
2022-07-01,06Y,0.0,0.0
2026-06-01,06Y,0.0,0.0
2023-02-01,06Y,0.0,0.0
2026-04-01,06Y,0.0,0.0
2022-01-01,06Y,0.0,0.0
2022-02-01,06Y,0.0,0.0
2021-06-01,06Y,0.0,0.0
2024-02-01,06Y,0.0,0.0
2024-05-01,06Y,0.0,0.0
2025-09-01,06Y,0.0,0.0
2025-04-01,06Y,0.0,0.0
2023-05-01,06Y,0.0,0.0
2023-03-01,06Y,0.0,0.0
2021-09-01,06Y,0.0,0.0
2026-02-01,06Y,0.0,0.0
2023-01-01,06Y,0.0,0.0
2025-08-01,06Y,0.0,0.0
2023-04-01,06Y,0.0,0.0
2025-02-01,06Y,0.0,0.0
2022-04-01,06Y,0.0,0.0
2021-12-01,06Y,0.0,0.0
2021-10-01,06Y,0.0,0.0
2023-10-01,06Y,0.0,0.0
2026-04-01,07L,0.0,0.0
2024-05-01,07L,0.0,0.0
2023-04-01,07L,0.0,0.0
2023-05-01,07L,0.0,0.0
2024-10-01,07L,0.0,0.0
2023-07-01,07L,0.0,0.0
2024-03-01,07L,0.0,0.0
2025-01-01,07L,0.0,0.0
2025-11-01,07L,0.0,0.0
2024-11-01,07L,0.0,0.0
2026-05-01,07L,0.0,0.0
2025-03-01,07L,0.0,0.0
2022-08-01,07L,0.0,0.0
2024-02-01,07L,0.0,0.0
2022-12-01,07L,0.0,0.0
2023-12-01,07L,0.0,0.0
2024-08-01,07L,0.0,0.0
2022-02-01,07L,0.0,0.0
2022-01-01,07L,0.0,0.0
2022-07-01,07L,0.0,0.0
2021-08-01,07L,0.0,0.0
2022-09-01,07L,0.0,0.0
2022-06-01,07L,0.0,0.0
2023-11-01,07L,0.0,0.0
2022-04-01,07L,0.0,0.0
2023-03-01,07L,0.0,0.0
2026-06-01,07L,0.0,0.0
2022-03-01,07L,0.0,0.0
2024-12-01,07L,0.0,0.0
2024-01-01,07L,0.0,0.0
2025-04-01,07L,0.0,0.0
2023-01-01,07L,0.0,0.0
2021-10-01,07L,0.0,0.0
2024-06-01,07L,0.0,0.0
2021-09-01,07L,0.0,0.0
2025-06-01,07L,0.0,0.0
2025-09-01,07L,0.0,0.0
2022-10-01,07L,0.0,0.0
2025-02-01,07L,0.0,0.0
2024-09-01,07L,0.0,0.0
2026-02-01,07L,0.0,0.0
2023-09-01,07L,0.0,0.0
2023-10-01,07L,0.0,0.0
2023-06-01,07L,0.0,0.0
2022-11-01,07L,0.0,0.0
2025-05-01,07L,0.0,0.0
2021-07-01,07L,0.0,0.0
2026-01-01,07L,0.0,0.0
2021-06-01,07L,0.0,0.0
2026-03-01,07L,0.0,0.0
2023-08-01,07L,0.0,0.0
2025-10-01,07L,0.0,0.0
2021-12-01,07L,0.0,0.0
2021-11-01,07L,0.0,0.0
2025-12-01,07L,0.0,0.0
2024-07-01,07L,0.0,0.0
2024-04-01,07L,0.0,0.0
2025-08-01,07L,0.0,0.0
2022-05-01,07L,0.0,0.0
2023-02-01,07L,0.0,0.0
2025-07-01,07L,0.0,0.0
2026-03-01,07M,0.0,0.0
2024-08-01,07M,0.0,0.0
2021-08-01,07M,0.0,0.0
2023-08-01,07M,0.0,0.0
2022-04-01,07M,0.0,0.0
2024-01-01,07M,0.0,0.0
2023-12-01,07M,0.0,0.0
2024-02-01,07M,0.0,0.0
2021-09-01,07M,0.0,0.0
2023-02-01,07M,0.0,0.0
2025-02-01,07M,0.0,0.0
2022-01-01,07M,0.0,0.0
2023-01-01,07M,0.0,0.0
2025-10-01,07M,0.0,0.0
2021-06-01,07M,0.0,0.0
2022-06-01,07M,0.0,0.0
2024-10-01,07M,0.0,0.0
2022-02-01,07M,0.0,0.0
2026-06-01,07M,0.0,0.0
2024-04-01,07M,0.0,0.0
2026-04-01,07M,0.0,0.0
2023-07-01,07M,0.0,0.0
2023-09-01,07M,0.0,0.0
2024-06-01,07M,0.0,0.0
2024-07-01,07M,0.0,0.0
2025-04-01,07M,0.0,0.0
2022-07-01,07M,0.0,0.0
2022-10-01,07M,0.0,0.0
2025-07-01,07M,0.0,0.0
2025-11-01,07M,0.0,0.0
2025-08-01,07M,0.0,0.0
2025-05-01,07M,0.0,0.0
2024-09-01,07M,0.0,0.0
2023-03-01,07M,0.0,0.0
2024-03-01,07M,0.0,0.0
2022-05-01,07M,0.0,0.0
2026-01-01,07M,0.0,0.0
2022-11-01,07M,0.0,0.0
2025-12-01,07M,0.0,0.0
2026-02-01,07M,0.0,0.0
2023-04-01,07M,0.0,0.0
2025-01-01,07M,0.0,0.0
2024-12-01,07M,0.0,0.0
2021-10-01,07M,0.0,0.0
2024-11-01,07M,0.0,0.0
2023-06-01,07M,0.0,0.0
2022-12-01,07M,0.0,0.0
2021-11-01,07M,0.0,0.0
2022-09-01,07M,0.0,0.0
2024-05-01,07M,0.0,0.0
2023-05-01,07M,0.0,0.0
2023-11-01,07M,0.0,0.0
2025-09-01,07M,0.0,0.0
2022-08-01,07M,0.0,0.0
2023-10-01,07M,0.0,0.0
2025-03-01,07M,0.0,0.0
2026-05-01,07M,0.0,0.0
2022-03-01,07M,0.0,0.0
2021-07-01,07M,0.0,0.0
2021-12-01,07M,0.0,0.0
2025-06-01,07M,0.0,0.0
2026-04-01,07N,0.0,0.0
2024-06-01,07N,0.0,0.0
2023-02-01,07N,0.0,0.0
2023-05-01,07N,0.0,0.0
2022-08-01,07N,0.0,0.0
2025-10-01,07N,0.0,0.0
2025-07-01,07N,0.0,0.0
2022-03-01,07N,0.0,0.0
2025-03-01,07N,0.0,0.0
2024-12-01,07N,0.0,0.0
2023-11-01,07N,0.0,0.0
2023-12-01,07N,0.0,0.0
2021-07-01,07N,0.0,0.0
2023-10-01,07N,0.0,0.0
2022-04-01,07N,0.0,0.0
2023-03-01,07N,0.0,0.0
2024-05-01,07N,0.0,0.0
2025-06-01,07N,0.0,0.0
2024-07-01,07N,0.0,0.0
2025-11-01,07N,0.0,0.0
2025-05-01,07N,0.0,0.0
2025-08-01,07N,0.0,0.0
2024-10-01,07N,0.0,0.0
2022-07-01,07N,0.0,0.0
2024-11-01,07N,0.0,0.0
2021-08-01,07N,0.0,0.0
2022-02-01,07N,0.0,0.0
2021-10-01,07N,0.0,0.0
2022-09-01,07N,0.0,0.0
2026-05-01,07N,0.0,0.0
2022-05-01,07N,0.0,0.0
2022-11-01,07N,0.0,0.0
2022-06-01,07N,0.0,0.0
2026-06-01,07N,0.0,0.0
2021-12-01,07N,0.0,0.0
2021-06-01,07N,0.0,0.0
2024-08-01,07N,0.0,0.0
2025-02-01,07N,0.0,0.0
2024-03-01,07N,0.0,0.0
2023-09-01,07N,0.0,0.0
2022-12-01,07N,0.0,0.0
2024-02-01,07N,0.0,0.0
2026-02-01,07N,0.0,0.0
2023-04-01,07N,0.0,0.0
2026-01-01,07N,0.0,0.0
2025-04-01,07N,0.0,0.0
2023-06-01,07N,0.0,0.0
2023-08-01,07N,0.0,0.0
2021-11-01,07N,0.0,0.0
2022-10-01,07N,0.0,0.0
2026-03-01,07N,0.0,0.0
2022-01-01,07N,0.0,0.0
2024-04-01,07N,0.0,0.0
2025-12-01,07N,0.0,0.0
2024-09-01,07N,0.0,0.0
2023-01-01,07N,0.0,0.0
2024-01-01,07N,0.0,0.0
2025-01-01,07N,0.0,0.0
2021-09-01,07N,0.0,0.0
2023-07-01,07N,0.0,0.0
2025-09-01,07N,0.0,0.0
2024-12-01,07P,0.0,0.0
2021-10-01,07P,0.0,0.0
2022-07-01,07P,0.0,0.0
2023-11-01,07P,0.0,0.0
2023-03-01,07P,0.0,0.0
2022-06-01,07P,0.0,0.0
2025-02-01,07P,0.0,0.0
2021-12-01,07P,0.0,0.0
2023-10-01,07P,0.0,0.0
2022-09-01,07P,0.0,0.0
2024-01-01,07P,0.0,0.0
2021-06-01,07P,0.0,0.0
2024-06-01,07P,0.0,0.0
2023-04-01,07P,0.0,0.0
2023-05-01,07P,0.0,0.0
2024-08-01,07P,0.0,0.0
2025-04-01,07P,0.0,0.0
2022-11-01,07P,0.0,0.0
2021-08-01,07P,0.0,0.0
2023-01-01,07P,0.0,0.0
2026-05-01,07P,0.0,0.0
2024-04-01,07P,0.0,0.0
2021-07-01,07P,0.0,0.0
2026-01-01,07P,0.0,0.0
2025-10-01,07P,0.0,0.0
2022-01-01,07P,0.0,0.0
2022-10-01,07P,0.0,0.0
2026-03-01,07P,0.0,0.0
2022-08-01,07P,0.0,0.0
2023-12-01,07P,0.0,0.0
2024-10-01,07P,0.0,0.0
2023-07-01,07P,0.0,0.0
2026-02-01,07P,0.0,0.0
2023-08-01,07P,0.0,0.0
2024-07-01,07P,0.0,0.0
2022-03-01,07P,0.0,0.0
2021-11-01,07P,0.0,0.0
2025-08-01,07P,0.0,0.0
2022-05-01,07P,0.0,0.0
2022-12-01,07P,0.0,0.0
2025-01-01,07P,0.0,0.0
2024-03-01,07P,0.0,0.0
2025-06-01,07P,0.0,0.0
2025-09-01,07P,0.0,0.0
2024-09-01,07P,0.0,0.0
2022-02-01,07P,0.0,0.0
2026-04-01,07P,0.0,0.0
2026-06-01,07P,0.0,0.0
2025-05-01,07P,0.0,0.0
2021-09-01,07P,0.0,0.0
2025-11-01,07P,0.0,0.0
2023-06-01,07P,0.0,0.0
2023-02-01,07P,0.0,0.0
2024-02-01,07P,0.0,0.0
2022-04-01,07P,0.0,0.0
2025-07-01,07P,0.0,0.0
2025-03-01,07P,0.0,0.0
2024-11-01,07P,0.0,0.0
2024-05-01,07P,0.0,0.0
2023-09-01,07P,0.0,0.0
2025-12-01,07P,0.0,0.0
2022-10-01,07R,0.0,0.0
2026-06-01,07R,0.0,0.0
2022-03-01,07R,0.0,0.0
2023-05-01,07R,0.0,0.0
2025-12-01,07R,0.0,0.0
2023-06-01,07R,0.0,0.0
2024-06-01,07R,0.0,0.0
2023-10-01,07R,0.0,0.0
2025-06-01,07R,0.0,0.0
2021-08-01,07R,0.0,0.0
2022-05-01,07R,0.0,0.0
2025-11-01,07R,0.0,0.0
2024-03-01,07R,0.0,0.0
2022-11-01,07R,0.0,0.0
2024-01-01,07R,0.0,0.0
2023-09-01,07R,0.0,0.0
2025-01-01,07R,0.0,0.0
2023-07-01,07R,0.0,0.0
2022-09-01,07R,0.0,0.0
2022-07-01,07R,0.0,0.0
2026-01-01,07R,0.0,0.0
2025-10-01,07R,0.0,0.0
2021-07-01,07R,0.0,0.0
2022-08-01,07R,0.0,0.0
2024-07-01,07R,0.0,0.0
2023-12-01,07R,0.0,0.0
2024-02-01,07R,0.0,0.0
2024-10-01,07R,0.0,0.0
2026-04-01,07R,0.0,0.0
2026-05-01,07R,0.0,0.0
2025-07-01,07R,0.0,0.0
2022-04-01,07R,0.0,0.0
2021-06-01,07R,0.0,0.0
2021-12-01,07R,0.0,0.0
2021-10-01,07R,0.0,0.0
2023-08-01,07R,0.0,0.0
2021-11-01,07R,0.0,0.0
2026-02-01,07R,0.0,0.0
2022-02-01,07R,0.0,0.0
2025-03-01,07R,0.0,0.0
2021-09-01,07R,0.0,0.0
2024-11-01,07R,0.0,0.0
2023-11-01,07R,0.0,0.0
2022-12-01,07R,0.0,0.0
2023-02-01,07R,0.0,0.0
2023-03-01,07R,0.0,0.0
2024-09-01,07R,0.0,0.0
2024-04-01,07R,0.0,0.0
2025-04-01,07R,0.0,0.0
2024-05-01,07R,0.0,0.0
2024-08-01,07R,0.0,0.0
2026-03-01,07R,0.0,0.0
2023-01-01,07R,0.0,0.0
2022-01-01,07R,0.0,0.0
2025-02-01,07R,0.0,0.0
2022-06-01,07R,0.0,0.0
2025-08-01,07R,0.0,0.0
2025-09-01,07R,0.0,0.0
2025-05-01,07R,0.0,0.0
2024-12-01,07R,0.0,0.0
2023-04-01,07R,0.0,0.0
2022-05-01,07T,0.0,0.0
2025-05-01,07T,0.0,0.0
2025-04-01,07T,0.0,0.0
2026-02-01,07T,0.0,0.0
2024-03-01,07T,0.0,0.0
2022-08-01,07T,0.0,0.0
2025-02-01,07T,0.0,0.0
2023-05-01,07T,0.0,0.0
2023-10-01,07T,0.0,0.0
2024-04-01,07T,0.0,0.0
2023-07-01,07T,0.0,0.0
2025-03-01,07T,0.0,0.0
2022-12-01,07T,0.0,0.0
2024-09-01,07T,0.0,0.0
2023-09-01,07T,0.0,0.0
2021-10-01,07T,0.0,0.0
2025-09-01,07T,0.0,0.0
2022-11-01,07T,0.0,0.0
2023-01-01,07T,0.0,0.0
2024-08-01,07T,0.0,0.0
2024-05-01,07T,0.0,0.0
2024-01-01,07T,0.0,0.0
2022-07-01,07T,0.0,0.0
2021-12-01,07T,0.0,0.0
2023-11-01,07T,0.0,0.0
2026-06-01,07T,0.0,0.0
2026-01-01,07T,0.0,0.0
2023-03-01,07T,0.0,0.0
2022-03-01,07T,0.0,0.0
2024-10-01,07T,0.0,0.0
2022-01-01,07T,0.0,0.0
2025-10-01,07T,0.0,0.0
2023-04-01,07T,0.0,0.0
2023-08-01,07T,0.0,0.0
2021-08-01,07T,0.0,0.0
2026-03-01,07T,0.0,0.0
2021-07-01,07T,0.0,0.0
2025-01-01,07T,0.0,0.0
2025-11-01,07T,0.0,0.0
2025-07-01,07T,0.0,0.0
2024-07-01,07T,0.0,0.0
2022-02-01,07T,0.0,0.0
2023-06-01,07T,0.0,0.0
2021-06-01,07T,0.0,0.0
2022-06-01,07T,0.0,0.0
2021-11-01,07T,0.0,0.0
2025-08-01,07T,0.0,0.0
2023-02-01,07T,0.0,0.0
2022-09-01,07T,0.0,0.0
2024-06-01,07T,0.0,0.0
2024-02-01,07T,0.0,0.0
2025-06-01,07T,0.0,0.0
2024-12-01,07T,0.0,0.0
2024-11-01,07T,0.0,0.0
2022-04-01,07T,0.0,0.0
2022-10-01,07T,0.0,0.0
2021-09-01,07T,0.0,0.0
2025-12-01,07T,0.0,0.0
2026-05-01,07T,0.0,0.0
2023-12-01,07T,0.0,0.0
2026-04-01,07T,0.0,0.0
2023-01-01,07V,0.0,0.0
2024-05-01,07V,0.0,0.0
2022-07-01,07V,0.0,0.0
2021-07-01,07V,0.0,0.0
2024-01-01,07V,0.0,0.0
2025-09-01,07V,0.0,0.0
2026-04-01,07V,0.0,0.0
2022-08-01,07V,0.0,0.0
2024-03-01,07V,0.0,0.0
2023-06-01,07V,0.0,0.0
2022-06-01,07V,0.0,0.0
2023-09-01,07V,0.0,0.0
2022-11-01,07V,0.0,0.0
2024-09-01,07V,0.0,0.0
2022-05-01,07V,0.0,0.0
2025-07-01,07V,0.0,0.0
2025-11-01,07V,0.0,0.0
2021-11-01,07V,0.0,0.0
2025-08-01,07V,0.0,0.0
2025-03-01,07V,0.0,0.0
2021-09-01,07V,0.0,0.0
2024-07-01,07V,0.0,0.0
2022-04-01,07V,0.0,0.0
2026-01-01,07V,0.0,0.0
2022-03-01,07V,0.0,0.0
2022-02-01,07V,0.0,0.0
2023-04-01,07V,0.0,0.0
2025-02-01,07V,0.0,0.0
2026-02-01,07V,0.0,0.0
2024-12-01,07V,0.0,0.0
2026-03-01,07V,0.0,0.0
2023-02-01,07V,0.0,0.0
2023-05-01,07V,0.0,0.0
2023-03-01,07V,0.0,0.0
2021-12-01,07V,0.0,0.0
2024-08-01,07V,0.0,0.0
2025-06-01,07V,0.0,0.0
2026-06-01,07V,0.0,0.0
2022-09-01,07V,0.0,0.0
2025-04-01,07V,0.0,0.0
2023-12-01,07V,0.0,0.0
2024-06-01,07V,0.0,0.0
2023-11-01,07V,0.0,0.0
2022-01-01,07V,0.0,0.0
2024-02-01,07V,0.0,0.0
2025-01-01,07V,0.0,0.0
2026-05-01,07V,0.0,0.0
2023-07-01,07V,0.0,0.0
2025-10-01,07V,0.0,0.0
2024-11-01,07V,0.0,0.0
2021-10-01,07V,0.0,0.0
2021-08-01,07V,0.0,0.0
2023-08-01,07V,0.0,0.0
2025-05-01,07V,0.0,0.0
2023-10-01,07V,0.0,0.0
2021-06-01,07V,0.0,0.0
2022-10-01,07V,0.0,0.0
2024-04-01,07V,0.0,0.0
2025-12-01,07V,0.0,0.0
2024-10-01,07V,0.0,0.0
2022-12-01,07V,0.0,0.0
2022-10-01,07W,0.0,0.0
2026-03-01,07W,0.0,0.0
2024-05-01,07W,0.0,0.0
2024-09-01,07W,0.0,0.0
2025-03-01,07W,0.0,0.0
2024-01-01,07W,0.0,0.0
2025-02-01,07W,0.0,0.0
2022-12-01,07W,0.0,0.0
2026-05-01,07W,0.0,0.0
2022-03-01,07W,0.0,0.0
2023-12-01,07W,0.0,0.0
2024-12-01,07W,0.0,0.0
2023-11-01,07W,0.0,0.0
2025-07-01,07W,0.0,0.0
2023-10-01,07W,0.0,0.0
2024-11-01,07W,0.0,0.0
2024-08-01,07W,0.0,0.0
2023-03-01,07W,0.0,0.0
2021-07-01,07W,0.0,0.0
2025-06-01,07W,0.0,0.0
2023-01-01,07W,0.0,0.0
2023-08-01,07W,0.0,0.0
2023-04-01,07W,0.0,0.0
2025-10-01,07W,0.0,0.0
2025-01-01,07W,0.0,0.0
2026-02-01,07W,0.0,0.0
2023-07-01,07W,0.0,0.0
2023-09-01,07W,0.0,0.0
2023-05-01,07W,0.0,0.0
2025-09-01,07W,0.0,0.0
2021-10-01,07W,0.0,0.0
2023-02-01,07W,0.0,0.0
2021-08-01,07W,0.0,0.0
2025-04-01,07W,0.0,0.0
2025-08-01,07W,0.0,0.0
2021-12-01,07W,0.0,0.0
2022-08-01,07W,0.0,0.0
2022-09-01,07W,0.0,0.0
2022-04-01,07W,0.0,0.0
2026-06-01,07W,0.0,0.0
2024-02-01,07W,0.0,0.0
2024-04-01,07W,0.0,0.0
2024-07-01,07W,0.0,0.0
2026-04-01,07W,0.0,0.0
2022-11-01,07W,0.0,0.0
2024-03-01,07W,0.0,0.0
2025-05-01,07W,0.0,0.0
2022-01-01,07W,0.0,0.0
2026-01-01,07W,0.0,0.0
2022-07-01,07W,0.0,0.0
2023-06-01,07W,0.0,0.0
2021-06-01,07W,0.0,0.0
2025-12-01,07W,0.0,0.0
2022-02-01,07W,0.0,0.0
2022-06-01,07W,0.0,0.0
2024-10-01,07W,0.0,0.0
2021-11-01,07W,0.0,0.0
2022-05-01,07W,0.0,0.0
2024-06-01,07W,0.0,0.0
2021-09-01,07W,0.0,0.0
2025-11-01,07W,0.0,0.0
2023-09-01,07X,0.0,0.0
2025-03-01,07X,0.0,0.0
2023-01-01,07X,0.0,0.0
2024-08-01,07X,0.0,0.0
2022-04-01,07X,0.0,0.0
2024-01-01,07X,0.0,0.0
2023-06-01,07X,0.0,0.0
2026-06-01,07X,0.0,0.0
2024-12-01,07X,0.0,0.0
2023-11-01,07X,0.0,0.0
2024-11-01,07X,0.0,0.0
2026-03-01,07X,0.0,0.0
2023-02-01,07X,0.0,0.0
2025-08-01,07X,0.0,0.0
2022-02-01,07X,0.0,0.0
2024-02-01,07X,0.0,0.0
2023-08-01,07X,0.0,0.0
2022-03-01,07X,0.0,0.0
2023-04-01,07X,0.0,0.0
2025-04-01,07X,0.0,0.0
2021-10-01,07X,0.0,0.0
2025-07-01,07X,0.0,0.0
2021-12-01,07X,0.0,0.0
2022-07-01,07X,0.0,0.0
2025-10-01,07X,0.0,0.0
2022-11-01,07X,0.0,0.0
2024-05-01,07X,0.0,0.0
2021-11-01,07X,0.0,0.0
2022-10-01,07X,0.0,0.0
2023-12-01,07X,0.0,0.0
2023-07-01,07X,0.0,0.0
2024-07-01,07X,0.0,0.0
2022-01-01,07X,0.0,0.0
2026-05-01,07X,0.0,0.0
2025-09-01,07X,0.0,0.0
2024-06-01,07X,0.0,0.0
2025-12-01,07X,0.0,0.0
2022-05-01,07X,0.0,0.0
2026-02-01,07X,0.0,0.0
2024-03-01,07X,0.0,0.0
2024-10-01,07X,0.0,0.0
2023-10-01,07X,0.0,0.0
2021-07-01,07X,0.0,0.0
2021-08-01,07X,0.0,0.0
2023-05-01,07X,0.0,0.0
2024-09-01,07X,0.0,0.0
2022-12-01,07X,0.0,0.0
2025-02-01,07X,0.0,0.0
2021-06-01,07X,0.0,0.0
2025-01-01,07X,0.0,0.0
2025-05-01,07X,0.0,0.0
2024-04-01,07X,0.0,0.0
2022-08-01,07X,0.0,0.0
2025-06-01,07X,0.0,0.0
2022-06-01,07X,0.0,0.0
2022-09-01,07X,0.0,0.0
2021-09-01,07X,0.0,0.0
2026-01-01,07X,0.0,0.0
2023-03-01,07X,0.0,0.0
2026-04-01,07X,0.0,0.0
2025-11-01,07X,0.0,0.0
2025-10-01,07Y,0.0,0.0
2024-06-01,07Y,0.0,0.0
2024-09-01,07Y,0.0,0.0
2022-01-01,07Y,0.0,0.0
2024-12-01,07Y,0.0,0.0
2022-03-01,07Y,0.0,0.0
2023-09-01,07Y,0.0,0.0
2022-09-01,07Y,0.0,0.0
2024-08-01,07Y,0.0,0.0
2023-11-01,07Y,0.0,0.0
2021-11-01,07Y,0.0,0.0
2025-08-01,07Y,0.0,0.0
2025-04-01,07Y,0.0,0.0
2026-01-01,07Y,0.0,0.0
2023-03-01,07Y,0.0,0.0
2024-04-01,07Y,0.0,0.0
2022-05-01,07Y,0.0,0.0
2026-03-01,07Y,0.0,0.0
2025-03-01,07Y,0.0,0.0
2023-12-01,07Y,0.0,0.0
2026-02-01,07Y,0.0,0.0
2025-06-01,07Y,0.0,0.0
2025-11-01,07Y,0.0,0.0
2021-10-01,07Y,0.0,0.0
2025-01-01,07Y,0.0,0.0
2022-07-01,07Y,0.0,0.0
2022-04-01,07Y,0.0,0.0
2024-02-01,07Y,0.0,0.0
2026-05-01,07Y,0.0,0.0
2023-08-01,07Y,0.0,0.0
2025-09-01,07Y,0.0,0.0
2023-01-01,07Y,0.0,0.0
2022-06-01,07Y,0.0,0.0
2022-02-01,07Y,0.0,0.0
2021-06-01,07Y,0.0,0.0
2023-05-01,07Y,0.0,0.0
2022-08-01,07Y,0.0,0.0
2021-07-01,07Y,0.0,0.0
2025-02-01,07Y,0.0,0.0
2023-04-01,07Y,0.0,0.0
2024-05-01,07Y,0.0,0.0
2022-12-01,07Y,0.0,0.0
2024-11-01,07Y,0.0,0.0
2024-01-01,07Y,0.0,0.0
2023-02-01,07Y,0.0,0.0
2024-10-01,07Y,0.0,0.0
2025-12-01,07Y,0.0,0.0
2021-12-01,07Y,0.0,0.0
2024-07-01,07Y,0.0,0.0
2026-06-01,07Y,0.0,0.0
2026-04-01,07Y,0.0,0.0
2023-07-01,07Y,0.0,0.0
2025-05-01,07Y,0.0,0.0
2023-10-01,07Y,0.0,0.0
2025-07-01,07Y,0.0,0.0
2022-10-01,07Y,0.0,0.0
2023-06-01,07Y,0.0,0.0
2022-11-01,07Y,0.0,0.0
2021-09-01,07Y,0.0,0.0
2024-03-01,07Y,0.0,0.0
2021-08-01,07Y,0.0,0.0
2023-03-01,08A,0.0,0.0
2021-08-01,08A,0.0,0.0
2023-04-01,08A,0.0,0.0
2026-06-01,08A,0.0,0.0
2026-05-01,08A,0.0,0.0
2024-04-01,08A,0.0,0.0
2026-02-01,08A,0.0,0.0
2025-08-01,08A,0.0,0.0
2023-01-01,08A,0.0,0.0
2021-11-01,08A,0.0,0.0
2024-12-01,08A,0.0,0.0
2025-04-01,08A,0.0,0.0
2024-05-01,08A,0.0,0.0
2023-05-01,08A,0.0,0.0
2023-11-01,08A,0.0,0.0
2022-05-01,08A,0.0,0.0
2023-02-01,08A,0.0,0.0
2022-08-01,08A,0.0,0.0
2024-09-01,08A,0.0,0.0
2023-09-01,08A,0.0,0.0
2024-06-01,08A,0.0,0.0
2023-12-01,08A,0.0,0.0
2024-03-01,08A,0.0,0.0
2021-06-01,08A,0.0,0.0
2021-09-01,08A,0.0,0.0
2022-10-01,08A,0.0,0.0
2021-10-01,08A,0.0,0.0
2025-11-01,08A,0.0,0.0
2025-01-01,08A,0.0,0.0
2026-03-01,08A,0.0,0.0
2025-05-01,08A,0.0,0.0
2025-03-01,08A,0.0,0.0
2025-06-01,08A,0.0,0.0
2025-07-01,08A,0.0,0.0
2023-08-01,08A,0.0,0.0
2022-12-01,08A,0.0,0.0
2022-09-01,08A,0.0,0.0
2023-07-01,08A,0.0,0.0
2026-01-01,08A,0.0,0.0
2024-10-01,08A,0.0,0.0
2026-04-01,08A,0.0,0.0
2024-11-01,08A,0.0,0.0
2024-07-01,08A,0.0,0.0
2025-10-01,08A,0.0,0.0
2024-01-01,08A,0.0,0.0
2022-06-01,08A,0.0,0.0
2022-02-01,08A,0.0,0.0
2024-02-01,08A,0.0,0.0
2021-07-01,08A,0.0,0.0
2022-07-01,08A,0.0,0.0
2023-10-01,08A,0.0,0.0
2022-11-01,08A,0.0,0.0
2022-03-01,08A,0.0,0.0
2025-09-01,08A,0.0,0.0
2025-02-01,08A,0.0,0.0
2021-12-01,08A,0.0,0.0
2024-08-01,08A,0.0,0.0
2022-04-01,08A,0.0,0.0
2023-06-01,08A,0.0,0.0
2025-12-01,08A,0.0,0.0
2022-01-01,08A,0.0,0.0
2025-01-01,08C,0.0,0.0
2025-02-01,08C,0.0,0.0
2023-05-01,08C,0.0,0.0
2022-02-01,08C,0.0,0.0
2024-02-01,08C,0.0,0.0
2022-04-01,08C,0.0,0.0
2022-06-01,08C,0.0,0.0
2024-06-01,08C,0.0,0.0
2025-05-01,08C,0.0,0.0
2022-05-01,08C,0.0,0.0
2023-04-01,08C,0.0,0.0
2021-07-01,08C,0.0,0.0
2023-06-01,08C,0.0,0.0
2022-11-01,08C,0.0,0.0
2023-12-01,08C,0.0,0.0
2026-06-01,08C,0.0,0.0
2023-10-01,08C,0.0,0.0
2021-11-01,08C,0.0,0.0
2025-08-01,08C,0.0,0.0
2022-07-01,08C,0.0,0.0
2022-10-01,08C,0.0,0.0
2021-10-01,08C,0.0,0.0
2026-01-01,08C,0.0,0.0
2023-02-01,08C,0.0,0.0
2024-05-01,08C,0.0,0.0
2021-06-01,08C,0.0,0.0
2023-08-01,08C,0.0,0.0
2024-04-01,08C,0.0,0.0
2023-03-01,08C,0.0,0.0
2023-11-01,08C,0.0,0.0
2025-03-01,08C,0.0,0.0
2024-12-01,08C,0.0,0.0
2022-01-01,08C,0.0,0.0
2023-07-01,08C,0.0,0.0
2023-01-01,08C,0.0,0.0
2022-12-01,08C,0.0,0.0
2022-03-01,08C,0.0,0.0
2024-08-01,08C,0.0,0.0
2026-03-01,08C,0.0,0.0
2025-11-01,08C,0.0,0.0
2022-08-01,08C,0.0,0.0
2025-07-01,08C,0.0,0.0
2024-09-01,08C,0.0,0.0
2024-07-01,08C,0.0,0.0
2022-09-01,08C,0.0,0.0
2021-09-01,08C,0.0,0.0
2026-04-01,08C,0.0,0.0
2024-01-01,08C,0.0,0.0
2025-12-01,08C,0.0,0.0
2025-06-01,08C,0.0,0.0
2025-09-01,08C,0.0,0.0
2024-11-01,08C,0.0,0.0
2024-03-01,08C,0.0,0.0
2021-08-01,08C,0.0,0.0
2023-09-01,08C,0.0,0.0
2026-02-01,08C,0.0,0.0
2024-10-01,08C,0.0,0.0
2025-04-01,08C,0.0,0.0
2021-12-01,08C,0.0,0.0
2025-10-01,08C,0.0,0.0
2026-05-01,08C,0.0,0.0
2022-09-01,08D,0.0,0.0
2022-04-01,08D,0.0,0.0
2025-11-01,08D,0.0,0.0
2026-03-01,08D,0.0,0.0
2022-08-01,08D,0.0,0.0
2023-07-01,08D,0.0,0.0
2026-02-01,08D,0.0,0.0
2022-11-01,08D,0.0,0.0
2026-04-01,08D,0.0,0.0
2022-05-01,08D,0.0,0.0
2021-06-01,08D,0.0,0.0
2023-03-01,08D,0.0,0.0
2022-02-01,08D,0.0,0.0
2024-02-01,08D,0.0,0.0
2024-04-01,08D,0.0,0.0
2023-08-01,08D,0.0,0.0
2022-07-01,08D,0.0,0.0
2026-06-01,08D,0.0,0.0
2023-02-01,08D,0.0,0.0
2023-05-01,08D,0.0,0.0
2024-03-01,08D,0.0,0.0
2025-08-01,08D,0.0,0.0
2024-09-01,08D,0.0,0.0
2021-12-01,08D,0.0,0.0
2025-02-01,08D,0.0,0.0
2021-07-01,08D,0.0,0.0
2022-03-01,08D,0.0,0.0
2022-06-01,08D,0.0,0.0
2021-08-01,08D,0.0,0.0
2025-03-01,08D,0.0,0.0
2025-04-01,08D,0.0,0.0
2023-10-01,08D,0.0,0.0
2024-11-01,08D,0.0,0.0
2026-01-01,08D,0.0,0.0
2024-01-01,08D,0.0,0.0
2025-12-01,08D,0.0,0.0
2025-10-01,08D,0.0,0.0
2022-10-01,08D,0.0,0.0
2023-12-01,08D,0.0,0.0
2022-12-01,08D,0.0,0.0
2026-05-01,08D,0.0,0.0
2025-07-01,08D,0.0,0.0
2023-04-01,08D,0.0,0.0
2023-06-01,08D,0.0,0.0
2024-08-01,08D,0.0,0.0
2025-01-01,08D,0.0,0.0
2025-09-01,08D,0.0,0.0
2024-10-01,08D,0.0,0.0
2024-07-01,08D,0.0,0.0
2021-11-01,08D,0.0,0.0
2022-01-01,08D,0.0,0.0
2025-06-01,08D,0.0,0.0
2023-09-01,08D,0.0,0.0
2021-10-01,08D,0.0,0.0
2025-05-01,08D,0.0,0.0
2023-01-01,08D,0.0,0.0
2021-09-01,08D,0.0,0.0
2024-12-01,08D,0.0,0.0
2024-06-01,08D,0.0,0.0
2023-11-01,08D,0.0,0.0
2024-05-01,08D,0.0,0.0
2024-09-01,08E,0.0,0.0
2023-10-01,08E,0.0,0.0
2022-06-01,08E,0.0,0.0
2022-10-01,08E,0.0,0.0
2021-12-01,08E,0.0,0.0
2022-11-01,08E,0.0,0.0
2025-03-01,08E,0.0,0.0
2023-01-01,08E,0.0,0.0
2021-08-01,08E,0.0,0.0
2025-04-01,08E,0.0,0.0
2023-11-01,08E,0.0,0.0
2025-05-01,08E,0.0,0.0
2026-04-01,08E,0.0,0.0
2024-03-01,08E,0.0,0.0
2024-10-01,08E,0.0,0.0
2022-07-01,08E,0.0,0.0
2024-06-01,08E,0.0,0.0
2024-05-01,08E,0.0,0.0
2025-01-01,08E,0.0,0.0
2026-02-01,08E,0.0,0.0
2022-02-01,08E,0.0,0.0
2023-02-01,08E,0.0,0.0
2026-06-01,08E,0.0,0.0
2023-08-01,08E,0.0,0.0
2023-12-01,08E,0.0,0.0
2025-08-01,08E,0.0,0.0
2026-05-01,08E,0.0,0.0
2025-02-01,08E,0.0,0.0
2024-01-01,08E,0.0,0.0
2023-03-01,08E,0.0,0.0
2021-10-01,08E,0.0,0.0
2022-08-01,08E,0.0,0.0
2023-05-01,08E,0.0,0.0
2023-04-01,08E,0.0,0.0
2021-06-01,08E,0.0,0.0
2024-04-01,08E,0.0,0.0
2025-11-01,08E,0.0,0.0
2022-09-01,08E,0.0,0.0
2025-12-01,08E,0.0,0.0
2025-06-01,08E,0.0,0.0
2024-08-01,08E,0.0,0.0
2025-09-01,08E,0.0,0.0
2021-09-01,08E,0.0,0.0
2026-01-01,08E,0.0,0.0
2022-03-01,08E,0.0,0.0
2023-06-01,08E,0.0,0.0
2024-12-01,08E,0.0,0.0
2025-10-01,08E,0.0,0.0
2021-07-01,08E,0.0,0.0
2022-05-01,08E,0.0,0.0
2025-07-01,08E,0.0,0.0
2024-07-01,08E,0.0,0.0
2024-02-01,08E,0.0,0.0
2026-03-01,08E,0.0,0.0
2022-01-01,08E,0.0,0.0
2024-11-01,08E,0.0,0.0
2023-09-01,08E,0.0,0.0
2023-07-01,08E,0.0,0.0
2021-11-01,08E,0.0,0.0
2022-12-01,08E,0.0,0.0
2022-04-01,08E,0.0,0.0
2025-11-01,08F,0.0,0.0
2021-11-01,08F,0.0,0.0
2023-12-01,08F,0.0,0.0
2025-09-01,08F,0.0,0.0
2023-05-01,08F,0.0,0.0
2022-05-01,08F,0.0,0.0
2026-01-01,08F,0.0,0.0
2025-06-01,08F,0.0,0.0
2023-02-01,08F,0.0,0.0
2021-12-01,08F,0.0,0.0
2022-09-01,08F,0.0,0.0
2023-08-01,08F,0.0,0.0
2022-01-01,08F,0.0,0.0
2023-07-01,08F,0.0,0.0
2023-03-01,08F,0.0,0.0
2025-02-01,08F,0.0,0.0
2024-08-01,08F,0.0,0.0
2021-07-01,08F,0.0,0.0
2024-03-01,08F,0.0,0.0
2022-10-01,08F,0.0,0.0
2022-12-01,08F,0.0,0.0
2022-03-01,08F,0.0,0.0
2025-01-01,08F,0.0,0.0
2022-04-01,08F,0.0,0.0
2026-03-01,08F,0.0,0.0
2021-06-01,08F,0.0,0.0
2024-02-01,08F,0.0,0.0
2026-02-01,08F,0.0,0.0
2026-05-01,08F,0.0,0.0
2023-11-01,08F,0.0,0.0
2024-04-01,08F,0.0,0.0
2024-11-01,08F,0.0,0.0
2023-10-01,08F,0.0,0.0
2021-09-01,08F,0.0,0.0
2024-12-01,08F,0.0,0.0
2023-06-01,08F,0.0,0.0
2023-09-01,08F,0.0,0.0
2025-04-01,08F,0.0,0.0
2024-06-01,08F,0.0,0.0
2025-08-01,08F,0.0,0.0
2025-12-01,08F,0.0,0.0
2023-04-01,08F,0.0,0.0
2023-01-01,08F,0.0,0.0
2024-01-01,08F,0.0,0.0
2024-09-01,08F,0.0,0.0
2021-10-01,08F,0.0,0.0
2022-02-01,08F,0.0,0.0
2025-03-01,08F,0.0,0.0
2026-06-01,08F,0.0,0.0
2025-07-01,08F,0.0,0.0
2026-04-01,08F,0.0,0.0
2022-08-01,08F,0.0,0.0
2025-10-01,08F,0.0,0.0
2021-08-01,08F,0.0,0.0
2022-07-01,08F,0.0,0.0
2025-05-01,08F,0.0,0.0
2024-10-01,08F,0.0,0.0
2024-05-01,08F,0.0,0.0
2022-11-01,08F,0.0,0.0
2022-06-01,08F,0.0,0.0
2024-07-01,08F,0.0,0.0
2022-12-01,08G,0.0,0.0
2022-07-01,08G,0.0,0.0
2022-02-01,08G,0.0,0.0
2025-05-01,08G,0.0,0.0
2022-09-01,08G,0.0,0.0
2024-06-01,08G,0.0,0.0
2026-05-01,08G,0.0,0.0
2024-10-01,08G,0.0,0.0
2023-06-01,08G,0.0,0.0
2021-07-01,08G,0.0,0.0
2022-01-01,08G,0.0,0.0
2025-11-01,08G,0.0,0.0
2025-06-01,08G,0.0,0.0
2022-04-01,08G,0.0,0.0
2025-09-01,08G,0.0,0.0
2024-05-01,08G,0.0,0.0
2024-08-01,08G,0.0,0.0
2023-02-01,08G,0.0,0.0
2024-02-01,08G,0.0,0.0
2026-01-01,08G,0.0,0.0
2024-01-01,08G,0.0,0.0
2021-10-01,08G,0.0,0.0
2022-08-01,08G,0.0,0.0
2021-12-01,08G,0.0,0.0
2024-07-01,08G,0.0,0.0
2025-01-01,08G,0.0,0.0
2025-08-01,08G,0.0,0.0
2025-04-01,08G,0.0,0.0
2021-08-01,08G,0.0,0.0
2025-02-01,08G,0.0,0.0
2022-10-01,08G,0.0,0.0
2021-11-01,08G,0.0,0.0
2023-11-01,08G,0.0,0.0
2023-07-01,08G,0.0,0.0
2026-06-01,08G,0.0,0.0
2024-03-01,08G,0.0,0.0
2023-01-01,08G,0.0,0.0
2022-05-01,08G,0.0,0.0
2025-10-01,08G,0.0,0.0
2024-11-01,08G,0.0,0.0
2023-09-01,08G,0.0,0.0
2024-09-01,08G,0.0,0.0
2024-04-01,08G,0.0,0.0
2023-05-01,08G,0.0,0.0
2022-06-01,08G,0.0,0.0
2022-11-01,08G,0.0,0.0
2021-09-01,08G,0.0,0.0
2026-02-01,08G,0.0,0.0
2022-03-01,08G,0.0,0.0
2024-12-01,08G,0.0,0.0
2025-12-01,08G,0.0,0.0
2026-04-01,08G,0.0,0.0
2023-12-01,08G,0.0,0.0
2023-10-01,08G,0.0,0.0
2021-06-01,08G,0.0,0.0
2023-04-01,08G,0.0,0.0
2023-08-01,08G,0.0,0.0
2026-03-01,08G,0.0,0.0
2023-03-01,08G,0.0,0.0
2025-03-01,08G,0.0,0.0
2025-07-01,08G,0.0,0.0
2025-01-01,08H,0.0,0.0
2021-07-01,08H,0.0,0.0
2025-11-01,08H,0.0,0.0
2025-08-01,08H,0.0,0.0
2024-06-01,08H,0.0,0.0
2025-03-01,08H,0.0,0.0
2022-03-01,08H,0.0,0.0
2022-02-01,08H,0.0,0.0
2023-01-01,08H,0.0,0.0
2021-12-01,08H,0.0,0.0
2023-06-01,08H,0.0,0.0
2021-10-01,08H,0.0,0.0
2021-09-01,08H,0.0,0.0
2022-06-01,08H,0.0,0.0
2022-01-01,08H,0.0,0.0
2025-05-01,08H,0.0,0.0
2022-09-01,08H,0.0,0.0
2025-02-01,08H,0.0,0.0
2022-04-01,08H,0.0,0.0
2026-06-01,08H,0.0,0.0
2026-03-01,08H,0.0,0.0
2025-04-01,08H,0.0,0.0
2024-01-01,08H,0.0,0.0
2023-03-01,08H,0.0,0.0
2024-04-01,08H,0.0,0.0
2023-08-01,08H,0.0,0.0
2022-12-01,08H,0.0,0.0
2024-08-01,08H,0.0,0.0
2021-11-01,08H,0.0,0.0
2022-10-01,08H,0.0,0.0
2023-10-01,08H,0.0,0.0
2023-09-01,08H,0.0,0.0
2023-07-01,08H,0.0,0.0
2023-11-01,08H,0.0,0.0
2024-12-01,08H,0.0,0.0
2023-05-01,08H,0.0,0.0
2022-11-01,08H,0.0,0.0
2023-12-01,08H,0.0,0.0
2026-02-01,08H,0.0,0.0
2025-07-01,08H,0.0,0.0
2024-03-01,08H,0.0,0.0
2025-10-01,08H,0.0,0.0
2022-07-01,08H,0.0,0.0
2022-05-01,08H,0.0,0.0
2026-01-01,08H,0.0,0.0
2024-09-01,08H,0.0,0.0
2023-04-01,08H,0.0,0.0
2024-10-01,08H,0.0,0.0
2021-06-01,08H,0.0,0.0
2024-05-01,08H,0.0,0.0
2024-02-01,08H,0.0,0.0
2025-12-01,08H,0.0,0.0
2022-08-01,08H,0.0,0.0
2026-05-01,08H,0.0,0.0
2024-07-01,08H,0.0,0.0
2025-09-01,08H,0.0,0.0
2025-06-01,08H,0.0,0.0
2024-11-01,08H,0.0,0.0
2026-04-01,08H,0.0,0.0
2021-08-01,08H,0.0,0.0
2023-02-01,08H,0.0,0.0
2025-08-01,08J,0.0,0.0
2024-01-01,08J,0.0,0.0
2023-09-01,08J,0.0,0.0
2025-03-01,08J,0.0,0.0
2026-05-01,08J,0.0,0.0
2025-12-01,08J,0.0,0.0
2025-09-01,08J,0.0,0.0
2024-04-01,08J,0.0,0.0
2021-10-01,08J,0.0,0.0
2025-04-01,08J,0.0,0.0
2024-12-01,08J,0.0,0.0
2024-06-01,08J,0.0,0.0
2022-03-01,08J,0.0,0.0
2022-11-01,08J,0.0,0.0
2021-09-01,08J,0.0,0.0
2023-06-01,08J,0.0,0.0
2023-11-01,08J,0.0,0.0
2026-06-01,08J,0.0,0.0
2023-07-01,08J,0.0,0.0
2023-08-01,08J,0.0,0.0
2024-07-01,08J,0.0,0.0
2024-08-01,08J,0.0,0.0
2022-12-01,08J,0.0,0.0
2023-03-01,08J,0.0,0.0
2021-11-01,08J,0.0,0.0
2026-01-01,08J,0.0,0.0
2024-03-01,08J,0.0,0.0
2022-10-01,08J,0.0,0.0
2022-04-01,08J,0.0,0.0
2022-01-01,08J,0.0,0.0
2024-10-01,08J,0.0,0.0
2025-01-01,08J,0.0,0.0
2023-05-01,08J,0.0,0.0
2022-08-01,08J,0.0,0.0
2023-04-01,08J,0.0,0.0
2024-11-01,08J,0.0,0.0
2023-01-01,08J,0.0,0.0
2022-09-01,08J,0.0,0.0
2025-11-01,08J,0.0,0.0
2026-03-01,08J,0.0,0.0
2024-02-01,08J,0.0,0.0
2025-02-01,08J,0.0,0.0
2025-05-01,08J,0.0,0.0
2023-02-01,08J,0.0,0.0
2021-08-01,08J,0.0,0.0
2022-06-01,08J,0.0,0.0
2022-05-01,08J,0.0,0.0
2021-06-01,08J,0.0,0.0
2024-09-01,08J,0.0,0.0
2023-12-01,08J,0.0,0.0
2023-10-01,08J,0.0,0.0
2024-05-01,08J,0.0,0.0
2026-02-01,08J,0.0,0.0
2025-10-01,08J,0.0,0.0
2025-07-01,08J,0.0,0.0
2022-02-01,08J,0.0,0.0
2021-12-01,08J,0.0,0.0
2022-07-01,08J,0.0,0.0
2021-07-01,08J,0.0,0.0
2025-06-01,08J,0.0,0.0
2026-04-01,08J,0.0,0.0
2021-08-01,08K,0.0,0.0
2026-05-01,08K,0.0,0.0
2024-11-01,08K,0.0,0.0
2021-07-01,08K,0.0,0.0
2023-08-01,08K,0.0,0.0
2023-07-01,08K,0.0,0.0
2025-12-01,08K,0.0,0.0
2023-01-01,08K,0.0,0.0
2025-11-01,08K,0.0,0.0
2025-09-01,08K,0.0,0.0
2025-06-01,08K,0.0,0.0
2026-01-01,08K,0.0,0.0
2024-09-01,08K,0.0,0.0
2021-10-01,08K,0.0,0.0
2023-03-01,08K,0.0,0.0
2022-03-01,08K,0.0,0.0
2025-05-01,08K,0.0,0.0
2025-02-01,08K,0.0,0.0
2021-06-01,08K,0.0,0.0
2023-12-01,08K,0.0,0.0
2022-08-01,08K,0.0,0.0
2025-03-01,08K,0.0,0.0
2025-07-01,08K,0.0,0.0
2024-06-01,08K,0.0,0.0
2026-06-01,08K,0.0,0.0
2024-08-01,08K,0.0,0.0
2023-06-01,08K,0.0,0.0
2025-01-01,08K,0.0,0.0
2021-11-01,08K,0.0,0.0
2022-10-01,08K,0.0,0.0
2025-04-01,08K,0.0,0.0
2023-09-01,08K,0.0,0.0
2021-09-01,08K,0.0,0.0
2022-11-01,08K,0.0,0.0
2022-12-01,08K,0.0,0.0
2022-09-01,08K,0.0,0.0
2026-03-01,08K,0.0,0.0
2023-04-01,08K,0.0,0.0
2022-06-01,08K,0.0,0.0
2023-11-01,08K,0.0,0.0
2021-12-01,08K,0.0,0.0
2022-07-01,08K,0.0,0.0
2026-02-01,08K,0.0,0.0
2025-08-01,08K,0.0,0.0
2024-01-01,08K,0.0,0.0
2022-02-01,08K,0.0,0.0
2024-02-01,08K,0.0,0.0
2024-05-01,08K,0.0,0.0
2022-04-01,08K,0.0,0.0
2024-10-01,08K,0.0,0.0
2025-10-01,08K,0.0,0.0
2023-05-01,08K,0.0,0.0
2024-04-01,08K,0.0,0.0
2023-10-01,08K,0.0,0.0
2024-07-01,08K,0.0,0.0
2024-12-01,08K,0.0,0.0
2022-01-01,08K,0.0,0.0
2024-03-01,08K,0.0,0.0
2022-05-01,08K,0.0,0.0
2023-02-01,08K,0.0,0.0
2026-04-01,08K,0.0,0.0
2023-03-01,08L,0.0,0.0
2025-09-01,08L,0.0,0.0
2021-06-01,08L,0.0,0.0
2026-01-01,08L,0.0,0.0
2022-09-01,08L,0.0,0.0
2023-11-01,08L,0.0,0.0
2021-08-01,08L,0.0,0.0
2022-11-01,08L,0.0,0.0
2025-05-01,08L,0.0,0.0
2025-08-01,08L,0.0,0.0
2022-05-01,08L,0.0,0.0
2026-06-01,08L,0.0,0.0
2021-11-01,08L,0.0,0.0
2023-09-01,08L,0.0,0.0
2022-06-01,08L,0.0,0.0
2023-04-01,08L,0.0,0.0
2021-12-01,08L,0.0,0.0
2023-10-01,08L,0.0,0.0
2024-10-01,08L,0.0,0.0
2025-11-01,08L,0.0,0.0
2023-06-01,08L,0.0,0.0
2026-03-01,08L,0.0,0.0
2022-03-01,08L,0.0,0.0
2023-02-01,08L,0.0,0.0
2023-07-01,08L,0.0,0.0
2024-03-01,08L,0.0,0.0
2024-01-01,08L,0.0,0.0
2025-06-01,08L,0.0,0.0
2022-04-01,08L,0.0,0.0
2025-01-01,08L,0.0,0.0
2022-12-01,08L,0.0,0.0
2025-02-01,08L,0.0,0.0
2025-04-01,08L,0.0,0.0
2024-05-01,08L,0.0,0.0
2024-11-01,08L,0.0,0.0
2021-07-01,08L,0.0,0.0
2026-04-01,08L,0.0,0.0
2024-06-01,08L,0.0,0.0
2024-04-01,08L,0.0,0.0
2024-02-01,08L,0.0,0.0
2023-08-01,08L,0.0,0.0
2023-01-01,08L,0.0,0.0
2021-09-01,08L,0.0,0.0
2026-05-01,08L,0.0,0.0
2023-05-01,08L,0.0,0.0
2023-12-01,08L,0.0,0.0
2022-01-01,08L,0.0,0.0
2022-07-01,08L,0.0,0.0
2024-12-01,08L,0.0,0.0
2024-09-01,08L,0.0,0.0
2026-02-01,08L,0.0,0.0
2022-10-01,08L,0.0,0.0
2021-10-01,08L,0.0,0.0
2025-12-01,08L,0.0,0.0
2022-02-01,08L,0.0,0.0
2025-07-01,08L,0.0,0.0
2025-10-01,08L,0.0,0.0
2025-03-01,08L,0.0,0.0
2024-07-01,08L,0.0,0.0
2022-08-01,08L,0.0,0.0
2024-08-01,08L,0.0,0.0
2025-04-01,08M,0.0,0.0
2022-11-01,08M,0.0,0.0
2023-09-01,08M,0.0,0.0
2024-02-01,08M,0.0,0.0
2022-10-01,08M,0.0,0.0
2023-07-01,08M,0.0,0.0
2021-08-01,08M,0.0,0.0
2023-08-01,08M,0.0,0.0
2025-01-01,08M,0.0,0.0
2025-05-01,08M,0.0,0.0
2023-01-01,08M,0.0,0.0
2021-12-01,08M,0.0,0.0
2024-09-01,08M,0.0,0.0
2022-04-01,08M,0.0,0.0
2021-09-01,08M,0.0,0.0
2025-03-01,08M,0.0,0.0
2022-09-01,08M,0.0,0.0
2024-04-01,08M,0.0,0.0
2022-02-01,08M,0.0,0.0
2025-07-01,08M,0.0,0.0
2022-06-01,08M,0.0,0.0
2025-08-01,08M,0.0,0.0
2026-02-01,08M,0.0,0.0
2022-01-01,08M,0.0,0.0
2024-03-01,08M,0.0,0.0
2026-03-01,08M,0.0,0.0
2022-08-01,08M,0.0,0.0
2024-07-01,08M,0.0,0.0
2023-02-01,08M,0.0,0.0
2024-11-01,08M,0.0,0.0
2021-07-01,08M,0.0,0.0
2021-06-01,08M,0.0,0.0
2024-10-01,08M,0.0,0.0
2022-03-01,08M,0.0,0.0
2023-06-01,08M,0.0,0.0
2026-05-01,08M,0.0,0.0
2025-11-01,08M,0.0,0.0
2026-01-01,08M,0.0,0.0
2025-12-01,08M,0.0,0.0
2021-11-01,08M,0.0,0.0
2023-03-01,08M,0.0,0.0
2024-06-01,08M,0.0,0.0
2025-09-01,08M,0.0,0.0
2024-12-01,08M,0.0,0.0
2022-12-01,08M,0.0,0.0
2023-04-01,08M,0.0,0.0
2026-04-01,08M,0.0,0.0
2024-01-01,08M,0.0,0.0
2026-06-01,08M,0.0,0.0
2025-06-01,08M,0.0,0.0
2022-05-01,08M,0.0,0.0
2024-08-01,08M,0.0,0.0
2021-10-01,08M,0.0,0.0
2025-10-01,08M,0.0,0.0
2022-07-01,08M,0.0,0.0
2023-05-01,08M,0.0,0.0
2025-02-01,08M,0.0,0.0
2023-12-01,08M,0.0,0.0
2023-10-01,08M,0.0,0.0
2023-11-01,08M,0.0,0.0
2024-05-01,08M,0.0,0.0
2024-06-01,08N,0.0,0.0
2022-10-01,08N,0.0,0.0
2026-05-01,08N,0.0,0.0
2025-11-01,08N,0.0,0.0
2021-09-01,08N,0.0,0.0
2021-06-01,08N,0.0,0.0
2023-10-01,08N,0.0,0.0
2024-08-01,08N,0.0,0.0
2024-12-01,08N,0.0,0.0
2024-01-01,08N,0.0,0.0
2021-12-01,08N,0.0,0.0
2021-10-01,08N,0.0,0.0
2023-07-01,08N,0.0,0.0
2023-06-01,08N,0.0,0.0
2021-08-01,08N,0.0,0.0
2022-12-01,08N,0.0,0.0
2022-05-01,08N,0.0,0.0
2023-05-01,08N,0.0,0.0
2025-05-01,08N,0.0,0.0
2025-02-01,08N,0.0,0.0
2022-02-01,08N,0.0,0.0
2025-09-01,08N,0.0,0.0
2023-02-01,08N,0.0,0.0
2026-06-01,08N,0.0,0.0
2024-09-01,08N,0.0,0.0
2022-04-01,08N,0.0,0.0
2025-10-01,08N,0.0,0.0
2025-06-01,08N,0.0,0.0
2023-11-01,08N,0.0,0.0
2023-01-01,08N,0.0,0.0
2024-04-01,08N,0.0,0.0
2022-09-01,08N,0.0,0.0
2024-03-01,08N,0.0,0.0
2024-11-01,08N,0.0,0.0
2022-03-01,08N,0.0,0.0
2024-02-01,08N,0.0,0.0
2022-08-01,08N,0.0,0.0
2026-02-01,08N,0.0,0.0
2026-04-01,08N,0.0,0.0
2025-12-01,08N,0.0,0.0
2025-07-01,08N,0.0,0.0
2021-07-01,08N,0.0,0.0
2025-04-01,08N,0.0,0.0
2021-11-01,08N,0.0,0.0
2025-01-01,08N,0.0,0.0
2023-03-01,08N,0.0,0.0
2024-07-01,08N,0.0,0.0
2022-11-01,08N,0.0,0.0
2024-05-01,08N,0.0,0.0
2025-08-01,08N,0.0,0.0
2026-01-01,08N,0.0,0.0
2022-06-01,08N,0.0,0.0
2023-12-01,08N,0.0,0.0
2026-03-01,08N,0.0,0.0
2022-07-01,08N,0.0,0.0
2023-08-01,08N,0.0,0.0
2023-04-01,08N,0.0,0.0
2024-10-01,08N,0.0,0.0
2023-09-01,08N,0.0,0.0
2025-03-01,08N,0.0,0.0
2022-01-01,08N,0.0,0.0
2023-11-01,08Q,0.0,0.0
2025-04-01,08Q,0.0,0.0
2022-08-01,08Q,0.0,0.0
2021-07-01,08Q,0.0,0.0
2026-04-01,08Q,0.0,0.0
2026-02-01,08Q,0.0,0.0
2022-02-01,08Q,0.0,0.0
2025-10-01,08Q,0.0,0.0
2021-09-01,08Q,0.0,0.0
2024-06-01,08Q,0.0,0.0
2024-03-01,08Q,0.0,0.0
2025-02-01,08Q,0.0,0.0
2025-07-01,08Q,0.0,0.0
2021-06-01,08Q,0.0,0.0
2024-07-01,08Q,0.0,0.0
2023-01-01,08Q,0.0,0.0
2025-12-01,08Q,0.0,0.0
2023-05-01,08Q,0.0,0.0
2022-07-01,08Q,0.0,0.0
2025-09-01,08Q,0.0,0.0
2023-07-01,08Q,0.0,0.0
2023-03-01,08Q,0.0,0.0
2021-11-01,08Q,0.0,0.0
2025-01-01,08Q,0.0,0.0
2022-03-01,08Q,0.0,0.0
2024-01-01,08Q,0.0,0.0
2025-06-01,08Q,0.0,0.0
2021-08-01,08Q,0.0,0.0
2025-03-01,08Q,0.0,0.0
2024-05-01,08Q,0.0,0.0
2023-02-01,08Q,0.0,0.0
2026-06-01,08Q,0.0,0.0
2022-04-01,08Q,0.0,0.0
2022-06-01,08Q,0.0,0.0
2026-03-01,08Q,0.0,0.0
2024-02-01,08Q,0.0,0.0
2023-10-01,08Q,0.0,0.0
2023-12-01,08Q,0.0,0.0
2022-11-01,08Q,0.0,0.0
2026-01-01,08Q,0.0,0.0
2025-11-01,08Q,0.0,0.0
2022-12-01,08Q,0.0,0.0
2023-04-01,08Q,0.0,0.0
2021-10-01,08Q,0.0,0.0
2025-05-01,08Q,0.0,0.0
2024-08-01,08Q,0.0,0.0
2024-12-01,08Q,0.0,0.0
2026-05-01,08Q,0.0,0.0
2022-05-01,08Q,0.0,0.0
2024-09-01,08Q,0.0,0.0
2022-01-01,08Q,0.0,0.0
2024-11-01,08Q,0.0,0.0
2022-09-01,08Q,0.0,0.0
2023-08-01,08Q,0.0,0.0
2021-12-01,08Q,0.0,0.0
2024-10-01,08Q,0.0,0.0
2023-09-01,08Q,0.0,0.0
2025-08-01,08Q,0.0,0.0
2023-06-01,08Q,0.0,0.0
2024-04-01,08Q,0.0,0.0
2022-10-01,08Q,0.0,0.0
2021-08-01,08R,0.0,0.0
2022-02-01,08R,0.0,0.0
2023-04-01,08R,0.0,0.0
2025-04-01,08R,0.0,0.0
2024-02-01,08R,0.0,0.0
2025-01-01,08R,0.0,0.0
2023-09-01,08R,0.0,0.0
2023-08-01,08R,0.0,0.0
2025-11-01,08R,0.0,0.0
2024-05-01,08R,0.0,0.0
2024-12-01,08R,0.0,0.0
2023-11-01,08R,0.0,0.0
2022-09-01,08R,0.0,0.0
2024-01-01,08R,0.0,0.0
2024-09-01,08R,0.0,0.0
2025-03-01,08R,0.0,0.0
2023-05-01,08R,0.0,0.0
2026-01-01,08R,0.0,0.0
2025-08-01,08R,0.0,0.0
2023-10-01,08R,0.0,0.0
2021-09-01,08R,0.0,0.0
2024-11-01,08R,0.0,0.0
2021-11-01,08R,0.0,0.0
2026-06-01,08R,0.0,0.0
2022-10-01,08R,0.0,0.0
2025-05-01,08R,0.0,0.0
2023-02-01,08R,0.0,0.0
2021-10-01,08R,0.0,0.0
2026-03-01,08R,0.0,0.0
2026-05-01,08R,0.0,0.0
2023-07-01,08R,0.0,0.0
2025-10-01,08R,0.0,0.0
2023-03-01,08R,0.0,0.0
2022-05-01,08R,0.0,0.0
2026-02-01,08R,0.0,0.0
2025-09-01,08R,0.0,0.0
2024-06-01,08R,0.0,0.0
2022-12-01,08R,0.0,0.0
2026-04-01,08R,0.0,0.0
2021-06-01,08R,0.0,0.0
2023-12-01,08R,0.0,0.0
2022-03-01,08R,0.0,0.0
2022-01-01,08R,0.0,0.0
2022-06-01,08R,0.0,0.0
2022-08-01,08R,0.0,0.0
2025-06-01,08R,0.0,0.0
2025-12-01,08R,0.0,0.0
2024-03-01,08R,0.0,0.0
2023-01-01,08R,0.0,0.0
2021-07-01,08R,0.0,0.0
2021-12-01,08R,0.0,0.0
2022-07-01,08R,0.0,0.0
2024-10-01,08R,0.0,0.0
2024-08-01,08R,0.0,0.0
2024-07-01,08R,0.0,0.0
2025-07-01,08R,0.0,0.0
2022-04-01,08R,0.0,0.0
2024-04-01,08R,0.0,0.0
2022-11-01,08R,0.0,0.0
2023-06-01,08R,0.0,0.0
2025-02-01,08R,0.0,0.0
2023-06-01,08T,0.0,0.0
2025-09-01,08T,0.0,0.0
2024-05-01,08T,0.0,0.0
2021-07-01,08T,0.0,0.0
2023-11-01,08T,0.0,0.0
2022-11-01,08T,0.0,0.0
2021-09-01,08T,0.0,0.0
2025-05-01,08T,0.0,0.0
2021-10-01,08T,0.0,0.0
2021-08-01,08T,0.0,0.0
2022-01-01,08T,0.0,0.0
2023-07-01,08T,0.0,0.0
2023-02-01,08T,0.0,0.0
2022-10-01,08T,0.0,0.0
2025-12-01,08T,0.0,0.0
2026-04-01,08T,0.0,0.0
2023-01-01,08T,0.0,0.0
2022-08-01,08T,0.0,0.0
2023-09-01,08T,0.0,0.0
2022-06-01,08T,0.0,0.0
2022-04-01,08T,0.0,0.0
2026-03-01,08T,0.0,0.0
2025-01-01,08T,0.0,0.0
2024-04-01,08T,0.0,0.0
2025-11-01,08T,0.0,0.0
2024-12-01,08T,0.0,0.0
2023-03-01,08T,0.0,0.0
2024-07-01,08T,0.0,0.0
2025-04-01,08T,0.0,0.0
2025-10-01,08T,0.0,0.0
2024-02-01,08T,0.0,0.0
2026-01-01,08T,0.0,0.0
2024-10-01,08T,0.0,0.0
2024-01-01,08T,0.0,0.0
2023-08-01,08T,0.0,0.0
2025-06-01,08T,0.0,0.0
2024-03-01,08T,0.0,0.0
2025-07-01,08T,0.0,0.0
2025-03-01,08T,0.0,0.0
2024-06-01,08T,0.0,0.0
2024-11-01,08T,0.0,0.0
2026-05-01,08T,0.0,0.0
2021-12-01,08T,0.0,0.0
2023-05-01,08T,0.0,0.0
2023-10-01,08T,0.0,0.0
2023-12-01,08T,0.0,0.0
2022-12-01,08T,0.0,0.0
2024-09-01,08T,0.0,0.0
2022-02-01,08T,0.0,0.0
2026-02-01,08T,0.0,0.0
2021-06-01,08T,0.0,0.0
2024-08-01,08T,0.0,0.0
2021-11-01,08T,0.0,0.0
2022-09-01,08T,0.0,0.0
2023-04-01,08T,0.0,0.0
2022-03-01,08T,0.0,0.0
2022-05-01,08T,0.0,0.0
2026-06-01,08T,0.0,0.0
2025-08-01,08T,0.0,0.0
2025-02-01,08T,0.0,0.0
2022-07-01,08T,0.0,0.0
2022-10-01,08V,0.0,0.0
2025-11-01,08V,0.0,0.0
2025-07-01,08V,0.0,0.0
2022-01-01,08V,0.0,0.0
2025-12-01,08V,0.0,0.0
2026-01-01,08V,0.0,0.0
2024-02-01,08V,0.0,0.0
2026-02-01,08V,0.0,0.0
2026-04-01,08V,0.0,0.0
2022-09-01,08V,0.0,0.0
2022-12-01,08V,0.0,0.0
2025-02-01,08V,0.0,0.0
2023-02-01,08V,0.0,0.0
2022-11-01,08V,0.0,0.0
2021-11-01,08V,0.0,0.0
2023-01-01,08V,0.0,0.0
2024-12-01,08V,0.0,0.0
2025-03-01,08V,0.0,0.0
2023-03-01,08V,0.0,0.0
2021-09-01,08V,0.0,0.0
2022-02-01,08V,0.0,0.0
2024-10-01,08V,0.0,0.0
2023-12-01,08V,0.0,0.0
2023-04-01,08V,0.0,0.0
2023-10-01,08V,0.0,0.0
2023-09-01,08V,0.0,0.0
2021-06-01,08V,0.0,0.0
2021-08-01,08V,0.0,0.0
2022-04-01,08V,0.0,0.0
2021-07-01,08V,0.0,0.0
2022-06-01,08V,0.0,0.0
2025-05-01,08V,0.0,0.0
2021-10-01,08V,0.0,0.0
2024-04-01,08V,0.0,0.0
2022-08-01,08V,0.0,0.0
2025-10-01,08V,0.0,0.0
2023-11-01,08V,0.0,0.0
2024-03-01,08V,0.0,0.0
2023-05-01,08V,0.0,0.0
2025-01-01,08V,0.0,0.0
2023-08-01,08V,0.0,0.0
2023-06-01,08V,0.0,0.0
2022-05-01,08V,0.0,0.0
2022-07-01,08V,0.0,0.0
2023-07-01,08V,0.0,0.0
2022-03-01,08V,0.0,0.0
2024-11-01,08V,0.0,0.0
2025-08-01,08V,0.0,0.0
2024-06-01,08V,0.0,0.0
2026-06-01,08V,0.0,0.0
2024-09-01,08V,0.0,0.0
2025-04-01,08V,0.0,0.0
2024-05-01,08V,0.0,0.0
2024-07-01,08V,0.0,0.0
2025-09-01,08V,0.0,0.0
2026-05-01,08V,0.0,0.0
2021-12-01,08V,0.0,0.0
2024-01-01,08V,0.0,0.0
2026-03-01,08V,0.0,0.0
2025-06-01,08V,0.0,0.0
2024-08-01,08V,0.0,0.0
2024-10-01,08W,0.0,0.0
2025-04-01,08W,0.0,0.0
2023-11-01,08W,0.0,0.0
2023-07-01,08W,0.0,0.0
2025-06-01,08W,0.0,0.0
2022-01-01,08W,0.0,0.0
2025-03-01,08W,0.0,0.0
2024-12-01,08W,0.0,0.0
2023-12-01,08W,0.0,0.0
2022-10-01,08W,0.0,0.0
2025-01-01,08W,0.0,0.0
2026-02-01,08W,0.0,0.0
2025-08-01,08W,0.0,0.0
2025-05-01,08W,0.0,0.0
2024-06-01,08W,0.0,0.0
2021-09-01,08W,0.0,0.0
2022-07-01,08W,0.0,0.0
2024-03-01,08W,0.0,0.0
2023-05-01,08W,0.0,0.0
2022-06-01,08W,0.0,0.0
2024-01-01,08W,0.0,0.0
2021-12-01,08W,0.0,0.0
2021-08-01,08W,0.0,0.0
2022-08-01,08W,0.0,0.0
2024-08-01,08W,0.0,0.0
2022-04-01,08W,0.0,0.0
2021-07-01,08W,0.0,0.0
2023-09-01,08W,0.0,0.0
2025-02-01,08W,0.0,0.0
2024-07-01,08W,0.0,0.0
2023-03-01,08W,0.0,0.0
2025-10-01,08W,0.0,0.0
2022-11-01,08W,0.0,0.0
2023-01-01,08W,0.0,0.0
2026-04-01,08W,0.0,0.0
2026-01-01,08W,0.0,0.0
2026-06-01,08W,0.0,0.0
2024-05-01,08W,0.0,0.0
2025-09-01,08W,0.0,0.0
2025-12-01,08W,0.0,0.0
2024-09-01,08W,0.0,0.0
2023-08-01,08W,0.0,0.0
2025-11-01,08W,0.0,0.0
2021-11-01,08W,0.0,0.0
2022-02-01,08W,0.0,0.0
2022-12-01,08W,0.0,0.0
2021-06-01,08W,0.0,0.0
2023-02-01,08W,0.0,0.0
2024-02-01,08W,0.0,0.0
2023-04-01,08W,0.0,0.0
2024-11-01,08W,0.0,0.0
2026-03-01,08W,0.0,0.0
2024-04-01,08W,0.0,0.0
2021-10-01,08W,0.0,0.0
2022-03-01,08W,0.0,0.0
2022-05-01,08W,0.0,0.0
2025-07-01,08W,0.0,0.0
2022-09-01,08W,0.0,0.0
2026-05-01,08W,0.0,0.0
2023-10-01,08W,0.0,0.0
2023-06-01,08W,0.0,0.0
2022-08-01,08X,0.0,0.0
2023-08-01,08X,0.0,0.0
2022-10-01,08X,0.0,0.0
2022-11-01,08X,0.0,0.0
2021-10-01,08X,0.0,0.0
2024-04-01,08X,0.0,0.0
2022-06-01,08X,0.0,0.0
2022-07-01,08X,0.0,0.0
2026-01-01,08X,0.0,0.0
2025-04-01,08X,0.0,0.0
2025-03-01,08X,0.0,0.0
2023-09-01,08X,0.0,0.0
2024-12-01,08X,0.0,0.0
2021-11-01,08X,0.0,0.0
2022-01-01,08X,0.0,0.0
2022-09-01,08X,0.0,0.0
2024-10-01,08X,0.0,0.0
2025-01-01,08X,0.0,0.0
2025-06-01,08X,0.0,0.0
2023-03-01,08X,0.0,0.0
2023-01-01,08X,0.0,0.0
2024-03-01,08X,0.0,0.0
2026-03-01,08X,0.0,0.0
2025-08-01,08X,0.0,0.0
2026-05-01,08X,0.0,0.0
2025-09-01,08X,0.0,0.0
2022-12-01,08X,0.0,0.0
2023-10-01,08X,0.0,0.0
2021-06-01,08X,0.0,0.0
2025-05-01,08X,0.0,0.0
2024-01-01,08X,0.0,0.0
2023-02-01,08X,0.0,0.0
2023-06-01,08X,0.0,0.0
2024-02-01,08X,0.0,0.0
2021-09-01,08X,0.0,0.0
2023-05-01,08X,0.0,0.0
2021-08-01,08X,0.0,0.0
2026-02-01,08X,0.0,0.0
2023-04-01,08X,0.0,0.0
2024-11-01,08X,0.0,0.0
2025-10-01,08X,0.0,0.0
2021-07-01,08X,0.0,0.0
2022-02-01,08X,0.0,0.0
2025-02-01,08X,0.0,0.0
2023-07-01,08X,0.0,0.0
2021-12-01,08X,0.0,0.0
2025-07-01,08X,0.0,0.0
2024-05-01,08X,0.0,0.0
2026-06-01,08X,0.0,0.0
2024-09-01,08X,0.0,0.0
2024-06-01,08X,0.0,0.0
2023-11-01,08X,0.0,0.0
2026-04-01,08X,0.0,0.0
2022-04-01,08X,0.0,0.0
2023-12-01,08X,0.0,0.0
2025-12-01,08X,0.0,0.0
2024-07-01,08X,0.0,0.0
2022-03-01,08X,0.0,0.0
2024-08-01,08X,0.0,0.0
2022-05-01,08X,0.0,0.0
2025-11-01,08X,0.0,0.0
2025-10-01,08Y,0.0,0.0
2025-08-01,08Y,0.0,0.0
2022-10-01,08Y,0.0,0.0
2024-07-01,08Y,0.0,0.0
2026-02-01,08Y,0.0,0.0
2025-09-01,08Y,0.0,0.0
2022-05-01,08Y,0.0,0.0
2025-07-01,08Y,0.0,0.0
2021-08-01,08Y,0.0,0.0
2024-12-01,08Y,0.0,0.0
2022-04-01,08Y,0.0,0.0
2023-10-01,08Y,0.0,0.0
2026-01-01,08Y,0.0,0.0
2021-10-01,08Y,0.0,0.0
2022-02-01,08Y,0.0,0.0
2024-04-01,08Y,0.0,0.0
2024-03-01,08Y,0.0,0.0
2023-03-01,08Y,0.0,0.0
2022-11-01,08Y,0.0,0.0
2025-11-01,08Y,0.0,0.0
2026-06-01,08Y,0.0,0.0
2025-06-01,08Y,0.0,0.0
2022-09-01,08Y,0.0,0.0
2023-09-01,08Y,0.0,0.0
2025-04-01,08Y,0.0,0.0
2026-03-01,08Y,0.0,0.0
2022-12-01,08Y,0.0,0.0
2025-01-01,08Y,0.0,0.0
2025-02-01,08Y,0.0,0.0
2021-06-01,08Y,0.0,0.0
2024-09-01,08Y,0.0,0.0
2023-12-01,08Y,0.0,0.0
2025-12-01,08Y,0.0,0.0
2024-11-01,08Y,0.0,0.0
2023-02-01,08Y,0.0,0.0
2026-04-01,08Y,0.0,0.0
2026-05-01,08Y,0.0,0.0
2023-11-01,08Y,0.0,0.0
2021-12-01,08Y,0.0,0.0
2024-01-01,08Y,0.0,0.0
2022-07-01,08Y,0.0,0.0
2024-10-01,08Y,0.0,0.0
2022-06-01,08Y,0.0,0.0
2023-06-01,08Y,0.0,0.0
2023-07-01,08Y,0.0,0.0
2023-04-01,08Y,0.0,0.0
2023-05-01,08Y,0.0,0.0
2022-08-01,08Y,0.0,0.0
2024-06-01,08Y,0.0,0.0
2021-09-01,08Y,0.0,0.0
2024-05-01,08Y,0.0,0.0
2023-01-01,08Y,0.0,0.0
2025-03-01,08Y,0.0,0.0
2021-07-01,08Y,0.0,0.0
2023-08-01,08Y,0.0,0.0
2024-08-01,08Y,0.0,0.0
2024-02-01,08Y,0.0,0.0
2021-11-01,08Y,0.0,0.0
2022-03-01,08Y,0.0,0.0
2025-05-01,08Y,0.0,0.0
2022-01-01,08Y,0.0,0.0
2026-03-01,09A,0.0,0.0
2025-09-01,09A,0.0,0.0
2022-03-01,09A,0.0,0.0
2023-10-01,09A,0.0,0.0
2024-03-01,09A,0.0,0.0
2023-12-01,09A,0.0,0.0
2021-10-01,09A,0.0,0.0
2021-06-01,09A,0.0,0.0
2024-01-01,09A,0.0,0.0
2025-07-01,09A,0.0,0.0
2024-06-01,09A,0.0,0.0
2026-06-01,09A,0.0,0.0
2025-11-01,09A,0.0,0.0
2023-07-01,09A,0.0,0.0
2025-02-01,09A,0.0,0.0
2023-05-01,09A,0.0,0.0
2022-08-01,09A,0.0,0.0
2024-05-01,09A,0.0,0.0
2024-07-01,09A,0.0,0.0
2023-08-01,09A,0.0,0.0
2022-02-01,09A,0.0,0.0
2025-05-01,09A,0.0,0.0
2023-11-01,09A,0.0,0.0
2022-12-01,09A,0.0,0.0
2025-08-01,09A,0.0,0.0
2024-11-01,09A,0.0,0.0
2023-01-01,09A,0.0,0.0
2026-04-01,09A,0.0,0.0
2024-02-01,09A,0.0,0.0
2023-03-01,09A,0.0,0.0
2022-07-01,09A,0.0,0.0
2022-06-01,09A,0.0,0.0
2022-11-01,09A,0.0,0.0
2025-06-01,09A,0.0,0.0
2022-04-01,09A,0.0,0.0
2025-12-01,09A,0.0,0.0
2024-12-01,09A,0.0,0.0
2021-08-01,09A,0.0,0.0
2024-09-01,09A,0.0,0.0
2021-12-01,09A,0.0,0.0
2021-07-01,09A,0.0,0.0
2025-10-01,09A,0.0,0.0
2022-09-01,09A,0.0,0.0
2024-08-01,09A,0.0,0.0
2026-01-01,09A,0.0,0.0
2022-05-01,09A,0.0,0.0
2022-10-01,09A,0.0,0.0
2026-02-01,09A,0.0,0.0
2025-01-01,09A,0.0,0.0
2023-02-01,09A,0.0,0.0
2023-04-01,09A,0.0,0.0
2026-05-01,09A,0.0,0.0
2024-10-01,09A,0.0,0.0
2023-06-01,09A,0.0,0.0
2021-11-01,09A,0.0,0.0
2022-01-01,09A,0.0,0.0
2024-04-01,09A,0.0,0.0
2025-04-01,09A,0.0,0.0
2025-03-01,09A,0.0,0.0
2023-09-01,09A,0.0,0.0
2021-09-01,09A,0.0,0.0
2022-08-01,09C,0.0,0.0
2022-03-01,09C,0.0,0.0
2024-05-01,09C,0.0,0.0
2024-11-01,09C,0.0,0.0
2021-10-01,09C,0.0,0.0
2023-04-01,09C,0.0,0.0
2024-12-01,09C,0.0,0.0
2024-07-01,09C,0.0,0.0
2025-08-01,09C,0.0,0.0
2025-10-01,09C,0.0,0.0
2022-12-01,09C,0.0,0.0
2024-02-01,09C,0.0,0.0
2022-02-01,09C,0.0,0.0
2024-06-01,09C,0.0,0.0
2023-09-01,09C,0.0,0.0
2022-07-01,09C,0.0,0.0
2021-12-01,09C,0.0,0.0
2025-12-01,09C,0.0,0.0
2025-11-01,09C,0.0,0.0
2021-06-01,09C,0.0,0.0
2023-02-01,09C,0.0,0.0
2025-09-01,09C,0.0,0.0
2025-02-01,09C,0.0,0.0
2023-12-01,09C,0.0,0.0
2021-11-01,09C,0.0,0.0
2024-04-01,09C,0.0,0.0
2023-01-01,09C,0.0,0.0
2022-05-01,09C,0.0,0.0
2026-05-01,09C,0.0,0.0
2025-03-01,09C,0.0,0.0
2022-11-01,09C,0.0,0.0
2026-02-01,09C,0.0,0.0
2023-08-01,09C,0.0,0.0
2021-08-01,09C,0.0,0.0
2022-01-01,09C,0.0,0.0
2023-05-01,09C,0.0,0.0
2026-01-01,09C,0.0,0.0
2025-05-01,09C,0.0,0.0
2023-10-01,09C,0.0,0.0
2024-08-01,09C,0.0,0.0
2024-09-01,09C,0.0,0.0
2022-06-01,09C,0.0,0.0
2025-07-01,09C,0.0,0.0
2021-07-01,09C,0.0,0.0
2023-11-01,09C,0.0,0.0
2022-09-01,09C,0.0,0.0
2021-09-01,09C,0.0,0.0
2023-06-01,09C,0.0,0.0
2026-06-01,09C,0.0,0.0
2023-07-01,09C,0.0,0.0
2022-10-01,09C,0.0,0.0
2024-03-01,09C,0.0,0.0
2026-04-01,09C,0.0,0.0
2022-04-01,09C,0.0,0.0
2024-01-01,09C,0.0,0.0
2025-01-01,09C,0.0,0.0
2026-03-01,09C,0.0,0.0
2024-10-01,09C,0.0,0.0
2025-04-01,09C,0.0,0.0
2023-03-01,09C,0.0,0.0
2025-06-01,09C,0.0,0.0
2025-05-01,09E,0.0,0.0
2022-11-01,09E,0.0,0.0
2022-02-01,09E,0.0,0.0
2022-09-01,09E,0.0,0.0
2024-05-01,09E,0.0,0.0
2021-07-01,09E,0.0,0.0
2025-12-01,09E,0.0,0.0
2024-01-01,09E,0.0,0.0
2024-08-01,09E,0.0,0.0
2023-04-01,09E,0.0,0.0
2025-04-01,09E,0.0,0.0
2024-10-01,09E,0.0,0.0
2022-01-01,09E,0.0,0.0
2023-05-01,09E,0.0,0.0
2024-09-01,09E,0.0,0.0
2024-02-01,09E,0.0,0.0
2022-04-01,09E,0.0,0.0
2022-10-01,09E,0.0,0.0
2023-11-01,09E,0.0,0.0
2024-12-01,09E,0.0,0.0
2025-07-01,09E,0.0,0.0
2026-01-01,09E,0.0,0.0
2022-08-01,09E,0.0,0.0
2022-12-01,09E,0.0,0.0
2021-08-01,09E,0.0,0.0
2021-09-01,09E,0.0,0.0
2025-03-01,09E,0.0,0.0
2022-07-01,09E,0.0,0.0
2021-11-01,09E,0.0,0.0
2025-11-01,09E,0.0,0.0
2023-07-01,09E,0.0,0.0
2022-03-01,09E,0.0,0.0
2026-03-01,09E,0.0,0.0
2024-03-01,09E,0.0,0.0
2024-07-01,09E,0.0,0.0
2023-08-01,09E,0.0,0.0
2023-12-01,09E,0.0,0.0
2023-06-01,09E,0.0,0.0
2021-12-01,09E,0.0,0.0
2026-02-01,09E,0.0,0.0
2023-09-01,09E,0.0,0.0
2024-11-01,09E,0.0,0.0
2025-09-01,09E,0.0,0.0
2021-10-01,09E,0.0,0.0
2025-08-01,09E,0.0,0.0
2025-02-01,09E,0.0,0.0
2025-01-01,09E,0.0,0.0
2023-02-01,09E,0.0,0.0
2025-06-01,09E,0.0,0.0
2021-06-01,09E,0.0,0.0
2025-10-01,09E,0.0,0.0
2026-05-01,09E,0.0,0.0
2026-04-01,09E,0.0,0.0
2022-06-01,09E,0.0,0.0
2023-01-01,09E,0.0,0.0
2022-05-01,09E,0.0,0.0
2023-03-01,09E,0.0,0.0
2023-10-01,09E,0.0,0.0
2024-04-01,09E,0.0,0.0
2024-06-01,09E,0.0,0.0
2026-06-01,09E,0.0,0.0
2025-11-01,09F,0.0,0.0
2025-08-01,09F,0.0,0.0
2022-02-01,09F,0.0,0.0
2026-03-01,09F,0.0,0.0
2021-09-01,09F,0.0,0.0
2022-05-01,09F,0.0,0.0
2021-11-01,09F,0.0,0.0
2022-04-01,09F,0.0,0.0
2023-12-01,09F,0.0,0.0
2024-08-01,09F,0.0,0.0
2025-07-01,09F,0.0,0.0
2021-07-01,09F,0.0,0.0
2023-10-01,09F,0.0,0.0
2021-10-01,09F,0.0,0.0
2025-10-01,09F,0.0,0.0
2026-02-01,09F,0.0,0.0
2023-03-01,09F,0.0,0.0
2026-05-01,09F,0.0,0.0
2024-01-01,09F,0.0,0.0
2024-02-01,09F,0.0,0.0
2021-08-01,09F,0.0,0.0
2023-06-01,09F,0.0,0.0
2022-01-01,09F,0.0,0.0
2021-12-01,09F,0.0,0.0
2026-04-01,09F,0.0,0.0
2025-03-01,09F,0.0,0.0
2023-02-01,09F,0.0,0.0
2022-06-01,09F,0.0,0.0
2026-01-01,09F,0.0,0.0
2025-04-01,09F,0.0,0.0
2025-05-01,09F,0.0,0.0
2022-09-01,09F,0.0,0.0
2024-12-01,09F,0.0,0.0
2025-02-01,09F,0.0,0.0
2025-12-01,09F,0.0,0.0
2024-07-01,09F,0.0,0.0
2022-03-01,09F,0.0,0.0
2023-11-01,09F,0.0,0.0
2024-05-01,09F,0.0,0.0
2023-01-01,09F,0.0,0.0
2024-11-01,09F,0.0,0.0
2022-08-01,09F,0.0,0.0
2022-11-01,09F,0.0,0.0
2021-06-01,09F,0.0,0.0
2024-04-01,09F,0.0,0.0
2023-04-01,09F,0.0,0.0
2024-03-01,09F,0.0,0.0
2024-09-01,09F,0.0,0.0
2022-10-01,09F,0.0,0.0
2023-05-01,09F,0.0,0.0
2023-09-01,09F,0.0,0.0
2022-12-01,09F,0.0,0.0
2025-06-01,09F,0.0,0.0
2025-01-01,09F,0.0,0.0
2024-06-01,09F,0.0,0.0
2025-09-01,09F,0.0,0.0
2026-06-01,09F,0.0,0.0
2022-07-01,09F,0.0,0.0
2023-07-01,09F,0.0,0.0
2024-10-01,09F,0.0,0.0
2023-08-01,09F,0.0,0.0
2026-05-01,09G,0.0,0.0
2023-09-01,09G,0.0,0.0
2022-06-01,09G,0.0,0.0
2021-08-01,09G,0.0,0.0
2022-07-01,09G,0.0,0.0
2022-12-01,09G,0.0,0.0
2023-12-01,09G,0.0,0.0
2025-12-01,09G,0.0,0.0
2022-02-01,09G,0.0,0.0
2025-08-01,09G,0.0,0.0
2023-03-01,09G,0.0,0.0
2021-09-01,09G,0.0,0.0
2025-06-01,09G,0.0,0.0
2024-12-01,09G,0.0,0.0
2022-03-01,09G,0.0,0.0
2022-08-01,09G,0.0,0.0
2024-08-01,09G,0.0,0.0
2025-10-01,09G,0.0,0.0
2021-07-01,09G,0.0,0.0
2021-12-01,09G,0.0,0.0
2023-01-01,09G,0.0,0.0
2023-05-01,09G,0.0,0.0
2024-06-01,09G,0.0,0.0
2024-07-01,09G,0.0,0.0
2022-10-01,09G,0.0,0.0
2025-01-01,09G,0.0,0.0
2024-05-01,09G,0.0,0.0
2023-04-01,09G,0.0,0.0
2022-11-01,09G,0.0,0.0
2026-04-01,09G,0.0,0.0
2023-11-01,09G,0.0,0.0
2023-07-01,09G,0.0,0.0
2025-02-01,09G,0.0,0.0
2022-04-01,09G,0.0,0.0
2024-10-01,09G,0.0,0.0
2021-10-01,09G,0.0,0.0
2026-01-01,09G,0.0,0.0
2024-09-01,09G,0.0,0.0
2021-06-01,09G,0.0,0.0
2026-06-01,09G,0.0,0.0
2024-01-01,09G,0.0,0.0
2024-03-01,09G,0.0,0.0
2025-09-01,09G,0.0,0.0
2022-05-01,09G,0.0,0.0
2024-02-01,09G,0.0,0.0
2024-04-01,09G,0.0,0.0
2022-09-01,09G,0.0,0.0
2025-03-01,09G,0.0,0.0
2021-11-01,09G,0.0,0.0
2025-04-01,09G,0.0,0.0
2023-08-01,09G,0.0,0.0
2022-01-01,09G,0.0,0.0
2026-03-01,09G,0.0,0.0
2026-02-01,09G,0.0,0.0
2023-06-01,09G,0.0,0.0
2024-11-01,09G,0.0,0.0
2023-10-01,09G,0.0,0.0
2023-02-01,09G,0.0,0.0
2025-07-01,09G,0.0,0.0
2025-11-01,09G,0.0,0.0
2025-05-01,09G,0.0,0.0
2024-07-01,09J,0.0,0.0
2024-06-01,09J,0.0,0.0
2025-04-01,09J,0.0,0.0
2025-02-01,09J,0.0,0.0
2026-06-01,09J,0.0,0.0
2022-11-01,09J,0.0,0.0
2021-12-01,09J,0.0,0.0
2022-06-01,09J,0.0,0.0
2022-09-01,09J,0.0,0.0
2026-05-01,09J,0.0,0.0
2026-04-01,09J,0.0,0.0
2023-07-01,09J,0.0,0.0
2022-01-01,09J,0.0,0.0
2023-06-01,09J,0.0,0.0
2022-12-01,09J,0.0,0.0
2025-06-01,09J,0.0,0.0
2021-09-01,09J,0.0,0.0
2025-01-01,09J,0.0,0.0
2023-02-01,09J,0.0,0.0
2025-11-01,09J,0.0,0.0
2024-10-01,09J,0.0,0.0
2025-05-01,09J,0.0,0.0
2022-05-01,09J,0.0,0.0
2022-03-01,09J,0.0,0.0
2026-03-01,09J,0.0,0.0
2023-11-01,09J,0.0,0.0
2021-10-01,09J,0.0,0.0
2024-11-01,09J,0.0,0.0
2021-07-01,09J,0.0,0.0
2024-09-01,09J,0.0,0.0
2026-02-01,09J,0.0,0.0
2023-04-01,09J,0.0,0.0
2023-03-01,09J,0.0,0.0
2025-08-01,09J,0.0,0.0
2023-05-01,09J,0.0,0.0
2024-08-01,09J,0.0,0.0
2025-12-01,09J,0.0,0.0
2022-04-01,09J,0.0,0.0
2023-10-01,09J,0.0,0.0
2025-03-01,09J,0.0,0.0
2022-08-01,09J,0.0,0.0
2023-08-01,09J,0.0,0.0
2025-09-01,09J,0.0,0.0
2023-09-01,09J,0.0,0.0
2021-08-01,09J,0.0,0.0
2022-07-01,09J,0.0,0.0
2025-07-01,09J,0.0,0.0
2023-01-01,09J,0.0,0.0
2022-10-01,09J,0.0,0.0
2024-05-01,09J,0.0,0.0
2021-11-01,09J,0.0,0.0
2022-02-01,09J,0.0,0.0
2024-01-01,09J,0.0,0.0
2025-10-01,09J,0.0,0.0
2024-04-01,09J,0.0,0.0
2024-03-01,09J,0.0,0.0
2024-02-01,09J,0.0,0.0
2026-01-01,09J,0.0,0.0
2024-12-01,09J,0.0,0.0
2021-06-01,09J,0.0,0.0
2023-12-01,09J,0.0,0.0
2025-04-01,09L,0.0,0.0
2025-07-01,09L,0.0,0.0
2023-02-01,09L,0.0,0.0
2026-06-01,09L,0.0,0.0
2025-05-01,09L,0.0,0.0
2022-09-01,09L,0.0,0.0
2025-08-01,09L,0.0,0.0
2024-11-01,09L,0.0,0.0
2021-08-01,09L,0.0,0.0
2022-11-01,09L,0.0,0.0
2024-12-01,09L,0.0,0.0
2025-03-01,09L,0.0,0.0
2023-10-01,09L,0.0,0.0
2024-06-01,09L,0.0,0.0
2025-11-01,09L,0.0,0.0
2024-02-01,09L,0.0,0.0
2025-12-01,09L,0.0,0.0
2023-03-01,09L,0.0,0.0
2022-12-01,09L,0.0,0.0
2024-09-01,09L,0.0,0.0
2022-02-01,09L,0.0,0.0
2025-10-01,09L,0.0,0.0
2026-05-01,09L,0.0,0.0
2026-02-01,09L,0.0,0.0
2024-07-01,09L,0.0,0.0
2023-12-01,09L,0.0,0.0
2023-04-01,09L,0.0,0.0
2022-05-01,09L,0.0,0.0
2026-04-01,09L,0.0,0.0
2023-06-01,09L,0.0,0.0
2025-01-01,09L,0.0,0.0
2023-07-01,09L,0.0,0.0
2022-06-01,09L,0.0,0.0
2024-08-01,09L,0.0,0.0
2024-01-01,09L,0.0,0.0
2024-05-01,09L,0.0,0.0
2023-08-01,09L,0.0,0.0
2022-08-01,09L,0.0,0.0
2021-07-01,09L,0.0,0.0
2023-09-01,09L,0.0,0.0
2022-04-01,09L,0.0,0.0
2024-10-01,09L,0.0,0.0
2025-09-01,09L,0.0,0.0
2021-11-01,09L,0.0,0.0
2025-06-01,09L,0.0,0.0
2026-01-01,09L,0.0,0.0
2021-12-01,09L,0.0,0.0
2021-10-01,09L,0.0,0.0
2023-01-01,09L,0.0,0.0
2022-03-01,09L,0.0,0.0
2021-06-01,09L,0.0,0.0
2024-04-01,09L,0.0,0.0
2022-10-01,09L,0.0,0.0
2022-01-01,09L,0.0,0.0
2026-03-01,09L,0.0,0.0
2022-07-01,09L,0.0,0.0
2021-09-01,09L,0.0,0.0
2023-11-01,09L,0.0,0.0
2023-05-01,09L,0.0,0.0
2025-02-01,09L,0.0,0.0
2024-03-01,09L,0.0,0.0
2024-08-01,09P,0.0,0.0
2025-02-01,09P,0.0,0.0
2023-09-01,09P,0.0,0.0
2026-06-01,09P,0.0,0.0
2022-10-01,09P,0.0,0.0
2022-06-01,09P,0.0,0.0
2023-12-01,09P,0.0,0.0
2021-10-01,09P,0.0,0.0
2025-06-01,09P,0.0,0.0
2021-11-01,09P,0.0,0.0
2024-12-01,09P,0.0,0.0
2023-07-01,09P,0.0,0.0
2023-10-01,09P,0.0,0.0
2022-03-01,09P,0.0,0.0
2023-06-01,09P,0.0,0.0
2026-03-01,09P,0.0,0.0
2024-02-01,09P,0.0,0.0
2025-03-01,09P,0.0,0.0
2025-05-01,09P,0.0,0.0
2025-12-01,09P,0.0,0.0
2024-03-01,09P,0.0,0.0
2024-01-01,09P,0.0,0.0
2025-07-01,09P,0.0,0.0
2024-05-01,09P,0.0,0.0
2022-07-01,09P,0.0,0.0
2025-01-01,09P,0.0,0.0
2025-08-01,09P,0.0,0.0
2025-11-01,09P,0.0,0.0
2026-05-01,09P,0.0,0.0
2022-04-01,09P,0.0,0.0
2025-10-01,09P,0.0,0.0
2023-03-01,09P,0.0,0.0
2024-10-01,09P,0.0,0.0
2023-08-01,09P,0.0,0.0
2024-09-01,09P,0.0,0.0
2022-12-01,09P,0.0,0.0
2023-02-01,09P,0.0,0.0
2024-04-01,09P,0.0,0.0
2026-02-01,09P,0.0,0.0
2021-08-01,09P,0.0,0.0
2022-02-01,09P,0.0,0.0
2024-07-01,09P,0.0,0.0
2023-01-01,09P,0.0,0.0
2026-01-01,09P,0.0,0.0
2023-04-01,09P,0.0,0.0
2022-05-01,09P,0.0,0.0
2024-11-01,09P,0.0,0.0
2021-07-01,09P,0.0,0.0
2025-09-01,09P,0.0,0.0
2024-06-01,09P,0.0,0.0
2021-09-01,09P,0.0,0.0
2026-04-01,09P,0.0,0.0
2021-06-01,09P,0.0,0.0
2022-08-01,09P,0.0,0.0
2022-11-01,09P,0.0,0.0
2023-11-01,09P,0.0,0.0
2022-01-01,09P,0.0,0.0
2021-12-01,09P,0.0,0.0
2023-05-01,09P,0.0,0.0
2025-04-01,09P,0.0,0.0
2022-09-01,09P,0.0,0.0
2023-01-01,09W,0.0,0.0
2022-05-01,09W,0.0,0.0
2024-02-01,09W,0.0,0.0
2024-12-01,09W,0.0,0.0
2025-07-01,09W,0.0,0.0
2021-06-01,09W,0.0,0.0
2022-10-01,09W,0.0,0.0
2025-06-01,09W,0.0,0.0
2025-01-01,09W,0.0,0.0
2025-12-01,09W,0.0,0.0
2026-02-01,09W,0.0,0.0
2022-07-01,09W,0.0,0.0
2023-07-01,09W,0.0,0.0
2022-01-01,09W,0.0,0.0
2024-06-01,09W,0.0,0.0
2021-12-01,09W,0.0,0.0
2024-10-01,09W,0.0,0.0
2023-10-01,09W,0.0,0.0
2025-04-01,09W,0.0,0.0
2025-10-01,09W,0.0,0.0
2022-02-01,09W,0.0,0.0
2021-08-01,09W,0.0,0.0
2023-11-01,09W,0.0,0.0
2022-12-01,09W,0.0,0.0
2021-07-01,09W,0.0,0.0
2024-11-01,09W,0.0,0.0
2022-11-01,09W,0.0,0.0
2025-09-01,09W,0.0,0.0
2021-09-01,09W,0.0,0.0
2025-11-01,09W,0.0,0.0
2024-04-01,09W,0.0,0.0
2023-04-01,09W,0.0,0.0
2021-11-01,09W,0.0,0.0
2025-05-01,09W,0.0,0.0
2024-03-01,09W,0.0,0.0
2022-03-01,09W,0.0,0.0
2024-08-01,09W,0.0,0.0
2026-06-01,09W,0.0,0.0
2026-03-01,09W,0.0,0.0
2024-05-01,09W,0.0,0.0
2024-07-01,09W,0.0,0.0
2022-09-01,09W,0.0,0.0
2025-08-01,09W,0.0,0.0
2025-03-01,09W,0.0,0.0
2023-09-01,09W,0.0,0.0
2026-05-01,09W,0.0,0.0
2022-08-01,09W,0.0,0.0
2022-06-01,09W,0.0,0.0
2026-01-01,09W,0.0,0.0
2023-12-01,09W,0.0,0.0
2023-06-01,09W,0.0,0.0
2024-09-01,09W,0.0,0.0
2023-03-01,09W,0.0,0.0
2025-02-01,09W,0.0,0.0
2023-05-01,09W,0.0,0.0
2023-08-01,09W,0.0,0.0
2022-04-01,09W,0.0,0.0
2023-02-01,09W,0.0,0.0
2024-01-01,09W,0.0,0.0
2021-10-01,09W,0.0,0.0
2026-04-01,09W,0.0,0.0
2025-06-01,09Y,0.0,0.0
2025-01-01,09Y,0.0,0.0
2025-09-01,09Y,0.0,0.0
2022-10-01,09Y,0.0,0.0
2023-02-01,09Y,0.0,0.0
2022-04-01,09Y,0.0,0.0
2022-12-01,09Y,0.0,0.0
2022-11-01,09Y,0.0,0.0
2024-12-01,09Y,0.0,0.0
2023-10-01,09Y,0.0,0.0
2026-01-01,09Y,0.0,0.0
2024-04-01,09Y,0.0,0.0
2021-11-01,09Y,0.0,0.0
2024-08-01,09Y,0.0,0.0
2022-06-01,09Y,0.0,0.0
2022-05-01,09Y,0.0,0.0
2022-07-01,09Y,0.0,0.0
2023-05-01,09Y,0.0,0.0
2024-10-01,09Y,0.0,0.0
2023-04-01,09Y,0.0,0.0
2025-05-01,09Y,0.0,0.0
2022-01-01,09Y,0.0,0.0
2023-09-01,09Y,0.0,0.0
2026-04-01,09Y,0.0,0.0
2025-12-01,09Y,0.0,0.0
2023-03-01,09Y,0.0,0.0
2023-11-01,09Y,0.0,0.0
2022-03-01,09Y,0.0,0.0
2021-12-01,09Y,0.0,0.0
2024-09-01,09Y,0.0,0.0
2024-05-01,09Y,0.0,0.0
2021-08-01,09Y,0.0,0.0
2022-02-01,09Y,0.0,0.0
2021-09-01,09Y,0.0,0.0
2022-09-01,09Y,0.0,0.0
2025-04-01,09Y,0.0,0.0
2026-03-01,09Y,0.0,0.0
2023-12-01,09Y,0.0,0.0
2023-07-01,09Y,0.0,0.0
2025-03-01,09Y,0.0,0.0
2025-10-01,09Y,0.0,0.0
2023-06-01,09Y,0.0,0.0
2021-10-01,09Y,0.0,0.0
2021-06-01,09Y,0.0,0.0
2025-02-01,09Y,0.0,0.0
2024-02-01,09Y,0.0,0.0
2024-03-01,09Y,0.0,0.0
2024-11-01,09Y,0.0,0.0
2026-05-01,09Y,0.0,0.0
2023-08-01,09Y,0.0,0.0
2022-08-01,09Y,0.0,0.0
2023-01-01,09Y,0.0,0.0
2024-06-01,09Y,0.0,0.0
2024-07-01,09Y,0.0,0.0
2025-07-01,09Y,0.0,0.0
2025-11-01,09Y,0.0,0.0
2025-08-01,09Y,0.0,0.0
2026-02-01,09Y,0.0,0.0
2024-01-01,09Y,0.0,0.0
2021-07-01,09Y,0.0,0.0
2026-06-01,09Y,0.0,0.0
2025-11-01,10A,0.0,0.0
2024-09-01,10A,0.0,0.0
2022-03-01,10A,0.0,0.0
2022-02-01,10A,0.0,0.0
2023-11-01,10A,0.0,0.0
2025-06-01,10A,0.0,0.0
2023-12-01,10A,0.0,0.0
2025-04-01,10A,0.0,0.0
2026-02-01,10A,0.0,0.0
2022-12-01,10A,0.0,0.0
2024-05-01,10A,0.0,0.0
2024-11-01,10A,0.0,0.0
2023-05-01,10A,0.0,0.0
2023-08-01,10A,0.0,0.0
2024-02-01,10A,0.0,0.0
2021-11-01,10A,0.0,0.0
2023-10-01,10A,0.0,0.0
2025-02-01,10A,0.0,0.0
2022-09-01,10A,0.0,0.0
2026-05-01,10A,0.0,0.0
2021-08-01,10A,0.0,0.0
2024-12-01,10A,0.0,0.0
2024-06-01,10A,0.0,0.0
2025-10-01,10A,0.0,0.0
2024-10-01,10A,0.0,0.0
2024-03-01,10A,0.0,0.0
2023-01-01,10A,0.0,0.0
2021-06-01,10A,0.0,0.0
2021-09-01,10A,0.0,0.0
2025-01-01,10A,0.0,0.0
2025-05-01,10A,0.0,0.0
2023-07-01,10A,0.0,0.0
2024-01-01,10A,0.0,0.0
2025-12-01,10A,0.0,0.0
2022-11-01,10A,0.0,0.0
2022-01-01,10A,0.0,0.0
2024-04-01,10A,0.0,0.0
2025-09-01,10A,0.0,0.0
2022-07-01,10A,0.0,0.0
2022-05-01,10A,0.0,0.0
2023-04-01,10A,0.0,0.0
2026-06-01,10A,0.0,0.0
2023-02-01,10A,0.0,0.0
2025-08-01,10A,0.0,0.0
2022-10-01,10A,0.0,0.0
2023-06-01,10A,0.0,0.0
2025-07-01,10A,0.0,0.0
2024-08-01,10A,0.0,0.0
2026-03-01,10A,0.0,0.0
2026-04-01,10A,0.0,0.0
2022-04-01,10A,0.0,0.0
2026-01-01,10A,0.0,0.0
2024-07-01,10A,0.0,0.0
2023-03-01,10A,0.0,0.0
2025-03-01,10A,0.0,0.0
2021-12-01,10A,0.0,0.0
2021-07-01,10A,0.0,0.0
2023-09-01,10A,0.0,0.0
2022-06-01,10A,0.0,0.0
2021-10-01,10A,0.0,0.0
2022-08-01,10A,0.0,0.0
2021-12-01,10C,0.0,0.0
2022-07-01,10C,0.0,0.0
2024-08-01,10C,0.0,0.0
2024-12-01,10C,0.0,0.0
2024-06-01,10C,0.0,0.0
2023-10-01,10C,0.0,0.0
2022-08-01,10C,0.0,0.0
2025-07-01,10C,0.0,0.0
2025-09-01,10C,0.0,0.0
2025-02-01,10C,0.0,0.0
2025-03-01,10C,0.0,0.0
2024-11-01,10C,0.0,0.0
2025-12-01,10C,0.0,0.0
2022-01-01,10C,0.0,0.0
2026-04-01,10C,0.0,0.0
2023-08-01,10C,0.0,0.0
2023-06-01,10C,0.0,0.0
2022-03-01,10C,0.0,0.0
2022-04-01,10C,0.0,0.0
2021-10-01,10C,0.0,0.0
2022-09-01,10C,0.0,0.0
2026-02-01,10C,0.0,0.0
2026-05-01,10C,0.0,0.0
2025-06-01,10C,0.0,0.0
2023-09-01,10C,0.0,0.0
2024-01-01,10C,0.0,0.0
2026-01-01,10C,0.0,0.0
2023-03-01,10C,0.0,0.0
2023-01-01,10C,0.0,0.0
2022-05-01,10C,0.0,0.0
2024-05-01,10C,0.0,0.0
2023-12-01,10C,0.0,0.0
2025-04-01,10C,0.0,0.0
2023-11-01,10C,0.0,0.0
2024-07-01,10C,0.0,0.0
2023-07-01,10C,0.0,0.0
2024-04-01,10C,0.0,0.0
2022-02-01,10C,0.0,0.0
2026-06-01,10C,0.0,0.0
2025-11-01,10C,0.0,0.0
2024-03-01,10C,0.0,0.0
2021-11-01,10C,0.0,0.0
2021-07-01,10C,0.0,0.0
2021-06-01,10C,0.0,0.0
2022-06-01,10C,0.0,0.0
2023-05-01,10C,0.0,0.0
2022-10-01,10C,0.0,0.0
2023-02-01,10C,0.0,0.0
2022-12-01,10C,0.0,0.0
2025-08-01,10C,0.0,0.0
2026-03-01,10C,0.0,0.0
2025-01-01,10C,0.0,0.0
2025-05-01,10C,0.0,0.0
2024-10-01,10C,0.0,0.0
2022-11-01,10C,0.0,0.0
2024-02-01,10C,0.0,0.0
2024-09-01,10C,0.0,0.0
2023-04-01,10C,0.0,0.0
2021-08-01,10C,0.0,0.0
2021-09-01,10C,0.0,0.0
2025-10-01,10C,0.0,0.0
2023-06-01,10D,0.0,0.0
2022-05-01,10D,0.0,0.0
2022-11-01,10D,0.0,0.0
2023-01-01,10D,0.0,0.0
2025-07-01,10D,0.0,0.0
2022-03-01,10D,0.0,0.0
2021-07-01,10D,0.0,0.0
2025-10-01,10D,0.0,0.0
2023-02-01,10D,0.0,0.0
2025-06-01,10D,0.0,0.0
2024-10-01,10D,0.0,0.0
2024-02-01,10D,0.0,0.0
2021-11-01,10D,0.0,0.0
2022-01-01,10D,0.0,0.0
2022-12-01,10D,0.0,0.0
2023-04-01,10D,0.0,0.0
2024-12-01,10D,0.0,0.0
2022-07-01,10D,0.0,0.0
2024-05-01,10D,0.0,0.0
2025-03-01,10D,0.0,0.0
2023-03-01,10D,0.0,0.0
2023-12-01,10D,0.0,0.0
2025-08-01,10D,0.0,0.0
2022-02-01,10D,0.0,0.0
2024-03-01,10D,0.0,0.0
2024-04-01,10D,0.0,0.0
2021-12-01,10D,0.0,0.0
2023-09-01,10D,0.0,0.0
2025-09-01,10D,0.0,0.0
2024-09-01,10D,0.0,0.0
2023-08-01,10D,0.0,0.0
2025-11-01,10D,0.0,0.0
2026-03-01,10D,0.0,0.0
2024-11-01,10D,0.0,0.0
2025-05-01,10D,0.0,0.0
2022-06-01,10D,0.0,0.0
2022-10-01,10D,0.0,0.0
2021-09-01,10D,0.0,0.0
2024-07-01,10D,0.0,0.0
2025-01-01,10D,0.0,0.0
2023-10-01,10D,0.0,0.0
2023-07-01,10D,0.0,0.0
2026-02-01,10D,0.0,0.0
2022-04-01,10D,0.0,0.0
2025-02-01,10D,0.0,0.0
2022-08-01,10D,0.0,0.0
2023-05-01,10D,0.0,0.0
2026-04-01,10D,0.0,0.0
2022-09-01,10D,0.0,0.0
2026-06-01,10D,0.0,0.0
2024-06-01,10D,0.0,0.0
2025-12-01,10D,0.0,0.0
2023-11-01,10D,0.0,0.0
2021-06-01,10D,0.0,0.0
2021-10-01,10D,0.0,0.0
2025-04-01,10D,0.0,0.0
2024-01-01,10D,0.0,0.0
2021-08-01,10D,0.0,0.0
2024-08-01,10D,0.0,0.0
2026-01-01,10D,0.0,0.0
2026-05-01,10D,0.0,0.0
2026-06-01,10E,0.0,0.0
2026-01-01,10E,0.0,0.0
2025-07-01,10E,0.0,0.0
2024-06-01,10E,0.0,0.0
2024-11-01,10E,0.0,0.0
2022-12-01,10E,0.0,0.0
2025-10-01,10E,0.0,0.0
2021-07-01,10E,0.0,0.0
2023-12-01,10E,0.0,0.0
2021-08-01,10E,0.0,0.0
2024-10-01,10E,0.0,0.0
2022-01-01,10E,0.0,0.0
2025-11-01,10E,0.0,0.0
2024-05-01,10E,0.0,0.0
2025-09-01,10E,0.0,0.0
2023-01-01,10E,0.0,0.0
2025-04-01,10E,0.0,0.0
2024-03-01,10E,0.0,0.0
2025-02-01,10E,0.0,0.0
2022-09-01,10E,0.0,0.0
2022-07-01,10E,0.0,0.0
2023-02-01,10E,0.0,0.0
2021-10-01,10E,0.0,0.0
2022-11-01,10E,0.0,0.0
2023-05-01,10E,0.0,0.0
2026-03-01,10E,0.0,0.0
2021-12-01,10E,0.0,0.0
2023-04-01,10E,0.0,0.0
2022-05-01,10E,0.0,0.0
2025-05-01,10E,0.0,0.0
2024-09-01,10E,0.0,0.0
2022-04-01,10E,0.0,0.0
2024-08-01,10E,0.0,0.0
2025-12-01,10E,0.0,0.0
2022-06-01,10E,0.0,0.0
2021-09-01,10E,0.0,0.0
2024-04-01,10E,0.0,0.0
2021-11-01,10E,0.0,0.0
2022-03-01,10E,0.0,0.0
2025-01-01,10E,0.0,0.0
2023-10-01,10E,0.0,0.0
2026-02-01,10E,0.0,0.0
2025-06-01,10E,0.0,0.0
2024-02-01,10E,0.0,0.0
2022-02-01,10E,0.0,0.0
2023-06-01,10E,0.0,0.0
2026-05-01,10E,0.0,0.0
2023-03-01,10E,0.0,0.0
2025-08-01,10E,0.0,0.0
2023-08-01,10E,0.0,0.0
2024-01-01,10E,0.0,0.0
2021-06-01,10E,0.0,0.0
2025-03-01,10E,0.0,0.0
2023-11-01,10E,0.0,0.0
2023-09-01,10E,0.0,0.0
2024-12-01,10E,0.0,0.0
2024-07-01,10E,0.0,0.0
2022-08-01,10E,0.0,0.0
2022-10-01,10E,0.0,0.0
2023-07-01,10E,0.0,0.0
2026-04-01,10E,0.0,0.0
2024-05-01,10J,0.0,0.0
2025-08-01,10J,0.0,0.0
2026-06-01,10J,0.0,0.0
2021-11-01,10J,0.0,0.0
2024-09-01,10J,0.0,0.0
2024-04-01,10J,0.0,0.0
2023-04-01,10J,0.0,0.0
2025-05-01,10J,0.0,0.0
2025-07-01,10J,0.0,0.0
2022-03-01,10J,0.0,0.0
2025-11-01,10J,0.0,0.0
2023-02-01,10J,0.0,0.0
2023-08-01,10J,0.0,0.0
2023-03-01,10J,0.0,0.0
2021-12-01,10J,0.0,0.0
2023-09-01,10J,0.0,0.0
2022-06-01,10J,0.0,0.0
2026-04-01,10J,0.0,0.0
2023-10-01,10J,0.0,0.0
2023-11-01,10J,0.0,0.0
2022-08-01,10J,0.0,0.0
2024-06-01,10J,0.0,0.0
2022-05-01,10J,0.0,0.0
2022-09-01,10J,0.0,0.0
2026-03-01,10J,0.0,0.0
2026-02-01,10J,0.0,0.0
2024-07-01,10J,0.0,0.0
2023-06-01,10J,0.0,0.0
2025-12-01,10J,0.0,0.0
2025-10-01,10J,0.0,0.0
2026-01-01,10J,0.0,0.0
2022-12-01,10J,0.0,0.0
2023-01-01,10J,0.0,0.0
2021-09-01,10J,0.0,0.0
2025-03-01,10J,0.0,0.0
2023-05-01,10J,0.0,0.0
2024-01-01,10J,0.0,0.0
2023-07-01,10J,0.0,0.0
2021-08-01,10J,0.0,0.0
2026-05-01,10J,0.0,0.0
2021-10-01,10J,0.0,0.0
2024-12-01,10J,0.0,0.0
2021-07-01,10J,0.0,0.0
2025-01-01,10J,0.0,0.0
2022-02-01,10J,0.0,0.0
2024-08-01,10J,0.0,0.0
2025-02-01,10J,0.0,0.0
2024-11-01,10J,0.0,0.0
2022-10-01,10J,0.0,0.0
2024-02-01,10J,0.0,0.0
2024-03-01,10J,0.0,0.0
2022-07-01,10J,0.0,0.0
2023-12-01,10J,0.0,0.0
2022-01-01,10J,0.0,0.0
2025-06-01,10J,0.0,0.0
2025-09-01,10J,0.0,0.0
2025-04-01,10J,0.0,0.0
2022-04-01,10J,0.0,0.0
2021-06-01,10J,0.0,0.0
2022-11-01,10J,0.0,0.0
2024-10-01,10J,0.0,0.0
2025-10-01,10K,0.0,0.0
2022-03-01,10K,0.0,0.0
2026-05-01,10K,0.0,0.0
2023-08-01,10K,0.0,0.0
2025-05-01,10K,0.0,0.0
2025-02-01,10K,0.0,0.0
2021-11-01,10K,0.0,0.0
2024-10-01,10K,0.0,0.0
2023-06-01,10K,0.0,0.0
2026-06-01,10K,0.0,0.0
2022-10-01,10K,0.0,0.0
2023-04-01,10K,0.0,0.0
2022-07-01,10K,0.0,0.0
2024-06-01,10K,0.0,0.0
2026-02-01,10K,0.0,0.0
2022-01-01,10K,0.0,0.0
2023-07-01,10K,0.0,0.0
2024-01-01,10K,0.0,0.0
2021-10-01,10K,0.0,0.0
2023-03-01,10K,0.0,0.0
2025-07-01,10K,0.0,0.0
2022-09-01,10K,0.0,0.0
2026-01-01,10K,0.0,0.0
2025-01-01,10K,0.0,0.0
2022-05-01,10K,0.0,0.0
2024-07-01,10K,0.0,0.0
2024-08-01,10K,0.0,0.0
2024-02-01,10K,0.0,0.0
2024-11-01,10K,0.0,0.0
2025-08-01,10K,0.0,0.0
2023-02-01,10K,0.0,0.0
2022-02-01,10K,0.0,0.0
2023-10-01,10K,0.0,0.0
2021-09-01,10K,0.0,0.0
2025-03-01,10K,0.0,0.0
2023-09-01,10K,0.0,0.0
2021-12-01,10K,0.0,0.0
2021-08-01,10K,0.0,0.0
2025-04-01,10K,0.0,0.0
2022-04-01,10K,0.0,0.0
2022-11-01,10K,0.0,0.0
2023-01-01,10K,0.0,0.0
2025-09-01,10K,0.0,0.0
2026-04-01,10K,0.0,0.0
2021-07-01,10K,0.0,0.0
2023-12-01,10K,0.0,0.0
2022-12-01,10K,0.0,0.0
2025-06-01,10K,0.0,0.0
2024-12-01,10K,0.0,0.0
2022-08-01,10K,0.0,0.0
2023-11-01,10K,0.0,0.0
2025-11-01,10K,0.0,0.0
2024-04-01,10K,0.0,0.0
2022-06-01,10K,0.0,0.0
2024-03-01,10K,0.0,0.0
2026-03-01,10K,0.0,0.0
2024-09-01,10K,0.0,0.0
2024-05-01,10K,0.0,0.0
2023-05-01,10K,0.0,0.0
2025-12-01,10K,0.0,0.0
2021-06-01,10K,0.0,0.0
2021-06-01,10L,0.0,0.0
2025-08-01,10L,0.0,0.0
2025-07-01,10L,0.0,0.0
2023-08-01,10L,0.0,0.0
2025-02-01,10L,0.0,0.0
2024-12-01,10L,0.0,0.0
2024-10-01,10L,0.0,0.0
2023-06-01,10L,0.0,0.0
2025-03-01,10L,0.0,0.0
2021-10-01,10L,0.0,0.0
2024-05-01,10L,0.0,0.0
2024-08-01,10L,0.0,0.0
2021-09-01,10L,0.0,0.0
2022-02-01,10L,0.0,0.0
2025-10-01,10L,0.0,0.0
2022-07-01,10L,0.0,0.0
2025-04-01,10L,0.0,0.0
2026-01-01,10L,0.0,0.0
2023-02-01,10L,0.0,0.0
2022-10-01,10L,0.0,0.0
2024-02-01,10L,0.0,0.0
2025-11-01,10L,0.0,0.0
2025-09-01,10L,0.0,0.0
2023-11-01,10L,0.0,0.0
2022-11-01,10L,0.0,0.0
2024-06-01,10L,0.0,0.0
2024-09-01,10L,0.0,0.0
2021-08-01,10L,0.0,0.0
2024-11-01,10L,0.0,0.0
2023-12-01,10L,0.0,0.0
2021-11-01,10L,0.0,0.0
2022-04-01,10L,0.0,0.0
2022-05-01,10L,0.0,0.0
2023-05-01,10L,0.0,0.0
2024-04-01,10L,0.0,0.0
2023-04-01,10L,0.0,0.0
2022-08-01,10L,0.0,0.0
2023-03-01,10L,0.0,0.0
2021-07-01,10L,0.0,0.0
2022-06-01,10L,0.0,0.0
2025-05-01,10L,0.0,0.0
2022-03-01,10L,0.0,0.0
2021-12-01,10L,0.0,0.0
2026-05-01,10L,0.0,0.0
2024-01-01,10L,0.0,0.0
2023-07-01,10L,0.0,0.0
2026-04-01,10L,0.0,0.0
2026-03-01,10L,0.0,0.0
2025-01-01,10L,0.0,0.0
2024-07-01,10L,0.0,0.0
2023-01-01,10L,0.0,0.0
2025-06-01,10L,0.0,0.0
2026-02-01,10L,0.0,0.0
2022-12-01,10L,0.0,0.0
2025-12-01,10L,0.0,0.0
2024-03-01,10L,0.0,0.0
2022-01-01,10L,0.0,0.0
2022-09-01,10L,0.0,0.0
2023-10-01,10L,0.0,0.0
2026-06-01,10L,0.0,0.0
2023-09-01,10L,0.0,0.0
2023-09-01,10M,0.0,0.0
2024-12-01,10M,0.0,0.0
2023-02-01,10M,0.0,0.0
2025-03-01,10M,0.0,0.0
2025-08-01,10M,0.0,0.0
2024-01-01,10M,0.0,0.0
2021-07-01,10M,0.0,0.0
2021-08-01,10M,0.0,0.0
2026-06-01,10M,0.0,0.0
2024-06-01,10M,0.0,0.0
2021-06-01,10M,0.0,0.0
2023-10-01,10M,0.0,0.0
2023-08-01,10M,0.0,0.0
2026-05-01,10M,0.0,0.0
2022-02-01,10M,0.0,0.0
2025-04-01,10M,0.0,0.0
2024-08-01,10M,0.0,0.0
2025-05-01,10M,0.0,0.0
2022-11-01,10M,0.0,0.0
2024-03-01,10M,0.0,0.0
2021-09-01,10M,0.0,0.0
2023-06-01,10M,0.0,0.0
2025-01-01,10M,0.0,0.0
2022-12-01,10M,0.0,0.0
2022-10-01,10M,0.0,0.0
2024-05-01,10M,0.0,0.0
2022-04-01,10M,0.0,0.0
2023-11-01,10M,0.0,0.0
2025-02-01,10M,0.0,0.0
2022-03-01,10M,0.0,0.0
2025-07-01,10M,0.0,0.0
2026-02-01,10M,0.0,0.0
2024-04-01,10M,0.0,0.0
2021-10-01,10M,0.0,0.0
2023-03-01,10M,0.0,0.0
2025-11-01,10M,0.0,0.0
2024-10-01,10M,0.0,0.0
2026-04-01,10M,0.0,0.0
2022-01-01,10M,0.0,0.0
2026-03-01,10M,0.0,0.0
2022-07-01,10M,0.0,0.0
2025-12-01,10M,0.0,0.0
2023-01-01,10M,0.0,0.0
2022-06-01,10M,0.0,0.0
2023-12-01,10M,0.0,0.0
2021-11-01,10M,0.0,0.0
2023-05-01,10M,0.0,0.0
2025-06-01,10M,0.0,0.0
2021-12-01,10M,0.0,0.0
2024-02-01,10M,0.0,0.0
2022-05-01,10M,0.0,0.0
2022-09-01,10M,0.0,0.0
2023-04-01,10M,0.0,0.0
2026-01-01,10M,0.0,0.0
2024-07-01,10M,0.0,0.0
2024-11-01,10M,0.0,0.0
2022-08-01,10M,0.0,0.0
2023-07-01,10M,0.0,0.0
2025-10-01,10M,0.0,0.0
2024-09-01,10M,0.0,0.0
2025-09-01,10M,0.0,0.0
2024-07-01,10V,0.0,0.0
2026-05-01,10V,0.0,0.0
2026-06-01,10V,0.0,0.0
2023-04-01,10V,0.0,0.0
2025-12-01,10V,0.0,0.0
2022-08-01,10V,0.0,0.0
2022-04-01,10V,0.0,0.0
2021-10-01,10V,0.0,0.0
2021-06-01,10V,0.0,0.0
2022-09-01,10V,0.0,0.0
2025-10-01,10V,0.0,0.0
2025-04-01,10V,0.0,0.0
2023-05-01,10V,0.0,0.0
2021-11-01,10V,0.0,0.0
2022-06-01,10V,0.0,0.0
2025-07-01,10V,0.0,0.0
2023-11-01,10V,0.0,0.0
2023-06-01,10V,0.0,0.0
2025-08-01,10V,0.0,0.0
2024-08-01,10V,0.0,0.0
2026-04-01,10V,0.0,0.0
2026-01-01,10V,0.0,0.0
2026-02-01,10V,0.0,0.0
2026-03-01,10V,0.0,0.0
2024-04-01,10V,0.0,0.0
2022-05-01,10V,0.0,0.0
2025-06-01,10V,0.0,0.0
2024-10-01,10V,0.0,0.0
2022-07-01,10V,0.0,0.0
2023-01-01,10V,0.0,0.0
2022-12-01,10V,0.0,0.0
2025-09-01,10V,0.0,0.0
2024-02-01,10V,0.0,0.0
2025-05-01,10V,0.0,0.0
2024-03-01,10V,0.0,0.0
2022-02-01,10V,0.0,0.0
2021-08-01,10V,0.0,0.0
2022-03-01,10V,0.0,0.0
2024-06-01,10V,0.0,0.0
2023-07-01,10V,0.0,0.0
2025-03-01,10V,0.0,0.0
2025-02-01,10V,0.0,0.0
2023-02-01,10V,0.0,0.0
2025-11-01,10V,0.0,0.0
2024-12-01,10V,0.0,0.0
2023-03-01,10V,0.0,0.0
2022-10-01,10V,0.0,0.0
2023-08-01,10V,0.0,0.0
2025-01-01,10V,0.0,0.0
2023-10-01,10V,0.0,0.0
2023-12-01,10V,0.0,0.0
2022-01-01,10V,0.0,0.0
2021-07-01,10V,0.0,0.0
2024-05-01,10V,0.0,0.0
2021-12-01,10V,0.0,0.0
2024-09-01,10V,0.0,0.0
2024-01-01,10V,0.0,0.0
2022-11-01,10V,0.0,0.0
2021-09-01,10V,0.0,0.0
2023-09-01,10V,0.0,0.0
2024-11-01,10V,0.0,0.0
2024-05-01,10W,0.0,0.0
2024-03-01,10W,0.0,0.0
2023-03-01,10W,0.0,0.0
2024-10-01,10W,0.0,0.0
2021-10-01,10W,0.0,0.0
2025-06-01,10W,0.0,0.0
2023-04-01,10W,0.0,0.0
2026-03-01,10W,0.0,0.0
2026-02-01,10W,0.0,0.0
2024-04-01,10W,0.0,0.0
2024-11-01,10W,0.0,0.0
2023-09-01,10W,0.0,0.0
2025-07-01,10W,0.0,0.0
2022-07-01,10W,0.0,0.0
2021-06-01,10W,0.0,0.0
2023-08-01,10W,0.0,0.0
2021-11-01,10W,0.0,0.0
2025-04-01,10W,0.0,0.0
2024-09-01,10W,0.0,0.0
2022-06-01,10W,0.0,0.0
2022-02-01,10W,0.0,0.0
2021-08-01,10W,0.0,0.0
2025-10-01,10W,0.0,0.0
2025-02-01,10W,0.0,0.0
2022-01-01,10W,0.0,0.0
2022-08-01,10W,0.0,0.0
2025-11-01,10W,0.0,0.0
2025-05-01,10W,0.0,0.0
2024-06-01,10W,0.0,0.0
2025-08-01,10W,0.0,0.0
2021-09-01,10W,0.0,0.0
2025-03-01,10W,0.0,0.0
2022-12-01,10W,0.0,0.0
2023-12-01,10W,0.0,0.0
2024-01-01,10W,0.0,0.0
2023-06-01,10W,0.0,0.0
2023-05-01,10W,0.0,0.0
2026-05-01,10W,0.0,0.0
2026-01-01,10W,0.0,0.0
2022-04-01,10W,0.0,0.0
2025-09-01,10W,0.0,0.0
2024-07-01,10W,0.0,0.0
2021-12-01,10W,0.0,0.0
2023-11-01,10W,0.0,0.0
2025-01-01,10W,0.0,0.0
2024-08-01,10W,0.0,0.0
2026-04-01,10W,0.0,0.0
2022-09-01,10W,0.0,0.0
2022-03-01,10W,0.0,0.0
2022-05-01,10W,0.0,0.0
2024-12-01,10W,0.0,0.0
2025-12-01,10W,0.0,0.0
2023-07-01,10W,0.0,0.0
2024-02-01,10W,0.0,0.0
2022-11-01,10W,0.0,0.0
2022-10-01,10W,0.0,0.0
2021-07-01,10W,0.0,0.0
2023-02-01,10W,0.0,0.0
2023-10-01,10W,0.0,0.0
2023-01-01,10W,0.0,0.0
2026-06-01,10W,0.0,0.0
2024-12-01,10X,0.0,0.0
2026-02-01,10X,0.0,0.0
2026-06-01,10X,0.0,0.0
2025-07-01,10X,0.0,0.0
2025-05-01,10X,0.0,0.0
2024-02-01,10X,0.0,0.0
2021-08-01,10X,0.0,0.0
2026-05-01,10X,0.0,0.0
2025-01-01,10X,0.0,0.0
2024-05-01,10X,0.0,0.0
2023-07-01,10X,0.0,0.0
2023-05-01,10X,0.0,0.0
2023-11-01,10X,0.0,0.0
2023-04-01,10X,0.0,0.0
2022-01-01,10X,0.0,0.0
2022-03-01,10X,0.0,0.0
2024-10-01,10X,0.0,0.0
2025-02-01,10X,0.0,0.0
2026-04-01,10X,0.0,0.0
2023-02-01,10X,0.0,0.0
2023-08-01,10X,0.0,0.0
2024-07-01,10X,0.0,0.0
2024-08-01,10X,0.0,0.0
2023-03-01,10X,0.0,0.0
2022-08-01,10X,0.0,0.0
2025-06-01,10X,0.0,0.0
2021-09-01,10X,0.0,0.0
2022-11-01,10X,0.0,0.0
2021-06-01,10X,0.0,0.0
2022-07-01,10X,0.0,0.0
2023-06-01,10X,0.0,0.0
2024-01-01,10X,0.0,0.0
2024-04-01,10X,0.0,0.0
2022-12-01,10X,0.0,0.0
2025-08-01,10X,0.0,0.0
2025-03-01,10X,0.0,0.0
2025-10-01,10X,0.0,0.0
2026-01-01,10X,0.0,0.0
2022-05-01,10X,0.0,0.0
2022-04-01,10X,0.0,0.0
2023-01-01,10X,0.0,0.0
2024-03-01,10X,0.0,0.0
2023-09-01,10X,0.0,0.0
2026-03-01,10X,0.0,0.0
2022-02-01,10X,0.0,0.0
2025-11-01,10X,0.0,0.0
2021-11-01,10X,0.0,0.0
2025-04-01,10X,0.0,0.0
2023-12-01,10X,0.0,0.0
2021-12-01,10X,0.0,0.0
2024-11-01,10X,0.0,0.0
2024-09-01,10X,0.0,0.0
2023-10-01,10X,0.0,0.0
2025-12-01,10X,0.0,0.0
2024-06-01,10X,0.0,0.0
2022-09-01,10X,0.0,0.0
2022-10-01,10X,0.0,0.0
2021-10-01,10X,0.0,0.0
2022-06-01,10X,0.0,0.0
2025-09-01,10X,0.0,0.0
2021-07-01,10X,0.0,0.0
2024-04-01,11A,0.0,0.0
2021-09-01,11A,0.0,0.0
2022-02-01,11A,0.0,0.0
2025-01-01,11A,0.0,0.0
2022-11-01,11A,0.0,0.0
2025-08-01,11A,0.0,0.0
2026-06-01,11A,0.0,0.0
2026-01-01,11A,0.0,0.0
2026-02-01,11A,0.0,0.0
2025-07-01,11A,0.0,0.0
2021-11-01,11A,0.0,0.0
2025-04-01,11A,0.0,0.0
2024-09-01,11A,0.0,0.0
2025-02-01,11A,0.0,0.0
2022-05-01,11A,0.0,0.0
2026-05-01,11A,0.0,0.0
2021-12-01,11A,0.0,0.0
2022-04-01,11A,0.0,0.0
2024-12-01,11A,0.0,0.0
2025-05-01,11A,0.0,0.0
2022-10-01,11A,0.0,0.0
2025-06-01,11A,0.0,0.0
2025-03-01,11A,0.0,0.0
2025-12-01,11A,0.0,0.0
2023-02-01,11A,0.0,0.0
2022-08-01,11A,0.0,0.0
2023-12-01,11A,0.0,0.0
2022-07-01,11A,0.0,0.0
2026-04-01,11A,0.0,0.0
2024-07-01,11A,0.0,0.0
2024-10-01,11A,0.0,0.0
2023-07-01,11A,0.0,0.0
2022-01-01,11A,0.0,0.0
2022-03-01,11A,0.0,0.0
2024-06-01,11A,0.0,0.0
2023-05-01,11A,0.0,0.0
2023-06-01,11A,0.0,0.0
2023-11-01,11A,0.0,0.0
2024-01-01,11A,0.0,0.0
2021-08-01,11A,0.0,0.0
2021-07-01,11A,0.0,0.0
2024-02-01,11A,0.0,0.0
2023-09-01,11A,0.0,0.0
2023-04-01,11A,0.0,0.0
2024-11-01,11A,0.0,0.0
2024-03-01,11A,0.0,0.0
2023-08-01,11A,0.0,0.0
2025-09-01,11A,0.0,0.0
2026-03-01,11A,0.0,0.0
2023-10-01,11A,0.0,0.0
2021-06-01,11A,0.0,0.0
2025-11-01,11A,0.0,0.0
2023-01-01,11A,0.0,0.0
2024-08-01,11A,0.0,0.0
2022-06-01,11A,0.0,0.0
2022-09-01,11A,0.0,0.0
2023-03-01,11A,0.0,0.0
2021-10-01,11A,0.0,0.0
2022-12-01,11A,0.0,0.0
2024-05-01,11A,0.0,0.0
2025-10-01,11A,0.0,0.0
2025-11-01,11E,0.0,0.0
2022-02-01,11E,0.0,0.0
2024-06-01,11E,0.0,0.0
2022-09-01,11E,0.0,0.0
2025-01-01,11E,0.0,0.0
2024-04-01,11E,0.0,0.0
2024-11-01,11E,0.0,0.0
2023-02-01,11E,0.0,0.0
2025-07-01,11E,0.0,0.0
2024-09-01,11E,0.0,0.0
2022-08-01,11E,0.0,0.0
2023-05-01,11E,0.0,0.0
2024-02-01,11E,0.0,0.0
2023-04-01,11E,0.0,0.0
2022-01-01,11E,0.0,0.0
2026-05-01,11E,0.0,0.0
2025-05-01,11E,0.0,0.0
2021-06-01,11E,0.0,0.0
2026-01-01,11E,0.0,0.0
2023-06-01,11E,0.0,0.0
2026-03-01,11E,0.0,0.0
2024-07-01,11E,0.0,0.0
2022-07-01,11E,0.0,0.0
2022-03-01,11E,0.0,0.0
2023-08-01,11E,0.0,0.0
2021-10-01,11E,0.0,0.0
2025-09-01,11E,0.0,0.0
2024-08-01,11E,0.0,0.0
2022-04-01,11E,0.0,0.0
2022-11-01,11E,0.0,0.0
2023-11-01,11E,0.0,0.0
2024-01-01,11E,0.0,0.0
2024-05-01,11E,0.0,0.0
2025-02-01,11E,0.0,0.0
2023-07-01,11E,0.0,0.0
2025-10-01,11E,0.0,0.0
2021-08-01,11E,0.0,0.0
2026-06-01,11E,0.0,0.0
2025-12-01,11E,0.0,0.0
2022-05-01,11E,0.0,0.0
2024-12-01,11E,0.0,0.0
2023-01-01,11E,0.0,0.0
2024-10-01,11E,0.0,0.0
2025-06-01,11E,0.0,0.0
2025-03-01,11E,0.0,0.0
2021-09-01,11E,0.0,0.0
2023-09-01,11E,0.0,0.0
2026-02-01,11E,0.0,0.0
2025-08-01,11E,0.0,0.0
2022-10-01,11E,0.0,0.0
2021-11-01,11E,0.0,0.0
2021-12-01,11E,0.0,0.0
2023-03-01,11E,0.0,0.0
2025-04-01,11E,0.0,0.0
2023-10-01,11E,0.0,0.0
2022-06-01,11E,0.0,0.0
2026-04-01,11E,0.0,0.0
2022-12-01,11E,0.0,0.0
2021-07-01,11E,0.0,0.0
2023-12-01,11E,0.0,0.0
2024-03-01,11E,0.0,0.0
2023-01-01,11H,0.0,0.0
2023-11-01,11H,0.0,0.0
2024-01-01,11H,0.0,0.0
2026-01-01,11H,0.0,0.0
2024-03-01,11H,0.0,0.0
2021-08-01,11H,0.0,0.0
2025-07-01,11H,0.0,0.0
2024-04-01,11H,0.0,0.0
2025-04-01,11H,0.0,0.0
2022-06-01,11H,0.0,0.0
2024-02-01,11H,0.0,0.0
2024-12-01,11H,0.0,0.0
2023-12-01,11H,0.0,0.0
2023-07-01,11H,0.0,0.0
2023-09-01,11H,0.0,0.0
2023-03-01,11H,0.0,0.0
2026-04-01,11H,0.0,0.0
2024-11-01,11H,0.0,0.0
2022-10-01,11H,0.0,0.0
2023-10-01,11H,0.0,0.0
2023-08-01,11H,0.0,0.0
2021-07-01,11H,0.0,0.0
2026-06-01,11H,0.0,0.0
2025-12-01,11H,0.0,0.0
2025-01-01,11H,0.0,0.0
2023-05-01,11H,0.0,0.0
2024-09-01,11H,0.0,0.0
2023-04-01,11H,0.0,0.0
2021-10-01,11H,0.0,0.0
2025-10-01,11H,0.0,0.0
2022-09-01,11H,0.0,0.0
2025-08-01,11H,0.0,0.0
2025-09-01,11H,0.0,0.0
2025-11-01,11H,0.0,0.0
2022-05-01,11H,0.0,0.0
2024-08-01,11H,0.0,0.0
2024-10-01,11H,0.0,0.0
2022-02-01,11H,0.0,0.0
2025-03-01,11H,0.0,0.0
2026-02-01,11H,0.0,0.0
2022-11-01,11H,0.0,0.0
2022-03-01,11H,0.0,0.0
2025-05-01,11H,0.0,0.0
2021-09-01,11H,0.0,0.0
2022-04-01,11H,0.0,0.0
2021-12-01,11H,0.0,0.0
2021-06-01,11H,0.0,0.0
2022-07-01,11H,0.0,0.0
2026-05-01,11H,0.0,0.0
2022-08-01,11H,0.0,0.0
2025-06-01,11H,0.0,0.0
2022-12-01,11H,0.0,0.0
2026-03-01,11H,0.0,0.0
2021-11-01,11H,0.0,0.0
2023-06-01,11H,0.0,0.0
2022-01-01,11H,0.0,0.0
2024-07-01,11H,0.0,0.0
2024-05-01,11H,0.0,0.0
2024-06-01,11H,0.0,0.0
2023-02-01,11H,0.0,0.0
2025-02-01,11H,0.0,0.0
2022-05-01,11T,0.0,0.0
2023-02-01,11T,0.0,0.0
2021-09-01,11T,0.0,0.0
2025-12-01,11T,0.0,0.0
2025-05-01,11T,0.0,0.0
2024-09-01,11T,0.0,0.0
2021-06-01,11T,0.0,0.0
2023-11-01,11T,0.0,0.0
2022-10-01,11T,0.0,0.0
2024-12-01,11T,0.0,0.0
2022-07-01,11T,0.0,0.0
2021-08-01,11T,0.0,0.0
2022-03-01,11T,0.0,0.0
2024-10-01,11T,0.0,0.0
2025-07-01,11T,0.0,0.0
2026-06-01,11T,0.0,0.0
2022-02-01,11T,0.0,0.0
2025-01-01,11T,0.0,0.0
2023-01-01,11T,0.0,0.0
2026-02-01,11T,0.0,0.0
2025-08-01,11T,0.0,0.0
2022-06-01,11T,0.0,0.0
2025-03-01,11T,0.0,0.0
2022-01-01,11T,0.0,0.0
2026-03-01,11T,0.0,0.0
2023-04-01,11T,0.0,0.0
2022-12-01,11T,0.0,0.0
2024-02-01,11T,0.0,0.0
2024-06-01,11T,0.0,0.0
2024-08-01,11T,0.0,0.0
2025-10-01,11T,0.0,0.0
2022-09-01,11T,0.0,0.0
2023-05-01,11T,0.0,0.0
2026-01-01,11T,0.0,0.0
2024-01-01,11T,0.0,0.0
2025-06-01,11T,0.0,0.0
2025-02-01,11T,0.0,0.0
2023-08-01,11T,0.0,0.0
2024-11-01,11T,0.0,0.0
2021-07-01,11T,0.0,0.0
2024-03-01,11T,0.0,0.0
2021-10-01,11T,0.0,0.0
2024-05-01,11T,0.0,0.0
2025-04-01,11T,0.0,0.0
2025-11-01,11T,0.0,0.0
2022-08-01,11T,0.0,0.0
2024-04-01,11T,0.0,0.0
2023-07-01,11T,0.0,0.0
2025-09-01,11T,0.0,0.0
2022-11-01,11T,0.0,0.0
2023-09-01,11T,0.0,0.0
2023-03-01,11T,0.0,0.0
2021-12-01,11T,0.0,0.0
2021-11-01,11T,0.0,0.0
2022-04-01,11T,0.0,0.0
2023-12-01,11T,0.0,0.0
2023-10-01,11T,0.0,0.0
2024-07-01,11T,0.0,0.0
2023-06-01,11T,0.0,0.0
2026-05-01,11T,0.0,0.0
2026-04-01,11T,0.0,0.0
2025-06-01,12D,0.0,0.0
2022-12-01,12D,0.0,0.0
2024-09-01,12D,0.0,0.0
2025-05-01,12D,0.0,0.0
2022-11-01,12D,0.0,0.0
2025-10-01,12D,0.0,0.0
2021-07-01,12D,0.0,0.0
2022-08-01,12D,0.0,0.0
2024-04-01,12D,0.0,0.0
2024-05-01,12D,0.0,0.0
2022-07-01,12D,0.0,0.0
2021-08-01,12D,0.0,0.0
2023-01-01,12D,0.0,0.0
2023-12-01,12D,0.0,0.0
2024-11-01,12D,0.0,0.0
2023-05-01,12D,0.0,0.0
2021-10-01,12D,0.0,0.0
2022-04-01,12D,0.0,0.0
2024-10-01,12D,0.0,0.0
2022-06-01,12D,0.0,0.0
2026-06-01,12D,0.0,0.0
2024-08-01,12D,0.0,0.0
2022-01-01,12D,0.0,0.0
2025-08-01,12D,0.0,0.0
2023-03-01,12D,0.0,0.0
2024-02-01,12D,0.0,0.0
2021-06-01,12D,0.0,0.0
2023-09-01,12D,0.0,0.0
2021-09-01,12D,0.0,0.0
2025-12-01,12D,0.0,0.0
2025-07-01,12D,0.0,0.0
2023-06-01,12D,0.0,0.0
2022-09-01,12D,0.0,0.0
2024-03-01,12D,0.0,0.0
2023-10-01,12D,0.0,0.0
2026-01-01,12D,0.0,0.0
2025-03-01,12D,0.0,0.0
2023-08-01,12D,0.0,0.0
2024-01-01,12D,0.0,0.0
2022-02-01,12D,0.0,0.0
2024-07-01,12D,0.0,0.0
2022-10-01,12D,0.0,0.0
2023-11-01,12D,0.0,0.0
2024-12-01,12D,0.0,0.0
2022-05-01,12D,0.0,0.0
2021-11-01,12D,0.0,0.0
2026-04-01,12D,0.0,0.0
2023-07-01,12D,0.0,0.0
2025-11-01,12D,0.0,0.0
2023-04-01,12D,0.0,0.0
2025-04-01,12D,0.0,0.0
2023-02-01,12D,0.0,0.0
2025-01-01,12D,0.0,0.0
2025-09-01,12D,0.0,0.0
2026-02-01,12D,0.0,0.0
2022-03-01,12D,0.0,0.0
2026-05-01,12D,0.0,0.0
2024-06-01,12D,0.0,0.0
2026-03-01,12D,0.0,0.0
2025-02-01,12D,0.0,0.0
2021-12-01,12D,0.0,0.0
2025-12-01,13P,0.0,0.0
2023-01-01,13P,0.0,0.0
2024-11-01,13P,0.0,0.0
2023-02-01,13P,0.0,0.0
2022-05-01,13P,0.0,0.0
2023-09-01,13P,0.0,0.0
2023-12-01,13P,0.0,0.0
2022-06-01,13P,0.0,0.0
2021-09-01,13P,0.0,0.0
2021-12-01,13P,0.0,0.0
2024-07-01,13P,0.0,0.0
2024-06-01,13P,0.0,0.0
2025-10-01,13P,0.0,0.0
2023-05-01,13P,0.0,0.0
2022-02-01,13P,0.0,0.0
2022-04-01,13P,0.0,0.0
2023-08-01,13P,0.0,0.0
2024-08-01,13P,0.0,0.0
2021-10-01,13P,0.0,0.0
2023-11-01,13P,0.0,0.0
2025-08-01,13P,0.0,0.0
2024-03-01,13P,0.0,0.0
2026-06-01,13P,0.0,0.0
2026-01-01,13P,0.0,0.0
2021-11-01,13P,0.0,0.0
2025-06-01,13P,0.0,0.0
2024-09-01,13P,0.0,0.0
2025-05-01,13P,0.0,0.0
2022-07-01,13P,0.0,0.0
2022-11-01,13P,0.0,0.0
2021-07-01,13P,0.0,0.0
2024-01-01,13P,0.0,0.0
2022-08-01,13P,0.0,0.0
2024-04-01,13P,0.0,0.0
2023-07-01,13P,0.0,0.0
2025-07-01,13P,0.0,0.0
2022-12-01,13P,0.0,0.0
2026-04-01,13P,0.0,0.0
2025-09-01,13P,0.0,0.0
2024-10-01,13P,0.0,0.0
2023-10-01,13P,0.0,0.0
2026-05-01,13P,0.0,0.0
2024-02-01,13P,0.0,0.0
2023-06-01,13P,0.0,0.0
2025-02-01,13P,0.0,0.0
2026-03-01,13P,0.0,0.0
2022-09-01,13P,0.0,0.0
2025-03-01,13P,0.0,0.0
2023-04-01,13P,0.0,0.0
2024-12-01,13P,0.0,0.0
2022-03-01,13P,0.0,0.0
2022-10-01,13P,0.0,0.0
2025-04-01,13P,0.0,0.0
2024-05-01,13P,0.0,0.0
2025-01-01,13P,0.0,0.0
2021-06-01,13P,0.0,0.0
2026-02-01,13P,0.0,0.0
2025-11-01,13P,0.0,0.0
2022-01-01,13P,0.0,0.0
2023-03-01,13P,0.0,0.0
2021-08-01,13P,0.0,0.0
2024-03-01,15D,0.0,0.0
2025-01-01,15D,0.0,0.0
2025-09-01,15D,0.0,0.0
2025-12-01,15D,0.0,0.0
2022-01-01,15D,0.0,0.0
2024-02-01,15D,0.0,0.0
2023-11-01,15D,0.0,0.0
2024-06-01,15D,0.0,0.0
2024-04-01,15D,0.0,0.0
2025-08-01,15D,0.0,0.0
2022-06-01,15D,0.0,0.0
2024-01-01,15D,0.0,0.0
2024-05-01,15D,0.0,0.0
2021-11-01,15D,0.0,0.0
2022-09-01,15D,0.0,0.0
2021-08-01,15D,0.0,0.0
2025-10-01,15D,0.0,0.0
2023-12-01,15D,0.0,0.0
2022-05-01,15D,0.0,0.0
2022-07-01,15D,0.0,0.0
2026-03-01,15D,0.0,0.0
2023-04-01,15D,0.0,0.0
2022-04-01,15D,0.0,0.0
2023-03-01,15D,0.0,0.0
2024-12-01,15D,0.0,0.0
2024-08-01,15D,0.0,0.0
2023-10-01,15D,0.0,0.0
2024-11-01,15D,0.0,0.0
2023-07-01,15D,0.0,0.0
2025-11-01,15D,0.0,0.0
2026-01-01,15D,0.0,0.0
2022-12-01,15D,0.0,0.0
2025-02-01,15D,0.0,0.0
2023-05-01,15D,0.0,0.0
2023-02-01,15D,0.0,0.0
2021-09-01,15D,0.0,0.0
2024-07-01,15D,0.0,0.0
2021-07-01,15D,0.0,0.0
2021-10-01,15D,0.0,0.0
2022-11-01,15D,0.0,0.0
2025-05-01,15D,0.0,0.0
2023-01-01,15D,0.0,0.0
2025-06-01,15D,0.0,0.0
2026-04-01,15D,0.0,0.0
2022-03-01,15D,0.0,0.0
2024-10-01,15D,0.0,0.0
2025-04-01,15D,0.0,0.0
2022-08-01,15D,0.0,0.0
2021-12-01,15D,0.0,0.0
2026-05-01,15D,0.0,0.0
2025-07-01,15D,0.0,0.0
2024-09-01,15D,0.0,0.0
2026-02-01,15D,0.0,0.0
2023-08-01,15D,0.0,0.0
2022-02-01,15D,0.0,0.0
2021-06-01,15D,0.0,0.0
2022-10-01,15D,0.0,0.0
2026-06-01,15D,0.0,0.0
2025-03-01,15D,0.0,0.0
2023-06-01,15D,0.0,0.0
2023-09-01,15D,0.0,0.0
2024-03-01,99D,0.0,0.0
2022-06-01,99D,0.0,0.0
2023-07-01,99D,0.0,0.0
2024-06-01,99D,0.0,0.0
2025-01-01,99D,0.0,0.0
2023-10-01,99D,0.0,0.0
2023-02-01,99D,0.0,0.0
2024-02-01,99D,0.0,0.0
2025-12-01,99D,0.0,0.0
2021-10-01,99D,0.0,0.0
2023-12-01,99D,0.0,0.0
2025-03-01,99D,0.0,0.0
2024-07-01,99D,0.0,0.0
2025-05-01,99D,0.0,0.0
2022-05-01,99D,0.0,0.0
2021-08-01,99D,0.0,0.0
2022-02-01,99D,0.0,0.0
2022-08-01,99D,0.0,0.0
2026-06-01,99D,0.0,0.0
2024-05-01,99D,0.0,0.0
2023-03-01,99D,0.0,0.0
2026-04-01,99D,0.0,0.0
2023-11-01,99D,0.0,0.0
2022-07-01,99D,0.0,0.0
2022-12-01,99D,0.0,0.0
2025-04-01,99D,0.0,0.0
2025-11-01,99D,0.0,0.0
2024-12-01,99D,0.0,0.0
2023-06-01,99D,0.0,0.0
2022-09-01,99D,0.0,0.0
2024-04-01,99D,0.0,0.0
2023-01-01,99D,0.0,0.0
2024-09-01,99D,0.0,0.0
2021-07-01,99D,0.0,0.0
2023-09-01,99D,0.0,0.0
2022-03-01,99D,0.0,0.0
2024-11-01,99D,0.0,0.0
2023-08-01,99D,0.0,0.0
2026-03-01,99D,0.0,0.0
2025-02-01,99D,0.0,0.0
2026-02-01,99D,0.0,0.0
2024-08-01,99D,0.0,0.0
2025-07-01,99D,0.0,0.0
2023-04-01,99D,0.0,0.0
2024-01-01,99D,0.0,0.0
2022-10-01,99D,0.0,0.0
2026-01-01,99D,0.0,0.0
2021-06-01,99D,0.0,0.0
2021-12-01,99D,0.0,0.0
2021-11-01,99D,0.0,0.0
2025-09-01,99D,0.0,0.0
2025-10-01,99D,0.0,0.0
2025-06-01,99D,0.0,0.0
2022-11-01,99D,0.0,0.0
2024-10-01,99D,0.0,0.0
2022-01-01,99D,0.0,0.0
2026-05-01,99D,0.0,0.0
2023-05-01,99D,0.0,0.0
2022-04-01,99D,0.0,0.0
2025-08-01,99D,0.0,0.0
2021-09-01,99D,0.0,0.0
2023-01-01,99H,0.0,0.0
2026-04-01,99H,0.0,0.0
2024-05-01,99H,0.0,0.0
2022-11-01,99H,0.0,0.0
2022-05-01,99H,0.0,0.0
2023-11-01,99H,0.0,0.0
2022-04-01,99H,0.0,0.0
2023-12-01,99H,0.0,0.0
2024-10-01,99H,0.0,0.0
2021-07-01,99H,0.0,0.0
2022-09-01,99H,0.0,0.0
2025-11-01,99H,0.0,0.0
2022-01-01,99H,0.0,0.0
2021-11-01,99H,0.0,0.0
2024-11-01,99H,0.0,0.0
2026-01-01,99H,0.0,0.0
2023-06-01,99H,0.0,0.0
2021-10-01,99H,0.0,0.0
2026-03-01,99H,0.0,0.0
2024-06-01,99H,0.0,0.0
2021-12-01,99H,0.0,0.0
2024-07-01,99H,0.0,0.0
2024-09-01,99H,0.0,0.0
2022-12-01,99H,0.0,0.0
2025-05-01,99H,0.0,0.0
2025-03-01,99H,0.0,0.0
2021-08-01,99H,0.0,0.0
2025-10-01,99H,0.0,0.0
2023-02-01,99H,0.0,0.0
2022-07-01,99H,0.0,0.0
2023-05-01,99H,0.0,0.0
2022-02-01,99H,0.0,0.0
2022-06-01,99H,0.0,0.0
2025-07-01,99H,0.0,0.0
2021-06-01,99H,0.0,0.0
2024-08-01,99H,0.0,0.0
2025-12-01,99H,0.0,0.0
2023-10-01,99H,0.0,0.0
2022-10-01,99H,0.0,0.0
2026-05-01,99H,0.0,0.0
2023-08-01,99H,0.0,0.0
2022-03-01,99H,0.0,0.0
2026-02-01,99H,0.0,0.0
2021-09-01,99H,0.0,0.0
2025-04-01,99H,0.0,0.0
2022-08-01,99H,0.0,0.0
2024-02-01,99H,0.0,0.0
2024-01-01,99H,0.0,0.0
2023-07-01,99H,0.0,0.0
2026-06-01,99H,0.0,0.0
2025-08-01,99H,0.0,0.0
2024-03-01,99H,0.0,0.0
2024-12-01,99H,0.0,0.0
2025-06-01,99H,0.0,0.0
2023-09-01,99H,0.0,0.0
2025-01-01,99H,0.0,0.0
2023-04-01,99H,0.0,0.0
2023-03-01,99H,0.0,0.0
2024-04-01,99H,0.0,0.0
2025-02-01,99H,0.0,0.0
2025-09-01,99H,0.0,0.0
2022-04-01,99J,0.0,0.0
2022-07-01,99J,0.0,0.0
2024-01-01,99J,0.0,0.0
2021-12-01,99J,0.0,0.0
2024-09-01,99J,0.0,0.0
2023-05-01,99J,0.0,0.0
2022-11-01,99J,0.0,0.0
2022-06-01,99J,0.0,0.0
2022-09-01,99J,0.0,0.0
2025-01-01,99J,0.0,0.0
2021-10-01,99J,0.0,0.0
2024-12-01,99J,0.0,0.0
2026-02-01,99J,0.0,0.0
2022-03-01,99J,0.0,0.0
2023-03-01,99J,0.0,0.0
2023-09-01,99J,0.0,0.0
2024-06-01,99J,0.0,0.0
2023-11-01,99J,0.0,0.0
2024-05-01,99J,0.0,0.0
2024-10-01,99J,0.0,0.0
2026-05-01,99J,0.0,0.0
2023-08-01,99J,0.0,0.0
2026-01-01,99J,0.0,0.0
2022-05-01,99J,0.0,0.0
2024-02-01,99J,0.0,0.0
2025-12-01,99J,0.0,0.0
2022-10-01,99J,0.0,0.0
2024-11-01,99J,0.0,0.0
2025-04-01,99J,0.0,0.0
2023-10-01,99J,0.0,0.0
2022-08-01,99J,0.0,0.0
2023-06-01,99J,0.0,0.0
2023-02-01,99J,0.0,0.0
2024-03-01,99J,0.0,0.0
2026-06-01,99J,0.0,0.0
2025-07-01,99J,0.0,0.0
2025-08-01,99J,0.0,0.0
2024-08-01,99J,0.0,0.0
2023-07-01,99J,0.0,0.0
2021-06-01,99J,0.0,0.0
2025-02-01,99J,0.0,0.0
2021-09-01,99J,0.0,0.0
2025-05-01,99J,0.0,0.0
2023-01-01,99J,0.0,0.0
2025-03-01,99J,0.0,0.0
2022-12-01,99J,0.0,0.0
2024-07-01,99J,0.0,0.0
2026-03-01,99J,0.0,0.0
2022-02-01,99J,0.0,0.0
2025-06-01,99J,0.0,0.0
2025-09-01,99J,0.0,0.0
2021-07-01,99J,0.0,0.0
2023-04-01,99J,0.0,0.0
2022-01-01,99J,0.0,0.0
2025-10-01,99J,0.0,0.0
2025-11-01,99J,0.0,0.0
2024-04-01,99J,0.0,0.0
2021-11-01,99J,0.0,0.0
2021-08-01,99J,0.0,0.0
2026-04-01,99J,0.0,0.0
2023-12-01,99J,0.0,0.0
2022-08-01,99K,0.0,0.0
2024-04-01,99K,0.0,0.0
2023-01-01,99K,0.0,0.0
2026-01-01,99K,0.0,0.0
2022-02-01,99K,0.0,0.0
2026-05-01,99K,0.0,0.0
2026-06-01,99K,0.0,0.0
2026-03-01,99K,0.0,0.0
2025-04-01,99K,0.0,0.0
2022-04-01,99K,0.0,0.0
2021-06-01,99K,0.0,0.0
2026-02-01,99K,0.0,0.0
2024-06-01,99K,0.0,0.0
2022-05-01,99K,0.0,0.0
2025-07-01,99K,0.0,0.0
2021-11-01,99K,0.0,0.0
2025-09-01,99K,0.0,0.0
2023-11-01,99K,0.0,0.0
2024-02-01,99K,0.0,0.0
2025-06-01,99K,0.0,0.0
2025-12-01,99K,0.0,0.0
2023-06-01,99K,0.0,0.0
2023-03-01,99K,0.0,0.0
2022-03-01,99K,0.0,0.0
2021-12-01,99K,0.0,0.0
2025-11-01,99K,0.0,0.0
2022-01-01,99K,0.0,0.0
2024-12-01,99K,0.0,0.0
2021-09-01,99K,0.0,0.0
2022-11-01,99K,0.0,0.0
2022-06-01,99K,0.0,0.0
2024-01-01,99K,0.0,0.0
2024-11-01,99K,0.0,0.0
2025-05-01,99K,0.0,0.0
2023-12-01,99K,0.0,0.0
2026-04-01,99K,0.0,0.0
2024-05-01,99K,0.0,0.0
2025-08-01,99K,0.0,0.0
2023-05-01,99K,0.0,0.0
2023-08-01,99K,0.0,0.0
2022-10-01,99K,0.0,0.0
2025-03-01,99K,0.0,0.0
2025-01-01,99K,0.0,0.0
2022-09-01,99K,0.0,0.0
2021-08-01,99K,0.0,0.0
2024-10-01,99K,0.0,0.0
2024-03-01,99K,0.0,0.0
2023-09-01,99K,0.0,0.0
2023-02-01,99K,0.0,0.0
2025-10-01,99K,0.0,0.0
2025-02-01,99K,0.0,0.0
2024-08-01,99K,0.0,0.0
2023-07-01,99K,0.0,0.0
2023-04-01,99K,0.0,0.0
2021-10-01,99K,0.0,0.0
2024-07-01,99K,0.0,0.0
2022-07-01,99K,0.0,0.0
2024-09-01,99K,0.0,0.0
2021-07-01,99K,0.0,0.0
2023-10-01,99K,0.0,0.0
2022-12-01,99K,0.0,0.0
2025-01-01,99M,0.0,0.0
2024-06-01,99M,0.0,0.0
2025-02-01,99M,0.0,0.0
2022-12-01,99M,0.0,0.0
2025-04-01,99M,0.0,0.0
2022-08-01,99M,0.0,0.0
2024-08-01,99M,0.0,0.0
2024-07-01,99M,0.0,0.0
2023-05-01,99M,0.0,0.0
2022-09-01,99M,0.0,0.0
2022-11-01,99M,0.0,0.0
2024-01-01,99M,0.0,0.0
2021-07-01,99M,0.0,0.0
2024-03-01,99M,0.0,0.0
2025-10-01,99M,0.0,0.0
2026-04-01,99M,0.0,0.0
2022-02-01,99M,0.0,0.0
2023-03-01,99M,0.0,0.0
2024-04-01,99M,0.0,0.0
2023-11-01,99M,0.0,0.0
2023-04-01,99M,0.0,0.0
2025-07-01,99M,0.0,0.0
2024-02-01,99M,0.0,0.0
2021-09-01,99M,0.0,0.0
2024-12-01,99M,0.0,0.0
2021-11-01,99M,0.0,0.0
2023-10-01,99M,0.0,0.0
2023-08-01,99M,0.0,0.0
2023-07-01,99M,0.0,0.0
2025-12-01,99M,0.0,0.0
2022-04-01,99M,0.0,0.0
2021-06-01,99M,0.0,0.0
2024-09-01,99M,0.0,0.0
2025-09-01,99M,0.0,0.0
2025-08-01,99M,0.0,0.0
2021-08-01,99M,0.0,0.0
2023-01-01,99M,0.0,0.0
2021-10-01,99M,0.0,0.0
2025-05-01,99M,0.0,0.0
2023-12-01,99M,0.0,0.0
2026-02-01,99M,0.0,0.0
2022-07-01,99M,0.0,0.0
2023-09-01,99M,0.0,0.0
2025-06-01,99M,0.0,0.0
2023-06-01,99M,0.0,0.0
2025-11-01,99M,0.0,0.0
2026-01-01,99M,0.0,0.0
2025-03-01,99M,0.0,0.0
2022-03-01,99M,0.0,0.0
2022-06-01,99M,0.0,0.0
2024-11-01,99M,0.0,0.0
2026-06-01,99M,0.0,0.0
2022-01-01,99M,0.0,0.0
2021-12-01,99M,0.0,0.0
2023-02-01,99M,0.0,0.0
2026-05-01,99M,0.0,0.0
2022-05-01,99M,0.0,0.0
2024-05-01,99M,0.0,0.0
2022-10-01,99M,0.0,0.0
2024-10-01,99M,0.0,0.0
2026-03-01,99M,0.0,0.0
2022-02-01,99N,0.0,0.0
2022-03-01,99N,0.0,0.0
2025-02-01,99N,0.0,0.0
2022-09-01,99N,0.0,0.0
2025-03-01,99N,0.0,0.0
2021-07-01,99N,0.0,0.0
2025-12-01,99N,0.0,0.0
2022-08-01,99N,0.0,0.0
2023-09-01,99N,0.0,0.0
2021-06-01,99N,0.0,0.0
2025-07-01,99N,0.0,0.0
2026-06-01,99N,0.0,0.0
2022-04-01,99N,0.0,0.0
2023-10-01,99N,0.0,0.0
2022-11-01,99N,0.0,0.0
2023-04-01,99N,0.0,0.0
2021-10-01,99N,0.0,0.0
2024-06-01,99N,0.0,0.0
2024-10-01,99N,0.0,0.0
2025-11-01,99N,0.0,0.0
2021-08-01,99N,0.0,0.0
2024-03-01,99N,0.0,0.0
2021-11-01,99N,0.0,0.0
2026-04-01,99N,0.0,0.0
2021-12-01,99N,0.0,0.0
2025-10-01,99N,0.0,0.0
2022-12-01,99N,0.0,0.0
2025-01-01,99N,0.0,0.0
2021-09-01,99N,0.0,0.0
2022-05-01,99N,0.0,0.0
2026-02-01,99N,0.0,0.0
2024-04-01,99N,0.0,0.0
2023-02-01,99N,0.0,0.0
2026-03-01,99N,0.0,0.0
2024-08-01,99N,0.0,0.0
2026-01-01,99N,0.0,0.0
2024-05-01,99N,0.0,0.0
2025-08-01,99N,0.0,0.0
2024-07-01,99N,0.0,0.0
2024-11-01,99N,0.0,0.0
2022-07-01,99N,0.0,0.0
2024-12-01,99N,0.0,0.0
2022-06-01,99N,0.0,0.0
2023-07-01,99N,0.0,0.0
2025-06-01,99N,0.0,0.0
2025-09-01,99N,0.0,0.0
2023-03-01,99N,0.0,0.0
2023-08-01,99N,0.0,0.0
2023-06-01,99N,0.0,0.0
2023-11-01,99N,0.0,0.0
2025-04-01,99N,0.0,0.0
2023-05-01,99N,0.0,0.0
2024-09-01,99N,0.0,0.0
2024-01-01,99N,0.0,0.0
2024-02-01,99N,0.0,0.0
2025-05-01,99N,0.0,0.0
2022-10-01,99N,0.0,0.0
2023-12-01,99N,0.0,0.0
2026-05-01,99N,0.0,0.0
2022-01-01,99N,0.0,0.0
2023-01-01,99N,0.0,0.0
2023-09-01,99P,0.0,0.0
2025-01-01,99P,0.0,0.0
2025-10-01,99P,0.0,0.0
2022-04-01,99P,0.0,0.0
2021-12-01,99P,0.0,0.0
2024-10-01,99P,0.0,0.0
2023-08-01,99P,0.0,0.0
2026-04-01,99P,0.0,0.0
2023-05-01,99P,0.0,0.0
2026-02-01,99P,0.0,0.0
2024-02-01,99P,0.0,0.0
2024-07-01,99P,0.0,0.0
2026-01-01,99P,0.0,0.0
2024-09-01,99P,0.0,0.0
2023-11-01,99P,0.0,0.0
2025-08-01,99P,0.0,0.0
2022-08-01,99P,0.0,0.0
2025-07-01,99P,0.0,0.0
2021-09-01,99P,0.0,0.0
2022-05-01,99P,0.0,0.0
2023-07-01,99P,0.0,0.0
2023-06-01,99P,0.0,0.0
2022-06-01,99P,0.0,0.0
2025-02-01,99P,0.0,0.0
2021-11-01,99P,0.0,0.0
2024-01-01,99P,0.0,0.0
2022-12-01,99P,0.0,0.0
2022-10-01,99P,0.0,0.0
2023-10-01,99P,0.0,0.0
2023-12-01,99P,0.0,0.0
2022-07-01,99P,0.0,0.0
2024-08-01,99P,0.0,0.0
2023-03-01,99P,0.0,0.0
2023-02-01,99P,0.0,0.0
2024-06-01,99P,0.0,0.0
2026-06-01,99P,0.0,0.0
2022-01-01,99P,0.0,0.0
2024-12-01,99P,0.0,0.0
2022-09-01,99P,0.0,0.0
2024-03-01,99P,0.0,0.0
2021-06-01,99P,0.0,0.0
2022-02-01,99P,0.0,0.0
2021-07-01,99P,0.0,0.0
2024-04-01,99P,0.0,0.0
2025-09-01,99P,0.0,0.0
2021-08-01,99P,0.0,0.0
2026-03-01,99P,0.0,0.0
2023-04-01,99P,0.0,0.0
2023-01-01,99P,0.0,0.0
2025-11-01,99P,0.0,0.0
2025-12-01,99P,0.0,0.0
2024-05-01,99P,0.0,0.0
2022-03-01,99P,0.0,0.0
2025-06-01,99P,0.0,0.0
2022-11-01,99P,0.0,0.0
2025-05-01,99P,0.0,0.0
2026-05-01,99P,0.0,0.0
2021-10-01,99P,0.0,0.0
2025-03-01,99P,0.0,0.0
2025-04-01,99P,0.0,0.0
2024-11-01,99P,0.0,0.0
2023-10-01,99Q,0.0,0.0
2021-10-01,99Q,0.0,0.0
2023-02-01,99Q,0.0,0.0
2023-08-01,99Q,0.0,0.0
2026-03-01,99Q,0.0,0.0
2023-12-01,99Q,0.0,0.0
2021-08-01,99Q,0.0,0.0
2022-11-01,99Q,0.0,0.0
2021-12-01,99Q,0.0,0.0
2025-12-01,99Q,0.0,0.0
2025-11-01,99Q,0.0,0.0
2022-05-01,99Q,0.0,0.0
2021-11-01,99Q,0.0,0.0
2024-11-01,99Q,0.0,0.0
2025-06-01,99Q,0.0,0.0
2025-08-01,99Q,0.0,0.0
2022-06-01,99Q,0.0,0.0
2023-01-01,99Q,0.0,0.0
2022-03-01,99Q,0.0,0.0
2024-04-01,99Q,0.0,0.0
2025-09-01,99Q,0.0,0.0
2021-07-01,99Q,0.0,0.0
2026-06-01,99Q,0.0,0.0
2022-02-01,99Q,0.0,0.0
2024-01-01,99Q,0.0,0.0
2024-10-01,99Q,0.0,0.0
2022-12-01,99Q,0.0,0.0
2024-07-01,99Q,0.0,0.0
2022-08-01,99Q,0.0,0.0
2023-07-01,99Q,0.0,0.0
2023-11-01,99Q,0.0,0.0
2023-03-01,99Q,0.0,0.0
2025-05-01,99Q,0.0,0.0
2023-06-01,99Q,0.0,0.0
2025-07-01,99Q,0.0,0.0
2023-09-01,99Q,0.0,0.0
2022-04-01,99Q,0.0,0.0
2025-01-01,99Q,0.0,0.0
2025-03-01,99Q,0.0,0.0
2025-02-01,99Q,0.0,0.0
2026-01-01,99Q,0.0,0.0
2022-07-01,99Q,0.0,0.0
2022-10-01,99Q,0.0,0.0
2021-06-01,99Q,0.0,0.0
2023-04-01,99Q,0.0,0.0
2025-04-01,99Q,0.0,0.0
2024-08-01,99Q,0.0,0.0
2023-05-01,99Q,0.0,0.0
2024-05-01,99Q,0.0,0.0
2021-09-01,99Q,0.0,0.0
2024-12-01,99Q,0.0,0.0
2026-04-01,99Q,0.0,0.0
2024-06-01,99Q,0.0,0.0
2022-01-01,99Q,0.0,0.0
2022-09-01,99Q,0.0,0.0
2026-05-01,99Q,0.0,0.0
2026-02-01,99Q,0.0,0.0
2024-03-01,99Q,0.0,0.0
2025-10-01,99Q,0.0,0.0
2024-02-01,99Q,0.0,0.0
2024-09-01,99Q,0.0,0.0
2022-12-01,D4U1Y,0.0,0.0
2021-08-01,D4U1Y,0.0,0.0
2021-10-01,D4U1Y,0.0,0.0
2022-02-01,D4U1Y,0.0,0.0
2025-10-01,D4U1Y,0.0,0.0
2026-01-01,D4U1Y,0.0,0.0
2024-03-01,D4U1Y,0.0,0.0
2025-11-01,D4U1Y,0.0,0.0
2026-05-01,D4U1Y,0.0,0.0
2024-09-01,D4U1Y,0.0,0.0
2023-12-01,D4U1Y,0.0,0.0
2026-04-01,D4U1Y,0.0,0.0
2024-12-01,D4U1Y,0.0,0.0
2025-09-01,D4U1Y,0.0,0.0
2026-03-01,D4U1Y,0.0,0.0
2023-10-01,D4U1Y,0.0,0.0
2021-11-01,D4U1Y,0.0,0.0
2025-08-01,D4U1Y,0.0,0.0
2026-06-01,D4U1Y,0.0,0.0
2024-07-01,D4U1Y,0.0,0.0
2023-03-01,D4U1Y,0.0,0.0
2023-08-01,D4U1Y,0.0,0.0
2022-07-01,D4U1Y,0.0,0.0
2024-02-01,D4U1Y,0.0,0.0
2022-09-01,D4U1Y,0.0,0.0
2023-07-01,D4U1Y,0.0,0.0
2025-07-01,D4U1Y,0.0,0.0
2024-06-01,D4U1Y,0.0,0.0
2022-08-01,D4U1Y,0.0,0.0
2023-11-01,D4U1Y,0.0,0.0
2025-02-01,D4U1Y,0.0,0.0
2025-06-01,D4U1Y,0.0,0.0
2024-11-01,D4U1Y,0.0,0.0
2026-02-01,D4U1Y,0.0,0.0
2021-12-01,D4U1Y,0.0,0.0
2023-02-01,D4U1Y,0.0,0.0
2023-05-01,D4U1Y,0.0,0.0
2025-04-01,D4U1Y,0.0,0.0
2021-09-01,D4U1Y,0.0,0.0
2023-06-01,D4U1Y,0.0,0.0
2025-03-01,D4U1Y,0.0,0.0
2023-04-01,D4U1Y,0.0,0.0
2022-01-01,D4U1Y,0.0,0.0
2024-01-01,D4U1Y,0.0,0.0
2021-07-01,D4U1Y,0.0,0.0
2025-01-01,D4U1Y,0.0,0.0
2023-01-01,D4U1Y,0.0,0.0
2022-03-01,D4U1Y,0.0,0.0
2022-11-01,D4U1Y,0.0,0.0
2024-04-01,D4U1Y,0.0,0.0
2025-12-01,D4U1Y,0.0,0.0
2022-10-01,D4U1Y,0.0,0.0
2024-05-01,D4U1Y,0.0,0.0
2025-05-01,D4U1Y,0.0,0.0
2022-04-01,D4U1Y,0.0,0.0
2022-05-01,D4U1Y,0.0,0.0
2024-10-01,D4U1Y,0.0,0.0
2023-09-01,D4U1Y,0.0,0.0
2022-06-01,D4U1Y,0.0,0.0
2024-08-01,D4U1Y,0.0,0.0
2021-06-01,D4U1Y,0.0,0.0
2021-07-01,00Q,0.0,180.112
2021-09-01,00Q,0.0,180.553
2024-07-01,00Q,0.0,187.053
2021-10-01,00Q,0.0,180.648
2025-05-01,00Q,0.0,187.904
2022-04-01,00Q,0.0,181.34400000000005
2026-03-01,00Q,0.0,188.288
2025-11-01,00Q,0.0,188.47100000000003
2021-06-01,00Q,0.0,179.871
2023-12-01,00Q,0.0,185.13
2023-03-01,00Q,0.0,182.76
2023-07-01,00Q,0.0,183.66200000000003
2026-01-01,00Q,0.0,188.514
2026-02-01,00Q,0.0,188.47700000000003
2025-09-01,00Q,0.0,188.58199999999997
2024-12-01,00Q,0.0,187.662
2022-12-01,00Q,0.0,182.32
2023-04-01,00Q,0.0,183.00500000000002
2025-01-01,00Q,0.0,187.816
2025-04-01,00Q,0.0,187.77900000000002
2024-05-01,00Q,0.0,186.659
2022-02-01,00Q,0.0,181.088
2026-04-01,00Q,0.0,188.34400000000002
2025-03-01,00Q,0.0,187.88199999999998
2026-05-01,00Q,0.0,188.317
2025-08-01,00Q,0.0,188.393
2022-08-01,00Q,0.0,181.67400000000004
2024-10-01,00Q,0.0,187.28
2026-06-01,00Q,0.0,188.262
2023-06-01,00Q,0.0,183.412
2024-11-01,00Q,0.0,187.528
2023-11-01,00Q,0.0,184.74800000000002
2025-02-01,00Q,0.0,187.91099999999997
2024-08-01,00Q,0.0,186.799
2025-07-01,00Q,0.0,188.106
2025-12-01,00Q,0.0,188.48600000000002
2022-06-01,00Q,0.0,181.46
2024-09-01,00Q,0.0,187.09600000000003
2022-11-01,00Q,0.0,182.08799999999997
2025-10-01,00Q,0.0,188.514
2022-05-01,00Q,0.0,181.458
2022-09-01,00Q,0.0,181.928
2025-06-01,00Q,0.0,188.06
2023-09-01,00Q,0.0,184.244
2021-11-01,00Q,0.0,180.71699999999996
2023-02-01,00Q,0.0,182.588
2024-06-01,00Q,0.0,186.94599999999997
2025-09-01,00R,0.0,178.93799999999996
2022-08-01,00R,0.0,176.638
2026-06-01,00R,0.0,177.325
2021-08-01,00R,0.0,175.083
2022-07-01,00R,0.0,176.58899999999997
2023-01-01,00R,0.0,176.993
2021-09-01,00R,0.0,175.18000000000004
2025-10-01,00R,0.0,178.83599999999996
2023-08-01,00R,0.0,178.08700000000002
2023-07-01,00R,0.0,177.95299999999997
2025-11-01,00R,0.0,178.753
2026-03-01,00R,0.0,177.82100000000003
2021-07-01,00R,0.0,175.072
2022-03-01,00R,0.0,176.208
2024-04-01,00R,0.0,178.66299999999998
2022-02-01,00R,0.0,176.134
2023-06-01,00R,0.0,177.71099999999998
2024-02-01,00R,0.0,178.59499999999997
2022-11-01,00R,0.0,176.829
2025-07-01,00R,0.0,178.79
2021-10-01,00R,0.0,175.178
2025-04-01,00R,0.0,178.776
2023-02-01,00R,0.0,177.04500000000002
2022-10-01,00R,0.0,176.731
2024-06-01,00R,0.0,178.797
2024-12-01,00R,0.0,179.096
2024-08-01,00R,0.0,178.941
2024-01-01,00R,0.0,178.49699999999999
2022-01-01,00R,0.0,175.745
2024-07-01,00R,0.0,179.001
2023-12-01,00R,0.0,178.54099999999997
2026-01-01,00R,0.0,178.344
2023-04-01,00R,0.0,177.381
2025-02-01,00R,0.0,178.916
2025-05-01,00R,0.0,178.738
2021-12-01,00R,0.0,175.47599999999997
2022-12-01,00R,0.0,177.016
2022-04-01,00R,0.0,176.35000000000002
2025-06-01,00R,0.0,178.79100000000005
2023-10-01,00R,0.0,178.29299999999998
2024-03-01,00R,0.0,178.55599999999998
2026-04-01,00R,0.0,177.696
2025-03-01,00R,0.0,178.796
2022-05-01,00R,0.0,176.472
2022-06-01,00R,0.0,176.53300000000002
2024-05-01,00R,0.0,178.64700000000002
2021-06-01,00R,0.0,175.03999999999996
2023-09-01,00R,0.0,178.242
2026-05-01,00R,0.0,177.524
2022-09-01,00R,0.0,176.67600000000004
2024-10-01,00R,0.0,179.06300000000002
2025-08-01,00R,0.0,178.89599999999996
2023-03-01,00R,0.0,177.302
2025-01-01,00R,0.0,178.957
2021-11-01,00R,0.0,175.46899999999997
2023-05-01,00R,0.0,177.45200000000003
2024-11-01,00R,0.0,179.07799999999997
2025-12-01,00R,0.0,178.559
2023-11-01,00R,0.0,178.467
2024-09-01,00R,0.0,178.93800000000002
2026-05-01,00X,0.0,195.35399999999996
2025-02-01,00X,0.0,193.671
2023-08-01,00X,0.0,190.54899999999998
2022-03-01,00X,0.0,187.858
2021-09-01,00X,0.0,187.57199999999997
2025-01-01,00X,0.0,193.52700000000004
2022-04-01,00X,0.0,187.924
2022-05-01,00X,0.0,188.113
2023-01-01,00X,0.0,189.44799999999998
2023-07-01,00X,0.0,190.292
2024-05-01,00X,0.0,192.04399999999998
2025-03-01,00X,0.0,193.74500000000003
2021-12-01,00X,0.0,187.784
2022-02-01,00X,0.0,187.935
2025-10-01,00X,0.0,194.85599999999997
2025-08-01,00X,0.0,194.736
2023-05-01,00X,0.0,189.86599999999996
2022-01-01,00X,0.0,187.82700000000003
2025-06-01,00X,0.0,194.248
2025-05-01,00X,0.0,194.05200000000002
2025-12-01,00X,0.0,194.98799999999997
2023-03-01,00X,0.0,189.64
2023-06-01,00X,0.0,190.096
2025-04-01,00X,0.0,193.91199999999995
2025-09-01,00X,0.0,194.922
2026-04-01,00X,0.0,195.29399999999998
2024-01-01,00X,0.0,191.34400000000002
2022-11-01,00X,0.0,189.165
2022-07-01,00X,0.0,188.60999999999999
2022-10-01,00X,0.0,189.12000000000003
2021-11-01,00X,0.0,187.73799999999994
2023-04-01,00X,0.0,189.746
2023-12-01,00X,0.0,191.26799999999994
2021-08-01,00X,0.0,187.507
2026-02-01,00X,0.0,195.077
2021-07-01,00X,0.0,187.394
2021-10-01,00X,0.0,187.69
2025-11-01,00X,0.0,194.84900000000002
2024-03-01,00X,0.0,191.659
2021-06-01,00X,0.0,187.281
2026-03-01,00X,0.0,195.13399999999996
2024-10-01,00X,0.0,193.08799999999997
2023-10-01,00X,0.0,190.94500000000002
2024-08-01,00X,0.0,192.754
2025-07-01,00X,0.0,194.489
2024-11-01,00X,0.0,193.194
2022-09-01,00X,0.0,189.077
2023-02-01,00X,0.0,189.521
2026-06-01,00X,0.0,195.431
2022-10-01,01A,0.0,398.03800000000007
2023-10-01,01A,0.0,402.958
2022-09-01,01A,0.0,397.60899999999987
2022-07-01,01E,0.0,222.16500000000002
2023-03-01,01E,0.0,225.97
2023-07-01,01E,0.0,227.06400000000002
2025-09-01,01E,0.0,236.27599999999998
2023-06-01,01E,0.0,226.719
2025-03-01,01E,0.0,234.961
2022-08-01,01E,0.0,222.23000000000002
2022-01-01,01E,0.0,220.319
2023-11-01,01E,0.0,228.44299999999998
2023-09-01,01E,0.0,227.36099999999993
2025-12-01,01E,0.0,239.54399999999998
2022-06-01,01E,0.0,222.01099999999997
2026-05-01,01E,0.0,239.39299999999997
2024-02-01,01E,0.0,229.854
2021-12-01,01E,0.0,220.21000000000004
2023-08-01,01E,0.0,227.231
2023-01-01,01E,0.0,224.86400000000003
2025-06-01,01E,0.0,235.64000000000001
2022-11-01,01E,0.0,224.24100000000007
2023-04-01,01E,0.0,226.213
2024-06-01,01E,0.0,230.708
2022-05-01,01E,0.0,221.682
2023-10-01,01E,0.0,227.69400000000002
2024-10-01,01E,0.0,232.59800000000004
2022-02-01,01E,0.0,220.82100000000003
2023-05-01,01E,0.0,226.38600000000002
2021-06-01,01E,0.0,217.61599999999999
2023-02-01,01E,0.0,225.56300000000002
2022-03-01,01E,0.0,221.31600000000003
2022-04-01,01E,0.0,221.53499999999997
2025-10-01,01E,0.0,238.58599999999996
2025-04-01,01E,0.0,235.20499999999996
2026-04-01,01E,0.0,239.29599999999994
2023-12-01,01E,0.0,229.00200000000004
2024-03-01,01E,0.0,230.14199999999997
2022-12-01,01E,0.0,224.54999999999993
2026-06-01,01F,0.0,135.804
2026-03-01,01F,0.0,135.86399999999998
2024-12-01,01H,0.0,336.4050000000001
2026-05-01,01J,0.0,174.32299999999998
2026-04-01,01J,0.0,174.28499999999997
2026-03-01,01J,0.0,174.269
2024-11-01,01K,0.0,356.163
2024-12-01,01K,0.0,356.49099999999993
2026-04-01,01K,0.0,353.41599999999994
2025-09-01,01K,0.0,354.9210000000001
2026-02-01,01K,0.0,354.40100000000007
2026-06-01,01K,0.0,352.821
2025-01-01,01K,0.0,356.607
2024-08-01,01K,0.0,355.693
2025-12-01,01K,0.0,355.492
2021-10-01,01K,0.0,351.38300000000004
2025-02-01,01K,0.0,356.6719999999999
2025-03-01,01K,0.0,356.47099999999995
2025-04-01,01K,0.0,356.415
2026-03-01,01K,0.0,353.809
2025-05-01,01K,0.0,356.109
2024-07-01,01K,0.0,356.234
2024-10-01,01K,0.0,355.04599999999994
2026-01-01,01K,0.0,354.81499999999994
2026-05-01,01K,0.0,353.166
2026-02-01,01V,0.0,128.883
2026-04-01,01V,0.0,128.58
2026-05-01,01V,0.0,128.548
2026-03-01,01V,0.0,128.66
2026-06-01,01V,0.0,128.464
2022-06-01,01X,0.0,200.49300000000002
2026-06-01,01X,0.0,204.61
2025-02-01,01X,0.0,203.61999999999995
2024-08-01,01X,0.0,202.991
2026-02-01,01X,0.0,204.52900000000005
2026-04-01,01X,0.0,204.45999999999998
2023-11-01,01X,0.0,201.41000000000005
2026-03-01,01X,0.0,204.49200000000002
2022-04-01,02A,0.0,245.66000000000005
2021-10-01,02A,0.0,245.21399999999997
2021-12-01,02A,0.0,245.23200000000003
2021-11-01,02A,0.0,245.16600000000003
2021-08-01,02A,0.0,244.92200000000003
2021-09-01,02A,0.0,245.173
2022-01-01,02A,0.0,245.32999999999998
2022-02-01,02A,0.0,245.42600000000002
2022-11-01,02A,0.0,247.43599999999995
2022-12-01,02A,0.0,247.69400000000002
2021-07-01,02A,0.0,244.62300000000008
2026-05-01,02E,0.0,230.02899999999997
2026-04-01,02E,0.0,230.26099999999997
2026-06-01,02E,0.0,229.918
2026-03-01,02G,0.0,118.64699999999999
2026-05-01,02G,0.0,118.48600000000002
2023-03-01,02G,0.0,116.784
2025-05-01,02G,0.0,118.31099999999999
2026-02-01,02G,0.0,118.715
2021-11-01,02G,0.0,114.77799999999999
2026-06-01,02G,0.0,118.386
2022-01-01,02M,0.0,182.36899999999997
2025-12-01,02M,0.0,187.95399999999998
2022-02-01,02M,0.0,182.41000000000003
2022-10-01,02M,0.0,183.666
2026-06-01,02M,0.0,188.135
2023-10-01,02M,0.0,185.14400000000003
2021-10-01,02M,0.0,181.84600000000003
2023-05-01,02M,0.0,184.33500000000004
2023-12-01,02M,0.0,185.30899999999994
2026-02-01,02M,0.0,188.13000000000005
2026-01-01,02M,0.0,187.98300000000003
2022-09-01,02M,0.0,183.40900000000002
2026-05-01,02M,0.0,188.23399999999998
2023-06-01,02M,0.0,184.35299999999998
2022-05-01,02M,0.0,182.635
2024-09-01,03L,0.0,274.59600000000006
2021-09-01,03L,0.0,266.063
2022-11-01,03L,0.0,268.48
2024-01-01,03L,0.0,272.34299999999996
2023-04-01,03L,0.0,269.67
2022-02-01,03L,0.0,266.74399999999997
2026-01-01,03L,0.0,276.94399999999996
2022-08-01,03L,0.0,267.57199999999995
2024-02-01,03L,0.0,272.68399999999997
2023-01-01,03L,0.0,268.77000000000004
2022-05-01,03L,0.0,267.087
2022-10-01,03L,0.0,268.191
2025-09-01,03L,0.0,276.86099999999993
2026-03-01,03L,0.0,276.93499999999995
2023-08-01,03L,0.0,271.01300000000003
2025-05-01,03L,0.0,275.95799999999997
2024-05-01,03L,0.0,273.36299999999994
2021-12-01,03L,0.0,266.48699999999997
2023-02-01,03L,0.0,269.05999999999995
2021-10-01,03L,0.0,266.33400000000006
2024-08-01,03L,0.0,274.34400000000005
2023-05-01,03L,0.0,269.9599999999999
2021-08-01,03L,0.0,265.89799999999997
2022-03-01,03L,0.0,266.776
2023-11-01,03L,0.0,271.801
2023-09-01,03L,0.0,271.26099999999997
2025-12-01,03L,0.0,276.969
2026-02-01,03L,0.0,277.002
2023-06-01,03L,0.0,270.241
2023-10-01,03L,0.0,271.60400000000004
2026-04-01,03L,0.0,276.93899999999996
2022-04-01,03L,0.0,267.03799999999995
2026-05-01,03L,0.0,276.8179999999999
2022-09-01,03L,0.0,267.85600000000005
2022-12-01,03L,0.0,268.705
2022-01-01,03L,0.0,266.594
2021-07-01,03L,0.0,265.68800000000005
2021-06-01,03L,0.0,265.27
2025-10-01,03L,0.0,276.894
2022-07-01,03L,0.0,267.57300000000004
2025-11-01,03L,0.0,277.03999999999996
2021-11-01,03L,0.0,266.426
2022-06-01,03L,0.0,267.34600000000006
2026-06-01,03L,0.0,276.654
2023-03-01,03L,0.0,269.327
2024-08-01,03R,0.0,398.9199999999999
2026-06-01,03R,0.0,399.4540000000001
2026-04-01,03R,0.0,399.787
2025-06-01,03R,0.0,400.02500000000003
2023-11-01,03R,0.0,395.575
2024-12-01,03R,0.0,399.362
2025-12-01,03R,0.0,400.62000000000006
2025-10-01,03R,0.0,400.736
2024-07-01,03R,0.0,398.4809999999999
2025-02-01,03R,0.0,399.667
2024-01-01,03R,0.0,396.089
2024-04-01,03R,0.0,397.069
2024-09-01,03R,0.0,399.08899999999994
2025-05-01,03R,0.0,399.92699999999996
2025-09-01,03R,0.0,400.655
2024-11-01,03R,0.0,399.17600000000004
2024-02-01,03R,0.0,396.445
2026-05-01,03R,0.0,399.74600000000004
2026-02-01,03R,0.0,400.156
2024-10-01,03R,0.0,399.041
2023-12-01,03R,0.0,395.785
2024-03-01,03R,0.0,396.6689999999999
2025-01-01,03R,0.0,399.51199999999994
2024-06-01,03R,0.0,398.10400000000004
2025-07-01,03R,0.0,400.1620000000001
2024-05-01,03R,0.0,397.57600000000014
2026-03-01,03R,0.0,399.9690000000001
2025-08-01,03R,0.0,400.4039999999999
2026-01-01,03R,0.0,400.4200000000001
2021-07-01,03R,0.0,386.438
2025-10-01,04V,0.0,424.86899999999997
2025-12-01,04V,0.0,425.3920000000001
2025-09-01,04V,0.0,423.85699999999997
2025-11-01,04V,0.0,425.422
2026-03-01,04V,0.0,425.40900000000005
2025-06-01,04V,0.0,423.96399999999994
2026-06-01,04V,0.0,424.82200000000006
2026-04-01,04V,0.0,425.4020000000001
2026-02-01,04V,0.0,425.29900000000004
2025-08-01,04V,0.0,423.58700000000016
2026-01-01,04V,0.0,425.4359999999999
2025-07-01,04V,0.0,423.86299999999994
2022-03-01,06Q,0.0,404.88199999999995
2025-01-01,06Q,0.0,422.346
2023-08-01,06Q,0.0,413.17199999999997
2022-07-01,06Q,0.0,406.951
2025-02-01,06Q,0.0,422.928
2024-12-01,06Q,0.0,421.959
2023-02-01,06Q,0.0,410.2250000000001
2024-11-01,06Q,0.0,421.267
2022-04-01,06Q,0.0,405.36100000000005
2023-10-01,06Q,0.0,414.12800000000004
2025-03-01,06Q,0.0,423.26000000000005
2024-03-01,06Q,0.0,417.66
2022-05-01,06Q,0.0,405.78900000000004
2022-11-01,06Q,0.0,408.7770000000001
2023-07-01,06Q,0.0,412.60200000000003
2024-09-01,06Q,0.0,420.31699999999995
2022-12-01,06Q,0.0,409.50799999999987
2023-09-01,06Q,0.0,413.93300000000005
2022-06-01,06Q,0.0,406.254
2023-01-01,06Q,0.0,409.7510000000001
2021-11-01,06Q,0.0,403.9370000000001
2025-04-01,06Q,0.0,423.386
2024-07-01,06Q,0.0,419.2009999999999
2022-10-01,06Q,0.0,408.26300000000003
2024-08-01,06Q,0.0,419.77000000000004
2023-11-01,06Q,0.0,414.94399999999996
2024-10-01,06Q,0.0,420.8270000000001
2024-01-01,06Q,0.0,416.44699999999995
2023-05-01,06Q,0.0,411.36200000000014
2022-01-01,06Q,0.0,404.251
2023-03-01,06Q,0.0,410.65299999999996
2026-04-01,10R,0.0,232.90100000000004
2026-03-01,10R,0.0,233.082
2026-05-01,10R,0.0,232.558
2026-06-01,10R,0.0,231.927
2025-03-01,11N,0.0,605.9739999999999
2025-05-01,11N,0.0,605.9250000000002
2025-11-01,11N,0.0,605.911
2024-08-01,11N,0.0,604.7000000000002
2026-01-01,11N,0.0,605.6610000000003
2023-09-01,11N,0.0,601.7029999999999
2023-08-01,15A,0.0,579.943
2024-05-01,15A,0.0,585.629
2026-02-01,18C,0.0,834.3070000000001
2026-05-01,18C,0.0,833.0809999999999
2026-06-01,26A,0.0,1097.3699999999997
2025-12-01,26A,0.0,1102.8289999999997
2025-07-01,26A,0.0,1100.529
2025-08-01,26A,0.0,1100.9910000000002
2026-02-01,26A,0.0,1101.069
2026-03-01,26A,0.0,1100.1990000000005
2025-05-01,26A,0.0,1100.0859999999996
2026-05-01,27D,0.0,824.1919999999998
2025-09-01,36J,0.0,669.885
2024-03-01,78H,0.0,839.7130000000003
2023-02-01,78H,0.0,822.9590000000002
2024-02-01,78H,0.0,838.366
2026-06-01,78H,0.0,849.24
2022-10-01,78H,0.0,818.4859999999999
2023-05-01,78H,0.0,826.4250000000001
2024-10-01,78H,0.0,846.5939999999996
2023-07-01,78H,0.0,829.323
2024-09-01,78H,0.0,846.3040000000002
2024-06-01,78H,0.0,843.1749999999998
2024-08-01,78H,0.0,845.227
2025-05-01,78H,0.0,850.1509999999997
2025-02-01,78H,0.0,849.5970000000002
2023-09-01,78H,0.0,831.7210000000001
2024-05-01,78H,0.0,842.1319999999997
2023-03-01,78H,0.0,823.7619999999997
2024-01-01,78H,0.0,836.8030000000001
2025-03-01,78H,0.0,849.6170000000001
2023-12-01,78H,0.0,835.8909999999997
2025-08-01,78H,0.0,851.9109999999997
2025-07-01,99F,0.0,188.60799999999998
2024-12-01,99F,0.0,188.09599999999995
2026-03-01,99F,0.0,187.91899999999995
2023-08-01,99F,0.0,187.09600000000003
2026-01-01,99F,0.0,188.30800000000005
2024-11-01,99F,0.0,188.06199999999998
2022-09-01,99F,0.0,186.78199999999998
2022-06-01,99F,0.0,186.377
2023-06-01,99F,0.0,186.851
2021-10-01,99F,0.0,185.981
2023-08-01,M2L0M,0.0,526.9540000000001
2021-07-01,M2L0M,0.0,514.5229999999999
2022-10-01,M2L0M,0.0,522.389
2021-11-01,M2L0M,0.0,517.0229999999999
2023-04-01,M2L0M,0.0,524.687
2023-11-01,M2L0M,0.0,529.0579999999999
2025-09-01,M2L0M,0.0,537.7019999999999
2024-07-01,M2L0M,0.0,533.587
2021-09-01,M2L0M,0.0,515.695
2025-08-01,M2L0M,0.0,537.752
2023-02-01,M2L0M,0.0,523.9739999999998
2023-09-01,M2L0M,0.0,527.4609999999999
2024-06-01,M2L0M,0.0,533.074
2023-06-01,M2L0M,0.0,525.5010000000001
2025-01-01,M2L0M,0.0,536.3499999999999
2021-12-01,M2L0M,0.0,517.728
2023-03-01,M2L0M,0.0,524.3079999999999
2021-08-01,M2L0M,0.0,515.0759999999998
2022-06-01,M2L0M,0.0,520.1959999999999
2021-06-01,M2L0M,0.0,513.876
2026-05-01,M2L0M,0.0,537.2800000000002
2024-03-01,M2L0M,0.0,531.6229999999999
2024-04-01,M2L0M,0.0,531.951
2025-07-01,M2L0M,0.0,537.45
2023-07-01,M2L0M,0.0,526.1769999999999
2026-03-01,X2C4Y,0.0,461.9430000000002
2024-04-01,78H,5.93105,840.7769999999999
2022-08-01,01K,14.03053,354.22
2024-04-01,06N,26.723370000000003,686.7740000000002
2021-08-01,01K,13.22723,351.107
2022-07-01,03R,1.96663,389.52700000000004
2022-03-01,06N,46.1066,669.1229999999999
2023-01-01,11N,26.6207,600.144
2024-04-01,26A,53.95704,1094.6059999999998
2024-02-01,99G,7.50364,194.354
2022-08-01,M2L0M,20.64708,521.0229999999998
2022-07-01,01K,14.03796,354.46999999999997
2021-12-01,01K,13.23017,353.573
2025-06-01,01K,7.33325,356.07300000000004
2024-09-01,01K,7.33386,355.31699999999995
2023-01-01,02M,14.54694,184.12099999999998
2022-03-01,02M,13.77176,182.52599999999998
2024-06-01,03L,5.33252,273.819
2021-09-01,06Q,6.22156,403.4479999999999
2021-06-01,06Q,6.21428,401.581
2024-04-01,11M,42.43385,690.6049999999999
2024-02-01,11N,28.65814,603.4560000000001
2022-08-01,52R,57.04425,1120.467000000001
2021-08-01,52R,64.20752,1101.9809999999998
2025-04-01,52R,31.94572,1155.156
2024-07-01,78H,5.93106,844.1590000000001
2025-11-01,78H,10.97702,852.8559999999998
2023-04-01,78H,5.87681,825.5069999999997
2022-12-01,M2L0M,8.59469,523.3190000000001
2024-01-01,M2L0M,28.66925,530.5400000000001
2023-01-01,01A,32.58249,398.7089999999999
2022-03-01,01A,30.82921,395.40399999999994
2021-07-01,01E,2.80993,217.924
2021-09-01,01K,13.21386,351.0110000000001
2021-06-01,01K,13.19838,351.27000000000004
2022-05-01,01K,14.04491,353.678
2022-04-01,01K,13.26185,353.69
2022-07-01,02A,10.53157,246.54600000000002
2021-08-01,02M,13.74358,181.334
2024-03-01,03L,5.0937,272.81399999999996
2022-02-01,03R,2.64312,388.083
2022-09-01,06Q,16.04216,407.971
2024-04-01,06Q,29.19052,418.096
2024-06-01,06Q,15.044640000000001,418.66799999999995
2025-01-01,11M,50.310249999999996,696.0090000000001
2023-04-01,11N,26.74583,600.3270000000001
2023-12-01,11N,7.3586,603.3650000000002
2023-07-01,11N,28.49111,600.9929999999999
2022-12-01,11N,26.56326,600.3249999999997
2024-01-01,11N,39.38381,603.3279999999999
2023-05-01,11N,26.75646,600.3840000000002
2023-10-01,11N,7.33116,602.386
2022-08-01,15A,41.6306,571.4800000000001
2024-09-01,15A,14.0919,586.84
2021-12-01,15A,40.014160000000004,566.2400000000001
2022-11-01,15A,42.39717,575.7260000000002
2024-12-01,15A,14.09124,589.2449999999998
2025-04-01,26A,31.1733,1100.1140000000003
2025-06-01,26A,31.17362,1100.2779999999996
2024-07-01,52R,46.930440000000004,1146.7150000000001
2024-11-01,52R,15.59217,1155.259
2025-10-01,78H,10.97616,852.8940000000002
2022-01-01,99G,6.88841,190.37499999999997
2024-05-01,99G,7.56506,194.999
2025-11-01,M2L0M,9.5167,538.004
2024-02-01,M2L0M,28.65814,531.1429999999998
2022-08-01,01A,32.50012,397.106
2023-11-01,01A,11.28717,403.525
2021-11-01,01E,2.8106,219.62699999999998
2022-10-01,01E,8.10862,223.32999999999998
2021-10-01,01E,2.80796,218.803
2025-02-01,01H,6.35822,336.63900000000007
2022-02-01,01K,13.26898,353.584
2022-01-01,01K,13.25924,353.699
2022-06-01,01K,28.08973,354.38000000000005
2025-07-01,01K,5.33265,355.80300000000005
2021-06-01,02A,15.9361,244.204
2023-01-01,02A,21.10532,247.85700000000003
2023-09-01,02A,11.31152,248.53799999999998
2022-05-01,02A,10.53679,245.86400000000003
2022-12-01,02M,14.51558,184.06099999999995
2024-06-01,02M,7.85008,185.98
2024-03-01,02M,7.4932,185.50300000000004
2022-04-01,02M,6.88976,182.54
2021-12-01,02M,13.74664,182.23899999999998
2024-07-01,02T,10.95959,225.114
2024-10-01,02T,3.90756,225.46800000000005
2023-07-01,03R,24.6877,393.66699999999986
2021-08-01,03R,36.47757,386.718
2021-09-01,03R,24.49784,387.0660000000001
2025-11-01,03R,7.33798,400.829
2025-06-01,06N,28.34251,693.4059999999998
2023-06-01,06Q,6.65542,411.824
2021-07-01,06Q,6.22292,402.24400000000014
2024-11-01,11N,31.17193,606.1490000000001
2023-12-01,15A,29.72369,583.5749999999999
2022-07-01,15A,29.18556,570.902
2025-01-01,15A,45.26294,589.533
2022-03-01,15A,53.22322,568.374
2024-01-01,15A,43.123189999999994,583.506
2024-04-01,15A,44.1249,585.113
2025-04-01,15F,32.56614,944.1179999999998
2025-03-01,26A,31.17123,1100.1560000000004
2024-02-01,26A,67.22276,1094.4290000000008
2023-02-01,26A,36.11691,1087.9649999999997
2023-04-01,26A,65.64706,1088.1690000000006
2025-08-01,52R,16.04916,1152.462
2025-10-01,52R,32.251050000000006,1158.3030000000003
2024-05-01,52R,46.55015,1147.167
2023-08-01,78H,16.64639,830.5100000000001
2023-10-01,78H,16.64841,832.5410000000003
2024-12-01,78H,21.89355,848.303
2022-09-01,M2L0M,41.057230000000004,521.666
2023-05-01,M2L0M,26.75646,525.1570000000003
2024-09-01,M2L0M,15.59296,534.8700000000001
2022-11-01,M2L0M,39.61729,522.805
2022-06-01,01A,32.53335,396.33199999999994
2023-05-01,01A,32.74861,400.209
2022-05-01,01A,32.53346,395.8499999999999
2022-01-01,01A,30.84054,394.89399999999995
2024-01-01,01A,33.77201,404.6999999999999
2022-04-01,01A,30.846610000000002,395.778
2022-12-01,01A,32.51221,398.5559999999999
2022-11-01,01A,32.51465,398.3130000000001
2021-07-01,01K,13.21674,351.37899999999996
2021-11-01,01K,13.21992,353.0849999999999
2022-08-01,02M,22.27318,183.226
2021-09-01,02M,13.7297,181.58700000000005
2024-09-01,02M,7.85018,186.47200000000004
2025-02-01,02M,7.84968,187.32500000000002
2021-06-01,02M,13.71364,180.77399999999997
2023-07-01,02M,14.96676,184.58800000000002
2025-04-01,02M,7.85013,187.463
2024-04-01,03L,22.52796,273.038
2024-02-01,06N,42.99341,685.7779999999998
2025-08-01,06Q,9.55375,425.38100000000003
2024-11-01,11M,38.100229999999996,695.3360000000001
2024-12-01,11N,31.17206,606.1829999999998
2024-10-01,11N,31.17366,605.8910000000002
2024-06-01,11N,31.17311,604.1229999999999
2025-10-01,11N,32.08664,606.1279999999998
2024-03-01,11N,28.61821,603.4
2023-02-01,11N,26.63619,600.3040000000002
2025-01-01,11N,62.34363,606.1039999999999
2023-08-01,11N,28.485,601.3709999999999
2024-07-01,11N,31.17323,604.3769999999997
2023-03-01,11N,26.63378,600.2650000000001
2021-08-01,15A,55.57188,560.5429999999999
2023-09-01,15A,42.77782,580.7429999999999
2025-11-01,18C,28.85866,835.1989999999996
2022-02-01,18C,38.18428,814.745
2023-10-01,26A,37.02494,1091.784
2022-09-01,36J,54.36688,652.5390000000001
2021-12-01,52R,106.67535,1116.5180000000007
2021-10-01,52R,53.82385,1111.754
2023-04-01,52R,72.30516999999999,1137.235
2025-07-01,52R,48.60347,1153.5130000000001
2025-06-01,52R,48.14709,1154.4740000000002
2023-01-01,52R,112.67881,1135.0670000000007
2022-10-01,52R,122.18069,1129.0070000000003
2023-06-01,78H,16.72345,827.6659999999998
2023-11-01,78H,33.39811,834.4669999999999
2026-01-01,78H,10.9772,852.3169999999999
2025-03-01,M2L0M,31.17123,536.6050000000001
2022-07-01,M2L0M,42.7186,520.624
2023-12-01,M2L0M,28.59541,529.7579999999999
2022-03-01,M2L0M,52.387879999999996,519.0140000000001
2024-05-01,M2L0M,28.893,532.793
2022-08-01,00X,26.55338,188.75699999999998
2021-08-01,01A,39.17774,393.26199999999994
2024-04-01,01A,34.03564,406.138
2021-09-01,01A,30.73496,393.8030000000001
2023-07-01,01A,33.56223,401.3409999999999
2022-09-01,01E,18.6997,222.42399999999998
2022-05-01,01X,23.58702,200.37199999999999
2024-06-01,01X,14.09172,202.67099999999996
2022-10-01,01X,23.54466,200.67900000000003
2022-07-01,01X,18.70685,200.566
2023-02-01,01X,13.2493,200.519
2025-06-01,02M,7.85021,187.53000000000003
2021-11-01,02M,13.736,182.032
2024-08-01,02M,7.85017,186.27700000000002
2023-03-01,02M,14.55408,184.238
2021-07-01,02M,13.7327,180.99
2025-08-01,02M,8.08778,187.806
2025-07-01,02M,8.08778,187.699
2023-05-01,03R,33.0782,392.788
2024-01-01,06N,83.88974,685.3439999999998
2025-11-01,06Q,31.18199,426.4790000000001
2023-12-01,06Q,23.116860000000003,415.908
2024-05-01,06Q,28.677390000000003,418.60599999999994
2024-02-01,06Q,28.95323,417.176
2025-05-01,11M,12.7048,696.8439999999999
2023-01-01,11M,75.97694,681.0460000000003
2023-06-01,11N,28.61691,600.627
2025-04-01,11N,31.1733,605.872
2025-02-01,11N,31.17153,606.1039999999998
2024-09-01,11N,31.17351,604.9469999999999
2024-10-01,15A,45.26563,587.3720000000001
2024-03-01,15A,43.70512,584.926
2023-04-01,15A,42.68533,578.4799999999999
2023-11-01,15A,42.98166,583.938
2025-10-01,18C,45.38096,835.4689999999997
2026-01-01,26A,32.08966,1102.1879999999996
2024-07-01,26A,62.536460000000005,1096.308
2023-09-01,36J,57.25325,660.2600000000002
2022-06-01,52R,122.40007,1120.971
2025-03-01,52R,80.69496,1155.2259999999999
2022-11-01,52R,109.11568,1132.6910000000003
2022-02-01,52R,68.01767000000001,1118.498
2025-01-01,52R,121.6721,1155.0740000000003
2022-03-01,52R,133.21724,1119.254
2025-12-01,78H,10.97728,852.5680000000001
2022-12-01,78H,79.02296,821.0970000000001
2022-04-01,78H,75.66339,812.4410000000003
2021-06-01,99F,16.77424,185.65399999999997
2023-08-01,99G,14.91672,192.75699999999995
2024-12-01,M2L0M,31.17206,536.311
2023-10-01,M2L0M,28.48845,528.3480000000001
2024-11-01,M2L0M,40.411590000000004,536.0560000000002
2022-01-01,M2L0M,41.41181,518.2719999999999
2021-10-01,M2L0M,48.4191,516.4519999999998
2025-09-01,X2C4Y,12.70522,462.515
2021-12-01,X2C4Y,45.07351,449.28099999999995
2023-04-01,01A,32.7356,399.81100000000004
2023-02-01,01A,32.60145,399.014
2024-06-01,01A,35.27061,407.5359999999999
2021-11-01,01A,30.74908,394.24600000000004
2021-07-01,01A,30.74167,392.6210000000001
2023-08-01,01A,33.55502,402.059
2024-08-01,01E,11.15629,231.22000000000003
2023-05-01,01K,36.37411,355.547
2021-10-01,01X,22.82421,200.08300000000003
2021-12-01,01X,22.86346,200.11599999999999
2025-11-01,02M,16.17718,187.807
2024-11-01,02M,15.69956,187.118
2024-12-01,02M,15.69962,187.28799999999998
2022-06-01,02M,21.553649999999998,182.76899999999998
2025-08-01,03L,13.58194,276.71700000000004
2023-09-01,03R,43.77533,394.66200000000003
2025-03-01,03R,29.3093,399.718
2023-01-01,03R,46.008430000000004,391.3439999999998
2025-05-01,04V,15.59289,423.79499999999996
2024-05-01,06N,52.04417,687.6659999999999
2025-06-01,06Q,19.79218,424.287
2024-04-01,11N,57.78624,603.5230000000001
2024-07-01,15A,49.95152,586.2930000000001
2023-07-01,15A,57.669109999999996,579.4250000000002
2025-10-01,15A,34.88976,590.1819999999999
2023-10-01,15A,42.85129,583.109
2022-12-01,15A,71.57494,576.8489999999998
2022-10-01,18C,103.96814,819.9910000000001
2026-01-01,18C,28.85913,834.8949999999999
2025-12-01,18C,45.38558,835.238
2021-08-01,18C,85.4887,811.2430000000004
2022-11-01,18C,92.27402000000001,820.3799999999999
2024-10-01,26A,89.08338,1099.1110000000003
2024-09-01,26A,89.09894,1097.6510000000003
2023-06-01,26A,67.12606,1088.6959999999997
2025-09-01,26A,32.08648,1101.5460000000005
2022-05-01,52R,136.33316000000002,1120.2810000000009
2025-02-01,52R,62.519850000000005,1155.2999999999997
2023-12-01,52R,74.85436,1143.2099999999998
2021-06-01,52R,131.31341,1104.308
2024-03-01,52R,89.25457,1145.6179999999997
2021-09-01,52R,114.65792,1102.148
2024-01-01,52R,144.42682,1143.9400000000003
2023-03-01,52R,112.73419000000001,1136.4170000000001
2022-09-01,52R,128.02573999999998,1120.8079999999998
2022-07-01,78H,79.72433,815.6089999999999
2025-07-01,78H,40.87301,851.2189999999998
2025-01-01,78H,110.07284,848.8299999999996
2022-01-01,78H,84.60739999999998,809.7560000000001
2024-02-01,99F,13.32999,187.396
2022-03-01,99G,25.37414,190.419
2022-08-01,99G,29.008,190.59199999999998
2023-11-01,99G,14.96387,193.51300000000003
2022-02-01,M2L0M,34.570550000000004,518.658
2022-04-01,M2L0M,53.80227,519.467
2025-04-01,M2L0M,31.1733,536.6539999999999
2021-12-01,00Q,28.01615,180.828
2022-12-01,00X,26.56326,189.28799999999995
2024-03-01,01A,33.71191,405.81100000000004
2025-03-01,01A,35.26847,410.87899999999996
2024-07-01,01A,35.27073,408.09299999999996
2021-08-01,01E,24.10267,218.10399999999998
2021-09-01,01E,24.0783,218.378
2025-01-01,01H,44.823080000000004,336.52099999999996
2024-06-01,01H,31.36312,335.13999999999993
2023-07-01,01K,36.18527,355.52599999999995
2022-03-01,01K,50.97272,353.71500000000003
2022-09-01,01X,23.56633,200.63599999999997
2022-11-01,01X,23.57338,200.65100000000004
2023-11-01,02M,14.96386,185.33099999999996
2024-05-01,02M,15.13012,185.744
2025-04-01,03R,29.31125,399.8590000000001
2023-08-01,03R,37.1141,394.211
2022-10-01,03R,50.39504,390.562
2025-11-01,03W,32.08914,362.09799999999996
2024-11-01,06N,59.5129,691.2410000000002
2021-06-01,06N,80.74235,663.0379999999998
2024-12-01,06N,58.17945999999999,691.7479999999998
2025-09-01,06Q,16.13124,426.10400000000004
2025-05-01,06Q,19.79202,423.888
2023-04-01,11M,78.48022,682.8220000000003
2022-01-01,11M,72.72011,673.5409999999999
2024-01-01,11M,90.89667,688.6810000000002
2025-08-01,11N,32.08591,605.5050000000001
2025-07-01,11N,32.0859,605.561
2022-06-01,15A,70.87308999999999,569.9840000000002
2023-03-01,15A,67.19692,578.0500000000001
2024-02-01,15A,43.10648,584.197
2023-06-01,15A,43.044470000000004,579.1
2025-02-01,15A,45.26254,589.708
2021-10-01,18C,95.68585,812.7120000000001
2022-08-01,18C,125.59270000000001,818.5329999999999
2021-11-01,18C,86.42084,812.9739999999998
2024-08-01,26A,62.53697,1096.988
2023-12-01,26A,79.39267000000001,1094.0910000000001
2024-04-01,36J,85.90693,665.7899999999996
2023-10-01,52R,115.0528,1137.6930000000002
2023-05-01,52R,128.10687,1137.3960000000002
2023-02-01,52R,98.61992000000001,1135.8260000000002
2022-04-01,52R,146.20503,1120.2889999999995
2025-12-01,52R,64.66068,1158.5479999999995
2023-09-01,52R,144.80371,1131.851
2026-01-01,52R,48.60916,1157.5079999999998
2022-07-01,52R,122.33985999999999,1120.928
2024-09-01,52R,93.86174,1146.1090000000002
2025-06-01,78H,40.5497,850.643
2022-02-01,78H,75.70411,810.9249999999996
2026-02-01,78H,10.97706,851.125
2023-01-01,78H,116.20187,821.9169999999999
2021-07-01,99F,16.79758,185.83
2025-10-01,M2L0M,41.6026,538.218
2022-05-01,M2L0M,63.25835000000001,519.7189999999998
2024-10-01,M2L0M,44.4724,535.747
2024-10-01,01A,35.27123,409.68399999999986
2023-06-01,01A,33.71037,400.6839999999999
2025-02-01,01A,42.32051,410.8239999999999
2021-06-01,01A,61.39795,392.0550000000001
2021-10-01,01A,55.56952,394.08699999999993
2021-12-01,01A,61.54585,394.53000000000003
2024-09-01,01A,35.27106,409.3740000000001
2022-10-01,01H,50.56312,331.00800000000004
2023-08-01,01K,36.1775,355.223
2021-09-01,01X,22.83526,200.10700000000003
2021-11-01,01X,22.84575,200.05200000000002
2022-02-01,01X,22.93056,200.194
2021-07-01,01X,22.84024,199.877
2021-08-01,01X,22.85838,200.04700000000005
2022-01-01,01X,22.91371,200.086
2024-02-01,02A,20.2023,248.51399999999998
2026-01-01,02G,5.33327,118.75099999999999
2022-07-01,02M,21.54306,182.99699999999999
2025-01-01,02M,28.34087,187.342
2023-12-01,03L,22.29587,272.1190000000001
2022-04-01,03R,55.80769,388.5709999999999
2023-09-01,06N,96.70495,683.1750000000001
2025-03-01,06N,64.36798,692.5959999999999
2025-10-01,06N,68.15036,694.3330000000001
2025-12-01,06Q,31.182740000000003,426.363
2023-10-01,11M,78.84584,686.72
2024-07-01,11M,81.67576,692.7919999999999
2024-05-01,11N,57.78599,603.924
2022-11-01,11N,79.69576,599.767
2024-08-01,15A,45.265370000000004,586.85
2022-05-01,15A,91.94363,569.071
2022-09-01,15A,85.09933000000001,572.4139999999999
2025-04-01,15A,48.87522,590.015
2025-07-01,15A,49.86412,589.917
2022-03-01,18C,125.75155,815.213
2023-02-01,18C,84.58315999999999,821.7440000000003
2023-03-01,26A,133.88131,1088.258
2023-01-01,26A,164.14612,1087.842
2022-12-01,26A,160.97172,1087.849
2023-07-01,26A,118.98872,1089.283
2024-01-01,26A,144.73543999999998,1093.9679999999998
2024-06-01,26A,104.21415999999999,1095.9409999999998
2026-02-01,27D,30.745849999999997,824.798
2024-03-01,36J,59.04311,665.3260000000001
2023-04-01,36J,82.55956,657.5789999999998
2023-05-01,36J,81.08566,657.9110000000002
2023-11-01,36J,70.09108,662.09
2025-09-01,52R,48.75636,1152.0930000000003
2025-11-01,52R,110.07505,1158.9859999999996
2024-04-01,52R,151.13394000000002,1146.1970000000006
2024-12-01,52R,136.93279,1155.586
2024-11-01,78H,73.60409,847.5759999999998
2026-04-01,78H,10.97729,850.5980000000002
2022-06-01,99G,26.58053,190.48800000000003
2025-05-01,M2L0M,31.17337,536.7160000000001
2025-06-01,M2L0M,31.17362,536.9349999999998
2025-08-01,X2C4Y,50.894650000000006,462.524
2022-08-01,X2C4Y,93.91192000000001,451.4479999999999
2024-04-01,00Q,24.88402,185.898
2022-10-01,00Q,28.02699,181.97699999999998
2024-01-01,00Q,28.29219,185.349
2022-03-01,00Q,28.06742,181.24200000000002
2021-08-01,00Q,28.00992,180.387
2022-07-01,00Q,28.06352,181.61499999999998
2022-06-01,00X,26.58053,188.41500000000005
2023-09-01,01A,67.00314,402.54999999999995
2024-02-01,01A,33.75893,405.20499999999987
2025-04-01,01A,35.27082,411.01300000000003
2024-09-01,01H,29.44212,335.879
2022-12-01,01H,51.31913,331.45300000000015
2024-03-01,01K,38.13451,356.071
2024-05-01,01K,38.50059,356.31600000000003
2024-12-01,01X,25.39612,203.51099999999994
2025-08-01,01X,25.3976,204.15499999999997
2025-09-01,02M,8.08792,187.981
2023-04-01,02M,25.08911,184.24300000000005
2025-03-01,03L,31.654919999999997,275.919
2021-12-01,03R,61.31555,387.7569999999999
2025-10-01,03W,39.81358,362.04099999999994
2024-07-01,06N,86.52379,689.4990000000001
2026-01-01,06Q,31.182499999999997,426.28999999999996
2023-11-01,11M,79.08571,687.3410000000001
2021-10-01,11M,100.64017,671.7200000000001
2023-02-01,11M,76.02114999999999,681.8290000000001
2023-07-01,11M,78.85319000000001,684.5840000000001
2022-01-01,15A,66.38342,567.247
2024-06-01,15A,60.85759,585.9879999999997
2021-09-01,15A,70.07205,561.584
2024-11-01,15A,60.85529,588.7819999999999
2025-11-01,15F,94.01269,946.5659999999999
2025-07-01,15F,81.80462,941.0750000000004
2022-05-01,18C,136.97561,815.8049999999996
2022-04-01,18C,120.29562,815.3910000000001
2023-05-01,26A,146.17543,1088.308
2025-01-01,26A,185.0618,1100.2599999999998
2026-04-01,27D,18.03991,824.6210000000002
2023-03-01,36J,92.53711999999999,657.0580000000002
2025-06-01,36J,52.010850000000005,669.7120000000003
2022-02-01,36J,91.51626999999999,648.4839999999997
2023-10-01,36J,80.65699000000001,661.085
2021-11-01,52R,132.87090999999998,1114.7470000000003
2025-05-01,52R,80.70052,1154.9200000000003
2024-10-01,52R,106.08630000000001,1152.7629999999997
2023-06-01,52R,130.63891999999998,1137.6910000000005
2022-11-01,78H,115.95979,819.5569999999999
2022-08-01,78H,172.68137000000002,816.6000000000001
2022-09-01,78H,146.32695,817.8550000000002
2024-08-01,99G,15.70034,195.785
2021-06-01,99G,32.12373,190.12000000000003
2026-02-01,M2L0M,20.4938,538.1070000000001
2025-12-01,M2L0M,41.60683,538.112
2025-02-01,M2L0M,62.34306,536.711
2023-01-01,M2L0M,79.86209,523.5310000000001
2023-08-01,X2C4Y,52.38066,456.368
2021-07-01,X2C4Y,60.05353,448.2400000000001
2023-12-01,X2C4Y,49.662580000000005,458.1379999999999
2023-01-01,00Q,28.11975,182.40600000000003
2023-05-01,00Q,28.26317,183.187
2024-07-01,00X,31.17323,192.48000000000002
2022-02-01,01A,55.82835,395.10799999999995
2024-05-01,01A,68.07101,406.97499999999997
2024-08-01,01A,35.271029999999996,408.72100000000006
2022-07-01,01A,65.03469,396.7770000000001
2024-02-01,01H,29.97735,334.316
2023-02-01,01K,50.28492,355.88500000000005
2025-11-01,01X,25.40015,204.378
2023-10-01,01X,25.04135,201.35399999999998
2024-10-01,01X,25.39743,203.36099999999996
2024-11-01,01X,25.39602,203.421
2022-03-01,01X,35.37413,200.316
2024-04-01,01X,29.20952,201.93699999999998
2023-11-01,02A,31.612569999999998,248.50499999999994
2023-07-01,02A,31.501269999999998,248.24400000000006
2023-03-01,02A,43.39068,248.01399999999998
2024-12-01,03L,42.27002,275.36899999999997
2021-06-01,03R,71.08258000000001,385.87199999999996
2022-05-01,03R,66.73515,388.71799999999996
2021-10-01,03R,68.24897,387.26499999999993
2022-10-01,06N,106.84921,674.087
2022-09-01,06N,148.13051000000002,673.8740000000001
2022-08-01,06Q,91.36691,407.50099999999986
2025-07-01,06Q,40.69460000000001,424.55199999999996
2023-04-01,06Q,56.49148,411.038
2023-08-01,11M,78.83627000000001,685.316
2025-03-01,11M,88.90265,696.41
2023-06-01,11M,79.20129,683.8250000000002
2024-03-01,11M,79.76948,690.196
2023-12-01,11M,79.1418,688.0950000000001
2025-12-01,11M,57.37583,699.334
2023-09-01,11M,119.73049,685.9449999999999
2026-02-01,11N,32.08926,605.1610000000001
2025-05-01,15A,48.875330000000005,590.01
2021-11-01,15A,88.65315,564.952
2025-02-01,15F,137.12416,944.7940000000002
2025-08-01,15F,127.95703,939.9490000000001
2025-06-01,15F,81.80400999999999,942.849
2021-12-01,18C,130.32613,813.7509999999997
2022-06-01,18C,118.99488,816.7940000000003
2025-01-01,18C,148.75467,832.6499999999997
2022-11-01,26A,203.03504000000004,1087.1660000000002
2021-08-01,36J,108.89143999999999,647.1730000000003
2024-09-01,36J,60.750969999999995,669.257
2024-01-01,36J,110.96937,664.0760000000001
2021-07-01,52R,170.1517,1104.0359999999998
2022-12-01,52R,196.58797,1134.377
2024-06-01,52R,131.48142,1147.1430000000003
2025-09-01,78H,40.87375,852.5449999999998
2025-04-01,78H,81.09855999999999,849.8109999999999
2022-01-01,99F,25.91974,186.10399999999998
2022-04-01,99G,29.19043,190.537
2021-09-01,99G,28.13383,190.37699999999998
2026-04-01,M2L0M,16.47214,537.6380000000001
2026-01-01,M2L0M,41.60652,538.0949999999999
2025-10-01,X2C4Y,50.89535,462.633
2022-01-01,00Q,28.07773,180.95800000000003
2026-01-01,00X,16.20305,195.068
2025-05-01,01A,35.2709,411.038
2021-12-01,01H,54.89976,328.69800000000004
2022-05-01,01H,64.70511,329.332
2024-02-01,01K,36.39735,356.09
2023-08-01,01X,25.03831,201.202
2025-10-01,01X,25.39817,204.37500000000003
2023-04-01,01X,37.75283,200.66100000000003
2022-10-01,02A,40.26616,247.34999999999994
2022-06-01,02A,37.23868,246.15800000000002
2024-04-01,02A,38.83247,248.67799999999997
2023-09-01,02M,32.3701,184.87
2024-10-01,02M,28.34255,186.84400000000005
2024-07-01,03L,47.03865,274.09900000000005
2023-06-01,03R,47.73035,393.2049999999999
2023-02-01,03R,56.23142,391.678
2025-08-01,03W,54.487159999999996,361.637
2025-01-01,06N,150.13857,692.1919999999999
2025-04-01,06N,89.19277,692.7930000000001
2023-07-01,06N,91.34374,680.8579999999998
2021-09-01,06N,109.01986000000001,666.9689999999997
2021-10-01,06Q,82.20199,403.70700000000005
2025-07-01,11M,72.85651,697.336
2024-12-01,11M,112.64236,695.7289999999999
2025-02-01,11M,112.64045999999999,696.3629999999997
2025-09-01,11M,38.82532,698.3830000000002
2024-06-01,11M,81.67546999999999,692.0199999999999
2024-09-01,11M,69.46567999999999,694.156
2024-05-01,11M,118.63684,691.4489999999997
2025-06-01,11N,62.34725,605.8490000000003
2022-02-01,11N,97.53272999999999,597.5029999999998
2025-12-01,15A,52.32658,590.217
2023-01-01,15A,93.10392,577.0840000000001
2025-11-01,15A,87.53071,590.5880000000001
2022-04-01,15A,87.74413,568.752
2023-05-01,15A,89.9296,578.6739999999999
2024-11-01,15F,131.64741,943.3669999999996
2023-10-01,18C,129.51233,826.5160000000002
2026-04-01,18C,28.85938,833.5730000000003
2024-01-01,18C,144.67541,827.6850000000001
2022-09-01,18C,194.73669,819.6100000000002
2021-07-01,18C,198.79215,809.6890000000001
2023-11-01,26A,148.99527999999998,1092.9659999999997
2024-03-01,26A,129.63503,1094.4940000000001
2023-12-01,36J,95.4142,663.1340000000001
2022-07-01,36J,115.3708,651.5380000000001
2026-02-01,52R,77.51774,1155.9089999999999
2026-05-01,78H,21.95487,850.1380000000001
2026-03-01,78H,10.97713,850.6129999999998
2021-06-01,78H,148.8793,803.361
2022-03-01,78H,162.451,811.3799999999999
2021-08-01,99F,33.60942,185.92800000000003
2022-12-01,99F,35.563,187.01000000000002
2022-08-01,99F,44.65851,186.624
2025-03-01,99G,26.33881,196.375
2022-11-01,99G,36.78741,190.54499999999996
2021-11-01,99G,32.17617,190.33300000000008
2023-03-01,99G,35.88233,191.53199999999993
2026-06-01,M2L0M,10.98992,536.819
2024-08-01,M2L0M,46.766420000000004,534.408
2024-12-01,01A,70.53882,410.46599999999995
2024-07-01,01E,42.25052,230.89700000000002
2023-10-01,01H,58.2883,333.66300000000007
2023-03-01,01K,86.48775,355.67900000000003
2022-09-01,01K,85.51669,353.94900000000007
2025-07-01,01X,25.39759,204.108
2023-09-01,01X,38.21451,201.289
2025-06-01,01X,25.3974,203.94600000000003
2024-09-01,02A,46.02174,249.52100000000007
2025-03-01,02M,28.34033,187.44199999999998
2024-04-01,02M,32.88612,185.43900000000002
2022-11-01,02M,36.79982,183.865
2024-01-01,02M,32.631389999999996,185.34300000000002
2025-01-01,03L,60.21856,275.60999999999996
2023-07-01,03L,43.05504,270.56800000000004
2026-01-01,03W,32.08966,362.08
2025-09-01,06N,50.79529,694.726
2024-10-01,06N,110.93439000000001,690.5759999999998
2024-06-01,06N,89.46195,688.1179999999999
2023-06-01,06N,84.01888,679.9790000000002
2023-05-01,11M,109.38901000000001,683.296
2022-10-01,11M,113.55217999999999,679.3220000000001
2021-11-01,11M,119.87485,672.1950000000002
2022-12-01,11M,149.98399,680.8139999999997
2022-04-01,11M,109.1765,675.0490000000002
2024-02-01,11M,79.31538,689.422
2021-06-01,11N,122.28065000000001,593.2299999999999
2023-11-01,11N,85.72543,602.892
2025-12-01,11N,64.17981,605.8
2022-05-01,11N,128.90528,597.524
2022-08-01,11N,161.79989999999998,598.4120000000001
2021-07-01,11N,147.75281,594.3700000000001
2021-10-01,11N,147.94728,596.0080000000002
2023-02-01,15A,86.39578,577.689
2025-10-01,15F,149.00759,945.0989999999999
2024-05-01,18C,154.921,829.6839999999995
2026-03-01,18C,28.85895,833.5709999999999
2023-12-01,18C,127.79534000000001,827.3849999999998
2025-11-01,26A,185.02981,1103.3919999999998
2026-05-01,26A,32.09035,1098.9649999999997
2026-06-01,27D,18.04029,823.8129999999996
2025-02-01,36J,108.79017,669.82
2025-04-01,36J,89.32739000000001,669.589
2023-01-01,36J,138.05671,655.9090000000003
2025-05-01,36J,79.90329,669.6310000000002
2026-04-01,52R,49.90181,1153.8899999999994
2022-01-01,52R,185.04341,1117.7190000000005
2023-08-01,52R,159.64573000000001,1135.2940000000003
2024-08-01,52R,106.08569,1146.5739999999992
2021-08-01,78H,162.14285,806.3720000000002
2022-06-01,78H,136.59505,814.913
2024-03-01,99F,25.13658,187.396
2021-12-01,99F,33.61691,186.07700000000003
2021-09-01,99F,33.57543,186.06099999999998
2022-03-01,99F,42.61233,186.18400000000003
2026-02-01,99G,16.16485,196.613
2022-07-01,99G,33.8264,190.58999999999995
2024-11-01,99G,31.38672,196.043
2022-02-01,99G,32.29558,190.41299999999998
2025-08-01,99G,32.08591,196.636
2023-04-01,X2C4Y,86.35606,454.90200000000016
2023-08-01,00Q,28.11036,183.93500000000003
2023-10-01,00Q,34.81429,184.393
2024-03-01,00Q,28.24182,185.749
2023-11-01,00X,29.70262,191.147
2026-02-01,01A,36.3393,410.8399999999999
2023-03-01,01A,97.79549,399.4299999999999
2023-12-01,01A,67.37012,404.17400000000004
2025-03-01,01H,52.81012,336.6429999999999
2024-05-01,01X,39.48861,202.57799999999997
2025-05-01,01X,25.39719,203.83599999999998
2025-12-01,01X,25.40076,204.446
2024-02-01,01X,25.1905,201.88
2023-02-01,02A,41.27263,248.01399999999998
2024-06-01,02A,35.0418,248.95499999999998
2024-08-01,02A,27.99007,249.366
2025-02-01,03L,47.03609,275.809
2022-03-01,03R,92.08879,388.365
2022-11-01,03R,82.35714,390.88800000000003
2023-04-01,03R,98.25431999999999,392.391
2022-01-01,03R,70.36892,387.856
2026-05-01,04V,15.97536,425.25700000000006
2021-07-01,06N,165.81333,664.601
2022-12-01,06N,150.93839000000003,675.2439999999999
2025-08-01,10R,40.89573,235.00300000000001
2025-11-01,10R,40.89984,234.69899999999998
2025-04-01,11M,115.57296,696.5379999999999
2022-08-01,11M,184.69732000000002,677.6150000000002
2021-12-01,11M,130.77098,672.783
2026-01-01,11M,68.82847,699.3000000000001
2021-08-01,11N,122.54794999999999,594.8169999999999
2026-03-01,11N,32.08946,604.8580000000001
2022-09-01,11N,181.90678,598.7149999999999
2025-09-01,15A,49.865030000000004,590.1750000000001
2022-10-01,15A,99.89362000000001,574.103
2021-10-01,15A,146.76075000000003,564.0729999999999
2024-09-01,15F,182.56934,936.2060000000002
2024-10-01,15F,152.28377,940.7559999999994
2024-12-01,15F,174.80888,944.579
2025-01-01,15F,212.34421,944.3910000000001
2026-04-01,15F,71.84481,941.1030000000004
2021-06-01,18C,173.03173999999999,808.5459999999999
2025-07-01,18C,110.29275000000001,834.084
2023-07-01,18C,143.42046,824.1579999999998
2024-04-01,18C,165.19430999999997,828.7640000000001
2023-01-01,18C,174.43975,821.3260000000001
2023-09-01,26A,223.04091000000003,1090.5080000000003
2024-11-01,26A,216.39673,1099.844
2022-06-01,36J,185.62709,650.9820000000001
2026-06-01,52R,49.90285,1147.963
2022-05-01,78H,181.84573,813.524
2022-02-01,99F,33.71557,186.18899999999996
2021-11-01,99F,33.59085,186.04500000000004
2022-07-01,99F,33.67374,186.40599999999995
2023-06-01,99G,25.07898,192.198
2024-07-01,99G,39.02334,195.47000000000006
2025-10-01,99G,32.32706,196.63
2024-01-01,99G,36.17579,194.013
2023-05-01,99G,34.06697,191.94199999999995
2025-06-01,99G,26.34084,196.49399999999997
2021-09-01,X2C4Y,86.35002,448.44299999999987
2022-04-01,X2C4Y,79.64291,450.86199999999985
2024-02-01,00Q,23.49437,185.64199999999997
2023-09-01,00X,39.67327,190.82900000000004
2024-11-01,01A,82.32126,410.0470000000001
2025-01-01,01A,97.58347,410.67900000000003
2025-07-01,01E,43.96145,235.945
2023-01-01,01K,86.44527,356.01
2025-11-01,01K,64.77397,355.51499999999993
2025-10-01,01K,64.76892,354.444
2024-01-01,01K,87.72934000000001,356.3859999999999
2025-03-01,01X,38.099360000000004,203.65899999999996
2023-05-01,01X,38.48351,200.7
2022-04-01,01X,36.067800000000005,200.349
2022-09-01,02A,79.92408000000002,247.17600000000002
2025-08-01,02A,44.23619,249.51800000000006
2022-03-01,02G,27.61854,115.211
2026-04-01,02M,16.1776,188.11700000000002
2024-08-01,02T,25.40968,225.267
2025-04-01,03L,47.03876,276.06199999999995
2023-03-01,03R,98.13627,391.97200000000015
2022-08-01,03R,134.23091,389.78700000000003
2023-10-01,03R,87.70107,395.06699999999995
2023-04-01,06N,170.36536,678.3739999999998
2024-09-01,06N,144.10164,690.592
2022-06-01,06N,195.83665000000002,670.7199999999999
2022-01-01,06N,150.70989999999998,668.4899999999999
2025-05-01,06N,90.21321,692.9970000000002
2021-08-01,06Q,88.55296,402.894
2022-05-01,11M,173.1125,675.2129999999995
2022-11-01,11M,170.42379000000003,679.9170000000001
2021-09-01,11M,130.55071999999998,670.6339999999999
2024-10-01,11M,124.85906,694.818
2026-06-01,11N,32.09061,604.889
2026-01-01,15A,64.17932,589.556
2026-02-01,15A,52.330760000000005,588.2539999999999
2025-06-01,15A,83.08947,590.206
2022-02-01,15A,115.47335999999999,568.0729999999999
2025-09-01,15F,94.00489,938.9560000000002
2022-12-01,18C,187.0023,820.9809999999999
2023-06-01,18C,137.51718,823.6020000000004
2023-08-01,18C,140.10524,825.2589999999997
2022-07-01,18C,169.83347000000003,817.7379999999998
2024-12-01,26A,216.22624,1099.9460000000004
2024-05-01,26A,245.32941999999997,1095.7020000000002
2024-07-01,36J,156.80957999999998,668.1669999999999
2025-12-01,36J,89.34012,669.172
2022-10-01,36J,129.98113999999998,653.2370000000002
2021-07-01,36J,166.41625,646.9100000000001
2026-05-01,52R,49.90245,1150.8230000000003
2023-07-01,52R,204.48381,1136.9989999999998
2021-11-01,78H,154.31470000000002,808.0709999999999
2021-10-01,78H,216.62813,807.4469999999999
2025-02-01,99F,35.44931,188.22800000000007
2023-12-01,99F,31.76699,187.34700000000004
2024-06-01,99G,39.02319,195.25199999999998
2021-12-01,99G,39.07443,190.40300000000005
2024-04-01,99G,44.0233,194.582
2024-03-01,99G,36.11141,194.618
2023-02-01,99G,32.26397,191.22500000000002
2026-03-01,M2L0M,32.08946,537.6469999999999
2023-11-01,X2C4Y,74.81409,457.702
2021-06-01,X2C4Y,110.31769,447.83099999999996
2024-04-01,00X,45.15093,191.76899999999998
2026-04-01,01A,36.34007,410.33799999999985
2024-10-01,01H,61.54158,335.9329999999999
2022-11-01,01H,86.97605,331.293
2022-02-01,01H,68.82305,329.10999999999996
2026-02-01,01J,15.8798,174.29799999999997
2024-06-01,01K,77.00136,356.352
2021-06-01,01X,51.8313,199.67000000000002
2024-01-01,01X,50.40053,201.711
2025-01-01,01X,50.79184,203.54700000000003
2024-07-01,01X,50.79415,202.841
2022-08-01,01X,69.46736,200.62099999999998
2023-06-01,02A,51.97696,248.11
2025-04-01,02A,45.89793,249.43999999999997
2026-03-01,02E,15.2528,230.34699999999998
2023-09-01,02G,29.56173,116.79799999999999
2024-05-01,02G,30.03302,117.648
2024-02-01,02M,25.11511,185.444
2025-05-01,02M,36.19242,187.63100000000003
2022-09-01,03R,126.34331999999999,390.2300000000001
2023-10-01,06N,155.03114,683.1969999999998
2024-03-01,06N,160.85590000000002,686.247
2021-08-01,06N,154.18798,665.691
2026-01-01,06N,81.38293,693.3910000000001
2023-05-01,06N,131.6164,679.0659999999998
2023-03-01,06N,171.2893,677.7799999999999
2021-10-01,06N,211.25238000000002,666.989
2023-01-01,06N,178.46080000000003,676.0410000000002
2021-12-01,06Q,88.57267,404.09899999999993
2025-06-01,11M,102.86924,697.1629999999998
2022-06-01,11M,205.91152,675.9929999999998
2024-08-01,11M,81.67643,693.5690000000002
2021-07-01,11M,175.61577999999997,669.4520000000003
2022-10-01,11N,128.18836,599.3460000000001
2026-05-01,11N,32.09035,604.8920000000002
2022-03-01,11N,148.17361000000002,597.4269999999998
2022-07-01,11N,149.41856,598.209
2025-08-01,15A,105.30699000000001,590.2299999999999
2026-06-01,15A,32.09061,584.7649999999999
2025-12-01,15F,149.02275,946.3880000000003
2024-09-01,18C,187.62639000000001,832.4409999999997
2021-09-01,18C,165.90363000000002,812.1539999999998
2025-09-01,18C,103.10568,835.1359999999999
2025-03-01,18C,171.61895,832.7069999999998
2023-08-01,26A,185.70822,1089.962
2025-10-01,26A,217.0376,1103.4249999999993
2025-02-01,26A,216.27877999999998,1100.4140000000002
2024-11-01,36J,138.36751,670.0080000000002
2022-01-01,36J,154.89517,647.9699999999998
2021-11-01,36J,130.33387,646.851
2023-07-01,36J,122.80782,659.3870000000002
2022-12-01,36J,161.7105,655.5580000000002
2023-11-01,52R,190.20418,1141.4659999999997
2023-02-01,99F,31.67336,186.93400000000003
2022-04-01,99F,33.69744,186.227
2025-11-01,99F,36.53869,188.854
2023-04-01,99G,51.83494,191.828
2024-12-01,99G,39.02187,196.309
2022-05-01,99G,56.13919,190.50300000000001
2023-12-01,99G,36.08264,193.84499999999997
2025-07-01,X2C4Y,88.5536,462.5150000000001
2024-06-01,00X,46.860870000000006,192.25799999999998
2024-09-01,00X,46.86147,192.98499999999999
2024-04-01,01H,88.00939,334.49600000000004
2025-08-01,01K,64.76746,355.3130000000001
2022-10-01,01K,102.15958,353.97799999999995
2023-12-01,01X,38.42382,201.61
2023-06-01,01X,45.89851,200.877
2025-09-01,01X,25.39805,204.314
2024-03-01,01X,50.31081,201.94
2022-12-01,01X,49.99769,200.58400000000003
2024-10-01,02A,48.706889999999994,249.45000000000002
2023-05-01,02A,56.18984,247.80799999999994
2022-07-01,02G,29.18556,115.73500000000001
2023-08-01,02M,32.42174,184.80299999999997
2024-12-01,02T,46.18108,225.67499999999998
2025-06-01,03L,47.03925,276.225
2025-07-01,03L,62.0466,276.42599999999993
2026-04-01,03W,32.08994,361.907
2025-11-01,06N,137.38128,694.158
2024-08-01,06N,96.12932,690.3619999999999
2023-11-01,06N,120.35061000000002,684.1589999999998
2022-05-01,06N,220.32344,670.0010000000002
2022-04-01,06N,153.77763,669.7539999999998
2025-12-01,10R,40.90081,234.704
2025-10-01,11M,137.6506,698.933
2026-06-01,11M,40.18247,698.3230000000001
2023-03-01,11M,192.48469999999998,682.2619999999997
2022-02-01,11M,145.41255999999998,674.0269999999999
2022-03-01,11M,176.00024,674.3669999999998
2021-08-01,11M,168.09672,669.8750000000002
2021-06-01,11M,180.44430999999997,668.3589999999997
2022-06-01,11N,206.64751,597.8290000000001
2026-05-01,12F,19.06634,346.29299999999995
2025-03-01,15A,122.61398999999999,589.7339999999999
2026-01-01,15M,134.54125000000002,1144.5980000000002
2025-05-01,18C,164.22341999999998,833.3249999999999
2025-02-01,18C,168.13050000000004,832.6870000000002
2024-07-01,18C,224.24155,831.106
2024-11-01,18C,218.9788,833.1479999999998
2023-04-01,18C,235.09877999999998,822.5030000000003
2022-01-01,18C,198.53024,814.3560000000002
2022-08-01,26A,422.09402000000006,1083.066
2023-02-01,36J,121.80657,656.3530000000001
2021-12-01,36J,168.74407000000002,647.3160000000001
2025-01-01,36J,167.94284,670.083
2021-10-01,36J,205.45511999999997,645.712
2021-09-01,36J,165.01792999999998,645.49
2026-02-01,36J,65.72105,668.1709999999999
2026-03-01,52R,79.60855000000001,1154.7899999999997
2024-02-01,52R,186.63572,1145.156
2021-07-01,78H,213.24308000000002,804.554
2025-04-01,99F,35.73633,188.40800000000007
2022-11-01,99F,57.9049,187.00799999999998
2022-09-01,99G,81.16415,190.74099999999996
2023-09-01,99G,50.76667,193.007
2023-07-01,99G,35.95107,192.484
2024-05-01,X2C4Y,118.46423000000001,459.9470000000001
2021-11-01,X2C4Y,93.0743,448.90600000000006
2024-01-01,X2C4Y,119.16406,458.42399999999986
2023-10-01,X2C4Y,122.87106,457.0299999999999
2023-01-01,X2C4Y,121.61390999999999,453.49099999999993
2026-06-01,01A,36.34083,409.892
2024-05-01,01E,67.64719,230.70800000000003
2021-09-01,01H,84.56008,328.359
2023-12-01,01K,72.6354,356.4120000000001
2022-12-01,01K,122.37034,356.33400000000006
2023-07-01,01X,38.2837,201.07000000000002
2026-01-01,01X,25.40056,204.47000000000003
2023-01-01,01X,60.48675,200.53400000000002
2025-06-01,02A,43.39031,249.40399999999997
2024-11-01,02A,78.78650999999999,249.45400000000004
2023-10-01,02A,67.45515,248.41000000000005
2024-01-01,02A,70.52827,248.561
2023-05-01,02G,29.3932,116.84599999999999
2024-03-01,02G,29.74739,117.55000000000001
2022-04-01,02G,27.63413,115.393
2025-01-01,02G,31.17181,118.33
2025-10-01,02M,37.22939,187.91400000000004
2024-07-01,02M,59.74259,186.12699999999998
2025-02-01,02T,46.18032000000001,225.83700000000002
2025-04-01,02T,51.83562,225.72299999999998
2022-06-01,03R,173.52784,389.18699999999995
2026-05-01,04C,35.31435,443.49300000000005
2023-02-01,06N,135.49468,676.9580000000001
2025-12-01,06N,121.38749999999999,693.6930000000002
2023-08-01,06N,124.3266,682.1170000000001
2022-11-01,06N,213.87579,674.6470000000004
2026-03-01,06Q,31.1823,426.2660000000001
2022-02-01,06Q,88.83267,404.62199999999996
2025-11-01,11M,140.98682000000002,699.1160000000001
2022-07-01,11M,173.94993,676.8079999999997
2022-09-01,11M,290.60417,678.45
2026-04-01,11N,64.17988,605.057
2021-11-01,11N,148.08689999999999,596.418
2025-09-01,11N,75.95372,605.6220000000001
2022-01-01,11N,148.22802000000001,597.016
2021-12-01,11N,196.82542999999998,596.9950000000002
2021-06-01,15A,179.52549,558.3430000000002
2024-08-01,15F,158.28049000000001,936.3110000000003
2026-02-01,15M,115.43508,1144.026
2024-09-01,15M,278.76025,1139.3849999999998
2023-03-01,18C,235.47014000000001,822.3579999999997
2023-11-01,18C,202.09605,826.8870000000002
2024-06-01,18C,211.93504000000001,830.2840000000001
2022-10-01,26A,318.73994999999996,1085.3600000000001
2022-08-01,36J,267.92627,651.8950000000001
2024-02-01,36J,123.52781,664.97
2023-06-01,36J,176.50665,658.6009999999998
2025-03-01,36J,141.32828,669.6820000000002
2022-03-01,36J,186.75232,649.13
2022-05-01,36J,243.90902,650.2900000000001
2024-12-01,36J,142.23163,670.2120000000001
2023-04-01,99F,56.949279999999995,186.88900000000004
2023-09-01,99F,49.62279,187.27399999999997
2025-08-01,99F,36.53503,188.845
2021-10-01,99G,67.11519000000001,190.29500000000002
2021-07-01,99G,53.44204,190.19300000000004
2024-10-01,99G,39.023880000000005,195.82099999999997
2025-07-01,M1J4Y,280.8402,1148.492
2021-08-01,X2C4Y,153.36096,448.2549999999999
2024-04-01,X2C4Y,123.58606999999999,459.47100000000006
2025-05-01,X2C4Y,94.73723,462.39200000000005
2024-04-01,01E,67.64748,230.21199999999996
2024-11-01,01E,78.80051,233.30600000000004
2022-06-01,01H,149.0931,329.67
2021-07-01,01H,99.17847,327.77599999999995
2024-08-01,01H,60.51822,335.762
2022-04-01,01H,79.56501,329.17100000000005
2022-03-01,01H,96.35334999999999,329.14200000000005
2022-11-01,01K,126.21914,355.94
2023-11-01,01K,87.44145,355.92699999999996
2025-04-01,01X,50.79427,203.72099999999998
2024-09-01,01X,50.79461,203.223
2023-04-01,02A,83.45979,247.74200000000005
2023-08-01,02A,75.06481000000001,248.47999999999996
2024-05-01,02A,77.5163,248.975
2021-11-01,03R,120.95682000000001,387.33000000000004
2026-06-01,03W,32.09061,361.90299999999996
2022-08-01,06N,280.61124,672.4389999999999
2023-12-01,06N,160.74702,684.8830000000002
2025-02-01,06N,150.02981,692.738
2025-08-01,06N,137.9061,694.3019999999999
2026-04-01,06N,81.6811,691.477
2025-10-01,06Q,109.60303,426.28800000000007
2026-02-01,11M,72.6976,698.6720000000001
2021-09-01,11N,173.31545,595.4230000000001
2026-01-01,15F,127.72574,945.424
2025-03-01,15F,216.57414,944.5230000000003
2025-05-01,15F,197.09814,943.2420000000001
2024-01-01,15M,328.97623,1131.4120000000003
2025-09-01,15M,158.72229,1145.059
2024-10-01,18C,260.86206000000004,832.903
2023-09-01,18C,247.06969,826.0649999999996
2023-05-01,18C,235.04794999999996,822.7900000000001
2024-03-01,18C,213.20608000000001,828.5249999999999
2024-02-01,18C,159.69554,828.1550000000002
2024-12-01,18C,193.06105,833.1869999999999
2025-06-01,18C,162.46278999999998,833.6059999999998
2021-10-01,26A,381.25861,1079.483
2021-06-01,26A,444.36545,1075.3229999999999
2026-03-01,27D,64.96303,824.4939999999998
2025-07-01,36J,169.23349,669.7949999999997
2021-12-01,78H,323.80115,808.8779999999999
2023-10-01,99F,56.67083,187.249
2023-01-01,99G,58.865899999999996,190.94500000000005
2021-08-01,99G,74.77498,190.359
2025-01-01,99G,54.70866,196.38800000000003
2022-10-01,99G,56.03837,190.571
2026-05-01,99G,16.1654,196.40000000000006
2022-12-01,99G,70.60571,190.85700000000003
2022-09-01,M1J4Y,483.87297000000007,1086.844
2022-02-01,X2C4Y,105.69008000000001,449.87200000000007
2022-01-01,X2C4Y,154.9141,449.573
2022-05-01,X2C4Y,172.73655,450.823
2025-11-01,X2C4Y,108.63988,462.55
2022-07-01,X2C4Y,133.27045999999999,451.3460000000001
2025-12-01,X2C4Y,95.93542,462.35200000000015
2024-06-01,X2C4Y,120.45660000000001,460.23799999999994
2023-03-01,X2C4Y,142.34853999999999,454.5710000000001
2023-07-01,X2C4Y,96.91468,456.11099999999993
2023-02-01,X2C4Y,108.74779000000001,454.09999999999997
2024-07-01,X2C4Y,156.46583,460.392
2023-06-01,X2C4Y,123.78290999999999,455.7019999999997
2024-02-01,00X,44.78376,191.49599999999995
2025-06-01,01A,82.31043,411.21100000000007
2025-09-01,01A,111.69135,411.90700000000004
2026-05-01,01A,36.34053,410.1840000000001
2022-07-01,01H,149.01972,329.97299999999996
2022-08-01,01H,153.54807,330.3290000000001
2023-11-01,01H,89.20821,333.833
2024-03-01,01H,87.15961,334.454
2023-06-01,01K,102.44842,355.536
2023-04-01,01K,127.07702,355.64
2026-01-01,01V,20.130090000000003,128.89200000000002
2024-07-01,02A,88.89226000000001,249.01500000000001
2025-01-01,02A,76.49754999999999,249.404
2025-05-01,02A,67.19109,249.41099999999997
2023-12-01,02A,70.90539000000001,248.504
2026-02-01,02E,32.08926,230.624
2025-04-01,02G,31.1733,118.29499999999999
2022-09-01,02G,58.3488,115.83
2022-11-01,02G,47.69514,116.48
2022-02-01,02G,27.649,115.173
2026-03-01,02M,16.17734,188.13000000000005
2024-10-01,03L,92.01254,274.79799999999994
2022-12-01,03R,151.65412999999998,391.1400000000001
2021-11-01,06N,255.04697,667.1409999999998
2021-12-01,06N,326.55699,667.79
2025-07-01,06N,176.63194,693.7500000000001
2024-12-01,10R,58.236459999999994,235.99800000000005
2024-05-01,11X,202.14818000000002,605.2850000000001
2024-04-01,11X,188.88521,604.6129999999998
2021-07-01,15A,172.49536,559.6350000000001
2026-04-01,15A,75.2676,586.8720000000001
2025-11-01,15M,285.60977,1145.4600000000005
2025-12-01,15M,243.11370000000002,1145.0269999999998
2024-08-01,18C,155.8922,831.844
2026-06-01,18C,76.05190999999999,832.6409999999997
2025-08-01,18C,168.14023,834.4800000000001
2022-06-01,26A,587.73398,1081.736
2021-09-01,26A,447.77671000000004,1077.94
2021-08-01,26A,426.18683,1077.0720000000001
2022-01-01,26A,547.75542,1081.2279999999994
2024-06-01,36J,193.10642,667.7530000000002
2022-04-01,36J,183.00896999999998,650.0210000000002
2021-06-01,36J,269.36643,646.0630000000001
2023-08-01,36J,199.90073,660.048
2022-05-01,99F,78.39475999999999,186.3
2022-10-01,99F,62.298019999999994,186.955
2023-03-01,99F,63.341,186.85799999999998
2023-01-01,99F,63.30988,186.94000000000003
2023-07-01,99F,49.71265,186.93900000000002
2023-05-01,99F,56.97191,186.82000000000005
2024-01-01,99F,63.69797,187.356
2025-02-01,99G,49.67331,196.51999999999995
2024-09-01,99G,54.71165,195.85300000000004
2023-02-01,M1J4Y,350.35388,1097.6820000000002
2024-11-01,M1J4Y,416.7824,1143.8699999999997
2025-10-01,M1J4Y,296.40796,1149.79
2023-10-01,M1J4Y,370.15294,1115.7939999999996
2022-03-01,X2C4Y,171.46232999999998,450.4290000000001
2025-03-01,X2C4Y,151.51355999999998,462.39600000000013
2023-09-01,X2C4Y,141.92379,456.75800000000015
2021-10-01,X2C4Y,179.83227000000002,448.81999999999994
2026-03-01,01A,36.33953,410.522
2025-01-01,01E,78.80021,234.01500000000001
2021-10-01,01H,138.19398999999999,328.484
2023-04-01,01H,118.88801,332.065
2021-11-01,01H,163.16010999999997,328.483
2021-08-01,01H,155.15587,328.03200000000004
2024-04-01,01K,115.50227,355.83400000000006
2023-09-01,01K,112.19984,355.01
2023-03-01,01X,70.42752999999999,200.72
2025-10-01,02A,64.39388,249.431
2022-08-01,02A,124.00378999999998,246.787
2024-01-01,02G,44.07826,117.36499999999998
2025-09-01,02G,32.08648,118.26899999999999
2023-01-01,02G,42.47931,116.62800000000003
2024-12-01,02G,31.17206,118.28399999999999
2021-06-01,02G,55.00366,113.919
2025-02-01,02G,31.17153,118.32400000000003
2022-10-01,02G,58.29516,116.20300000000002
2021-07-01,02G,61.79425,113.90300000000002
2026-05-01,03W,32.09035,361.925
2025-07-01,04C,145.02186,449.184
2022-07-01,06N,317.59017,671.7160000000001
2022-02-01,06N,176.23548999999997,669.0080000000003
2026-02-01,06Q,62.36421,426.24799999999993
2024-07-01,10R,86.2958,235.583
2024-11-01,10R,86.29220000000001,235.87
2026-04-01,11M,91.48969,698.3459999999999
2022-04-01,11N,173.64571,597.612
2022-06-01,11X,336.39777,595.589
2023-07-01,11X,226.10212,601.286
2025-03-01,11X,205.33898000000002,608.0279999999999
2024-09-01,11X,184.48468,607.3040000000001
2023-02-01,11X,216.17376,599.7270000000002
2025-12-01,11X,133.25874,607.8410000000001
2026-06-01,15M,105.22914999999999,1142.9979999999998
2024-06-01,15M,366.61177,1136.079
2024-08-01,15M,224.87409000000002,1138.46
2022-01-01,15M,816.86568,1107.32
2025-04-01,18C,233.91628,833.1280000000003
2022-05-01,26A,492.54559,1081.017
2022-03-01,26A,468.8695599999999,1080.8410000000006
2021-12-01,26A,639.6723599999999,1080.943
2024-10-01,36J,224.28349000000003,669.6800000000002
2025-08-01,36J,141.34026999999998,669.9430000000001
2025-11-01,36J,169.25059,669.555
2021-09-01,78H,364.14922,806.9480000000002
2023-11-01,99F,86.54585999999999,187.30899999999997
2024-05-01,99F,64.85994,187.442
2025-05-01,99G,54.99366,196.40700000000004
2023-10-01,99G,65.75996,193.15300000000002
2026-01-01,99G,32.08966,196.655
2023-08-01,M1J4Y,367.19516999999996,1112.172
2022-12-01,M1J4Y,511.43278,1093.1879999999999
2023-06-01,M1J4Y,473.58886999999993,1106.835
2023-12-01,M1J4Y,410.91256000000004,1122.322
2025-06-01,X2C4Y,94.73783,462.521
2023-05-01,X2C4Y,159.82008,455.34900000000005
2022-09-01,X2C4Y,236.99354000000002,451.68600000000004
2024-03-01,X2C4Y,153.91189,459.2249999999999
2022-11-01,X2C4Y,201.96002,452.93899999999996
2024-02-01,X2C4Y,189.31482000000003,458.88700000000006
2025-08-01,01E,55.54543,236.214
2024-09-01,01E,78.80452,231.64200000000002
2024-01-01,01H,133.74352,334.1840000000001
2022-09-01,01H,177.37071000000003,330.864
2021-06-01,01H,176.70704999999998,327.51400000000007
2023-08-01,01H,113.09705,333.19800000000015
2023-12-01,01H,169.2587,334.108
2023-10-01,01K,144.72758,355.08799999999997
2026-05-01,01X,19.009320000000002,204.51199999999997
2025-12-01,02A,56.49218,249.11799999999997
2024-03-01,02A,83.92818,248.61099999999996
2022-03-01,02A,111.54635999999999,245.50900000000004
2025-02-01,02A,70.20434,249.54700000000003
2022-08-01,02G,58.3402,115.77899999999998
2021-12-01,02G,68.63706,114.973
2022-12-01,02G,58.3619,116.603
2021-10-01,02G,55.0415,114.284
2021-09-01,02G,89.31485,113.972
2022-05-01,02G,70.19977,115.458
2021-08-01,02G,55.12392,113.83100000000002
2023-02-01,02M,68.65245,184.267
2025-03-01,02T,81.29925,225.685
2026-03-01,03W,32.08946,361.809
2025-07-01,03W,117.21197000000001,361.18600000000004
2025-09-01,03W,103.82484,362.00200000000007
2026-01-01,04C,73.47763,448.211
2025-04-01,04V,120.43709,423.925
2025-06-01,10R,86.29688999999999,235.51500000000001
2024-10-01,11X,207.25207,607.577
2025-05-01,11X,192.53429,607.9869999999999
2024-02-01,11X,258.47919,604.4709999999999
2025-01-01,11X,207.06022000000002,608.448
2022-01-01,11X,449.60226000000006,593.933
2026-02-01,11X,93.49336,606.6049999999999
2023-06-01,11X,344.32501,600.972
2026-04-01,12F,62.74513,346.24
2023-05-01,15M,529.6420899999999,1121.1430000000003
2023-03-01,15M,775.0859599999999,1119.6940000000004
2022-07-01,15M,694.05763,1112.1250000000002
2023-09-01,15M,405.4419800000001,1126.3380000000004
2023-07-01,15M,435.0608,1123.553
2024-12-01,15M,302.61807999999996,1141.0009999999995
2023-11-01,15M,560.75687,1129.2740000000003
2021-11-01,26A,586.47794,1080.2539999999997
2022-04-01,26A,435.77254000000005,1080.827
2022-02-01,26A,598.3857100000001,1081.121
2021-07-01,26A,608.1850799999999,1076.3609999999999
2024-08-01,36J,138.3744,668.9859999999998
2025-10-01,36J,199.95593000000002,669.723
2024-05-01,36J,238.97212000000002,667.1250000000001
2022-11-01,36J,335.55011,654.7640000000001
2024-07-01,99F,70.90248,187.78300000000004
2024-04-01,99F,64.86021,187.421
2024-06-01,99F,64.86008,187.64600000000002
2023-04-01,M1J4Y,410.55909,1103.1360000000002
2025-11-01,M1J4Y,293.78227,1149.5929999999996
2023-01-01,M1J4Y,661.7785500000001,1094.9449999999997
2022-10-01,X2C4Y,263.30888000000004,452.2610000000001
2022-06-01,X2C4Y,277.43987999999996,451.1530000000001
2026-06-01,X2C4Y,44.214150000000004,460.4759999999999
2024-11-01,X2C4Y,169.08545,461.93500000000023
2025-05-01,01E,80.94171999999999,235.35399999999998
2023-02-01,01H,175.92296,331.82099999999997
2023-07-01,01H,145.32876,332.772
2023-05-01,01H,175.14439,332.2390000000001
2023-01-01,01H,205.60806000000002,331.621
2023-04-01,02G,58.76304,116.85200000000002
2022-01-01,02G,89.62174999999999,115.05499999999999
2026-06-01,02T,30.5067,225.09300000000005
2025-11-01,02T,62.714240000000004,225.833
2025-12-01,03W,96.49775,362.05299999999994
2026-03-01,04C,50.072089999999996,445.724
2021-06-01,06K,521.88903,613.543
2021-09-01,06K,514.52677,615.7130000000001
2021-07-01,06K,501.42223,614.7160000000003
2026-05-01,06N,76.92465000000001,691.0409999999998
2024-10-01,10R,86.297,235.35000000000002
2025-10-01,10R,81.7933,234.41400000000002
2024-09-01,10R,86.29658,235.144
2025-03-01,10R,86.29026,235.74500000000003
2025-08-01,11M,179.65688,697.7499999999998
2022-04-01,11X,399.68734,594.5270000000003
2024-11-01,11X,249.7737,607.936
2024-12-01,11X,187.32974000000002,608.1749999999998
2023-12-01,11X,318.30107,603.8649999999999
2023-10-01,11X,283.56378,602.6790000000001
2023-03-01,11X,421.21328000000005,600.026
2022-09-01,11X,398.40946999999994,597.48
2022-02-01,11X,480.56225000000006,594.0310000000001
2024-01-01,11X,290.27759000000003,604.0309999999998
2024-07-01,15F,404.1681500000001,936.6619999999999
2026-02-01,15F,149.01977,943.6490000000003
2022-05-01,15M,834.7167800000001,1110.3919999999998
2022-03-01,15M,891.8761,1108.6350000000004
2022-06-01,15M,900.91268,1111.5360000000003
2021-08-01,15M,807.2080699999999,1103.9910000000004
2024-02-01,15M,551.87038,1132.3290000000006
2023-06-01,15M,691.10886,1122.2149999999997
2021-10-01,15M,757.09327,1105.5030000000002
2022-08-01,15M,727.95351,1112.8839999999998
2022-11-01,15M,701.97505,1116.057
2021-12-01,15M,1052.8303899999999,1106.7409999999998
2023-08-01,15M,553.1223699999999,1125.116
2021-11-01,15M,883.4469199999997,1105.868
2026-04-01,26A,217.13704,1099.9040000000005
2022-07-01,26A,678.05304,1082.501
2026-01-01,36J,114.33944,668.709
2025-06-01,99F,71.47341,188.594
2025-07-01,99G,64.41221,196.594
2025-09-01,99G,59.22604,196.78300000000002
2024-06-01,M1J4Y,439.72435999999993,1136.3210000000001
2024-05-01,M1J4Y,597.90744,1134.7740000000001
2022-10-01,M1J4Y,715.8988799999998,1087.552
2024-03-01,M1J4Y,427.09265,1129.8949999999998
2023-09-01,M1J4Y,636.4680999999999,1114.1559999999997
2024-04-01,M1J4Y,410.4149,1131.2380000000003
2023-11-01,M1J4Y,570.5625399999999,1119.1029999999996
2024-08-01,X2C4Y,103.31818,460.80999999999995
2022-12-01,X2C4Y,250.48129999999998,453.408
2025-02-01,X2C4Y,142.40456999999998,462.218
2025-04-01,X2C4Y,132.71836,462.36600000000004
2025-01-01,X2C4Y,168.50081,462.077
2025-07-01,01A,136.08645,411.4389999999999
2025-11-01,01A,118.63372,411.49399999999997
2025-10-01,01A,148.02823,411.76500000000004
2022-01-01,01H,294.51433000000003,329.01599999999996
2023-08-01,02G,62.88929,116.83099999999999
2022-06-01,02G,101.9129,115.612
2025-08-01,02G,32.08591,118.392
2023-11-01,02G,68.36229,117.29499999999999
2023-06-01,02G,74.64116,116.861
2025-01-01,02T,93.52992,225.73700000000002
2026-04-01,02T,45.16999,225.28699999999998
2026-06-01,04C,70.47722999999999,442.393
2022-12-01,06K,427.34938999999986,620.2160000000001
2022-04-01,06K,500.23086,616.9079999999997
2021-12-01,06K,586.83317,616.2349999999999
2021-10-01,06K,458.94745,615.5160000000001
2025-06-01,06K,327.74183000000005,636.5110000000001
2026-02-01,10R,40.89999,233.68899999999996
2024-08-01,10R,86.29649,235.36800000000002
2026-01-01,10R,40.9005,234.354
2025-04-01,10R,69.0472,235.827
2021-09-01,11X,533.4743000000001,592.3360000000004
2022-11-01,11X,479.4896,598.868
2023-04-01,11X,348.45871,600.3129999999998
2021-11-01,11X,500.9275,593.144
2021-08-01,11X,520.7404499999999,591.3429999999998
2023-01-01,11X,386.80295,599.2420000000001
2022-07-01,11X,511.97214,596.3710000000002
2023-09-01,11X,351.13428999999996,602.608
2022-05-01,11X,471.9811000000001,594.8400000000003
2024-06-01,11X,284.95691000000005,605.6790000000001
2022-03-01,11X,488.96652,594.2510000000002
2026-05-01,15A,75.26965,585.92
2026-03-01,15A,75.26874000000001,587.1649999999998
2022-02-01,15M,969.42758,1108.0530000000003
2021-07-01,15M,977.9475799999999,1103.1930000000007
2024-04-01,15M,507.25239999999997,1133.8020000000004
2023-02-01,15M,786.9520200000002,1118.8899999999999
2024-03-01,15M,475.25291999999996,1133.1200000000001
2022-10-01,15M,788.4625000000001,1114.9459999999997
2025-02-01,15M,397.17990999999995,1142.2219999999998
2024-05-01,15M,612.45883,1135.1780000000006
2023-10-01,15M,553.4893000000001,1127.4319999999998
2024-07-01,15M,524.95015,1137.283
2024-11-01,15M,548.72095,1140.5850000000005
2023-12-01,15M,780.20656,1130.6760000000002
2021-06-01,15M,1028.2330200000001,1102.1599999999999
2022-09-01,26A,805.28354,1083.979
2024-10-01,99F,70.90347,188.02600000000004
2025-05-01,99F,71.47283,188.526
2024-01-01,M1J4Y,582.44939,1124.5410000000002
2025-09-01,M1J4Y,378.57363,1149.3099999999995
2024-02-01,M1J4Y,652.24305,1127.8790000000001
2025-12-01,M1J4Y,363.90549999999996,1149.5500000000002
2023-05-01,M1J4Y,623.0599999999998,1104.4859999999999
2023-07-01,M1J4Y,611.87154,1109.1219999999996
2022-08-01,M1J4Y,711.76958,1084.9589999999996
2023-03-01,M1J4Y,812.7704600000001,1100.7240000000004
2025-03-01,M1J4Y,431.69985999999994,1146.9860000000003
2024-09-01,X2C4Y,182.52651000000003,461.1519999999999
2024-12-01,X2C4Y,148.71829,462.115
2025-12-01,01A,140.02391,411.34900000000005
2024-01-01,01E,155.48771,229.44400000000002
2023-03-01,01H,270.08457,332.026
2024-05-01,01H,187.44851999999997,334.8819999999999
2024-12-01,02A,80.44931000000001,249.45000000000005
2025-11-01,02G,37.42233,118.69099999999999
2024-06-01,02G,70.2628,117.66099999999999
2023-07-01,02G,69.7475,116.864
2024-11-01,02T,109.95555999999999,225.57500000000002
2026-02-01,03W,64.40655000000001,361.90299999999996
2021-08-01,06H,887.14914,1001.63
2023-02-01,06H,1067.9503699999998,1031.4690000000003
2023-05-01,06K,534.84711,623.3190000000002
2023-01-01,06K,578.3727600000001,620.619
2021-11-01,06K,539.7760000000001,616.0050000000001
2023-06-01,06K,556.1352099999999,624.208
2023-09-01,06K,502.97042999999996,626.4469999999998
2022-02-01,06K,564.2235700000001,617.0379999999999
2022-10-01,06K,508.98999,618.4050000000001
2022-03-01,06K,566.0989099999999,617.16
2024-04-01,06K,420.23025999999993,631.8519999999999
2025-05-01,06K,269.01833,636.2620000000002
2022-09-01,06K,483.06915,618.0550000000001
2024-02-01,06K,496.40794,630.2640000000002
2022-07-01,06K,596.7047800000001,617.6840000000001
2022-05-01,06K,524.2938500000001,616.8030000000001
2023-10-01,06K,442.30207,626.8349999999999
2023-12-01,06K,472.19464000000005,629.0659999999999
2022-06-01,06K,556.50381,617.206
2022-01-01,06K,644.06628,616.463
2026-04-01,06Q,87.76538,426.746
2026-06-01,06Q,69.10572,426.4719999999999
2025-07-01,10R,87.69409999999999,235.32100000000003
2025-01-01,10R,126.02592999999999,235.834
2025-02-01,10R,86.29109,235.722
2026-03-01,11M,91.48832,698.2349999999997
2023-08-01,11X,440.22506000000004,601.8950000000001
2021-07-01,11X,650.9625799999999,590.6470000000002
2022-12-01,11X,420.92996,599.2590000000001
2021-10-01,11X,554.4126200000001,592.8630000000004
2022-08-01,11X,521.23038,596.7929999999999
2021-06-01,11X,550.89315,589.6769999999999
2024-03-01,11X,329.56432,604.387
2024-07-01,11X,286.13615,606.1650000000001
2021-12-01,11X,574.59874,593.3699999999999
2023-11-01,11X,384.48043,603.326
2025-08-01,11X,209.97897,608.706
2025-06-01,11X,315.35879,608.1670000000003
2021-09-01,15M,1202.9658599999998,1104.7910000000002
2026-05-01,15M,148.13748,1143.4659999999992
2023-04-01,15M,944.8275500000001,1120.3689999999997
2022-04-01,15M,1030.15533,1109.7640000000001
2026-01-01,27D,145.39619000000002,824.7529999999995
2025-03-01,99F,71.46791,188.25600000000003
2025-10-01,99F,73.07169,188.83399999999997
2025-09-01,99F,65.73397,188.84800000000004
2024-09-01,99F,75.41869,187.962
2025-04-01,99G,62.549,196.274
2024-08-01,M1J4Y,421.9647499999999,1140.113
2022-11-01,M1J4Y,920.3592399999999,1090.3810000000003
2024-10-01,X2C4Y,192.5845,461.64000000000004
2024-12-01,01E,78.80083,233.794
2024-11-01,01H,164.0956,336.215
2023-09-01,01H,279.24339,333.51800000000003
2023-06-01,01H,332.93368000000004,332.4320000000001
2025-07-01,02A,118.96214,249.34600000000003
2026-01-01,02A,44.24134,248.91100000000006
2024-02-01,02G,93.06045999999999,117.47000000000001
2024-07-01,02G,62.34646,117.728
2023-12-01,02G,92.85677000000001,117.42299999999999
2022-03-01,06H,1134.61708,1013.211
2024-03-01,06H,812.3155199999999,1046.3629999999998
2021-10-01,06H,1149.2460899999999,1004.3230000000003
2022-04-01,06H,1077.39091,1013.9850000000004
2021-12-01,06H,1174.75834,1010.2180000000001
2021-09-01,06H,1230.0584799999997,1002.4359999999995
2022-06-01,06H,1234.23341,1016.6010000000002
2022-07-01,06H,1090.46548,1018.1569999999999
2023-10-01,06H,994.61636,1039.4799999999998
2022-05-01,06H,1078.46721,1014.8039999999999
2021-11-01,06H,1068.73211,1008.074
2021-06-01,06H,1327.0902199999998,996.9649999999998
2021-07-01,06H,1222.40696,1000.0230000000001
2022-01-01,06H,1321.0782100000001,1011.681
2022-02-01,06H,1050.3496,1012.3840000000004
2022-11-01,06H,1014.81758,1026.88
2023-07-01,06K,467.32443,624.6920000000001
2021-08-01,06K,643.9450099999999,615.246
2023-02-01,06K,657.4368,621.4169999999999
2024-05-01,06K,403.2640200000001,632.443
2023-04-01,06K,637.9408799999999,622.9800000000004
2022-08-01,06K,643.77648,617.9390000000001
2023-08-01,06K,471.47605000000004,625.65
2025-10-01,06K,269.29677,637.946
2024-01-01,06K,481.43849,629.463
2023-11-01,06K,610.82702,628.224
2023-03-01,06K,570.72345,622.2829999999999
2026-02-01,06N,139.15197,692.4020000000002
2026-03-01,06N,114.50676,691.645
2025-09-01,10R,85.01651000000001,234.135
2024-06-01,10R,145.98823,235.767
2024-04-01,10R,168.9556,235.88400000000001
2022-10-01,11X,571.91091,598.141
2023-05-01,11X,531.55121,600.5980000000001
2026-05-01,15F,154.11778999999999,938.9430000000001
2025-03-01,15M,593.3597599999999,1142.1700000000003
2025-06-01,15M,599.83789,1143.3339999999998
2025-01-01,15M,716.7860100000001,1141.4219999999996
2025-04-01,15M,403.09638999999993,1142.5460000000007
2022-12-01,15M,873.95122,1117.5110000000002
2022-09-01,15M,973.86653,1114.0569999999998
2023-01-01,15M,1284.34321,1118.0339999999999
2024-10-01,15M,516.9528399999999,1140.1630000000002
2024-08-01,99F,70.90306,187.889
2025-12-01,99G,75.39752,196.78800000000004
2025-11-01,99G,64.41872,196.484
2024-09-01,M1J4Y,560.0802899999999,1140.9940000000004
2025-02-01,M1J4Y,510.86534,1147.1440000000002
2026-06-01,M1J4Y,194.49151,1144.5659999999998
2025-08-01,M1J4Y,450.04175,1149.7579999999998
2025-05-01,M1J4Y,628.73557,1147.3300000000002
2026-04-01,X2C4Y,96.54361,461.74300000000017
2024-12-01,00X,78.03134,193.389
2025-08-01,01A,182.58092,411.884
2025-02-01,01E,109.97103000000001,234.612
2025-11-01,01E,78.68032,239.36199999999994
2024-10-01,02G,62.34732,117.82
2025-06-01,02G,62.34724,118.40799999999999
2023-02-01,02G,128.76250000000002,116.686
2023-10-01,02G,142.46101,117.075
2024-09-01,02T,112.73523,225.445
2025-09-01,02T,94.79553999999999,226.035
2024-11-01,03L,176.27983,275.17900000000003
2025-12-01,04C,189.83725,449.0040000000001
2026-02-01,04C,94.17376,446.6820000000001
2021-12-01,04Y,180.88197,135.952
2022-01-01,04Y,230.24079,135.94300000000004
2022-04-01,04Y,195.18776,136.11100000000002
2022-07-01,04Y,207.25633,136.286
2022-10-01,06H,1163.7239900000002,1023.0810000000002
2022-09-01,06H,1283.64048,1020.9880000000005
2024-05-01,06H,818.3507800000001,1048.261
2024-04-01,06H,922.4305599999999,1047.011
2023-07-01,06H,1163.9132399999996,1037.018
2023-01-01,06H,1307.39626,1029.644
2024-02-01,06H,928.6536600000001,1045.978
2023-08-01,06H,1119.39049,1038.1129999999998
2023-11-01,06H,1182.64935,1042.8670000000002
2023-03-01,06H,1405.01312,1032.3459999999998
2022-12-01,06H,1316.9411400000001,1028.7049999999997
2023-06-01,06H,1103.37125,1035.144
2023-09-01,06H,1187.7893000000001,1038.3509999999997
2024-01-01,06H,1161.90859,1045.1000000000001
2023-12-01,06H,967.21044,1044.688
2023-04-01,06H,1233.6900500000002,1032.8739999999998
2024-03-01,06K,540.28666,631.2530000000002
2025-03-01,06K,352.08585000000005,635.867
2022-11-01,06K,666.2073199999999,619.529
2026-06-01,06N,138.54099,690.1429999999999
2022-03-01,06T,664.1190100000001,365.51799999999986
2022-05-01,06T,498.38303999999994,366.03300000000013
2021-08-01,06T,618.9028400000001,362.5110000000001
2022-02-01,06T,510.545,365.29
2021-06-01,06T,791.1296299999999,361.98099999999994
2023-05-01,06T,453.4592,371.22399999999993
2021-11-01,06T,585.2653999999999,363.51899999999995
2022-06-01,06T,475.49636999999996,366.277
2022-08-01,06T,453.92737000000005,366.669
2025-05-01,10R,132.85634,235.62400000000002
2026-05-01,11M,116.39786999999998,698.4509999999999
2024-08-01,11X,262.60054,606.853
2025-04-01,11X,231.42739,607.8870000000002
2026-03-01,15F,193.69965,941.9460000000003
2024-06-01,15F,634.85721,937.1719999999999
2025-07-01,15M,552.00217,1143.8440000000007
2025-10-01,15M,483.77631999999994,1145.5970000000002
2026-04-01,36J,149.20892,667.0759999999999
2021-09-01,99E,541.21197,285.44199999999995
2021-07-01,99E,693.4562099999999,284.681
2021-10-01,99E,604.08685,285.16700000000003
2024-07-01,M1J4Y,620.0407899999999,1137.905
2025-01-01,M1J4Y,728.1152999999999,1145.9869999999994
2026-01-01,X2C4Y,95.93483,462.28800000000007
2024-07-01,01H,189.64456,335.407
2026-01-01,02E,50.15420999999999,230.768
2025-03-01,02G,67.67466,118.27600000000001
2024-09-01,02G,78.21259,117.754
2025-12-01,02G,64.1798,118.70299999999999
2024-08-01,02G,67.67954,117.757
2025-11-01,04C,149.15431999999998,449.41399999999993
2025-08-01,04C,204.60216000000003,448.6000000000001
2022-11-01,04Y,183.45067,136.69299999999998
2022-03-01,04Y,330.19662,136.029
2021-10-01,04Y,320.20358,135.845
2022-01-01,05Q,438.00429,217.805
2022-06-01,05V,297.06944,152.561
2024-03-01,05V,318.2648,155.346
2023-01-01,05V,351.43093999999996,153.29200000000003
2023-06-01,05V,322.94391,154.185
2022-08-01,06H,1315.77554,1019.34
2023-05-01,06H,1367.3192500000005,1033.6429999999998
2024-10-01,06K,434.70513,634.396
2024-11-01,06K,542.61252,635.1719999999999
2025-07-01,06K,323.98032,636.7850000000001
2024-06-01,06K,597.09464,632.563
2022-09-01,06T,479.05742000000004,366.795
2024-04-01,06T,425.45819000000006,375.99100000000004
2021-09-01,06T,730.0057400000001,362.78
2023-07-01,06T,553.72722,372.10099999999994
2023-09-01,06T,698.5488799999998,372.73999999999995
2023-04-01,06T,682.40797,370.92600000000004
2021-12-01,06T,601.9735499999999,364.582
2022-10-01,06T,556.4927500000001,366.927
2022-12-01,06T,590.4238700000001,369.02600000000007
2023-10-01,06T,660.42203,372.5680000000001
2023-02-01,06T,628.70637,370.29299999999995
2023-03-01,06T,608.31091,370.58899999999994
2023-08-01,06T,643.35407,372.419
2023-11-01,06T,525.9656,373.53999999999996
2024-01-01,06T,615.3287300000001,375.075
2022-07-01,06T,597.94093,366.60200000000003
2021-07-01,06T,906.1727299999999,362.14700000000005
2024-02-01,06T,474.2646,375.50299999999993
2023-12-01,06T,727.8228700000001,374.7109999999999
2022-02-01,07K,580.11668,271.03600000000006
2024-05-01,10R,216.64297,236.01700000000002
2025-10-01,11X,259.00287000000003,608.5540000000001
2025-09-01,11X,259.75411,608.8050000000002
2025-02-01,11X,286.93998,608.5960000000001
2026-02-01,12F,74.23393,346.411
2021-08-01,15C,1938.6668,1046.749
2025-05-01,15M,695.88977,1142.8430000000003
2026-06-01,99A,124.93806,597.8459999999999
2026-05-01,99A,103.70063,599.0539999999997
2022-04-01,99E,439.49439000000007,285.888
2021-06-01,99E,679.60522,284.553
2022-05-01,99E,461.19343000000003,286.125
2021-11-01,99E,697.1525099999999,285.098
2025-01-01,99F,141.79853,188.157
2026-04-01,99G,48.255129999999994,196.51499999999996
2026-03-01,M1J4Y,263.38204,1146.882
2024-12-01,M1J4Y,630.13985,1145.2040000000002
2025-06-01,M1J4Y,681.2455600000001,1147.879
2025-04-01,M1J4Y,557.79358,1146.9699999999993
2025-12-01,01F,76.03623,136.068
2025-03-01,02A,180.15208,249.344
2025-11-01,02A,119.35746000000002,249.25200000000004
2024-04-01,02G,139.15207,117.60200000000003
2025-07-01,02G,64.1718,118.37
2024-05-01,02T,309.26823999999993,224.81299999999996
2026-01-01,02T,54.211369999999995,225.79
2025-05-01,02T,165.81775000000002,225.76100000000002
2025-06-01,03W,219.0002,360.89500000000004
2025-04-01,03W,180.91422999999998,360.3419999999999
2025-09-01,04C,220.47101,447.7859999999998
2025-10-01,04C,303.76919000000004,448.517
2022-06-01,04Y,324.98708000000005,136.21699999999998
2023-01-01,04Y,318.97935,136.829
2021-06-01,04Y,334.53815,135.64800000000002
2023-10-01,05D,335.91003,152.035
2024-02-01,05D,285.13620000000003,152.93699999999998
2023-07-01,05D,342.71743000000004,151.428
2023-09-01,05D,360.32596,151.919
2021-09-01,05D,365.96693,147.58300000000003
2022-12-01,05Q,529.85005,219.82
2022-02-01,05Q,478.77337000000006,218.01800000000003
2022-10-01,05Q,427.64815000000004,219.50199999999998
2021-08-01,05V,297.49474,151.265
2023-03-01,05V,263.3845,153.69300000000004
2023-05-01,05V,342.05449,153.989
2023-08-01,05V,278.86126,154.73100000000002
2022-08-01,05V,265.3437,152.786
2024-01-01,05V,393.82967,155.231
2023-11-01,05V,378.06806,155.083
2022-03-01,05V,388.35490000000004,152.112
2021-07-01,05W,754.23732,296.549
2025-02-01,06H,646.2188600000001,1056.5639999999999
2024-06-01,06H,1034.1397100000002,1048.9149999999997
2024-11-01,06H,910.02115,1054.3159999999998
2024-08-01,06H,792.79702,1049.7020000000002
2024-12-01,06H,746.1829100000001,1055.1680000000001
2025-01-01,06K,576.84834,635.213
2025-08-01,06K,314.49385,637.1389999999999
2024-09-01,06K,484.12007,633.546
2024-07-01,06K,432.37782999999996,632.869
2022-05-01,06L,1056.8410600000002,410.46000000000004
2021-11-01,06L,1006.1228199999999,409.1799999999999
2024-03-01,06T,893.40111,375.64300000000003
2022-11-01,06T,728.48942,367.813
2021-10-01,06T,905.6984,362.832
2022-01-01,06T,819.4268099999999,365.02599999999995
2023-06-01,06T,788.49758,371.62800000000004
2022-04-01,07K,467.87710000000004,271.35400000000004
2023-02-01,15C,2499.1517400000002,1070.1249999999998
2026-06-01,15F,204.6688,935.759
2023-12-01,15N,3570.651080000001,1292.3590000000002
2026-03-01,36J,175.18124,667.4839999999999
2026-05-01,36J,127.91403,666.478
2026-04-01,99A,147.28913999999997,599.3449999999997
2021-12-01,99E,595.2710699999999,285.2859999999999
2023-04-01,99E,537.68868,288.957
2022-09-01,99E,512.78204,287.26899999999995
2026-02-01,M1J4Y,290.88125,1147.8779999999997
2024-10-01,M1J4Y,786.25128,1141.8750000000002
2022-07-01,M1J4Y,1991.19369,1083.2599999999995
2021-06-01,00V,536.0091,207.89999999999998
2026-01-01,01A,103.6831,411.34800000000007
2026-06-01,01J,40.12256,174.30100000000002
2025-09-01,02A,133.76707,249.553
2026-02-01,02A,64.28883,248.65699999999998
2024-11-01,02G,109.38055,118.19200000000001
2025-07-01,02T,134.11903999999998,225.807
2022-09-01,04Y,290.36948,136.53199999999998
2022-08-01,04Y,275.15604,136.408
2021-07-01,04Y,349.52272000000005,135.72
2024-04-01,05D,266.31324,153.144
2024-06-01,05D,370.46437000000003,153.69099999999997
2023-03-01,05Q,591.5448,220.54800000000003
2021-11-01,05Q,552.5634600000001,217.586
2022-07-01,05Q,436.6266499999999,218.995
2023-02-01,05Q,572.14936,220.22899999999998
2023-09-01,05V,443.44098,154.89999999999998
2022-01-01,05V,387.51803000000007,151.851
2022-12-01,05V,387.16174000000007,153.22100000000003
2022-11-01,05V,397.88023000000004,153.11
2021-12-01,05V,326.30517,151.82500000000002
2021-08-01,05W,605.99854,296.5549999999999
2024-09-01,06H,868.5742399999999,1050.257
2025-01-01,06H,986.3882,1055.879
2025-04-01,06H,708.36145,1056.555
2025-10-01,06H,745.4666,1058.2310000000004
2025-06-01,06H,795.20542,1057.448
2025-05-01,06H,991.9479000000001,1056.8869999999997
2025-03-01,06H,783.25129,1056.5620000000001
2024-10-01,06H,795.99944,1050.6809999999991
2024-07-01,06H,934.88504,1049.4219999999998
2024-08-01,06K,526.87477,633.4150000000001
2025-11-01,06K,351.62764,638.117
2024-12-01,06K,511.24897,635.3829999999999
2025-02-01,06K,572.8335099999999,635.661
2026-05-01,06Q,86.62884,426.59099999999995
2023-01-01,06T,950.5336500000001,369.51900000000006
2022-04-01,06T,681.0553799999999,365.77700000000004
2022-05-01,07K,741.9954599999999,271.575
2026-03-01,12F,97.79442,346.26399999999995
2023-12-01,15C,3145.17317,1084.3629999999998
2023-08-01,15C,2146.4771599999995,1075.355
2023-05-01,15C,2536.73043,1072.593
2022-06-01,15C,2826.4219100000005,1061.5400000000004
2024-05-01,15F,1840.18091,937.3859999999999
2026-04-01,15M,314.55312000000004,1143.5180000000003
2025-08-01,15M,617.83555,1144.6179999999995
2023-06-01,15N,3794.7034100000005,1283.4230000000005
2022-03-01,15N,3358.2724199999993,1270.7350000000001
2024-03-01,15N,3261.7315500000004,1293.577
2023-04-01,15N,3303.4225099999994,1283.3749999999998
2024-02-01,99E,550.66528,292.325
2023-11-01,99E,726.8101200000001,291.59799999999996
2023-10-01,99E,659.7014700000001,291.22200000000004
2023-07-01,99E,782.80143,290.12399999999997
2024-01-01,99E,761.3809799999999,292.09299999999996
2022-02-01,99E,680.0612800000001,285.523
2022-10-01,99E,644.6948299999999,287.40200000000004
2025-12-01,99F,109.61869,188.43999999999997
2021-10-01,A3A8R,6355.96029,2325.553
2021-09-01,A3A8R,6319.2239899999995,2319.1529999999993
2026-02-01,00R,56.44435,178.103
2026-06-01,02A,68.03236,247.653
2025-10-01,02G,101.59268,118.444
2025-08-01,02T,166.20503000000002,225.916
2025-05-01,03W,400.70448999999996,360.68699999999995
2026-04-01,04C,122.47454,444.8599999999999
2025-03-01,04V,400.09551,423.826
2023-05-01,04Y,347.12376,137.36700000000002
2022-10-01,04Y,344.58776,136.58200000000002
2023-07-01,04Y,374.20522000000005,137.72299999999998
2023-06-01,04Y,407.39092999999997,137.50300000000001
2024-05-01,05D,322.22284,153.539
2024-11-01,05D,246.99016999999998,154.57600000000002
2024-07-01,05D,285.28104999999994,153.93300000000002
2022-02-01,05G,523.52699,218.08899999999994
2023-03-01,05G,617.45045,218.50499999999997
2022-05-01,05Q,607.82734,218.49
2021-08-01,05Q,485.76266999999996,217.05800000000005
2022-06-01,05Q,584.59985,218.79299999999995
2022-07-01,05V,360.8735899999999,152.627
2022-04-01,05V,300.30708000000004,152.256
2025-09-01,06H,626.78877,1058.0279999999998
2025-12-01,06H,662.2461099999999,1059.53
2025-04-01,06K,562.0614499999999,635.9350000000001
2023-10-01,06L,1218.0844,415.239
2024-09-01,06T,517.74433,377.21999999999997
2025-02-01,06T,547.6504,379.517
2025-06-01,06T,582.65281,380.252
2024-10-01,06T,516.10334,377.128
2024-06-01,06T,957.9415600000001,376.75199999999995
2024-12-01,06T,433.69084999999995,379.07400000000007
2024-08-01,06T,526.49382,377.166
2021-10-01,07K,765.2318900000001,270.202
2021-07-01,07K,734.99107,269.39
2022-01-01,07K,701.5421700000002,270.79900000000004
2025-07-01,11X,387.33529000000004,608.25
2025-11-01,11X,445.62636999999995,608.2269999999997
2022-12-01,15C,2764.6332900000007,1067.5890000000004
2021-09-01,15C,2931.451049999999,1047.257
2026-03-01,15M,360.13661,1143.5269999999996
2023-09-01,15N,3790.31345,1284.8780000000004
2021-11-01,15N,3288.55004,1267.8299999999995
2023-11-01,15N,3752.36725,1291.3180000000004
2023-02-01,15N,3403.1016299999997,1282.1239999999998
2024-02-01,15N,3496.40268,1293.4290000000005
2022-09-01,15N,3115.443019999999,1274.0499999999997
2024-01-01,36L,4767.156830000002,1762.8890000000004
2024-04-01,99E,693.7269699999999,292.83299999999997
2022-11-01,99E,779.66616,287.6930000000001
2024-03-01,99E,794.88799,292.7189999999999
2022-08-01,99E,594.06746,287.03800000000007
2023-08-01,99E,588.4306,290.565
2023-12-01,99E,848.98457,291.894
2023-01-01,99E,754.77864,287.96999999999997
2021-12-01,A3A8R,6311.049579999999,2339.5660000000007
2022-03-01,A3A8R,6327.0922299999975,2355.2459999999996
2023-04-01,A3A8R,6959.566939999997,2409.864999999999
2021-06-01,A3A8R,6059.835419999999,2296.8590000000004
2025-01-01,D9Y0V,4003.1621599999994,1930.5660000000007
2026-01-01,M1J4Y,381.34758,1148.5810000000004
2026-05-01,X2C4Y,96.54459,461.3500000000001
2026-01-01,01E,80.95247,239.382
2026-05-01,01F,32.09035,135.899
2026-03-01,02A,80.91686,248.44900000000004
2026-04-01,02G,37.42326,118.58699999999999
2025-10-01,02T,241.68124,225.987
2025-03-01,03W,627.8381899999999,360.23100000000005
2025-06-01,04C,741.1364,449.3739999999999
2023-03-01,04Y,388.80134999999996,137.11300000000003
2023-12-01,04Y,410.4194100000001,139.18499999999997
2023-05-01,05D,381.86578,150.94899999999998
2024-03-01,05D,419.96689000000003,153.06799999999998
2023-04-01,05D,435.23057,150.64899999999997
2025-02-01,05Q,364.03822999999994,222.949
2023-07-01,05Q,616.3869500000001,221.12799999999996
2022-09-01,05Q,573.26231,219.44299999999996
2022-08-01,05Q,488.06601,219.17399999999998
2023-08-01,05Q,457.84776000000005,221.30899999999997
2024-04-01,05Q,587.29161,221.23499999999999
2022-04-01,05Q,509.4813699999999,218.38300000000004
2024-01-01,05Q,608.246,221.08299999999997
2022-10-01,05V,386.71254000000005,153.02299999999997
2022-02-01,05V,382.53283,151.99200000000002
2024-06-01,05V,440.71316,155.765
2025-07-01,06H,879.4900700000001,1058.0180000000003
2025-11-01,06H,867.6001700000002,1059.876
2025-08-01,06H,837.7022000000001,1058.4060000000002
2025-09-01,06K,528.63879,637.2789999999998
2022-12-01,06L,1211.7657699999997,412.3810000000001
2024-02-01,06L,1216.0935299999999,416.074
2021-08-01,06L,1030.8033,408.668
2025-01-01,06T,786.9864599999999,379.2009999999999
2024-05-01,06T,856.97821,376.50200000000007
2024-11-01,06T,699.49605,378.423
2025-05-01,06T,530.24929,380.1369999999999
2025-04-01,06T,418.34790999999996,379.9320000000001
2024-07-01,06T,843.03743,377.02099999999996
2021-11-01,07K,717.18695,270.23499999999996
2022-05-01,15C,3047.02583,1060.5840000000003
2022-03-01,15C,3061.194229999999,1059.637
2021-12-01,15C,2873.2750399999995,1055.0399999999997
2023-11-01,15C,3160.8584300000007,1083.0059999999996
2021-09-01,15N,3579.4294999999993,1261.0319999999997
2021-07-01,15N,3475.0803599999986,1259.5620000000001
2021-10-01,15N,3605.1871500000007,1264.7960000000003
2021-06-01,15N,3350.5320699999997,1258.5330000000008
2023-10-01,15N,3959.8222199999996,1289.1519999999994
2025-12-01,27D,604.7087099999999,825.0900000000001
2026-06-01,36J,188.89096999999998,664.8219999999999
2023-09-01,36L,5403.3884499999995,1756.1100000000006
2022-11-01,36L,5278.84383,1740.349
2024-09-01,99E,664.5763200000001,294.45700000000005
2024-10-01,99E,693.30749,294.5990000000001
2022-07-01,99E,728.7149999999999,286.653
2024-12-01,99E,521.63916,295.1
2024-08-01,99E,550.38699,294.11199999999997
2022-06-01,99E,767.79445,286.357
2022-01-01,99E,745.89857,285.32699999999994
2023-02-01,99E,799.7589300000001,288.259
2023-01-01,A3A8R,7093.868859999999,2395.805999999999
2023-06-01,A3A8R,7392.402190000001,2418.6969999999983
2026-02-01,X2C4Y,155.93389000000002,462.06200000000007
2021-07-01,00V,580.7658,208.01699999999997
2026-02-01,01F,56.234500000000004,135.914
2026-04-01,02A,84.42128,248.176
2025-06-01,02T,481.83433,225.67
2021-11-01,04Y,381.06177,135.872
2024-09-01,05D,396.38947999999993,154.278
2024-08-01,05D,312.03144,154.219
2024-01-01,05D,432.43904,152.669
2025-08-01,05D,125.83766,155.347
2024-05-01,05Q,525.50222,221.62900000000002
2025-10-01,05Q,340.03631,224.109
2025-05-01,05Q,423.14049,223.41899999999998
2023-06-01,05Q,685.32422,220.988
2025-01-01,05Q,604.63242,222.79699999999997
2023-05-01,05Q,564.5586400000001,220.78799999999998
2024-10-01,05Q,572.14212,222.328
2025-04-01,05Q,347.17695000000003,223.234
2023-10-01,05Q,687.21352,220.75300000000001
2024-12-01,05Q,509.4907,222.746
2021-10-01,05V,452.77207,151.477
2024-02-01,05V,467.84851,155.284
2021-06-01,05W,823.82525,296.509
2021-12-01,05W,860.49989,297.3620000000001
2025-12-01,06K,491.40279000000004,637.842
2026-01-01,06K,233.2475,637.6220000000001
2023-03-01,06L,1252.49543,413.18799999999993
2022-02-01,06L,1081.64605,409.98199999999997
2022-10-01,06L,1044.5532599999997,411.77000000000004
2025-11-01,06T,615.7976099999998,381.7660000000001
2025-03-01,06T,674.47146,379.65700000000004
2025-07-01,06T,487.73231999999996,380.38300000000004
2022-11-01,07K,880.9163500000001,273.56600000000003
2021-09-01,07K,807.9497799999998,270.163
2026-06-01,11X,179.00358,605.0620000000001
2026-03-01,11X,207.3672,606.21
2023-07-01,15C,3096.3396299999995,1074.806
2023-09-01,15C,3313.3139800000004,1076.4220000000003
2022-09-01,15C,2951.2356899999995,1062.723
2022-08-01,15C,2551.35694,1062.333
2022-06-01,15N,3528.5033700000004,1272.427
2023-01-01,15N,4069.6310799999997,1280.8940000000002
2021-08-01,15N,3240.7383400000003,1260.5950000000003
2022-12-01,36L,5151.664209999999,1742.2720000000002
2023-08-01,36L,4507.46077,1753.7620000000004
2024-03-01,36L,5363.720080000003,1763.761000000001
2023-04-01,36L,5084.481230000001,1748.8529999999994
2024-04-01,36L,5520.58459,1764.1040000000005
2023-11-01,36L,5350.81748,1758.724
2022-03-01,99E,838.2310100000001,285.6550000000001
2024-06-01,99E,832.09141,293.56299999999993
2024-07-01,99E,770.50303,293.703
2023-02-01,A3A8R,7236.1904300000015,2400.732000000001
2022-04-01,A3A8R,6178.141630000001,2359.7369999999996
2022-05-01,A3A8R,7017.497960000001,2362.469000000001
2022-01-01,A3A8R,6184.202280000001,2346.009
2022-07-01,A3A8R,6536.977459999997,2369.624000000001
2023-12-01,A3A8R,7260.099219999996,2447.611000000001
2025-02-01,D9Y0V,4230.910609999999,1930.7220000000002
2024-11-01,D9Y0V,4923.822809999999,1930.2029999999995
2025-09-01,D9Y0V,3903.097879999999,1930.2369999999994
2026-05-01,M1J4Y,273.86691,1145.824
2026-03-01,01E,83.17532,239.09400000000002
2025-04-01,01H,701.1558200000001,336.77900000000005
2025-12-01,01V,111.60872999999998,128.96200000000002
2026-02-01,02T,102.64533999999999,225.643
2021-09-01,04Y,427.80651,135.87300000000002
2023-12-01,05D,469.63637000000006,152.367
2025-01-01,05D,439.14336000000003,154.88500000000002
2024-03-01,05G,708.7858600000001,231.35900000000007
2025-03-01,05Q,445.66141,223.023
2021-12-01,05Q,646.96292,217.66400000000002
2025-06-01,05Q,503.83348,223.47000000000003
2023-04-01,05V,455.99994999999996,153.785
2022-05-01,05V,470.55194000000006,152.36100000000002
2026-04-01,06K,242.77772,636.2700000000001
2023-01-01,06L,1359.5156999999997,412.79200000000014
2022-08-01,06L,990.59022,411.563
2023-07-01,06L,1254.7617200000002,414.2629999999998
2021-10-01,06L,1227.1428799999999,409.15400000000005
2024-11-01,06L,1172.1350800000002,418.25800000000004
2023-11-01,06L,1363.61313,415.4269999999999
2022-04-01,06L,1102.12661,410.28099999999995
2025-09-01,06T,787.10842,380.932
2025-10-01,06T,711.7400100000001,381.123
2025-08-01,06T,352.47503,380.672
2021-06-01,07K,773.1393800000001,268.81200000000007
2026-05-01,11X,145.87606,605.4329999999999
2026-01-01,11X,258.94289000000003,607.4079999999998
2024-01-01,15C,3074.1606100000004,1084.8379999999995
2024-02-01,15C,3297.04879,1085.942
2022-11-01,15C,3462.03721,1066.6909999999998
2024-05-01,15N,3084.3566299999998,1294.067
2023-03-01,15N,4058.0545,1282.854
2024-08-01,15N,3360.5577000000008,1293.9599999999998
2022-02-01,15N,3446.59535,1270.2069999999997
2022-07-01,15N,3622.5688099999998,1272.9759999999999
2023-08-01,15N,3399.8171900000007,1284.5549999999994
2024-06-01,15N,3770.0778600000003,1294.0520000000004
2024-07-01,15N,3498.657579999999,1293.9010000000003
2024-04-01,15N,4140.44976,1293.7369999999999
2022-01-01,36L,4606.285669999999,1726.2480000000007
2022-09-01,36L,5033.026170000003,1736.8979999999997
2022-03-01,36L,5233.862229999998,1728.7779999999998
2023-02-01,36L,5470.21367,1745.4370000000001
2023-05-01,99E,740.86383,289.34999999999997
2023-09-01,99E,923.8090799999999,291.046
2023-06-01,99E,934.03923,289.735
2025-02-01,99E,704.78941,295.73499999999996
2026-06-01,99G,59.23366,196.19499999999996
2023-10-01,A3A8R,7621.829520000002,2434.4480000000017
2021-11-01,A3A8R,6547.508160000001,2333.359
2022-12-01,A3A8R,7316.917600000002,2392.4249999999997
2021-08-01,A3A8R,5969.234730000001,2313.3940000000016
2022-06-01,A3A8R,6586.889030000002,2366.4320000000002
2021-07-01,A3A8R,6988.2311199999995,2306.9249999999997
2022-10-01,A3A8R,6360.16883,2379.710999999999
2024-10-01,D9Y0V,5000.8514000000005,1928.178000000001
2025-05-01,D9Y0V,4563.052649999999,1930.5109999999997
2025-11-01,D9Y0V,3746.73865,1932.537
2024-09-01,D9Y0V,5112.0175199999985,1924.7620000000002
2024-12-01,D9Y0V,4714.447220000002,1930.5610000000001
2025-07-01,D9Y0V,3877.41402,1930.6410000000003
2026-01-01,01J,76.53713,174.272
2026-05-01,01T,63.10908,161.65000000000003
2023-11-01,05D,500.88523999999995,152.16
2022-06-01,05D,431.68057,148.453
2025-08-01,05G,364.44701,230.84900000000002
2024-11-01,05Q,635.4939099999999,222.43799999999996
2021-07-01,05Q,689.7842599999999,216.769
2025-07-01,05Q,509.23638,223.67100000000002
2023-01-01,05Q,751.38428,219.93299999999996
2024-04-01,05V,507.22153999999995,155.444
2024-09-01,05V,468.15423000000004,156.18099999999998
2024-07-01,05V,463.69882,155.81699999999998
2022-10-01,05W,903.62779,299.315
2026-02-01,06H,564.21498,1057.3399999999997
2021-12-01,06L,1235.9467200000001,409.41099999999994
2024-08-01,06L,1131.37634,417.711
2023-08-01,06L,1189.38667,414.61599999999993
2022-11-01,06L,1337.1843400000002,411.96899999999994
2023-02-01,06L,1304.3908000000001,413.0919999999999
2023-05-01,06L,1066.73885,413.455
2024-05-01,07K,680.92472,278.11100000000005
2022-03-01,07K,831.5699900000001,271.26300000000003
2021-08-01,07K,718.9996100000001,269.83700000000005
2026-04-01,11X,231.38146,605.7959999999998
2022-01-01,15C,3066.9290500000006,1057.2500000000002
2021-11-01,15C,2953.4021000000002,1052.3740000000003
2023-10-01,15C,3501.65497,1079.148
2023-04-01,15C,3337.63632,1071.9519999999998
2022-07-01,15C,3081.9139499999997,1062.335
2024-03-01,15C,3362.0686100000003,1087.116
2022-02-01,15C,2905.3937600000004,1059.117
2021-06-01,15C,3190.259899999999,1044.1709999999998
2025-09-01,15N,3188.33793,1295.9740000000006
2024-12-01,15N,3284.27453,1298.448
2024-01-01,15N,3910.24943,1292.7059999999992
2022-12-01,15N,3991.9733599999995,1279.7090000000003
2022-05-01,15N,3976.2297300000005,1271.2050000000002
2024-10-01,15N,3916.241290000001,1297.2440000000006
2025-02-01,15N,3330.6371899999995,1298.0140000000004
2022-04-01,36L,4698.353969999999,1729.5939999999998
2023-06-01,36L,6173.12625,1749.0460000000007
2023-03-01,36L,5874.065649999999,1747.3499999999988
2021-09-01,36L,5571.870360000002,1719.1129999999998
2024-06-01,36L,5528.048310000002,1769.4549999999995
2023-07-01,36L,5309.41442,1751.464
2023-12-01,36L,5433.179520000002,1761.2070000000008
2021-10-01,36L,5163.06764,1719.922
2024-02-01,36L,5397.031150000002,1764.269
2022-09-01,72Q,6298.727750000002,2059.3599999999997
2022-08-01,72Q,5466.849560000001,2057.7989999999995
2025-12-01,99A,746.0203000000001,602.5210000000002
2025-11-01,99A,1243.2623299999998,603.0669999999999
2025-05-01,99E,728.87129,295.9040000000001
2025-10-01,99E,718.02527,296.466
2025-01-01,99E,902.0836000000003,295.333
2026-06-01,99F,73.66985,187.867
2026-03-01,99G,75.39649000000001,196.53900000000002
2023-09-01,A3A8R,7852.480240000001,2432.3569999999995
2025-04-01,D9Y0V,4278.20457,1930.2260000000006
2025-06-01,D9Y0V,4461.25243,1930.460000000001
2025-03-01,D9Y0V,3997.2209299999995,1930.2389999999991
2025-12-01,02T,303.82008,225.84699999999998
2025-05-01,04C,1145.2074799999998,449.503
2023-09-01,04Y,450.27943,138.941
2022-02-01,04Y,374.04402,136.02900000000002
2022-10-01,05D,462.68769,149.307
2025-06-01,05D,359.28972,155.137
2023-08-01,05D,441.01126,151.63699999999997
2024-10-01,05D,487.0440300000001,154.375
2023-06-01,05D,552.1139800000001,151.11200000000002
2025-11-01,05G,495.71687999999995,231.38100000000003
2021-09-01,05G,724.1464200000001,216.933
2025-01-01,05G,719.12979,230.986
2021-08-01,05G,591.66764,216.79500000000004
2021-07-01,05G,693.27647,216.845
2022-11-01,05Q,717.8907300000001,219.69499999999996
2024-07-01,05Q,662.08889,221.97700000000003
2024-12-01,05V,401.17865,156.442
2025-09-01,05V,430.88163,157.14800000000002
2021-10-01,05W,898.99623,296.7610000000001
2026-06-01,06K,294.36863,635.4970000000001
2026-02-01,06K,367.45464000000004,636.8999999999997
2024-06-01,06L,1349.13859,416.98699999999997
2024-03-01,06L,1303.44067,416.27
2022-03-01,06L,1348.5584699999997,410.12500000000006
2024-01-01,06L,1283.7108,415.8929999999999
2022-06-01,07K,828.0550199999998,272.00600000000003
2022-07-01,07K,844.8224100000002,272.283
2025-02-01,15C,3300.1229799999996,1096.005
2023-03-01,15C,3623.13078,1071.161
2022-04-01,15C,2893.4548799999993,1060.5900000000006
2025-07-01,15N,3147.66802,1296.1820000000005
2022-01-01,15N,3726.382310000001,1269.9150000000002
2024-09-01,15N,3916.8853200000003,1293.8589999999997
2021-12-01,15N,3978.0400200000004,1269.288
2025-04-01,15N,3376.1718800000003,1297.2560000000003
2022-05-01,36L,5601.03719,1730.5730000000005
2022-08-01,36L,4665.91136,1735.3249999999985
2021-06-01,36L,5288.6334400000005,1711.6489999999997
2024-04-01,72Q,6957.216489999999,2106.9919999999993
2021-11-01,72Q,6324.839879999999,2041.659
2023-01-01,72Q,7102.947790000002,2069.4820000000004
2023-12-01,72Q,6852.2964299999985,2098.2530000000015
2023-02-01,72Q,6565.287730000001,2072.7059999999997
2023-04-01,72Q,6771.90759,2075.8349999999996
2023-10-01,72Q,6917.438390000001,2089.4400000000014
2026-03-01,99A,239.41265,599.4830000000002
2026-01-01,99A,319.01445,602.0159999999997
2025-03-01,99E,613.1609199999999,295.752
2024-05-01,99E,809.38826,293.28700000000003
2024-11-01,99E,915.32821,294.94500000000005
2022-12-01,99E,941.0436199999999,287.933
2025-08-01,99E,518.55866,296.521
2026-05-01,99F,73.66926,187.95200000000006
2026-04-01,99F,73.66831,187.931
2024-02-01,A3A8R,8381.929949999998,2455.184999999999
2023-11-01,A3A8R,8734.251050000004,2441.1630000000005
2023-05-01,A3A8R,7076.704229999999,2412.845
2023-07-01,A3A8R,7567.094270000004,2423.9399999999996
2022-09-01,A3A8R,7317.2152099999985,2375.4969999999994
2024-08-01,D9Y0V,5375.81544,1923.9710000000014
2025-10-01,D9Y0V,4715.026599999999,1932.8149999999996
2026-02-01,01E,141.50043,239.279
2026-04-01,01F,70.18492,135.885
2026-05-01,02A,97.23363,247.96699999999998
2025-12-01,02E,312.70992999999993,230.829
2023-04-01,04Y,449.28950999999995,137.19
2023-10-01,04Y,472.85547,139.06900000000002
2024-01-01,04Y,457.64966999999996,139.316
2025-03-01,04Y,304.60337,140.45500000000004
2022-03-01,05D,547.43587,148.09400000000002
2022-01-01,05D,440.92328,147.758
2025-10-01,05G,616.1407300000002,231.37399999999997
2024-08-01,05Q,621.95743,222.22600000000003
2024-03-01,05Q,698.9252700000001,221.15099999999998
2025-08-01,05Q,406.10425,223.843
2025-07-01,05V,414.7188500000001,156.93599999999998
2022-09-01,05V,473.55105000000003,152.98800000000003
2023-07-01,05V,488.30161000000004,154.488
2026-03-01,06K,257.45311000000004,636.3859999999999
2021-06-01,06L,1261.74213,407.54700000000014
2024-07-01,06L,1353.94874,417.33000000000004
2024-05-01,06L,1266.3236499999998,416.67399999999986
2025-02-01,06L,1348.9153099999996,418.8
2023-12-01,06L,1505.21329,415.60100000000006
2022-10-01,07K,847.3084399999999,273.31699999999995
2023-02-01,07K,891.06427,274.484
2022-08-01,07K,754.97958,272.72
2026-06-01,12F,180.52382,346.11299999999994
2025-09-01,12F,996.3918800000004,346.812
2026-01-01,12F,190.84216,346.50899999999996
2025-11-01,12F,845.1327800000001,346.56500000000005
2023-01-01,15C,3768.4567700000002,1068.95
2025-04-01,15C,2959.75567,1096.733
2024-10-01,15C,3488.0670900000005,1090.7500000000002
2024-06-01,15C,3702.44462,1089.5110000000002
2023-06-01,15C,3938.2637699999996,1073.7099999999998
2024-11-01,15C,3418.5727900000006,1093.1409999999996
2021-10-01,15C,3191.96292,1049.8900000000003
2024-09-01,15C,3335.65985,1089.096
2024-04-01,15C,3621.4079999999994,1087.8630000000003
2024-12-01,15C,3373.54259,1094.9759999999999
2025-05-01,15N,3356.7656700000007,1296.818
2025-01-01,15N,4326.855420000002,1298.178
2022-04-01,15N,3575.81329,1271.298000000001
2021-12-01,36L,5707.446469999999,1724.1040000000005
2021-07-01,36L,5914.229679999999,1715.7059999999994
2021-08-01,36L,4942.297330000001,1718.5240000000006
2022-06-01,36L,5496.70745,1732.3809999999999
2022-07-01,36L,5474.726940000001,1734.1569999999983
2021-11-01,36L,5432.513310000002,1721.2460000000005
2023-05-01,36L,5279.209850000001,1748.1730000000007
2023-09-01,72Q,7238.745210000001,2087.0499999999984
2022-12-01,72Q,7021.974870000003,2068.752
2021-09-01,72Q,7538.862529999999,2036.6050000000005
2022-05-01,72Q,6934.951099999998,2053.393
2023-11-01,72Q,7738.206599999999,2094.952
2024-02-01,72Q,7400.915040000003,2103.4200000000014
2025-06-01,99E,705.61215,296.13400000000007
2023-08-01,A3A8R,7463.466559999999,2428.740999999998
2022-02-01,A3A8R,6741.084610000006,2350.5610000000015
2023-03-01,A3A8R,8428.032799999999,2406.0229999999992
2022-11-01,A3A8R,7820.769010000002,2386.2149999999992
2022-01-01,00V,662.74776,208.532
2025-12-01,01J,241.09694,174.36
2025-05-01,04Y,392.17899000000006,140.519
2024-05-01,04Y,427.72012,139.866
2023-01-01,05D,531.67018,149.96
2025-03-01,05D,360.58342,155.035
2024-12-01,05D,521.0087500000001,154.83299999999997
2024-09-01,05Q,691.7079800000001,222.33500000000004
2024-06-01,05Q,766.57111,221.82500000000005
2023-11-01,05Q,869.32394,220.90000000000003
2022-03-01,05Q,814.8806900000001,218.15700000000004
2023-04-01,05Q,734.46822,220.763
2023-02-01,05V,518.4024900000001,153.464
2021-09-01,05V,565.94519,151.39499999999998
2021-11-01,05V,488.36972999999995,151.654
2025-04-01,05V,438.46351000000004,156.68200000000002
2022-12-01,05W,1026.4083800000003,300.7869999999999
2022-04-01,05W,939.6932300000001,298.1140000000001
2026-01-01,06H,804.48732,1059.42
2026-03-01,06H,728.6634700000001,1056.047
2026-05-01,06H,576.21128,1053.384
2026-06-01,06H,659.0704499999999,1050.3110000000004
2025-06-01,06L,1071.3972,419.643
2022-09-01,06L,1330.2750999999998,411.82800000000003
2021-07-01,06L,1538.6567200000004,408.02799999999996
2023-09-01,06L,1625.2212399999992,415.0300000000001
2022-06-01,06L,1317.6832600000002,410.77
2023-12-01,07K,1014.63826,276.847
2025-01-01,07K,969.3013299999999,280.0769999999999
2024-02-01,07K,1023.8287799999999,277.20900000000006
2025-10-01,12F,933.0691300000001,346.829
2024-08-01,15C,3057.60513,1089.6409999999996
2022-10-01,15C,3344.62887,1063.7050000000002
2025-07-01,15C,3070.14828,1096.3819999999996
2025-09-01,15C,3167.4402399999994,1095.7540000000008
2025-08-01,15N,2663.5562500000005,1295.988
2022-08-01,15N,3538.5300899999993,1273.264
2022-11-01,15N,4249.146169999999,1277.9830000000002
2023-05-01,15N,4006.7789300000004,1282.968
2023-07-01,15N,4118.66572,1284.1930000000002
2024-11-01,15N,4067.270839999999,1298.157
2025-11-01,15N,3360.7735299999995,1299.6919999999998
2022-02-01,36L,5054.3346299999985,1727.7180000000008
2023-10-01,36L,6106.257060000001,1756.5039999999995
2021-12-01,72Q,6993.0849100000005,2044.9000000000005
2023-06-01,72Q,7893.307820000001,2078.4699999999993
2023-03-01,72Q,7598.317439999999,2074.556000000001
2021-06-01,72Q,6682.99466,2024.3419999999996
2022-07-01,72Q,7019.304210000001,2055.9700000000007
2024-03-01,72Q,7707.674000000001,2105.8709999999996
2021-10-01,72Q,6731.378879999998,2038.7539999999988
2023-08-01,72Q,6409.394219999999,2085.1169999999997
2021-08-01,72Q,5934.618319999998,2035.2330000000004
2024-01-01,72Q,8255.004640000003,2099.9360000000006
2026-02-01,99A,362.01982000000004,600.681
2024-04-01,A3A8R,8465.145690000001,2449.1070000000013
2025-02-01,A3A8R,8299.861839999998,2473.956999999997
2024-07-01,A3A8R,8179.43024,2455.4450000000006
2024-10-01,A3A8R,8788.740880000005,2455.1540000000027
2026-04-01,M1J4Y,603.36548,1146.928
2022-05-01,M1J4Y,3708.9250099999995,1078.992
2026-06-01,01T,101.98533,161.682
2026-03-01,02T,198.84494,225.42599999999996
2025-04-01,04C,1310.5792000000001,450.15899999999993
2023-08-01,04Y,444.7789,137.965
2024-03-01,04Y,518.24924,139.65
2022-05-01,04Y,476.00831,136.116
2024-06-01,04Y,486.84513000000004,139.99099999999999
2023-02-01,04Y,492.68415,136.91700000000003
2025-02-01,05D,523.52043,155.0
2022-07-01,05D,509.44697999999994,148.635
2023-12-01,05G,878.1098999999999,231.11299999999994
2024-07-01,05G,810.98535,231.13099999999997
2023-07-01,05G,771.9568099999999,230.32200000000003
2024-11-01,05G,814.5749900000001,231.4120000000001
2023-11-01,05G,986.19137,230.917
2022-12-01,05G,762.46564,218.45900000000003
2024-10-01,05G,851.1744199999999,231.294
2025-09-01,05Q,700.8189299999998,223.99200000000002
2024-02-01,05Q,885.4772200000001,221.09599999999998
2021-10-01,05Q,722.9849699999999,217.56400000000002
2021-09-01,05Q,815.55557,217.281
2023-09-01,05Q,892.9670799999999,220.636
2021-06-01,05Q,752.26182,216.553
2023-10-01,05V,549.74109,154.95799999999997
2025-03-01,05V,386.94863,156.5
2025-06-01,05V,423.95675,156.782
2023-04-01,05W,1151.13419,302.526
2021-11-01,05W,1019.8032400000001,296.98299999999995
2026-04-01,06H,785.3936199999999,1055.0869999999998
2024-04-01,06L,1476.0521999999999,416.35999999999996
2023-06-01,06L,1589.23783,413.74399999999997
2024-09-01,06L,1377.75112,418.013
2021-12-01,07K,941.98191,270.47700000000003
2022-09-01,07K,888.96918,273.097
2025-12-01,12F,608.58747,346.51100000000014
2025-05-01,15C,3396.05012,1096.8759999999997
2025-01-01,15C,3864.52984,1095.435
2025-10-01,15N,3584.5837300000003,1300.0510000000004
2025-11-01,27D,2252.1732099999995,824.6989999999998
2022-10-01,36L,5493.2569699999995,1737.8760000000004
2024-05-01,36L,5751.92444,1767.917000000001
2023-01-01,36L,6372.51077,1743.2730000000004
2026-05-01,71E,634.2215999999999,824.3850000000001
2021-07-01,72Q,7676.706670000001,2030.7189999999996
2024-08-01,72Q,6301.756240000001,2115.456000000001
2022-04-01,72Q,6700.599250000001,2052.559000000001
2023-05-01,72Q,7705.510559999999,2075.9280000000003
2024-12-01,72Q,7302.817729999999,2123.2130000000006
2022-11-01,72Q,7807.454779999999,2065.2409999999995
2022-06-01,72Q,6977.530690000003,2055.028000000001
2022-02-01,72Q,6083.731570000003,2049.9099999999994
2022-03-01,72Q,7743.266750000002,2050.9349999999995
2021-08-01,99E,919.0567199999999,285.05699999999996
2025-07-01,99E,929.85835,296.25100000000003
2023-03-01,99E,1068.9616999999998,288.49
2026-02-01,99F,146.15533,188.056
2022-08-01,A3A8R,7059.547880000002,2372.238000000001
2024-01-01,A3A8R,9895.717749999998,2451.5260000000003
2026-01-01,D9Y0V,2741.0767200000005,1930.3259999999993
2025-08-01,D9Y0V,4249.59957,1930.696
2022-01-01,M1J4Y,3600.84543,1072.162
2021-08-01,00V,719.6337100000001,208.15499999999997
2022-04-01,00V,708.81783,208.87499999999997
2021-10-01,00V,710.05051,208.302
2026-06-01,01E,166.35657,239.13199999999998
2024-04-01,04Y,526.6690199999999,139.65699999999998
2024-02-01,04Y,563.83062,139.52200000000002
2025-02-01,04Y,485.9546000000001,140.498
2023-11-01,04Y,606.28288,139.22200000000004
2021-06-01,05D,526.11667,146.82000000000002
2021-12-01,05D,570.2984,147.669
2025-09-01,05D,492.01280000000014,155.313
2021-11-01,05D,529.2359,147.62199999999999
2023-02-01,05D,559.6500100000001,150.245
2022-05-01,05D,567.24228,148.24099999999999
2022-12-01,05D,538.41999,149.86700000000002
2025-05-01,05D,483.69912,155.06099999999998
2022-08-01,05D,443.94953999999996,148.90400000000002
2023-09-01,05G,982.2468799999999,230.43
2023-06-01,05G,1004.9094000000001,230.42100000000005
2023-10-01,05G,879.7685799999999,230.78000000000003
2024-01-01,05G,1010.6221499999999,231.21
2022-11-01,05G,901.94384,218.32699999999994
2022-03-01,05G,869.9492600000001,218.06000000000003
2024-05-01,05G,794.3465600000001,231.36100000000002
2023-01-01,05G,889.7783099999999,218.51700000000005
2025-06-01,05G,644.1182200000001,231.081
2022-09-01,05G,736.6721400000001,217.64700000000005
2023-12-01,05Q,891.4752500000002,221.049
2021-09-01,05W,1142.4399500000002,296.598
2022-02-01,05W,963.5499999999998,297.6199999999999
2026-05-01,06K,509.19211,635.903
2024-12-01,06L,1498.4394100000002,418.37500000000006
2025-07-01,06L,1363.09983,419.9419999999999
2025-08-01,06L,931.9945200000001,420.384
2022-07-01,06L,1493.2037299999997,411.236
2025-01-01,06L,1488.0327699999998,418.53000000000014
2022-01-01,06L,1435.58013,409.80099999999993
2025-12-01,06T,717.6147000000001,382.0039999999999
2026-01-01,06T,608.74789,382.03299999999996
2025-04-01,07K,889.1538500000001,280.11699999999996
2023-03-01,07K,1105.1176500000001,274.783
2023-04-01,07K,1119.10921,274.98199999999997
2023-05-01,07K,1180.73091,274.453
2024-07-01,15C,3895.94461,1089.7729999999997
2022-10-01,15N,4304.889859999999,1276.248
2025-03-01,15N,3582.4777499999996,1297.5959999999998
2024-09-01,36L,5896.349090000002,1771.3210000000004
2025-11-01,71E,2258.1446700000006,825.0329999999999
2026-04-01,71E,701.8971799999999,824.6899999999998
2026-02-01,71E,717.4179200000001,824.9470000000002
2026-03-01,71E,951.3535399999998,824.2730000000003
2023-07-01,72Q,7163.177210000001,2082.1370000000006
2025-10-01,72Q,7191.42709,2126.2279999999996
2024-10-01,72Q,8141.37248,2118.1420000000003
2024-11-01,72Q,7831.06838,2121.6969999999997
2023-08-01,93C,8403.943449999999,1788.0330000000013
2024-06-01,A3A8R,8547.34929,2457.5800000000004
2024-03-01,A3A8R,9420.138079999999,2453.9410000000016
2024-08-01,A3A8R,8333.618770000005,2445.826999999999
2021-07-01,M1J4Y,4331.2680900000005,1059.776
2022-06-01,M1J4Y,4374.1731899999995,1081.0540000000005
2022-03-01,00V,915.36666,208.676
2026-02-01,01T,141.66774999999998,161.59599999999998
2026-01-01,01T,265.39510000000007,161.60900000000004
2026-04-01,01T,161.82454,161.64799999999997
2022-12-01,04Y,514.4738100000001,136.744
2024-10-01,04Y,553.0218,140.25099999999998
2021-07-01,05D,638.7466,147.16299999999998
2023-03-01,05D,665.55037,150.55699999999996
2022-11-01,05D,669.9178999999999,149.57700000000003
2021-10-01,05G,781.5210100000002,217.70199999999997
2022-06-01,05G,901.97308,217.882
2025-02-01,05G,801.4139,230.95700000000002
2023-05-01,05G,979.8678399999999,218.60000000000002
2023-08-01,05G,1117.04927,230.37400000000002
2023-02-01,05G,823.0807299999998,218.44099999999997
2024-08-01,05G,880.1570900000002,231.007
2024-05-01,05V,555.95457,155.645
2021-06-01,05V,556.3778199999999,151.01600000000002
2025-11-01,05V,459.66938,157.173
2023-12-01,05V,627.92379,155.195
2022-01-01,05W,1067.14754,297.5060000000001
2022-09-01,05W,1102.1580000000001,298.99000000000007
2022-05-01,05W,1279.85069,298.32899999999995
2023-09-01,05W,1429.0227799999998,293.24800000000005
2024-02-01,05W,1344.61447,296.49400000000014
2022-08-01,05W,972.2781200000002,298.90999999999997
2023-04-01,06L,1719.6953800000001,413.3619999999999
2025-05-01,06L,1327.4006,419.4149999999999
2024-04-01,07K,1217.64441,277.84
2023-06-01,07K,1279.2347699999998,274.81700000000006
2024-01-01,07K,1297.7637,277.077
2025-07-01,07K,951.40326,280.608
2023-01-01,07K,1208.14154,274.2440000000001
2024-03-01,07K,1066.8251300000002,277.482
2023-11-01,07K,1256.75727,276.437
2024-09-01,07K,977.1640099999997,279.4959999999999
2023-07-01,07K,1033.9538400000001,275.14799999999997
2026-05-01,11J,863.19986,827.513
2026-06-01,11J,707.00681,826.6600000000001
2025-08-01,15C,2776.5693300000003,1096.0279999999998
2025-10-01,15C,3731.071390000001,1098.2800000000004
2025-03-01,15C,3380.3887099999993,1096.5279999999998
2025-06-01,15N,3697.4607099999994,1296.748
2025-09-01,36L,5914.282719999998,1778.335
2025-01-01,36L,6427.193400000002,1775.3069999999998
2022-10-01,72Q,7229.398829999997,2061.2180000000008
2024-06-01,72Q,8047.842000000002,2113.04
2025-04-01,72Q,6868.875669999999,2123.3689999999997
2023-10-01,93C,9133.50553,1793.3719999999998
2022-07-01,93C,8187.96398,1753.7250000000004
2024-12-01,A3A8R,9109.52733,2466.0059999999994
2024-11-01,A3A8R,9841.418720000001,2464.4589999999994
2026-03-01,D9Y0V,3136.40661,1926.6079999999995
2024-07-01,D9Y0V,7427.559710000003,1922.649
2025-12-01,D9Y0V,4125.48647,1931.6560000000006
2021-11-01,M1J4Y,3854.06457,1067.2740000000006
2021-12-01,M1J4Y,4241.96233,1069.4649999999997
2021-09-01,M1J4Y,4305.23146,1064.649
2022-02-01,M1J4Y,3581.0884600000004,1074.08
2021-08-01,M1J4Y,3742.188100000001,1062.4439999999995
2022-04-01,M1J4Y,3740.7321,1077.382
2023-04-01,00V,945.39994,209.717
2022-06-01,00V,889.25924,209.172
2021-11-01,00V,804.58455,208.24500000000003
2026-01-01,01F,238.33464999999998,135.891
2026-05-01,02T,245.77309,225.234
2024-06-01,02T,893.20371,224.93700000000007
2025-03-01,04C,1387.2151900000001,449.9789999999999
2024-12-01,04Y,521.31984,140.402
2025-01-01,04Y,511.65818,140.458
2021-08-01,04Y,480.15017,135.82999999999998
2021-10-01,05D,532.87442,147.604
2022-04-01,05D,559.72803,148.11100000000002
2022-02-01,05D,495.59385,147.97099999999998
2022-09-01,05D,571.35879,149.17
2024-02-01,05G,1123.9312200000002,231.277
2022-10-01,05G,1020.4735700000001,218.39600000000002
2022-05-01,05G,963.69103,217.91400000000002
2024-04-01,05G,1092.89087,231.251
2025-05-01,05G,754.0271399999999,230.95200000000003
2021-12-01,05G,920.13929,218.049
2025-11-01,05Q,660.80379,224.09600000000003
2024-11-01,05V,638.85528,156.39400000000003
2025-08-01,05V,405.97787,157.06799999999998
2023-03-01,05W,1395.53099,302.048
2024-03-01,05W,1268.9925499999997,296.788
2023-11-01,05W,1460.6207799999997,294.5299999999999
2023-10-01,05W,1500.92489,293.8180000000001
2022-07-01,05W,1456.97947,298.6180000000001
2023-07-01,05W,1190.8477,292.2950000000001
2023-02-01,05W,1260.0037200000002,301.623
2025-09-01,06L,1432.98289,420.48400000000004
2024-10-01,06L,1671.0883200000003,418.01400000000007
2021-09-01,06L,1671.9238199999998,409.18899999999996
2025-04-01,06L,1412.2643899999998,419.15799999999996
2026-03-01,06T,652.24588,381.4649999999999
2024-07-01,07K,1086.5030100000001,278.82399999999996
2023-08-01,07K,1343.6585099999998,275.577
2022-12-01,07K,1032.83399,273.93
2026-04-01,11J,992.1125600000001,828.363
2021-07-01,15C,4724.85108,1046.083
2025-06-01,15C,3256.28752,1096.8319999999997
2024-05-01,15C,3905.567110000001,1089.4369999999994
2025-02-01,36L,6185.26308,1776.4790000000005
2024-08-01,36L,7187.69944,1769.845000000001
2025-12-01,71E,1764.9686999999997,825.3059999999999
2026-06-01,71E,744.58531,823.6619999999998
2024-09-01,72Q,7541.8147500000005,2115.723
2025-07-01,72Q,7515.386869999999,2123.712000000001
2022-01-01,72Q,7451.301789999998,2047.0040000000008
2024-01-01,93C,10029.343400000002,1805.082
2023-06-01,93C,9489.014879999995,1784.3000000000004
2023-12-01,93C,8763.889669999997,1803.9669999999996
2023-09-01,93C,8828.799980000005,1789.5740000000003
2023-05-01,93C,8271.16536,1782.6080000000009
2022-11-01,93C,8353.092530000002,1768.9230000000005
2023-01-01,93C,9121.80935,1775.32
2022-08-01,93C,6441.413970000003,1754.8839999999998
2025-10-01,99A,2146.6192300000007,602.1360000000001
2026-02-01,D9Y0V,2667.1061200000004,1928.119
2021-06-01,M1J4Y,4391.797100000001,1056.616
2022-03-01,M1J4Y,4760.50159,1075.7630000000001
2023-09-01,00V,1447.1050599999999,210.53
2021-12-01,00V,920.86087,208.39900000000003
2021-09-01,00V,1010.1740499999999,208.284
2023-10-01,00V,1083.9305399999998,210.503
2023-08-01,00V,1206.4920899999997,210.29699999999997
2022-05-01,00V,1006.49826,209.01200000000003
2026-03-01,01T,288.37309,161.55899999999997
2025-11-01,02E,702.11055,230.83000000000007
2024-08-01,04Y,570.9098,140.18900000000002
2025-07-01,04Y,518.1527799999999,140.722
2025-10-01,05D,568.86386,155.27899999999997
2024-09-01,05G,867.5447,230.87000000000003
2022-01-01,05G,837.08962,218.14899999999997
2022-07-01,05G,1130.01372,217.77999999999997
2022-04-01,05G,924.46781,218.04899999999998
2021-11-01,05G,899.6586699999999,217.87300000000005
2022-08-01,05G,856.17818,217.68899999999996
2024-12-01,05G,918.35975,231.00799999999995
2021-06-01,05G,908.44174,216.96699999999998
2025-12-01,05Q,499.91233,224.104
2026-05-01,05Q,275.53549000000004,224.16500000000008
2021-07-01,05V,691.87752,151.133
2024-10-01,05V,660.55167,156.305
2023-05-01,05W,1502.25611,303.07399999999996
2024-01-01,05W,1873.4069700000002,295.688
2022-06-01,05W,1274.8660999999997,298.5559999999999
2023-12-01,05W,1504.51412,295.172
2023-06-01,05W,1719.4103,291.823
2023-01-01,05W,1589.1848400000001,301.273
2022-11-01,05W,1534.3597500000005,300.005
2026-02-01,06T,661.30507,381.5739999999999
2025-05-01,07K,918.5577900000001,280.28599999999994
2025-09-01,07K,1019.4288799999999,280.927
2025-08-01,07K,786.13939,280.76899999999995
2024-03-01,10R,1104.7538899999997,236.06099999999998
2025-03-01,36L,5965.96565,1775.395999999999
2024-07-01,36L,6922.747440000001,1769.7909999999995
2025-06-01,36L,5918.3564099999985,1775.6119999999999
2024-11-01,36L,7775.772359999998,1774.8349999999996
2025-02-01,72Q,7662.725110000001,2125.209999999999
2025-01-01,72Q,7924.738210000001,2123.937
2023-11-01,93C,9348.011860000004,1800.0219999999997
2023-03-01,93C,8457.730179999997,1780.6440000000014
2023-04-01,93C,8083.254139999999,1781.5149999999996
2023-07-01,93C,9515.413840000005,1785.9169999999995
2021-10-01,93C,7256.023440000001,1724.5139999999992
2024-02-01,93C,8783.626179999997,1806.6810000000003
2022-03-01,93C,9383.057350000001,1747.359
2023-02-01,93C,8855.471230000001,1778.583
2022-12-01,93C,7812.39023,1773.0239999999994
2022-09-01,93C,7736.236079999997,1756.6619999999998
2022-10-01,93C,8521.741209999998,1760.5159999999996
2022-02-01,93C,7271.728610000002,1745.346
2021-08-01,93C,8030.41407,1715.554
2024-04-01,93C,9200.28574,1806.8579999999986
2025-04-01,99E,1008.9359499999999,295.884
2026-01-01,99E,550.4514800000001,296.22300000000007
2024-05-01,A3A8R,8911.53292,2454.606
2026-04-01,D9Y0V,2708.07492,1925.6390000000001
2026-06-01,D9Y0V,2549.34014,1923.1629999999996
2024-06-01,D9Y0V,8203.82789,1921.668
2024-01-01,00V,1399.35059,211.05899999999997
2023-05-01,00V,1371.6406900000002,209.894
2022-07-01,00V,1132.53851,209.209
2023-02-01,00V,1118.95986,209.63400000000001
2023-03-01,00V,1395.47262,209.699
2022-10-01,00V,1143.2823700000001,209.404
2022-02-01,00V,949.39574,208.62699999999998
2022-09-01,00V,931.0187500000001,209.431
2023-01-01,00V,1326.1427200000003,209.53499999999997
2022-08-01,00V,972.9080200000001,209.35000000000002
2022-11-01,00V,1114.5926700000002,209.32499999999996
2023-11-01,00V,1400.02944,210.683
2026-06-01,03H,268.70298,174.55999999999997
2022-01-01,03N,3191.16393,619.466
2022-12-01,03N,3508.3279199999993,629.5239999999999
2025-08-01,04Y,418.1687,140.75599999999997
2024-09-01,04Y,567.10576,140.275
2021-08-01,05D,707.4744600000001,147.399
2024-06-01,05G,1000.9311200000001,231.26299999999992
2023-04-01,05G,1045.5012900000002,218.628
2026-03-01,05G,436.50889,231.13300000000004
2026-01-01,05Q,466.88110000000006,224.11800000000002
2025-01-01,05V,594.34409,156.481
2025-10-01,05V,597.89591,157.207
2024-08-01,05V,703.85739,156.063
2026-02-01,05V,283.39332,156.961
2023-08-01,05W,1766.1513499999999,292.72400000000005
2022-03-01,05W,1599.4823000000001,297.825
2026-04-01,06T,589.8421099999999,381.47099999999995
2025-02-01,07K,1021.58379,280.099
2024-12-01,07K,1148.0545100000002,279.991
2023-10-01,07K,1468.2048899999995,276.10499999999996
2024-10-01,07K,1207.56694,279.5820000000001
2024-11-01,07K,1233.85086,279.90100000000007
2024-02-01,09D,2162.62645,333.08000000000004
2023-09-01,09D,2283.36409,329.45200000000006
2023-12-01,09D,2271.84086,333.082
2023-06-01,09D,2039.6810900000003,330.78899999999993
2024-04-01,15F,5064.106159999999,936.1149999999997
2025-07-01,36L,7598.90714,1776.8009999999995
2023-07-01,42D,3457.0369100000003,561.1409999999998
2024-07-01,72Q,8361.043179999999,2114.9300000000007
2025-06-01,72Q,7650.15052,2123.136000000002
2024-05-01,72Q,8251.31213,2111.416
2025-05-01,72Q,7787.220519999999,2122.9719999999998
2024-03-01,93C,8824.933010000008,1808.4080000000001
2022-04-01,93C,8145.250690000003,1748.337
2022-05-01,93C,9018.516580000001,1749.6970000000001
2021-12-01,93C,7703.011160000003,1737.52
2021-07-01,93C,8559.99222,1712.9629999999993
2022-06-01,93C,8482.39634,1751.8550000000002
2021-09-01,93C,8610.907559999998,1717.4510000000002
2021-06-01,93C,8449.56969,1704.9370000000004
2021-11-01,93C,9499.459599999998,1732.3470000000004
2025-11-01,99E,953.0719899999999,296.375
2025-09-01,99E,1085.63254,296.633
2025-12-01,99E,707.0458300000001,296.23400000000004
2025-03-01,A3A8R,8373.17341,2476.1989999999987
2025-04-01,A3A8R,8631.667370000001,2476.029999999999
2026-05-01,D9Y0V,2455.80887,1925.1510000000007
2021-10-01,M1J4Y,4621.627990000001,1065.7589999999998
2023-06-01,00V,1334.33121,209.97400000000002
2022-12-01,00V,1175.28957,209.405
2023-07-01,00V,1312.8539399999997,210.13600000000005
2026-06-01,01H,524.58856,337.29400000000004
2021-12-01,03N,4004.3129300000005,621.0970000000001
2022-04-01,03N,3168.601329999999,618.8539999999999
2021-08-01,03N,3457.0799400000005,612.7620000000001
2023-01-01,03N,4207.79594,629.4650000000001
2021-11-01,03N,3499.4363,620.323
2022-07-01,03N,3959.4826099999996,619.1350000000001
2023-04-01,03N,3527.8787700000007,630.6019999999999
2022-11-01,03N,3962.320199999999,628.688
2023-03-01,03N,4375.735820000001,630.686
2022-03-01,03N,4075.3571399999987,618.415
2022-05-01,03N,3554.4371099999994,618.718
2023-02-01,03N,3558.839790000001,630.2969999999999
2021-10-01,03N,3417.22827,618.3340000000002
2022-02-01,03N,3462.533890000001,619.6070000000001
2022-10-01,03N,3664.0404900000003,624.9929999999999
2025-09-01,04Y,525.13484,140.82000000000002
2025-06-01,04Y,521.8182,140.549
2024-07-01,04Y,588.69174,140.084
2024-11-01,04Y,641.74873,140.35000000000002
2025-11-01,05D,517.34337,155.305
2026-04-01,05G,479.21092999999996,230.943
2026-01-01,05V,342.08262,157.03699999999998
2025-02-01,05V,574.1955499999999,156.497
2025-05-01,05V,653.6358299999999,156.72099999999998
2024-09-01,05W,1241.8849300000002,298.981
2024-08-01,05W,1367.54689,298.7300000000001
2024-04-01,05W,1611.0942300000004,297.0110000000001
2025-03-01,06L,1432.44516,418.90599999999995
2026-05-01,06T,502.76693,381.13499999999993
2024-06-01,07K,1284.27836,278.4220000000001
2023-09-01,07K,1923.758369999999,275.94900000000007
2021-09-01,09D,1878.3328800000002,324.986
2024-03-01,09D,2034.4857799999995,333.2159999999999
2023-05-01,09D,2302.1495800000002,330.842
2022-09-01,09D,1807.2069300000003,328.6649999999999
2022-06-01,09D,1789.9469199999999,329.76
2023-11-01,09D,2395.22147,332.64300000000003
2021-07-01,09D,1921.2846699999998,325.299
2023-10-01,09D,2105.58267,331.12700000000007
2022-08-01,09D,1780.8417200000001,328.854
2026-03-01,11J,1653.93757,828.6720000000003
2025-12-01,15N,3114.1841700000004,1299.0420000000004
2025-04-01,36L,6234.922520000001,1774.4360000000006
2024-12-01,36L,7284.75379,1775.2369999999992
2024-10-01,36L,7694.990269999997,1771.8319999999987
2021-06-01,42D,3461.6944300000005,550.2470000000001
2024-01-01,42D,4001.1501500000004,563.0429999999999
2025-10-01,71E,3258.09313,826.065
2025-08-01,72Q,6638.435330000001,2124.282000000001
2022-01-01,93C,9746.669479999999,1742.4840000000006
2024-05-01,93C,10071.189679999998,1811.2090000000005
2026-02-01,99E,565.50883,296.032
2025-01-01,A3A8R,10224.558360000005,2469.8049999999985
2025-07-01,A3A8R,10994.838250000004,2482.4170000000004
2024-02-01,W2U3Z,20688.74299,2885.3239999999987
2023-08-01,W2U3Z,19867.386060000015,2848.026999999999
2023-12-01,W2U3Z,20282.782329999984,2874.5079999999994
2023-12-01,00V,1670.5622799999996,210.857
2024-02-01,00V,1543.72913,211.32600000000002
2025-07-01,01H,1507.6061,337.235
2025-08-01,01H,1120.28634,337.55299999999994
2025-11-01,01J,581.45962,174.35700000000003
2025-10-01,02E,919.76529,231.02300000000002
2024-04-01,02T,1340.05937,224.51500000000001
2022-06-01,03N,3775.83119,619.0760000000001
2021-06-01,03N,3930.7361300000002,613.4869999999999
2021-09-01,03N,3809.80858,612.4730000000002
2022-08-01,03N,3564.95559,618.5889999999996
2021-07-01,03N,3856.2403200000012,613.2430000000002
2022-09-01,03N,3633.5816399999994,618.6659999999998
2026-03-01,05D,402.2366,154.97599999999997
2025-04-01,05D,573.6954400000001,155.03300000000002
2025-03-01,05G,803.28859,230.98000000000002
2024-06-01,05W,1387.7258199999999,298.10900000000004
2024-11-01,05W,1434.0982099999999,299.475
2024-12-01,05W,1257.0523300000002,299.9509999999999
2024-07-01,05W,1453.66188,298.447
2024-05-01,05W,1665.25533,297.77099999999996
2025-12-01,06L,1087.80286,419.8459999999999
2026-02-01,06L,919.06286,419.2330000000001
2026-06-01,06T,711.6660999999999,380.76
2024-03-01,07G,1461.86194,189.047
2024-08-01,07K,1290.52623,279.094
2022-12-01,09D,2053.7088999999996,331.759
2023-07-01,09D,2096.63537,330.45900000000006
2023-02-01,09D,2295.81163,331.83100000000013
2021-11-01,09D,2235.1982,328.0139999999999
2021-08-01,09D,1901.7649199999998,325.2200000000001
2023-08-01,09D,2529.81638,329.913
2023-01-01,09D,2297.6568899999997,331.8239999999999
2024-01-01,09D,2477.36537,332.99799999999993
2022-03-01,09D,2281.27401,329.50100000000003
2023-03-01,09D,2418.9465200000004,331.566
2022-11-01,09D,2294.4132600000003,331.374
2022-04-01,09D,2185.6866699999996,329.655
2025-05-01,36L,7483.26145,1774.3819999999992
2022-02-01,42D,3383.7553399999997,554.057
2022-01-01,42D,3382.5771900000004,553.8369999999999
2021-10-01,42D,3679.72032,552.7389999999999
2022-05-01,42D,3525.0952300000004,554.8600000000001
2023-11-01,42D,4287.8519,562.7230000000001
2023-04-01,42D,3646.35776,559.9610000000001
2023-05-01,42D,4039.0958499999997,560.2340000000003
2021-12-01,42D,3774.114860000001,553.5079999999998
2022-10-01,42D,3756.8898099999997,557.9049999999999
2026-01-01,71E,2027.6911200000002,825.4580000000002
2025-09-01,72Q,8080.401909999999,2125.301000000001
2024-10-01,93C,9973.64456,1821.3810000000008
2025-01-01,93C,10522.19146,1837.2190000000012
2025-02-01,93C,8934.87117,1839.0690000000002
2026-04-01,99E,627.2288000000001,295.87200000000007
2026-05-01,99E,609.1872199999999,295.894
2025-06-01,A3A8R,9979.122510000003,2479.3369999999995
2024-09-01,A3A8R,10451.214920000002,2449.8340000000003
2022-07-01,W2U3Z,18014.982550000004,2783.739
2023-06-01,W2U3Z,21089.02586999999,2839.2509999999997
2023-10-01,W2U3Z,20929.605019999995,2854.1740000000013
2023-09-01,W2U3Z,22028.26665000001,2851.0130000000004
2024-03-01,00V,1828.92869,211.58600000000004
2025-02-01,00V,1075.10645,212.779
2025-06-01,01H,1419.6411699999999,337.20200000000006
2025-05-01,01H,1435.7411900000002,336.96200000000005
2025-12-01,04Y,371.12064000000004,140.725
2026-02-01,05G,514.95802,231.31800000000004
2025-04-01,05G,1051.61063,231.001
2025-07-01,05G,1052.95687,230.909
2026-06-01,05V,336.99814999999995,156.303
2025-01-01,05W,1912.9670899999999,300.236
2024-10-01,05W,1656.0045299999997,299.3100000000001
2023-09-01,07G,1458.63511,187.212
2024-04-01,07G,1346.59083,189.38
2023-04-01,07G,1221.8033200000002,186.23799999999997
2023-08-01,07G,1449.692,186.94800000000004
2025-03-01,07K,979.83062,280.08599999999996
2021-06-01,09D,2163.87163,324.743
2021-10-01,09D,2254.04123,326.91800000000006
2024-05-01,09D,2194.97425,333.46500000000003
2022-01-01,09D,2203.145589999999,329.346
2022-07-01,09D,2146.1689899999997,329.57800000000003
2021-12-01,09D,2370.16966,328.93300000000005
2025-11-01,15C,3674.1139000000003,1099.2579999999998
2026-05-01,15N,3030.5731499999997,1294.196
2026-03-01,15N,3474.0890499999987,1295.663
2026-04-01,15N,2807.3067499999997,1295.3650000000005
2026-01-01,15N,3387.221600000001,1298.0879999999997
2025-08-01,36L,6301.844139999998,1777.8609999999996
2021-09-01,42D,3845.559170000001,552.435
2021-08-01,42D,3507.402360000001,551.9480000000001
2022-04-01,42D,3701.96473,554.4139999999999
2023-01-01,42D,3941.1239000000005,558.884
2022-12-01,42D,4161.99258,558.813
2021-11-01,42D,3876.32818,552.8249999999999
2021-07-01,42D,4065.1689,551.076
2024-02-01,42D,4249.425920000001,563.3770000000002
2022-06-01,42D,3987.9154000000003,555.656
2023-10-01,91Q,14930.407079999994,2002.4710000000005
2023-06-01,91Q,16037.279790000008,1992.7890000000002
2023-12-01,91Q,16352.36392,2008.5279999999996
2024-06-01,93C,8850.793230000001,1812.655
2024-09-01,93C,9240.802039999999,1814.96
2024-07-01,93C,9700.778160000002,1813.2950000000005
2024-11-01,93C,10176.872500000001,1830.4289999999987
2024-12-01,93C,9184.95625,1834.7040000000002
2024-08-01,93C,8739.217499999999,1814.8830000000003
2025-09-01,A3A8R,10377.584429999999,2484.0060000000017
2025-10-01,A3A8R,9936.511890000003,2487.4059999999995
2022-09-01,W2U3Z,19877.001080000005,2793.3300000000027
2022-03-01,W2U3Z,21454.711100000004,2765.217000000001
2022-02-01,W2U3Z,17314.919749999994,2757.583999999998
2023-03-01,W2U3Z,22457.985520000006,2831.6139999999973
2024-01-01,W2U3Z,22804.01806,2880.7480000000005
2023-02-01,W2U3Z,21590.376470000007,2830.237
2023-07-01,W2U3Z,21392.625319999996,2842.1490000000003
2022-10-01,W2U3Z,19191.7934,2798.1679999999997
2022-11-01,W2U3Z,21325.69513,2809.404999999998
2023-05-01,W2U3Z,20730.02337000001,2835.637999999999
2022-05-01,W2U3Z,20312.27671000002,2773.2239999999993
2023-11-01,W2U3Z,22703.631810000014,2862.998
2022-08-01,W2U3Z,18603.94121,2789.9219999999996
2024-10-01,00V,1513.1836100000003,212.363
2024-12-01,00V,1437.2294500000003,212.42000000000002
2025-01-01,00V,1491.6485099999998,212.56700000000004
2026-05-01,01H,853.3787399999999,337.446
2023-05-01,03N,5134.464900000002,630.7760000000001
2025-02-01,04C,2290.81579,450.4389999999999
2025-04-01,04Y,667.1382,140.431
2025-07-01,05D,785.06011,155.23700000000002
2025-12-01,05G,690.25832,231.27000000000004
2026-06-01,05G,519.79082,230.539
2025-09-01,05G,966.8866499999999,230.98899999999995
2026-03-01,05Q,669.4968399999998,224.12699999999998
2026-04-01,05V,343.10605999999996,156.638
2025-06-01,05W,1336.3035900000002,300.851
2025-10-01,06L,1722.48902,420.09800000000007
2024-08-01,07G,1233.92068,190.47399999999996
2024-06-01,07G,1193.21883,190.11
2023-04-01,09D,2202.6840200000006,331.19199999999995
2022-05-01,09D,2638.9380000000006,329.65299999999996
2022-10-01,09D,2295.7497000000003,330.38300000000004
2024-09-01,09D,2173.94199,332.28400000000005
2022-02-01,09D,2247.74988,329.36
2024-11-01,09D,2134.66246,334.067
2026-01-01,15C,3264.723900000001,1098.7140000000002
2026-02-01,15N,2934.6595500000008,1296.7090000000005
2023-03-01,42D,4848.292449999999,559.687
2022-11-01,42D,4318.626220000002,558.3919999999999
2023-02-01,42D,4287.65173,559.3560000000001
2023-06-01,42D,4556.213350000001,560.559
2023-10-01,42D,4395.20523,562.3090000000002
2024-04-01,42D,4119.661100000001,563.7309999999999
2024-03-01,42D,5089.479700000001,563.6000000000001
2022-03-01,42D,4354.69515,554.3280000000001
2024-07-01,42D,4091.343570000001,565.3129999999998
2023-12-01,42D,4802.273490000001,562.864
2025-11-01,72Q,7285.804259999999,2125.228999999999
2025-03-01,72Q,7686.182829999998,2124.725999999999
2023-07-01,91Q,15365.841079999997,1994.9919999999997
2023-09-01,91Q,15887.651459999994,1999.898000000001
2022-09-01,91Q,14344.314189999994,1974.2229999999993
2023-11-01,91Q,16248.491830000003,2005.6419999999996
2024-02-01,91Q,16285.865069999998,2013.471
2022-07-01,91Q,14670.693030000004,1970.913000000001
2023-08-01,91Q,15946.58884,1997.7399999999998
2022-08-01,91Q,14104.801240000006,1972.0119999999981
2022-01-01,91Q,15174.066029999996,1958.865
2024-01-01,91Q,17031.779540000003,2010.2989999999988
2023-01-01,91Q,15238.467789999995,1983.3319999999997
2025-08-01,A3A8R,9526.979030000002,2483.937
2025-05-01,A3A8R,11054.119630000001,2477.1849999999986
2024-05-01,D9Y0V,12704.085840000002,1920.489
2022-06-01,W2U3Z,21109.086660000004,2777.1020000000008
2021-12-01,W2U3Z,20187.07530999999,2741.375
2021-11-01,W2U3Z,19249.936210000007,2731.5099999999998
2021-08-01,W2U3Z,18248.723229999996,2702.273999999999
2021-07-01,W2U3Z,21421.72804000001,2694.3790000000013
2021-09-01,W2U3Z,19715.21285000001,2709.5150000000003
2022-12-01,W2U3Z,21103.743520000007,2820.5480000000002
2022-04-01,W2U3Z,18793.94832999998,2771.164
2021-10-01,W2U3Z,20087.376549999994,2719.5060000000017
2021-06-01,W2U3Z,21112.896240000002,2679.0049999999997
2025-12-01,01T,509.47047000000003,161.702
2023-06-01,03N,5522.689410000001,630.8559999999998
2025-11-01,04Y,492.84713000000005,140.69699999999997
2026-02-01,05Q,553.9369500000001,224.157
2025-03-01,05W,1385.91794,300.48400000000004
2025-07-01,05W,1555.11367,300.83299999999997
2025-02-01,05W,1548.07651,300.367
2025-04-01,05W,1433.7164700000003,300.632
2026-04-01,06L,1014.7709300000001,418.56000000000006
2026-01-01,06L,1253.7586400000002,419.5739999999999
2026-03-01,06L,1264.2641700000001,418.7909999999999
2026-05-01,06L,1205.4392799999998,418.17699999999996
2022-09-01,07G,1346.2517300000002,184.99399999999997
2023-12-01,07G,1627.9972200000002,188.144
2024-01-01,07G,1881.78226,188.37499999999997
2023-10-01,07G,1802.49178,187.53099999999998
2024-02-01,07G,1732.23409,188.81699999999998
2023-11-01,07G,1584.5244200000002,187.769
2022-11-01,07G,1454.44287,185.321
2025-06-01,07K,1312.2101600000003,280.395
2024-08-01,09D,2157.2965,332.509
2024-10-01,09D,2420.9511300000004,333.619
2025-01-01,09D,2403.14011,333.8620000000001
2024-12-01,09D,2298.8377000000005,334.1600000000001
2024-06-01,09D,2493.7195699999997,333.476
2025-08-01,12F,1460.9774499999999,346.65200000000004
2026-06-01,15N,2971.196790000001,1293.3099999999997
2025-10-01,36L,7329.779540000002,1778.745000000001
2022-07-01,42D,4173.28198,556.0930000000001
2024-11-01,42D,4043.6461399999985,567.3139999999997
2023-09-01,42D,4555.5899899999995,562.2380000000002
2023-08-01,42D,4629.090990000001,561.7500000000001
2024-05-01,42D,3750.4686800000004,564.288
2022-08-01,42D,4143.05006,556.7849999999997
2025-09-01,71E,3537.11439,826.7409999999998
2021-09-01,91Q,15380.010659999996,1950.2840000000008
2023-03-01,91Q,17775.83571,1987.3099999999988
2022-04-01,91Q,14925.756180000002,1964.643999999999
2022-12-01,91Q,15376.915379999991,1981.6249999999993
2023-05-01,91Q,17059.953499999996,1990.5979999999995
2023-02-01,91Q,16837.806060000003,1985.6450000000002
2021-11-01,91Q,15148.982699999999,1954.8539999999994
2022-10-01,91Q,14709.960890000006,1976.0999999999995
2021-12-01,91Q,16471.928940000005,1956.9130000000002
2022-06-01,91Q,15239.025779999994,1968.6950000000002
2022-03-01,91Q,16404.62787,1962.405999999999
2022-05-01,91Q,15892.929920000008,1966.3160000000012
2024-03-01,91Q,18548.25537,2015.1369999999997
2021-06-01,91Q,15437.13042,1942.2400000000007
2021-08-01,91Q,14200.721740000006,1947.865000000001
2021-10-01,91Q,15294.203079999994,1952.1200000000008
2021-07-01,91Q,15835.652840000002,1946.0659999999996
2022-02-01,91Q,13676.483829999996,1960.701000000001
2023-07-01,92A,12700.722790000003,1287.7560000000008
2025-05-01,93C,10396.029590000002,1836.0220000000004
2024-04-01,D9Y0V,14411.617560000002,1918.6509999999998
2022-01-01,W2U3Z,22260.482759999988,2751.835000000001
2023-01-01,W2U3Z,21997.10025000001,2825.895
2024-07-01,W2U3Z,22677.206609999997,2892.2450000000013
2024-09-01,W2U3Z,22640.987210000003,2899.497
2023-04-01,W2U3Z,19843.498269999985,2834.0819999999985
2024-11-01,00V,1591.6324599999998,212.38299999999995
2025-08-01,00V,1006.2351100000001,212.76600000000002
2024-07-01,00V,1675.2760899999998,212.09000000000006
2024-09-01,00V,1687.85858,212.35899999999998
2024-04-01,00V,1653.46726,211.59699999999998
2026-04-01,01H,834.88536,337.646
2025-10-01,01J,735.32637,174.36300000000006
2026-01-01,05D,522.49821,155.24800000000002
2025-05-01,05W,1825.034,300.81699999999995
2026-06-01,06L,970.0945399999998,417.63000000000017
2023-06-01,07G,1870.6826899999999,186.32699999999997
2022-05-01,07G,1738.4676099999997,184.56300000000002
2023-03-01,07G,1922.8563100000001,186.03599999999997
2022-07-01,07G,1546.2931100000003,184.82900000000004
2022-02-01,07G,1391.7504500000002,184.31600000000003
2023-01-01,07G,1906.5821700000001,185.61099999999996
2022-06-01,07G,1699.2095800000002,184.60899999999998
2023-05-01,07G,1803.8256099999999,186.047
2022-04-01,07G,1689.0758299999998,184.54100000000003
2023-07-01,07G,1892.28964,186.66200000000003
2023-11-01,07H,3320.42951,330.81800000000004
2025-02-01,09D,2094.5147300000003,333.823
2026-05-01,15C,3540.729799999999,1094.2689999999998
2026-02-01,15C,3403.1653499999998,1096.505
2026-03-01,15C,3588.1927800000003,1095.0240000000001
2025-11-01,36L,6399.810919999999,1778.5960000000011
2024-08-01,42D,4188.91365,566.087
2025-01-01,42D,4367.3532,567.9029999999998
2022-09-01,42D,4279.290479999999,557.5720000000001
2025-12-01,72Q,6845.659290000001,2123.9829999999997
2023-04-01,91Q,14443.181529999998,1988.3770000000006
2022-11-01,91Q,16695.291800000003,1978.6739999999998
2022-08-01,92A,10358.512940000002,1278.6999999999994
2021-07-01,92A,12382.739679999991,1263.1710000000003
2023-08-01,92A,12468.386719999999,1288.9039999999998
2021-09-01,92A,11623.843419999996,1266.7459999999999
2024-01-01,92A,14125.905030000004,1293.4019999999994
2024-02-01,92A,13777.499069999998,1294.9730000000006
2021-10-01,92A,11333.649319999999,1267.8520000000008
2021-12-01,92A,11812.422589999996,1269.7199999999996
2022-12-01,92A,12874.719640000001,1283.4119999999996
2023-10-01,92A,12866.320489999993,1290.201
2022-03-01,92A,11748.997619999993,1272.3509999999997
2023-12-01,92A,12882.27355,1293.7029999999997
2021-08-01,92A,10941.94986,1265.387
2023-09-01,92A,12886.25558,1289.7059999999997
2021-06-01,92A,11606.198939999998,1261.81
2021-11-01,92A,12754.503899999996,1268.4650000000004
2022-10-01,92A,12022.55535999999,1280.9909999999998
2022-01-01,92A,11311.348819999997,1270.6659999999997
2023-02-01,92A,11039.469459999997,1284.5029999999995
2025-07-01,93C,11885.372600000004,1836.050000000001
2025-04-01,93C,8983.433169999998,1836.8810000000003
2025-06-01,93C,10267.932819999998,1836.133
2025-03-01,93C,9752.275209999998,1837.538
2025-09-01,99A,2840.8690600000004,597.1669999999999
2024-05-01,W2U3Z,21438.238840000005,2889.027000000001
2024-12-01,W2U3Z,21649.94251,2903.9689999999996
2024-03-01,W2U3Z,27606.958599999994,2883.4759999999974
2024-10-01,W2U3Z,22635.526690000006,2906.6789999999996
2024-06-01,W2U3Z,21832.043009999994,2893.095999999996
2025-03-01,00V,1424.4447800000003,212.721
2024-06-01,00V,1620.76336,211.942
2024-05-01,00V,1696.93665,211.79500000000004
2022-10-01,01G,3088.0490299999997,305.56
2025-09-01,01H,1726.4666699999998,337.6139999999999
2023-07-01,03N,6920.256260000002,630.5580000000001
2025-02-01,04V,2930.322039999999,423.585
2025-10-01,04Y,622.7104900000002,140.73399999999998
2026-06-01,04Y,328.21637999999996,140.628
2026-01-01,05G,787.1945500000002,231.32100000000003
2026-04-01,05Q,606.1148499999999,224.076
2025-08-01,05W,1504.6398900000002,301.18399999999997
2023-02-01,07G,1683.9844799999998,185.83200000000002
2025-01-01,07G,1501.71075,190.83400000000003
2021-12-01,07G,1753.4816999999998,184.101
2025-04-01,07G,1224.6550000000002,190.57200000000003
2021-10-01,07G,1801.9157799999996,183.82199999999997
2022-12-01,07G,1942.5631600000004,185.48199999999997
2021-08-01,07G,1725.48617,183.60999999999996
2024-12-01,07G,1555.3027500000003,190.67200000000003
2022-03-01,07G,1822.61569,184.36000000000004
2024-10-01,07G,1623.76575,190.54500000000002
2024-01-01,07H,3850.7889799999994,331.36299999999994
2021-09-01,07H,3796.50894,323.7550000000001
2024-02-01,07H,3592.5661499999997,332.08299999999997
2026-02-01,07K,872.54653,280.71
2025-07-01,09D,2643.22892,332.029
2024-07-01,09D,2676.1115500000005,333.14
2025-06-01,09D,2139.15277,332.434
2023-09-01,10R,2709.66985,234.03699999999998
2022-08-01,10R,2017.3144699999998,230.828
2021-11-01,10R,2352.06946,229.544
2023-03-01,10R,2429.18988,233.37599999999998
2022-01-01,10R,2379.5729399999996,230.395
2023-10-01,10R,2546.68915,234.40100000000004
2021-07-01,10R,2362.7932000000005,230.08499999999998
2023-08-01,14Y,6395.084869999997,586.5290000000001
2021-06-01,27D,8609.843749999998,788.163
2026-03-01,36L,6291.431050000002,1766.3569999999993
2026-05-01,36L,5875.384360000002,1759.377
2025-12-01,36L,6147.826589999998,1778.095000000001
2024-09-01,42D,4830.721369999999,566.465
2025-05-01,42D,4131.2315499999995,569.1189999999999
2022-06-01,92A,12436.089290000004,1275.7409999999998
2023-06-01,92A,13641.81115,1286.572
2023-01-01,92A,13581.864029999993,1283.3539999999996
2022-04-01,92A,11786.402610000003,1273.1459999999995
2022-09-01,92A,10965.910579999996,1280.5350000000003
2023-05-01,92A,13483.379109999996,1286.2119999999998
2022-02-01,92A,10974.054919999995,1271.8889999999997
2022-05-01,92A,12015.691350000003,1273.9180000000003
2022-11-01,92A,13320.436479999997,1282.2390000000005
2022-07-01,92A,11584.113210000001,1277.314
2023-04-01,92A,11545.33029,1285.433
2024-03-01,92A,13431.446040000003,1295.56
2023-11-01,92A,13694.621480000002,1292.1060000000002
2025-11-01,A3A8R,9003.080649999998,2489.8790000000017
2023-12-01,U2G6B,5854.051640000001,492.74500000000006
2024-04-01,W2U3Z,22672.929610000007,2879.1510000000017
2024-08-01,W2U3Z,21421.950160000004,2885.036000000001
2024-11-01,W2U3Z,22422.37646000001,2906.9130000000005
2024-08-01,00V,1609.8856999999998,212.32699999999997
2025-06-01,00V,1562.0749100000003,212.72500000000002
2025-07-01,00V,1699.3078700000008,212.75699999999998
2025-09-01,01F,701.36095,136.231
2021-12-01,01G,3233.1212700000005,298.9210000000001
2022-01-01,01G,3379.7333400000007,299.603
2022-03-01,01G,3179.34724,301.296
2021-08-01,01G,2809.73111,293.4840000000001
2021-10-01,01G,3091.3304600000006,296.274
2024-01-01,03H,2086.06009,173.587
2021-07-01,03H,1947.70518,170.98899999999998
2026-05-01,05G,785.32014,230.77999999999997
2025-11-01,06L,1629.7173099999998,419.92299999999994
2025-08-01,07G,964.74305,190.62300000000002
2022-08-01,07G,1683.85918,184.88000000000005
2021-11-01,07G,1914.0303999999999,183.91799999999995
2024-11-01,07G,1607.2237899999998,190.63899999999998
2021-06-01,07G,2032.2507999999998,183.243
2024-05-01,07G,1674.9329900000002,189.88400000000001
2022-07-01,07H,3551.948260000001,325.37600000000003
2023-08-01,07H,3766.652130000001,329.82699999999994
2023-07-01,07H,3822.6026099999995,329.22599999999994
2023-04-01,07H,3394.5804099999996,328.223
2025-10-01,07K,1305.6780700000004,280.966
2025-05-01,09D,2481.80941,332.86000000000007
2024-04-01,09D,2732.59714,333.27699999999993
2025-04-01,09D,2177.93863,333.38100000000003
2025-03-01,09D,2348.3683,333.578
2023-12-01,10R,2910.30759,235.67900000000003
2021-09-01,10R,2709.5872200000003,229.51300000000003
2022-05-01,10R,2298.27621,231.039
2022-12-01,10R,2688.5914100000005,232.33899999999997
2022-06-01,10R,2335.2199399999995,231.04399999999998
2026-04-01,15C,3445.05838,1094.8769999999995
2025-12-01,15C,3825.7884199999994,1099.7970000000003
2022-10-01,27D,8654.6505,802.3390000000002
2023-09-01,27D,9397.636470000001,810.32
2024-02-01,27D,8920.80315,814.1169999999998
2022-02-01,27D,7864.475639999999,795.7109999999998
2023-01-01,27D,9460.970760000002,804.6949999999997
2023-11-01,27D,9899.570000000002,812.0350000000001
2022-11-01,27D,9718.794119999999,803.1750000000001
2023-05-01,27D,9487.93958,806.8089999999997
2026-02-01,36L,5914.207560000003,1770.5239999999983
2024-12-01,42D,5551.091910000001,567.598
2024-10-01,42D,5308.255160000001,567.0070000000001
2024-06-01,42D,4616.769380000001,564.7029999999999
2025-02-01,42D,4046.0729500000007,568.3359999999999
2026-01-01,72Q,7409.090589999997,2121.0440000000003
2026-03-01,72Q,7665.75276,2108.1530000000007
2024-07-01,91Q,20651.93917000001,2024.5869999999998
2024-09-01,91Q,19824.035230000005,2029.014
2023-03-01,92A,14300.188159999994,1285.330999999999
2026-06-01,99E,730.02699,295.88200000000006
2024-03-01,D9Y0V,20187.439700000003,1917.8349999999996
2023-06-01,U2G6B,5493.519519999999,468.7879999999999
2022-04-01,U2G6B,4715.074559999999,458.011
2022-09-01,U2G6B,4614.08998,462.0299999999999
2023-02-01,U2G6B,4887.405030000001,466.5430000000002
2023-10-01,U2G6B,5872.24886,490.766
2025-01-01,W2U3Z,23505.194440000007,2902.2400000000007
2025-04-01,00V,1502.4736100000002,212.73499999999999
2023-03-01,01G,3476.8973400000004,309.29699999999997
2022-06-01,01G,3356.5328900000004,303.19199999999995
2023-01-01,01G,3632.44431,308.1770000000001
2021-11-01,01G,3553.6410300000002,297.66
2023-07-01,01G,3725.28106,311.03799999999995
2022-05-01,01G,3224.50696,302.44800000000004
2025-10-01,01H,1614.8246599999998,337.619
2023-08-01,03N,7199.723039999999,630.3169999999999
2025-02-01,03W,2630.7861699999994,360.11899999999997
2021-10-01,04C,4518.417299999998,422.104
2026-02-01,05D,522.87305,155.081
2025-12-01,05V,546.8730899999999,157.123
2025-09-01,05W,1650.62569,301.184
2024-07-01,07G,1995.61222,190.24
2025-06-01,07G,1414.87033,190.668
2025-05-01,07G,1471.18712,190.581
2022-01-01,07G,2108.68666,184.22400000000005
2024-09-01,07G,1925.47968,190.40999999999997
2025-03-01,07G,1407.65011,190.70299999999997
2023-09-01,07H,3847.14566,330.284
2022-12-01,07H,3917.3230299999987,326.79400000000004
2023-05-01,07H,3950.2383800000002,328.457
2025-11-01,07K,1188.0003299999998,280.95500000000004
2025-08-01,09D,1767.1865999999998,331.376
2022-02-01,10R,2464.6214499999996,230.389
2022-03-01,10R,2706.8938200000002,230.616
2023-06-01,10R,2753.7929999999997,234.017
2024-02-01,10R,2604.94235,235.98899999999998
2021-08-01,10R,2241.0102699999998,229.916
2021-07-01,14Y,6674.957609999999,575.1370000000001
2021-06-01,14Y,6644.170690000001,574.324
2022-04-01,14Y,6263.19298,578.818
2022-09-01,14Y,6168.912099999998,581.973
2022-08-01,14Y,6004.56942,581.1680000000002
2022-11-01,14Y,7047.374369999999,582.333
2026-06-01,15C,3027.0750500000004,1092.577
2022-07-01,27D,8748.018039999999,799.4229999999997
2021-12-01,27D,9276.272539999998,794.041
2023-12-01,27D,10069.911020000001,812.9219999999998
2021-09-01,27D,9399.16786,791.9300000000001
2023-02-01,27D,8592.993120000001,805.476
2023-10-01,27D,9908.82457,810.7400000000001
2024-01-01,27D,9794.535390000005,813.2850000000003
2026-01-01,36L,6978.5381199999965,1776.5230000000001
2026-05-01,72Q,7151.510160000001,2100.8509999999997
2026-04-01,72Q,6638.405189999997,2106.7529999999997
2024-10-01,91Q,20150.11625,2030.8719999999985
2024-04-01,91Q,19983.66732,2017.4769999999999
2024-05-01,91Q,18829.24789999999,2020.5739999999996
2024-08-01,91Q,19224.80349999999,2027.1269999999995
2025-01-01,91Q,21967.71712000001,2035.0990000000006
2024-06-01,91Q,20156.747770000013,2022.3420000000012
2024-11-01,92A,13903.65388,1302.983
2024-12-01,92A,13205.2164,1303.1709999999996
2026-03-01,99E,1082.85907,295.82699999999994
2024-03-01,U2G6B,5638.53473,494.5
2023-11-01,U2G6B,6210.6188999999995,491.99600000000015
2022-10-01,U2G6B,5304.64949,462.93600000000004
2023-04-01,U2G6B,5073.805660000002,467.48699999999997
2025-07-01,W2U3Z,23343.437909999993,2918.913
2021-06-01,00P,3494.4259500000003,284.451
2021-11-01,00P,3422.962660000001,285.24800000000005
2025-05-01,00V,1651.6631599999998,212.772
2023-04-01,01G,3409.20417,310.077
2026-01-01,01H,1467.1124300000001,337.679
2025-11-01,01H,1448.75501,337.6459999999999
2022-06-01,04C,4884.669599999999,427.21899999999994
2024-01-01,04C,5556.75468,447.3760000000001
2023-11-01,04C,5653.75201,444.56700000000006
2023-12-01,04C,5538.3219899999995,446.24799999999993
2023-01-01,04C,5206.69702,434.452
2026-04-01,05D,567.63557,155.086
2026-06-01,05D,462.80976999999996,154.74099999999999
2026-05-01,05D,546.5011,155.04399999999998
2025-12-01,05D,590.9448,155.28400000000002
2021-07-01,07G,2164.0213000000003,183.48899999999998
2021-09-01,07G,2181.61482,183.81099999999998
2022-10-01,07G,2198.72853,185.09400000000002
2023-03-01,07H,4039.3791799999995,327.7210000000001
2024-03-01,07H,3933.9670899999996,332.31
2022-04-01,07H,3584.5983,324.52099999999996
2021-10-01,10R,2472.0617500000003,228.76199999999997
2023-05-01,10R,2814.84532,233.97200000000007
2022-09-01,10R,2537.8310100000003,230.653
2023-10-01,14Y,7487.570709999999,586.593
2021-12-01,14Y,6803.2191,576.8190000000002
2022-03-01,14Y,7188.017419999999,578.2080000000001
2023-02-01,14Y,6403.74888,583.276
2023-06-01,14Y,7271.007819999998,585.0479999999999
2022-08-01,27D,8280.88077,800.5460000000002
2022-01-01,27D,9283.093819999996,795.1669999999999
2021-08-01,27D,8546.31752,790.6440000000001
2022-05-01,27D,8601.3444,797.4550000000004
2025-10-01,27D,4054.7288900000003,824.5599999999997
2025-07-01,42D,4761.604580000001,569.772
2025-06-01,42D,4419.04691,569.3070000000001
2026-02-01,72Q,7166.595739999997,2113.563
2024-12-01,91Q,20630.67215999999,2034.402
2024-11-01,91Q,21857.78012000001,2032.904
2024-07-01,92A,13809.128419999995,1299.9450000000002
2024-04-01,92A,13647.066439999999,1296.1800000000005
2025-01-01,92A,14194.27276,1303.3990000000001
2024-09-01,92A,13564.235180000005,1301.7239999999993
2024-10-01,92A,13907.180750000003,1302.1989999999998
2024-05-01,92A,12704.837070000005,1298.0800000000006
2024-06-01,92A,14789.9201,1298.7489999999996
2024-08-01,92A,12983.423380000004,1301.327
2025-09-01,93C,10519.746169999995,1835.2399999999998
2023-07-01,97R,6954.312469999998,572.8579999999998
2022-02-01,97R,6172.7692400000005,566.532
2025-08-01,99A,3228.40044,597.4640000000002
2026-03-01,A3A8R,9775.856570000004,2472.324
2024-02-01,U2G6B,5543.032080000001,493.9690000000001
2022-12-01,U2G6B,5581.3335400000005,464.8979999999999
2023-08-01,U2G6B,5646.820570000001,488.86699999999996
2022-11-01,U2G6B,5699.764960000001,463.82400000000007
2023-09-01,U2G6B,5764.2824200000005,489.50499999999994
2022-07-01,U2G6B,5081.9252,460.45400000000006
2025-02-01,W2U3Z,21625.947359999995,2902.2659999999983
2025-03-01,W2U3Z,21735.00588,2906.2780000000002
2025-04-01,W2U3Z,22325.891669999997,2913.5469999999996
2026-05-01,00L,1244.20856,345.0159999999999
2022-06-01,00P,3287.07777,286.85300000000007
2022-02-01,01G,3300.9155800000003,300.515
2022-04-01,01G,3374.2677000000003,301.87499999999994
2022-11-01,01G,3981.74693,306.89799999999997
2024-02-01,01G,3582.6594799999993,316.03900000000004
2026-03-01,01H,1368.06629,337.559
2025-11-01,01T,719.6815399999998,161.719
2022-09-01,03H,1928.4777700000002,172.14600000000002
2021-07-01,04C,5076.650830000002,422.4369999999999
2022-01-01,04C,4985.462309999999,425.8630000000001
2023-09-01,04C,5668.966779999999,439.61599999999993
2023-08-01,04C,5503.044520000001,439.37300000000005
2023-06-01,04C,5537.46967,438.431
2026-04-01,04Y,546.3202299999998,140.57399999999998
2026-02-01,04Y,498.59025999999994,140.65499999999997
2026-06-01,05Q,685.64043,224.154
2025-02-01,07G,1456.09031,190.85299999999995
2025-10-01,07G,983.4769000000001,190.686
2025-07-01,07G,1668.5894699999997,190.795
2024-05-01,07H,3596.5569400000004,333.08299999999997
2023-12-01,07H,4111.17062,331.16999999999996
2024-12-01,07H,3706.8586000000005,335.533
2024-07-01,07H,3870.4525400000007,333.80800000000005
2023-02-01,07H,3769.74587,327.248
2023-01-01,07H,3928.2135599999997,326.877
2023-10-01,07H,4275.382629999999,330.31199999999995
2022-10-01,07H,3957.8308400000005,325.987
2023-11-01,10R,3115.9673599999996,235.30799999999996
2021-10-01,14Y,6406.46585,576.1220000000001
2022-05-01,14Y,6451.455929999998,579.0200000000002
2023-04-01,14Y,6525.014270000002,584.0119999999998
2022-07-01,14Y,6481.529659999999,580.5910000000001
2023-05-01,14Y,7048.4689,584.441
2022-12-01,27D,9964.424749999998,804.133
2022-03-01,27D,9897.84651,796.0980000000001
2023-03-01,27D,10018.722600000001,805.9349999999995
2024-09-01,27D,9455.27384,819.7340000000002
2025-01-01,27D,9785.5424,821.6050000000001
2024-03-01,27D,9882.295579999998,814.751
2023-07-01,27D,9899.977180000002,808.6080000000003
2021-11-01,27D,9529.008789999998,793.1129999999999
2025-09-01,27D,4931.198269999998,824.5640000000002
2025-04-01,42D,4627.73186,568.803
2025-03-01,42D,4396.06458,568.4440000000002
2025-08-01,93C,10736.118890000005,1835.8759999999997
2026-01-01,A3A8R,11333.491970000003,2488.8580000000006
2025-12-01,A3A8R,10290.168290000007,2490.2749999999987
2021-12-01,U2G6B,5447.8874399999995,457.01599999999996
2021-08-01,U2G6B,4970.5589199999995,455.345
2024-01-01,U2G6B,6315.819100000001,493.33000000000004
2024-10-01,U2G6B,5502.611449999999,498.90599999999995
2024-04-01,U2G6B,5487.805450000002,495.105
2022-08-01,U2G6B,4840.04534,460.99000000000007
2024-06-01,U2G6B,5679.433010000002,497.03599999999983
2021-09-01,U2G6B,5412.106409999999,455.8819999999999
2024-11-01,U2G6B,5564.726750000001,500.073
2024-08-01,U2G6B,5095.619310000002,497.94500000000016
2021-06-01,U2G6B,5633.222019999999,454.7250000000001
2025-05-01,W2U3Z,22942.674040000005,2912.140000000002
2025-06-01,W2U3Z,23175.81703000001,2916.484999999999
2022-10-01,00P,3491.9265299999993,287.5150000000001
2021-07-01,00P,3637.43825,284.68999999999994
2022-07-01,01D,2735.26052,243.32600000000005
2025-11-01,01F,673.81749,136.12800000000001
2025-10-01,01F,744.33958,136.17000000000002
2023-10-01,01G,4081.926030000001,312.8449999999999
2023-12-01,01G,4036.912990000001,314.93699999999995
2022-09-01,01G,3448.3011999999994,304.85
2025-09-01,01J,1078.7367199999999,174.29200000000003
2025-08-01,02E,1403.5105099999998,230.84599999999995
2021-08-01,04C,4855.21768,422.14
2022-08-01,04C,4823.779440000001,426.86300000000006
2023-05-01,04C,5416.080300000001,437.42100000000005
2022-11-01,04C,5641.0223399999995,430.823
2022-04-01,04C,4827.502430000001,427.14300000000003
2026-03-01,04Y,586.1663099999998,140.55
2024-10-01,07H,3705.7298499999997,334.808
2024-06-01,07H,3840.0027400000004,333.3709999999999
2024-11-01,07H,3869.699850000001,335.23300000000006
2024-08-01,07H,3503.5752200000006,334.486
2025-01-01,07H,4018.4752200000007,335.64199999999994
2024-09-01,07H,3880.6342499999987,334.81
2024-04-01,07H,3719.5945,332.53200000000004
2025-12-01,07K,1176.81569,280.962
2026-01-01,07K,1306.5163499999999,280.976
2024-01-01,10R,3262.9474700000005,235.817
2021-06-01,10R,2852.61225,230.162
2021-12-01,10R,2819.10061,230.119
2023-04-01,10R,2621.94171,233.87599999999998
2026-02-01,11J,3238.2973299999994,829.7139999999998
2023-09-01,14Y,7656.301779999998,586.8620000000001
2024-03-01,14Y,7163.98287,590.112
2023-03-01,14Y,7765.56468,583.533
2024-05-01,14Y,6923.741229999999,591.681
2022-06-01,14Y,6670.669500000002,579.7490000000003
2023-01-01,14Y,7048.949330000002,582.9130000000001
2022-12-01,14Y,7280.332690000002,582.7
2023-11-01,14Y,7886.864529999999,587.4069999999998
2024-02-01,14Y,7004.738359999999,589.6759999999999
2021-11-01,14Y,7057.202829999999,576.0590000000001
2021-09-01,14Y,7052.3756,576.5020000000002
2025-05-01,27D,8512.552300000001,822.88
2023-06-01,27D,10357.535409999999,807.4870000000001
2024-07-01,27D,10368.522319999998,818.0969999999998
2025-07-01,27D,7705.8335499999985,823.4280000000001
2023-08-01,27D,10342.256339999998,809.3430000000002
2024-12-01,27D,9272.185129999998,821.4979999999997
2026-04-01,36L,6952.717709999997,1763.3669999999995
2026-06-01,72Q,6971.25096,2094.8019999999997
2025-02-01,91Q,18880.886449999995,2036.7999999999997
2025-06-01,91Q,19959.37775,2039.6910000000007
2025-03-01,91Q,20864.82234000001,2037.201
2025-04-01,92A,12691.740309999996,1303.7030000000002
2023-02-01,97R,6828.830450000002,571.015
2026-05-01,A3A8R,9387.49973,2464.9589999999994
2022-02-01,U2G6B,5146.7559599999995,457.68
2023-07-01,U2G6B,5751.8081,469.71700000000004
2022-03-01,U2G6B,5920.654119999998,457.93600000000004
2021-10-01,U2G6B,5091.341359999999,455.94599999999997
2022-05-01,U2G6B,5195.51798,458.93
2022-01-01,U2G6B,5359.629239999998,457.534
2023-03-01,00P,4025.912080000001,289.7610000000001
2021-10-01,00P,3237.9957600000002,284.829
2021-12-01,00P,3664.57842,285.70699999999994
2023-09-01,01G,4078.22571,311.836
2024-06-01,01G,3773.84771,318.42799999999994
2024-03-01,01G,4126.938249999999,316.405
2023-05-01,01G,4099.356180000002,310.11899999999997
2025-01-01,01G,3999.2743600000003,322.035
2024-11-01,01G,3791.1158900000005,321.442
2024-09-01,01G,3800.7875099999997,319.60900000000004
2023-02-01,01G,3696.3210899999995,308.6359999999999
2025-12-01,01H,1449.50185,337.708
2022-08-01,01Y,2517.2709800000002,220.91600000000005
2025-09-01,02E,1641.53683,231.04199999999997
2022-11-01,03H,2323.8939,172.18100000000004
2023-10-01,03H,2370.88382,173.224
2022-03-01,03H,2337.38058,171.725
2022-01-01,03H,2065.0613399999997,171.53599999999997
2021-06-01,04C,5249.52518,422.20300000000003
2022-07-01,04C,5005.91794,427.0559999999999
2024-02-01,04C,5840.100289999999,448.75699999999995
2021-11-01,04C,5378.273750000001,423.76800000000003
2023-07-01,04C,5413.797179999999,438.7910000000001
2022-10-01,04C,5318.275500000001,427.7759999999999
2022-05-01,04C,5414.064360000002,426.93300000000005
2022-12-01,04C,5534.40698,433.741
2021-09-01,04C,5356.22578,421.89700000000005
2026-01-01,04Y,725.2293599999999,140.754
2026-05-01,04Y,585.84423,140.642
2023-06-01,07H,4235.56441,328.765
2025-06-01,07H,3488.69433,336.9560000000001
2026-06-01,07K,994.6559399999999,280.43800000000005
2026-03-01,07K,1191.5087999999998,280.7300000000001
2021-08-01,14Y,6650.838099999998,575.974
2023-12-01,14Y,7581.742770000003,588.1899999999999
2022-02-01,14Y,6689.537020000001,577.893
2024-04-01,27D,10010.468909999998,815.3820000000002
2024-08-01,27D,9043.774870000001,818.98
2023-04-01,27D,9165.48568,806.4379999999998
2021-07-01,27D,10091.078370000001,789.739
2024-05-01,27D,9672.256310000002,816.7219999999998
2024-10-01,27D,10179.35031,820.0170000000002
2022-04-01,27D,9371.53408,797.056
2022-06-01,27D,9364.94844,798.4519999999997
2022-09-01,27D,9213.898520000006,801.7029999999996
2025-08-01,42D,3710.5095,570.4369999999999
2025-04-01,91Q,20297.554500000013,2037.8589999999997
2025-05-01,91Q,21239.353010000003,2038.5829999999994
2025-02-01,92A,12460.611369999999,1303.8010000000004
2025-03-01,92A,13358.875050000004,1303.4460000000001
2025-07-01,92A,12707.822470000003,1304.4219999999996
2025-11-01,93C,10076.55193,1842.5859999999998
2025-10-01,93C,10411.000739999994,1839.7899999999993
2023-11-01,97R,8045.637209999998,574.3480000000002
2023-08-01,97R,7921.459889999998,573.1079999999998
2024-01-01,97R,8042.6550799999995,574.5029999999999
2026-02-01,A3A8R,10178.486850000001,2479.616
2026-04-01,A3A8R,10872.588160000001,2468.9070000000015
2023-01-01,U2G6B,5966.2769499999995,465.59799999999996
2024-12-01,U2G6B,5820.543399999999,501.00500000000005
2024-07-01,U2G6B,6833.3033799999985,497.329
2026-06-01,00L,1271.72156,345.03700000000003
2022-04-01,00P,3429.2863400000015,286.63800000000003
2024-07-01,01G,4428.302740000001,318.89500000000004
2022-08-01,01G,3501.4450699999998,304.171
2024-10-01,01G,4195.5346500000005,320.92400000000004
2023-08-01,01G,4434.7818800000005,311.46999999999997
2023-06-01,01G,4277.514,310.734
2024-12-01,01G,4174.34436,321.9309999999999
2024-08-01,01G,4018.6595400000006,319.31600000000003
2023-05-01,02E,3047.3773500000007,226.48900000000003
2023-11-01,02T,3160.34664,224.23199999999994
2023-10-01,02T,3170.6962700000004,224.07099999999994
2023-12-01,03H,2375.93461,173.417
2023-07-01,03H,2168.68824,172.90800000000002
2021-08-01,03H,2010.5223799999999,171.06399999999996
2023-09-01,03N,8253.00656,630.002
2023-04-01,04C,5061.691730000001,437.2169999999998
2023-03-01,04C,6262.444390000001,436.583
2024-03-01,04C,5888.309930000002,449.261
2023-02-01,04C,5257.46243,435.4910000000001
2022-02-01,04C,5024.197110000001,426.3029999999999
2026-03-01,05V,681.68876,156.846
2026-05-01,05V,664.1146299999999,156.573
2025-12-01,05W,1727.8556899999999,301.38100000000003
2025-10-01,05W,1730.00358,301.5799999999999
2026-02-01,05W,1430.0166700000002,300.591
2021-06-01,07H,4340.453399999999,322.273
2025-03-01,07H,3721.2697800000014,336.027
2021-12-01,07H,4178.62802,324.067
2022-09-01,07H,3860.4843799999994,326.082
2025-04-01,07H,3522.91367,336.23800000000006
2022-11-01,07H,4489.397900000001,326.32000000000005
2025-02-01,07H,3394.3383400000007,335.95599999999996
2022-05-01,07H,4202.2623,324.6169999999999
2026-04-01,07K,1245.21714,280.62699999999995
2025-11-01,09D,2115.7210699999996,331.295
2025-09-01,09D,2535.6517400000002,330.73799999999994
2023-01-01,10R,3030.96075,232.289
2022-10-01,14Y,7294.690160000001,581.602
2024-01-01,14Y,8423.817859999997,588.6659999999999
2024-04-01,14Y,7535.408379999999,590.2850000000001
2024-06-01,27D,10125.62882,817.3150000000003
2025-08-01,27D,5533.720280000001,824.1959999999997
2024-11-01,27D,10438.226480000003,820.8779999999999
2025-07-01,91Q,21069.67681,2040.391
2025-06-01,92A,14020.54991,1304.1440000000005
2025-05-01,92A,14332.816139999997,1303.8810000000005
2026-01-01,93C,10368.58414,1836.974
2022-07-01,97R,6902.516810000002,568.262
2021-10-01,97R,6642.1731500000005,565.523
2022-03-01,97R,7743.222760000002,566.6969999999999
2022-01-01,97R,6842.1120500000025,566.541
2021-09-01,97R,7591.11732,565.445
2022-12-01,97R,7408.93034,570.4779999999997
2024-02-01,D9Y0V,25045.64879,1917.2589999999998
2025-01-01,U2G6B,6969.274560000003,501.5419999999999
2021-11-01,U2G6B,5945.089840000001,456.4079999999999
2022-06-01,U2G6B,5410.00759,459.7490000000001
2024-05-01,U2G6B,6220.243420000001,496.3070000000001
2024-09-01,U2G6B,6157.187819999998,498.33699999999993
2021-07-01,U2G6B,5819.37346,455.02699999999993
2024-06-01,00P,3780.089129999999,294.8709999999999
2022-12-01,00P,3756.8976799999996,288.864
2023-08-01,00P,4145.1806,290.918
2021-09-01,00P,3831.36564,284.687
2022-07-01,00P,3520.6065099999996,286.86899999999997
2023-05-01,00P,3991.6917399999998,290.22399999999993
2025-10-01,00V,1357.58994,212.63
2025-09-01,00V,1719.01944,212.82499999999996
2024-04-01,01G,4252.24557,316.868
2025-11-01,01V,849.45592,128.95100000000002
2023-01-01,02E,3219.0363799999996,225.647
2024-01-01,02E,3273.122300000001,228.71099999999998
2023-07-01,02E,2918.3311300000005,227.18299999999996
2023-12-01,02T,3104.9405999999994,224.26000000000005
2021-11-01,03H,2256.8004500000006,171.32900000000004
2022-05-01,03H,2227.4700900000003,171.75599999999997
2022-06-01,03H,2075.21564,171.853
2023-10-01,04C,6250.28593,441.26299999999986
2024-09-01,04C,5746.189160000001,449.01199999999994
2024-05-01,04C,5715.2177299999985,449.856
2026-01-01,05W,1746.27586,301.137
2026-04-01,05W,1444.9316500000002,300.033
2025-05-01,07H,3978.1494200000006,336.5730000000001
2022-03-01,07H,4570.8259,324.3569999999999
2022-02-01,07H,3829.42471,324.36299999999994
2026-05-01,07K,1198.60627,280.66999999999996
2026-03-01,09D,1689.2729299999996,326.9279999999999
2023-02-01,10R,3030.1363400000005,232.886
2022-01-01,14Y,7304.07926,577.3670000000002
2024-08-01,14Y,7560.123169999999,593.907
2024-10-01,14Y,8467.623630000002,594.572
2024-12-01,14Y,8075.29452,595.3029999999998
2025-01-01,14Y,8734.64705,595.5559999999999
2023-11-01,15F,13856.75763,930.9919999999998
2021-10-01,27D,9698.37314,792.353
2025-06-01,27D,9127.33638,823.2049999999998
2025-03-01,27D,9746.875039999997,822.0740000000003
2026-06-01,36L,6691.923870000004,1751.6509999999996
2022-04-01,84H,6904.81104,560.7199999999999
2025-12-01,93C,11033.708440000004,1840.8040000000005
2026-02-01,93C,9008.672030000002,1826.587
2022-11-01,97R,7874.665060000002,569.9859999999999
2021-07-01,97R,7485.36668,564.642
2022-08-01,97R,6640.607039999998,568.871
2022-09-01,97R,7100.478220000003,569.4140000000001
2023-06-01,97R,8217.515120000002,572.1630000000002
2024-11-01,97R,7925.70001,577.0649999999999
2022-10-01,97R,7183.394270000001,569.8349999999999
2024-02-01,97R,7572.178430000001,574.7200000000001
2024-03-01,97R,7905.548109999998,574.9700000000001
2021-06-01,97R,7712.386070000002,563.7850000000001
2021-08-01,97R,6757.614769999999,564.9880000000002
2023-09-01,97R,8045.701300000001,573.7199999999998
2021-12-01,97R,7462.03306,566.037
2024-07-01,97R,8110.562920000004,576.387
2023-04-01,97R,7104.8920899999985,571.329
2025-07-01,99A,6592.038949999999,597.8289999999998
2025-02-01,U2G6B,5095.317009999999,502.36299999999994
2023-03-01,U2G6B,6820.93379,467.154
2025-04-01,U2G6B,5339.871359999998,502.404
2025-08-01,W2U3Z,20490.922880000002,2921.0639999999985
2021-09-01,00N,2148.8071100000006,158.76600000000002
2022-09-01,00P,3627.7234200000003,287.164
2024-08-01,00P,3895.2961000000005,295.04999999999995
2022-02-01,00P,3413.7836199999997,286.005
2021-08-01,00P,3405.6332,284.67999999999995
2022-05-01,00P,3847.9674099999993,286.8549999999999
2023-04-01,00P,4004.37735,290.14
2026-04-01,00V,1158.68055,211.72300000000004
2026-05-01,00V,975.4653799999999,211.63800000000003
2025-12-01,00V,1310.92269,212.43900000000008
2022-07-01,01G,3761.932440000001,303.726
2025-02-01,01G,3614.6758900000004,322.57400000000007
2023-11-01,01G,4752.51452,314.218
2024-01-01,01G,4591.51047,315.366
2025-05-01,01G,4091.238500000001,322.80800000000005
2025-03-01,01G,3953.021439999999,322.627
2025-08-01,01J,1250.1875800000003,174.17000000000002
2021-06-01,02E,3086.3622800000003,220.801
2024-03-01,02T,3095.97766,224.361
2023-09-01,02T,3296.7663700000003,224.01399999999998
2022-08-01,03H,2033.9771000000005,172.09500000000003
2022-10-01,03H,2219.3262,172.07099999999997
2023-06-01,03H,2591.42517,172.81900000000002
2021-10-01,03H,2120.7063999999996,171.188
2023-02-01,03H,2251.33111,172.429
2024-07-01,04C,6340.85091,449.79
2024-04-01,04C,6301.207839999998,449.45599999999996
2021-12-01,04C,5686.05663,424.60999999999984
2022-03-01,04C,6042.993029999998,426.7269999999999
2026-03-01,05W,1728.9470100000003,300.23800000000006
2025-11-01,05W,2005.6641900000004,301.6019999999999
2026-02-01,07G,1059.15679,190.20400000000004
2025-07-01,07H,3746.79045,337.2819999999999
2022-01-01,07H,4107.50457,324.269
2026-01-01,09D,1980.80274,329.65200000000004
2025-10-01,09D,2146.9175299999993,331.155
2022-12-01,10Q,10861.117209999999,806.1119999999999
2024-10-01,10Q,12143.647050000001,824.3899999999999
2023-10-01,10Q,11535.264530000004,813.1830000000002
2022-11-01,10R,3363.3814999999995,231.70399999999998
2023-08-01,10R,3355.94326,234.197
2024-11-01,14Y,8495.078189999998,594.9019999999998
2024-06-01,14Y,7686.70383,591.983
2023-07-01,14Y,7642.519109999999,585.605
2024-09-01,14Y,8184.0664799999995,594.9139999999999
2024-02-01,15F,12976.04544,935.9100000000001
2025-04-01,27D,9018.896260000001,822.6160000000002
2021-07-01,84H,7818.79874,558.102
2023-03-01,97R,8614.447110000001,571.151
2022-06-01,97R,7013.51567,567.7819999999999
2022-04-01,97R,7087.337299999997,567.204
2023-12-01,97R,8312.70244,574.546
2024-05-01,97R,7608.82047,575.6720000000001
2023-05-01,97R,8016.6272,571.5850000000003
2024-12-01,97R,8219.34514,577.191
2023-01-01,97R,8223.769579999998,570.7800000000001
2025-01-01,97R,8848.840419999997,577.22
2021-11-01,97R,7493.08872,565.617
2026-06-01,99C,969.56865,229.15200000000002
2025-06-01,U2G6B,5885.033199999999,502.65799999999996
2025-09-01,W2U3Z,23856.96156000001,2921.9090000000015
2023-03-01,00N,2425.16467,159.12999999999997
2022-11-01,00P,4337.69337,288.09700000000004
2022-01-01,00P,3712.8493499999995,285.825
2023-10-01,00P,4164.12166,291.585
2024-03-01,00P,4221.35773,294.159
2026-05-01,00P,1379.8732000000002,294.96100000000007
2023-02-01,00P,3837.1572200000005,289.389
2023-01-01,00P,4211.728390000001,289.361
2021-07-01,01D,3396.974780000001,240.68499999999997
2021-09-01,01G,4038.79382,294.3669999999999
2024-05-01,01G,4253.29627,318.044
2022-12-01,01G,4227.099749999999,307.731
2021-06-01,01G,4108.701499999999,290.7969999999999
2025-06-01,01G,3791.6179399999996,323.271
2022-03-01,01W,4763.109980000001,320.64700000000005
2023-12-01,02E,3411.4557999999997,228.562
2021-08-01,02E,2830.62654,221.828
2022-09-01,02E,2888.52215,225.0
2025-07-01,02E,2657.7579200000005,230.779
2022-10-01,02E,2997.3766799999994,225.197
2022-05-01,02E,3042.1163899999997,223.913
2022-02-01,03H,2160.3617300000005,171.68200000000002
2024-09-01,03H,2455.14699,174.71300000000002
2021-12-01,03H,2328.37303,171.45299999999997
2023-05-01,03H,2446.9962,172.66200000000003
2024-01-01,03N,9868.162970000005,638.7779999999999
2024-12-01,04C,6578.939719999999,450.36299999999994
2024-10-01,04C,6648.986889999999,448.728
2026-01-01,07G,1154.99771,190.479
2026-04-01,07G,1079.03856,189.853
2025-12-01,07G,1192.82724,190.49700000000004
2021-10-01,07H,4429.03559,323.75999999999993
2022-08-01,07H,3857.7938099999997,325.79699999999997
2022-06-01,07H,4016.3806999999997,324.89399999999995
2026-02-01,09D,2092.53319,328.33400000000006
2023-06-01,10Q,12693.302839999998,807.8859999999997
2021-11-01,10Q,11018.223089999998,790.6890000000001
2023-09-01,10Q,11973.244639999997,809.5409999999998
2023-11-01,10Q,12532.479909999998,816.2530000000003
2024-11-01,10Q,11939.616960000001,827.1999999999998
2025-01-01,10Q,12767.356509999998,828.2360000000001
2024-02-01,10Q,11632.621,818.6980000000001
2024-06-01,10Q,10791.82949,819.5509999999999
2022-04-01,10R,2944.20457,231.11899999999997
2022-07-01,10R,2963.55418,230.92200000000003
2023-07-01,10R,3191.9744100000003,234.18999999999997
2024-07-01,14Y,8661.064729999998,592.9050000000001
2025-03-01,14Y,7331.893859999999,595.911
2025-05-01,14Y,7954.180070000001,596.3330000000002
2023-08-01,15F,13403.346230000003,921.368
2025-02-01,27D,9506.043389999999,822.214
2025-11-01,42D,4051.16811,570.7809999999998
2025-10-01,42D,4372.554520000001,570.8610000000001
2025-09-01,42D,4725.53701,570.7509999999999
2025-08-01,92A,10538.86393,1304.6740000000004
2026-03-01,93C,10491.017450000001,1818.174999999999
2024-04-01,97R,8269.504640000001,575.2059999999999
2024-08-01,97R,7691.68977,576.853
2025-04-01,97R,7216.86601,577.258
2026-06-01,A3A8R,10602.67029,2454.6590000000015
2023-04-01,D9Y0V,27275.090239999998,1915.9319999999998
2021-11-01,00N,2227.3542399999997,158.67899999999997
2026-06-01,00P,1302.78791,294.55799999999994
2022-08-01,00P,3949.8605900000002,286.9819999999999
2024-02-01,00P,4302.874860000001,293.932
2026-03-01,00V,1267.6553700000002,211.806
2022-02-01,01D,3147.968769999999,242.21800000000005
2022-04-01,01D,3126.2710700000007,242.69400000000002
2025-08-01,01F,1134.9218500000002,136.31799999999998
2025-04-01,01G,4135.268540000001,322.6429999999999
2021-07-01,01G,4133.2277699999995,292.514
2024-10-01,01W,5061.5389399999995,328.60500000000013
2021-06-01,01Y,3241.955610000001,218.82899999999998
2023-04-01,01Y,3184.00963,221.78200000000004
2023-06-01,02E,3582.68236,226.83100000000005
2023-02-01,02E,3033.62699,225.901
2023-11-01,02E,3579.6796300000005,228.389
2022-12-01,03F,4578.43849,309.456
2024-07-01,03H,2698.00261,174.433
2025-01-01,03H,2839.2002,174.71499999999997
2022-07-01,03H,2219.24754,172.01099999999997
2023-08-01,03H,2578.8798199999997,173.033
2024-05-01,03H,2336.6342200000004,174.182
2024-11-01,04C,6572.39455,450.01200000000006
2024-06-01,04C,6014.76261,449.74899999999997
2025-09-01,07G,1857.32039,190.647
2021-08-01,07H,4152.80959,323.406
2025-12-01,09D,2138.31072,330.5909999999999
2024-12-01,10Q,12502.085909999996,827.8480000000002
2023-12-01,10Q,12198.58085,816.981
2024-08-01,10Q,11147.947399999995,820.137
2023-03-01,10Q,12368.82072,806.6830000000001
2024-04-01,10Q,11791.607699999999,818.4300000000001
2024-03-01,10Q,11761.879170000002,818.384
2023-07-01,10Q,11368.247609999999,808.5239999999999
2021-09-01,10Q,10860.481799999996,783.88
2022-09-01,10Q,10533.397579999997,797.55
2022-10-01,10R,3227.9973000000005,231.05499999999998
2023-01-01,13T,8081.397319999996,546.319
2022-03-01,13T,8081.447940000001,539.222
2025-06-01,14Y,7126.039319999999,596.9820000000002
2025-02-01,14Y,7534.5993499999995,596.0269999999999
2026-01-01,42D,3921.2100799999994,570.5830000000001
2021-12-01,84H,8105.410970000001,560.771
2024-01-01,84H,8757.140010000001,566.7880000000001
2022-11-01,84H,8489.812359999998,563.086
2022-06-01,84H,7579.816159999999,560.917
2021-10-01,84H,7655.286260000002,557.176
2026-04-01,93C,10829.612439999995,1815.221
2024-09-01,97R,8288.938119999999,577.0020000000001
2023-10-01,97R,8233.746449999999,573.793
2022-05-01,97R,7782.69047,567.309
2026-05-01,99C,1122.81909,229.23000000000005
2022-01-01,D9Y0V,26879.363659999988,1891.388999999999
2023-09-01,D9Y0V,28872.71121,1904.9330000000007
2023-05-01,U2G6B,6690.977079999999,467.98999999999995
2025-05-01,U2G6B,6785.7550200000005,502.392
2025-03-01,U2G6B,6342.581729999999,502.084
2025-07-01,U2G6B,6062.38211,503.0970000000001
2025-10-01,W2U3Z,22662.925440000017,2932.5700000000015
2026-02-01,W2U3Z,20500.281910000005,2926.9190000000012
2025-11-01,W2U3Z,23293.767840000008,2940.968
2022-05-01,00N,2195.27579,158.79500000000004
2021-10-01,00N,2205.37767,158.75499999999997
2022-03-01,00P,4289.56131,286.16
2023-12-01,00P,4390.932309999999,293.129
2024-12-01,00P,4513.135789999998,295.615
2024-11-01,00P,4538.431030000002,295.473
2023-09-01,00P,4483.0146700000005,291.1539999999999
2023-07-01,00P,4180.559319999999,290.57300000000004
2023-01-01,01D,3822.541529999999,244.52100000000002
2025-07-01,01F,1827.2725700000003,136.42600000000002
2026-02-01,01H,2546.37903,337.63300000000004
2025-10-01,01V,1057.6722399999999,129.047
2021-09-01,02E,3266.5227,222.224
2024-04-01,02E,3550.57929,229.125
2024-02-01,02E,3396.872909999999,228.96599999999998
2023-10-01,02E,3522.076139999999,228.194
2022-11-01,02E,3419.79068,225.313
2021-12-01,02E,3289.4155600000004,222.95000000000002
2024-01-01,02T,3486.8248200000003,224.233
2022-04-01,03H,2238.60588,171.735
2024-03-01,03H,2599.17382,173.89000000000001
2024-08-01,03H,2468.8619099999996,174.65200000000002
2021-06-01,03H,2578.5937099999996,170.74599999999998
2025-06-01,03H,2158.5323,174.70999999999995
2023-04-01,03H,2488.28868,172.57
2024-06-01,03H,2415.33423,174.281
2022-09-01,04C,5664.37936,427.1250000000001
2026-05-01,05W,1481.05974,299.67699999999996
2025-11-01,07G,1548.5908299999999,190.68399999999997
2026-03-01,07G,1195.0440000000003,190.03100000000003
2024-05-01,10Q,11792.782100000002,819.4230000000003
2025-04-01,10Q,11697.44189,828.4529999999999
2022-10-01,10Q,11264.396049999998,801.0889999999995
2022-06-01,10Q,11063.393360000002,796.2599999999999
2024-09-01,10Q,12453.103529999997,820.9699999999999
2023-05-01,10Q,12179.97907,807.6209999999998
2023-08-01,10Q,12605.331119999999,808.4430000000002
2024-07-01,10Q,12721.443789999998,820.04
2023-02-01,10Q,10933.452289999997,807.5219999999996
2021-07-01,13T,7619.11846,531.657
2022-01-01,13T,7885.1726100000005,538.2150000000004
2023-03-01,13T,8511.78949,547.316
2022-12-01,13T,8204.36143,545.9710000000001
2023-06-01,13T,8690.54551,547.92
2026-04-01,42D,3764.47969,569.968
2022-02-01,84H,7349.9234,561.2999999999998
2023-11-01,84H,8899.690009999998,566.3200000000003
2021-08-01,84H,7325.725840000002,557.0980000000001
2022-07-01,84H,7488.996200000001,560.5239999999999
2026-06-01,84H,2554.3711500000004,569.607
2025-01-01,84H,9295.907510000003,569.7379999999999
2025-09-01,91Q,20619.60691999999,2042.6930000000002
2025-08-01,91Q,19974.01624,2041.7639999999997
2025-03-01,97R,7927.32548,577.092
2025-05-01,97R,8625.49965,577.2390000000001
2025-02-01,97R,7422.171949999999,577.4439999999997
2024-10-01,97R,8964.890249999999,576.9780000000001
2022-08-01,D9Y0V,26718.680050000003,1899.5690000000004
2021-11-01,D9Y0V,27798.29544,1886.8039999999992
2026-01-01,W2U3Z,23467.531080000015,2941.5380000000005
2025-12-01,W2U3Z,22190.098540000017,2943.5669999999996
2023-07-01,00N,2352.49251,159.412
2022-04-01,00N,2084.20353,158.82699999999997
2023-06-01,00P,4692.596659999999,290.38100000000003
2025-11-01,00V,1730.8579800000002,212.584
2026-02-01,00V,1676.2701200000001,212.13300000000007
2026-01-01,00V,1728.9999200000002,212.231
2021-10-01,01D,3368.9459200000006,241.329
2022-12-01,01D,3759.0298500000004,244.38500000000002
2023-03-01,02E,3742.7439400000003,226.033
2022-06-01,02E,3209.0730999999987,224.16499999999996
2024-05-01,02E,3486.156799999999,229.50399999999996
2024-11-01,02E,3770.1179799999995,230.654
2022-03-01,02E,3359.88304,223.517
2025-05-01,02E,3533.938380000001,230.72400000000002
2021-11-01,02E,3333.37333,222.662
2023-09-01,02E,3619.2700399999994,227.929
2025-03-01,03H,2598.41648,174.601
2024-04-01,03H,2755.16111,173.90800000000004
2024-10-01,03H,2818.68346,174.69100000000003
2025-01-01,04C,7631.924209999999,450.41699999999986
2024-08-01,04C,6599.366859999999,449.3699999999999
2026-06-01,05W,1446.3876699999998,299.3020000000001
2022-02-01,10Q,10878.679989999997,794.1309999999999
2025-06-01,10Q,11184.856710000004,828.2979999999997
2022-11-01,10Q,12350.840909999997,804.679
2021-06-01,10Q,11854.184190000004,781.104
2021-07-01,10Q,11389.230149999998,782.6389999999999
2022-08-01,10Q,11241.324849999997,797.4539999999997
2025-02-01,10Q,11059.70477,828.9130000000001
2024-01-01,10Q,12718.23539,817.6030000000003
2021-12-01,10Q,11907.336720000003,792.0730000000003
2024-03-01,13T,8717.249509999998,556.185
2022-05-01,13T,7819.05117,539.689
2023-11-01,13T,9056.975859999999,553.495
2022-07-01,13T,7430.104410000001,539.4649999999999
2023-05-01,13T,8397.7491,547.7639999999999
2022-10-01,13T,7746.958159999999,541.3930000000001
2024-12-01,13T,9037.91166,561.175
2025-04-01,14Y,8461.708560000003,596.1750000000001
2025-07-01,14Y,8195.98167,597.571
2023-12-01,15F,14174.18925,933.7999999999998
2025-12-01,42D,5120.188440000001,570.8230000000001
2023-01-01,84H,8850.272619999996,563.4680000000001
2022-01-01,84H,8344.20527,561.0389999999999
2023-04-01,84H,8257.435779999998,563.7950000000001
2024-09-01,84H,9088.800770000002,566.2069999999999
2026-05-01,84H,2826.405,570.5139999999997
2024-07-01,84H,9650.989430000001,566.7419999999998
2024-02-01,84H,8415.529239999998,566.9379999999999
2025-09-01,92A,13837.88562999999,1304.9849999999997
2025-10-01,92A,12476.36544,1304.6549999999997
2024-06-01,97R,8865.9057,576.0189999999999
2023-10-01,D9Y0V,29829.447439999993,1908.7519999999995
2023-08-01,D9Y0V,30595.77334,1903.6320000000003
2023-02-01,D9Y0V,27575.932879999997,1912.815000000001
2021-08-01,D9Y0V,26413.547790000004,1881.2370000000005
2022-09-01,D9Y0V,25300.88958000001,1901.248
2021-09-01,D9Y0V,27970.87202999998,1881.467000000001
2025-08-01,U2G6B,4950.649829999999,503.70400000000006
2026-03-01,W2U3Z,22447.21968,2919.3160000000007
2026-04-01,W2U3Z,21516.994199999994,2916.622
2022-09-01,00N,2192.1997200000005,159.031
2025-02-01,00P,4263.886490000001,295.51900000000006
2024-10-01,00P,5084.77588,295.26599999999996
2022-12-01,00Y,4122.67682,263.59399999999994
2022-02-01,00Y,3604.6022000000003,262.217
2022-06-01,01D,3572.0788399999997,243.06199999999998
2022-01-01,01D,3598.6994400000003,241.955
2023-04-01,01D,3608.5090400000004,245.247
2022-10-01,01Y,3192.8601999999996,220.97099999999998
2021-12-01,01Y,3347.7852300000004,219.891
2021-08-01,01Y,3093.63158,219.35700000000003
2025-04-01,02E,3449.1745500000006,230.62300000000002
2021-10-01,02E,3131.55309,222.48300000000003
2022-04-01,02E,2947.262129999999,223.69899999999998
2024-08-01,02E,3481.20523,230.12100000000004
2025-03-01,02E,3444.2590999999998,230.613
2021-07-01,02T,3349.0037000000007,222.457
2024-02-01,02T,3368.7066599999994,224.34399999999997
2024-11-01,03H,2880.0822700000003,174.72
2025-05-01,03H,2696.0566000000003,174.68200000000002
2024-12-01,03H,3026.5848,174.703
2026-06-01,03K,986.86051,184.452
2023-12-01,03N,10058.066789999999,639.162
2025-08-01,07H,3488.768040000001,337.6770000000001
2026-04-01,09D,2507.43537,326.322
2023-01-01,10Q,13047.565500000002,806.3330000000001
2022-07-01,10Q,11049.782659999997,797.2179999999998
2025-07-01,12F,4784.767050000001,346.493
2023-02-01,13T,7992.507489999999,546.598
2024-09-01,13T,9562.691979999998,555.851
2023-10-01,13T,8627.726559999997,550.4769999999999
2023-08-01,13T,8814.78902,547.6180000000002
2022-08-01,13T,7616.947489999999,539.1500000000002
2024-07-01,13T,9856.438199999999,556.4499999999997
2024-06-01,13T,8860.28956,556.6720000000001
2024-05-01,13T,8474.804009999998,556.7230000000001
2023-03-01,15F,15324.851909999996,920.5379999999997
2024-03-01,15F,14746.099439999996,936.2070000000004
2024-01-01,15F,14926.844019999997,934.8530000000002
2023-09-01,15F,14636.21494,921.5990000000002
2026-02-01,42D,4672.35217,570.3190000000001
2026-03-01,42D,4888.663280000002,570.045
2025-01-01,70F,16356.661859999998,947.1729999999997
2022-05-01,84H,8255.08593,560.5749999999999
2024-04-01,84H,9036.30576,566.4920000000001
2021-09-01,84H,8347.976700000001,556.9389999999997
2021-11-01,84H,8384.810019999999,559.355
2023-07-01,84H,8583.220580000001,563.4459999999999
2025-10-01,91Q,21161.574119999997,2043.1479999999992
2025-11-01,91Q,19029.74095,2043.401000000001
2025-12-01,92A,12991.349450000007,1303.178
2026-01-01,92A,12329.82943,1302.436
2026-05-01,93C,9005.33073,1810.4080000000001
2025-06-01,97R,7862.509759999998,577.34
2023-06-01,D9Y0V,31553.024139999987,1918.7520000000002
2022-11-01,D9Y0V,29725.57231999999,1909.3750000000007
2022-03-01,D9Y0V,28642.571210000002,1893.6409999999998
2023-11-01,D9Y0V,31676.429119999986,1913.44
2023-05-01,D9Y0V,30176.1119,1917.142
2021-06-01,D9Y0V,28666.452230000003,1877.747
2025-09-01,U2G6B,5673.93658,503.7730000000001
2026-04-01,00L,2856.19002,344.837
2026-05-01,00N,849.54427,158.90699999999998
2025-04-01,00P,4637.80586,295.459
2023-11-01,00P,4883.243799999999,292.44500000000005
2024-05-01,00P,4602.612039999999,294.779
2025-06-01,00P,4347.095199999999,295.3799999999999
2024-04-01,00P,4731.063389999999,294.354
2024-07-01,00P,5273.516529999999,294.92
2022-10-01,01D,3584.0721599999993,243.86000000000007
2021-11-01,01D,3621.66555,241.42200000000005
2021-12-01,01D,3786.2540299999996,241.71700000000007
2022-09-01,01D,3391.473860000001,243.80700000000004
2025-01-01,01D,4480.8511100000005,252.24699999999999
2024-09-01,01F,2379.75418,136.538
2025-08-01,01G,3405.9592900000002,323.6849999999999
2025-07-01,01G,4558.972279999999,323.50299999999993
2021-06-01,01W,4943.07053,318.39200000000005
2024-06-01,01Y,3755.09627,226.755
2024-03-01,01Y,3567.6232299999997,225.36599999999993
2022-01-01,02E,3361.9187200000006,223.19499999999996
2024-10-01,02E,4025.0157100000006,230.54400000000004
2022-08-01,02E,3245.90601,224.66699999999997
2023-04-01,02E,3378.4499900000005,226.35500000000002
2022-02-01,02T,3082.3597199999995,222.43200000000002
2021-09-01,03F,4598.857559999998,304.24800000000005
2022-12-01,03H,2747.82814,172.352
2026-06-01,07G,1018.69608,189.26299999999998
2025-11-01,07H,3339.7673900000004,338.06300000000005
2025-09-01,07H,3881.2600200000006,338.09899999999993
2025-10-01,07H,3855.8779600000003,338.09299999999996
2026-01-01,07H,3383.7202599999996,337.9240000000001
2021-07-01,07H,4925.42215,322.848
2025-03-01,10Q,12546.58248,828.636
2021-08-01,10Q,11186.39398,782.851
2025-05-01,10Q,12792.66243,828.2609999999997
2022-05-01,10Q,11902.42856,795.1189999999998
2022-03-01,10Q,12154.40982,794.2510000000001
2022-04-01,10Q,10568.797550000001,794.7859999999998
2021-10-01,10Q,11285.719599999997,788.074
2022-06-01,13T,8076.838169999997,539.672
2024-11-01,13T,9524.175280000001,560.8220000000001
2024-02-01,13T,8647.297500000002,555.4240000000001
2023-07-01,13T,8475.63928,547.6609999999998
2023-09-01,13T,8736.213230000001,547.627
2022-11-01,13T,8513.933219999999,544.6679999999997
2024-08-01,13T,8635.007919999998,556.1479999999999
2023-05-01,15F,14551.819910000004,920.9399999999998
2023-10-01,15F,14673.241549999999,926.2859999999997
2024-12-01,84H,9940.93411,569.6729999999999
2025-02-01,84H,8670.410130000004,569.7239999999999
2023-06-01,84H,9593.906959999998,563.9939999999999
2023-02-01,84H,8351.08953,563.5760000000002
2023-08-01,84H,9137.686859999996,563.1549999999999
2023-03-01,84H,9653.960470000004,563.7229999999998
2026-02-01,91Q,17281.892249999994,2043.0900000000008
2026-03-01,91Q,20739.41281,2041.8409999999994
2025-12-01,91Q,21664.11361,2044.0499999999997
2023-01-01,D9Y0V,31556.08535999999,1911.7820000000002
2023-12-01,D9Y0V,30304.65517,1915.2549999999985
2022-07-01,D9Y0V,26684.197450000007,1898.1009999999997
2024-01-01,D9Y0V,30772.986170000007,1915.8120000000015
2022-02-01,00N,2210.93979,158.757
2025-05-01,00P,4919.072909999998,295.41300000000007
2025-03-01,00P,4592.426400000001,295.47900000000004
2026-04-01,00P,2447.6858700000003,295.08599999999996
2021-06-01,01D,3763.2606399999995,240.25499999999994
2023-12-01,01D,3928.7522300000005,248.08099999999996
2023-02-01,01D,3943.79292,244.923
2024-01-01,01D,4094.0855300000003,248.39200000000002
2025-07-01,01J,2503.0301500000005,174.07799999999995
2024-04-01,01W,5440.9453699999995,326.91100000000006
2024-05-01,01Y,3637.12054,226.19
2024-03-01,02E,3714.85735,229.046
2023-08-01,02E,3719.3144,227.58400000000006
2024-07-01,02E,4134.16192,229.86800000000002
2022-07-01,02E,3242.3862799999997,224.441
2023-04-01,02T,3341.2408200000004,223.54800000000006
2024-12-01,03F,5680.616900000001,314.955
2024-08-01,03F,5075.92719,314.40700000000004
2024-02-01,03H,2757.48273,173.696
2023-01-01,03H,2850.8005599999997,172.364
2025-02-01,03H,2676.14987,174.67199999999997
2023-10-01,03N,10115.43121,638.0749999999999
2023-11-01,03N,10757.03012,638.7479999999999
2026-05-01,07G,1100.56035,189.82600000000005
2022-01-01,10Q,12021.934059999998,792.917
2021-10-01,13T,7804.581499999999,533.5359999999998
2022-09-01,13T,7602.531189999999,538.584
2021-12-01,13T,8689.31718,537.594
2021-11-01,13T,8098.7746499999985,536.1890000000001
2025-06-01,13T,8628.524500000001,560.6460000000001
2024-10-01,13T,9780.9436,558.814
2021-09-01,13T,8119.61611,531.1529999999999
2021-08-01,13T,7842.526689999999,531.3720000000001
2022-04-01,13T,7484.581230000001,539.4100000000001
2026-06-01,13T,3077.69795,555.702
2025-01-01,13T,10351.503809999998,561.1360000000002
2025-08-01,14Y,6942.2280200000005,598.3120000000002
2022-11-01,15F,15446.303360000004,916.1750000000001
2023-06-01,16C,12376.712299999996,726.3620000000001
2024-11-01,70F,16114.22604,945.809
2024-09-01,70F,16606.51089,944.4350000000002
2022-03-01,84H,8620.360170000004,560.811
2023-09-01,84H,9074.10814,562.9480000000001
2023-05-01,84H,8969.618380000004,563.893
2024-06-01,84H,9542.79727,566.9719999999999
2022-08-01,84H,8146.523920000002,560.2040000000001
2025-04-01,84H,9144.23668,569.613
2026-01-01,91Q,20696.517419999996,2043.7779999999998
2026-02-01,92A,11788.11075,1300.5720000000003
2026-03-01,92A,13533.175400000002,1299.0510000000002
2025-11-01,92A,13530.227080000006,1303.6380000000008
2025-09-01,97R,7288.504859999999,577.699
2021-07-01,D9Y0V,28864.825030000007,1880.5410000000002
2022-10-01,D9Y0V,28299.080749999994,1904.8179999999988
2023-07-01,D9Y0V,30276.978320000006,1920.5299999999997
2022-06-01,D9Y0V,28745.004200000003,1896.4629999999997
2022-12-01,D9Y0V,30597.29637,1911.4909999999995
2023-03-01,D9Y0V,33088.59415,1914.9979999999996
2022-05-01,D9Y0V,28845.996999999996,1894.9070000000002
2025-10-01,U2G6B,6153.317529999998,503.794
2025-12-01,U2G6B,5814.05998,503.06699999999995
2022-03-01,00N,2478.5683200000003,158.819
2021-07-01,00N,2521.39761,158.731
2021-08-01,00N,2366.8838100000003,158.714
2025-01-01,00P,5484.881159999999,295.55
2024-02-01,01D,3959.7012400000003,248.93500000000003
2023-10-01,01D,4032.8580699999998,247.28799999999995
2024-05-01,01D,4121.81187,250.204
2023-05-01,01F,2190.2795,135.533
2025-09-01,01G,4342.016310000001,323.958
2025-10-01,01G,3996.05086,325.56100000000004
2025-12-01,01G,3888.9370799999992,326.4130000000001
2024-11-01,01J,3051.89089,173.679
2023-07-01,01W,5200.941419999999,324.8070000000001
2022-01-01,01W,4858.68481,320.079
2022-06-01,01Y,3347.6600999999996,220.717
2022-07-01,01Y,3277.5102100000004,220.80700000000002
2024-06-01,02E,3887.0634,229.61300000000003
2022-12-01,02E,3657.6528500000004,225.49099999999993
2023-03-01,02T,3878.17215,223.46900000000005
2023-08-01,02T,3703.56861,223.87399999999994
2023-06-01,02T,3867.56446,223.573
2023-09-01,02X,5752.57557,334.135
2021-09-01,03H,2640.5610899999992,171.228
2024-03-01,03N,10468.931089999996,638.734
2026-03-01,07H,3858.33804,337.464
2021-11-01,07H,4911.200270000001,323.7809999999999
2026-02-01,07H,3296.85692,337.6529999999999
2025-07-01,10Q,12131.17001,828.209
2026-01-01,11J,8996.833990000001,830.9860000000002
2025-05-01,13T,9427.956209999998,561.0890000000003
2025-03-01,13T,8820.103250000002,561.3240000000001
2024-04-01,13T,9483.612059999998,556.3250000000002
2025-04-01,13T,9009.952820000004,561.234
2023-12-01,13T,8842.509880000001,554.517
2026-05-01,13T,3361.2734900000005,557.9910000000001
2024-01-01,13T,9151.16157,554.982
2023-04-01,13T,8229.38242,547.59
2022-04-01,15F,12782.793339999993,910.1160000000003
2024-09-01,16C,13041.551269999996,736.4040000000001
2022-05-01,70F,15129.4785,923.4320000000001
2024-08-01,70F,15705.201690000004,943.8529999999997
2025-06-01,70F,14666.51511,949.6909999999998
2023-02-01,70F,15211.489319999997,930.486
2023-01-01,70F,15431.790630000001,930.0709999999998
2022-09-01,70F,13572.296500000002,927.3549999999999
2024-07-01,70F,16992.93006,942.6960000000004
2022-08-01,70F,13922.991770000004,926.3629999999996
2022-10-01,84H,8477.017579999996,561.2559999999999
2024-10-01,84H,10127.95132,567.1020000000001
2021-06-01,84H,8764.91833,558.062
2026-04-01,84H,5036.781459999999,571.0409999999998
2026-06-01,93C,10325.978580000005,1802.0290000000011
2025-08-01,97R,7086.015260000002,577.4789999999998
2024-12-01,99A,10839.821860000002,597.3090000000001
2023-11-01,99A,10257.807810000002,584.6170000000001
2025-02-01,99A,9472.30395,597.824
2022-11-01,99A,9703.82199,573.6159999999999
2021-12-01,D9Y0V,30933.41458,1889.4459999999997
2022-02-01,D9Y0V,26555.49313,1892.773
2021-10-01,D9Y0V,27911.571700000004,1883.5420000000008
2025-11-01,U2G6B,6092.0181600000005,503.55500000000006
2023-05-01,00L,5503.505940000001,336.00300000000004
2024-05-01,00L,5917.423969999999,339.429
2023-09-01,00L,5874.969440000002,337.1740000000001
2023-08-01,00L,5632.113550000001,336.7619999999999
2022-01-01,00N,2425.09774,158.71300000000002
2024-09-01,00P,5229.986200000001,295.09100000000007
2024-01-01,00P,4995.79541,293.52200000000005
2024-06-01,01D,4325.648,250.5860000000001
2024-04-01,01D,4407.80445,249.63100000000003
2022-03-01,01D,3880.0792500000007,242.414
2021-09-01,01D,3764.1487399999996,241.27100000000002
2022-11-01,01D,4146.34199,244.026
2025-05-01,01F,2350.21634,136.65200000000002
2025-06-01,01F,2173.11327,136.61599999999999
2025-11-01,01G,4188.8969,326.05300000000005
2026-02-01,01G,3611.3843599999996,325.64699999999993
2021-08-01,01W,4772.731940000001,318.9440000000001
2024-08-01,01W,5543.8134900000005,328.11600000000004
2023-01-01,01W,5411.94651,322.984
2023-11-01,01W,5728.45152,326.14399999999995
2021-10-01,01W,4844.6907,319.439
2023-06-01,01Y,3902.05298,222.39199999999997
2023-02-01,01Y,3634.80075,221.461
2021-07-01,02E,3647.5460200000007,221.40800000000002
2021-12-01,02T,3670.0420800000006,222.22899999999998
2021-11-01,03F,4770.801980000001,305.13499999999993
2022-07-01,03F,4560.53064,306.954
2023-03-01,03H,3025.1091899999997,172.554
2025-12-01,07H,4291.0675,338.054
2023-04-01,10Q,12415.016559999996,807.3139999999999
2025-02-01,13T,8976.408619999998,561.2460000000001
2025-10-01,14Y,8170.82462,598.459
2025-09-01,14Y,8270.04211,598.8179999999999
2022-09-01,15F,13439.20774,908.423
2022-10-01,15F,14152.308620000007,911.9670000000004
2022-06-01,15F,13879.414270000003,909.7789999999999
2026-05-01,16C,4607.8748000000005,739.7720000000002
2025-01-01,16C,14570.882650000001,738.163
2026-06-01,16C,4267.568509999999,738.2959999999999
2025-04-01,70F,15898.614339999995,948.7369999999999
2025-03-01,70F,15227.71837,947.867
2024-10-01,70F,17731.612410000005,945.1
2021-06-01,70F,14538.704730000003,913.6169999999997
2025-08-01,71E,10333.31597,826.7189999999996
2022-12-01,84H,9371.115140000002,563.5100000000001
2023-12-01,84H,9057.84677,566.7829999999999
2024-03-01,84H,9373.57226,566.7499999999999
2023-10-01,84H,9459.31113,564.765
2026-04-01,91Q,18409.893429999996,2041.902999999999
2025-07-01,97R,8540.225149999998,577.2660000000001
2023-07-01,99A,9298.056420000004,578.5630000000001
2024-02-01,99A,9706.340849999997,587.7069999999999
2024-11-01,99A,10668.897240000004,596.6610000000001
2022-05-01,99A,9404.909179999999,567.5210000000001
2022-08-01,99A,8805.987510000003,567.7670000000003
2024-07-01,99A,10726.17522,590.171
2022-02-01,99C,3267.3334,224.203
2024-12-01,B2M3M,20681.03921000001,1118.4750000000004
2022-04-01,D9Y0V,27033.61211,1893.738999999999
2026-03-01,U2G6B,5803.281900000001,500.1820000000001
2026-01-01,U2G6B,6138.633360000001,502.07999999999987
2023-04-01,00L,5188.590779999999,335.876
2024-04-01,00L,6054.714970000001,338.7290000000001
2024-10-01,00L,6539.54973,341.04299999999995
2022-12-01,00N,2664.21421,159.177
2023-01-01,00N,2713.30933,159.12199999999996
2022-11-01,00N,2704.9541799999997,159.176
2024-06-01,00N,2880.1894400000006,160.02399999999997
2021-12-01,00N,2648.2776900000003,158.713
2025-07-01,00P,4799.341590000001,295.32300000000004
2023-10-01,00Y,4471.991659999999,266.15799999999996
2023-11-01,01D,4462.551490000001,247.73699999999994
2023-06-01,01D,4343.819080000001,245.98000000000005
2026-03-01,01G,3774.68782,325.1540000000001
2025-10-01,01T,2246.6021600000004,161.799
2025-01-01,01W,6635.637749999999,329.2300000000001
2025-03-01,01W,5426.2387499999995,329.24999999999994
2023-08-01,01W,5659.946279999999,325.233
2024-01-01,01Y,3968.2231500000003,224.441
2022-04-01,01Y,3261.5077300000003,220.57700000000003
2024-09-01,02E,4243.45748,230.44099999999995
2026-06-01,02P,1576.1814200000001,270.323
2022-06-01,02T,3439.0911499999997,222.712
2023-07-01,02T,3604.50548,223.762
2022-10-01,02T,3536.02375,223.03400000000005
2021-06-01,02T,3698.9326400000004,222.343
2021-11-01,02T,3477.7765799999993,222.32599999999996
2023-05-01,02X,5641.26388,332.067
2022-08-01,02X,5143.0768800000005,329.48199999999997
2024-07-01,03F,5727.67828,314.498
2024-03-01,03F,5450.455859999998,314.5769999999999
2022-01-01,03F,4780.15396,306.59
2025-04-01,03H,2956.87992,174.69200000000004
2026-04-01,07H,3098.1331200000004,337.2960000000001
2026-05-01,09D,2108.69093,324.959
2025-09-01,10Q,11991.354039999998,828.6480000000003
2025-08-01,10Q,10416.456350000002,827.923
2024-12-01,12F,6526.0181200000015,345.807
2022-02-01,13T,7929.2307599999995,538.52
2026-01-01,14Y,7353.92269,597.7519999999998
2025-12-01,14Y,8174.362310000001,598.123
2025-11-01,14Y,7884.016990000003,597.943
2022-05-01,15F,15205.360910000005,909.8860000000003
2021-07-01,15F,14958.65998,898.66
2022-03-01,15F,15074.075520000002,909.616
2023-02-01,15F,15090.832100000003,919.1260000000002
2021-10-01,16C,10935.894700000003,713.7539999999999
2023-12-01,16C,12309.670479999997,731.1039999999998
2023-09-01,16C,12694.569399999997,727.752
2025-02-01,70F,15516.549430000003,947.5750000000003
2024-02-01,70F,15582.420510000004,938.4639999999995
2021-08-01,70F,13856.44725,916.634
2023-03-01,70F,16601.900739999997,930.7540000000001
2022-07-01,70F,13843.464940000005,925.589
2025-05-01,70F,16518.090879999996,949.5000000000001
2021-09-01,70F,14706.810680000004,917.7450000000001
2022-09-01,84H,8316.85809,560.207
2024-11-01,84H,10174.956840000004,568.8180000000001
2024-05-01,84H,9922.36552,566.6680000000001
2025-06-01,99A,9642.682159999998,598.2609999999999
2024-08-01,99A,10107.127080000002,590.0969999999999
2026-02-01,U2G6B,5626.32265,500.9820000000001
2021-08-01,00L,5186.993459999999,332.3930000000001
2024-07-01,00L,6278.37784,339.9340000000001
2023-02-01,00L,5546.99841,335.36299999999994
2023-10-01,00L,5961.467129999998,337.246
2022-07-01,00N,2498.04954,158.918
2025-10-01,00P,4390.20703,295.469
2023-08-01,01D,4447.184179999999,246.7300000000001
2025-06-01,01D,4113.568209999999,252.80300000000003
2023-01-01,01F,2375.85321,134.938
2026-01-01,01G,4020.46829,326.06099999999986
2023-12-01,01W,5517.936770000001,326.439
2022-06-01,01W,4978.8975,321.005
2023-04-01,01W,5046.29291,323.883
2024-03-01,01W,5727.930400000001,326.957
2024-11-01,01W,6016.202680000001,328.962
2023-05-01,01W,5526.655280000001,324.11799999999994
2023-03-01,01W,5962.096490000002,323.642
2021-11-01,01W,5044.44323,319.46999999999986
2022-09-01,01Y,3359.3757700000006,220.99499999999992
2021-10-01,01Y,3372.2758400000002,219.59999999999994
2022-03-01,01Y,3692.5324299999997,220.326
2023-11-01,01Y,4163.27509,224.10799999999995
2021-09-01,01Y,3545.2787200000002,219.53699999999998
2024-02-01,01Y,3756.2346600000005,224.93199999999996
2022-05-01,01Y,3776.3864799999997,220.67499999999998
2022-08-01,02T,3497.1060700000007,223.037
2021-12-01,02X,5504.286809999999,327.297
2025-04-01,02X,5825.78985,340.266
2021-07-01,02X,5461.63939,326.6290000000001
2025-02-01,03F,5174.37653,314.9149999999999
2023-09-01,03F,5436.7797900000005,311.53999999999996
2025-08-01,03H,2356.46103,174.688
2024-04-01,03N,11479.094399999998,638.435
2026-03-01,10Q,10682.10182,826.7789999999999
2026-02-01,14Y,6839.859780000001,597.16
2021-06-01,15F,14966.898020000002,898.0770000000001
2023-06-01,15F,16307.36952,921.8520000000002
2022-02-01,15F,13691.345940000003,909.394
2022-01-01,16C,11192.759349999995,716.2
2026-04-01,16C,6801.2174700000005,739.9549999999999
2026-06-01,42D,3492.1766300000004,569.392
2026-05-01,42D,3810.0030700000007,569.795
2022-04-01,70F,13701.998539999999,922.725
2024-05-01,70F,16633.835649999994,940.704
2022-12-01,70F,16138.18872,929.6410000000003
2024-12-01,70F,17886.546040000005,946.6860000000001
2022-11-01,70F,15903.182040000002,928.875
2023-07-01,70F,15595.099929999997,933.2260000000001
2025-09-01,70F,14702.65536,951.5529999999995
2025-07-01,70F,15928.989369999994,950.3009999999999
2025-03-01,84H,9429.49405,569.5980000000001
2024-08-01,84H,9872.442729999997,566.4180000000001
2025-11-01,97R,7620.67642,577.3729999999997
2025-12-01,97R,7996.66146,577.3350000000002
2024-10-01,99A,11476.917869999997,594.7320000000001
2024-09-01,99A,10914.242559999999,590.1700000000001
2025-05-01,99A,10468.430340000003,598.3059999999999
2024-01-01,99A,10481.701199999998,586.7710000000002
2024-06-01,B2M3M,20138.395179999996,1107.3750000000007
2025-01-01,B2M3M,22591.917129999998,1118.5240000000001
2022-10-01,B2M3M,16937.59801,1064.3670000000002
2025-02-01,00L,5886.64002,341.74600000000004
2023-01-01,00L,6000.440719999999,335.1449999999999
2022-08-01,00L,5282.334490000001,334.23199999999997
2024-09-01,00N,2979.0033900000003,159.98900000000003
2022-10-01,00N,2552.8672,159.12099999999998
2022-06-01,00N,2485.7551,158.89200000000002
2022-07-01,00Y,4142.9733700000015,262.74499999999995
2021-10-01,00Y,4052.3516200000004,261.50100000000003
2022-04-01,00Y,3994.86993,262.40599999999995
2025-03-01,01D,4332.730689999999,252.30099999999996
2022-05-01,01D,4187.96799,242.89799999999994
2021-12-01,01W,5403.502109999999,319.767
2022-02-01,01W,4880.381250000001,320.612
2024-07-01,01W,6095.165439999999,327.72599999999994
2022-12-01,01W,5635.151110000001,322.878
2025-04-01,01Y,3977.33279,228.77100000000002
2024-12-01,02E,4423.592769999999,230.885
2023-09-01,02Q,2210.6695799999998,125.222
2022-11-01,02T,3890.09793,223.155
2021-09-01,02X,5308.118260000001,327.061
2022-03-01,02X,5633.288789999999,328.00199999999995
2023-03-01,02X,6148.057219999999,331.603
2021-07-01,03F,5100.26664,304.1420000000001
2025-05-01,03F,5705.64402,314.704
2022-09-01,03F,4712.865000000001,306.8919999999999
2023-04-01,03F,4851.024529999999,311.033
2023-08-01,03F,5671.338869999999,311.681
2023-06-01,03F,5551.232459999999,311.39499999999987
2024-11-01,03F,5908.66503,314.72599999999994
2023-12-01,03F,5349.23945,313.77299999999997
2025-09-01,03H,2901.1139799999996,174.79100000000003
2025-07-01,03H,2980.4702500000003,174.643
2024-02-01,03N,11201.07412,639.0640000000002
2024-08-01,03N,11393.744169999998,636.9499999999999
2026-06-01,09D,1990.7516500000002,323.82099999999997
2025-12-01,10Q,11733.996540000002,832.3340000000001
2025-11-01,10Q,11459.460239999997,833.1869999999999
2025-10-01,10Q,12409.891789999998,831.8580000000001
2023-07-01,12F,5729.39771,342.12700000000007
2024-01-01,12F,6352.328670000001,343.548
2022-01-01,12F,5436.58663,339.342
2026-04-01,13T,5169.108660000001,558.9800000000001
2026-03-01,14Y,7886.56359,596.6419999999999
2021-08-01,15F,14151.947570000008,898.262
2023-10-01,16C,12914.505330000004,728.6810000000002
2021-06-01,16C,12062.070559999995,711.9909999999999
2021-11-01,16C,11633.770930000004,714.6950000000002
2025-08-01,84H,7948.387379999998,568.8330000000001
2025-06-01,84H,9423.172220000002,569.4590000000001
2026-01-01,97R,7218.385419999999,576.9879999999998
2026-02-01,97R,6811.840720000001,576.734
2024-04-01,99A,10631.467259999996,588.7190000000002
2023-05-01,99A,10001.763150000002,578.3140000000001
2024-06-01,99A,10742.316909999996,590.2949999999998
2023-02-01,99A,9543.888850000001,576.2899999999998
2024-05-01,99A,10492.283050000002,590.0940000000003
2024-03-01,99A,10333.779460000002,588.5050000000001
2025-01-01,99A,12108.316040000003,597.2599999999999
2023-11-01,99C,4230.2279499999995,227.101
2024-10-01,B2M3M,21983.71091000001,1115.937
2026-05-01,W2U3Z,22780.609409999983,2907.4929999999986
2022-05-01,00L,5760.699260000002,333.50800000000004
2022-06-01,00L,5224.084939999999,333.64
2024-06-01,00L,6268.9881300000025,339.63000000000005
2022-10-01,00L,5374.869800000001,334.685
2022-08-01,00N,2535.049,158.96300000000002
2025-11-01,00P,4691.652790000001,295.684
2026-06-01,00V,1454.5438900000004,211.38800000000006
2021-11-01,00Y,4388.00498,261.62600000000003
2024-10-01,01D,4984.036709999999,251.85500000000002
2024-03-01,01D,4441.48776,249.29100000000005
2024-11-01,01D,4773.51169,251.98700000000002
2021-06-01,01F,2315.92956,134.327
2024-12-01,01W,6329.954019999999,329.15400000000005
2022-11-01,01W,5655.320340000001,322.50699999999995
2025-04-01,01W,5865.06845,329.28299999999996
2024-02-01,01W,5879.57185,326.826
2024-05-01,01W,5975.081880000001,327.431
2023-09-01,01W,5795.8620900000005,325.63900000000007
2023-06-01,01W,5838.078479999999,324.504
2023-08-01,01Y,4171.20958,223.184
2023-12-01,01Y,4015.8915899999993,224.28599999999997
2024-07-01,01Y,4408.58513,226.97299999999998
2023-05-01,01Y,3964.8803300000004,222.11299999999997
2025-01-01,02E,4773.15263,230.82099999999994
2022-03-01,02T,3841.0624700000003,222.38600000000002
2021-10-01,02T,3481.5766100000005,222.376
2024-08-01,02X,6114.86463,338.71999999999997
2023-07-01,02X,5717.519539999999,333.07300000000004
2023-11-01,03F,5925.050500000002,313.125
2024-01-01,03F,5852.189760000001,314.1190000000001
2024-09-01,03F,6037.137830000001,314.3499999999999
2025-10-01,03H,2614.7552600000004,174.75100000000006
2026-02-01,10Q,10379.56369,828.5749999999999
2026-01-01,10Q,11393.470280000005,830.7589999999999
2025-12-01,11J,12257.881960000006,831.4889999999999
2022-09-01,12F,5267.8117299999985,340.8359999999999
2022-04-01,12F,5210.9398599999995,339.54400000000004
2025-08-01,13T,8612.367800000002,559.3470000000002
2025-07-01,13T,10314.297659999998,560.085
2021-07-01,14L,11662.274940000003,679.2840000000002
2021-09-01,15F,14660.823299999998,898.0779999999996
2022-12-01,15F,16259.099399999997,917.6999999999999
2021-12-01,15F,15520.350540000001,907.9760000000003
2022-07-01,15F,14700.236360000004,909.4680000000002
2024-04-01,16C,13448.843569999997,733.6530000000002
2023-02-01,16C,12011.02685,723.907
2025-02-01,16C,12746.20938,739.0450000000001
2023-04-01,16C,11384.989500000001,725.7939999999999
2022-01-01,70F,14855.2536,921.3660000000003
2025-09-01,84H,9503.77601,568.6310000000001
2025-05-01,84H,10460.520369999998,569.366
2026-05-01,91Q,18705.31452000001,2041.5040000000004
2026-03-01,97R,8006.41029,576.5210000000002
2023-01-01,99A,10368.02214,575.442
2023-03-01,99A,10854.248909999998,577.3199999999998
2022-02-01,99A,8613.289350000003,564.7819999999997
2023-10-01,99A,10314.381099999997,581.5340000000001
2021-08-01,99C,3524.2643599999997,223.627
2026-04-01,99C,2127.20943,229.36699999999996
2025-03-01,B2M3M,19242.672009999995,1119.538
2025-06-01,B2M3M,18638.16059000001,1117.8060000000003
2023-07-01,00L,5821.72346,336.464
2024-02-01,00L,6132.658370000002,338.333
2021-10-01,00L,5244.08137,332.81600000000003
2024-12-01,00L,6586.8807400000005,341.423
2024-05-01,00N,2935.1393800000005,159.94400000000002
2025-08-01,00P,4583.498309999999,295.299
2025-09-01,00P,5075.487530000001,295.2290000000001
2026-01-01,00P,4446.4513400000005,295.435
2023-05-01,01D,4423.077350000001,245.55800000000005
2024-07-01,01D,4885.6925900000015,250.89600000000007
2021-08-01,01D,3798.35855,240.918
2022-08-01,01D,3914.5036699999996,243.59300000000005
2025-01-01,01J,3624.6177600000005,173.748
2024-08-01,01J,3244.8226799999998,173.101
2022-09-01,01W,5290.833420000001,322.381
2021-09-01,01W,5545.562739999999,319.283
2023-02-01,01W,5535.716399999999,323.406
2025-02-01,01W,5708.50916,329.243
2025-06-01,01W,5503.186919999998,329.7459999999999
2024-09-01,01W,6361.57357,328.538
2024-10-01,01Y,4555.92016,227.72300000000004
2024-04-01,01Y,4176.06952,225.651
2024-11-01,01Y,4443.62475,227.99800000000005
2023-03-01,01Y,4277.159079999999,221.589
2022-05-01,02Q,2140.49418,122.204
2022-02-01,02X,5003.7913499999995,327.809
2022-04-01,02X,5196.56996,328.25499999999994
2023-12-01,02X,6085.722619999998,335.332
2022-10-01,03F,4966.981659999998,307.56899999999996
2025-12-01,03H,2737.0799,174.65999999999997
2026-02-01,03H,2571.24543,174.48699999999994
2026-03-01,03H,2698.9855599999996,174.48199999999997
2023-09-01,03H,3098.33163,173.15599999999998
2025-11-01,03H,2792.578090000001,174.761
2022-12-01,12F,6074.942439999999,341.2230000000001
2021-12-01,12F,5940.89296,339.263
2021-06-01,13T,9178.193329999996,531.9809999999999
2022-01-01,15F,14756.938380000001,908.8750000000001
2023-01-01,15F,16645.602589999995,918.2699999999999
2024-01-01,16C,13678.41683,731.5439999999998
2022-11-01,16C,12837.898129999996,722.1259999999996
2025-05-01,16C,13654.091999999997,739.7069999999998
2023-08-01,70F,17567.86448,934.1579999999999
2022-03-01,70F,16061.8499,922.2269999999997
2021-11-01,70F,15458.235270000001,918.7300000000002
2024-06-01,70F,17396.431129999997,941.7529999999999
2022-06-01,70F,14712.699669999998,924.5509999999999
2023-11-01,70F,17748.85542,936.2860000000001
2021-07-01,70F,15733.23914,915.18
2025-07-01,84H,10667.10472,569.295
2026-04-01,92A,13129.844509999999,1298.222000000001
2026-05-01,92A,12060.460380000008,1297.171
2023-10-01,92G,17853.64009,997.4820000000002
2025-10-01,97R,8770.491409999999,577.538
2025-04-01,99A,10674.542550000004,598.431
2025-03-01,99A,10650.230139999998,598.254
2023-06-01,99A,10472.323710000002,578.8110000000001
2023-04-01,99A,9354.381919999998,577.9860000000001
2022-07-01,B2M3M,17706.559799999988,1055.6770000000004
2024-03-01,B2M3M,19695.63605,1102.4620000000002
2026-06-01,W2U3Z,20896.89816,2893.099999999998
2024-01-01,00L,6334.266519999999,338.0409999999999
2021-06-01,00L,5760.05752,331.6259999999999
2025-03-01,00L,6163.93154,341.83599999999996
2022-11-01,00L,5965.4148700000005,334.96
2026-04-01,00N,1731.50031,159.10899999999998
2024-02-01,00N,2929.33236,159.929
2026-02-01,00P,4537.242009999999,295.2479999999999
2022-05-01,00Y,4623.68257,262.551
2022-09-01,00Y,4358.32477,263.069
2023-08-01,00Y,5055.787340000001,265.40299999999996
2024-08-01,01D,4720.2021,251.3130000000001
2025-01-01,01F,2865.38379,136.803
2021-08-01,01F,2132.65708,134.65400000000002
2022-10-01,01W,5231.4965600000005,322.29499999999996
2025-05-01,01Y,4253.83321,228.751
2022-01-01,01Y,3612.5815000000007,220.0
2025-06-01,02E,3956.50756,230.82199999999997
2022-02-01,02E,3464.7316299999998,223.40699999999995
2024-12-01,02Q,2480.2022800000004,127.837
2023-02-01,02T,3844.84762,223.28799999999998
2022-07-01,02T,3749.42724,222.809
2024-11-01,02X,6665.78422,339.56100000000004
2022-06-01,02X,5334.57258,328.78999999999996
2022-12-01,02X,5937.59152,330.7960000000001
2023-05-01,03F,5606.138990000001,311.238
2024-06-01,03F,5821.3456000000015,314.656
2022-03-01,03F,5430.8606,306.976
2024-04-01,03F,5958.592180000001,314.3930000000001
2026-05-01,03H,1699.21181,174.64999999999998
2023-11-01,03H,3292.2061599999993,173.25600000000003
2026-01-01,03H,2739.6589900000004,174.669
2024-05-01,03N,11739.073919999999,638.6130000000002
2024-09-01,12F,6706.6011400000025,345.6269999999999
2023-04-01,12F,5705.327720000002,341.5810000000001
2023-03-01,12F,6618.68636,341.38500000000005
2023-06-01,12F,6471.67022,341.85400000000004
2025-09-01,13T,9674.31359,559.1650000000001
2021-11-01,15F,15341.22627,906.3040000000001
2022-08-01,15F,14668.131999999998,908.7419999999997
2023-07-01,16C,12865.1946,726.863
2022-04-01,16C,11412.748660000003,718.347
2025-04-01,16C,13230.44881,739.5689999999998
2024-07-01,16C,14350.50732,735.2209999999998
2021-12-01,16C,12619.3056,715.7090000000001
2025-08-01,70F,14772.914200000001,950.8210000000001
2024-03-01,70F,16948.123290000007,939.2489999999998
2026-03-01,70F,15747.169979999999,950.0239999999997
2023-12-01,70F,17023.16234,937.3699999999997
2023-10-01,70F,16755.7515,935.4230000000001
2025-12-01,84H,9434.90512,572.131
2025-10-01,84H,9935.107230000001,570.7359999999999
2025-11-01,84H,9258.219599999999,571.981
2024-10-01,92G,20428.98940000001,1009.3139999999996
2023-09-01,99A,10369.87032,577.8150000000003
2021-09-01,99A,9769.935309999999,557.2099999999999
2021-10-01,99A,8991.81322,559.7760000000001
2023-01-01,99C,4151.028840000001,225.44599999999997
2021-07-01,99C,3864.6219700000006,223.462
2025-02-01,99C,3974.1164999999996,228.713
2026-06-01,B2M3M,8239.737499999997,1115.249
2025-07-01,B2M3M,20975.34487,1117.3
2023-12-01,00L,6254.7814499999995,337.824
2021-09-01,00L,5873.42427,332.71799999999996
2023-06-01,00N,3035.24359,159.281
2024-01-01,00N,3018.00227,159.85399999999998
2026-06-01,00N,1180.9398999999999,158.718
2026-03-01,00P,5222.494430000001,295.06399999999996
2022-06-01,00Y,4300.663240000001,262.611
2021-08-01,00Y,4144.5044100000005,261.24399999999997
2024-12-01,01D,4895.546380000001,252.141
2025-05-01,01D,4752.52967,252.65200000000004
2025-04-01,01D,4560.528940000001,252.339
2022-02-01,01F,2105.65432,135.233
2023-04-01,01F,2264.59612,135.394
2026-04-01,01G,3667.7848200000003,325.1049999999999
2025-09-01,01T,2865.6191299999996,161.742
2024-06-01,01W,6077.837370000002,327.49300000000005
2022-08-01,01W,5211.99286,321.955
2025-10-01,01W,5780.248980000002,330.714
2022-04-01,01W,5111.460579999999,320.75699999999995
2021-11-01,01Y,3742.2585200000008,219.637
2025-02-01,01Y,3976.6565400000004,228.512
2022-12-01,02T,4038.15796,223.18700000000004
2022-09-01,02X,5499.32786,329.8330000000001
2023-02-01,02X,5820.41748,331.356
2025-06-01,03F,5519.19024,314.60900000000004
2023-07-01,03F,5523.653460000002,311.58399999999995
2024-10-01,03F,6376.622150000002,314.507
2023-10-01,03F,5770.805769999999,311.995
2021-06-01,03F,5285.66048,303.84600000000006
2025-01-01,03F,6803.188340000001,314.92300000000006
2021-07-01,03Q,4341.76656,249.479
2026-05-01,07H,3377.8751100000004,337.12600000000003
2024-03-01,12F,6215.814880000002,343.88300000000004
2024-04-01,12F,6548.574920000001,344.01899999999995
2024-11-01,14L,14739.536099999998,750.3149999999999
2025-03-01,16C,13780.785729999996,739.32
2023-08-01,16C,13876.02497,727.2460000000001
2023-11-01,16C,13991.116380000001,730.29
2024-05-01,16C,13510.805500000002,734.5279999999998
2023-01-01,16C,13630.48567,722.9459999999999
2024-02-01,16C,13472.689169999998,732.8329999999999
2025-07-01,16C,14193.049590000004,739.895
2022-05-01,16C,12695.065870000002,718.542
2023-03-01,16C,14257.346389999997,725.0330000000002
2023-05-01,70F,16812.09967,931.3790000000001
2025-12-01,70F,15965.748010000005,951.6940000000003
2026-02-01,70F,14666.705149999998,950.5690000000002
2021-10-01,70F,14803.154670000004,918.0770000000001
2025-11-01,70F,15519.594659999995,951.5470000000001
2026-01-01,84H,9078.501030000001,571.858
2021-12-01,99A,10027.201579999997,564.428
2022-07-01,99A,9565.957889999998,567.8890000000001
2022-10-01,99A,9259.90786,570.0760000000001
2022-11-01,99C,4029.90511,225.26999999999998
2023-09-01,B2M3M,19986.552700000004,1085.8529999999992
2022-03-01,B2M3M,18636.26402,1049.9750000000004
2024-09-01,B2M3M,21589.78202999999,1111.224
2024-08-01,B2M3M,20876.95155,1110.0570000000002
2024-07-01,B2M3M,21978.430470000003,1108.8770000000004
2022-01-01,B2M3M,17441.129519999995,1048.5610000000004
2025-08-01,B2M3M,18118.07533,1117.4319999999998
2022-03-01,00L,5920.902910000001,333.25199999999995
2024-09-01,00L,6651.612170000001,340.83700000000005
2023-11-01,00L,6534.899999999999,337.598
2023-06-01,00L,6425.867690000001,336.178
2023-03-01,00L,6635.265960000001,335.54600000000005
2025-06-01,00N,2815.9155900000005,159.684
2023-02-01,00N,2845.5642900000003,159.10899999999998
2025-12-01,00P,5105.602280000001,295.606
2021-06-01,00Y,4604.77928,260.798
2023-01-01,00Y,4977.665250000001,263.736
2024-01-01,00Y,5107.96808,267.243
2023-09-01,00Y,4905.1671400000005,265.718
2021-12-01,00Y,4792.924430000001,261.80699999999996
2023-04-01,00Y,4423.92488,264.386
2024-04-01,00Y,5156.1471,268.139
2024-11-01,01F,2697.88066,136.747
2025-08-01,01T,2781.3070799999996,161.63
2021-07-01,01W,5582.4376,318.636
2023-07-01,01Y,3963.60839,222.89400000000003
2024-08-01,01Y,4278.763739999999,227.29700000000003
2023-10-01,01Y,4175.197329999999,223.76899999999998
2025-03-01,01Y,4323.757320000001,228.57700000000003
2026-03-01,02Q,2314.8872300000003,128.888
2022-01-01,02X,5634.62906,327.561
2022-10-01,02X,5500.03057,330.02900000000005
2024-10-01,02X,6902.085190000002,339.26999999999987
2022-11-01,02X,5924.977199999999,330.47200000000004
2025-07-01,03F,6137.44342,314.499
2024-02-01,03F,5825.571550000001,314.328
2022-06-01,03F,5067.08558,306.82800000000003
2026-06-01,03F,2486.0934100000004,312.7059999999999
2022-05-01,03F,5454.333590000001,306.95900000000006
2024-06-01,03N,12233.118849999995,638.2620000000003
2024-07-01,12F,6896.722030000001,344.96900000000005
2025-11-01,13T,9201.1607,563.0729999999999
2025-01-01,14L,16214.620859999999,750.3950000000001
2021-10-01,15F,14810.916980000002,903.2970000000004
2022-08-01,16C,11819.540620000002,719.8050000000002
2023-05-01,16C,13144.776960000003,725.959
2022-12-01,16C,13166.367470000005,722.8799999999998
2022-02-01,16C,11366.597279999996,716.722
2024-12-01,16C,14562.391780000002,738.1240000000001
2022-07-01,16C,12344.662589999998,719.518
2024-03-01,16C,13619.74321,733.39
2026-01-01,70F,15966.995899999998,951.1750000000001
2025-10-01,70F,16812.966730000004,951.6939999999997
2021-11-01,99A,9760.359899999994,562.7959999999999
2022-04-01,99A,9262.42987,567.5660000000001
2023-12-01,99A,10886.382360000001,586.0980000000002
2022-09-01,99A,9564.03546,567.649
2021-08-01,99A,8907.24749,556.833
2025-05-01,B2M3M,21291.895200000006,1118.2830000000006
2025-02-01,B2M3M,19557.308730000008,1119.6369999999997
2024-05-01,B2M3M,20959.11705999999,1105.9089999999997
2023-08-01,B2M3M,20699.09158,1083.8400000000001
2026-02-01,B2M3M,18275.22177,1122.3509999999994
2021-09-01,B2M3M,18381.911849999997,1035.4230000000002
2025-04-01,B2M3M,20478.464979999997,1118.7410000000004
2025-09-01,B2M3M,20830.395540000012,1118.0510000000002
2026-04-01,U2G6B,5716.760920000001,499.8480000000001
2026-05-01,U2G6B,5489.02059,499.343
2022-07-01,00L,5731.73152,333.928
2025-01-01,00L,7403.112310000001,341.537
2024-11-01,00L,6791.452799999999,341.32899999999995
2024-03-01,00L,6367.133100000001,338.532
2025-08-01,00L,6112.59544,343.19199999999995
2025-05-01,00L,6661.771219999999,342.139
2025-04-01,00L,6347.941030000001,341.89899999999994
2021-06-01,00N,2814.96031,158.61499999999998
2023-08-01,00N,3049.2951999999996,159.49499999999995
2021-11-01,00T,5723.64731,318.79699999999997
2025-02-01,00Y,4718.883830000001,269.409
2025-09-01,00Y,5021.60558,269.283
2023-09-01,01D,4597.062960000001,247.03300000000004
2024-09-01,01D,4934.0295799999985,251.52499999999995
2023-03-01,01D,4886.332709999999,245.17100000000005
2024-07-01,01F,2800.37977,136.332
2026-05-01,01G,3574.7400100000004,324.7490000000001
2026-02-01,01W,5413.884510000001,330.713
2025-12-01,01W,5894.642870000001,330.86499999999995
2025-06-01,01Y,4182.470499999999,228.81000000000003
2022-12-01,01Y,4076.85647,221.267
2026-03-01,01Y,4180.66199,228.99199999999996
2023-05-01,02T,4054.2031800000004,223.57000000000002
2022-05-01,02X,5878.51349,328.283
2025-03-01,02X,6539.035940000001,340.02600000000007
2024-01-01,02X,6446.25921,335.75800000000004
2024-06-01,02X,6510.56937,337.827
2024-05-01,03F,5965.90287,314.677
2024-10-01,04V,8649.82285,421.52600000000007
2026-06-01,07H,3154.7589299999995,336.871
2024-02-01,12F,6384.4762200000005,343.79699999999997
2023-02-01,12F,6106.84028,341.20799999999997
2022-11-01,12F,6279.63836,340.9410000000002
2023-10-01,12F,6444.29227,342.77500000000003
2025-10-01,13T,10353.405649999999,562.206
2024-12-01,14L,14942.270239999998,750.6930000000001
2021-10-01,14L,11249.180329999997,684.542
2023-01-01,14L,13643.67976,713.3999999999999
2026-04-01,14Y,6866.246350000001,596.413
2023-04-01,15F,15588.92011,920.6380000000003
2023-07-01,15F,16589.92641,921.3119999999998
2022-09-01,16C,12353.6035,720.2580000000003
2021-07-01,16C,12532.10638,712.568
2021-08-01,16C,11509.643430000002,713.029
2021-09-01,16C,12699.380329999995,713.4769999999999
2022-02-01,70F,14860.780479999998,921.9839999999997
2023-06-01,70F,17923.957270000006,932.213
2022-04-01,92G,16267.250700000008,980.7580000000003
2024-08-01,92G,19171.19611,1008.0369999999999
2024-04-01,92G,19342.3623,1004.3739999999998
2025-07-01,92G,19821.32701,1012.563
2022-01-01,99A,9762.808400000007,564.6349999999998
2022-06-01,99A,9508.808869999997,567.576
2022-03-01,99A,10104.917510000001,566.79
2022-08-01,99C,3774.331600000001,224.96199999999996
2022-10-01,99C,3840.2498399999995,225.09399999999997
2021-12-01,99C,4128.50629,224.01300000000003
2023-11-01,B2M3M,21227.31967,1096.4129999999998
2025-11-01,B2M3M,18926.901169999997,1125.456
2026-01-01,B2M3M,19889.719459999997,1124.5779999999995
2023-12-01,B2M3M,20727.169389999995,1097.87
2022-12-01,00L,6245.14445,335.121
2021-11-01,00L,5983.056630000002,332.84600000000006
2022-01-01,00L,5810.92254,333.05
2025-03-01,00N,3082.4025199999996,159.90900000000002
2025-07-01,00N,3183.1691800000003,159.668
2025-02-01,00N,2857.0091700000007,159.965
2023-10-01,00N,3035.0845099999997,159.65799999999996
2024-06-01,00T,6429.8559000000005,331.70399999999995
2022-02-01,00T,5154.05009,319.581
2023-06-01,00Y,5128.8851300000015,264.954
2021-07-01,00Y,4613.1142,260.989
2024-10-01,00Y,5534.966170000001,269.627
2023-03-01,00Y,5390.306540000001,264.2650000000001
2023-07-01,01D,4476.924609999998,246.406
2026-03-01,01D,4666.86374,253.37699999999998
2025-08-01,01D,4521.17059,253.38699999999997
2021-12-01,01F,2493.72822,135.163
2023-12-01,01F,2627.23526,136.05100000000002
2024-03-01,01F,2603.2287400000005,136.117
2025-09-01,01V,2408.96509,129.10500000000002
2024-12-01,01Y,4550.354829999999,228.24300000000002
2023-09-01,01Y,4194.69417,223.39799999999997
2025-12-01,01Y,4219.692509999999,228.89600000000007
2022-11-01,01Y,4287.87027,221.095
2025-11-01,02Q,2245.3361399999994,128.97
2024-08-01,02Q,2435.73284,127.23
2022-07-01,02X,5697.16493,329.034
2021-10-01,02X,5520.67743,327.11600000000004
2025-06-01,02X,6292.247559999999,340.525
2023-11-01,02X,6785.909670000001,334.951
2024-09-01,02X,6894.122350000001,339.03099999999995
2023-02-01,03F,5553.902780000001,310.2859999999999
2022-08-01,03F,5205.693770000001,306.90799999999996
2023-05-01,12F,6210.095080000001,341.68299999999994
2022-05-01,12F,6088.902809999999,339.633
2022-06-01,12F,5891.677660000002,339.824
2024-05-01,12F,6594.02697,344.59000000000003
2025-05-01,12F,6949.14119,346.1480000000001
2026-01-01,13T,10434.495020000002,562.184
2022-03-01,16C,13101.771839999989,717.4539999999996
2022-10-01,70F,15966.202959999995,927.9190000000001
2024-01-01,70F,18252.66223,937.7959999999999
2024-04-01,70F,18220.712070000005,939.7859999999997
2026-02-01,84H,9600.66241,571.602
2026-06-01,91Q,19283.303279999993,2039.5219999999995
2025-01-01,92G,21996.547739999995,1013.1029999999998
2024-07-01,92G,20841.688499999997,1007.1
2022-09-01,92G,17286.69535,985.3570000000001
2025-04-01,92G,19651.84082999999,1012.478
2021-09-01,92G,17593.03393,974.0820000000001
2026-04-01,97R,6954.48685,576.49
2026-05-01,97R,6714.178680000003,576.3179999999999
2021-06-01,99A,10007.371970000006,556.6040000000002
2023-08-01,99C,4372.40406,226.48299999999995
2023-01-01,B2M3M,20762.26251,1070.313
2024-11-01,B2M3M,22491.74287000001,1117.4070000000002
2022-04-01,B2M3M,17623.83607,1051.85
2023-04-01,B2M3M,18446.063650000004,1076.2560000000003
2024-02-01,B2M3M,20851.05484,1101.0480000000005
2025-10-01,B2M3M,21495.60542000001,1123.0349999999999
2021-08-01,B2M3M,16779.510050000004,1034.2740000000003
2021-07-01,00L,6026.351500000002,332.09
2022-09-01,00L,5903.406730000001,334.57500000000005
2025-04-01,00N,3104.96612,159.82000000000002
2023-09-01,00N,3031.28336,159.60500000000002
2023-05-01,00N,2968.89906,159.16800000000003
2024-08-01,00N,3107.24671,159.97099999999998
2022-04-01,00T,5411.275730000003,320.31799999999987
2023-12-01,00Y,5166.79601,266.87499999999994
2025-10-01,01D,4910.36103,253.57200000000003
2025-03-01,01F,2712.99864,136.717
2023-11-01,01F,2767.82215,136.069
2022-06-01,01F,2358.4408299999996,135.05
2025-07-01,01W,6619.936559999999,330.03
2025-09-01,01W,6285.991120000001,330.71200000000005
2022-07-01,01W,5571.48493,321.57500000000005
2026-03-01,01W,6284.192990000002,330.7579999999999
2024-01-01,01W,6448.65437,326.4890000000001
2021-08-01,02T,3610.64912,222.469
2022-05-01,02T,4026.980899999999,222.68300000000002
2021-09-01,02T,4027.4063000000006,222.56600000000003
2023-10-01,02X,6401.6785500000005,334.53099999999995
2026-01-01,02X,6498.119219999999,341.42900000000003
2024-03-01,02X,6613.486380000001,336.48999999999995
2025-01-01,02X,7391.794140000001,339.924
2024-05-01,02X,6638.36636,337.3899999999999
2026-02-01,02X,5795.51466,341.11099999999993
2023-01-01,02X,6468.1038800000015,330.94399999999996
2024-12-01,02X,6798.161149999999,339.813
2025-02-01,02X,6084.907649999999,340.05199999999996
2025-11-01,03F,5507.08921,314.48499999999996
2024-07-01,03N,13384.347359999998,637.6160000000001
2026-05-01,03N,7838.4181800000015,632.6500000000002
2024-09-01,03N,13062.541890000002,636.7029999999999
2026-04-01,10Q,11517.554209999998,825.993
2022-03-01,12F,6281.651820000001,339.466
2022-10-01,12F,6227.6501100000005,340.837
2022-08-01,12F,5911.242499999998,340.415
2022-02-01,14L,11405.95779,696.1480000000003
2024-06-01,16C,14463.695979999997,734.8100000000002
2025-08-01,16C,13363.580629999997,740.2289999999996
2025-06-01,16C,13733.167750000002,739.802
2024-10-01,16C,15202.610929999997,737.3739999999998
2021-12-01,70F,16999.96354,919.8190000000003
2026-06-01,92A,12412.81303,1295.166
2022-01-01,92G,17109.54614000001,978.4149999999998
2025-05-01,92G,20419.657259999996,1012.4049999999999
2022-12-01,92G,18727.280520000004,988.9929999999999
2023-06-01,92G,19356.772309999997,994.1330000000002
2024-11-01,92G,20462.59656000001,1010.9770000000001
2022-11-01,92G,19406.815840000003,987.3340000000003
2023-08-01,99A,11192.660759999999,578.1479999999997
2024-02-01,99C,4313.8164,227.205
2024-04-01,99C,4459.616309999999,227.47600000000006
2023-04-01,99C,4036.9375600000008,225.89100000000005
2021-10-01,B2M3M,17787.9311,1042.0969999999998
2023-02-01,B2M3M,19187.118469999994,1071.7979999999998
2021-11-01,B2M3M,18848.59425000001,1045.0520000000001
2023-07-01,B2M3M,19778.57543,1081.87
2025-12-01,B2M3M,20798.999079999994,1125.3629999999996
2021-06-01,B2M3M,18532.97698999999,1030.693
2023-03-01,B2M3M,21948.429730000003,1073.7839999999997
2026-02-01,00N,2810.74605,159.20999999999995
2025-04-01,00T,6493.62009,333.886
2021-06-01,00T,5751.07165,317.64400000000006
2024-04-01,00T,6507.150340000001,329.98999999999995
2024-03-01,00T,6661.079970000002,329.759
2024-06-01,00Y,5357.634230000001,269.293
2022-11-01,00Y,5186.437350000001,263.377
2024-09-01,00Y,5543.1961,270.0
2023-02-01,00Y,4784.394699999999,264.124
2022-03-01,00Y,4977.97236,262.34499999999997
2025-11-01,00Y,4925.40414,269.221
2025-08-01,00Y,4971.64851,269.27599999999995
2023-07-01,00Y,4916.72939,265.1939999999999
2024-12-01,00Y,5426.060130000002,269.381
2025-02-01,01D,4535.36938,252.267
2025-07-01,01D,5115.653220000001,253.166
2023-10-01,01F,2611.54891,135.99300000000002
2022-10-01,01F,2480.8166699999997,135.01399999999998
2026-01-01,01W,6319.83591,330.767
2025-05-01,01W,6693.701100000001,329.466
2025-01-01,01Y,5028.649579999998,228.317
2025-06-01,02Q,2406.9918300000004,128.415
2022-01-01,02T,3888.574419999999,222.30400000000006
2021-08-01,02X,5333.451259999999,326.8779999999999
2021-11-01,02X,5933.106929999998,327.09700000000004
2023-06-01,02X,6481.84374,332.556
2021-10-01,03F,5394.585349999999,304.485
2026-03-01,03F,5974.15183,313.61899999999997
2026-04-01,03H,2545.1770500000002,174.561
2026-06-01,03N,6579.27338,631.016
2024-11-01,04V,8606.926339999998,422.5519999999999
2024-07-01,04V,9299.557270000003,420.5319999999999
2023-12-01,12F,6648.834800000001,343.3500000000001
2025-12-01,13T,10407.989760000004,563.1129999999999
2025-03-01,14L,15028.89874,750.9790000000002
2021-12-01,14L,12826.950939999999,692.2139999999999
2023-11-01,14L,14907.844290000001,730.9260000000003
2026-05-01,14Y,7463.58245,596.092
2022-06-01,16C,12598.091600000003,719.2450000000002
2024-08-01,16C,14449.950630000005,735.9889999999997
2025-10-01,16C,14607.0447,741.5339999999997
2025-09-01,16C,14156.16747,740.3429999999996
2023-04-01,70F,16646.153159999998,931.1250000000001
2023-09-01,70F,17826.318610000006,935.3260000000001
2024-02-01,92G,19079.931380000005,1003.4890000000003
2023-05-01,92G,18960.21127,993.4310000000002
2023-08-01,92G,19351.02082,995.9160000000004
2023-01-01,92G,19522.68996,990.3559999999998
2022-05-01,92G,18194.875149999993,981.3499999999997
2021-07-01,99A,10289.224440000002,556.8170000000001
2022-09-01,99C,4027.16299,225.05499999999998
2022-04-01,99C,3830.9532200000003,224.313
2023-03-01,99C,4770.524789999999,225.70100000000005
2024-10-01,99C,4747.759110000001,228.299
2022-07-01,99C,3959.4328799999994,224.77599999999998
2024-05-01,99C,4525.156400000001,227.69900000000004
2021-09-01,99C,4106.39243,223.82899999999995
2024-01-01,B2M3M,22159.664479999996,1098.6080000000004
2022-12-01,B2M3M,20686.95072000001,1069.685
2022-08-01,B2M3M,18530.67129999999,1056.6419999999998
2022-02-01,B2M3M,17262.89091,1048.5750000000003
2022-04-01,00L,5694.960330000001,333.3459999999999
2025-07-01,00L,7094.616379999999,342.70500000000004
2025-12-01,00L,6427.103939999999,344.043
2024-03-01,00N,3257.0063899999996,159.84099999999998
2024-11-01,00N,3274.1557899999993,159.88799999999998
2023-11-01,00N,3346.8396000000002,159.752
2024-12-01,00N,3258.960599999999,159.93
2024-07-01,00N,3561.9074599999994,160.01100000000002
2023-12-01,00N,3115.7865699999998,159.79299999999998
2025-08-01,00N,2953.5351400000004,159.622
2021-08-01,00T,5380.95784,318.1809999999999
2024-01-01,00T,6765.01052,328.86800000000005
2022-11-01,00T,6366.184799999999,322.64000000000004
2022-07-01,00T,5730.28859,321.15399999999994
2026-01-01,00Y,5217.7764099999995,268.94
2025-05-01,00Y,5786.159759999999,269.103
2024-08-01,01F,2680.4305200000003,136.467
2021-09-01,01F,2500.21462,134.894
2024-02-01,01F,2604.87674,136.12
2023-01-01,01Y,4376.0874699999995,221.43
2024-09-01,01Y,4702.13832,227.618
2025-09-01,01Y,4599.20405,228.83500000000006
2021-11-01,02Q,2209.6106499999996,121.413
2022-02-01,02Q,2053.8133900000003,121.847
2025-02-01,02Q,2344.40689,128.022
2026-06-01,02X,3565.8464700000004,340.47399999999993
2021-06-01,02X,6166.47968,326.148
2023-04-01,02X,6030.43899,331.898
2025-11-01,02X,6288.568689999999,341.45600000000013
2026-03-01,02X,6519.555780000001,340.74199999999996
2024-04-01,02X,6648.30298,336.847
2025-03-01,03F,6362.61071,314.822
2021-12-01,03F,5706.579659999999,306.184
2025-04-01,03K,3616.27957,185.702
2026-05-01,10Q,11493.48538,824.4099999999999
2024-10-01,12F,7198.924249999999,345.59400000000005
2021-07-01,12F,6456.658919999999,338.8179999999999
2023-08-01,12F,6853.53338,342.42800000000005
2025-01-01,12F,7625.630060000002,345.918
2022-01-01,14L,12568.743559999995,694.2700000000003
2022-03-01,14L,13454.448860000004,697.3800000000001
2022-10-01,16C,13316.55152,721.0209999999998
2026-04-01,70F,16058.050939999996,950.0680000000001
2026-02-01,92G,17938.554850000008,1012.3500000000001
2024-05-01,92G,20038.794320000005,1005.5919999999998
2023-07-01,92G,19627.1665,995.2859999999998
2022-08-01,92G,17397.6431,984.2129999999996
2025-10-01,92G,20201.217950000002,1012.6560000000005
2023-02-01,92G,18117.61111,991.5480000000001
2023-03-01,92G,20982.087319999995,992.0869999999996
2022-12-01,99A,11181.081049999999,575.2220000000001
2025-06-01,99C,4440.0094,228.90299999999996
2023-06-01,99C,4409.330279999999,226.03800000000004
2023-09-01,99C,4330.77282,226.66199999999998
2021-10-01,99C,3972.39561,223.81899999999993
2022-05-01,99C,4166.64642,224.37599999999998
2024-06-01,99C,4533.466619999999,227.761
2022-09-01,B2M3M,18961.107490000002,1057.976
2022-06-01,B2M3M,18783.606159999996,1054.385
2023-10-01,B2M3M,21599.95259,1091.95
2023-05-01,B2M3M,20869.520170000003,1077.6809999999991
2025-06-01,00L,6736.850119999999,342.463
2025-01-01,00N,3555.9946800000007,159.95299999999997
2024-05-01,00T,6681.440580000001,331.17100000000005
2021-10-01,00T,5753.717729999999,318.64300000000003
2023-09-01,00T,6272.115079999998,326.849
2023-12-01,00T,6461.340659999996,328.457
2024-10-01,00T,6975.406130000001,333.24799999999993
2023-10-01,00T,6535.496219999999,327.1960000000001
2021-09-01,00Y,4877.589239999998,261.46200000000005
2022-01-01,00Y,4769.794170000001,262.08900000000006
2023-05-01,00Y,5136.42002,264.6019999999999
2022-08-01,00Y,4694.35429,262.92300000000006
2023-07-01,01F,2719.6430999999993,135.774
2024-06-01,01J,3461.6177800000005,172.605
2026-02-01,01Y,4063.7163899999996,228.93200000000004
2022-12-01,02P,5217.10144,267.054
2022-10-01,02Q,2329.9093,123.20000000000002
2024-03-01,02Q,2621.58459,126.231
2023-08-01,02X,6738.821099999998,333.69399999999985
2026-05-01,02X,4893.17991,340.71600000000007
2025-10-01,02X,6830.8705,341.336
2025-07-01,02X,7101.679039999998,340.73600000000005
2023-03-01,03F,6589.544799999999,310.77
2025-09-01,03F,6338.21535,314.137
2025-08-01,03F,5837.59567,314.316
2021-08-01,03F,5279.69334,304.299
2022-04-01,03F,5298.96672,307.1460000000001
2024-12-01,03N,13194.011500000002,641.7209999999999
2026-04-01,03N,11171.93587,634.2800000000001
2024-01-01,04V,8671.14158,418.43000000000006
2024-07-01,11J,18643.77900000001,831.7800000000003
2025-04-01,12F,6838.7800400000015,345.99599999999987
2024-08-01,12F,6847.388240000001,345.35499999999985
2021-06-01,12F,6417.697190000002,338.526
2023-01-01,12F,6758.664489999999,341.22900000000004
2023-11-01,12F,7200.86081,343.106
2022-02-01,12F,5867.332049999999,339.405
2026-03-01,13T,10744.458279999999,559.8559999999999
2022-07-01,14L,12888.06614,701.0679999999998
2023-02-01,14L,13589.311369999998,715.1549999999996
2022-11-01,14L,14068.043360000005,709.2799999999997
2022-09-01,14L,12793.680719999998,700.9100000000002
2024-02-01,14L,14176.884249999997,736.4680000000003
2024-09-01,14L,15761.720229999997,740.635
2025-05-01,14L,16191.478830000005,750.1719999999999
2026-06-01,14Y,6789.953910000001,595.6950000000002
2025-11-01,16C,13973.71068,741.3529999999998
2026-01-01,16C,14425.846850000002,741.0750000000002
2024-11-01,16C,15176.766440000003,737.8929999999997
2025-03-01,92G,20471.50569,1012.3830000000005
2022-06-01,92G,17628.704660000003,982.537
2023-04-01,92G,18516.726400000003,992.6470000000002
2025-02-01,92G,18586.932760000003,1012.812
2022-03-01,92G,19198.880939999992,979.953
2021-07-01,92G,18582.5184,971.813
2025-12-01,92G,20166.976790000008,1013.4640000000003
2021-11-01,99C,4127.931509999999,223.88299999999998
2022-05-01,B2M3M,19778.77273000001,1052.9710000000002
2021-12-01,B2M3M,19613.74266,1047.254
2023-06-01,B2M3M,22596.54686999999,1079.6789999999996
2024-04-01,B2M3M,22851.090430000007,1103.1449999999998
2025-09-01,00L,6947.15619,343.582
2021-12-01,00L,6281.97972,332.99399999999997
2023-04-01,00N,3028.94956,159.173
2025-05-01,00N,3539.519,159.775
2023-06-01,00T,7095.683650000001,325.22200000000004
2024-07-01,00T,7458.010279999999,332.23199999999997
2023-11-01,00T,6947.30574,327.848
2023-08-01,00T,6690.723469999999,326.266
2022-08-01,00T,5965.405489999999,321.462
2025-02-01,00T,6172.092369999999,333.807
2024-12-01,00T,6907.741369999998,333.37000000000006
2024-08-01,00Y,5404.330529999999,269.867
2025-04-01,00Y,5371.387100000001,269.25199999999995
2025-03-01,00Y,5462.436060000002,269.304
2025-12-01,01D,5081.860999999999,253.57900000000004
2023-09-01,01F,2627.97871,135.918
2024-10-01,01F,2912.17565,136.605
2023-01-01,01J,3401.1128000000003,170.42
2024-02-01,01J,3385.4597899999994,171.86400000000003
2022-05-01,01W,6057.19452,320.802
2025-07-01,01Y,4905.8262399999985,229.02000000000004
2026-05-01,02P,3973.350809999999,270.53
2021-08-01,02Q,2145.8908,121.08000000000001
2022-07-01,02Q,2306.35015,122.61599999999999
2025-10-01,02Q,2593.65529,128.933
2022-09-01,02T,4098.2322699999995,223.101
2022-04-01,02T,3898.37942,222.57899999999995
2026-02-01,03F,5725.013370000001,313.989
2022-11-01,03F,6162.956660000002,308.518
2024-11-01,03N,13719.347880000001,641.6260000000001
2025-01-01,03N,14539.340010000002,641.448
2023-07-01,03W,7429.67635,355.555
2023-03-01,03W,7730.400629999999,355.34700000000004
2022-10-01,04V,7851.038789999998,411.97999999999996
2024-03-01,04V,8737.975810000002,419.549
2022-02-01,11J,14363.49417,819.5669999999999
2024-09-01,11J,17848.443270000003,831.8720000000002
2023-05-01,11J,16401.57136,825.6519999999999
2021-11-01,14L,12762.079199999996,689.1790000000001
2022-12-01,14L,14579.390410000002,712.1559999999998
2024-04-01,14L,15505.150450000001,738.2629999999997
2025-11-01,14L,14424.599969999997,759.723
2024-05-01,14L,15398.1224,740.1680000000001
2026-01-01,14L,15234.96462,758.365
2021-09-01,14L,12948.874040000002,679.6590000000001
2023-10-01,14L,14510.432079999999,725.7189999999996
2024-01-01,92G,21118.558800000006,1003.0160000000002
2024-06-01,92G,20534.736309999997,1006.4449999999997
2025-08-01,92G,18827.056760000007,1012.5399999999998
2021-10-01,92G,18035.57705,974.506
2023-12-01,92G,20120.54465,1001.1499999999996
2021-06-01,92G,18771.82902,970.1569999999999
2025-06-01,92G,19960.191109999996,1012.5740000000003
2022-03-01,99C,4600.855020000001,224.313
2023-02-01,99C,4299.11606,225.57600000000002
2022-06-01,99C,4152.421880000001,224.577
2022-01-01,99C,4110.906840000001,224.09400000000005
2026-04-01,B2M3M,19842.271079999995,1119.429
2026-03-01,B2M3M,21605.80820000002,1120.3889999999992
2021-07-01,B2M3M,20164.747740000003,1032.916
2026-06-01,U2G6B,5989.499870000001,498.413
2025-10-01,00L,7070.0545999999995,343.72900000000004
2022-02-01,00L,5904.235870000001,333.16299999999995
2025-11-01,00N,3038.0226299999995,159.508
2026-01-01,00N,3250.4598300000007,159.38300000000004
2025-07-01,00T,7396.4867,334.46999999999997
2021-07-01,00T,6212.122340000003,317.939
2024-09-01,00T,7147.480490000001,333.03600000000006
2021-09-01,00T,6081.508859999999,318.67300000000006
2026-03-01,00Y,5205.819229999998,268.50600000000003
2025-01-01,00Y,6447.977199999999,269.39300000000003
2024-04-01,01F,2883.7068499999996,136.05599999999998
2023-02-01,01F,2669.8934799999997,134.96400000000003
2022-09-01,01F,2525.84552,135.04399999999998
2026-06-01,01G,4106.46904,323.87
2025-03-01,01J,3557.762120000001,173.884
2025-04-01,01J,3472.49952,173.97299999999998
2023-10-01,01W,6558.09487,325.7660000000001
2025-08-01,01W,6197.889719999999,330.43400000000014
2025-02-01,02E,4293.27332,230.838
2022-06-01,02P,5076.3929499999995,265.96999999999997
2023-07-01,02Q,2628.5657200000005,124.71800000000002
2021-10-01,02Q,2259.44432,121.33099999999999
2023-06-01,02Q,2735.4276099999997,124.57000000000001
2024-10-01,02Q,2720.26043,127.598
2023-01-01,02T,4543.94147,223.15900000000002
2025-09-01,02X,6968.107559999999,341.354
2024-07-01,02X,7727.032850000002,338.27000000000004
2025-05-01,02X,7671.6291,340.42499999999995
2026-04-01,03F,5892.4001100000005,313.432
2023-08-01,03K,3782.8258999999994,184.235
2021-06-01,04V,7903.984600000001,404.52699999999993
2022-03-01,04V,8384.56215,408.75800000000004
2023-11-01,04V,8960.958150000002,417.4890000000001
2024-05-01,04V,8891.902360000002,420.34599999999995
2022-07-01,04V,7756.151229999999,410.146
2024-02-01,04V,8402.80252,419.12799999999993
2022-05-01,11J,16182.161779999997,820.1639999999999
2022-01-01,11J,15660.696930000004,819.0040000000002
2022-08-01,11J,15247.108950000003,821.291
2024-11-01,12F,7524.173120000001,345.66999999999996
2023-09-01,12F,6800.45253,342.79600000000005
2021-11-01,12F,6290.754239999999,339.17300000000006
2024-06-01,12F,7072.292990000002,344.76599999999996
2025-06-01,12F,6892.645400000001,346.31399999999985
2026-02-01,13T,10272.704599999997,561.062
2022-04-01,14L,12266.16816,699.0270000000003
2024-01-01,14L,15877.89059,734.8
2023-12-01,14L,15027.364880000003,733.6320000000001
2023-04-01,14L,13646.117990000004,716.7869999999999
2024-08-01,14L,14909.135810000007,740.369
2025-12-01,14L,15252.759440000002,759.325
2023-03-01,14L,15765.51291,716.212
2022-10-01,14L,13539.223340000002,705.4440000000001
2026-05-01,70F,14802.52244,949.5980000000003
2021-08-01,92G,17390.588110000004,972.9229999999999
2024-12-01,92G,21240.22557,1012.5479999999997
2021-12-01,92G,19125.92245,976.8820000000002
2024-03-01,92G,20993.73044,1003.965
2023-05-01,99C,4496.73412,225.93699999999995
2022-12-01,99C,4677.05255,225.303
2022-11-01,B2M3M,21388.796209999993,1068.3410000000001
2026-01-01,00L,7048.806350000001,344.235
2024-10-01,00N,3449.18484,159.93800000000002
2025-10-01,00N,3325.6827900000003,159.601
2025-09-01,00N,3300.2679300000004,159.60000000000002
2022-06-01,00T,6143.598450000001,320.892
2025-06-01,00T,6725.146379999997,334.3659999999999
2024-02-01,00T,6672.697849999999,329.22300000000007
2022-09-01,00T,6027.04021,321.76599999999996
2024-11-01,00T,7359.13681,333.308
2022-12-01,00T,6814.210769999998,323.03800000000007
2023-03-01,00T,7222.640619999998,323.642
2025-07-01,00Y,5986.34194,269.203
2024-07-01,00Y,6194.809,269.549
2022-10-01,00Y,5190.8276,263.058
2022-04-01,01F,2509.6499899999994,135.23
2025-02-01,01F,2574.74123,136.783
2024-01-01,01J,3841.25459,171.719
2024-05-01,01J,3731.6658700000003,172.54900000000004
2023-02-01,01J,3416.48262,170.51500000000001
2026-04-01,01Y,4334.80747,229.06500000000003
2022-02-01,01Y,4014.4468399999987,220.181
2021-07-01,01Y,4339.156929999999,219.123
2025-11-01,01Y,4554.464759999999,228.83400000000003
2022-03-01,02P,5605.66778,265.40099999999995
2023-06-01,02P,5916.44851,267.858
2022-05-01,02P,5273.79053,265.684
2022-01-01,02P,5085.800850000001,265.17
2024-04-01,02Q,2697.99468,126.361
2026-02-01,02Q,2370.3237599999998,128.975
2025-05-01,02Q,2911.2784400000005,128.295
2026-06-01,02Y,4170.86432,320.60699999999997
2025-04-01,03F,6298.5410299999985,314.82099999999997
2025-12-01,03F,6324.208050000001,314.518
2026-05-01,03K,3039.21604,184.72100000000003
2023-01-01,03K,3832.32166,183.84799999999998
2026-03-01,03N,12500.446530000001,635.6519999999997
2023-04-01,04V,8184.191439999998,414.65599999999995
2023-05-01,04V,8331.473059999998,414.83700000000016
2022-11-01,04V,9287.06061,412.86300000000006
2021-12-01,04V,8356.339510000002,408.123
2021-10-01,11J,15358.927269999995,816.948
2021-08-01,11J,14913.098469999992,814.403
2025-03-01,11J,17254.06919,832.2550000000002
2024-08-01,11J,17361.76104,831.9480000000002
2023-07-01,11J,17416.66842999999,825.894
2023-12-01,11J,17201.341750000003,830.247
2021-09-01,12F,6512.1766700000035,339.354
2022-07-01,12F,6505.787570000001,340.07300000000004
2025-08-01,14L,14217.52321,749.1120000000001
2021-06-01,14L,13254.280720000002,677.374
2022-08-01,14L,13046.30344,701.012
2023-08-01,14L,14785.541169999997,719.466
2024-06-01,14L,15706.814350000006,740.76
2023-11-01,92G,21941.24039000001,999.0650000000003
2023-09-01,92G,19929.31941,996.7719999999999
2021-11-01,92G,18262.521540000005,975.6349999999999
2024-09-01,92G,21685.957359999997,1008.692
2024-12-01,99C,4941.03747,228.52499999999998
2023-10-01,99C,4717.22959,226.93200000000002
2025-01-01,99C,5486.0842600000005,228.674
2024-03-01,99C,4767.251499999999,227.248
2024-08-01,00L,7103.59234,340.361
2021-12-01,00T,6598.214569999998,319.02700000000004
2022-01-01,00T,6167.843539999999,319.373
2023-11-01,00Y,6023.2174700000005,266.67600000000004
2024-02-01,00Y,5491.11029,267.8230000000001
2025-09-01,01D,5286.630329999999,253.55399999999997
2025-04-01,01F,2848.81109,136.707
2023-08-01,01F,2903.19297,135.836
2025-06-01,01J,3544.4758099999995,174.012
2024-04-01,01J,3804.51094,172.07
2025-11-01,01W,6590.79982,330.811
2026-05-01,01W,5738.484690000001,330.498
2025-10-01,01Y,4792.04751,228.807
2025-01-01,02H,8446.8514,351.7469999999999
2024-01-01,02P,6059.098260000001,269.198
2023-03-01,02P,5983.235969999999,267.317
2023-05-01,02P,5394.0369,267.70799999999997
2022-09-01,02P,5092.4887100000005,266.555
2023-01-01,02P,5584.9376600000005,267.00700000000006
2021-07-01,02Q,2399.6614099999997,120.894
2025-07-01,02Q,2889.61817,128.54899999999998
2023-04-01,02Q,2539.5139900000004,124.24700000000001
2023-12-01,02Q,2672.4192000000003,125.753
2024-07-01,02Q,2956.76503,126.94300000000001
2024-05-01,02Q,2791.01308,126.63999999999999
2022-08-01,02Q,2443.66453,122.82400000000001
2025-08-01,02X,6479.455749999999,341.08099999999996
2026-04-01,02X,6457.13919,340.77600000000007
2026-01-01,03F,6459.6128,314.212
2024-12-01,03K,4033.62037,185.725
2025-02-01,03K,3550.17293,185.724
2024-10-01,03N,14035.577960000002,640.9720000000001
2025-03-01,03N,13582.449459999998,640.6110000000002
2025-05-01,03N,14612.913419999999,639.378
2021-09-01,03Q,4939.268759999999,248.17600000000004
2022-11-01,03W,7980.230630000002,354.639
2023-06-01,04V,9223.881160000003,415.08700000000005
2024-06-01,04V,9041.7066,420.308
2024-09-01,04V,9086.70665,420.427
2023-10-01,04V,8917.87556,416.23999999999995
2023-07-01,04V,8802.54292,415.2539999999999
2021-11-01,11J,16359.78429,817.6070000000002
2023-09-01,11J,16914.382419999994,826.6139999999999
2022-03-01,11J,17543.93987,819.7379999999999
2022-04-01,11J,15647.726270000001,820.0510000000003
2022-12-01,11J,17461.071659999998,824.598
2023-02-01,11J,16786.813989999988,824.833
2021-08-01,12F,6322.365279999999,339.203
2021-10-01,12F,6403.1186199999975,339.3120000000002
2024-03-01,14L,15504.257850000005,737.6719999999999
2022-05-01,14L,14206.844410000003,699.5999999999999
2022-06-01,14L,13483.010210000004,700.5940000000004
2025-12-01,16C,15049.115490000006,741.3
2026-02-01,16C,13655.02883,740.87
2026-03-01,84H,11361.59921,571.4910000000002
2022-02-01,92G,17971.292950000006,979.2920000000001
2022-10-01,92G,19606.877059999995,985.8539999999998
2022-07-01,92G,19176.527500000007,983.5339999999995
2026-06-01,97R,7647.468140000001,576.0239999999999
2024-11-01,99C,5156.028740000002,228.422
2021-06-01,99C,4486.28246,223.41299999999998
2025-11-01,00L,6882.90705,343.924
2026-02-01,00L,6350.56649,344.392
2022-05-01,00T,6533.457799999999,320.4939999999999
2025-01-01,00T,8117.745610000001,333.4979999999999
2024-08-01,00T,7051.831589999998,332.835
2025-03-01,00T,7188.245929999999,333.874
2025-12-01,00Y,5497.8726400000005,269.12100000000004
2025-10-01,00Y,5639.887000000001,269.21799999999996
2026-01-01,01D,5336.696630000003,253.539
2022-11-01,01F,3056.07709,134.97
2021-11-01,01F,2733.28737,135.06799999999998
2021-10-01,01F,2665.26936,135.06300000000002
2022-08-01,01F,2709.0906999999997,135.00099999999998
2023-11-01,01J,4102.08611,171.49900000000002
2025-05-01,01J,3990.64091,174.04000000000002
2024-09-01,01J,3847.33824,173.352
2024-11-01,01T,3651.8891299999996,160.777
2025-08-01,01V,2457.75169,128.947
2022-04-01,02P,5082.1736200000005,265.5769999999999
2022-07-01,02P,5206.5988499999985,266.07099999999997
2021-12-01,02P,5493.47624,265.103
2023-03-01,02Q,2796.49484,124.06099999999999
2026-05-01,02Q,2234.77124,125.33400000000003
2021-09-01,02Q,2538.55769,121.23100000000001
2025-04-01,02Q,2674.5958299999998,128.168
2023-02-01,02Q,2526.4682199999997,123.888
2024-02-01,02X,6924.85958,336.06
2022-02-01,03F,5771.081689999999,306.70900000000006
2023-07-01,03K,3904.1637100000003,184.00100000000003
2022-09-01,03K,3734.0838999999996,183.83299999999997
2023-04-01,03K,3757.7087599999995,183.812
2024-05-01,03W,8034.3116800000025,358.73500000000007
2022-01-01,03W,7191.742769999999,348.594
2022-03-01,03W,7869.890610000002,351.70700000000005
2024-10-01,03W,8002.284080000001,360.58599999999996
2023-12-01,04V,9106.391990000002,418.1500000000001
2022-12-01,04V,8847.804430000002,413.6649999999999
2023-01-01,04V,8658.921050000003,413.8600000000001
2023-09-01,04V,8814.764330000004,415.60099999999994
2024-04-01,04V,9378.871509999997,419.917
2026-06-01,10Q,11010.277260000003,821.9699999999997
2022-06-01,11J,15826.447800000002,820.7419999999998
2023-10-01,11J,18293.72051,828.2330000000004
2021-07-01,11J,16678.598619999997,813.786
2022-10-01,11J,16605.533839999996,823.3149999999998
2024-06-01,11J,18331.32274,832.6139999999997
2021-06-01,11J,16377.44676,812.9409999999998
2023-08-01,11J,18282.230000000003,826.0639999999999
2023-06-01,14L,16075.496749999998,718.7400000000001
2025-06-01,14L,15386.45697,750.3729999999999
2026-04-01,14L,14518.770830000001,752.556
2023-05-01,14L,14522.981170000008,717.6579999999998
2021-08-01,14L,12695.327620000005,679.5470000000001
2025-07-01,14L,16878.647020000004,750.0680000000001
2026-03-01,16C,14910.771939999999,740.4440000000002
2024-12-01,71E,18180.52512999999,823.8990000000001
2024-03-01,71E,17428.76068,820.174
2025-02-01,71E,16081.113669999993,824.9880000000002
2025-09-01,92G,22499.24843,1012.52
2024-07-01,99C,5368.331870000001,227.93499999999997
2024-01-01,99C,5193.82604,227.14300000000003
2024-04-01,00N,3620.5550099999996,159.83700000000002
2025-12-01,00N,3292.195640000001,159.47299999999998
2025-09-01,00T,7479.471920000001,334.77699999999976
2023-04-01,00T,6727.035019999998,323.80099999999993
2025-05-01,00T,7738.027740000001,334.11099999999993
2022-10-01,00T,6678.220920000002,321.99199999999996
2023-05-01,00T,6909.22597,324.30999999999995
2023-07-01,00T,6917.54114,325.7149999999999
2024-03-01,00Y,5772.833900000001,268.01
2024-11-01,00Y,6208.80848,269.58299999999997
2025-11-01,01D,5106.2763,253.57399999999996
2021-07-01,01F,2850.46947,134.602
2023-06-01,01F,3057.4340000000007,135.684
2024-12-01,01J,3871.7206599999995,173.69600000000003
2023-01-01,01T,3317.75161,157.69799999999995
2024-02-01,01T,3346.42055,159.327
2026-04-01,01W,6442.124650000001,330.715
2022-04-01,02H,6480.618900000002,338.516
2025-06-01,02H,7408.302730000001,352.34600000000006
2022-08-01,02H,6885.322970000001,339.618
2026-02-01,02H,6510.441069999999,352.3499999999999
2024-08-01,02P,5843.282409999999,270.358
2025-01-01,02P,6595.78536,270.712
2021-08-01,02P,4966.223139999999,264.89300000000003
2023-10-01,02P,5935.82156,268.69000000000005
2023-02-01,02P,5560.30725,267.192
2024-06-01,02P,6021.32133,269.88699999999994
2021-10-01,02P,5346.92701,264.887
2023-11-01,02Q,3009.6612699999996,125.614
2025-08-01,02Q,2596.67834,128.753
2022-12-01,02Q,2653.90698,123.583
2021-06-01,02Q,2557.64766,120.668
2022-03-01,02Q,2733.0933099999997,121.997
2022-06-01,02Q,2434.43482,122.423
2024-07-01,03K,4426.923000000001,185.22299999999998
2024-09-01,03K,4142.54461,185.56
2026-03-01,03K,3733.6958000000004,184.837
2022-05-01,03K,3790.29091,183.74900000000002
2026-06-01,03Q,3431.86953,247.61
2022-01-01,03Q,5240.50749,251.058
2021-11-01,03W,7305.953949999998,346.797
2023-08-01,04V,9266.441299999999,415.41800000000006
2022-02-01,04V,7855.977670000002,408.5230000000001
2022-09-01,04V,8338.326649999997,410.12300000000005
2023-03-01,11J,18819.199269999997,824.9440000000003
2024-10-01,11J,18624.754289999993,832.83
2024-01-01,11J,19183.68253,830.7100000000003
2025-07-01,11J,18900.562990000002,831.49
2021-09-01,11J,17204.470330000007,814.8309999999999
2021-12-01,11J,17664.899930000003,818.4670000000001
2025-02-01,12F,6823.7967100000005,346.039
2025-03-01,12F,7474.745000000002,345.9370000000001
2023-09-01,14L,15457.76142,720.113
2025-04-01,14L,15790.628069999997,751.0260000000002
2025-10-01,14L,16446.50449,756.4609999999999
2024-05-01,71E,18468.194120000004,821.5019999999998
2022-11-01,71E,18424.581909999997,811.6770000000001
2022-07-01,71E,16283.929150000007,807.4270000000001
2026-01-01,92G,21508.53018,1013.4250000000001
2023-12-01,99C,5027.929180000001,227.124
2026-05-01,B2M3M,20507.93859,1117.8250000000005
2022-01-01,01F,2865.85036,135.18299999999996
2023-08-01,01J,3830.0783400000005,171.175
2023-05-01,01J,3702.1746999999996,170.776
2022-12-01,01J,3758.3066500000004,170.506
2022-10-01,01J,3538.80738,170.42700000000002
2021-06-01,01T,3458.21446,156.77399999999997
2024-09-01,01T,3650.3474100000003,160.50000000000003
2025-08-01,01Y,4670.300300000001,229.16
2023-11-01,02H,8475.069919999996,346.48399999999987
2025-12-01,02H,7459.679419999996,352.45300000000015
2023-04-01,02H,7337.937400000001,342.6010000000001
2025-10-01,02H,7674.305820000001,352.478
2022-02-01,02P,5245.53074,265.22400000000005
2024-03-01,02P,5836.455,269.50200000000007
2021-11-01,02P,5788.3758100000005,265.011
2025-03-01,02Q,2807.781,128.132
2023-01-01,02Q,2665.0261000000005,123.70800000000001
2022-11-01,02Q,2801.66438,123.36300000000001
2025-09-01,02Q,2906.63728,128.853
2024-06-01,02Q,2870.71117,126.786
2023-09-01,03K,4012.1226500000002,184.34900000000005
2025-07-01,03K,4236.49736,185.72200000000004
2023-12-01,03K,4089.2234300000005,184.38799999999995
2025-02-01,03N,12669.799629999996,641.02
2026-01-01,03N,13586.97791,638.3969999999999
2025-06-01,03N,13522.248739999995,637.181
2021-12-01,03Q,5491.83925,251.20000000000002
2022-05-01,03W,7494.04589,352.67800000000005
2021-08-01,03W,6807.241790000001,345.59600000000006
2024-07-01,03W,8762.67228,359.5479999999999
2023-10-01,03W,7892.488730000001,357.04100000000005
2021-07-01,04V,8632.617899999997,404.7180000000001
2022-06-01,04V,8193.734390000001,409.902
2021-10-01,04V,8299.26279,406.86300000000006
2024-12-01,04V,9500.79359,422.93600000000004
2022-04-01,04V,7946.494730000002,409.216
2023-02-01,04V,8799.28812,414.188
2024-08-01,04V,9141.142890000001,420.3599999999999
2021-09-01,04V,8613.135960000003,404.5630000000001
2024-05-01,11J,18878.625250000005,832.3590000000003
2025-01-01,11J,20607.804829999997,832.8079999999999
2024-02-01,11J,17802.636150000002,831.2410000000002
2024-11-01,11J,19255.82136,833.0109999999999
2022-07-01,11J,16620.49472,821.0819999999998
2023-06-01,11J,18767.093570000005,825.6839999999999
2024-04-01,11J,19275.20531,831.631
2022-09-01,11J,16733.488560000005,821.7039999999996
2024-10-01,14L,17291.02645,747.2820000000002
2026-02-01,14L,14341.333569999995,755.9220000000001
2026-06-01,70F,14303.121609999998,948.878
2022-08-01,71E,16409.706860000006,808.2810000000002
2025-05-01,71E,19152.404300000002,825.319
2022-03-01,71E,18276.31014,805.2290000000003
2024-01-01,71E,19496.318550000004,819.3919999999998
2023-03-01,71E,19292.651310000005,813.4650000000003
2026-03-01,92G,21394.558460000007,1011.3759999999999
2026-04-01,92G,19772.516199999995,1011.1839999999999
2026-05-01,92G,18628.396190000007,1010.959
2025-11-01,92G,20780.531839999992,1013.1539999999998
2025-04-01,99C,4814.817210000001,228.79000000000002
2023-07-01,99C,4846.24422,226.30599999999998
2026-03-01,00N,3437.2240699999993,159.09699999999998
2023-02-01,00T,6949.882820000001,323.3510000000001
2023-01-01,00T,6989.493860000002,323.165
2025-12-01,00T,7158.4284800000005,335.2340000000001
2024-05-01,00Y,6158.29076,268.865
2025-06-01,00Y,5719.7541599999995,269.25200000000007
2026-02-01,01D,4842.9868,253.355
2022-12-01,01F,2989.1724299999996,135.011
2022-05-01,01F,2886.9395400000003,135.13300000000004
2024-12-01,01F,3150.3161400000004,136.77200000000002
2022-03-01,01J,3878.855339999999,170.26299999999998
2022-07-01,01J,3475.60656,170.351
2022-02-01,01J,3383.56966,170.148
2021-09-01,01J,3727.49155,169.472
2025-03-01,02H,7728.392639999998,352.0920000000001
2024-06-01,02H,7952.581960000001,349.4629999999999
2025-08-01,02H,7299.725340000001,352.8709999999999
2026-04-01,02P,5341.3484100000005,270.5189999999999
2023-09-01,02P,5940.37359,268.621
2022-10-01,02P,5600.059889999999,266.628
2024-04-01,02P,6290.917109999999,269.576
2025-11-01,02P,5865.991359999999,270.65799999999996
2022-11-01,02P,6096.39616,266.788
2022-01-01,02Q,2594.8626400000003,121.699
2023-08-01,02Q,2810.3596399999997,125.006
2026-01-01,02Q,2746.50938,129.004
2026-06-01,02Q,2146.96421,128.889
2026-05-01,03F,5856.698300000001,313.17599999999993
2021-07-01,03K,4056.501399999999,182.977
2023-06-01,03K,4285.12097,183.867
2025-10-01,03K,4121.333229999999,185.617
2025-04-01,03N,13843.996670000002,639.99
2023-05-01,03Q,5618.470979999999,251.00899999999996
2021-06-01,03Q,5538.995059999999,249.624
2022-04-01,03Q,4944.6935300000005,251.032
2022-06-01,03Q,5120.249089999999,250.347
2024-11-01,03W,8362.800949999999,360.874
2024-02-01,03W,7755.83655,357.82900000000006
2024-01-01,03W,8511.955519999998,357.504
2023-12-01,03W,7937.569130000001,357.59800000000007
2022-09-01,03W,7374.080779999999,354.653
2021-11-01,04V,8920.460140000003,407.4179999999999
2022-08-01,04V,8517.93766,409.8900000000001
2023-03-01,04V,9852.38131,414.4540000000001
2025-09-01,11J,19039.704379999996,832.2950000000001
2025-05-01,11J,19690.469449999997,831.909
2024-03-01,11J,18142.26049,831.5060000000002
2025-02-01,14L,15359.094120000003,750.6149999999998
2023-07-01,14L,15472.51415,719.178
2024-07-01,14L,18258.163459999992,741.087
2024-08-01,71E,17985.901439999994,822.3399999999999
2023-11-01,71E,20165.41121,818.1640000000001
2023-04-01,71E,17502.340610000003,814.1729999999997
2021-10-01,71E,17696.77639,801.4569999999997
2025-07-01,71E,18972.81376000001,826.0939999999998
2024-10-01,71E,19066.49723,823.0600000000003
2021-12-01,71E,18074.42253,803.7049999999999
2025-01-01,71E,20986.373569999996,824.5690000000002
2023-10-01,71E,18157.770819999994,817.184
2021-08-01,71E,16482.64379,800.5260000000002
2024-09-01,99C,5281.2280599999995,228.28899999999993
2025-08-01,00T,6926.3822900000005,334.6150000000001
2022-03-01,00T,7346.087589999999,319.777
2026-04-01,00T,6730.869140000001,334.68700000000007
2025-11-01,00T,7276.22964,335.18899999999996
2026-05-01,01D,4872.466829999999,253.50599999999997
2024-05-01,01F,3182.10269,136.21
2024-06-01,01F,3101.9467700000005,136.287
2023-07-01,01J,3680.9188499999996,171.01999999999995
2025-02-01,01J,3622.28222,173.87299999999996
2023-10-01,01J,3827.5338400000005,171.345
2025-01-01,01T,4123.159619999999,161.01899999999998
2025-03-01,01V,2929.69128,128.399
2026-06-01,01W,5704.31413,330.50000000000006
2026-01-01,01Y,4940.605190000001,228.902
2025-04-01,02H,7757.54472,352.08
2024-03-01,02H,7810.831049999999,348.3139999999998
2021-12-01,02H,7598.459950000003,337.32199999999995
2024-11-01,02H,8291.335449999999,351.4219999999999
2024-09-01,02H,8175.218850000001,350.689
2025-05-01,02P,6438.569719999999,270.86899999999997
2024-10-01,02P,6601.491640000002,270.682
2022-08-01,02P,5559.022959999998,266.367
2024-07-01,02P,6704.84856,270.072
2023-08-01,02P,6139.474379999998,268.423
2024-01-01,02Q,3054.2994099999996,125.869
2025-12-01,02X,7402.3295,341.433
2023-01-01,03F,6787.18259,309.94800000000004
2025-10-01,03F,7130.101020000001,314.35900000000004
2022-01-01,03K,3919.45204,183.593
2021-08-01,03K,3850.0156100000004,183.165
2023-03-01,03K,4376.845130000001,183.786
2025-06-01,03K,4019.5186400000002,185.76399999999998
2021-06-01,03K,4087.3822499999997,182.779
2022-06-01,03K,3830.6438100000005,183.80900000000003
2025-07-01,03N,15635.959140000003,636.407
2026-02-01,03N,12411.231519999998,636.796
2022-10-01,03Q,5206.944840000001,247.872
2022-09-01,03Q,5338.09981,247.52399999999997
2022-02-01,03Q,5000.89764,251.166
2023-12-01,03Q,5781.397889999999,252.75799999999998
2024-04-01,03W,8591.795979999999,358.3249999999999
2022-07-01,03W,7382.98537,353.828
2023-05-01,03W,8308.16804,355.7460000000001
2022-12-01,03W,7999.69461,354.538
2021-09-01,03W,7666.383670000001,346.01500000000004
2023-06-01,03W,8345.14786,355.9129999999999
2023-02-01,03W,7752.210410000001,355.106
2023-04-01,03W,7695.744680000001,355.6239999999999
2022-04-01,03W,7120.3474000000015,352.2579999999999
2023-11-01,03W,8853.30192,357.399
2022-11-01,11J,19063.633210000007,823.9890000000001
2024-12-01,11J,19219.36643999999,833.1379999999997
2026-03-01,14L,16302.580160000001,753.785
2021-10-01,15E,34616.160099999994,1558.8339999999998
2023-09-01,71E,18296.769170000003,816.665
2022-05-01,71E,17799.858490000002,805.8209999999998
2024-02-01,71E,17939.527539999995,819.601
2021-07-01,71E,17765.36578,800.3399999999998
2021-11-01,71E,17627.108669999994,802.817
2025-09-01,99C,5272.0854,229.18899999999994
2024-08-01,99C,5117.7893699999995,228.22899999999998
2023-03-01,01F,3262.921259999999,135.135
2022-04-01,01J,3578.7948499999998,170.20700000000002
2024-07-01,01J,4321.187679999999,172.83599999999998
2023-06-01,01J,4059.7544499999995,170.95400000000006
2022-06-01,01J,3823.5443599999994,170.27399999999997
2021-11-01,01J,3768.5339499999995,169.71099999999998
2024-10-01,01J,4314.47229,173.5
2023-05-01,01T,3701.254819999999,157.92300000000003
2021-08-01,01T,3304.3050700000003,156.94799999999998
2026-06-01,01Y,4084.11066,228.64000000000001
2026-05-01,02H,6845.063580000002,352.472
2024-12-01,02H,8342.60275,351.6270000000001
2025-09-01,02H,8386.419569999998,352.934
2021-09-01,02H,7538.2149899999995,336.5470000000001
2021-07-01,02H,7528.962420000001,335.86199999999997
2021-10-01,02H,7524.510440000002,336.8179999999999
2024-01-01,02H,8574.855510000001,347.52200000000005
2021-06-01,02H,7573.906350000001,335.5830000000001
2023-11-01,02P,6715.787200000001,268.911
2025-06-01,02P,5943.908109999999,270.788
2024-09-01,02P,6384.713109999999,270.49399999999997
2026-02-01,02P,5494.971280000001,270.574
2023-07-01,02P,5879.194229999999,268.191
2024-05-01,02P,6329.2963899999995,269.92199999999997
2024-02-01,02Q,2804.7040399999996,126.03
2021-12-01,02Q,2752.6764599999997,121.536
2024-11-01,02Q,3056.55546,127.723
2026-04-01,02Q,2688.70764,128.88299999999998
2022-07-01,03K,3933.1795100000004,183.78900000000002
2026-01-01,03K,4163.98834,185.32800000000003
2022-11-01,03K,4275.4860499999995,183.86500000000004
2024-04-01,03K,4448.979659999999,184.777
2022-03-01,03K,4310.15087,183.79100000000003
2025-08-01,03K,3917.4242099999997,185.722
2025-12-01,03N,14549.36064,639.265
2023-09-01,03Q,5720.397059999999,249.77499999999998
2025-07-01,03Q,6205.17461,250.08400000000006
2025-01-01,03Q,6689.194020000002,253.161
2023-10-01,03Q,5731.695920000001,250.23699999999997
2024-08-01,03W,8281.65451,359.91999999999996
2023-08-01,03W,8306.473069999996,356.1
2022-08-01,03W,7480.353269999999,354.1600000000001
2024-03-01,03W,8137.665259999999,358.009
2022-05-01,04V,9095.549790000003,409.441
2025-04-01,11J,18748.257569999994,831.9749999999998
2025-02-01,11J,17454.123509999994,832.665
2023-04-01,11J,18010.472629999993,825.438
2025-11-01,11J,18571.002260000005,831.8510000000001
2025-10-01,11J,19004.817340000005,832.5329999999999
2023-01-01,11J,18402.5932,824.7539999999999
2023-02-01,71E,18453.69293,813.1190000000001
2022-12-01,71E,18729.747470000006,812.4609999999999
2022-02-01,71E,16342.675580000003,804.729
2023-12-01,71E,18869.22513,819.135
2024-06-01,71E,18800.732980000004,821.4800000000002
2022-10-01,71E,17078.434639999992,809.744
2022-09-01,71E,17726.671260000003,809.272
2022-01-01,71E,17569.91886,804.3819999999998
2025-03-01,99C,5273.33537,228.647
2025-05-01,99C,5516.251589999999,228.835
2026-03-01,99C,5114.91041,229.392
2025-10-01,00T,7950.179599999999,335.0319999999999
2026-01-01,00T,7555.46611,335.1459999999999
2026-04-01,01D,5689.198339999999,253.32000000000005
2022-07-01,01F,2969.17073,135.017
2022-03-01,01F,3273.5119099999993,135.18699999999998
2023-12-01,01J,4058.6206700000002,171.67999999999998
2022-09-01,01J,3900.32889,170.31699999999998
2023-04-01,01J,3750.5694900000003,170.63799999999998
2023-03-01,01J,4218.739110000001,170.587
2024-03-01,01J,3959.6952000000006,172.007
2021-12-01,01J,3851.4392500000004,169.80100000000002
2021-10-01,01J,3887.239780000001,169.629
2022-08-01,01T,3388.5110900000004,157.33300000000003
2021-11-01,01T,3517.8190099999997,156.923
2025-04-01,01T,3716.1463499999995,161.351
2024-02-01,01V,3009.4427999999994,127.812
2025-05-01,02H,8509.488829999998,352.3410000000001
2026-03-01,02H,7883.90212,352.309
2025-07-01,02H,8921.87798,352.62399999999997
2024-04-01,02H,8626.909469999999,348.3489999999999
2025-02-01,02H,7638.3897099999995,352.042
2022-12-01,02H,8120.777430000002,341.146
2023-08-01,02H,8381.679399999999,345.01300000000015
2023-10-01,02H,8015.138960000003,345.99900000000014
2024-10-01,02H,8899.767230000001,351.022
2024-11-01,02P,6593.95669,270.65
2025-03-01,02P,6351.326170000002,270.74100000000004
2021-07-01,02P,5939.019679999999,264.767
2021-09-01,02P,6013.823789999999,264.889
2024-12-01,02P,6572.274770000001,270.80699999999996
2021-06-01,02P,6061.50328,264.502
2023-05-01,02Q,2926.7101300000004,124.43
2022-05-01,02Y,6872.3713800000005,308.26
2022-02-01,03K,3735.9809,183.732
2024-05-01,03K,4351.3266300000005,184.932
2023-02-01,03K,4252.47052,183.76600000000002
2024-01-01,03K,4632.91341,184.41299999999998
2024-08-01,03K,4277.477220000001,185.39600000000002
2025-11-01,03N,14471.935469999995,639.9080000000001
2024-09-01,03Q,6061.877779999999,250.323
2026-02-01,03Q,5540.080249999999,249.26299999999998
2021-08-01,03Q,5357.936809999999,248.985
2023-09-01,03W,8371.22202,356.896
2023-01-01,03W,8175.14692,354.741
2024-06-01,03W,8254.70842,359.20099999999985
2022-10-01,03W,7850.991569999999,354.81300000000005
2022-01-01,04V,8956.91301,408.253
2025-01-01,04V,11344.571720000002,423.167
2023-11-01,11J,20796.261250000007,829.4339999999999
2025-09-01,14L,17820.7945,749.201
2026-05-01,14L,14717.977480000003,751.08
2022-11-01,15E,37525.42570000003,1579.1729999999993
2022-06-01,71E,18496.01098,806.59
2024-07-01,71E,20973.425910000005,821.8909999999996
2022-04-01,71E,17139.126060000002,805.536
2023-07-01,71E,17897.062609999997,815.4130000000001
2025-06-01,71E,18121.44749,825.5550000000001
2023-06-01,71E,19418.62575,815.0960000000001
2026-06-01,92G,19411.94736000001,1010.6510000000001
2025-12-01,99C,5428.828349999998,229.32599999999996
2025-08-01,99C,4883.302090000001,229.16199999999995
2026-03-01,00T,7620.113979999997,334.76700000000005
2026-02-01,00T,7668.192360000001,335.09999999999997
2026-06-01,01D,5176.018430000001,253.33900000000003
2024-01-01,01F,3434.9194399999997,136.059
2023-09-01,01J,4022.09078,171.331
2022-01-01,01J,3769.0909999999994,169.846
2021-08-01,01J,3671.1941599999996,169.23299999999998
2022-02-01,01T,3222.1109099999994,156.98600000000002
2022-11-01,01T,3892.4564900000005,157.60500000000002
2025-05-01,01T,3906.1701399999997,161.397
2022-07-01,01T,3508.57943,157.262
2023-11-01,01V,3377.6752399999996,127.61599999999999
2024-05-01,01V,3041.8470399999997,127.97
2026-05-01,01Y,4581.2373800000005,228.81199999999995
2022-06-01,02H,7940.3354100000015,338.92199999999997
2024-08-01,02H,8097.40234,350.36600000000004
2026-01-01,02H,7991.871,352.4629999999999
2024-07-01,02H,9104.296949999996,349.94000000000005
2023-07-01,02H,7650.033540000001,344.3769999999999
2023-12-01,02H,8308.82481,347.0739999999999
2023-06-01,02H,8358.262470000001,343.6589999999999
2025-02-01,02P,6028.44743,270.8369999999999
2023-04-01,02P,5938.024399999998,267.5400000000001
2023-10-01,02Q,3049.49967,125.40899999999999
2025-01-01,02Q,3544.2452900000003,127.96799999999999
2024-03-01,03K,4341.31717,184.722
2024-10-01,03K,4874.92433,185.58299999999997
2025-12-01,03K,4593.20477,185.386
2021-12-01,03K,4321.8944,183.493
2022-12-01,03K,4566.97294,183.86499999999998
2022-08-01,03K,4009.7672699999994,183.78100000000003
2026-04-01,03K,4185.41843,184.909
2024-06-01,03K,4425.76507,185.01399999999998
2025-10-01,03N,15514.319129999994,640.166
2025-09-01,03N,15428.586440000005,634.8250000000004
2023-02-01,03Q,5854.980060000001,250.97899999999998
2022-03-01,03Q,6095.550189999999,251.235
2023-03-01,03Q,6400.62963,251.10399999999998
2021-10-01,03Q,5773.5565,248.02399999999997
2022-05-01,03Q,5600.52562,250.85700000000003
2024-12-01,03W,8785.628490000001,359.783
2025-06-01,11J,18798.136130000003,831.8240000000001
2025-08-01,11J,18133.49307,831.7529999999998
2022-09-01,15E,36675.157629999994,1573.9100000000003
2021-07-01,15E,35964.03085,1555.2589999999989
2022-10-01,15E,35746.31921999999,1575.225
2024-02-01,15E,38814.47938999999,1625.5549999999998
2021-06-01,15E,36041.61125,1554.0719999999994
2021-11-01,15E,35612.932950000024,1560.8339999999992
2024-09-01,71E,20071.989729999998,822.859
2023-08-01,71E,19912.316999999995,816.2010000000004
2024-11-01,71E,20716.347679999995,823.229
2023-05-01,71E,19182.22912,814.481
2023-01-01,71E,18942.61825,812.8149999999999
2025-03-01,71E,19595.239040000008,825.156
2021-09-01,71E,18221.71046,801.2179999999996
2025-04-01,71E,19107.01553,825.7630000000001
2024-04-01,71E,20516.464230000005,820.5409999999997
2025-07-01,99C,5940.818700000001,228.971
2025-11-01,99C,5219.18657,229.30600000000004
2022-04-01,D2P2L,29470.057259999998,1288.9170000000001
2026-05-01,00Y,5471.057519999999,268.12800000000004
2021-06-01,01J,3969.10282,168.955
2022-08-01,01J,3726.98541,170.29399999999998
2022-11-01,01J,4374.83108,170.525
2024-03-01,01T,4005.9459499999994,159.50700000000003
2022-05-01,01T,3672.6363500000007,157.129
2024-08-01,01T,3815.44055,160.426
2024-06-01,01T,3919.32544,160.264
2023-12-01,01T,3835.0614699999996,159.039
2022-06-01,01T,3713.01591,157.181
2025-07-01,01T,4206.265219999999,161.534
2023-07-01,01T,3732.35551,158.25
2023-02-01,01T,3712.227320000001,157.71900000000002
2023-06-01,01V,3099.63456,127.15800000000003
2025-05-01,01V,3185.028980000001,128.633
2024-04-01,01V,3220.47128,127.81800000000001
2023-09-01,01V,3135.6168900000002,127.446
2023-08-01,01V,3138.1207699999995,127.34199999999998
2024-10-01,01V,3404.49668,128.32
2025-06-01,01V,3231.7068400000007,128.717
2023-03-01,02H,8979.86527,342.21500000000015
2022-01-01,02H,7669.9966699999995,337.6500000000002
2024-05-01,02H,8340.29876,349.188
2022-03-01,02H,8342.895770000001,338.17899999999986
2026-04-01,02H,8031.293769999998,352.2049999999999
2022-07-01,02H,7761.879470000001,339.26500000000004
2026-01-01,02P,6384.368009999999,270.656
2026-03-01,02P,6209.849769999999,270.46900000000005
2025-09-01,02P,6582.578560000001,270.718
2022-09-01,02Q,2883.83422,123.04899999999999
2025-12-01,02Q,3221.1238,129.011
2022-10-01,02Y,7030.819910000001,309.79299999999995
2023-05-01,03K,4452.31056,183.795
2024-11-01,03K,4694.210479999999,185.666
2021-11-01,03K,4232.395130000001,183.44799999999995
2025-11-01,03K,4316.294000000002,185.54999999999998
2025-08-01,03N,14106.424200000005,635.4820000000001
2024-01-01,03Q,6402.005800000001,253.007
2022-12-01,03Q,6293.572340000001,250.13299999999998
2025-02-01,03Q,5655.3826100000015,252.495
2023-01-01,03Q,5942.413560000001,250.696
2024-02-01,03Q,6169.458790000001,252.961
2025-03-01,03Q,6254.94638,251.966
2025-04-01,03Q,5943.91378,251.56799999999998
2022-02-01,03W,7210.942580000001,351.102
2025-01-01,03W,10120.027940000002,359.942
2021-10-01,03W,8135.37179,346.453
2021-07-01,03W,8109.41587,345.213
2021-08-01,04V,8829.80256,404.4150000000001
2026-06-01,14L,15653.319100000004,747.4390000000002
2022-04-01,15E,36016.80253000002,1570.9019999999996
2024-12-01,15E,42903.413189999985,1644.7560000000008
2024-07-01,15E,46911.62101000001,1635.192999999999
2023-11-01,15E,43618.303369999994,1617.332
2021-12-01,15E,37822.57131999998,1564.525
2024-09-01,15E,41259.14732999997,1634.523
2023-04-01,15E,35751.58133000003,1595.0140000000004
2023-10-01,15E,40237.63445999997,1611.298000000001
2025-10-01,99C,5601.18138,229.37800000000001
2026-02-01,99C,5310.09633,229.499
2021-09-01,D2P2L,31157.507470000008,1281.6369999999995
2026-03-01,00L,8239.0926,344.60400000000004
2026-05-01,00T,7186.186230000001,334.592
2026-04-01,00Y,6129.466179999999,268.29599999999994
2026-06-01,00Y,5700.088959999999,267.82400000000007
2021-07-01,01J,4091.8539299999998,169.22099999999998
2025-02-01,01T,3986.6147699999997,161.27300000000002
2024-04-01,01T,4074.2164799999996,159.59
2024-07-01,01T,4641.580280000001,160.286
2022-04-01,01T,3644.6591500000004,157.15599999999998
2023-03-01,01T,4227.117209999999,157.87099999999995
2025-06-01,01T,4063.8930699999996,161.48199999999994
2023-01-01,01V,3043.82036,126.96699999999998
2024-01-01,01V,3235.2438400000005,127.71199999999999
2025-11-01,02H,8392.170839999999,352.4390000000001
2022-10-01,02H,7991.925900000004,340.201
2023-05-01,02H,8364.44707,343.195
2025-07-01,02P,7223.67882,270.759
2025-04-01,02P,6625.24919,270.8109999999999
2024-02-01,02P,6696.366779999999,269.44000000000005
2025-08-01,02P,6090.677180000001,270.824
2024-09-01,02Q,3222.0452999999998,127.472
2022-09-01,02Y,7262.675390000001,309.555
2023-09-01,02Y,7890.013180000001,312.946
2022-07-01,02Y,7105.883940000001,308.63999999999993
2026-02-01,03K,4299.39161,185.03300000000002
2025-05-01,03K,4736.159369999999,185.698
2023-10-01,03K,4632.0577299999995,184.346
2025-09-01,03K,4745.640270000001,185.76100000000002
2025-03-01,03K,4654.314190000002,185.69800000000004
2022-11-01,03Q,6487.86034,249.257
2025-12-01,03Q,6570.59323,250.19
2024-10-01,03Q,6990.7366200000015,251.27999999999997
2023-07-01,03Q,5943.353550000001,250.844
2022-08-01,03Q,5440.67759,247.601
2024-05-01,03Q,6651.59216,251.692
2024-08-01,03Q,6266.11806,250.497
2021-11-01,03Q,5850.493549999999,250.08000000000004
2024-06-01,03Q,6174.5491600000005,251.56799999999998
2023-04-01,03Q,5746.47689,251.062
2021-06-01,03W,8157.822140000001,344.76
2023-12-01,15E,39465.13488999997,1621.3710000000008
2021-08-01,15E,34215.51688,1555.9609999999989
2025-01-01,15E,46831.01815999997,1645.424999999999
2022-03-01,15E,40198.329529999995,1569.7370000000008
2023-08-01,15E,40500.98066000002,1604.871
2022-02-01,15E,32922.23978999999,1568.0059999999999
2024-11-01,15E,41950.35059000001,1642.4980000000005
2022-01-01,15E,35935.40945,1566.2939999999996
2023-02-01,15E,37771.01331,1588.9350000000002
2024-03-01,15E,42140.89945,1627.422
2023-06-01,15E,40462.32064999999,1598.8939999999993
2021-09-01,15E,38128.441030000016,1557.8909999999987
2025-10-01,15E,43994.48047000002,1649.4689999999998
2022-06-01,15E,37131.65767999998,1570.2779999999984
2026-01-01,99C,5500.33179,229.422
2023-11-01,D2P2L,36169.48167000001,1319.7230000000002
2021-12-01,D2P2L,32411.98976000001,1284.085
2024-12-01,D2P2L,35281.118989999995,1340.556
2022-05-01,D2P2L,30758.855880000003,1289.4909999999988
2021-10-01,D2P2L,30239.716120000005,1282.068
2022-12-01,D2P2L,33428.51570999999,1298.5229999999995
2026-02-01,00Y,6265.72694,268.84499999999997
2022-03-01,01T,4055.13539,157.096
2023-11-01,01T,4481.426389999999,158.904
2023-10-01,01T,4036.095660000001,158.737
2022-09-01,01V,3100.72323,126.99999999999999
2025-01-01,01V,3665.07458,128.40699999999998
2023-04-01,01V,3039.0845600000002,127.051
2024-02-01,02H,8814.184459999999,348.10300000000007
2026-06-01,02H,7662.26816,352.4239999999999
2023-09-01,02H,8759.29371,345.464
2023-02-01,02H,8139.735789999998,341.733
2021-11-01,02H,7953.327649999999,337.0030000000001
2022-11-01,02H,8957.815389999996,340.594
2022-02-01,02H,7205.738390000002,337.827
2023-01-01,02H,8526.91377,341.35999999999996
2025-10-01,02P,7248.08259,270.77299999999997
2023-12-01,02P,6652.22105,269.115
2025-12-01,02P,7143.311219999999,270.658
2022-04-01,02Y,7152.090229999999,308.078
2026-05-01,02Y,7319.91669,320.752
2021-09-01,02Y,7705.2060900000015,307.58599999999996
2021-07-01,02Y,7607.72803,307.347
2022-06-01,02Y,7314.405640000001,308.38500000000005
2022-01-01,02Y,7094.16392,307.774
2024-05-01,02Y,8494.72653,314.9039999999999
2021-08-01,02Y,6797.022150000001,307.52099999999996
2021-12-01,02Y,7773.1970900000015,307.60800000000006
2022-10-01,03K,4403.787910000001,183.842
2021-10-01,03K,4362.244189999999,183.423
2026-04-01,03Q,5866.829559999999,248.57099999999997
2024-07-01,03Q,7274.507489999999,251.07600000000002
2024-03-01,03Q,6577.536569999999,252.34799999999998
2026-01-01,03Q,6279.169039999999,249.902
2023-06-01,03Q,6579.09233,251.03300000000002
2023-08-01,03Q,6580.92619,250.31699999999998
2024-12-01,03Q,6760.355809999999,253.121
2024-09-01,03W,9181.033560000002,360.42299999999994
2025-11-01,15E,40278.72154,1650.3579999999997
2022-05-01,15E,37731.07421999998,1570.3419999999987
2025-06-01,15E,41802.94811,1647.9009999999998
2024-08-01,15E,42009.19595000001,1632.4490000000005
2024-06-01,15E,42485.61650999997,1634.5699999999997
2024-04-01,15E,42300.44855000002,1628.9719999999998
2025-02-01,15E,41577.74901000001,1646.9750000000013
2024-01-01,15E,43766.61575999999,1623.3690000000001
2022-07-01,15E,37011.26767000001,1571.8590000000002
2023-07-01,15E,38374.298109999996,1601.6880000000003
2023-05-01,15E,38923.088149999974,1596.4450000000002
2025-07-01,15E,45303.09682999999,1647.7320000000004
2022-12-01,15E,40885.69601999998,1583.9270000000004
2023-03-01,15E,43193.52709,1592.3859999999993
2025-04-01,15E,43224.09334,1647.6930000000007
2025-09-01,15E,43877.30945999998,1647.3260000000002
2025-08-01,15E,39174.88994000001,1647.7889999999989
2021-06-01,71E,18951.148199999996,799.67
2026-03-01,D2P2L,35767.73165,1338.3080000000002
2025-03-01,D2P2L,34115.43723999999,1341.6500000000003
2025-05-01,D2P2L,35494.75252,1342.6310000000008
2022-08-01,D2P2L,29470.01598999999,1291.9269999999997
2024-11-01,D2P2L,36108.68781,1339.7869999999998
2024-10-01,D2P2L,37507.97199,1338.9189999999994
2026-06-01,00T,7365.876859999999,334.43199999999996
2022-05-01,01J,4102.728400000001,170.23999999999998
2021-07-01,01T,3987.8482500000005,156.909
2021-12-01,01T,4057.0166499999996,156.99100000000004
2021-09-01,01T,4023.3249900000005,157.02899999999997
2022-12-01,01T,4084.4519999999993,157.67799999999997
2024-01-01,01T,4412.84074,159.13500000000005
2021-10-01,01T,3801.4284800000005,156.95300000000003
2024-08-01,01V,3489.3471400000008,128.16799999999998
2022-01-01,01V,3187.6332199999997,126.53
2024-06-01,01V,3484.769749999999,127.97900000000001
2024-03-01,01V,3468.51665,127.81499999999998
2024-11-01,01V,3480.84264,128.367
2022-10-01,01V,3048.17361,126.99999999999999
2025-07-01,01V,3652.65117,128.818
2021-08-01,02H,7542.301240000001,336.20500000000004
2025-04-01,02Y,8745.850120000001,318.21700000000004
2023-01-01,02Y,7800.737749999999,310.597
2022-03-01,02Y,8139.876719999999,307.946
2025-12-01,02Y,8624.39511,320.127
2023-04-01,02Y,7831.556049999998,311.352
2021-06-01,02Y,7439.44976,307.35099999999994
2023-10-01,02Y,8619.29348,312.946
2024-12-01,02Y,9054.30618,317.356
2023-06-01,02Y,8192.90855,311.776
2025-05-01,02Y,8543.316429999999,318.4239999999999
2023-03-01,02Y,8546.211659999999,311.084
2023-07-01,02Y,7847.408739999999,312.09700000000004
2022-11-01,02Y,8497.019189999999,310.17400000000004
2022-04-01,03K,4283.2565,183.816
2023-11-01,03K,5262.3705,184.226
2025-01-01,03K,5391.79631,185.65700000000004
2025-10-01,03Q,7001.046630000002,249.87099999999998
2025-06-01,03Q,6692.017870000001,250.939
2024-04-01,03Q,6541.66413,251.81900000000002
2025-11-01,03Q,6550.74634,250.055
2026-05-01,03Q,5911.076650000001,248.2
2022-06-01,03W,8482.050439999999,353.2870000000001
2024-10-01,15E,46068.1502,1638.146000000001
2026-02-01,15E,39471.66120999999,1646.2569999999996
2023-09-01,15E,40991.50114000002,1607.275
2026-04-01,15E,41968.0773,1641.3920000000003
2025-03-01,15E,43247.52347999999,1647.3230000000003
2024-05-01,15E,44206.84494999998,1632.4240000000002
2026-01-01,15E,41705.65593,1648.8139999999996
2022-08-01,15E,37236.90881000001,1571.9100000000005
2026-03-01,15E,44190.24179000001,1644.1079999999995
2022-02-01,D2P2L,29091.763829999993,1286.3600000000004
2024-09-01,D2P2L,34671.81699000001,1338.631999999999
2021-11-01,D2P2L,30626.720189999978,1282.8179999999995
2024-02-01,D2P2L,33663.7878,1327.881000000001
2025-09-01,D2P2L,36862.72445000001,1343.9309999999994
2024-07-01,D2P2L,38721.86864999999,1336.0650000000003
2023-12-01,D2P2L,35360.11395,1322.9889999999996
2023-02-01,D2P2L,31967.514420000007,1301.51
2025-02-01,D2P2L,34887.36736999999,1341.4729999999997
2023-05-01,D2P2L,32972.633680000006,1307.1000000000004
2022-09-01,D2P2L,31728.131699999984,1293.0970000000004
2023-08-01,D2P2L,35328.21327999999,1313.4239999999993
2025-08-01,D2P2L,34857.37210999999,1343.8220000000013
2022-07-01,D2P2L,30651.753,1291.0819999999994
2022-10-01,01T,3811.367939999999,157.56099999999998
2024-10-01,01T,4635.806240000001,160.586
2024-12-01,01T,4611.58764,160.93999999999997
2022-01-01,01T,4045.81934,156.997
2023-06-01,01T,4219.56675,158.09500000000003
2023-08-01,01T,4289.112099999999,158.44100000000003
2022-08-01,01V,3014.7826999999997,126.85600000000001
2023-12-01,01V,3507.04784,127.64800000000001
2025-04-01,01V,3611.6203100000007,128.494
2023-10-01,01V,3519.9009800000003,127.43199999999999
2024-07-01,01V,3729.43242,128.07
2022-11-01,01V,3492.0169100000003,126.92699999999999
2021-08-01,01V,3058.2969900000007,126.215
2022-04-01,01V,2973.3803500000004,126.59300000000002
2022-07-01,01V,3186.52797,126.68700000000001
2022-09-01,02H,8734.97207,340.00899999999984
2022-05-01,02H,8369.607,338.64899999999994
2024-09-01,02Y,8775.30799,316.68500000000006
2024-01-01,02Y,8928.191829999998,313.64400000000006
2025-03-01,02Y,8729.65662,317.98499999999996
2022-12-01,02Y,8376.113309999999,310.4879999999999
2026-03-01,02Y,8780.893489999999,320.31600000000003
2021-11-01,02Y,8072.01209,307.5559999999999
2023-02-01,02Y,7777.79188,310.79299999999995
2022-02-01,02Y,6996.991039999999,307.857
2025-02-01,02Y,8691.445839999998,317.74700000000007
2024-03-01,02Y,8627.733400000001,314.232
2023-05-01,02Y,8268.43074,311.5519999999999
2021-10-01,02Y,7607.600249999999,307.555
2025-07-01,02Y,9061.208320000002,318.867
2025-08-01,02Y,8502.58006,319.402
2024-02-01,03K,4759.0111,184.641
2021-09-01,03K,4716.59889,183.40599999999998
2024-11-01,03Q,6922.3303000000005,252.678
2025-09-01,03Q,7032.835419999999,248.40400000000005
2023-11-01,03Q,7607.93253,251.485
2021-12-01,03W,8986.55643,347.2250000000001
2026-05-01,15E,39281.700889999986,1639.36
2026-06-01,15E,41467.167239999995,1634.1759999999997
2025-05-01,15E,45460.35188999999,1647.7829999999997
2025-12-01,15E,44955.206880000005,1650.1679999999997
2023-01-01,15E,40004.931240000005,1586.5619999999994
2025-01-01,D2P2L,39475.06517999997,1341.0020000000002
2023-09-01,D2P2L,33592.77171000001,1315.275
2023-03-01,D2P2L,36680.766370000005,1303.6469999999995
2026-01-01,D2P2L,36329.822619999984,1341.4719999999995
2026-02-01,D2P2L,34184.59592999999,1339.5689999999993
2024-08-01,D2P2L,36549.671610000005,1337.2649999999999
2026-04-01,D2P2L,37144.28866999998,1337.7389999999987
2025-10-01,D2P2L,37941.756670000024,1343.4329999999998
2025-11-01,D2P2L,35331.06137999999,1343.4720000000002
2025-06-01,D2P2L,36156.836520000004,1343.0700000000006
2023-07-01,D2P2L,33328.13026000001,1311.5969999999995
2023-04-01,D2P2L,32932.17489000002,1305.3070000000002
2022-03-01,D2P2L,34939.00737,1287.278
2024-06-01,D2P2L,36390.15217999999,1334.890999999999
2021-06-01,D2P2L,33131.18175000001,1278.9479999999996
2021-07-01,D2P2L,33043.25489000001,1280.7260000000008
2022-06-01,D2P2L,32969.28958999999,1290.508999999999
2024-04-01,D2P2L,35812.468030000025,1330.4699999999991
2024-05-01,D2P2L,37071.44012000001,1333.487
2024-05-01,01T,4614.81463,159.991
2025-03-01,01T,4492.31268,161.32999999999998
2022-09-01,01T,4425.706329999999,157.43299999999994
2023-09-01,01T,4081.879099999999,158.636
2023-04-01,01T,4164.98906,157.89299999999997
2021-09-01,01V,3699.70591,126.27900000000002
2022-02-01,01V,3095.54389,126.515
2023-02-01,01V,3193.80313,126.998
2022-05-01,01V,3199.61219,126.58899999999998
2021-10-01,01V,3142.6453899999997,126.40700000000002
2023-03-01,01V,3654.95893,126.998
2021-07-01,01V,3750.89115,125.954
2025-02-01,01V,3539.0196000000005,128.44400000000002
2024-12-01,01V,3700.0570099999995,128.416
2021-12-01,01V,3610.5595399999993,126.536
2021-06-01,01V,3310.53645,125.85700000000001
2022-06-01,01V,3556.8224099999998,126.62899999999999
2023-05-01,01V,3404.988819999999,127.102
2022-12-01,01V,3433.0012300000003,127.001
2022-03-01,01V,3513.6960200000008,126.572
2021-11-01,01V,3566.3365700000004,126.39099999999999
2024-09-01,01V,3783.8023700000003,128.279
2023-07-01,01V,3316.8068000000003,127.282
2022-04-01,02Q,2879.65286,122.101
2025-10-01,02Y,10023.714609999999,319.909
2025-09-01,02Y,9808.34738,319.685
2025-11-01,02Y,8605.17035,320.00800000000004
2024-10-01,02Y,10005.654760000001,316.916
2025-06-01,02Y,9479.97285,318.57
2026-04-01,02Y,8936.734660000002,320.517
2024-06-01,02Y,9150.832559999999,315.163
2023-08-01,02Y,8731.913100000002,312.526
2024-08-01,02Y,9113.48369,316.179
2026-01-01,02Y,9590.184879999999,320.258
2024-02-01,02Y,9245.49015,313.9169999999999
2024-07-01,02Y,9218.639380000002,315.563
2023-11-01,02Y,9663.02005,313.179
2024-11-01,02Y,9508.817410000001,317.26499999999993
2025-01-01,02Y,9708.03296,317.465
2024-04-01,02Y,9890.408319999999,314.474
2026-02-01,02Y,8292.6075,320.21500000000003
2022-08-01,02Y,7971.828670000001,308.98800000000006
2023-12-01,02Y,8876.24748,313.514
2025-08-01,03Q,6663.95146,248.827
2022-07-01,03Q,6549.631539999999,248.02999999999997
2025-05-01,03Q,7213.629889999998,251.301
2026-03-01,03Q,7004.75316,248.90300000000002
2022-11-01,D2P2L,35836.905390000014,1296.3829999999996
2025-07-01,D2P2L,38668.41112000001,1343.6340000000002
2025-12-01,D2P2L,37985.54991000001,1342.5360000000005
2024-03-01,D2P2L,38629.84416,1329.927
2023-01-01,D2P2L,33382.157970000015,1299.6389999999997
2024-01-01,D2P2L,38117.95048000001,1324.999
2022-01-01,D2P2L,34715.320800000016,1285.3909999999996
2021-08-01,D2P2L,32138.237780000003,1281.6949999999997
2023-06-01,D2P2L,37253.492940000004,1309.4059999999997
2025-04-01,D2P2L,38240.127540000016,1342.128
2026-05-01,D2P2L,34411.46972,1336.7080000000003
2026-06-01,D2P2L,34152.468690000016,1334.9619999999998
2023-10-01,D2P2L,36495.62470000002,1316.4820000000004
2022-10-01,D2P2L,31311.012020000006,1293.9119999999998
