month,code,numerator,denominator
2022-01-01,00D,0,0
2023-10-01,00D,0,0
2026-01-01,00D,0,0
2024-04-01,00D,0,0
2025-04-01,00D,0,0
2022-10-01,00D,0,0
2023-02-01,00D,0,0
2023-06-01,00D,0,0
2024-07-01,00D,0,0
2022-11-01,00D,0,0
2025-01-01,00D,0,0
2023-03-01,00D,0,0
2023-11-01,00D,0,0
2023-01-01,00D,0,0
2025-03-01,00D,0,0
2026-03-01,00D,0,0
2025-09-01,00D,0,0
2026-04-01,00D,0,0
2026-02-01,00D,0,0
2022-07-01,00D,0,0
2024-05-01,00D,0,0
2023-12-01,00D,0,0
2021-08-01,00D,0,0
2023-05-01,00D,0,0
2024-02-01,00D,0,0
2024-03-01,00D,0,0
2024-10-01,00D,0,0
2025-02-01,00D,0,0
2023-08-01,00D,0,0
2021-10-01,00D,0,0
2022-05-01,00D,0,0
2022-06-01,00D,0,0
2025-08-01,00D,0,0
2026-06-01,00D,0,0
2021-06-01,00D,0,0
2024-11-01,00D,0,0
2021-07-01,00D,0,0
2022-03-01,00D,0,0
2024-01-01,00D,0,0
2025-06-01,00D,0,0
2026-05-01,00D,0,0
2021-09-01,00D,0,0
2024-12-01,00D,0,0
2024-09-01,00D,0,0
2025-10-01,00D,0,0
2021-12-01,00D,0,0
2022-02-01,00D,0,0
2025-07-01,00D,0,0
2022-04-01,00D,0,0
2023-04-01,00D,0,0
2024-06-01,00D,0,0
2021-11-01,00D,0,0
2023-09-01,00D,0,0
2025-11-01,00D,0,0
2022-09-01,00D,0,0
2023-07-01,00D,0,0
2022-12-01,00D,0,0
2025-05-01,00D,0,0
2022-08-01,00D,0,0
2024-08-01,00D,0,0
2025-12-01,00D,0,0
2022-06-01,00J,0,0
2023-10-01,00J,0,0
2022-01-01,00J,0,0
2022-11-01,00J,0,0
2022-07-01,00J,0,0
2021-06-01,00J,0,0
2022-10-01,00J,0,0
2024-11-01,00J,0,0
2025-08-01,00J,0,0
2025-11-01,00J,0,0
2024-07-01,00J,0,0
2023-03-01,00J,0,0
2024-03-01,00J,0,0
2024-08-01,00J,0,0
2023-05-01,00J,0,0
2025-07-01,00J,0,0
2023-01-01,00J,0,0
2022-03-01,00J,0,0
2023-02-01,00J,0,0
2022-12-01,00J,0,0
2025-03-01,00J,0,0
2026-04-01,00J,0,0
2023-08-01,00J,0,0
2021-10-01,00J,0,0
2023-09-01,00J,0,0
2021-11-01,00J,0,0
2023-12-01,00J,0,0
2021-07-01,00J,0,0
2025-10-01,00J,0,0
2022-02-01,00J,0,0
2024-12-01,00J,0,0
2026-02-01,00J,0,0
2026-05-01,00J,0,0
2023-04-01,00J,0,0
2024-10-01,00J,0,0
2021-08-01,00J,0,0
2026-06-01,00J,0,0
2025-02-01,00J,0,0
2025-04-01,00J,0,0
2024-06-01,00J,0,0
2022-05-01,00J,0,0
2023-11-01,00J,0,0
2024-01-01,00J,0,0
2025-06-01,00J,0,0
2022-08-01,00J,0,0
2023-06-01,00J,0,0
2024-04-01,00J,0,0
2025-05-01,00J,0,0
2022-04-01,00J,0,0
2022-09-01,00J,0,0
2026-01-01,00J,0,0
2021-12-01,00J,0,0
2024-05-01,00J,0,0
2024-09-01,00J,0,0
2025-12-01,00J,0,0
2026-03-01,00J,0,0
2021-09-01,00J,0,0
2023-07-01,00J,0,0
2025-01-01,00J,0,0
2024-02-01,00J,0,0
2025-09-01,00J,0,0
2025-01-01,00K,0,0
2023-01-01,00K,0,0
2025-06-01,00K,0,0
2024-07-01,00K,0,0
2026-02-01,00K,0,0
2025-11-01,00K,0,0
2022-08-01,00K,0,0
2025-10-01,00K,0,0
2025-09-01,00K,0,0
2021-06-01,00K,0,0
2022-07-01,00K,0,0
2024-03-01,00K,0,0
2022-06-01,00K,0,0
2024-01-01,00K,0,0
2023-09-01,00K,0,0
2022-09-01,00K,0,0
2023-11-01,00K,0,0
2026-03-01,00K,0,0
2021-09-01,00K,0,0
2021-12-01,00K,0,0
2023-06-01,00K,0,0
2024-11-01,00K,0,0
2026-04-01,00K,0,0
2023-08-01,00K,0,0
2023-10-01,00K,0,0
2024-09-01,00K,0,0
2022-04-01,00K,0,0
2022-10-01,00K,0,0
2024-12-01,00K,0,0
2025-04-01,00K,0,0
2022-11-01,00K,0,0
2024-04-01,00K,0,0
2025-02-01,00K,0,0
2025-12-01,00K,0,0
2023-03-01,00K,0,0
2023-05-01,00K,0,0
2021-11-01,00K,0,0
2022-03-01,00K,0,0
2021-07-01,00K,0,0
2023-07-01,00K,0,0
2025-07-01,00K,0,0
2021-10-01,00K,0,0
2022-05-01,00K,0,0
2023-12-01,00K,0,0
2026-01-01,00K,0,0
2024-08-01,00K,0,0
2025-03-01,00K,0,0
2023-04-01,00K,0,0
2024-06-01,00K,0,0
2024-10-01,00K,0,0
2021-08-01,00K,0,0
2024-05-01,00K,0,0
2026-06-01,00K,0,0
2023-02-01,00K,0,0
2025-05-01,00K,0,0
2024-02-01,00K,0,0
2025-08-01,00K,0,0
2022-01-01,00K,0,0
2026-05-01,00K,0,0
2022-02-01,00K,0,0
2022-12-01,00K,0,0
2024-07-01,00M,0,0
2023-05-01,00M,0,0
2025-10-01,00M,0,0
2022-05-01,00M,0,0
2024-05-01,00M,0,0
2021-07-01,00M,0,0
2022-06-01,00M,0,0
2023-03-01,00M,0,0
2025-07-01,00M,0,0
2024-09-01,00M,0,0
2025-03-01,00M,0,0
2021-12-01,00M,0,0
2024-06-01,00M,0,0
2025-05-01,00M,0,0
2021-06-01,00M,0,0
2026-04-01,00M,0,0
2023-04-01,00M,0,0
2025-11-01,00M,0,0
2024-10-01,00M,0,0
2026-02-01,00M,0,0
2023-12-01,00M,0,0
2021-10-01,00M,0,0
2023-11-01,00M,0,0
2025-02-01,00M,0,0
2026-06-01,00M,0,0
2026-05-01,00M,0,0
2023-07-01,00M,0,0
2022-11-01,00M,0,0
2021-08-01,00M,0,0
2021-11-01,00M,0,0
2023-01-01,00M,0,0
2025-01-01,00M,0,0
2025-12-01,00M,0,0
2024-08-01,00M,0,0
2024-03-01,00M,0,0
2022-01-01,00M,0,0
2023-09-01,00M,0,0
2024-01-01,00M,0,0
2025-09-01,00M,0,0
2022-07-01,00M,0,0
2025-04-01,00M,0,0
2024-04-01,00M,0,0
2022-02-01,00M,0,0
2022-09-01,00M,0,0
2022-12-01,00M,0,0
2025-08-01,00M,0,0
2024-11-01,00M,0,0
2022-03-01,00M,0,0
2026-01-01,00M,0,0
2021-09-01,00M,0,0
2023-02-01,00M,0,0
2022-08-01,00M,0,0
2024-02-01,00M,0,0
2024-12-01,00M,0,0
2022-04-01,00M,0,0
2025-06-01,00M,0,0
2023-08-01,00M,0,0
2022-10-01,00M,0,0
2023-06-01,00M,0,0
2023-10-01,00M,0,0
2026-03-01,00M,0,0
2024-03-01,01R,0,0
2023-11-01,01R,0,0
2024-05-01,01R,0,0
2023-06-01,01R,0,0
2025-07-01,01R,0,0
2022-08-01,01R,0,0
2023-04-01,01R,0,0
2022-12-01,01R,0,0
2025-06-01,01R,0,0
2025-08-01,01R,0,0
2026-04-01,01R,0,0
2022-10-01,01R,0,0
2024-11-01,01R,0,0
2025-10-01,01R,0,0
2022-01-01,01R,0,0
2023-09-01,01R,0,0
2024-07-01,01R,0,0
2025-04-01,01R,0,0
2026-06-01,01R,0,0
2023-01-01,01R,0,0
2024-09-01,01R,0,0
2022-05-01,01R,0,0
2025-05-01,01R,0,0
2021-06-01,01R,0,0
2026-01-01,01R,0,0
2026-05-01,01R,0,0
2021-11-01,01R,0,0
2024-04-01,01R,0,0
2021-09-01,01R,0,0
2022-06-01,01R,0,0
2023-12-01,01R,0,0
2026-02-01,01R,0,0
2025-11-01,01R,0,0
2023-03-01,01R,0,0
2021-07-01,01R,0,0
2025-02-01,01R,0,0
2022-03-01,01R,0,0
2022-11-01,01R,0,0
2025-01-01,01R,0,0
2023-05-01,01R,0,0
2024-02-01,01R,0,0
2022-04-01,01R,0,0
2022-09-01,01R,0,0
2023-10-01,01R,0,0
2024-10-01,01R,0,0
2024-12-01,01R,0,0
2021-08-01,01R,0,0
2023-02-01,01R,0,0
2023-07-01,01R,0,0
2022-02-01,01R,0,0
2025-03-01,01R,0,0
2022-07-01,01R,0,0
2025-12-01,01R,0,0
2023-08-01,01R,0,0
2024-01-01,01R,0,0
2025-09-01,01R,0,0
2021-10-01,01R,0,0
2024-06-01,01R,0,0
2026-03-01,01R,0,0
2021-12-01,01R,0,0
2024-08-01,01R,0,0
2022-11-01,02F,0,0
2023-03-01,02F,0,0
2025-05-01,02F,0,0
2025-07-01,02F,0,0
2026-03-01,02F,0,0
2023-09-01,02F,0,0
2024-01-01,02F,0,0
2026-05-01,02F,0,0
2024-04-01,02F,0,0
2021-11-01,02F,0,0
2023-01-01,02F,0,0
2022-04-01,02F,0,0
2025-12-01,02F,0,0
2026-02-01,02F,0,0
2026-06-01,02F,0,0
2021-08-01,02F,0,0
2023-10-01,02F,0,0
2025-08-01,02F,0,0
2024-12-01,02F,0,0
2023-05-01,02F,0,0
2026-01-01,02F,0,0
2022-05-01,02F,0,0
2023-11-01,02F,0,0
2024-05-01,02F,0,0
2023-04-01,02F,0,0
2024-10-01,02F,0,0
2024-06-01,02F,0,0
2025-04-01,02F,0,0
2026-04-01,02F,0,0
2021-07-01,02F,0,0
2022-08-01,02F,0,0
2025-01-01,02F,0,0
2025-03-01,02F,0,0
2021-06-01,02F,0,0
2023-02-01,02F,0,0
2023-08-01,02F,0,0
2021-10-01,02F,0,0
2025-06-01,02F,0,0
2022-03-01,02F,0,0
2022-06-01,02F,0,0
2025-10-01,02F,0,0
2022-12-01,02F,0,0
2022-01-01,02F,0,0
2025-11-01,02F,0,0
2022-09-01,02F,0,0
2024-09-01,02F,0,0
2024-03-01,02F,0,0
2024-08-01,02F,0,0
2023-06-01,02F,0,0
2025-02-01,02F,0,0
2022-10-01,02F,0,0
2023-07-01,02F,0,0
2024-02-01,02F,0,0
2025-09-01,02F,0,0
2021-12-01,02F,0,0
2022-02-01,02F,0,0
2024-11-01,02F,0,0
2021-09-01,02F,0,0
2023-12-01,02F,0,0
2024-07-01,02F,0,0
2022-07-01,02F,0,0
2021-10-01,02R,0,0
2026-01-01,02R,0,0
2022-06-01,02R,0,0
2022-09-01,02R,0,0
2025-10-01,02R,0,0
2023-04-01,02R,0,0
2024-07-01,02R,0,0
2021-09-01,02R,0,0
2023-11-01,02R,0,0
2024-06-01,02R,0,0
2022-01-01,02R,0,0
2024-08-01,02R,0,0
2021-12-01,02R,0,0
2023-09-01,02R,0,0
2024-04-01,02R,0,0
2025-02-01,02R,0,0
2023-03-01,02R,0,0
2025-09-01,02R,0,0
2026-04-01,02R,0,0
2022-07-01,02R,0,0
2022-10-01,02R,0,0
2024-09-01,02R,0,0
2026-05-01,02R,0,0
2026-02-01,02R,0,0
2021-07-01,02R,0,0
2022-04-01,02R,0,0
2025-07-01,02R,0,0
2024-01-01,02R,0,0
2022-08-01,02R,0,0
2022-05-01,02R,0,0
2023-01-01,02R,0,0
2024-12-01,02R,0,0
2026-03-01,02R,0,0
2025-03-01,02R,0,0
2025-04-01,02R,0,0
2025-05-01,02R,0,0
2022-12-01,02R,0,0
2023-02-01,02R,0,0
2025-01-01,02R,0,0
2023-05-01,02R,0,0
2023-10-01,02R,0,0
2021-11-01,02R,0,0
2024-05-01,02R,0,0
2025-12-01,02R,0,0
2022-03-01,02R,0,0
2026-06-01,02R,0,0
2021-06-01,02R,0,0
2022-11-01,02R,0,0
2025-11-01,02R,0,0
2024-10-01,02R,0,0
2022-02-01,02R,0,0
2023-08-01,02R,0,0
2023-06-01,02R,0,0
2023-07-01,02R,0,0
2024-02-01,02R,0,0
2025-06-01,02R,0,0
2023-12-01,02R,0,0
2024-11-01,02R,0,0
2025-08-01,02R,0,0
2024-03-01,02R,0,0
2021-08-01,02R,0,0
2025-11-01,02V,0,0
2024-08-01,02V,0,0
2024-09-01,02V,0,0
2025-04-01,02V,0,0
2026-06-01,02V,0,0
2021-10-01,02V,0,0
2024-01-01,02V,0,0
2025-07-01,02V,0,0
2026-01-01,02V,0,0
2021-07-01,02V,0,0
2024-04-01,02V,0,0
2022-03-01,02V,0,0
2024-05-01,02V,0,0
2025-03-01,02V,0,0
2022-08-01,02V,0,0
2025-05-01,02V,0,0
2023-01-01,02V,0,0
2026-03-01,02V,0,0
2022-07-01,02V,0,0
2024-10-01,02V,0,0
2025-06-01,02V,0,0
2024-12-01,02V,0,0
2024-07-01,02V,0,0
2023-08-01,02V,0,0
2021-12-01,02V,0,0
2022-09-01,02V,0,0
2026-04-01,02V,0,0
2023-05-01,02V,0,0
2022-01-01,02V,0,0
2022-11-01,02V,0,0
2023-11-01,02V,0,0
2024-03-01,02V,0,0
2021-11-01,02V,0,0
2022-06-01,02V,0,0
2023-10-01,02V,0,0
2025-09-01,02V,0,0
2024-11-01,02V,0,0
2023-02-01,02V,0,0
2025-08-01,02V,0,0
2021-08-01,02V,0,0
2022-12-01,02V,0,0
2025-02-01,02V,0,0
2022-02-01,02V,0,0
2022-04-01,02V,0,0
2022-10-01,02V,0,0
2023-03-01,02V,0,0
2025-10-01,02V,0,0
2022-05-01,02V,0,0
2025-12-01,02V,0,0
2021-09-01,02V,0,0
2024-06-01,02V,0,0
2021-06-01,02V,0,0
2023-07-01,02V,0,0
2023-06-01,02V,0,0
2023-09-01,02V,0,0
2026-05-01,02V,0,0
2023-04-01,02V,0,0
2023-12-01,02V,0,0
2024-02-01,02V,0,0
2025-01-01,02V,0,0
2026-02-01,02V,0,0
2022-01-01,02W,0,0
2022-02-01,02W,0,0
2023-05-01,02W,0,0
2025-04-01,02W,0,0
2023-06-01,02W,0,0
2021-11-01,02W,0,0
2021-07-01,02W,0,0
2023-04-01,02W,0,0
2026-06-01,02W,0,0
2022-12-01,02W,0,0
2023-11-01,02W,0,0
2021-06-01,02W,0,0
2021-09-01,02W,0,0
2025-11-01,02W,0,0
2024-08-01,02W,0,0
2022-06-01,02W,0,0
2025-02-01,02W,0,0
2025-09-01,02W,0,0
2021-12-01,02W,0,0
2026-04-01,02W,0,0
2024-03-01,02W,0,0
2024-05-01,02W,0,0
2022-07-01,02W,0,0
2022-03-01,02W,0,0
2022-11-01,02W,0,0
2024-02-01,02W,0,0
2026-03-01,02W,0,0
2023-02-01,02W,0,0
2024-12-01,02W,0,0
2023-12-01,02W,0,0
2024-04-01,02W,0,0
2025-10-01,02W,0,0
2023-03-01,02W,0,0
2026-01-01,02W,0,0
2021-08-01,02W,0,0
2024-01-01,02W,0,0
2024-06-01,02W,0,0
2022-09-01,02W,0,0
2024-10-01,02W,0,0
2023-01-01,02W,0,0
2023-09-01,02W,0,0
2026-05-01,02W,0,0
2021-10-01,02W,0,0
2022-08-01,02W,0,0
2024-11-01,02W,0,0
2025-12-01,02W,0,0
2024-07-01,02W,0,0
2025-06-01,02W,0,0
2023-08-01,02W,0,0
2025-01-01,02W,0,0
2022-10-01,02W,0,0
2022-04-01,02W,0,0
2025-08-01,02W,0,0
2025-03-01,02W,0,0
2022-05-01,02W,0,0
2025-05-01,02W,0,0
2023-07-01,02W,0,0
2023-10-01,02W,0,0
2026-02-01,02W,0,0
2024-09-01,02W,0,0
2025-07-01,02W,0,0
2021-09-01,03A,0,0
2024-12-01,03A,0,0
2024-03-01,03A,0,0
2021-10-01,03A,0,0
2022-02-01,03A,0,0
2022-12-01,03A,0,0
2024-01-01,03A,0,0
2024-11-01,03A,0,0
2024-10-01,03A,0,0
2025-11-01,03A,0,0
2025-05-01,03A,0,0
2025-10-01,03A,0,0
2021-12-01,03A,0,0
2024-05-01,03A,0,0
2024-02-01,03A,0,0
2026-05-01,03A,0,0
2021-11-01,03A,0,0
2023-02-01,03A,0,0
2022-07-01,03A,0,0
2023-07-01,03A,0,0
2023-08-01,03A,0,0
2023-03-01,03A,0,0
2023-10-01,03A,0,0
2023-09-01,03A,0,0
2023-12-01,03A,0,0
2025-06-01,03A,0,0
2022-08-01,03A,0,0
2025-03-01,03A,0,0
2024-08-01,03A,0,0
2021-06-01,03A,0,0
2025-01-01,03A,0,0
2022-01-01,03A,0,0
2022-06-01,03A,0,0
2026-02-01,03A,0,0
2023-04-01,03A,0,0
2025-07-01,03A,0,0
2023-06-01,03A,0,0
2025-08-01,03A,0,0
2021-08-01,03A,0,0
2025-12-01,03A,0,0
2025-04-01,03A,0,0
2022-05-01,03A,0,0
2023-11-01,03A,0,0
2024-07-01,03A,0,0
2022-03-01,03A,0,0
2022-09-01,03A,0,0
2026-06-01,03A,0,0
2021-07-01,03A,0,0
2022-11-01,03A,0,0
2025-02-01,03A,0,0
2026-04-01,03A,0,0
2023-01-01,03A,0,0
2023-05-01,03A,0,0
2025-09-01,03A,0,0
2022-04-01,03A,0,0
2026-03-01,03A,0,0
2022-10-01,03A,0,0
2024-04-01,03A,0,0
2024-06-01,03A,0,0
2024-09-01,03A,0,0
2026-01-01,03A,0,0
2021-07-01,03J,0,0
2026-03-01,03J,0,0
2022-06-01,03J,0,0
2023-06-01,03J,0,0
2023-02-01,03J,0,0
2023-01-01,03J,0,0
2023-07-01,03J,0,0
2023-10-01,03J,0,0
2025-04-01,03J,0,0
2021-08-01,03J,0,0
2022-07-01,03J,0,0
2025-02-01,03J,0,0
2023-04-01,03J,0,0
2022-02-01,03J,0,0
2021-12-01,03J,0,0
2023-03-01,03J,0,0
2023-12-01,03J,0,0
2025-10-01,03J,0,0
2025-11-01,03J,0,0
2024-08-01,03J,0,0
2026-02-01,03J,0,0
2021-11-01,03J,0,0
2022-04-01,03J,0,0
2022-09-01,03J,0,0
2024-05-01,03J,0,0
2025-06-01,03J,0,0
2025-09-01,03J,0,0
2021-06-01,03J,0,0
2024-04-01,03J,0,0
2023-08-01,03J,0,0
2025-08-01,03J,0,0
2026-01-01,03J,0,0
2024-02-01,03J,0,0
2025-01-01,03J,0,0
2022-10-01,03J,0,0
2024-06-01,03J,0,0
2026-04-01,03J,0,0
2024-03-01,03J,0,0
2022-12-01,03J,0,0
2025-05-01,03J,0,0
2025-12-01,03J,0,0
2025-03-01,03J,0,0
2026-06-01,03J,0,0
2022-08-01,03J,0,0
2024-01-01,03J,0,0
2025-07-01,03J,0,0
2024-09-01,03J,0,0
2022-05-01,03J,0,0
2022-11-01,03J,0,0
2021-10-01,03J,0,0
2022-03-01,03J,0,0
2023-11-01,03J,0,0
2023-09-01,03J,0,0
2024-07-01,03J,0,0
2024-10-01,03J,0,0
2022-01-01,03J,0,0
2026-05-01,03J,0,0
2024-12-01,03J,0,0
2023-05-01,03J,0,0
2021-09-01,03J,0,0
2024-11-01,03J,0,0
2022-10-01,03M,0,0
2025-10-01,03M,0,0
2021-07-01,03M,0,0
2024-11-01,03M,0,0
2023-11-01,03M,0,0
2025-09-01,03M,0,0
2025-06-01,03M,0,0
2022-09-01,03M,0,0
2022-11-01,03M,0,0
2023-03-01,03M,0,0
2023-06-01,03M,0,0
2021-08-01,03M,0,0
2022-08-01,03M,0,0
2024-02-01,03M,0,0
2025-01-01,03M,0,0
2025-12-01,03M,0,0
2021-10-01,03M,0,0
2024-06-01,03M,0,0
2025-05-01,03M,0,0
2026-02-01,03M,0,0
2024-04-01,03M,0,0
2024-09-01,03M,0,0
2025-03-01,03M,0,0
2023-12-01,03M,0,0
2024-12-01,03M,0,0
2025-08-01,03M,0,0
2022-06-01,03M,0,0
2024-10-01,03M,0,0
2023-04-01,03M,0,0
2023-02-01,03M,0,0
2024-03-01,03M,0,0
2025-04-01,03M,0,0
2021-06-01,03M,0,0
2021-12-01,03M,0,0
2023-05-01,03M,0,0
2026-03-01,03M,0,0
2023-08-01,03M,0,0
2026-01-01,03M,0,0
2022-03-01,03M,0,0
2022-07-01,03M,0,0
2024-05-01,03M,0,0
2023-07-01,03M,0,0
2026-06-01,03M,0,0
2023-09-01,03M,0,0
2025-02-01,03M,0,0
2025-07-01,03M,0,0
2021-09-01,03M,0,0
2023-10-01,03M,0,0
2025-11-01,03M,0,0
2024-07-01,03M,0,0
2026-04-01,03M,0,0
2026-05-01,03M,0,0
2022-01-01,03M,0,0
2022-12-01,03M,0,0
2024-08-01,03M,0,0
2021-11-01,03M,0,0
2022-04-01,03M,0,0
2022-05-01,03M,0,0
2024-01-01,03M,0,0
2022-02-01,03M,0,0
2023-01-01,03M,0,0
2021-08-01,03T,0,0
2022-05-01,03T,0,0
2023-11-01,03T,0,0
2024-10-01,03T,0,0
2025-02-01,03T,0,0
2025-08-01,03T,0,0
2026-04-01,03T,0,0
2024-05-01,03T,0,0
2024-11-01,03T,0,0
2023-07-01,03T,0,0
2021-12-01,03T,0,0
2022-02-01,03T,0,0
2025-09-01,03T,0,0
2026-05-01,03T,0,0
2023-06-01,03T,0,0
2021-10-01,03T,0,0
2026-06-01,03T,0,0
2023-08-01,03T,0,0
2024-07-01,03T,0,0
2026-01-01,03T,0,0
2023-02-01,03T,0,0
2023-03-01,03T,0,0
2021-09-01,03T,0,0
2025-05-01,03T,0,0
2025-03-01,03T,0,0
2025-07-01,03T,0,0
2022-07-01,03T,0,0
2022-12-01,03T,0,0
2023-01-01,03T,0,0
2023-12-01,03T,0,0
2021-07-01,03T,0,0
2025-12-01,03T,0,0
2021-06-01,03T,0,0
2023-09-01,03T,0,0
2024-04-01,03T,0,0
2022-04-01,03T,0,0
2024-01-01,03T,0,0
2025-10-01,03T,0,0
2023-10-01,03T,0,0
2022-03-01,03T,0,0
2022-11-01,03T,0,0
2025-01-01,03T,0,0
2022-08-01,03T,0,0
2022-06-01,03T,0,0
2024-08-01,03T,0,0
2025-11-01,03T,0,0
2023-04-01,03T,0,0
2024-12-01,03T,0,0
2021-11-01,03T,0,0
2022-09-01,03T,0,0
2024-03-01,03T,0,0
2024-06-01,03T,0,0
2025-06-01,03T,0,0
2022-01-01,03T,0,0
2023-05-01,03T,0,0
2024-02-01,03T,0,0
2026-03-01,03T,0,0
2024-09-01,03T,0,0
2025-04-01,03T,0,0
2022-10-01,03T,0,0
2026-02-01,03T,0,0
2022-08-01,03Y,0,0
2023-02-01,03Y,0,0
2025-01-01,03Y,0,0
2026-05-01,03Y,0,0
2023-01-01,03Y,0,0
2023-10-01,03Y,0,0
2023-06-01,03Y,0,0
2025-10-01,03Y,0,0
2023-09-01,03Y,0,0
2026-06-01,03Y,0,0
2024-09-01,03Y,0,0
2025-03-01,03Y,0,0
2025-08-01,03Y,0,0
2022-10-01,03Y,0,0
2022-07-01,03Y,0,0
2024-08-01,03Y,0,0
2021-06-01,03Y,0,0
2021-07-01,03Y,0,0
2021-12-01,03Y,0,0
2022-02-01,03Y,0,0
2025-05-01,03Y,0,0
2025-09-01,03Y,0,0
2026-02-01,03Y,0,0
2021-11-01,03Y,0,0
2022-05-01,03Y,0,0
2022-09-01,03Y,0,0
2023-04-01,03Y,0,0
2023-12-01,03Y,0,0
2024-01-01,03Y,0,0
2025-06-01,03Y,0,0
2021-09-01,03Y,0,0
2021-10-01,03Y,0,0
2023-03-01,03Y,0,0
2022-04-01,03Y,0,0
2025-02-01,03Y,0,0
2025-04-01,03Y,0,0
2022-11-01,03Y,0,0
2022-12-01,03Y,0,0
2024-03-01,03Y,0,0
2024-11-01,03Y,0,0
2024-12-01,03Y,0,0
2022-03-01,03Y,0,0
2022-06-01,03Y,0,0
2026-04-01,03Y,0,0
2023-05-01,03Y,0,0
2025-07-01,03Y,0,0
2022-01-01,03Y,0,0
2021-08-01,03Y,0,0
2024-10-01,03Y,0,0
2023-11-01,03Y,0,0
2026-03-01,03Y,0,0
2026-01-01,03Y,0,0
2024-07-01,03Y,0,0
2025-12-01,03Y,0,0
2025-11-01,03Y,0,0
2023-07-01,03Y,0,0
2023-08-01,03Y,0,0
2024-04-01,03Y,0,0
2024-06-01,03Y,0,0
2024-02-01,03Y,0,0
2024-05-01,03Y,0,0
2022-12-01,04D,0,0
2022-05-01,04D,0,0
2021-07-01,04D,0,0
2023-08-01,04D,0,0
2021-06-01,04D,0,0
2023-04-01,04D,0,0
2025-11-01,04D,0,0
2025-06-01,04D,0,0
2026-01-01,04D,0,0
2023-09-01,04D,0,0
2024-11-01,04D,0,0
2022-08-01,04D,0,0
2025-10-01,04D,0,0
2023-06-01,04D,0,0
2023-11-01,04D,0,0
2023-05-01,04D,0,0
2026-02-01,04D,0,0
2021-08-01,04D,0,0
2022-06-01,04D,0,0
2022-07-01,04D,0,0
2021-10-01,04D,0,0
2022-10-01,04D,0,0
2022-01-01,04D,0,0
2021-11-01,04D,0,0
2025-08-01,04D,0,0
2026-04-01,04D,0,0
2022-03-01,04D,0,0
2022-11-01,04D,0,0
2023-12-01,04D,0,0
2021-09-01,04D,0,0
2025-01-01,04D,0,0
2024-07-01,04D,0,0
2026-05-01,04D,0,0
2025-04-01,04D,0,0
2024-12-01,04D,0,0
2026-03-01,04D,0,0
2023-03-01,04D,0,0
2024-01-01,04D,0,0
2023-02-01,04D,0,0
2024-02-01,04D,0,0
2024-06-01,04D,0,0
2024-03-01,04D,0,0
2025-07-01,04D,0,0
2024-09-01,04D,0,0
2026-06-01,04D,0,0
2021-12-01,04D,0,0
2023-07-01,04D,0,0
2025-03-01,04D,0,0
2024-05-01,04D,0,0
2022-04-01,04D,0,0
2024-04-01,04D,0,0
2023-01-01,04D,0,0
2023-10-01,04D,0,0
2022-02-01,04D,0,0
2025-05-01,04D,0,0
2024-08-01,04D,0,0
2024-10-01,04D,0,0
2025-09-01,04D,0,0
2025-12-01,04D,0,0
2022-09-01,04D,0,0
2025-02-01,04D,0,0
2023-05-01,04E,0,0
2024-09-01,04E,0,0
2024-02-01,04E,0,0
2024-05-01,04E,0,0
2025-04-01,04E,0,0
2023-12-01,04E,0,0
2026-03-01,04E,0,0
2026-04-01,04E,0,0
2025-02-01,04E,0,0
2026-02-01,04E,0,0
2021-06-01,04E,0,0
2023-06-01,04E,0,0
2023-09-01,04E,0,0
2022-07-01,04E,0,0
2025-03-01,04E,0,0
2024-03-01,04E,0,0
2024-06-01,04E,0,0
2025-01-01,04E,0,0
2025-10-01,04E,0,0
2022-09-01,04E,0,0
2023-08-01,04E,0,0
2021-11-01,04E,0,0
2024-07-01,04E,0,0
2022-02-01,04E,0,0
2024-04-01,04E,0,0
2022-04-01,04E,0,0
2025-06-01,04E,0,0
2022-06-01,04E,0,0
2023-07-01,04E,0,0
2024-08-01,04E,0,0
2023-03-01,04E,0,0
2022-03-01,04E,0,0
2022-10-01,04E,0,0
2024-01-01,04E,0,0
2025-11-01,04E,0,0
2021-10-01,04E,0,0
2022-11-01,04E,0,0
2023-01-01,04E,0,0
2023-04-01,04E,0,0
2025-12-01,04E,0,0
2022-05-01,04E,0,0
2024-11-01,04E,0,0
2021-07-01,04E,0,0
2021-09-01,04E,0,0
2024-12-01,04E,0,0
2025-09-01,04E,0,0
2022-01-01,04E,0,0
2024-10-01,04E,0,0
2023-02-01,04E,0,0
2025-08-01,04E,0,0
2026-06-01,04E,0,0
2023-11-01,04E,0,0
2025-05-01,04E,0,0
2026-01-01,04E,0,0
2026-05-01,04E,0,0
2021-08-01,04E,0,0
2025-07-01,04E,0,0
2021-12-01,04E,0,0
2022-08-01,04E,0,0
2022-12-01,04E,0,0
2023-10-01,04E,0,0
2022-05-01,04F,0,0
2025-05-01,04F,0,0
2026-04-01,04F,0,0
2025-06-01,04F,0,0
2025-12-01,04F,0,0
2021-11-01,04F,0,0
2023-01-01,04F,0,0
2023-04-01,04F,0,0
2024-01-01,04F,0,0
2024-02-01,04F,0,0
2024-06-01,04F,0,0
2024-07-01,04F,0,0
2024-10-01,04F,0,0
2023-08-01,04F,0,0
2022-09-01,04F,0,0
2023-02-01,04F,0,0
2025-10-01,04F,0,0
2022-02-01,04F,0,0
2026-06-01,04F,0,0
2022-07-01,04F,0,0
2024-08-01,04F,0,0
2025-01-01,04F,0,0
2023-10-01,04F,0,0
2021-07-01,04F,0,0
2023-12-01,04F,0,0
2023-06-01,04F,0,0
2024-03-01,04F,0,0
2025-11-01,04F,0,0
2023-07-01,04F,0,0
2021-09-01,04F,0,0
2022-08-01,04F,0,0
2024-05-01,04F,0,0
2023-05-01,04F,0,0
2022-03-01,04F,0,0
2024-04-01,04F,0,0
2022-01-01,04F,0,0
2021-10-01,04F,0,0
2024-11-01,04F,0,0
2021-08-01,04F,0,0
2021-12-01,04F,0,0
2025-08-01,04F,0,0
2025-02-01,04F,0,0
2022-10-01,04F,0,0
2025-04-01,04F,0,0
2021-06-01,04F,0,0
2023-03-01,04F,0,0
2023-11-01,04F,0,0
2024-09-01,04F,0,0
2026-05-01,04F,0,0
2022-12-01,04F,0,0
2026-01-01,04F,0,0
2023-09-01,04F,0,0
2024-12-01,04F,0,0
2022-04-01,04F,0,0
2026-02-01,04F,0,0
2025-07-01,04F,0,0
2022-06-01,04F,0,0
2025-09-01,04F,0,0
2025-03-01,04F,0,0
2026-03-01,04F,0,0
2022-11-01,04F,0,0
2025-06-01,04G,0,0
2023-01-01,04G,0,0
2025-03-01,04G,0,0
2024-05-01,04G,0,0
2026-02-01,04G,0,0
2021-10-01,04G,0,0
2025-09-01,04G,0,0
2023-11-01,04G,0,0
2021-12-01,04G,0,0
2025-10-01,04G,0,0
2022-06-01,04G,0,0
2022-07-01,04G,0,0
2025-05-01,04G,0,0
2023-05-01,04G,0,0
2023-10-01,04G,0,0
2024-07-01,04G,0,0
2024-09-01,04G,0,0
2022-01-01,04G,0,0
2024-04-01,04G,0,0
2023-06-01,04G,0,0
2026-03-01,04G,0,0
2025-11-01,04G,0,0
2024-10-01,04G,0,0
2022-08-01,04G,0,0
2022-12-01,04G,0,0
2026-01-01,04G,0,0
2023-02-01,04G,0,0
2026-06-01,04G,0,0
2022-10-01,04G,0,0
2023-03-01,04G,0,0
2024-02-01,04G,0,0
2025-12-01,04G,0,0
2021-08-01,04G,0,0
2021-11-01,04G,0,0
2022-05-01,04G,0,0
2024-11-01,04G,0,0
2023-08-01,04G,0,0
2024-06-01,04G,0,0
2024-12-01,04G,0,0
2025-02-01,04G,0,0
2023-09-01,04G,0,0
2025-08-01,04G,0,0
2021-07-01,04G,0,0
2025-01-01,04G,0,0
2021-06-01,04G,0,0
2022-04-01,04G,0,0
2021-09-01,04G,0,0
2023-12-01,04G,0,0
2025-04-01,04G,0,0
2023-07-01,04G,0,0
2022-11-01,04G,0,0
2024-03-01,04G,0,0
2024-08-01,04G,0,0
2025-07-01,04G,0,0
2022-03-01,04G,0,0
2023-04-01,04G,0,0
2026-05-01,04G,0,0
2024-01-01,04G,0,0
2022-02-01,04G,0,0
2022-09-01,04G,0,0
2026-04-01,04G,0,0
2021-06-01,04H,0,0
2025-04-01,04H,0,0
2021-07-01,04H,0,0
2026-05-01,04H,0,0
2024-05-01,04H,0,0
2024-12-01,04H,0,0
2025-02-01,04H,0,0
2023-02-01,04H,0,0
2025-11-01,04H,0,0
2024-11-01,04H,0,0
2021-10-01,04H,0,0
2025-12-01,04H,0,0
2025-10-01,04H,0,0
2026-04-01,04H,0,0
2022-01-01,04H,0,0
2025-09-01,04H,0,0
2023-04-01,04H,0,0
2024-03-01,04H,0,0
2024-06-01,04H,0,0
2024-08-01,04H,0,0
2024-01-01,04H,0,0
2025-07-01,04H,0,0
2024-04-01,04H,0,0
2025-06-01,04H,0,0
2026-01-01,04H,0,0
2025-05-01,04H,0,0
2022-11-01,04H,0,0
2024-02-01,04H,0,0
2024-09-01,04H,0,0
2022-05-01,04H,0,0
2022-10-01,04H,0,0
2022-04-01,04H,0,0
2025-08-01,04H,0,0
2023-07-01,04H,0,0
2023-11-01,04H,0,0
2024-10-01,04H,0,0
2022-12-01,04H,0,0
2023-10-01,04H,0,0
2021-08-01,04H,0,0
2021-11-01,04H,0,0
2022-08-01,04H,0,0
2022-02-01,04H,0,0
2022-09-01,04H,0,0
2025-03-01,04H,0,0
2026-02-01,04H,0,0
2026-06-01,04H,0,0
2021-09-01,04H,0,0
2023-08-01,04H,0,0
2025-01-01,04H,0,0
2026-03-01,04H,0,0
2023-03-01,04H,0,0
2022-07-01,04H,0,0
2023-05-01,04H,0,0
2023-06-01,04H,0,0
2023-09-01,04H,0,0
2024-07-01,04H,0,0
2023-01-01,04H,0,0
2021-12-01,04H,0,0
2022-03-01,04H,0,0
2022-06-01,04H,0,0
2023-12-01,04H,0,0
2021-06-01,04J,0,0
2025-01-01,04J,0,0
2021-09-01,04J,0,0
2022-01-01,04J,0,0
2023-01-01,04J,0,0
2023-11-01,04J,0,0
2022-10-01,04J,0,0
2023-07-01,04J,0,0
2023-12-01,04J,0,0
2026-05-01,04J,0,0
2022-05-01,04J,0,0
2025-09-01,04J,0,0
2026-03-01,04J,0,0
2022-09-01,04J,0,0
2024-01-01,04J,0,0
2024-04-01,04J,0,0
2025-11-01,04J,0,0
2023-08-01,04J,0,0
2026-04-01,04J,0,0
2021-07-01,04J,0,0
2025-07-01,04J,0,0
2022-11-01,04J,0,0
2024-05-01,04J,0,0
2022-04-01,04J,0,0
2022-07-01,04J,0,0
2024-11-01,04J,0,0
2023-06-01,04J,0,0
2023-10-01,04J,0,0
2023-03-01,04J,0,0
2025-02-01,04J,0,0
2025-10-01,04J,0,0
2023-09-01,04J,0,0
2026-02-01,04J,0,0
2025-04-01,04J,0,0
2025-08-01,04J,0,0
2021-12-01,04J,0,0
2025-05-01,04J,0,0
2022-06-01,04J,0,0
2024-09-01,04J,0,0
2024-10-01,04J,0,0
2021-08-01,04J,0,0
2024-08-01,04J,0,0
2021-10-01,04J,0,0
2026-06-01,04J,0,0
2022-02-01,04J,0,0
2023-02-01,04J,0,0
2023-04-01,04J,0,0
2024-12-01,04J,0,0
2025-06-01,04J,0,0
2026-01-01,04J,0,0
2022-03-01,04J,0,0
2021-11-01,04J,0,0
2024-02-01,04J,0,0
2022-08-01,04J,0,0
2025-03-01,04J,0,0
2023-05-01,04J,0,0
2025-12-01,04J,0,0
2024-03-01,04J,0,0
2022-12-01,04J,0,0
2024-06-01,04J,0,0
2024-07-01,04J,0,0
2022-04-01,04K,0,0
2021-12-01,04K,0,0
2021-09-01,04K,0,0
2022-12-01,04K,0,0
2024-12-01,04K,0,0
2025-11-01,04K,0,0
2024-09-01,04K,0,0
2022-06-01,04K,0,0
2021-11-01,04K,0,0
2021-10-01,04K,0,0
2024-06-01,04K,0,0
2026-05-01,04K,0,0
2025-06-01,04K,0,0
2022-08-01,04K,0,0
2025-08-01,04K,0,0
2025-12-01,04K,0,0
2024-07-01,04K,0,0
2023-12-01,04K,0,0
2023-01-01,04K,0,0
2023-03-01,04K,0,0
2024-10-01,04K,0,0
2024-02-01,04K,0,0
2024-11-01,04K,0,0
2023-07-01,04K,0,0
2026-06-01,04K,0,0
2022-01-01,04K,0,0
2022-09-01,04K,0,0
2026-01-01,04K,0,0
2025-10-01,04K,0,0
2024-08-01,04K,0,0
2024-01-01,04K,0,0
2024-04-01,04K,0,0
2023-02-01,04K,0,0
2025-03-01,04K,0,0
2024-03-01,04K,0,0
2025-07-01,04K,0,0
2023-11-01,04K,0,0
2025-09-01,04K,0,0
2021-08-01,04K,0,0
2025-01-01,04K,0,0
2022-07-01,04K,0,0
2022-11-01,04K,0,0
2022-05-01,04K,0,0
2026-04-01,04K,0,0
2023-08-01,04K,0,0
2025-02-01,04K,0,0
2023-09-01,04K,0,0
2025-04-01,04K,0,0
2022-03-01,04K,0,0
2022-10-01,04K,0,0
2023-06-01,04K,0,0
2026-03-01,04K,0,0
2023-05-01,04K,0,0
2021-06-01,04K,0,0
2021-07-01,04K,0,0
2023-04-01,04K,0,0
2023-10-01,04K,0,0
2025-05-01,04K,0,0
2022-02-01,04K,0,0
2024-05-01,04K,0,0
2026-02-01,04K,0,0
2022-09-01,04L,0,0
2025-11-01,04L,0,0
2026-02-01,04L,0,0
2024-01-01,04L,0,0
2024-12-01,04L,0,0
2022-01-01,04L,0,0
2021-11-01,04L,0,0
2021-12-01,04L,0,0
2026-04-01,04L,0,0
2024-08-01,04L,0,0
2026-06-01,04L,0,0
2026-05-01,04L,0,0
2022-08-01,04L,0,0
2025-01-01,04L,0,0
2025-12-01,04L,0,0
2022-04-01,04L,0,0
2023-11-01,04L,0,0
2025-04-01,04L,0,0
2024-07-01,04L,0,0
2022-11-01,04L,0,0
2023-02-01,04L,0,0
2024-10-01,04L,0,0
2024-04-01,04L,0,0
2022-03-01,04L,0,0
2025-05-01,04L,0,0
2025-10-01,04L,0,0
2021-08-01,04L,0,0
2022-07-01,04L,0,0
2021-09-01,04L,0,0
2022-10-01,04L,0,0
2024-02-01,04L,0,0
2025-07-01,04L,0,0
2023-08-01,04L,0,0
2024-06-01,04L,0,0
2025-08-01,04L,0,0
2022-05-01,04L,0,0
2023-03-01,04L,0,0
2024-03-01,04L,0,0
2024-05-01,04L,0,0
2025-06-01,04L,0,0
2023-09-01,04L,0,0
2023-10-01,04L,0,0
2026-03-01,04L,0,0
2023-05-01,04L,0,0
2023-07-01,04L,0,0
2025-02-01,04L,0,0
2025-03-01,04L,0,0
2021-10-01,04L,0,0
2022-12-01,04L,0,0
2024-11-01,04L,0,0
2021-07-01,04L,0,0
2025-09-01,04L,0,0
2022-02-01,04L,0,0
2023-04-01,04L,0,0
2026-01-01,04L,0,0
2023-01-01,04L,0,0
2023-06-01,04L,0,0
2023-12-01,04L,0,0
2021-06-01,04L,0,0
2022-06-01,04L,0,0
2024-09-01,04L,0,0
2022-08-01,04M,0,0
2024-10-01,04M,0,0
2025-03-01,04M,0,0
2024-07-01,04M,0,0
2023-03-01,04M,0,0
2022-06-01,04M,0,0
2022-11-01,04M,0,0
2024-09-01,04M,0,0
2026-04-01,04M,0,0
2022-07-01,04M,0,0
2021-12-01,04M,0,0
2025-02-01,04M,0,0
2022-03-01,04M,0,0
2023-09-01,04M,0,0
2023-12-01,04M,0,0
2025-07-01,04M,0,0
2023-05-01,04M,0,0
2025-08-01,04M,0,0
2024-08-01,04M,0,0
2021-09-01,04M,0,0
2021-10-01,04M,0,0
2023-06-01,04M,0,0
2024-04-01,04M,0,0
2024-12-01,04M,0,0
2025-04-01,04M,0,0
2021-08-01,04M,0,0
2023-07-01,04M,0,0
2024-02-01,04M,0,0
2022-05-01,04M,0,0
2022-01-01,04M,0,0
2026-06-01,04M,0,0
2024-03-01,04M,0,0
2021-06-01,04M,0,0
2022-09-01,04M,0,0
2023-08-01,04M,0,0
2022-10-01,04M,0,0
2023-02-01,04M,0,0
2024-01-01,04M,0,0
2024-11-01,04M,0,0
2022-04-01,04M,0,0
2026-01-01,04M,0,0
2025-09-01,04M,0,0
2026-03-01,04M,0,0
2021-07-01,04M,0,0
2025-01-01,04M,0,0
2022-02-01,04M,0,0
2021-11-01,04M,0,0
2023-04-01,04M,0,0
2025-10-01,04M,0,0
2025-12-01,04M,0,0
2022-12-01,04M,0,0
2025-06-01,04M,0,0
2025-05-01,04M,0,0
2023-01-01,04M,0,0
2025-11-01,04M,0,0
2023-10-01,04M,0,0
2024-06-01,04M,0,0
2024-05-01,04M,0,0
2023-11-01,04M,0,0
2026-02-01,04M,0,0
2026-05-01,04M,0,0
2022-12-01,04Q,0,0
2021-07-01,04Q,0,0
2022-01-01,04Q,0,0
2024-10-01,04Q,0,0
2025-05-01,04Q,0,0
2024-08-01,04Q,0,0
2026-06-01,04Q,0,0
2025-01-01,04Q,0,0
2021-10-01,04Q,0,0
2023-02-01,04Q,0,0
2024-06-01,04Q,0,0
2024-02-01,04Q,0,0
2026-04-01,04Q,0,0
2022-11-01,04Q,0,0
2024-11-01,04Q,0,0
2026-02-01,04Q,0,0
2025-09-01,04Q,0,0
2026-03-01,04Q,0,0
2021-11-01,04Q,0,0
2022-02-01,04Q,0,0
2022-04-01,04Q,0,0
2023-11-01,04Q,0,0
2025-03-01,04Q,0,0
2023-09-01,04Q,0,0
2022-05-01,04Q,0,0
2023-08-01,04Q,0,0
2023-12-01,04Q,0,0
2022-10-01,04Q,0,0
2025-04-01,04Q,0,0
2026-05-01,04Q,0,0
2025-06-01,04Q,0,0
2025-12-01,04Q,0,0
2022-07-01,04Q,0,0
2023-04-01,04Q,0,0
2021-09-01,04Q,0,0
2022-06-01,04Q,0,0
2023-03-01,04Q,0,0
2023-05-01,04Q,0,0
2023-10-01,04Q,0,0
2025-10-01,04Q,0,0
2023-01-01,04Q,0,0
2021-12-01,04Q,0,0
2022-08-01,04Q,0,0
2023-06-01,04Q,0,0
2024-12-01,04Q,0,0
2021-08-01,04Q,0,0
2025-11-01,04Q,0,0
2024-07-01,04Q,0,0
2026-01-01,04Q,0,0
2023-07-01,04Q,0,0
2025-07-01,04Q,0,0
2024-09-01,04Q,0,0
2022-03-01,04Q,0,0
2021-06-01,04Q,0,0
2024-01-01,04Q,0,0
2024-05-01,04Q,0,0
2025-02-01,04Q,0,0
2024-03-01,04Q,0,0
2025-08-01,04Q,0,0
2022-09-01,04Q,0,0
2024-04-01,04Q,0,0
2023-06-01,04R,0,0
2025-12-01,04R,0,0
2026-03-01,04R,0,0
2021-08-01,04R,0,0
2024-10-01,04R,0,0
2023-10-01,04R,0,0
2021-11-01,04R,0,0
2022-04-01,04R,0,0
2024-02-01,04R,0,0
2022-05-01,04R,0,0
2022-02-01,04R,0,0
2022-12-01,04R,0,0
2024-08-01,04R,0,0
2024-11-01,04R,0,0
2025-02-01,04R,0,0
2026-04-01,04R,0,0
2021-06-01,04R,0,0
2023-04-01,04R,0,0
2023-12-01,04R,0,0
2026-02-01,04R,0,0
2025-09-01,04R,0,0
2021-10-01,04R,0,0
2024-01-01,04R,0,0
2021-07-01,04R,0,0
2022-01-01,04R,0,0
2023-09-01,04R,0,0
2024-06-01,04R,0,0
2022-06-01,04R,0,0
2022-08-01,04R,0,0
2025-10-01,04R,0,0
2023-11-01,04R,0,0
2024-05-01,04R,0,0
2023-05-01,04R,0,0
2025-03-01,04R,0,0
2025-11-01,04R,0,0
2023-08-01,04R,0,0
2026-06-01,04R,0,0
2022-03-01,04R,0,0
2022-10-01,04R,0,0
2025-01-01,04R,0,0
2022-07-01,04R,0,0
2023-01-01,04R,0,0
2023-03-01,04R,0,0
2025-08-01,04R,0,0
2021-09-01,04R,0,0
2024-07-01,04R,0,0
2025-04-01,04R,0,0
2025-05-01,04R,0,0
2025-06-01,04R,0,0
2022-11-01,04R,0,0
2024-03-01,04R,0,0
2023-07-01,04R,0,0
2025-07-01,04R,0,0
2022-09-01,04R,0,0
2024-12-01,04R,0,0
2026-05-01,04R,0,0
2023-02-01,04R,0,0
2024-09-01,04R,0,0
2026-01-01,04R,0,0
2024-04-01,04R,0,0
2021-12-01,04R,0,0
2022-12-01,04X,0,0
2023-04-01,04X,0,0
2024-10-01,04X,0,0
2024-03-01,04X,0,0
2024-06-01,04X,0,0
2026-01-01,04X,0,0
2024-12-01,04X,0,0
2024-04-01,04X,0,0
2022-08-01,04X,0,0
2022-07-01,04X,0,0
2023-10-01,04X,0,0
2023-11-01,04X,0,0
2025-01-01,04X,0,0
2026-06-01,04X,0,0
2023-01-01,04X,0,0
2023-02-01,04X,0,0
2023-06-01,04X,0,0
2026-03-01,04X,0,0
2021-11-01,04X,0,0
2025-12-01,04X,0,0
2021-07-01,04X,0,0
2021-08-01,04X,0,0
2025-04-01,04X,0,0
2023-05-01,04X,0,0
2024-09-01,04X,0,0
2025-05-01,04X,0,0
2023-08-01,04X,0,0
2021-09-01,04X,0,0
2024-08-01,04X,0,0
2022-09-01,04X,0,0
2026-02-01,04X,0,0
2025-09-01,04X,0,0
2025-11-01,04X,0,0
2022-01-01,04X,0,0
2025-08-01,04X,0,0
2025-03-01,04X,0,0
2022-04-01,04X,0,0
2025-10-01,04X,0,0
2021-12-01,04X,0,0
2022-05-01,04X,0,0
2024-11-01,04X,0,0
2024-01-01,04X,0,0
2023-03-01,04X,0,0
2023-12-01,04X,0,0
2022-03-01,04X,0,0
2022-06-01,04X,0,0
2025-07-01,04X,0,0
2024-02-01,04X,0,0
2026-04-01,04X,0,0
2026-05-01,04X,0,0
2025-02-01,04X,0,0
2022-02-01,04X,0,0
2022-10-01,04X,0,0
2023-07-01,04X,0,0
2024-05-01,04X,0,0
2021-06-01,04X,0,0
2024-07-01,04X,0,0
2022-11-01,04X,0,0
2021-10-01,04X,0,0
2025-06-01,04X,0,0
2023-09-01,04X,0,0
2024-08-01,05A,0,0
2025-01-01,05A,0,0
2024-01-01,05A,0,0
2025-12-01,05A,0,0
2025-04-01,05A,0,0
2025-06-01,05A,0,0
2026-02-01,05A,0,0
2025-02-01,05A,0,0
2022-11-01,05A,0,0
2023-05-01,05A,0,0
2022-01-01,05A,0,0
2024-07-01,05A,0,0
2023-07-01,05A,0,0
2024-11-01,05A,0,0
2022-04-01,05A,0,0
2022-05-01,05A,0,0
2023-02-01,05A,0,0
2023-04-01,05A,0,0
2025-07-01,05A,0,0
2021-11-01,05A,0,0
2024-12-01,05A,0,0
2022-02-01,05A,0,0
2024-05-01,05A,0,0
2022-09-01,05A,0,0
2022-06-01,05A,0,0
2023-03-01,05A,0,0
2023-01-01,05A,0,0
2024-02-01,05A,0,0
2023-06-01,05A,0,0
2023-11-01,05A,0,0
2024-10-01,05A,0,0
2021-07-01,05A,0,0
2022-07-01,05A,0,0
2025-03-01,05A,0,0
2022-10-01,05A,0,0
2024-04-01,05A,0,0
2024-03-01,05A,0,0
2023-10-01,05A,0,0
2024-06-01,05A,0,0
2025-10-01,05A,0,0
2025-05-01,05A,0,0
2021-06-01,05A,0,0
2021-10-01,05A,0,0
2025-09-01,05A,0,0
2022-03-01,05A,0,0
2023-09-01,05A,0,0
2025-11-01,05A,0,0
2026-04-01,05A,0,0
2023-08-01,05A,0,0
2026-01-01,05A,0,0
2024-09-01,05A,0,0
2026-05-01,05A,0,0
2026-03-01,05A,0,0
2026-06-01,05A,0,0
2023-12-01,05A,0,0
2021-09-01,05A,0,0
2021-12-01,05A,0,0
2022-08-01,05A,0,0
2021-08-01,05A,0,0
2022-12-01,05A,0,0
2025-08-01,05A,0,0
2023-06-01,05C,0,0
2025-01-01,05C,0,0
2025-03-01,05C,0,0
2025-05-01,05C,0,0
2022-01-01,05C,0,0
2024-08-01,05C,0,0
2022-04-01,05C,0,0
2022-05-01,05C,0,0
2024-07-01,05C,0,0
2025-02-01,05C,0,0
2024-12-01,05C,0,0
2023-11-01,05C,0,0
2021-08-01,05C,0,0
2022-12-01,05C,0,0
2024-01-01,05C,0,0
2024-02-01,05C,0,0
2025-08-01,05C,0,0
2023-12-01,05C,0,0
2025-09-01,05C,0,0
2022-11-01,05C,0,0
2022-08-01,05C,0,0
2024-03-01,05C,0,0
2024-04-01,05C,0,0
2025-11-01,05C,0,0
2022-07-01,05C,0,0
2026-05-01,05C,0,0
2021-12-01,05C,0,0
2024-09-01,05C,0,0
2026-01-01,05C,0,0
2024-11-01,05C,0,0
2025-04-01,05C,0,0
2023-07-01,05C,0,0
2021-07-01,05C,0,0
2021-10-01,05C,0,0
2025-06-01,05C,0,0
2025-10-01,05C,0,0
2025-12-01,05C,0,0
2022-09-01,05C,0,0
2023-10-01,05C,0,0
2024-10-01,05C,0,0
2026-04-01,05C,0,0
2023-04-01,05C,0,0
2022-10-01,05C,0,0
2023-03-01,05C,0,0
2022-02-01,05C,0,0
2022-03-01,05C,0,0
2026-03-01,05C,0,0
2021-06-01,05C,0,0
2023-02-01,05C,0,0
2023-08-01,05C,0,0
2021-11-01,05C,0,0
2022-06-01,05C,0,0
2024-05-01,05C,0,0
2024-06-01,05C,0,0
2026-06-01,05C,0,0
2023-05-01,05C,0,0
2021-09-01,05C,0,0
2023-01-01,05C,0,0
2023-09-01,05C,0,0
2025-07-01,05C,0,0
2026-02-01,05C,0,0
2023-10-01,05F,0,0
2025-06-01,05F,0,0
2023-04-01,05F,0,0
2022-09-01,05F,0,0
2023-09-01,05F,0,0
2024-01-01,05F,0,0
2024-05-01,05F,0,0
2022-04-01,05F,0,0
2022-05-01,05F,0,0
2024-08-01,05F,0,0
2022-02-01,05F,0,0
2023-11-01,05F,0,0
2024-07-01,05F,0,0
2025-09-01,05F,0,0
2023-06-01,05F,0,0
2025-03-01,05F,0,0
2025-05-01,05F,0,0
2024-03-01,05F,0,0
2026-03-01,05F,0,0
2021-12-01,05F,0,0
2025-01-01,05F,0,0
2021-09-01,05F,0,0
2024-02-01,05F,0,0
2022-03-01,05F,0,0
2023-12-01,05F,0,0
2023-01-01,05F,0,0
2022-01-01,05F,0,0
2021-11-01,05F,0,0
2022-06-01,05F,0,0
2023-08-01,05F,0,0
2022-11-01,05F,0,0
2022-10-01,05F,0,0
2022-08-01,05F,0,0
2024-06-01,05F,0,0
2021-10-01,05F,0,0
2026-05-01,05F,0,0
2024-04-01,05F,0,0
2025-08-01,05F,0,0
2024-09-01,05F,0,0
2026-06-01,05F,0,0
2025-02-01,05F,0,0
2025-07-01,05F,0,0
2024-12-01,05F,0,0
2023-07-01,05F,0,0
2022-12-01,05F,0,0
2021-07-01,05F,0,0
2024-11-01,05F,0,0
2022-07-01,05F,0,0
2024-10-01,05F,0,0
2026-02-01,05F,0,0
2023-05-01,05F,0,0
2023-02-01,05F,0,0
2025-11-01,05F,0,0
2021-08-01,05F,0,0
2025-12-01,05F,0,0
2025-10-01,05F,0,0
2021-06-01,05F,0,0
2025-04-01,05F,0,0
2023-03-01,05F,0,0
2026-01-01,05F,0,0
2026-04-01,05F,0,0
2022-06-01,05H,0,0
2023-03-01,05H,0,0
2022-08-01,05H,0,0
2022-09-01,05H,0,0
2023-04-01,05H,0,0
2022-11-01,05H,0,0
2024-01-01,05H,0,0
2023-11-01,05H,0,0
2024-12-01,05H,0,0
2025-10-01,05H,0,0
2022-04-01,05H,0,0
2026-06-01,05H,0,0
2026-02-01,05H,0,0
2023-09-01,05H,0,0
2025-06-01,05H,0,0
2021-08-01,05H,0,0
2025-12-01,05H,0,0
2022-05-01,05H,0,0
2026-05-01,05H,0,0
2025-05-01,05H,0,0
2024-02-01,05H,0,0
2025-07-01,05H,0,0
2021-12-01,05H,0,0
2024-09-01,05H,0,0
2024-10-01,05H,0,0
2026-03-01,05H,0,0
2022-07-01,05H,0,0
2023-08-01,05H,0,0
2023-12-01,05H,0,0
2025-08-01,05H,0,0
2021-11-01,05H,0,0
2024-06-01,05H,0,0
2021-10-01,05H,0,0
2023-01-01,05H,0,0
2025-01-01,05H,0,0
2025-09-01,05H,0,0
2021-06-01,05H,0,0
2023-10-01,05H,0,0
2024-07-01,05H,0,0
2023-05-01,05H,0,0
2023-06-01,05H,0,0
2025-11-01,05H,0,0
2024-04-01,05H,0,0
2025-04-01,05H,0,0
2023-07-01,05H,0,0
2025-03-01,05H,0,0
2024-05-01,05H,0,0
2024-08-01,05H,0,0
2023-02-01,05H,0,0
2021-09-01,05H,0,0
2026-04-01,05H,0,0
2024-03-01,05H,0,0
2026-01-01,05H,0,0
2024-11-01,05H,0,0
2022-01-01,05H,0,0
2022-02-01,05H,0,0
2022-03-01,05H,0,0
2022-12-01,05H,0,0
2021-07-01,05H,0,0
2022-10-01,05H,0,0
2025-02-01,05H,0,0
2022-06-01,05L,0,0
2021-11-01,05L,0,0
2022-03-01,05L,0,0
2023-05-01,05L,0,0
2024-05-01,05L,0,0
2025-02-01,05L,0,0
2022-04-01,05L,0,0
2021-06-01,05L,0,0
2022-07-01,05L,0,0
2025-06-01,05L,0,0
2022-05-01,05L,0,0
2023-12-01,05L,0,0
2024-01-01,05L,0,0
2024-07-01,05L,0,0
2025-07-01,05L,0,0
2024-09-01,05L,0,0
2023-06-01,05L,0,0
2022-08-01,05L,0,0
2026-01-01,05L,0,0
2026-05-01,05L,0,0
2022-11-01,05L,0,0
2024-12-01,05L,0,0
2026-04-01,05L,0,0
2023-03-01,05L,0,0
2025-03-01,05L,0,0
2026-03-01,05L,0,0
2024-04-01,05L,0,0
2025-11-01,05L,0,0
2023-04-01,05L,0,0
2025-12-01,05L,0,0
2021-12-01,05L,0,0
2023-09-01,05L,0,0
2023-10-01,05L,0,0
2026-02-01,05L,0,0
2022-01-01,05L,0,0
2024-03-01,05L,0,0
2024-06-01,05L,0,0
2021-07-01,05L,0,0
2022-02-01,05L,0,0
2022-09-01,05L,0,0
2024-10-01,05L,0,0
2022-10-01,05L,0,0
2023-01-01,05L,0,0
2022-12-01,05L,0,0
2025-09-01,05L,0,0
2024-11-01,05L,0,0
2021-09-01,05L,0,0
2025-04-01,05L,0,0
2021-08-01,05L,0,0
2023-07-01,05L,0,0
2025-01-01,05L,0,0
2023-11-01,05L,0,0
2024-02-01,05L,0,0
2025-05-01,05L,0,0
2025-10-01,05L,0,0
2024-08-01,05L,0,0
2021-10-01,05L,0,0
2025-08-01,05L,0,0
2023-02-01,05L,0,0
2026-06-01,05L,0,0
2023-08-01,05L,0,0
2022-03-01,05N,0,0
2024-04-01,05N,0,0
2024-11-01,05N,0,0
2023-05-01,05N,0,0
2026-01-01,05N,0,0
2022-06-01,05N,0,0
2023-02-01,05N,0,0
2022-11-01,05N,0,0
2022-07-01,05N,0,0
2025-12-01,05N,0,0
2026-03-01,05N,0,0
2026-05-01,05N,0,0
2025-06-01,05N,0,0
2024-02-01,05N,0,0
2022-01-01,05N,0,0
2022-09-01,05N,0,0
2022-12-01,05N,0,0
2021-09-01,05N,0,0
2022-04-01,05N,0,0
2023-07-01,05N,0,0
2023-10-01,05N,0,0
2024-08-01,05N,0,0
2025-04-01,05N,0,0
2022-08-01,05N,0,0
2024-01-01,05N,0,0
2025-11-01,05N,0,0
2021-12-01,05N,0,0
2024-12-01,05N,0,0
2022-10-01,05N,0,0
2024-03-01,05N,0,0
2025-03-01,05N,0,0
2026-02-01,05N,0,0
2026-06-01,05N,0,0
2023-03-01,05N,0,0
2024-05-01,05N,0,0
2025-07-01,05N,0,0
2024-07-01,05N,0,0
2023-08-01,05N,0,0
2024-09-01,05N,0,0
2021-11-01,05N,0,0
2023-01-01,05N,0,0
2024-06-01,05N,0,0
2024-10-01,05N,0,0
2025-05-01,05N,0,0
2025-10-01,05N,0,0
2023-11-01,05N,0,0
2023-12-01,05N,0,0
2025-02-01,05N,0,0
2021-08-01,05N,0,0
2021-10-01,05N,0,0
2025-09-01,05N,0,0
2025-01-01,05N,0,0
2022-05-01,05N,0,0
2026-04-01,05N,0,0
2021-06-01,05N,0,0
2023-04-01,05N,0,0
2023-06-01,05N,0,0
2025-08-01,05N,0,0
2021-07-01,05N,0,0
2022-02-01,05N,0,0
2023-09-01,05N,0,0
2021-10-01,05R,0,0
2026-05-01,05R,0,0
2025-02-01,05R,0,0
2025-10-01,05R,0,0
2024-03-01,05R,0,0
2024-05-01,05R,0,0
2023-04-01,05R,0,0
2022-09-01,05R,0,0
2023-08-01,05R,0,0
2025-07-01,05R,0,0
2023-09-01,05R,0,0
2021-12-01,05R,0,0
2021-11-01,05R,0,0
2025-08-01,05R,0,0
2026-01-01,05R,0,0
2022-04-01,05R,0,0
2023-02-01,05R,0,0
2026-03-01,05R,0,0
2024-02-01,05R,0,0
2022-07-01,05R,0,0
2025-01-01,05R,0,0
2024-09-01,05R,0,0
2025-03-01,05R,0,0
2021-07-01,05R,0,0
2025-04-01,05R,0,0
2024-06-01,05R,0,0
2026-06-01,05R,0,0
2022-11-01,05R,0,0
2022-02-01,05R,0,0
2023-05-01,05R,0,0
2022-10-01,05R,0,0
2025-09-01,05R,0,0
2026-02-01,05R,0,0
2023-01-01,05R,0,0
2024-12-01,05R,0,0
2022-06-01,05R,0,0
2022-08-01,05R,0,0
2023-07-01,05R,0,0
2021-09-01,05R,0,0
2022-03-01,05R,0,0
2023-10-01,05R,0,0
2023-12-01,05R,0,0
2021-08-01,05R,0,0
2022-01-01,05R,0,0
2025-05-01,05R,0,0
2024-01-01,05R,0,0
2024-04-01,05R,0,0
2024-11-01,05R,0,0
2026-04-01,05R,0,0
2025-06-01,05R,0,0
2024-08-01,05R,0,0
2024-10-01,05R,0,0
2025-12-01,05R,0,0
2022-05-01,05R,0,0
2023-11-01,05R,0,0
2021-06-01,05R,0,0
2022-12-01,05R,0,0
2023-03-01,05R,0,0
2024-07-01,05R,0,0
2025-11-01,05R,0,0
2023-06-01,05R,0,0
2024-03-01,05T,0,0
2024-11-01,05T,0,0
2026-03-01,05T,0,0
2023-02-01,05T,0,0
2024-06-01,05T,0,0
2025-04-01,05T,0,0
2023-09-01,05T,0,0
2025-08-01,05T,0,0
2024-12-01,05T,0,0
2024-02-01,05T,0,0
2025-02-01,05T,0,0
2021-07-01,05T,0,0
2026-04-01,05T,0,0
2021-09-01,05T,0,0
2022-07-01,05T,0,0
2021-06-01,05T,0,0
2024-09-01,05T,0,0
2022-11-01,05T,0,0
2026-02-01,05T,0,0
2026-06-01,05T,0,0
2022-09-01,05T,0,0
2024-05-01,05T,0,0
2024-10-01,05T,0,0
2022-08-01,05T,0,0
2023-06-01,05T,0,0
2023-12-01,05T,0,0
2025-01-01,05T,0,0
2025-05-01,05T,0,0
2025-12-01,05T,0,0
2023-10-01,05T,0,0
2022-10-01,05T,0,0
2023-03-01,05T,0,0
2023-04-01,05T,0,0
2023-07-01,05T,0,0
2023-05-01,05T,0,0
2023-08-01,05T,0,0
2022-04-01,05T,0,0
2024-08-01,05T,0,0
2022-06-01,05T,0,0
2024-04-01,05T,0,0
2025-06-01,05T,0,0
2025-07-01,05T,0,0
2025-11-01,05T,0,0
2025-09-01,05T,0,0
2021-12-01,05T,0,0
2022-05-01,05T,0,0
2022-12-01,05T,0,0
2023-01-01,05T,0,0
2021-10-01,05T,0,0
2022-01-01,05T,0,0
2026-01-01,05T,0,0
2021-11-01,05T,0,0
2024-01-01,05T,0,0
2022-03-01,05T,0,0
2024-07-01,05T,0,0
2025-03-01,05T,0,0
2022-02-01,05T,0,0
2025-10-01,05T,0,0
2021-08-01,05T,0,0
2023-11-01,05T,0,0
2026-05-01,05T,0,0
2026-01-01,05X,0,0
2024-09-01,05X,0,0
2022-04-01,05X,0,0
2022-11-01,05X,0,0
2025-01-01,05X,0,0
2025-10-01,05X,0,0
2022-12-01,05X,0,0
2023-12-01,05X,0,0
2024-10-01,05X,0,0
2025-09-01,05X,0,0
2024-08-01,05X,0,0
2022-06-01,05X,0,0
2024-03-01,05X,0,0
2021-11-01,05X,0,0
2023-06-01,05X,0,0
2024-01-01,05X,0,0
2023-08-01,05X,0,0
2026-03-01,05X,0,0
2021-08-01,05X,0,0
2024-05-01,05X,0,0
2025-02-01,05X,0,0
2021-09-01,05X,0,0
2025-07-01,05X,0,0
2022-09-01,05X,0,0
2026-06-01,05X,0,0
2026-04-01,05X,0,0
2024-06-01,05X,0,0
2022-08-01,05X,0,0
2026-05-01,05X,0,0
2025-12-01,05X,0,0
2021-07-01,05X,0,0
2025-03-01,05X,0,0
2023-03-01,05X,0,0
2021-10-01,05X,0,0
2023-01-01,05X,0,0
2022-03-01,05X,0,0
2025-05-01,05X,0,0
2022-02-01,05X,0,0
2022-10-01,05X,0,0
2023-04-01,05X,0,0
2023-09-01,05X,0,0
2026-02-01,05X,0,0
2024-02-01,05X,0,0
2023-02-01,05X,0,0
2023-07-01,05X,0,0
2024-07-01,05X,0,0
2022-01-01,05X,0,0
2023-11-01,05X,0,0
2025-11-01,05X,0,0
2022-05-01,05X,0,0
2023-10-01,05X,0,0
2024-12-01,05X,0,0
2025-04-01,05X,0,0
2021-12-01,05X,0,0
2022-07-01,05X,0,0
2024-11-01,05X,0,0
2025-06-01,05X,0,0
2023-05-01,05X,0,0
2024-04-01,05X,0,0
2025-08-01,05X,0,0
2021-06-01,05X,0,0
2023-05-01,05Y,0,0
2026-02-01,05Y,0,0
2025-10-01,05Y,0,0
2021-10-01,05Y,0,0
2021-12-01,05Y,0,0
2025-04-01,05Y,0,0
2022-05-01,05Y,0,0
2023-06-01,05Y,0,0
2024-12-01,05Y,0,0
2024-01-01,05Y,0,0
2024-08-01,05Y,0,0
2022-04-01,05Y,0,0
2022-12-01,05Y,0,0
2023-03-01,05Y,0,0
2024-10-01,05Y,0,0
2023-10-01,05Y,0,0
2024-02-01,05Y,0,0
2023-12-01,05Y,0,0
2025-02-01,05Y,0,0
2021-09-01,05Y,0,0
2025-06-01,05Y,0,0
2025-08-01,05Y,0,0
2022-10-01,05Y,0,0
2023-09-01,05Y,0,0
2023-11-01,05Y,0,0
2022-06-01,05Y,0,0
2024-05-01,05Y,0,0
2026-06-01,05Y,0,0
2022-09-01,05Y,0,0
2023-01-01,05Y,0,0
2025-01-01,05Y,0,0
2021-06-01,05Y,0,0
2025-05-01,05Y,0,0
2026-03-01,05Y,0,0
2025-03-01,05Y,0,0
2026-05-01,05Y,0,0
2024-04-01,05Y,0,0
2022-01-01,05Y,0,0
2022-11-01,05Y,0,0
2024-03-01,05Y,0,0
2025-12-01,05Y,0,0
2025-07-01,05Y,0,0
2025-11-01,05Y,0,0
2026-04-01,05Y,0,0
2022-03-01,05Y,0,0
2024-09-01,05Y,0,0
2026-01-01,05Y,0,0
2023-04-01,05Y,0,0
2024-11-01,05Y,0,0
2022-08-01,05Y,0,0
2024-06-01,05Y,0,0
2022-02-01,05Y,0,0
2022-07-01,05Y,0,0
2023-02-01,05Y,0,0
2023-07-01,05Y,0,0
2024-07-01,05Y,0,0
2025-09-01,05Y,0,0
2021-08-01,05Y,0,0
2021-11-01,05Y,0,0
2023-08-01,05Y,0,0
2021-07-01,05Y,0,0
2024-03-01,06A,0,0
2022-06-01,06A,0,0
2022-04-01,06A,0,0
2023-10-01,06A,0,0
2022-12-01,06A,0,0
2023-01-01,06A,0,0
2025-03-01,06A,0,0
2022-02-01,06A,0,0
2023-02-01,06A,0,0
2021-12-01,06A,0,0
2025-06-01,06A,0,0
2025-08-01,06A,0,0
2025-07-01,06A,0,0
2024-07-01,06A,0,0
2024-12-01,06A,0,0
2026-06-01,06A,0,0
2022-03-01,06A,0,0
2025-05-01,06A,0,0
2022-10-01,06A,0,0
2024-01-01,06A,0,0
2026-04-01,06A,0,0
2021-07-01,06A,0,0
2025-01-01,06A,0,0
2023-03-01,06A,0,0
2022-08-01,06A,0,0
2024-08-01,06A,0,0
2024-09-01,06A,0,0
2023-06-01,06A,0,0
2026-01-01,06A,0,0
2021-11-01,06A,0,0
2023-08-01,06A,0,0
2023-12-01,06A,0,0
2025-02-01,06A,0,0
2025-12-01,06A,0,0
2025-04-01,06A,0,0
2022-01-01,06A,0,0
2022-05-01,06A,0,0
2021-06-01,06A,0,0
2026-02-01,06A,0,0
2026-05-01,06A,0,0
2021-10-01,06A,0,0
2025-09-01,06A,0,0
2023-11-01,06A,0,0
2025-10-01,06A,0,0
2024-05-01,06A,0,0
2021-08-01,06A,0,0
2025-11-01,06A,0,0
2022-07-01,06A,0,0
2022-11-01,06A,0,0
2023-05-01,06A,0,0
2024-06-01,06A,0,0
2023-09-01,06A,0,0
2021-09-01,06A,0,0
2023-04-01,06A,0,0
2022-09-01,06A,0,0
2024-10-01,06A,0,0
2024-04-01,06A,0,0
2026-03-01,06A,0,0
2024-11-01,06A,0,0
2023-07-01,06A,0,0
2024-02-01,06A,0,0
2024-12-01,06D,0,0
2025-08-01,06D,0,0
2024-09-01,06D,0,0
2024-08-01,06D,0,0
2021-08-01,06D,0,0
2023-05-01,06D,0,0
2023-11-01,06D,0,0
2023-12-01,06D,0,0
2024-04-01,06D,0,0
2023-03-01,06D,0,0
2023-10-01,06D,0,0
2023-08-01,06D,0,0
2023-02-01,06D,0,0
2026-04-01,06D,0,0
2021-10-01,06D,0,0
2023-01-01,06D,0,0
2024-01-01,06D,0,0
2025-12-01,06D,0,0
2022-08-01,06D,0,0
2023-04-01,06D,0,0
2021-11-01,06D,0,0
2022-06-01,06D,0,0
2024-05-01,06D,0,0
2025-05-01,06D,0,0
2023-07-01,06D,0,0
2025-01-01,06D,0,0
2023-06-01,06D,0,0
2021-09-01,06D,0,0
2022-10-01,06D,0,0
2021-06-01,06D,0,0
2026-03-01,06D,0,0
2026-02-01,06D,0,0
2022-03-01,06D,0,0
2025-03-01,06D,0,0
2022-05-01,06D,0,0
2022-04-01,06D,0,0
2022-07-01,06D,0,0
2022-12-01,06D,0,0
2025-10-01,06D,0,0
2024-03-01,06D,0,0
2025-04-01,06D,0,0
2024-02-01,06D,0,0
2024-07-01,06D,0,0
2022-02-01,06D,0,0
2022-09-01,06D,0,0
2025-06-01,06D,0,0
2022-01-01,06D,0,0
2025-11-01,06D,0,0
2026-06-01,06D,0,0
2024-10-01,06D,0,0
2021-12-01,06D,0,0
2023-09-01,06D,0,0
2026-01-01,06D,0,0
2021-07-01,06D,0,0
2024-06-01,06D,0,0
2022-11-01,06D,0,0
2024-11-01,06D,0,0
2025-07-01,06D,0,0
2025-02-01,06D,0,0
2025-09-01,06D,0,0
2026-05-01,06D,0,0
2021-10-01,06F,0,0
2022-11-01,06F,0,0
2025-03-01,06F,0,0
2023-05-01,06F,0,0
2023-10-01,06F,0,0
2024-06-01,06F,0,0
2023-04-01,06F,0,0
2021-07-01,06F,0,0
2024-05-01,06F,0,0
2022-12-01,06F,0,0
2023-12-01,06F,0,0
2025-12-01,06F,0,0
2022-08-01,06F,0,0
2023-01-01,06F,0,0
2023-08-01,06F,0,0
2026-05-01,06F,0,0
2022-07-01,06F,0,0
2022-01-01,06F,0,0
2024-11-01,06F,0,0
2025-11-01,06F,0,0
2024-01-01,06F,0,0
2024-07-01,06F,0,0
2021-09-01,06F,0,0
2021-11-01,06F,0,0
2022-03-01,06F,0,0
2023-09-01,06F,0,0
2023-11-01,06F,0,0
2025-06-01,06F,0,0
2025-08-01,06F,0,0
2025-05-01,06F,0,0
2024-04-01,06F,0,0
2025-02-01,06F,0,0
2026-06-01,06F,0,0
2023-03-01,06F,0,0
2021-06-01,06F,0,0
2022-04-01,06F,0,0
2024-12-01,06F,0,0
2022-09-01,06F,0,0
2025-04-01,06F,0,0
2025-10-01,06F,0,0
2026-03-01,06F,0,0
2022-05-01,06F,0,0
2022-02-01,06F,0,0
2023-07-01,06F,0,0
2021-12-01,06F,0,0
2023-06-01,06F,0,0
2024-03-01,06F,0,0
2025-01-01,06F,0,0
2022-10-01,06F,0,0
2026-01-01,06F,0,0
2021-08-01,06F,0,0
2023-02-01,06F,0,0
2024-10-01,06F,0,0
2025-09-01,06F,0,0
2024-08-01,06F,0,0
2025-07-01,06F,0,0
2024-09-01,06F,0,0
2026-02-01,06F,0,0
2022-06-01,06F,0,0
2026-04-01,06F,0,0
2024-02-01,06F,0,0
2022-12-01,06M,0,0
2024-03-01,06M,0,0
2024-05-01,06M,0,0
2025-11-01,06M,0,0
2025-12-01,06M,0,0
2022-05-01,06M,0,0
2021-12-01,06M,0,0
2023-10-01,06M,0,0
2025-05-01,06M,0,0
2024-12-01,06M,0,0
2025-09-01,06M,0,0
2021-07-01,06M,0,0
2024-08-01,06M,0,0
2024-04-01,06M,0,0
2026-01-01,06M,0,0
2022-09-01,06M,0,0
2025-06-01,06M,0,0
2022-01-01,06M,0,0
2023-03-01,06M,0,0
2026-03-01,06M,0,0
2021-08-01,06M,0,0
2025-02-01,06M,0,0
2026-05-01,06M,0,0
2023-08-01,06M,0,0
2021-11-01,06M,0,0
2022-04-01,06M,0,0
2023-02-01,06M,0,0
2021-06-01,06M,0,0
2022-06-01,06M,0,0
2022-08-01,06M,0,0
2022-10-01,06M,0,0
2026-02-01,06M,0,0
2021-09-01,06M,0,0
2023-07-01,06M,0,0
2022-07-01,06M,0,0
2024-02-01,06M,0,0
2025-10-01,06M,0,0
2026-06-01,06M,0,0
2025-03-01,06M,0,0
2021-10-01,06M,0,0
2024-01-01,06M,0,0
2025-04-01,06M,0,0
2023-12-01,06M,0,0
2022-11-01,06M,0,0
2023-01-01,06M,0,0
2024-07-01,06M,0,0
2026-04-01,06M,0,0
2022-03-01,06M,0,0
2023-04-01,06M,0,0
2025-07-01,06M,0,0
2022-02-01,06M,0,0
2024-11-01,06M,0,0
2024-06-01,06M,0,0
2024-10-01,06M,0,0
2025-01-01,06M,0,0
2023-05-01,06M,0,0
2023-06-01,06M,0,0
2023-09-01,06M,0,0
2023-11-01,06M,0,0
2024-09-01,06M,0,0
2025-08-01,06M,0,0
2025-03-01,06P,0,0
2024-01-01,06P,0,0
2023-06-01,06P,0,0
2023-08-01,06P,0,0
2026-01-01,06P,0,0
2025-10-01,06P,0,0
2026-02-01,06P,0,0
2022-02-01,06P,0,0
2022-04-01,06P,0,0
2024-07-01,06P,0,0
2021-07-01,06P,0,0
2022-01-01,06P,0,0
2024-06-01,06P,0,0
2022-03-01,06P,0,0
2021-12-01,06P,0,0
2022-11-01,06P,0,0
2023-10-01,06P,0,0
2025-12-01,06P,0,0
2025-04-01,06P,0,0
2025-09-01,06P,0,0
2026-06-01,06P,0,0
2025-05-01,06P,0,0
2021-11-01,06P,0,0
2023-02-01,06P,0,0
2024-09-01,06P,0,0
2024-12-01,06P,0,0
2026-03-01,06P,0,0
2023-04-01,06P,0,0
2025-08-01,06P,0,0
2024-02-01,06P,0,0
2025-06-01,06P,0,0
2023-03-01,06P,0,0
2022-08-01,06P,0,0
2025-01-01,06P,0,0
2021-06-01,06P,0,0
2021-10-01,06P,0,0
2023-12-01,06P,0,0
2024-08-01,06P,0,0
2024-10-01,06P,0,0
2023-05-01,06P,0,0
2023-11-01,06P,0,0
2022-09-01,06P,0,0
2024-05-01,06P,0,0
2023-01-01,06P,0,0
2022-12-01,06P,0,0
2024-04-01,06P,0,0
2022-05-01,06P,0,0
2022-07-01,06P,0,0
2024-03-01,06P,0,0
2025-02-01,06P,0,0
2025-11-01,06P,0,0
2026-04-01,06P,0,0
2021-09-01,06P,0,0
2026-05-01,06P,0,0
2025-07-01,06P,0,0
2021-08-01,06P,0,0
2022-06-01,06P,0,0
2023-07-01,06P,0,0
2023-09-01,06P,0,0
2024-11-01,06P,0,0
2022-10-01,06P,0,0
2022-10-01,06W,0,0
2025-03-01,06W,0,0
2026-01-01,06W,0,0
2021-10-01,06W,0,0
2023-06-01,06W,0,0
2023-10-01,06W,0,0
2024-12-01,06W,0,0
2025-05-01,06W,0,0
2024-04-01,06W,0,0
2026-03-01,06W,0,0
2022-03-01,06W,0,0
2023-11-01,06W,0,0
2024-09-01,06W,0,0
2022-07-01,06W,0,0
2023-07-01,06W,0,0
2022-04-01,06W,0,0
2023-08-01,06W,0,0
2025-12-01,06W,0,0
2021-09-01,06W,0,0
2021-06-01,06W,0,0
2025-04-01,06W,0,0
2023-03-01,06W,0,0
2023-04-01,06W,0,0
2025-11-01,06W,0,0
2021-12-01,06W,0,0
2025-01-01,06W,0,0
2026-05-01,06W,0,0
2022-01-01,06W,0,0
2022-05-01,06W,0,0
2024-01-01,06W,0,0
2024-05-01,06W,0,0
2022-02-01,06W,0,0
2025-06-01,06W,0,0
2022-08-01,06W,0,0
2022-11-01,06W,0,0
2022-12-01,06W,0,0
2023-01-01,06W,0,0
2021-07-01,06W,0,0
2026-04-01,06W,0,0
2023-12-01,06W,0,0
2024-03-01,06W,0,0
2024-08-01,06W,0,0
2025-07-01,06W,0,0
2021-11-01,06W,0,0
2025-09-01,06W,0,0
2023-05-01,06W,0,0
2026-02-01,06W,0,0
2024-02-01,06W,0,0
2022-06-01,06W,0,0
2025-10-01,06W,0,0
2022-09-01,06W,0,0
2024-06-01,06W,0,0
2024-11-01,06W,0,0
2026-06-01,06W,0,0
2023-09-01,06W,0,0
2025-08-01,06W,0,0
2024-07-01,06W,0,0
2025-02-01,06W,0,0
2021-08-01,06W,0,0
2023-02-01,06W,0,0
2024-10-01,06W,0,0
2025-12-01,06Y,0,0
2021-07-01,06Y,0,0
2024-11-01,06Y,0,0
2022-10-01,06Y,0,0
2025-06-01,06Y,0,0
2023-06-01,06Y,0,0
2023-12-01,06Y,0,0
2023-03-01,06Y,0,0
2024-04-01,06Y,0,0
2025-05-01,06Y,0,0
2022-02-01,06Y,0,0
2025-03-01,06Y,0,0
2021-09-01,06Y,0,0
2025-01-01,06Y,0,0
2026-05-01,06Y,0,0
2026-02-01,06Y,0,0
2022-03-01,06Y,0,0
2024-09-01,06Y,0,0
2023-11-01,06Y,0,0
2022-11-01,06Y,0,0
2026-04-01,06Y,0,0
2021-11-01,06Y,0,0
2024-03-01,06Y,0,0
2025-04-01,06Y,0,0
2021-10-01,06Y,0,0
2023-01-01,06Y,0,0
2025-10-01,06Y,0,0
2024-07-01,06Y,0,0
2024-10-01,06Y,0,0
2022-06-01,06Y,0,0
2023-05-01,06Y,0,0
2025-09-01,06Y,0,0
2022-07-01,06Y,0,0
2024-05-01,06Y,0,0
2023-02-01,06Y,0,0
2024-12-01,06Y,0,0
2025-07-01,06Y,0,0
2025-11-01,06Y,0,0
2026-01-01,06Y,0,0
2026-03-01,06Y,0,0
2022-01-01,06Y,0,0
2022-09-01,06Y,0,0
2025-08-01,06Y,0,0
2023-10-01,06Y,0,0
2024-02-01,06Y,0,0
2025-02-01,06Y,0,0
2023-04-01,06Y,0,0
2022-08-01,06Y,0,0
2022-12-01,06Y,0,0
2023-09-01,06Y,0,0
2024-08-01,06Y,0,0
2021-12-01,06Y,0,0
2023-08-01,06Y,0,0
2021-08-01,06Y,0,0
2026-06-01,06Y,0,0
2023-07-01,06Y,0,0
2024-06-01,06Y,0,0
2021-06-01,06Y,0,0
2022-04-01,06Y,0,0
2022-05-01,06Y,0,0
2024-01-01,06Y,0,0
2023-07-01,07L,0,0
2024-08-01,07L,0,0
2026-05-01,07L,0,0
2024-06-01,07L,0,0
2025-12-01,07L,0,0
2021-06-01,07L,0,0
2022-06-01,07L,0,0
2023-08-01,07L,0,0
2024-01-01,07L,0,0
2025-04-01,07L,0,0
2023-03-01,07L,0,0
2023-11-01,07L,0,0
2026-04-01,07L,0,0
2023-10-01,07L,0,0
2024-02-01,07L,0,0
2024-05-01,07L,0,0
2024-07-01,07L,0,0
2023-12-01,07L,0,0
2024-03-01,07L,0,0
2024-11-01,07L,0,0
2026-03-01,07L,0,0
2025-05-01,07L,0,0
2026-06-01,07L,0,0
2021-12-01,07L,0,0
2026-02-01,07L,0,0
2023-05-01,07L,0,0
2022-02-01,07L,0,0
2025-06-01,07L,0,0
2021-09-01,07L,0,0
2024-12-01,07L,0,0
2021-11-01,07L,0,0
2021-08-01,07L,0,0
2022-09-01,07L,0,0
2025-07-01,07L,0,0
2022-08-01,07L,0,0
2024-09-01,07L,0,0
2023-06-01,07L,0,0
2024-10-01,07L,0,0
2022-11-01,07L,0,0
2022-12-01,07L,0,0
2024-04-01,07L,0,0
2026-01-01,07L,0,0
2021-07-01,07L,0,0
2023-04-01,07L,0,0
2025-11-01,07L,0,0
2022-04-01,07L,0,0
2025-02-01,07L,0,0
2022-05-01,07L,0,0
2022-10-01,07L,0,0
2025-10-01,07L,0,0
2025-09-01,07L,0,0
2025-03-01,07L,0,0
2021-10-01,07L,0,0
2022-07-01,07L,0,0
2023-01-01,07L,0,0
2025-08-01,07L,0,0
2022-03-01,07L,0,0
2023-02-01,07L,0,0
2022-01-01,07L,0,0
2023-09-01,07L,0,0
2025-01-01,07L,0,0
2024-03-01,07M,0,0
2026-01-01,07M,0,0
2026-06-01,07M,0,0
2024-02-01,07M,0,0
2026-03-01,07M,0,0
2021-10-01,07M,0,0
2025-03-01,07M,0,0
2025-10-01,07M,0,0
2022-09-01,07M,0,0
2023-08-01,07M,0,0
2022-08-01,07M,0,0
2025-02-01,07M,0,0
2026-05-01,07M,0,0
2022-10-01,07M,0,0
2024-07-01,07M,0,0
2024-12-01,07M,0,0
2025-01-01,07M,0,0
2022-02-01,07M,0,0
2023-02-01,07M,0,0
2024-11-01,07M,0,0
2022-11-01,07M,0,0
2024-05-01,07M,0,0
2024-04-01,07M,0,0
2024-08-01,07M,0,0
2022-12-01,07M,0,0
2023-04-01,07M,0,0
2023-10-01,07M,0,0
2023-03-01,07M,0,0
2025-09-01,07M,0,0
2023-07-01,07M,0,0
2025-08-01,07M,0,0
2025-11-01,07M,0,0
2026-02-01,07M,0,0
2023-09-01,07M,0,0
2025-06-01,07M,0,0
2021-12-01,07M,0,0
2024-01-01,07M,0,0
2025-07-01,07M,0,0
2026-04-01,07M,0,0
2023-11-01,07M,0,0
2023-12-01,07M,0,0
2022-05-01,07M,0,0
2022-03-01,07M,0,0
2023-01-01,07M,0,0
2024-09-01,07M,0,0
2025-05-01,07M,0,0
2024-06-01,07M,0,0
2025-04-01,07M,0,0
2021-06-01,07M,0,0
2021-11-01,07M,0,0
2021-08-01,07M,0,0
2021-09-01,07M,0,0
2025-12-01,07M,0,0
2021-07-01,07M,0,0
2024-10-01,07M,0,0
2022-01-01,07M,0,0
2022-04-01,07M,0,0
2022-06-01,07M,0,0
2022-07-01,07M,0,0
2023-05-01,07M,0,0
2023-06-01,07M,0,0
2021-07-01,07N,0,0
2024-04-01,07N,0,0
2025-04-01,07N,0,0
2023-10-01,07N,0,0
2025-01-01,07N,0,0
2024-10-01,07N,0,0
2021-11-01,07N,0,0
2025-03-01,07N,0,0
2026-02-01,07N,0,0
2023-01-01,07N,0,0
2025-02-01,07N,0,0
2023-05-01,07N,0,0
2022-10-01,07N,0,0
2023-06-01,07N,0,0
2023-07-01,07N,0,0
2024-09-01,07N,0,0
2026-01-01,07N,0,0
2023-12-01,07N,0,0
2022-12-01,07N,0,0
2023-03-01,07N,0,0
2022-01-01,07N,0,0
2022-08-01,07N,0,0
2024-11-01,07N,0,0
2025-08-01,07N,0,0
2023-04-01,07N,0,0
2025-10-01,07N,0,0
2022-02-01,07N,0,0
2024-01-01,07N,0,0
2024-02-01,07N,0,0
2025-07-01,07N,0,0
2026-03-01,07N,0,0
2021-12-01,07N,0,0
2022-06-01,07N,0,0
2024-12-01,07N,0,0
2024-07-01,07N,0,0
2021-10-01,07N,0,0
2025-12-01,07N,0,0
2021-09-01,07N,0,0
2022-04-01,07N,0,0
2024-05-01,07N,0,0
2025-05-01,07N,0,0
2025-11-01,07N,0,0
2026-04-01,07N,0,0
2023-11-01,07N,0,0
2024-03-01,07N,0,0
2021-08-01,07N,0,0
2026-06-01,07N,0,0
2021-06-01,07N,0,0
2022-07-01,07N,0,0
2022-09-01,07N,0,0
2025-06-01,07N,0,0
2026-05-01,07N,0,0
2023-02-01,07N,0,0
2023-09-01,07N,0,0
2024-08-01,07N,0,0
2022-03-01,07N,0,0
2023-08-01,07N,0,0
2024-06-01,07N,0,0
2025-09-01,07N,0,0
2022-05-01,07N,0,0
2022-11-01,07N,0,0
2022-09-01,07P,0,0
2022-10-01,07P,0,0
2023-11-01,07P,0,0
2024-05-01,07P,0,0
2025-07-01,07P,0,0
2023-01-01,07P,0,0
2022-12-01,07P,0,0
2024-11-01,07P,0,0
2025-10-01,07P,0,0
2023-04-01,07P,0,0
2024-07-01,07P,0,0
2021-11-01,07P,0,0
2022-06-01,07P,0,0
2023-10-01,07P,0,0
2025-09-01,07P,0,0
2022-03-01,07P,0,0
2023-08-01,07P,0,0
2021-06-01,07P,0,0
2025-08-01,07P,0,0
2024-03-01,07P,0,0
2025-02-01,07P,0,0
2023-12-01,07P,0,0
2024-01-01,07P,0,0
2024-04-01,07P,0,0
2025-12-01,07P,0,0
2025-01-01,07P,0,0
2025-11-01,07P,0,0
2022-05-01,07P,0,0
2024-12-01,07P,0,0
2021-10-01,07P,0,0
2025-03-01,07P,0,0
2025-06-01,07P,0,0
2026-01-01,07P,0,0
2026-06-01,07P,0,0
2022-01-01,07P,0,0
2022-07-01,07P,0,0
2024-10-01,07P,0,0
2021-12-01,07P,0,0
2022-02-01,07P,0,0
2023-03-01,07P,0,0
2024-06-01,07P,0,0
2024-09-01,07P,0,0
2021-08-01,07P,0,0
2024-02-01,07P,0,0
2026-04-01,07P,0,0
2026-05-01,07P,0,0
2022-04-01,07P,0,0
2021-07-01,07P,0,0
2022-08-01,07P,0,0
2025-04-01,07P,0,0
2023-09-01,07P,0,0
2023-05-01,07P,0,0
2026-02-01,07P,0,0
2025-05-01,07P,0,0
2026-03-01,07P,0,0
2021-09-01,07P,0,0
2022-11-01,07P,0,0
2023-02-01,07P,0,0
2023-07-01,07P,0,0
2024-08-01,07P,0,0
2023-06-01,07P,0,0
2021-10-01,07R,0,0
2023-07-01,07R,0,0
2022-04-01,07R,0,0
2024-03-01,07R,0,0
2026-05-01,07R,0,0
2022-02-01,07R,0,0
2025-11-01,07R,0,0
2021-06-01,07R,0,0
2025-08-01,07R,0,0
2022-03-01,07R,0,0
2022-11-01,07R,0,0
2023-05-01,07R,0,0
2021-09-01,07R,0,0
2023-06-01,07R,0,0
2025-04-01,07R,0,0
2025-02-01,07R,0,0
2022-08-01,07R,0,0
2024-02-01,07R,0,0
2023-08-01,07R,0,0
2024-08-01,07R,0,0
2025-07-01,07R,0,0
2026-02-01,07R,0,0
2021-08-01,07R,0,0
2022-05-01,07R,0,0
2023-01-01,07R,0,0
2022-12-01,07R,0,0
2025-05-01,07R,0,0
2023-03-01,07R,0,0
2022-09-01,07R,0,0
2022-10-01,07R,0,0
2026-06-01,07R,0,0
2021-11-01,07R,0,0
2024-11-01,07R,0,0
2023-04-01,07R,0,0
2024-05-01,07R,0,0
2024-12-01,07R,0,0
2021-07-01,07R,0,0
2024-01-01,07R,0,0
2025-03-01,07R,0,0
2025-06-01,07R,0,0
2022-01-01,07R,0,0
2023-02-01,07R,0,0
2024-07-01,07R,0,0
2023-11-01,07R,0,0
2023-10-01,07R,0,0
2023-12-01,07R,0,0
2024-10-01,07R,0,0
2026-04-01,07R,0,0
2023-09-01,07R,0,0
2024-06-01,07R,0,0
2024-09-01,07R,0,0
2025-10-01,07R,0,0
2024-04-01,07R,0,0
2021-12-01,07R,0,0
2022-06-01,07R,0,0
2025-01-01,07R,0,0
2025-12-01,07R,0,0
2026-01-01,07R,0,0
2026-03-01,07R,0,0
2022-07-01,07R,0,0
2025-09-01,07R,0,0
2025-01-01,07T,0,0
2021-09-01,07T,0,0
2025-05-01,07T,0,0
2024-04-01,07T,0,0
2024-12-01,07T,0,0
2025-06-01,07T,0,0
2025-07-01,07T,0,0
2022-01-01,07T,0,0
2024-07-01,07T,0,0
2025-10-01,07T,0,0
2021-06-01,07T,0,0
2021-12-01,07T,0,0
2023-10-01,07T,0,0
2022-09-01,07T,0,0
2024-10-01,07T,0,0
2026-01-01,07T,0,0
2024-01-01,07T,0,0
2026-05-01,07T,0,0
2021-08-01,07T,0,0
2026-03-01,07T,0,0
2022-08-01,07T,0,0
2022-11-01,07T,0,0
2023-01-01,07T,0,0
2025-12-01,07T,0,0
2026-06-01,07T,0,0
2023-05-01,07T,0,0
2025-11-01,07T,0,0
2023-09-01,07T,0,0
2025-03-01,07T,0,0
2022-07-01,07T,0,0
2023-11-01,07T,0,0
2022-10-01,07T,0,0
2025-02-01,07T,0,0
2025-09-01,07T,0,0
2021-10-01,07T,0,0
2025-04-01,07T,0,0
2023-04-01,07T,0,0
2023-08-01,07T,0,0
2024-11-01,07T,0,0
2022-04-01,07T,0,0
2024-08-01,07T,0,0
2024-02-01,07T,0,0
2022-02-01,07T,0,0
2021-11-01,07T,0,0
2022-12-01,07T,0,0
2024-03-01,07T,0,0
2026-02-01,07T,0,0
2022-05-01,07T,0,0
2023-02-01,07T,0,0
2023-12-01,07T,0,0
2025-08-01,07T,0,0
2026-04-01,07T,0,0
2023-03-01,07T,0,0
2023-06-01,07T,0,0
2022-03-01,07T,0,0
2024-09-01,07T,0,0
2022-06-01,07T,0,0
2024-05-01,07T,0,0
2021-07-01,07T,0,0
2024-06-01,07T,0,0
2023-07-01,07T,0,0
2022-02-01,07V,0,0
2024-12-01,07V,0,0
2025-04-01,07V,0,0
2024-04-01,07V,0,0
2025-03-01,07V,0,0
2024-05-01,07V,0,0
2021-10-01,07V,0,0
2022-08-01,07V,0,0
2021-07-01,07V,0,0
2023-02-01,07V,0,0
2024-06-01,07V,0,0
2022-09-01,07V,0,0
2022-03-01,07V,0,0
2022-12-01,07V,0,0
2025-06-01,07V,0,0
2026-01-01,07V,0,0
2026-03-01,07V,0,0
2025-12-01,07V,0,0
2022-07-01,07V,0,0
2024-07-01,07V,0,0
2022-10-01,07V,0,0
2024-10-01,07V,0,0
2021-09-01,07V,0,0
2023-12-01,07V,0,0
2025-05-01,07V,0,0
2026-05-01,07V,0,0
2022-04-01,07V,0,0
2023-06-01,07V,0,0
2023-03-01,07V,0,0
2023-08-01,07V,0,0
2025-10-01,07V,0,0
2023-07-01,07V,0,0
2021-08-01,07V,0,0
2026-02-01,07V,0,0
2025-01-01,07V,0,0
2025-02-01,07V,0,0
2025-09-01,07V,0,0
2021-11-01,07V,0,0
2023-10-01,07V,0,0
2022-05-01,07V,0,0
2021-12-01,07V,0,0
2023-11-01,07V,0,0
2024-09-01,07V,0,0
2025-08-01,07V,0,0
2024-11-01,07V,0,0
2026-06-01,07V,0,0
2022-11-01,07V,0,0
2023-04-01,07V,0,0
2021-06-01,07V,0,0
2022-01-01,07V,0,0
2023-09-01,07V,0,0
2024-01-01,07V,0,0
2024-03-01,07V,0,0
2022-06-01,07V,0,0
2025-07-01,07V,0,0
2024-02-01,07V,0,0
2023-01-01,07V,0,0
2023-05-01,07V,0,0
2025-11-01,07V,0,0
2024-08-01,07V,0,0
2026-04-01,07V,0,0
2021-09-01,07W,0,0
2022-12-01,07W,0,0
2024-12-01,07W,0,0
2025-02-01,07W,0,0
2021-06-01,07W,0,0
2024-07-01,07W,0,0
2025-06-01,07W,0,0
2022-07-01,07W,0,0
2026-04-01,07W,0,0
2022-04-01,07W,0,0
2023-02-01,07W,0,0
2023-07-01,07W,0,0
2024-02-01,07W,0,0
2023-05-01,07W,0,0
2023-06-01,07W,0,0
2022-11-01,07W,0,0
2026-05-01,07W,0,0
2024-05-01,07W,0,0
2024-01-01,07W,0,0
2026-01-01,07W,0,0
2023-08-01,07W,0,0
2024-06-01,07W,0,0
2023-12-01,07W,0,0
2021-11-01,07W,0,0
2022-03-01,07W,0,0
2023-03-01,07W,0,0
2023-10-01,07W,0,0
2025-01-01,07W,0,0
2025-11-01,07W,0,0
2026-06-01,07W,0,0
2025-05-01,07W,0,0
2021-12-01,07W,0,0
2023-11-01,07W,0,0
2024-03-01,07W,0,0
2025-07-01,07W,0,0
2026-02-01,07W,0,0
2023-04-01,07W,0,0
2024-08-01,07W,0,0
2024-11-01,07W,0,0
2025-04-01,07W,0,0
2023-01-01,07W,0,0
2025-10-01,07W,0,0
2021-07-01,07W,0,0
2022-09-01,07W,0,0
2021-08-01,07W,0,0
2022-08-01,07W,0,0
2021-10-01,07W,0,0
2024-09-01,07W,0,0
2024-10-01,07W,0,0
2022-10-01,07W,0,0
2025-09-01,07W,0,0
2026-03-01,07W,0,0
2025-03-01,07W,0,0
2025-12-01,07W,0,0
2022-02-01,07W,0,0
2022-05-01,07W,0,0
2025-08-01,07W,0,0
2022-01-01,07W,0,0
2022-06-01,07W,0,0
2023-09-01,07W,0,0
2024-04-01,07W,0,0
2024-11-01,07X,0,0
2024-03-01,07X,0,0
2021-12-01,07X,0,0
2022-06-01,07X,0,0
2023-08-01,07X,0,0
2024-04-01,07X,0,0
2024-09-01,07X,0,0
2022-12-01,07X,0,0
2025-12-01,07X,0,0
2021-10-01,07X,0,0
2022-09-01,07X,0,0
2023-03-01,07X,0,0
2022-03-01,07X,0,0
2023-04-01,07X,0,0
2025-02-01,07X,0,0
2023-06-01,07X,0,0
2025-11-01,07X,0,0
2021-07-01,07X,0,0
2022-11-01,07X,0,0
2025-04-01,07X,0,0
2022-07-01,07X,0,0
2026-01-01,07X,0,0
2022-08-01,07X,0,0
2024-08-01,07X,0,0
2021-08-01,07X,0,0
2023-12-01,07X,0,0
2021-06-01,07X,0,0
2025-03-01,07X,0,0
2024-12-01,07X,0,0
2022-04-01,07X,0,0
2024-07-01,07X,0,0
2024-10-01,07X,0,0
2024-01-01,07X,0,0
2025-06-01,07X,0,0
2021-09-01,07X,0,0
2025-07-01,07X,0,0
2025-08-01,07X,0,0
2025-10-01,07X,0,0
2022-05-01,07X,0,0
2024-05-01,07X,0,0
2024-02-01,07X,0,0
2024-06-01,07X,0,0
2025-01-01,07X,0,0
2022-10-01,07X,0,0
2026-02-01,07X,0,0
2023-11-01,07X,0,0
2026-04-01,07X,0,0
2026-05-01,07X,0,0
2023-02-01,07X,0,0
2023-09-01,07X,0,0
2022-02-01,07X,0,0
2023-05-01,07X,0,0
2026-06-01,07X,0,0
2023-10-01,07X,0,0
2022-01-01,07X,0,0
2023-01-01,07X,0,0
2025-09-01,07X,0,0
2026-03-01,07X,0,0
2023-07-01,07X,0,0
2025-05-01,07X,0,0
2021-11-01,07X,0,0
2021-09-01,07Y,0,0
2021-10-01,07Y,0,0
2022-08-01,07Y,0,0
2023-01-01,07Y,0,0
2025-05-01,07Y,0,0
2025-02-01,07Y,0,0
2022-03-01,07Y,0,0
2023-02-01,07Y,0,0
2025-06-01,07Y,0,0
2025-09-01,07Y,0,0
2023-04-01,07Y,0,0
2024-03-01,07Y,0,0
2024-09-01,07Y,0,0
2023-07-01,07Y,0,0
2024-04-01,07Y,0,0
2022-06-01,07Y,0,0
2022-12-01,07Y,0,0
2026-01-01,07Y,0,0
2022-11-01,07Y,0,0
2023-10-01,07Y,0,0
2026-03-01,07Y,0,0
2022-04-01,07Y,0,0
2025-11-01,07Y,0,0
2026-04-01,07Y,0,0
2024-01-01,07Y,0,0
2024-05-01,07Y,0,0
2024-12-01,07Y,0,0
2023-03-01,07Y,0,0
2023-09-01,07Y,0,0
2023-11-01,07Y,0,0
2022-10-01,07Y,0,0
2023-12-01,07Y,0,0
2025-03-01,07Y,0,0
2021-11-01,07Y,0,0
2025-10-01,07Y,0,0
2022-09-01,07Y,0,0
2022-02-01,07Y,0,0
2025-01-01,07Y,0,0
2026-06-01,07Y,0,0
2025-08-01,07Y,0,0
2021-08-01,07Y,0,0
2024-06-01,07Y,0,0
2026-02-01,07Y,0,0
2021-06-01,07Y,0,0
2025-04-01,07Y,0,0
2023-05-01,07Y,0,0
2025-07-01,07Y,0,0
2025-12-01,07Y,0,0
2022-05-01,07Y,0,0
2024-08-01,07Y,0,0
2021-07-01,07Y,0,0
2023-08-01,07Y,0,0
2024-11-01,07Y,0,0
2022-01-01,07Y,0,0
2024-10-01,07Y,0,0
2024-07-01,07Y,0,0
2021-12-01,07Y,0,0
2023-06-01,07Y,0,0
2026-05-01,07Y,0,0
2022-07-01,07Y,0,0
2024-02-01,07Y,0,0
2024-05-01,08A,0,0
2024-12-01,08A,0,0
2022-12-01,08A,0,0
2023-01-01,08A,0,0
2023-07-01,08A,0,0
2023-10-01,08A,0,0
2026-02-01,08A,0,0
2025-05-01,08A,0,0
2023-03-01,08A,0,0
2025-07-01,08A,0,0
2021-07-01,08A,0,0
2024-10-01,08A,0,0
2022-08-01,08A,0,0
2024-02-01,08A,0,0
2023-08-01,08A,0,0
2025-11-01,08A,0,0
2026-04-01,08A,0,0
2025-08-01,08A,0,0
2025-10-01,08A,0,0
2022-03-01,08A,0,0
2022-10-01,08A,0,0
2024-06-01,08A,0,0
2022-04-01,08A,0,0
2023-09-01,08A,0,0
2021-09-01,08A,0,0
2024-03-01,08A,0,0
2024-01-01,08A,0,0
2024-07-01,08A,0,0
2023-11-01,08A,0,0
2025-03-01,08A,0,0
2021-06-01,08A,0,0
2021-11-01,08A,0,0
2022-01-01,08A,0,0
2023-04-01,08A,0,0
2022-02-01,08A,0,0
2026-05-01,08A,0,0
2025-04-01,08A,0,0
2026-03-01,08A,0,0
2023-12-01,08A,0,0
2024-04-01,08A,0,0
2026-06-01,08A,0,0
2025-01-01,08A,0,0
2021-12-01,08A,0,0
2023-02-01,08A,0,0
2021-10-01,08A,0,0
2022-11-01,08A,0,0
2025-02-01,08A,0,0
2021-08-01,08A,0,0
2025-06-01,08A,0,0
2025-09-01,08A,0,0
2025-12-01,08A,0,0
2022-06-01,08A,0,0
2024-11-01,08A,0,0
2023-05-01,08A,0,0
2026-01-01,08A,0,0
2023-06-01,08A,0,0
2022-09-01,08A,0,0
2024-09-01,08A,0,0
2024-08-01,08A,0,0
2022-07-01,08A,0,0
2022-05-01,08A,0,0
2021-10-01,08C,0,0
2023-10-01,08C,0,0
2022-02-01,08C,0,0
2022-07-01,08C,0,0
2022-03-01,08C,0,0
2026-04-01,08C,0,0
2026-01-01,08C,0,0
2026-05-01,08C,0,0
2026-03-01,08C,0,0
2022-05-01,08C,0,0
2024-04-01,08C,0,0
2024-11-01,08C,0,0
2022-01-01,08C,0,0
2025-09-01,08C,0,0
2021-06-01,08C,0,0
2022-10-01,08C,0,0
2022-12-01,08C,0,0
2024-05-01,08C,0,0
2024-09-01,08C,0,0
2022-04-01,08C,0,0
2023-03-01,08C,0,0
2022-09-01,08C,0,0
2025-12-01,08C,0,0
2024-01-01,08C,0,0
2024-08-01,08C,0,0
2025-08-01,08C,0,0
2025-04-01,08C,0,0
2021-09-01,08C,0,0
2022-08-01,08C,0,0
2023-07-01,08C,0,0
2026-06-01,08C,0,0
2024-12-01,08C,0,0
2021-11-01,08C,0,0
2025-03-01,08C,0,0
2025-05-01,08C,0,0
2024-02-01,08C,0,0
2023-05-01,08C,0,0
2025-06-01,08C,0,0
2025-11-01,08C,0,0
2024-06-01,08C,0,0
2025-10-01,08C,0,0
2023-02-01,08C,0,0
2022-06-01,08C,0,0
2025-02-01,08C,0,0
2025-01-01,08C,0,0
2023-09-01,08C,0,0
2021-12-01,08C,0,0
2022-11-01,08C,0,0
2023-11-01,08C,0,0
2024-03-01,08C,0,0
2024-10-01,08C,0,0
2026-02-01,08C,0,0
2023-08-01,08C,0,0
2025-07-01,08C,0,0
2023-04-01,08C,0,0
2021-07-01,08C,0,0
2023-06-01,08C,0,0
2024-07-01,08C,0,0
2021-08-01,08C,0,0
2023-01-01,08C,0,0
2023-12-01,08C,0,0
2024-09-01,08D,0,0
2022-04-01,08D,0,0
2023-08-01,08D,0,0
2023-04-01,08D,0,0
2025-05-01,08D,0,0
2026-03-01,08D,0,0
2021-11-01,08D,0,0
2024-05-01,08D,0,0
2025-07-01,08D,0,0
2025-06-01,08D,0,0
2025-11-01,08D,0,0
2026-01-01,08D,0,0
2025-04-01,08D,0,0
2023-11-01,08D,0,0
2021-12-01,08D,0,0
2022-03-01,08D,0,0
2023-07-01,08D,0,0
2023-06-01,08D,0,0
2021-06-01,08D,0,0
2022-11-01,08D,0,0
2025-03-01,08D,0,0
2025-12-01,08D,0,0
2024-10-01,08D,0,0
2022-07-01,08D,0,0
2024-03-01,08D,0,0
2026-04-01,08D,0,0
2023-09-01,08D,0,0
2024-02-01,08D,0,0
2021-10-01,08D,0,0
2023-05-01,08D,0,0
2025-09-01,08D,0,0
2021-09-01,08D,0,0
2022-09-01,08D,0,0
2025-02-01,08D,0,0
2022-06-01,08D,0,0
2024-07-01,08D,0,0
2022-08-01,08D,0,0
2024-11-01,08D,0,0
2023-10-01,08D,0,0
2026-05-01,08D,0,0
2022-01-01,08D,0,0
2022-02-01,08D,0,0
2023-02-01,08D,0,0
2024-08-01,08D,0,0
2024-12-01,08D,0,0
2021-07-01,08D,0,0
2024-04-01,08D,0,0
2021-08-01,08D,0,0
2022-10-01,08D,0,0
2024-01-01,08D,0,0
2022-05-01,08D,0,0
2023-01-01,08D,0,0
2024-06-01,08D,0,0
2026-06-01,08D,0,0
2025-01-01,08D,0,0
2025-08-01,08D,0,0
2025-10-01,08D,0,0
2022-12-01,08D,0,0
2023-03-01,08D,0,0
2023-12-01,08D,0,0
2026-02-01,08D,0,0
2021-07-01,08E,0,0
2024-07-01,08E,0,0
2021-09-01,08E,0,0
2024-06-01,08E,0,0
2022-06-01,08E,0,0
2025-05-01,08E,0,0
2023-02-01,08E,0,0
2022-05-01,08E,0,0
2024-08-01,08E,0,0
2023-09-01,08E,0,0
2022-01-01,08E,0,0
2025-04-01,08E,0,0
2026-03-01,08E,0,0
2023-12-01,08E,0,0
2023-01-01,08E,0,0
2024-11-01,08E,0,0
2026-04-01,08E,0,0
2024-12-01,08E,0,0
2022-03-01,08E,0,0
2023-11-01,08E,0,0
2023-08-01,08E,0,0
2021-10-01,08E,0,0
2022-04-01,08E,0,0
2024-10-01,08E,0,0
2025-06-01,08E,0,0
2022-08-01,08E,0,0
2024-04-01,08E,0,0
2025-03-01,08E,0,0
2022-11-01,08E,0,0
2022-12-01,08E,0,0
2022-07-01,08E,0,0
2025-07-01,08E,0,0
2024-03-01,08E,0,0
2023-10-01,08E,0,0
2022-09-01,08E,0,0
2022-10-01,08E,0,0
2024-02-01,08E,0,0
2025-10-01,08E,0,0
2023-04-01,08E,0,0
2021-11-01,08E,0,0
2023-05-01,08E,0,0
2024-09-01,08E,0,0
2024-01-01,08E,0,0
2021-12-01,08E,0,0
2023-03-01,08E,0,0
2023-07-01,08E,0,0
2025-01-01,08E,0,0
2026-02-01,08E,0,0
2026-05-01,08E,0,0
2021-06-01,08E,0,0
2022-02-01,08E,0,0
2025-02-01,08E,0,0
2025-09-01,08E,0,0
2024-05-01,08E,0,0
2025-11-01,08E,0,0
2025-12-01,08E,0,0
2026-06-01,08E,0,0
2021-08-01,08E,0,0
2023-06-01,08E,0,0
2025-08-01,08E,0,0
2026-01-01,08E,0,0
2023-11-01,08F,0,0
2021-10-01,08F,0,0
2025-01-01,08F,0,0
2022-07-01,08F,0,0
2025-10-01,08F,0,0
2022-06-01,08F,0,0
2021-11-01,08F,0,0
2024-09-01,08F,0,0
2024-12-01,08F,0,0
2022-03-01,08F,0,0
2023-07-01,08F,0,0
2024-06-01,08F,0,0
2021-06-01,08F,0,0
2023-03-01,08F,0,0
2025-12-01,08F,0,0
2023-12-01,08F,0,0
2025-08-01,08F,0,0
2023-02-01,08F,0,0
2024-05-01,08F,0,0
2022-04-01,08F,0,0
2026-05-01,08F,0,0
2026-02-01,08F,0,0
2023-05-01,08F,0,0
2024-11-01,08F,0,0
2021-07-01,08F,0,0
2022-02-01,08F,0,0
2026-01-01,08F,0,0
2024-10-01,08F,0,0
2022-12-01,08F,0,0
2021-09-01,08F,0,0
2023-06-01,08F,0,0
2024-03-01,08F,0,0
2024-08-01,08F,0,0
2025-03-01,08F,0,0
2026-06-01,08F,0,0
2022-05-01,08F,0,0
2023-04-01,08F,0,0
2025-09-01,08F,0,0
2025-02-01,08F,0,0
2023-01-01,08F,0,0
2025-07-01,08F,0,0
2022-10-01,08F,0,0
2025-05-01,08F,0,0
2022-08-01,08F,0,0
2025-11-01,08F,0,0
2026-04-01,08F,0,0
2022-11-01,08F,0,0
2023-10-01,08F,0,0
2026-03-01,08F,0,0
2021-08-01,08F,0,0
2021-12-01,08F,0,0
2022-09-01,08F,0,0
2025-06-01,08F,0,0
2023-08-01,08F,0,0
2024-02-01,08F,0,0
2024-07-01,08F,0,0
2025-04-01,08F,0,0
2024-01-01,08F,0,0
2024-04-01,08F,0,0
2022-01-01,08F,0,0
2023-09-01,08F,0,0
2023-11-01,08G,0,0
2022-03-01,08G,0,0
2024-05-01,08G,0,0
2024-12-01,08G,0,0
2025-12-01,08G,0,0
2026-05-01,08G,0,0
2021-09-01,08G,0,0
2024-10-01,08G,0,0
2023-05-01,08G,0,0
2026-04-01,08G,0,0
2026-06-01,08G,0,0
2025-08-01,08G,0,0
2024-11-01,08G,0,0
2021-07-01,08G,0,0
2026-01-01,08G,0,0
2026-03-01,08G,0,0
2023-12-01,08G,0,0
2022-09-01,08G,0,0
2025-10-01,08G,0,0
2021-11-01,08G,0,0
2023-02-01,08G,0,0
2023-03-01,08G,0,0
2022-08-01,08G,0,0
2023-04-01,08G,0,0
2025-03-01,08G,0,0
2022-12-01,08G,0,0
2022-05-01,08G,0,0
2024-09-01,08G,0,0
2025-11-01,08G,0,0
2024-06-01,08G,0,0
2023-09-01,08G,0,0
2022-01-01,08G,0,0
2024-01-01,08G,0,0
2023-01-01,08G,0,0
2024-04-01,08G,0,0
2025-01-01,08G,0,0
2021-06-01,08G,0,0
2023-08-01,08G,0,0
2025-04-01,08G,0,0
2024-03-01,08G,0,0
2024-08-01,08G,0,0
2023-07-01,08G,0,0
2025-02-01,08G,0,0
2022-07-01,08G,0,0
2024-07-01,08G,0,0
2022-04-01,08G,0,0
2023-10-01,08G,0,0
2025-06-01,08G,0,0
2021-12-01,08G,0,0
2021-10-01,08G,0,0
2023-06-01,08G,0,0
2025-07-01,08G,0,0
2025-09-01,08G,0,0
2022-06-01,08G,0,0
2025-05-01,08G,0,0
2026-02-01,08G,0,0
2021-08-01,08G,0,0
2022-11-01,08G,0,0
2022-02-01,08G,0,0
2022-10-01,08G,0,0
2024-02-01,08G,0,0
2025-01-01,08H,0,0
2026-05-01,08H,0,0
2025-08-01,08H,0,0
2023-01-01,08H,0,0
2023-02-01,08H,0,0
2022-12-01,08H,0,0
2024-09-01,08H,0,0
2023-06-01,08H,0,0
2023-12-01,08H,0,0
2021-12-01,08H,0,0
2024-02-01,08H,0,0
2024-11-01,08H,0,0
2025-10-01,08H,0,0
2023-05-01,08H,0,0
2022-11-01,08H,0,0
2023-03-01,08H,0,0
2022-06-01,08H,0,0
2025-09-01,08H,0,0
2021-09-01,08H,0,0
2023-11-01,08H,0,0
2026-06-01,08H,0,0
2024-03-01,08H,0,0
2026-01-01,08H,0,0
2021-06-01,08H,0,0
2023-08-01,08H,0,0
2022-02-01,08H,0,0
2022-03-01,08H,0,0
2026-03-01,08H,0,0
2025-03-01,08H,0,0
2022-08-01,08H,0,0
2024-08-01,08H,0,0
2024-06-01,08H,0,0
2025-04-01,08H,0,0
2022-09-01,08H,0,0
2025-02-01,08H,0,0
2025-07-01,08H,0,0
2025-11-01,08H,0,0
2022-05-01,08H,0,0
2024-01-01,08H,0,0
2026-04-01,08H,0,0
2021-07-01,08H,0,0
2023-07-01,08H,0,0
2023-09-01,08H,0,0
2024-10-01,08H,0,0
2025-05-01,08H,0,0
2025-12-01,08H,0,0
2023-10-01,08H,0,0
2022-10-01,08H,0,0
2024-12-01,08H,0,0
2026-02-01,08H,0,0
2023-04-01,08H,0,0
2022-01-01,08H,0,0
2024-07-01,08H,0,0
2025-06-01,08H,0,0
2021-08-01,08H,0,0
2021-11-01,08H,0,0
2024-04-01,08H,0,0
2021-10-01,08H,0,0
2022-04-01,08H,0,0
2022-07-01,08H,0,0
2024-05-01,08H,0,0
2022-02-01,08J,0,0
2024-02-01,08J,0,0
2025-05-01,08J,0,0
2025-12-01,08J,0,0
2021-12-01,08J,0,0
2023-09-01,08J,0,0
2023-07-01,08J,0,0
2024-01-01,08J,0,0
2023-10-01,08J,0,0
2021-07-01,08J,0,0
2024-07-01,08J,0,0
2025-08-01,08J,0,0
2024-12-01,08J,0,0
2022-12-01,08J,0,0
2024-09-01,08J,0,0
2021-09-01,08J,0,0
2021-06-01,08J,0,0
2021-11-01,08J,0,0
2023-05-01,08J,0,0
2022-04-01,08J,0,0
2024-04-01,08J,0,0
2026-01-01,08J,0,0
2023-01-01,08J,0,0
2024-03-01,08J,0,0
2021-08-01,08J,0,0
2023-04-01,08J,0,0
2026-03-01,08J,0,0
2022-03-01,08J,0,0
2024-06-01,08J,0,0
2025-10-01,08J,0,0
2024-08-01,08J,0,0
2025-09-01,08J,0,0
2021-10-01,08J,0,0
2023-08-01,08J,0,0
2025-03-01,08J,0,0
2022-05-01,08J,0,0
2025-02-01,08J,0,0
2022-06-01,08J,0,0
2024-05-01,08J,0,0
2026-02-01,08J,0,0
2026-06-01,08J,0,0
2024-11-01,08J,0,0
2025-01-01,08J,0,0
2022-01-01,08J,0,0
2023-11-01,08J,0,0
2025-07-01,08J,0,0
2023-12-01,08J,0,0
2025-11-01,08J,0,0
2026-05-01,08J,0,0
2022-07-01,08J,0,0
2022-11-01,08J,0,0
2023-06-01,08J,0,0
2022-10-01,08J,0,0
2025-04-01,08J,0,0
2023-03-01,08J,0,0
2025-06-01,08J,0,0
2023-02-01,08J,0,0
2022-08-01,08J,0,0
2022-09-01,08J,0,0
2026-04-01,08J,0,0
2024-10-01,08J,0,0
2021-12-01,08K,0,0
2025-11-01,08K,0,0
2022-10-01,08K,0,0
2025-03-01,08K,0,0
2025-07-01,08K,0,0
2023-05-01,08K,0,0
2024-08-01,08K,0,0
2022-08-01,08K,0,0
2022-12-01,08K,0,0
2025-02-01,08K,0,0
2022-09-01,08K,0,0
2023-01-01,08K,0,0
2023-12-01,08K,0,0
2023-03-01,08K,0,0
2025-06-01,08K,0,0
2021-07-01,08K,0,0
2022-07-01,08K,0,0
2026-04-01,08K,0,0
2023-02-01,08K,0,0
2024-03-01,08K,0,0
2024-09-01,08K,0,0
2026-02-01,08K,0,0
2024-07-01,08K,0,0
2023-10-01,08K,0,0
2024-12-01,08K,0,0
2026-03-01,08K,0,0
2021-11-01,08K,0,0
2021-09-01,08K,0,0
2025-01-01,08K,0,0
2025-04-01,08K,0,0
2025-10-01,08K,0,0
2024-06-01,08K,0,0
2024-04-01,08K,0,0
2023-07-01,08K,0,0
2024-02-01,08K,0,0
2022-03-01,08K,0,0
2023-06-01,08K,0,0
2025-09-01,08K,0,0
2022-04-01,08K,0,0
2025-08-01,08K,0,0
2021-10-01,08K,0,0
2026-01-01,08K,0,0
2023-09-01,08K,0,0
2026-05-01,08K,0,0
2022-11-01,08K,0,0
2023-08-01,08K,0,0
2023-04-01,08K,0,0
2021-06-01,08K,0,0
2022-01-01,08K,0,0
2022-02-01,08K,0,0
2024-01-01,08K,0,0
2022-06-01,08K,0,0
2024-10-01,08K,0,0
2024-11-01,08K,0,0
2025-12-01,08K,0,0
2026-06-01,08K,0,0
2021-08-01,08K,0,0
2022-05-01,08K,0,0
2023-11-01,08K,0,0
2025-05-01,08K,0,0
2024-05-01,08K,0,0
2021-09-01,08L,0,0
2025-03-01,08L,0,0
2022-10-01,08L,0,0
2024-11-01,08L,0,0
2025-01-01,08L,0,0
2025-02-01,08L,0,0
2024-01-01,08L,0,0
2024-06-01,08L,0,0
2024-10-01,08L,0,0
2026-04-01,08L,0,0
2024-07-01,08L,0,0
2021-06-01,08L,0,0
2022-06-01,08L,0,0
2025-09-01,08L,0,0
2022-01-01,08L,0,0
2025-05-01,08L,0,0
2025-08-01,08L,0,0
2023-12-01,08L,0,0
2024-09-01,08L,0,0
2023-03-01,08L,0,0
2025-11-01,08L,0,0
2023-02-01,08L,0,0
2026-02-01,08L,0,0
2022-12-01,08L,0,0
2022-04-01,08L,0,0
2022-05-01,08L,0,0
2024-04-01,08L,0,0
2021-12-01,08L,0,0
2023-05-01,08L,0,0
2025-12-01,08L,0,0
2024-03-01,08L,0,0
2024-05-01,08L,0,0
2025-06-01,08L,0,0
2022-03-01,08L,0,0
2025-07-01,08L,0,0
2022-08-01,08L,0,0
2023-07-01,08L,0,0
2024-12-01,08L,0,0
2022-11-01,08L,0,0
2025-04-01,08L,0,0
2021-07-01,08L,0,0
2023-09-01,08L,0,0
2026-06-01,08L,0,0
2025-10-01,08L,0,0
2026-01-01,08L,0,0
2026-05-01,08L,0,0
2023-11-01,08L,0,0
2021-10-01,08L,0,0
2023-01-01,08L,0,0
2022-02-01,08L,0,0
2022-07-01,08L,0,0
2023-10-01,08L,0,0
2021-11-01,08L,0,0
2022-09-01,08L,0,0
2024-02-01,08L,0,0
2026-03-01,08L,0,0
2021-08-01,08L,0,0
2023-08-01,08L,0,0
2023-04-01,08L,0,0
2023-06-01,08L,0,0
2024-08-01,08L,0,0
2022-12-01,08M,0,0
2026-01-01,08M,0,0
2024-02-01,08M,0,0
2024-04-01,08M,0,0
2024-06-01,08M,0,0
2022-01-01,08M,0,0
2024-03-01,08M,0,0
2026-06-01,08M,0,0
2021-07-01,08M,0,0
2022-02-01,08M,0,0
2021-09-01,08M,0,0
2023-07-01,08M,0,0
2024-05-01,08M,0,0
2025-01-01,08M,0,0
2023-11-01,08M,0,0
2024-08-01,08M,0,0
2026-03-01,08M,0,0
2023-01-01,08M,0,0
2025-05-01,08M,0,0
2025-10-01,08M,0,0
2022-03-01,08M,0,0
2023-04-01,08M,0,0
2025-11-01,08M,0,0
2021-06-01,08M,0,0
2022-10-01,08M,0,0
2021-10-01,08M,0,0
2021-12-01,08M,0,0
2025-07-01,08M,0,0
2021-08-01,08M,0,0
2023-12-01,08M,0,0
2024-09-01,08M,0,0
2024-11-01,08M,0,0
2024-10-01,08M,0,0
2025-03-01,08M,0,0
2025-08-01,08M,0,0
2026-05-01,08M,0,0
2023-05-01,08M,0,0
2022-05-01,08M,0,0
2022-11-01,08M,0,0
2023-10-01,08M,0,0
2024-12-01,08M,0,0
2023-09-01,08M,0,0
2023-03-01,08M,0,0
2025-09-01,08M,0,0
2022-07-01,08M,0,0
2023-02-01,08M,0,0
2023-06-01,08M,0,0
2025-06-01,08M,0,0
2026-04-01,08M,0,0
2023-08-01,08M,0,0
2025-12-01,08M,0,0
2022-09-01,08M,0,0
2022-06-01,08M,0,0
2022-08-01,08M,0,0
2026-02-01,08M,0,0
2024-01-01,08M,0,0
2025-04-01,08M,0,0
2025-02-01,08M,0,0
2021-11-01,08M,0,0
2022-04-01,08M,0,0
2024-07-01,08M,0,0
2024-02-01,08N,0,0
2023-10-01,08N,0,0
2025-02-01,08N,0,0
2022-03-01,08N,0,0
2026-02-01,08N,0,0
2024-03-01,08N,0,0
2024-12-01,08N,0,0
2025-07-01,08N,0,0
2026-01-01,08N,0,0
2025-11-01,08N,0,0
2023-03-01,08N,0,0
2026-05-01,08N,0,0
2022-06-01,08N,0,0
2022-10-01,08N,0,0
2021-06-01,08N,0,0
2022-07-01,08N,0,0
2023-11-01,08N,0,0
2024-09-01,08N,0,0
2025-05-01,08N,0,0
2021-11-01,08N,0,0
2024-08-01,08N,0,0
2021-07-01,08N,0,0
2021-08-01,08N,0,0
2023-09-01,08N,0,0
2023-04-01,08N,0,0
2025-09-01,08N,0,0
2026-04-01,08N,0,0
2023-01-01,08N,0,0
2026-03-01,08N,0,0
2024-04-01,08N,0,0
2022-12-01,08N,0,0
2024-06-01,08N,0,0
2025-08-01,08N,0,0
2025-04-01,08N,0,0
2025-03-01,08N,0,0
2023-06-01,08N,0,0
2023-12-01,08N,0,0
2022-04-01,08N,0,0
2021-10-01,08N,0,0
2022-02-01,08N,0,0
2022-11-01,08N,0,0
2022-05-01,08N,0,0
2024-01-01,08N,0,0
2025-12-01,08N,0,0
2022-08-01,08N,0,0
2024-11-01,08N,0,0
2023-08-01,08N,0,0
2026-06-01,08N,0,0
2024-10-01,08N,0,0
2023-02-01,08N,0,0
2023-05-01,08N,0,0
2023-07-01,08N,0,0
2024-05-01,08N,0,0
2024-07-01,08N,0,0
2022-09-01,08N,0,0
2021-09-01,08N,0,0
2025-10-01,08N,0,0
2022-01-01,08N,0,0
2021-12-01,08N,0,0
2025-06-01,08N,0,0
2025-01-01,08N,0,0
2025-11-01,08Q,0,0
2023-08-01,08Q,0,0
2024-08-01,08Q,0,0
2025-07-01,08Q,0,0
2025-02-01,08Q,0,0
2025-10-01,08Q,0,0
2025-12-01,08Q,0,0
2024-11-01,08Q,0,0
2026-03-01,08Q,0,0
2021-10-01,08Q,0,0
2024-12-01,08Q,0,0
2024-01-01,08Q,0,0
2022-11-01,08Q,0,0
2022-07-01,08Q,0,0
2022-05-01,08Q,0,0
2022-06-01,08Q,0,0
2022-09-01,08Q,0,0
2024-06-01,08Q,0,0
2023-10-01,08Q,0,0
2022-03-01,08Q,0,0
2026-01-01,08Q,0,0
2022-10-01,08Q,0,0
2023-03-01,08Q,0,0
2025-03-01,08Q,0,0
2025-08-01,08Q,0,0
2026-06-01,08Q,0,0
2026-04-01,08Q,0,0
2022-01-01,08Q,0,0
2023-04-01,08Q,0,0
2024-04-01,08Q,0,0
2025-04-01,08Q,0,0
2026-05-01,08Q,0,0
2023-01-01,08Q,0,0
2023-05-01,08Q,0,0
2025-09-01,08Q,0,0
2022-12-01,08Q,0,0
2021-08-01,08Q,0,0
2021-11-01,08Q,0,0
2023-02-01,08Q,0,0
2021-09-01,08Q,0,0
2023-09-01,08Q,0,0
2025-06-01,08Q,0,0
2022-04-01,08Q,0,0
2023-11-01,08Q,0,0
2023-12-01,08Q,0,0
2023-07-01,08Q,0,0
2024-05-01,08Q,0,0
2022-02-01,08Q,0,0
2025-05-01,08Q,0,0
2021-06-01,08Q,0,0
2021-12-01,08Q,0,0
2026-02-01,08Q,0,0
2023-06-01,08Q,0,0
2024-02-01,08Q,0,0
2024-10-01,08Q,0,0
2025-01-01,08Q,0,0
2021-07-01,08Q,0,0
2024-03-01,08Q,0,0
2024-07-01,08Q,0,0
2024-09-01,08Q,0,0
2022-08-01,08Q,0,0
2022-10-01,08R,0,0
2026-06-01,08R,0,0
2022-11-01,08R,0,0
2022-06-01,08R,0,0
2024-09-01,08R,0,0
2025-03-01,08R,0,0
2022-04-01,08R,0,0
2021-07-01,08R,0,0
2021-10-01,08R,0,0
2022-05-01,08R,0,0
2023-11-01,08R,0,0
2023-10-01,08R,0,0
2023-12-01,08R,0,0
2024-07-01,08R,0,0
2024-12-01,08R,0,0
2024-03-01,08R,0,0
2024-06-01,08R,0,0
2025-01-01,08R,0,0
2022-02-01,08R,0,0
2021-12-01,08R,0,0
2024-05-01,08R,0,0
2025-09-01,08R,0,0
2026-03-01,08R,0,0
2021-08-01,08R,0,0
2022-08-01,08R,0,0
2026-05-01,08R,0,0
2022-01-01,08R,0,0
2025-02-01,08R,0,0
2024-10-01,08R,0,0
2023-01-01,08R,0,0
2024-02-01,08R,0,0
2021-11-01,08R,0,0
2022-09-01,08R,0,0
2023-09-01,08R,0,0
2025-07-01,08R,0,0
2025-10-01,08R,0,0
2022-12-01,08R,0,0
2023-07-01,08R,0,0
2025-04-01,08R,0,0
2025-06-01,08R,0,0
2023-03-01,08R,0,0
2023-05-01,08R,0,0
2025-08-01,08R,0,0
2025-11-01,08R,0,0
2025-12-01,08R,0,0
2023-08-01,08R,0,0
2024-08-01,08R,0,0
2026-02-01,08R,0,0
2022-03-01,08R,0,0
2024-11-01,08R,0,0
2023-04-01,08R,0,0
2022-07-01,08R,0,0
2023-06-01,08R,0,0
2024-01-01,08R,0,0
2024-04-01,08R,0,0
2021-06-01,08R,0,0
2025-05-01,08R,0,0
2023-02-01,08R,0,0
2026-04-01,08R,0,0
2026-01-01,08R,0,0
2021-09-01,08R,0,0
2025-06-01,08T,0,0
2025-12-01,08T,0,0
2023-11-01,08T,0,0
2022-11-01,08T,0,0
2024-07-01,08T,0,0
2022-02-01,08T,0,0
2024-02-01,08T,0,0
2022-03-01,08T,0,0
2021-12-01,08T,0,0
2026-01-01,08T,0,0
2023-06-01,08T,0,0
2021-06-01,08T,0,0
2023-04-01,08T,0,0
2023-07-01,08T,0,0
2024-11-01,08T,0,0
2023-03-01,08T,0,0
2024-01-01,08T,0,0
2025-05-01,08T,0,0
2025-10-01,08T,0,0
2026-06-01,08T,0,0
2024-12-01,08T,0,0
2025-04-01,08T,0,0
2023-10-01,08T,0,0
2023-12-01,08T,0,0
2024-06-01,08T,0,0
2025-11-01,08T,0,0
2023-02-01,08T,0,0
2023-05-01,08T,0,0
2025-03-01,08T,0,0
2021-10-01,08T,0,0
2022-06-01,08T,0,0
2022-07-01,08T,0,0
2025-02-01,08T,0,0
2021-07-01,08T,0,0
2023-01-01,08T,0,0
2024-03-01,08T,0,0
2026-04-01,08T,0,0
2021-11-01,08T,0,0
2024-05-01,08T,0,0
2026-03-01,08T,0,0
2024-08-01,08T,0,0
2026-05-01,08T,0,0
2025-08-01,08T,0,0
2022-10-01,08T,0,0
2023-09-01,08T,0,0
2025-07-01,08T,0,0
2021-08-01,08T,0,0
2023-08-01,08T,0,0
2022-04-01,08T,0,0
2024-09-01,08T,0,0
2022-12-01,08T,0,0
2022-01-01,08T,0,0
2022-08-01,08T,0,0
2024-04-01,08T,0,0
2025-09-01,08T,0,0
2025-01-01,08T,0,0
2021-09-01,08T,0,0
2024-10-01,08T,0,0
2022-05-01,08T,0,0
2022-09-01,08T,0,0
2026-02-01,08T,0,0
2021-07-01,08V,0,0
2024-02-01,08V,0,0
2025-09-01,08V,0,0
2023-05-01,08V,0,0
2023-10-01,08V,0,0
2024-06-01,08V,0,0
2026-03-01,08V,0,0
2021-10-01,08V,0,0
2022-09-01,08V,0,0
2022-11-01,08V,0,0
2022-08-01,08V,0,0
2022-04-01,08V,0,0
2022-12-01,08V,0,0
2023-02-01,08V,0,0
2024-01-01,08V,0,0
2022-03-01,08V,0,0
2025-03-01,08V,0,0
2022-10-01,08V,0,0
2024-03-01,08V,0,0
2023-03-01,08V,0,0
2025-08-01,08V,0,0
2023-12-01,08V,0,0
2025-11-01,08V,0,0
2021-09-01,08V,0,0
2026-02-01,08V,0,0
2026-06-01,08V,0,0
2022-06-01,08V,0,0
2021-08-01,08V,0,0
2024-10-01,08V,0,0
2023-06-01,08V,0,0
2023-07-01,08V,0,0
2026-04-01,08V,0,0
2025-07-01,08V,0,0
2023-11-01,08V,0,0
2025-10-01,08V,0,0
2024-07-01,08V,0,0
2024-04-01,08V,0,0
2025-12-01,08V,0,0
2025-02-01,08V,0,0
2023-01-01,08V,0,0
2024-11-01,08V,0,0
2023-04-01,08V,0,0
2025-01-01,08V,0,0
2026-05-01,08V,0,0
2023-09-01,08V,0,0
2022-01-01,08V,0,0
2024-09-01,08V,0,0
2021-06-01,08V,0,0
2021-11-01,08V,0,0
2021-12-01,08V,0,0
2022-07-01,08V,0,0
2025-04-01,08V,0,0
2025-05-01,08V,0,0
2022-05-01,08V,0,0
2023-08-01,08V,0,0
2024-08-01,08V,0,0
2024-05-01,08V,0,0
2024-12-01,08V,0,0
2022-02-01,08V,0,0
2025-06-01,08V,0,0
2026-01-01,08V,0,0
2023-05-01,08W,0,0
2023-10-01,08W,0,0
2024-02-01,08W,0,0
2023-08-01,08W,0,0
2024-01-01,08W,0,0
2026-04-01,08W,0,0
2021-12-01,08W,0,0
2023-12-01,08W,0,0
2024-11-01,08W,0,0
2025-10-01,08W,0,0
2026-01-01,08W,0,0
2024-03-01,08W,0,0
2025-01-01,08W,0,0
2022-10-01,08W,0,0
2025-06-01,08W,0,0
2021-07-01,08W,0,0
2022-06-01,08W,0,0
2022-03-01,08W,0,0
2021-06-01,08W,0,0
2025-03-01,08W,0,0
2023-03-01,08W,0,0
2025-02-01,08W,0,0
2025-08-01,08W,0,0
2022-05-01,08W,0,0
2022-02-01,08W,0,0
2022-07-01,08W,0,0
2025-05-01,08W,0,0
2026-03-01,08W,0,0
2025-12-01,08W,0,0
2022-04-01,08W,0,0
2026-05-01,08W,0,0
2023-02-01,08W,0,0
2025-07-01,08W,0,0
2021-11-01,08W,0,0
2023-06-01,08W,0,0
2024-07-01,08W,0,0
2023-01-01,08W,0,0
2024-10-01,08W,0,0
2022-01-01,08W,0,0
2022-12-01,08W,0,0
2024-09-01,08W,0,0
2026-06-01,08W,0,0
2024-12-01,08W,0,0
2022-08-01,08W,0,0
2025-09-01,08W,0,0
2023-04-01,08W,0,0
2021-09-01,08W,0,0
2023-07-01,08W,0,0
2021-08-01,08W,0,0
2021-10-01,08W,0,0
2024-08-01,08W,0,0
2022-09-01,08W,0,0
2025-11-01,08W,0,0
2023-11-01,08W,0,0
2024-04-01,08W,0,0
2024-05-01,08W,0,0
2024-06-01,08W,0,0
2022-11-01,08W,0,0
2023-09-01,08W,0,0
2025-04-01,08W,0,0
2026-02-01,08W,0,0
2026-03-01,08X,0,0
2024-12-01,08X,0,0
2024-09-01,08X,0,0
2024-03-01,08X,0,0
2022-11-01,08X,0,0
2025-04-01,08X,0,0
2024-07-01,08X,0,0
2025-08-01,08X,0,0
2026-01-01,08X,0,0
2022-02-01,08X,0,0
2022-04-01,08X,0,0
2022-10-01,08X,0,0
2023-06-01,08X,0,0
2022-07-01,08X,0,0
2021-11-01,08X,0,0
2022-08-01,08X,0,0
2026-06-01,08X,0,0
2025-12-01,08X,0,0
2025-06-01,08X,0,0
2025-07-01,08X,0,0
2023-03-01,08X,0,0
2024-10-01,08X,0,0
2025-03-01,08X,0,0
2025-05-01,08X,0,0
2021-12-01,08X,0,0
2023-12-01,08X,0,0
2021-07-01,08X,0,0
2026-05-01,08X,0,0
2023-10-01,08X,0,0
2021-06-01,08X,0,0
2026-02-01,08X,0,0
2024-08-01,08X,0,0
2025-01-01,08X,0,0
2022-03-01,08X,0,0
2025-09-01,08X,0,0
2023-08-01,08X,0,0
2021-09-01,08X,0,0
2023-05-01,08X,0,0
2023-09-01,08X,0,0
2021-10-01,08X,0,0
2022-01-01,08X,0,0
2023-01-01,08X,0,0
2024-04-01,08X,0,0
2024-06-01,08X,0,0
2024-01-01,08X,0,0
2024-02-01,08X,0,0
2025-02-01,08X,0,0
2025-10-01,08X,0,0
2024-11-01,08X,0,0
2022-05-01,08X,0,0
2022-09-01,08X,0,0
2022-06-01,08X,0,0
2023-11-01,08X,0,0
2024-05-01,08X,0,0
2021-08-01,08X,0,0
2025-11-01,08X,0,0
2023-02-01,08X,0,0
2023-04-01,08X,0,0
2026-04-01,08X,0,0
2022-12-01,08X,0,0
2023-07-01,08X,0,0
2022-03-01,08Y,0,0
2022-07-01,08Y,0,0
2023-02-01,08Y,0,0
2026-02-01,08Y,0,0
2026-05-01,08Y,0,0
2023-12-01,08Y,0,0
2024-03-01,08Y,0,0
2025-04-01,08Y,0,0
2022-01-01,08Y,0,0
2024-01-01,08Y,0,0
2025-10-01,08Y,0,0
2021-11-01,08Y,0,0
2024-04-01,08Y,0,0
2022-05-01,08Y,0,0
2023-10-01,08Y,0,0
2025-01-01,08Y,0,0
2022-12-01,08Y,0,0
2023-09-01,08Y,0,0
2021-12-01,08Y,0,0
2022-10-01,08Y,0,0
2022-02-01,08Y,0,0
2023-05-01,08Y,0,0
2022-08-01,08Y,0,0
2025-03-01,08Y,0,0
2021-07-01,08Y,0,0
2025-09-01,08Y,0,0
2023-04-01,08Y,0,0
2025-02-01,08Y,0,0
2023-03-01,08Y,0,0
2023-08-01,08Y,0,0
2024-07-01,08Y,0,0
2024-11-01,08Y,0,0
2025-12-01,08Y,0,0
2021-06-01,08Y,0,0
2026-03-01,08Y,0,0
2023-06-01,08Y,0,0
2023-07-01,08Y,0,0
2024-06-01,08Y,0,0
2025-08-01,08Y,0,0
2021-08-01,08Y,0,0
2023-01-01,08Y,0,0
2026-04-01,08Y,0,0
2026-06-01,08Y,0,0
2025-05-01,08Y,0,0
2025-11-01,08Y,0,0
2022-04-01,08Y,0,0
2024-12-01,08Y,0,0
2025-07-01,08Y,0,0
2024-09-01,08Y,0,0
2024-10-01,08Y,0,0
2022-09-01,08Y,0,0
2021-10-01,08Y,0,0
2026-01-01,08Y,0,0
2022-06-01,08Y,0,0
2022-11-01,08Y,0,0
2024-05-01,08Y,0,0
2025-06-01,08Y,0,0
2024-08-01,08Y,0,0
2023-11-01,08Y,0,0
2024-02-01,08Y,0,0
2021-09-01,08Y,0,0
2022-09-01,09A,0,0
2021-07-01,09A,0,0
2023-01-01,09A,0,0
2023-07-01,09A,0,0
2024-08-01,09A,0,0
2025-07-01,09A,0,0
2023-03-01,09A,0,0
2025-02-01,09A,0,0
2026-04-01,09A,0,0
2022-12-01,09A,0,0
2025-06-01,09A,0,0
2022-11-01,09A,0,0
2021-08-01,09A,0,0
2022-04-01,09A,0,0
2024-03-01,09A,0,0
2022-05-01,09A,0,0
2022-06-01,09A,0,0
2022-07-01,09A,0,0
2024-09-01,09A,0,0
2026-03-01,09A,0,0
2022-03-01,09A,0,0
2023-05-01,09A,0,0
2026-06-01,09A,0,0
2021-11-01,09A,0,0
2024-05-01,09A,0,0
2023-04-01,09A,0,0
2023-11-01,09A,0,0
2023-10-01,09A,0,0
2021-09-01,09A,0,0
2021-12-01,09A,0,0
2023-12-01,09A,0,0
2021-06-01,09A,0,0
2024-04-01,09A,0,0
2026-05-01,09A,0,0
2025-05-01,09A,0,0
2025-08-01,09A,0,0
2024-07-01,09A,0,0
2024-10-01,09A,0,0
2025-03-01,09A,0,0
2025-12-01,09A,0,0
2022-10-01,09A,0,0
2024-06-01,09A,0,0
2022-08-01,09A,0,0
2024-01-01,09A,0,0
2026-01-01,09A,0,0
2022-01-01,09A,0,0
2024-02-01,09A,0,0
2025-09-01,09A,0,0
2023-08-01,09A,0,0
2025-10-01,09A,0,0
2026-02-01,09A,0,0
2022-02-01,09A,0,0
2023-06-01,09A,0,0
2025-01-01,09A,0,0
2021-10-01,09A,0,0
2023-09-01,09A,0,0
2023-02-01,09A,0,0
2024-11-01,09A,0,0
2025-11-01,09A,0,0
2024-12-01,09A,0,0
2025-04-01,09A,0,0
2021-10-01,09C,0,0
2021-08-01,09C,0,0
2022-08-01,09C,0,0
2022-01-01,09C,0,0
2022-10-01,09C,0,0
2025-04-01,09C,0,0
2025-09-01,09C,0,0
2026-03-01,09C,0,0
2022-06-01,09C,0,0
2023-07-01,09C,0,0
2024-11-01,09C,0,0
2021-06-01,09C,0,0
2021-09-01,09C,0,0
2023-03-01,09C,0,0
2024-12-01,09C,0,0
2023-09-01,09C,0,0
2021-11-01,09C,0,0
2025-08-01,09C,0,0
2023-01-01,09C,0,0
2023-02-01,09C,0,0
2023-12-01,09C,0,0
2023-05-01,09C,0,0
2023-10-01,09C,0,0
2026-01-01,09C,0,0
2025-01-01,09C,0,0
2022-04-01,09C,0,0
2023-11-01,09C,0,0
2024-02-01,09C,0,0
2024-04-01,09C,0,0
2024-03-01,09C,0,0
2022-12-01,09C,0,0
2025-03-01,09C,0,0
2026-02-01,09C,0,0
2022-05-01,09C,0,0
2024-05-01,09C,0,0
2025-07-01,09C,0,0
2025-10-01,09C,0,0
2023-04-01,09C,0,0
2025-02-01,09C,0,0
2025-11-01,09C,0,0
2022-03-01,09C,0,0
2021-07-01,09C,0,0
2026-06-01,09C,0,0
2025-05-01,09C,0,0
2026-04-01,09C,0,0
2024-10-01,09C,0,0
2025-12-01,09C,0,0
2023-06-01,09C,0,0
2024-09-01,09C,0,0
2024-06-01,09C,0,0
2022-09-01,09C,0,0
2025-06-01,09C,0,0
2021-12-01,09C,0,0
2024-08-01,09C,0,0
2022-11-01,09C,0,0
2023-08-01,09C,0,0
2026-05-01,09C,0,0
2024-07-01,09C,0,0
2022-02-01,09C,0,0
2022-07-01,09C,0,0
2024-01-01,09C,0,0
2026-05-01,09E,0,0
2023-09-01,09E,0,0
2025-09-01,09E,0,0
2026-03-01,09E,0,0
2022-03-01,09E,0,0
2024-03-01,09E,0,0
2023-11-01,09E,0,0
2021-12-01,09E,0,0
2023-03-01,09E,0,0
2025-01-01,09E,0,0
2025-11-01,09E,0,0
2021-11-01,09E,0,0
2022-09-01,09E,0,0
2023-05-01,09E,0,0
2023-08-01,09E,0,0
2022-07-01,09E,0,0
2023-10-01,09E,0,0
2024-04-01,09E,0,0
2026-06-01,09E,0,0
2022-04-01,09E,0,0
2024-05-01,09E,0,0
2025-12-01,09E,0,0
2021-09-01,09E,0,0
2022-10-01,09E,0,0
2022-08-01,09E,0,0
2022-11-01,09E,0,0
2026-01-01,09E,0,0
2022-01-01,09E,0,0
2025-04-01,09E,0,0
2024-10-01,09E,0,0
2025-02-01,09E,0,0
2024-01-01,09E,0,0
2026-02-01,09E,0,0
2026-04-01,09E,0,0
2023-01-01,09E,0,0
2023-06-01,09E,0,0
2025-08-01,09E,0,0
2021-08-01,09E,0,0
2025-10-01,09E,0,0
2021-10-01,09E,0,0
2024-02-01,09E,0,0
2021-07-01,09E,0,0
2024-07-01,09E,0,0
2024-09-01,09E,0,0
2025-06-01,09E,0,0
2022-02-01,09E,0,0
2021-06-01,09E,0,0
2024-06-01,09E,0,0
2025-07-01,09E,0,0
2023-12-01,09E,0,0
2024-12-01,09E,0,0
2023-07-01,09E,0,0
2022-06-01,09E,0,0
2022-12-01,09E,0,0
2023-02-01,09E,0,0
2023-04-01,09E,0,0
2024-11-01,09E,0,0
2025-03-01,09E,0,0
2025-05-01,09E,0,0
2022-05-01,09E,0,0
2024-08-01,09E,0,0
2024-09-01,09F,0,0
2025-09-01,09F,0,0
2022-12-01,09F,0,0
2021-06-01,09F,0,0
2021-07-01,09F,0,0
2025-12-01,09F,0,0
2026-01-01,09F,0,0
2024-02-01,09F,0,0
2024-07-01,09F,0,0
2022-06-01,09F,0,0
2024-06-01,09F,0,0
2024-08-01,09F,0,0
2023-04-01,09F,0,0
2025-04-01,09F,0,0
2021-11-01,09F,0,0
2022-01-01,09F,0,0
2025-05-01,09F,0,0
2024-01-01,09F,0,0
2021-08-01,09F,0,0
2023-02-01,09F,0,0
2025-10-01,09F,0,0
2021-12-01,09F,0,0
2022-07-01,09F,0,0
2026-06-01,09F,0,0
2022-02-01,09F,0,0
2026-05-01,09F,0,0
2022-04-01,09F,0,0
2022-11-01,09F,0,0
2021-09-01,09F,0,0
2022-08-01,09F,0,0
2023-01-01,09F,0,0
2023-08-01,09F,0,0
2025-07-01,09F,0,0
2026-02-01,09F,0,0
2022-09-01,09F,0,0
2023-09-01,09F,0,0
2023-12-01,09F,0,0
2025-11-01,09F,0,0
2021-10-01,09F,0,0
2023-07-01,09F,0,0
2024-03-01,09F,0,0
2025-03-01,09F,0,0
2026-03-01,09F,0,0
2025-02-01,09F,0,0
2025-06-01,09F,0,0
2024-05-01,09F,0,0
2025-01-01,09F,0,0
2022-03-01,09F,0,0
2025-08-01,09F,0,0
2024-04-01,09F,0,0
2023-11-01,09F,0,0
2026-04-01,09F,0,0
2024-12-01,09F,0,0
2023-03-01,09F,0,0
2024-11-01,09F,0,0
2023-10-01,09F,0,0
2022-05-01,09F,0,0
2022-10-01,09F,0,0
2023-05-01,09F,0,0
2023-06-01,09F,0,0
2024-10-01,09F,0,0
2021-10-01,09G,0,0
2021-11-01,09G,0,0
2022-02-01,09G,0,0
2025-01-01,09G,0,0
2024-05-01,09G,0,0
2023-10-01,09G,0,0
2025-12-01,09G,0,0
2021-12-01,09G,0,0
2022-03-01,09G,0,0
2022-06-01,09G,0,0
2023-12-01,09G,0,0
2023-07-01,09G,0,0
2026-01-01,09G,0,0
2024-08-01,09G,0,0
2023-02-01,09G,0,0
2023-09-01,09G,0,0
2023-11-01,09G,0,0
2024-01-01,09G,0,0
2026-06-01,09G,0,0
2023-04-01,09G,0,0
2024-07-01,09G,0,0
2025-07-01,09G,0,0
2022-07-01,09G,0,0
2023-05-01,09G,0,0
2023-06-01,09G,0,0
2026-03-01,09G,0,0
2025-03-01,09G,0,0
2021-09-01,09G,0,0
2024-09-01,09G,0,0
2025-09-01,09G,0,0
2026-02-01,09G,0,0
2022-11-01,09G,0,0
2023-03-01,09G,0,0
2024-03-01,09G,0,0
2025-06-01,09G,0,0
2021-07-01,09G,0,0
2022-10-01,09G,0,0
2024-10-01,09G,0,0
2023-08-01,09G,0,0
2025-08-01,09G,0,0
2021-06-01,09G,0,0
2025-05-01,09G,0,0
2022-01-01,09G,0,0
2025-10-01,09G,0,0
2024-02-01,09G,0,0
2025-02-01,09G,0,0
2024-06-01,09G,0,0
2026-05-01,09G,0,0
2025-04-01,09G,0,0
2022-12-01,09G,0,0
2026-04-01,09G,0,0
2024-12-01,09G,0,0
2025-11-01,09G,0,0
2024-11-01,09G,0,0
2022-04-01,09G,0,0
2022-08-01,09G,0,0
2022-09-01,09G,0,0
2023-01-01,09G,0,0
2021-08-01,09G,0,0
2022-05-01,09G,0,0
2024-04-01,09G,0,0
2021-06-01,09J,0,0
2022-05-01,09J,0,0
2022-11-01,09J,0,0
2023-09-01,09J,0,0
2024-07-01,09J,0,0
2026-04-01,09J,0,0
2024-08-01,09J,0,0
2025-10-01,09J,0,0
2023-10-01,09J,0,0
2023-11-01,09J,0,0
2023-04-01,09J,0,0
2024-10-01,09J,0,0
2023-07-01,09J,0,0
2023-02-01,09J,0,0
2024-09-01,09J,0,0
2022-07-01,09J,0,0
2024-06-01,09J,0,0
2025-12-01,09J,0,0
2024-02-01,09J,0,0
2021-12-01,09J,0,0
2025-04-01,09J,0,0
2025-09-01,09J,0,0
2025-01-01,09J,0,0
2022-03-01,09J,0,0
2026-01-01,09J,0,0
2022-02-01,09J,0,0
2025-02-01,09J,0,0
2025-05-01,09J,0,0
2022-01-01,09J,0,0
2025-11-01,09J,0,0
2022-06-01,09J,0,0
2026-03-01,09J,0,0
2021-09-01,09J,0,0
2023-01-01,09J,0,0
2024-12-01,09J,0,0
2023-08-01,09J,0,0
2024-11-01,09J,0,0
2025-03-01,09J,0,0
2024-04-01,09J,0,0
2022-09-01,09J,0,0
2026-05-01,09J,0,0
2024-05-01,09J,0,0
2021-07-01,09J,0,0
2023-06-01,09J,0,0
2024-01-01,09J,0,0
2023-03-01,09J,0,0
2023-05-01,09J,0,0
2025-07-01,09J,0,0
2022-12-01,09J,0,0
2021-11-01,09J,0,0
2021-08-01,09J,0,0
2024-03-01,09J,0,0
2023-12-01,09J,0,0
2022-04-01,09J,0,0
2026-06-01,09J,0,0
2025-06-01,09J,0,0
2026-02-01,09J,0,0
2022-08-01,09J,0,0
2025-08-01,09J,0,0
2022-10-01,09J,0,0
2021-10-01,09J,0,0
2022-09-01,09L,0,0
2025-05-01,09L,0,0
2022-01-01,09L,0,0
2024-01-01,09L,0,0
2026-02-01,09L,0,0
2023-08-01,09L,0,0
2024-02-01,09L,0,0
2026-03-01,09L,0,0
2023-01-01,09L,0,0
2023-10-01,09L,0,0
2023-04-01,09L,0,0
2026-05-01,09L,0,0
2026-04-01,09L,0,0
2022-03-01,09L,0,0
2022-05-01,09L,0,0
2024-12-01,09L,0,0
2022-11-01,09L,0,0
2024-04-01,09L,0,0
2025-02-01,09L,0,0
2021-08-01,09L,0,0
2023-02-01,09L,0,0
2021-07-01,09L,0,0
2023-06-01,09L,0,0
2025-07-01,09L,0,0
2023-09-01,09L,0,0
2021-09-01,09L,0,0
2023-11-01,09L,0,0
2022-04-01,09L,0,0
2025-10-01,09L,0,0
2021-12-01,09L,0,0
2024-09-01,09L,0,0
2025-12-01,09L,0,0
2025-01-01,09L,0,0
2021-10-01,09L,0,0
2025-09-01,09L,0,0
2022-07-01,09L,0,0
2023-07-01,09L,0,0
2023-05-01,09L,0,0
2024-07-01,09L,0,0
2025-04-01,09L,0,0
2025-08-01,09L,0,0
2025-11-01,09L,0,0
2022-02-01,09L,0,0
2023-12-01,09L,0,0
2022-08-01,09L,0,0
2022-12-01,09L,0,0
2023-03-01,09L,0,0
2024-05-01,09L,0,0
2024-11-01,09L,0,0
2026-06-01,09L,0,0
2026-01-01,09L,0,0
2022-10-01,09L,0,0
2024-06-01,09L,0,0
2024-08-01,09L,0,0
2021-06-01,09L,0,0
2022-06-01,09L,0,0
2025-06-01,09L,0,0
2024-03-01,09L,0,0
2024-10-01,09L,0,0
2021-11-01,09L,0,0
2025-03-01,09L,0,0
2025-02-01,09P,0,0
2021-06-01,09P,0,0
2022-12-01,09P,0,0
2023-03-01,09P,0,0
2025-01-01,09P,0,0
2021-10-01,09P,0,0
2024-03-01,09P,0,0
2026-02-01,09P,0,0
2025-10-01,09P,0,0
2022-07-01,09P,0,0
2025-07-01,09P,0,0
2025-12-01,09P,0,0
2026-04-01,09P,0,0
2022-05-01,09P,0,0
2022-09-01,09P,0,0
2026-03-01,09P,0,0
2023-01-01,09P,0,0
2025-11-01,09P,0,0
2024-08-01,09P,0,0
2024-11-01,09P,0,0
2025-06-01,09P,0,0
2022-10-01,09P,0,0
2023-07-01,09P,0,0
2022-11-01,09P,0,0
2023-11-01,09P,0,0
2024-05-01,09P,0,0
2025-09-01,09P,0,0
2026-06-01,09P,0,0
2023-08-01,09P,0,0
2026-01-01,09P,0,0
2024-12-01,09P,0,0
2025-05-01,09P,0,0
2021-07-01,09P,0,0
2024-02-01,09P,0,0
2025-03-01,09P,0,0
2021-12-01,09P,0,0
2024-06-01,09P,0,0
2025-04-01,09P,0,0
2023-04-01,09P,0,0
2021-11-01,09P,0,0
2024-01-01,09P,0,0
2023-09-01,09P,0,0
2024-04-01,09P,0,0
2021-09-01,09P,0,0
2022-01-01,09P,0,0
2023-06-01,09P,0,0
2022-08-01,09P,0,0
2025-08-01,09P,0,0
2023-10-01,09P,0,0
2024-09-01,09P,0,0
2026-05-01,09P,0,0
2022-06-01,09P,0,0
2024-07-01,09P,0,0
2022-03-01,09P,0,0
2022-04-01,09P,0,0
2023-02-01,09P,0,0
2024-10-01,09P,0,0
2021-08-01,09P,0,0
2022-02-01,09P,0,0
2023-12-01,09P,0,0
2023-05-01,09P,0,0
2021-07-01,09W,0,0
2023-05-01,09W,0,0
2024-08-01,09W,0,0
2024-09-01,09W,0,0
2023-07-01,09W,0,0
2023-12-01,09W,0,0
2024-02-01,09W,0,0
2023-08-01,09W,0,0
2025-06-01,09W,0,0
2023-09-01,09W,0,0
2023-10-01,09W,0,0
2024-07-01,09W,0,0
2021-09-01,09W,0,0
2021-11-01,09W,0,0
2023-04-01,09W,0,0
2026-03-01,09W,0,0
2022-05-01,09W,0,0
2024-06-01,09W,0,0
2021-06-01,09W,0,0
2025-09-01,09W,0,0
2022-01-01,09W,0,0
2022-03-01,09W,0,0
2024-11-01,09W,0,0
2026-05-01,09W,0,0
2022-04-01,09W,0,0
2022-07-01,09W,0,0
2022-11-01,09W,0,0
2025-01-01,09W,0,0
2024-04-01,09W,0,0
2024-10-01,09W,0,0
2026-04-01,09W,0,0
2021-08-01,09W,0,0
2025-07-01,09W,0,0
2023-03-01,09W,0,0
2022-06-01,09W,0,0
2023-06-01,09W,0,0
2025-04-01,09W,0,0
2022-09-01,09W,0,0
2023-01-01,09W,0,0
2023-11-01,09W,0,0
2025-12-01,09W,0,0
2026-02-01,09W,0,0
2026-01-01,09W,0,0
2026-06-01,09W,0,0
2024-03-01,09W,0,0
2024-01-01,09W,0,0
2025-05-01,09W,0,0
2025-10-01,09W,0,0
2022-10-01,09W,0,0
2025-11-01,09W,0,0
2022-12-01,09W,0,0
2024-12-01,09W,0,0
2025-02-01,09W,0,0
2021-10-01,09W,0,0
2022-02-01,09W,0,0
2021-12-01,09W,0,0
2023-02-01,09W,0,0
2025-03-01,09W,0,0
2022-08-01,09W,0,0
2024-05-01,09W,0,0
2025-08-01,09W,0,0
2026-04-01,09Y,0,0
2021-11-01,09Y,0,0
2024-10-01,09Y,0,0
2023-11-01,09Y,0,0
2021-08-01,09Y,0,0
2026-02-01,09Y,0,0
2023-06-01,09Y,0,0
2024-07-01,09Y,0,0
2025-06-01,09Y,0,0
2025-08-01,09Y,0,0
2021-07-01,09Y,0,0
2025-09-01,09Y,0,0
2022-07-01,09Y,0,0
2022-09-01,09Y,0,0
2023-04-01,09Y,0,0
2024-03-01,09Y,0,0
2021-10-01,09Y,0,0
2025-02-01,09Y,0,0
2026-01-01,09Y,0,0
2024-09-01,09Y,0,0
2025-04-01,09Y,0,0
2024-11-01,09Y,0,0
2025-11-01,09Y,0,0
2023-07-01,09Y,0,0
2022-04-01,09Y,0,0
2024-04-01,09Y,0,0
2022-03-01,09Y,0,0
2022-01-01,09Y,0,0
2023-01-01,09Y,0,0
2024-01-01,09Y,0,0
2022-12-01,09Y,0,0
2023-09-01,09Y,0,0
2023-10-01,09Y,0,0
2025-10-01,09Y,0,0
2026-06-01,09Y,0,0
2024-06-01,09Y,0,0
2025-07-01,09Y,0,0
2022-02-01,09Y,0,0
2022-11-01,09Y,0,0
2024-12-01,09Y,0,0
2026-05-01,09Y,0,0
2023-08-01,09Y,0,0
2024-05-01,09Y,0,0
2025-03-01,09Y,0,0
2026-03-01,09Y,0,0
2021-12-01,09Y,0,0
2023-05-01,09Y,0,0
2022-05-01,09Y,0,0
2023-02-01,09Y,0,0
2023-03-01,09Y,0,0
2024-02-01,09Y,0,0
2025-05-01,09Y,0,0
2025-12-01,09Y,0,0
2022-08-01,09Y,0,0
2022-06-01,09Y,0,0
2024-08-01,09Y,0,0
2025-01-01,09Y,0,0
2021-09-01,09Y,0,0
2021-06-01,09Y,0,0
2022-10-01,09Y,0,0
2023-12-01,09Y,0,0
2022-07-01,10A,0,0
2025-06-01,10A,0,0
2025-01-01,10A,0,0
2023-05-01,10A,0,0
2021-07-01,10A,0,0
2023-06-01,10A,0,0
2024-06-01,10A,0,0
2024-07-01,10A,0,0
2025-03-01,10A,0,0
2024-12-01,10A,0,0
2025-09-01,10A,0,0
2022-08-01,10A,0,0
2023-11-01,10A,0,0
2023-12-01,10A,0,0
2026-01-01,10A,0,0
2023-04-01,10A,0,0
2022-04-01,10A,0,0
2023-01-01,10A,0,0
2021-12-01,10A,0,0
2023-02-01,10A,0,0
2024-08-01,10A,0,0
2021-11-01,10A,0,0
2025-05-01,10A,0,0
2021-08-01,10A,0,0
2021-10-01,10A,0,0
2024-09-01,10A,0,0
2025-02-01,10A,0,0
2022-06-01,10A,0,0
2024-03-01,10A,0,0
2026-03-01,10A,0,0
2021-09-01,10A,0,0
2022-03-01,10A,0,0
2022-12-01,10A,0,0
2023-07-01,10A,0,0
2022-01-01,10A,0,0
2022-05-01,10A,0,0
2024-05-01,10A,0,0
2026-02-01,10A,0,0
2025-11-01,10A,0,0
2022-09-01,10A,0,0
2025-08-01,10A,0,0
2025-12-01,10A,0,0
2024-11-01,10A,0,0
2022-10-01,10A,0,0
2023-09-01,10A,0,0
2021-06-01,10A,0,0
2025-04-01,10A,0,0
2022-11-01,10A,0,0
2025-10-01,10A,0,0
2026-04-01,10A,0,0
2026-05-01,10A,0,0
2026-06-01,10A,0,0
2022-02-01,10A,0,0
2023-08-01,10A,0,0
2024-04-01,10A,0,0
2023-03-01,10A,0,0
2024-02-01,10A,0,0
2023-10-01,10A,0,0
2024-10-01,10A,0,0
2025-07-01,10A,0,0
2024-01-01,10A,0,0
2024-06-01,10C,0,0
2025-10-01,10C,0,0
2026-02-01,10C,0,0
2021-10-01,10C,0,0
2022-07-01,10C,0,0
2021-06-01,10C,0,0
2022-02-01,10C,0,0
2025-02-01,10C,0,0
2022-03-01,10C,0,0
2024-09-01,10C,0,0
2025-04-01,10C,0,0
2024-12-01,10C,0,0
2025-01-01,10C,0,0
2024-03-01,10C,0,0
2026-06-01,10C,0,0
2022-12-01,10C,0,0
2023-08-01,10C,0,0
2025-12-01,10C,0,0
2023-09-01,10C,0,0
2024-01-01,10C,0,0
2025-07-01,10C,0,0
2021-11-01,10C,0,0
2022-04-01,10C,0,0
2022-11-01,10C,0,0
2026-05-01,10C,0,0
2023-03-01,10C,0,0
2023-12-01,10C,0,0
2026-01-01,10C,0,0
2023-07-01,10C,0,0
2025-03-01,10C,0,0
2023-05-01,10C,0,0
2023-10-01,10C,0,0
2025-09-01,10C,0,0
2022-08-01,10C,0,0
2023-06-01,10C,0,0
2026-03-01,10C,0,0
2025-06-01,10C,0,0
2023-02-01,10C,0,0
2023-11-01,10C,0,0
2022-01-01,10C,0,0
2022-10-01,10C,0,0
2024-02-01,10C,0,0
2021-12-01,10C,0,0
2023-01-01,10C,0,0
2024-04-01,10C,0,0
2025-05-01,10C,0,0
2026-04-01,10C,0,0
2022-06-01,10C,0,0
2024-07-01,10C,0,0
2021-09-01,10C,0,0
2023-04-01,10C,0,0
2024-10-01,10C,0,0
2022-05-01,10C,0,0
2024-05-01,10C,0,0
2025-11-01,10C,0,0
2021-08-01,10C,0,0
2022-09-01,10C,0,0
2025-08-01,10C,0,0
2021-07-01,10C,0,0
2024-11-01,10C,0,0
2024-08-01,10C,0,0
2023-07-01,10D,0,0
2024-06-01,10D,0,0
2021-06-01,10D,0,0
2021-09-01,10D,0,0
2025-02-01,10D,0,0
2023-09-01,10D,0,0
2024-03-01,10D,0,0
2025-12-01,10D,0,0
2025-03-01,10D,0,0
2024-09-01,10D,0,0
2021-07-01,10D,0,0
2022-08-01,10D,0,0
2023-01-01,10D,0,0
2022-04-01,10D,0,0
2024-04-01,10D,0,0
2024-11-01,10D,0,0
2023-04-01,10D,0,0
2025-04-01,10D,0,0
2022-05-01,10D,0,0
2022-07-01,10D,0,0
2024-07-01,10D,0,0
2024-08-01,10D,0,0
2025-09-01,10D,0,0
2023-10-01,10D,0,0
2024-01-01,10D,0,0
2023-08-01,10D,0,0
2022-11-01,10D,0,0
2025-05-01,10D,0,0
2023-06-01,10D,0,0
2026-02-01,10D,0,0
2023-03-01,10D,0,0
2026-04-01,10D,0,0
2022-01-01,10D,0,0
2023-12-01,10D,0,0
2022-03-01,10D,0,0
2022-10-01,10D,0,0
2021-12-01,10D,0,0
2023-05-01,10D,0,0
2026-06-01,10D,0,0
2021-11-01,10D,0,0
2022-12-01,10D,0,0
2023-11-01,10D,0,0
2026-01-01,10D,0,0
2025-11-01,10D,0,0
2022-06-01,10D,0,0
2025-06-01,10D,0,0
2021-08-01,10D,0,0
2022-09-01,10D,0,0
2023-02-01,10D,0,0
2024-02-01,10D,0,0
2025-01-01,10D,0,0
2026-03-01,10D,0,0
2026-05-01,10D,0,0
2024-10-01,10D,0,0
2025-10-01,10D,0,0
2021-10-01,10D,0,0
2024-05-01,10D,0,0
2024-12-01,10D,0,0
2025-07-01,10D,0,0
2022-02-01,10D,0,0
2025-08-01,10D,0,0
2022-02-01,10E,0,0
2023-02-01,10E,0,0
2025-10-01,10E,0,0
2025-05-01,10E,0,0
2025-04-01,10E,0,0
2024-04-01,10E,0,0
2023-10-01,10E,0,0
2025-07-01,10E,0,0
2022-04-01,10E,0,0
2025-01-01,10E,0,0
2022-01-01,10E,0,0
2022-07-01,10E,0,0
2026-04-01,10E,0,0
2022-09-01,10E,0,0
2024-12-01,10E,0,0
2021-07-01,10E,0,0
2024-06-01,10E,0,0
2024-11-01,10E,0,0
2025-12-01,10E,0,0
2021-10-01,10E,0,0
2025-08-01,10E,0,0
2022-03-01,10E,0,0
2026-01-01,10E,0,0
2021-08-01,10E,0,0
2024-07-01,10E,0,0
2024-03-01,10E,0,0
2025-02-01,10E,0,0
2025-11-01,10E,0,0
2023-06-01,10E,0,0
2023-01-01,10E,0,0
2023-07-01,10E,0,0
2021-12-01,10E,0,0
2024-10-01,10E,0,0
2023-03-01,10E,0,0
2025-09-01,10E,0,0
2023-04-01,10E,0,0
2021-06-01,10E,0,0
2026-06-01,10E,0,0
2023-12-01,10E,0,0
2023-05-01,10E,0,0
2022-08-01,10E,0,0
2022-12-01,10E,0,0
2025-06-01,10E,0,0
2022-05-01,10E,0,0
2024-01-01,10E,0,0
2021-11-01,10E,0,0
2024-09-01,10E,0,0
2025-03-01,10E,0,0
2022-06-01,10E,0,0
2024-05-01,10E,0,0
2023-11-01,10E,0,0
2026-02-01,10E,0,0
2023-08-01,10E,0,0
2026-05-01,10E,0,0
2021-09-01,10E,0,0
2024-08-01,10E,0,0
2026-03-01,10E,0,0
2022-10-01,10E,0,0
2022-11-01,10E,0,0
2023-09-01,10E,0,0
2024-02-01,10E,0,0
2022-05-01,10J,0,0
2023-02-01,10J,0,0
2022-12-01,10J,0,0
2025-01-01,10J,0,0
2021-12-01,10J,0,0
2022-10-01,10J,0,0
2021-07-01,10J,0,0
2025-08-01,10J,0,0
2025-11-01,10J,0,0
2024-04-01,10J,0,0
2024-01-01,10J,0,0
2024-11-01,10J,0,0
2024-12-01,10J,0,0
2023-04-01,10J,0,0
2023-09-01,10J,0,0
2024-03-01,10J,0,0
2024-10-01,10J,0,0
2025-03-01,10J,0,0
2025-09-01,10J,0,0
2025-04-01,10J,0,0
2026-04-01,10J,0,0
2026-06-01,10J,0,0
2022-09-01,10J,0,0
2022-11-01,10J,0,0
2023-08-01,10J,0,0
2026-03-01,10J,0,0
2021-09-01,10J,0,0
2025-06-01,10J,0,0
2025-07-01,10J,0,0
2024-02-01,10J,0,0
2021-10-01,10J,0,0
2022-01-01,10J,0,0
2025-05-01,10J,0,0
2024-08-01,10J,0,0
2023-10-01,10J,0,0
2026-01-01,10J,0,0
2022-04-01,10J,0,0
2022-02-01,10J,0,0
2025-10-01,10J,0,0
2023-11-01,10J,0,0
2024-07-01,10J,0,0
2024-05-01,10J,0,0
2025-02-01,10J,0,0
2022-06-01,10J,0,0
2021-06-01,10J,0,0
2023-12-01,10J,0,0
2023-01-01,10J,0,0
2024-06-01,10J,0,0
2026-02-01,10J,0,0
2021-11-01,10J,0,0
2023-06-01,10J,0,0
2021-08-01,10J,0,0
2022-07-01,10J,0,0
2023-03-01,10J,0,0
2022-03-01,10J,0,0
2024-09-01,10J,0,0
2025-12-01,10J,0,0
2023-07-01,10J,0,0
2026-05-01,10J,0,0
2022-08-01,10J,0,0
2023-05-01,10J,0,0
2026-03-01,10K,0,0
2021-09-01,10K,0,0
2022-11-01,10K,0,0
2024-03-01,10K,0,0
2025-03-01,10K,0,0
2025-10-01,10K,0,0
2025-09-01,10K,0,0
2024-02-01,10K,0,0
2021-07-01,10K,0,0
2024-08-01,10K,0,0
2026-01-01,10K,0,0
2022-12-01,10K,0,0
2023-02-01,10K,0,0
2025-01-01,10K,0,0
2023-04-01,10K,0,0
2024-11-01,10K,0,0
2021-08-01,10K,0,0
2024-05-01,10K,0,0
2022-07-01,10K,0,0
2025-08-01,10K,0,0
2022-05-01,10K,0,0
2024-06-01,10K,0,0
2026-05-01,10K,0,0
2024-12-01,10K,0,0
2022-03-01,10K,0,0
2023-10-01,10K,0,0
2021-06-01,10K,0,0
2022-06-01,10K,0,0
2022-08-01,10K,0,0
2025-11-01,10K,0,0
2022-09-01,10K,0,0
2024-07-01,10K,0,0
2023-11-01,10K,0,0
2022-10-01,10K,0,0
2025-07-01,10K,0,0
2023-05-01,10K,0,0
2025-05-01,10K,0,0
2021-11-01,10K,0,0
2023-12-01,10K,0,0
2026-02-01,10K,0,0
2021-12-01,10K,0,0
2022-01-01,10K,0,0
2024-01-01,10K,0,0
2021-10-01,10K,0,0
2023-03-01,10K,0,0
2023-09-01,10K,0,0
2025-04-01,10K,0,0
2026-04-01,10K,0,0
2023-08-01,10K,0,0
2024-04-01,10K,0,0
2026-06-01,10K,0,0
2022-04-01,10K,0,0
2023-07-01,10K,0,0
2025-12-01,10K,0,0
2024-09-01,10K,0,0
2023-06-01,10K,0,0
2024-10-01,10K,0,0
2022-02-01,10K,0,0
2025-06-01,10K,0,0
2023-01-01,10K,0,0
2025-02-01,10K,0,0
2022-04-01,10L,0,0
2023-04-01,10L,0,0
2024-08-01,10L,0,0
2025-10-01,10L,0,0
2021-12-01,10L,0,0
2023-05-01,10L,0,0
2025-01-01,10L,0,0
2022-03-01,10L,0,0
2022-11-01,10L,0,0
2024-09-01,10L,0,0
2025-09-01,10L,0,0
2022-10-01,10L,0,0
2023-01-01,10L,0,0
2025-08-01,10L,0,0
2023-08-01,10L,0,0
2026-05-01,10L,0,0
2021-06-01,10L,0,0
2021-07-01,10L,0,0
2022-02-01,10L,0,0
2022-05-01,10L,0,0
2021-08-01,10L,0,0
2026-03-01,10L,0,0
2023-10-01,10L,0,0
2022-01-01,10L,0,0
2024-04-01,10L,0,0
2022-12-01,10L,0,0
2024-05-01,10L,0,0
2022-06-01,10L,0,0
2023-03-01,10L,0,0
2023-11-01,10L,0,0
2024-06-01,10L,0,0
2024-02-01,10L,0,0
2026-04-01,10L,0,0
2023-07-01,10L,0,0
2021-09-01,10L,0,0
2021-11-01,10L,0,0
2023-06-01,10L,0,0
2025-07-01,10L,0,0
2024-12-01,10L,0,0
2025-02-01,10L,0,0
2025-03-01,10L,0,0
2026-02-01,10L,0,0
2021-10-01,10L,0,0
2022-09-01,10L,0,0
2024-01-01,10L,0,0
2025-05-01,10L,0,0
2023-02-01,10L,0,0
2024-10-01,10L,0,0
2022-07-01,10L,0,0
2026-01-01,10L,0,0
2025-06-01,10L,0,0
2025-12-01,10L,0,0
2025-04-01,10L,0,0
2026-06-01,10L,0,0
2022-08-01,10L,0,0
2024-03-01,10L,0,0
2025-11-01,10L,0,0
2023-09-01,10L,0,0
2024-07-01,10L,0,0
2023-12-01,10L,0,0
2024-11-01,10L,0,0
2026-06-01,10M,0,0
2025-01-01,10M,0,0
2026-03-01,10M,0,0
2023-04-01,10M,0,0
2024-02-01,10M,0,0
2026-01-01,10M,0,0
2024-07-01,10M,0,0
2026-05-01,10M,0,0
2022-03-01,10M,0,0
2021-07-01,10M,0,0
2025-02-01,10M,0,0
2023-05-01,10M,0,0
2022-09-01,10M,0,0
2022-12-01,10M,0,0
2024-03-01,10M,0,0
2026-04-01,10M,0,0
2023-03-01,10M,0,0
2024-12-01,10M,0,0
2023-06-01,10M,0,0
2023-12-01,10M,0,0
2026-02-01,10M,0,0
2025-06-01,10M,0,0
2022-07-01,10M,0,0
2023-01-01,10M,0,0
2024-09-01,10M,0,0
2022-11-01,10M,0,0
2023-08-01,10M,0,0
2023-11-01,10M,0,0
2025-04-01,10M,0,0
2022-08-01,10M,0,0
2024-06-01,10M,0,0
2024-08-01,10M,0,0
2025-03-01,10M,0,0
2021-12-01,10M,0,0
2022-10-01,10M,0,0
2023-07-01,10M,0,0
2022-04-01,10M,0,0
2024-01-01,10M,0,0
2024-05-01,10M,0,0
2022-01-01,10M,0,0
2022-02-01,10M,0,0
2023-10-01,10M,0,0
2025-09-01,10M,0,0
2021-08-01,10M,0,0
2021-06-01,10M,0,0
2021-10-01,10M,0,0
2023-02-01,10M,0,0
2025-12-01,10M,0,0
2023-09-01,10M,0,0
2025-08-01,10M,0,0
2024-11-01,10M,0,0
2025-10-01,10M,0,0
2022-06-01,10M,0,0
2025-07-01,10M,0,0
2025-11-01,10M,0,0
2021-09-01,10M,0,0
2024-04-01,10M,0,0
2021-11-01,10M,0,0
2022-05-01,10M,0,0
2024-10-01,10M,0,0
2025-05-01,10M,0,0
2026-05-01,10V,0,0
2022-05-01,10V,0,0
2022-10-01,10V,0,0
2025-06-01,10V,0,0
2022-09-01,10V,0,0
2025-11-01,10V,0,0
2023-05-01,10V,0,0
2025-01-01,10V,0,0
2023-11-01,10V,0,0
2024-03-01,10V,0,0
2022-06-01,10V,0,0
2023-07-01,10V,0,0
2025-05-01,10V,0,0
2021-12-01,10V,0,0
2023-03-01,10V,0,0
2022-12-01,10V,0,0
2025-03-01,10V,0,0
2021-06-01,10V,0,0
2022-11-01,10V,0,0
2023-08-01,10V,0,0
2021-10-01,10V,0,0
2021-07-01,10V,0,0
2022-08-01,10V,0,0
2023-06-01,10V,0,0
2022-07-01,10V,0,0
2026-04-01,10V,0,0
2024-02-01,10V,0,0
2022-02-01,10V,0,0
2026-03-01,10V,0,0
2021-11-01,10V,0,0
2021-08-01,10V,0,0
2024-10-01,10V,0,0
2024-07-01,10V,0,0
2025-08-01,10V,0,0
2023-02-01,10V,0,0
2025-09-01,10V,0,0
2021-09-01,10V,0,0
2023-01-01,10V,0,0
2026-01-01,10V,0,0
2023-04-01,10V,0,0
2023-10-01,10V,0,0
2023-12-01,10V,0,0
2024-01-01,10V,0,0
2024-04-01,10V,0,0
2024-11-01,10V,0,0
2026-06-01,10V,0,0
2022-01-01,10V,0,0
2024-08-01,10V,0,0
2025-07-01,10V,0,0
2025-04-01,10V,0,0
2026-02-01,10V,0,0
2024-09-01,10V,0,0
2022-04-01,10V,0,0
2025-02-01,10V,0,0
2022-03-01,10V,0,0
2023-09-01,10V,0,0
2025-10-01,10V,0,0
2025-12-01,10V,0,0
2024-06-01,10V,0,0
2024-12-01,10V,0,0
2024-05-01,10V,0,0
2024-11-01,10W,0,0
2021-11-01,10W,0,0
2021-09-01,10W,0,0
2026-01-01,10W,0,0
2022-05-01,10W,0,0
2024-01-01,10W,0,0
2024-06-01,10W,0,0
2025-03-01,10W,0,0
2023-04-01,10W,0,0
2024-12-01,10W,0,0
2021-06-01,10W,0,0
2022-06-01,10W,0,0
2023-12-01,10W,0,0
2025-06-01,10W,0,0
2025-09-01,10W,0,0
2024-07-01,10W,0,0
2024-08-01,10W,0,0
2022-08-01,10W,0,0
2022-10-01,10W,0,0
2023-07-01,10W,0,0
2023-10-01,10W,0,0
2024-02-01,10W,0,0
2024-04-01,10W,0,0
2025-05-01,10W,0,0
2026-04-01,10W,0,0
2022-11-01,10W,0,0
2026-02-01,10W,0,0
2021-08-01,10W,0,0
2023-05-01,10W,0,0
2022-12-01,10W,0,0
2025-12-01,10W,0,0
2023-09-01,10W,0,0
2026-03-01,10W,0,0
2025-02-01,10W,0,0
2022-04-01,10W,0,0
2023-03-01,10W,0,0
2021-12-01,10W,0,0
2025-07-01,10W,0,0
2025-08-01,10W,0,0
2022-02-01,10W,0,0
2022-01-01,10W,0,0
2025-01-01,10W,0,0
2025-11-01,10W,0,0
2024-05-01,10W,0,0
2025-10-01,10W,0,0
2022-09-01,10W,0,0
2024-03-01,10W,0,0
2023-11-01,10W,0,0
2024-10-01,10W,0,0
2026-06-01,10W,0,0
2021-07-01,10W,0,0
2023-06-01,10W,0,0
2024-09-01,10W,0,0
2026-05-01,10W,0,0
2021-10-01,10W,0,0
2023-08-01,10W,0,0
2023-02-01,10W,0,0
2022-03-01,10W,0,0
2023-01-01,10W,0,0
2022-07-01,10W,0,0
2025-04-01,10W,0,0
2022-08-01,10X,0,0
2024-06-01,10X,0,0
2024-08-01,10X,0,0
2026-01-01,10X,0,0
2022-04-01,10X,0,0
2025-07-01,10X,0,0
2023-03-01,10X,0,0
2023-08-01,10X,0,0
2022-02-01,10X,0,0
2022-09-01,10X,0,0
2023-05-01,10X,0,0
2025-04-01,10X,0,0
2026-03-01,10X,0,0
2021-11-01,10X,0,0
2024-10-01,10X,0,0
2024-09-01,10X,0,0
2024-12-01,10X,0,0
2021-06-01,10X,0,0
2025-03-01,10X,0,0
2022-01-01,10X,0,0
2023-02-01,10X,0,0
2026-06-01,10X,0,0
2023-12-01,10X,0,0
2025-06-01,10X,0,0
2025-09-01,10X,0,0
2022-07-01,10X,0,0
2026-04-01,10X,0,0
2022-11-01,10X,0,0
2021-09-01,10X,0,0
2024-05-01,10X,0,0
2025-11-01,10X,0,0
2024-02-01,10X,0,0
2025-01-01,10X,0,0
2025-05-01,10X,0,0
2022-05-01,10X,0,0
2025-10-01,10X,0,0
2026-05-01,10X,0,0
2026-02-01,10X,0,0
2025-02-01,10X,0,0
2024-04-01,10X,0,0
2023-10-01,10X,0,0
2023-09-01,10X,0,0
2024-01-01,10X,0,0
2021-08-01,10X,0,0
2024-11-01,10X,0,0
2022-03-01,10X,0,0
2023-06-01,10X,0,0
2021-10-01,10X,0,0
2023-01-01,10X,0,0
2023-07-01,10X,0,0
2025-12-01,10X,0,0
2022-12-01,10X,0,0
2024-07-01,10X,0,0
2025-08-01,10X,0,0
2022-06-01,10X,0,0
2022-10-01,10X,0,0
2023-04-01,10X,0,0
2023-11-01,10X,0,0
2024-03-01,10X,0,0
2021-07-01,10X,0,0
2021-12-01,10X,0,0
2025-05-01,11A,0,0
2023-02-01,11A,0,0
2023-12-01,11A,0,0
2024-05-01,11A,0,0
2022-04-01,11A,0,0
2023-01-01,11A,0,0
2023-04-01,11A,0,0
2026-02-01,11A,0,0
2024-03-01,11A,0,0
2026-04-01,11A,0,0
2021-10-01,11A,0,0
2025-10-01,11A,0,0
2022-09-01,11A,0,0
2024-09-01,11A,0,0
2025-11-01,11A,0,0
2024-06-01,11A,0,0
2024-11-01,11A,0,0
2025-09-01,11A,0,0
2021-09-01,11A,0,0
2024-04-01,11A,0,0
2022-05-01,11A,0,0
2023-08-01,11A,0,0
2025-02-01,11A,0,0
2022-02-01,11A,0,0
2022-08-01,11A,0,0
2024-08-01,11A,0,0
2021-08-01,11A,0,0
2023-10-01,11A,0,0
2023-03-01,11A,0,0
2023-11-01,11A,0,0
2025-06-01,11A,0,0
2022-03-01,11A,0,0
2022-07-01,11A,0,0
2022-11-01,11A,0,0
2025-12-01,11A,0,0
2025-01-01,11A,0,0
2021-12-01,11A,0,0
2024-10-01,11A,0,0
2024-07-01,11A,0,0
2025-04-01,11A,0,0
2024-01-01,11A,0,0
2024-12-01,11A,0,0
2025-08-01,11A,0,0
2026-01-01,11A,0,0
2023-09-01,11A,0,0
2021-07-01,11A,0,0
2022-12-01,11A,0,0
2022-06-01,11A,0,0
2025-07-01,11A,0,0
2022-10-01,11A,0,0
2025-03-01,11A,0,0
2026-03-01,11A,0,0
2026-06-01,11A,0,0
2023-05-01,11A,0,0
2026-05-01,11A,0,0
2021-06-01,11A,0,0
2021-11-01,11A,0,0
2023-06-01,11A,0,0
2023-07-01,11A,0,0
2024-02-01,11A,0,0
2022-01-01,11A,0,0
2023-04-01,11E,0,0
2023-05-01,11E,0,0
2023-12-01,11E,0,0
2024-03-01,11E,0,0
2022-07-01,11E,0,0
2024-07-01,11E,0,0
2021-11-01,11E,0,0
2022-04-01,11E,0,0
2024-11-01,11E,0,0
2023-01-01,11E,0,0
2025-07-01,11E,0,0
2025-01-01,11E,0,0
2021-10-01,11E,0,0
2021-12-01,11E,0,0
2024-08-01,11E,0,0
2024-09-01,11E,0,0
2023-10-01,11E,0,0
2025-09-01,11E,0,0
2021-07-01,11E,0,0
2021-08-01,11E,0,0
2022-09-01,11E,0,0
2026-06-01,11E,0,0
2025-03-01,11E,0,0
2026-01-01,11E,0,0
2025-02-01,11E,0,0
2024-12-01,11E,0,0
2023-07-01,11E,0,0
2024-01-01,11E,0,0
2024-06-01,11E,0,0
2026-04-01,11E,0,0
2022-03-01,11E,0,0
2025-11-01,11E,0,0
2022-01-01,11E,0,0
2025-06-01,11E,0,0
2021-09-01,11E,0,0
2023-03-01,11E,0,0
2025-08-01,11E,0,0
2022-12-01,11E,0,0
2024-02-01,11E,0,0
2026-05-01,11E,0,0
2023-06-01,11E,0,0
2021-06-01,11E,0,0
2024-10-01,11E,0,0
2025-10-01,11E,0,0
2026-03-01,11E,0,0
2022-06-01,11E,0,0
2025-12-01,11E,0,0
2023-02-01,11E,0,0
2023-08-01,11E,0,0
2025-04-01,11E,0,0
2025-05-01,11E,0,0
2022-11-01,11E,0,0
2024-04-01,11E,0,0
2024-05-01,11E,0,0
2022-02-01,11E,0,0
2022-05-01,11E,0,0
2022-08-01,11E,0,0
2022-10-01,11E,0,0
2026-02-01,11E,0,0
2023-09-01,11E,0,0
2023-11-01,11E,0,0
2021-07-01,11H,0,0
2025-11-01,11H,0,0
2022-01-01,11H,0,0
2022-03-01,11H,0,0
2022-02-01,11H,0,0
2023-09-01,11H,0,0
2024-08-01,11H,0,0
2026-05-01,11H,0,0
2021-08-01,11H,0,0
2023-05-01,11H,0,0
2024-06-01,11H,0,0
2021-11-01,11H,0,0
2023-01-01,11H,0,0
2024-09-01,11H,0,0
2022-04-01,11H,0,0
2026-02-01,11H,0,0
2023-06-01,11H,0,0
2023-12-01,11H,0,0
2022-11-01,11H,0,0
2026-06-01,11H,0,0
2024-02-01,11H,0,0
2026-03-01,11H,0,0
2025-08-01,11H,0,0
2021-12-01,11H,0,0
2022-07-01,11H,0,0
2023-03-01,11H,0,0
2024-05-01,11H,0,0
2026-04-01,11H,0,0
2023-10-01,11H,0,0
2024-10-01,11H,0,0
2025-10-01,11H,0,0
2025-05-01,11H,0,0
2025-12-01,11H,0,0
2023-07-01,11H,0,0
2024-03-01,11H,0,0
2025-07-01,11H,0,0
2024-11-01,11H,0,0
2025-01-01,11H,0,0
2024-01-01,11H,0,0
2023-11-01,11H,0,0
2022-08-01,11H,0,0
2022-06-01,11H,0,0
2023-02-01,11H,0,0
2022-09-01,11H,0,0
2024-12-01,11H,0,0
2025-04-01,11H,0,0
2024-04-01,11H,0,0
2022-05-01,11H,0,0
2024-07-01,11H,0,0
2021-10-01,11H,0,0
2025-02-01,11H,0,0
2023-08-01,11H,0,0
2022-12-01,11H,0,0
2021-09-01,11H,0,0
2025-06-01,11H,0,0
2026-01-01,11H,0,0
2021-06-01,11H,0,0
2025-03-01,11H,0,0
2025-09-01,11H,0,0
2022-10-01,11H,0,0
2023-04-01,11H,0,0
2021-09-01,11T,0,0
2023-01-01,11T,0,0
2026-01-01,11T,0,0
2026-05-01,11T,0,0
2023-06-01,11T,0,0
2024-02-01,11T,0,0
2023-12-01,11T,0,0
2024-05-01,11T,0,0
2025-04-01,11T,0,0
2023-02-01,11T,0,0
2024-09-01,11T,0,0
2021-12-01,11T,0,0
2023-11-01,11T,0,0
2022-09-01,11T,0,0
2023-07-01,11T,0,0
2026-03-01,11T,0,0
2023-04-01,11T,0,0
2023-10-01,11T,0,0
2022-01-01,11T,0,0
2023-05-01,11T,0,0
2022-06-01,11T,0,0
2024-10-01,11T,0,0
2021-10-01,11T,0,0
2022-08-01,11T,0,0
2025-03-01,11T,0,0
2026-02-01,11T,0,0
2026-04-01,11T,0,0
2021-08-01,11T,0,0
2025-12-01,11T,0,0
2021-11-01,11T,0,0
2023-03-01,11T,0,0
2024-11-01,11T,0,0
2025-06-01,11T,0,0
2025-09-01,11T,0,0
2024-03-01,11T,0,0
2024-07-01,11T,0,0
2025-07-01,11T,0,0
2025-08-01,11T,0,0
2022-05-01,11T,0,0
2024-08-01,11T,0,0
2022-11-01,11T,0,0
2023-09-01,11T,0,0
2024-12-01,11T,0,0
2025-11-01,11T,0,0
2022-04-01,11T,0,0
2021-07-01,11T,0,0
2024-04-01,11T,0,0
2022-03-01,11T,0,0
2021-06-01,11T,0,0
2025-01-01,11T,0,0
2025-10-01,11T,0,0
2023-08-01,11T,0,0
2025-05-01,11T,0,0
2026-06-01,11T,0,0
2022-02-01,11T,0,0
2024-06-01,11T,0,0
2025-02-01,11T,0,0
2022-07-01,11T,0,0
2022-12-01,11T,0,0
2024-01-01,11T,0,0
2022-10-01,11T,0,0
2021-12-01,12D,0,0
2025-11-01,12D,0,0
2022-09-01,12D,0,0
2021-06-01,12D,0,0
2021-08-01,12D,0,0
2022-11-01,12D,0,0
2023-06-01,12D,0,0
2024-03-01,12D,0,0
2026-04-01,12D,0,0
2022-07-01,12D,0,0
2026-03-01,12D,0,0
2023-09-01,12D,0,0
2025-01-01,12D,0,0
2023-02-01,12D,0,0
2024-06-01,12D,0,0
2026-02-01,12D,0,0
2023-04-01,12D,0,0
2023-11-01,12D,0,0
2021-07-01,12D,0,0
2022-02-01,12D,0,0
2022-04-01,12D,0,0
2024-12-01,12D,0,0
2022-12-01,12D,0,0
2025-06-01,12D,0,0
2025-09-01,12D,0,0
2022-03-01,12D,0,0
2022-05-01,12D,0,0
2022-06-01,12D,0,0
2022-08-01,12D,0,0
2024-04-01,12D,0,0
2026-06-01,12D,0,0
2022-10-01,12D,0,0
2024-10-01,12D,0,0
2025-02-01,12D,0,0
2025-05-01,12D,0,0
2025-10-01,12D,0,0
2021-11-01,12D,0,0
2024-01-01,12D,0,0
2026-01-01,12D,0,0
2024-05-01,12D,0,0
2024-08-01,12D,0,0
2025-07-01,12D,0,0
2023-10-01,12D,0,0
2023-12-01,12D,0,0
2025-03-01,12D,0,0
2023-01-01,12D,0,0
2025-08-01,12D,0,0
2021-10-01,12D,0,0
2026-05-01,12D,0,0
2022-01-01,12D,0,0
2024-07-01,12D,0,0
2024-09-01,12D,0,0
2025-04-01,12D,0,0
2024-11-01,12D,0,0
2021-09-01,12D,0,0
2023-03-01,12D,0,0
2023-05-01,12D,0,0
2023-08-01,12D,0,0
2024-02-01,12D,0,0
2023-07-01,12D,0,0
2025-12-01,12D,0,0
2023-09-01,13P,0,0
2022-01-01,13P,0,0
2024-06-01,13P,0,0
2025-08-01,13P,0,0
2021-09-01,13P,0,0
2025-02-01,13P,0,0
2024-11-01,13P,0,0
2025-07-01,13P,0,0
2021-11-01,13P,0,0
2023-04-01,13P,0,0
2023-11-01,13P,0,0
2025-04-01,13P,0,0
2023-03-01,13P,0,0
2022-02-01,13P,0,0
2022-10-01,13P,0,0
2023-07-01,13P,0,0
2023-10-01,13P,0,0
2024-05-01,13P,0,0
2021-12-01,13P,0,0
2023-06-01,13P,0,0
2025-12-01,13P,0,0
2023-08-01,13P,0,0
2026-04-01,13P,0,0
2021-08-01,13P,0,0
2022-11-01,13P,0,0
2024-08-01,13P,0,0
2022-07-01,13P,0,0
2026-01-01,13P,0,0
2026-06-01,13P,0,0
2025-01-01,13P,0,0
2022-09-01,13P,0,0
2024-09-01,13P,0,0
2021-06-01,13P,0,0
2021-07-01,13P,0,0
2026-02-01,13P,0,0
2026-03-01,13P,0,0
2021-10-01,13P,0,0
2025-10-01,13P,0,0
2024-07-01,13P,0,0
2022-08-01,13P,0,0
2023-05-01,13P,0,0
2024-02-01,13P,0,0
2024-04-01,13P,0,0
2025-03-01,13P,0,0
2025-05-01,13P,0,0
2022-05-01,13P,0,0
2022-06-01,13P,0,0
2022-03-01,13P,0,0
2023-02-01,13P,0,0
2024-01-01,13P,0,0
2024-10-01,13P,0,0
2025-09-01,13P,0,0
2023-01-01,13P,0,0
2023-12-01,13P,0,0
2024-12-01,13P,0,0
2022-12-01,13P,0,0
2024-03-01,13P,0,0
2025-06-01,13P,0,0
2022-04-01,13P,0,0
2025-11-01,13P,0,0
2026-05-01,13P,0,0
2023-08-01,15D,0,0
2022-05-01,15D,0,0
2023-06-01,15D,0,0
2022-07-01,15D,0,0
2025-10-01,15D,0,0
2021-12-01,15D,0,0
2025-08-01,15D,0,0
2026-05-01,15D,0,0
2023-11-01,15D,0,0
2025-01-01,15D,0,0
2026-01-01,15D,0,0
2022-10-01,15D,0,0
2024-08-01,15D,0,0
2025-11-01,15D,0,0
2021-09-01,15D,0,0
2025-12-01,15D,0,0
2024-04-01,15D,0,0
2022-08-01,15D,0,0
2025-05-01,15D,0,0
2026-04-01,15D,0,0
2022-02-01,15D,0,0
2025-04-01,15D,0,0
2024-03-01,15D,0,0
2025-03-01,15D,0,0
2025-07-01,15D,0,0
2024-06-01,15D,0,0
2022-11-01,15D,0,0
2025-06-01,15D,0,0
2025-09-01,15D,0,0
2022-04-01,15D,0,0
2022-12-01,15D,0,0
2024-11-01,15D,0,0
2024-09-01,15D,0,0
2022-01-01,15D,0,0
2026-06-01,15D,0,0
2023-09-01,15D,0,0
2021-07-01,15D,0,0
2024-02-01,15D,0,0
2025-02-01,15D,0,0
2023-12-01,15D,0,0
2024-01-01,15D,0,0
2024-10-01,15D,0,0
2023-04-01,15D,0,0
2021-11-01,15D,0,0
2024-07-01,15D,0,0
2022-09-01,15D,0,0
2026-02-01,15D,0,0
2021-10-01,15D,0,0
2023-01-01,15D,0,0
2021-08-01,15D,0,0
2023-07-01,15D,0,0
2024-12-01,15D,0,0
2023-02-01,15D,0,0
2023-05-01,15D,0,0
2022-03-01,15D,0,0
2026-03-01,15D,0,0
2023-10-01,15D,0,0
2024-05-01,15D,0,0
2023-03-01,15D,0,0
2021-06-01,15D,0,0
2022-06-01,15D,0,0
2022-08-01,99D,0,0
2026-05-01,99D,0,0
2023-03-01,99D,0,0
2025-11-01,99D,0,0
2025-12-01,99D,0,0
2022-03-01,99D,0,0
2022-01-01,99D,0,0
2025-03-01,99D,0,0
2025-06-01,99D,0,0
2025-09-01,99D,0,0
2026-03-01,99D,0,0
2022-12-01,99D,0,0
2024-07-01,99D,0,0
2023-02-01,99D,0,0
2023-01-01,99D,0,0
2023-04-01,99D,0,0
2024-03-01,99D,0,0
2025-02-01,99D,0,0
2023-09-01,99D,0,0
2024-01-01,99D,0,0
2021-10-01,99D,0,0
2024-02-01,99D,0,0
2023-08-01,99D,0,0
2024-10-01,99D,0,0
2025-01-01,99D,0,0
2022-02-01,99D,0,0
2022-09-01,99D,0,0
2023-10-01,99D,0,0
2024-05-01,99D,0,0
2024-09-01,99D,0,0
2025-07-01,99D,0,0
2025-08-01,99D,0,0
2021-07-01,99D,0,0
2021-12-01,99D,0,0
2022-06-01,99D,0,0
2025-10-01,99D,0,0
2021-08-01,99D,0,0
2022-07-01,99D,0,0
2023-07-01,99D,0,0
2025-05-01,99D,0,0
2021-06-01,99D,0,0
2024-08-01,99D,0,0
2026-01-01,99D,0,0
2023-11-01,99D,0,0
2024-12-01,99D,0,0
2023-12-01,99D,0,0
2024-11-01,99D,0,0
2023-05-01,99D,0,0
2024-06-01,99D,0,0
2022-10-01,99D,0,0
2022-11-01,99D,0,0
2026-06-01,99D,0,0
2021-11-01,99D,0,0
2022-05-01,99D,0,0
2024-04-01,99D,0,0
2025-04-01,99D,0,0
2026-04-01,99D,0,0
2021-09-01,99D,0,0
2022-04-01,99D,0,0
2026-02-01,99D,0,0
2023-06-01,99D,0,0
2021-07-01,99H,0,0
2022-03-01,99H,0,0
2023-02-01,99H,0,0
2026-01-01,99H,0,0
2021-09-01,99H,0,0
2022-06-01,99H,0,0
2025-01-01,99H,0,0
2024-05-01,99H,0,0
2026-02-01,99H,0,0
2023-09-01,99H,0,0
2023-11-01,99H,0,0
2023-07-01,99H,0,0
2023-08-01,99H,0,0
2024-03-01,99H,0,0
2021-10-01,99H,0,0
2022-04-01,99H,0,0
2021-11-01,99H,0,0
2024-11-01,99H,0,0
2022-11-01,99H,0,0
2021-06-01,99H,0,0
2022-05-01,99H,0,0
2024-12-01,99H,0,0
2026-03-01,99H,0,0
2024-04-01,99H,0,0
2022-12-01,99H,0,0
2025-12-01,99H,0,0
2024-10-01,99H,0,0
2022-01-01,99H,0,0
2024-01-01,99H,0,0
2025-07-01,99H,0,0
2023-06-01,99H,0,0
2022-09-01,99H,0,0
2023-10-01,99H,0,0
2025-08-01,99H,0,0
2023-03-01,99H,0,0
2025-05-01,99H,0,0
2021-08-01,99H,0,0
2025-06-01,99H,0,0
2025-11-01,99H,0,0
2026-04-01,99H,0,0
2022-08-01,99H,0,0
2025-09-01,99H,0,0
2026-06-01,99H,0,0
2024-07-01,99H,0,0
2023-01-01,99H,0,0
2025-03-01,99H,0,0
2024-08-01,99H,0,0
2025-02-01,99H,0,0
2022-07-01,99H,0,0
2024-09-01,99H,0,0
2021-12-01,99H,0,0
2023-05-01,99H,0,0
2024-06-01,99H,0,0
2025-04-01,99H,0,0
2025-10-01,99H,0,0
2023-04-01,99H,0,0
2024-02-01,99H,0,0
2022-02-01,99H,0,0
2022-10-01,99H,0,0
2023-12-01,99H,0,0
2026-05-01,99H,0,0
2023-01-01,99J,0,0
2022-07-01,99J,0,0
2024-04-01,99J,0,0
2025-12-01,99J,0,0
2026-04-01,99J,0,0
2025-05-01,99J,0,0
2021-12-01,99J,0,0
2024-01-01,99J,0,0
2025-07-01,99J,0,0
2024-06-01,99J,0,0
2023-04-01,99J,0,0
2022-10-01,99J,0,0
2025-03-01,99J,0,0
2023-10-01,99J,0,0
2023-05-01,99J,0,0
2022-02-01,99J,0,0
2022-12-01,99J,0,0
2023-09-01,99J,0,0
2024-02-01,99J,0,0
2022-08-01,99J,0,0
2025-11-01,99J,0,0
2021-09-01,99J,0,0
2024-07-01,99J,0,0
2025-09-01,99J,0,0
2026-06-01,99J,0,0
2023-12-01,99J,0,0
2025-02-01,99J,0,0
2026-01-01,99J,0,0
2024-03-01,99J,0,0
2021-06-01,99J,0,0
2025-10-01,99J,0,0
2023-02-01,99J,0,0
2022-05-01,99J,0,0
2022-11-01,99J,0,0
2024-11-01,99J,0,0
2026-03-01,99J,0,0
2022-09-01,99J,0,0
2022-01-01,99J,0,0
2022-04-01,99J,0,0
2021-07-01,99J,0,0
2023-06-01,99J,0,0
2021-11-01,99J,0,0
2023-08-01,99J,0,0
2024-12-01,99J,0,0
2025-01-01,99J,0,0
2026-05-01,99J,0,0
2021-10-01,99J,0,0
2025-08-01,99J,0,0
2022-03-01,99J,0,0
2023-03-01,99J,0,0
2025-06-01,99J,0,0
2024-05-01,99J,0,0
2024-10-01,99J,0,0
2026-02-01,99J,0,0
2021-08-01,99J,0,0
2023-07-01,99J,0,0
2024-09-01,99J,0,0
2025-04-01,99J,0,0
2023-11-01,99J,0,0
2024-08-01,99J,0,0
2022-06-01,99J,0,0
2022-07-01,99K,0,0
2022-03-01,99K,0,0
2023-07-01,99K,0,0
2025-05-01,99K,0,0
2023-09-01,99K,0,0
2022-02-01,99K,0,0
2022-04-01,99K,0,0
2023-11-01,99K,0,0
2023-12-01,99K,0,0
2024-02-01,99K,0,0
2026-06-01,99K,0,0
2024-09-01,99K,0,0
2023-06-01,99K,0,0
2023-08-01,99K,0,0
2025-06-01,99K,0,0
2025-11-01,99K,0,0
2023-03-01,99K,0,0
2022-10-01,99K,0,0
2026-04-01,99K,0,0
2021-11-01,99K,0,0
2023-04-01,99K,0,0
2021-07-01,99K,0,0
2024-04-01,99K,0,0
2025-01-01,99K,0,0
2023-05-01,99K,0,0
2026-01-01,99K,0,0
2023-10-01,99K,0,0
2024-05-01,99K,0,0
2021-12-01,99K,0,0
2023-02-01,99K,0,0
2025-10-01,99K,0,0
2024-10-01,99K,0,0
2024-03-01,99K,0,0
2021-10-01,99K,0,0
2026-02-01,99K,0,0
2024-08-01,99K,0,0
2025-04-01,99K,0,0
2022-01-01,99K,0,0
2022-08-01,99K,0,0
2024-01-01,99K,0,0
2025-07-01,99K,0,0
2022-05-01,99K,0,0
2024-11-01,99K,0,0
2024-12-01,99K,0,0
2025-03-01,99K,0,0
2021-08-01,99K,0,0
2025-02-01,99K,0,0
2026-03-01,99K,0,0
2021-09-01,99K,0,0
2025-09-01,99K,0,0
2026-05-01,99K,0,0
2022-11-01,99K,0,0
2025-12-01,99K,0,0
2021-06-01,99K,0,0
2024-06-01,99K,0,0
2022-06-01,99K,0,0
2022-09-01,99K,0,0
2025-08-01,99K,0,0
2024-07-01,99K,0,0
2022-12-01,99K,0,0
2023-01-01,99K,0,0
2025-12-01,99M,0,0
2021-10-01,99M,0,0
2025-09-01,99M,0,0
2026-01-01,99M,0,0
2023-07-01,99M,0,0
2024-05-01,99M,0,0
2021-12-01,99M,0,0
2026-03-01,99M,0,0
2023-09-01,99M,0,0
2024-03-01,99M,0,0
2026-05-01,99M,0,0
2023-11-01,99M,0,0
2022-02-01,99M,0,0
2022-12-01,99M,0,0
2023-03-01,99M,0,0
2025-06-01,99M,0,0
2026-06-01,99M,0,0
2021-08-01,99M,0,0
2025-07-01,99M,0,0
2021-11-01,99M,0,0
2024-08-01,99M,0,0
2024-09-01,99M,0,0
2022-05-01,99M,0,0
2023-01-01,99M,0,0
2025-10-01,99M,0,0
2022-11-01,99M,0,0
2023-04-01,99M,0,0
2025-11-01,99M,0,0
2024-02-01,99M,0,0
2024-12-01,99M,0,0
2021-07-01,99M,0,0
2021-06-01,99M,0,0
2024-01-01,99M,0,0
2022-01-01,99M,0,0
2022-09-01,99M,0,0
2024-06-01,99M,0,0
2026-04-01,99M,0,0
2022-10-01,99M,0,0
2022-06-01,99M,0,0
2024-11-01,99M,0,0
2025-04-01,99M,0,0
2026-02-01,99M,0,0
2022-04-01,99M,0,0
2024-07-01,99M,0,0
2022-03-01,99M,0,0
2023-05-01,99M,0,0
2022-07-01,99M,0,0
2022-08-01,99M,0,0
2024-04-01,99M,0,0
2023-06-01,99M,0,0
2025-01-01,99M,0,0
2023-02-01,99M,0,0
2023-10-01,99M,0,0
2024-10-01,99M,0,0
2023-12-01,99M,0,0
2023-08-01,99M,0,0
2025-02-01,99M,0,0
2025-03-01,99M,0,0
2021-09-01,99M,0,0
2025-05-01,99M,0,0
2025-08-01,99M,0,0
2026-05-01,99N,0,0
2022-10-01,99N,0,0
2022-11-01,99N,0,0
2022-03-01,99N,0,0
2024-07-01,99N,0,0
2022-01-01,99N,0,0
2023-04-01,99N,0,0
2023-11-01,99N,0,0
2024-05-01,99N,0,0
2021-06-01,99N,0,0
2023-10-01,99N,0,0
2025-07-01,99N,0,0
2023-02-01,99N,0,0
2024-03-01,99N,0,0
2024-10-01,99N,0,0
2021-07-01,99N,0,0
2022-02-01,99N,0,0
2023-12-01,99N,0,0
2023-09-01,99N,0,0
2021-12-01,99N,0,0
2025-02-01,99N,0,0
2026-03-01,99N,0,0
2026-04-01,99N,0,0
2021-09-01,99N,0,0
2024-12-01,99N,0,0
2022-07-01,99N,0,0
2022-09-01,99N,0,0
2024-04-01,99N,0,0
2025-08-01,99N,0,0
2026-01-01,99N,0,0
2021-10-01,99N,0,0
2024-08-01,99N,0,0
2021-08-01,99N,0,0
2023-06-01,99N,0,0
2024-01-01,99N,0,0
2022-12-01,99N,0,0
2025-12-01,99N,0,0
2024-09-01,99N,0,0
2025-05-01,99N,0,0
2025-10-01,99N,0,0
2023-01-01,99N,0,0
2022-04-01,99N,0,0
2026-02-01,99N,0,0
2026-06-01,99N,0,0
2023-05-01,99N,0,0
2025-11-01,99N,0,0
2023-08-01,99N,0,0
2022-05-01,99N,0,0
2024-11-01,99N,0,0
2025-06-01,99N,0,0
2022-08-01,99N,0,0
2023-03-01,99N,0,0
2023-07-01,99N,0,0
2025-09-01,99N,0,0
2025-03-01,99N,0,0
2021-11-01,99N,0,0
2022-06-01,99N,0,0
2024-02-01,99N,0,0
2025-04-01,99N,0,0
2024-06-01,99N,0,0
2025-01-01,99N,0,0
2026-03-01,99P,0,0
2024-12-01,99P,0,0
2021-12-01,99P,0,0
2025-07-01,99P,0,0
2022-03-01,99P,0,0
2023-07-01,99P,0,0
2023-12-01,99P,0,0
2024-01-01,99P,0,0
2023-05-01,99P,0,0
2022-06-01,99P,0,0
2024-07-01,99P,0,0
2022-08-01,99P,0,0
2023-09-01,99P,0,0
2024-05-01,99P,0,0
2025-01-01,99P,0,0
2022-01-01,99P,0,0
2022-09-01,99P,0,0
2021-07-01,99P,0,0
2022-11-01,99P,0,0
2021-10-01,99P,0,0
2021-11-01,99P,0,0
2024-03-01,99P,0,0
2023-10-01,99P,0,0
2026-02-01,99P,0,0
2021-09-01,99P,0,0
2025-06-01,99P,0,0
2026-04-01,99P,0,0
2024-06-01,99P,0,0
2025-08-01,99P,0,0
2022-02-01,99P,0,0
2025-12-01,99P,0,0
2021-08-01,99P,0,0
2024-08-01,99P,0,0
2025-02-01,99P,0,0
2022-05-01,99P,0,0
2022-12-01,99P,0,0
2026-05-01,99P,0,0
2022-10-01,99P,0,0
2023-11-01,99P,0,0
2024-10-01,99P,0,0
2025-03-01,99P,0,0
2023-02-01,99P,0,0
2024-02-01,99P,0,0
2026-06-01,99P,0,0
2023-03-01,99P,0,0
2023-06-01,99P,0,0
2023-04-01,99P,0,0
2022-07-01,99P,0,0
2024-11-01,99P,0,0
2025-10-01,99P,0,0
2025-09-01,99P,0,0
2024-04-01,99P,0,0
2021-06-01,99P,0,0
2022-04-01,99P,0,0
2023-08-01,99P,0,0
2026-01-01,99P,0,0
2023-01-01,99P,0,0
2025-05-01,99P,0,0
2024-09-01,99P,0,0
2025-11-01,99P,0,0
2025-04-01,99P,0,0
2021-07-01,99Q,0,0
2022-02-01,99Q,0,0
2024-06-01,99Q,0,0
2025-06-01,99Q,0,0
2021-11-01,99Q,0,0
2023-08-01,99Q,0,0
2024-07-01,99Q,0,0
2022-09-01,99Q,0,0
2022-07-01,99Q,0,0
2022-08-01,99Q,0,0
2022-12-01,99Q,0,0
2024-12-01,99Q,0,0
2023-03-01,99Q,0,0
2024-10-01,99Q,0,0
2025-09-01,99Q,0,0
2025-12-01,99Q,0,0
2023-05-01,99Q,0,0
2024-01-01,99Q,0,0
2021-08-01,99Q,0,0
2024-05-01,99Q,0,0
2024-04-01,99Q,0,0
2025-05-01,99Q,0,0
2022-03-01,99Q,0,0
2025-04-01,99Q,0,0
2022-10-01,99Q,0,0
2022-06-01,99Q,0,0
2026-04-01,99Q,0,0
2026-05-01,99Q,0,0
2023-01-01,99Q,0,0
2023-06-01,99Q,0,0
2026-02-01,99Q,0,0
2023-04-01,99Q,0,0
2025-02-01,99Q,0,0
2022-01-01,99Q,0,0
2023-12-01,99Q,0,0
2024-08-01,99Q,0,0
2025-01-01,99Q,0,0
2024-11-01,99Q,0,0
2024-09-01,99Q,0,0
2025-07-01,99Q,0,0
2023-10-01,99Q,0,0
2024-03-01,99Q,0,0
2022-11-01,99Q,0,0
2025-08-01,99Q,0,0
2022-04-01,99Q,0,0
2023-11-01,99Q,0,0
2021-09-01,99Q,0,0
2021-12-01,99Q,0,0
2022-05-01,99Q,0,0
2026-03-01,99Q,0,0
2021-10-01,99Q,0,0
2023-07-01,99Q,0,0
2023-09-01,99Q,0,0
2025-11-01,99Q,0,0
2026-06-01,99Q,0,0
2025-03-01,99Q,0,0
2025-10-01,99Q,0,0
2026-01-01,99Q,0,0
2021-06-01,99Q,0,0
2023-02-01,99Q,0,0
2024-02-01,99Q,0,0
2024-02-01,D4U1Y,0,0
2024-09-01,D4U1Y,0,0
2025-03-01,D4U1Y,0,0
2021-11-01,D4U1Y,0,0
2024-01-01,D4U1Y,0,0
2022-05-01,D4U1Y,0,0
2023-04-01,D4U1Y,0,0
2023-10-01,D4U1Y,0,0
2025-02-01,D4U1Y,0,0
2021-06-01,D4U1Y,0,0
2023-09-01,D4U1Y,0,0
2025-12-01,D4U1Y,0,0
2021-10-01,D4U1Y,0,0
2024-05-01,D4U1Y,0,0
2022-07-01,D4U1Y,0,0
2024-03-01,D4U1Y,0,0
2026-01-01,D4U1Y,0,0
2022-11-01,D4U1Y,0,0
2024-11-01,D4U1Y,0,0
2025-04-01,D4U1Y,0,0
2022-02-01,D4U1Y,0,0
2023-11-01,D4U1Y,0,0
2026-02-01,D4U1Y,0,0
2021-08-01,D4U1Y,0,0
2025-01-01,D4U1Y,0,0
2024-10-01,D4U1Y,0,0
2026-03-01,D4U1Y,0,0
2023-07-01,D4U1Y,0,0
2025-05-01,D4U1Y,0,0
2025-06-01,D4U1Y,0,0
2023-03-01,D4U1Y,0,0
2022-09-01,D4U1Y,0,0
2025-07-01,D4U1Y,0,0
2022-08-01,D4U1Y,0,0
2026-05-01,D4U1Y,0,0
2022-01-01,D4U1Y,0,0
2022-03-01,D4U1Y,0,0
2025-10-01,D4U1Y,0,0
2025-11-01,D4U1Y,0,0
2021-09-01,D4U1Y,0,0
2021-12-01,D4U1Y,0,0
2022-06-01,D4U1Y,0,0
2024-08-01,D4U1Y,0,0
2026-06-01,D4U1Y,0,0
2023-01-01,D4U1Y,0,0
2024-07-01,D4U1Y,0,0
2025-09-01,D4U1Y,0,0
2023-02-01,D4U1Y,0,0
2022-10-01,D4U1Y,0,0
2023-05-01,D4U1Y,0,0
2026-04-01,D4U1Y,0,0
2024-04-01,D4U1Y,0,0
2021-07-01,D4U1Y,0,0
2024-06-01,D4U1Y,0,0
2025-08-01,D4U1Y,0,0
2022-12-01,D4U1Y,0,0
2023-06-01,D4U1Y,0,0
2022-04-01,D4U1Y,0,0
2023-08-01,D4U1Y,0,0
2024-12-01,D4U1Y,0,0
2023-12-01,D4U1Y,0,0
2025-12-01,03F,20394,41445
2024-08-01,03F,19311,39004
2024-07-01,03F,20746,41337
2024-05-01,03F,20469,40618
2024-06-01,03F,18582,36897
2023-04-01,03F,18601,36119
2023-11-01,03F,19582,38796
2022-12-01,03F,19763,37963
2024-02-01,03F,18611,36711
2024-11-01,03F,19191,38642
2023-09-01,03F,19332,37925
2026-03-01,03F,19660,40126
2025-02-01,03F,17913,35873
2025-04-01,03F,19256,38572
2025-01-01,03F,20371,40625
2024-03-01,03F,19248,38218
2024-01-01,03F,19994,39693
2025-09-01,03F,19821,39808
2023-07-01,03F,19512,38022
2025-08-01,03F,18764,38060
2026-02-01,03F,18002,36439
2023-02-01,03F,18286,35109
2023-06-01,03F,19916,38978
2023-08-01,03F,19748,38768
2025-07-01,03F,20331,41100
2026-04-01,03F,19150,39023
2024-10-01,03F,20138,40167
2025-03-01,03F,19284,38657
2025-10-01,03F,20386,41466
2023-12-01,03F,19204,37959
2024-12-01,03F,19930,39969
2025-11-01,03F,18494,37529
2024-04-01,03F,19644,38951
2025-06-01,03F,19597,39457
2026-01-01,03F,19662,40042
2024-09-01,03F,19097,38167
2025-05-01,03F,20035,40332
2026-05-01,03F,19169,39069
2023-10-01,03F,19567,38512
2026-06-01,03F,19451,39923
2021-12-01,04C,17795,34144
2021-10-01,04C,16522,31713
2022-02-01,04C,16032,30769
2022-01-01,04C,17052,32658
2022-07-01,04C,16875,32433
2021-11-01,04C,17286,33073
2021-09-01,04C,17259,33313
2022-09-01,04C,17758,34291
2022-04-01,04C,16932,32514
2023-01-01,04C,17783,34270
2022-08-01,04C,17807,34172
2022-11-01,04C,17434,33547
2021-06-01,04C,17118,33144
2022-05-01,04C,16815,32252
2023-03-01,04C,18403,35729
2023-05-01,04C,17779,34403
2021-08-01,04C,16238,31384
2022-06-01,04C,17364,33084
2021-07-01,04C,17080,32815
2022-03-01,04C,18033,34418
2022-10-01,04C,17321,33224
2022-11-01,03F,20047,38359
2021-11-01,03F,19636,36287
2022-01-01,03F,20017,37007
2022-05-01,03F,19766,37003
2022-07-01,03F,20061,37626
2023-01-01,03F,19447,37408
2022-03-01,03F,20612,38277
2022-04-01,03F,19697,36397
2023-03-01,03F,20631,39706
2021-09-01,03F,20042,36814
2021-12-01,03F,20281,37588
2021-06-01,03F,20133,36925
2021-10-01,03F,19107,35254
2022-09-01,03F,19700,37350
2021-08-01,03F,19148,35269
2021-07-01,03F,19885,36527
2022-10-01,03F,19378,36979
2022-02-01,03F,18086,33640
2022-06-01,03F,19863,37074
2023-05-01,03F,19582,37658
2022-08-01,03F,20109,37754
2024-01-01,04C,18615,36238
2025-12-01,04C,19729,38640
2023-09-01,04C,17932,34980
2025-02-01,04C,17405,33960
2026-03-01,04C,18986,37326
2023-02-01,04C,16548,31734
2025-03-01,04C,18218,35489
2023-06-01,04C,18070,35028
2024-05-01,04C,18851,37053
2026-02-01,04C,17445,34165
2024-04-01,04C,18260,35717
2023-07-01,04C,17721,34510
2024-02-01,04C,17416,34229
2024-07-01,04C,19214,37844
2025-10-01,04C,19595,38319
2026-01-01,04C,19097,37300
2025-04-01,04C,18690,36432
2026-05-01,04C,18390,35955
2024-09-01,04C,18179,35578
2024-12-01,04C,19085,36973
2023-11-01,04C,18517,36136
2025-06-01,04C,18153,35505
2026-06-01,04C,19498,37898
2024-10-01,04C,19597,37914
2023-04-01,04C,16950,32723
2025-05-01,04C,19008,37219
2024-06-01,04C,17412,34034
2025-08-01,04C,18182,35278
2025-01-01,04C,19447,37678
2025-11-01,04C,18045,35335
2023-08-01,04C,18107,35391
2024-03-01,04C,17454,34290
2024-11-01,04C,18536,35958
2025-09-01,04C,19116,37185
2022-12-01,04C,18059,34666
2023-10-01,04C,18064,35429
2023-12-01,04C,18089,35187
2024-08-01,04C,18553,36251
2026-04-01,04C,18823,36696
2025-07-01,04C,19937,38713
2024-07-01,02Y,27037,49268
2025-10-01,02Y,26965,49951
2024-08-01,02Y,25675,47022
2024-10-01,02Y,26539,48819
2025-07-01,02Y,27402,50444
2024-06-01,02Y,24634,44658
2025-11-01,02Y,24213,45259
2025-01-01,02Y,26579,48863
2023-01-01,02Y,25301,44651
2023-10-01,02Y,25550,45675
2023-08-01,02Y,26109,46582
2024-05-01,02Y,26184,47395
2025-06-01,02Y,25466,47215
2024-02-01,02Y,24976,44970
2025-08-01,02Y,24934,46548
2023-02-01,02Y,23249,41248
2023-09-01,02Y,24959,44878
2026-01-01,02Y,25922,48476
2023-11-01,02Y,26258,46940
2024-01-01,02Y,26354,47070
2025-05-01,02Y,26247,48561
2023-03-01,02Y,26072,46141
2025-04-01,02Y,25719,47233
2025-09-01,02Y,26188,48433
2023-07-01,02Y,24759,44255
2024-04-01,02Y,26250,47175
2023-06-01,02Y,25367,45247
2024-11-01,02Y,25825,47614
2024-03-01,02Y,24590,44522
2026-02-01,02Y,23277,43514
2023-04-01,02Y,24037,42957
2026-06-01,02Y,25678,48202
2025-03-01,02Y,25649,47164
2026-03-01,02Y,25555,47723
2023-05-01,02Y,25343,45118
2023-12-01,02Y,25839,45958
2025-12-01,02Y,27528,51037
2024-12-01,02Y,26651,48685
2025-02-01,02Y,23877,43779
2026-04-01,02Y,25562,47843
2026-05-01,02Y,24894,46618
2024-09-01,02Y,25348,46269
2021-06-01,03W,19596,35162
2021-10-01,03W,18578,33250
2022-01-01,03W,19436,34472
2022-07-01,03W,20209,35565
2022-02-01,03W,18230,32325
2021-12-01,03W,20663,36730
2022-03-01,03W,20964,36928
2022-04-01,03W,19333,34006
2021-09-01,03W,19985,35413
2021-11-01,03W,19751,35090
2022-05-01,03W,20908,37085
2022-09-01,03W,20104,35375
2022-08-01,03W,20805,36554
2021-07-01,03W,19344,35060
2021-08-01,03W,18297,32779
2022-10-01,04V,24688,43407
2022-11-01,04V,25881,45711
2022-06-01,04V,24417,43048
2022-12-01,04V,26080,45961
2022-11-01,02Y,25293,44503
2023-10-01,03W,21219,37824
2024-11-01,03W,21178,38093
2022-06-01,03W,19680,34534
2024-05-01,03W,22284,40068
2026-05-01,03W,20770,38186
2025-05-01,03W,22068,40129
2025-06-01,03W,20975,38311
2024-01-01,03W,21725,38797
2023-09-01,03W,20558,36819
2024-07-01,03W,22209,40032
2024-08-01,03W,21406,38708
2024-09-01,03W,20850,37517
2025-09-01,03W,21787,39640
2023-08-01,03W,21802,38737
2024-04-01,03W,21038,37602
2023-06-01,03W,21502,38295
2022-10-01,03W,20687,36220
2023-11-01,03W,21813,38844
2025-01-01,03W,22282,40446
2025-11-01,03W,20442,37390
2023-07-01,03W,20760,36907
2024-06-01,03W,20150,36345
2026-02-01,03W,19599,35994
2025-10-01,03W,22019,40324
2022-12-01,03W,21260,37322
2025-07-01,03W,22792,41265
2024-10-01,03W,22352,40346
2025-03-01,03W,21266,38477
2025-08-01,03W,20504,37344
2023-12-01,03W,21573,38359
2025-04-01,03W,20826,37801
2026-03-01,03W,21432,39611
2024-03-01,03W,20976,37432
2026-01-01,03W,21505,39445
2023-05-01,03W,21488,38141
2024-12-01,03W,21857,39376
2023-03-01,03W,21718,38320
2024-02-01,03W,20304,36272
2025-12-01,03W,22538,41263
2025-02-01,03W,19527,35313
2023-01-01,03W,20914,36880
2026-04-01,04V,26886,49348
2021-07-01,04V,24233,42432
2021-11-01,04V,24585,42946
2022-07-01,04V,24280,42681
2022-03-01,04V,25886,45401
2021-10-01,04V,23401,40974
2022-09-01,04V,25689,44997
2022-01-01,04V,24027,42304
2022-05-01,04V,25814,45097
2026-06-01,04V,27375,50362
2022-02-01,04V,22815,40169
2022-04-01,04V,24395,42714
2022-08-01,04V,25681,44837
2021-06-01,04V,24044,42219
2021-08-01,04V,23926,41727
2023-04-01,04V,24396,43199
2021-12-01,04V,25959,45452
2023-02-01,04V,23595,41790
2021-09-01,04V,24734,43096
2022-02-01,02Y,23552,40728
2021-12-01,02Y,26163,44781
2022-12-01,02Y,25878,45225
2021-10-01,02Y,23607,40303
2021-06-01,02Y,25287,42916
2022-09-01,02Y,25221,43838
2021-07-01,02Y,24472,41459
2022-03-01,02Y,25944,44851
2022-04-01,02Y,24359,42218
2022-10-01,02Y,24746,43202
2021-08-01,02Y,23648,40314
2022-06-01,02Y,24475,42392
2022-08-01,02Y,25027,43615
2022-01-01,02Y,24367,42115
2021-09-01,02Y,25285,43033
2021-11-01,02Y,24442,41814
2022-05-01,02Y,24763,42841
2022-07-01,02Y,24174,42089
2023-04-01,03W,19915,35151
2026-04-01,03W,21041,38614
2026-06-01,03W,21484,39364
2023-02-01,03W,19642,34640
2022-11-01,03W,20979,36723
2026-02-01,04V,24863,45284
2025-12-01,04V,28753,52077
2023-03-01,04V,27477,48356
2024-11-01,04V,26952,48278
2025-11-01,04V,25653,46665
2023-08-01,04V,26980,47584
2025-10-01,04V,28256,51357
2025-07-01,04V,28843,51973
2024-10-01,04V,27616,49570
2024-08-01,04V,26809,47965
2024-09-01,04V,26262,47141
2023-07-01,04V,25541,44969
2024-05-01,04V,27576,49245
2023-01-01,04V,25490,44918
2023-09-01,04V,25728,45547
2024-03-01,04V,25828,46084
2026-05-01,04V,26151,47949
2023-11-01,04V,26573,46971
2024-02-01,04V,25318,44802
2025-04-01,04V,26277,47262
2025-05-01,04V,27728,50036
2025-09-01,04V,27580,49836
2025-06-01,04V,26346,47550
2023-06-01,04V,26900,47425
2025-08-01,04V,26293,47706
2024-06-01,04V,25628,45714
2025-01-01,04V,28106,50227
2026-03-01,04V,27878,50786
2024-01-01,04V,27034,48061
2024-07-01,04V,27203,48860
2023-10-01,04V,26274,46097
2026-01-01,04V,27412,49842
2025-03-01,04V,26935,48356
2024-04-01,04V,26790,47863
2023-05-01,04V,25929,45936
2023-12-01,04V,26590,47004
2025-02-01,04V,25055,44671
2024-12-01,04V,27725,49659
2023-09-01,02Q,11468,19085
2025-03-01,02Q,12148,20406
2023-05-01,02Q,11590,19418
2025-09-01,02Q,12632,21275
2023-12-01,02Q,11829,19751
2023-01-01,02Q,11466,19045
2023-02-01,02Q,10478,17516
2023-11-01,02Q,11990,19955
2022-01-01,02Q,10685,17771
2023-08-01,02Q,12485,20837
2022-03-01,02Q,11282,18719
2025-04-01,02Q,12475,20893
2022-10-01,02Q,10854,18143
2023-06-01,02Q,11753,19677
2022-12-01,02Q,11810,19713
2026-04-01,02Q,12414,21102
2023-03-01,02Q,11750,19790
2026-01-01,02Q,12788,21630
2024-10-01,02Q,12454,21094
2021-10-01,02Q,10465,17444
2024-04-01,02Q,12238,20514
2023-07-01,02Q,10993,18261
2025-07-01,02Q,13149,22125
2022-11-01,02Q,11352,18906
2025-10-01,02Q,12770,21467
2022-06-01,02Q,11236,18664
2025-11-01,02Q,11444,19370
2021-08-01,02Q,10534,17483
2021-11-01,02Q,10753,17919
2025-08-01,02Q,11984,20119
2024-09-01,02Q,11829,20000
2022-05-01,02Q,10656,17856
2022-09-01,02Q,11237,18794
2025-05-01,02Q,12519,21025
2022-08-01,02Q,11868,19726
2026-05-01,02Q,11606,19896
2025-02-01,02Q,11345,18950
2024-07-01,02Q,12527,21089
2021-09-01,02Q,10937,18091
2024-08-01,02Q,12349,20908
2023-10-01,02Q,12057,20116
2024-12-01,02Q,12797,21489
2021-12-01,02Q,11888,19580
2023-04-01,02Q,11245,18695
2025-06-01,02Q,12310,20534
2025-12-01,02Q,13165,22164
2026-02-01,02Q,11334,19048
2022-07-01,02Q,10449,17471
2025-01-01,02Q,12798,21590
2026-03-01,02Q,12623,21342
2024-02-01,02Q,11374,19005
2024-11-01,02Q,12081,20330
2022-02-01,02Q,10221,16872
2024-03-01,02Q,11779,19641
2024-06-01,02Q,11542,19354
2021-06-01,02Q,10894,18121
2021-07-01,02Q,10843,18117
2024-01-01,02Q,12368,20646
2024-05-01,02Q,12360,20690
2026-06-01,02Q,12220,20797
2022-04-01,02Q,11193,18517
2025-11-01,03L,24268,39401
2026-02-01,03L,23056,37631
2026-04-01,03L,25416,41678
2025-12-01,03L,26515,43161
2026-01-01,03L,25979,42271
2026-03-01,03L,25574,41771
2026-05-01,03L,24239,39718
2022-08-01,03R,27691,45263
2023-05-01,03R,28476,46565
2025-05-01,03R,31840,51383
2025-08-01,03R,29211,47321
2021-06-01,03R,26576,43057
2024-07-01,03R,31622,51353
2021-10-01,03R,25633,41671
2024-02-01,03R,28409,46299
2024-10-01,03R,31809,51293
2023-10-01,03R,29405,47899
2022-11-01,03R,27827,45319
2023-09-01,03R,28594,46639
2024-03-01,03R,28710,46694
2024-06-01,03R,28608,46323
2021-11-01,03R,26188,42436
2023-06-01,03R,29421,48083
2022-07-01,03R,26689,43422
2025-03-01,03R,30013,48436
2024-11-01,03R,29968,48559
2021-08-01,03R,25565,41511
2023-07-01,03R,28340,46137
2022-04-01,03R,26102,42342
2022-03-01,03R,28146,45577
2025-10-01,03R,33080,53771
2024-12-01,03R,30812,49897
2024-05-01,03R,30708,49999
2025-04-01,03R,30946,49934
2023-01-01,03R,28431,46278
2023-11-01,03R,29427,47703
2023-03-01,03R,29907,48686
2022-02-01,03R,24322,39544
2024-08-01,03R,30060,48776
2025-07-01,03R,32715,53040
2021-09-01,03R,26756,43397
2022-05-01,03R,26931,43914
2022-10-01,03R,27364,44740
2024-01-01,03R,30246,49311
2025-06-01,03R,30330,49043
2022-12-01,03R,27575,45036
2024-04-01,03R,30219,49194
2025-01-01,03R,31872,51595
2021-07-01,03R,25926,42204
2025-09-01,03R,33046,53242
2022-01-01,03R,26255,42592
2022-06-01,03R,26977,44214
2023-04-01,03R,26124,42608
2023-08-01,03R,29459,47813
2023-12-01,03R,29142,47465
2025-02-01,03R,28408,46200
2024-09-01,03R,29226,47542
2022-09-01,03R,27860,45312
2023-02-01,03R,26057,42440
2021-12-01,03R,28287,45763
2026-06-01,52R,77093,126564
2023-09-01,01H,28118,45322
2021-10-01,01H,26258,42050
2024-02-01,01H,27706,44522
2024-09-01,01H,28823,46371
2022-04-01,01H,26972,43560
2024-12-01,01H,30051,48058
2022-02-01,01H,25015,39802
2021-11-01,01H,26189,42193
2022-08-01,01H,28204,45039
2022-09-01,01H,27740,44361
2023-10-01,01H,29027,46869
2022-05-01,01H,27832,44360
2024-01-01,01H,29177,47088
2023-03-01,01H,29799,47373
2023-02-01,01H,26273,41601
2023-06-01,01H,29317,47026
2024-10-01,01H,30423,48970
2021-06-01,01H,26996,43405
2022-06-01,01H,27146,43393
2022-07-01,01H,26943,43096
2024-08-01,01H,29280,47175
2023-07-01,01H,28363,45490
2023-08-01,01H,29128,46589
2021-12-01,01H,29305,46873
2021-07-01,01H,26851,43288
2023-01-01,01H,28026,44923
2024-05-01,01H,29607,47888
2023-11-01,01H,28982,46414
2022-10-01,01H,28058,44857
2024-04-01,01H,29479,47635
2022-11-01,01H,27594,44070
2021-09-01,01H,26709,43149
2022-03-01,01H,28581,45380
2024-11-01,01H,29505,47305
2022-12-01,01H,28404,45220
2024-03-01,01H,28211,45490
2023-04-01,01H,26864,42949
2021-08-01,01H,25705,41108
2022-01-01,01H,26769,42789
2024-06-01,01H,27586,44543
2024-07-01,01H,30670,49465
2023-05-01,01H,27882,44369
2023-12-01,01H,29301,47153
2025-01-01,01H,31452,50392
2025-06-01,03L,25233,40562
2025-08-01,03L,24381,39469
2025-02-01,03L,23804,38077
2025-03-01,03L,25610,41054
2025-10-01,03L,26587,42947
2025-07-01,03L,26573,42897
2025-05-01,03L,26364,42367
2025-04-01,03L,25032,40210
2026-06-01,03L,25368,41571
2025-11-01,03R,29889,48381
2025-12-01,03R,33201,53734
2025-09-01,15M,77204,124164
2026-04-01,52R,77380,126390
2026-01-01,52R,79264,128416
2026-03-01,52R,78388,127456
2026-02-01,52R,71112,115815
2026-05-01,52R,74548,121950
2022-03-01,00P,35120,54494
2021-08-01,00P,32629,50999
2021-07-01,00P,34243,53381
2022-08-01,00P,33820,52456
2022-01-01,00P,32909,51291
2022-07-01,00P,33150,51373
2022-06-01,00P,32491,50554
2022-09-01,00P,34137,52648
2021-09-01,00P,34696,54269
2021-10-01,00P,32750,50930
2022-05-01,00P,35301,54679
2021-12-01,00P,35177,54692
2022-02-01,00P,31745,48980
2021-11-01,00P,33437,52017
2022-04-01,00P,33047,51064
2021-06-01,00P,34481,53993
2025-02-01,01H,27485,43900
2025-06-01,01H,29215,46872
2025-04-01,01H,29724,47694
2025-08-01,01H,28428,45706
2025-10-01,01H,30973,49897
2023-06-01,03L,25831,40388
2025-09-01,03L,26075,41842
2023-03-01,03L,26459,41051
2023-09-01,03L,25107,39165
2023-02-01,03L,23030,35717
2023-04-01,03L,23851,37155
2024-11-01,03L,25492,40484
2024-05-01,03L,26593,42003
2024-10-01,03L,26523,42190
2024-01-01,03L,26676,41991
2024-09-01,03L,25680,40705
2024-08-01,03L,25355,40185
2023-08-01,03L,25814,40586
2025-01-01,03L,26548,42433
2024-07-01,03L,27182,43000
2023-07-01,03L,25386,39569
2024-12-01,03L,26197,41649
2026-01-01,03R,31625,50960
2026-02-01,03R,29793,48181
2026-04-01,03R,31642,51258
2026-06-01,03R,32085,52147
2022-12-01,15M,77074,119243
2023-11-01,15M,76842,120617
2023-10-01,15M,76404,119425
2026-05-01,15M,72905,118291
2022-10-01,15M,73085,112846
2024-02-01,15M,73189,115167
2024-03-01,15M,73667,115887
2025-12-01,15M,81017,130575
2024-06-01,15M,72758,114963
2023-01-01,15M,76183,117647
2023-12-01,15M,76513,120018
2024-04-01,15M,77403,122124
2025-03-01,15M,74978,119771
2025-05-01,15M,78406,125511
2025-07-01,15M,80075,128515
2022-11-01,15M,75959,117540
2026-03-01,15M,76571,123785
2023-05-01,15M,76741,119450
2025-11-01,15M,71855,115782
2022-10-01,00P,33314,51255
2022-12-01,00P,34235,52727
2025-03-01,01H,29423,46910
2025-05-01,01H,30812,49228
2025-07-01,01H,31463,50346
2022-11-01,03L,24899,38449
2024-02-01,03L,24636,38478
2023-11-01,03L,25623,40059
2024-03-01,03L,24909,39157
2024-06-01,03L,25066,39432
2023-01-01,03L,25464,39229
2023-05-01,03L,25217,39134
2023-10-01,03L,25710,40119
2023-12-01,03L,25293,39529
2024-04-01,03L,26117,41083
2026-03-01,03R,32493,52482
2026-05-01,03R,30849,49902
2021-10-01,15M,69854,106806
2025-04-01,15M,75292,120096
2022-06-01,15M,71461,110407
2022-03-01,15M,76683,118068
2024-08-01,15M,76425,121101
2026-01-01,15M,76611,123199
2022-08-01,15M,74772,115570
2022-05-01,15M,75714,117100
2026-04-01,15M,74712,120722
2024-01-01,15M,78869,123565
2024-09-01,15M,75343,118985
2022-02-01,15M,68102,104521
2023-09-01,15M,75782,118164
2024-07-01,15M,79952,126128
2022-01-01,15M,72149,110832
2022-04-01,15M,71840,110982
2026-06-01,15M,76541,124211
2021-06-01,15M,73121,112046
2023-06-01,15M,77439,120683
2021-09-01,15M,74015,113428
2025-06-01,15M,74527,119353
2023-04-01,15M,70749,109680
2021-07-01,15M,73957,112952
2022-09-01,15M,75046,115615
2023-02-01,15M,70326,108787
2025-01-01,15M,80056,127520
2021-11-01,15M,73246,112496
2024-05-01,15M,78890,124205
2024-12-01,15M,79093,125695
2023-08-01,15M,77196,120654
2022-07-01,15M,72905,112283
2023-03-01,15M,79725,123579
2026-02-01,15M,69677,112531
2025-10-01,15M,79400,127690
2021-08-01,15M,70523,108026
2025-08-01,15M,73619,118222
2024-11-01,15M,75741,119896
2024-10-01,15M,79249,125902
2021-12-01,15M,77456,118889
2025-02-01,15M,70961,112822
2023-07-01,15M,75189,116922
2025-12-01,52R,82315,132558
2025-11-01,52R,75116,120549
2025-09-01,52R,79282,126462
2023-02-01,00P,30804,47494
2023-05-01,00P,34186,52912
2023-01-01,00P,34553,52874
2023-08-01,00P,35547,54636
2023-07-01,00P,34326,52270
2023-09-01,00P,34576,52510
2022-11-01,00P,33908,52209
2023-12-01,00P,35213,53753
2023-04-01,00P,32354,49687
2023-03-01,00P,36711,56217
2023-10-01,00P,35367,54082
2023-06-01,00P,35844,54810
2026-01-01,01H,30400,48825
2025-09-01,01H,31247,49714
2025-11-01,01H,28767,46095
2026-02-01,01H,27599,44478
2025-12-01,01H,31090,49970
2026-03-01,01H,29972,48202
2026-04-01,01H,29589,47621
2026-06-01,01H,29672,47854
2026-05-01,01H,29085,46981
2022-07-01,03L,23768,36334
2022-05-01,03L,25453,38496
2022-06-01,03L,24476,37442
2022-09-01,03L,24730,37813
2021-09-01,03L,25423,37909
2021-12-01,03L,26132,39233
2021-07-01,03L,25285,37570
2021-10-01,03L,23924,35625
2022-02-01,03L,23003,34604
2022-10-01,03L,24893,38296
2022-01-01,03L,24589,36964
2021-11-01,03L,24817,37118
2022-03-01,03L,25712,38946
2022-08-01,03L,25710,39171
2021-08-01,03L,23942,35562
2022-12-01,03L,25749,39648
2022-04-01,03L,24019,36501
2021-06-01,26A,91607,135731
2024-10-01,52R,81609,127492
2024-02-01,52R,76548,117198
2025-03-01,52R,78450,123686
2024-08-01,52R,80097,124503
2024-05-01,52R,81816,126229
2024-07-01,52R,82816,128505
2024-09-01,52R,77125,120321
2025-10-01,52R,81620,131061
2025-04-01,52R,78575,124584
2023-11-01,52R,80678,122528
2024-06-01,52R,76071,117612
2024-01-01,52R,82103,125390
2025-07-01,52R,83956,133461
2024-04-01,52R,79891,123080
2025-08-01,52R,76029,121192
2024-03-01,52R,78063,119901
2025-06-01,52R,77534,123190
2024-12-01,52R,80170,125864
2025-05-01,52R,81280,128800
2024-11-01,52R,78725,122820
2025-01-01,52R,84218,131818
2025-02-01,52R,73073,115053
2021-09-01,00N,17232,25452
2021-06-01,00N,16763,24716
2024-03-01,00P,35431,53841
2024-05-01,00P,36816,55740
2023-11-01,00P,35946,54581
2024-01-01,00P,36694,55575
2024-04-01,00P,36566,55500
2025-03-01,26A,94891,146074
2024-10-01,26A,98724,151020
2025-11-01,26A,91610,142536
2022-06-01,26A,92832,136715
2025-10-01,26A,99704,154189
2026-03-01,26A,96863,151360
2021-10-01,26A,89374,132223
2021-08-01,26A,88861,131765
2025-01-01,26A,99387,152547
2026-02-01,26A,88435,138037
2026-06-01,26A,94908,148924
2023-01-01,26A,94755,139972
2024-02-01,26A,91360,138197
2025-02-01,26A,88141,135440
2025-12-01,26A,101198,157057
2026-05-01,26A,93107,145486
2025-04-01,26A,94238,145243
2022-09-01,26A,93577,138640
2022-01-01,26A,91934,135545
2023-02-01,26A,87045,129277
2021-11-01,26A,92036,136248
2024-09-01,26A,93276,142660
2026-04-01,26A,94195,147728
2022-11-01,26A,95209,140936
2021-12-01,26A,96396,142584
2024-12-01,26A,97650,149429
2022-05-01,26A,94090,139228
2022-08-01,26A,94829,140258
2022-03-01,26A,95685,141414
2022-10-01,26A,91782,135939
2022-12-01,26A,96395,143148
2021-07-01,26A,92871,137389
2024-07-01,26A,99488,151521
2024-08-01,26A,96591,147433
2024-11-01,26A,95086,145823
2025-09-01,26A,96561,149364
2025-06-01,26A,93826,144610
2022-02-01,26A,85110,125723
2026-01-01,26A,96300,149679
2022-07-01,26A,90870,134681
2024-06-01,26A,91648,139191
2025-07-01,26A,99083,153474
2022-04-01,26A,89779,132588
2025-08-01,26A,94188,145874
2025-05-01,26A,98058,151183
2023-07-01,52R,77412,116288
2023-04-01,52R,74464,111287
2023-10-01,52R,78328,118631
2023-09-01,52R,78767,118855
2023-12-01,52R,79812,121271
2023-08-01,52R,81649,122922
2023-05-01,52R,80062,120067
2023-06-01,52R,81864,122662
2023-03-01,52R,83262,124362
2026-01-01,00L,39955,60365
2021-12-01,00N,17964,26174
2021-11-01,00N,16787,24787
2022-01-01,00N,16437,24036
2024-07-01,00P,37368,56644
2024-08-01,00P,36299,54887
2024-02-01,00P,34418,51943
2024-06-01,00P,34174,51818
2024-09-01,00P,35528,53964
2024-10-01,00P,38202,57757
2025-11-01,00P,35651,53966
2025-05-01,00P,37331,56567
2025-04-01,00P,36674,55380
2024-11-01,00P,36279,54765
2025-03-01,00P,36432,55189
2024-12-01,00P,37929,57186
2025-01-01,00P,38300,57794
2025-06-01,00P,36678,55674
2025-02-01,00P,34353,51824
2025-07-01,02X,35036,53034
2022-03-01,02X,33299,48645
2025-08-01,02X,32173,48717
2025-10-01,02X,34768,52751
2026-02-01,02X,30612,46445
2022-09-01,02X,32373,47613
2025-09-01,02X,34139,51629
2025-12-01,02X,35108,53321
2022-11-01,02X,32666,48087
2026-04-01,02X,32871,50193
2026-06-01,02X,33470,51271
2026-03-01,02X,33623,51151
2022-02-01,02X,29637,43286
2026-05-01,02X,31945,48892
2021-06-01,09D,16753,24684
2022-05-01,09D,17116,25097
2022-07-01,09D,16412,24124
2022-06-01,09D,15911,23285
2021-07-01,09D,16587,24369
2021-10-01,09D,16682,24409
2022-04-01,09D,16265,23798
2021-08-01,09D,15691,23094
2023-10-01,26A,95362,142706
2023-11-01,26A,95545,143642
2023-09-01,26A,93589,140283
2023-04-01,26A,90558,135029
2023-12-01,26A,96589,145652
2023-03-01,26A,99209,147389
2021-09-01,26A,92310,136216
2023-05-01,26A,95283,141924
2024-03-01,26A,93565,141995
2024-04-01,26A,96533,146070
2023-07-01,26A,94079,140728
2024-05-01,26A,98554,149203
2024-01-01,26A,97815,147651
2023-08-01,26A,95850,143893
2023-06-01,26A,96368,144181
2022-12-01,52R,81371,120115
2023-01-01,52R,80649,119074
2022-10-01,52R,78408,115049
2023-02-01,52R,73909,109574
2022-08-01,52R,79718,116793
2026-06-01,00L,40305,61473
2026-04-01,00L,40438,61546
2026-05-01,00L,38791,58939
2021-08-01,00N,16265,23915
2022-03-01,00N,17633,25746
2022-05-01,00N,17045,24924
2021-07-01,00N,16966,24852
2025-08-01,00P,36106,54417
2026-03-01,00P,38907,58836
2025-12-01,00P,39552,59763
2026-02-01,00P,35072,52977
2025-10-01,00P,39673,59922
2025-07-01,00P,39583,59725
2025-09-01,00P,37962,57080
2022-06-01,02X,31702,46303
2023-07-01,02X,32610,48066
2023-12-01,02X,33255,49410
2023-01-01,02X,32475,47772
2023-02-01,02X,30089,44251
2026-01-01,02X,33611,50774
2022-08-01,02X,33163,48527
2022-12-01,02X,33788,49675
2023-08-01,02X,32894,48572
2022-10-01,02X,32093,47049
2024-08-01,02X,33997,50544
2024-12-01,02X,34875,52265
2025-04-01,02X,32991,49653
2024-06-01,02X,31980,47555
2023-04-01,02X,31197,45910
2023-11-01,02X,33007,48901
2025-01-01,02X,35097,52743
2023-09-01,02X,33208,49125
2024-10-01,02X,34690,51861
2021-11-01,02X,32139,46916
2025-03-01,02X,33116,49851
2025-05-01,02X,34538,52076
2025-06-01,02X,32939,49675
2024-05-01,02X,34764,51665
2024-11-01,02X,32999,49438
2022-04-01,02X,31546,46105
2021-09-01,02X,31545,46090
2024-09-01,02X,32874,49111
2023-03-01,02X,34516,50776
2025-02-01,02X,31182,46779
2021-10-01,02X,31163,45540
2023-06-01,02X,34028,50076
2025-11-01,02X,31489,47586
2023-05-01,02X,33426,49250
2024-02-01,02X,31733,47082
2024-01-01,02X,34584,51218
2024-07-01,02X,35192,52373
2022-07-01,02X,31709,46472
2023-10-01,02X,33316,49292
2024-03-01,02X,32766,48606
2024-04-01,02X,33818,50320
2021-06-01,03L,25336,37329
2022-01-01,09D,16800,24548
2022-02-01,09D,15503,22613
2021-12-01,09D,17522,25527
2022-11-01,52R,79488,116785
2022-09-01,52R,79210,116040
2025-10-01,00L,42144,63000
2025-11-01,00L,38582,57794
2025-08-01,00L,38441,57654
2026-03-01,00L,39913,60354
2026-02-01,00L,37318,56185
2025-12-01,00L,41606,62571
2022-08-01,00N,16811,24563
2025-03-01,00N,18228,27311
2024-11-01,00N,18559,27740
2024-12-01,00N,18882,28211
2025-06-01,00N,18488,27559
2024-10-01,00N,19358,28735
2024-08-01,00N,18652,27511
2025-09-01,00N,19244,28816
2024-09-01,00N,18008,26738
2023-04-01,00N,17199,25072
2022-07-01,00N,17104,24984
2025-05-01,00N,19094,28656
2021-10-01,00N,16400,23914
2025-02-01,00N,17256,25652
2022-09-01,00N,17448,25421
2025-01-01,00N,19589,29235
2022-02-01,00N,16142,23468
2025-04-01,00N,19009,28315
2026-06-01,00P,38485,58315
2026-01-01,00P,38354,57723
2026-05-01,00P,36412,54996
2026-04-01,00P,37270,56478
2021-07-01,02X,32273,47035
2022-05-01,02X,32783,47888
2021-06-01,02X,32523,47357
2021-12-01,02X,34366,49979
2021-08-01,02X,30808,44888
2022-01-01,02X,31208,45408
2023-01-01,09D,17130,24987
2022-11-01,09D,17338,25207
2023-06-01,09D,17156,25099
2022-03-01,09D,17835,26003
2023-10-01,09D,16741,24520
2023-02-01,09D,15945,23140
2023-08-01,09D,17131,24901
2022-10-01,09D,16876,24618
2024-01-01,09D,17307,25164
2022-12-01,09D,16761,24465
2024-05-01,09D,16899,24816
2024-03-01,09D,16297,23834
2021-09-01,09D,16602,24206
2024-02-01,09D,16178,23517
2023-09-01,09D,16779,24517
2023-12-01,09D,16481,24150
2024-06-01,09D,15945,23374
2023-03-01,09D,17761,25647
2024-07-01,09D,17370,25500
2023-05-01,09D,16939,24555
2024-04-01,09D,17085,24942
2021-11-01,09D,17242,25103
2023-07-01,09D,16708,24558
2025-07-01,09D,16894,25326
2022-04-01,52R,76840,111424
2022-06-01,52R,78765,114752
2023-11-01,99C,22986,33481
2024-02-01,00L,38246,55469
2025-06-01,00L,40844,60499
2025-03-01,00L,38557,57347
2024-10-01,00L,41213,60440
2023-09-01,00L,38580,55904
2023-12-01,00L,39327,56886
2025-05-01,00L,39581,59127
2025-04-01,00L,39920,59176
2025-09-01,00L,40990,61122
2025-01-01,00L,41506,61241
2024-01-01,00L,39607,57463
2024-05-01,00L,39957,58360
2026-04-01,00N,19167,28852
2024-06-01,00N,17406,25390
2022-11-01,00N,18381,26609
2026-02-01,00N,17572,26257
2022-04-01,00N,17079,24733
2025-08-01,00N,17903,26735
2023-02-01,00N,16008,23101
2024-07-01,00N,18829,27621
2022-10-01,00N,16662,24148
2025-10-01,00N,19521,29134
2023-01-01,00N,17566,25433
2022-12-01,00N,17707,25591
2026-05-01,00N,18110,27075
2025-07-01,00N,19814,29636
2022-06-01,00N,17284,25093
2025-11-01,00N,18151,27144
2026-03-01,09D,16384,24566
2023-11-01,09D,17219,24958
2024-09-01,09D,16235,23936
2025-02-01,09D,15691,23169
2022-08-01,09D,17166,25003
2024-08-01,09D,16729,24582
2022-09-01,09D,16045,23325
2023-04-01,09D,16693,24248
2024-11-01,09D,16672,24675
2026-01-01,09D,16636,24904
2026-06-01,09D,16392,24606
2025-12-01,09D,17013,25576
2024-12-01,09D,16556,24556
2023-05-01,13T,52764,76121
2021-06-01,52R,78387,112234
2022-02-01,52R,72992,105509
2022-05-01,52R,80036,116545
2021-11-01,52R,78330,112873
2022-01-01,52R,77841,112202
2021-09-01,52R,79026,113275
2022-07-01,52R,77796,113447
2021-07-01,52R,79200,113089
2021-10-01,52R,76390,109800
2022-03-01,52R,82197,119121
2021-08-01,52R,76041,108713
2021-12-01,52R,82969,119351
2023-06-01,99C,23518,34059
2024-04-01,99C,23537,34162
2023-10-01,99C,22971,33299
2024-03-01,99C,23152,33642
2023-08-01,99C,23115,33534
2023-07-01,99C,23423,33925
2023-03-01,99C,24318,35097
2024-09-01,00L,39084,57304
2024-08-01,00L,40002,58756
2023-08-01,00L,38976,56284
2024-07-01,00L,40602,59473
2025-02-01,00L,37249,54890
2023-11-01,00L,38936,56428
2024-04-01,00L,39670,57564
2025-07-01,00L,42128,62957
2023-10-01,00L,38418,55454
2024-12-01,00L,40521,59860
2024-03-01,00L,38346,55705
2023-06-01,00N,18232,26319
2025-12-01,00N,19837,29723
2026-03-01,00N,19320,28940
2023-09-01,00N,17904,25927
2026-06-01,00N,19350,29029
2026-01-01,00N,19125,28629
2024-05-01,03K,21489,31264
2026-02-01,03K,19504,29047
2024-06-01,03K,19759,28817
2026-05-01,03K,20230,30175
2026-04-01,03K,21036,31413
2025-03-01,03K,20963,30937
2024-11-01,03K,20844,30710
2025-06-01,09D,16508,24444
2025-11-01,09D,15378,22986
2025-05-01,09D,16502,24647
2025-04-01,09D,16433,24341
2025-08-01,09D,15986,23699
2024-10-01,09D,16803,24592
2025-01-01,09D,17162,25275
2025-09-01,09D,16753,24891
2022-08-01,13T,52662,75531
2022-09-01,13T,51853,74309
2022-10-01,13T,50970,73195
2022-07-01,13T,51159,73339
2023-02-01,13T,48297,69573
2022-05-01,13T,51500,73812
2023-07-01,13T,52257,75274
2022-11-01,13T,51805,74636
2022-06-01,13T,51347,73496
2022-12-01,13T,53141,76135
2023-01-01,13T,52037,75083
2022-04-01,13T,51179,72920
2023-03-01,13T,54798,78993
2021-06-01,36J,47516,67555
2021-09-01,36J,47206,67210
2021-08-01,36J,47105,67035
2023-12-01,99C,24084,34755
2022-03-01,99C,23901,33891
2024-01-01,99C,24035,34720
2021-12-01,99C,23758,33785
2023-04-01,99C,22051,31745
2021-11-01,99C,22364,31759
2021-10-01,99C,21669,30921
2024-02-01,99C,22745,32931
2022-01-01,99C,22626,32057
2021-07-01,99C,22682,32348
2022-02-01,99C,21067,29944
2023-05-01,99C,22638,32552
2025-10-01,99C,24441,36307
2024-06-01,00L,38131,55529
2023-06-01,00L,39943,57623
2024-11-01,00L,39457,58004
2024-04-01,00N,18162,26333
2023-03-01,00N,17784,25422
2023-05-01,00N,18271,26269
2024-05-01,00N,18337,26522
2023-08-01,00N,18577,26808
2024-02-01,00N,17315,25055
2023-11-01,00N,17904,25888
2023-07-01,00N,16954,24374
2023-10-01,00N,17962,25901
2021-12-01,01W,26599,37588
2021-10-01,01W,23954,34125
2026-06-01,03K,21269,31773
2024-07-01,03K,21638,31458
2024-10-01,03K,21544,31434
2025-04-01,03K,21015,30979
2025-10-01,03K,22018,32579
2025-05-01,03K,21479,31571
2025-01-01,03K,21992,32274
2025-11-01,03K,20324,30140
2025-07-01,03K,22108,32686
2024-08-01,03K,21331,31088
2024-09-01,03K,20596,30088
2026-01-01,03K,21592,32004
2024-12-01,03K,21408,31451
2025-06-01,03K,21010,31027
2025-08-01,03K,20609,30381
2024-03-01,03K,20357,29461
2025-02-01,03K,19611,28830
2025-03-01,09D,15939,23415
2026-05-01,09D,15889,23640
2026-02-01,09D,15429,22940
2022-01-01,13T,51067,72277
2023-04-01,13T,50147,72173
2023-12-01,13T,53146,76569
2024-01-01,13T,55278,79794
2023-09-01,13T,52999,76365
2022-03-01,13T,54221,76826
2021-07-01,36J,47772,67701
2022-02-01,36J,45734,64700
2021-11-01,36J,48403,68722
2021-08-01,99C,21867,31048
2022-10-01,99C,22903,32592
2022-12-01,99C,22781,32466
2023-01-01,99C,23660,33958
2025-12-01,99C,25264,37421
2023-02-01,99C,21045,30164
2021-06-01,99C,22859,32364
2022-11-01,99C,22355,32001
2022-04-01,99C,22129,31422
2022-07-01,99C,22249,31756
2022-08-01,99C,22599,32327
2022-06-01,99C,21925,31211
2021-09-01,99C,22884,32446
2022-05-01,99C,23838,33918
2022-09-01,99C,22622,32315
2025-09-01,99C,23758,34937
2026-03-01,99C,24410,36197
2026-04-01,99C,23461,34899
2023-07-01,00L,38345,55102
2022-04-01,00L,37056,52387
2023-02-01,00L,35580,50733
2022-08-01,00L,38778,55053
2022-11-01,00L,38724,55112
2022-07-01,00L,36330,51718
2023-01-01,00L,38839,55322
2022-10-01,00L,37397,53069
2022-12-01,00L,38977,55260
2023-05-01,00L,38277,54623
2023-03-01,00L,39903,57011
2022-06-01,00L,36468,51726
2022-09-01,00L,38325,54377
2023-04-01,00L,36594,52290
2024-01-01,00N,18716,27006
2024-03-01,00N,18018,26071
2023-12-01,00N,17978,25873
2021-06-01,01W,25302,35782
2021-07-01,01W,25238,35556
2021-09-01,01W,25485,35884
2025-12-01,03K,22344,33007
2024-02-01,03K,19801,28602
2024-04-01,03K,21187,30705
2025-09-01,03K,21535,31649
2026-03-01,03K,21776,32267
2023-11-01,03K,20571,29634
2026-04-01,09D,15984,23726
2025-10-01,09D,17322,25580
2021-11-01,13T,51491,72797
2023-08-01,13T,53957,77651
2022-02-01,13T,48238,68173
2021-10-01,13T,49993,70626
2021-08-01,13T,50566,70982
2023-10-01,13T,53384,76926
2023-06-01,13T,53168,76699
2021-12-01,36J,50514,71327
2022-03-01,36J,50066,70824
2022-05-01,36J,50846,71961
2022-01-01,36J,47764,67443
2025-06-01,99C,23153,33934
2026-02-01,99C,21974,32541
2024-08-01,99C,24270,35317
2025-07-01,99C,24938,36746
2024-12-01,99C,24518,35710
2025-11-01,99C,23524,34431
2024-11-01,99C,23062,33665
2024-09-01,99C,23679,34493
2026-06-01,99C,24061,35840
2024-06-01,99C,22536,32770
2025-05-01,99C,24324,35695
2026-05-01,99C,23614,34870
2026-01-01,99C,24227,35816
2023-09-01,99C,23481,33718
2025-03-01,99C,23192,33961
2024-10-01,99C,24284,35175
2024-07-01,99C,24473,35530
2025-04-01,99C,23919,35066
2025-08-01,99C,23382,34333
2024-05-01,99C,24493,35331
2025-01-01,99C,24311,35517
2025-02-01,99C,22131,32318
2022-05-01,00L,38377,54230
2022-04-01,01W,24159,34065
2022-12-01,01W,26547,37515
2022-02-01,01W,23661,33306
2021-11-01,01W,24990,35113
2022-03-01,01W,26737,37665
2023-05-01,01W,26235,37200
2023-01-01,01W,26525,37521
2022-01-01,01W,25964,36510
2021-08-01,01W,24617,34556
2022-10-01,01W,25781,36239
2023-03-01,03K,21399,30290
2023-09-01,03K,20326,29058
2023-04-01,03K,18718,26692
2023-07-01,03K,20555,29240
2023-12-01,03K,20643,29595
2024-01-01,03K,20736,29844
2023-06-01,03K,20641,29381
2023-08-01,03K,20448,29207
2023-10-01,03K,20619,29481
2026-01-01,13T,56194,81809
2023-11-01,13T,53418,76735
2025-06-01,13T,54577,78577
2025-12-01,13T,57586,83574
2026-03-01,13T,55860,81354
2025-11-01,13T,53438,77082
2025-01-01,13T,57843,83307
2025-10-01,13T,57770,83648
2026-05-01,13T,54206,79004
2021-07-01,13T,52606,74033
2025-02-01,13T,51148,74102
2024-02-01,13T,52282,75359
2024-12-01,13T,55335,79638
2021-09-01,13T,51839,72877
2021-06-01,13T,52067,73059
2024-07-01,13T,56827,81967
2025-09-01,13T,56870,82007
2026-06-01,13T,55986,82001
2025-07-01,13T,57514,83159
2025-04-01,13T,55436,79705
2024-09-01,13T,53596,77465
2024-11-01,13T,54297,78319
2025-05-01,13T,56084,80916
2021-12-01,13T,55275,77823
2026-02-01,13T,51613,74820
2024-05-01,13T,55122,79457
2024-06-01,13T,51738,74659
2024-08-01,13T,54460,78625
2024-10-01,13T,56949,82227
2024-03-01,13T,53116,76363
2025-08-01,13T,53879,77696
2025-03-01,13T,53627,77252
2026-04-01,13T,55148,80290
2024-04-01,13T,54677,78902
2022-09-01,36J,50292,70973
2021-10-01,36J,47416,66855
2022-06-01,36J,48231,68171
2022-08-01,36J,50257,70877
2023-02-01,36J,45908,64906
2022-07-01,36J,49014,69035
2022-11-01,36J,49882,70361
2021-08-01,00L,37256,52070
2022-03-01,00L,40025,56318
2021-11-01,00L,37004,51844
2021-09-01,00L,38041,53275
2021-12-01,00L,39720,55629
2022-01-01,00L,37340,52307
2022-02-01,00L,33951,47657
2021-07-01,00L,37308,52100
2021-06-01,00L,37265,52272
2024-03-01,01W,26182,37173
2026-01-01,01W,27714,39825
2023-10-01,01W,26395,37352
2024-09-01,01W,26216,37515
2023-04-01,01W,24995,35392
2025-03-01,01W,26919,38545
2026-05-01,01W,26205,37938
2024-10-01,01W,28057,40035
2025-01-01,01W,27793,39935
2024-01-01,01W,27453,38980
2024-05-01,01W,27630,39573
2024-11-01,01W,26599,38219
2023-09-01,01W,25969,36869
2026-03-01,01W,28012,40480
2024-06-01,01W,24906,35740
2025-10-01,01W,28517,41118
2023-06-01,01W,26983,38211
2022-11-01,01W,25980,36638
2026-04-01,01W,27319,39528
2022-07-01,01W,25923,36301
2022-09-01,01W,26287,36921
2025-12-01,01W,29227,41933
2026-02-01,01W,25611,36618
2025-04-01,01W,27140,38721
2024-07-01,01W,27513,39522
2022-06-01,01W,25814,36418
2022-05-01,01W,27045,37922
2023-02-01,01W,24168,34163
2025-05-01,01W,27838,40005
2025-08-01,01W,26186,37448
2022-08-01,01W,26307,37039
2025-11-01,01W,26107,37497
2024-08-01,01W,27103,38823
2025-06-01,01W,26411,37705
2024-02-01,01W,25248,36135
2024-04-01,01W,26162,37379
2025-09-01,01W,28194,40364
2026-06-01,01W,27998,40341
2024-12-01,01W,27371,39103
2023-12-01,01W,26352,37616
2025-07-01,01W,29201,41780
2025-02-01,01W,25286,36253
2021-10-01,01X,18400,25665
2022-12-01,03K,20741,29190
2023-05-01,03K,20847,29482
2023-08-01,36J,52380,74371
2023-11-01,36J,51765,73779
2023-07-01,36J,50304,71332
2023-03-01,36J,52617,74438
2022-04-01,36J,47354,66661
2023-01-01,36J,51006,71974
2022-10-01,36J,49348,69280
2021-10-01,00L,35582,49590
2023-07-01,01W,26267,37135
2023-08-01,01W,27252,38542
2023-03-01,01W,28165,39692
2023-11-01,01W,26601,37787
2021-11-01,01X,19173,26613
2021-06-01,01X,19013,26655
2022-03-01,01X,20635,28643
2022-02-01,01X,18017,25057
2021-08-01,01X,18340,25587
2021-12-01,01X,20311,28337
2022-01-01,01X,18674,25952
2021-07-01,01X,19493,27219
2021-09-01,01X,19718,27480
2022-11-01,03K,20331,28409
2023-02-01,03K,18859,26524
2022-08-01,03K,20591,28671
2022-04-01,03K,19760,27491
2022-09-01,03K,19537,27239
2023-01-01,03K,20253,28437
2022-10-01,03K,20772,28912
2022-07-01,03K,20044,27944
2022-05-01,05D,11030,15281
2026-06-01,05D,10864,15369
2022-06-01,05D,10661,14745
2026-02-01,36J,51055,72141
2025-01-01,36J,56382,79301
2025-09-01,36J,55305,78328
2024-01-01,36J,53692,76165
2024-08-01,36J,53404,75759
2025-11-01,36J,51369,73106
2023-10-01,36J,52178,73770
2025-07-01,36J,56989,80842
2026-01-01,36J,55001,78095
2023-06-01,36J,52372,74020
2026-04-01,36J,55013,78077
2025-02-01,36J,49387,69755
2024-06-01,36J,49783,70523
2023-12-01,36J,51512,72964
2026-05-01,36J,53010,75218
2023-05-01,36J,51733,72869
2025-03-01,36J,52820,74340
2023-04-01,36J,47020,66204
2025-04-01,36J,53393,75568
2025-06-01,36J,53124,75168
2025-08-01,36J,52696,74653
2024-10-01,36J,55581,78952
2025-10-01,36J,56734,80339
2024-02-01,36J,50155,71156
2024-07-01,36J,55800,79165
2022-12-01,36J,51207,72053
2024-04-01,36J,52829,74982
2024-09-01,36J,53310,75174
2024-05-01,36J,54463,77464
2024-03-01,36J,51073,72256
2024-12-01,36J,53954,76402
2023-09-01,36J,50505,71497
2026-03-01,36J,56886,80547
2024-11-01,36J,53044,74677
2025-12-01,36J,57352,81145
2025-05-01,36J,54303,77004
2022-06-01,01X,19053,26333
2022-02-01,03K,18893,26114
2022-05-01,03K,20103,27843
2024-03-01,05D,11471,15988
2025-02-01,05D,10560,14753
2025-08-01,05D,10873,15129
2022-04-01,05D,10614,14724
2025-03-01,05D,10684,14947
2022-07-01,05D,10760,14835
2022-09-01,05D,10755,14966
2023-05-01,05D,11309,15762
2022-08-01,05D,10983,15273
2024-04-01,05D,11705,16273
2021-11-01,05D,10910,15083
2024-11-01,05D,11230,15600
2024-10-01,05D,12040,16641
2023-03-01,05D,11729,16307
2026-04-01,05D,11027,15387
2024-05-01,05D,11628,16230
2024-12-01,05D,11860,16479
2025-01-01,05D,11759,16283
2021-12-01,05D,11533,15923
2023-04-01,05D,10460,14599
2021-08-01,05D,10611,14658
2023-10-01,05D,11452,15979
2025-05-01,05D,11540,16065
2025-11-01,05D,10444,14508
2024-01-01,05D,11808,16332
2023-06-01,05D,11183,15560
2025-10-01,05D,11453,16027
2023-09-01,05D,11206,15576
2021-07-01,05D,11089,15339
2024-06-01,05D,10874,15161
2021-09-01,05D,10869,15032
2024-07-01,05D,11822,16531
2024-08-01,05D,11607,16120
2025-04-01,05D,11425,15915
2026-02-01,05D,10148,14301
2023-11-01,05D,11456,15785
2021-06-01,05D,11004,15107
2023-08-01,05D,11292,15659
2024-02-01,05D,10612,14876
2022-10-01,05D,10543,14495
2023-07-01,05D,11117,15428
2025-09-01,05D,11549,16043
2022-01-01,05D,10639,14630
2022-11-01,05D,11480,15918
2026-05-01,05D,10816,15266
2022-03-01,05D,11334,15643
2023-02-01,05D,10332,14345
2023-01-01,05D,10870,15067
2023-12-01,05D,11525,16044
2024-09-01,05D,11194,15461
2025-07-01,05D,11946,16619
2025-06-01,05D,11119,15514
2025-12-01,05D,12015,16859
2026-01-01,05D,11338,15852
2021-10-01,05D,10593,14638
2022-12-01,05D,11269,15632
2026-03-01,05D,11243,15772
2026-06-01,36J,56540,79928
2023-05-01,01X,20451,28056
2023-10-01,01X,20563,28057
2023-06-01,01X,20518,28209
2022-11-01,01X,19827,27218
2023-07-01,01X,19766,27002
2022-08-01,01X,20122,27751
2022-09-01,01X,19675,26909
2023-03-01,01X,21429,29274
2022-07-01,01X,19246,26419
2022-04-01,01X,19300,26697
2023-09-01,01X,19779,27004
2022-10-01,01X,19790,27095
2022-05-01,01X,19508,27014
2023-02-01,01X,18557,25472
2023-08-01,01X,20381,27846
2023-01-01,01X,19985,27281
2022-01-01,03K,19480,26759
2022-03-01,03K,20634,28387
2021-12-01,03K,21290,29213
2021-08-01,03K,19641,26837
2022-06-01,03K,19365,26694
2024-09-01,03N,56321,77502
2025-06-01,03N,57211,78992
2025-10-01,03N,60476,83746
2025-12-01,03N,61286,85098
2024-06-01,03N,54841,75213
2026-05-01,03N,54465,75813
2025-07-01,03N,61152,84755
2024-12-01,03N,59393,81923
2025-03-01,03N,56898,78432
2026-03-01,03N,58795,81795
2024-11-01,03N,57091,78780
2024-02-01,03N,54980,74964
2025-09-01,03N,58769,81225
2025-02-01,03N,54353,75000
2025-01-01,03N,58816,80810
2024-05-01,03N,59663,81830
2026-06-01,03N,57879,81093
2026-02-01,03N,53318,74115
2024-07-01,03N,60242,82594
2024-10-01,03N,59504,81812
2025-04-01,03N,57389,78885
2024-04-01,03N,57033,78191
2025-08-01,03N,56086,77533
2026-04-01,03N,57165,79359
2025-11-01,03N,55661,77274
2025-05-01,03N,58991,81358
2024-01-01,03N,58751,80074
2024-08-01,03N,57668,79333
2022-02-01,05D,10395,14357
2026-01-01,05Q,17005,23659
2022-12-01,05Q,17388,23873
2023-11-01,14Y,32768,44658
2023-12-01,U2G6B,24344,33264
2021-11-01,U2G6B,22447,30751
2021-07-01,U2G6B,22746,31116
2024-03-01,U2G6B,23720,32363
2021-09-01,U2G6B,21667,29744
2023-04-01,U2G6B,21217,29187
2021-10-01,U2G6B,21351,29289
2021-06-01,U2G6B,22584,30863
2024-06-01,01X,19724,26776
2022-12-01,01X,20992,28757
2023-04-01,01X,19024,26018
2025-08-01,01X,20184,27556
2024-10-01,01X,21574,29372
2023-11-01,01X,20604,28028
2025-09-01,01X,20637,28264
2021-11-01,03K,20288,27559
2021-07-01,03K,20120,27395
2026-01-01,03N,57957,80174
2024-03-01,03N,55932,76222
2025-11-01,05Q,16373,22488
2021-10-01,05Q,14920,20443
2024-09-01,05Q,17100,23270
2025-06-01,05Q,16909,23063
2026-06-01,05Q,17242,23919
2022-10-01,05Q,16092,21907
2026-02-01,05Q,15837,21832
2022-08-01,05Q,17352,23484
2023-09-01,05Q,16940,23113
2026-05-01,05Q,15945,22154
2022-05-01,05Q,16806,22857
2026-04-01,05Q,16845,23254
2024-07-01,05Q,18113,24769
2024-12-01,05Q,17746,24362
2025-05-01,05Q,17945,24495
2024-11-01,05Q,16709,22803
2023-10-01,05Q,16833,22912
2021-09-01,05Q,17102,23317
2024-05-01,05Q,17817,24322
2022-03-01,05Q,17032,23091
2025-10-01,05Q,18016,24661
2026-03-01,05Q,17289,23978
2021-06-01,07G,11613,15856
2023-07-01,14Y,32807,44610
2022-11-01,14Y,32826,44523
2023-12-01,14Y,33284,45445
2024-01-01,14Y,33595,45693
2024-04-01,14Y,33528,45634
2021-12-01,U2G6B,23812,32425
2022-07-01,U2G6B,21675,29419
2025-02-01,U2G6B,23850,32476
2023-01-01,U2G6B,23086,31492
2023-06-01,U2G6B,23387,31879
2021-08-01,U2G6B,21350,29168
2025-01-01,U2G6B,25880,35256
2022-01-01,U2G6B,21998,29911
2025-12-01,U2G6B,26164,36020
2025-07-01,U2G6B,26144,35697
2022-02-01,U2G6B,21624,29501
2023-05-01,U2G6B,23187,31672
2025-04-01,U2G6B,24152,32960
2022-06-01,U2G6B,22398,30466
2023-02-01,U2G6B,21158,28883
2024-08-01,U2G6B,24913,33941
2022-09-01,U2G6B,22640,30703
2023-08-01,U2G6B,24173,32896
2025-03-01,U2G6B,24579,33575
2022-04-01,U2G6B,21694,29513
2023-03-01,U2G6B,23850,32456
2024-02-01,U2G6B,23044,31394
2021-07-01,01J,16861,22869
2025-05-01,01X,21315,28933
2026-05-01,01X,19767,27203
2024-07-01,01X,21872,29671
2025-11-01,01X,19472,26588
2025-01-01,01X,21351,28992
2025-04-01,01X,20601,28040
2024-01-01,01X,21264,28914
2026-03-01,01X,21334,29308
2024-04-01,01X,21340,28971
2025-06-01,01X,20447,27865
2021-10-01,03K,19483,26560
2021-09-01,03K,20232,27558
2023-11-01,03N,56976,77497
2024-08-01,05Q,17226,23443
2023-01-01,05Q,17055,23154
2022-04-01,05Q,16034,21656
2024-03-01,05Q,16631,22652
2025-09-01,05Q,17561,24014
2021-08-01,05Q,15634,21356
2021-12-01,05Q,17803,24117
2025-07-01,05Q,18303,24935
2022-06-01,05Q,16308,22088
2025-12-01,05Q,18164,25002
2025-02-01,05Q,16158,21998
2025-03-01,05Q,16658,22754
2023-12-01,05Q,16787,22883
2024-02-01,05Q,16433,22345
2021-06-01,05Q,16512,22537
2022-11-01,05Q,17106,23146
2022-01-01,05Q,16168,21970
2025-08-01,05Q,16662,22698
2021-11-01,05Q,16420,22264
2022-08-01,14Y,33153,44864
2023-10-01,14Y,33391,45426
2022-09-01,14Y,32075,43325
2022-05-01,14Y,32638,44208
2023-03-01,14Y,34261,46540
2024-06-01,14Y,32209,43706
2023-02-01,14Y,30496,41429
2023-04-01,14Y,30610,41513
2023-08-01,14Y,32990,44749
2022-07-01,14Y,32265,43770
2023-05-01,14Y,33867,45963
2023-06-01,14Y,33465,45453
2022-02-01,14Y,31284,42306
2023-09-01,14Y,31844,43403
2026-06-01,84H,80855,111172
2026-02-01,84H,72536,99397
2023-07-01,U2G6B,24092,32672
2022-10-01,U2G6B,22415,30507
2024-05-01,U2G6B,25556,34853
2024-12-01,U2G6B,25051,34154
2022-03-01,U2G6B,23675,32089
2025-10-01,U2G6B,25948,35398
2026-04-01,U2G6B,24776,34036
2022-12-01,U2G6B,22576,30906
2024-11-01,U2G6B,25052,34061
2024-09-01,U2G6B,24451,33228
2024-10-01,U2G6B,25340,34428
2026-01-01,U2G6B,25109,34529
2025-11-01,00X,15014,20479
2021-06-01,01J,16926,23071
2021-11-01,01J,16449,22295
2021-12-01,01J,18028,24379
2022-04-01,01J,16554,22276
2022-01-01,01J,16465,22243
2022-03-01,01J,17891,24113
2021-08-01,01J,16286,22044
2021-09-01,01J,17175,23210
2024-08-01,01X,20416,27778
2026-06-01,01X,20809,28535
2024-09-01,01X,20349,27594
2025-12-01,01X,22181,30439
2025-03-01,01X,20352,27753
2025-10-01,01X,21952,29941
2023-12-01,01X,20691,28187
2024-11-01,01X,20476,27777
2024-03-01,01X,19633,26686
2025-07-01,01X,21971,29923
2023-08-01,03N,57980,78507
2023-05-01,05Q,17564,23673
2024-01-01,05Q,17802,24127
2025-01-01,05Q,18019,24406
2021-07-01,05Q,16339,22158
2022-02-01,05Q,15551,20909
2022-07-01,05Q,16205,21943
2022-09-01,05Q,16850,22746
2023-06-01,05Q,17218,23272
2023-02-01,05Q,15535,21066
2023-07-01,05Q,16944,22875
2025-04-01,05Q,17054,23104
2023-04-01,05Q,15629,21194
2023-03-01,05Q,18095,24362
2021-10-01,07G,11194,15197
2022-10-01,14Y,34092,46372
2024-10-01,14Y,34402,46697
2022-12-01,14Y,33922,46108
2024-05-01,14Y,34102,46375
2023-01-01,14Y,33346,45113
2022-06-01,14Y,31495,42609
2025-02-01,14Y,31000,42075
2024-12-01,14Y,33603,45784
2024-02-01,14Y,31346,42578
2026-04-01,84H,78804,107946
2025-05-01,84H,80127,108585
2026-03-01,84H,80936,110930
2026-05-01,84H,75303,103263
2025-09-01,84H,80017,108758
2026-01-01,84H,79318,108474
2023-10-01,U2G6B,24279,32884
2022-08-01,U2G6B,23167,31291
2024-07-01,U2G6B,25789,34972
2022-05-01,U2G6B,22858,30920
2025-06-01,U2G6B,24687,33543
2023-11-01,U2G6B,24589,33321
2022-11-01,U2G6B,22797,30814
2023-09-01,U2G6B,24007,32647
2024-04-01,U2G6B,25572,34702
2025-08-01,U2G6B,24384,33162
2026-02-01,U2G6B,23427,32101
2024-06-01,U2G6B,23992,32510
2022-03-01,00X,15379,20664
2025-03-01,00X,15387,20807
2021-07-01,00X,14450,19589
2022-01-01,00X,14444,19372
2025-08-01,00X,15439,20940
2024-11-01,00X,15329,20759
2025-04-01,00X,15868,21491
2022-11-01,00X,14992,20202
2026-03-01,00X,16088,21913
2022-07-01,01J,16632,22483
2022-05-01,01J,17159,23091
2022-02-01,01J,15823,21243
2022-10-01,01J,16755,22592
2021-10-01,01J,16248,21991
2022-06-01,01J,17060,22889
2024-05-01,01X,21328,28953
2025-02-01,01X,19174,26001
2026-02-01,01X,18862,25828
2024-02-01,01X,19806,26767
2026-01-01,01X,20608,28099
2024-12-01,01X,21751,29519
2026-04-01,01X,20486,28006
2021-06-01,03K,20488,27810
2023-06-01,03N,56997,76682
2023-12-01,03N,56156,76273
2023-05-01,03N,56896,76494
2023-09-01,03N,54831,74133
2023-07-01,03N,57374,77197
2023-03-01,03N,58951,79123
2023-04-01,03N,53070,71409
2023-10-01,03N,57840,78182
2023-11-01,05Q,17479,23647
2024-10-01,05Q,17814,24177
2023-08-01,05Q,17212,23253
2024-04-01,05Q,17128,23178
2024-06-01,05Q,16876,22830
2021-11-01,07G,11613,15682
2021-12-01,07G,12149,16415
2021-08-01,07G,11478,15529
2021-09-01,07G,11844,15992
2024-07-01,14Y,35106,47588
2024-09-01,14Y,33039,44797
2024-08-01,14Y,33420,45410
2025-01-01,14Y,34477,46570
2024-03-01,14Y,32238,43802
2025-12-01,84H,82653,112953
2025-06-01,84H,77465,105211
2025-11-01,84H,74864,102010
2025-07-01,84H,82422,112040
2025-10-01,84H,82419,112315
2022-08-01,D2P2L,83880,112653
2022-12-01,D2P2L,85031,114510
2023-02-01,D2P2L,78618,105780
2022-09-01,D2P2L,84167,113260
2022-04-01,D2P2L,78927,106138
2023-01-01,D2P2L,86194,115551
2025-05-01,U2G6B,25644,34750
2026-06-01,U2G6B,25433,34793
2024-01-01,U2G6B,25326,34284
2026-05-01,U2G6B,24196,33176
2025-09-01,U2G6B,25946,35132
2025-09-01,00X,16243,21953
2021-12-01,00X,15568,20999
2024-03-01,00X,15339,20626
2024-12-01,00X,16535,22293
2025-12-01,00X,17126,23236
2024-06-01,00X,15155,20323
2023-11-01,00X,15760,21164
2022-12-01,00X,15586,20881
2026-01-01,00X,16041,21851
2026-04-01,00X,15818,21553
2025-02-01,00X,14835,20070
2024-05-01,00X,16309,21892
2024-07-01,00X,16512,22218
2024-08-01,00X,15995,21504
2026-05-01,00X,15198,20780
2021-10-01,00X,14219,19154
2025-07-01,00X,16976,22913
2024-09-01,00X,15528,20878
2025-06-01,00X,16028,21605
2024-01-01,00X,15940,21393
2026-06-01,00X,15977,21715
2024-10-01,00X,16608,22384
2023-02-01,00X,14073,18848
2022-04-01,00X,14573,19595
2026-03-01,01E,18827,25591
2023-01-01,01J,17450,23364
2023-10-01,01J,17684,23788
2022-09-01,01J,17373,23236
2024-04-01,01J,18104,24215
2023-06-01,01J,17749,23820
2022-08-01,01J,17588,23563
2021-07-01,07G,11848,16006
2022-02-01,07G,11032,14809
2022-03-01,07G,12189,16363
2022-01-01,07G,11653,15620
2024-11-01,14Y,32855,44368
2025-10-01,14Y,34508,46687
2021-11-01,14Y,32686,44124
2021-06-01,14Y,32946,44530
2025-04-01,14Y,32983,44637
2025-05-01,14Y,34459,46589
2021-09-01,14Y,32892,44364
2025-01-01,84H,82363,110929
2025-08-01,84H,76559,103714
2025-03-01,84H,77368,104418
2026-02-01,92A,60984,82898
2022-11-01,D2P2L,85742,115382
2022-06-01,D2P2L,81798,109700
2023-09-01,D2P2L,86320,115550
2022-07-01,D2P2L,82361,110559
2022-10-01,D2P2L,82158,110231
2024-02-01,D2P2L,86172,115561
2023-07-01,D2P2L,86514,115737
2023-05-01,D2P2L,87328,116965
2023-08-01,D2P2L,87295,117759
2022-05-01,D2P2L,85455,114672
2023-12-01,D2P2L,86129,115912
2023-03-01,D2P2L,89808,120474
2021-08-01,D2P2L,77443,104530
2023-04-01,D2P2L,79334,106608
2025-11-01,U2G6B,24006,32675
2021-08-01,00X,13998,18886
2025-10-01,00X,16587,22421
2022-02-01,00X,13439,18034
2026-02-01,00X,14671,19932
2023-09-01,00X,15444,20672
2022-05-01,00X,15184,20301
2023-12-01,00X,15994,21421
2023-03-01,00X,16240,21738
2022-10-01,00X,15039,20128
2022-06-01,00X,14690,19590
2021-11-01,00X,14763,19890
2024-02-01,00X,15257,20424
2021-09-01,00X,14911,20094
2025-01-01,00X,16517,22201
2021-06-01,00X,14602,19680
2022-09-01,00X,15226,20341
2023-04-01,00X,14703,19628
2022-08-01,00X,15297,20476
2026-04-01,01E,18149,24711
2023-08-01,01J,18038,24247
2023-07-01,01J,17608,23510
2024-10-01,01J,18499,24825
2022-12-01,01J,17565,23521
2022-11-01,01J,17149,23041
2023-05-01,01J,17871,23931
2023-02-01,01J,16200,21665
2023-01-01,03N,57298,76640
2022-07-01,07G,11634,15610
2021-07-01,14Y,32622,43962
2021-12-01,14Y,33723,45449
2022-04-01,14Y,31417,42239
2025-03-01,14Y,32396,43678
2021-10-01,14Y,30963,41618
2025-07-01,14Y,34676,46779
2024-12-01,84H,80039,107716
2025-04-01,84H,78875,106493
2024-11-01,84H,77425,103967
2025-02-01,84H,72602,98036
2025-06-01,92A,64990,87589
2026-06-01,92A,66917,90924
2025-08-01,92A,63435,85638
2025-09-01,92A,66804,90062
2025-11-01,92A,63172,85682
2025-05-01,92A,67195,90533
2026-01-01,92A,67593,91790
2025-12-01,92A,68287,92599
2026-05-01,92A,64839,88319
2024-05-01,D2P2L,91914,123310
2023-10-01,D2P2L,87714,117748
2022-03-01,D2P2L,86878,116539
2023-06-01,D2P2L,87544,117468
2024-07-01,D2P2L,94680,126663
2024-09-01,D2P2L,88514,118601
2024-03-01,D2P2L,85490,114597
2024-06-01,D2P2L,84970,113716
2024-01-01,D2P2L,91143,121946
2023-11-01,D2P2L,88945,119439
2022-01-01,D2P2L,81865,109612
2024-04-01,D2P2L,89362,119503
2024-08-01,D2P2L,89751,120217
2026-03-01,U2G6B,25784,35034
2023-05-01,00X,15653,20831
2025-05-01,00X,16451,22159
2023-07-01,00X,15533,20671
2023-01-01,00X,15130,20230
2023-08-01,00X,15971,21294
2023-06-01,00X,15990,21309
2022-07-01,00X,14683,19562
2023-10-01,00X,15688,20966
2026-02-01,01E,17083,23094
2026-05-01,01E,18178,24719
2024-01-01,01J,18016,24024
2024-05-01,01J,18191,24345
2024-02-01,01J,16806,22491
2023-04-01,01J,16196,21612
2023-09-01,01J,17344,23175
2023-03-01,01J,18601,24822
2024-08-01,01J,18125,24213
2023-12-01,01J,18167,24294
2024-04-01,03H,18475,24671
2024-07-01,03H,19831,26455
2022-12-01,03N,56644,75573
2022-08-01,03N,57032,75744
2023-02-01,03N,53040,70870
2022-09-01,03N,54941,72840
2022-10-01,03N,56342,75094
2022-11-01,03N,57984,77241
2022-06-01,07G,11820,15702
2024-03-01,07G,12268,16382
2022-04-01,07G,11701,15599
2022-05-01,07G,12013,15999
2022-03-01,14Y,33091,44307
2026-01-01,14Y,33415,45108
2025-08-01,14Y,31945,43104
2026-06-01,14Y,32666,44319
2025-11-01,14Y,31778,43017
2025-09-01,14Y,34077,45847
2021-08-01,14Y,30726,41412
2022-01-01,14Y,32332,43257
2025-06-01,14Y,33068,44509
2026-03-01,14Y,32981,44644
2024-10-01,84H,82131,110201
2025-02-01,92A,61184,81905
2026-04-01,92A,64923,88297
2025-10-01,92A,68198,92152
2025-04-01,92A,64416,86343
2025-07-01,92A,69030,92944
2021-10-01,D2P2L,78143,104738
2021-12-01,D2P2L,85789,114695
2025-03-01,D2P2L,88732,118697
2022-02-01,D2P2L,75917,101786
2025-01-01,D2P2L,96033,128586
2021-06-01,D2P2L,80383,108219
2021-09-01,D2P2L,83632,111758
2024-12-01,D2P2L,91892,122981
2021-07-01,D2P2L,80645,108028
2021-11-01,D2P2L,82590,110494
2025-12-01,D2P2L,96970,130963
2024-11-01,X2C4Y,40993,54825
2023-11-01,X2C4Y,39977,53501
2024-09-01,X2C4Y,41279,55254
2024-06-01,X2C4Y,39604,52741
2024-04-01,00X,16268,21686
2025-05-01,01E,19050,25637
2025-08-01,01E,18174,24444
2026-01-01,01E,18409,24831
2026-06-01,01E,18975,25675
2023-11-01,01J,17466,23334
2024-06-01,01J,17323,23036
2025-01-01,03H,19671,26241
2024-05-01,03H,19082,25526
2024-12-01,03H,19073,25485
2022-01-01,03N,54585,72034
2022-06-01,03N,55390,73445
2022-07-01,03N,55278,73385
2022-03-01,03N,58315,76765
2022-05-01,03N,57329,75767
2022-04-01,03N,54338,71904
2022-02-01,03N,51343,67698
2021-12-01,03N,59503,78430
2023-03-01,07G,12969,17116
2022-09-01,07G,12104,16043
2022-08-01,07G,12097,16024
2023-01-01,07G,12422,16380
2022-10-01,07G,12042,15889
2026-02-01,14Y,30760,41515
2026-04-01,14Y,32349,43870
2025-12-01,14Y,34524,46616
2026-05-01,14Y,31915,43346
2024-09-01,84H,77677,103765
2024-08-01,84H,78556,104811
2025-03-01,92A,65357,87294
2026-03-01,92A,67157,90631
2025-02-01,D2P2L,84799,113433
2025-07-01,D2P2L,98303,131954
2024-10-01,D2P2L,93875,125366
2024-11-01,D2P2L,88699,118374
2025-10-01,D2P2L,95555,128589
2024-01-01,X2C4Y,41693,55401
2021-09-01,X2C4Y,36666,48392
2023-06-01,X2C4Y,40168,53261
2023-09-01,X2C4Y,39588,52827
2023-04-01,X2C4Y,36551,48349
2023-08-01,X2C4Y,41205,54821
2021-08-01,X2C4Y,35580,46768
2021-11-01,X2C4Y,36462,48043
2021-10-01,X2C4Y,35351,46688
2024-02-01,X2C4Y,39497,52582
2022-11-01,X2C4Y,39574,52286
2023-12-01,X2C4Y,39225,52375
2021-06-01,X2C4Y,37132,48707
2023-10-01,X2C4Y,40816,54516
2021-07-01,X2C4Y,35701,46965
2023-07-01,X2C4Y,39277,52192
2025-04-01,X2C4Y,41759,55941
2025-06-01,X2C4Y,42069,56412
2025-09-01,X2C4Y,43502,58420
2023-02-01,X2C4Y,36083,47659
2024-03-01,X2C4Y,39194,52288
2024-07-01,X2C4Y,43402,57880
2022-12-01,X2C4Y,38867,51410
2025-11-01,X2C4Y,40558,54828
2023-05-01,X2C4Y,40200,53172
2025-07-01,01E,19998,26813
2025-12-01,01E,19834,26699
2025-11-01,01E,17780,24007
2024-03-01,01J,17487,23239
2024-07-01,01J,18566,24736
2024-12-01,01J,18106,24161
2024-09-01,01J,17258,22954
2024-11-01,03H,18570,24762
2023-12-01,03H,19032,25272
2025-03-01,03H,18834,25130
2024-06-01,03H,17407,23143
2023-09-01,03H,18490,24343
2024-02-01,03H,17610,23440
2024-01-01,03H,18997,25229
2021-07-01,03N,56889,74590
2021-11-01,03N,57589,75690
2021-09-01,03N,55887,73356
2021-06-01,03N,57710,75686
2021-08-01,03N,53771,70661
2021-10-01,03N,54415,71606
2023-02-01,07G,11212,14780
2022-12-01,07G,12068,15930
2023-08-01,07G,12702,16812
2023-11-01,07G,12744,16924
2023-04-01,07G,11630,15340
2023-05-01,07G,12552,16435
2023-06-01,07G,12731,16806
2022-11-01,07G,12378,16343
2023-10-01,07G,12886,17006
2023-07-01,84H,75678,99351
2025-01-01,92A,68242,91014
2026-05-01,99E,16139,21806
2026-06-01,99E,16981,22958
2026-02-01,99E,15570,20973
2026-01-01,D2P2L,93342,125533
2025-06-01,D2P2L,88101,118063
2025-04-01,D2P2L,90545,121099
2025-09-01,D2P2L,94847,127366
2025-05-01,D2P2L,93989,126288
2022-08-01,X2C4Y,37952,50159
2022-07-01,X2C4Y,36970,48463
2023-03-01,X2C4Y,41540,54643
2024-10-01,X2C4Y,42939,57339
2024-08-01,X2C4Y,40932,54589
2022-06-01,X2C4Y,37302,49171
2024-04-01,X2C4Y,41907,55749
2025-10-01,X2C4Y,43056,57913
2022-02-01,X2C4Y,36161,47198
2022-09-01,X2C4Y,37863,49913
2022-10-01,X2C4Y,37850,49815
2021-12-01,X2C4Y,38827,50861
2022-03-01,X2C4Y,39104,51363
2025-02-01,X2C4Y,38264,51119
2026-03-01,X2C4Y,42422,57082
2024-05-01,X2C4Y,42060,56237
2026-04-01,X2C4Y,41682,56282
2022-04-01,X2C4Y,36222,47545
2022-05-01,X2C4Y,38331,50541
2023-01-01,X2C4Y,39280,51550
2025-08-01,X2C4Y,40144,53986
2022-01-01,X2C4Y,36625,48184
2025-09-01,01E,19088,25594
2025-02-01,01E,17691,23572
2025-04-01,01E,19137,25477
2024-11-01,01J,18001,23996
2025-03-01,01J,17601,23484
2025-10-01,01J,18541,24915
2024-03-01,03H,18261,24224
2023-06-01,03H,19012,24885
2023-07-01,03H,17614,23102
2024-09-01,03H,18404,24453
2024-08-01,03H,18630,24826
2024-10-01,03H,19510,25964
2023-11-01,03H,18232,24122
2025-06-01,03H,18447,24625
2024-01-01,07G,13256,17585
2024-02-01,07G,11718,15582
2024-04-01,07G,12308,16311
2023-12-01,07G,12679,16790
2023-09-01,07G,12670,16666
2024-05-01,07G,13300,17619
2023-08-01,84H,77937,102144
2021-08-01,84H,70390,91029
2024-07-01,84H,81954,109028
2022-10-01,84H,73216,95403
2023-04-01,84H,71415,93570
2023-10-01,84H,76645,100694
2024-06-01,84H,75481,99871
2022-12-01,84H,77296,100446
2022-04-01,84H,72699,94178
2022-02-01,84H,68426,88619
2023-01-01,84H,75338,98453
2023-03-01,84H,80601,105422
2021-10-01,84H,71250,92337
2022-07-01,84H,72851,94690
2021-11-01,84H,72987,94461
2021-12-01,84H,76161,98898
2023-05-01,84H,76425,99760
2021-07-01,84H,73604,95608
2021-09-01,84H,75007,96961
2022-05-01,84H,75781,98318
2022-09-01,84H,74864,97435
2022-11-01,84H,77134,100695
2023-02-01,84H,69223,90199
2022-06-01,84H,72777,94624
2021-06-01,84H,75417,97655
2022-03-01,84H,76678,99686
2022-01-01,84H,71821,93047
2022-08-01,84H,75765,98622
2026-03-01,99E,17246,23182
2026-04-01,99E,16685,22505
2026-06-01,D2P2L,93535,126242
2025-08-01,D2P2L,88778,119093
2026-02-01,D2P2L,86156,115975
2025-11-01,D2P2L,86927,117206
2026-01-01,X2C4Y,42888,57600
2025-07-01,X2C4Y,44121,59094
2024-12-01,X2C4Y,42854,57145
2025-12-01,X2C4Y,44180,59378
2026-05-01,X2C4Y,40402,54491
2025-01-01,X2C4Y,42551,56651
2025-05-01,X2C4Y,41874,56130
2021-09-01,01E,17609,22695
2022-11-01,01E,18912,24448
2022-08-01,01E,18894,24352
2025-03-01,01E,18619,24808
2024-10-01,01E,19743,26235
2024-12-01,01E,19534,26045
2021-06-01,01E,17788,22862
2022-07-01,01E,17942,23194
2021-10-01,01E,17087,21950
2021-12-01,01E,18762,24271
2022-01-01,01E,17479,22446
2021-07-01,01E,17092,22123
2022-02-01,01E,16367,21056
2021-11-01,01E,17831,22910
2025-10-01,01E,19521,26208
2022-05-01,01E,18498,23855
2022-03-01,01E,19175,24739
2022-09-01,01E,18384,23694
2025-08-01,01J,17140,22870
2025-02-01,01J,16506,21950
2025-01-01,01J,18482,24487
2025-05-01,01J,18148,24300
2025-06-01,01J,17594,23485
2021-08-01,01K,32067,41226
2022-06-01,02P,34743,44609
2022-10-01,02P,33808,43653
2025-09-01,03H,19746,26445
2022-12-01,03H,18942,24491
2026-01-01,03H,19339,25913
2023-05-01,03H,18280,23835
2023-10-01,03H,18181,23815
2025-07-01,03H,20002,26683
2023-03-01,03H,19302,25211
2023-04-01,03H,17039,22185
2023-02-01,03H,16624,21618
2025-04-01,03H,18906,25165
2023-08-01,03H,18345,23955
2023-01-01,03H,18665,24180
2024-08-01,07G,12696,16881
2024-07-01,07G,13109,17360
2024-06-01,07G,12231,16139
2023-07-01,07G,12432,16304
2022-04-01,11J,68391,87637
2023-09-01,84H,77424,101538
2024-02-01,84H,75877,99804
2023-06-01,84H,78563,102818
2023-11-01,84H,78546,103373
2024-03-01,84H,74470,98728
2024-01-01,84H,79791,105385
2023-12-01,84H,76615,100776
2024-05-01,84H,80240,106187
2024-04-01,84H,79780,105529
2024-09-01,92A,64941,85817
2024-11-01,92A,65284,86960
2025-11-01,99E,15872,21263
2025-12-01,99E,18167,24347
2026-04-01,D2P2L,91781,123509
2026-05-01,D2P2L,88651,119452
2026-03-01,D2P2L,93707,125880
2026-06-01,X2C4Y,43387,58506
2026-02-01,X2C4Y,39270,52804
2024-01-01,01E,19373,25297
2023-11-01,01E,19348,25288
2023-03-01,01E,20175,26100
2023-06-01,01E,19248,25002
2022-04-01,01E,18059,23113
2025-01-01,01E,19872,26277
2023-09-01,01E,18919,24539
2024-02-01,01E,18029,23606
2022-06-01,01E,17947,23017
2023-07-01,01E,18481,24070
2023-05-01,01E,18967,24610
2024-09-01,01E,18560,24474
2022-12-01,01E,18116,23405
2024-07-01,01E,19815,26180
2024-08-01,01E,19145,25401
2023-04-01,01E,17459,22646
2025-06-01,01E,18941,25205
2022-10-01,01E,18489,23839
2024-05-01,01E,19792,26003
2023-02-01,01E,17167,22221
2024-04-01,01E,19266,25178
2023-01-01,01E,19118,24716
2023-10-01,01E,18787,24414
2023-08-01,01E,18982,24690
2023-12-01,01E,18719,24501
2024-03-01,01E,18413,24275
2024-06-01,01E,17894,23562
2024-11-01,01E,18770,24897
2026-03-01,01J,17542,23564
2025-12-01,01J,19077,25535
2026-06-01,01J,18008,24140
2025-04-01,01J,17745,23547
2025-07-01,01J,19052,25409
2025-09-01,01J,17964,23916
2026-05-01,01J,16860,22625
2021-10-01,01K,32225,41378
2021-09-01,01K,33429,42961
2021-06-01,01K,33134,42521
2021-11-01,02P,33616,43189
2021-12-01,02P,36207,46414
2022-09-01,02P,35220,45300
2022-02-01,02P,31285,40126
2022-08-01,02P,35249,45224
2022-05-01,02P,34562,44468
2022-03-01,02P,36015,46201
2025-05-01,03H,19094,25512
2025-02-01,03H,17396,23095
2025-11-01,03H,17641,23599
2022-11-01,03H,18113,23394
2026-04-01,03H,19108,25701
2025-08-01,03H,17500,23316
2025-10-01,03H,19781,26474
2026-02-01,03H,17162,23038
2021-07-01,11J,70228,90204
2022-01-01,11J,68772,88183
2022-07-01,11J,69683,89241
2021-08-01,11J,66732,85590
2024-10-01,92A,68230,90662
2024-12-01,92A,67030,89306
2026-01-01,99E,17341,23167
2025-03-01,X2C4Y,43280,57494
2021-08-01,01E,16961,21747
2026-01-01,01J,17675,23609
2026-02-01,01J,16461,22043
2025-11-01,01J,16491,22052
2022-03-01,01K,35797,45833
2022-06-01,01K,33452,42889
2022-05-01,01K,34304,43929
2022-02-01,01K,30867,39570
2023-01-01,01K,34088,43809
2022-01-01,01K,32710,41931
2021-07-01,01K,33588,43108
2022-07-01,02P,33874,43328
2022-04-01,02P,33449,42809
2021-10-01,02P,33137,42498
2023-04-01,02P,33325,42888
2023-06-01,02P,36746,47312
2023-02-01,02P,32634,42031
2021-09-01,02P,34434,44141
2023-10-01,02P,36013,46571
2021-06-01,02P,34034,43638
2026-05-01,03H,18392,24653
2022-09-01,03H,17907,23026
2022-10-01,03H,17526,22440
2026-06-01,03H,19054,25542
2025-12-01,03H,20207,27034
2022-08-01,03H,18451,23656
2025-05-01,07G,12904,17151
2024-12-01,07G,12897,16948
2026-03-01,07G,12773,17093
2025-03-01,07G,12546,16617
2025-04-01,07G,12564,16603
2024-09-01,07G,12251,16146
2024-10-01,07G,13239,17469
2025-02-01,07G,12057,15903
2024-11-01,07G,12473,16468
2026-04-01,07G,12649,16942
2023-05-01,11J,71664,92014
2021-11-01,11J,70396,90169
2023-03-01,11J,75376,96706
2022-12-01,11J,71941,92486
2021-12-01,11J,74752,95652
2022-11-01,11J,72389,92839
2024-08-01,92A,66077,87230
2023-11-01,92A,67526,87747
2024-03-01,92A,64780,84765
2023-12-01,92A,66967,86718
2024-02-01,92A,63775,83044
2024-07-01,92A,69732,91924
2023-09-01,92A,64807,83807
2024-01-01,92A,67545,87959
2024-05-01,92A,68167,89238
2023-08-01,92A,67561,87297
2024-06-01,92A,63736,83531
2024-04-01,92A,66754,87051
2023-07-01,92A,66897,86300
2025-10-01,99E,17874,23790
2025-06-01,99E,16844,22233
2025-08-01,99E,16722,22207
2025-01-01,99E,18132,23859
2025-09-01,99E,17539,23252
2025-07-01,99E,18340,24320
2021-12-01,01K,35442,45299
2022-09-01,01K,34278,43822
2021-11-01,01K,33007,42252
2022-04-01,01K,32875,42052
2022-07-01,01K,33657,43015
2021-08-01,02P,33343,42710
2022-01-01,02P,33384,42725
2023-09-01,02P,35430,45698
2023-08-01,02P,36025,46447
2022-12-01,02P,35712,45783
2023-12-01,02P,35188,45482
2024-01-01,02P,36891,47611
2021-07-01,02P,34188,43723
2022-11-01,02P,34478,44146
2023-11-01,02P,35865,46329
2023-03-01,02P,37608,48176
2023-07-01,02P,35385,45539
2023-01-01,02P,35232,45225
2026-03-01,03H,19256,25736
2025-06-01,07G,12732,16787
2025-12-01,07G,13321,17688
2025-08-01,07G,12442,16503
2025-07-01,07G,13660,18098
2025-01-01,07G,13174,17323
2025-09-01,07G,13096,17316
2025-10-01,07G,13192,17488
2025-11-01,07G,12237,16206
2026-01-01,07G,12892,17190
2026-02-01,07G,11721,15586
2022-06-01,11J,69292,88717
2021-06-01,11J,70443,90016
2024-02-01,11J,68320,88357
2023-04-01,11J,68352,87728
2022-05-01,11J,70809,90672
2022-08-01,11J,71391,91288
2022-03-01,11J,73410,93817
2022-10-01,11J,70206,89873
2021-10-01,11J,66595,85311
2022-02-01,11J,64720,82895
2023-02-01,11J,65813,84447
2021-09-01,11J,70204,89978
2024-08-01,11J,71702,92932
2026-05-01,42D,56317,75380
2026-04-01,42D,57650,76977
2026-06-01,42D,58335,78158
2023-05-01,92A,68272,87596
2023-06-01,92A,67032,86081
2023-10-01,92A,66349,85685
2024-06-01,99E,16368,21257
2024-07-01,99E,18526,24263
2025-02-01,99E,15873,20862
2025-04-01,99E,16899,22216
2024-11-01,99E,16939,22233
2024-12-01,99E,17393,22789
2025-05-01,99E,17876,23532
2024-09-01,99E,16699,21692
2024-03-01,99E,16952,22083
2025-03-01,99E,16801,22090
2024-04-01,99E,17368,22568
2024-05-01,99E,17672,23117
2024-10-01,99E,18462,24257
2026-04-01,01J,17854,23816
2022-10-01,01K,34049,43534
2022-11-01,01K,34176,43743
2023-02-01,01K,31611,40492
2023-08-01,01K,35149,45152
2022-12-01,01K,35724,45605
2023-05-01,01K,34820,44641
2023-07-01,01K,34177,43935
2023-06-01,01K,35115,45092
2022-08-01,01K,34369,43878
2023-03-01,01K,36571,46840
2021-06-01,01Y,21546,27363
2021-08-01,01Y,20647,26351
2022-05-01,01Y,22019,27995
2022-02-01,02G,9113,11664
2021-10-01,02G,9514,12163
2022-06-01,02G,9686,12305
2021-12-01,02G,10259,13107
2022-04-01,02G,9787,12496
2021-09-01,02G,9880,12570
2022-01-01,02G,9605,12200
2021-07-01,02G,9965,12723
2021-11-01,02G,9791,12432
2024-10-01,02P,37725,49029
2024-05-01,02P,37468,48384
2024-03-01,02P,34725,44887
2025-02-01,02P,33766,44011
2025-07-01,02T,23214,30372
2022-07-01,03H,17603,22425
2026-06-01,07G,12554,16777
2026-05-01,07G,12319,16488
2024-11-01,11J,69700,90543
2024-04-01,11J,69811,90671
2023-01-01,11J,72711,93052
2024-01-01,11J,74981,96682
2023-09-01,11J,70594,90964
2024-07-01,11J,73700,95456
2024-09-01,11J,69619,90328
2023-11-01,11J,72672,93614
2023-10-01,11J,71731,92573
2024-06-01,11J,68635,88813
2024-12-01,11J,72173,93927
2025-08-01,11J,67931,88963
2025-01-01,11J,74303,96532
2023-12-01,11J,71522,92394
2022-09-01,11J,71750,91500
2022-03-01,16C,79495,100932
2025-03-01,42D,58577,76362
2025-10-01,42D,61239,80499
2025-11-01,42D,54788,72230
2025-05-01,42D,60057,78229
2026-01-01,42D,59287,78179
2026-02-01,42D,54053,71686
2025-12-01,42D,62422,82422
2025-06-01,42D,57818,75603
2026-03-01,42D,58465,77817
2025-09-01,42D,59432,77773
2025-04-01,42D,58058,75834
2023-04-01,92A,62431,80083
2024-02-01,99E,16710,21577
2024-08-01,99E,17180,22260
2023-11-01,01K,34967,44967
2024-01-01,01K,34909,44907
2023-12-01,01K,34717,44700
2023-10-01,01K,34486,44316
2023-04-01,01K,32571,41758
2022-06-01,01Y,21460,27250
2022-12-01,01Y,21914,27830
2021-12-01,01Y,22604,28699
2021-10-01,01Y,20694,26320
2022-08-01,01Y,21984,28002
2021-09-01,01Y,21793,27623
2021-11-01,01Y,21227,26933
2022-04-01,01Y,20964,26630
2021-07-01,01Y,21672,27504
2022-05-01,02G,10046,12741
2022-03-01,02G,10475,13287
2021-08-01,02G,9131,11644
2024-04-01,02P,36545,47226
2024-11-01,02P,35951,46639
2025-01-01,02P,37631,48815
2023-05-01,02P,35594,45628
2024-08-01,02P,36763,47577
2025-10-01,02P,38678,50634
2024-06-01,02P,34796,45001
2024-07-01,02P,37748,48823
2024-02-01,02P,34274,44210
2026-04-01,03Q,18122,24048
2026-03-01,03Q,18786,24854
2026-06-01,03Q,18539,24651
2026-02-01,03Q,16832,22153
2026-01-01,03Q,18560,24384
2026-05-01,03Q,17726,23468
2025-09-01,03Q,18648,24343
2024-10-01,11J,73711,95524
2023-08-01,11J,72654,93323
2025-06-01,11J,68725,89621
2025-05-01,11J,72749,94716
2023-07-01,11J,71046,91316
2025-03-01,11J,69890,90889
2023-06-01,11J,73967,94816
2025-04-01,11J,69464,90397
2024-03-01,11J,69785,90139
2025-12-01,11J,74337,97415
2024-05-01,11J,74656,96364
2025-11-01,11J,66819,88029
2022-07-01,16C,75780,96325
2022-11-01,16C,77319,98364
2023-09-01,16C,79216,101454
2022-09-01,16C,76109,96669
2023-02-01,16C,72609,92516
2023-01-01,16C,79100,100728
2021-06-01,16C,74990,95064
2023-03-01,16C,82607,105331
2022-10-01,16C,77668,98611
2022-01-01,16C,75082,95128
2025-02-01,42D,54920,71455
2025-07-01,42D,61465,80130
2024-12-01,42D,60673,78618
2024-09-01,42D,57885,74947
2025-08-01,42D,57861,75764
2022-02-01,97R,45699,57963
2024-02-01,01K,33501,43099
2025-03-01,01K,34607,44847
2024-03-01,01K,34113,43811
2024-04-01,01K,35082,45141
2024-05-01,01K,35900,46217
2023-09-01,01K,33885,43381
2022-01-01,01Y,21037,26592
2022-07-01,01Y,22015,27935
2021-06-01,02G,9837,12436
2025-05-01,02P,37123,48198
2024-12-01,02P,37599,48604
2025-11-01,02P,34169,44675
2024-09-01,02P,35162,45507
2025-12-01,02P,38383,50234
2025-08-01,02P,35453,46157
2026-03-01,02T,23046,30323
2025-04-01,02T,21917,28480
2025-06-01,03Q,18276,23831
2025-02-01,11J,65151,84751
2025-10-01,11J,73269,95858
2026-04-01,11J,68792,90468
2026-06-01,11J,70129,92329
2026-02-01,11J,65029,85412
2026-05-01,11J,67498,88839
2026-01-01,11J,70409,92297
2025-07-01,11J,73833,96228
2025-09-01,11J,71201,92931
2023-04-01,16C,74369,94611
2021-12-01,16C,79902,101380
2022-08-01,16C,77240,97977
2023-11-01,16C,79940,102100
2021-07-01,16C,75348,95375
2023-07-01,16C,79181,101136
2021-11-01,16C,73465,93121
2021-08-01,16C,74001,93490
2022-02-01,16C,69557,88119
2023-08-01,16C,80393,102529
2023-05-01,16C,80106,102076
2022-05-01,16C,78291,99249
2023-10-01,16C,79205,101314
2023-06-01,16C,80367,102333
2022-06-01,16C,75523,95785
2021-09-01,16C,74568,94250
2021-10-01,16C,73613,93238
2024-10-01,42D,60965,78856
2024-01-01,42D,60123,77064
2023-12-01,42D,60105,76961
2024-07-01,42D,61705,79630
2025-01-01,42D,60075,77925
2024-11-01,42D,58488,75820
2024-08-01,42D,59644,77102
2024-06-01,42D,57195,73861
2023-03-01,92A,69539,88642
2023-02-01,92A,61301,78029
2023-01-01,92A,67925,86368
2022-10-01,97R,48655,61718
2022-09-01,97R,50403,64001
2022-03-01,97R,50900,64459
2022-04-01,97R,48437,61420
2022-12-01,97R,50415,63985
2022-11-01,97R,50192,63570
2024-11-01,01K,34312,44175
2024-07-01,01K,36541,47019
2024-08-01,01K,34634,44757
2022-02-01,01Y,19727,24919
2022-09-01,01Y,22144,28045
2022-10-01,01Y,21370,27072
2022-03-01,01Y,22917,29009
2022-11-01,02G,10285,13015
2022-07-01,02G,10052,12747
2025-09-01,02P,37033,48297
2025-04-01,02P,36632,47537
2025-03-01,02P,35217,45595
2026-06-01,02P,36339,47791
2024-12-01,02T,23161,29923
2025-06-01,02T,22252,28983
2026-04-01,02T,22588,29667
2025-01-01,02T,23471,30325
2025-08-01,02T,21772,28268
2025-10-01,02T,23686,30947
2026-01-01,02T,22270,29162
2026-02-01,02T,21291,27857
2025-05-01,02T,23455,30415
2026-05-01,02T,21926,28733
2024-06-01,02T,21118,27089
2024-09-01,02T,22066,28429
2024-10-01,02T,23479,30291
2022-06-01,03H,17980,22763
2025-12-01,03Q,19882,26014
2025-07-01,03Q,19425,25314
2025-11-01,03Q,17355,22670
2025-02-01,03Q,17016,22054
2026-03-01,11J,70950,93060
2022-12-01,16C,77511,98360
2022-04-01,16C,74219,93983
2024-04-01,42D,60688,77940
2023-09-01,42D,57666,73593
2024-05-01,42D,60267,77479
2024-02-01,42D,55695,71484
2024-03-01,42D,57966,74427
2023-10-01,97R,49895,63687
2023-07-01,97R,49542,62924
2023-06-01,97R,50553,64361
2023-08-01,97R,51608,65728
2023-02-01,97R,46443,58916
2023-04-01,97R,47972,61027
2022-01-01,97R,49027,61877
2022-08-01,97R,49688,62932
2021-10-01,97R,47941,60558
2023-05-01,97R,50541,64219
2021-08-01,97R,48394,61112
2024-01-01,97R,51423,65675
2022-05-01,97R,50675,64151
2021-12-01,97R,52660,66671
2023-01-01,97R,49971,63423
2023-03-01,97R,52281,66481
2023-12-01,97R,51444,65794
2023-11-01,97R,50482,64431
2021-06-01,M1J4Y,62443,78670
2021-09-01,M1J4Y,63066,79511
2021-07-01,M1J4Y,63818,80396
2021-11-01,M1J4Y,63702,80272
2024-12-01,01K,36720,47354
2024-10-01,01K,36336,46835
2024-06-01,01K,33197,42561
2025-04-01,01K,34755,44980
2023-02-01,01Y,20655,26146
2023-01-01,01Y,23297,29421
2023-04-01,02G,9649,12213
2023-08-01,02G,10340,13133
2022-09-01,02G,10151,12835
2022-08-01,02G,10117,12806
2025-06-01,02P,36605,47419
2026-02-01,02P,33387,43657
2026-05-01,02P,35113,45984
2026-03-01,02P,36753,48206
2026-01-01,02P,36735,48081
2025-07-01,02P,38162,49568
2026-04-01,02P,36135,47419
2024-11-01,02T,22077,28417
2026-06-01,02T,23010,30150
2025-09-01,02T,22856,29772
2024-07-01,02T,23467,30183
2025-12-01,02T,23959,31232
2025-02-01,02T,20685,26774
2025-11-01,02T,21317,27752
2022-05-01,03H,18212,23034
2022-04-01,03H,17970,22698
2021-07-01,03H,18044,22725
2025-01-01,03Q,19015,24551
2024-09-01,03Q,18098,23258
2025-08-01,03Q,18075,23464
2025-05-01,03Q,19214,24888
2025-10-01,03Q,19534,25513
2025-03-01,03Q,18373,23734
2023-07-01,04Y,12139,15402
2023-03-01,15F,73291,92607
2024-02-01,16C,79643,101905
2023-12-01,16C,80766,103214
2023-06-01,42D,60030,76213
2023-10-01,42D,58589,74756
2023-11-01,42D,59608,76059
2023-05-01,42D,59213,74915
2022-11-01,92A,67189,84983
2022-12-01,92A,67544,85585
2022-06-01,97R,49003,61873
2024-05-01,97R,51992,66676
2024-04-01,97R,50994,65334
2021-11-01,97R,49829,62728
2022-07-01,97R,48921,61898
2024-03-01,97R,49278,63017
2021-09-01,97R,50277,63313
2023-09-01,97R,50831,64814
2021-06-01,97R,50107,63098
2024-08-01,97R,51063,65508
2021-08-01,99E,16560,20817
2024-01-01,99E,18448,23541
2022-02-01,M1J4Y,59034,74447
2022-10-01,M1J4Y,64811,81830
2022-03-01,M1J4Y,67081,84396
2021-10-01,M1J4Y,62619,78592
2021-12-01,M1J4Y,67020,84458
2022-01-01,M1J4Y,64138,80789
2025-05-01,01K,36411,47119
2025-02-01,01K,32249,41556
2025-08-01,01K,33963,44028
2025-01-01,01K,36713,47279
2025-07-01,01K,36934,47840
2026-03-01,01K,34961,45449
2025-11-01,01K,33367,43332
2025-06-01,01K,34698,44841
2022-11-01,01Y,22798,28811
2023-03-01,01Y,24352,30762
2023-11-01,01Y,23021,29316
2023-12-01,01Y,23057,29356
2023-10-01,01Y,22628,28708
2023-06-01,02G,10716,13587
2023-07-01,02G,10231,12975
2023-01-01,02G,10103,12744
2022-10-01,02G,10100,12738
2022-12-01,02G,10549,13335
2022-01-01,03H,17500,21977
2021-11-01,03H,18587,23339
2021-06-01,03H,18369,23086
2024-10-01,03Q,19326,24871
2024-04-01,03Q,19230,24606
2025-04-01,03Q,17813,23026
2024-12-01,03Q,19116,24608
2022-02-01,10Q,45612,57206
2021-12-01,10Q,51310,64437
2023-09-01,15F,68021,86266
2021-10-01,15F,64405,80832
2022-04-01,15F,66618,83887
2022-03-01,15F,70829,88776
2023-05-01,15F,68828,86982
2021-09-01,15F,68463,85967
2024-05-01,16C,84295,108046
2026-05-01,16C,82413,107567
2025-03-01,16C,81849,105410
2024-08-01,16C,83630,107182
2024-11-01,16C,82441,105963
2024-01-01,16C,82927,105754
2024-06-01,16C,78652,100736
2024-03-01,16C,79829,101916
2023-04-01,42D,55245,69915
2023-08-01,42D,60544,76788
2024-02-01,97R,49008,62699
2026-04-01,97R,49409,64353
2024-09-01,97R,49776,63922
2025-12-01,97R,54171,70439
2025-09-01,97R,52002,67497
2026-02-01,97R,46294,60330
2021-07-01,97R,50673,63723
2025-10-01,97R,52238,67750
2026-06-01,97R,50537,66151
2026-01-01,97R,50284,65217
2024-07-01,97R,52636,67639
2023-02-01,M1J4Y,60835,76895
2022-08-01,M1J4Y,65705,82802
2022-06-01,M1J4Y,63880,80357
2022-05-01,M1J4Y,66856,84341
2022-07-01,M1J4Y,63597,80326
2021-08-01,M1J4Y,61094,76759
2022-09-01,M1J4Y,64791,81878
2025-09-01,01K,36094,46720
2024-09-01,01K,34486,44262
2025-10-01,01K,36705,47541
2023-04-01,01Y,20902,26447
2024-03-01,01Y,22987,29282
2024-01-01,01Y,23533,29996
2024-02-01,01Y,21486,27419
2023-05-01,02G,10626,13428
2025-03-01,02T,22409,28858
2021-08-01,03H,16933,21255
2022-03-01,03H,19256,24116
2021-09-01,03H,18497,23182
2024-08-01,03Q,19074,24402
2024-05-01,03Q,18975,24304
2023-08-01,04Y,12936,16401
2023-09-01,04Y,12609,15936
2021-10-01,10Q,46340,58103
2026-03-01,15F,72279,93869
2021-07-01,15F,67816,85009
2021-11-01,15F,69921,87677
2022-10-01,15F,67776,85287
2023-06-01,15F,71232,90119
2025-06-01,15F,69533,89688
2021-06-01,15F,68921,86603
2023-12-01,15F,70571,89741
2022-05-01,15F,69052,87007
2021-12-01,15F,71605,89826
2022-02-01,15F,63053,79021
2022-11-01,15F,69628,87830
2023-11-01,15F,70298,89311
2022-12-01,15F,68091,85985
2022-06-01,15F,68069,85554
2023-10-01,15F,69669,88350
2025-01-01,16C,86980,111828
2024-04-01,16C,83214,106410
2026-04-01,16C,84914,110595
2026-06-01,16C,85159,111203
2024-10-01,16C,86106,110768
2024-12-01,16C,84858,109057
2025-11-01,16C,80411,104293
2024-07-01,16C,86782,111147
2026-02-01,16C,77467,100738
2025-12-01,16C,88985,115507
2026-01-01,16C,85828,111283
2022-09-01,42D,57966,72947
2023-02-01,42D,54079,68316
2023-07-01,42D,58051,73569
2023-03-01,42D,61156,77159
2022-01-01,70F,68835,86153
2022-07-01,92A,64325,80961
2022-08-01,92A,66378,83484
2024-11-01,97R,50138,64390
2025-04-01,97R,50762,65375
2026-05-01,97R,49262,64191
2025-08-01,97R,49517,64187
2025-05-01,97R,51560,66468
2025-07-01,97R,53148,68727
2024-06-01,97R,49040,62797
2025-02-01,97R,47142,60736
2023-01-01,M1J4Y,66552,83931
2022-04-01,M1J4Y,63065,79367
2026-05-01,01K,33354,43419
2023-05-01,01Y,22513,28377
2023-09-01,01Y,23173,29268
2023-06-01,01Y,23430,29575
2023-07-01,01Y,22963,29099
2023-11-01,02G,10378,13136
2023-03-01,02G,10714,13507
2023-10-01,02G,10128,12827
2024-08-01,02T,22576,28881
2024-05-01,02T,23210,29692
2024-11-01,03Q,18641,23848
2024-07-01,03Q,19887,25449
2024-03-01,03Q,17970,22871
2024-06-01,03Q,18164,23191
2023-12-01,04Y,12897,16395
2021-11-01,07K,27029,33789
2021-07-01,07K,27555,34482
2022-06-01,10Q,49570,62298
2021-06-01,10Q,48044,60277
2021-09-01,10Q,49149,61502
2022-09-01,10Q,48939,61577
2023-02-01,15F,64176,81010
2025-04-01,15F,69379,89324
2026-01-01,15F,72379,93715
2024-04-01,15F,71116,90832
2023-08-01,15F,70495,89369
2022-01-01,15F,67174,84047
2023-04-01,15F,65363,82324
2024-02-01,15F,68235,87056
2021-08-01,15F,66446,83298
2024-01-01,15F,71958,91480
2025-12-01,15F,74900,97019
2022-08-01,15F,71262,89498
2025-07-01,15F,75237,96965
2025-08-01,16C,81028,104809
2025-02-01,16C,77583,99615
2025-05-01,16C,85519,110004
2024-09-01,16C,81465,104399
2025-06-01,16C,83806,107974
2025-10-01,16C,87449,113124
2025-09-01,16C,86494,111768
2023-01-01,42D,59657,75036
2022-07-01,70F,68011,85309
2022-03-01,70F,72712,91059
2026-04-01,71E,106461,138477
2026-02-01,71E,99463,129007
2026-06-01,71E,106004,138236
2022-05-01,92A,67338,84387
2022-04-01,92A,64423,80919
2022-10-01,92A,66594,83758
2021-12-01,92A,71211,89160
2022-02-01,92A,61376,76903
2025-11-01,97R,48248,62571
2024-10-01,97R,53125,68170
2024-12-01,97R,52686,67641
2025-03-01,97R,50737,65164
2025-01-01,97R,52093,66811
2026-03-01,97R,51132,66389
2021-10-01,99E,16525,20691
2022-11-01,M1J4Y,66515,83806
2022-12-01,M1J4Y,65929,83248
2026-01-01,01K,35000,45316
2026-06-01,01K,35028,45554
2024-05-01,02G,10661,13596
2023-02-01,02G,9549,12025
2024-04-01,02T,22890,29145
2021-10-01,03H,17266,21616
2022-02-01,03H,16901,21159
2023-12-01,03Q,19093,24247
2023-10-01,03Q,18262,23103
2022-10-01,03Q,18631,23408
2023-08-01,03Q,19193,24319
2024-01-01,04Y,13022,16537
2023-05-01,04Y,12391,15597
2023-11-01,04Y,12863,16264
2024-02-01,04Y,11943,15206
2021-11-01,10Q,48136,60137
2024-11-01,15F,70441,90107
2024-09-01,15F,69539,88798
2023-01-01,15F,71142,89479
2025-10-01,15F,74043,95623
2025-03-01,15F,70552,90461
2025-02-01,15F,65924,84618
2025-09-01,15F,72330,93451
2024-12-01,15F,71776,91843
2022-09-01,15F,67620,85061
2024-03-01,15F,68417,86934
2025-01-01,15F,74519,95351
2025-05-01,15F,73292,94232
2025-11-01,15F,67293,87217
2024-06-01,15F,67716,86404
2024-07-01,15F,74414,95000
2024-10-01,15F,74280,94905
2026-04-01,15F,70680,91854
2023-07-01,15F,69608,88182
2024-08-01,15F,72111,91898
2025-08-01,15F,69083,89224
2025-04-01,16C,83832,107900
2025-07-01,16C,89126,114772
2025-12-01,18C,69060,89448
2022-03-01,18C,66550,83285
2021-12-01,18C,66777,83557
2026-03-01,18C,66667,86433
2022-07-01,18C,62034,77804
2026-02-01,18C,61469,79607
2022-08-01,42D,59111,74061
2022-11-01,42D,58336,73370
2022-05-01,42D,58645,73484
2022-12-01,42D,59986,75605
2023-03-01,70F,74456,93737
2022-04-01,70F,67873,85120
2023-09-01,70F,71699,90534
2023-06-01,70F,73462,92496
2021-09-01,70F,69143,86432
2023-04-01,70F,68027,85544
2026-05-01,71E,104166,135280
2021-08-01,92A,63693,79781
2022-06-01,92A,65403,82192
2022-01-01,92A,66416,82978
2021-07-01,92A,66938,83667
2021-06-01,92A,65523,82133
2025-06-01,97R,50326,64814
2026-02-01,01K,32258,41761
2025-12-01,01K,37301,48283
2026-04-01,01K,34830,45230
2024-06-01,01Y,22651,28769
2023-08-01,01Y,23256,29415
2024-07-01,01Y,24474,31071
2023-09-01,02G,10235,12902
2023-12-01,02G,10409,13203
2024-01-01,02T,22766,28834
2023-11-01,02T,21749,27497
2024-03-01,02T,21486,27295
2024-02-01,03Q,17401,22082
2024-04-01,04Y,13192,16786
2021-11-01,04Y,11424,14272
2023-06-01,04Y,12754,16041
2023-10-01,04Y,12730,16080
2023-07-01,07K,27669,34964
2021-12-01,07K,28707,35877
2022-05-01,07K,27899,34948
2023-05-01,07K,28652,36040
2022-01-01,10Q,48701,60822
2022-04-01,10Q,47868,59944
2021-08-01,10Q,46922,58667
2022-08-01,10Q,49597,62138
2022-07-01,15F,66795,83770
2026-06-01,15F,71662,93184
2024-05-01,15F,73192,93341
2026-03-01,16C,86678,112280
2025-03-01,18C,64764,82758
2021-06-01,18C,62679,78433
2025-08-01,18C,63975,82379
2025-09-01,18C,67207,86537
2026-05-01,18C,63392,82229
2023-02-01,18C,59423,74717
2025-10-01,18C,69642,89761
2021-07-01,18C,62507,78128
2022-10-01,42D,58869,73868
2022-06-01,70F,69133,86707
2024-08-01,70F,73614,93600
2022-11-01,70F,71093,89248
2022-02-01,70F,64145,80062
2025-11-01,71E,101868,131644
2024-12-01,71E,107378,136992
2025-07-01,71E,111705,143502
2024-10-01,71E,109536,139381
2025-02-01,71E,98409,125655
2022-12-01,71E,103558,130175
2023-01-01,71E,103108,129316
2025-05-01,71E,109250,139843
2024-11-01,71E,105560,134537
2026-01-01,71E,108959,140935
2024-09-01,71E,105206,133810
2025-04-01,71E,104728,134152
2025-01-01,71E,110626,141188
2021-10-01,92A,63427,79327
2022-03-01,92A,69334,86715
2022-09-01,92A,66253,83282
2021-09-01,92A,65216,81479
2025-06-01,99G,12530,16107
2023-03-01,M1J4Y,70136,88275
2023-04-01,M1J4Y,62150,78133
2025-11-01,01Y,22497,28977
2024-12-01,01Y,24175,30837
2024-05-01,01Y,24205,30833
2024-04-01,01Y,23438,29809
2023-09-01,02T,21809,27469
2023-12-01,02T,21665,27418
2024-02-01,02T,22007,27917
2021-12-01,03H,19289,24092
2022-08-01,03Q,19801,24807
2023-05-01,03Q,18257,22962
2024-01-01,03Q,18842,23851
2022-11-01,03Q,18996,23800
2024-06-01,04Y,12111,15380
2023-01-01,07K,29409,36868
2022-10-01,07K,27661,34652
2021-07-01,10Q,49404,61713
2026-05-01,15F,68528,88872
2026-02-01,15F,65458,84647
2025-02-01,18C,61426,78314
2025-04-01,18C,65259,83407
2025-05-01,18C,66837,85501
2026-01-01,18C,67206,86754
2025-01-01,18C,69037,88039
2025-07-01,18C,69009,88451
2023-03-01,18C,67929,85328
2026-04-01,18C,65474,84675
2021-08-01,18C,60226,75271
2022-02-01,42D,53344,66578
2021-09-01,42D,57477,71740
2022-03-01,42D,58961,73709
2022-01-01,42D,57063,71130
2022-04-01,42D,56588,70784
2022-07-01,42D,56054,70156
2022-06-01,42D,56999,71415
2024-09-01,70F,72481,91966
2022-12-01,70F,71570,89785
2021-10-01,70F,66754,83469
2024-10-01,70F,75536,95976
2024-11-01,70F,73592,93420
2021-11-01,70F,70057,87502
2022-09-01,70F,70644,88777
2024-07-01,70F,76598,97225
2022-05-01,70F,72244,90483
2023-02-01,70F,66403,83482
2023-10-01,70F,72316,91333
2023-11-01,70F,73533,92872
2024-03-01,71E,101238,128371
2025-09-01,71E,108586,139504
2024-08-01,71E,106220,134920
2025-06-01,71E,107160,137257
2025-08-01,71E,102685,132079
2025-10-01,71E,111558,143693
2023-08-01,71E,105393,132880
2023-04-01,71E,96883,121669
2025-03-01,71E,105460,134535
2026-03-01,71E,107450,139076
2025-12-01,71E,111988,144723
2023-06-01,71E,105411,132557
2026-06-01,78H,73121,94910
2021-06-01,99E,17732,22188
2023-07-01,M1J4Y,66635,84097
2025-12-01,01Y,24773,31845
2025-02-01,01Y,22105,28149
2026-01-01,01Y,23255,29964
2024-03-01,02G,10549,13368
2024-10-01,02G,11142,14140
2024-02-01,02G,9902,12557
2023-04-01,03Q,17630,22125
2023-01-01,03Q,18676,23393
2023-11-01,03Q,19017,24014
2023-06-01,03Q,18976,23841
2022-06-01,03Q,17901,22424
2024-09-01,04Y,12990,16445
2024-08-01,04Y,12683,16106
2022-02-01,07K,25874,32246
2023-09-01,07K,29145,36708
2021-06-01,07K,27066,33762
2022-01-01,07K,27325,34044
2022-03-01,07K,29120,36378
2021-10-01,07K,26861,33501
2022-12-01,07K,28680,35950
2022-04-01,07K,26911,33571
2022-07-01,10Q,48448,60593
2025-11-01,18C,63909,82271
2026-06-01,18C,66572,86252
2021-09-01,18C,64149,80050
2024-11-01,18C,65012,82330
2022-09-01,18C,63757,79788
2022-05-01,18C,64776,81029
2025-05-01,27D,77053,98184
2022-08-01,70F,70966,88847
2026-05-01,70F,70136,90707
2024-05-01,70F,75321,95561
2025-07-01,70F,77557,99404
2023-08-01,70F,73019,91921
2023-07-01,70F,70490,88794
2025-06-01,70F,71973,92165
2024-04-01,70F,74146,94081
2025-10-01,70F,76053,97814
2026-02-01,70F,68620,88458
2025-03-01,70F,71643,91136
2025-01-01,70F,77166,98000
2024-12-01,70F,75081,95380
2024-07-01,71E,109342,138730
2023-10-01,71E,102949,129847
2023-02-01,71E,94590,118689
2022-10-01,71E,100440,125747
2024-06-01,71E,101999,129432
2023-03-01,71E,107834,135315
2024-01-01,71E,106603,134680
2022-11-01,71E,103363,129415
2026-04-01,78H,73111,94519
2026-03-01,78H,74484,96048
2021-12-01,99E,17949,22390
2021-07-01,99E,17732,22121
2021-11-01,99E,17325,21627
2021-08-01,99F,12722,15867
2025-08-01,99G,12386,15929
2025-09-01,99G,13155,16885
2025-04-01,99G,12592,16070
2023-12-01,M1J4Y,66979,84683
2023-05-01,M1J4Y,67824,85300
2024-11-01,01Y,23462,29710
2024-09-01,01Y,22929,29024
2024-08-01,01Y,23782,30199
2025-03-01,01Y,23854,30257
2025-01-01,02G,10892,13808
2023-10-01,02T,22196,27968
2023-07-01,02T,21228,26635
2022-04-01,03Q,18164,22650
2022-12-01,03Q,19459,24379
2022-01-01,04Y,11669,14537
2024-07-01,04Y,13452,17052
2024-03-01,04Y,12083,15311
2023-02-01,04Y,11319,14172
2021-09-01,07K,27381,34150
2023-11-01,07K,29570,37311
2022-07-01,07K,27232,34049
2021-08-01,07K,26353,32859
2022-03-01,10Q,50914,63484
2023-03-01,10Q,52345,65569
2023-04-01,10Q,48490,60727
2022-05-01,10Q,48494,60618
2022-11-01,18C,65824,82390
2022-08-01,18C,65138,81527
2021-11-01,18C,63446,79184
2024-10-01,18C,68362,86631
2025-06-01,18C,65851,84226
2024-12-01,18C,67916,86266
2025-07-01,27D,78595,100321
2021-10-01,42D,55116,68737
2024-06-01,70F,70426,89270
2025-09-01,70F,75057,96202
2025-02-01,70F,67777,86219
2026-04-01,70F,72767,93916
2023-05-01,70F,72187,90703
2026-06-01,70F,74202,95667
2026-03-01,70F,74346,95811
2025-04-01,70F,73624,93687
2025-12-01,70F,79124,101602
2025-05-01,70F,76810,97846
2023-01-01,70F,72944,91353
2021-06-01,70F,69412,86561
2021-12-01,70F,73603,91717
2025-11-01,70F,69786,89663
2026-01-01,70F,73814,94897
2024-01-01,70F,75398,95183
2025-08-01,70F,70477,90270
2024-02-01,70F,70443,89069
2021-07-01,70F,69188,86310
2022-10-01,70F,70443,88150
2023-09-01,71E,102992,129593
2022-06-01,71E,100562,125758
2023-12-01,71E,105096,132665
2024-04-01,71E,108086,136636
2024-05-01,71E,107133,135915
2022-09-01,71E,102209,127812
2026-05-01,78H,70429,90985
2026-02-01,78H,68454,87999
2022-02-01,99E,15791,19675
2025-10-01,99G,13095,16790
2023-06-01,M1J4Y,67828,85209
2023-08-01,M1J4Y,68309,85978
2024-07-01,01V,14892,18779
2024-10-01,01Y,24880,31506
2025-07-01,01Y,24945,31827
2026-02-01,01Y,21574,27725
2025-10-01,01Y,24187,30999
2025-08-01,01Y,22550,28803
2026-03-01,01Y,23756,30535
2025-05-01,02G,10727,13620
2024-12-01,02G,10960,13856
2024-09-01,02G,10278,12997
2024-06-01,02G,10199,12858
2023-08-01,02T,22785,28638
2023-03-01,03Q,19871,24858
2023-07-01,03Q,18663,23414
2022-05-01,03Q,19114,23835
2022-09-01,03Q,18226,22786
2023-02-01,03Q,17355,21712
2021-07-01,04Y,11793,14685
2023-04-01,04Y,11731,14682
2024-05-01,04Y,13597,17206
2024-11-01,04Y,12839,16235
2023-06-01,07K,30203,37890
2023-10-01,07K,29300,36918
2024-08-01,07K,30432,38435
2022-10-01,10Q,48685,60906
2022-11-01,10Q,50292,62862
2022-12-01,10Q,49892,62448
2022-04-01,18C,61274,76397
2023-01-01,18C,65628,81960
2021-10-01,18C,61286,76429
2022-01-01,18C,63149,78651
2022-02-01,18C,58749,73198
2022-06-01,18C,62733,78439
2025-03-01,27D,74122,93926
2025-02-01,27D,70044,88747
2025-09-01,27D,75882,96892
2025-06-01,27D,74559,94952
2025-04-01,27D,74256,94473
2026-05-01,27D,72366,93190
2026-04-01,27D,73211,94037
2025-01-01,27D,78315,99092
2021-12-01,42D,60426,75209
2024-03-01,70F,71428,90434
2021-08-01,70F,67125,83636
2023-12-01,70F,73303,92356
2024-02-01,71E,99743,126112
2022-08-01,71E,102763,128558
2022-07-01,71E,100140,125088
2023-05-01,71E,103991,130533
2022-03-01,71E,105780,131780
2023-11-01,71E,104037,131230
2026-01-01,78H,75179,96554
2025-12-01,78H,76961,98812
2025-11-01,78H,70176,89841
2021-11-01,92A,66585,83087
2021-09-01,99E,17796,22190
2021-06-01,99F,13220,16481
2026-06-01,99G,13137,16912
2024-01-01,M1J4Y,69910,88188
2024-04-01,M1J4Y,68289,86148
2023-09-01,M1J4Y,67218,84554
2021-11-01,01V,13415,16680
2022-01-01,01V,13693,17010
2025-09-01,01Y,24776,31595
2025-04-01,01Y,23462,29769
2026-04-01,01Y,23155,29725
2025-05-01,01Y,24665,31310
2025-06-01,01Y,23578,29943
2024-01-01,02G,10757,13556
2024-11-01,02G,10702,13514
2024-07-01,02G,11001,13872
2024-04-01,02G,10633,13393
2023-06-01,02T,22345,28009
2022-03-01,03Q,19138,23814
2022-02-01,03Q,17075,21266
2021-12-01,03Q,19469,24217
2023-09-01,03Q,17769,22305
2022-09-01,04Y,11850,14749
2025-03-01,04Y,12904,16321
2022-06-01,04Y,11898,14836
2022-07-01,04Y,11888,14831
2024-10-01,04Y,13440,16983
2026-03-01,04Y,13416,17207
2025-01-01,04Y,13600,17202
2026-02-01,04Y,11757,15096
2026-06-01,04Y,12922,16633
2021-06-01,04Y,11601,14456
2024-12-01,04Y,13315,16819
2021-10-01,04Y,11552,14397
2021-09-01,04Y,11758,14654
2022-11-01,04Y,12685,15839
2026-05-01,04Y,12781,16444
2023-02-01,07K,26950,33659
2024-05-01,07K,30291,38228
2023-08-01,07K,30170,37869
2023-12-01,07K,29761,37451
2023-03-01,07K,30430,38058
2024-03-01,07K,28864,36311
2024-02-01,07K,28289,35693
2022-08-01,07K,28741,35861
2023-05-01,10Q,50012,62715
2023-01-01,10Q,50925,63587
2023-04-01,18C,60480,75586
2024-08-01,18C,66944,84526
2022-12-01,18C,65991,82575
2024-09-01,18C,64160,81003
2022-10-01,18C,64550,80550
2025-11-01,27D,70692,90373
2021-07-01,42D,57495,71523
2021-08-01,42D,55539,69032
2022-05-01,71E,103688,129135
2023-07-01,71E,102391,128423
2022-04-01,71E,99532,124072
2025-10-01,78H,77440,98704
2025-08-01,78H,71839,91641
2026-01-01,99G,12975,16619
2025-12-01,99G,14066,18043
2025-07-01,99G,13490,17193
2025-02-01,99G,11798,14920
2023-10-01,M1J4Y,67283,84560
2024-06-01,M1J4Y,65047,81919
2023-11-01,M1J4Y,67430,84790
2023-10-01,01V,14200,17762
2024-09-01,01V,13968,17620
2025-01-01,01Y,24528,30994
2026-05-01,01Y,22798,29319
2025-04-01,02G,10634,13469
2024-08-01,02G,10924,13790
2022-01-01,03Q,18286,22712
2022-07-01,03Q,18500,23025
2021-07-01,03Q,18067,22450
2021-09-01,03Q,18621,23206
2021-10-01,03Q,18133,22507
2021-08-01,03Q,17913,22227
2023-03-01,04Y,12956,16198
2022-10-01,04Y,11996,14936
2026-01-01,04Y,13082,16714
2022-12-01,04Y,12513,15630
2026-04-01,04Y,12452,15983
2022-05-01,04Y,11898,14756
2022-08-01,04Y,12194,15185
2022-04-01,07H,24733,30725
2022-06-01,07K,28269,35173
2022-09-01,07K,27761,34515
2022-11-01,07K,29127,36350
2023-04-01,07K,27244,34005
2024-01-01,07K,30588,38513
2024-04-01,07K,30027,37794
2023-08-01,10Q,51261,64123
2023-02-01,10Q,46289,57793
2023-06-01,10Q,51865,64906
2023-07-01,18C,64553,80652
2023-05-01,18C,64228,80480
2024-05-01,18C,68215,85885
2023-11-01,18C,65483,81924
2024-06-01,18C,63142,79443
2023-09-01,18C,64868,81301
2025-10-01,27D,78919,100517
2026-06-01,27D,74032,95246
2025-08-01,27D,73051,93160
2024-12-01,27D,78316,98852
2023-01-01,27D,76008,94377
2025-12-01,27D,78575,100577
2021-06-01,42D,58108,72282
2021-11-01,42D,57891,71933
2022-02-01,71E,93863,116729
2021-12-01,71E,106254,131844
2025-02-01,78H,68851,86953
2025-03-01,78H,73477,92881
2025-06-01,78H,74302,94207
2025-07-01,78H,77857,98889
2025-09-01,78H,75202,95887
2023-12-01,99E,17840,22433
2022-03-01,99E,18494,22970
2025-05-01,99G,13045,16555
2026-02-01,99G,12092,15513
2025-11-01,99G,12036,15383
2026-03-01,99G,13172,16869
2024-07-01,M1J4Y,71198,89758
2024-11-01,M1J4Y,66511,83954
2024-03-01,M1J4Y,65294,82106
2024-02-01,M1J4Y,65546,82661
2024-10-01,M1J4Y,70568,89141
2022-03-01,01V,14827,18380
2022-08-01,01V,13988,17359
2022-02-01,01V,12606,15674
2023-11-01,01V,13937,17423
2024-12-01,01V,15058,19002
2024-01-01,01V,14242,17859
2022-12-01,01V,14558,18029
2026-06-01,01Y,24030,30867
2025-07-01,02G,11219,14199
2023-03-01,02T,22390,27884
2023-05-01,02T,21687,27085
2023-04-01,02T,19870,24771
2021-06-01,03Q,18318,22710
2021-08-01,04Y,11114,13788
2025-08-01,04Y,12526,15899
2023-01-01,04Y,12516,15538
2025-10-01,04Y,13337,16928
2025-12-01,04Y,13398,17106
2025-11-01,04Y,12387,15790
2025-05-01,04Y,13799,17473
2025-09-01,06H,87659,110889
2025-06-01,06H,84211,106235
2021-12-01,07H,26529,32913
2022-11-01,07H,26548,32989
2024-06-01,07K,28979,36427
2023-07-01,10Q,50807,63369
2023-10-01,10Q,51409,64219
2023-12-01,10Q,51895,65006
2023-09-01,10Q,50136,62632
2024-04-01,18C,66681,83818
2023-08-01,18C,67286,84114
2023-06-01,18C,67334,84187
2024-02-01,18C,63507,79517
2024-07-01,18C,68551,86311
2024-03-01,18C,63716,80097
2026-03-01,27D,75540,96731
2026-01-01,27D,76860,98190
2024-11-01,27D,74787,94394
2024-10-01,27D,79203,99805
2023-02-01,27D,70276,87472
2026-02-01,27D,69286,88719
2021-09-01,71E,103016,127666
2021-11-01,71E,101314,125826
2021-10-01,71E,97786,121216
2022-01-01,71E,100204,124444
2025-04-01,78H,73569,93102
2025-01-01,78H,78751,99481
2021-07-01,93C,81989,101760
2022-04-01,99E,16817,20879
2022-06-01,99E,17472,21640
2022-05-01,99E,17882,22133
2022-10-01,99E,17932,22230
2022-07-01,99E,17005,21090
2026-04-01,99G,13161,16864
2025-03-01,99G,12783,16157
2022-09-01,99G,12928,16072
2026-05-01,99G,12482,16036
2024-05-01,M1J4Y,70313,88454
2024-09-01,M1J4Y,67068,84552
2024-08-01,M1J4Y,68702,86661
2025-02-01,M1J4Y,63530,80182
2022-09-01,01F,13941,17278
2022-10-01,01F,13223,16374
2024-04-01,01V,14183,17731
2021-09-01,01V,13948,17278
2024-08-01,01V,14342,18037
2021-10-01,01V,13442,16657
2024-06-01,01V,13593,17073
2024-03-01,01V,13873,17371
2024-05-01,01V,14830,18609
2021-08-01,01V,13323,16514
2022-07-01,01V,13593,16838
2023-07-01,01V,14099,17581
2023-05-01,01V,14427,17994
2023-08-01,01V,14362,17927
2021-07-01,01V,13868,17186
2025-03-01,02G,10446,13180
2025-02-01,02G,9775,12334
2021-11-01,03Q,18875,23419
2022-03-01,04Y,12024,14884
2022-02-01,04Y,10927,13548
2025-09-01,04Y,13235,16685
2022-04-01,04Y,11433,14165
2026-02-01,06H,79507,101284
2026-04-01,06H,85199,108552
2025-11-01,06H,82595,104816
2026-05-01,06H,83808,106814
2025-12-01,06H,89897,114066
2026-03-01,06H,87144,110881
2026-06-01,06H,86726,110783
2026-01-01,06H,87398,111112
2025-10-01,06H,90560,114660
2022-08-01,07H,26050,32282
2022-05-01,07H,26220,32428
2023-11-01,07H,26991,33681
2023-06-01,07H,26849,33460
2022-06-01,07H,25027,30967
2023-09-01,07H,25905,32294
2024-12-01,07K,31251,39417
2024-09-01,07K,29520,37183
2023-10-01,18C,66006,82436
2023-12-01,18C,65934,82574
2024-01-01,18C,67880,85001
2023-03-01,27D,80025,99368
2022-11-01,27D,75687,93905
2022-12-01,27D,77404,95848
2024-07-01,27D,79009,99358
2023-04-01,27D,71413,89003
2024-02-01,27D,73351,91776
2025-05-01,78H,76239,96481
2024-11-01,78H,74483,93716
2024-10-01,78H,77860,97986
2021-06-01,91Q,149708,185413
2023-01-01,99E,17858,22109
2023-02-01,99E,16970,21082
2022-01-01,99E,17618,21838
2021-12-01,99F,14624,18142
2025-01-01,M1J4Y,71672,90259
2025-08-01,M1J4Y,65331,82807
2025-06-01,M1J4Y,66787,84178
2025-04-01,M1J4Y,68525,86684
2025-07-01,M1J4Y,72429,91583
2021-11-01,01F,13747,17001
2025-02-01,01F,12936,16319
2025-04-01,01F,13985,17640
2021-06-01,01F,13350,16516
2022-01-01,01F,13309,16437
2025-05-01,01F,14422,18198
2021-07-01,01F,13263,16417
2026-02-01,01F,13014,16504
2024-02-01,01V,13695,17106
2023-02-01,01V,12870,15976
2022-06-01,01V,14039,17325
2023-12-01,01V,14399,17967
2023-06-01,01V,14378,17906
2022-04-01,01V,13641,16887
2022-05-01,01V,14423,17820
2021-12-01,04Y,12443,15417
2025-08-01,06H,83442,105616
2025-07-01,06H,91024,114903
2023-01-01,07H,26107,32307
2026-06-01,07H,26953,34305
2022-09-01,07H,25909,32097
2022-10-01,07H,25657,31740
2022-02-01,07H,23516,29150
2023-04-01,07H,24675,30590
2026-03-01,07H,27105,34433
2026-05-01,07H,26608,33850
2021-10-01,07H,24451,30262
2022-03-01,07H,26394,32642
2024-10-01,07K,31413,39469
2026-01-01,07K,31135,39329
2024-11-01,07K,30593,38425
2024-07-01,07K,31028,38928
2025-11-01,07K,29211,37008
2025-06-01,07K,30568,38429
2023-11-01,10Q,52082,64973
2022-12-01,11M,58141,71847
2023-05-01,27D,75623,94207
2023-07-01,27D,75537,93878
2024-05-01,27D,79401,99500
2024-01-01,27D,78048,97365
2024-09-01,27D,75181,94670
2023-08-01,27D,78137,97195
2022-08-01,27D,75647,93471
2023-10-01,27D,76354,95199
2024-03-01,27D,74357,92946
2021-08-01,71E,98010,121388
2024-06-01,78H,70713,88517
2024-12-01,78H,75067,94583
2024-08-01,78H,75963,95387
2024-04-01,78H,75899,94884
2023-09-01,92G,83050,103390
2023-03-01,99E,19942,24722
2022-11-01,99E,17467,21671
2021-09-01,99F,13547,16762
2025-01-01,99G,13430,16895
2022-07-01,99G,12001,14843
2026-04-01,M1J4Y,67633,85892
2025-12-01,M1J4Y,71946,91174
2025-09-01,M1J4Y,69796,87987
2025-10-01,M1J4Y,71004,89763
2025-03-01,M1J4Y,65792,82962
2022-08-01,01F,14085,17392
2024-10-01,01F,14558,18266
2022-03-01,01F,14394,17801
2021-12-01,01F,14062,17398
2024-04-01,01F,14576,18210
2022-02-01,01F,11938,14755
2025-10-01,01F,14634,18499
2024-05-01,01F,14453,18059
2022-07-01,01F,13408,16577
2026-04-01,01F,13729,17435
2022-06-01,01F,13405,16537
2024-11-01,01V,14138,17752
2022-11-01,01V,13861,17146
2023-03-01,01V,14837,18358
2025-09-01,02G,10810,13603
2025-06-01,02G,10643,13375
2025-08-01,02G,10274,12942
2025-07-01,04Y,13532,17008
2025-02-01,04Y,12053,15175
2025-04-01,04Y,12282,15487
2025-03-01,06H,84608,106662
2025-01-01,06H,89937,112886
2022-01-01,07H,25411,31357
2022-12-01,07H,26414,32638
2023-12-01,07H,26823,33429
2021-06-01,07H,25684,31774
2025-12-01,07H,28675,36210
2024-01-01,10Q,52795,65845
2024-02-01,10Q,49904,62262
2023-04-01,11M,54970,68109
2023-02-01,11M,54165,67230
2022-09-01,27D,75856,93868
2024-08-01,27D,77503,97289
2022-10-01,27D,74226,91772
2024-06-01,27D,73689,92145
2023-06-01,27D,76829,95605
2023-09-01,27D,75863,94413
2024-09-01,78H,73195,91828
2024-07-01,78H,78808,98781
2023-11-01,78H,74492,92771
2024-03-01,78H,72741,90815
2023-08-01,92G,87764,109000
2023-10-01,92G,85799,106788
2021-09-01,93C,82514,102056
2021-08-01,93C,76851,95101
2023-05-01,99E,18576,23060
2023-07-01,99E,17835,22088
2021-10-01,99F,12896,15947
2023-01-01,99F,14122,17468
2022-05-01,99F,14336,17697
2021-07-01,99F,13163,16281
2021-11-01,99G,11900,14713
2022-04-01,99G,12111,14943
2026-01-01,M1J4Y,69164,87356
2025-05-01,M1J4Y,69830,88049
2024-12-01,M1J4Y,67872,85491
2025-11-01,M1J4Y,65207,82601
2026-05-01,M1J4Y,65587,83398
2026-02-01,M1J4Y,63281,80148
2026-06-01,M1J4Y,69125,87970
2026-03-01,M1J4Y,69162,87673
2024-08-01,01F,14233,17818
2023-08-01,01F,13835,17164
2024-11-01,01F,13832,17360
2025-12-01,01F,14978,18905
2025-03-01,01F,13728,17275
2025-08-01,01F,13772,17323
2025-09-01,01F,14452,18180
2022-04-01,01F,13461,16606
2024-07-01,01F,14720,18396
2021-10-01,01F,12895,15935
2022-10-01,01V,13799,17053
2025-01-01,01V,14637,18370
2024-10-01,01V,15187,19033
2025-02-01,01V,13445,16926
2021-06-01,01V,13902,17184
2025-10-01,02G,11021,13907
2023-02-01,02T,20005,24714
2023-01-01,02T,22125,27365
2025-06-01,04Y,12623,15861
2024-09-01,06H,83440,104272
2024-06-01,06H,81857,102021
2025-04-01,06H,85747,108115
2024-04-01,06H,85742,107019
2025-05-01,06H,88371,111417
2024-05-01,06H,87156,108730
2026-01-01,07H,28057,35396
2021-09-01,07H,25833,31900
2023-10-01,07H,26175,32573
2025-11-01,07H,26558,33589
2021-08-01,07H,24409,30193
2021-07-01,07H,25744,31836
2023-05-01,07H,26116,32366
2021-11-01,07H,25306,31269
2025-07-01,07K,32515,40841
2026-06-01,07K,30938,39328
2026-05-01,07K,29288,37208
2026-04-01,07K,29923,37947
2026-02-01,07K,28050,35481
2026-03-01,07K,30603,38762
2024-03-01,10Q,51007,63645
2023-03-01,11M,61317,75868
2022-07-01,27D,73978,91398
2023-11-01,27D,77266,96179
2023-12-01,27D,77511,96520
2024-02-01,78H,72384,90257
2023-07-01,92G,84718,104819
2024-01-01,92G,88898,110660
2022-11-01,92G,85688,105769
2023-06-01,92G,87347,108207
2021-12-01,93C,83772,103637
2022-02-01,93C,77323,95228
2022-09-01,99E,17856,22082
2022-08-01,99E,18014,22210
2022-12-01,99E,17737,21912
2023-09-01,99E,17326,21537
2022-01-01,99F,13239,16302
2023-04-01,99F,13121,16255
2022-03-01,99F,13922,17196
2024-12-01,99G,13353,16819
2022-05-01,99G,12429,15333
2022-06-01,99G,12072,14869
2023-07-01,00T,27313,33778
2023-10-01,01F,13898,17240
2025-06-01,01F,13681,17183
2026-03-01,01F,14309,18082
2024-09-01,01F,13883,17321
2022-05-01,01F,13931,17167
2026-06-01,01F,14247,18015
2025-07-01,01F,14705,18461
2022-11-01,01F,14028,17313
2021-08-01,01F,13148,16231
2025-08-01,01V,14041,17648
2023-09-01,01V,13583,16884
2023-01-01,01V,13792,17037
2026-01-01,02G,10762,13559
2026-05-01,02G,10071,12762
2025-11-01,02G,10258,12916
2024-11-01,06H,85864,107744
2024-10-01,06H,88566,110817
2024-07-01,06H,88960,111124
2024-08-01,06H,86010,107419
2024-12-01,06H,86987,109080
2026-04-01,07H,27419,34654
2026-02-01,07H,25528,32209
2022-07-01,07H,25446,31426
2023-02-01,07H,24382,30119
2024-03-01,07H,26390,32843
2025-09-01,07K,31323,39364
2025-02-01,07K,28433,35787
2025-10-01,07K,31765,40027
2025-12-01,07K,32185,40608
2025-01-01,07K,31609,39670
2025-05-01,07K,31410,39472
2025-04-01,07K,30127,37971
2025-03-01,07K,30323,38122
2023-05-01,11M,59709,73861
2023-06-01,11M,59974,74167
2024-04-01,27D,77848,97137
2021-07-01,71E,101607,125641
2021-06-01,71E,102652,126779
2023-12-01,78H,75377,93700
2024-01-01,78H,76798,95511
2024-05-01,78H,77328,96450
2021-11-01,91Q,152782,188318
2023-03-01,92G,89667,110837
2024-06-01,92G,83832,104465
2022-09-01,92G,84044,103847
2024-02-01,92G,83493,103824
2023-04-01,92G,81033,100364
2022-12-01,92G,85637,105747
2022-06-01,93C,82461,101487
2021-10-01,93C,79306,97861
2022-01-01,93C,81641,100526
2023-08-01,99E,18196,22558
2023-11-01,99E,18296,22756
2022-08-01,99F,13756,16950
2022-04-01,99F,12804,15793
2021-12-01,99G,12446,15371
2022-03-01,99G,12443,15352
2022-02-01,99G,11190,13777
2022-10-01,99G,12143,14961
2021-09-01,99G,11852,14629
2023-05-01,00T,27137,33547
2024-08-01,00T,28101,35031
2024-12-01,01F,14577,18243
2023-07-01,01F,13860,17138
2021-09-01,01F,13623,16797
2023-11-01,01F,14564,18082
2023-06-01,01F,14451,17856
2023-09-01,01F,13999,17357
2025-01-01,01F,14701,18362
2025-11-01,01F,13365,16826
2025-04-01,01V,14380,18083
2025-03-01,01V,14474,18101
2025-07-01,01V,15082,18878
2025-05-01,01V,14757,18473
2022-09-01,01V,14103,17362
2025-06-01,01V,14434,18076
2026-01-01,01V,14407,18143
2025-12-01,02G,11350,14316
2026-03-01,02G,10934,13789
2026-04-01,02G,10825,13680
2024-02-01,06H,80659,100269
2022-12-01,06H,80792,99556
2025-02-01,06H,79764,100328
2024-01-01,06H,86500,107499
2024-03-01,06H,82875,103092
2025-09-01,07H,27907,34954
2024-06-01,07H,26140,32556
2024-04-01,07H,27096,33717
2025-10-01,07H,28075,35321
2025-08-01,07K,29809,37456
2024-05-01,10Q,53199,66149
2024-07-01,10Q,54458,67768
2024-09-01,10Q,50441,62839
2023-08-01,11M,60678,75204
2022-06-01,27D,74856,92109
2021-08-01,91Q,144597,178462
2022-05-01,91Q,156294,192311
2021-07-01,91Q,152245,187923
2021-12-01,91Q,159948,197165
2022-07-01,92G,81674,100560
2023-02-01,92G,79451,98107
2023-12-01,92G,86776,107806
2022-08-01,92G,84699,104305
2026-02-01,92G,80028,100801
2026-06-01,92G,87017,109486
2023-01-01,92G,85707,105845
2026-05-01,92G,84214,106222
2022-10-01,92G,83706,103097
2021-06-01,93C,81177,100189
2022-03-01,93C,88120,108363
2022-04-01,93C,82193,101061
2023-10-01,99E,19057,23626
2023-04-01,99E,16790,20778
2021-11-01,99F,13031,16038
2023-03-01,99F,14650,18103
2022-02-01,99F,12375,15223
2022-01-01,99G,11709,14413
2024-10-01,99G,13468,16845
2024-11-01,99G,12401,15498
2022-11-01,99G,12446,15355
2021-10-01,99G,11467,14135
2024-11-01,00T,27675,34519
2022-11-01,00T,26756,33007
2024-09-01,00T,27278,33943
2025-05-01,00T,28394,35365
2022-12-01,00T,27209,33516
2023-10-01,00T,28046,34729
2023-04-01,01F,13183,16303
2026-05-01,01F,13572,17118
2024-01-01,01F,14309,17777
2023-12-01,01F,14133,17516
2026-01-01,01F,14078,17709
2024-02-01,01F,13592,16882
2024-06-01,01F,13649,16999
2023-02-01,01F,13143,16212
2021-12-01,01V,14593,17984
2025-10-01,01V,14945,18738
2026-02-01,01V,13171,16587
2025-09-01,01V,15088,18833
2022-07-01,06H,78229,96250
2022-09-01,06H,81681,100436
2023-06-01,06H,85060,105037
2023-09-01,06H,82741,102383
2025-06-01,07H,27444,34284
2025-04-01,07H,27163,33824
2023-08-01,07H,27052,33507
2023-03-01,07H,27933,34484
2024-10-01,10Q,54568,68055
2024-12-01,10Q,54425,67765
2024-08-01,10Q,51940,64623
2025-01-01,10Q,54631,68027
2025-03-01,10Q,51981,64788
2025-02-01,10Q,48609,60533
2024-04-01,10Q,52122,64856
2023-01-01,11M,59214,73105
2023-07-01,11M,58807,72656
2022-01-01,27D,73644,90314
2022-04-01,27D,73184,89981
2021-10-01,91Q,147408,181378
2022-03-01,91Q,159721,196081
2022-02-01,91Q,140329,172470
2021-09-01,91Q,152915,188474
2024-03-01,92G,84541,105116
2025-12-01,92G,92915,116883
2024-05-01,92G,89248,110924
2025-11-01,92G,83132,104439
2026-04-01,92G,84914,107110
2026-03-01,92G,88438,111173
2024-07-01,92G,91734,114059
2025-07-01,92G,92107,115185
2023-05-01,92G,86590,106899
2025-08-01,92G,84739,106102
2021-07-01,92G,84486,104002
2023-11-01,92G,87632,108750
2022-05-01,93C,85173,104772
2021-11-01,93C,82247,101178
2022-10-01,99F,13008,15988
2022-06-01,99F,13194,16223
2021-06-01,99G,12041,14837
2022-08-01,99G,11907,14658
2021-08-01,99G,11248,13878
2026-06-01,W2U3Z,147586,185337
2025-03-01,00T,27339,34043
2025-02-01,00T,25842,32157
2025-01-01,00T,29448,36627
2023-01-01,00T,27184,33555
2023-11-01,00T,27533,34078
2023-06-01,00T,27466,33866
2024-12-01,00T,28707,35717
2024-07-01,00T,28638,35568
2023-03-01,01F,14745,18182
2024-03-01,01F,13675,16972
2026-05-01,01V,13703,17266
2026-03-01,01V,13813,17307
2025-12-01,01V,15477,19467
2023-04-01,01V,13010,16077
2026-04-01,01V,14976,18887
2025-11-01,01V,13507,16942
2026-02-01,02G,9805,12331
2022-11-01,02T,21703,26738
2022-12-01,02T,21734,26765
2023-08-01,06H,83624,103406
2023-10-01,06H,84125,104158
2023-12-01,06H,83812,103765
2022-08-01,06H,80740,99293
2024-01-01,07H,27187,33714
2023-07-01,07H,26331,32514
2024-05-01,07H,27650,34281
2025-08-01,07H,27295,34138
2024-02-01,07H,25605,31746
2025-07-01,07H,28830,35974
2024-06-01,10Q,49661,61778
2022-09-01,11M,57858,71059
2022-04-01,15A,30291,37231
2022-05-01,27D,75570,92936
2023-09-01,78H,74480,91841
2022-10-01,91Q,152232,187024
2022-01-01,91Q,151332,185520
2021-06-01,92G,82903,101735
2022-06-01,92G,81876,100665
2025-04-01,92G,87362,108700
2025-09-01,92G,88732,110694
2021-11-01,92G,82550,101510
2021-09-01,92G,83309,102234
2024-11-01,92G,87407,108946
2024-04-01,92G,87271,108432
2024-09-01,92G,86311,107217
2021-08-01,92G,80813,99417
2022-03-01,92G,87934,107911
2024-08-01,92G,87006,108235
2021-10-01,92G,79432,97690
2026-01-01,92G,88144,110505
2025-10-01,92G,90945,113939
2021-12-01,92G,87523,107477
2025-06-01,92G,86833,108209
2024-10-01,92G,91078,113216
2022-02-01,92G,76093,93360
2025-05-01,92G,90265,112392
2023-05-01,99F,14022,17299
2026-06-01,99F,14000,17577
2023-02-01,99F,13048,16087
2022-07-01,99F,13472,16571
2021-07-01,99G,11966,14683
2024-01-01,00T,28475,35184
2023-08-01,00T,27959,34516
2024-05-01,00T,28744,35505
2023-04-01,00T,25657,31695
2024-02-01,00T,26832,33180
2024-03-01,00T,26784,33137
2024-06-01,00T,26696,33096
2022-09-01,00T,27155,33349
2024-04-01,00T,28193,34932
2023-03-01,00T,28009,34516
2023-12-01,00T,27532,33989
2026-06-01,02G,10977,13766
2023-11-01,06H,84070,103961
2022-10-01,06H,79913,98133
2023-07-01,06H,82127,101321
2023-05-01,06H,83236,102678
2022-11-01,06H,81153,99831
2026-04-01,06N,41418,51993
2024-07-01,07H,28258,35008
2024-10-01,07H,28219,35010
2024-08-01,07H,27371,34020
2025-05-01,07H,28127,35018
2024-09-01,07H,26990,33490
2024-11-01,10Q,51245,63826
2025-06-01,10Q,51429,64087
2025-04-01,10Q,51885,64520
2021-09-01,11M,56351,69080
2022-06-01,11M,56356,69219
2022-02-01,11M,52892,64760
2023-09-01,11M,58706,72304
2021-10-01,15A,28979,35501
2021-11-01,15A,30105,36921
2021-12-01,15A,32086,39393
2021-08-01,15A,29488,36270
2026-05-01,15E,91609,114880
2022-03-01,27D,78156,95871
2023-10-01,78H,74708,92427
2023-06-01,91Q,157848,194315
2022-08-01,91Q,155284,190950
2022-07-01,91Q,149181,183372
2023-02-01,91Q,143029,175958
2022-01-01,92G,82097,100582
2025-02-01,92G,81427,101322
2022-04-01,92G,81399,99982
2022-05-01,92G,85215,104777
2025-01-01,92G,91682,113960
2024-12-01,92G,90627,112733
2025-03-01,92G,87259,108594
2026-01-01,99F,13987,17491
2022-12-01,99G,12974,15971
2023-01-01,99G,12512,15441
2021-07-01,A3A8R,125487,153957
2021-06-01,A3A8R,124468,152581
2025-11-01,W2U3Z,139837,175050
2026-02-01,W2U3Z,136893,171064
2025-09-01,W2U3Z,147959,184475
2026-03-01,W2U3Z,149813,187585
2025-12-01,W2U3Z,152313,190410
2025-07-01,W2U3Z,153154,190422
2025-10-01,W2U3Z,151750,189687
2025-08-01,W2U3Z,139506,174060
2025-07-01,00T,29830,37056
2024-10-01,00T,29493,36583
2025-10-01,00T,29258,36463
2025-06-01,00T,27728,34493
2023-09-01,00T,26926,33151
2025-04-01,00T,28182,35040
2023-05-01,01F,13792,16982
2026-06-01,01V,14444,18111
2023-01-01,06H,82126,101120
2021-12-01,06H,82504,100990
2022-05-01,06H,81336,99872
2022-06-01,06H,78936,96885
2023-04-01,06H,76651,94624
2021-10-01,06H,75938,92926
2026-03-01,06N,42110,52715
2024-12-01,07H,28623,35594
2025-05-01,10Q,53965,67060
2026-02-01,10Q,48798,60975
2025-12-01,10Q,55447,69242
2025-09-01,10Q,53239,66362
2025-08-01,10Q,51129,63740
2025-11-01,10Q,50913,63502
2023-12-01,11M,59403,73308
2022-07-01,11M,54951,67506
2021-06-01,11M,56105,68683
2024-05-01,11M,62026,76578
2022-11-01,11M,58998,72550
2024-02-01,11M,58687,72507
2022-10-01,11M,57622,70734
2022-03-01,11M,58594,71700
2022-08-01,11M,57646,70815
2023-11-01,11M,60971,75266
2024-04-01,11M,61742,76077
2024-01-01,11M,62474,77027
2023-10-01,11M,60332,74281
2024-03-01,11M,57843,71531
2021-11-01,11M,58401,71475
2021-07-01,15A,30592,37458
2022-01-01,15A,30747,37611
2022-02-01,15A,28616,35033
2021-09-01,15A,30663,37520
2023-08-01,91Q,158355,194804
2023-07-01,91Q,154614,190046
2022-04-01,91Q,149317,183369
2022-09-01,91Q,152721,187550
2022-12-01,93C,85713,105500
2026-04-01,99F,13742,17247
2023-06-01,99F,14038,17263
2024-08-01,99G,13136,16216
2024-09-01,99G,12954,15992
2024-07-01,99G,13632,16800
2023-02-01,99G,11660,14337
2023-03-01,99G,13716,16889
2024-06-01,99G,12579,15507
2021-08-01,A3A8R,120119,146974
2026-01-01,W2U3Z,148854,186114
2026-05-01,W2U3Z,142136,178224
2025-01-01,W2U3Z,148768,184253
2025-03-01,W2U3Z,140141,174082
2024-11-01,W2U3Z,142897,177237
2025-02-01,W2U3Z,134685,167277
2022-07-01,00T,26319,32286
2023-02-01,00T,25155,30930
2025-12-01,00T,29668,36978
2025-08-01,00T,27028,33677
2025-09-01,00T,28826,35792
2022-12-01,01F,14124,17380
2023-01-01,01F,14208,17450
2023-03-01,06H,86902,106852
2021-11-01,06H,80472,98380
2022-03-01,06H,83602,102289
2022-01-01,06H,79997,97820
2026-06-01,06N,42031,52653
2026-05-01,06N,40495,50632
2025-03-01,07H,27493,34117
2024-11-01,07H,26765,33085
2025-02-01,07H,26055,32268
2025-01-01,07H,28384,35135
2025-10-01,10Q,54875,68247
2025-07-01,10Q,55648,69127
2021-10-01,11M,53652,65644
2022-05-01,11M,57902,71034
2024-07-01,11M,62969,77597
2021-12-01,11M,59267,72511
2021-07-01,11M,56396,68961
2022-04-01,11M,56881,69844
2021-06-01,15E,89116,108883
2026-01-01,15E,96725,120402
2021-08-01,27D,71870,87927
2022-02-01,27D,68506,83765
2023-11-01,91Q,156045,191928
2023-10-01,91Q,156989,192519
2022-06-01,91Q,152265,186704
2023-07-01,93C,88486,108540
2022-10-01,93C,85175,104445
2022-08-01,93C,83875,102868
2023-06-01,99E,18495,22717
2022-09-01,99F,13820,16968
2026-02-01,99F,12792,15965
2024-06-01,99F,13545,16694
2023-08-01,99F,14254,17534
2024-02-01,99F,13633,16792
2022-11-01,99F,14190,17430
2026-03-01,99F,14420,18033
2023-05-01,99G,12914,15887
2024-05-01,99G,13778,16930
2023-04-01,99G,11982,14775
2021-09-01,A3A8R,125519,153586
2025-11-01,D9Y0V,136678,170301
2024-09-01,W2U3Z,140466,173254
2024-10-01,W2U3Z,147188,181742
2026-04-01,W2U3Z,144691,181425
2025-05-01,W2U3Z,147600,183126
2023-12-01,W2U3Z,137029,168454
2025-04-01,W2U3Z,142530,177168
2024-01-01,W2U3Z,142729,175834
2024-12-01,W2U3Z,142124,176438
2025-06-01,W2U3Z,141542,175896
2024-03-01,W2U3Z,137742,169589
2023-09-01,W2U3Z,136729,167826
2024-08-01,W2U3Z,140408,173269
2024-04-01,W2U3Z,141670,174376
2022-08-01,00T,27254,33370
2022-05-01,00T,27249,33302
2022-10-01,00T,26782,32841
2026-01-01,00T,28156,35034
2021-09-01,00T,26809,32772
2022-02-01,06H,74311,90830
2021-08-01,06H,75527,92380
2021-07-01,06H,79217,96862
2022-04-01,06H,77723,95354
2026-05-01,10Q,50221,62789
2026-04-01,10Q,51567,64625
2024-08-01,11M,61544,75783
2022-01-01,11M,55957,68417
2024-09-01,11M,59109,72828
2022-03-01,15A,31842,38948
2023-01-01,15A,32209,39531
2022-06-01,15A,30649,37481
2025-11-01,15E,91663,113914
2026-02-01,15E,89912,112050
2024-01-01,15E,97146,119240
2023-11-01,15E,94645,116329
2025-09-01,15E,100507,124483
2026-03-01,15E,97617,121817
2026-06-01,15E,97173,121633
2023-10-01,15E,95601,116979
2021-06-01,27D,73241,89468
2021-12-01,27D,79080,96745
2021-10-01,27D,72716,88875
2023-08-01,78H,76717,94129
2022-12-01,91Q,156770,192747
2023-12-01,91Q,158594,194656
2023-05-01,91Q,158161,194309
2023-03-01,91Q,164961,202648
2023-04-01,91Q,148354,182238
2022-07-01,93C,82744,101282
2022-09-01,93C,84614,103830
2023-09-01,93C,88909,109129
2022-11-01,93C,86290,105948
2023-02-01,93C,81438,99994
2025-10-01,99F,14692,18244
2024-11-01,99F,13839,17060
2024-04-01,99F,14224,17499
2025-06-01,99F,13732,17011
2025-01-01,99F,14595,18030
2024-03-01,99F,13586,16689
2025-03-01,99F,13832,17124
2025-05-01,99F,14433,17881
2023-07-01,99F,13956,17117
2023-06-01,99G,13028,15971
2021-11-01,A3A8R,128984,157680
2025-12-01,D9Y0V,151936,189073
2025-08-01,D9Y0V,137954,171114
2024-10-01,D9Y0V,147869,182072
2024-12-01,D9Y0V,146266,180369
2025-04-01,D9Y0V,140089,173202
2025-07-01,D9Y0V,150498,186418
2025-02-01,D9Y0V,133218,164373
2024-02-01,W2U3Z,136730,167836
2024-06-01,W2U3Z,135149,166314
2024-07-01,W2U3Z,149165,183761
2024-05-01,W2U3Z,144501,177529
2022-04-01,00T,26232,32033
2021-06-01,00T,27400,33467
2022-03-01,00T,28822,35053
2022-06-01,00T,26667,32514
2021-07-01,00T,26284,32091
2022-02-01,00T,24055,29354
2021-11-01,00T,26296,32137
2023-02-01,06H,75310,92435
2021-09-01,06H,79434,96933
2026-01-01,10Q,52964,65872
2026-06-01,10Q,52557,65750
2024-10-01,11M,63535,78193
2024-06-01,11M,59077,72646
2021-08-01,11M,54859,67054
2024-12-01,11M,62358,76823
2022-10-01,15A,31335,38265
2022-05-01,15A,31941,38994
2022-08-01,15A,31200,38146
2022-09-01,15A,31537,38564
2026-03-01,15A,31631,39456
2022-07-01,15A,30275,37034
2024-05-01,15E,98293,120682
2023-07-01,15E,94495,115818
2025-02-01,15E,89561,110333
2025-04-01,15E,95288,117664
2024-03-01,15E,93761,115064
2026-04-01,15E,96554,120986
2022-11-01,91Q,155135,190370
2023-01-01,91Q,155919,191181
2023-09-01,91Q,155354,190586
2023-05-01,93C,88263,108191
2023-08-01,93C,89582,109705
2023-06-01,93C,90568,110779
2023-10-01,93C,90956,111257
2023-03-01,93C,91965,112611
2023-04-01,93C,83392,102169
2025-12-01,99F,14835,18458
2024-09-01,99F,14081,17328
2026-05-01,99F,13495,16833
2025-07-01,99F,14853,18391
2022-12-01,99F,13937,17024
2025-08-01,99F,13804,17089
2024-07-01,99F,14696,18053
2025-11-01,99F,13376,16617
2024-01-01,99F,14903,18277
2023-11-01,99F,14150,17359
2023-12-01,99G,12891,15819
2022-01-01,A3A8R,127387,155451
2021-12-01,A3A8R,128358,156545
2021-10-01,A3A8R,123228,150559
2025-06-01,D9Y0V,141137,174764
2025-01-01,D9Y0V,148925,183526
2024-02-01,D9Y0V,136044,166646
2024-04-01,D9Y0V,142049,174243
2026-02-01,D9Y0V,132290,164581
2024-08-01,D9Y0V,143470,176576
2025-05-01,D9Y0V,146246,181155
2025-03-01,D9Y0V,142334,175853
2025-09-01,D9Y0V,146168,180882
2024-11-01,D9Y0V,143017,176240
2025-10-01,D9Y0V,148530,184358
2022-01-01,00T,26458,32271
2025-11-01,00T,26671,33125
2026-02-01,00T,26040,32377
2021-08-01,00T,26862,32789
2022-09-01,02T,22634,27585
2022-08-01,02T,21422,26119
2022-10-01,02T,21292,25952
2022-04-01,05G,22833,27802
2022-06-01,05G,23672,28853
2025-09-01,05V,14728,18173
2026-04-01,05V,14449,18054
2021-06-01,06H,79627,97194
2024-11-01,11M,61669,75967
2025-04-01,11M,60160,74144
2025-02-01,11M,56676,69766
2025-03-01,11M,59330,72994
2026-05-01,15A,31104,38763
2026-06-01,15A,31457,39219
2022-11-01,15A,31232,38216
2025-07-01,15E,102713,126800
2021-10-01,15E,87036,106016
2022-07-01,15E,89679,109146
2025-12-01,15E,101730,126399
2023-04-01,15E,88264,107911
2023-03-01,15E,98370,120106
2025-10-01,15E,100698,124762
2023-09-01,15E,93928,115071
2025-05-01,15E,98643,121959
2023-05-01,15E,95488,116741
2025-01-01,15E,101788,125084
2025-06-01,15E,95368,117545
2025-08-01,15E,92350,114262
2023-02-01,15E,85910,104973
2022-12-01,15E,92091,112447
2023-06-01,15E,95579,116895
2021-12-01,15E,92344,112575
2021-11-01,27D,75437,92188
2021-07-01,27D,75411,92043
2021-09-01,27D,74894,91391
2024-05-01,91Q,161699,198298
2024-03-01,91Q,153132,187683
2024-02-01,91Q,150423,184219
2023-01-01,93C,86704,106262
2024-01-01,93C,94703,116123
2023-12-01,93C,88597,108691
2024-04-01,93C,94730,116185
2024-12-01,99F,14665,18056
2024-08-01,99F,14164,17404
2023-07-01,99G,12917,15818
2022-03-01,A3A8R,134251,163188
2022-05-01,A3A8R,131967,160794
2022-02-01,A3A8R,117506,143218
2024-07-01,D9Y0V,148613,182440
2024-09-01,D9Y0V,140417,172697
2024-06-01,D9Y0V,137803,169377
2026-03-01,D9Y0V,143773,179220
2026-01-01,D9Y0V,143510,178461
2024-10-01,M2L0M,45213,55558
2023-10-01,W2U3Z,139491,170509
2023-11-01,W2U3Z,141184,173104
2023-08-01,W2U3Z,139335,170464
2021-10-01,00T,26231,31911
2022-03-01,05G,24200,29371
2021-09-01,05G,23016,27997
2022-07-01,05G,23096,28052
2022-12-01,05G,24436,29735
2025-11-01,05V,13998,17372
2025-12-01,05V,15562,19271
2026-03-01,10Q,53465,66610
2025-05-01,11M,61821,76070
2021-12-01,11X,58990,71851
2026-01-01,15A,32175,39906
2025-06-01,15A,31767,39134
2026-02-01,15A,29562,36720
2021-06-01,15A,30519,37243
2025-08-01,15A,30627,37829
2023-03-01,15A,32612,39789
2026-04-01,15A,30878,38561
2025-07-01,15A,33526,41376
2024-11-01,15C,65930,80875
2025-01-01,15C,68381,84012
2022-05-01,15E,93277,113553
2022-08-01,15E,92863,112938
2023-12-01,15E,94260,115531
2021-11-01,15E,89445,108988
2022-11-01,15E,94039,114593
2025-03-01,15E,96207,118279
2022-01-01,15E,89359,108828
2024-08-01,15E,95749,117536
2021-08-01,15E,85360,104057
2024-06-01,15E,91312,111932
2022-02-01,15E,83230,101298
2024-04-01,15E,96066,117822
2021-07-01,15E,87840,107148
2024-10-01,15E,100990,123886
2022-09-01,15E,93916,114168
2022-10-01,15E,89752,109388
2023-01-01,15E,95422,116670
2025-10-01,15N,119182,147300
2025-09-01,15N,115653,142662
2024-07-01,91Q,164678,201940
2024-01-01,91Q,161508,198025
2024-09-01,91Q,154279,189320
2023-11-01,93C,92010,112534
2025-02-01,99F,13210,16254
2023-09-01,99F,13894,17015
2025-04-01,99F,13977,17218
2023-10-01,99F,14343,17530
2024-02-01,99G,12642,15482
2023-08-01,99G,13162,16086
2022-04-01,A3A8R,124913,151956
2022-06-01,A3A8R,127629,155372
2023-02-01,D9Y0V,129636,158149
2023-06-01,D9Y0V,145309,177064
2024-03-01,D9Y0V,139753,171061
2023-04-01,D9Y0V,133225,162560
2023-07-01,D9Y0V,140202,171310
2023-05-01,D9Y0V,141894,173139
2026-05-01,D9Y0V,137854,171785
2026-06-01,D9Y0V,142786,177939
2024-05-01,D9Y0V,147748,180992
2024-12-01,M2L0M,44931,55266
2026-05-01,00T,26857,33433
2021-12-01,00T,27947,34037
2026-03-01,00T,28457,35424
2025-01-01,01A,43728,53721
2025-02-01,01A,38551,47310
2024-11-01,01A,40891,50151
2024-10-01,01A,44683,54756
2024-08-01,01A,41360,50709
2022-07-01,02T,21721,26346
2021-11-01,05G,23106,28112
2021-07-01,05G,23276,28253
2022-05-01,05G,23438,28517
2022-09-01,05G,24218,29438
2022-10-01,05G,23313,28362
2022-01-01,05G,22909,27868
2022-02-01,05G,21273,25869
2023-06-01,05G,25840,31443
2026-01-01,05V,14925,18501
2025-07-01,05V,15699,19343
2025-10-01,11M,63975,79029
2021-08-01,11X,52225,63461
2022-11-01,11X,55711,67621
2021-10-01,11X,52219,63270
2021-06-01,11X,54917,66733
2025-11-01,15A,30360,37662
2023-05-01,15A,32355,39403
2025-04-01,15A,30730,37846
2025-12-01,15A,33919,41994
2024-12-01,15A,32182,39479
2023-02-01,15A,29479,35949
2024-09-01,15A,31959,39212
2023-04-01,15A,30756,37522
2025-06-01,15C,63660,78352
2022-12-01,15C,66168,80377
2024-03-01,15C,64309,78595
2022-04-01,15E,86607,105283
2022-06-01,15E,89500,108637
2021-09-01,15E,89600,108954
2023-08-01,15E,96054,117330
2024-07-01,15E,101593,124560
2024-02-01,15E,91261,111739
2022-03-01,15E,95189,115350
2025-08-01,15N,111637,137606
2026-02-01,15N,105456,130796
2026-06-01,15N,113803,141784
2025-03-01,15N,114344,140411
2024-04-01,91Q,158179,193495
2023-12-01,99F,13884,17005
2025-09-01,99F,14297,17625
2022-08-01,A3A8R,131182,159408
2023-10-01,D9Y0V,142175,173671
2024-01-01,D9Y0V,147252,180289
2023-11-01,D9Y0V,143316,175182
2023-09-01,D9Y0V,140951,172269
2026-04-01,D9Y0V,140460,175360
2023-01-01,D9Y0V,143504,174062
2023-03-01,D9Y0V,148405,180820
2024-05-01,M2L0M,44599,54578
2024-06-01,M2L0M,41689,51048
2025-05-01,M2L0M,44861,55111
2023-07-01,W2U3Z,138298,168885
2026-04-01,00T,27806,34595
2024-12-01,01A,42929,52651
2025-03-01,01A,41857,51310
2025-08-01,01A,40242,49532
2025-06-01,01A,41519,51082
2023-03-01,05G,25266,30621
2021-12-01,05G,24880,30156
2021-08-01,05G,22297,27089
2021-06-01,05G,23317,28297
2021-10-01,05G,23046,27895
2023-02-01,05G,22062,26797
2026-02-01,05V,13638,16910
2026-06-01,05V,14267,17762
2026-01-01,06N,42478,52597
2025-01-01,11M,63746,78288
2022-12-01,11X,55474,67355
2022-06-01,11X,53849,65195
2022-05-01,11X,55352,67272
2021-07-01,11X,55333,67105
2021-09-01,11X,55473,67217
2022-02-01,11X,49740,60355
2022-03-01,11X,57736,69928
2022-04-01,11X,53675,65116
2022-01-01,11X,54269,65857
2021-11-01,11X,54656,66338
2022-08-01,11X,56398,68515
2024-07-01,15A,33273,40794
2023-09-01,15A,31247,38103
2024-05-01,15A,33234,40667
2025-10-01,15A,33182,40979
2025-04-01,15C,64111,78895
2024-09-01,15E,94619,115814
2025-12-01,15N,121141,149882
2026-05-01,15N,110134,137093
2025-02-01,15N,106312,130440
2026-03-01,15N,115598,143719
2025-07-01,15N,120720,148511
2025-05-01,15N,118801,145865
2025-11-01,15N,109649,135694
2023-04-01,78H,69784,84922
2023-05-01,78H,76017,92329
2023-07-01,78H,76037,92846
2024-10-01,91Q,162749,199432
2024-11-01,93C,98184,120247
2024-03-01,93C,91218,111420
2024-06-01,93C,91961,112591
2024-02-01,93C,89128,109121
2024-04-01,99G,13019,15886
2023-10-01,99G,13243,16148
2023-11-01,99G,12891,15731
2023-01-01,A3A8R,136548,165475
2022-07-01,A3A8R,128371,155685
2022-09-01,A3A8R,134259,162769
2022-10-01,A3A8R,132586,160755
2023-08-01,D9Y0V,142889,174321
2023-12-01,D9Y0V,143822,176020
2022-11-01,D9Y0V,142292,172432
2024-01-01,M2L0M,44574,54308
2023-06-01,M2L0M,44624,54203
2024-08-01,M2L0M,44593,54672
2025-09-01,M2L0M,44703,55066
2024-01-01,01A,42293,51479
2022-06-01,02T,20644,24985
2022-05-01,02T,22189,26872
2022-08-01,05G,24057,29201
2022-11-01,05G,24209,29318
2023-04-01,05G,22516,27354
2022-12-01,05V,14761,17917
2025-10-01,05V,15416,19032
2021-07-01,06N,42218,50959
2025-12-01,06N,44977,55575
2026-02-01,06N,40383,50054
2022-01-01,06N,41866,50665
2021-06-01,06N,41725,50372
2022-03-01,06N,44164,53356
2025-11-01,11M,58406,72213
2025-07-01,11M,62939,77415
2023-01-01,11X,56942,68896
2022-09-01,11X,55158,66709
2022-07-01,11X,54689,66215
2022-10-01,11X,55798,67649
2024-02-01,15A,30739,37586
2024-11-01,15A,31873,39024
2025-09-01,15A,32341,39800
2025-05-01,15A,33490,41104
2025-02-01,15C,59995,73593
2025-08-01,15C,61854,76075
2025-03-01,15C,64774,79357
2022-02-01,15C,62962,76102
2023-11-01,15C,67088,81700
2021-09-01,15N,112250,135225
2025-06-01,15N,113345,139411
2025-04-01,15N,113916,139987
2026-04-01,15N,110905,137971
2023-06-01,78H,78003,94725
2024-08-01,91Q,158355,193982
2024-06-01,91Q,151924,185723
2024-12-01,91Q,161709,198330
2024-05-01,93C,97214,118952
2024-07-01,93C,101046,123753
2024-09-01,93C,94529,115646
2024-10-01,99F,14675,17977
2023-02-01,A3A8R,125645,152205
2021-11-01,D9Y0V,135224,163265
2021-08-01,D9Y0V,132824,160257
2021-10-01,D9Y0V,132078,159368
2021-12-01,D9Y0V,148236,178737
2022-04-01,D9Y0V,135985,164236
2023-08-01,M2L0M,44356,54079
2026-05-01,M2L0M,41525,51683
2024-04-01,M2L0M,44788,54649
2024-03-01,M2L0M,42500,51872
2026-01-01,M2L0M,43694,54102
2023-10-01,M2L0M,43340,52796
2026-03-01,M2L0M,43458,54007
2023-09-01,M2L0M,43069,52510
2023-07-01,M2L0M,42858,52154
2023-12-01,M2L0M,43998,53677
2025-01-01,M2L0M,45098,55318
2026-06-01,M2L0M,43634,54292
2023-05-01,W2U3Z,138031,167600
2023-03-01,W2U3Z,143698,173948
2025-07-01,01A,44926,55239
2024-09-01,01A,41029,50194
2024-06-01,01A,39656,48437
2024-04-01,01A,41621,50783
2024-07-01,01A,43709,53469
2025-05-01,01A,42892,52634
2026-04-01,01G,27910,34632
2026-05-01,01G,26704,33166
2026-03-01,01G,29147,36107
2023-10-01,05G,26031,31632
2023-08-01,05G,25729,31244
2023-01-01,05G,23998,29012
2025-01-01,05V,15396,18864
2024-11-01,05V,14596,17865
2024-12-01,05V,14896,18264
2021-11-01,06N,41938,50590
2023-03-01,06N,45018,54472
2021-12-01,06N,43592,52537
2023-05-01,06N,43094,52192
2022-07-01,06N,41600,50272
2022-05-01,06N,43215,52269
2026-02-01,11M,57089,70546
2025-12-01,11M,65013,80312
2025-08-01,11M,59904,73658
2025-06-01,11M,61112,75077
2022-12-01,15A,32770,39769
2023-12-01,15A,32300,39345
2024-08-01,15A,32661,39983
2023-07-01,15A,31894,38731
2021-09-01,15C,68546,82494
2025-09-01,15C,65862,80999
2022-08-01,15C,67954,82194
2022-04-01,15C,64962,78407
2025-11-01,15C,61081,75378
2021-10-01,15C,64916,78224
2026-06-01,15C,63529,79025
2023-02-01,15C,62523,75696
2022-02-01,15N,103253,124441
2021-06-01,15N,113359,136753
2022-03-01,15N,117866,142179
2021-08-01,15N,108772,131081
2021-07-01,15N,112664,135665
2022-01-01,15N,111200,134021
2026-01-01,15N,116591,144325
2024-01-01,15N,119770,145783
2025-02-01,91Q,146746,179924
2024-10-01,93C,102324,125226
2024-05-01,99F,14777,18063
2024-03-01,99G,12682,15478
2023-09-01,99G,12986,15818
2022-11-01,A3A8R,132763,160587
2022-09-01,D9Y0V,140394,169790
2022-06-01,D9Y0V,136739,165173
2022-10-01,D9Y0V,138726,167712
2025-03-01,M2L0M,43387,53147
2023-11-01,M2L0M,44668,54395
2023-04-01,M2L0M,41468,50371
2025-04-01,M2L0M,43626,53572
2024-02-01,M2L0M,42169,51490
2025-10-01,M2L0M,45634,56259
2023-06-01,W2U3Z,138674,168395
2026-06-01,00T,28536,35489
2021-06-01,01A,39801,47992
2023-12-01,01A,40971,49871
2025-10-01,01A,43872,54004
2023-09-01,01A,40369,49004
2025-04-01,01A,42921,52676
2024-03-01,01A,40183,49014
2023-01-01,01A,40225,48606
2022-11-01,01A,40781,49244
2024-05-01,05G,26250,32062
2024-04-01,05G,26057,31781
2024-09-01,05G,25417,31081
2024-10-01,05G,26667,32627
2025-02-01,05V,13937,17076
2026-03-01,05V,14873,18412
2025-05-01,05V,15435,18925
2021-08-01,06N,40511,48799
2023-07-01,06N,43249,52517
2021-10-01,06N,40681,48897
2022-09-01,06N,42346,51130
2026-05-01,11M,60034,74465
2025-09-01,11M,63244,77709
2026-01-01,11M,62934,77726
2023-02-01,11X,51648,62466
2023-08-01,15A,32334,39252
2023-06-01,15A,32938,39958
2023-11-01,15A,32716,39823
2024-06-01,15A,30982,37834
2021-12-01,15C,71526,86194
2024-12-01,15C,67077,82225
2023-04-01,15C,62679,75986
2024-07-01,15C,68419,83676
2022-03-01,15C,71354,85985
2022-05-01,15C,69990,84465
2023-05-01,15C,66005,79876
2023-10-01,15C,67560,82025
2022-06-01,15C,66000,79624
2024-11-01,15E,95615,117021
2021-11-01,15N,114394,137866
2022-10-01,15N,112425,135584
2024-02-01,15N,111868,136423
2022-04-01,15N,110356,133169
2023-03-01,78H,79633,96336
2025-03-01,91Q,156751,191816
2025-06-01,91Q,155860,191105
2025-01-01,91Q,164588,201637
2025-07-01,91Q,165568,203363
2024-08-01,93C,95899,117294
2024-01-01,99G,13539,16468
2021-07-01,D9Y0V,138684,166822
2022-07-01,D9Y0V,136918,165299
2021-09-01,D9Y0V,139705,168092
2022-02-01,D9Y0V,129291,155819
2022-01-01,D9Y0V,135937,163689
2022-12-01,D9Y0V,143006,173518
2022-08-01,D9Y0V,140011,169327
2026-02-01,M2L0M,40301,49800
2025-08-01,M2L0M,42742,52515
2025-12-01,M2L0M,46313,57197
2025-11-01,M2L0M,41882,51624
2026-04-01,M2L0M,42915,53232
2023-07-01,01A,40565,49143
2022-01-01,01A,39232,47208
2021-09-01,01A,40074,48205
2026-05-01,01A,40943,50702
2023-08-01,01A,42064,50983
2023-11-01,01A,41518,50535
2023-06-01,01A,42267,51248
2026-02-01,01A,38666,47732
2022-06-01,01A,39997,48219
2022-09-01,01A,40841,49278
2021-07-01,01A,39756,47794
2026-01-01,01G,28857,35586
2025-12-01,01G,29514,36447
2026-06-01,01G,28793,35739
2022-04-01,02T,21114,25472
2022-03-01,02T,22317,26884
2025-03-01,05G,25668,31408
2023-12-01,05G,25655,31219
2023-09-01,05G,24943,30249
2024-03-01,05G,25012,30494
2024-02-01,05G,24468,29819
2024-09-01,05V,14274,17445
2025-04-01,05V,14479,17739
2024-06-01,05V,13949,17028
2026-04-01,06L,41485,51339
2025-11-01,06N,41241,50792
2022-02-01,06N,39142,47173
2023-01-01,06N,42880,51806
2022-08-01,06N,42694,51552
2026-03-01,11M,62332,77125
2023-04-01,11X,53362,64634
2024-04-01,15A,32697,39781
2023-10-01,15A,32874,39893
2024-10-01,15A,33180,40548
2022-07-01,15C,66117,79695
2024-08-01,15C,65856,80426
2025-07-01,15C,67824,83305
2021-08-01,15C,66247,79742
2024-01-01,15C,67816,82406
2025-10-01,15C,67196,82635
2025-05-01,15C,66421,81402
2024-05-01,15C,67440,82292
2022-10-01,15C,67794,81609
2021-11-01,15C,70106,84477
2024-12-01,15E,97698,119722
2021-12-01,15N,119737,144075
2021-10-01,15N,108739,130584
2025-01-01,15N,120008,146933
2023-02-01,15N,107451,129945
2025-08-01,91Q,152668,187257
2025-09-01,91Q,159039,195266
2024-11-01,91Q,156951,192061
2025-06-01,93C,99470,121905
2023-03-01,A3A8R,140994,170541
2022-12-01,A3A8R,131795,159854
2023-05-01,A3A8R,138286,167269
2021-06-01,D9Y0V,138962,167454
2022-05-01,D9Y0V,141745,170963
2024-07-01,M2L0M,45862,56010
2022-11-01,M2L0M,42661,51454
2025-02-01,M2L0M,41415,50696
2022-10-01,01A,39609,47659
2021-12-01,01A,41592,49991
2024-02-01,01A,40272,48980
2026-03-01,01A,42146,52143
2026-01-01,01A,41724,51445
2022-08-01,01A,40960,49385
2025-09-01,01A,44108,54095
2022-02-01,01A,37021,44587
2021-08-01,01A,37603,45227
2024-05-01,01A,43393,52928
2021-11-01,01A,39232,47153
2025-11-01,01A,40321,49646
2025-10-01,01G,29544,36258
2021-10-01,02T,21096,25308
2024-12-01,05G,26611,32571
2024-06-01,05G,24808,30228
2024-11-01,05G,25508,31208
2024-01-01,05G,26459,32136
2024-07-01,05G,26952,32879
2025-06-01,05V,14594,17869
2022-09-01,05V,14504,17488
2023-11-01,05V,14759,17950
2024-08-01,05V,14851,18107
2025-08-01,05V,14547,17839
2025-03-01,05V,14496,17728
2026-05-01,05V,14346,17764
2026-06-01,06L,42081,52193
2022-06-01,06N,41988,50564
2023-08-01,06N,43668,52913
2022-04-01,06N,40610,48938
2021-09-01,06N,42232,50782
2026-04-01,11M,60169,74461
2023-03-01,11X,59246,71620
2023-05-01,11X,56549,68390
2025-01-01,15A,33899,41387
2024-03-01,15A,31559,38451
2026-02-01,15C,59182,73050
2021-06-01,15C,69877,84037
2024-10-01,15C,67987,83042
2022-01-01,15C,67838,81555
2024-04-01,15C,66363,80715
2021-07-01,15C,69217,83209
2023-06-01,15C,68577,82938
2024-09-01,15C,63987,78184
2022-11-01,15C,67965,81956
2025-12-01,15C,67541,83249
2023-12-01,15N,116505,141615
2023-10-01,15N,115938,140567
2023-09-01,15N,113087,137085
2022-07-01,15N,111870,134676
2022-05-01,15N,114910,138513
2022-12-01,78H,75142,91101
2025-05-01,91Q,162663,199212
2025-04-01,91Q,155998,191038
2025-02-01,93C,91718,112265
2023-07-01,A3A8R,138471,167752
2022-03-01,D9Y0V,145671,175359
2025-07-01,M2L0M,46326,56866
2023-01-01,W2U3Z,139120,167804
2023-04-01,W2U3Z,129412,156710
2023-02-01,W2U3Z,126853,153364
2021-10-01,01A,38973,46740
2022-04-01,01A,39187,47018
2023-02-01,01A,37134,44880
2023-03-01,01A,43541,52629
2023-10-01,01A,40999,49660
2022-07-01,01A,39678,47691
2022-03-01,01A,41695,50061
2022-05-01,01A,40335,48589
2026-02-01,01G,26217,32295
2025-08-01,02M,24452,29929
2025-09-01,02M,24969,30619
2025-11-01,02M,23496,28875
2021-11-01,02T,21836,26199
2022-02-01,02T,20042,24086
2021-12-01,02T,21920,26277
2022-01-01,02T,21466,25776
2025-05-01,05G,26463,32373
2025-07-01,05G,27340,33504
2024-08-01,05G,26138,31851
2025-04-01,05G,25634,31371
2023-05-01,05G,25267,30534
2024-02-01,05V,13787,16750
2024-10-01,05V,15537,18965
2024-05-01,05V,15264,18605
2026-05-01,06L,40285,49878
2024-01-01,06N,45044,54680
2022-12-01,06N,42915,51889
2022-10-01,06N,41897,50412
2022-11-01,06N,43404,52328
2026-06-01,11M,62105,76943
2025-03-01,15A,32326,39477
2025-02-01,15A,29851,36535
2024-06-01,15C,64102,78013
2023-12-01,15C,66504,80832
2026-01-01,15C,64744,79783
2023-07-01,15C,66450,80408
2026-04-01,15C,62112,76646
2026-03-01,15C,64726,80046
2023-08-01,15C,68615,83128
2024-03-01,15N,114690,139543
2022-08-01,15N,114253,137746
2024-07-01,15N,119907,146145
2022-06-01,15N,111234,133928
2024-11-01,15N,115221,140939
2023-04-01,15N,109930,133094
2024-04-01,15N,116617,141767
2022-09-01,15N,113492,136654
2023-11-01,15N,117547,142933
2025-12-01,91Q,167327,205833
2025-01-01,93C,104633,127682
2025-10-01,93C,105957,129990
2024-12-01,93C,97604,119328
2023-06-01,A3A8R,138755,167760
2023-09-01,A3A8R,138094,167358
2023-01-01,B2M3M,85207,102738
2025-06-01,M2L0M,43717,53468
2024-09-01,M2L0M,42985,52505
2021-09-01,M2L0M,42595,50972
2021-07-01,M2L0M,42521,50836
2021-08-01,M2L0M,40872,48973
2021-06-01,M2L0M,42289,50481
2025-12-01,01A,44259,54435
2023-05-01,01A,41265,49840
2026-06-01,01A,41820,51743
2026-04-01,01A,42364,52276
2023-04-01,01A,38719,46870
2025-07-01,02M,26306,32211
2026-03-01,02M,24972,30783
2021-09-01,02T,22422,26811
2021-08-01,02T,21316,25494
2025-02-01,05G,23999,29355
2025-01-01,05G,27104,33029
2023-11-01,05G,25715,31208
2025-06-01,05G,25884,31622
2022-11-01,05V,14324,17261
2022-10-01,05V,14084,16946
2022-05-01,05V,14481,17411
2024-04-01,05V,15071,18284
2022-07-01,05V,14096,16932
2024-07-01,05V,15332,18668
2026-02-01,06L,39034,48050
2025-09-01,06N,44151,54078
2024-03-01,06N,42601,51812
2023-02-01,06N,40287,48683
2023-12-01,06N,43073,52351
2025-03-01,11X,55430,67669
2024-01-01,15A,32870,39887
2022-09-01,15C,66780,80384
2024-02-01,15C,63210,76779
2026-05-01,15C,61709,76329
2023-09-01,15C,65855,79690
2023-01-01,15N,116441,140319
2023-03-01,15N,123249,148734
2023-07-01,15N,115320,139403
2024-09-01,15N,114117,139006
2024-06-01,15N,112665,136852
2024-10-01,15N,120946,147378
2024-12-01,15N,119255,145676
2024-05-01,15N,119557,145509
2024-08-01,15N,116802,142242
2023-06-01,15N,117970,142607
2023-08-01,15N,117876,142770
2022-08-01,78H,76098,91256
2026-01-01,91Q,158362,194677
2025-10-01,91Q,164609,201938
2025-11-01,91Q,149713,183964
2025-08-01,93C,96760,118278
2025-05-01,93C,101187,123707
2025-04-01,93C,99541,121797
2021-07-01,99A,51900,61888
2021-11-01,99A,51533,61677
2023-10-01,A3A8R,141911,171853
2022-12-01,B2M3M,85888,103814
2021-06-01,B2M3M,83458,99459
2022-02-01,M2L0M,39290,46952
2022-06-01,M2L0M,41755,50163
2022-04-01,M2L0M,40834,48848
2024-11-01,M2L0M,43442,53125
2021-12-01,M2L0M,45019,53925
2022-03-01,M2L0M,44852,53559
2021-10-01,M2L0M,40930,48916
2022-01-01,M2L0M,42062,50150
2025-11-01,01G,26435,32476
2025-06-01,01G,28196,34407
2025-05-01,02M,25379,31025
2026-01-01,02M,24846,30531
2026-05-01,02M,23617,29147
2024-07-01,02M,25184,30587
2024-12-01,02M,25924,31564
2026-02-01,02M,22229,27334
2025-12-01,02M,25791,31654
2021-07-01,02T,21398,25512
2023-07-01,05G,25414,30720
2025-08-01,05G,25523,31170
2021-08-01,05V,13651,16317
2022-01-01,05V,14092,16794
2022-03-01,05V,15132,18062
2023-06-01,05V,15329,18526
2024-01-01,05V,14957,18138
2021-11-01,05V,14100,16847
2026-03-01,06L,42331,52180
2024-02-01,06N,42013,50913
2023-09-01,06N,42737,51675
2025-10-01,06N,44849,55007
2024-05-01,06T,41659,50591
2024-11-01,06T,41033,49922
2024-08-01,06T,41533,50422
2024-10-01,06T,42064,51101
2022-04-01,06T,37738,45127
2022-10-01,06T,38489,46232
2024-06-01,06T,39267,47695
2025-04-01,06T,39620,48423
2025-02-01,11X,51777,63026
2025-01-01,11X,58061,70724
2023-10-01,11X,55873,67648
2024-09-01,11X,55028,66729
2022-11-01,15N,116316,140028
2026-06-01,36L,101295,125055
2026-04-01,36L,101756,125399
2022-06-01,78H,73230,87753
2022-07-01,78H,72186,86669
2025-07-01,93C,105456,128952
2025-09-01,93C,103623,126840
2025-03-01,93C,97754,119310
2022-02-01,99A,47450,56656
2023-05-01,99A,51782,62511
2021-10-01,99A,49945,59556
2021-06-01,99A,51819,61707
2021-12-01,99A,53881,64301
2024-03-01,99A,51931,62918
2023-12-01,A3A8R,138721,168425
2023-08-01,A3A8R,139173,168534
2024-04-01,A3A8R,144944,175538
2023-11-01,A3A8R,142074,172421
2023-04-01,A3A8R,128192,154884
2021-09-01,B2M3M,83294,99379
2022-09-01,M2L0M,42902,51566
2023-02-01,M2L0M,40179,48513
2022-08-01,M2L0M,43626,52284
2022-05-01,M2L0M,44138,52891
2022-12-01,M2L0M,45791,55328
2023-01-01,M2L0M,43814,52762
2023-03-01,M2L0M,45610,55040
2025-01-01,01G,29818,36264
2025-02-01,01G,26590,32347
2025-09-01,01G,28956,35413
2024-09-01,01G,27829,33744
2025-10-01,02M,25541,31324
2025-03-01,02M,24092,29395
2023-08-01,05V,14627,17675
2021-06-01,05V,14398,17144
2022-06-01,05V,14139,16916
2023-10-01,05V,14606,17670
2021-12-01,05V,15105,18012
2023-12-01,05V,14902,18033
2023-05-01,06L,41421,49961
2022-02-01,06L,36906,43979
2025-12-01,06L,44967,55149
2026-01-01,06L,42722,52432
2022-04-01,06L,39393,47102
2024-10-01,06N,45204,54867
2023-04-01,06N,40161,48440
2024-04-01,06N,43727,52932
2024-05-01,06N,44280,53670
2023-06-01,06N,42886,51806
2025-06-01,06N,42898,52313
2022-05-01,06T,38526,46095
2024-07-01,06T,42019,50947
2021-09-01,06T,38170,45428
2024-03-01,11X,54792,66342
2024-08-01,11X,56776,68917
2023-09-01,11X,56747,68583
2025-07-01,11X,59009,72131
2024-12-01,11X,57698,70113
2024-02-01,11X,54084,65534
2025-08-01,11X,53903,65827
2023-07-01,11X,55390,66936
2023-11-01,11X,56971,68889
2025-05-01,11X,57083,69724
2023-03-01,15C,72047,86809
2022-12-01,15N,115656,139625
2023-01-01,78H,75883,91366
2023-02-01,78H,70176,84640
2022-09-01,78H,75508,90595
2022-11-01,78H,76549,92020
2026-05-01,91Q,151747,187171
2026-06-01,91Q,158301,194972
2026-02-01,91Q,145017,178282
2026-04-01,91Q,155367,191373
2026-03-01,91Q,159297,196112
2025-11-01,93C,99175,121372
2024-11-01,99A,52164,63392
2022-08-01,99A,52936,63412
2022-03-01,99A,54304,64807
2025-04-01,99A,52632,64203
2022-01-01,99A,50660,60322
2024-01-01,A3A8R,146762,177726
2024-06-01,A3A8R,138750,168264
2021-10-01,B2M3M,79515,94723
2021-07-01,B2M3M,82464,98253
2021-08-01,B2M3M,79576,94928
2022-10-01,M2L0M,43443,52148
2021-11-01,M2L0M,41761,49882
2022-07-01,M2L0M,42688,51165
2024-12-01,01G,29101,35353
2025-07-01,01G,30191,36851
2021-06-01,01G,28198,33527
2024-11-01,02M,24445,29697
2026-06-01,02M,24465,30086
2025-01-01,02M,25623,31161
2024-09-01,02M,23973,29064
2026-04-01,02M,24059,29627
2026-02-01,05G,23748,29158
2026-03-01,05G,25954,31924
2025-10-01,05G,27174,33197
2025-12-01,05G,27386,33574
2023-04-01,05V,13619,16425
2021-07-01,05V,14305,17006
2022-08-01,05V,14438,17270
2023-09-01,05V,14811,17873
2024-03-01,05V,14024,16975
2023-03-01,05V,15333,18440
2023-07-01,06L,40712,49195
2023-11-01,06N,43718,52838
2023-10-01,06N,43383,52427
2025-03-01,06T,40498,49227
2021-10-01,06T,36209,43032
2022-02-01,06T,35193,41934
2022-09-01,06T,39205,46937
2022-07-01,06T,37711,45064
2021-11-01,06T,36993,44157
2025-09-01,06T,41700,50924
2023-02-01,06T,36475,43848
2024-07-01,11X,58108,70401
2025-06-01,11X,55009,67057
2024-01-01,11X,57299,69266
2024-05-01,11X,57516,69712
2023-12-01,11X,56732,68626
2023-06-01,11X,57250,69149
2024-04-01,11X,57258,69287
2024-10-01,11X,58346,70776
2025-04-01,11X,54740,66766
2023-01-01,15C,68221,82088
2023-05-01,15N,115223,138951
2026-05-01,36L,97256,119925
2022-10-01,78H,73134,87759
2022-05-01,78H,75617,90309
2022-01-01,78H,72986,86888
2022-03-01,78H,78688,93751
2022-04-01,99A,50689,60566
2024-08-01,99A,53091,64418
2024-06-01,99A,50524,61262
2022-06-01,99A,51644,61780
2021-09-01,99A,51707,61488
2025-05-01,99A,53236,64893
2021-08-01,99A,49650,59197
2023-08-01,99A,53610,64768
2025-08-01,99A,50716,61909
2025-02-01,99A,48852,59385
2025-11-01,99A,50125,61277
2026-01-01,99A,52126,63845
2024-02-01,A3A8R,137482,166423
2021-12-01,B2M3M,87860,104676
2022-12-01,W2U3Z,137850,166359
2022-11-01,W2U3Z,139122,166946
2022-12-01,01A,41371,49852
2025-05-01,01G,29275,35657
2025-04-01,01G,28389,34610
2025-03-01,01G,28271,34358
2025-02-01,02M,22917,27839
2024-08-01,02M,25238,30595
2025-06-01,02M,24242,29547
2021-06-01,02T,22538,26767
2026-05-01,05G,25153,31005
2026-04-01,05G,25594,31483
2023-02-01,05V,13505,16230
2021-10-01,05V,13725,16305
2023-01-01,05V,14668,17606
2021-09-01,05V,14524,17244
2022-08-01,06L,40328,48175
2023-04-01,06L,38465,46374
2021-11-01,06L,39242,46644
2023-11-01,06L,41407,50013
2023-03-01,06L,43537,52301
2023-06-01,06L,41797,50462
2026-02-01,06Q,35519,43572
2022-01-01,06T,37622,44779
2025-08-01,06T,40105,48915
2026-01-01,06T,41405,50700
2021-08-01,06T,36198,43043
2025-07-01,06T,42582,51964
2022-06-01,06T,38902,46458
2021-07-01,06T,38045,45214
2024-12-01,06T,41828,50808
2022-03-01,06T,39341,46868
2023-08-01,11X,57151,68924
2025-11-01,11X,52473,64147
2025-09-01,11X,56698,69233
2024-06-01,11X,54105,65571
2024-11-01,11X,56053,68085
2025-10-01,11X,57741,70509
2025-12-01,11X,59246,72505
2026-03-01,36L,101413,124613
2022-04-01,78H,72418,86526
2021-12-01,78H,78777,93770
2024-01-01,99A,53458,64617
2024-05-01,99A,54687,66273
2024-04-01,99A,53328,64478
2022-07-01,99A,50658,60515
2022-11-01,99A,52455,62842
2022-05-01,99A,51995,62040
2024-09-01,99A,51600,62520
2023-09-01,99A,52023,62772
2023-12-01,99A,52896,63918
2022-09-01,99A,52306,62494
2024-10-01,99A,55567,67352
2022-10-01,99A,51611,61903
2023-10-01,99A,52965,63893
2025-01-01,99A,54195,65841
2024-07-01,99A,55601,67359
2024-02-01,99A,50855,61499
2023-07-01,99A,51680,62283
2024-03-01,A3A8R,138781,167755
2022-02-01,B2M3M,77414,92223
2026-06-01,B2M3M,89293,109736
2023-05-01,M2L0M,44271,53378
2021-07-01,01G,27750,32916
2024-03-01,01G,27576,33301
2024-11-01,01G,28233,34240
2023-04-01,02M,23053,27685
2024-10-01,02M,25818,31281
2025-09-01,05G,26265,32071
2025-11-01,05G,24908,30422
2023-07-01,05V,14363,17289
2022-02-01,05V,13010,15496
2025-02-01,06L,39121,47465
2021-10-01,06L,38324,45501
2023-12-01,06L,41931,50668
2024-02-01,06L,39099,47218
2022-07-01,06L,40025,47715
2023-08-01,06L,41661,50239
2022-06-01,06L,40112,47888
2023-10-01,06L,41627,50095
2022-11-01,06L,40714,48739
2021-12-01,06L,41843,49750
2023-09-01,06L,40785,49207
2025-04-01,06N,43623,53147
2024-08-01,06N,43631,52820
2025-03-01,06N,42077,51120
2024-06-01,06N,42739,51775
2025-05-01,06N,44312,53894
2025-08-01,06N,41605,50740
2021-08-01,06Q,36329,43127
2023-11-01,06T,40553,48902
2023-03-01,06T,41447,49785
2025-06-01,06T,40126,48894
2024-04-01,06T,41269,49884
2025-01-01,06T,42751,51832
2023-05-01,06T,39595,47601
2024-01-01,06T,41018,49533
2025-10-01,06T,42566,51962
2021-06-01,06T,37609,44657
2024-09-01,06T,40392,48925
2021-09-01,36L,95190,112993
2026-02-01,36L,94172,115507
2026-01-01,93C,103908,127226
2025-12-01,99A,55983,68499
2022-12-01,99A,53118,63916
2023-01-01,99A,52545,62993
2025-07-01,99A,55451,67569
2023-06-01,99A,53912,65008
2026-06-01,99A,51967,63847
2026-03-01,99A,52952,64961
2024-12-01,99A,54775,66514
2026-05-01,99A,49552,60870
2024-07-01,A3A8R,149960,181671
2024-05-01,A3A8R,147030,177986
2022-04-01,B2M3M,81761,97455
2026-04-01,B2M3M,87712,107631
2021-11-01,B2M3M,84176,100005
2023-02-01,B2M3M,79286,95088
2022-05-01,B2M3M,85184,101555
2022-01-01,B2M3M,81203,96618
2022-03-01,B2M3M,87061,103569
2022-10-01,W2U3Z,137068,164084
2022-09-01,W2U3Z,138659,165504
2022-08-01,W2U3Z,137049,163589
2021-12-01,01G,28867,34312
2025-08-01,01G,27639,33690
2024-02-01,01G,27283,32933
2024-07-01,01G,29787,35998
2022-01-01,01G,26755,31826
2024-06-01,01G,27427,33208
2023-06-01,02M,24307,29196
2021-06-01,02M,23826,28285
2025-04-01,02M,24819,30232
2021-08-01,02M,22771,27022
2025-05-01,06L,43703,53128
2023-01-01,06L,41680,49900
2024-11-01,06L,41794,50639
2024-04-01,06L,42050,50783
2025-07-01,06L,44529,54219
2025-03-01,06L,42323,51335
2022-09-01,06L,40534,48366
2024-12-01,06L,43289,52565
2024-01-01,06L,42905,51744
2022-03-01,06L,41422,49206
2024-05-01,06L,42626,51447
2022-12-01,06L,41251,49529
2022-05-01,06L,40262,47858
2025-01-01,06L,43960,53260
2022-10-01,06L,39958,47803
2022-04-01,06Q,36080,42918
2021-09-01,06Q,38023,45123
2026-04-01,06T,40689,49916
2026-03-01,06T,41661,51073
2023-12-01,06T,40900,49386
2023-08-01,06T,40597,48709
2024-03-01,06T,40025,48325
2025-02-01,06T,38309,46449
2023-10-01,06T,40311,48446
2022-08-01,06T,38732,46224
2022-11-01,06T,39551,47344
2023-07-01,06T,39891,47861
2023-09-01,06T,39646,47722
2026-06-01,11X,55534,68211
2026-05-01,11X,53947,66266
2021-07-01,36L,96300,114207
2021-10-01,36L,92140,109302
2021-11-01,78H,75379,89500
2022-02-01,78H,68153,81131
2025-12-01,93C,106301,130031
2026-02-01,93C,96773,118626
2023-04-01,99A,49960,59945
2025-09-01,99A,54100,65944
2025-06-01,99A,52769,64129
2023-11-01,99A,53293,64208
2023-02-01,99A,48566,58230
2025-10-01,99A,54172,66031
2024-08-01,A3A8R,146174,176952
2024-09-01,A3A8R,142427,172461
2024-10-01,A3A8R,151707,183753
2023-03-01,B2M3M,90708,108761
2022-07-01,B2M3M,81381,96832
2025-11-01,B2M3M,84668,103398
2026-01-01,B2M3M,89547,109613
2023-05-01,B2M3M,88316,106097
2022-06-01,B2M3M,82051,97940
2023-12-01,01G,28153,33993
2024-08-01,01G,28480,34440
2024-10-01,01G,29810,36039
2022-03-01,01G,28515,33857
2024-04-01,01G,28804,34751
2021-08-01,01G,26957,31957
2023-11-01,01G,28467,34213
2024-01-01,01G,29318,35279
2022-02-01,01G,25510,30283
2021-10-01,01G,27082,32120
2022-06-01,02M,22606,26936
2024-05-01,02M,25619,30895
2023-10-01,02M,24264,29140
2023-07-01,02M,23936,28651
2023-05-01,02M,24137,28934
2026-01-01,05G,26283,32158
2026-06-01,05G,26217,32197
2022-04-01,05V,13930,16569
2021-07-01,06L,40182,47544
2025-06-01,06L,41918,50910
2025-11-01,06L,40047,48901
2022-01-01,06L,40182,47791
2024-06-01,06L,40420,48755
2025-10-01,06L,44189,53762
2025-09-01,06L,43202,52615
2024-03-01,06L,41537,50132
2023-02-01,06L,37465,44893
2025-08-01,06L,41355,50342
2025-04-01,06L,41405,50209
2025-07-01,06N,45667,55603
2024-09-01,06N,42993,51953
2024-12-01,06N,44594,53981
2025-02-01,06N,40945,49527
2024-07-01,06N,45529,54997
2025-01-01,06N,45656,55241
2022-05-01,06Q,38881,46154
2021-06-01,06Q,37610,44599
2022-12-01,06T,39873,47702
2023-04-01,06T,37820,45337
2023-01-01,06T,39410,47126
2024-02-01,06T,38123,45967
2025-05-01,06T,42342,51424
2021-12-01,06T,40839,48483
2021-11-01,36L,95982,113802
2021-09-01,78H,75142,89071
2023-03-01,99A,55800,66899
2025-03-01,99A,52337,63454
2026-04-01,99A,52209,64048
2024-11-01,A3A8R,148788,179976
2026-02-01,B2M3M,83251,102047
2022-10-01,B2M3M,84978,101184
2023-08-01,B2M3M,88750,106413
2023-06-01,B2M3M,88193,105867
2026-03-01,B2M3M,90527,110931
2023-09-01,B2M3M,85979,103255
2022-08-01,B2M3M,86245,102927
2022-11-01,B2M3M,86186,103001
2026-05-01,B2M3M,86218,105880
2025-12-01,B2M3M,94679,115610
2022-09-01,B2M3M,84689,101037
2022-07-01,W2U3Z,135271,160840
2023-09-01,01G,27574,33090
2023-01-01,01G,28052,33465
2022-06-01,01G,27205,32348
2023-02-01,01G,25981,31130
2023-04-01,01G,26440,31686
2022-11-01,01G,28369,33873
2021-09-01,01G,27745,32870
2022-04-01,01G,26909,31894
2022-09-01,01G,27351,32621
2024-05-01,01G,29634,35726
2022-05-01,01G,28238,33471
2023-05-01,01G,27947,33494
2024-04-01,02M,24924,30056
2022-08-01,02M,24529,29227
2022-03-01,02M,24734,29309
2022-02-01,02M,21525,25549
2023-08-01,02M,25316,30344
2023-03-01,02M,26595,31858
2023-11-01,02M,24971,29957
2022-12-01,02M,24699,29496
2022-10-01,02M,21599,25711
2021-11-01,02M,24400,28922
2024-01-01,02M,24667,29653
2024-03-01,02M,24350,29265
2024-06-01,02M,23907,28834
2024-08-01,06L,41826,50567
2022-07-01,06Q,36662,43563
2022-01-01,06Q,37272,44289
2025-04-01,06Q,38513,46624
2025-10-01,06Q,40453,49209
2025-08-01,06Q,37523,45552
2025-07-01,06Q,40506,49138
2025-09-01,06Q,39216,47722
2025-11-01,06T,39536,48194
2023-06-01,06T,40445,48529
2026-02-01,06T,37325,45709
2025-12-01,06T,43385,52941
2026-06-01,06T,41379,50783
2026-05-01,06T,39198,48073
2026-03-01,11X,55928,68495
2026-04-01,11X,54377,66659
2021-08-01,36L,91742,108666
2021-06-01,36L,95792,113471
2021-12-01,36L,99014,117284
2026-01-01,36L,101759,124404
2021-10-01,78H,71288,84549
2021-07-01,78H,74715,88343
2025-03-01,A3A8R,147576,178750
2025-06-01,A3A8R,148495,180186
2024-12-01,A3A8R,149217,180616
2025-02-01,A3A8R,138842,167922
2024-11-01,B2M3M,88016,106405
2024-09-01,B2M3M,86781,104586
2023-12-01,B2M3M,88471,106286
2025-01-01,B2M3M,93235,112636
2023-10-01,B2M3M,86963,104437
2025-05-01,B2M3M,91706,111171
2024-02-01,B2M3M,83879,100873
2024-07-01,B2M3M,93649,113007
2024-10-01,B2M3M,93011,112260
2023-07-01,B2M3M,86285,103228
2023-06-01,01G,28720,34215
2022-12-01,01G,28234,33589
2021-11-01,01G,27535,32583
2023-10-01,01G,28682,34395
2022-08-01,01G,28271,33552
2023-07-01,01G,27995,33424
2022-07-01,01G,27288,32414
2023-03-01,01G,29912,35715
2022-10-01,01G,26719,31783
2023-08-01,01G,29008,34762
2022-09-01,02M,23311,27688
2024-02-01,02M,24106,28945
2022-11-01,02M,25027,29785
2021-10-01,02M,21810,25844
2021-09-01,02M,24050,28464
2023-01-01,02M,23879,28441
2023-02-01,02M,22532,26949
2022-05-01,02M,24162,28633
2023-12-01,02M,24759,29738
2023-09-01,02M,24367,29181
2023-05-01,05V,14996,17935
2024-07-01,06L,44202,53253
2024-09-01,06L,41343,49777
2024-10-01,06L,43806,52813
2024-11-01,06N,43496,52579
2021-07-01,06Q,36857,43516
2026-01-01,06Q,38193,46687
2021-12-01,06Q,39083,46215
2022-02-01,06Q,34306,40575
2026-05-01,06Q,36893,45211
2022-06-01,06Q,37023,43913
2025-11-01,36L,97860,119274
2022-01-01,36L,96370,114254
2022-03-01,36L,100574,119094
2024-12-01,36L,102003,123412
2022-04-01,36L,95400,112934
2025-02-01,36L,94442,114060
2025-10-01,36L,104882,127574
2025-12-01,36L,105476,128674
2021-08-01,78H,71567,84636
2021-06-01,78H,74934,88517
2026-03-01,93C,105191,128715
2026-04-01,93C,101535,124284
2026-06-01,93C,105958,129897
2026-02-01,99A,48365,59226
2025-05-01,A3A8R,150593,182531
2025-07-01,A3A8R,157609,191146
2025-01-01,A3A8R,154217,186113
2025-04-01,A3A8R,148395,179544
2025-06-01,B2M3M,88903,107582
2024-03-01,B2M3M,85436,102615
2024-01-01,B2M3M,88373,106108
2025-08-01,B2M3M,87647,106378
2024-05-01,B2M3M,91947,110521
2023-04-01,B2M3M,80239,96145
2025-03-01,B2M3M,85331,103160
2024-04-01,B2M3M,89431,107614
2024-08-01,B2M3M,89479,107778
2025-09-01,B2M3M,91309,110965
2024-06-01,B2M3M,83918,100837
2023-11-01,B2M3M,88034,105594
2021-09-01,00V,18453,21834
2021-11-01,00V,17120,20242
2024-02-01,02H,33059,39463
2023-11-01,02H,33895,40483
2023-09-01,02H,33451,39879
2022-01-01,02M,23136,27410
2021-07-01,02M,23263,27460
2021-12-01,02M,24952,29456
2026-06-01,06K,49105,60163
2021-08-01,06L,38141,45098
2021-06-01,06L,39820,46943
2022-03-01,06Q,38768,45901
2024-07-01,06Q,39842,47701
2025-01-01,06Q,40249,48558
2025-12-01,06Q,39944,48661
2024-09-01,06Q,38843,46607
2022-09-01,06Q,37985,45101
2021-10-01,06Q,35974,42597
2025-06-01,06Q,38448,46517
2023-06-01,06Q,39127,46542
2026-03-01,06Q,38343,46858
2025-05-01,06Q,39665,47984
2025-11-01,06Q,36884,44864
2026-04-01,06Q,38019,46494
2025-02-01,06Q,36191,43672
2022-08-01,06Q,37776,44789
2026-02-01,11X,51431,62975
2026-01-01,11X,55360,67654
2023-02-01,36L,90003,106911
2022-02-01,36L,89799,106152
2023-01-01,36L,96910,114879
2024-10-01,36L,103901,125053
2024-01-01,36L,102434,122345
2022-10-01,36L,97278,115314
2023-07-01,36L,98099,116601
2022-05-01,36L,97067,114951
2022-11-01,36L,98945,117568
2023-03-01,36L,102412,121404
2022-12-01,36L,97639,115929
2023-10-01,36L,100266,119756
2022-07-01,36L,94294,111886
2025-03-01,36L,99316,119795
2023-08-01,36L,98537,117709
2024-11-01,36L,100200,120665
2023-12-01,36L,98548,117835
2023-04-01,36L,92750,110222
2023-05-01,36L,98575,117169
2024-03-01,72Q,100419,119996
2024-06-01,72Q,100401,120163
2025-09-01,72Q,107574,130454
2024-05-01,72Q,105758,126281
2024-04-01,72Q,104108,124863
2024-08-01,72Q,103190,123931
2025-04-01,72Q,102841,124295
2026-05-01,93C,100295,122781
2025-08-01,A3A8R,147086,178308
2025-07-01,B2M3M,94658,114726
2025-10-01,B2M3M,94320,114687
2024-12-01,B2M3M,90682,109656
2022-04-01,W2U3Z,133838,158423
2022-06-01,W2U3Z,136329,161623
2021-07-01,00V,17561,20704
2021-06-01,00V,17507,20613
2021-12-01,01T,19212,22662
2022-03-01,01T,18782,22218
2021-10-01,01T,16909,19963
2021-08-01,01T,16714,19702
2022-02-01,01T,16566,19540
2022-01-01,01T,17260,20437
2023-04-01,02H,31140,36954
2024-04-01,02H,34649,41462
2023-01-01,02H,33561,39755
2022-12-01,02H,33753,39979
2022-07-01,02M,23817,28177
2022-04-01,02M,23186,27441
2026-05-01,06K,48080,58814
2026-04-01,06K,48775,59525
2021-09-01,06L,40877,48357
2023-07-01,06Q,37592,44643
2024-06-01,06Q,37483,44776
2023-05-01,06Q,38683,45866
2022-10-01,06Q,37206,44049
2026-06-01,06Q,38561,47086
2024-11-01,06Q,38216,45954
2022-11-01,06Q,37576,44549
2024-10-01,06Q,40752,48967
2023-02-01,06Q,35102,41656
2023-03-01,06Q,40785,48327
2021-11-01,06Q,36850,43568
2022-08-01,36L,97556,115434
2025-09-01,36L,103038,124924
2023-06-01,36L,100091,118939
2024-05-01,36L,103416,123409
2024-08-01,36L,100279,120278
2025-05-01,36L,102305,123660
2024-03-01,36L,98310,117305
2025-01-01,36L,103328,124610
2025-04-01,36L,99590,120193
2022-06-01,36L,95793,113353
2023-09-01,36L,98257,117061
2025-06-01,36L,100162,120966
2022-09-01,36L,97753,115866
2025-07-01,36L,105269,127130
2023-12-01,72Q,101972,121862
2025-11-01,72Q,102215,124147
2024-02-01,72Q,99579,118860
2023-10-01,72Q,101838,121461
2024-07-01,72Q,108748,130020
2024-09-01,72Q,102098,122403
2025-03-01,72Q,103656,124833
2025-12-01,72Q,110082,133626
2026-02-01,72Q,99636,121238
2024-01-01,72Q,106249,126813
2023-08-01,72Q,102645,122233
2024-12-01,72Q,104939,126516
2025-08-01,72Q,102375,123960
2023-11-01,72Q,103910,123948
2026-03-01,A3A8R,153534,186878
2026-01-01,A3A8R,155347,188302
2025-10-01,A3A8R,158157,191913
2025-02-01,B2M3M,82585,99648
2022-05-01,W2U3Z,139116,164542
2022-04-01,00V,17470,20667
2022-06-01,00V,17434,20561
2021-10-01,00V,16833,19819
2022-07-01,01T,17527,20649
2022-05-01,01T,18347,21638
2021-06-01,01T,18316,21559
2021-09-01,01T,18780,22104
2023-08-01,02H,33842,40239
2022-01-01,02H,31147,36703
2022-10-01,02H,32148,37937
2022-08-01,02H,32412,38319
2021-07-01,02H,31895,37524
2021-11-01,02H,31934,37650
2023-06-01,02H,33875,40140
2023-05-01,02H,34017,40257
2026-03-01,06K,49722,60510
2023-12-01,06Q,39003,46482
2024-01-01,06Q,39845,47501
2024-05-01,06Q,39846,47536
2024-03-01,06Q,37795,45085
2023-10-01,06Q,38387,45680
2023-09-01,06Q,38442,45663
2025-03-01,06Q,38816,46717
2022-12-01,06Q,38355,45396
2024-02-01,06Q,37335,44483
2024-08-01,06Q,38464,46040
2024-12-01,06Q,40268,48455
2024-07-01,36L,105673,125976
2023-11-01,36L,100811,120141
2024-09-01,36L,98659,118196
2024-06-01,36L,97004,115877
2024-04-01,36L,100725,120471
2025-08-01,36L,97855,118426
2026-06-01,72Q,108099,131666
2024-11-01,72Q,104944,125879
2026-01-01,72Q,108364,131328
2023-07-01,72Q,102497,121528
2025-02-01,72Q,97865,117985
2025-06-01,72Q,103635,125025
2022-09-01,72Q,98877,116783
2025-05-01,72Q,107388,129549
2025-01-01,72Q,108075,129789
2025-07-01,72Q,110390,133096
2025-10-01,72Q,108981,132003
2026-04-01,72Q,106194,129244
2024-10-01,72Q,108139,129707
2023-01-01,72Q,102125,120852
2023-04-01,72Q,95918,113699
2026-05-01,72Q,102809,125693
2022-11-01,72Q,101273,119506
2023-02-01,72Q,93024,110109
2023-03-01,72Q,105542,124783
2025-12-01,A3A8R,156918,190476
2025-11-01,A3A8R,147782,179088
2026-02-01,A3A8R,144723,175888
2025-09-01,A3A8R,154471,187264
2025-04-01,B2M3M,91670,110625
2022-03-01,W2U3Z,142849,168511
2021-12-01,W2U3Z,138097,162882
2021-08-01,W2U3Z,130775,153739
2022-02-01,W2U3Z,127743,150666
2021-12-01,00V,19006,22399
2021-07-01,01T,17980,21147
2022-04-01,01T,17664,20875
2021-11-01,01T,18010,21219
2025-11-01,01T,17686,21264
2025-06-01,01T,18672,22365
2025-04-01,02H,34290,41047
2024-07-01,02H,36162,43005
2023-07-01,02H,33524,39699
2022-06-01,02H,33977,40030
2025-10-01,02H,36209,43432
2025-07-01,02H,37264,44599
2025-08-01,02H,33745,40478
2024-06-01,02H,33078,39465
2023-02-01,02H,30655,36270
2025-01-01,02H,36228,43263
2022-11-01,02H,32812,38689
2023-03-01,02H,35371,41819
2024-11-01,02H,34225,40829
2023-12-01,02H,34415,40936
2024-03-01,02H,32784,38962
2025-05-01,02H,36082,43134
2025-09-01,02H,36098,43143
2022-09-01,02H,33654,39726
2025-02-01,02H,32757,39184
2024-01-01,02H,34443,40994
2024-08-01,02H,34897,41639
2022-02-01,02H,29222,34439
2021-08-01,02H,30598,35917
2021-06-01,02H,31967,37623
2024-05-01,02H,34735,41376
2024-09-01,02H,33740,40324
2024-10-01,02H,36415,43521
2025-03-01,02H,34547,41337
2022-05-01,02H,31934,37660
2024-12-01,02H,35617,42538
2023-10-01,02H,33808,40178
2021-09-01,02H,32732,38487
2022-03-01,02H,33928,39967
2026-02-01,06K,46020,55863
2025-12-01,06K,52233,62949
2026-01-01,06K,50429,60927
2023-08-01,06Q,39258,46599
2023-11-01,06Q,38810,46180
2024-04-01,06Q,39275,46910
2023-01-01,06Q,38801,45899
2023-04-01,06Q,36300,43005
2024-02-01,36L,96209,114588
2022-10-01,72Q,100400,118397
2023-05-01,72Q,102598,121382
2022-08-01,72Q,99721,117644
2022-12-01,72Q,99517,117668
2023-06-01,72Q,103110,122178
2026-03-01,72Q,106167,129006
2022-07-01,72Q,97722,115091
2023-09-01,72Q,100688,119461
2026-06-01,A3A8R,157703,191623
2026-04-01,A3A8R,152909,185369
2026-05-01,A3A8R,146262,178128
2021-10-01,W2U3Z,132021,155269
2022-01-01,W2U3Z,138089,162607
2022-05-01,00V,18515,21778
2022-02-01,00V,16437,19362
2022-01-01,00V,17137,20165
2021-08-01,00V,16968,19911
2022-10-01,01T,17763,20937
2025-05-01,01T,19139,22768
2025-07-01,01T,19965,23879
2026-05-01,01T,17704,21337
2025-03-01,01T,18633,22209
2025-04-01,01T,18578,22070
2024-10-01,01T,19521,23149
2024-08-01,01T,18701,22138
2024-11-01,01T,18576,22017
2025-10-01,01T,19351,23183
2024-07-01,01T,19499,23160
2022-12-01,01T,18614,22007
2024-09-01,01T,18477,21966
2025-08-01,01T,18158,21732
2026-04-01,01T,18703,22502
2022-08-01,01T,18386,21642
2022-09-01,01T,18402,21721
2024-12-01,01T,19338,22972
2026-06-01,01T,18677,22441
2026-03-01,01T,18789,22684
2024-01-01,01T,19080,22472
2025-01-01,01T,19187,22775
2025-09-01,01T,19430,23220
2025-12-01,02H,37035,44479
2025-06-01,02H,34602,41240
2022-04-01,02H,31079,36665
2021-12-01,02H,33846,39873
2026-02-01,02H,31969,38385
2022-07-01,02H,31670,37285
2026-01-01,02H,34998,42002
2022-11-01,05W,32358,38078
2023-09-01,05W,29480,34771
2023-05-01,05W,31258,36819
2024-02-01,05W,28744,33950
2024-04-01,05W,31139,36718
2024-06-01,05W,28952,34229
2023-04-01,05W,29431,34626
2023-11-01,05W,30371,35846
2024-03-01,05W,29550,34877
2023-07-01,05W,29641,34916
2025-02-01,05W,27868,33162
2021-10-01,05W,29501,34667
2022-03-01,05W,32058,37608
2023-06-01,05W,30515,35921
2022-06-01,05W,30532,35966
2023-02-01,05W,29026,34257
2023-03-01,05W,33037,38966
2024-05-01,05W,32036,37833
2023-12-01,05W,30046,35533
2023-10-01,05W,30406,35837
2023-01-01,05W,31875,37580
2023-08-01,05W,30879,36416
2025-11-01,06K,48619,58358
2021-06-01,W2U3Z,136379,160401
2021-09-01,W2U3Z,137742,161843
2021-07-01,W2U3Z,138232,162367
2021-11-01,W2U3Z,137276,161254
2022-09-01,00V,17921,21151
2026-01-01,01T,18489,22162
2025-12-01,01T,20196,24162
2023-03-01,01T,19457,22930
2023-05-01,01T,18789,22068
2024-05-01,01T,19386,22864
2023-10-01,01T,18533,21811
2023-07-01,01T,18720,21944
2023-01-01,01T,17895,21043
2022-11-01,01T,18314,21518
2025-02-01,01T,17212,20454
2026-02-01,01T,17069,20489
2023-09-01,01T,18095,21262
2023-12-01,01T,19075,22485
2023-04-01,01T,17476,20546
2022-06-01,01T,17968,21140
2024-06-01,01T,17851,21040
2024-03-01,01T,18217,21471
2026-03-01,02H,35568,42785
2025-11-01,02H,32797,39346
2026-04-01,02H,34722,41609
2026-05-01,02H,33654,40300
2021-10-01,02H,30688,35970
2026-06-01,02H,35321,42391
2021-12-01,05W,32294,37931
2025-03-01,05W,30506,36229
2022-04-01,05W,29879,35157
2024-12-01,05W,30884,36549
2021-08-01,05W,28528,33444
2021-06-01,05W,30634,36024
2022-08-01,05W,31212,36713
2024-01-01,05W,31418,36990
2025-01-01,05W,31564,37394
2021-11-01,05W,30382,35670
2022-02-01,05W,28089,33011
2024-11-01,05W,29971,35460
2022-05-01,05W,30395,35747
2021-07-01,05W,30641,35929
2022-07-01,05W,31220,36731
2022-10-01,05W,29741,34996
2024-07-01,05W,32367,38133
2022-12-01,05W,31198,36814
2025-04-01,05W,30621,36328
2025-08-01,06K,49892,59475
2025-06-01,06K,50667,60170
2024-02-01,06K,50189,59168
2025-09-01,06K,51697,61733
2023-11-01,06K,52574,61894
2025-05-01,06K,52300,62096
2024-08-01,06K,52890,62255
2023-08-01,06K,52861,62166
2024-09-01,06K,50183,59339
2023-06-01,06K,53233,62523
2024-04-01,06K,52101,61186
2025-07-01,06K,54110,64430
2025-10-01,06K,52839,63253
2024-10-01,06K,53774,63432
2023-02-01,11N,61690,72595
2021-09-01,72Q,98852,115877
2022-01-01,72Q,98599,115710
2022-03-01,72Q,103531,121231
2026-01-01,00R,23595,28237
2025-10-01,00R,25013,29693
2026-03-01,00R,24219,29014
2026-06-01,00R,23693,28406
2026-02-01,00R,21712,25917
2025-12-01,00R,25381,30225
2023-04-01,00V,17537,20535
2022-10-01,00V,18433,21630
2022-07-01,00V,17670,20748
2022-11-01,00V,18103,21217
2022-03-01,00V,18588,21764
2022-08-01,00V,17899,21021
2023-02-01,00V,16746,19660
2024-04-01,01T,19054,22364
2023-11-01,01T,18867,22150
2024-02-01,01T,17797,20958
2023-06-01,01T,18758,21998
2023-08-01,01T,19158,22503
2024-12-01,02E,21440,25280
2022-09-01,05W,30728,36193
2021-09-01,05W,31262,36620
2025-11-01,05W,29382,34918
2025-09-01,05W,30862,36637
2024-09-01,05W,30466,35937
2025-07-01,05W,32389,38414
2022-01-01,05W,30413,35675
2026-04-01,05W,30910,36944
2025-05-01,05W,31118,36863
2026-05-01,05W,29256,35004
2024-10-01,05W,31950,37683
2025-06-01,05W,29757,35315
2024-08-01,05W,30621,36022
2023-07-01,06K,51716,60608
2024-01-01,06K,53435,62728
2024-05-01,06K,53614,63030
2024-03-01,06K,51414,60506
2024-06-01,06K,50378,59376
2025-03-01,06K,50826,60199
2025-04-01,06K,50483,59798
2024-11-01,06K,51827,61292
2024-07-01,06K,53906,63476
2025-01-01,06K,53519,63142
2023-10-01,06K,52756,61929
2023-05-01,06K,52845,61998
2023-12-01,06K,51533,60656
2023-09-01,06K,50963,59768
2025-02-01,06K,48530,57337
2025-08-01,10R,15668,18609
2022-12-01,11N,68154,80243
2023-03-01,11N,70969,83300
2023-01-01,11N,68194,80068
2022-02-01,72Q,91595,107499
2022-05-01,72Q,100678,118362
2021-12-01,72Q,100392,117707
2021-11-01,72Q,99167,116183
2021-08-01,72Q,93964,109828
2022-04-01,72Q,97072,113781
2021-07-01,72Q,97940,114615
2021-06-01,72Q,99169,116134
2021-10-01,72Q,95475,111787
2022-06-01,72Q,98912,116243
2025-11-01,00R,23087,27406
2026-04-01,00R,23636,28239
2025-09-01,00R,24366,28825
2026-05-01,00R,22658,27075
2024-03-01,00V,18662,21816
2023-10-01,00V,18939,22130
2023-05-01,00V,18882,22086
2023-06-01,00V,19221,22467
2023-09-01,00V,18526,21637
2023-11-01,00V,18972,22164
2023-12-01,00V,18549,21671
2023-08-01,00V,18997,22233
2023-07-01,00V,18304,21405
2022-12-01,00V,18497,21766
2024-02-01,00V,17922,20965
2023-02-01,01T,17164,20149
2024-09-01,02E,20160,23681
2025-04-01,02E,19967,23528
2025-02-01,02E,19122,22542
2026-01-01,02E,20523,24407
2025-01-01,02E,21494,25230
2025-12-01,05W,31788,37763
2025-08-01,05W,29631,35163
2026-03-01,05W,29923,35836
2026-06-01,05W,30471,36425
2024-12-01,06K,52601,62012
2023-04-01,06K,49842,58321
2022-04-01,06K,50092,58547
2022-11-01,06K,51656,60496
2022-06-01,06K,50877,59570
2022-08-01,06K,51831,60521
2022-05-01,06K,52437,61270
2021-10-01,06K,48690,56786
2022-03-01,06K,53762,62639
2023-01-01,06K,52318,61277
2021-08-01,06K,49529,57733
2021-07-01,06K,51698,60359
2022-10-01,06K,51246,59971
2021-09-01,06K,51209,59763
2021-12-01,06K,54068,63089
2022-01-01,06K,51384,59824
2023-03-01,06K,54475,63826
2022-02-01,06K,47563,55433
2022-07-01,06K,50296,58879
2021-06-01,06K,51403,59825
2021-11-01,06K,51334,60057
2022-09-01,06K,50957,59660
2026-02-01,10R,14605,17384
2025-10-01,10R,16722,19831
2024-05-01,11N,70254,82152
2024-11-01,11N,67916,79744
2024-10-01,11N,71812,84231
2024-01-01,11N,70622,82348
2024-08-01,11N,69010,81032
2025-07-01,11N,71379,84065
2024-07-01,11N,69970,81981
2025-05-01,11N,69509,81852
2025-03-01,11N,67329,79111
2024-06-01,11N,67078,78611
2024-04-01,11N,68110,79757
2025-06-01,11N,67690,79639
2025-08-01,00R,23030,27229
2025-06-01,00R,23320,27389
2024-06-01,00V,17762,20765
2024-05-01,00V,19569,22837
2024-01-01,00V,19059,22219
2024-07-01,00V,19883,23247
2023-01-01,00V,18425,21480
2023-03-01,00V,19449,22771
2024-04-01,00V,19075,22307
2021-08-01,02A,22572,26093
2024-08-01,02E,20322,23761
2023-12-01,02E,20566,23986
2025-03-01,02E,20439,23946
2025-07-01,02E,21773,25629
2024-11-01,02E,20303,23812
2025-11-01,02E,19284,22881
2024-10-01,02E,21557,25239
2026-03-01,02E,20579,24496
2025-05-01,02E,21170,24885
2026-01-01,05W,30674,36463
2025-10-01,05W,31588,37424
2026-02-01,05W,27837,33129
2023-02-01,06K,49094,57578
2022-12-01,06K,51748,60618
2025-12-01,10R,16813,19963
2026-05-01,10R,15472,18476
2026-06-01,10R,16526,19720
2026-04-01,10R,16210,19320
2024-12-01,11N,70259,82532
2022-07-01,11N,65517,76124
2024-02-01,11N,64112,74798
2025-01-01,11N,70648,82906
2023-07-01,11N,68436,79872
2021-11-01,11N,64949,75084
2021-12-01,11N,69670,80674
2023-09-01,11N,68269,79636
2022-09-01,11N,67218,78510
2025-09-01,11N,68894,81343
2021-09-01,11N,66233,76700
2023-06-01,11N,68713,80122
2025-04-01,11N,66315,77904
2022-10-01,11N,65143,75900
2025-02-01,11N,62264,73219
2022-05-01,11N,66607,77399
2021-07-01,11N,65323,75603
2021-10-01,11N,62262,72008
2023-04-01,11N,64695,75593
2023-08-01,11N,69123,80689
2023-10-01,11N,68242,79649
2021-06-01,11N,65264,75565
2023-05-01,11N,66875,78130
2024-09-01,11N,66689,78172
2022-01-01,11N,63716,73815
2024-03-01,11N,68032,79523
2022-02-01,11N,61174,70846
2022-08-01,11N,67063,78199
2022-04-01,11N,64714,75053
2022-03-01,11N,68586,79626
2022-06-01,11N,64824,75553
2022-11-01,11N,67568,78962
2023-11-01,11N,68476,79957
2025-07-01,00R,25454,29774
2025-03-01,00V,18358,21454
2024-10-01,00V,19733,23018
2025-01-01,00V,19334,22569
2024-08-01,00V,18821,21964
2024-09-01,00V,18427,21523
2024-12-01,00V,18957,22197
2024-11-01,00V,18619,21703
2025-04-01,00V,18689,21872
2025-05-01,00V,18924,22161
2022-02-01,01D,19506,22454
2021-06-01,01D,20989,24211
2021-07-01,01D,20757,23912
2022-05-01,02A,24032,27732
2021-12-01,02A,24287,27947
2021-11-01,02A,23476,26993
2022-12-01,02A,24142,27943
2022-03-01,02A,24494,28117
2022-11-01,02A,23857,27569
2022-01-01,02A,23086,26536
2022-10-01,02A,23489,27161
2022-08-01,02A,23837,27473
2021-10-01,02A,22318,25707
2023-05-01,02A,24229,27976
2022-06-01,02A,23667,27299
2022-09-01,02A,23951,27670
2021-09-01,02A,23891,27511
2023-04-01,02A,22827,26360
2022-07-01,02A,23302,26835
2023-10-01,02A,23855,27620
2023-02-01,02A,22374,25909
2025-02-01,02A,22975,26814
2023-03-01,02A,25410,29291
2023-08-01,02A,24554,28484
2023-01-01,02A,23963,27658
2026-04-01,02E,19694,23451
2025-06-01,02E,19957,23435
2022-04-01,02E,19376,22310
2024-02-01,02E,20222,23559
2024-01-01,02E,21352,24841
2025-12-01,02E,21330,25228
2026-06-01,02E,20003,23786
2024-03-01,02E,19950,23173
2026-05-01,02E,19546,23338
2024-07-01,02E,21674,25284
2023-06-01,02E,21116,24448
2023-09-01,02E,20330,23517
2025-10-01,02E,21336,25225
2024-04-01,02E,20638,24129
2024-05-01,02E,21699,25277
2025-09-01,02E,20597,24268
2023-07-01,02E,20691,23894
2023-11-01,02E,20422,23734
2024-06-01,02E,20069,23353
2026-03-01,10R,16356,19439
2026-01-01,10R,16948,20112
2021-08-01,11N,62527,72205
2025-11-01,11N,64987,76838
2025-08-01,11N,65651,77562
2026-02-01,11N,63009,74514
2023-12-01,11N,69566,80998
2025-05-01,00R,24681,28857
2025-06-01,00V,18352,21493
2025-02-01,00V,17380,20248
2021-12-01,01D,22176,25470
2022-03-01,01D,22901,26260
2022-01-01,01D,21105,24249
2022-05-01,01D,21923,25211
2022-09-01,01D,22054,25409
2021-11-01,01D,21297,24453
2021-08-01,01D,20411,23551
2021-10-01,01D,20410,23457
2021-09-01,01D,21613,24877
2021-06-01,02A,23469,27012
2024-04-01,02A,24156,28000
2024-06-01,02A,23428,27163
2025-01-01,02A,25374,29597
2023-11-01,02A,24554,28459
2025-04-01,02A,24373,28488
2024-02-01,02A,23858,27709
2023-09-01,02A,24216,27979
2024-08-01,02A,24701,28698
2024-05-01,02A,25700,29825
2024-12-01,02A,25173,29360
2025-03-01,02A,24404,28461
2023-07-01,02A,24058,27756
2024-03-01,02A,23942,27782
2022-02-01,02A,21585,24801
2024-10-01,02A,25712,29803
2023-06-01,02A,24452,28276
2024-09-01,02A,24214,28152
2022-04-01,02A,23036,26432
2023-12-01,02A,24190,28027
2024-07-01,02A,25780,29969
2024-01-01,02A,24807,28717
2024-11-01,02A,24177,28145
2023-05-01,02E,20446,23555
2022-06-01,02E,19640,22506
2025-08-01,02E,19906,23456
2023-03-01,02E,21827,25103
2022-12-01,02E,20942,24220
2023-02-01,02E,18821,21665
2021-07-01,02E,19763,22688
2023-10-01,02E,20996,24296
2022-11-01,02E,20399,23531
2023-08-01,02E,21224,24476
2023-04-01,02E,19170,22102
2022-07-01,02E,20046,23035
2022-10-01,02E,19706,22634
2026-02-01,02E,18567,21923
2022-08-01,02E,20298,23340
2023-01-01,02E,20716,23882
2025-11-01,10R,15126,17846
2025-07-01,10R,16921,19780
2025-09-01,10R,16022,18866
2026-01-01,11N,67513,79766
2026-05-01,11N,65122,77225
2026-04-01,11N,65944,78268
2025-10-01,11N,70807,83442
2026-06-01,11N,67308,79881
2025-12-01,11N,71837,84962
2026-03-01,11N,66935,79392
2024-10-01,00R,25639,29708
2024-09-01,00R,23960,27778
2024-12-01,00R,24553,28606
2025-01-01,00R,25232,29309
2023-02-01,00R,21766,24966
2024-06-01,00R,22920,26506
2024-08-01,00R,24076,27950
2024-11-01,00R,23763,27625
2025-02-01,00R,22358,26019
2025-03-01,00R,23450,27342
2024-04-01,00R,24530,28384
2025-04-01,00R,24276,28353
2026-01-01,00V,18191,21378
2026-03-01,00V,18701,21991
2025-09-01,00V,19135,22380
2025-07-01,00V,19769,23107
2025-11-01,00V,17427,20426
2025-10-01,00V,19438,22784
2022-04-01,01D,20844,23855
2023-04-01,01D,21278,24362
2022-12-01,01D,21987,25205
2022-07-01,01D,21209,24295
2022-08-01,01D,22026,25283
2022-11-01,01D,21565,24697
2022-06-01,01D,20947,23995
2022-10-01,01D,21436,24532
2021-07-01,02A,23347,26785
2025-06-01,02A,24272,28309
2025-08-01,02A,23916,27957
2022-03-01,02E,21215,24319
2022-05-01,02E,20660,23684
2021-08-01,02E,19448,22321
2022-02-01,02E,18277,20995
2022-09-01,02E,20345,23431
2021-09-01,02E,20314,23331
2022-01-01,02E,19870,22793
2021-06-01,02E,19833,22742
2021-12-01,02E,21199,24306
2021-10-01,02E,19450,22321
2025-05-01,10R,15984,18652
2024-07-01,12F,41227,47681
2024-03-01,12F,37959,43933
2024-05-01,12F,40613,46985
2021-11-01,12F,37594,43057
2024-01-01,12F,39581,45648
2023-11-01,12F,39193,45219
2026-06-01,12F,38881,45808
2026-05-01,12F,38142,44948
2023-03-01,12F,41218,47302
2023-07-01,12F,38413,44229
2026-04-01,12F,38150,44931
2024-02-01,12F,37571,43397
2026-02-01,12F,36016,42310
2023-06-01,12F,39660,45661
2023-01-01,12F,38075,43658
2023-05-01,12F,38297,44029
2023-09-01,12F,38468,44329
2023-08-01,12F,39812,45847
2023-12-01,12F,39383,45558
2023-10-01,12F,38862,44798
2025-12-01,12F,41962,49194
2023-07-01,00R,23829,27310
2024-05-01,00R,25405,29276
2023-06-01,00R,24605,28201
2024-01-01,00R,25036,28778
2023-09-01,00R,24183,27753
2022-11-01,00R,24294,27810
2024-07-01,00R,25159,29071
2023-10-01,00R,23802,27374
2023-11-01,00R,24840,28643
2024-02-01,00R,23610,27176
2023-01-01,00R,24160,27583
2024-03-01,00R,23789,27478
2026-06-01,00V,18350,21519
2026-02-01,00V,17033,19973
2025-08-01,00V,18736,21888
2026-04-01,00V,18252,21493
2026-05-01,00V,17575,20652
2025-12-01,00V,19862,23267
2023-05-01,01D,22279,25534
2023-03-01,01D,23608,26987
2025-05-01,02A,25101,29182
2025-07-01,02A,26038,30400
2025-10-01,02A,25633,30042
2025-09-01,02A,25230,29373
2021-11-01,02E,20024,22918
2023-12-01,10R,15649,18027
2024-11-01,10R,15951,18513
2025-06-01,10R,15790,18401
2025-04-01,10R,15486,18027
2023-08-01,10R,15673,17979
2024-06-01,12F,38074,43952
2022-04-01,12F,37898,43330
2025-02-01,12F,37459,43437
2023-04-01,12F,36849,42159
2021-12-01,12F,38514,44124
2022-06-01,12F,37875,43326
2024-12-01,12F,40566,46935
2022-09-01,12F,38267,43864
2021-08-01,12F,36680,42041
2024-09-01,12F,38706,44837
2021-07-01,12F,37829,43338
2022-08-01,12F,38449,44066
2022-03-01,12F,39546,45257
2022-07-01,12F,38448,43948
2021-09-01,12F,38104,43586
2021-06-01,12F,37647,43089
2024-04-01,12F,39558,45644
2024-08-01,12F,39986,46193
2022-05-01,12F,39046,44685
2021-10-01,12F,36650,42017
2026-03-01,12F,40665,47777
2022-10-01,12F,38169,43609
2022-12-01,12F,39656,45432
2022-01-01,12F,37879,43272
2022-02-01,12F,34989,40027
2024-10-01,12F,41492,47941
2023-02-01,12F,36361,41652
2025-03-01,12F,38990,45205
2026-01-01,12F,38749,45351
2025-11-01,12F,36626,42721
2025-01-01,12F,39533,45745
2021-07-01,00R,23419,26700
2022-01-01,00R,22921,26153
2021-08-01,00R,21567,24616
2021-06-01,00R,24376,27741
2022-12-01,00R,24530,28044
2022-03-01,00R,24428,27809
2022-09-01,00R,24213,27591
2022-08-01,00R,23996,27431
2022-10-01,00R,23196,26467
2021-12-01,00R,24715,28196
2022-07-01,00R,23942,27339
2021-09-01,00R,24544,27995
2021-10-01,00R,23245,26518
2023-05-01,00R,24625,28153
2022-04-01,00R,22972,26233
2022-06-01,00R,23036,26249
2022-05-01,00R,24842,28281
2022-02-01,00R,21544,24578
2023-12-01,00R,24253,27901
2023-01-01,01D,22541,25722
2023-06-01,01D,22875,26182
2023-07-01,01D,21958,25062
2024-01-01,01D,23502,26944
2024-06-01,01D,22004,25253
2024-09-01,01D,22393,25740
2023-08-01,01D,22659,25963
2024-07-01,01D,23776,27358
2023-11-01,01D,22132,25338
2024-12-01,01D,23275,26829
2023-02-01,01D,20733,23711
2025-12-01,02A,25867,30252
2025-11-01,02A,23412,27295
2026-02-01,02A,22782,26598
2026-05-01,02A,24002,28139
2026-03-01,02A,24926,29095
2026-04-01,02A,24020,28147
2026-06-01,02A,24843,28982
2026-01-01,02A,24839,29026
2024-08-01,10R,15973,18419
2024-03-01,10R,15523,17869
2025-03-01,10R,16032,18583
2023-03-01,10R,16647,18986
2025-01-01,10R,16844,19426
2023-10-01,10R,15725,18035
2025-02-01,10R,15069,17459
2024-10-01,10R,16886,19426
2023-09-01,10R,15499,17771
2023-04-01,10R,14839,16969
2021-11-01,10R,16308,18615
2024-05-01,10R,16077,18521
2024-02-01,10R,15344,17619
2024-04-01,10R,16111,18513
2025-04-01,12F,39639,46010
2024-11-01,12F,39486,45626
2025-10-01,12F,40816,47722
2025-08-01,12F,37676,43906
2025-06-01,12F,38876,45102
2025-05-01,12F,40509,46925
2025-07-01,12F,41633,48470
2022-11-01,12F,39330,45009
2025-09-01,12F,40855,47522
2021-11-01,00R,24173,27579
2023-03-01,00R,25527,29087
2023-04-01,00R,22855,26135
2023-08-01,00R,24679,28205
2025-01-01,01D,23647,27191
2024-10-01,01D,23908,27500
2025-06-01,01D,22456,25801
2025-10-01,01D,23800,27469
2024-11-01,01D,22610,25978
2024-05-01,01D,23864,27430
2025-03-01,01D,22486,25833
2023-10-01,01D,22725,25913
2025-04-01,01D,22545,25963
2025-08-01,01D,22058,25365
2025-11-01,01D,21030,24304
2024-08-01,01D,22779,26115
2025-12-01,01D,24084,27874
2026-01-01,01D,22963,26498
2024-04-01,01D,22727,25977
2026-04-01,01D,22821,26424
2025-02-01,01D,21322,24407
2025-05-01,01D,23117,26548
2026-06-01,01D,23030,26740
2024-02-01,01D,21783,24925
2023-09-01,01D,22017,25117
2024-03-01,01D,22075,25335
2026-03-01,01D,22986,26647
2023-12-01,01D,22076,25349
2025-09-01,01D,23310,26763
2026-02-01,01D,21270,24651
2026-05-01,01D,21840,25317
2025-07-01,01D,24192,27745
2023-06-01,10R,16256,18544
2024-06-01,10R,15433,17688
2021-07-01,10R,16143,18356
2021-09-01,10R,16374,18601
2023-05-01,10R,15885,18158
2024-01-01,10R,16539,18828
2021-06-01,10R,16236,18432
2024-07-01,10R,16707,19208
2021-12-01,10R,16474,18692
2023-07-01,10R,15594,17798
2024-09-01,10R,16052,18442
2023-11-01,10R,15926,18214
2024-12-01,10R,16555,19055
2023-01-01,10R,16388,18596
2022-09-01,14L,55669,63334
2022-10-01,14L,56004,63601
2022-01-01,14L,53723,60928
2022-11-01,14L,55150,62674
2023-02-01,14L,51709,58641
2022-06-01,14L,54821,62280
2022-02-01,14L,49776,56474
2021-08-01,14L,51890,58985
2022-03-01,14L,56982,64580
2021-10-01,14L,52105,59115
2022-05-01,14L,55076,62523
2022-04-01,14L,53447,60818
2022-08-01,14L,56057,63738
2022-07-01,14L,53562,60964
2022-12-01,14L,56687,64479
2022-06-01,10R,15927,17974
2022-12-01,10R,15916,18086
2022-02-01,10R,15191,17222
2022-10-01,10R,16157,18249
2023-02-01,10R,15089,17106
2022-08-01,10R,16082,18238
2022-09-01,10R,15999,18122
2021-08-01,10R,15417,17461
2021-10-01,10R,15700,17764
2022-07-01,10R,15738,17768
2022-01-01,10R,15706,17741
2022-03-01,10R,16853,19092
2022-05-01,10R,16435,18606
2022-11-01,10R,16263,18430
2022-04-01,10R,15747,17792
2025-06-01,14L,58331,66317
2024-06-01,14L,55693,63431
2024-05-01,14L,60372,68721
2025-04-01,14L,59571,67825
2025-07-01,14L,63308,72148
2023-09-01,14L,56819,64476
2025-02-01,14L,54652,62138
2021-06-01,14L,54571,61936
2024-03-01,14L,57564,65590
2024-08-01,14L,59025,67123
2023-12-01,14L,57306,65219
2023-03-01,14L,60475,68624
2023-07-01,14L,57005,64562
2026-01-01,14L,60265,68824
2023-08-01,14L,58788,66717
2026-05-01,14L,58507,66956
2026-06-01,14L,61317,70245
2024-11-01,14L,58610,66602
2025-09-01,14L,61487,70008
2026-03-01,14L,61343,70054
2024-02-01,14L,56101,63832
2025-08-01,14L,57871,65983
2024-10-01,14L,62690,71151
2025-05-01,14L,60228,68548
2025-11-01,14L,57187,65186
2023-10-01,14L,58024,65898
2023-11-01,14L,58306,66230
2025-10-01,14L,62392,71137
2026-02-01,14L,56328,64284
2021-12-01,14L,55736,63142
2024-04-01,14L,58710,66785
2023-04-01,14L,52702,59874
2024-07-01,14L,61837,70364
2025-12-01,14L,62981,72052
2023-01-01,14L,57129,64732
2023-06-01,14L,57596,65261
2024-09-01,14L,58080,66067
2025-03-01,14L,58962,67181
2023-05-01,14L,57786,65564
2025-01-01,14L,62199,70596
2026-04-01,14L,59823,68401
2021-09-01,14L,54524,61868
2024-01-01,14L,59776,68041
2021-11-01,14L,54282,61630
2024-12-01,14L,60286,68505
2021-07-01,14L,53898,61157
2025-11-01,00Y,25863,29166
2025-10-01,00Y,28332,31963
2023-04-01,00Y,25514,28463
2023-02-01,00Y,24473,27307
2024-09-01,00Y,26253,29601
2024-04-01,00Y,26719,30114
2024-07-01,00Y,28359,31907
2021-10-01,00Y,25189,27942
2025-06-01,00Y,26705,30076
2022-11-01,00Y,26678,29741
2023-10-01,00Y,26919,30282
2022-08-01,00Y,27275,30337
2021-07-01,00Y,25857,28701
2021-12-01,00Y,27245,30179
2024-03-01,00Y,26638,29917
2022-03-01,00Y,28110,31197
2023-01-01,00Y,26979,30112
2025-03-01,00Y,26941,30373
2025-12-01,00Y,28308,31973
2026-02-01,00Y,24280,27438
2023-12-01,00Y,26506,29851
2025-09-01,00Y,27740,31244
2022-04-01,00Y,25365,28108
2023-09-01,00Y,26669,29751
2022-07-01,00Y,25840,28677
2025-08-01,00Y,26524,29795
2026-03-01,00Y,27137,30644
2022-09-01,00Y,26598,29674
2022-10-01,00Y,26454,29448
2023-05-01,00Y,27012,30172
2025-05-01,00Y,27324,30746
2022-01-01,00Y,25921,28778
2023-07-01,00Y,26387,29506
2023-08-01,00Y,27655,30984
2024-10-01,00Y,28446,32030
2021-09-01,00Y,27380,30350
2023-11-01,00Y,26593,29852
2025-02-01,00Y,25121,28227
2023-03-01,00Y,28233,31522
2024-01-01,00Y,28542,32093
2024-11-01,00Y,26497,29921
2025-07-01,00Y,28891,32708
2023-06-01,00Y,27208,30389
2024-06-01,00Y,26193,29443
2021-11-01,00Y,26405,29302
2024-05-01,00Y,28198,31662
2021-06-01,00Y,26064,28924
2026-01-01,00Y,27175,30706
2021-08-01,00Y,24538,27243
2022-05-01,00Y,26522,29485
2026-05-01,00Y,26351,29866
2024-08-01,00Y,27351,30813
2026-06-01,00Y,27383,30980
2024-12-01,00Y,27184,30652
2022-06-01,00Y,26223,29195
2022-02-01,00Y,24109,26767
2024-02-01,00Y,25926,29240
2025-04-01,00Y,26834,30232
2022-12-01,00Y,26884,30014
2025-01-01,00Y,29425,33115
2026-04-01,00Y,26347,29744
2025-10-01,00Q,20125,22520
2026-03-01,00Q,20196,22671
2022-08-01,00Q,18422,20436
2023-11-01,00Q,19646,21880
2022-12-01,00Q,18879,20950
2024-11-01,00Q,18784,20963
2026-05-01,00Q,18675,21007
2025-03-01,00Q,18858,21139
2025-06-01,00Q,18950,21256
2025-12-01,00Q,20799,23344
2022-02-01,00Q,16623,18391
2023-05-01,00Q,18833,20985
2021-09-01,00Q,18462,20342
2023-12-01,00Q,18483,20601
2026-04-01,00Q,19555,21961
2023-03-01,00Q,19519,21668
2023-04-01,00Q,17565,19520
2022-05-01,00Q,18646,20600
2022-09-01,00Q,18797,20795
2024-07-01,00Q,19193,21434
2025-01-01,00Q,19626,21975
2024-03-01,00Q,18537,20653
2024-08-01,00Q,20049,22409
2021-12-01,00Q,18802,20734
2024-10-01,00Q,20203,22516
2021-10-01,00Q,17584,19395
2025-02-01,00Q,18263,20468
2025-04-01,00Q,18856,21143
2026-01-01,00Q,19479,21860
2023-06-01,00Q,19135,21237
2023-09-01,00Q,18721,20814
2021-07-01,00Q,18024,19849
2025-09-01,00Q,20057,22505
2021-11-01,00Q,17628,19453
2023-08-01,00Q,19000,21167
2025-11-01,00Q,18727,21043
2022-06-01,00Q,18114,19978
2022-07-01,00Q,18118,20084
2026-06-01,00Q,19807,22232
2022-04-01,00Q,18182,20113
2026-02-01,00Q,17751,19947
2023-02-01,00Q,16508,18376
2023-07-01,00Q,18585,20663
2025-08-01,00Q,18999,21269
2022-03-01,00Q,18814,20823
2022-10-01,00Q,17514,19380
2024-05-01,00Q,19554,21794
2024-06-01,00Q,18376,20492
2022-11-01,00Q,19074,21118
2021-08-01,00Q,17694,19510
2022-01-01,00Q,17710,19552
2025-05-01,00Q,20800,23270
2023-10-01,00Q,18891,21042
2021-06-01,00Q,18560,20415
2024-09-01,00Q,19064,21293
2024-12-01,00Q,19693,22060
2025-07-01,00Q,20806,23258
2023-01-01,00Q,18763,20836
2024-01-01,00Q,19356,21511
2024-04-01,00Q,19406,21577
2024-02-01,00Q,18155,20255
