month,code,numerator,denominator
2023-10-01,11J,504.7913699999999,828.2329999999998
2023-08-01,11J,510.1074299999999,826.0639999999997
2024-02-01,11J,520.7403299999999,831.2410000000001
2021-07-01,11J,629.5460500000004,813.786
2026-03-01,11J,1734.36577,828.6720000000003
2021-10-01,11J,532.1059199999999,816.9479999999999
2025-12-01,11J,2683.7434099999996,831.4889999999999
2022-08-01,11J,509.4699100000001,821.2909999999998
2023-05-01,11J,512.07867,825.652
2021-06-01,11J,691.67553,812.9410000000004
2025-08-01,11J,1223.7350800000006,831.7530000000002
2024-08-01,11J,472.86120999999997,831.9480000000002
2023-12-01,11J,590.7004099999999,830.2470000000003
2024-06-01,11J,469.05683000000005,832.6139999999998
2024-12-01,11J,454.44476,833.1379999999996
2024-05-01,11J,491.2209900000001,832.359
2025-01-01,11J,480.30197000000015,832.8080000000001
2023-06-01,11J,501.55867000000006,825.6840000000002
2023-09-01,11J,526.8723800000002,826.6139999999997
2024-01-01,11J,533.4757099999999,830.71
2025-07-01,11J,1150.43774,831.4899999999999
2024-07-01,11J,472.5759799999999,831.7800000000002
2026-02-01,11J,1753.4710700000003,829.714
2023-11-01,11J,568.8287900000001,829.4339999999997
2022-06-01,11J,510.82332,820.7419999999998
2022-05-01,11J,510.64669000000015,820.164
2021-08-01,11J,591.7348399999998,814.403
2022-09-01,11J,518.52833,821.7039999999998
2025-04-01,11J,488.6911600000001,831.9749999999999
2026-05-01,11J,2222.000459999999,827.5130000000001
2022-04-01,11J,496.80497000000014,820.051
2025-09-01,11J,1592.2966000000004,832.2950000000001
2022-01-01,11J,539.6945600000003,819.0040000000002
2023-04-01,11J,508.3053800000001,825.4380000000001
2026-06-01,11J,2210.15433,826.6599999999996
2023-01-01,11J,531.35187,824.754
2022-10-01,11J,457.09001000000006,823.315
2022-02-01,11J,463.2979499999999,819.5670000000001
2021-11-01,11J,619.07521,817.6070000000001
2025-05-01,11J,702.5060900000007,831.9090000000003
2023-07-01,11J,494.23274,825.8939999999999
2021-12-01,11J,619.9446999999999,818.4670000000002
2024-03-01,11J,542.2012000000002,831.5059999999997
2025-02-01,11J,414.82924000000014,832.6649999999997
2022-07-01,11J,482.88538000000017,821.0820000000002
2022-12-01,11J,561.9283399999999,824.5979999999997
2025-10-01,11J,1383.51847,832.5329999999997
2024-09-01,11J,402.08481000000006,831.8719999999995
2026-04-01,11J,2106.5427600000003,828.363
2024-04-01,11J,461.07520999999986,831.6309999999999
2025-11-01,11J,1598.7166299999994,831.8509999999999
2022-03-01,11J,542.7288700000001,819.7379999999999
2025-06-01,11J,595.9861300000001,831.8240000000001
2025-03-01,11J,437.9571100000001,832.2550000000003
2024-10-01,11J,477.7159999999999,832.8300000000002
2024-11-01,11J,418.8517399999999,833.011
2026-01-01,11J,2406.017250000001,830.9859999999999
2022-11-01,11J,529.3703899999999,823.9890000000001
2023-02-01,11J,465.9400099999998,824.833
2023-03-01,11J,667.72247,824.9440000000001
2021-09-01,11J,591.90154,814.8310000000002
2024-02-01,11M,660.2420900000002,689.422
2023-12-01,11M,808.8178200000001,688.0950000000001
2024-12-01,11M,689.1184299999996,695.7289999999999
2023-02-01,11M,742.5259400000001,681.8290000000002
2022-01-01,11M,902.7932199999998,673.5409999999997
2025-11-01,11M,2394.0084399999996,699.116
2025-04-01,11M,833.5176000000002,696.5379999999998
2023-08-01,11M,767.1117999999998,685.316
2022-10-01,11M,789.7105300000001,679.322
2025-03-01,11M,648.3817600000001,696.4099999999999
2021-08-01,11M,935.5052700000003,669.8750000000002
2022-09-01,11M,819.7914899999997,678.4499999999999
2025-01-01,11M,665.7740200000002,696.009
2024-01-01,11M,857.54957,688.6809999999999
2022-02-01,11M,793.1395499999999,674.0269999999998
2022-03-01,11M,889.9850100000003,674.3670000000001
2026-02-01,11M,2656.8353800000004,698.6719999999998
2024-03-01,11M,795.7883000000002,690.1959999999999
2022-11-01,11M,760.4630099999999,679.9170000000001
2025-08-01,11M,1602.4308000000003,697.7500000000001
2025-09-01,11M,2099.5137,698.383
2024-11-01,11M,653.2816599999999,695.3359999999999
2025-06-01,11M,880.1651299999999,697.163
2025-05-01,11M,890.5682800000002,696.844
2025-02-01,11M,640.2650200000002,696.3629999999999
2025-07-01,11M,1651.5091099999997,697.3359999999993
2026-06-01,11M,2852.62119,698.3229999999996
2026-05-01,11M,2935.61927,698.4509999999998
2023-04-01,11M,727.3030300000001,682.822
2021-06-01,11M,1109.39048,668.3589999999999
2024-06-01,11M,665.4810599999998,692.0199999999996
2021-09-01,11M,1107.74323,670.6339999999999
2025-12-01,11M,4620.162060000003,699.3339999999998
2025-10-01,11M,1977.9175000000005,698.933
2023-03-01,11M,844.25539,682.2620000000002
2024-07-01,11M,668.5872699999996,692.7919999999999
2022-06-01,11M,808.60179,675.9929999999998
2023-07-01,11M,731.81714,684.5840000000002
2021-12-01,11M,1071.13262,672.783
2023-10-01,11M,693.2505099999998,686.7200000000001
2022-05-01,11M,788.5420000000005,675.2130000000004
2021-10-01,11M,951.8310799999997,671.7200000000003
2024-09-01,11M,593.9320099999999,694.156
2023-09-01,11M,674.8900300000003,685.9449999999996
2022-07-01,11M,791.3706300000002,676.8079999999999
2023-05-01,11M,854.8076100000001,683.296
2026-03-01,11M,2612.51631,698.235
2023-06-01,11M,803.92186,683.8250000000002
2026-04-01,11M,2959.914620000001,698.3459999999999
2024-04-01,11M,626.8126599999999,690.6050000000001
2024-05-01,11M,657.0327200000002,691.4489999999998
2021-11-01,11M,1018.7421300000001,672.1949999999999
2021-07-01,11M,1096.4708799999999,669.452
2023-01-01,11M,798.1879399999998,681.0460000000003
2023-11-01,11M,715.6761799999999,687.341
2022-04-01,11M,867.7061400000002,675.0490000000001
2026-01-01,11M,3455.793449999999,699.2999999999997
2022-08-01,11M,780.27732,677.6150000000001
2024-08-01,11M,717.1303600000001,693.5690000000001
2024-10-01,11M,704.7079600000003,694.8179999999999
2022-12-01,11M,872.3895499999998,680.8140000000002
2021-07-01,11N,1353.6075700000004,594.3700000000001
2023-02-01,11N,924.4883100000002,600.3040000000001
2026-05-01,11N,3271.646649999999,604.8919999999997
2026-02-01,11N,3345.3758300000004,605.1610000000003
2023-11-01,11N,1062.3164500000003,602.8919999999999
2022-10-01,11N,947.58996,599.3459999999997
2022-12-01,11N,1036.36729,600.3249999999998
2022-09-01,11N,1080.3305900000005,598.7149999999998
2021-06-01,11N,1449.3629500000002,593.2299999999999
2026-03-01,11N,3022.416500000001,604.858
2022-06-01,11N,1102.25244,597.8290000000002
2022-05-01,11N,1136.0034600000001,597.524
2023-12-01,11N,1094.9118500000002,603.365
2025-06-01,11N,1311.29415,605.8489999999999
2024-04-01,11N,982.75592,603.523
2021-11-01,11N,1275.1281400000003,596.418
2021-12-01,11N,1448.35737,596.9949999999999
2023-05-01,11N,956.5890499999999,600.384
2024-01-01,11N,1078.1677300000003,603.328
2024-10-01,11N,1040.74455,605.8910000000001
2024-06-01,11N,819.0761300000003,604.1230000000002
2022-11-01,11N,1076.8132600000004,599.767
2023-04-01,11N,997.36693,600.327
2023-01-01,11N,1073.0864500000002,600.1439999999999
2022-04-01,11N,1122.86735,597.6120000000002
2025-05-01,11N,1282.6372400000002,605.9250000000001
2026-01-01,11N,4281.197550000002,605.661
2026-06-01,11N,3472.818389999999,604.8890000000001
2024-07-01,11N,942.3651699999999,604.377
2025-07-01,11N,2316.0918099999994,605.561
2021-08-01,11N,1236.0620700000004,594.8170000000001
2026-04-01,11N,3838.2863799999996,605.0569999999998
2023-09-01,11N,937.0681100000002,601.703
2025-11-01,11N,3020.70842,605.9109999999998
2023-06-01,11N,977.0304900000001,600.6269999999998
2025-08-01,11N,2322.16594,605.505
2025-12-01,11N,5036.26008,605.7999999999998
2022-01-01,11N,1156.3863900000001,597.016
2023-08-01,11N,925.0550199999999,601.371
2023-07-01,11N,916.40658,600.9930000000002
2024-03-01,11N,1097.4715200000003,603.3999999999999
2025-09-01,11N,3002.877030000001,605.6220000000001
2022-08-01,11N,1133.3931099999995,598.412
2024-08-01,11N,843.6397399999998,604.7000000000002
2025-10-01,11N,2657.097480000001,606.128
2025-04-01,11N,938.2105900000001,605.8719999999997
2025-02-01,11N,794.7401199999999,606.1039999999999
2024-05-01,11N,858.7889700000001,603.924
2023-10-01,11N,984.6356900000002,602.386
2024-09-01,11N,818.2972199999996,604.9469999999998
2025-01-01,11N,883.4357800000001,606.1039999999999
2021-09-01,11N,1345.93111,595.4230000000001
2024-11-01,11N,826.5661,606.149
2023-03-01,11N,1159.9428900000005,600.265
2022-02-01,11N,1145.71151,597.503
2021-10-01,11N,1212.1946500000004,596.0079999999999
2022-03-01,11N,1234.8579899999997,597.4269999999999
2024-02-01,11N,969.2491600000001,603.4559999999999
2025-03-01,11N,795.38171,605.9739999999998
2024-12-01,11N,912.71699,606.1829999999999
2022-07-01,11N,1021.51505,598.209
2022-11-01,11X,518.1099300000001,598.8679999999996
2024-12-01,11X,432.7274099999999,608.175
2023-08-01,11X,476.13884999999993,601.8949999999999
2024-01-01,11X,505.87370999999985,604.031
2022-03-01,11X,569.5448999999999,594.2509999999997
2024-09-01,11X,393.80658000000005,607.3039999999999
2022-08-01,11X,525.3625499999998,596.793
2025-05-01,11X,637.05235,607.987
2023-01-01,11X,458.3428100000001,599.2420000000004
2023-10-01,11X,493.3871499999999,602.679
2023-11-01,11X,473.7212199999999,603.3259999999999
2022-06-01,11X,491.8590100000001,595.5889999999999
2025-09-01,11X,1278.38317,608.8050000000002
2023-07-01,11X,494.14839,601.286
2022-07-01,11X,537.2079600000002,596.3710000000001
2021-10-01,11X,586.1033899999999,592.8630000000002
2022-09-01,11X,442.1895200000001,597.4799999999999
2024-11-01,11X,412.08628000000004,607.936
2025-11-01,11X,1243.1795499999998,608.2270000000001
2026-05-01,11X,1779.0467899999992,605.433
2025-06-01,11X,541.49587,608.1669999999999
2024-03-01,11X,470.08558000000016,604.3870000000004
2021-11-01,11X,682.7021300000001,593.144
2026-01-01,11X,2202.78447,607.4079999999998
2022-10-01,11X,549.2186299999998,598.1410000000001
2023-03-01,11X,493.91062999999997,600.0260000000001
2025-08-01,11X,1183.9034699999997,608.7059999999998
2026-06-01,11X,2134.6612899999996,605.0620000000001
2021-07-01,11X,622.14158,590.6470000000002
2026-02-01,11X,1639.94242,606.605
2023-09-01,11X,489.6058000000002,602.6079999999998
2021-06-01,11X,723.2115299999998,589.677
2022-01-01,11X,586.9825900000002,593.9329999999999
2024-06-01,11X,432.2462100000002,605.6790000000001
2023-02-01,11X,451.44027999999986,599.727
2025-07-01,11X,901.96855,608.2499999999999
2024-04-01,11X,462.72618,604.6129999999998
2024-10-01,11X,423.4894200000001,607.577
2024-02-01,11X,519.2594,604.4710000000001
2023-04-01,11X,441.08855000000017,600.313
2024-08-01,11X,422.12818000000004,606.8530000000002
2022-05-01,11X,521.1771900000003,594.8399999999998
2023-12-01,11X,522.6671700000003,603.8649999999998
2021-09-01,11X,576.2834600000002,592.3360000000004
2024-07-01,11X,446.1241199999998,606.1650000000002
2025-02-01,11X,383.6331599999999,608.5960000000001
2021-08-01,11X,595.1673400000001,591.3429999999996
2026-04-01,11X,1922.2161300000002,605.7959999999998
2025-12-01,11X,2816.7910599999987,607.8410000000003
2022-02-01,11X,457.0143100000001,594.0310000000002
2023-05-01,11X,469.01676000000003,600.5979999999998
2025-04-01,11X,419.54994999999997,607.8870000000001
2022-12-01,11X,513.0364299999999,599.259
2025-03-01,11X,432.33083,608.0279999999998
2024-05-01,11X,446.84069,605.2850000000001
2022-04-01,11X,483.79456000000016,594.527
2025-10-01,11X,1114.89533,608.554
2023-06-01,11X,501.5370699999999,600.972
2026-03-01,11X,1535.7565000000006,606.2100000000002
2021-12-01,11X,654.4515100000001,593.3699999999999
2025-01-01,11X,484.5005100000001,608.4480000000003
2024-03-01,15C,1017.3669700000002,1087.116
2024-02-01,15C,916.6741099999997,1085.9419999999998
2022-03-01,15C,1259.2653300000004,1059.6370000000004
2026-02-01,15C,3686.308309999999,1096.505
2024-12-01,15C,1211.93511,1094.9760000000003
2026-05-01,15C,3369.17294,1094.2690000000002
2022-04-01,15C,978.7792400000002,1060.59
2021-08-01,15C,1301.05137,1046.749
2023-03-01,15C,1011.31536,1071.1609999999998
2025-04-01,15C,1007.74868,1096.7329999999997
2023-12-01,15C,1005.3111799999997,1084.3629999999998
2021-10-01,15C,1214.78993,1049.8899999999996
2025-02-01,15C,755.0083299999998,1096.0049999999997
2023-09-01,15C,981.0921399999994,1076.422
2023-11-01,15C,1330.7413599999995,1083.006
2023-06-01,15C,1053.3874999999998,1073.7099999999998
2022-11-01,15C,1056.1485199999997,1066.6909999999998
2023-01-01,15C,932.6348500000001,1068.9500000000005
2023-05-01,15C,985.7902399999999,1072.5929999999998
2025-12-01,15C,6276.76139,1099.7969999999998
2022-01-01,15C,1232.5554499999998,1057.2500000000005
2022-08-01,15C,1082.8750500000003,1062.3330000000003
2021-12-01,15C,1353.8944000000008,1055.0399999999997
2024-07-01,15C,991.9047899999998,1089.773
2024-09-01,15C,877.74455,1089.096
2022-05-01,15C,1109.74773,1060.584
2026-04-01,15C,3544.9785700000007,1094.877
2025-06-01,15C,1141.82552,1096.8319999999999
2024-04-01,15C,838.03922,1087.863
2025-10-01,15C,2581.148429999999,1098.2800000000002
2026-03-01,15C,3342.4671299999995,1095.0240000000006
2022-09-01,15C,1020.5511900000001,1062.723
2026-01-01,15C,5490.05973,1098.7140000000006
2022-06-01,15C,1064.3180299999997,1061.5400000000004
2023-08-01,15C,939.5221599999999,1075.355
2024-11-01,15C,885.75633,1093.1410000000003
2024-01-01,15C,1047.2466100000001,1084.8379999999997
2023-10-01,15C,890.49241,1079.1479999999995
2021-09-01,15C,1430.9728900000007,1047.2570000000003
2024-06-01,15C,769.67899,1089.511
2025-09-01,15C,3140.993190000002,1095.7540000000001
2023-04-01,15C,1003.6833100000001,1071.9519999999995
2025-08-01,15C,2663.119959999999,1096.0280000000002
2024-08-01,15C,899.86701,1089.6409999999996
2022-02-01,15C,982.2221800000002,1059.1169999999997
2024-05-01,15C,844.7051399999999,1089.437
2025-07-01,15C,2148.1098600000005,1096.3820000000005
2025-01-01,15C,953.4065000000002,1095.4349999999997
2025-03-01,15C,843.4501899999999,1096.5280000000005
2025-05-01,15C,1369.2260999999996,1096.8759999999997
2023-07-01,15C,898.1690100000004,1074.806
2025-11-01,15C,2784.427029999999,1099.258
2021-06-01,15C,1511.8803699999996,1044.171
2026-06-01,15C,3798.7463299999995,1092.5769999999995
2022-10-01,15C,940.6127199999996,1063.705
2023-02-01,15C,977.54206,1070.1249999999998
2022-12-01,15C,1042.30228,1067.5890000000006
2021-07-01,15C,1483.2574099999997,1046.0829999999999
2022-07-01,15C,982.86035,1062.3350000000003
2021-11-01,15C,1487.1372000000006,1052.374
2024-10-01,15C,936.6323699999999,1090.7500000000005
2024-04-01,15E,1291.9513700000002,1628.972
2025-08-01,15E,3782.3635899999977,1647.788999999999
2023-03-01,15E,2069.065570000001,1592.386
2024-05-01,15E,1207.72909,1632.4240000000004
2021-11-01,15E,2096.4549700000002,1560.8339999999992
2024-06-01,15E,1311.6329700000003,1634.5700000000002
2025-04-01,15E,1598.6913900000013,1647.693
2024-07-01,15E,1443.17522,1635.1929999999995
2026-02-01,15E,6820.881599999996,1646.257
2023-10-01,15E,1331.3511099999998,1611.2979999999993
2023-05-01,15E,1390.5815000000002,1596.4450000000002
2023-07-01,15E,1338.2333999999992,1601.6879999999996
2022-08-01,15E,1604.743559999999,1571.91
2023-04-01,15E,1361.6052399999994,1595.0140000000001
2022-12-01,15E,1631.0105599999993,1583.9270000000008
2021-12-01,15E,2213.539300000001,1564.5250000000005
2022-05-01,15E,1845.9170400000007,1570.342
2025-03-01,15E,1340.4677700000002,1647.3230000000008
2024-08-01,15E,1244.1491699999997,1632.4489999999992
2024-12-01,15E,1314.4443,1644.756
2024-10-01,15E,1292.572989999999,1638.1460000000002
2023-11-01,15E,1261.9129200000004,1617.3320000000006
2025-01-01,15E,1380.460510000001,1645.4249999999995
2025-11-01,15E,5644.676000000002,1650.3580000000004
2021-08-01,15E,2112.072889999999,1555.961
2023-06-01,15E,1468.8431100000005,1598.8939999999989
2025-05-01,15E,1757.4603200000008,1647.7829999999994
2025-02-01,15E,1111.56052,1646.9750000000004
2021-06-01,15E,2624.3626799999997,1554.0719999999997
2023-01-01,15E,1483.1265800000008,1586.562
2024-09-01,15E,1162.1244799999995,1634.5230000000006
2025-09-01,15E,4341.7282300000015,1647.3260000000002
2022-09-01,15E,1526.6814799999995,1573.9099999999999
2024-01-01,15E,1706.0676200000007,1623.369
2026-06-01,15E,6075.802839999998,1634.1760000000004
2021-09-01,15E,2321.675270000002,1557.8909999999992
2022-06-01,15E,1602.2686800000008,1570.2779999999996
2026-05-01,15E,5585.93212,1639.3600000000001
2026-03-01,15E,6081.7298500000015,1644.1079999999993
2024-11-01,15E,1180.47385,1642.498
2021-07-01,15E,2172.93634,1555.259
2023-02-01,15E,1409.9924800000006,1588.9350000000015
2022-04-01,15E,1491.6510399999995,1570.9020000000003
2022-10-01,15E,1543.7512199999999,1575.225
2025-10-01,15E,4191.076109999999,1649.4690000000003
2025-06-01,15E,1950.6035499999991,1647.9009999999998
2023-09-01,15E,1306.0234300000004,1607.2749999999994
2022-02-01,15E,1626.5796799999987,1568.0059999999999
2021-10-01,15E,2029.5313999999978,1558.8339999999996
2026-01-01,15E,9659.262960000005,1648.813999999999
2024-03-01,15E,1800.0986399999995,1627.422
2022-01-01,15E,1695.5719599999993,1566.2939999999994
2026-04-01,15E,7102.230259999999,1641.3920000000005
2022-11-01,15E,1535.927449999999,1579.172999999999
2023-12-01,15E,1624.6590199999994,1621.371000000001
2022-07-01,15E,1587.6350100000002,1571.858999999999
2022-03-01,15E,1825.3425899999993,1569.7369999999996
2024-02-01,15E,1396.71684,1625.5549999999994
2023-08-01,15E,1336.074799999999,1604.8710000000005
2025-07-01,15E,3697.3903999999975,1647.7320000000013
2025-12-01,15E,10094.782070000001,1650.1680000000006
2022-01-01,15M,1037.6975699999998,1107.3199999999995
2023-09-01,15M,1022.1371000000004,1126.3380000000004
2024-07-01,15M,986.37581,1137.2829999999997
2023-07-01,15M,927.1019999999996,1123.5530000000003
2022-10-01,15M,1008.2358999999999,1114.946
2025-10-01,15M,2921.1293599999995,1145.5970000000007
2025-03-01,15M,921.0610799999998,1142.1699999999996
2026-06-01,15M,4932.980250000007,1142.9979999999998
2022-11-01,15M,966.70583,1116.0570000000002
2026-01-01,15M,5601.2343,1144.5980000000002
2023-03-01,15M,1043.5532400000002,1119.6940000000006
2023-12-01,15M,1052.0987099999995,1130.6759999999997
2021-08-01,15M,1147.9064499999997,1103.991000000001
2024-06-01,15M,799.45186,1136.0790000000002
2024-04-01,15M,839.6138399999994,1133.8020000000001
2025-06-01,15M,1741.5103299999998,1143.3340000000005
2025-07-01,15M,3903.76898,1143.8440000000003
2026-04-01,15M,4111.379370000001,1143.5180000000003
2022-09-01,15M,1094.2752499999997,1114.0569999999996
2023-04-01,15M,948.3208,1120.369
2024-02-01,15M,990.2137800000003,1132.329
2021-06-01,15M,1293.3359500000004,1102.1600000000005
2022-03-01,15M,1133.1152399999999,1108.6350000000002
2022-08-01,15M,1013.7761800000001,1112.8839999999998
2025-12-01,15M,6400.632209999996,1145.0269999999998
2022-12-01,15M,1088.7578499999997,1117.5110000000002
2026-03-01,15M,4212.35213,1143.5270000000005
2023-06-01,15M,1080.9862399999993,1122.2149999999992
2021-07-01,15M,1200.1791399999997,1103.1930000000004
2025-02-01,15M,946.3854,1142.2220000000002
2024-08-01,15M,880.8001200000003,1138.4599999999998
2023-02-01,15M,947.0056500000006,1118.8899999999996
2024-05-01,15M,848.3241500000004,1135.1779999999997
2026-05-01,15M,5053.810889999999,1143.466
2026-02-01,15M,4546.211930000001,1144.026000000001
2025-01-01,15M,950.6472500000004,1141.4220000000007
2023-08-01,15M,958.7597899999996,1125.1159999999998
2024-03-01,15M,1065.34347,1133.1200000000008
2022-04-01,15M,945.20271,1109.7640000000001
2023-10-01,15M,941.2839799999998,1127.4319999999996
2025-04-01,15M,1782.5530000000006,1142.5460000000007
2023-01-01,15M,987.3985600000004,1118.0340000000003
2022-05-01,15M,1084.5135500000001,1110.3920000000003
2024-12-01,15M,1006.18856,1141.0009999999993
2021-09-01,15M,1237.4278799999995,1104.7909999999997
2023-11-01,15M,932.10783,1129.2740000000003
2025-05-01,15M,2061.6859200000013,1142.8430000000003
2024-11-01,15M,2286.1778200000003,1140.585
2023-05-01,15M,984.2419700000004,1121.1429999999998
2025-11-01,15M,3534.387409999999,1145.46
2022-07-01,15M,1017.5448299999998,1112.1250000000002
2024-01-01,15M,1035.7542200000005,1131.412
2025-08-01,15M,2500.66561,1144.6179999999995
2021-10-01,15M,1004.6169299999997,1105.5029999999995
2025-09-01,15M,3489.8210600000016,1145.059
2022-06-01,15M,921.1143600000001,1111.536
2021-11-01,15M,1226.4574600000003,1105.868
2021-12-01,15M,1244.3281500000007,1106.741
2022-02-01,15M,974.4915200000008,1108.0529999999999
2024-09-01,15M,853.8386699999999,1139.3849999999998
2024-10-01,15M,936.3885900000001,1140.1630000000007
2026-02-01,15N,6665.5944999999965,1296.7090000000003
2025-10-01,15N,5487.481100000001,1300.0509999999995
2025-03-01,15N,1858.2892100000008,1297.5960000000011
2026-05-01,15N,6815.073750000001,1294.196
2022-03-01,15N,2400.5990500000003,1270.7350000000001
2025-07-01,15N,4897.601359999999,1296.1819999999996
2021-09-01,15N,2760.194999999999,1261.0320000000002
2025-08-01,15N,5489.5205000000005,1295.988
2024-03-01,15N,2436.4845199999995,1293.577
2024-06-01,15N,1781.5421299999996,1294.0519999999995
2025-01-01,15N,1948.7259399999998,1298.178
2024-04-01,15N,2042.7710299999997,1293.736999999999
2026-06-01,15N,6907.660160000001,1293.3099999999995
2021-12-01,15N,3480.2880699999996,1269.288
2025-04-01,15N,2131.8892200000014,1297.2560000000005
2023-02-01,15N,1875.4596899999992,1282.1240000000003
2023-12-01,15N,2234.364839999999,1292.3590000000002
2023-09-01,15N,1853.47694,1284.878
2022-11-01,15N,2056.734339999999,1277.9829999999997
2023-05-01,15N,1998.718869999999,1282.9679999999998
2025-02-01,15N,1668.7503399999998,1298.0140000000001
2022-05-01,15N,2138.3012600000006,1271.205
2026-01-01,15N,9501.326549999996,1298.0879999999995
2025-12-01,15N,11718.167470000002,1299.0419999999997
2023-01-01,15N,1977.59214,1280.894
2026-04-01,15N,6974.509169999998,1295.365
2025-06-01,15N,2494.48239,1296.7479999999998
2022-04-01,15N,2025.50488,1271.2979999999998
2024-02-01,15N,2009.00886,1293.4289999999999
2023-07-01,15N,1870.8472199999999,1284.1929999999998
2023-10-01,15N,1967.192540000001,1289.152
2024-08-01,15N,2076.5560499999997,1293.9600000000003
2024-09-01,15N,1891.1026799999995,1293.8589999999997
2022-10-01,15N,2030.0384800000002,1276.2480000000003
2021-11-01,15N,2549.4599700000003,1267.8300000000002
2022-08-01,15N,2108.0979599999996,1273.264
2024-05-01,15N,1890.1786799999998,1294.0670000000007
2021-08-01,15N,2597.130920000002,1260.5949999999998
2021-06-01,15N,2820.1632799999993,1258.5329999999994
2023-11-01,15N,1940.22689,1291.3180000000002
2022-06-01,15N,2066.003950000001,1272.4270000000001
2024-07-01,15N,2173.4946699999987,1293.900999999999
2023-04-01,15N,1871.2816999999995,1283.3749999999995
2023-06-01,15N,2027.4344999999994,1283.423
2022-01-01,15N,2062.5397700000008,1269.9150000000006
2023-03-01,15N,2190.9223899999993,1282.8540000000003
2025-05-01,15N,2865.583130000001,1296.8179999999993
2022-07-01,15N,2040.78329,1272.9760000000003
2021-10-01,15N,2355.6260899999993,1264.7959999999994
2025-09-01,15N,5897.473190000002,1295.974
2022-02-01,15N,1970.8575599999992,1270.2069999999994
2024-10-01,15N,1884.6927199999993,1297.2439999999997
2023-08-01,15N,1910.7324999999998,1284.5550000000003
2021-07-01,15N,2565.0784,1259.562
2024-11-01,15N,1886.1446699999988,1298.157
2024-12-01,15N,1972.5698699999994,1298.4479999999996
2022-09-01,15N,2098.1949999999997,1274.05
2022-12-01,15N,2045.2778999999996,1279.7090000000003
2024-01-01,15N,2253.36355,1292.7060000000001
2025-11-01,15N,6038.050379999998,1299.692
2026-03-01,15N,6396.849219999999,1295.6630000000005
2024-02-01,18C,883.8459299999997,828.1549999999999
2026-03-01,18C,3706.740450000001,833.5709999999998
2022-10-01,18C,884.2911899999998,819.9909999999999
2024-07-01,18C,908.73728,831.1060000000002
2022-04-01,18C,1378.02547,815.3910000000001
2026-04-01,18C,4652.32702,833.5729999999999
2021-11-01,18C,1287.7765499999996,812.9740000000003
2024-12-01,18C,867.1179100000006,833.1869999999999
2024-06-01,18C,792.4461000000002,830.2840000000002
2025-09-01,18C,3020.8573700000006,835.136
2022-02-01,18C,2844.67544,814.745
2023-06-01,18C,884.8546099999994,823.6020000000002
2023-01-01,18C,836.81785,821.3259999999999
2023-08-01,18C,790.4342300000001,825.259
2025-08-01,18C,2678.9678999999996,834.4800000000001
2024-03-01,18C,967.5595800000003,828.525
2022-12-01,18C,946.7370299999999,820.981
2025-01-01,18C,960.2112200000001,832.6499999999999
2025-06-01,18C,1201.6587299999999,833.6060000000001
2021-08-01,18C,975.0653100000004,811.2430000000005
2023-10-01,18C,1483.3978700000007,826.5160000000002
2021-07-01,18C,1013.9588699999997,809.6890000000002
2022-07-01,18C,891.9554499999998,817.738
2023-02-01,18C,799.82797,821.7440000000003
2024-05-01,18C,890.8709600000002,829.6839999999997
2022-08-01,18C,893.9768399999999,818.533
2022-09-01,18C,919.0805300000001,819.6100000000002
2021-09-01,18C,1078.12724,812.1539999999998
2025-04-01,18C,1018.5597299999996,833.1279999999999
2025-12-01,18C,7057.20187,835.238
2021-06-01,18C,1121.93498,808.5459999999999
2024-08-01,18C,833.7901099999995,831.844
2024-10-01,18C,859.4657799999997,832.9029999999999
2022-03-01,18C,1523.7015399999998,815.213
2025-10-01,18C,2953.0027100000007,835.4689999999998
2023-11-01,18C,1609.65054,826.8870000000003
2025-11-01,18C,3387.0409699999987,835.1989999999998
2021-12-01,18C,1107.72299,813.7509999999997
2026-05-01,18C,3745.185890000001,833.0809999999999
2022-11-01,18C,1429.63567,820.3800000000003
2025-07-01,18C,2362.7381500000006,834.0840000000001
2025-02-01,18C,718.6218500000004,832.6870000000002
2023-07-01,18C,892.5659499999998,824.158
2023-09-01,18C,812.5203000000001,826.0649999999998
2026-02-01,18C,4825.687980000001,834.3070000000001
2022-05-01,18C,1383.1686800000002,815.8049999999994
2025-05-01,18C,1204.31657,833.3250000000005
2024-04-01,18C,814.1972299999999,828.7639999999998
2023-03-01,18C,906.68375,822.3580000000002
2024-11-01,18C,849.6003900000002,833.148
2023-12-01,18C,876.5515799999997,827.3849999999999
2024-09-01,18C,777.7616800000001,832.4409999999999
2026-01-01,18C,5917.837499999997,834.8949999999996
2026-06-01,18C,4362.826869999999,832.6409999999998
2023-04-01,18C,774.6083099999998,822.5029999999999
2021-10-01,18C,996.1576299999998,812.7119999999998
2025-03-01,18C,843.3457999999998,832.7069999999999
2022-06-01,18C,915.3355300000001,816.7940000000002
2023-05-01,18C,864.6084599999999,822.79
2022-01-01,18C,921.4969500000003,814.356
2024-01-01,18C,885.0961100000006,827.6849999999998
2022-11-01,36L,1557.0925399999999,1740.3489999999988
2025-12-01,36L,13153.61277,1778.0950000000003
2022-06-01,36L,1601.9439600000003,1732.3809999999999
2025-03-01,36L,1335.4288399999998,1775.3959999999993
2023-02-01,36L,1362.9960700000004,1745.4370000000004
2026-01-01,36L,9323.738340000004,1776.5229999999997
2021-08-01,36L,1891.3596999999986,1718.5239999999983
2023-10-01,36L,1517.9857000000009,1756.5039999999997
2026-02-01,36L,8051.541819999999,1770.524
2025-10-01,36L,4228.348800000002,1778.7450000000003
2025-02-01,36L,1311.5239599999998,1776.4790000000003
2022-04-01,36L,1576.7897499999995,1729.5939999999991
2021-09-01,36L,1873.8078500000001,1719.1129999999998
2024-09-01,36L,1458.7838600000002,1771.321
2021-10-01,36L,1988.49061,1719.9219999999991
2023-01-01,36L,1498.7224899999994,1743.2730000000008
2023-11-01,36L,1448.47105,1758.7240000000008
2023-09-01,36L,1423.8355200000003,1756.1100000000004
2024-02-01,36L,1476.3210799999995,1764.2690000000005
2022-12-01,36L,1635.3740699999998,1742.2719999999995
2025-06-01,36L,1706.6273800000004,1775.6120000000008
2022-07-01,36L,1563.719159999999,1734.1569999999992
2022-10-01,36L,1533.5659699999999,1737.8760000000002
2024-05-01,36L,1414.7852999999993,1767.9169999999992
2021-06-01,36L,2065.65302,1711.6489999999994
2021-11-01,36L,1778.8298900000004,1721.2460000000017
2024-08-01,36L,1487.4965999999997,1769.8450000000003
2022-01-01,36L,1670.150099999999,1726.2480000000003
2023-04-01,36L,1407.4626300000007,1748.8530000000003
2022-09-01,36L,1647.6798200000005,1736.8979999999997
2025-05-01,36L,1896.4369400000007,1774.3820000000012
2025-04-01,36L,1509.6681700000001,1774.4360000000015
2025-08-01,36L,5419.660000000002,1777.8609999999996
2024-10-01,36L,1476.1095699999996,1771.8320000000006
2025-07-01,36L,3607.3728000000006,1776.800999999999
2026-03-01,36L,7017.249500000001,1766.3569999999993
2026-04-01,36L,6925.185460000004,1763.3669999999997
2025-01-01,36L,1478.9924700000004,1775.307
2023-12-01,36L,1630.6462299999994,1761.2070000000008
2025-11-01,36L,6561.943609999997,1778.5960000000011
2022-03-01,36L,1759.6164399999996,1728.7779999999996
2022-05-01,36L,1694.59804,1730.5729999999996
2024-07-01,36L,1560.5482999999995,1769.7909999999995
2023-06-01,36L,1499.41748,1749.0460000000005
2024-03-01,36L,2320.8388499999987,1763.761
2021-07-01,36L,1953.5931799999978,1715.7060000000006
2021-12-01,36L,2110.4542399999996,1724.1039999999998
2025-09-01,36L,4061.3364,1778.3350000000005
2024-12-01,36L,1410.837600000001,1775.2369999999994
2024-04-01,36L,1349.75187,1764.1040000000003
2026-06-01,36L,5577.38918,1751.6509999999987
2022-08-01,36L,1699.4118699999979,1735.3249999999994
2023-07-01,36L,1389.5068099999999,1751.4639999999995
2024-11-01,36L,1498.2190699999999,1774.8349999999987
2023-08-01,36L,1510.80466,1753.7620000000015
2023-03-01,36L,1594.4458499999998,1747.3500000000004
2024-06-01,36L,1326.83932,1769.4549999999997
2024-01-01,36L,1647.8315200000002,1762.889000000001
2026-05-01,36L,6571.206140000003,1759.3769999999997
2022-02-01,36L,1521.3320999999992,1727.718
2023-05-01,36L,1451.796339999999,1748.1730000000002
2025-06-01,71E,1185.2629100000004,825.5550000000001
2022-11-01,71E,885.2677299999999,811.6769999999997
2026-02-01,71E,4156.24198,824.9470000000006
2024-06-01,71E,1180.3808100000006,821.4799999999999
2024-04-01,71E,962.7702700000002,820.5409999999999
2022-09-01,71E,851.7142299999998,809.2720000000002
2023-09-01,71E,792.9501400000001,816.6649999999998
2024-12-01,71E,827.3750699999995,823.8989999999999
2025-05-01,71E,1139.90769,825.3190000000004
2026-03-01,71E,3778.00476,824.2730000000001
2022-08-01,71E,878.0563000000002,808.2810000000001
2025-07-01,71E,3459.9784799999998,826.094
2024-03-01,71E,935.5935300000002,820.1739999999999
2023-04-01,71E,779.70825,814.1730000000003
2024-07-01,71E,884.90144,821.891
2025-10-01,71E,3070.90868,826.0650000000003
2024-09-01,71E,786.6030499999998,822.859
2023-01-01,71E,863.3220600000003,812.815
2022-03-01,71E,1044.4998600000001,805.2290000000007
2026-01-01,71E,4572.426010000002,825.4580000000003
2022-12-01,71E,924.5550600000005,812.4609999999997
2022-10-01,71E,825.0310200000002,809.7440000000001
2025-08-01,71E,2276.5951099999997,826.7189999999999
2021-06-01,71E,1229.1740299999992,799.6699999999995
2023-03-01,71E,888.2597000000003,813.4650000000003
2024-02-01,71E,774.4715299999999,819.6009999999998
2023-07-01,71E,797.2356399999999,815.4129999999999
2022-01-01,71E,1233.1153300000003,804.3819999999995
2023-06-01,71E,817.3316699999997,815.0959999999999
2022-04-01,71E,888.7598900000005,805.536
2026-05-01,71E,3416.8503699999987,824.3849999999999
2023-08-01,71E,809.1657699999998,816.2009999999998
2022-07-01,71E,1033.6810899999998,807.4269999999997
2025-12-01,71E,5182.135379999998,825.306
2021-11-01,71E,1108.8733099999997,802.8169999999998
2025-02-01,71E,1090.6059699999998,824.9879999999999
2021-09-01,71E,1388.2562200000002,801.218
2022-02-01,71E,890.8052000000004,804.7289999999998
2024-08-01,71E,1393.9262200000005,822.3399999999998
2021-10-01,71E,1138.0708700000002,801.4569999999998
2026-06-01,71E,4796.2827099999995,823.6619999999998
2024-01-01,71E,970.8158899999996,819.3919999999998
2021-07-01,71E,1715.23671,800.3400000000005
2021-08-01,71E,1118.4286599999998,800.5260000000003
2021-12-01,71E,1099.45381,803.7049999999999
2023-12-01,71E,955.08785,819.135
2025-03-01,71E,840.62253,825.1559999999998
2022-06-01,71E,920.8316000000001,806.5899999999999
2023-11-01,71E,815.4151700000001,818.1640000000002
2023-02-01,71E,746.6187300000001,813.119
2025-09-01,71E,3674.6754499999993,826.741
2024-05-01,71E,815.6170800000002,821.5019999999998
2024-11-01,71E,799.5427400000001,823.2290000000003
2023-10-01,71E,838.7700700000004,817.184
2025-01-01,71E,1177.4212599999998,824.5690000000002
2022-05-01,71E,935.8887900000002,805.821
2024-10-01,71E,843.4027900000001,823.0600000000002
2026-04-01,71E,3803.03609,824.6899999999999
2023-05-01,71E,819.7173500000004,814.481
2025-04-01,71E,983.2971000000002,825.7629999999998
2025-11-01,71E,3154.61099,825.0329999999999
2022-04-01,72Q,821.57951,2052.559
2022-03-01,72Q,1045.0299399999997,2050.935000000001
2022-08-01,72Q,895.9188400000004,2057.7989999999995
2023-04-01,72Q,781.2957500000003,2075.835
2025-09-01,72Q,3019.5572000000016,2125.3009999999995
2022-09-01,72Q,870.4392699999999,2059.36
2024-08-01,72Q,812.9737400000002,2115.4560000000006
2025-01-01,72Q,828.6158100000002,2123.937
2024-05-01,72Q,793.576340000001,2111.4160000000006
2022-07-01,72Q,889.9787299999988,2055.97
2026-06-01,72Q,3890.9042299999983,2094.8019999999997
2023-05-01,72Q,902.6448600000004,2075.928
2024-03-01,72Q,945.5052499999999,2105.870999999999
2022-05-01,72Q,894.24234,2053.3930000000014
2024-12-01,72Q,800.6161600000004,2123.213
2023-08-01,72Q,814.60237,2085.1169999999993
2022-01-01,72Q,1025.7858099999999,2047.0040000000004
2021-10-01,72Q,1061.8534399999996,2038.754
2025-03-01,72Q,797.3136700000002,2124.726000000001
2025-12-01,72Q,6415.125219999995,2123.983
2023-07-01,72Q,805.5559600000001,2082.1370000000015
2024-01-01,72Q,978.7963800000006,2099.9360000000006
2024-02-01,72Q,1000.0400999999999,2103.4200000000005
2025-11-01,72Q,3339.944269999998,2125.229
2023-11-01,72Q,788.7919800000002,2094.9519999999998
2021-07-01,72Q,1147.84338,2030.7189999999996
2022-11-01,72Q,931.2722400000008,2065.2409999999995
2025-05-01,72Q,1137.3463500000014,2122.9719999999993
2022-06-01,72Q,879.1165999999998,2055.028000000001
2026-03-01,72Q,5562.3043,2108.1530000000007
2023-02-01,72Q,830.4239400000001,2072.7059999999997
2025-06-01,72Q,1113.6869700000002,2123.136000000002
2023-10-01,72Q,817.5913499999997,2089.440000000001
2024-11-01,72Q,858.0080399999999,2121.6969999999997
2022-10-01,72Q,965.9465399999999,2061.218000000001
2021-06-01,72Q,1219.4175100000007,2024.342
2021-11-01,72Q,1077.9745800000003,2041.6590000000003
2021-08-01,72Q,1032.3140900000003,2035.2330000000013
2023-06-01,72Q,911.4601400000001,2078.47
2025-04-01,72Q,1024.05597,2123.368999999999
2025-08-01,72Q,2477.053999999999,2124.2819999999992
2023-12-01,72Q,1047.333519999999,2098.253
2024-04-01,72Q,872.5588700000003,2106.992
2025-02-01,72Q,797.7691400000006,2125.2100000000005
2021-12-01,72Q,1118.437940000001,2044.9
2025-10-01,72Q,4110.357599999999,2126.2279999999987
2024-09-01,72Q,789.2701700000005,2115.723000000001
2026-02-01,72Q,5046.54228,2113.563
2026-04-01,72Q,4052.3998700000025,2106.7529999999992
2026-05-01,72Q,4083.55234,2100.850999999999
2024-06-01,72Q,750.3495700000004,2113.0399999999986
2024-07-01,72Q,887.4303600000001,2114.930000000001
2023-03-01,72Q,811.9284299999999,2074.5560000000005
2022-02-01,72Q,894.9390700000009,2049.9099999999994
2021-09-01,72Q,1079.8526500000012,2036.6050000000007
2026-01-01,72Q,6096.653529999998,2121.044
2023-01-01,72Q,834.7975899999999,2069.4820000000004
2022-12-01,72Q,961.9048900000008,2068.752000000001
2024-10-01,72Q,829.2748700000003,2118.1420000000007
2025-07-01,72Q,2396.0807999999997,2123.712
2023-09-01,72Q,807.429140000001,2087.0499999999997
2026-02-01,78H,3145.2335799999996,851.1250000000001
2022-05-01,78H,975.8448600000003,813.524
2021-06-01,78H,1491.14588,803.361
2022-08-01,78H,873.2371499999997,816.5999999999997
2022-10-01,78H,895.6178700000003,818.4859999999999
2022-03-01,78H,1168.8031799999997,811.38
2024-08-01,78H,862.4320299999999,845.2269999999997
2023-12-01,78H,1022.8381099999999,835.891
2025-01-01,78H,912.2332000000004,848.8299999999998
2022-07-01,78H,1060.8624400000003,815.6090000000002
2021-07-01,78H,1380.03579,804.554
2024-03-01,78H,971.5277399999998,839.7130000000001
2024-06-01,78H,788.4019999999999,843.175
2024-10-01,78H,898.71313,846.5939999999998
2021-11-01,78H,1239.2151900000003,808.071
2022-04-01,78H,972.6583000000002,812.4409999999999
2022-02-01,78H,999.8487899999998,810.9250000000002
2021-08-01,78H,1350.7515900000005,806.372
2021-12-01,78H,1322.9715599999997,808.8779999999998
2026-03-01,78H,3322.912989999999,850.6129999999998
2024-12-01,78H,875.3701899999998,848.303
2026-04-01,78H,4063.71239,850.5980000000002
2023-08-01,78H,882.5970499999997,830.51
2024-05-01,78H,860.1887400000005,842.1319999999997
2024-07-01,78H,912.9514,844.159
2022-09-01,78H,906.1230399999998,817.8549999999999
2026-01-01,78H,5733.821860000002,852.3169999999999
2025-02-01,78H,808.0415100000001,849.5970000000003
2023-03-01,78H,913.8047399999999,823.7620000000003
2025-10-01,78H,2624.258140000001,852.8939999999999
2021-09-01,78H,1355.4303499999996,806.9480000000001
2023-06-01,78H,886.9415799999998,827.6660000000002
2023-07-01,78H,806.6606299999997,829.3230000000001
2025-11-01,78H,2869.31476,852.8559999999998
2022-11-01,78H,945.6178800000004,819.557
2025-04-01,78H,965.7381599999998,849.8109999999999
2023-01-01,78H,942.8325700000004,821.917
2024-02-01,78H,904.1541699999998,838.366
2023-11-01,78H,824.1236500000001,834.467
2023-02-01,78H,825.8522999999999,822.959
2024-04-01,78H,810.0003199999998,840.777
2022-06-01,78H,915.94815,814.9129999999998
2022-01-01,78H,1054.5025500000004,809.7560000000001
2025-07-01,78H,2318.7316299999998,851.2189999999998
2024-09-01,78H,832.8268099999998,846.3040000000002
2022-12-01,78H,937.63779,821.0969999999998
2025-06-01,78H,1128.97695,850.643
2026-06-01,78H,4424.957439999999,849.24
2025-12-01,78H,6570.126069999999,852.5679999999998
2023-05-01,78H,884.7358800000003,826.425
2021-10-01,78H,1202.7155499999997,807.4469999999998
2025-08-01,78H,2276.8882900000003,851.9110000000001
2023-09-01,78H,843.0025600000002,831.7210000000001
2024-11-01,78H,789.9106899999996,847.576
2023-04-01,78H,808.2213000000002,825.507
2025-05-01,78H,1215.3659100000004,850.1509999999996
2025-03-01,78H,847.7428000000004,849.6169999999995
2025-09-01,78H,2888.2984200000005,852.5450000000001
2026-05-01,78H,3568.6784599999996,850.1380000000003
2024-01-01,78H,975.3397599999997,836.8030000000001
2023-10-01,78H,882.4470499999998,832.541
2024-06-01,91Q,2224.6216099999974,2022.3419999999999
2023-07-01,91Q,2550.311019999997,1994.9920000000004
2022-10-01,91Q,2704.3905699999978,1976.1000000000001
2026-05-01,91Q,10150.768539999997,2041.504
2022-04-01,91Q,2782.62128,1964.6439999999989
2022-02-01,91Q,2945.4968099999996,1960.7010000000012
2026-02-01,91Q,9339.754920000001,2043.09
2023-01-01,91Q,2783.1777999999995,1983.3319999999997
2023-12-01,91Q,2815.299200000002,2008.5279999999998
2025-10-01,91Q,7448.669179999998,2043.1479999999988
2025-11-01,91Q,8858.40481,2043.401
2025-08-01,91Q,6287.035110000003,2041.7639999999994
2023-05-01,91Q,2712.8654799999995,1990.597999999998
2024-07-01,91Q,2551.2555699999994,2024.587000000001
2025-12-01,91Q,16374.468570000003,2044.0500000000006
2022-08-01,91Q,3103.762569999998,1972.012
2022-03-01,91Q,3190.5080700000008,1962.4060000000002
2021-10-01,91Q,3448.741720000001,1952.12
2025-04-01,91Q,2699.2037400000004,2037.8590000000002
2026-06-01,91Q,10231.729680000008,2039.5219999999997
2024-09-01,91Q,2320.85728,2029.014
2023-06-01,91Q,2786.860310000002,1992.789000000001
2022-09-01,91Q,2765.0128700000023,1974.223
2025-06-01,91Q,3050.666609999999,2039.6910000000012
2024-04-01,91Q,2325.992590000002,2017.477
2023-11-01,91Q,2409.06703,2005.6420000000007
2024-02-01,91Q,2522.887529999999,2013.471
2026-04-01,91Q,10842.500730000002,2041.9029999999998
2026-03-01,91Q,9203.990719999993,2041.8410000000006
2021-06-01,91Q,3939.0608999999977,1942.24
2024-08-01,91Q,2290.8612600000015,2027.1270000000006
2022-01-01,91Q,3117.270490000002,1958.8650000000007
2025-01-01,91Q,2421.5876800000005,2035.0990000000004
2024-03-01,91Q,2809.549629999998,2015.137
2024-11-01,91Q,2428.79543,2032.9040000000007
2022-12-01,91Q,2986.133580000001,1981.6249999999986
2021-07-01,91Q,3684.353,1946.0659999999996
2022-06-01,91Q,2877.225279999999,1968.6949999999995
2023-08-01,91Q,2552.1034000000004,1997.7399999999996
2025-07-01,91Q,6139.546739999998,2040.3909999999996
2025-02-01,91Q,2232.62831,2036.7999999999995
2021-11-01,91Q,3505.2350600000013,1954.8539999999996
2026-01-01,91Q,13343.225279999997,2043.7780000000005
2024-01-01,91Q,2702.621909999996,2010.299
2024-10-01,91Q,2494.215070000001,2030.8719999999998
2025-03-01,91Q,2317.6380399999994,2037.2010000000016
2025-05-01,91Q,3272.105750000004,2038.5830000000012
2023-10-01,91Q,2513.182760000001,2002.471
2021-09-01,91Q,3745.9813900000013,1950.2840000000003
2022-07-01,91Q,2863.4745300000004,1970.9130000000005
2023-02-01,91Q,2620.2108399999997,1985.6450000000002
2022-11-01,91Q,2791.6815499999993,1978.6739999999988
2024-05-01,91Q,2306.656169999997,2020.5739999999992
2024-12-01,91Q,2459.9979800000015,2034.402000000001
2023-04-01,91Q,2546.5415799999987,1988.3770000000004
2023-03-01,91Q,2753.2180299999995,1987.3099999999986
2021-12-01,91Q,3690.15602,1956.912999999999
2023-09-01,91Q,2349.912829999999,1999.8980000000015
2021-08-01,91Q,3466.684190000002,1947.8650000000016
2025-09-01,91Q,7695.86751,2042.692999999999
2022-05-01,91Q,3170.8134999999984,1966.3160000000005
2021-09-01,92G,1301.4105099999995,974.0820000000002
2023-10-01,92G,988.45364,997.4819999999997
2024-02-01,92G,1008.7793900000005,1003.489
2021-10-01,92G,1177.2219099999995,974.5060000000001
2022-12-01,92G,1056.3320499999995,988.993
2025-03-01,92G,990.2392599999996,1012.3830000000002
2022-07-01,92G,978.52633,983.5339999999998
2024-11-01,92G,985.7979000000004,1010.9769999999997
2022-06-01,92G,1082.2246399999997,982.5370000000005
2023-11-01,92G,1034.5023500000002,999.065
2023-05-01,92G,1051.9954400000001,993.4310000000004
2023-08-01,92G,984.9238299999998,995.9160000000005
2025-10-01,92G,3804.8562900000006,1012.6560000000004
2022-02-01,92G,1003.2568499999998,979.2919999999999
2025-11-01,92G,8266.874999999998,1013.1539999999998
2022-08-01,92G,1129.6802300000002,984.2129999999996
2024-06-01,92G,919.7144700000006,1006.4449999999996
2024-10-01,92G,983.6013599999998,1009.314
2025-01-01,92G,1074.6365200000002,1013.1029999999998
2023-03-01,92G,975.7262900000005,992.0869999999999
2023-06-01,92G,1040.2504600000004,994.1329999999999
2024-08-01,92G,1028.6196099999997,1008.0369999999998
2025-12-01,92G,7425.194559999998,1013.464
2023-02-01,92G,1002.8744100000005,991.548
2024-03-01,92G,1188.1656900000005,1003.9649999999997
2025-09-01,92G,3118.5320200000006,1012.5199999999999
2021-07-01,92G,1330.5690500000005,971.8130000000002
2022-10-01,92G,961.3417299999998,985.8539999999994
2025-07-01,92G,2502.6877300000006,1012.5630000000002
2026-06-01,92G,4090.6204799999996,1010.651
2024-09-01,92G,1007.4708600000001,1008.6919999999998
2021-11-01,92G,1345.90889,975.6350000000002
2025-08-01,92G,2362.2206400000005,1012.5399999999996
2023-04-01,92G,995.4161800000002,992.647
2021-08-01,92G,1252.9749800000002,972.9230000000007
2022-11-01,92G,1047.4114999999997,987.3340000000004
2024-01-01,92G,1108.5605600000006,1003.0160000000001
2024-12-01,92G,1128.37455,1012.5479999999999
2026-01-01,92G,5084.195090000002,1013.4250000000002
2023-07-01,92G,986.1952500000001,995.2860000000001
2026-05-01,92G,4282.432559999999,1010.9590000000003
2025-05-01,92G,1301.2652200000007,1012.405
2026-03-01,92G,5616.747160000001,1011.3759999999996
2023-12-01,92G,1148.5181699999998,1001.15
2026-02-01,92G,5733.943630000002,1012.3499999999997
2025-06-01,92G,1199.1219700000001,1012.5740000000004
2022-09-01,92G,1047.3058999999996,985.3569999999999
2024-07-01,92G,1054.4304499999996,1007.0999999999999
2026-04-01,92G,4302.99044,1011.1840000000002
2023-09-01,92G,939.1744400000002,996.7719999999995
2025-02-01,92G,935.7440600000001,1012.812
2022-04-01,92G,1142.5870599999998,980.7580000000003
2021-12-01,92G,1366.1597700000011,976.8819999999997
2022-01-01,92G,1163.4778100000003,978.415
2022-05-01,92G,1108.4851099999998,981.3499999999999
2024-04-01,92G,993.0901300000004,1004.3739999999996
2024-05-01,92G,970.7150700000003,1005.5919999999996
2023-01-01,92G,1005.92649,990.3560000000002
2022-03-01,92G,1194.2521700000002,979.953
2021-06-01,92G,1420.3205900000003,970.157
2025-04-01,92G,1102.94789,1012.4780000000001
2023-01-01,A3A8R,717.3016299999992,2395.805999999999
2024-07-01,A3A8R,775.6369199999999,2455.4450000000015
2023-02-01,A3A8R,615.70703,2400.7320000000022
2023-04-01,A3A8R,643.9280999999993,2409.865000000001
2023-03-01,A3A8R,769.1790399999996,2406.0230000000015
2023-07-01,A3A8R,678.3919599999996,2423.9400000000014
2025-07-01,A3A8R,2740.4508799999976,2482.4169999999995
2022-09-01,A3A8R,806.8358700000002,2375.4969999999994
2024-12-01,A3A8R,694.0412200000006,2466.0059999999985
2025-08-01,A3A8R,3223.533839999998,2483.9370000000017
2021-10-01,A3A8R,1504.5348399999984,2325.5530000000012
2022-04-01,A3A8R,4663.870749999997,2359.736999999999
2021-12-01,A3A8R,995.0224200000008,2339.5659999999993
2026-05-01,A3A8R,3270.39434,2464.959
2025-10-01,A3A8R,3022.0309299999985,2487.4060000000004
2024-05-01,A3A8R,716.4220900000008,2454.605999999999
2026-01-01,A3A8R,4958.082769999998,2488.858000000002
2026-04-01,A3A8R,4190.0014500000025,2468.9069999999983
2025-11-01,A3A8R,4416.72537,2489.8790000000004
2022-11-01,A3A8R,1095.61565,2386.214999999999
2024-09-01,A3A8R,1257.36748,2449.8340000000007
2024-02-01,A3A8R,1329.7582999999981,2455.185000000001
2022-08-01,A3A8R,816.7783999999996,2372.2380000000007
2022-02-01,A3A8R,1664.8363399999955,2350.5610000000015
2021-07-01,A3A8R,2351.4776399999987,2306.9249999999993
2024-10-01,A3A8R,1023.847429999999,2455.1540000000014
2022-01-01,A3A8R,799.7088500000004,2346.009
2025-02-01,A3A8R,1354.1820699999998,2473.9570000000003
2023-08-01,A3A8R,623.4286499999997,2428.741
2022-12-01,A3A8R,1139.266519999999,2392.4250000000006
2024-06-01,A3A8R,709.5736700000006,2457.5800000000004
2021-08-01,A3A8R,1042.7546400000006,2313.3940000000016
2022-10-01,A3A8R,756.8598400000001,2379.7109999999993
2023-05-01,A3A8R,694.9212100000003,2412.8450000000003
2024-01-01,A3A8R,782.1364500000005,2451.5260000000017
2022-05-01,A3A8R,872.5172199999998,2362.469000000001
2025-06-01,A3A8R,967.3486300000011,2479.337000000001
2021-09-01,A3A8R,2105.2748500000016,2319.153000000001
2025-09-01,A3A8R,2243.123149999999,2484.006000000001
2022-03-01,A3A8R,3359.3163299999965,2355.245999999999
2024-11-01,A3A8R,1053.9659700000009,2464.459000000002
2025-01-01,A3A8R,1140.2711700000007,2469.8049999999994
2023-06-01,A3A8R,1246.1628999999996,2418.6969999999988
2026-06-01,A3A8R,3546.85333,2454.6589999999987
2021-06-01,A3A8R,2091.10244,2296.858999999999
2023-12-01,A3A8R,1597.4782699999976,2447.6109999999994
2023-11-01,A3A8R,667.92542,2441.162999999999
2022-06-01,A3A8R,844.7456899999995,2366.4320000000007
2025-05-01,A3A8R,1701.734680000002,2477.184999999999
2024-04-01,A3A8R,1607.6077200000004,2449.107000000001
2022-07-01,A3A8R,730.4950200000003,2369.6240000000007
2026-02-01,A3A8R,4892.2231999999985,2479.615999999999
2025-03-01,A3A8R,1382.0887699999987,2476.1989999999983
2025-12-01,A3A8R,5018.347849999997,2490.2749999999983
2025-04-01,A3A8R,1627.7070700000013,2476.0300000000007
2023-10-01,A3A8R,657.6894799999993,2434.4479999999994
2024-08-01,A3A8R,674.3056799999997,2445.8269999999984
2026-03-01,A3A8R,3414.618700000003,2472.3239999999996
2021-11-01,A3A8R,1828.8804799999982,2333.358999999998
2023-09-01,A3A8R,1770.9226899999967,2432.3570000000004
2024-03-01,A3A8R,779.8549400000003,2453.941
2023-09-01,B2M3M,1671.5169600000004,1085.8529999999992
2022-09-01,B2M3M,1295.300579999999,1057.9759999999999
2022-07-01,B2M3M,2341.12056,1055.6770000000001
2024-06-01,B2M3M,978.3547600000006,1107.3749999999998
2025-11-01,B2M3M,3743.572089999999,1125.4560000000004
2025-07-01,B2M3M,2633.3465599999995,1117.3000000000002
2022-11-01,B2M3M,1870.7313000000001,1068.3410000000001
2023-02-01,B2M3M,1654.588679999999,1071.7979999999998
2024-12-01,B2M3M,1091.3320699999997,1118.4750000000004
2022-08-01,B2M3M,1793.825659999999,1056.6419999999996
2025-04-01,B2M3M,1296.1812000000002,1118.7409999999998
2026-04-01,B2M3M,4998.050909999998,1119.4290000000003
2023-07-01,B2M3M,1713.7435099999989,1081.8699999999994
2024-11-01,B2M3M,1042.65005,1117.4069999999997
2024-10-01,B2M3M,1135.9437600000008,1115.9369999999997
2021-08-01,B2M3M,1563.7185999999997,1034.2740000000006
2023-12-01,B2M3M,1352.9997999999996,1097.87
2023-10-01,B2M3M,1843.0860700000003,1091.95
2021-10-01,B2M3M,1463.5072099999995,1042.0970000000004
2025-12-01,B2M3M,6853.833020000001,1125.363
2022-06-01,B2M3M,1800.5517999999997,1054.3850000000002
2021-12-01,B2M3M,3186.26699,1047.254
2024-07-01,B2M3M,1183.4072699999988,1108.8770000000002
2025-03-01,B2M3M,996.0696600000003,1119.538
2023-03-01,B2M3M,2332.44696,1073.7839999999992
2021-11-01,B2M3M,2243.804759999999,1045.0520000000004
2024-04-01,B2M3M,1101.98829,1103.1449999999995
2026-01-01,B2M3M,5780.095580000001,1124.578
2022-12-01,B2M3M,1905.0525399999997,1069.6849999999995
2024-05-01,B2M3M,1116.6379999999995,1105.909
2023-11-01,B2M3M,1170.6577800000007,1096.413
2024-03-01,B2M3M,1328.6628699999994,1102.4619999999998
2022-02-01,B2M3M,1970.4967199999987,1048.5750000000005
2022-04-01,B2M3M,1985.9679200000007,1051.8500000000001
2023-06-01,B2M3M,2290.481450000002,1079.6789999999994
2024-02-01,B2M3M,1314.6941699999986,1101.0479999999998
2025-06-01,B2M3M,1408.3864199999998,1117.8059999999996
2026-06-01,B2M3M,5048.980960000003,1115.2489999999996
2025-10-01,B2M3M,3308.8668399999992,1123.0349999999999
2023-04-01,B2M3M,1655.9806600000004,1076.256
2025-01-01,B2M3M,1077.8508699999998,1118.5239999999997
2022-03-01,B2M3M,2119.640209999999,1049.975
2024-01-01,B2M3M,1264.4776900000004,1098.6080000000002
2026-03-01,B2M3M,4271.772189999999,1120.3890000000004
2021-06-01,B2M3M,1973.0959900000007,1030.693
2025-09-01,B2M3M,3485.5130500000014,1118.0510000000002
2022-05-01,B2M3M,2581.4401700000003,1052.9709999999995
2024-09-01,B2M3M,1021.4496099999996,1111.224
2023-08-01,B2M3M,1690.3596800000005,1083.8400000000001
2026-05-01,B2M3M,4581.4107399999975,1117.8249999999994
2023-05-01,B2M3M,1811.518560000001,1077.6809999999998
2021-09-01,B2M3M,1601.6554100000008,1035.4229999999998
2022-10-01,B2M3M,2267.175169999998,1064.3669999999995
2025-05-01,B2M3M,1350.0635900000004,1118.283
2026-02-01,B2M3M,4398.439259999999,1122.3509999999999
2021-07-01,B2M3M,1667.8037500000005,1032.9160000000004
2025-02-01,B2M3M,993.1023200000009,1119.637
2023-01-01,B2M3M,1948.9704699999993,1070.3129999999996
2024-08-01,B2M3M,1108.86867,1110.057
2025-08-01,B2M3M,2724.83621,1117.4320000000002
2022-01-01,B2M3M,2043.3645899999997,1048.5610000000004
2026-03-01,D2P2L,8062.072750000002,1338.3080000000002
2022-07-01,D2P2L,1916.1599400000007,1291.082000000001
2023-08-01,D2P2L,1818.1129900000005,1313.4239999999998
2025-10-01,D2P2L,5591.208399999997,1343.4329999999993
2022-02-01,D2P2L,2028.6906799999986,1286.359999999999
2023-01-01,D2P2L,1821.4009200000007,1299.639
2026-06-01,D2P2L,7391.518830000006,1334.9620000000004
2023-09-01,D2P2L,1766.7636099999995,1315.275
2023-05-01,D2P2L,1737.4318199999998,1307.1000000000004
2026-04-01,D2P2L,7260.039929999995,1337.7389999999994
2023-07-01,D2P2L,1736.911329999998,1311.597
2025-01-01,D2P2L,1845.52751,1341.002
2024-03-01,D2P2L,1862.9485800000007,1329.9270000000001
2021-09-01,D2P2L,3364.527010000002,1281.6369999999997
2021-06-01,D2P2L,3465.7326900000016,1278.9479999999999
2025-09-01,D2P2L,6165.653199999998,1343.9310000000003
2025-12-01,D2P2L,15919.88329,1342.5359999999996
2025-08-01,D2P2L,4753.7231999999985,1343.8220000000006
2021-08-01,D2P2L,3209.7452000000026,1281.6949999999995
2025-11-01,D2P2L,9435.465799999998,1343.4719999999995
2024-02-01,D2P2L,1699.569609999999,1327.8809999999999
2022-03-01,D2P2L,2301.33186,1287.2779999999998
2025-03-01,D2P2L,1747.0038400000003,1341.65
2025-06-01,D2P2L,2301.62999,1343.0700000000002
2024-08-01,D2P2L,2002.160450000001,1337.2650000000006
2024-04-01,D2P2L,2925.8201900000013,1330.47
2021-10-01,D2P2L,3064.047130000001,1282.068
2026-02-01,D2P2L,11414.32890000001,1339.5690000000002
2022-05-01,D2P2L,2172.2633400000013,1289.4910000000002
2022-06-01,D2P2L,1871.0899400000012,1290.5089999999993
2022-12-01,D2P2L,1924.8956399999984,1298.5229999999992
2022-08-01,D2P2L,1854.9143999999994,1291.9270000000001
2025-02-01,D2P2L,2035.46022,1341.4730000000006
2023-12-01,D2P2L,1887.2653999999984,1322.9890000000005
2023-04-01,D2P2L,1671.05217,1305.3070000000005
2022-10-01,D2P2L,1765.8715799999984,1293.911999999999
2021-11-01,D2P2L,3180.3569499999985,1282.8179999999998
2026-05-01,D2P2L,8003.75082,1336.7079999999992
2024-10-01,D2P2L,1817.7403900000004,1338.9189999999994
2024-01-01,D2P2L,1965.8475200000012,1324.9989999999996
2024-06-01,D2P2L,1893.99947,1334.891
2024-12-01,D2P2L,2111.42915,1340.555999999999
2024-05-01,D2P2L,2017.3358199999986,1333.4870000000003
2024-09-01,D2P2L,1724.707389999999,1338.6319999999998
2025-05-01,D2P2L,2316.700640000003,1342.6309999999996
2025-07-01,D2P2L,4874.739199999995,1343.6339999999998
2023-06-01,D2P2L,1701.0972000000002,1309.406
2023-11-01,D2P2L,1821.322690000002,1319.7229999999993
2023-10-01,D2P2L,1641.4407200000014,1316.4819999999993
2022-01-01,D2P2L,2632.4621,1285.391
2025-04-01,D2P2L,2045.9479399999998,1342.1280000000002
2026-01-01,D2P2L,12284.40267,1341.472000000001
2022-09-01,D2P2L,1898.8043299999997,1293.0970000000007
2022-11-01,D2P2L,1879.1959099999995,1296.383
2023-02-01,D2P2L,1677.4740299999994,1301.5100000000002
2021-07-01,D2P2L,3242.8604199999963,1280.7259999999994
2024-07-01,D2P2L,1862.6904699999986,1336.0650000000007
2021-12-01,D2P2L,3416.9819800000005,1284.0850000000005
2023-03-01,D2P2L,1905.312760000001,1303.6469999999993
2022-04-01,D2P2L,1949.582039999999,1288.9169999999997
2024-11-01,D2P2L,1551.1682399999986,1339.7869999999998
2025-04-01,M2L0M,446.0117,536.6540000000001
2022-10-01,M2L0M,566.4162700000003,522.3889999999999
2021-09-01,M2L0M,614.71566,515.695
2025-07-01,M2L0M,877.6307400000002,537.4499999999999
2023-08-01,M2L0M,373.55866000000003,526.9540000000002
2023-09-01,M2L0M,380.78975999999994,527.461
2022-05-01,M2L0M,559.8617600000001,519.7189999999999
2024-03-01,M2L0M,420.75386000000003,531.6229999999999
2023-11-01,M2L0M,408.30184999999994,529.0579999999999
2021-11-01,M2L0M,554.9980800000001,517.0229999999999
2026-06-01,M2L0M,2034.5021800000002,536.819
2024-11-01,M2L0M,332.0344900000001,536.0560000000002
2021-06-01,M2L0M,718.9608000000002,513.876
2023-07-01,M2L0M,383.34253000000007,526.177
2025-05-01,M2L0M,540.04414,536.7160000000001
2026-01-01,M2L0M,2167.0987999999993,538.0950000000001
2024-01-01,M2L0M,411.89699999999993,530.5400000000001
2022-02-01,M2L0M,457.3132600000001,518.6579999999999
2024-12-01,M2L0M,416.7980299999998,536.3109999999999
2024-04-01,M2L0M,998.4427599999998,531.951
2023-06-01,M2L0M,434.08714,525.5010000000001
2023-04-01,M2L0M,385.5110700000002,524.6870000000001
2023-03-01,M2L0M,412.55183,524.3080000000001
2023-05-01,M2L0M,470.9201999999999,525.157
2024-06-01,M2L0M,351.01992000000007,533.074
2025-11-01,M2L0M,1505.3917400000003,538.0040000000001
2026-02-01,M2L0M,1589.2731900000003,538.107
2021-12-01,M2L0M,664.5012400000002,517.7279999999998
2025-08-01,M2L0M,1101.85097,537.7519999999998
2025-02-01,M2L0M,664.5374100000001,536.7109999999998
2026-03-01,M2L0M,1685.80468,537.647
2022-04-01,M2L0M,449.8264399999999,519.4670000000001
2022-01-01,M2L0M,496.53371000000016,518.272
2024-05-01,M2L0M,340.65593000000007,532.7929999999999
2025-06-01,M2L0M,452.5703399999999,536.9350000000002
2022-09-01,M2L0M,501.01028,521.6659999999999
2022-11-01,M2L0M,407.2688399999999,522.805
2024-08-01,M2L0M,367.2753400000001,534.4080000000002
2024-07-01,M2L0M,411.03535999999997,533.587
2023-10-01,M2L0M,321.60832999999997,528.3479999999998
2024-09-01,M2L0M,359.21369999999996,534.8700000000001
2025-10-01,M2L0M,1211.33664,538.218
2025-03-01,M2L0M,394.4339100000001,536.6049999999998
2021-08-01,M2L0M,614.5739000000002,515.0760000000001
2022-08-01,M2L0M,472.2920000000001,521.023
2021-07-01,M2L0M,652.4282900000001,514.523
2025-01-01,M2L0M,358.38774,536.3499999999999
2022-03-01,M2L0M,571.3358,519.0140000000001
2025-12-01,M2L0M,2493.96479,538.1120000000002
2024-10-01,M2L0M,371.895,535.747
2023-01-01,M2L0M,397.80048999999997,523.5310000000002
2022-07-01,M2L0M,417.9529600000002,520.624
2025-09-01,M2L0M,1325.00958,537.7019999999999
2026-04-01,M2L0M,1792.4531600000003,537.6379999999999
2026-05-01,M2L0M,1654.8473,537.2800000000001
2021-10-01,M2L0M,493.27176,516.4519999999999
2022-12-01,M2L0M,449.72936000000004,523.3190000000001
2023-12-01,M2L0M,431.95952000000005,529.7579999999998
2023-02-01,M2L0M,368.82334000000003,523.9739999999999
2022-06-01,M2L0M,569.1495699999999,520.1959999999999
2024-02-01,M2L0M,647.56003,531.1429999999998
2023-05-01,00D,0.0,0.0
2023-03-01,00D,0.0,0.0
2025-07-01,00D,0.0,0.0
2022-04-01,00D,0.0,0.0
2022-08-01,00D,0.0,0.0
2023-09-01,00D,0.0,0.0
2022-03-01,00D,0.0,0.0
2025-01-01,00D,0.0,0.0
2025-08-01,00D,0.0,0.0
2022-07-01,00D,0.0,0.0
2022-02-01,00D,0.0,0.0
2025-03-01,00D,0.0,0.0
2022-10-01,00D,0.0,0.0
2025-11-01,00D,0.0,0.0
2023-06-01,00D,0.0,0.0
2024-04-01,00D,0.0,0.0
2023-11-01,00D,0.0,0.0
2021-11-01,00D,0.0,0.0
2022-12-01,00D,0.0,0.0
2025-02-01,00D,0.0,0.0
2026-02-01,00D,0.0,0.0
2026-01-01,00D,0.0,0.0
2026-05-01,00D,0.0,0.0
2024-02-01,00D,0.0,0.0
2022-06-01,00D,0.0,0.0
2024-06-01,00D,0.0,0.0
2026-04-01,00D,0.0,0.0
2023-10-01,00D,0.0,0.0
2024-07-01,00D,0.0,0.0
2023-07-01,00D,0.0,0.0
2023-01-01,00D,0.0,0.0
2024-08-01,00D,0.0,0.0
2025-09-01,00D,0.0,0.0
2021-10-01,00D,0.0,0.0
2024-05-01,00D,0.0,0.0
2025-06-01,00D,0.0,0.0
2023-04-01,00D,0.0,0.0
2024-12-01,00D,0.0,0.0
2025-10-01,00D,0.0,0.0
2021-09-01,00D,0.0,0.0
2022-11-01,00D,0.0,0.0
2023-12-01,00D,0.0,0.0
2024-03-01,00D,0.0,0.0
2026-03-01,00D,0.0,0.0
2024-10-01,00D,0.0,0.0
2024-09-01,00D,0.0,0.0
2021-12-01,00D,0.0,0.0
2021-07-01,00D,0.0,0.0
2025-05-01,00D,0.0,0.0
2021-08-01,00D,0.0,0.0
2026-06-01,00D,0.0,0.0
2023-02-01,00D,0.0,0.0
2025-12-01,00D,0.0,0.0
2021-06-01,00D,0.0,0.0
2023-08-01,00D,0.0,0.0
2022-05-01,00D,0.0,0.0
2025-04-01,00D,0.0,0.0
2022-01-01,00D,0.0,0.0
2022-09-01,00D,0.0,0.0
2024-01-01,00D,0.0,0.0
2024-11-01,00D,0.0,0.0
2022-09-01,00J,0.0,0.0
2022-03-01,00J,0.0,0.0
2024-03-01,00J,0.0,0.0
2021-07-01,00J,0.0,0.0
2025-10-01,00J,0.0,0.0
2025-04-01,00J,0.0,0.0
2026-04-01,00J,0.0,0.0
2022-05-01,00J,0.0,0.0
2022-02-01,00J,0.0,0.0
2021-12-01,00J,0.0,0.0
2021-08-01,00J,0.0,0.0
2022-08-01,00J,0.0,0.0
2023-01-01,00J,0.0,0.0
2024-12-01,00J,0.0,0.0
2024-02-01,00J,0.0,0.0
2026-05-01,00J,0.0,0.0
2022-04-01,00J,0.0,0.0
2024-08-01,00J,0.0,0.0
2025-12-01,00J,0.0,0.0
2023-08-01,00J,0.0,0.0
2024-06-01,00J,0.0,0.0
2026-01-01,00J,0.0,0.0
2023-05-01,00J,0.0,0.0
2023-11-01,00J,0.0,0.0
2023-04-01,00J,0.0,0.0
2022-12-01,00J,0.0,0.0
2026-02-01,00J,0.0,0.0
2025-09-01,00J,0.0,0.0
2022-06-01,00J,0.0,0.0
2024-05-01,00J,0.0,0.0
2025-01-01,00J,0.0,0.0
2023-09-01,00J,0.0,0.0
2023-10-01,00J,0.0,0.0
2022-10-01,00J,0.0,0.0
2025-05-01,00J,0.0,0.0
2023-02-01,00J,0.0,0.0
2023-12-01,00J,0.0,0.0
2025-11-01,00J,0.0,0.0
2021-06-01,00J,0.0,0.0
2023-03-01,00J,0.0,0.0
2025-08-01,00J,0.0,0.0
2023-07-01,00J,0.0,0.0
2024-07-01,00J,0.0,0.0
2023-06-01,00J,0.0,0.0
2025-03-01,00J,0.0,0.0
2025-07-01,00J,0.0,0.0
2022-11-01,00J,0.0,0.0
2024-04-01,00J,0.0,0.0
2022-07-01,00J,0.0,0.0
2022-01-01,00J,0.0,0.0
2025-02-01,00J,0.0,0.0
2025-06-01,00J,0.0,0.0
2021-11-01,00J,0.0,0.0
2024-09-01,00J,0.0,0.0
2026-03-01,00J,0.0,0.0
2024-11-01,00J,0.0,0.0
2024-10-01,00J,0.0,0.0
2024-01-01,00J,0.0,0.0
2021-10-01,00J,0.0,0.0
2021-09-01,00J,0.0,0.0
2026-06-01,00J,0.0,0.0
2026-06-01,00K,0.0,0.0
2021-08-01,00K,0.0,0.0
2023-06-01,00K,0.0,0.0
2024-03-01,00K,0.0,0.0
2026-04-01,00K,0.0,0.0
2022-03-01,00K,0.0,0.0
2025-07-01,00K,0.0,0.0
2024-08-01,00K,0.0,0.0
2026-01-01,00K,0.0,0.0
2024-07-01,00K,0.0,0.0
2024-04-01,00K,0.0,0.0
2024-01-01,00K,0.0,0.0
2025-10-01,00K,0.0,0.0
2022-02-01,00K,0.0,0.0
2022-08-01,00K,0.0,0.0
2022-07-01,00K,0.0,0.0
2024-09-01,00K,0.0,0.0
2024-05-01,00K,0.0,0.0
2026-03-01,00K,0.0,0.0
2025-08-01,00K,0.0,0.0
2022-10-01,00K,0.0,0.0
2025-04-01,00K,0.0,0.0
2025-03-01,00K,0.0,0.0
2023-07-01,00K,0.0,0.0
2024-11-01,00K,0.0,0.0
2024-12-01,00K,0.0,0.0
2025-11-01,00K,0.0,0.0
2023-08-01,00K,0.0,0.0
2021-10-01,00K,0.0,0.0
2023-04-01,00K,0.0,0.0
2022-05-01,00K,0.0,0.0
2022-01-01,00K,0.0,0.0
2022-04-01,00K,0.0,0.0
2023-05-01,00K,0.0,0.0
2023-11-01,00K,0.0,0.0
2021-07-01,00K,0.0,0.0
2025-12-01,00K,0.0,0.0
2021-11-01,00K,0.0,0.0
2025-02-01,00K,0.0,0.0
2022-11-01,00K,0.0,0.0
2026-05-01,00K,0.0,0.0
2022-09-01,00K,0.0,0.0
2021-09-01,00K,0.0,0.0
2025-09-01,00K,0.0,0.0
2025-06-01,00K,0.0,0.0
2023-09-01,00K,0.0,0.0
2024-02-01,00K,0.0,0.0
2024-06-01,00K,0.0,0.0
2025-05-01,00K,0.0,0.0
2022-06-01,00K,0.0,0.0
2024-10-01,00K,0.0,0.0
2025-01-01,00K,0.0,0.0
2023-10-01,00K,0.0,0.0
2023-12-01,00K,0.0,0.0
2026-02-01,00K,0.0,0.0
2021-06-01,00K,0.0,0.0
2023-01-01,00K,0.0,0.0
2023-02-01,00K,0.0,0.0
2021-12-01,00K,0.0,0.0
2023-03-01,00K,0.0,0.0
2022-12-01,00K,0.0,0.0
2024-08-01,00M,0.0,0.0
2025-08-01,00M,0.0,0.0
2024-05-01,00M,0.0,0.0
2022-07-01,00M,0.0,0.0
2023-06-01,00M,0.0,0.0
2025-05-01,00M,0.0,0.0
2022-03-01,00M,0.0,0.0
2025-01-01,00M,0.0,0.0
2021-12-01,00M,0.0,0.0
2026-02-01,00M,0.0,0.0
2021-10-01,00M,0.0,0.0
2025-03-01,00M,0.0,0.0
2025-10-01,00M,0.0,0.0
2024-01-01,00M,0.0,0.0
2022-10-01,00M,0.0,0.0
2023-07-01,00M,0.0,0.0
2023-11-01,00M,0.0,0.0
2024-11-01,00M,0.0,0.0
2023-03-01,00M,0.0,0.0
2026-04-01,00M,0.0,0.0
2022-11-01,00M,0.0,0.0
2026-06-01,00M,0.0,0.0
2023-05-01,00M,0.0,0.0
2025-11-01,00M,0.0,0.0
2021-09-01,00M,0.0,0.0
2021-07-01,00M,0.0,0.0
2022-06-01,00M,0.0,0.0
2023-08-01,00M,0.0,0.0
2023-09-01,00M,0.0,0.0
2023-12-01,00M,0.0,0.0
2024-02-01,00M,0.0,0.0
2025-02-01,00M,0.0,0.0
2026-01-01,00M,0.0,0.0
2024-06-01,00M,0.0,0.0
2022-02-01,00M,0.0,0.0
2023-01-01,00M,0.0,0.0
2026-03-01,00M,0.0,0.0
2024-12-01,00M,0.0,0.0
2024-04-01,00M,0.0,0.0
2024-07-01,00M,0.0,0.0
2025-06-01,00M,0.0,0.0
2021-06-01,00M,0.0,0.0
2022-05-01,00M,0.0,0.0
2025-09-01,00M,0.0,0.0
2022-04-01,00M,0.0,0.0
2022-01-01,00M,0.0,0.0
2021-11-01,00M,0.0,0.0
2025-04-01,00M,0.0,0.0
2023-10-01,00M,0.0,0.0
2024-10-01,00M,0.0,0.0
2022-09-01,00M,0.0,0.0
2022-12-01,00M,0.0,0.0
2025-12-01,00M,0.0,0.0
2023-02-01,00M,0.0,0.0
2025-07-01,00M,0.0,0.0
2024-03-01,00M,0.0,0.0
2026-05-01,00M,0.0,0.0
2021-08-01,00M,0.0,0.0
2022-08-01,00M,0.0,0.0
2023-04-01,00M,0.0,0.0
2024-09-01,00M,0.0,0.0
2025-03-01,01R,0.0,0.0
2022-05-01,01R,0.0,0.0
2024-01-01,01R,0.0,0.0
2024-07-01,01R,0.0,0.0
2024-06-01,01R,0.0,0.0
2025-12-01,01R,0.0,0.0
2023-05-01,01R,0.0,0.0
2023-10-01,01R,0.0,0.0
2025-05-01,01R,0.0,0.0
2023-03-01,01R,0.0,0.0
2024-10-01,01R,0.0,0.0
2026-02-01,01R,0.0,0.0
2022-06-01,01R,0.0,0.0
2023-09-01,01R,0.0,0.0
2026-05-01,01R,0.0,0.0
2021-07-01,01R,0.0,0.0
2024-08-01,01R,0.0,0.0
2021-11-01,01R,0.0,0.0
2023-01-01,01R,0.0,0.0
2024-02-01,01R,0.0,0.0
2024-12-01,01R,0.0,0.0
2023-12-01,01R,0.0,0.0
2021-06-01,01R,0.0,0.0
2022-12-01,01R,0.0,0.0
2022-07-01,01R,0.0,0.0
2026-04-01,01R,0.0,0.0
2023-02-01,01R,0.0,0.0
2025-02-01,01R,0.0,0.0
2021-10-01,01R,0.0,0.0
2021-08-01,01R,0.0,0.0
2023-11-01,01R,0.0,0.0
2024-09-01,01R,0.0,0.0
2024-04-01,01R,0.0,0.0
2025-09-01,01R,0.0,0.0
2026-03-01,01R,0.0,0.0
2025-08-01,01R,0.0,0.0
2025-01-01,01R,0.0,0.0
2025-07-01,01R,0.0,0.0
2022-11-01,01R,0.0,0.0
2025-11-01,01R,0.0,0.0
2022-02-01,01R,0.0,0.0
2024-11-01,01R,0.0,0.0
2026-06-01,01R,0.0,0.0
2022-04-01,01R,0.0,0.0
2023-08-01,01R,0.0,0.0
2023-06-01,01R,0.0,0.0
2021-12-01,01R,0.0,0.0
2025-10-01,01R,0.0,0.0
2022-08-01,01R,0.0,0.0
2022-09-01,01R,0.0,0.0
2023-07-01,01R,0.0,0.0
2021-09-01,01R,0.0,0.0
2023-04-01,01R,0.0,0.0
2024-05-01,01R,0.0,0.0
2022-01-01,01R,0.0,0.0
2025-04-01,01R,0.0,0.0
2022-10-01,01R,0.0,0.0
2026-01-01,01R,0.0,0.0
2022-03-01,01R,0.0,0.0
2025-06-01,01R,0.0,0.0
2024-03-01,01R,0.0,0.0
2026-05-01,02F,0.0,0.0
2026-02-01,02F,0.0,0.0
2025-11-01,02F,0.0,0.0
2024-03-01,02F,0.0,0.0
2024-04-01,02F,0.0,0.0
2023-02-01,02F,0.0,0.0
2025-03-01,02F,0.0,0.0
2021-06-01,02F,0.0,0.0
2022-02-01,02F,0.0,0.0
2025-12-01,02F,0.0,0.0
2024-09-01,02F,0.0,0.0
2024-10-01,02F,0.0,0.0
2024-07-01,02F,0.0,0.0
2024-01-01,02F,0.0,0.0
2021-10-01,02F,0.0,0.0
2025-02-01,02F,0.0,0.0
2021-11-01,02F,0.0,0.0
2024-12-01,02F,0.0,0.0
2022-07-01,02F,0.0,0.0
2023-06-01,02F,0.0,0.0
2024-08-01,02F,0.0,0.0
2021-12-01,02F,0.0,0.0
2026-06-01,02F,0.0,0.0
2022-08-01,02F,0.0,0.0
2022-06-01,02F,0.0,0.0
2021-08-01,02F,0.0,0.0
2025-08-01,02F,0.0,0.0
2022-12-01,02F,0.0,0.0
2025-10-01,02F,0.0,0.0
2025-04-01,02F,0.0,0.0
2023-09-01,02F,0.0,0.0
2025-09-01,02F,0.0,0.0
2025-01-01,02F,0.0,0.0
2023-03-01,02F,0.0,0.0
2024-05-01,02F,0.0,0.0
2025-05-01,02F,0.0,0.0
2026-04-01,02F,0.0,0.0
2022-10-01,02F,0.0,0.0
2023-10-01,02F,0.0,0.0
2022-09-01,02F,0.0,0.0
2023-11-01,02F,0.0,0.0
2022-01-01,02F,0.0,0.0
2025-06-01,02F,0.0,0.0
2023-07-01,02F,0.0,0.0
2022-03-01,02F,0.0,0.0
2024-02-01,02F,0.0,0.0
2021-09-01,02F,0.0,0.0
2024-06-01,02F,0.0,0.0
2026-03-01,02F,0.0,0.0
2025-07-01,02F,0.0,0.0
2023-08-01,02F,0.0,0.0
2023-05-01,02F,0.0,0.0
2022-05-01,02F,0.0,0.0
2022-04-01,02F,0.0,0.0
2022-11-01,02F,0.0,0.0
2024-11-01,02F,0.0,0.0
2021-07-01,02F,0.0,0.0
2023-12-01,02F,0.0,0.0
2023-01-01,02F,0.0,0.0
2026-01-01,02F,0.0,0.0
2023-04-01,02F,0.0,0.0
2025-12-01,02R,0.0,0.0
2022-12-01,02R,0.0,0.0
2022-11-01,02R,0.0,0.0
2024-02-01,02R,0.0,0.0
2021-12-01,02R,0.0,0.0
2022-09-01,02R,0.0,0.0
2021-11-01,02R,0.0,0.0
2023-07-01,02R,0.0,0.0
2025-10-01,02R,0.0,0.0
2022-08-01,02R,0.0,0.0
2024-08-01,02R,0.0,0.0
2026-01-01,02R,0.0,0.0
2023-03-01,02R,0.0,0.0
2026-02-01,02R,0.0,0.0
2023-11-01,02R,0.0,0.0
2021-07-01,02R,0.0,0.0
2023-08-01,02R,0.0,0.0
2021-08-01,02R,0.0,0.0
2022-06-01,02R,0.0,0.0
2024-10-01,02R,0.0,0.0
2024-11-01,02R,0.0,0.0
2022-10-01,02R,0.0,0.0
2026-05-01,02R,0.0,0.0
2024-03-01,02R,0.0,0.0
2025-06-01,02R,0.0,0.0
2025-04-01,02R,0.0,0.0
2023-04-01,02R,0.0,0.0
2023-05-01,02R,0.0,0.0
2022-03-01,02R,0.0,0.0
2025-08-01,02R,0.0,0.0
2025-03-01,02R,0.0,0.0
2023-09-01,02R,0.0,0.0
2024-05-01,02R,0.0,0.0
2025-02-01,02R,0.0,0.0
2023-12-01,02R,0.0,0.0
2022-04-01,02R,0.0,0.0
2026-03-01,02R,0.0,0.0
2023-06-01,02R,0.0,0.0
2021-06-01,02R,0.0,0.0
2025-01-01,02R,0.0,0.0
2025-11-01,02R,0.0,0.0
2022-07-01,02R,0.0,0.0
2025-09-01,02R,0.0,0.0
2023-01-01,02R,0.0,0.0
2022-01-01,02R,0.0,0.0
2024-06-01,02R,0.0,0.0
2023-02-01,02R,0.0,0.0
2026-06-01,02R,0.0,0.0
2024-12-01,02R,0.0,0.0
2025-07-01,02R,0.0,0.0
2024-07-01,02R,0.0,0.0
2021-09-01,02R,0.0,0.0
2024-01-01,02R,0.0,0.0
2022-05-01,02R,0.0,0.0
2021-10-01,02R,0.0,0.0
2022-02-01,02R,0.0,0.0
2023-10-01,02R,0.0,0.0
2026-04-01,02R,0.0,0.0
2024-04-01,02R,0.0,0.0
2025-05-01,02R,0.0,0.0
2024-09-01,02R,0.0,0.0
2022-06-01,02V,0.0,0.0
2023-02-01,02V,0.0,0.0
2022-05-01,02V,0.0,0.0
2025-11-01,02V,0.0,0.0
2025-10-01,02V,0.0,0.0
2022-07-01,02V,0.0,0.0
2023-06-01,02V,0.0,0.0
2026-05-01,02V,0.0,0.0
2025-03-01,02V,0.0,0.0
2024-03-01,02V,0.0,0.0
2022-09-01,02V,0.0,0.0
2023-08-01,02V,0.0,0.0
2026-06-01,02V,0.0,0.0
2021-09-01,02V,0.0,0.0
2021-07-01,02V,0.0,0.0
2021-11-01,02V,0.0,0.0
2025-06-01,02V,0.0,0.0
2021-12-01,02V,0.0,0.0
2021-10-01,02V,0.0,0.0
2026-04-01,02V,0.0,0.0
2022-04-01,02V,0.0,0.0
2023-07-01,02V,0.0,0.0
2022-12-01,02V,0.0,0.0
2024-05-01,02V,0.0,0.0
2022-03-01,02V,0.0,0.0
2023-09-01,02V,0.0,0.0
2023-12-01,02V,0.0,0.0
2022-11-01,02V,0.0,0.0
2025-07-01,02V,0.0,0.0
2025-04-01,02V,0.0,0.0
2025-05-01,02V,0.0,0.0
2023-01-01,02V,0.0,0.0
2025-08-01,02V,0.0,0.0
2025-02-01,02V,0.0,0.0
2021-08-01,02V,0.0,0.0
2022-10-01,02V,0.0,0.0
2025-09-01,02V,0.0,0.0
2024-08-01,02V,0.0,0.0
2023-11-01,02V,0.0,0.0
2024-01-01,02V,0.0,0.0
2021-06-01,02V,0.0,0.0
2022-01-01,02V,0.0,0.0
2022-02-01,02V,0.0,0.0
2024-09-01,02V,0.0,0.0
2026-02-01,02V,0.0,0.0
2023-03-01,02V,0.0,0.0
2023-04-01,02V,0.0,0.0
2024-06-01,02V,0.0,0.0
2023-05-01,02V,0.0,0.0
2024-07-01,02V,0.0,0.0
2026-03-01,02V,0.0,0.0
2024-10-01,02V,0.0,0.0
2025-01-01,02V,0.0,0.0
2026-01-01,02V,0.0,0.0
2024-12-01,02V,0.0,0.0
2022-08-01,02V,0.0,0.0
2024-02-01,02V,0.0,0.0
2023-10-01,02V,0.0,0.0
2025-12-01,02V,0.0,0.0
2024-11-01,02V,0.0,0.0
2024-04-01,02V,0.0,0.0
2025-02-01,02W,0.0,0.0
2021-08-01,02W,0.0,0.0
2024-03-01,02W,0.0,0.0
2026-05-01,02W,0.0,0.0
2023-10-01,02W,0.0,0.0
2026-04-01,02W,0.0,0.0
2025-10-01,02W,0.0,0.0
2024-07-01,02W,0.0,0.0
2022-08-01,02W,0.0,0.0
2025-08-01,02W,0.0,0.0
2023-07-01,02W,0.0,0.0
2023-12-01,02W,0.0,0.0
2022-07-01,02W,0.0,0.0
2021-07-01,02W,0.0,0.0
2022-05-01,02W,0.0,0.0
2024-09-01,02W,0.0,0.0
2022-06-01,02W,0.0,0.0
2025-09-01,02W,0.0,0.0
2021-12-01,02W,0.0,0.0
2025-07-01,02W,0.0,0.0
2025-11-01,02W,0.0,0.0
2025-05-01,02W,0.0,0.0
2024-02-01,02W,0.0,0.0
2025-12-01,02W,0.0,0.0
2024-06-01,02W,0.0,0.0
2022-03-01,02W,0.0,0.0
2023-08-01,02W,0.0,0.0
2022-04-01,02W,0.0,0.0
2023-01-01,02W,0.0,0.0
2024-01-01,02W,0.0,0.0
2024-08-01,02W,0.0,0.0
2022-01-01,02W,0.0,0.0
2026-03-01,02W,0.0,0.0
2026-02-01,02W,0.0,0.0
2025-06-01,02W,0.0,0.0
2024-10-01,02W,0.0,0.0
2024-05-01,02W,0.0,0.0
2026-06-01,02W,0.0,0.0
2023-05-01,02W,0.0,0.0
2021-09-01,02W,0.0,0.0
2021-11-01,02W,0.0,0.0
2021-10-01,02W,0.0,0.0
2023-04-01,02W,0.0,0.0
2024-12-01,02W,0.0,0.0
2023-11-01,02W,0.0,0.0
2023-02-01,02W,0.0,0.0
2022-09-01,02W,0.0,0.0
2025-01-01,02W,0.0,0.0
2022-12-01,02W,0.0,0.0
2026-01-01,02W,0.0,0.0
2022-02-01,02W,0.0,0.0
2022-10-01,02W,0.0,0.0
2025-04-01,02W,0.0,0.0
2024-04-01,02W,0.0,0.0
2023-06-01,02W,0.0,0.0
2022-11-01,02W,0.0,0.0
2023-03-01,02W,0.0,0.0
2025-03-01,02W,0.0,0.0
2023-09-01,02W,0.0,0.0
2021-06-01,02W,0.0,0.0
2024-11-01,02W,0.0,0.0
2024-09-01,03A,0.0,0.0
2026-05-01,03A,0.0,0.0
2024-06-01,03A,0.0,0.0
2025-08-01,03A,0.0,0.0
2025-03-01,03A,0.0,0.0
2025-01-01,03A,0.0,0.0
2023-08-01,03A,0.0,0.0
2026-04-01,03A,0.0,0.0
2022-04-01,03A,0.0,0.0
2025-10-01,03A,0.0,0.0
2024-12-01,03A,0.0,0.0
2023-01-01,03A,0.0,0.0
2022-06-01,03A,0.0,0.0
2023-11-01,03A,0.0,0.0
2024-08-01,03A,0.0,0.0
2022-05-01,03A,0.0,0.0
2021-11-01,03A,0.0,0.0
2025-07-01,03A,0.0,0.0
2022-12-01,03A,0.0,0.0
2023-03-01,03A,0.0,0.0
2021-08-01,03A,0.0,0.0
2024-11-01,03A,0.0,0.0
2026-06-01,03A,0.0,0.0
2024-07-01,03A,0.0,0.0
2025-04-01,03A,0.0,0.0
2022-09-01,03A,0.0,0.0
2024-10-01,03A,0.0,0.0
2021-12-01,03A,0.0,0.0
2024-02-01,03A,0.0,0.0
2025-06-01,03A,0.0,0.0
2022-11-01,03A,0.0,0.0
2021-06-01,03A,0.0,0.0
2021-10-01,03A,0.0,0.0
2023-02-01,03A,0.0,0.0
2023-07-01,03A,0.0,0.0
2024-05-01,03A,0.0,0.0
2022-10-01,03A,0.0,0.0
2024-04-01,03A,0.0,0.0
2026-02-01,03A,0.0,0.0
2022-01-01,03A,0.0,0.0
2023-12-01,03A,0.0,0.0
2023-06-01,03A,0.0,0.0
2023-09-01,03A,0.0,0.0
2025-12-01,03A,0.0,0.0
2022-07-01,03A,0.0,0.0
2023-04-01,03A,0.0,0.0
2023-05-01,03A,0.0,0.0
2021-07-01,03A,0.0,0.0
2026-03-01,03A,0.0,0.0
2026-01-01,03A,0.0,0.0
2022-02-01,03A,0.0,0.0
2023-10-01,03A,0.0,0.0
2022-08-01,03A,0.0,0.0
2025-02-01,03A,0.0,0.0
2021-09-01,03A,0.0,0.0
2025-11-01,03A,0.0,0.0
2022-03-01,03A,0.0,0.0
2024-01-01,03A,0.0,0.0
2025-09-01,03A,0.0,0.0
2025-05-01,03A,0.0,0.0
2024-03-01,03A,0.0,0.0
2023-01-01,03J,0.0,0.0
2025-12-01,03J,0.0,0.0
2024-09-01,03J,0.0,0.0
2022-01-01,03J,0.0,0.0
2023-10-01,03J,0.0,0.0
2025-05-01,03J,0.0,0.0
2022-05-01,03J,0.0,0.0
2025-10-01,03J,0.0,0.0
2022-10-01,03J,0.0,0.0
2025-06-01,03J,0.0,0.0
2023-04-01,03J,0.0,0.0
2023-03-01,03J,0.0,0.0
2022-06-01,03J,0.0,0.0
2023-06-01,03J,0.0,0.0
2024-01-01,03J,0.0,0.0
2022-03-01,03J,0.0,0.0
2025-09-01,03J,0.0,0.0
2021-07-01,03J,0.0,0.0
2026-03-01,03J,0.0,0.0
2022-02-01,03J,0.0,0.0
2025-02-01,03J,0.0,0.0
2022-07-01,03J,0.0,0.0
2024-10-01,03J,0.0,0.0
2021-09-01,03J,0.0,0.0
2024-11-01,03J,0.0,0.0
2024-05-01,03J,0.0,0.0
2025-07-01,03J,0.0,0.0
2024-03-01,03J,0.0,0.0
2022-12-01,03J,0.0,0.0
2023-12-01,03J,0.0,0.0
2021-11-01,03J,0.0,0.0
2025-08-01,03J,0.0,0.0
2024-12-01,03J,0.0,0.0
2024-04-01,03J,0.0,0.0
2026-01-01,03J,0.0,0.0
2021-08-01,03J,0.0,0.0
2026-06-01,03J,0.0,0.0
2023-08-01,03J,0.0,0.0
2024-08-01,03J,0.0,0.0
2023-09-01,03J,0.0,0.0
2025-03-01,03J,0.0,0.0
2025-04-01,03J,0.0,0.0
2025-11-01,03J,0.0,0.0
2023-07-01,03J,0.0,0.0
2021-12-01,03J,0.0,0.0
2022-08-01,03J,0.0,0.0
2023-11-01,03J,0.0,0.0
2026-05-01,03J,0.0,0.0
2026-02-01,03J,0.0,0.0
2023-02-01,03J,0.0,0.0
2024-06-01,03J,0.0,0.0
2022-04-01,03J,0.0,0.0
2022-09-01,03J,0.0,0.0
2026-04-01,03J,0.0,0.0
2022-11-01,03J,0.0,0.0
2021-10-01,03J,0.0,0.0
2023-05-01,03J,0.0,0.0
2024-07-01,03J,0.0,0.0
2021-06-01,03J,0.0,0.0
2024-02-01,03J,0.0,0.0
2025-01-01,03J,0.0,0.0
2026-06-01,03M,0.0,0.0
2025-11-01,03M,0.0,0.0
2022-09-01,03M,0.0,0.0
2024-06-01,03M,0.0,0.0
2023-05-01,03M,0.0,0.0
2023-07-01,03M,0.0,0.0
2022-05-01,03M,0.0,0.0
2022-07-01,03M,0.0,0.0
2022-08-01,03M,0.0,0.0
2026-03-01,03M,0.0,0.0
2025-05-01,03M,0.0,0.0
2026-02-01,03M,0.0,0.0
2021-09-01,03M,0.0,0.0
2024-03-01,03M,0.0,0.0
2025-10-01,03M,0.0,0.0
2024-11-01,03M,0.0,0.0
2024-04-01,03M,0.0,0.0
2023-01-01,03M,0.0,0.0
2023-04-01,03M,0.0,0.0
2023-03-01,03M,0.0,0.0
2025-01-01,03M,0.0,0.0
2025-06-01,03M,0.0,0.0
2023-11-01,03M,0.0,0.0
2021-10-01,03M,0.0,0.0
2025-08-01,03M,0.0,0.0
2025-07-01,03M,0.0,0.0
2024-08-01,03M,0.0,0.0
2026-01-01,03M,0.0,0.0
2022-10-01,03M,0.0,0.0
2023-08-01,03M,0.0,0.0
2023-10-01,03M,0.0,0.0
2023-12-01,03M,0.0,0.0
2025-02-01,03M,0.0,0.0
2022-11-01,03M,0.0,0.0
2022-12-01,03M,0.0,0.0
2021-07-01,03M,0.0,0.0
2023-09-01,03M,0.0,0.0
2025-09-01,03M,0.0,0.0
2024-10-01,03M,0.0,0.0
2025-04-01,03M,0.0,0.0
2022-03-01,03M,0.0,0.0
2025-12-01,03M,0.0,0.0
2022-06-01,03M,0.0,0.0
2021-11-01,03M,0.0,0.0
2026-04-01,03M,0.0,0.0
2022-04-01,03M,0.0,0.0
2025-03-01,03M,0.0,0.0
2021-06-01,03M,0.0,0.0
2024-02-01,03M,0.0,0.0
2023-02-01,03M,0.0,0.0
2021-12-01,03M,0.0,0.0
2024-12-01,03M,0.0,0.0
2024-01-01,03M,0.0,0.0
2024-07-01,03M,0.0,0.0
2024-05-01,03M,0.0,0.0
2026-05-01,03M,0.0,0.0
2024-09-01,03M,0.0,0.0
2022-02-01,03M,0.0,0.0
2022-01-01,03M,0.0,0.0
2023-06-01,03M,0.0,0.0
2021-08-01,03M,0.0,0.0
2022-06-01,03T,0.0,0.0
2026-04-01,03T,0.0,0.0
2023-01-01,03T,0.0,0.0
2024-07-01,03T,0.0,0.0
2026-05-01,03T,0.0,0.0
2025-08-01,03T,0.0,0.0
2026-03-01,03T,0.0,0.0
2024-12-01,03T,0.0,0.0
2022-08-01,03T,0.0,0.0
2023-12-01,03T,0.0,0.0
2022-12-01,03T,0.0,0.0
2026-01-01,03T,0.0,0.0
2021-09-01,03T,0.0,0.0
2024-06-01,03T,0.0,0.0
2021-07-01,03T,0.0,0.0
2024-05-01,03T,0.0,0.0
2023-08-01,03T,0.0,0.0
2022-09-01,03T,0.0,0.0
2024-10-01,03T,0.0,0.0
2022-01-01,03T,0.0,0.0
2025-02-01,03T,0.0,0.0
2022-10-01,03T,0.0,0.0
2021-06-01,03T,0.0,0.0
2024-09-01,03T,0.0,0.0
2021-12-01,03T,0.0,0.0
2022-02-01,03T,0.0,0.0
2025-07-01,03T,0.0,0.0
2021-11-01,03T,0.0,0.0
2023-06-01,03T,0.0,0.0
2024-04-01,03T,0.0,0.0
2024-03-01,03T,0.0,0.0
2023-02-01,03T,0.0,0.0
2025-12-01,03T,0.0,0.0
2023-11-01,03T,0.0,0.0
2022-07-01,03T,0.0,0.0
2025-01-01,03T,0.0,0.0
2025-06-01,03T,0.0,0.0
2025-04-01,03T,0.0,0.0
2022-04-01,03T,0.0,0.0
2025-05-01,03T,0.0,0.0
2023-09-01,03T,0.0,0.0
2022-11-01,03T,0.0,0.0
2024-02-01,03T,0.0,0.0
2024-11-01,03T,0.0,0.0
2023-07-01,03T,0.0,0.0
2022-03-01,03T,0.0,0.0
2021-10-01,03T,0.0,0.0
2026-02-01,03T,0.0,0.0
2024-08-01,03T,0.0,0.0
2023-03-01,03T,0.0,0.0
2023-05-01,03T,0.0,0.0
2024-01-01,03T,0.0,0.0
2025-10-01,03T,0.0,0.0
2025-11-01,03T,0.0,0.0
2022-05-01,03T,0.0,0.0
2023-04-01,03T,0.0,0.0
2026-06-01,03T,0.0,0.0
2023-10-01,03T,0.0,0.0
2021-08-01,03T,0.0,0.0
2025-03-01,03T,0.0,0.0
2025-09-01,03T,0.0,0.0
2023-01-01,03Y,0.0,0.0
2023-10-01,03Y,0.0,0.0
2026-04-01,03Y,0.0,0.0
2024-06-01,03Y,0.0,0.0
2023-09-01,03Y,0.0,0.0
2023-04-01,03Y,0.0,0.0
2022-06-01,03Y,0.0,0.0
2025-05-01,03Y,0.0,0.0
2025-01-01,03Y,0.0,0.0
2024-08-01,03Y,0.0,0.0
2022-12-01,03Y,0.0,0.0
2021-10-01,03Y,0.0,0.0
2025-11-01,03Y,0.0,0.0
2022-02-01,03Y,0.0,0.0
2025-03-01,03Y,0.0,0.0
2026-03-01,03Y,0.0,0.0
2022-09-01,03Y,0.0,0.0
2023-12-01,03Y,0.0,0.0
2025-10-01,03Y,0.0,0.0
2021-12-01,03Y,0.0,0.0
2022-03-01,03Y,0.0,0.0
2022-04-01,03Y,0.0,0.0
2024-07-01,03Y,0.0,0.0
2026-01-01,03Y,0.0,0.0
2021-09-01,03Y,0.0,0.0
2026-02-01,03Y,0.0,0.0
2024-01-01,03Y,0.0,0.0
2023-02-01,03Y,0.0,0.0
2021-08-01,03Y,0.0,0.0
2024-09-01,03Y,0.0,0.0
2024-04-01,03Y,0.0,0.0
2025-06-01,03Y,0.0,0.0
2024-05-01,03Y,0.0,0.0
2025-12-01,03Y,0.0,0.0
2023-11-01,03Y,0.0,0.0
2022-07-01,03Y,0.0,0.0
2023-06-01,03Y,0.0,0.0
2024-03-01,03Y,0.0,0.0
2025-09-01,03Y,0.0,0.0
2021-07-01,03Y,0.0,0.0
2022-05-01,03Y,0.0,0.0
2022-11-01,03Y,0.0,0.0
2023-03-01,03Y,0.0,0.0
2021-11-01,03Y,0.0,0.0
2025-04-01,03Y,0.0,0.0
2022-10-01,03Y,0.0,0.0
2024-10-01,03Y,0.0,0.0
2026-06-01,03Y,0.0,0.0
2022-08-01,03Y,0.0,0.0
2024-02-01,03Y,0.0,0.0
2022-01-01,03Y,0.0,0.0
2025-07-01,03Y,0.0,0.0
2023-07-01,03Y,0.0,0.0
2025-08-01,03Y,0.0,0.0
2023-05-01,03Y,0.0,0.0
2025-02-01,03Y,0.0,0.0
2026-05-01,03Y,0.0,0.0
2024-11-01,03Y,0.0,0.0
2023-08-01,03Y,0.0,0.0
2021-06-01,03Y,0.0,0.0
2024-12-01,03Y,0.0,0.0
2024-12-01,04D,0.0,0.0
2026-02-01,04D,0.0,0.0
2023-02-01,04D,0.0,0.0
2024-01-01,04D,0.0,0.0
2022-01-01,04D,0.0,0.0
2025-08-01,04D,0.0,0.0
2022-04-01,04D,0.0,0.0
2025-12-01,04D,0.0,0.0
2023-11-01,04D,0.0,0.0
2023-12-01,04D,0.0,0.0
2022-08-01,04D,0.0,0.0
2026-04-01,04D,0.0,0.0
2024-09-01,04D,0.0,0.0
2021-12-01,04D,0.0,0.0
2024-08-01,04D,0.0,0.0
2022-06-01,04D,0.0,0.0
2024-11-01,04D,0.0,0.0
2025-11-01,04D,0.0,0.0
2025-03-01,04D,0.0,0.0
2022-03-01,04D,0.0,0.0
2022-05-01,04D,0.0,0.0
2021-10-01,04D,0.0,0.0
2024-06-01,04D,0.0,0.0
2025-02-01,04D,0.0,0.0
2024-07-01,04D,0.0,0.0
2022-02-01,04D,0.0,0.0
2023-05-01,04D,0.0,0.0
2025-06-01,04D,0.0,0.0
2021-11-01,04D,0.0,0.0
2025-01-01,04D,0.0,0.0
2025-10-01,04D,0.0,0.0
2026-03-01,04D,0.0,0.0
2021-07-01,04D,0.0,0.0
2023-07-01,04D,0.0,0.0
2023-01-01,04D,0.0,0.0
2021-08-01,04D,0.0,0.0
2023-10-01,04D,0.0,0.0
2021-06-01,04D,0.0,0.0
2023-09-01,04D,0.0,0.0
2025-04-01,04D,0.0,0.0
2024-10-01,04D,0.0,0.0
2021-09-01,04D,0.0,0.0
2022-11-01,04D,0.0,0.0
2022-12-01,04D,0.0,0.0
2025-09-01,04D,0.0,0.0
2024-04-01,04D,0.0,0.0
2026-01-01,04D,0.0,0.0
2024-05-01,04D,0.0,0.0
2023-08-01,04D,0.0,0.0
2024-02-01,04D,0.0,0.0
2025-07-01,04D,0.0,0.0
2026-06-01,04D,0.0,0.0
2022-09-01,04D,0.0,0.0
2025-05-01,04D,0.0,0.0
2026-05-01,04D,0.0,0.0
2022-10-01,04D,0.0,0.0
2024-03-01,04D,0.0,0.0
2023-04-01,04D,0.0,0.0
2023-03-01,04D,0.0,0.0
2022-07-01,04D,0.0,0.0
2023-06-01,04D,0.0,0.0
2022-12-01,04E,0.0,0.0
2024-03-01,04E,0.0,0.0
2022-07-01,04E,0.0,0.0
2026-04-01,04E,0.0,0.0
2025-01-01,04E,0.0,0.0
2023-09-01,04E,0.0,0.0
2025-06-01,04E,0.0,0.0
2023-05-01,04E,0.0,0.0
2025-10-01,04E,0.0,0.0
2023-01-01,04E,0.0,0.0
2025-03-01,04E,0.0,0.0
2026-01-01,04E,0.0,0.0
2025-04-01,04E,0.0,0.0
2022-04-01,04E,0.0,0.0
2024-08-01,04E,0.0,0.0
2025-02-01,04E,0.0,0.0
2025-11-01,04E,0.0,0.0
2024-05-01,04E,0.0,0.0
2024-07-01,04E,0.0,0.0
2022-03-01,04E,0.0,0.0
2021-12-01,04E,0.0,0.0
2023-03-01,04E,0.0,0.0
2021-07-01,04E,0.0,0.0
2025-12-01,04E,0.0,0.0
2021-10-01,04E,0.0,0.0
2021-08-01,04E,0.0,0.0
2021-11-01,04E,0.0,0.0
2023-11-01,04E,0.0,0.0
2023-10-01,04E,0.0,0.0
2023-07-01,04E,0.0,0.0
2025-07-01,04E,0.0,0.0
2023-06-01,04E,0.0,0.0
2021-06-01,04E,0.0,0.0
2024-12-01,04E,0.0,0.0
2024-02-01,04E,0.0,0.0
2021-09-01,04E,0.0,0.0
2023-04-01,04E,0.0,0.0
2022-05-01,04E,0.0,0.0
2024-10-01,04E,0.0,0.0
2022-08-01,04E,0.0,0.0
2022-06-01,04E,0.0,0.0
2023-12-01,04E,0.0,0.0
2022-02-01,04E,0.0,0.0
2022-10-01,04E,0.0,0.0
2023-08-01,04E,0.0,0.0
2026-05-01,04E,0.0,0.0
2025-08-01,04E,0.0,0.0
2025-05-01,04E,0.0,0.0
2026-03-01,04E,0.0,0.0
2026-02-01,04E,0.0,0.0
2023-02-01,04E,0.0,0.0
2025-09-01,04E,0.0,0.0
2024-01-01,04E,0.0,0.0
2024-09-01,04E,0.0,0.0
2022-11-01,04E,0.0,0.0
2022-09-01,04E,0.0,0.0
2026-06-01,04E,0.0,0.0
2024-11-01,04E,0.0,0.0
2024-04-01,04E,0.0,0.0
2022-01-01,04E,0.0,0.0
2024-06-01,04E,0.0,0.0
2021-09-01,04F,0.0,0.0
2025-08-01,04F,0.0,0.0
2023-11-01,04F,0.0,0.0
2025-04-01,04F,0.0,0.0
2024-07-01,04F,0.0,0.0
2022-03-01,04F,0.0,0.0
2022-11-01,04F,0.0,0.0
2026-02-01,04F,0.0,0.0
2021-08-01,04F,0.0,0.0
2022-05-01,04F,0.0,0.0
2024-10-01,04F,0.0,0.0
2025-10-01,04F,0.0,0.0
2024-06-01,04F,0.0,0.0
2024-12-01,04F,0.0,0.0
2024-09-01,04F,0.0,0.0
2022-08-01,04F,0.0,0.0
2023-10-01,04F,0.0,0.0
2022-12-01,04F,0.0,0.0
2021-11-01,04F,0.0,0.0
2024-11-01,04F,0.0,0.0
2025-12-01,04F,0.0,0.0
2024-01-01,04F,0.0,0.0
2025-11-01,04F,0.0,0.0
2025-02-01,04F,0.0,0.0
2022-02-01,04F,0.0,0.0
2021-12-01,04F,0.0,0.0
2023-03-01,04F,0.0,0.0
2022-06-01,04F,0.0,0.0
2021-06-01,04F,0.0,0.0
2023-09-01,04F,0.0,0.0
2024-03-01,04F,0.0,0.0
2025-07-01,04F,0.0,0.0
2024-04-01,04F,0.0,0.0
2022-09-01,04F,0.0,0.0
2023-08-01,04F,0.0,0.0
2025-09-01,04F,0.0,0.0
2022-01-01,04F,0.0,0.0
2025-05-01,04F,0.0,0.0
2023-06-01,04F,0.0,0.0
2023-01-01,04F,0.0,0.0
2026-05-01,04F,0.0,0.0
2024-02-01,04F,0.0,0.0
2022-07-01,04F,0.0,0.0
2026-06-01,04F,0.0,0.0
2022-10-01,04F,0.0,0.0
2026-04-01,04F,0.0,0.0
2024-08-01,04F,0.0,0.0
2021-10-01,04F,0.0,0.0
2023-12-01,04F,0.0,0.0
2024-05-01,04F,0.0,0.0
2023-02-01,04F,0.0,0.0
2026-03-01,04F,0.0,0.0
2022-04-01,04F,0.0,0.0
2023-07-01,04F,0.0,0.0
2023-04-01,04F,0.0,0.0
2025-01-01,04F,0.0,0.0
2026-01-01,04F,0.0,0.0
2023-05-01,04F,0.0,0.0
2025-06-01,04F,0.0,0.0
2021-07-01,04F,0.0,0.0
2025-03-01,04F,0.0,0.0
2026-05-01,04G,0.0,0.0
2023-11-01,04G,0.0,0.0
2023-05-01,04G,0.0,0.0
2021-06-01,04G,0.0,0.0
2021-08-01,04G,0.0,0.0
2021-07-01,04G,0.0,0.0
2022-05-01,04G,0.0,0.0
2022-01-01,04G,0.0,0.0
2021-11-01,04G,0.0,0.0
2025-07-01,04G,0.0,0.0
2025-08-01,04G,0.0,0.0
2024-10-01,04G,0.0,0.0
2026-04-01,04G,0.0,0.0
2025-10-01,04G,0.0,0.0
2026-02-01,04G,0.0,0.0
2022-12-01,04G,0.0,0.0
2021-09-01,04G,0.0,0.0
2025-09-01,04G,0.0,0.0
2022-06-01,04G,0.0,0.0
2025-12-01,04G,0.0,0.0
2022-08-01,04G,0.0,0.0
2023-07-01,04G,0.0,0.0
2024-04-01,04G,0.0,0.0
2021-12-01,04G,0.0,0.0
2025-01-01,04G,0.0,0.0
2022-07-01,04G,0.0,0.0
2022-02-01,04G,0.0,0.0
2021-10-01,04G,0.0,0.0
2024-03-01,04G,0.0,0.0
2024-09-01,04G,0.0,0.0
2025-11-01,04G,0.0,0.0
2024-06-01,04G,0.0,0.0
2022-10-01,04G,0.0,0.0
2023-03-01,04G,0.0,0.0
2022-09-01,04G,0.0,0.0
2023-10-01,04G,0.0,0.0
2024-02-01,04G,0.0,0.0
2023-01-01,04G,0.0,0.0
2024-11-01,04G,0.0,0.0
2025-06-01,04G,0.0,0.0
2022-04-01,04G,0.0,0.0
2025-02-01,04G,0.0,0.0
2025-03-01,04G,0.0,0.0
2023-06-01,04G,0.0,0.0
2023-09-01,04G,0.0,0.0
2024-08-01,04G,0.0,0.0
2024-05-01,04G,0.0,0.0
2024-01-01,04G,0.0,0.0
2023-08-01,04G,0.0,0.0
2023-12-01,04G,0.0,0.0
2024-07-01,04G,0.0,0.0
2022-11-01,04G,0.0,0.0
2026-03-01,04G,0.0,0.0
2024-12-01,04G,0.0,0.0
2026-01-01,04G,0.0,0.0
2023-02-01,04G,0.0,0.0
2022-03-01,04G,0.0,0.0
2023-04-01,04G,0.0,0.0
2025-04-01,04G,0.0,0.0
2025-05-01,04G,0.0,0.0
2026-06-01,04G,0.0,0.0
2023-06-01,04H,0.0,0.0
2021-10-01,04H,0.0,0.0
2022-08-01,04H,0.0,0.0
2022-04-01,04H,0.0,0.0
2024-02-01,04H,0.0,0.0
2023-11-01,04H,0.0,0.0
2024-12-01,04H,0.0,0.0
2024-06-01,04H,0.0,0.0
2024-07-01,04H,0.0,0.0
2022-12-01,04H,0.0,0.0
2025-06-01,04H,0.0,0.0
2024-11-01,04H,0.0,0.0
2022-09-01,04H,0.0,0.0
2022-02-01,04H,0.0,0.0
2026-02-01,04H,0.0,0.0
2021-07-01,04H,0.0,0.0
2024-03-01,04H,0.0,0.0
2023-10-01,04H,0.0,0.0
2026-05-01,04H,0.0,0.0
2023-01-01,04H,0.0,0.0
2025-08-01,04H,0.0,0.0
2024-08-01,04H,0.0,0.0
2026-06-01,04H,0.0,0.0
2023-05-01,04H,0.0,0.0
2023-04-01,04H,0.0,0.0
2023-02-01,04H,0.0,0.0
2021-08-01,04H,0.0,0.0
2021-09-01,04H,0.0,0.0
2021-06-01,04H,0.0,0.0
2024-10-01,04H,0.0,0.0
2025-01-01,04H,0.0,0.0
2022-05-01,04H,0.0,0.0
2024-05-01,04H,0.0,0.0
2025-09-01,04H,0.0,0.0
2021-11-01,04H,0.0,0.0
2023-09-01,04H,0.0,0.0
2026-01-01,04H,0.0,0.0
2022-11-01,04H,0.0,0.0
2022-07-01,04H,0.0,0.0
2026-03-01,04H,0.0,0.0
2026-04-01,04H,0.0,0.0
2022-01-01,04H,0.0,0.0
2022-10-01,04H,0.0,0.0
2023-08-01,04H,0.0,0.0
2024-01-01,04H,0.0,0.0
2025-03-01,04H,0.0,0.0
2021-12-01,04H,0.0,0.0
2025-02-01,04H,0.0,0.0
2023-07-01,04H,0.0,0.0
2025-04-01,04H,0.0,0.0
2024-09-01,04H,0.0,0.0
2023-03-01,04H,0.0,0.0
2024-04-01,04H,0.0,0.0
2022-03-01,04H,0.0,0.0
2022-06-01,04H,0.0,0.0
2023-12-01,04H,0.0,0.0
2025-10-01,04H,0.0,0.0
2025-05-01,04H,0.0,0.0
2025-12-01,04H,0.0,0.0
2025-07-01,04H,0.0,0.0
2025-11-01,04H,0.0,0.0
2023-12-01,04J,0.0,0.0
2024-03-01,04J,0.0,0.0
2022-08-01,04J,0.0,0.0
2025-03-01,04J,0.0,0.0
2026-04-01,04J,0.0,0.0
2022-01-01,04J,0.0,0.0
2025-07-01,04J,0.0,0.0
2022-12-01,04J,0.0,0.0
2023-05-01,04J,0.0,0.0
2025-12-01,04J,0.0,0.0
2025-02-01,04J,0.0,0.0
2024-04-01,04J,0.0,0.0
2022-03-01,04J,0.0,0.0
2025-08-01,04J,0.0,0.0
2023-03-01,04J,0.0,0.0
2022-02-01,04J,0.0,0.0
2022-09-01,04J,0.0,0.0
2022-06-01,04J,0.0,0.0
2021-08-01,04J,0.0,0.0
2023-09-01,04J,0.0,0.0
2023-06-01,04J,0.0,0.0
2023-01-01,04J,0.0,0.0
2024-11-01,04J,0.0,0.0
2022-05-01,04J,0.0,0.0
2024-06-01,04J,0.0,0.0
2023-10-01,04J,0.0,0.0
2022-04-01,04J,0.0,0.0
2022-10-01,04J,0.0,0.0
2025-04-01,04J,0.0,0.0
2022-07-01,04J,0.0,0.0
2024-09-01,04J,0.0,0.0
2021-07-01,04J,0.0,0.0
2025-06-01,04J,0.0,0.0
2023-02-01,04J,0.0,0.0
2024-12-01,04J,0.0,0.0
2026-02-01,04J,0.0,0.0
2021-09-01,04J,0.0,0.0
2025-01-01,04J,0.0,0.0
2024-01-01,04J,0.0,0.0
2023-04-01,04J,0.0,0.0
2022-11-01,04J,0.0,0.0
2024-07-01,04J,0.0,0.0
2026-01-01,04J,0.0,0.0
2021-10-01,04J,0.0,0.0
2021-12-01,04J,0.0,0.0
2021-11-01,04J,0.0,0.0
2024-05-01,04J,0.0,0.0
2024-08-01,04J,0.0,0.0
2023-11-01,04J,0.0,0.0
2025-11-01,04J,0.0,0.0
2023-07-01,04J,0.0,0.0
2026-03-01,04J,0.0,0.0
2026-05-01,04J,0.0,0.0
2024-02-01,04J,0.0,0.0
2023-08-01,04J,0.0,0.0
2021-06-01,04J,0.0,0.0
2025-05-01,04J,0.0,0.0
2026-06-01,04J,0.0,0.0
2024-10-01,04J,0.0,0.0
2025-09-01,04J,0.0,0.0
2025-10-01,04J,0.0,0.0
2023-03-01,04K,0.0,0.0
2024-02-01,04K,0.0,0.0
2021-09-01,04K,0.0,0.0
2026-02-01,04K,0.0,0.0
2024-10-01,04K,0.0,0.0
2022-11-01,04K,0.0,0.0
2024-04-01,04K,0.0,0.0
2024-06-01,04K,0.0,0.0
2024-03-01,04K,0.0,0.0
2023-11-01,04K,0.0,0.0
2024-01-01,04K,0.0,0.0
2022-05-01,04K,0.0,0.0
2025-07-01,04K,0.0,0.0
2022-04-01,04K,0.0,0.0
2022-02-01,04K,0.0,0.0
2023-08-01,04K,0.0,0.0
2025-11-01,04K,0.0,0.0
2025-12-01,04K,0.0,0.0
2024-12-01,04K,0.0,0.0
2021-06-01,04K,0.0,0.0
2026-05-01,04K,0.0,0.0
2023-09-01,04K,0.0,0.0
2021-08-01,04K,0.0,0.0
2024-09-01,04K,0.0,0.0
2025-09-01,04K,0.0,0.0
2023-04-01,04K,0.0,0.0
2021-10-01,04K,0.0,0.0
2021-11-01,04K,0.0,0.0
2025-10-01,04K,0.0,0.0
2023-06-01,04K,0.0,0.0
2025-08-01,04K,0.0,0.0
2023-01-01,04K,0.0,0.0
2021-07-01,04K,0.0,0.0
2025-03-01,04K,0.0,0.0
2023-10-01,04K,0.0,0.0
2024-11-01,04K,0.0,0.0
2022-07-01,04K,0.0,0.0
2022-12-01,04K,0.0,0.0
2026-03-01,04K,0.0,0.0
2022-01-01,04K,0.0,0.0
2024-07-01,04K,0.0,0.0
2024-08-01,04K,0.0,0.0
2026-01-01,04K,0.0,0.0
2022-08-01,04K,0.0,0.0
2025-06-01,04K,0.0,0.0
2021-12-01,04K,0.0,0.0
2023-12-01,04K,0.0,0.0
2025-04-01,04K,0.0,0.0
2022-06-01,04K,0.0,0.0
2022-09-01,04K,0.0,0.0
2022-03-01,04K,0.0,0.0
2025-05-01,04K,0.0,0.0
2025-01-01,04K,0.0,0.0
2026-06-01,04K,0.0,0.0
2023-05-01,04K,0.0,0.0
2022-10-01,04K,0.0,0.0
2026-04-01,04K,0.0,0.0
2023-02-01,04K,0.0,0.0
2024-05-01,04K,0.0,0.0
2025-02-01,04K,0.0,0.0
2023-07-01,04K,0.0,0.0
2021-12-01,04L,0.0,0.0
2024-04-01,04L,0.0,0.0
2023-05-01,04L,0.0,0.0
2025-10-01,04L,0.0,0.0
2023-02-01,04L,0.0,0.0
2023-11-01,04L,0.0,0.0
2025-11-01,04L,0.0,0.0
2023-06-01,04L,0.0,0.0
2022-07-01,04L,0.0,0.0
2024-11-01,04L,0.0,0.0
2023-01-01,04L,0.0,0.0
2024-05-01,04L,0.0,0.0
2025-08-01,04L,0.0,0.0
2025-02-01,04L,0.0,0.0
2025-01-01,04L,0.0,0.0
2026-05-01,04L,0.0,0.0
2021-10-01,04L,0.0,0.0
2022-12-01,04L,0.0,0.0
2025-03-01,04L,0.0,0.0
2023-10-01,04L,0.0,0.0
2023-07-01,04L,0.0,0.0
2022-06-01,04L,0.0,0.0
2026-02-01,04L,0.0,0.0
2025-06-01,04L,0.0,0.0
2021-06-01,04L,0.0,0.0
2021-09-01,04L,0.0,0.0
2025-05-01,04L,0.0,0.0
2022-10-01,04L,0.0,0.0
2025-04-01,04L,0.0,0.0
2025-12-01,04L,0.0,0.0
2026-03-01,04L,0.0,0.0
2022-05-01,04L,0.0,0.0
2024-08-01,04L,0.0,0.0
2022-09-01,04L,0.0,0.0
2023-04-01,04L,0.0,0.0
2022-03-01,04L,0.0,0.0
2022-08-01,04L,0.0,0.0
2024-02-01,04L,0.0,0.0
2022-11-01,04L,0.0,0.0
2023-12-01,04L,0.0,0.0
2024-07-01,04L,0.0,0.0
2022-02-01,04L,0.0,0.0
2024-10-01,04L,0.0,0.0
2023-08-01,04L,0.0,0.0
2025-09-01,04L,0.0,0.0
2024-12-01,04L,0.0,0.0
2025-07-01,04L,0.0,0.0
2023-09-01,04L,0.0,0.0
2023-03-01,04L,0.0,0.0
2021-08-01,04L,0.0,0.0
2021-07-01,04L,0.0,0.0
2022-04-01,04L,0.0,0.0
2024-03-01,04L,0.0,0.0
2024-09-01,04L,0.0,0.0
2021-11-01,04L,0.0,0.0
2022-01-01,04L,0.0,0.0
2024-06-01,04L,0.0,0.0
2026-01-01,04L,0.0,0.0
2026-06-01,04L,0.0,0.0
2026-04-01,04L,0.0,0.0
2024-01-01,04L,0.0,0.0
2022-02-01,04M,0.0,0.0
2024-02-01,04M,0.0,0.0
2024-10-01,04M,0.0,0.0
2025-08-01,04M,0.0,0.0
2023-10-01,04M,0.0,0.0
2024-07-01,04M,0.0,0.0
2026-05-01,04M,0.0,0.0
2023-02-01,04M,0.0,0.0
2022-03-01,04M,0.0,0.0
2023-08-01,04M,0.0,0.0
2024-09-01,04M,0.0,0.0
2025-07-01,04M,0.0,0.0
2022-07-01,04M,0.0,0.0
2026-03-01,04M,0.0,0.0
2023-01-01,04M,0.0,0.0
2023-05-01,04M,0.0,0.0
2024-04-01,04M,0.0,0.0
2021-08-01,04M,0.0,0.0
2025-09-01,04M,0.0,0.0
2021-12-01,04M,0.0,0.0
2023-11-01,04M,0.0,0.0
2026-01-01,04M,0.0,0.0
2025-03-01,04M,0.0,0.0
2023-07-01,04M,0.0,0.0
2025-05-01,04M,0.0,0.0
2022-09-01,04M,0.0,0.0
2022-08-01,04M,0.0,0.0
2023-12-01,04M,0.0,0.0
2024-06-01,04M,0.0,0.0
2024-12-01,04M,0.0,0.0
2025-06-01,04M,0.0,0.0
2025-04-01,04M,0.0,0.0
2022-11-01,04M,0.0,0.0
2022-01-01,04M,0.0,0.0
2022-10-01,04M,0.0,0.0
2025-01-01,04M,0.0,0.0
2021-10-01,04M,0.0,0.0
2022-05-01,04M,0.0,0.0
2024-01-01,04M,0.0,0.0
2024-08-01,04M,0.0,0.0
2025-11-01,04M,0.0,0.0
2022-04-01,04M,0.0,0.0
2023-09-01,04M,0.0,0.0
2026-02-01,04M,0.0,0.0
2024-03-01,04M,0.0,0.0
2025-02-01,04M,0.0,0.0
2024-05-01,04M,0.0,0.0
2021-09-01,04M,0.0,0.0
2026-06-01,04M,0.0,0.0
2025-10-01,04M,0.0,0.0
2021-11-01,04M,0.0,0.0
2022-12-01,04M,0.0,0.0
2026-04-01,04M,0.0,0.0
2023-04-01,04M,0.0,0.0
2025-12-01,04M,0.0,0.0
2024-11-01,04M,0.0,0.0
2022-06-01,04M,0.0,0.0
2023-06-01,04M,0.0,0.0
2021-07-01,04M,0.0,0.0
2021-06-01,04M,0.0,0.0
2023-03-01,04M,0.0,0.0
2026-05-01,04Q,0.0,0.0
2023-12-01,04Q,0.0,0.0
2024-04-01,04Q,0.0,0.0
2021-08-01,04Q,0.0,0.0
2025-09-01,04Q,0.0,0.0
2025-07-01,04Q,0.0,0.0
2022-02-01,04Q,0.0,0.0
2026-01-01,04Q,0.0,0.0
2023-03-01,04Q,0.0,0.0
2021-12-01,04Q,0.0,0.0
2025-01-01,04Q,0.0,0.0
2022-03-01,04Q,0.0,0.0
2024-09-01,04Q,0.0,0.0
2025-06-01,04Q,0.0,0.0
2023-10-01,04Q,0.0,0.0
2025-08-01,04Q,0.0,0.0
2022-06-01,04Q,0.0,0.0
2023-05-01,04Q,0.0,0.0
2024-12-01,04Q,0.0,0.0
2022-11-01,04Q,0.0,0.0
2025-02-01,04Q,0.0,0.0
2021-07-01,04Q,0.0,0.0
2023-06-01,04Q,0.0,0.0
2023-04-01,04Q,0.0,0.0
2025-12-01,04Q,0.0,0.0
2021-06-01,04Q,0.0,0.0
2024-02-01,04Q,0.0,0.0
2025-04-01,04Q,0.0,0.0
2023-11-01,04Q,0.0,0.0
2024-06-01,04Q,0.0,0.0
2021-10-01,04Q,0.0,0.0
2024-10-01,04Q,0.0,0.0
2025-10-01,04Q,0.0,0.0
2024-07-01,04Q,0.0,0.0
2023-01-01,04Q,0.0,0.0
2024-08-01,04Q,0.0,0.0
2022-12-01,04Q,0.0,0.0
2024-05-01,04Q,0.0,0.0
2023-08-01,04Q,0.0,0.0
2023-07-01,04Q,0.0,0.0
2022-04-01,04Q,0.0,0.0
2022-08-01,04Q,0.0,0.0
2026-06-01,04Q,0.0,0.0
2024-01-01,04Q,0.0,0.0
2023-02-01,04Q,0.0,0.0
2022-05-01,04Q,0.0,0.0
2021-09-01,04Q,0.0,0.0
2026-03-01,04Q,0.0,0.0
2025-11-01,04Q,0.0,0.0
2025-03-01,04Q,0.0,0.0
2022-09-01,04Q,0.0,0.0
2021-11-01,04Q,0.0,0.0
2023-09-01,04Q,0.0,0.0
2025-05-01,04Q,0.0,0.0
2026-02-01,04Q,0.0,0.0
2024-03-01,04Q,0.0,0.0
2026-04-01,04Q,0.0,0.0
2024-11-01,04Q,0.0,0.0
2022-01-01,04Q,0.0,0.0
2022-10-01,04Q,0.0,0.0
2022-07-01,04Q,0.0,0.0
2021-09-01,04R,0.0,0.0
2023-04-01,04R,0.0,0.0
2024-01-01,04R,0.0,0.0
2021-06-01,04R,0.0,0.0
2024-12-01,04R,0.0,0.0
2022-11-01,04R,0.0,0.0
2026-04-01,04R,0.0,0.0
2023-07-01,04R,0.0,0.0
2025-04-01,04R,0.0,0.0
2025-09-01,04R,0.0,0.0
2026-03-01,04R,0.0,0.0
2025-06-01,04R,0.0,0.0
2025-12-01,04R,0.0,0.0
2026-01-01,04R,0.0,0.0
2024-07-01,04R,0.0,0.0
2021-08-01,04R,0.0,0.0
2023-09-01,04R,0.0,0.0
2024-11-01,04R,0.0,0.0
2023-01-01,04R,0.0,0.0
2026-05-01,04R,0.0,0.0
2023-03-01,04R,0.0,0.0
2025-08-01,04R,0.0,0.0
2025-02-01,04R,0.0,0.0
2025-01-01,04R,0.0,0.0
2025-10-01,04R,0.0,0.0
2023-10-01,04R,0.0,0.0
2024-02-01,04R,0.0,0.0
2022-02-01,04R,0.0,0.0
2023-08-01,04R,0.0,0.0
2026-06-01,04R,0.0,0.0
2023-11-01,04R,0.0,0.0
2023-05-01,04R,0.0,0.0
2022-01-01,04R,0.0,0.0
2022-09-01,04R,0.0,0.0
2021-12-01,04R,0.0,0.0
2023-06-01,04R,0.0,0.0
2022-07-01,04R,0.0,0.0
2024-08-01,04R,0.0,0.0
2026-02-01,04R,0.0,0.0
2023-02-01,04R,0.0,0.0
2024-04-01,04R,0.0,0.0
2025-05-01,04R,0.0,0.0
2022-08-01,04R,0.0,0.0
2024-09-01,04R,0.0,0.0
2022-04-01,04R,0.0,0.0
2025-07-01,04R,0.0,0.0
2021-11-01,04R,0.0,0.0
2023-12-01,04R,0.0,0.0
2022-03-01,04R,0.0,0.0
2022-10-01,04R,0.0,0.0
2025-03-01,04R,0.0,0.0
2022-06-01,04R,0.0,0.0
2024-05-01,04R,0.0,0.0
2021-07-01,04R,0.0,0.0
2024-10-01,04R,0.0,0.0
2024-06-01,04R,0.0,0.0
2022-12-01,04R,0.0,0.0
2021-10-01,04R,0.0,0.0
2024-03-01,04R,0.0,0.0
2025-11-01,04R,0.0,0.0
2022-05-01,04R,0.0,0.0
2023-06-01,04X,0.0,0.0
2026-04-01,04X,0.0,0.0
2024-07-01,04X,0.0,0.0
2022-03-01,04X,0.0,0.0
2022-11-01,04X,0.0,0.0
2022-09-01,04X,0.0,0.0
2024-03-01,04X,0.0,0.0
2025-05-01,04X,0.0,0.0
2022-07-01,04X,0.0,0.0
2025-09-01,04X,0.0,0.0
2021-09-01,04X,0.0,0.0
2025-11-01,04X,0.0,0.0
2024-11-01,04X,0.0,0.0
2024-12-01,04X,0.0,0.0
2022-02-01,04X,0.0,0.0
2022-01-01,04X,0.0,0.0
2024-10-01,04X,0.0,0.0
2026-06-01,04X,0.0,0.0
2023-02-01,04X,0.0,0.0
2023-12-01,04X,0.0,0.0
2024-06-01,04X,0.0,0.0
2023-05-01,04X,0.0,0.0
2026-02-01,04X,0.0,0.0
2025-01-01,04X,0.0,0.0
2023-03-01,04X,0.0,0.0
2025-10-01,04X,0.0,0.0
2025-04-01,04X,0.0,0.0
2022-12-01,04X,0.0,0.0
2021-07-01,04X,0.0,0.0
2023-01-01,04X,0.0,0.0
2024-08-01,04X,0.0,0.0
2026-01-01,04X,0.0,0.0
2026-03-01,04X,0.0,0.0
2024-02-01,04X,0.0,0.0
2025-03-01,04X,0.0,0.0
2022-08-01,04X,0.0,0.0
2024-05-01,04X,0.0,0.0
2021-12-01,04X,0.0,0.0
2024-01-01,04X,0.0,0.0
2023-07-01,04X,0.0,0.0
2026-05-01,04X,0.0,0.0
2021-10-01,04X,0.0,0.0
2025-07-01,04X,0.0,0.0
2024-09-01,04X,0.0,0.0
2021-11-01,04X,0.0,0.0
2025-06-01,04X,0.0,0.0
2022-04-01,04X,0.0,0.0
2023-10-01,04X,0.0,0.0
2023-04-01,04X,0.0,0.0
2023-09-01,04X,0.0,0.0
2022-10-01,04X,0.0,0.0
2021-06-01,04X,0.0,0.0
2025-08-01,04X,0.0,0.0
2021-08-01,04X,0.0,0.0
2023-08-01,04X,0.0,0.0
2024-04-01,04X,0.0,0.0
2025-02-01,04X,0.0,0.0
2023-11-01,04X,0.0,0.0
2022-06-01,04X,0.0,0.0
2025-12-01,04X,0.0,0.0
2022-05-01,04X,0.0,0.0
2022-05-01,05A,0.0,0.0
2025-11-01,05A,0.0,0.0
2023-05-01,05A,0.0,0.0
2026-06-01,05A,0.0,0.0
2022-11-01,05A,0.0,0.0
2025-06-01,05A,0.0,0.0
2023-01-01,05A,0.0,0.0
2024-04-01,05A,0.0,0.0
2025-01-01,05A,0.0,0.0
2025-12-01,05A,0.0,0.0
2025-10-01,05A,0.0,0.0
2021-09-01,05A,0.0,0.0
2022-02-01,05A,0.0,0.0
2022-10-01,05A,0.0,0.0
2021-10-01,05A,0.0,0.0
2023-10-01,05A,0.0,0.0
2025-07-01,05A,0.0,0.0
2022-06-01,05A,0.0,0.0
2024-01-01,05A,0.0,0.0
2023-07-01,05A,0.0,0.0
2022-07-01,05A,0.0,0.0
2024-11-01,05A,0.0,0.0
2021-12-01,05A,0.0,0.0
2024-05-01,05A,0.0,0.0
2024-06-01,05A,0.0,0.0
2026-05-01,05A,0.0,0.0
2023-09-01,05A,0.0,0.0
2021-06-01,05A,0.0,0.0
2026-01-01,05A,0.0,0.0
2022-08-01,05A,0.0,0.0
2021-08-01,05A,0.0,0.0
2022-03-01,05A,0.0,0.0
2022-09-01,05A,0.0,0.0
2024-02-01,05A,0.0,0.0
2024-03-01,05A,0.0,0.0
2025-08-01,05A,0.0,0.0
2021-11-01,05A,0.0,0.0
2025-04-01,05A,0.0,0.0
2025-03-01,05A,0.0,0.0
2024-09-01,05A,0.0,0.0
2024-12-01,05A,0.0,0.0
2026-02-01,05A,0.0,0.0
2023-03-01,05A,0.0,0.0
2025-09-01,05A,0.0,0.0
2023-02-01,05A,0.0,0.0
2022-12-01,05A,0.0,0.0
2023-12-01,05A,0.0,0.0
2023-04-01,05A,0.0,0.0
2024-08-01,05A,0.0,0.0
2024-10-01,05A,0.0,0.0
2022-04-01,05A,0.0,0.0
2022-01-01,05A,0.0,0.0
2024-07-01,05A,0.0,0.0
2026-04-01,05A,0.0,0.0
2023-06-01,05A,0.0,0.0
2026-03-01,05A,0.0,0.0
2023-11-01,05A,0.0,0.0
2025-05-01,05A,0.0,0.0
2021-07-01,05A,0.0,0.0
2025-02-01,05A,0.0,0.0
2023-08-01,05A,0.0,0.0
2022-07-01,05C,0.0,0.0
2025-05-01,05C,0.0,0.0
2024-03-01,05C,0.0,0.0
2024-08-01,05C,0.0,0.0
2021-09-01,05C,0.0,0.0
2023-04-01,05C,0.0,0.0
2025-03-01,05C,0.0,0.0
2025-02-01,05C,0.0,0.0
2022-08-01,05C,0.0,0.0
2025-04-01,05C,0.0,0.0
2024-07-01,05C,0.0,0.0
2023-11-01,05C,0.0,0.0
2026-02-01,05C,0.0,0.0
2021-12-01,05C,0.0,0.0
2026-04-01,05C,0.0,0.0
2023-10-01,05C,0.0,0.0
2021-07-01,05C,0.0,0.0
2022-04-01,05C,0.0,0.0
2024-01-01,05C,0.0,0.0
2025-09-01,05C,0.0,0.0
2025-11-01,05C,0.0,0.0
2024-11-01,05C,0.0,0.0
2023-06-01,05C,0.0,0.0
2024-04-01,05C,0.0,0.0
2023-08-01,05C,0.0,0.0
2022-02-01,05C,0.0,0.0
2026-01-01,05C,0.0,0.0
2025-10-01,05C,0.0,0.0
2022-11-01,05C,0.0,0.0
2023-05-01,05C,0.0,0.0
2023-09-01,05C,0.0,0.0
2024-10-01,05C,0.0,0.0
2025-08-01,05C,0.0,0.0
2026-05-01,05C,0.0,0.0
2024-06-01,05C,0.0,0.0
2023-02-01,05C,0.0,0.0
2022-12-01,05C,0.0,0.0
2024-09-01,05C,0.0,0.0
2023-03-01,05C,0.0,0.0
2022-05-01,05C,0.0,0.0
2022-06-01,05C,0.0,0.0
2025-12-01,05C,0.0,0.0
2025-07-01,05C,0.0,0.0
2025-06-01,05C,0.0,0.0
2021-11-01,05C,0.0,0.0
2021-08-01,05C,0.0,0.0
2024-02-01,05C,0.0,0.0
2021-06-01,05C,0.0,0.0
2022-01-01,05C,0.0,0.0
2022-10-01,05C,0.0,0.0
2024-05-01,05C,0.0,0.0
2026-03-01,05C,0.0,0.0
2026-06-01,05C,0.0,0.0
2023-12-01,05C,0.0,0.0
2023-01-01,05C,0.0,0.0
2022-03-01,05C,0.0,0.0
2025-01-01,05C,0.0,0.0
2024-12-01,05C,0.0,0.0
2021-10-01,05C,0.0,0.0
2022-09-01,05C,0.0,0.0
2023-07-01,05C,0.0,0.0
2021-11-01,05F,0.0,0.0
2026-06-01,05F,0.0,0.0
2022-10-01,05F,0.0,0.0
2022-04-01,05F,0.0,0.0
2026-02-01,05F,0.0,0.0
2022-12-01,05F,0.0,0.0
2023-10-01,05F,0.0,0.0
2025-07-01,05F,0.0,0.0
2024-01-01,05F,0.0,0.0
2023-09-01,05F,0.0,0.0
2024-12-01,05F,0.0,0.0
2025-11-01,05F,0.0,0.0
2023-06-01,05F,0.0,0.0
2022-05-01,05F,0.0,0.0
2021-10-01,05F,0.0,0.0
2023-07-01,05F,0.0,0.0
2023-03-01,05F,0.0,0.0
2025-01-01,05F,0.0,0.0
2023-04-01,05F,0.0,0.0
2021-12-01,05F,0.0,0.0
2022-06-01,05F,0.0,0.0
2026-04-01,05F,0.0,0.0
2021-08-01,05F,0.0,0.0
2023-08-01,05F,0.0,0.0
2022-01-01,05F,0.0,0.0
2022-02-01,05F,0.0,0.0
2026-03-01,05F,0.0,0.0
2023-02-01,05F,0.0,0.0
2023-05-01,05F,0.0,0.0
2024-10-01,05F,0.0,0.0
2022-08-01,05F,0.0,0.0
2025-12-01,05F,0.0,0.0
2024-09-01,05F,0.0,0.0
2024-07-01,05F,0.0,0.0
2025-03-01,05F,0.0,0.0
2022-09-01,05F,0.0,0.0
2024-05-01,05F,0.0,0.0
2024-08-01,05F,0.0,0.0
2025-02-01,05F,0.0,0.0
2023-01-01,05F,0.0,0.0
2021-09-01,05F,0.0,0.0
2024-06-01,05F,0.0,0.0
2025-10-01,05F,0.0,0.0
2024-03-01,05F,0.0,0.0
2025-06-01,05F,0.0,0.0
2022-07-01,05F,0.0,0.0
2025-08-01,05F,0.0,0.0
2025-05-01,05F,0.0,0.0
2026-05-01,05F,0.0,0.0
2022-11-01,05F,0.0,0.0
2024-04-01,05F,0.0,0.0
2026-01-01,05F,0.0,0.0
2021-07-01,05F,0.0,0.0
2022-03-01,05F,0.0,0.0
2023-12-01,05F,0.0,0.0
2021-06-01,05F,0.0,0.0
2025-09-01,05F,0.0,0.0
2023-11-01,05F,0.0,0.0
2024-11-01,05F,0.0,0.0
2025-04-01,05F,0.0,0.0
2024-02-01,05F,0.0,0.0
2022-02-01,05H,0.0,0.0
2026-01-01,05H,0.0,0.0
2024-11-01,05H,0.0,0.0
2024-08-01,05H,0.0,0.0
2024-06-01,05H,0.0,0.0
2023-12-01,05H,0.0,0.0
2024-02-01,05H,0.0,0.0
2025-11-01,05H,0.0,0.0
2023-01-01,05H,0.0,0.0
2023-07-01,05H,0.0,0.0
2023-06-01,05H,0.0,0.0
2025-03-01,05H,0.0,0.0
2021-10-01,05H,0.0,0.0
2025-06-01,05H,0.0,0.0
2025-02-01,05H,0.0,0.0
2025-09-01,05H,0.0,0.0
2022-01-01,05H,0.0,0.0
2025-08-01,05H,0.0,0.0
2021-11-01,05H,0.0,0.0
2025-10-01,05H,0.0,0.0
2023-08-01,05H,0.0,0.0
2022-08-01,05H,0.0,0.0
2021-09-01,05H,0.0,0.0
2026-04-01,05H,0.0,0.0
2024-07-01,05H,0.0,0.0
2022-03-01,05H,0.0,0.0
2024-04-01,05H,0.0,0.0
2021-06-01,05H,0.0,0.0
2023-11-01,05H,0.0,0.0
2023-09-01,05H,0.0,0.0
2025-04-01,05H,0.0,0.0
2024-01-01,05H,0.0,0.0
2021-08-01,05H,0.0,0.0
2026-06-01,05H,0.0,0.0
2024-10-01,05H,0.0,0.0
2022-04-01,05H,0.0,0.0
2023-03-01,05H,0.0,0.0
2025-07-01,05H,0.0,0.0
2026-02-01,05H,0.0,0.0
2025-01-01,05H,0.0,0.0
2025-05-01,05H,0.0,0.0
2025-12-01,05H,0.0,0.0
2022-05-01,05H,0.0,0.0
2023-10-01,05H,0.0,0.0
2023-04-01,05H,0.0,0.0
2022-12-01,05H,0.0,0.0
2021-07-01,05H,0.0,0.0
2023-05-01,05H,0.0,0.0
2023-02-01,05H,0.0,0.0
2022-09-01,05H,0.0,0.0
2022-11-01,05H,0.0,0.0
2022-06-01,05H,0.0,0.0
2024-09-01,05H,0.0,0.0
2024-12-01,05H,0.0,0.0
2021-12-01,05H,0.0,0.0
2024-05-01,05H,0.0,0.0
2026-05-01,05H,0.0,0.0
2024-03-01,05H,0.0,0.0
2022-10-01,05H,0.0,0.0
2022-07-01,05H,0.0,0.0
2026-03-01,05H,0.0,0.0
2024-11-01,05L,0.0,0.0
2024-02-01,05L,0.0,0.0
2024-03-01,05L,0.0,0.0
2023-09-01,05L,0.0,0.0
2025-06-01,05L,0.0,0.0
2021-12-01,05L,0.0,0.0
2021-10-01,05L,0.0,0.0
2025-07-01,05L,0.0,0.0
2026-02-01,05L,0.0,0.0
2023-11-01,05L,0.0,0.0
2024-09-01,05L,0.0,0.0
2022-02-01,05L,0.0,0.0
2023-08-01,05L,0.0,0.0
2023-06-01,05L,0.0,0.0
2025-10-01,05L,0.0,0.0
2023-05-01,05L,0.0,0.0
2026-06-01,05L,0.0,0.0
2023-12-01,05L,0.0,0.0
2022-04-01,05L,0.0,0.0
2024-04-01,05L,0.0,0.0
2024-08-01,05L,0.0,0.0
2022-12-01,05L,0.0,0.0
2023-04-01,05L,0.0,0.0
2023-07-01,05L,0.0,0.0
2025-03-01,05L,0.0,0.0
2022-08-01,05L,0.0,0.0
2022-03-01,05L,0.0,0.0
2025-02-01,05L,0.0,0.0
2022-07-01,05L,0.0,0.0
2022-01-01,05L,0.0,0.0
2022-11-01,05L,0.0,0.0
2023-01-01,05L,0.0,0.0
2025-12-01,05L,0.0,0.0
2022-05-01,05L,0.0,0.0
2021-06-01,05L,0.0,0.0
2021-11-01,05L,0.0,0.0
2026-03-01,05L,0.0,0.0
2025-08-01,05L,0.0,0.0
2024-01-01,05L,0.0,0.0
2022-09-01,05L,0.0,0.0
2024-06-01,05L,0.0,0.0
2024-12-01,05L,0.0,0.0
2022-06-01,05L,0.0,0.0
2024-10-01,05L,0.0,0.0
2025-09-01,05L,0.0,0.0
2025-05-01,05L,0.0,0.0
2026-04-01,05L,0.0,0.0
2026-01-01,05L,0.0,0.0
2023-10-01,05L,0.0,0.0
2026-05-01,05L,0.0,0.0
2025-04-01,05L,0.0,0.0
2024-07-01,05L,0.0,0.0
2025-01-01,05L,0.0,0.0
2023-02-01,05L,0.0,0.0
2021-07-01,05L,0.0,0.0
2021-09-01,05L,0.0,0.0
2022-10-01,05L,0.0,0.0
2021-08-01,05L,0.0,0.0
2023-03-01,05L,0.0,0.0
2024-05-01,05L,0.0,0.0
2025-11-01,05L,0.0,0.0
2022-09-01,05N,0.0,0.0
2022-04-01,05N,0.0,0.0
2025-07-01,05N,0.0,0.0
2023-10-01,05N,0.0,0.0
2021-10-01,05N,0.0,0.0
2023-04-01,05N,0.0,0.0
2024-11-01,05N,0.0,0.0
2022-02-01,05N,0.0,0.0
2021-08-01,05N,0.0,0.0
2025-05-01,05N,0.0,0.0
2026-04-01,05N,0.0,0.0
2022-07-01,05N,0.0,0.0
2023-09-01,05N,0.0,0.0
2021-11-01,05N,0.0,0.0
2021-06-01,05N,0.0,0.0
2023-03-01,05N,0.0,0.0
2025-08-01,05N,0.0,0.0
2024-04-01,05N,0.0,0.0
2025-02-01,05N,0.0,0.0
2025-06-01,05N,0.0,0.0
2024-02-01,05N,0.0,0.0
2025-04-01,05N,0.0,0.0
2024-01-01,05N,0.0,0.0
2025-09-01,05N,0.0,0.0
2022-05-01,05N,0.0,0.0
2025-01-01,05N,0.0,0.0
2026-02-01,05N,0.0,0.0
2025-12-01,05N,0.0,0.0
2025-11-01,05N,0.0,0.0
2023-08-01,05N,0.0,0.0
2024-03-01,05N,0.0,0.0
2022-01-01,05N,0.0,0.0
2022-11-01,05N,0.0,0.0
2024-09-01,05N,0.0,0.0
2023-02-01,05N,0.0,0.0
2023-05-01,05N,0.0,0.0
2021-09-01,05N,0.0,0.0
2021-12-01,05N,0.0,0.0
2024-06-01,05N,0.0,0.0
2022-08-01,05N,0.0,0.0
2022-10-01,05N,0.0,0.0
2023-12-01,05N,0.0,0.0
2026-06-01,05N,0.0,0.0
2026-05-01,05N,0.0,0.0
2025-10-01,05N,0.0,0.0
2023-07-01,05N,0.0,0.0
2021-07-01,05N,0.0,0.0
2023-06-01,05N,0.0,0.0
2023-11-01,05N,0.0,0.0
2022-06-01,05N,0.0,0.0
2024-10-01,05N,0.0,0.0
2022-03-01,05N,0.0,0.0
2024-07-01,05N,0.0,0.0
2023-01-01,05N,0.0,0.0
2026-03-01,05N,0.0,0.0
2026-01-01,05N,0.0,0.0
2022-12-01,05N,0.0,0.0
2024-05-01,05N,0.0,0.0
2024-12-01,05N,0.0,0.0
2025-03-01,05N,0.0,0.0
2024-08-01,05N,0.0,0.0
2023-10-01,05R,0.0,0.0
2026-03-01,05R,0.0,0.0
2026-01-01,05R,0.0,0.0
2022-04-01,05R,0.0,0.0
2023-01-01,05R,0.0,0.0
2024-12-01,05R,0.0,0.0
2022-08-01,05R,0.0,0.0
2022-12-01,05R,0.0,0.0
2021-09-01,05R,0.0,0.0
2022-05-01,05R,0.0,0.0
2025-07-01,05R,0.0,0.0
2025-03-01,05R,0.0,0.0
2024-03-01,05R,0.0,0.0
2025-02-01,05R,0.0,0.0
2025-04-01,05R,0.0,0.0
2024-11-01,05R,0.0,0.0
2023-07-01,05R,0.0,0.0
2021-07-01,05R,0.0,0.0
2022-10-01,05R,0.0,0.0
2022-07-01,05R,0.0,0.0
2022-06-01,05R,0.0,0.0
2023-12-01,05R,0.0,0.0
2025-12-01,05R,0.0,0.0
2023-06-01,05R,0.0,0.0
2024-08-01,05R,0.0,0.0
2021-12-01,05R,0.0,0.0
2024-05-01,05R,0.0,0.0
2023-05-01,05R,0.0,0.0
2022-01-01,05R,0.0,0.0
2026-06-01,05R,0.0,0.0
2021-08-01,05R,0.0,0.0
2021-06-01,05R,0.0,0.0
2021-11-01,05R,0.0,0.0
2025-08-01,05R,0.0,0.0
2025-05-01,05R,0.0,0.0
2025-11-01,05R,0.0,0.0
2023-03-01,05R,0.0,0.0
2024-10-01,05R,0.0,0.0
2024-02-01,05R,0.0,0.0
2026-04-01,05R,0.0,0.0
2022-09-01,05R,0.0,0.0
2022-11-01,05R,0.0,0.0
2023-02-01,05R,0.0,0.0
2025-06-01,05R,0.0,0.0
2023-04-01,05R,0.0,0.0
2021-10-01,05R,0.0,0.0
2026-05-01,05R,0.0,0.0
2024-06-01,05R,0.0,0.0
2024-07-01,05R,0.0,0.0
2023-09-01,05R,0.0,0.0
2023-08-01,05R,0.0,0.0
2024-04-01,05R,0.0,0.0
2022-03-01,05R,0.0,0.0
2025-10-01,05R,0.0,0.0
2024-01-01,05R,0.0,0.0
2025-09-01,05R,0.0,0.0
2023-11-01,05R,0.0,0.0
2025-01-01,05R,0.0,0.0
2026-02-01,05R,0.0,0.0
2022-02-01,05R,0.0,0.0
2024-09-01,05R,0.0,0.0
2026-04-01,05T,0.0,0.0
2021-06-01,05T,0.0,0.0
2025-10-01,05T,0.0,0.0
2026-06-01,05T,0.0,0.0
2025-03-01,05T,0.0,0.0
2024-10-01,05T,0.0,0.0
2024-01-01,05T,0.0,0.0
2023-04-01,05T,0.0,0.0
2023-09-01,05T,0.0,0.0
2023-07-01,05T,0.0,0.0
2025-09-01,05T,0.0,0.0
2025-02-01,05T,0.0,0.0
2021-10-01,05T,0.0,0.0
2022-11-01,05T,0.0,0.0
2024-03-01,05T,0.0,0.0
2021-12-01,05T,0.0,0.0
2025-07-01,05T,0.0,0.0
2026-03-01,05T,0.0,0.0
2023-08-01,05T,0.0,0.0
2025-08-01,05T,0.0,0.0
2024-09-01,05T,0.0,0.0
2022-07-01,05T,0.0,0.0
2024-12-01,05T,0.0,0.0
2025-04-01,05T,0.0,0.0
2025-06-01,05T,0.0,0.0
2023-10-01,05T,0.0,0.0
2025-05-01,05T,0.0,0.0
2025-11-01,05T,0.0,0.0
2023-06-01,05T,0.0,0.0
2023-02-01,05T,0.0,0.0
2026-01-01,05T,0.0,0.0
2026-05-01,05T,0.0,0.0
2024-11-01,05T,0.0,0.0
2022-04-01,05T,0.0,0.0
2023-03-01,05T,0.0,0.0
2023-12-01,05T,0.0,0.0
2026-02-01,05T,0.0,0.0
2023-05-01,05T,0.0,0.0
2022-10-01,05T,0.0,0.0
2022-06-01,05T,0.0,0.0
2022-12-01,05T,0.0,0.0
2025-12-01,05T,0.0,0.0
2024-06-01,05T,0.0,0.0
2024-02-01,05T,0.0,0.0
2022-05-01,05T,0.0,0.0
2021-09-01,05T,0.0,0.0
2023-01-01,05T,0.0,0.0
2022-08-01,05T,0.0,0.0
2024-08-01,05T,0.0,0.0
2025-01-01,05T,0.0,0.0
2024-07-01,05T,0.0,0.0
2021-07-01,05T,0.0,0.0
2022-01-01,05T,0.0,0.0
2024-04-01,05T,0.0,0.0
2024-05-01,05T,0.0,0.0
2021-11-01,05T,0.0,0.0
2022-02-01,05T,0.0,0.0
2023-11-01,05T,0.0,0.0
2022-09-01,05T,0.0,0.0
2022-03-01,05T,0.0,0.0
2021-08-01,05T,0.0,0.0
2025-12-01,05X,0.0,0.0
2025-02-01,05X,0.0,0.0
2025-01-01,05X,0.0,0.0
2021-12-01,05X,0.0,0.0
2026-02-01,05X,0.0,0.0
2025-08-01,05X,0.0,0.0
2025-07-01,05X,0.0,0.0
2022-01-01,05X,0.0,0.0
2026-01-01,05X,0.0,0.0
2021-08-01,05X,0.0,0.0
2025-05-01,05X,0.0,0.0
2023-06-01,05X,0.0,0.0
2021-11-01,05X,0.0,0.0
2026-04-01,05X,0.0,0.0
2023-02-01,05X,0.0,0.0
2024-12-01,05X,0.0,0.0
2023-11-01,05X,0.0,0.0
2022-04-01,05X,0.0,0.0
2023-05-01,05X,0.0,0.0
2022-08-01,05X,0.0,0.0
2026-03-01,05X,0.0,0.0
2025-03-01,05X,0.0,0.0
2024-05-01,05X,0.0,0.0
2026-06-01,05X,0.0,0.0
2022-03-01,05X,0.0,0.0
2023-12-01,05X,0.0,0.0
2025-06-01,05X,0.0,0.0
2024-10-01,05X,0.0,0.0
2022-06-01,05X,0.0,0.0
2022-10-01,05X,0.0,0.0
2021-06-01,05X,0.0,0.0
2023-03-01,05X,0.0,0.0
2024-01-01,05X,0.0,0.0
2024-07-01,05X,0.0,0.0
2023-07-01,05X,0.0,0.0
2023-10-01,05X,0.0,0.0
2024-02-01,05X,0.0,0.0
2024-04-01,05X,0.0,0.0
2021-09-01,05X,0.0,0.0
2022-02-01,05X,0.0,0.0
2021-10-01,05X,0.0,0.0
2022-05-01,05X,0.0,0.0
2023-04-01,05X,0.0,0.0
2024-06-01,05X,0.0,0.0
2023-09-01,05X,0.0,0.0
2025-10-01,05X,0.0,0.0
2023-01-01,05X,0.0,0.0
2025-09-01,05X,0.0,0.0
2024-09-01,05X,0.0,0.0
2025-11-01,05X,0.0,0.0
2025-04-01,05X,0.0,0.0
2021-07-01,05X,0.0,0.0
2023-08-01,05X,0.0,0.0
2022-09-01,05X,0.0,0.0
2026-05-01,05X,0.0,0.0
2022-11-01,05X,0.0,0.0
2022-07-01,05X,0.0,0.0
2024-11-01,05X,0.0,0.0
2024-08-01,05X,0.0,0.0
2024-03-01,05X,0.0,0.0
2022-12-01,05X,0.0,0.0
2025-08-01,05Y,0.0,0.0
2023-01-01,05Y,0.0,0.0
2021-11-01,05Y,0.0,0.0
2025-04-01,05Y,0.0,0.0
2025-06-01,05Y,0.0,0.0
2025-02-01,05Y,0.0,0.0
2022-04-01,05Y,0.0,0.0
2022-12-01,05Y,0.0,0.0
2021-10-01,05Y,0.0,0.0
2026-01-01,05Y,0.0,0.0
2024-05-01,05Y,0.0,0.0
2022-01-01,05Y,0.0,0.0
2023-10-01,05Y,0.0,0.0
2023-04-01,05Y,0.0,0.0
2022-10-01,05Y,0.0,0.0
2025-11-01,05Y,0.0,0.0
2023-02-01,05Y,0.0,0.0
2022-06-01,05Y,0.0,0.0
2025-10-01,05Y,0.0,0.0
2026-04-01,05Y,0.0,0.0
2024-12-01,05Y,0.0,0.0
2024-06-01,05Y,0.0,0.0
2025-05-01,05Y,0.0,0.0
2023-05-01,05Y,0.0,0.0
2024-09-01,05Y,0.0,0.0
2021-08-01,05Y,0.0,0.0
2022-03-01,05Y,0.0,0.0
2023-06-01,05Y,0.0,0.0
2025-03-01,05Y,0.0,0.0
2022-09-01,05Y,0.0,0.0
2023-08-01,05Y,0.0,0.0
2024-11-01,05Y,0.0,0.0
2021-06-01,05Y,0.0,0.0
2024-07-01,05Y,0.0,0.0
2026-02-01,05Y,0.0,0.0
2022-08-01,05Y,0.0,0.0
2021-09-01,05Y,0.0,0.0
2026-03-01,05Y,0.0,0.0
2024-01-01,05Y,0.0,0.0
2025-07-01,05Y,0.0,0.0
2022-02-01,05Y,0.0,0.0
2024-10-01,05Y,0.0,0.0
2023-03-01,05Y,0.0,0.0
2021-07-01,05Y,0.0,0.0
2021-12-01,05Y,0.0,0.0
2022-05-01,05Y,0.0,0.0
2026-05-01,05Y,0.0,0.0
2023-07-01,05Y,0.0,0.0
2023-12-01,05Y,0.0,0.0
2026-06-01,05Y,0.0,0.0
2025-01-01,05Y,0.0,0.0
2024-04-01,05Y,0.0,0.0
2024-03-01,05Y,0.0,0.0
2024-08-01,05Y,0.0,0.0
2025-09-01,05Y,0.0,0.0
2022-11-01,05Y,0.0,0.0
2023-09-01,05Y,0.0,0.0
2022-07-01,05Y,0.0,0.0
2025-12-01,05Y,0.0,0.0
2024-02-01,05Y,0.0,0.0
2023-11-01,05Y,0.0,0.0
2021-08-01,06A,0.0,0.0
2024-08-01,06A,0.0,0.0
2025-02-01,06A,0.0,0.0
2025-11-01,06A,0.0,0.0
2022-10-01,06A,0.0,0.0
2025-09-01,06A,0.0,0.0
2024-12-01,06A,0.0,0.0
2025-04-01,06A,0.0,0.0
2023-04-01,06A,0.0,0.0
2024-10-01,06A,0.0,0.0
2022-08-01,06A,0.0,0.0
2022-06-01,06A,0.0,0.0
2022-11-01,06A,0.0,0.0
2021-06-01,06A,0.0,0.0
2021-12-01,06A,0.0,0.0
2026-05-01,06A,0.0,0.0
2026-04-01,06A,0.0,0.0
2023-03-01,06A,0.0,0.0
2024-05-01,06A,0.0,0.0
2026-03-01,06A,0.0,0.0
2021-11-01,06A,0.0,0.0
2024-09-01,06A,0.0,0.0
2023-08-01,06A,0.0,0.0
2025-07-01,06A,0.0,0.0
2024-06-01,06A,0.0,0.0
2021-09-01,06A,0.0,0.0
2024-04-01,06A,0.0,0.0
2022-05-01,06A,0.0,0.0
2025-12-01,06A,0.0,0.0
2025-03-01,06A,0.0,0.0
2023-05-01,06A,0.0,0.0
2023-01-01,06A,0.0,0.0
2026-02-01,06A,0.0,0.0
2025-05-01,06A,0.0,0.0
2022-07-01,06A,0.0,0.0
2022-01-01,06A,0.0,0.0
2024-11-01,06A,0.0,0.0
2023-06-01,06A,0.0,0.0
2024-02-01,06A,0.0,0.0
2024-01-01,06A,0.0,0.0
2025-08-01,06A,0.0,0.0
2022-12-01,06A,0.0,0.0
2025-10-01,06A,0.0,0.0
2023-10-01,06A,0.0,0.0
2024-07-01,06A,0.0,0.0
2023-11-01,06A,0.0,0.0
2023-07-01,06A,0.0,0.0
2021-10-01,06A,0.0,0.0
2023-12-01,06A,0.0,0.0
2023-02-01,06A,0.0,0.0
2021-07-01,06A,0.0,0.0
2026-06-01,06A,0.0,0.0
2022-09-01,06A,0.0,0.0
2022-04-01,06A,0.0,0.0
2025-06-01,06A,0.0,0.0
2026-01-01,06A,0.0,0.0
2022-03-01,06A,0.0,0.0
2024-03-01,06A,0.0,0.0
2025-01-01,06A,0.0,0.0
2022-02-01,06A,0.0,0.0
2023-09-01,06A,0.0,0.0
2022-06-01,06D,0.0,0.0
2022-09-01,06D,0.0,0.0
2024-08-01,06D,0.0,0.0
2026-04-01,06D,0.0,0.0
2024-05-01,06D,0.0,0.0
2023-06-01,06D,0.0,0.0
2022-01-01,06D,0.0,0.0
2025-09-01,06D,0.0,0.0
2024-06-01,06D,0.0,0.0
2023-05-01,06D,0.0,0.0
2022-11-01,06D,0.0,0.0
2025-01-01,06D,0.0,0.0
2021-10-01,06D,0.0,0.0
2021-08-01,06D,0.0,0.0
2024-03-01,06D,0.0,0.0
2022-08-01,06D,0.0,0.0
2024-12-01,06D,0.0,0.0
2022-02-01,06D,0.0,0.0
2025-07-01,06D,0.0,0.0
2023-08-01,06D,0.0,0.0
2022-07-01,06D,0.0,0.0
2024-07-01,06D,0.0,0.0
2025-06-01,06D,0.0,0.0
2023-03-01,06D,0.0,0.0
2026-01-01,06D,0.0,0.0
2025-05-01,06D,0.0,0.0
2023-09-01,06D,0.0,0.0
2021-07-01,06D,0.0,0.0
2025-04-01,06D,0.0,0.0
2026-02-01,06D,0.0,0.0
2023-11-01,06D,0.0,0.0
2026-03-01,06D,0.0,0.0
2023-01-01,06D,0.0,0.0
2023-10-01,06D,0.0,0.0
2026-05-01,06D,0.0,0.0
2022-04-01,06D,0.0,0.0
2023-12-01,06D,0.0,0.0
2024-09-01,06D,0.0,0.0
2021-09-01,06D,0.0,0.0
2025-11-01,06D,0.0,0.0
2026-06-01,06D,0.0,0.0
2023-04-01,06D,0.0,0.0
2024-01-01,06D,0.0,0.0
2024-04-01,06D,0.0,0.0
2021-06-01,06D,0.0,0.0
2024-11-01,06D,0.0,0.0
2024-02-01,06D,0.0,0.0
2022-12-01,06D,0.0,0.0
2024-10-01,06D,0.0,0.0
2023-02-01,06D,0.0,0.0
2025-10-01,06D,0.0,0.0
2022-03-01,06D,0.0,0.0
2021-12-01,06D,0.0,0.0
2025-03-01,06D,0.0,0.0
2025-02-01,06D,0.0,0.0
2025-08-01,06D,0.0,0.0
2022-05-01,06D,0.0,0.0
2025-12-01,06D,0.0,0.0
2023-07-01,06D,0.0,0.0
2022-10-01,06D,0.0,0.0
2021-11-01,06D,0.0,0.0
2023-03-01,06F,0.0,0.0
2025-09-01,06F,0.0,0.0
2022-02-01,06F,0.0,0.0
2024-06-01,06F,0.0,0.0
2022-12-01,06F,0.0,0.0
2023-02-01,06F,0.0,0.0
2025-10-01,06F,0.0,0.0
2023-01-01,06F,0.0,0.0
2025-07-01,06F,0.0,0.0
2022-09-01,06F,0.0,0.0
2026-02-01,06F,0.0,0.0
2023-07-01,06F,0.0,0.0
2022-08-01,06F,0.0,0.0
2022-06-01,06F,0.0,0.0
2025-12-01,06F,0.0,0.0
2022-10-01,06F,0.0,0.0
2021-08-01,06F,0.0,0.0
2023-11-01,06F,0.0,0.0
2023-04-01,06F,0.0,0.0
2026-01-01,06F,0.0,0.0
2025-01-01,06F,0.0,0.0
2023-08-01,06F,0.0,0.0
2026-03-01,06F,0.0,0.0
2026-05-01,06F,0.0,0.0
2021-07-01,06F,0.0,0.0
2025-08-01,06F,0.0,0.0
2026-04-01,06F,0.0,0.0
2023-09-01,06F,0.0,0.0
2024-04-01,06F,0.0,0.0
2025-05-01,06F,0.0,0.0
2024-10-01,06F,0.0,0.0
2022-07-01,06F,0.0,0.0
2024-01-01,06F,0.0,0.0
2024-03-01,06F,0.0,0.0
2025-11-01,06F,0.0,0.0
2021-11-01,06F,0.0,0.0
2022-03-01,06F,0.0,0.0
2024-11-01,06F,0.0,0.0
2025-06-01,06F,0.0,0.0
2024-09-01,06F,0.0,0.0
2023-06-01,06F,0.0,0.0
2022-01-01,06F,0.0,0.0
2021-12-01,06F,0.0,0.0
2021-06-01,06F,0.0,0.0
2023-12-01,06F,0.0,0.0
2021-10-01,06F,0.0,0.0
2024-02-01,06F,0.0,0.0
2024-07-01,06F,0.0,0.0
2025-02-01,06F,0.0,0.0
2023-05-01,06F,0.0,0.0
2025-03-01,06F,0.0,0.0
2022-04-01,06F,0.0,0.0
2022-05-01,06F,0.0,0.0
2023-10-01,06F,0.0,0.0
2026-06-01,06F,0.0,0.0
2024-12-01,06F,0.0,0.0
2025-04-01,06F,0.0,0.0
2021-09-01,06F,0.0,0.0
2024-05-01,06F,0.0,0.0
2022-11-01,06F,0.0,0.0
2024-08-01,06F,0.0,0.0
2023-04-01,06M,0.0,0.0
2023-03-01,06M,0.0,0.0
2022-05-01,06M,0.0,0.0
2021-07-01,06M,0.0,0.0
2025-09-01,06M,0.0,0.0
2024-11-01,06M,0.0,0.0
2024-03-01,06M,0.0,0.0
2022-04-01,06M,0.0,0.0
2024-04-01,06M,0.0,0.0
2021-12-01,06M,0.0,0.0
2022-03-01,06M,0.0,0.0
2023-01-01,06M,0.0,0.0
2024-06-01,06M,0.0,0.0
2025-10-01,06M,0.0,0.0
2022-08-01,06M,0.0,0.0
2025-02-01,06M,0.0,0.0
2022-02-01,06M,0.0,0.0
2023-07-01,06M,0.0,0.0
2024-09-01,06M,0.0,0.0
2022-09-01,06M,0.0,0.0
2024-07-01,06M,0.0,0.0
2023-02-01,06M,0.0,0.0
2025-06-01,06M,0.0,0.0
2024-10-01,06M,0.0,0.0
2024-08-01,06M,0.0,0.0
2024-05-01,06M,0.0,0.0
2021-09-01,06M,0.0,0.0
2023-11-01,06M,0.0,0.0
2022-01-01,06M,0.0,0.0
2025-01-01,06M,0.0,0.0
2025-03-01,06M,0.0,0.0
2023-06-01,06M,0.0,0.0
2021-08-01,06M,0.0,0.0
2025-05-01,06M,0.0,0.0
2025-07-01,06M,0.0,0.0
2025-08-01,06M,0.0,0.0
2026-06-01,06M,0.0,0.0
2023-09-01,06M,0.0,0.0
2022-10-01,06M,0.0,0.0
2024-01-01,06M,0.0,0.0
2021-06-01,06M,0.0,0.0
2026-05-01,06M,0.0,0.0
2022-06-01,06M,0.0,0.0
2024-12-01,06M,0.0,0.0
2023-10-01,06M,0.0,0.0
2023-05-01,06M,0.0,0.0
2022-07-01,06M,0.0,0.0
2024-02-01,06M,0.0,0.0
2021-11-01,06M,0.0,0.0
2026-01-01,06M,0.0,0.0
2026-02-01,06M,0.0,0.0
2025-11-01,06M,0.0,0.0
2025-12-01,06M,0.0,0.0
2023-12-01,06M,0.0,0.0
2022-11-01,06M,0.0,0.0
2021-10-01,06M,0.0,0.0
2022-12-01,06M,0.0,0.0
2026-03-01,06M,0.0,0.0
2026-04-01,06M,0.0,0.0
2023-08-01,06M,0.0,0.0
2025-04-01,06M,0.0,0.0
2026-06-01,06P,0.0,0.0
2025-08-01,06P,0.0,0.0
2024-03-01,06P,0.0,0.0
2025-06-01,06P,0.0,0.0
2022-11-01,06P,0.0,0.0
2021-07-01,06P,0.0,0.0
2022-05-01,06P,0.0,0.0
2026-05-01,06P,0.0,0.0
2021-11-01,06P,0.0,0.0
2023-10-01,06P,0.0,0.0
2025-04-01,06P,0.0,0.0
2026-03-01,06P,0.0,0.0
2022-12-01,06P,0.0,0.0
2026-04-01,06P,0.0,0.0
2021-12-01,06P,0.0,0.0
2023-04-01,06P,0.0,0.0
2026-01-01,06P,0.0,0.0
2022-08-01,06P,0.0,0.0
2023-11-01,06P,0.0,0.0
2023-03-01,06P,0.0,0.0
2024-06-01,06P,0.0,0.0
2023-08-01,06P,0.0,0.0
2023-01-01,06P,0.0,0.0
2025-10-01,06P,0.0,0.0
2025-09-01,06P,0.0,0.0
2025-02-01,06P,0.0,0.0
2023-12-01,06P,0.0,0.0
2025-07-01,06P,0.0,0.0
2025-01-01,06P,0.0,0.0
2024-02-01,06P,0.0,0.0
2022-04-01,06P,0.0,0.0
2023-05-01,06P,0.0,0.0
2022-03-01,06P,0.0,0.0
2023-09-01,06P,0.0,0.0
2023-07-01,06P,0.0,0.0
2024-12-01,06P,0.0,0.0
2022-10-01,06P,0.0,0.0
2024-11-01,06P,0.0,0.0
2024-07-01,06P,0.0,0.0
2024-01-01,06P,0.0,0.0
2025-03-01,06P,0.0,0.0
2021-09-01,06P,0.0,0.0
2021-06-01,06P,0.0,0.0
2022-09-01,06P,0.0,0.0
2025-11-01,06P,0.0,0.0
2023-02-01,06P,0.0,0.0
2024-09-01,06P,0.0,0.0
2025-12-01,06P,0.0,0.0
2022-01-01,06P,0.0,0.0
2024-04-01,06P,0.0,0.0
2025-05-01,06P,0.0,0.0
2024-05-01,06P,0.0,0.0
2026-02-01,06P,0.0,0.0
2021-10-01,06P,0.0,0.0
2021-08-01,06P,0.0,0.0
2022-07-01,06P,0.0,0.0
2022-02-01,06P,0.0,0.0
2024-08-01,06P,0.0,0.0
2024-10-01,06P,0.0,0.0
2022-06-01,06P,0.0,0.0
2023-06-01,06P,0.0,0.0
2022-10-01,06W,0.0,0.0
2022-09-01,06W,0.0,0.0
2025-06-01,06W,0.0,0.0
2023-08-01,06W,0.0,0.0
2025-08-01,06W,0.0,0.0
2025-11-01,06W,0.0,0.0
2022-04-01,06W,0.0,0.0
2025-01-01,06W,0.0,0.0
2026-06-01,06W,0.0,0.0
2023-01-01,06W,0.0,0.0
2026-02-01,06W,0.0,0.0
2023-12-01,06W,0.0,0.0
2021-06-01,06W,0.0,0.0
2025-12-01,06W,0.0,0.0
2024-03-01,06W,0.0,0.0
2023-05-01,06W,0.0,0.0
2024-07-01,06W,0.0,0.0
2023-10-01,06W,0.0,0.0
2021-10-01,06W,0.0,0.0
2023-06-01,06W,0.0,0.0
2024-09-01,06W,0.0,0.0
2025-02-01,06W,0.0,0.0
2021-11-01,06W,0.0,0.0
2024-04-01,06W,0.0,0.0
2025-04-01,06W,0.0,0.0
2022-12-01,06W,0.0,0.0
2023-11-01,06W,0.0,0.0
2021-09-01,06W,0.0,0.0
2024-12-01,06W,0.0,0.0
2021-08-01,06W,0.0,0.0
2024-02-01,06W,0.0,0.0
2023-03-01,06W,0.0,0.0
2025-07-01,06W,0.0,0.0
2025-09-01,06W,0.0,0.0
2022-06-01,06W,0.0,0.0
2022-08-01,06W,0.0,0.0
2022-02-01,06W,0.0,0.0
2026-04-01,06W,0.0,0.0
2022-07-01,06W,0.0,0.0
2024-08-01,06W,0.0,0.0
2025-03-01,06W,0.0,0.0
2022-01-01,06W,0.0,0.0
2021-12-01,06W,0.0,0.0
2026-05-01,06W,0.0,0.0
2024-11-01,06W,0.0,0.0
2024-10-01,06W,0.0,0.0
2022-05-01,06W,0.0,0.0
2023-07-01,06W,0.0,0.0
2025-05-01,06W,0.0,0.0
2024-06-01,06W,0.0,0.0
2023-09-01,06W,0.0,0.0
2024-05-01,06W,0.0,0.0
2023-02-01,06W,0.0,0.0
2021-07-01,06W,0.0,0.0
2023-04-01,06W,0.0,0.0
2025-10-01,06W,0.0,0.0
2022-11-01,06W,0.0,0.0
2022-03-01,06W,0.0,0.0
2024-01-01,06W,0.0,0.0
2026-03-01,06W,0.0,0.0
2026-01-01,06W,0.0,0.0
2021-08-01,06Y,0.0,0.0
2025-01-01,06Y,0.0,0.0
2022-11-01,06Y,0.0,0.0
2026-05-01,06Y,0.0,0.0
2025-08-01,06Y,0.0,0.0
2022-12-01,06Y,0.0,0.0
2022-06-01,06Y,0.0,0.0
2023-04-01,06Y,0.0,0.0
2022-08-01,06Y,0.0,0.0
2021-11-01,06Y,0.0,0.0
2022-01-01,06Y,0.0,0.0
2024-03-01,06Y,0.0,0.0
2025-05-01,06Y,0.0,0.0
2026-03-01,06Y,0.0,0.0
2023-06-01,06Y,0.0,0.0
2025-02-01,06Y,0.0,0.0
2023-03-01,06Y,0.0,0.0
2021-06-01,06Y,0.0,0.0
2025-09-01,06Y,0.0,0.0
2024-08-01,06Y,0.0,0.0
2022-10-01,06Y,0.0,0.0
2023-08-01,06Y,0.0,0.0
2024-12-01,06Y,0.0,0.0
2025-12-01,06Y,0.0,0.0
2024-05-01,06Y,0.0,0.0
2023-12-01,06Y,0.0,0.0
2024-07-01,06Y,0.0,0.0
2021-09-01,06Y,0.0,0.0
2025-06-01,06Y,0.0,0.0
2025-03-01,06Y,0.0,0.0
2022-05-01,06Y,0.0,0.0
2022-09-01,06Y,0.0,0.0
2021-07-01,06Y,0.0,0.0
2024-11-01,06Y,0.0,0.0
2021-10-01,06Y,0.0,0.0
2023-01-01,06Y,0.0,0.0
2024-01-01,06Y,0.0,0.0
2022-02-01,06Y,0.0,0.0
2024-02-01,06Y,0.0,0.0
2023-07-01,06Y,0.0,0.0
2023-02-01,06Y,0.0,0.0
2022-04-01,06Y,0.0,0.0
2025-10-01,06Y,0.0,0.0
2021-12-01,06Y,0.0,0.0
2026-06-01,06Y,0.0,0.0
2025-04-01,06Y,0.0,0.0
2024-09-01,06Y,0.0,0.0
2023-11-01,06Y,0.0,0.0
2022-07-01,06Y,0.0,0.0
2026-02-01,06Y,0.0,0.0
2026-01-01,06Y,0.0,0.0
2025-11-01,06Y,0.0,0.0
2023-05-01,06Y,0.0,0.0
2025-07-01,06Y,0.0,0.0
2024-04-01,06Y,0.0,0.0
2026-04-01,06Y,0.0,0.0
2023-10-01,06Y,0.0,0.0
2023-09-01,06Y,0.0,0.0
2024-06-01,06Y,0.0,0.0
2024-10-01,06Y,0.0,0.0
2022-03-01,06Y,0.0,0.0
2024-10-01,07L,0.0,0.0
2022-02-01,07L,0.0,0.0
2023-07-01,07L,0.0,0.0
2021-08-01,07L,0.0,0.0
2024-11-01,07L,0.0,0.0
2025-05-01,07L,0.0,0.0
2023-03-01,07L,0.0,0.0
2023-06-01,07L,0.0,0.0
2022-08-01,07L,0.0,0.0
2022-05-01,07L,0.0,0.0
2025-10-01,07L,0.0,0.0
2023-08-01,07L,0.0,0.0
2024-01-01,07L,0.0,0.0
2025-01-01,07L,0.0,0.0
2026-02-01,07L,0.0,0.0
2022-12-01,07L,0.0,0.0
2024-08-01,07L,0.0,0.0
2025-08-01,07L,0.0,0.0
2022-04-01,07L,0.0,0.0
2025-11-01,07L,0.0,0.0
2022-11-01,07L,0.0,0.0
2025-12-01,07L,0.0,0.0
2023-02-01,07L,0.0,0.0
2024-04-01,07L,0.0,0.0
2022-06-01,07L,0.0,0.0
2025-06-01,07L,0.0,0.0
2022-07-01,07L,0.0,0.0
2026-06-01,07L,0.0,0.0
2023-10-01,07L,0.0,0.0
2024-02-01,07L,0.0,0.0
2024-03-01,07L,0.0,0.0
2026-01-01,07L,0.0,0.0
2021-12-01,07L,0.0,0.0
2021-11-01,07L,0.0,0.0
2025-04-01,07L,0.0,0.0
2021-10-01,07L,0.0,0.0
2024-07-01,07L,0.0,0.0
2025-02-01,07L,0.0,0.0
2021-09-01,07L,0.0,0.0
2023-05-01,07L,0.0,0.0
2023-09-01,07L,0.0,0.0
2023-01-01,07L,0.0,0.0
2026-03-01,07L,0.0,0.0
2026-04-01,07L,0.0,0.0
2023-12-01,07L,0.0,0.0
2024-09-01,07L,0.0,0.0
2022-01-01,07L,0.0,0.0
2025-09-01,07L,0.0,0.0
2021-06-01,07L,0.0,0.0
2025-07-01,07L,0.0,0.0
2024-05-01,07L,0.0,0.0
2024-06-01,07L,0.0,0.0
2023-04-01,07L,0.0,0.0
2022-03-01,07L,0.0,0.0
2021-07-01,07L,0.0,0.0
2022-10-01,07L,0.0,0.0
2024-12-01,07L,0.0,0.0
2026-05-01,07L,0.0,0.0
2023-11-01,07L,0.0,0.0
2022-09-01,07L,0.0,0.0
2025-03-01,07L,0.0,0.0
2022-04-01,07M,0.0,0.0
2023-12-01,07M,0.0,0.0
2024-11-01,07M,0.0,0.0
2025-06-01,07M,0.0,0.0
2022-12-01,07M,0.0,0.0
2025-03-01,07M,0.0,0.0
2024-06-01,07M,0.0,0.0
2023-01-01,07M,0.0,0.0
2024-02-01,07M,0.0,0.0
2024-09-01,07M,0.0,0.0
2025-12-01,07M,0.0,0.0
2021-08-01,07M,0.0,0.0
2022-07-01,07M,0.0,0.0
2021-07-01,07M,0.0,0.0
2025-08-01,07M,0.0,0.0
2026-01-01,07M,0.0,0.0
2023-03-01,07M,0.0,0.0
2024-10-01,07M,0.0,0.0
2021-10-01,07M,0.0,0.0
2024-08-01,07M,0.0,0.0
2024-04-01,07M,0.0,0.0
2023-04-01,07M,0.0,0.0
2025-09-01,07M,0.0,0.0
2023-08-01,07M,0.0,0.0
2022-11-01,07M,0.0,0.0
2022-06-01,07M,0.0,0.0
2022-02-01,07M,0.0,0.0
2021-12-01,07M,0.0,0.0
2023-07-01,07M,0.0,0.0
2025-07-01,07M,0.0,0.0
2021-11-01,07M,0.0,0.0
2022-10-01,07M,0.0,0.0
2022-05-01,07M,0.0,0.0
2026-06-01,07M,0.0,0.0
2024-12-01,07M,0.0,0.0
2026-04-01,07M,0.0,0.0
2026-03-01,07M,0.0,0.0
2024-01-01,07M,0.0,0.0
2022-09-01,07M,0.0,0.0
2023-11-01,07M,0.0,0.0
2023-02-01,07M,0.0,0.0
2023-06-01,07M,0.0,0.0
2026-02-01,07M,0.0,0.0
2025-10-01,07M,0.0,0.0
2022-08-01,07M,0.0,0.0
2022-03-01,07M,0.0,0.0
2024-05-01,07M,0.0,0.0
2021-06-01,07M,0.0,0.0
2021-09-01,07M,0.0,0.0
2025-05-01,07M,0.0,0.0
2023-09-01,07M,0.0,0.0
2023-10-01,07M,0.0,0.0
2024-07-01,07M,0.0,0.0
2025-02-01,07M,0.0,0.0
2026-05-01,07M,0.0,0.0
2023-05-01,07M,0.0,0.0
2025-04-01,07M,0.0,0.0
2022-01-01,07M,0.0,0.0
2024-03-01,07M,0.0,0.0
2025-01-01,07M,0.0,0.0
2025-11-01,07M,0.0,0.0
2026-04-01,07N,0.0,0.0
2025-02-01,07N,0.0,0.0
2025-08-01,07N,0.0,0.0
2023-09-01,07N,0.0,0.0
2024-02-01,07N,0.0,0.0
2022-07-01,07N,0.0,0.0
2022-03-01,07N,0.0,0.0
2024-12-01,07N,0.0,0.0
2021-11-01,07N,0.0,0.0
2022-09-01,07N,0.0,0.0
2023-08-01,07N,0.0,0.0
2025-05-01,07N,0.0,0.0
2024-04-01,07N,0.0,0.0
2023-07-01,07N,0.0,0.0
2026-05-01,07N,0.0,0.0
2025-12-01,07N,0.0,0.0
2026-01-01,07N,0.0,0.0
2025-07-01,07N,0.0,0.0
2025-09-01,07N,0.0,0.0
2021-10-01,07N,0.0,0.0
2023-10-01,07N,0.0,0.0
2021-12-01,07N,0.0,0.0
2022-11-01,07N,0.0,0.0
2021-08-01,07N,0.0,0.0
2024-07-01,07N,0.0,0.0
2023-03-01,07N,0.0,0.0
2023-11-01,07N,0.0,0.0
2026-03-01,07N,0.0,0.0
2024-06-01,07N,0.0,0.0
2023-12-01,07N,0.0,0.0
2022-05-01,07N,0.0,0.0
2025-10-01,07N,0.0,0.0
2023-05-01,07N,0.0,0.0
2023-04-01,07N,0.0,0.0
2024-09-01,07N,0.0,0.0
2025-11-01,07N,0.0,0.0
2023-01-01,07N,0.0,0.0
2025-03-01,07N,0.0,0.0
2025-01-01,07N,0.0,0.0
2021-06-01,07N,0.0,0.0
2024-08-01,07N,0.0,0.0
2024-01-01,07N,0.0,0.0
2026-06-01,07N,0.0,0.0
2024-03-01,07N,0.0,0.0
2024-10-01,07N,0.0,0.0
2022-02-01,07N,0.0,0.0
2024-05-01,07N,0.0,0.0
2022-12-01,07N,0.0,0.0
2024-11-01,07N,0.0,0.0
2026-02-01,07N,0.0,0.0
2022-06-01,07N,0.0,0.0
2022-08-01,07N,0.0,0.0
2022-01-01,07N,0.0,0.0
2023-06-01,07N,0.0,0.0
2021-09-01,07N,0.0,0.0
2025-06-01,07N,0.0,0.0
2022-04-01,07N,0.0,0.0
2022-10-01,07N,0.0,0.0
2021-07-01,07N,0.0,0.0
2023-02-01,07N,0.0,0.0
2025-04-01,07N,0.0,0.0
2023-07-01,07P,0.0,0.0
2024-02-01,07P,0.0,0.0
2026-02-01,07P,0.0,0.0
2024-01-01,07P,0.0,0.0
2024-11-01,07P,0.0,0.0
2024-12-01,07P,0.0,0.0
2022-12-01,07P,0.0,0.0
2023-12-01,07P,0.0,0.0
2022-08-01,07P,0.0,0.0
2025-11-01,07P,0.0,0.0
2021-11-01,07P,0.0,0.0
2022-09-01,07P,0.0,0.0
2023-10-01,07P,0.0,0.0
2024-06-01,07P,0.0,0.0
2025-08-01,07P,0.0,0.0
2021-10-01,07P,0.0,0.0
2026-01-01,07P,0.0,0.0
2025-04-01,07P,0.0,0.0
2021-08-01,07P,0.0,0.0
2024-10-01,07P,0.0,0.0
2022-06-01,07P,0.0,0.0
2023-08-01,07P,0.0,0.0
2024-03-01,07P,0.0,0.0
2024-09-01,07P,0.0,0.0
2023-09-01,07P,0.0,0.0
2025-12-01,07P,0.0,0.0
2025-10-01,07P,0.0,0.0
2022-01-01,07P,0.0,0.0
2022-02-01,07P,0.0,0.0
2023-04-01,07P,0.0,0.0
2025-05-01,07P,0.0,0.0
2022-11-01,07P,0.0,0.0
2023-11-01,07P,0.0,0.0
2023-06-01,07P,0.0,0.0
2026-03-01,07P,0.0,0.0
2021-12-01,07P,0.0,0.0
2024-08-01,07P,0.0,0.0
2021-06-01,07P,0.0,0.0
2025-03-01,07P,0.0,0.0
2023-05-01,07P,0.0,0.0
2024-07-01,07P,0.0,0.0
2026-06-01,07P,0.0,0.0
2022-05-01,07P,0.0,0.0
2024-04-01,07P,0.0,0.0
2025-02-01,07P,0.0,0.0
2026-05-01,07P,0.0,0.0
2025-06-01,07P,0.0,0.0
2025-09-01,07P,0.0,0.0
2025-07-01,07P,0.0,0.0
2026-04-01,07P,0.0,0.0
2022-04-01,07P,0.0,0.0
2023-01-01,07P,0.0,0.0
2023-03-01,07P,0.0,0.0
2022-03-01,07P,0.0,0.0
2022-07-01,07P,0.0,0.0
2025-01-01,07P,0.0,0.0
2023-02-01,07P,0.0,0.0
2021-07-01,07P,0.0,0.0
2021-09-01,07P,0.0,0.0
2024-05-01,07P,0.0,0.0
2022-10-01,07P,0.0,0.0
2025-01-01,07R,0.0,0.0
2021-09-01,07R,0.0,0.0
2021-12-01,07R,0.0,0.0
2021-07-01,07R,0.0,0.0
2024-04-01,07R,0.0,0.0
2023-12-01,07R,0.0,0.0
2022-11-01,07R,0.0,0.0
2022-05-01,07R,0.0,0.0
2025-12-01,07R,0.0,0.0
2026-06-01,07R,0.0,0.0
2026-04-01,07R,0.0,0.0
2021-10-01,07R,0.0,0.0
2023-01-01,07R,0.0,0.0
2024-02-01,07R,0.0,0.0
2024-03-01,07R,0.0,0.0
2024-05-01,07R,0.0,0.0
2023-09-01,07R,0.0,0.0
2024-01-01,07R,0.0,0.0
2023-03-01,07R,0.0,0.0
2023-06-01,07R,0.0,0.0
2024-07-01,07R,0.0,0.0
2025-10-01,07R,0.0,0.0
2022-06-01,07R,0.0,0.0
2025-07-01,07R,0.0,0.0
2023-08-01,07R,0.0,0.0
2026-02-01,07R,0.0,0.0
2024-09-01,07R,0.0,0.0
2021-06-01,07R,0.0,0.0
2025-04-01,07R,0.0,0.0
2024-12-01,07R,0.0,0.0
2023-10-01,07R,0.0,0.0
2024-06-01,07R,0.0,0.0
2025-06-01,07R,0.0,0.0
2022-03-01,07R,0.0,0.0
2026-05-01,07R,0.0,0.0
2025-05-01,07R,0.0,0.0
2022-07-01,07R,0.0,0.0
2024-11-01,07R,0.0,0.0
2025-11-01,07R,0.0,0.0
2023-02-01,07R,0.0,0.0
2022-10-01,07R,0.0,0.0
2026-03-01,07R,0.0,0.0
2022-09-01,07R,0.0,0.0
2022-04-01,07R,0.0,0.0
2022-12-01,07R,0.0,0.0
2026-01-01,07R,0.0,0.0
2023-04-01,07R,0.0,0.0
2025-08-01,07R,0.0,0.0
2021-11-01,07R,0.0,0.0
2024-10-01,07R,0.0,0.0
2022-02-01,07R,0.0,0.0
2025-02-01,07R,0.0,0.0
2022-08-01,07R,0.0,0.0
2023-05-01,07R,0.0,0.0
2021-08-01,07R,0.0,0.0
2022-01-01,07R,0.0,0.0
2023-07-01,07R,0.0,0.0
2024-08-01,07R,0.0,0.0
2025-03-01,07R,0.0,0.0
2023-11-01,07R,0.0,0.0
2025-09-01,07R,0.0,0.0
2022-02-01,07T,0.0,0.0
2022-11-01,07T,0.0,0.0
2025-07-01,07T,0.0,0.0
2022-08-01,07T,0.0,0.0
2025-06-01,07T,0.0,0.0
2024-02-01,07T,0.0,0.0
2024-03-01,07T,0.0,0.0
2024-04-01,07T,0.0,0.0
2024-05-01,07T,0.0,0.0
2022-10-01,07T,0.0,0.0
2022-03-01,07T,0.0,0.0
2026-05-01,07T,0.0,0.0
2023-11-01,07T,0.0,0.0
2024-09-01,07T,0.0,0.0
2025-08-01,07T,0.0,0.0
2025-11-01,07T,0.0,0.0
2021-07-01,07T,0.0,0.0
2024-06-01,07T,0.0,0.0
2024-08-01,07T,0.0,0.0
2022-09-01,07T,0.0,0.0
2021-12-01,07T,0.0,0.0
2021-10-01,07T,0.0,0.0
2022-04-01,07T,0.0,0.0
2024-12-01,07T,0.0,0.0
2023-07-01,07T,0.0,0.0
2025-04-01,07T,0.0,0.0
2024-11-01,07T,0.0,0.0
2025-03-01,07T,0.0,0.0
2021-09-01,07T,0.0,0.0
2023-02-01,07T,0.0,0.0
2023-06-01,07T,0.0,0.0
2023-12-01,07T,0.0,0.0
2023-04-01,07T,0.0,0.0
2023-10-01,07T,0.0,0.0
2025-12-01,07T,0.0,0.0
2021-08-01,07T,0.0,0.0
2023-09-01,07T,0.0,0.0
2026-06-01,07T,0.0,0.0
2026-02-01,07T,0.0,0.0
2023-08-01,07T,0.0,0.0
2022-01-01,07T,0.0,0.0
2024-07-01,07T,0.0,0.0
2026-03-01,07T,0.0,0.0
2025-10-01,07T,0.0,0.0
2023-03-01,07T,0.0,0.0
2025-05-01,07T,0.0,0.0
2026-04-01,07T,0.0,0.0
2024-01-01,07T,0.0,0.0
2026-01-01,07T,0.0,0.0
2022-07-01,07T,0.0,0.0
2022-06-01,07T,0.0,0.0
2025-02-01,07T,0.0,0.0
2024-10-01,07T,0.0,0.0
2021-06-01,07T,0.0,0.0
2023-05-01,07T,0.0,0.0
2025-01-01,07T,0.0,0.0
2022-12-01,07T,0.0,0.0
2022-05-01,07T,0.0,0.0
2023-01-01,07T,0.0,0.0
2021-11-01,07T,0.0,0.0
2025-09-01,07T,0.0,0.0
2022-04-01,07V,0.0,0.0
2022-09-01,07V,0.0,0.0
2026-04-01,07V,0.0,0.0
2024-10-01,07V,0.0,0.0
2023-06-01,07V,0.0,0.0
2026-03-01,07V,0.0,0.0
2024-08-01,07V,0.0,0.0
2024-03-01,07V,0.0,0.0
2023-12-01,07V,0.0,0.0
2022-03-01,07V,0.0,0.0
2022-11-01,07V,0.0,0.0
2024-07-01,07V,0.0,0.0
2022-05-01,07V,0.0,0.0
2022-06-01,07V,0.0,0.0
2023-05-01,07V,0.0,0.0
2025-12-01,07V,0.0,0.0
2025-06-01,07V,0.0,0.0
2022-02-01,07V,0.0,0.0
2022-12-01,07V,0.0,0.0
2024-06-01,07V,0.0,0.0
2024-09-01,07V,0.0,0.0
2025-08-01,07V,0.0,0.0
2023-04-01,07V,0.0,0.0
2021-09-01,07V,0.0,0.0
2026-06-01,07V,0.0,0.0
2025-01-01,07V,0.0,0.0
2024-05-01,07V,0.0,0.0
2022-10-01,07V,0.0,0.0
2025-04-01,07V,0.0,0.0
2023-10-01,07V,0.0,0.0
2024-11-01,07V,0.0,0.0
2024-04-01,07V,0.0,0.0
2024-02-01,07V,0.0,0.0
2022-08-01,07V,0.0,0.0
2022-01-01,07V,0.0,0.0
2025-09-01,07V,0.0,0.0
2026-05-01,07V,0.0,0.0
2025-11-01,07V,0.0,0.0
2021-10-01,07V,0.0,0.0
2025-10-01,07V,0.0,0.0
2022-07-01,07V,0.0,0.0
2025-07-01,07V,0.0,0.0
2021-11-01,07V,0.0,0.0
2023-02-01,07V,0.0,0.0
2023-07-01,07V,0.0,0.0
2026-02-01,07V,0.0,0.0
2025-05-01,07V,0.0,0.0
2023-08-01,07V,0.0,0.0
2021-06-01,07V,0.0,0.0
2025-03-01,07V,0.0,0.0
2026-01-01,07V,0.0,0.0
2023-01-01,07V,0.0,0.0
2023-03-01,07V,0.0,0.0
2021-07-01,07V,0.0,0.0
2023-09-01,07V,0.0,0.0
2021-12-01,07V,0.0,0.0
2025-02-01,07V,0.0,0.0
2021-08-01,07V,0.0,0.0
2024-12-01,07V,0.0,0.0
2023-11-01,07V,0.0,0.0
2024-01-01,07V,0.0,0.0
2024-01-01,07W,0.0,0.0
2023-06-01,07W,0.0,0.0
2025-07-01,07W,0.0,0.0
2025-08-01,07W,0.0,0.0
2021-07-01,07W,0.0,0.0
2023-08-01,07W,0.0,0.0
2022-05-01,07W,0.0,0.0
2026-06-01,07W,0.0,0.0
2024-09-01,07W,0.0,0.0
2026-05-01,07W,0.0,0.0
2023-07-01,07W,0.0,0.0
2021-08-01,07W,0.0,0.0
2026-02-01,07W,0.0,0.0
2022-06-01,07W,0.0,0.0
2024-05-01,07W,0.0,0.0
2026-01-01,07W,0.0,0.0
2023-03-01,07W,0.0,0.0
2026-04-01,07W,0.0,0.0
2023-05-01,07W,0.0,0.0
2022-07-01,07W,0.0,0.0
2021-06-01,07W,0.0,0.0
2023-12-01,07W,0.0,0.0
2022-01-01,07W,0.0,0.0
2024-03-01,07W,0.0,0.0
2022-12-01,07W,0.0,0.0
2025-04-01,07W,0.0,0.0
2024-10-01,07W,0.0,0.0
2022-10-01,07W,0.0,0.0
2023-09-01,07W,0.0,0.0
2022-08-01,07W,0.0,0.0
2021-12-01,07W,0.0,0.0
2025-09-01,07W,0.0,0.0
2023-02-01,07W,0.0,0.0
2024-12-01,07W,0.0,0.0
2025-12-01,07W,0.0,0.0
2023-01-01,07W,0.0,0.0
2024-04-01,07W,0.0,0.0
2023-10-01,07W,0.0,0.0
2024-11-01,07W,0.0,0.0
2024-08-01,07W,0.0,0.0
2023-11-01,07W,0.0,0.0
2026-03-01,07W,0.0,0.0
2022-04-01,07W,0.0,0.0
2023-04-01,07W,0.0,0.0
2025-11-01,07W,0.0,0.0
2025-03-01,07W,0.0,0.0
2022-11-01,07W,0.0,0.0
2021-11-01,07W,0.0,0.0
2025-01-01,07W,0.0,0.0
2022-09-01,07W,0.0,0.0
2025-06-01,07W,0.0,0.0
2024-06-01,07W,0.0,0.0
2024-07-01,07W,0.0,0.0
2025-10-01,07W,0.0,0.0
2021-10-01,07W,0.0,0.0
2025-05-01,07W,0.0,0.0
2022-02-01,07W,0.0,0.0
2021-09-01,07W,0.0,0.0
2022-03-01,07W,0.0,0.0
2025-02-01,07W,0.0,0.0
2024-02-01,07W,0.0,0.0
2024-10-01,07X,0.0,0.0
2022-12-01,07X,0.0,0.0
2021-10-01,07X,0.0,0.0
2026-03-01,07X,0.0,0.0
2023-06-01,07X,0.0,0.0
2025-04-01,07X,0.0,0.0
2026-02-01,07X,0.0,0.0
2025-03-01,07X,0.0,0.0
2025-06-01,07X,0.0,0.0
2026-04-01,07X,0.0,0.0
2024-04-01,07X,0.0,0.0
2022-02-01,07X,0.0,0.0
2025-08-01,07X,0.0,0.0
2022-11-01,07X,0.0,0.0
2022-04-01,07X,0.0,0.0
2023-05-01,07X,0.0,0.0
2022-08-01,07X,0.0,0.0
2023-08-01,07X,0.0,0.0
2021-09-01,07X,0.0,0.0
2025-07-01,07X,0.0,0.0
2024-05-01,07X,0.0,0.0
2023-02-01,07X,0.0,0.0
2024-07-01,07X,0.0,0.0
2022-01-01,07X,0.0,0.0
2024-11-01,07X,0.0,0.0
2023-03-01,07X,0.0,0.0
2023-01-01,07X,0.0,0.0
2025-10-01,07X,0.0,0.0
2025-09-01,07X,0.0,0.0
2021-07-01,07X,0.0,0.0
2026-01-01,07X,0.0,0.0
2021-06-01,07X,0.0,0.0
2022-03-01,07X,0.0,0.0
2024-09-01,07X,0.0,0.0
2023-12-01,07X,0.0,0.0
2023-04-01,07X,0.0,0.0
2025-05-01,07X,0.0,0.0
2022-09-01,07X,0.0,0.0
2021-08-01,07X,0.0,0.0
2023-07-01,07X,0.0,0.0
2024-01-01,07X,0.0,0.0
2022-07-01,07X,0.0,0.0
2026-06-01,07X,0.0,0.0
2024-12-01,07X,0.0,0.0
2025-12-01,07X,0.0,0.0
2024-08-01,07X,0.0,0.0
2022-10-01,07X,0.0,0.0
2026-05-01,07X,0.0,0.0
2025-02-01,07X,0.0,0.0
2022-05-01,07X,0.0,0.0
2023-11-01,07X,0.0,0.0
2025-11-01,07X,0.0,0.0
2025-01-01,07X,0.0,0.0
2024-02-01,07X,0.0,0.0
2022-06-01,07X,0.0,0.0
2023-09-01,07X,0.0,0.0
2023-10-01,07X,0.0,0.0
2024-03-01,07X,0.0,0.0
2024-06-01,07X,0.0,0.0
2021-12-01,07X,0.0,0.0
2021-11-01,07X,0.0,0.0
2025-12-01,07Y,0.0,0.0
2023-12-01,07Y,0.0,0.0
2023-07-01,07Y,0.0,0.0
2021-06-01,07Y,0.0,0.0
2022-07-01,07Y,0.0,0.0
2023-04-01,07Y,0.0,0.0
2024-08-01,07Y,0.0,0.0
2023-02-01,07Y,0.0,0.0
2025-10-01,07Y,0.0,0.0
2023-10-01,07Y,0.0,0.0
2024-10-01,07Y,0.0,0.0
2021-10-01,07Y,0.0,0.0
2026-04-01,07Y,0.0,0.0
2024-09-01,07Y,0.0,0.0
2025-06-01,07Y,0.0,0.0
2026-06-01,07Y,0.0,0.0
2025-02-01,07Y,0.0,0.0
2026-05-01,07Y,0.0,0.0
2024-12-01,07Y,0.0,0.0
2022-06-01,07Y,0.0,0.0
2023-08-01,07Y,0.0,0.0
2025-05-01,07Y,0.0,0.0
2022-12-01,07Y,0.0,0.0
2022-01-01,07Y,0.0,0.0
2025-04-01,07Y,0.0,0.0
2023-09-01,07Y,0.0,0.0
2023-01-01,07Y,0.0,0.0
2025-03-01,07Y,0.0,0.0
2026-03-01,07Y,0.0,0.0
2024-04-01,07Y,0.0,0.0
2024-06-01,07Y,0.0,0.0
2025-11-01,07Y,0.0,0.0
2021-08-01,07Y,0.0,0.0
2021-11-01,07Y,0.0,0.0
2025-07-01,07Y,0.0,0.0
2024-03-01,07Y,0.0,0.0
2024-01-01,07Y,0.0,0.0
2024-11-01,07Y,0.0,0.0
2023-05-01,07Y,0.0,0.0
2022-03-01,07Y,0.0,0.0
2024-02-01,07Y,0.0,0.0
2025-01-01,07Y,0.0,0.0
2024-07-01,07Y,0.0,0.0
2025-09-01,07Y,0.0,0.0
2022-05-01,07Y,0.0,0.0
2022-11-01,07Y,0.0,0.0
2022-04-01,07Y,0.0,0.0
2023-06-01,07Y,0.0,0.0
2023-03-01,07Y,0.0,0.0
2021-09-01,07Y,0.0,0.0
2022-08-01,07Y,0.0,0.0
2026-02-01,07Y,0.0,0.0
2022-09-01,07Y,0.0,0.0
2026-01-01,07Y,0.0,0.0
2022-02-01,07Y,0.0,0.0
2022-10-01,07Y,0.0,0.0
2025-08-01,07Y,0.0,0.0
2021-07-01,07Y,0.0,0.0
2021-12-01,07Y,0.0,0.0
2024-05-01,07Y,0.0,0.0
2023-11-01,07Y,0.0,0.0
2023-04-01,08A,0.0,0.0
2024-12-01,08A,0.0,0.0
2021-09-01,08A,0.0,0.0
2023-12-01,08A,0.0,0.0
2024-10-01,08A,0.0,0.0
2024-04-01,08A,0.0,0.0
2023-06-01,08A,0.0,0.0
2026-01-01,08A,0.0,0.0
2026-02-01,08A,0.0,0.0
2021-10-01,08A,0.0,0.0
2023-02-01,08A,0.0,0.0
2024-03-01,08A,0.0,0.0
2025-11-01,08A,0.0,0.0
2025-07-01,08A,0.0,0.0
2023-09-01,08A,0.0,0.0
2026-03-01,08A,0.0,0.0
2025-05-01,08A,0.0,0.0
2026-06-01,08A,0.0,0.0
2025-01-01,08A,0.0,0.0
2021-12-01,08A,0.0,0.0
2025-08-01,08A,0.0,0.0
2025-03-01,08A,0.0,0.0
2023-11-01,08A,0.0,0.0
2025-02-01,08A,0.0,0.0
2023-01-01,08A,0.0,0.0
2022-02-01,08A,0.0,0.0
2022-01-01,08A,0.0,0.0
2022-05-01,08A,0.0,0.0
2023-05-01,08A,0.0,0.0
2022-07-01,08A,0.0,0.0
2024-09-01,08A,0.0,0.0
2025-09-01,08A,0.0,0.0
2022-04-01,08A,0.0,0.0
2021-08-01,08A,0.0,0.0
2023-10-01,08A,0.0,0.0
2024-08-01,08A,0.0,0.0
2022-06-01,08A,0.0,0.0
2022-12-01,08A,0.0,0.0
2025-04-01,08A,0.0,0.0
2026-04-01,08A,0.0,0.0
2023-03-01,08A,0.0,0.0
2022-09-01,08A,0.0,0.0
2024-07-01,08A,0.0,0.0
2025-06-01,08A,0.0,0.0
2023-07-01,08A,0.0,0.0
2024-05-01,08A,0.0,0.0
2022-11-01,08A,0.0,0.0
2025-12-01,08A,0.0,0.0
2021-06-01,08A,0.0,0.0
2024-11-01,08A,0.0,0.0
2024-02-01,08A,0.0,0.0
2024-01-01,08A,0.0,0.0
2025-10-01,08A,0.0,0.0
2022-10-01,08A,0.0,0.0
2023-08-01,08A,0.0,0.0
2021-11-01,08A,0.0,0.0
2026-05-01,08A,0.0,0.0
2024-06-01,08A,0.0,0.0
2022-03-01,08A,0.0,0.0
2022-08-01,08A,0.0,0.0
2021-07-01,08A,0.0,0.0
2025-05-01,08C,0.0,0.0
2022-03-01,08C,0.0,0.0
2025-04-01,08C,0.0,0.0
2023-09-01,08C,0.0,0.0
2024-08-01,08C,0.0,0.0
2022-05-01,08C,0.0,0.0
2022-10-01,08C,0.0,0.0
2021-11-01,08C,0.0,0.0
2026-05-01,08C,0.0,0.0
2021-08-01,08C,0.0,0.0
2021-06-01,08C,0.0,0.0
2023-01-01,08C,0.0,0.0
2021-07-01,08C,0.0,0.0
2026-03-01,08C,0.0,0.0
2023-08-01,08C,0.0,0.0
2024-09-01,08C,0.0,0.0
2023-03-01,08C,0.0,0.0
2026-01-01,08C,0.0,0.0
2022-01-01,08C,0.0,0.0
2021-09-01,08C,0.0,0.0
2022-08-01,08C,0.0,0.0
2022-04-01,08C,0.0,0.0
2022-06-01,08C,0.0,0.0
2025-02-01,08C,0.0,0.0
2024-01-01,08C,0.0,0.0
2023-05-01,08C,0.0,0.0
2024-05-01,08C,0.0,0.0
2024-04-01,08C,0.0,0.0
2022-11-01,08C,0.0,0.0
2024-07-01,08C,0.0,0.0
2023-02-01,08C,0.0,0.0
2023-07-01,08C,0.0,0.0
2025-01-01,08C,0.0,0.0
2025-06-01,08C,0.0,0.0
2022-09-01,08C,0.0,0.0
2025-12-01,08C,0.0,0.0
2025-03-01,08C,0.0,0.0
2025-08-01,08C,0.0,0.0
2023-04-01,08C,0.0,0.0
2026-06-01,08C,0.0,0.0
2025-09-01,08C,0.0,0.0
2022-02-01,08C,0.0,0.0
2026-02-01,08C,0.0,0.0
2021-12-01,08C,0.0,0.0
2025-07-01,08C,0.0,0.0
2022-12-01,08C,0.0,0.0
2024-06-01,08C,0.0,0.0
2022-07-01,08C,0.0,0.0
2024-12-01,08C,0.0,0.0
2023-12-01,08C,0.0,0.0
2023-11-01,08C,0.0,0.0
2026-04-01,08C,0.0,0.0
2025-10-01,08C,0.0,0.0
2024-02-01,08C,0.0,0.0
2025-11-01,08C,0.0,0.0
2024-11-01,08C,0.0,0.0
2024-03-01,08C,0.0,0.0
2023-10-01,08C,0.0,0.0
2023-06-01,08C,0.0,0.0
2021-10-01,08C,0.0,0.0
2024-10-01,08C,0.0,0.0
2024-05-01,08D,0.0,0.0
2023-09-01,08D,0.0,0.0
2024-08-01,08D,0.0,0.0
2025-06-01,08D,0.0,0.0
2022-03-01,08D,0.0,0.0
2021-10-01,08D,0.0,0.0
2026-02-01,08D,0.0,0.0
2025-12-01,08D,0.0,0.0
2022-10-01,08D,0.0,0.0
2023-06-01,08D,0.0,0.0
2023-07-01,08D,0.0,0.0
2024-03-01,08D,0.0,0.0
2025-01-01,08D,0.0,0.0
2022-08-01,08D,0.0,0.0
2023-05-01,08D,0.0,0.0
2023-11-01,08D,0.0,0.0
2026-05-01,08D,0.0,0.0
2024-01-01,08D,0.0,0.0
2025-08-01,08D,0.0,0.0
2023-01-01,08D,0.0,0.0
2023-10-01,08D,0.0,0.0
2022-04-01,08D,0.0,0.0
2024-06-01,08D,0.0,0.0
2023-08-01,08D,0.0,0.0
2022-11-01,08D,0.0,0.0
2024-09-01,08D,0.0,0.0
2021-08-01,08D,0.0,0.0
2025-11-01,08D,0.0,0.0
2025-09-01,08D,0.0,0.0
2025-05-01,08D,0.0,0.0
2021-07-01,08D,0.0,0.0
2025-04-01,08D,0.0,0.0
2022-05-01,08D,0.0,0.0
2021-09-01,08D,0.0,0.0
2026-01-01,08D,0.0,0.0
2024-07-01,08D,0.0,0.0
2026-06-01,08D,0.0,0.0
2021-06-01,08D,0.0,0.0
2026-03-01,08D,0.0,0.0
2021-11-01,08D,0.0,0.0
2024-10-01,08D,0.0,0.0
2025-02-01,08D,0.0,0.0
2023-03-01,08D,0.0,0.0
2024-12-01,08D,0.0,0.0
2024-02-01,08D,0.0,0.0
2023-12-01,08D,0.0,0.0
2024-11-01,08D,0.0,0.0
2022-09-01,08D,0.0,0.0
2022-12-01,08D,0.0,0.0
2025-07-01,08D,0.0,0.0
2025-03-01,08D,0.0,0.0
2025-10-01,08D,0.0,0.0
2022-01-01,08D,0.0,0.0
2023-02-01,08D,0.0,0.0
2022-06-01,08D,0.0,0.0
2023-04-01,08D,0.0,0.0
2026-04-01,08D,0.0,0.0
2021-12-01,08D,0.0,0.0
2024-04-01,08D,0.0,0.0
2022-02-01,08D,0.0,0.0
2022-07-01,08D,0.0,0.0
2025-12-01,08E,0.0,0.0
2025-04-01,08E,0.0,0.0
2022-01-01,08E,0.0,0.0
2022-12-01,08E,0.0,0.0
2025-05-01,08E,0.0,0.0
2023-04-01,08E,0.0,0.0
2024-06-01,08E,0.0,0.0
2023-03-01,08E,0.0,0.0
2023-02-01,08E,0.0,0.0
2025-09-01,08E,0.0,0.0
2024-08-01,08E,0.0,0.0
2023-12-01,08E,0.0,0.0
2024-09-01,08E,0.0,0.0
2021-07-01,08E,0.0,0.0
2022-04-01,08E,0.0,0.0
2022-08-01,08E,0.0,0.0
2022-07-01,08E,0.0,0.0
2026-05-01,08E,0.0,0.0
2026-06-01,08E,0.0,0.0
2021-06-01,08E,0.0,0.0
2021-11-01,08E,0.0,0.0
2023-08-01,08E,0.0,0.0
2025-08-01,08E,0.0,0.0
2024-10-01,08E,0.0,0.0
2023-06-01,08E,0.0,0.0
2025-07-01,08E,0.0,0.0
2023-09-01,08E,0.0,0.0
2024-07-01,08E,0.0,0.0
2022-09-01,08E,0.0,0.0
2024-03-01,08E,0.0,0.0
2022-10-01,08E,0.0,0.0
2024-02-01,08E,0.0,0.0
2024-04-01,08E,0.0,0.0
2024-12-01,08E,0.0,0.0
2025-03-01,08E,0.0,0.0
2021-10-01,08E,0.0,0.0
2025-02-01,08E,0.0,0.0
2022-06-01,08E,0.0,0.0
2023-01-01,08E,0.0,0.0
2023-11-01,08E,0.0,0.0
2021-09-01,08E,0.0,0.0
2022-11-01,08E,0.0,0.0
2022-03-01,08E,0.0,0.0
2022-02-01,08E,0.0,0.0
2025-10-01,08E,0.0,0.0
2026-04-01,08E,0.0,0.0
2023-10-01,08E,0.0,0.0
2024-05-01,08E,0.0,0.0
2026-03-01,08E,0.0,0.0
2021-08-01,08E,0.0,0.0
2023-05-01,08E,0.0,0.0
2024-01-01,08E,0.0,0.0
2025-01-01,08E,0.0,0.0
2023-07-01,08E,0.0,0.0
2025-11-01,08E,0.0,0.0
2022-05-01,08E,0.0,0.0
2021-12-01,08E,0.0,0.0
2026-01-01,08E,0.0,0.0
2025-06-01,08E,0.0,0.0
2024-11-01,08E,0.0,0.0
2026-02-01,08E,0.0,0.0
2024-07-01,08F,0.0,0.0
2023-01-01,08F,0.0,0.0
2021-07-01,08F,0.0,0.0
2022-03-01,08F,0.0,0.0
2025-10-01,08F,0.0,0.0
2023-09-01,08F,0.0,0.0
2023-10-01,08F,0.0,0.0
2026-03-01,08F,0.0,0.0
2025-07-01,08F,0.0,0.0
2024-12-01,08F,0.0,0.0
2025-03-01,08F,0.0,0.0
2025-09-01,08F,0.0,0.0
2023-06-01,08F,0.0,0.0
2022-10-01,08F,0.0,0.0
2026-02-01,08F,0.0,0.0
2023-11-01,08F,0.0,0.0
2021-10-01,08F,0.0,0.0
2026-01-01,08F,0.0,0.0
2024-01-01,08F,0.0,0.0
2025-06-01,08F,0.0,0.0
2023-08-01,08F,0.0,0.0
2024-03-01,08F,0.0,0.0
2021-12-01,08F,0.0,0.0
2022-05-01,08F,0.0,0.0
2021-08-01,08F,0.0,0.0
2023-05-01,08F,0.0,0.0
2021-11-01,08F,0.0,0.0
2024-02-01,08F,0.0,0.0
2026-04-01,08F,0.0,0.0
2025-12-01,08F,0.0,0.0
2022-04-01,08F,0.0,0.0
2025-05-01,08F,0.0,0.0
2026-05-01,08F,0.0,0.0
2022-02-01,08F,0.0,0.0
2024-06-01,08F,0.0,0.0
2025-08-01,08F,0.0,0.0
2024-11-01,08F,0.0,0.0
2022-07-01,08F,0.0,0.0
2023-12-01,08F,0.0,0.0
2022-11-01,08F,0.0,0.0
2024-05-01,08F,0.0,0.0
2025-11-01,08F,0.0,0.0
2024-04-01,08F,0.0,0.0
2025-01-01,08F,0.0,0.0
2025-02-01,08F,0.0,0.0
2026-06-01,08F,0.0,0.0
2022-12-01,08F,0.0,0.0
2023-02-01,08F,0.0,0.0
2021-09-01,08F,0.0,0.0
2022-09-01,08F,0.0,0.0
2023-04-01,08F,0.0,0.0
2023-07-01,08F,0.0,0.0
2024-08-01,08F,0.0,0.0
2025-04-01,08F,0.0,0.0
2021-06-01,08F,0.0,0.0
2023-03-01,08F,0.0,0.0
2024-09-01,08F,0.0,0.0
2022-08-01,08F,0.0,0.0
2022-01-01,08F,0.0,0.0
2024-10-01,08F,0.0,0.0
2022-06-01,08F,0.0,0.0
2025-10-01,08G,0.0,0.0
2022-02-01,08G,0.0,0.0
2023-01-01,08G,0.0,0.0
2022-09-01,08G,0.0,0.0
2021-06-01,08G,0.0,0.0
2023-12-01,08G,0.0,0.0
2022-10-01,08G,0.0,0.0
2022-11-01,08G,0.0,0.0
2026-02-01,08G,0.0,0.0
2021-09-01,08G,0.0,0.0
2023-05-01,08G,0.0,0.0
2022-08-01,08G,0.0,0.0
2023-04-01,08G,0.0,0.0
2026-06-01,08G,0.0,0.0
2025-11-01,08G,0.0,0.0
2025-12-01,08G,0.0,0.0
2026-01-01,08G,0.0,0.0
2024-12-01,08G,0.0,0.0
2024-03-01,08G,0.0,0.0
2021-10-01,08G,0.0,0.0
2025-03-01,08G,0.0,0.0
2023-03-01,08G,0.0,0.0
2025-09-01,08G,0.0,0.0
2024-07-01,08G,0.0,0.0
2025-06-01,08G,0.0,0.0
2024-06-01,08G,0.0,0.0
2023-10-01,08G,0.0,0.0
2025-05-01,08G,0.0,0.0
2026-04-01,08G,0.0,0.0
2024-01-01,08G,0.0,0.0
2024-05-01,08G,0.0,0.0
2021-12-01,08G,0.0,0.0
2024-10-01,08G,0.0,0.0
2024-08-01,08G,0.0,0.0
2024-02-01,08G,0.0,0.0
2026-05-01,08G,0.0,0.0
2023-08-01,08G,0.0,0.0
2025-07-01,08G,0.0,0.0
2021-07-01,08G,0.0,0.0
2022-06-01,08G,0.0,0.0
2023-09-01,08G,0.0,0.0
2023-07-01,08G,0.0,0.0
2023-02-01,08G,0.0,0.0
2022-05-01,08G,0.0,0.0
2024-04-01,08G,0.0,0.0
2025-01-01,08G,0.0,0.0
2021-08-01,08G,0.0,0.0
2021-11-01,08G,0.0,0.0
2025-02-01,08G,0.0,0.0
2025-04-01,08G,0.0,0.0
2022-03-01,08G,0.0,0.0
2026-03-01,08G,0.0,0.0
2022-01-01,08G,0.0,0.0
2024-09-01,08G,0.0,0.0
2022-07-01,08G,0.0,0.0
2022-12-01,08G,0.0,0.0
2023-11-01,08G,0.0,0.0
2022-04-01,08G,0.0,0.0
2024-11-01,08G,0.0,0.0
2025-08-01,08G,0.0,0.0
2023-06-01,08G,0.0,0.0
2025-10-01,08H,0.0,0.0
2025-05-01,08H,0.0,0.0
2024-03-01,08H,0.0,0.0
2022-01-01,08H,0.0,0.0
2024-01-01,08H,0.0,0.0
2021-06-01,08H,0.0,0.0
2023-12-01,08H,0.0,0.0
2023-09-01,08H,0.0,0.0
2023-02-01,08H,0.0,0.0
2021-12-01,08H,0.0,0.0
2021-10-01,08H,0.0,0.0
2021-07-01,08H,0.0,0.0
2026-02-01,08H,0.0,0.0
2025-03-01,08H,0.0,0.0
2023-10-01,08H,0.0,0.0
2025-07-01,08H,0.0,0.0
2022-10-01,08H,0.0,0.0
2026-04-01,08H,0.0,0.0
2024-11-01,08H,0.0,0.0
2024-07-01,08H,0.0,0.0
2026-06-01,08H,0.0,0.0
2023-11-01,08H,0.0,0.0
2025-12-01,08H,0.0,0.0
2023-04-01,08H,0.0,0.0
2021-11-01,08H,0.0,0.0
2024-05-01,08H,0.0,0.0
2025-02-01,08H,0.0,0.0
2024-04-01,08H,0.0,0.0
2024-06-01,08H,0.0,0.0
2025-11-01,08H,0.0,0.0
2024-12-01,08H,0.0,0.0
2026-01-01,08H,0.0,0.0
2023-06-01,08H,0.0,0.0
2025-08-01,08H,0.0,0.0
2022-03-01,08H,0.0,0.0
2022-07-01,08H,0.0,0.0
2023-03-01,08H,0.0,0.0
2026-03-01,08H,0.0,0.0
2023-05-01,08H,0.0,0.0
2021-09-01,08H,0.0,0.0
2023-07-01,08H,0.0,0.0
2024-08-01,08H,0.0,0.0
2023-01-01,08H,0.0,0.0
2023-08-01,08H,0.0,0.0
2026-05-01,08H,0.0,0.0
2024-02-01,08H,0.0,0.0
2022-09-01,08H,0.0,0.0
2021-08-01,08H,0.0,0.0
2022-02-01,08H,0.0,0.0
2022-06-01,08H,0.0,0.0
2024-10-01,08H,0.0,0.0
2024-09-01,08H,0.0,0.0
2022-04-01,08H,0.0,0.0
2022-08-01,08H,0.0,0.0
2025-04-01,08H,0.0,0.0
2022-12-01,08H,0.0,0.0
2022-05-01,08H,0.0,0.0
2025-01-01,08H,0.0,0.0
2022-11-01,08H,0.0,0.0
2025-09-01,08H,0.0,0.0
2025-06-01,08H,0.0,0.0
2024-05-01,08J,0.0,0.0
2024-10-01,08J,0.0,0.0
2025-05-01,08J,0.0,0.0
2023-08-01,08J,0.0,0.0
2022-10-01,08J,0.0,0.0
2025-02-01,08J,0.0,0.0
2025-03-01,08J,0.0,0.0
2025-08-01,08J,0.0,0.0
2023-11-01,08J,0.0,0.0
2023-04-01,08J,0.0,0.0
2026-05-01,08J,0.0,0.0
2021-10-01,08J,0.0,0.0
2024-08-01,08J,0.0,0.0
2022-07-01,08J,0.0,0.0
2026-01-01,08J,0.0,0.0
2021-07-01,08J,0.0,0.0
2024-09-01,08J,0.0,0.0
2025-11-01,08J,0.0,0.0
2026-02-01,08J,0.0,0.0
2025-07-01,08J,0.0,0.0
2024-03-01,08J,0.0,0.0
2025-12-01,08J,0.0,0.0
2021-09-01,08J,0.0,0.0
2026-06-01,08J,0.0,0.0
2023-03-01,08J,0.0,0.0
2023-10-01,08J,0.0,0.0
2022-02-01,08J,0.0,0.0
2022-11-01,08J,0.0,0.0
2022-05-01,08J,0.0,0.0
2022-12-01,08J,0.0,0.0
2023-06-01,08J,0.0,0.0
2024-12-01,08J,0.0,0.0
2023-02-01,08J,0.0,0.0
2025-10-01,08J,0.0,0.0
2021-08-01,08J,0.0,0.0
2022-08-01,08J,0.0,0.0
2023-01-01,08J,0.0,0.0
2025-09-01,08J,0.0,0.0
2024-11-01,08J,0.0,0.0
2026-03-01,08J,0.0,0.0
2024-02-01,08J,0.0,0.0
2021-06-01,08J,0.0,0.0
2025-01-01,08J,0.0,0.0
2026-04-01,08J,0.0,0.0
2022-03-01,08J,0.0,0.0
2023-07-01,08J,0.0,0.0
2021-11-01,08J,0.0,0.0
2023-12-01,08J,0.0,0.0
2024-01-01,08J,0.0,0.0
2022-01-01,08J,0.0,0.0
2022-04-01,08J,0.0,0.0
2024-07-01,08J,0.0,0.0
2025-04-01,08J,0.0,0.0
2024-06-01,08J,0.0,0.0
2023-05-01,08J,0.0,0.0
2023-09-01,08J,0.0,0.0
2024-04-01,08J,0.0,0.0
2022-06-01,08J,0.0,0.0
2022-09-01,08J,0.0,0.0
2025-06-01,08J,0.0,0.0
2021-12-01,08J,0.0,0.0
2022-08-01,08K,0.0,0.0
2022-11-01,08K,0.0,0.0
2026-05-01,08K,0.0,0.0
2023-02-01,08K,0.0,0.0
2026-06-01,08K,0.0,0.0
2024-09-01,08K,0.0,0.0
2023-09-01,08K,0.0,0.0
2023-10-01,08K,0.0,0.0
2022-06-01,08K,0.0,0.0
2023-08-01,08K,0.0,0.0
2025-06-01,08K,0.0,0.0
2024-08-01,08K,0.0,0.0
2022-05-01,08K,0.0,0.0
2024-06-01,08K,0.0,0.0
2024-11-01,08K,0.0,0.0
2021-10-01,08K,0.0,0.0
2021-09-01,08K,0.0,0.0
2025-01-01,08K,0.0,0.0
2023-12-01,08K,0.0,0.0
2021-06-01,08K,0.0,0.0
2022-09-01,08K,0.0,0.0
2024-12-01,08K,0.0,0.0
2021-08-01,08K,0.0,0.0
2025-09-01,08K,0.0,0.0
2022-04-01,08K,0.0,0.0
2025-03-01,08K,0.0,0.0
2025-12-01,08K,0.0,0.0
2025-10-01,08K,0.0,0.0
2024-07-01,08K,0.0,0.0
2025-07-01,08K,0.0,0.0
2026-04-01,08K,0.0,0.0
2023-06-01,08K,0.0,0.0
2025-02-01,08K,0.0,0.0
2025-05-01,08K,0.0,0.0
2024-05-01,08K,0.0,0.0
2024-10-01,08K,0.0,0.0
2023-05-01,08K,0.0,0.0
2022-12-01,08K,0.0,0.0
2026-02-01,08K,0.0,0.0
2023-07-01,08K,0.0,0.0
2022-01-01,08K,0.0,0.0
2023-01-01,08K,0.0,0.0
2021-12-01,08K,0.0,0.0
2026-01-01,08K,0.0,0.0
2024-02-01,08K,0.0,0.0
2025-08-01,08K,0.0,0.0
2022-03-01,08K,0.0,0.0
2025-11-01,08K,0.0,0.0
2024-04-01,08K,0.0,0.0
2025-04-01,08K,0.0,0.0
2022-02-01,08K,0.0,0.0
2026-03-01,08K,0.0,0.0
2024-01-01,08K,0.0,0.0
2021-07-01,08K,0.0,0.0
2024-03-01,08K,0.0,0.0
2022-10-01,08K,0.0,0.0
2023-04-01,08K,0.0,0.0
2023-03-01,08K,0.0,0.0
2021-11-01,08K,0.0,0.0
2022-07-01,08K,0.0,0.0
2023-11-01,08K,0.0,0.0
2023-12-01,08L,0.0,0.0
2025-06-01,08L,0.0,0.0
2025-04-01,08L,0.0,0.0
2024-06-01,08L,0.0,0.0
2024-03-01,08L,0.0,0.0
2023-09-01,08L,0.0,0.0
2024-12-01,08L,0.0,0.0
2026-04-01,08L,0.0,0.0
2023-05-01,08L,0.0,0.0
2023-11-01,08L,0.0,0.0
2023-08-01,08L,0.0,0.0
2022-03-01,08L,0.0,0.0
2022-08-01,08L,0.0,0.0
2023-10-01,08L,0.0,0.0
2026-02-01,08L,0.0,0.0
2025-03-01,08L,0.0,0.0
2022-06-01,08L,0.0,0.0
2024-08-01,08L,0.0,0.0
2022-12-01,08L,0.0,0.0
2024-09-01,08L,0.0,0.0
2023-02-01,08L,0.0,0.0
2026-01-01,08L,0.0,0.0
2022-02-01,08L,0.0,0.0
2024-05-01,08L,0.0,0.0
2024-02-01,08L,0.0,0.0
2021-06-01,08L,0.0,0.0
2026-06-01,08L,0.0,0.0
2021-10-01,08L,0.0,0.0
2022-09-01,08L,0.0,0.0
2022-01-01,08L,0.0,0.0
2025-08-01,08L,0.0,0.0
2023-06-01,08L,0.0,0.0
2025-09-01,08L,0.0,0.0
2022-04-01,08L,0.0,0.0
2023-07-01,08L,0.0,0.0
2021-09-01,08L,0.0,0.0
2025-05-01,08L,0.0,0.0
2022-07-01,08L,0.0,0.0
2022-05-01,08L,0.0,0.0
2025-07-01,08L,0.0,0.0
2024-11-01,08L,0.0,0.0
2022-11-01,08L,0.0,0.0
2021-11-01,08L,0.0,0.0
2025-02-01,08L,0.0,0.0
2024-01-01,08L,0.0,0.0
2023-01-01,08L,0.0,0.0
2021-07-01,08L,0.0,0.0
2025-01-01,08L,0.0,0.0
2021-12-01,08L,0.0,0.0
2025-10-01,08L,0.0,0.0
2025-12-01,08L,0.0,0.0
2022-10-01,08L,0.0,0.0
2021-08-01,08L,0.0,0.0
2024-04-01,08L,0.0,0.0
2026-03-01,08L,0.0,0.0
2023-04-01,08L,0.0,0.0
2025-11-01,08L,0.0,0.0
2024-10-01,08L,0.0,0.0
2023-03-01,08L,0.0,0.0
2024-07-01,08L,0.0,0.0
2026-05-01,08L,0.0,0.0
2024-08-01,08M,0.0,0.0
2022-05-01,08M,0.0,0.0
2025-08-01,08M,0.0,0.0
2026-03-01,08M,0.0,0.0
2023-05-01,08M,0.0,0.0
2024-05-01,08M,0.0,0.0
2025-05-01,08M,0.0,0.0
2022-02-01,08M,0.0,0.0
2021-06-01,08M,0.0,0.0
2026-01-01,08M,0.0,0.0
2023-10-01,08M,0.0,0.0
2024-12-01,08M,0.0,0.0
2021-08-01,08M,0.0,0.0
2024-11-01,08M,0.0,0.0
2024-10-01,08M,0.0,0.0
2023-06-01,08M,0.0,0.0
2025-11-01,08M,0.0,0.0
2022-03-01,08M,0.0,0.0
2023-02-01,08M,0.0,0.0
2025-04-01,08M,0.0,0.0
2022-12-01,08M,0.0,0.0
2023-11-01,08M,0.0,0.0
2024-09-01,08M,0.0,0.0
2023-01-01,08M,0.0,0.0
2025-06-01,08M,0.0,0.0
2023-03-01,08M,0.0,0.0
2023-08-01,08M,0.0,0.0
2023-12-01,08M,0.0,0.0
2025-12-01,08M,0.0,0.0
2022-09-01,08M,0.0,0.0
2022-10-01,08M,0.0,0.0
2021-07-01,08M,0.0,0.0
2024-04-01,08M,0.0,0.0
2023-09-01,08M,0.0,0.0
2022-11-01,08M,0.0,0.0
2024-07-01,08M,0.0,0.0
2023-07-01,08M,0.0,0.0
2026-05-01,08M,0.0,0.0
2021-12-01,08M,0.0,0.0
2022-06-01,08M,0.0,0.0
2022-01-01,08M,0.0,0.0
2025-09-01,08M,0.0,0.0
2024-06-01,08M,0.0,0.0
2021-10-01,08M,0.0,0.0
2025-01-01,08M,0.0,0.0
2026-02-01,08M,0.0,0.0
2024-03-01,08M,0.0,0.0
2026-06-01,08M,0.0,0.0
2026-04-01,08M,0.0,0.0
2022-07-01,08M,0.0,0.0
2023-04-01,08M,0.0,0.0
2024-02-01,08M,0.0,0.0
2025-03-01,08M,0.0,0.0
2022-08-01,08M,0.0,0.0
2022-04-01,08M,0.0,0.0
2024-01-01,08M,0.0,0.0
2021-09-01,08M,0.0,0.0
2025-10-01,08M,0.0,0.0
2021-11-01,08M,0.0,0.0
2025-02-01,08M,0.0,0.0
2025-07-01,08M,0.0,0.0
2022-07-01,08N,0.0,0.0
2025-02-01,08N,0.0,0.0
2025-04-01,08N,0.0,0.0
2023-05-01,08N,0.0,0.0
2024-08-01,08N,0.0,0.0
2023-09-01,08N,0.0,0.0
2023-06-01,08N,0.0,0.0
2021-09-01,08N,0.0,0.0
2025-12-01,08N,0.0,0.0
2026-06-01,08N,0.0,0.0
2022-01-01,08N,0.0,0.0
2023-04-01,08N,0.0,0.0
2024-11-01,08N,0.0,0.0
2025-03-01,08N,0.0,0.0
2024-12-01,08N,0.0,0.0
2021-12-01,08N,0.0,0.0
2025-01-01,08N,0.0,0.0
2025-10-01,08N,0.0,0.0
2026-04-01,08N,0.0,0.0
2022-10-01,08N,0.0,0.0
2025-08-01,08N,0.0,0.0
2025-07-01,08N,0.0,0.0
2025-06-01,08N,0.0,0.0
2025-05-01,08N,0.0,0.0
2022-12-01,08N,0.0,0.0
2023-11-01,08N,0.0,0.0
2022-06-01,08N,0.0,0.0
2022-11-01,08N,0.0,0.0
2021-07-01,08N,0.0,0.0
2023-02-01,08N,0.0,0.0
2023-10-01,08N,0.0,0.0
2024-01-01,08N,0.0,0.0
2024-10-01,08N,0.0,0.0
2022-02-01,08N,0.0,0.0
2022-09-01,08N,0.0,0.0
2026-05-01,08N,0.0,0.0
2023-03-01,08N,0.0,0.0
2026-03-01,08N,0.0,0.0
2023-12-01,08N,0.0,0.0
2026-02-01,08N,0.0,0.0
2025-09-01,08N,0.0,0.0
2021-08-01,08N,0.0,0.0
2025-11-01,08N,0.0,0.0
2026-01-01,08N,0.0,0.0
2022-05-01,08N,0.0,0.0
2024-02-01,08N,0.0,0.0
2021-06-01,08N,0.0,0.0
2024-07-01,08N,0.0,0.0
2023-07-01,08N,0.0,0.0
2022-03-01,08N,0.0,0.0
2024-04-01,08N,0.0,0.0
2024-05-01,08N,0.0,0.0
2024-03-01,08N,0.0,0.0
2024-06-01,08N,0.0,0.0
2021-10-01,08N,0.0,0.0
2023-01-01,08N,0.0,0.0
2022-08-01,08N,0.0,0.0
2023-08-01,08N,0.0,0.0
2021-11-01,08N,0.0,0.0
2024-09-01,08N,0.0,0.0
2022-04-01,08N,0.0,0.0
2025-02-01,08Q,0.0,0.0
2021-09-01,08Q,0.0,0.0
2022-01-01,08Q,0.0,0.0
2023-06-01,08Q,0.0,0.0
2022-09-01,08Q,0.0,0.0
2026-02-01,08Q,0.0,0.0
2026-04-01,08Q,0.0,0.0
2024-07-01,08Q,0.0,0.0
2025-10-01,08Q,0.0,0.0
2022-04-01,08Q,0.0,0.0
2022-11-01,08Q,0.0,0.0
2021-07-01,08Q,0.0,0.0
2023-03-01,08Q,0.0,0.0
2023-09-01,08Q,0.0,0.0
2023-10-01,08Q,0.0,0.0
2023-07-01,08Q,0.0,0.0
2024-02-01,08Q,0.0,0.0
2026-06-01,08Q,0.0,0.0
2024-08-01,08Q,0.0,0.0
2025-06-01,08Q,0.0,0.0
2022-08-01,08Q,0.0,0.0
2022-03-01,08Q,0.0,0.0
2022-02-01,08Q,0.0,0.0
2024-10-01,08Q,0.0,0.0
2024-11-01,08Q,0.0,0.0
2025-03-01,08Q,0.0,0.0
2022-07-01,08Q,0.0,0.0
2023-11-01,08Q,0.0,0.0
2025-12-01,08Q,0.0,0.0
2021-10-01,08Q,0.0,0.0
2021-06-01,08Q,0.0,0.0
2021-12-01,08Q,0.0,0.0
2024-03-01,08Q,0.0,0.0
2025-01-01,08Q,0.0,0.0
2022-06-01,08Q,0.0,0.0
2022-10-01,08Q,0.0,0.0
2024-12-01,08Q,0.0,0.0
2023-12-01,08Q,0.0,0.0
2026-03-01,08Q,0.0,0.0
2025-11-01,08Q,0.0,0.0
2023-04-01,08Q,0.0,0.0
2024-05-01,08Q,0.0,0.0
2023-08-01,08Q,0.0,0.0
2022-05-01,08Q,0.0,0.0
2023-01-01,08Q,0.0,0.0
2025-04-01,08Q,0.0,0.0
2026-01-01,08Q,0.0,0.0
2024-04-01,08Q,0.0,0.0
2026-05-01,08Q,0.0,0.0
2025-05-01,08Q,0.0,0.0
2021-11-01,08Q,0.0,0.0
2021-08-01,08Q,0.0,0.0
2023-02-01,08Q,0.0,0.0
2025-09-01,08Q,0.0,0.0
2024-06-01,08Q,0.0,0.0
2024-09-01,08Q,0.0,0.0
2025-08-01,08Q,0.0,0.0
2022-12-01,08Q,0.0,0.0
2024-01-01,08Q,0.0,0.0
2025-07-01,08Q,0.0,0.0
2023-05-01,08Q,0.0,0.0
2022-09-01,08R,0.0,0.0
2023-05-01,08R,0.0,0.0
2022-01-01,08R,0.0,0.0
2024-09-01,08R,0.0,0.0
2024-07-01,08R,0.0,0.0
2025-01-01,08R,0.0,0.0
2023-02-01,08R,0.0,0.0
2025-07-01,08R,0.0,0.0
2021-06-01,08R,0.0,0.0
2025-02-01,08R,0.0,0.0
2025-05-01,08R,0.0,0.0
2021-10-01,08R,0.0,0.0
2024-05-01,08R,0.0,0.0
2024-04-01,08R,0.0,0.0
2026-02-01,08R,0.0,0.0
2026-03-01,08R,0.0,0.0
2021-12-01,08R,0.0,0.0
2026-01-01,08R,0.0,0.0
2026-05-01,08R,0.0,0.0
2022-03-01,08R,0.0,0.0
2025-04-01,08R,0.0,0.0
2024-02-01,08R,0.0,0.0
2025-08-01,08R,0.0,0.0
2024-11-01,08R,0.0,0.0
2026-04-01,08R,0.0,0.0
2024-03-01,08R,0.0,0.0
2021-07-01,08R,0.0,0.0
2022-08-01,08R,0.0,0.0
2023-09-01,08R,0.0,0.0
2023-01-01,08R,0.0,0.0
2024-12-01,08R,0.0,0.0
2024-01-01,08R,0.0,0.0
2025-03-01,08R,0.0,0.0
2025-06-01,08R,0.0,0.0
2021-11-01,08R,0.0,0.0
2025-09-01,08R,0.0,0.0
2022-06-01,08R,0.0,0.0
2023-10-01,08R,0.0,0.0
2023-04-01,08R,0.0,0.0
2022-05-01,08R,0.0,0.0
2024-08-01,08R,0.0,0.0
2022-04-01,08R,0.0,0.0
2024-06-01,08R,0.0,0.0
2022-12-01,08R,0.0,0.0
2023-07-01,08R,0.0,0.0
2025-12-01,08R,0.0,0.0
2023-03-01,08R,0.0,0.0
2022-11-01,08R,0.0,0.0
2021-08-01,08R,0.0,0.0
2021-09-01,08R,0.0,0.0
2022-10-01,08R,0.0,0.0
2022-02-01,08R,0.0,0.0
2024-10-01,08R,0.0,0.0
2023-08-01,08R,0.0,0.0
2022-07-01,08R,0.0,0.0
2026-06-01,08R,0.0,0.0
2025-11-01,08R,0.0,0.0
2023-12-01,08R,0.0,0.0
2023-11-01,08R,0.0,0.0
2025-10-01,08R,0.0,0.0
2023-06-01,08R,0.0,0.0
2023-02-01,08T,0.0,0.0
2021-07-01,08T,0.0,0.0
2024-10-01,08T,0.0,0.0
2023-10-01,08T,0.0,0.0
2026-01-01,08T,0.0,0.0
2022-09-01,08T,0.0,0.0
2021-12-01,08T,0.0,0.0
2024-12-01,08T,0.0,0.0
2022-07-01,08T,0.0,0.0
2025-09-01,08T,0.0,0.0
2024-01-01,08T,0.0,0.0
2025-03-01,08T,0.0,0.0
2023-11-01,08T,0.0,0.0
2026-06-01,08T,0.0,0.0
2023-12-01,08T,0.0,0.0
2025-06-01,08T,0.0,0.0
2026-05-01,08T,0.0,0.0
2022-01-01,08T,0.0,0.0
2022-11-01,08T,0.0,0.0
2025-04-01,08T,0.0,0.0
2025-07-01,08T,0.0,0.0
2024-05-01,08T,0.0,0.0
2025-08-01,08T,0.0,0.0
2024-02-01,08T,0.0,0.0
2025-10-01,08T,0.0,0.0
2025-05-01,08T,0.0,0.0
2024-06-01,08T,0.0,0.0
2022-12-01,08T,0.0,0.0
2021-08-01,08T,0.0,0.0
2024-08-01,08T,0.0,0.0
2025-11-01,08T,0.0,0.0
2022-05-01,08T,0.0,0.0
2021-06-01,08T,0.0,0.0
2023-06-01,08T,0.0,0.0
2023-08-01,08T,0.0,0.0
2022-02-01,08T,0.0,0.0
2022-08-01,08T,0.0,0.0
2023-09-01,08T,0.0,0.0
2023-01-01,08T,0.0,0.0
2026-02-01,08T,0.0,0.0
2024-09-01,08T,0.0,0.0
2026-04-01,08T,0.0,0.0
2022-10-01,08T,0.0,0.0
2024-04-01,08T,0.0,0.0
2024-07-01,08T,0.0,0.0
2024-11-01,08T,0.0,0.0
2025-12-01,08T,0.0,0.0
2023-05-01,08T,0.0,0.0
2026-03-01,08T,0.0,0.0
2023-03-01,08T,0.0,0.0
2021-10-01,08T,0.0,0.0
2025-02-01,08T,0.0,0.0
2021-09-01,08T,0.0,0.0
2022-03-01,08T,0.0,0.0
2025-01-01,08T,0.0,0.0
2022-04-01,08T,0.0,0.0
2024-03-01,08T,0.0,0.0
2021-11-01,08T,0.0,0.0
2023-07-01,08T,0.0,0.0
2022-06-01,08T,0.0,0.0
2023-04-01,08T,0.0,0.0
2024-09-01,08V,0.0,0.0
2023-02-01,08V,0.0,0.0
2024-03-01,08V,0.0,0.0
2022-06-01,08V,0.0,0.0
2023-05-01,08V,0.0,0.0
2024-12-01,08V,0.0,0.0
2024-11-01,08V,0.0,0.0
2024-10-01,08V,0.0,0.0
2023-03-01,08V,0.0,0.0
2026-01-01,08V,0.0,0.0
2023-09-01,08V,0.0,0.0
2024-01-01,08V,0.0,0.0
2021-10-01,08V,0.0,0.0
2026-06-01,08V,0.0,0.0
2022-03-01,08V,0.0,0.0
2025-02-01,08V,0.0,0.0
2025-01-01,08V,0.0,0.0
2021-09-01,08V,0.0,0.0
2022-08-01,08V,0.0,0.0
2024-02-01,08V,0.0,0.0
2024-07-01,08V,0.0,0.0
2021-12-01,08V,0.0,0.0
2024-08-01,08V,0.0,0.0
2023-10-01,08V,0.0,0.0
2022-02-01,08V,0.0,0.0
2021-08-01,08V,0.0,0.0
2025-04-01,08V,0.0,0.0
2025-06-01,08V,0.0,0.0
2026-02-01,08V,0.0,0.0
2025-07-01,08V,0.0,0.0
2023-07-01,08V,0.0,0.0
2023-08-01,08V,0.0,0.0
2024-05-01,08V,0.0,0.0
2023-12-01,08V,0.0,0.0
2022-12-01,08V,0.0,0.0
2022-07-01,08V,0.0,0.0
2022-11-01,08V,0.0,0.0
2023-04-01,08V,0.0,0.0
2023-11-01,08V,0.0,0.0
2023-01-01,08V,0.0,0.0
2022-05-01,08V,0.0,0.0
2021-11-01,08V,0.0,0.0
2026-03-01,08V,0.0,0.0
2025-11-01,08V,0.0,0.0
2025-03-01,08V,0.0,0.0
2021-06-01,08V,0.0,0.0
2025-10-01,08V,0.0,0.0
2023-06-01,08V,0.0,0.0
2026-04-01,08V,0.0,0.0
2025-09-01,08V,0.0,0.0
2025-05-01,08V,0.0,0.0
2022-10-01,08V,0.0,0.0
2024-06-01,08V,0.0,0.0
2025-12-01,08V,0.0,0.0
2025-08-01,08V,0.0,0.0
2024-04-01,08V,0.0,0.0
2022-01-01,08V,0.0,0.0
2021-07-01,08V,0.0,0.0
2026-05-01,08V,0.0,0.0
2022-09-01,08V,0.0,0.0
2022-04-01,08V,0.0,0.0
2025-05-01,08W,0.0,0.0
2025-03-01,08W,0.0,0.0
2023-05-01,08W,0.0,0.0
2023-08-01,08W,0.0,0.0
2025-07-01,08W,0.0,0.0
2023-12-01,08W,0.0,0.0
2023-04-01,08W,0.0,0.0
2024-10-01,08W,0.0,0.0
2025-12-01,08W,0.0,0.0
2021-06-01,08W,0.0,0.0
2021-08-01,08W,0.0,0.0
2026-01-01,08W,0.0,0.0
2023-01-01,08W,0.0,0.0
2025-10-01,08W,0.0,0.0
2022-12-01,08W,0.0,0.0
2024-06-01,08W,0.0,0.0
2022-01-01,08W,0.0,0.0
2022-10-01,08W,0.0,0.0
2026-03-01,08W,0.0,0.0
2023-07-01,08W,0.0,0.0
2024-04-01,08W,0.0,0.0
2025-06-01,08W,0.0,0.0
2024-08-01,08W,0.0,0.0
2022-08-01,08W,0.0,0.0
2021-07-01,08W,0.0,0.0
2024-05-01,08W,0.0,0.0
2025-08-01,08W,0.0,0.0
2024-03-01,08W,0.0,0.0
2023-09-01,08W,0.0,0.0
2023-06-01,08W,0.0,0.0
2024-11-01,08W,0.0,0.0
2025-09-01,08W,0.0,0.0
2021-09-01,08W,0.0,0.0
2023-02-01,08W,0.0,0.0
2021-10-01,08W,0.0,0.0
2022-11-01,08W,0.0,0.0
2026-05-01,08W,0.0,0.0
2025-02-01,08W,0.0,0.0
2022-07-01,08W,0.0,0.0
2026-04-01,08W,0.0,0.0
2024-07-01,08W,0.0,0.0
2026-02-01,08W,0.0,0.0
2025-11-01,08W,0.0,0.0
2022-02-01,08W,0.0,0.0
2023-11-01,08W,0.0,0.0
2024-02-01,08W,0.0,0.0
2024-12-01,08W,0.0,0.0
2024-01-01,08W,0.0,0.0
2023-10-01,08W,0.0,0.0
2025-04-01,08W,0.0,0.0
2025-01-01,08W,0.0,0.0
2022-03-01,08W,0.0,0.0
2022-09-01,08W,0.0,0.0
2022-05-01,08W,0.0,0.0
2022-04-01,08W,0.0,0.0
2021-11-01,08W,0.0,0.0
2024-09-01,08W,0.0,0.0
2026-06-01,08W,0.0,0.0
2021-12-01,08W,0.0,0.0
2023-03-01,08W,0.0,0.0
2022-06-01,08W,0.0,0.0
2023-01-01,08X,0.0,0.0
2023-05-01,08X,0.0,0.0
2024-04-01,08X,0.0,0.0
2021-11-01,08X,0.0,0.0
2023-07-01,08X,0.0,0.0
2025-07-01,08X,0.0,0.0
2025-12-01,08X,0.0,0.0
2024-03-01,08X,0.0,0.0
2022-06-01,08X,0.0,0.0
2023-06-01,08X,0.0,0.0
2023-03-01,08X,0.0,0.0
2024-11-01,08X,0.0,0.0
2023-11-01,08X,0.0,0.0
2024-07-01,08X,0.0,0.0
2022-05-01,08X,0.0,0.0
2023-09-01,08X,0.0,0.0
2023-08-01,08X,0.0,0.0
2022-10-01,08X,0.0,0.0
2023-10-01,08X,0.0,0.0
2025-02-01,08X,0.0,0.0
2022-11-01,08X,0.0,0.0
2025-09-01,08X,0.0,0.0
2025-04-01,08X,0.0,0.0
2023-12-01,08X,0.0,0.0
2026-06-01,08X,0.0,0.0
2025-08-01,08X,0.0,0.0
2024-06-01,08X,0.0,0.0
2026-04-01,08X,0.0,0.0
2025-03-01,08X,0.0,0.0
2025-11-01,08X,0.0,0.0
2022-09-01,08X,0.0,0.0
2025-01-01,08X,0.0,0.0
2022-01-01,08X,0.0,0.0
2021-10-01,08X,0.0,0.0
2022-02-01,08X,0.0,0.0
2022-12-01,08X,0.0,0.0
2025-06-01,08X,0.0,0.0
2022-04-01,08X,0.0,0.0
2021-09-01,08X,0.0,0.0
2021-12-01,08X,0.0,0.0
2025-10-01,08X,0.0,0.0
2024-08-01,08X,0.0,0.0
2024-05-01,08X,0.0,0.0
2024-02-01,08X,0.0,0.0
2024-09-01,08X,0.0,0.0
2021-08-01,08X,0.0,0.0
2022-07-01,08X,0.0,0.0
2024-12-01,08X,0.0,0.0
2021-06-01,08X,0.0,0.0
2022-03-01,08X,0.0,0.0
2021-07-01,08X,0.0,0.0
2023-04-01,08X,0.0,0.0
2026-02-01,08X,0.0,0.0
2024-10-01,08X,0.0,0.0
2025-05-01,08X,0.0,0.0
2026-03-01,08X,0.0,0.0
2022-08-01,08X,0.0,0.0
2023-02-01,08X,0.0,0.0
2026-01-01,08X,0.0,0.0
2026-05-01,08X,0.0,0.0
2024-01-01,08X,0.0,0.0
2022-02-01,08Y,0.0,0.0
2022-01-01,08Y,0.0,0.0
2021-12-01,08Y,0.0,0.0
2022-07-01,08Y,0.0,0.0
2026-04-01,08Y,0.0,0.0
2021-08-01,08Y,0.0,0.0
2021-10-01,08Y,0.0,0.0
2023-08-01,08Y,0.0,0.0
2025-12-01,08Y,0.0,0.0
2024-03-01,08Y,0.0,0.0
2024-10-01,08Y,0.0,0.0
2025-05-01,08Y,0.0,0.0
2024-09-01,08Y,0.0,0.0
2022-04-01,08Y,0.0,0.0
2024-07-01,08Y,0.0,0.0
2024-05-01,08Y,0.0,0.0
2024-01-01,08Y,0.0,0.0
2023-06-01,08Y,0.0,0.0
2023-09-01,08Y,0.0,0.0
2023-10-01,08Y,0.0,0.0
2025-09-01,08Y,0.0,0.0
2026-01-01,08Y,0.0,0.0
2025-01-01,08Y,0.0,0.0
2023-07-01,08Y,0.0,0.0
2021-06-01,08Y,0.0,0.0
2025-02-01,08Y,0.0,0.0
2025-04-01,08Y,0.0,0.0
2022-08-01,08Y,0.0,0.0
2024-02-01,08Y,0.0,0.0
2022-03-01,08Y,0.0,0.0
2022-05-01,08Y,0.0,0.0
2023-03-01,08Y,0.0,0.0
2024-12-01,08Y,0.0,0.0
2021-07-01,08Y,0.0,0.0
2026-02-01,08Y,0.0,0.0
2025-03-01,08Y,0.0,0.0
2026-05-01,08Y,0.0,0.0
2022-09-01,08Y,0.0,0.0
2025-08-01,08Y,0.0,0.0
2026-03-01,08Y,0.0,0.0
2024-08-01,08Y,0.0,0.0
2021-11-01,08Y,0.0,0.0
2025-10-01,08Y,0.0,0.0
2023-12-01,08Y,0.0,0.0
2022-11-01,08Y,0.0,0.0
2024-11-01,08Y,0.0,0.0
2023-11-01,08Y,0.0,0.0
2022-06-01,08Y,0.0,0.0
2023-02-01,08Y,0.0,0.0
2025-06-01,08Y,0.0,0.0
2026-06-01,08Y,0.0,0.0
2021-09-01,08Y,0.0,0.0
2024-06-01,08Y,0.0,0.0
2024-04-01,08Y,0.0,0.0
2023-04-01,08Y,0.0,0.0
2023-01-01,08Y,0.0,0.0
2022-12-01,08Y,0.0,0.0
2022-10-01,08Y,0.0,0.0
2025-11-01,08Y,0.0,0.0
2025-07-01,08Y,0.0,0.0
2023-05-01,08Y,0.0,0.0
2025-02-01,09A,0.0,0.0
2024-08-01,09A,0.0,0.0
2023-02-01,09A,0.0,0.0
2023-10-01,09A,0.0,0.0
2022-04-01,09A,0.0,0.0
2025-09-01,09A,0.0,0.0
2025-07-01,09A,0.0,0.0
2023-05-01,09A,0.0,0.0
2026-04-01,09A,0.0,0.0
2024-07-01,09A,0.0,0.0
2024-09-01,09A,0.0,0.0
2026-03-01,09A,0.0,0.0
2021-10-01,09A,0.0,0.0
2023-07-01,09A,0.0,0.0
2022-06-01,09A,0.0,0.0
2022-09-01,09A,0.0,0.0
2025-08-01,09A,0.0,0.0
2023-06-01,09A,0.0,0.0
2024-03-01,09A,0.0,0.0
2025-10-01,09A,0.0,0.0
2022-03-01,09A,0.0,0.0
2021-07-01,09A,0.0,0.0
2022-11-01,09A,0.0,0.0
2024-11-01,09A,0.0,0.0
2021-09-01,09A,0.0,0.0
2021-12-01,09A,0.0,0.0
2025-01-01,09A,0.0,0.0
2025-12-01,09A,0.0,0.0
2026-06-01,09A,0.0,0.0
2022-05-01,09A,0.0,0.0
2025-11-01,09A,0.0,0.0
2022-02-01,09A,0.0,0.0
2025-05-01,09A,0.0,0.0
2026-05-01,09A,0.0,0.0
2024-01-01,09A,0.0,0.0
2022-12-01,09A,0.0,0.0
2021-11-01,09A,0.0,0.0
2025-06-01,09A,0.0,0.0
2022-01-01,09A,0.0,0.0
2023-03-01,09A,0.0,0.0
2023-11-01,09A,0.0,0.0
2022-07-01,09A,0.0,0.0
2024-04-01,09A,0.0,0.0
2024-10-01,09A,0.0,0.0
2025-04-01,09A,0.0,0.0
2026-02-01,09A,0.0,0.0
2023-12-01,09A,0.0,0.0
2023-01-01,09A,0.0,0.0
2026-01-01,09A,0.0,0.0
2021-06-01,09A,0.0,0.0
2021-08-01,09A,0.0,0.0
2022-08-01,09A,0.0,0.0
2024-12-01,09A,0.0,0.0
2024-06-01,09A,0.0,0.0
2023-04-01,09A,0.0,0.0
2024-02-01,09A,0.0,0.0
2023-09-01,09A,0.0,0.0
2022-10-01,09A,0.0,0.0
2023-08-01,09A,0.0,0.0
2024-05-01,09A,0.0,0.0
2025-03-01,09A,0.0,0.0
2023-04-01,09C,0.0,0.0
2022-12-01,09C,0.0,0.0
2025-04-01,09C,0.0,0.0
2021-06-01,09C,0.0,0.0
2023-03-01,09C,0.0,0.0
2021-12-01,09C,0.0,0.0
2024-07-01,09C,0.0,0.0
2023-01-01,09C,0.0,0.0
2024-10-01,09C,0.0,0.0
2023-10-01,09C,0.0,0.0
2022-05-01,09C,0.0,0.0
2022-09-01,09C,0.0,0.0
2025-10-01,09C,0.0,0.0
2024-03-01,09C,0.0,0.0
2022-07-01,09C,0.0,0.0
2025-07-01,09C,0.0,0.0
2025-05-01,09C,0.0,0.0
2026-02-01,09C,0.0,0.0
2021-09-01,09C,0.0,0.0
2024-12-01,09C,0.0,0.0
2023-11-01,09C,0.0,0.0
2022-06-01,09C,0.0,0.0
2021-07-01,09C,0.0,0.0
2025-11-01,09C,0.0,0.0
2025-06-01,09C,0.0,0.0
2025-01-01,09C,0.0,0.0
2024-06-01,09C,0.0,0.0
2022-02-01,09C,0.0,0.0
2024-02-01,09C,0.0,0.0
2026-01-01,09C,0.0,0.0
2024-01-01,09C,0.0,0.0
2023-06-01,09C,0.0,0.0
2023-09-01,09C,0.0,0.0
2022-11-01,09C,0.0,0.0
2025-09-01,09C,0.0,0.0
2025-03-01,09C,0.0,0.0
2026-06-01,09C,0.0,0.0
2022-10-01,09C,0.0,0.0
2022-04-01,09C,0.0,0.0
2021-11-01,09C,0.0,0.0
2023-12-01,09C,0.0,0.0
2024-04-01,09C,0.0,0.0
2025-12-01,09C,0.0,0.0
2021-10-01,09C,0.0,0.0
2023-07-01,09C,0.0,0.0
2022-03-01,09C,0.0,0.0
2023-08-01,09C,0.0,0.0
2025-08-01,09C,0.0,0.0
2022-08-01,09C,0.0,0.0
2024-05-01,09C,0.0,0.0
2024-11-01,09C,0.0,0.0
2024-09-01,09C,0.0,0.0
2026-05-01,09C,0.0,0.0
2025-02-01,09C,0.0,0.0
2026-04-01,09C,0.0,0.0
2023-05-01,09C,0.0,0.0
2021-08-01,09C,0.0,0.0
2026-03-01,09C,0.0,0.0
2024-08-01,09C,0.0,0.0
2023-02-01,09C,0.0,0.0
2022-01-01,09C,0.0,0.0
2025-10-01,09E,0.0,0.0
2023-07-01,09E,0.0,0.0
2024-03-01,09E,0.0,0.0
2022-01-01,09E,0.0,0.0
2022-06-01,09E,0.0,0.0
2023-06-01,09E,0.0,0.0
2024-01-01,09E,0.0,0.0
2023-08-01,09E,0.0,0.0
2026-04-01,09E,0.0,0.0
2021-07-01,09E,0.0,0.0
2022-08-01,09E,0.0,0.0
2024-06-01,09E,0.0,0.0
2024-11-01,09E,0.0,0.0
2024-04-01,09E,0.0,0.0
2023-03-01,09E,0.0,0.0
2022-07-01,09E,0.0,0.0
2024-05-01,09E,0.0,0.0
2025-12-01,09E,0.0,0.0
2021-08-01,09E,0.0,0.0
2024-10-01,09E,0.0,0.0
2022-11-01,09E,0.0,0.0
2024-07-01,09E,0.0,0.0
2022-05-01,09E,0.0,0.0
2023-01-01,09E,0.0,0.0
2022-12-01,09E,0.0,0.0
2026-02-01,09E,0.0,0.0
2025-02-01,09E,0.0,0.0
2022-02-01,09E,0.0,0.0
2025-05-01,09E,0.0,0.0
2024-12-01,09E,0.0,0.0
2021-11-01,09E,0.0,0.0
2026-06-01,09E,0.0,0.0
2024-08-01,09E,0.0,0.0
2024-02-01,09E,0.0,0.0
2022-03-01,09E,0.0,0.0
2022-10-01,09E,0.0,0.0
2021-09-01,09E,0.0,0.0
2023-12-01,09E,0.0,0.0
2023-10-01,09E,0.0,0.0
2023-04-01,09E,0.0,0.0
2021-06-01,09E,0.0,0.0
2022-09-01,09E,0.0,0.0
2023-09-01,09E,0.0,0.0
2025-09-01,09E,0.0,0.0
2026-03-01,09E,0.0,0.0
2021-12-01,09E,0.0,0.0
2025-06-01,09E,0.0,0.0
2025-08-01,09E,0.0,0.0
2025-11-01,09E,0.0,0.0
2024-09-01,09E,0.0,0.0
2025-03-01,09E,0.0,0.0
2025-04-01,09E,0.0,0.0
2026-01-01,09E,0.0,0.0
2025-07-01,09E,0.0,0.0
2025-01-01,09E,0.0,0.0
2022-04-01,09E,0.0,0.0
2023-02-01,09E,0.0,0.0
2023-11-01,09E,0.0,0.0
2026-05-01,09E,0.0,0.0
2021-10-01,09E,0.0,0.0
2023-05-01,09E,0.0,0.0
2024-10-01,09F,0.0,0.0
2023-09-01,09F,0.0,0.0
2024-01-01,09F,0.0,0.0
2025-06-01,09F,0.0,0.0
2023-02-01,09F,0.0,0.0
2024-09-01,09F,0.0,0.0
2023-12-01,09F,0.0,0.0
2024-12-01,09F,0.0,0.0
2025-12-01,09F,0.0,0.0
2023-10-01,09F,0.0,0.0
2025-04-01,09F,0.0,0.0
2025-05-01,09F,0.0,0.0
2024-05-01,09F,0.0,0.0
2025-02-01,09F,0.0,0.0
2022-11-01,09F,0.0,0.0
2021-09-01,09F,0.0,0.0
2025-10-01,09F,0.0,0.0
2021-11-01,09F,0.0,0.0
2022-06-01,09F,0.0,0.0
2022-05-01,09F,0.0,0.0
2022-01-01,09F,0.0,0.0
2024-03-01,09F,0.0,0.0
2025-11-01,09F,0.0,0.0
2026-01-01,09F,0.0,0.0
2026-04-01,09F,0.0,0.0
2024-07-01,09F,0.0,0.0
2022-10-01,09F,0.0,0.0
2023-11-01,09F,0.0,0.0
2022-07-01,09F,0.0,0.0
2023-01-01,09F,0.0,0.0
2021-12-01,09F,0.0,0.0
2022-12-01,09F,0.0,0.0
2021-10-01,09F,0.0,0.0
2024-06-01,09F,0.0,0.0
2022-04-01,09F,0.0,0.0
2023-05-01,09F,0.0,0.0
2025-08-01,09F,0.0,0.0
2025-03-01,09F,0.0,0.0
2024-02-01,09F,0.0,0.0
2024-08-01,09F,0.0,0.0
2022-08-01,09F,0.0,0.0
2026-02-01,09F,0.0,0.0
2026-03-01,09F,0.0,0.0
2024-11-01,09F,0.0,0.0
2022-09-01,09F,0.0,0.0
2023-08-01,09F,0.0,0.0
2023-04-01,09F,0.0,0.0
2022-02-01,09F,0.0,0.0
2023-07-01,09F,0.0,0.0
2024-04-01,09F,0.0,0.0
2023-03-01,09F,0.0,0.0
2025-09-01,09F,0.0,0.0
2022-03-01,09F,0.0,0.0
2021-06-01,09F,0.0,0.0
2021-07-01,09F,0.0,0.0
2025-07-01,09F,0.0,0.0
2026-05-01,09F,0.0,0.0
2023-06-01,09F,0.0,0.0
2026-06-01,09F,0.0,0.0
2025-01-01,09F,0.0,0.0
2021-08-01,09F,0.0,0.0
2023-01-01,09G,0.0,0.0
2024-12-01,09G,0.0,0.0
2023-05-01,09G,0.0,0.0
2021-08-01,09G,0.0,0.0
2024-09-01,09G,0.0,0.0
2025-05-01,09G,0.0,0.0
2024-10-01,09G,0.0,0.0
2026-02-01,09G,0.0,0.0
2023-09-01,09G,0.0,0.0
2025-10-01,09G,0.0,0.0
2024-06-01,09G,0.0,0.0
2026-04-01,09G,0.0,0.0
2026-05-01,09G,0.0,0.0
2022-01-01,09G,0.0,0.0
2022-05-01,09G,0.0,0.0
2023-11-01,09G,0.0,0.0
2021-11-01,09G,0.0,0.0
2025-01-01,09G,0.0,0.0
2025-08-01,09G,0.0,0.0
2022-03-01,09G,0.0,0.0
2021-07-01,09G,0.0,0.0
2023-10-01,09G,0.0,0.0
2024-04-01,09G,0.0,0.0
2024-05-01,09G,0.0,0.0
2023-08-01,09G,0.0,0.0
2021-06-01,09G,0.0,0.0
2025-02-01,09G,0.0,0.0
2026-03-01,09G,0.0,0.0
2023-12-01,09G,0.0,0.0
2022-07-01,09G,0.0,0.0
2022-09-01,09G,0.0,0.0
2024-01-01,09G,0.0,0.0
2022-10-01,09G,0.0,0.0
2021-12-01,09G,0.0,0.0
2022-12-01,09G,0.0,0.0
2024-07-01,09G,0.0,0.0
2022-04-01,09G,0.0,0.0
2023-03-01,09G,0.0,0.0
2025-06-01,09G,0.0,0.0
2024-11-01,09G,0.0,0.0
2025-09-01,09G,0.0,0.0
2022-06-01,09G,0.0,0.0
2025-12-01,09G,0.0,0.0
2022-02-01,09G,0.0,0.0
2025-04-01,09G,0.0,0.0
2023-02-01,09G,0.0,0.0
2024-03-01,09G,0.0,0.0
2021-09-01,09G,0.0,0.0
2026-01-01,09G,0.0,0.0
2023-06-01,09G,0.0,0.0
2024-02-01,09G,0.0,0.0
2023-04-01,09G,0.0,0.0
2022-08-01,09G,0.0,0.0
2025-11-01,09G,0.0,0.0
2023-07-01,09G,0.0,0.0
2026-06-01,09G,0.0,0.0
2024-08-01,09G,0.0,0.0
2025-07-01,09G,0.0,0.0
2025-03-01,09G,0.0,0.0
2022-11-01,09G,0.0,0.0
2021-10-01,09G,0.0,0.0
2025-02-01,09J,0.0,0.0
2024-07-01,09J,0.0,0.0
2022-11-01,09J,0.0,0.0
2026-04-01,09J,0.0,0.0
2025-06-01,09J,0.0,0.0
2024-11-01,09J,0.0,0.0
2021-12-01,09J,0.0,0.0
2023-11-01,09J,0.0,0.0
2026-01-01,09J,0.0,0.0
2021-10-01,09J,0.0,0.0
2021-07-01,09J,0.0,0.0
2023-03-01,09J,0.0,0.0
2023-04-01,09J,0.0,0.0
2022-10-01,09J,0.0,0.0
2024-06-01,09J,0.0,0.0
2023-09-01,09J,0.0,0.0
2026-06-01,09J,0.0,0.0
2025-01-01,09J,0.0,0.0
2022-08-01,09J,0.0,0.0
2021-09-01,09J,0.0,0.0
2023-10-01,09J,0.0,0.0
2022-12-01,09J,0.0,0.0
2022-01-01,09J,0.0,0.0
2026-05-01,09J,0.0,0.0
2023-05-01,09J,0.0,0.0
2021-08-01,09J,0.0,0.0
2023-06-01,09J,0.0,0.0
2024-05-01,09J,0.0,0.0
2024-03-01,09J,0.0,0.0
2024-12-01,09J,0.0,0.0
2024-01-01,09J,0.0,0.0
2022-03-01,09J,0.0,0.0
2025-05-01,09J,0.0,0.0
2025-07-01,09J,0.0,0.0
2024-09-01,09J,0.0,0.0
2025-12-01,09J,0.0,0.0
2025-10-01,09J,0.0,0.0
2023-02-01,09J,0.0,0.0
2025-04-01,09J,0.0,0.0
2022-09-01,09J,0.0,0.0
2022-07-01,09J,0.0,0.0
2025-08-01,09J,0.0,0.0
2022-04-01,09J,0.0,0.0
2023-08-01,09J,0.0,0.0
2024-08-01,09J,0.0,0.0
2022-02-01,09J,0.0,0.0
2026-02-01,09J,0.0,0.0
2026-03-01,09J,0.0,0.0
2021-11-01,09J,0.0,0.0
2022-06-01,09J,0.0,0.0
2021-06-01,09J,0.0,0.0
2022-05-01,09J,0.0,0.0
2024-10-01,09J,0.0,0.0
2024-02-01,09J,0.0,0.0
2024-04-01,09J,0.0,0.0
2025-11-01,09J,0.0,0.0
2025-03-01,09J,0.0,0.0
2025-09-01,09J,0.0,0.0
2023-12-01,09J,0.0,0.0
2023-07-01,09J,0.0,0.0
2023-01-01,09J,0.0,0.0
2022-09-01,09L,0.0,0.0
2025-01-01,09L,0.0,0.0
2025-03-01,09L,0.0,0.0
2024-11-01,09L,0.0,0.0
2026-04-01,09L,0.0,0.0
2024-08-01,09L,0.0,0.0
2024-04-01,09L,0.0,0.0
2025-09-01,09L,0.0,0.0
2023-09-01,09L,0.0,0.0
2025-12-01,09L,0.0,0.0
2025-10-01,09L,0.0,0.0
2024-06-01,09L,0.0,0.0
2021-07-01,09L,0.0,0.0
2026-06-01,09L,0.0,0.0
2021-11-01,09L,0.0,0.0
2026-02-01,09L,0.0,0.0
2023-10-01,09L,0.0,0.0
2021-08-01,09L,0.0,0.0
2024-09-01,09L,0.0,0.0
2023-02-01,09L,0.0,0.0
2021-10-01,09L,0.0,0.0
2022-10-01,09L,0.0,0.0
2024-12-01,09L,0.0,0.0
2024-10-01,09L,0.0,0.0
2022-11-01,09L,0.0,0.0
2023-05-01,09L,0.0,0.0
2021-09-01,09L,0.0,0.0
2024-01-01,09L,0.0,0.0
2023-07-01,09L,0.0,0.0
2023-06-01,09L,0.0,0.0
2023-03-01,09L,0.0,0.0
2026-01-01,09L,0.0,0.0
2021-06-01,09L,0.0,0.0
2024-03-01,09L,0.0,0.0
2025-08-01,09L,0.0,0.0
2024-02-01,09L,0.0,0.0
2023-08-01,09L,0.0,0.0
2025-06-01,09L,0.0,0.0
2023-11-01,09L,0.0,0.0
2026-05-01,09L,0.0,0.0
2024-05-01,09L,0.0,0.0
2022-07-01,09L,0.0,0.0
2024-07-01,09L,0.0,0.0
2022-06-01,09L,0.0,0.0
2026-03-01,09L,0.0,0.0
2022-02-01,09L,0.0,0.0
2025-02-01,09L,0.0,0.0
2022-03-01,09L,0.0,0.0
2023-01-01,09L,0.0,0.0
2025-04-01,09L,0.0,0.0
2022-04-01,09L,0.0,0.0
2025-05-01,09L,0.0,0.0
2023-04-01,09L,0.0,0.0
2023-12-01,09L,0.0,0.0
2022-01-01,09L,0.0,0.0
2022-12-01,09L,0.0,0.0
2022-05-01,09L,0.0,0.0
2021-12-01,09L,0.0,0.0
2025-07-01,09L,0.0,0.0
2025-11-01,09L,0.0,0.0
2022-08-01,09L,0.0,0.0
2026-06-01,09P,0.0,0.0
2022-08-01,09P,0.0,0.0
2024-05-01,09P,0.0,0.0
2025-03-01,09P,0.0,0.0
2021-07-01,09P,0.0,0.0
2025-11-01,09P,0.0,0.0
2025-07-01,09P,0.0,0.0
2021-08-01,09P,0.0,0.0
2023-12-01,09P,0.0,0.0
2022-01-01,09P,0.0,0.0
2024-06-01,09P,0.0,0.0
2023-01-01,09P,0.0,0.0
2025-10-01,09P,0.0,0.0
2023-04-01,09P,0.0,0.0
2024-01-01,09P,0.0,0.0
2022-07-01,09P,0.0,0.0
2022-03-01,09P,0.0,0.0
2025-01-01,09P,0.0,0.0
2025-05-01,09P,0.0,0.0
2026-02-01,09P,0.0,0.0
2022-10-01,09P,0.0,0.0
2023-06-01,09P,0.0,0.0
2021-12-01,09P,0.0,0.0
2021-09-01,09P,0.0,0.0
2023-02-01,09P,0.0,0.0
2024-12-01,09P,0.0,0.0
2026-05-01,09P,0.0,0.0
2023-03-01,09P,0.0,0.0
2022-09-01,09P,0.0,0.0
2024-07-01,09P,0.0,0.0
2023-08-01,09P,0.0,0.0
2026-04-01,09P,0.0,0.0
2024-09-01,09P,0.0,0.0
2024-08-01,09P,0.0,0.0
2021-10-01,09P,0.0,0.0
2021-06-01,09P,0.0,0.0
2022-12-01,09P,0.0,0.0
2025-02-01,09P,0.0,0.0
2024-02-01,09P,0.0,0.0
2026-01-01,09P,0.0,0.0
2021-11-01,09P,0.0,0.0
2024-11-01,09P,0.0,0.0
2023-10-01,09P,0.0,0.0
2023-05-01,09P,0.0,0.0
2025-08-01,09P,0.0,0.0
2024-04-01,09P,0.0,0.0
2025-09-01,09P,0.0,0.0
2022-02-01,09P,0.0,0.0
2025-06-01,09P,0.0,0.0
2025-12-01,09P,0.0,0.0
2022-05-01,09P,0.0,0.0
2024-10-01,09P,0.0,0.0
2024-03-01,09P,0.0,0.0
2026-03-01,09P,0.0,0.0
2023-09-01,09P,0.0,0.0
2023-11-01,09P,0.0,0.0
2022-06-01,09P,0.0,0.0
2023-07-01,09P,0.0,0.0
2022-11-01,09P,0.0,0.0
2025-04-01,09P,0.0,0.0
2022-04-01,09P,0.0,0.0
2023-04-01,09W,0.0,0.0
2022-07-01,09W,0.0,0.0
2021-07-01,09W,0.0,0.0
2021-08-01,09W,0.0,0.0
2022-10-01,09W,0.0,0.0
2024-09-01,09W,0.0,0.0
2023-09-01,09W,0.0,0.0
2024-03-01,09W,0.0,0.0
2025-01-01,09W,0.0,0.0
2025-08-01,09W,0.0,0.0
2024-08-01,09W,0.0,0.0
2024-10-01,09W,0.0,0.0
2026-01-01,09W,0.0,0.0
2022-01-01,09W,0.0,0.0
2022-12-01,09W,0.0,0.0
2025-06-01,09W,0.0,0.0
2026-03-01,09W,0.0,0.0
2024-12-01,09W,0.0,0.0
2023-11-01,09W,0.0,0.0
2023-07-01,09W,0.0,0.0
2022-11-01,09W,0.0,0.0
2023-02-01,09W,0.0,0.0
2021-09-01,09W,0.0,0.0
2024-07-01,09W,0.0,0.0
2024-01-01,09W,0.0,0.0
2021-06-01,09W,0.0,0.0
2022-02-01,09W,0.0,0.0
2023-06-01,09W,0.0,0.0
2024-11-01,09W,0.0,0.0
2025-09-01,09W,0.0,0.0
2023-05-01,09W,0.0,0.0
2026-02-01,09W,0.0,0.0
2023-01-01,09W,0.0,0.0
2026-05-01,09W,0.0,0.0
2023-10-01,09W,0.0,0.0
2025-03-01,09W,0.0,0.0
2025-04-01,09W,0.0,0.0
2025-02-01,09W,0.0,0.0
2025-10-01,09W,0.0,0.0
2025-11-01,09W,0.0,0.0
2026-04-01,09W,0.0,0.0
2024-02-01,09W,0.0,0.0
2022-09-01,09W,0.0,0.0
2022-08-01,09W,0.0,0.0
2023-08-01,09W,0.0,0.0
2021-12-01,09W,0.0,0.0
2022-03-01,09W,0.0,0.0
2025-12-01,09W,0.0,0.0
2022-06-01,09W,0.0,0.0
2024-06-01,09W,0.0,0.0
2026-06-01,09W,0.0,0.0
2021-11-01,09W,0.0,0.0
2025-07-01,09W,0.0,0.0
2024-04-01,09W,0.0,0.0
2025-05-01,09W,0.0,0.0
2022-05-01,09W,0.0,0.0
2023-12-01,09W,0.0,0.0
2024-05-01,09W,0.0,0.0
2021-10-01,09W,0.0,0.0
2023-03-01,09W,0.0,0.0
2022-04-01,09W,0.0,0.0
2025-09-01,09Y,0.0,0.0
2026-01-01,09Y,0.0,0.0
2023-09-01,09Y,0.0,0.0
2022-09-01,09Y,0.0,0.0
2024-02-01,09Y,0.0,0.0
2022-10-01,09Y,0.0,0.0
2022-05-01,09Y,0.0,0.0
2025-10-01,09Y,0.0,0.0
2023-12-01,09Y,0.0,0.0
2023-08-01,09Y,0.0,0.0
2026-03-01,09Y,0.0,0.0
2024-08-01,09Y,0.0,0.0
2023-02-01,09Y,0.0,0.0
2024-06-01,09Y,0.0,0.0
2024-12-01,09Y,0.0,0.0
2024-10-01,09Y,0.0,0.0
2023-06-01,09Y,0.0,0.0
2021-09-01,09Y,0.0,0.0
2022-06-01,09Y,0.0,0.0
2022-01-01,09Y,0.0,0.0
2023-03-01,09Y,0.0,0.0
2026-04-01,09Y,0.0,0.0
2022-04-01,09Y,0.0,0.0
2021-11-01,09Y,0.0,0.0
2025-05-01,09Y,0.0,0.0
2023-10-01,09Y,0.0,0.0
2023-11-01,09Y,0.0,0.0
2022-03-01,09Y,0.0,0.0
2024-01-01,09Y,0.0,0.0
2021-12-01,09Y,0.0,0.0
2023-05-01,09Y,0.0,0.0
2026-06-01,09Y,0.0,0.0
2026-05-01,09Y,0.0,0.0
2021-08-01,09Y,0.0,0.0
2025-06-01,09Y,0.0,0.0
2024-04-01,09Y,0.0,0.0
2022-07-01,09Y,0.0,0.0
2025-07-01,09Y,0.0,0.0
2023-01-01,09Y,0.0,0.0
2026-02-01,09Y,0.0,0.0
2022-02-01,09Y,0.0,0.0
2025-08-01,09Y,0.0,0.0
2025-04-01,09Y,0.0,0.0
2021-06-01,09Y,0.0,0.0
2025-11-01,09Y,0.0,0.0
2024-11-01,09Y,0.0,0.0
2024-05-01,09Y,0.0,0.0
2025-03-01,09Y,0.0,0.0
2023-04-01,09Y,0.0,0.0
2025-02-01,09Y,0.0,0.0
2024-03-01,09Y,0.0,0.0
2022-12-01,09Y,0.0,0.0
2022-11-01,09Y,0.0,0.0
2021-10-01,09Y,0.0,0.0
2022-08-01,09Y,0.0,0.0
2023-07-01,09Y,0.0,0.0
2025-01-01,09Y,0.0,0.0
2024-07-01,09Y,0.0,0.0
2025-12-01,09Y,0.0,0.0
2021-07-01,09Y,0.0,0.0
2024-09-01,09Y,0.0,0.0
2022-06-01,10A,0.0,0.0
2026-02-01,10A,0.0,0.0
2021-06-01,10A,0.0,0.0
2025-10-01,10A,0.0,0.0
2021-08-01,10A,0.0,0.0
2021-07-01,10A,0.0,0.0
2023-08-01,10A,0.0,0.0
2025-03-01,10A,0.0,0.0
2023-01-01,10A,0.0,0.0
2022-07-01,10A,0.0,0.0
2021-12-01,10A,0.0,0.0
2023-11-01,10A,0.0,0.0
2024-03-01,10A,0.0,0.0
2023-04-01,10A,0.0,0.0
2024-01-01,10A,0.0,0.0
2023-03-01,10A,0.0,0.0
2022-11-01,10A,0.0,0.0
2025-01-01,10A,0.0,0.0
2024-05-01,10A,0.0,0.0
2025-11-01,10A,0.0,0.0
2022-10-01,10A,0.0,0.0
2024-07-01,10A,0.0,0.0
2022-09-01,10A,0.0,0.0
2022-12-01,10A,0.0,0.0
2025-07-01,10A,0.0,0.0
2022-04-01,10A,0.0,0.0
2023-10-01,10A,0.0,0.0
2025-02-01,10A,0.0,0.0
2026-04-01,10A,0.0,0.0
2023-05-01,10A,0.0,0.0
2023-02-01,10A,0.0,0.0
2024-11-01,10A,0.0,0.0
2023-12-01,10A,0.0,0.0
2021-09-01,10A,0.0,0.0
2024-06-01,10A,0.0,0.0
2023-09-01,10A,0.0,0.0
2021-11-01,10A,0.0,0.0
2025-04-01,10A,0.0,0.0
2026-05-01,10A,0.0,0.0
2024-10-01,10A,0.0,0.0
2024-08-01,10A,0.0,0.0
2023-07-01,10A,0.0,0.0
2022-05-01,10A,0.0,0.0
2022-08-01,10A,0.0,0.0
2026-01-01,10A,0.0,0.0
2025-06-01,10A,0.0,0.0
2023-06-01,10A,0.0,0.0
2025-12-01,10A,0.0,0.0
2026-06-01,10A,0.0,0.0
2022-02-01,10A,0.0,0.0
2025-09-01,10A,0.0,0.0
2026-03-01,10A,0.0,0.0
2021-10-01,10A,0.0,0.0
2022-01-01,10A,0.0,0.0
2025-05-01,10A,0.0,0.0
2024-02-01,10A,0.0,0.0
2022-03-01,10A,0.0,0.0
2024-12-01,10A,0.0,0.0
2024-09-01,10A,0.0,0.0
2025-08-01,10A,0.0,0.0
2024-04-01,10A,0.0,0.0
2023-05-01,10C,0.0,0.0
2025-10-01,10C,0.0,0.0
2022-08-01,10C,0.0,0.0
2024-05-01,10C,0.0,0.0
2022-03-01,10C,0.0,0.0
2026-02-01,10C,0.0,0.0
2022-07-01,10C,0.0,0.0
2022-05-01,10C,0.0,0.0
2026-06-01,10C,0.0,0.0
2025-08-01,10C,0.0,0.0
2021-11-01,10C,0.0,0.0
2021-07-01,10C,0.0,0.0
2022-11-01,10C,0.0,0.0
2023-06-01,10C,0.0,0.0
2023-10-01,10C,0.0,0.0
2024-01-01,10C,0.0,0.0
2023-09-01,10C,0.0,0.0
2024-04-01,10C,0.0,0.0
2022-06-01,10C,0.0,0.0
2026-01-01,10C,0.0,0.0
2025-03-01,10C,0.0,0.0
2022-01-01,10C,0.0,0.0
2026-04-01,10C,0.0,0.0
2023-07-01,10C,0.0,0.0
2024-07-01,10C,0.0,0.0
2024-03-01,10C,0.0,0.0
2024-08-01,10C,0.0,0.0
2022-04-01,10C,0.0,0.0
2025-07-01,10C,0.0,0.0
2022-09-01,10C,0.0,0.0
2023-04-01,10C,0.0,0.0
2025-05-01,10C,0.0,0.0
2023-08-01,10C,0.0,0.0
2025-02-01,10C,0.0,0.0
2022-10-01,10C,0.0,0.0
2023-12-01,10C,0.0,0.0
2024-12-01,10C,0.0,0.0
2023-03-01,10C,0.0,0.0
2021-08-01,10C,0.0,0.0
2021-12-01,10C,0.0,0.0
2025-04-01,10C,0.0,0.0
2026-03-01,10C,0.0,0.0
2024-11-01,10C,0.0,0.0
2021-10-01,10C,0.0,0.0
2024-10-01,10C,0.0,0.0
2025-06-01,10C,0.0,0.0
2025-09-01,10C,0.0,0.0
2025-12-01,10C,0.0,0.0
2023-11-01,10C,0.0,0.0
2026-05-01,10C,0.0,0.0
2024-09-01,10C,0.0,0.0
2022-02-01,10C,0.0,0.0
2023-01-01,10C,0.0,0.0
2023-02-01,10C,0.0,0.0
2021-06-01,10C,0.0,0.0
2022-12-01,10C,0.0,0.0
2024-02-01,10C,0.0,0.0
2025-11-01,10C,0.0,0.0
2025-01-01,10C,0.0,0.0
2024-06-01,10C,0.0,0.0
2021-09-01,10C,0.0,0.0
2026-05-01,10D,0.0,0.0
2025-07-01,10D,0.0,0.0
2026-03-01,10D,0.0,0.0
2023-07-01,10D,0.0,0.0
2024-09-01,10D,0.0,0.0
2021-07-01,10D,0.0,0.0
2025-01-01,10D,0.0,0.0
2026-02-01,10D,0.0,0.0
2025-11-01,10D,0.0,0.0
2025-02-01,10D,0.0,0.0
2022-02-01,10D,0.0,0.0
2021-11-01,10D,0.0,0.0
2025-12-01,10D,0.0,0.0
2023-04-01,10D,0.0,0.0
2021-06-01,10D,0.0,0.0
2022-04-01,10D,0.0,0.0
2026-04-01,10D,0.0,0.0
2021-09-01,10D,0.0,0.0
2023-06-01,10D,0.0,0.0
2025-04-01,10D,0.0,0.0
2025-09-01,10D,0.0,0.0
2024-01-01,10D,0.0,0.0
2022-11-01,10D,0.0,0.0
2024-03-01,10D,0.0,0.0
2023-08-01,10D,0.0,0.0
2023-11-01,10D,0.0,0.0
2024-07-01,10D,0.0,0.0
2024-05-01,10D,0.0,0.0
2022-07-01,10D,0.0,0.0
2023-09-01,10D,0.0,0.0
2023-03-01,10D,0.0,0.0
2024-10-01,10D,0.0,0.0
2026-06-01,10D,0.0,0.0
2021-08-01,10D,0.0,0.0
2025-05-01,10D,0.0,0.0
2022-01-01,10D,0.0,0.0
2025-10-01,10D,0.0,0.0
2024-11-01,10D,0.0,0.0
2022-10-01,10D,0.0,0.0
2021-10-01,10D,0.0,0.0
2022-08-01,10D,0.0,0.0
2023-10-01,10D,0.0,0.0
2024-04-01,10D,0.0,0.0
2025-03-01,10D,0.0,0.0
2024-08-01,10D,0.0,0.0
2022-06-01,10D,0.0,0.0
2022-09-01,10D,0.0,0.0
2024-12-01,10D,0.0,0.0
2024-02-01,10D,0.0,0.0
2022-05-01,10D,0.0,0.0
2023-02-01,10D,0.0,0.0
2024-06-01,10D,0.0,0.0
2025-08-01,10D,0.0,0.0
2022-03-01,10D,0.0,0.0
2023-05-01,10D,0.0,0.0
2025-06-01,10D,0.0,0.0
2021-12-01,10D,0.0,0.0
2023-12-01,10D,0.0,0.0
2026-01-01,10D,0.0,0.0
2023-01-01,10D,0.0,0.0
2022-12-01,10D,0.0,0.0
2022-02-01,10E,0.0,0.0
2024-02-01,10E,0.0,0.0
2024-12-01,10E,0.0,0.0
2022-06-01,10E,0.0,0.0
2021-09-01,10E,0.0,0.0
2023-03-01,10E,0.0,0.0
2024-04-01,10E,0.0,0.0
2025-03-01,10E,0.0,0.0
2025-10-01,10E,0.0,0.0
2026-01-01,10E,0.0,0.0
2023-07-01,10E,0.0,0.0
2023-12-01,10E,0.0,0.0
2023-01-01,10E,0.0,0.0
2023-10-01,10E,0.0,0.0
2025-08-01,10E,0.0,0.0
2023-08-01,10E,0.0,0.0
2021-12-01,10E,0.0,0.0
2022-08-01,10E,0.0,0.0
2021-06-01,10E,0.0,0.0
2024-01-01,10E,0.0,0.0
2024-11-01,10E,0.0,0.0
2021-07-01,10E,0.0,0.0
2022-10-01,10E,0.0,0.0
2024-03-01,10E,0.0,0.0
2025-12-01,10E,0.0,0.0
2026-04-01,10E,0.0,0.0
2023-05-01,10E,0.0,0.0
2023-04-01,10E,0.0,0.0
2025-05-01,10E,0.0,0.0
2022-03-01,10E,0.0,0.0
2024-06-01,10E,0.0,0.0
2025-11-01,10E,0.0,0.0
2023-11-01,10E,0.0,0.0
2022-09-01,10E,0.0,0.0
2026-05-01,10E,0.0,0.0
2022-12-01,10E,0.0,0.0
2025-09-01,10E,0.0,0.0
2022-01-01,10E,0.0,0.0
2025-06-01,10E,0.0,0.0
2023-06-01,10E,0.0,0.0
2024-10-01,10E,0.0,0.0
2025-04-01,10E,0.0,0.0
2026-06-01,10E,0.0,0.0
2023-09-01,10E,0.0,0.0
2022-07-01,10E,0.0,0.0
2025-07-01,10E,0.0,0.0
2026-02-01,10E,0.0,0.0
2025-01-01,10E,0.0,0.0
2024-09-01,10E,0.0,0.0
2022-04-01,10E,0.0,0.0
2026-03-01,10E,0.0,0.0
2021-08-01,10E,0.0,0.0
2024-07-01,10E,0.0,0.0
2022-05-01,10E,0.0,0.0
2023-02-01,10E,0.0,0.0
2022-11-01,10E,0.0,0.0
2021-10-01,10E,0.0,0.0
2024-08-01,10E,0.0,0.0
2025-02-01,10E,0.0,0.0
2024-05-01,10E,0.0,0.0
2021-11-01,10E,0.0,0.0
2025-12-01,10J,0.0,0.0
2023-02-01,10J,0.0,0.0
2026-03-01,10J,0.0,0.0
2021-12-01,10J,0.0,0.0
2023-12-01,10J,0.0,0.0
2026-01-01,10J,0.0,0.0
2024-04-01,10J,0.0,0.0
2021-09-01,10J,0.0,0.0
2024-05-01,10J,0.0,0.0
2023-09-01,10J,0.0,0.0
2024-02-01,10J,0.0,0.0
2025-01-01,10J,0.0,0.0
2024-07-01,10J,0.0,0.0
2023-07-01,10J,0.0,0.0
2023-04-01,10J,0.0,0.0
2022-06-01,10J,0.0,0.0
2024-06-01,10J,0.0,0.0
2023-03-01,10J,0.0,0.0
2025-03-01,10J,0.0,0.0
2026-04-01,10J,0.0,0.0
2021-11-01,10J,0.0,0.0
2023-06-01,10J,0.0,0.0
2025-06-01,10J,0.0,0.0
2022-10-01,10J,0.0,0.0
2025-09-01,10J,0.0,0.0
2025-04-01,10J,0.0,0.0
2023-08-01,10J,0.0,0.0
2022-07-01,10J,0.0,0.0
2023-10-01,10J,0.0,0.0
2025-02-01,10J,0.0,0.0
2023-01-01,10J,0.0,0.0
2024-12-01,10J,0.0,0.0
2025-11-01,10J,0.0,0.0
2025-05-01,10J,0.0,0.0
2025-10-01,10J,0.0,0.0
2022-04-01,10J,0.0,0.0
2022-02-01,10J,0.0,0.0
2021-07-01,10J,0.0,0.0
2022-12-01,10J,0.0,0.0
2022-05-01,10J,0.0,0.0
2024-01-01,10J,0.0,0.0
2021-08-01,10J,0.0,0.0
2023-05-01,10J,0.0,0.0
2026-05-01,10J,0.0,0.0
2026-06-01,10J,0.0,0.0
2024-08-01,10J,0.0,0.0
2023-11-01,10J,0.0,0.0
2022-01-01,10J,0.0,0.0
2024-11-01,10J,0.0,0.0
2024-10-01,10J,0.0,0.0
2025-07-01,10J,0.0,0.0
2026-02-01,10J,0.0,0.0
2022-09-01,10J,0.0,0.0
2024-09-01,10J,0.0,0.0
2025-08-01,10J,0.0,0.0
2022-11-01,10J,0.0,0.0
2022-08-01,10J,0.0,0.0
2021-06-01,10J,0.0,0.0
2021-10-01,10J,0.0,0.0
2022-03-01,10J,0.0,0.0
2024-03-01,10J,0.0,0.0
2026-02-01,10K,0.0,0.0
2023-09-01,10K,0.0,0.0
2023-11-01,10K,0.0,0.0
2021-06-01,10K,0.0,0.0
2022-09-01,10K,0.0,0.0
2024-05-01,10K,0.0,0.0
2022-12-01,10K,0.0,0.0
2024-06-01,10K,0.0,0.0
2021-09-01,10K,0.0,0.0
2023-02-01,10K,0.0,0.0
2021-08-01,10K,0.0,0.0
2022-11-01,10K,0.0,0.0
2025-12-01,10K,0.0,0.0
2022-05-01,10K,0.0,0.0
2026-06-01,10K,0.0,0.0
2025-03-01,10K,0.0,0.0
2024-07-01,10K,0.0,0.0
2026-03-01,10K,0.0,0.0
2024-03-01,10K,0.0,0.0
2026-05-01,10K,0.0,0.0
2024-08-01,10K,0.0,0.0
2025-09-01,10K,0.0,0.0
2024-11-01,10K,0.0,0.0
2023-12-01,10K,0.0,0.0
2022-04-01,10K,0.0,0.0
2026-04-01,10K,0.0,0.0
2021-11-01,10K,0.0,0.0
2023-07-01,10K,0.0,0.0
2021-07-01,10K,0.0,0.0
2021-10-01,10K,0.0,0.0
2023-10-01,10K,0.0,0.0
2025-01-01,10K,0.0,0.0
2022-10-01,10K,0.0,0.0
2024-04-01,10K,0.0,0.0
2022-06-01,10K,0.0,0.0
2025-10-01,10K,0.0,0.0
2025-05-01,10K,0.0,0.0
2025-07-01,10K,0.0,0.0
2023-05-01,10K,0.0,0.0
2023-06-01,10K,0.0,0.0
2022-08-01,10K,0.0,0.0
2026-01-01,10K,0.0,0.0
2023-01-01,10K,0.0,0.0
2025-02-01,10K,0.0,0.0
2023-08-01,10K,0.0,0.0
2023-04-01,10K,0.0,0.0
2022-03-01,10K,0.0,0.0
2024-01-01,10K,0.0,0.0
2025-04-01,10K,0.0,0.0
2022-07-01,10K,0.0,0.0
2025-06-01,10K,0.0,0.0
2023-03-01,10K,0.0,0.0
2022-01-01,10K,0.0,0.0
2021-12-01,10K,0.0,0.0
2025-08-01,10K,0.0,0.0
2024-12-01,10K,0.0,0.0
2022-02-01,10K,0.0,0.0
2024-10-01,10K,0.0,0.0
2025-11-01,10K,0.0,0.0
2024-02-01,10K,0.0,0.0
2024-09-01,10K,0.0,0.0
2023-02-01,10L,0.0,0.0
2026-06-01,10L,0.0,0.0
2024-01-01,10L,0.0,0.0
2022-03-01,10L,0.0,0.0
2023-08-01,10L,0.0,0.0
2023-10-01,10L,0.0,0.0
2025-02-01,10L,0.0,0.0
2025-03-01,10L,0.0,0.0
2022-04-01,10L,0.0,0.0
2025-10-01,10L,0.0,0.0
2026-01-01,10L,0.0,0.0
2025-11-01,10L,0.0,0.0
2022-07-01,10L,0.0,0.0
2021-08-01,10L,0.0,0.0
2022-08-01,10L,0.0,0.0
2024-10-01,10L,0.0,0.0
2024-04-01,10L,0.0,0.0
2022-12-01,10L,0.0,0.0
2025-07-01,10L,0.0,0.0
2022-02-01,10L,0.0,0.0
2025-06-01,10L,0.0,0.0
2026-02-01,10L,0.0,0.0
2025-09-01,10L,0.0,0.0
2026-04-01,10L,0.0,0.0
2025-04-01,10L,0.0,0.0
2026-03-01,10L,0.0,0.0
2021-11-01,10L,0.0,0.0
2021-12-01,10L,0.0,0.0
2023-07-01,10L,0.0,0.0
2025-08-01,10L,0.0,0.0
2024-02-01,10L,0.0,0.0
2024-09-01,10L,0.0,0.0
2024-03-01,10L,0.0,0.0
2024-05-01,10L,0.0,0.0
2022-09-01,10L,0.0,0.0
2022-01-01,10L,0.0,0.0
2023-09-01,10L,0.0,0.0
2024-07-01,10L,0.0,0.0
2024-06-01,10L,0.0,0.0
2023-03-01,10L,0.0,0.0
2023-11-01,10L,0.0,0.0
2024-12-01,10L,0.0,0.0
2026-05-01,10L,0.0,0.0
2022-10-01,10L,0.0,0.0
2023-12-01,10L,0.0,0.0
2021-07-01,10L,0.0,0.0
2024-11-01,10L,0.0,0.0
2025-01-01,10L,0.0,0.0
2022-11-01,10L,0.0,0.0
2023-01-01,10L,0.0,0.0
2021-06-01,10L,0.0,0.0
2025-05-01,10L,0.0,0.0
2023-05-01,10L,0.0,0.0
2022-06-01,10L,0.0,0.0
2021-10-01,10L,0.0,0.0
2023-04-01,10L,0.0,0.0
2021-09-01,10L,0.0,0.0
2022-05-01,10L,0.0,0.0
2025-12-01,10L,0.0,0.0
2023-06-01,10L,0.0,0.0
2024-08-01,10L,0.0,0.0
2023-01-01,10M,0.0,0.0
2025-01-01,10M,0.0,0.0
2025-12-01,10M,0.0,0.0
2021-08-01,10M,0.0,0.0
2022-12-01,10M,0.0,0.0
2021-09-01,10M,0.0,0.0
2022-07-01,10M,0.0,0.0
2022-01-01,10M,0.0,0.0
2023-04-01,10M,0.0,0.0
2022-02-01,10M,0.0,0.0
2021-10-01,10M,0.0,0.0
2023-09-01,10M,0.0,0.0
2024-01-01,10M,0.0,0.0
2026-04-01,10M,0.0,0.0
2023-12-01,10M,0.0,0.0
2022-10-01,10M,0.0,0.0
2025-06-01,10M,0.0,0.0
2021-06-01,10M,0.0,0.0
2022-04-01,10M,0.0,0.0
2025-08-01,10M,0.0,0.0
2022-09-01,10M,0.0,0.0
2025-09-01,10M,0.0,0.0
2021-12-01,10M,0.0,0.0
2025-04-01,10M,0.0,0.0
2023-08-01,10M,0.0,0.0
2024-04-01,10M,0.0,0.0
2024-08-01,10M,0.0,0.0
2022-08-01,10M,0.0,0.0
2022-03-01,10M,0.0,0.0
2024-12-01,10M,0.0,0.0
2025-02-01,10M,0.0,0.0
2025-10-01,10M,0.0,0.0
2022-11-01,10M,0.0,0.0
2022-05-01,10M,0.0,0.0
2024-06-01,10M,0.0,0.0
2024-05-01,10M,0.0,0.0
2026-01-01,10M,0.0,0.0
2023-06-01,10M,0.0,0.0
2023-11-01,10M,0.0,0.0
2023-02-01,10M,0.0,0.0
2021-11-01,10M,0.0,0.0
2021-07-01,10M,0.0,0.0
2024-03-01,10M,0.0,0.0
2023-03-01,10M,0.0,0.0
2023-07-01,10M,0.0,0.0
2024-02-01,10M,0.0,0.0
2026-02-01,10M,0.0,0.0
2024-10-01,10M,0.0,0.0
2026-05-01,10M,0.0,0.0
2023-05-01,10M,0.0,0.0
2025-07-01,10M,0.0,0.0
2026-06-01,10M,0.0,0.0
2025-03-01,10M,0.0,0.0
2026-03-01,10M,0.0,0.0
2024-07-01,10M,0.0,0.0
2022-06-01,10M,0.0,0.0
2024-09-01,10M,0.0,0.0
2024-11-01,10M,0.0,0.0
2025-05-01,10M,0.0,0.0
2023-10-01,10M,0.0,0.0
2025-11-01,10M,0.0,0.0
2025-11-01,10V,0.0,0.0
2025-12-01,10V,0.0,0.0
2025-02-01,10V,0.0,0.0
2026-04-01,10V,0.0,0.0
2023-07-01,10V,0.0,0.0
2022-09-01,10V,0.0,0.0
2023-04-01,10V,0.0,0.0
2025-09-01,10V,0.0,0.0
2022-04-01,10V,0.0,0.0
2022-05-01,10V,0.0,0.0
2024-01-01,10V,0.0,0.0
2024-08-01,10V,0.0,0.0
2021-12-01,10V,0.0,0.0
2021-06-01,10V,0.0,0.0
2023-09-01,10V,0.0,0.0
2023-06-01,10V,0.0,0.0
2025-06-01,10V,0.0,0.0
2026-02-01,10V,0.0,0.0
2025-01-01,10V,0.0,0.0
2021-07-01,10V,0.0,0.0
2026-05-01,10V,0.0,0.0
2021-10-01,10V,0.0,0.0
2024-10-01,10V,0.0,0.0
2021-09-01,10V,0.0,0.0
2023-01-01,10V,0.0,0.0
2023-12-01,10V,0.0,0.0
2024-04-01,10V,0.0,0.0
2024-11-01,10V,0.0,0.0
2023-11-01,10V,0.0,0.0
2024-02-01,10V,0.0,0.0
2021-08-01,10V,0.0,0.0
2024-09-01,10V,0.0,0.0
2021-11-01,10V,0.0,0.0
2022-02-01,10V,0.0,0.0
2023-08-01,10V,0.0,0.0
2022-03-01,10V,0.0,0.0
2023-03-01,10V,0.0,0.0
2024-07-01,10V,0.0,0.0
2022-06-01,10V,0.0,0.0
2023-02-01,10V,0.0,0.0
2022-01-01,10V,0.0,0.0
2023-05-01,10V,0.0,0.0
2025-03-01,10V,0.0,0.0
2024-06-01,10V,0.0,0.0
2025-10-01,10V,0.0,0.0
2026-03-01,10V,0.0,0.0
2023-10-01,10V,0.0,0.0
2024-03-01,10V,0.0,0.0
2024-05-01,10V,0.0,0.0
2026-01-01,10V,0.0,0.0
2022-10-01,10V,0.0,0.0
2026-06-01,10V,0.0,0.0
2022-08-01,10V,0.0,0.0
2025-05-01,10V,0.0,0.0
2024-12-01,10V,0.0,0.0
2022-12-01,10V,0.0,0.0
2022-11-01,10V,0.0,0.0
2022-07-01,10V,0.0,0.0
2025-08-01,10V,0.0,0.0
2025-04-01,10V,0.0,0.0
2025-07-01,10V,0.0,0.0
2021-12-01,10W,0.0,0.0
2022-08-01,10W,0.0,0.0
2025-04-01,10W,0.0,0.0
2023-06-01,10W,0.0,0.0
2022-05-01,10W,0.0,0.0
2021-10-01,10W,0.0,0.0
2025-01-01,10W,0.0,0.0
2026-03-01,10W,0.0,0.0
2025-09-01,10W,0.0,0.0
2021-11-01,10W,0.0,0.0
2022-09-01,10W,0.0,0.0
2024-10-01,10W,0.0,0.0
2025-10-01,10W,0.0,0.0
2023-04-01,10W,0.0,0.0
2024-12-01,10W,0.0,0.0
2021-09-01,10W,0.0,0.0
2024-09-01,10W,0.0,0.0
2024-08-01,10W,0.0,0.0
2022-02-01,10W,0.0,0.0
2026-02-01,10W,0.0,0.0
2023-02-01,10W,0.0,0.0
2026-04-01,10W,0.0,0.0
2022-11-01,10W,0.0,0.0
2021-06-01,10W,0.0,0.0
2025-12-01,10W,0.0,0.0
2022-12-01,10W,0.0,0.0
2026-05-01,10W,0.0,0.0
2025-03-01,10W,0.0,0.0
2024-07-01,10W,0.0,0.0
2025-06-01,10W,0.0,0.0
2025-05-01,10W,0.0,0.0
2022-07-01,10W,0.0,0.0
2023-12-01,10W,0.0,0.0
2025-02-01,10W,0.0,0.0
2022-06-01,10W,0.0,0.0
2023-05-01,10W,0.0,0.0
2022-03-01,10W,0.0,0.0
2022-04-01,10W,0.0,0.0
2025-07-01,10W,0.0,0.0
2024-01-01,10W,0.0,0.0
2026-01-01,10W,0.0,0.0
2023-01-01,10W,0.0,0.0
2022-10-01,10W,0.0,0.0
2026-06-01,10W,0.0,0.0
2025-08-01,10W,0.0,0.0
2021-07-01,10W,0.0,0.0
2024-05-01,10W,0.0,0.0
2023-08-01,10W,0.0,0.0
2023-10-01,10W,0.0,0.0
2023-09-01,10W,0.0,0.0
2024-11-01,10W,0.0,0.0
2022-01-01,10W,0.0,0.0
2023-07-01,10W,0.0,0.0
2021-08-01,10W,0.0,0.0
2024-06-01,10W,0.0,0.0
2024-02-01,10W,0.0,0.0
2024-03-01,10W,0.0,0.0
2023-03-01,10W,0.0,0.0
2024-04-01,10W,0.0,0.0
2023-11-01,10W,0.0,0.0
2025-11-01,10W,0.0,0.0
2021-08-01,10X,0.0,0.0
2024-09-01,10X,0.0,0.0
2025-10-01,10X,0.0,0.0
2022-08-01,10X,0.0,0.0
2025-04-01,10X,0.0,0.0
2024-08-01,10X,0.0,0.0
2026-06-01,10X,0.0,0.0
2025-03-01,10X,0.0,0.0
2022-07-01,10X,0.0,0.0
2021-07-01,10X,0.0,0.0
2025-09-01,10X,0.0,0.0
2023-11-01,10X,0.0,0.0
2022-05-01,10X,0.0,0.0
2025-11-01,10X,0.0,0.0
2021-06-01,10X,0.0,0.0
2022-04-01,10X,0.0,0.0
2025-07-01,10X,0.0,0.0
2023-07-01,10X,0.0,0.0
2025-01-01,10X,0.0,0.0
2021-10-01,10X,0.0,0.0
2024-05-01,10X,0.0,0.0
2023-05-01,10X,0.0,0.0
2024-12-01,10X,0.0,0.0
2022-03-01,10X,0.0,0.0
2023-12-01,10X,0.0,0.0
2025-02-01,10X,0.0,0.0
2026-03-01,10X,0.0,0.0
2024-06-01,10X,0.0,0.0
2024-10-01,10X,0.0,0.0
2023-01-01,10X,0.0,0.0
2025-12-01,10X,0.0,0.0
2024-02-01,10X,0.0,0.0
2022-06-01,10X,0.0,0.0
2024-07-01,10X,0.0,0.0
2025-08-01,10X,0.0,0.0
2021-09-01,10X,0.0,0.0
2022-11-01,10X,0.0,0.0
2024-11-01,10X,0.0,0.0
2026-05-01,10X,0.0,0.0
2023-09-01,10X,0.0,0.0
2022-12-01,10X,0.0,0.0
2022-01-01,10X,0.0,0.0
2021-11-01,10X,0.0,0.0
2022-02-01,10X,0.0,0.0
2024-03-01,10X,0.0,0.0
2026-01-01,10X,0.0,0.0
2023-10-01,10X,0.0,0.0
2026-04-01,10X,0.0,0.0
2023-08-01,10X,0.0,0.0
2023-02-01,10X,0.0,0.0
2023-06-01,10X,0.0,0.0
2021-12-01,10X,0.0,0.0
2022-09-01,10X,0.0,0.0
2025-05-01,10X,0.0,0.0
2024-01-01,10X,0.0,0.0
2025-06-01,10X,0.0,0.0
2023-04-01,10X,0.0,0.0
2024-04-01,10X,0.0,0.0
2023-03-01,10X,0.0,0.0
2022-10-01,10X,0.0,0.0
2026-02-01,10X,0.0,0.0
2022-03-01,11A,0.0,0.0
2026-06-01,11A,0.0,0.0
2024-07-01,11A,0.0,0.0
2025-07-01,11A,0.0,0.0
2021-08-01,11A,0.0,0.0
2023-03-01,11A,0.0,0.0
2024-11-01,11A,0.0,0.0
2026-03-01,11A,0.0,0.0
2025-12-01,11A,0.0,0.0
2021-07-01,11A,0.0,0.0
2025-08-01,11A,0.0,0.0
2025-04-01,11A,0.0,0.0
2022-05-01,11A,0.0,0.0
2026-05-01,11A,0.0,0.0
2025-11-01,11A,0.0,0.0
2024-09-01,11A,0.0,0.0
2023-10-01,11A,0.0,0.0
2024-01-01,11A,0.0,0.0
2022-06-01,11A,0.0,0.0
2025-10-01,11A,0.0,0.0
2022-01-01,11A,0.0,0.0
2023-08-01,11A,0.0,0.0
2023-05-01,11A,0.0,0.0
2025-01-01,11A,0.0,0.0
2024-06-01,11A,0.0,0.0
2026-01-01,11A,0.0,0.0
2022-12-01,11A,0.0,0.0
2024-05-01,11A,0.0,0.0
2023-01-01,11A,0.0,0.0
2022-08-01,11A,0.0,0.0
2021-10-01,11A,0.0,0.0
2025-06-01,11A,0.0,0.0
2024-04-01,11A,0.0,0.0
2023-02-01,11A,0.0,0.0
2023-11-01,11A,0.0,0.0
2026-04-01,11A,0.0,0.0
2024-08-01,11A,0.0,0.0
2021-12-01,11A,0.0,0.0
2025-05-01,11A,0.0,0.0
2022-11-01,11A,0.0,0.0
2022-04-01,11A,0.0,0.0
2021-06-01,11A,0.0,0.0
2024-12-01,11A,0.0,0.0
2024-03-01,11A,0.0,0.0
2024-02-01,11A,0.0,0.0
2022-02-01,11A,0.0,0.0
2025-02-01,11A,0.0,0.0
2023-12-01,11A,0.0,0.0
2024-10-01,11A,0.0,0.0
2023-09-01,11A,0.0,0.0
2023-06-01,11A,0.0,0.0
2025-09-01,11A,0.0,0.0
2022-10-01,11A,0.0,0.0
2023-04-01,11A,0.0,0.0
2023-07-01,11A,0.0,0.0
2021-09-01,11A,0.0,0.0
2022-07-01,11A,0.0,0.0
2026-02-01,11A,0.0,0.0
2021-11-01,11A,0.0,0.0
2022-09-01,11A,0.0,0.0
2025-03-01,11A,0.0,0.0
2023-01-01,11E,0.0,0.0
2025-10-01,11E,0.0,0.0
2024-01-01,11E,0.0,0.0
2021-09-01,11E,0.0,0.0
2024-08-01,11E,0.0,0.0
2023-04-01,11E,0.0,0.0
2024-06-01,11E,0.0,0.0
2026-04-01,11E,0.0,0.0
2024-07-01,11E,0.0,0.0
2022-06-01,11E,0.0,0.0
2022-08-01,11E,0.0,0.0
2026-02-01,11E,0.0,0.0
2025-02-01,11E,0.0,0.0
2022-01-01,11E,0.0,0.0
2022-05-01,11E,0.0,0.0
2024-10-01,11E,0.0,0.0
2025-01-01,11E,0.0,0.0
2025-12-01,11E,0.0,0.0
2022-04-01,11E,0.0,0.0
2026-06-01,11E,0.0,0.0
2021-10-01,11E,0.0,0.0
2021-11-01,11E,0.0,0.0
2023-07-01,11E,0.0,0.0
2024-03-01,11E,0.0,0.0
2024-12-01,11E,0.0,0.0
2023-11-01,11E,0.0,0.0
2025-09-01,11E,0.0,0.0
2023-05-01,11E,0.0,0.0
2025-03-01,11E,0.0,0.0
2025-08-01,11E,0.0,0.0
2026-03-01,11E,0.0,0.0
2023-06-01,11E,0.0,0.0
2022-02-01,11E,0.0,0.0
2022-03-01,11E,0.0,0.0
2025-05-01,11E,0.0,0.0
2023-08-01,11E,0.0,0.0
2025-04-01,11E,0.0,0.0
2025-07-01,11E,0.0,0.0
2024-09-01,11E,0.0,0.0
2023-09-01,11E,0.0,0.0
2024-02-01,11E,0.0,0.0
2022-12-01,11E,0.0,0.0
2026-01-01,11E,0.0,0.0
2022-11-01,11E,0.0,0.0
2025-11-01,11E,0.0,0.0
2022-07-01,11E,0.0,0.0
2025-06-01,11E,0.0,0.0
2021-07-01,11E,0.0,0.0
2022-09-01,11E,0.0,0.0
2024-11-01,11E,0.0,0.0
2023-02-01,11E,0.0,0.0
2026-05-01,11E,0.0,0.0
2024-04-01,11E,0.0,0.0
2024-05-01,11E,0.0,0.0
2021-08-01,11E,0.0,0.0
2023-12-01,11E,0.0,0.0
2023-03-01,11E,0.0,0.0
2022-10-01,11E,0.0,0.0
2023-10-01,11E,0.0,0.0
2021-12-01,11E,0.0,0.0
2021-06-01,11E,0.0,0.0
2023-12-01,11H,0.0,0.0
2026-04-01,11H,0.0,0.0
2025-01-01,11H,0.0,0.0
2022-12-01,11H,0.0,0.0
2022-02-01,11H,0.0,0.0
2024-06-01,11H,0.0,0.0
2021-11-01,11H,0.0,0.0
2023-04-01,11H,0.0,0.0
2024-08-01,11H,0.0,0.0
2024-02-01,11H,0.0,0.0
2023-05-01,11H,0.0,0.0
2026-05-01,11H,0.0,0.0
2024-11-01,11H,0.0,0.0
2023-07-01,11H,0.0,0.0
2021-06-01,11H,0.0,0.0
2023-06-01,11H,0.0,0.0
2025-08-01,11H,0.0,0.0
2024-03-01,11H,0.0,0.0
2026-01-01,11H,0.0,0.0
2021-08-01,11H,0.0,0.0
2025-09-01,11H,0.0,0.0
2022-06-01,11H,0.0,0.0
2021-07-01,11H,0.0,0.0
2025-07-01,11H,0.0,0.0
2021-10-01,11H,0.0,0.0
2023-02-01,11H,0.0,0.0
2023-09-01,11H,0.0,0.0
2024-09-01,11H,0.0,0.0
2025-03-01,11H,0.0,0.0
2024-07-01,11H,0.0,0.0
2022-11-01,11H,0.0,0.0
2024-05-01,11H,0.0,0.0
2022-08-01,11H,0.0,0.0
2025-06-01,11H,0.0,0.0
2021-12-01,11H,0.0,0.0
2022-04-01,11H,0.0,0.0
2022-05-01,11H,0.0,0.0
2024-12-01,11H,0.0,0.0
2026-06-01,11H,0.0,0.0
2024-10-01,11H,0.0,0.0
2022-07-01,11H,0.0,0.0
2022-10-01,11H,0.0,0.0
2022-03-01,11H,0.0,0.0
2023-11-01,11H,0.0,0.0
2023-10-01,11H,0.0,0.0
2021-09-01,11H,0.0,0.0
2025-12-01,11H,0.0,0.0
2023-01-01,11H,0.0,0.0
2024-01-01,11H,0.0,0.0
2022-09-01,11H,0.0,0.0
2025-04-01,11H,0.0,0.0
2024-04-01,11H,0.0,0.0
2022-01-01,11H,0.0,0.0
2023-08-01,11H,0.0,0.0
2025-10-01,11H,0.0,0.0
2026-03-01,11H,0.0,0.0
2025-11-01,11H,0.0,0.0
2025-02-01,11H,0.0,0.0
2026-02-01,11H,0.0,0.0
2025-05-01,11H,0.0,0.0
2023-03-01,11H,0.0,0.0
2025-12-01,11T,0.0,0.0
2024-12-01,11T,0.0,0.0
2025-03-01,11T,0.0,0.0
2025-05-01,11T,0.0,0.0
2024-04-01,11T,0.0,0.0
2021-12-01,11T,0.0,0.0
2022-10-01,11T,0.0,0.0
2025-09-01,11T,0.0,0.0
2022-06-01,11T,0.0,0.0
2025-01-01,11T,0.0,0.0
2022-09-01,11T,0.0,0.0
2026-03-01,11T,0.0,0.0
2025-04-01,11T,0.0,0.0
2022-04-01,11T,0.0,0.0
2021-07-01,11T,0.0,0.0
2022-01-01,11T,0.0,0.0
2022-05-01,11T,0.0,0.0
2023-08-01,11T,0.0,0.0
2025-06-01,11T,0.0,0.0
2025-07-01,11T,0.0,0.0
2026-06-01,11T,0.0,0.0
2023-10-01,11T,0.0,0.0
2022-11-01,11T,0.0,0.0
2024-08-01,11T,0.0,0.0
2022-02-01,11T,0.0,0.0
2024-10-01,11T,0.0,0.0
2021-06-01,11T,0.0,0.0
2026-01-01,11T,0.0,0.0
2024-09-01,11T,0.0,0.0
2026-02-01,11T,0.0,0.0
2023-12-01,11T,0.0,0.0
2021-09-01,11T,0.0,0.0
2022-07-01,11T,0.0,0.0
2026-04-01,11T,0.0,0.0
2024-02-01,11T,0.0,0.0
2023-11-01,11T,0.0,0.0
2023-09-01,11T,0.0,0.0
2021-10-01,11T,0.0,0.0
2023-07-01,11T,0.0,0.0
2025-11-01,11T,0.0,0.0
2023-06-01,11T,0.0,0.0
2025-08-01,11T,0.0,0.0
2022-03-01,11T,0.0,0.0
2024-03-01,11T,0.0,0.0
2022-08-01,11T,0.0,0.0
2024-01-01,11T,0.0,0.0
2023-01-01,11T,0.0,0.0
2023-04-01,11T,0.0,0.0
2022-12-01,11T,0.0,0.0
2021-11-01,11T,0.0,0.0
2023-03-01,11T,0.0,0.0
2023-05-01,11T,0.0,0.0
2025-10-01,11T,0.0,0.0
2026-05-01,11T,0.0,0.0
2024-06-01,11T,0.0,0.0
2021-08-01,11T,0.0,0.0
2024-05-01,11T,0.0,0.0
2025-02-01,11T,0.0,0.0
2024-07-01,11T,0.0,0.0
2023-02-01,11T,0.0,0.0
2024-11-01,11T,0.0,0.0
2023-05-01,12D,0.0,0.0
2024-02-01,12D,0.0,0.0
2026-01-01,12D,0.0,0.0
2026-04-01,12D,0.0,0.0
2021-09-01,12D,0.0,0.0
2025-12-01,12D,0.0,0.0
2022-04-01,12D,0.0,0.0
2023-09-01,12D,0.0,0.0
2023-02-01,12D,0.0,0.0
2024-10-01,12D,0.0,0.0
2022-05-01,12D,0.0,0.0
2025-10-01,12D,0.0,0.0
2025-05-01,12D,0.0,0.0
2025-09-01,12D,0.0,0.0
2025-02-01,12D,0.0,0.0
2021-07-01,12D,0.0,0.0
2024-05-01,12D,0.0,0.0
2026-06-01,12D,0.0,0.0
2021-11-01,12D,0.0,0.0
2022-02-01,12D,0.0,0.0
2024-12-01,12D,0.0,0.0
2025-08-01,12D,0.0,0.0
2026-05-01,12D,0.0,0.0
2024-08-01,12D,0.0,0.0
2026-02-01,12D,0.0,0.0
2025-11-01,12D,0.0,0.0
2024-07-01,12D,0.0,0.0
2022-06-01,12D,0.0,0.0
2021-12-01,12D,0.0,0.0
2024-11-01,12D,0.0,0.0
2024-01-01,12D,0.0,0.0
2025-03-01,12D,0.0,0.0
2024-03-01,12D,0.0,0.0
2022-09-01,12D,0.0,0.0
2023-10-01,12D,0.0,0.0
2022-03-01,12D,0.0,0.0
2022-08-01,12D,0.0,0.0
2022-10-01,12D,0.0,0.0
2021-06-01,12D,0.0,0.0
2023-07-01,12D,0.0,0.0
2023-12-01,12D,0.0,0.0
2022-12-01,12D,0.0,0.0
2023-08-01,12D,0.0,0.0
2025-07-01,12D,0.0,0.0
2023-11-01,12D,0.0,0.0
2021-08-01,12D,0.0,0.0
2024-04-01,12D,0.0,0.0
2022-07-01,12D,0.0,0.0
2023-04-01,12D,0.0,0.0
2025-01-01,12D,0.0,0.0
2025-04-01,12D,0.0,0.0
2021-10-01,12D,0.0,0.0
2024-06-01,12D,0.0,0.0
2022-11-01,12D,0.0,0.0
2026-03-01,12D,0.0,0.0
2023-06-01,12D,0.0,0.0
2023-03-01,12D,0.0,0.0
2022-01-01,12D,0.0,0.0
2025-06-01,12D,0.0,0.0
2023-01-01,12D,0.0,0.0
2024-09-01,12D,0.0,0.0
2022-12-01,13P,0.0,0.0
2024-11-01,13P,0.0,0.0
2025-07-01,13P,0.0,0.0
2022-06-01,13P,0.0,0.0
2025-10-01,13P,0.0,0.0
2023-12-01,13P,0.0,0.0
2026-04-01,13P,0.0,0.0
2024-04-01,13P,0.0,0.0
2024-05-01,13P,0.0,0.0
2025-11-01,13P,0.0,0.0
2023-10-01,13P,0.0,0.0
2024-02-01,13P,0.0,0.0
2024-12-01,13P,0.0,0.0
2021-12-01,13P,0.0,0.0
2026-05-01,13P,0.0,0.0
2025-03-01,13P,0.0,0.0
2023-06-01,13P,0.0,0.0
2023-11-01,13P,0.0,0.0
2021-11-01,13P,0.0,0.0
2023-04-01,13P,0.0,0.0
2024-07-01,13P,0.0,0.0
2021-08-01,13P,0.0,0.0
2025-01-01,13P,0.0,0.0
2022-10-01,13P,0.0,0.0
2022-11-01,13P,0.0,0.0
2023-07-01,13P,0.0,0.0
2022-01-01,13P,0.0,0.0
2022-04-01,13P,0.0,0.0
2022-05-01,13P,0.0,0.0
2023-01-01,13P,0.0,0.0
2023-05-01,13P,0.0,0.0
2024-06-01,13P,0.0,0.0
2025-08-01,13P,0.0,0.0
2024-03-01,13P,0.0,0.0
2026-06-01,13P,0.0,0.0
2021-10-01,13P,0.0,0.0
2023-03-01,13P,0.0,0.0
2023-02-01,13P,0.0,0.0
2021-07-01,13P,0.0,0.0
2021-06-01,13P,0.0,0.0
2026-02-01,13P,0.0,0.0
2024-08-01,13P,0.0,0.0
2021-09-01,13P,0.0,0.0
2025-04-01,13P,0.0,0.0
2024-09-01,13P,0.0,0.0
2022-03-01,13P,0.0,0.0
2022-07-01,13P,0.0,0.0
2026-01-01,13P,0.0,0.0
2022-09-01,13P,0.0,0.0
2023-08-01,13P,0.0,0.0
2026-03-01,13P,0.0,0.0
2025-05-01,13P,0.0,0.0
2025-09-01,13P,0.0,0.0
2022-02-01,13P,0.0,0.0
2025-06-01,13P,0.0,0.0
2024-10-01,13P,0.0,0.0
2024-01-01,13P,0.0,0.0
2023-09-01,13P,0.0,0.0
2022-08-01,13P,0.0,0.0
2025-02-01,13P,0.0,0.0
2025-12-01,13P,0.0,0.0
2021-07-01,15D,0.0,0.0
2025-12-01,15D,0.0,0.0
2021-12-01,15D,0.0,0.0
2024-01-01,15D,0.0,0.0
2025-07-01,15D,0.0,0.0
2022-04-01,15D,0.0,0.0
2022-06-01,15D,0.0,0.0
2025-01-01,15D,0.0,0.0
2025-09-01,15D,0.0,0.0
2022-05-01,15D,0.0,0.0
2023-08-01,15D,0.0,0.0
2023-12-01,15D,0.0,0.0
2023-07-01,15D,0.0,0.0
2025-03-01,15D,0.0,0.0
2024-12-01,15D,0.0,0.0
2023-03-01,15D,0.0,0.0
2024-11-01,15D,0.0,0.0
2024-05-01,15D,0.0,0.0
2023-09-01,15D,0.0,0.0
2025-04-01,15D,0.0,0.0
2023-06-01,15D,0.0,0.0
2021-09-01,15D,0.0,0.0
2022-09-01,15D,0.0,0.0
2022-12-01,15D,0.0,0.0
2022-02-01,15D,0.0,0.0
2023-05-01,15D,0.0,0.0
2022-08-01,15D,0.0,0.0
2024-02-01,15D,0.0,0.0
2024-07-01,15D,0.0,0.0
2025-11-01,15D,0.0,0.0
2021-08-01,15D,0.0,0.0
2022-03-01,15D,0.0,0.0
2024-08-01,15D,0.0,0.0
2022-01-01,15D,0.0,0.0
2024-03-01,15D,0.0,0.0
2026-02-01,15D,0.0,0.0
2026-01-01,15D,0.0,0.0
2024-10-01,15D,0.0,0.0
2023-04-01,15D,0.0,0.0
2026-03-01,15D,0.0,0.0
2022-11-01,15D,0.0,0.0
2023-02-01,15D,0.0,0.0
2024-09-01,15D,0.0,0.0
2023-11-01,15D,0.0,0.0
2025-02-01,15D,0.0,0.0
2021-06-01,15D,0.0,0.0
2021-10-01,15D,0.0,0.0
2025-06-01,15D,0.0,0.0
2023-10-01,15D,0.0,0.0
2025-10-01,15D,0.0,0.0
2021-11-01,15D,0.0,0.0
2024-06-01,15D,0.0,0.0
2026-04-01,15D,0.0,0.0
2022-10-01,15D,0.0,0.0
2022-07-01,15D,0.0,0.0
2023-01-01,15D,0.0,0.0
2026-05-01,15D,0.0,0.0
2026-06-01,15D,0.0,0.0
2024-04-01,15D,0.0,0.0
2025-08-01,15D,0.0,0.0
2025-05-01,15D,0.0,0.0
2023-02-01,99D,0.0,0.0
2025-06-01,99D,0.0,0.0
2024-06-01,99D,0.0,0.0
2022-04-01,99D,0.0,0.0
2026-04-01,99D,0.0,0.0
2022-07-01,99D,0.0,0.0
2022-08-01,99D,0.0,0.0
2023-08-01,99D,0.0,0.0
2023-10-01,99D,0.0,0.0
2025-08-01,99D,0.0,0.0
2024-05-01,99D,0.0,0.0
2025-03-01,99D,0.0,0.0
2023-11-01,99D,0.0,0.0
2023-09-01,99D,0.0,0.0
2024-03-01,99D,0.0,0.0
2021-11-01,99D,0.0,0.0
2022-06-01,99D,0.0,0.0
2025-05-01,99D,0.0,0.0
2021-06-01,99D,0.0,0.0
2022-03-01,99D,0.0,0.0
2024-02-01,99D,0.0,0.0
2023-03-01,99D,0.0,0.0
2025-02-01,99D,0.0,0.0
2026-02-01,99D,0.0,0.0
2024-09-01,99D,0.0,0.0
2022-10-01,99D,0.0,0.0
2024-11-01,99D,0.0,0.0
2023-01-01,99D,0.0,0.0
2023-04-01,99D,0.0,0.0
2023-06-01,99D,0.0,0.0
2024-08-01,99D,0.0,0.0
2025-11-01,99D,0.0,0.0
2024-12-01,99D,0.0,0.0
2025-12-01,99D,0.0,0.0
2026-05-01,99D,0.0,0.0
2022-09-01,99D,0.0,0.0
2025-01-01,99D,0.0,0.0
2022-01-01,99D,0.0,0.0
2021-10-01,99D,0.0,0.0
2024-04-01,99D,0.0,0.0
2025-09-01,99D,0.0,0.0
2022-12-01,99D,0.0,0.0
2025-07-01,99D,0.0,0.0
2021-09-01,99D,0.0,0.0
2024-07-01,99D,0.0,0.0
2026-03-01,99D,0.0,0.0
2026-01-01,99D,0.0,0.0
2021-08-01,99D,0.0,0.0
2021-12-01,99D,0.0,0.0
2023-05-01,99D,0.0,0.0
2025-10-01,99D,0.0,0.0
2026-06-01,99D,0.0,0.0
2023-12-01,99D,0.0,0.0
2025-04-01,99D,0.0,0.0
2022-11-01,99D,0.0,0.0
2024-10-01,99D,0.0,0.0
2023-07-01,99D,0.0,0.0
2021-07-01,99D,0.0,0.0
2024-01-01,99D,0.0,0.0
2022-02-01,99D,0.0,0.0
2022-05-01,99D,0.0,0.0
2024-05-01,99H,0.0,0.0
2025-05-01,99H,0.0,0.0
2022-07-01,99H,0.0,0.0
2024-02-01,99H,0.0,0.0
2025-04-01,99H,0.0,0.0
2022-10-01,99H,0.0,0.0
2022-05-01,99H,0.0,0.0
2024-12-01,99H,0.0,0.0
2023-09-01,99H,0.0,0.0
2022-03-01,99H,0.0,0.0
2023-08-01,99H,0.0,0.0
2023-01-01,99H,0.0,0.0
2024-08-01,99H,0.0,0.0
2024-10-01,99H,0.0,0.0
2022-02-01,99H,0.0,0.0
2025-06-01,99H,0.0,0.0
2024-11-01,99H,0.0,0.0
2025-11-01,99H,0.0,0.0
2022-09-01,99H,0.0,0.0
2026-06-01,99H,0.0,0.0
2023-06-01,99H,0.0,0.0
2022-06-01,99H,0.0,0.0
2022-11-01,99H,0.0,0.0
2025-12-01,99H,0.0,0.0
2026-02-01,99H,0.0,0.0
2024-04-01,99H,0.0,0.0
2024-06-01,99H,0.0,0.0
2023-11-01,99H,0.0,0.0
2023-07-01,99H,0.0,0.0
2024-07-01,99H,0.0,0.0
2021-08-01,99H,0.0,0.0
2021-12-01,99H,0.0,0.0
2021-11-01,99H,0.0,0.0
2026-01-01,99H,0.0,0.0
2026-04-01,99H,0.0,0.0
2024-09-01,99H,0.0,0.0
2021-07-01,99H,0.0,0.0
2023-04-01,99H,0.0,0.0
2022-01-01,99H,0.0,0.0
2025-07-01,99H,0.0,0.0
2021-06-01,99H,0.0,0.0
2025-01-01,99H,0.0,0.0
2024-03-01,99H,0.0,0.0
2024-01-01,99H,0.0,0.0
2023-03-01,99H,0.0,0.0
2023-12-01,99H,0.0,0.0
2021-10-01,99H,0.0,0.0
2025-10-01,99H,0.0,0.0
2023-05-01,99H,0.0,0.0
2021-09-01,99H,0.0,0.0
2025-08-01,99H,0.0,0.0
2022-08-01,99H,0.0,0.0
2026-03-01,99H,0.0,0.0
2025-02-01,99H,0.0,0.0
2023-02-01,99H,0.0,0.0
2025-03-01,99H,0.0,0.0
2023-10-01,99H,0.0,0.0
2026-05-01,99H,0.0,0.0
2022-04-01,99H,0.0,0.0
2025-09-01,99H,0.0,0.0
2022-12-01,99H,0.0,0.0
2023-04-01,99J,0.0,0.0
2021-12-01,99J,0.0,0.0
2026-03-01,99J,0.0,0.0
2023-10-01,99J,0.0,0.0
2025-08-01,99J,0.0,0.0
2024-02-01,99J,0.0,0.0
2024-04-01,99J,0.0,0.0
2024-06-01,99J,0.0,0.0
2021-07-01,99J,0.0,0.0
2021-06-01,99J,0.0,0.0
2025-09-01,99J,0.0,0.0
2023-08-01,99J,0.0,0.0
2023-01-01,99J,0.0,0.0
2024-08-01,99J,0.0,0.0
2022-03-01,99J,0.0,0.0
2024-05-01,99J,0.0,0.0
2024-01-01,99J,0.0,0.0
2025-07-01,99J,0.0,0.0
2024-03-01,99J,0.0,0.0
2022-07-01,99J,0.0,0.0
2023-12-01,99J,0.0,0.0
2023-02-01,99J,0.0,0.0
2025-02-01,99J,0.0,0.0
2026-06-01,99J,0.0,0.0
2022-02-01,99J,0.0,0.0
2025-04-01,99J,0.0,0.0
2025-12-01,99J,0.0,0.0
2024-11-01,99J,0.0,0.0
2023-05-01,99J,0.0,0.0
2022-01-01,99J,0.0,0.0
2025-03-01,99J,0.0,0.0
2026-04-01,99J,0.0,0.0
2024-07-01,99J,0.0,0.0
2023-07-01,99J,0.0,0.0
2023-11-01,99J,0.0,0.0
2022-08-01,99J,0.0,0.0
2026-01-01,99J,0.0,0.0
2023-03-01,99J,0.0,0.0
2022-05-01,99J,0.0,0.0
2025-10-01,99J,0.0,0.0
2024-09-01,99J,0.0,0.0
2026-02-01,99J,0.0,0.0
2022-09-01,99J,0.0,0.0
2025-06-01,99J,0.0,0.0
2022-11-01,99J,0.0,0.0
2026-05-01,99J,0.0,0.0
2022-10-01,99J,0.0,0.0
2024-12-01,99J,0.0,0.0
2022-12-01,99J,0.0,0.0
2021-09-01,99J,0.0,0.0
2023-06-01,99J,0.0,0.0
2023-09-01,99J,0.0,0.0
2025-01-01,99J,0.0,0.0
2025-05-01,99J,0.0,0.0
2022-04-01,99J,0.0,0.0
2025-11-01,99J,0.0,0.0
2022-06-01,99J,0.0,0.0
2021-11-01,99J,0.0,0.0
2021-10-01,99J,0.0,0.0
2024-10-01,99J,0.0,0.0
2021-08-01,99J,0.0,0.0
2023-05-01,99K,0.0,0.0
2026-06-01,99K,0.0,0.0
2023-02-01,99K,0.0,0.0
2025-02-01,99K,0.0,0.0
2021-07-01,99K,0.0,0.0
2024-09-01,99K,0.0,0.0
2023-01-01,99K,0.0,0.0
2022-07-01,99K,0.0,0.0
2024-04-01,99K,0.0,0.0
2026-03-01,99K,0.0,0.0
2024-02-01,99K,0.0,0.0
2025-07-01,99K,0.0,0.0
2021-11-01,99K,0.0,0.0
2026-04-01,99K,0.0,0.0
2024-11-01,99K,0.0,0.0
2022-08-01,99K,0.0,0.0
2023-06-01,99K,0.0,0.0
2023-08-01,99K,0.0,0.0
2025-10-01,99K,0.0,0.0
2024-01-01,99K,0.0,0.0
2025-08-01,99K,0.0,0.0
2023-04-01,99K,0.0,0.0
2022-04-01,99K,0.0,0.0
2025-12-01,99K,0.0,0.0
2025-03-01,99K,0.0,0.0
2021-08-01,99K,0.0,0.0
2022-01-01,99K,0.0,0.0
2024-05-01,99K,0.0,0.0
2022-12-01,99K,0.0,0.0
2022-06-01,99K,0.0,0.0
2026-05-01,99K,0.0,0.0
2023-11-01,99K,0.0,0.0
2021-10-01,99K,0.0,0.0
2025-04-01,99K,0.0,0.0
2025-11-01,99K,0.0,0.0
2025-06-01,99K,0.0,0.0
2024-08-01,99K,0.0,0.0
2021-12-01,99K,0.0,0.0
2025-09-01,99K,0.0,0.0
2021-06-01,99K,0.0,0.0
2023-10-01,99K,0.0,0.0
2026-01-01,99K,0.0,0.0
2025-05-01,99K,0.0,0.0
2022-11-01,99K,0.0,0.0
2022-05-01,99K,0.0,0.0
2025-01-01,99K,0.0,0.0
2022-02-01,99K,0.0,0.0
2023-07-01,99K,0.0,0.0
2022-10-01,99K,0.0,0.0
2024-07-01,99K,0.0,0.0
2022-03-01,99K,0.0,0.0
2026-02-01,99K,0.0,0.0
2024-06-01,99K,0.0,0.0
2023-09-01,99K,0.0,0.0
2021-09-01,99K,0.0,0.0
2024-10-01,99K,0.0,0.0
2022-09-01,99K,0.0,0.0
2024-12-01,99K,0.0,0.0
2024-03-01,99K,0.0,0.0
2023-03-01,99K,0.0,0.0
2023-12-01,99K,0.0,0.0
2021-09-01,99M,0.0,0.0
2026-06-01,99M,0.0,0.0
2023-12-01,99M,0.0,0.0
2024-02-01,99M,0.0,0.0
2023-02-01,99M,0.0,0.0
2024-10-01,99M,0.0,0.0
2024-08-01,99M,0.0,0.0
2024-05-01,99M,0.0,0.0
2023-04-01,99M,0.0,0.0
2026-02-01,99M,0.0,0.0
2024-09-01,99M,0.0,0.0
2025-10-01,99M,0.0,0.0
2022-10-01,99M,0.0,0.0
2023-11-01,99M,0.0,0.0
2026-04-01,99M,0.0,0.0
2021-08-01,99M,0.0,0.0
2021-11-01,99M,0.0,0.0
2024-03-01,99M,0.0,0.0
2023-09-01,99M,0.0,0.0
2024-11-01,99M,0.0,0.0
2023-03-01,99M,0.0,0.0
2025-06-01,99M,0.0,0.0
2025-05-01,99M,0.0,0.0
2022-04-01,99M,0.0,0.0
2023-07-01,99M,0.0,0.0
2021-06-01,99M,0.0,0.0
2022-05-01,99M,0.0,0.0
2024-07-01,99M,0.0,0.0
2025-07-01,99M,0.0,0.0
2024-04-01,99M,0.0,0.0
2025-12-01,99M,0.0,0.0
2023-10-01,99M,0.0,0.0
2022-12-01,99M,0.0,0.0
2025-11-01,99M,0.0,0.0
2026-03-01,99M,0.0,0.0
2022-07-01,99M,0.0,0.0
2023-06-01,99M,0.0,0.0
2021-10-01,99M,0.0,0.0
2026-01-01,99M,0.0,0.0
2024-06-01,99M,0.0,0.0
2026-05-01,99M,0.0,0.0
2025-04-01,99M,0.0,0.0
2024-12-01,99M,0.0,0.0
2022-06-01,99M,0.0,0.0
2022-02-01,99M,0.0,0.0
2025-08-01,99M,0.0,0.0
2022-11-01,99M,0.0,0.0
2022-01-01,99M,0.0,0.0
2021-07-01,99M,0.0,0.0
2022-09-01,99M,0.0,0.0
2023-01-01,99M,0.0,0.0
2022-08-01,99M,0.0,0.0
2025-03-01,99M,0.0,0.0
2022-03-01,99M,0.0,0.0
2025-09-01,99M,0.0,0.0
2021-12-01,99M,0.0,0.0
2024-01-01,99M,0.0,0.0
2025-01-01,99M,0.0,0.0
2023-05-01,99M,0.0,0.0
2023-08-01,99M,0.0,0.0
2025-02-01,99M,0.0,0.0
2026-04-01,99N,0.0,0.0
2026-02-01,99N,0.0,0.0
2026-03-01,99N,0.0,0.0
2022-12-01,99N,0.0,0.0
2025-12-01,99N,0.0,0.0
2022-06-01,99N,0.0,0.0
2024-04-01,99N,0.0,0.0
2023-06-01,99N,0.0,0.0
2024-01-01,99N,0.0,0.0
2025-08-01,99N,0.0,0.0
2025-01-01,99N,0.0,0.0
2026-05-01,99N,0.0,0.0
2024-02-01,99N,0.0,0.0
2022-01-01,99N,0.0,0.0
2023-10-01,99N,0.0,0.0
2022-08-01,99N,0.0,0.0
2023-12-01,99N,0.0,0.0
2023-08-01,99N,0.0,0.0
2021-10-01,99N,0.0,0.0
2024-06-01,99N,0.0,0.0
2025-04-01,99N,0.0,0.0
2023-01-01,99N,0.0,0.0
2025-11-01,99N,0.0,0.0
2022-05-01,99N,0.0,0.0
2022-11-01,99N,0.0,0.0
2023-04-01,99N,0.0,0.0
2021-08-01,99N,0.0,0.0
2021-06-01,99N,0.0,0.0
2026-01-01,99N,0.0,0.0
2023-03-01,99N,0.0,0.0
2024-11-01,99N,0.0,0.0
2024-12-01,99N,0.0,0.0
2023-05-01,99N,0.0,0.0
2025-05-01,99N,0.0,0.0
2021-07-01,99N,0.0,0.0
2021-11-01,99N,0.0,0.0
2024-07-01,99N,0.0,0.0
2025-10-01,99N,0.0,0.0
2024-08-01,99N,0.0,0.0
2024-03-01,99N,0.0,0.0
2026-06-01,99N,0.0,0.0
2023-02-01,99N,0.0,0.0
2022-07-01,99N,0.0,0.0
2022-09-01,99N,0.0,0.0
2025-02-01,99N,0.0,0.0
2025-06-01,99N,0.0,0.0
2024-10-01,99N,0.0,0.0
2022-04-01,99N,0.0,0.0
2025-03-01,99N,0.0,0.0
2022-10-01,99N,0.0,0.0
2022-02-01,99N,0.0,0.0
2021-09-01,99N,0.0,0.0
2023-07-01,99N,0.0,0.0
2022-03-01,99N,0.0,0.0
2021-12-01,99N,0.0,0.0
2025-07-01,99N,0.0,0.0
2024-09-01,99N,0.0,0.0
2025-09-01,99N,0.0,0.0
2023-11-01,99N,0.0,0.0
2024-05-01,99N,0.0,0.0
2023-09-01,99N,0.0,0.0
2022-02-01,99P,0.0,0.0
2023-03-01,99P,0.0,0.0
2021-09-01,99P,0.0,0.0
2024-09-01,99P,0.0,0.0
2022-11-01,99P,0.0,0.0
2022-10-01,99P,0.0,0.0
2024-06-01,99P,0.0,0.0
2024-03-01,99P,0.0,0.0
2023-11-01,99P,0.0,0.0
2025-12-01,99P,0.0,0.0
2024-10-01,99P,0.0,0.0
2023-09-01,99P,0.0,0.0
2025-01-01,99P,0.0,0.0
2025-10-01,99P,0.0,0.0
2025-07-01,99P,0.0,0.0
2024-07-01,99P,0.0,0.0
2022-03-01,99P,0.0,0.0
2025-06-01,99P,0.0,0.0
2021-06-01,99P,0.0,0.0
2025-02-01,99P,0.0,0.0
2023-04-01,99P,0.0,0.0
2023-05-01,99P,0.0,0.0
2024-02-01,99P,0.0,0.0
2023-06-01,99P,0.0,0.0
2021-12-01,99P,0.0,0.0
2022-08-01,99P,0.0,0.0
2024-05-01,99P,0.0,0.0
2023-12-01,99P,0.0,0.0
2025-05-01,99P,0.0,0.0
2024-04-01,99P,0.0,0.0
2026-03-01,99P,0.0,0.0
2024-11-01,99P,0.0,0.0
2023-08-01,99P,0.0,0.0
2023-07-01,99P,0.0,0.0
2024-08-01,99P,0.0,0.0
2022-07-01,99P,0.0,0.0
2025-08-01,99P,0.0,0.0
2024-12-01,99P,0.0,0.0
2022-06-01,99P,0.0,0.0
2022-12-01,99P,0.0,0.0
2021-11-01,99P,0.0,0.0
2026-06-01,99P,0.0,0.0
2022-05-01,99P,0.0,0.0
2025-11-01,99P,0.0,0.0
2023-01-01,99P,0.0,0.0
2026-04-01,99P,0.0,0.0
2021-10-01,99P,0.0,0.0
2026-05-01,99P,0.0,0.0
2026-01-01,99P,0.0,0.0
2025-03-01,99P,0.0,0.0
2026-02-01,99P,0.0,0.0
2025-09-01,99P,0.0,0.0
2025-04-01,99P,0.0,0.0
2021-08-01,99P,0.0,0.0
2023-10-01,99P,0.0,0.0
2021-07-01,99P,0.0,0.0
2024-01-01,99P,0.0,0.0
2022-01-01,99P,0.0,0.0
2023-02-01,99P,0.0,0.0
2022-04-01,99P,0.0,0.0
2022-09-01,99P,0.0,0.0
2024-01-01,99Q,0.0,0.0
2024-08-01,99Q,0.0,0.0
2025-10-01,99Q,0.0,0.0
2026-02-01,99Q,0.0,0.0
2026-01-01,99Q,0.0,0.0
2023-06-01,99Q,0.0,0.0
2022-06-01,99Q,0.0,0.0
2023-10-01,99Q,0.0,0.0
2023-11-01,99Q,0.0,0.0
2022-04-01,99Q,0.0,0.0
2023-04-01,99Q,0.0,0.0
2023-03-01,99Q,0.0,0.0
2022-09-01,99Q,0.0,0.0
2021-07-01,99Q,0.0,0.0
2022-03-01,99Q,0.0,0.0
2025-06-01,99Q,0.0,0.0
2024-10-01,99Q,0.0,0.0
2026-06-01,99Q,0.0,0.0
2021-12-01,99Q,0.0,0.0
2026-04-01,99Q,0.0,0.0
2022-01-01,99Q,0.0,0.0
2022-12-01,99Q,0.0,0.0
2025-11-01,99Q,0.0,0.0
2022-07-01,99Q,0.0,0.0
2026-03-01,99Q,0.0,0.0
2024-12-01,99Q,0.0,0.0
2024-05-01,99Q,0.0,0.0
2024-06-01,99Q,0.0,0.0
2025-12-01,99Q,0.0,0.0
2023-12-01,99Q,0.0,0.0
2023-01-01,99Q,0.0,0.0
2026-05-01,99Q,0.0,0.0
2022-11-01,99Q,0.0,0.0
2022-10-01,99Q,0.0,0.0
2024-11-01,99Q,0.0,0.0
2021-06-01,99Q,0.0,0.0
2023-09-01,99Q,0.0,0.0
2022-02-01,99Q,0.0,0.0
2023-08-01,99Q,0.0,0.0
2025-03-01,99Q,0.0,0.0
2021-11-01,99Q,0.0,0.0
2025-09-01,99Q,0.0,0.0
2023-05-01,99Q,0.0,0.0
2024-03-01,99Q,0.0,0.0
2022-08-01,99Q,0.0,0.0
2021-08-01,99Q,0.0,0.0
2021-10-01,99Q,0.0,0.0
2021-09-01,99Q,0.0,0.0
2024-09-01,99Q,0.0,0.0
2025-04-01,99Q,0.0,0.0
2023-02-01,99Q,0.0,0.0
2025-01-01,99Q,0.0,0.0
2025-08-01,99Q,0.0,0.0
2024-02-01,99Q,0.0,0.0
2025-07-01,99Q,0.0,0.0
2024-07-01,99Q,0.0,0.0
2025-02-01,99Q,0.0,0.0
2022-05-01,99Q,0.0,0.0
2023-07-01,99Q,0.0,0.0
2024-04-01,99Q,0.0,0.0
2025-05-01,99Q,0.0,0.0
2022-04-01,06Q,750.5573500000003,405.36100000000005
2023-06-01,06Q,249.47331000000005,411.82399999999996
2024-11-01,06Q,295.67688000000015,421.267
2025-05-01,06Q,375.32155000000006,423.8880000000001
2024-01-01,06Q,394.2719699999999,416.44700000000006
2024-06-01,06Q,366.6461000000003,418.66799999999995
2025-10-01,06Q,707.43109,426.288
2022-12-01,06Q,306.90986999999996,409.508
2021-07-01,06Q,336.88306000000006,402.2440000000001
2025-01-01,06Q,260.72303,422.34600000000006
2023-10-01,06Q,241.92393000000004,414.12799999999993
2025-02-01,06Q,292.80080999999996,422.92799999999994
2023-11-01,06Q,393.79708,414.94399999999996
2025-04-01,06Q,305.4282600000001,423.3860000000001
2025-08-01,06Q,765.7042499999999,425.38100000000014
2022-11-01,06Q,293.53586,408.7770000000001
2022-02-01,06Q,444.9229899999999,404.62199999999984
2022-08-01,06Q,263.23312000000004,407.5009999999999
2025-12-01,06Q,1661.1435800000006,426.36300000000006
2021-09-01,06Q,339.81474999999995,403.448
2025-03-01,06Q,336.02178000000004,423.2600000000001
2024-02-01,06Q,265.07556999999997,417.17599999999993
2021-06-01,06Q,342.8721700000001,401.5810000000001
2026-05-01,06Q,1159.5196499999997,426.591
2024-12-01,06Q,341.8927700000001,421.95899999999995
2021-10-01,06Q,319.63481,403.707
2026-06-01,06Q,1227.1952500000002,426.472
2025-11-01,06Q,1075.9912099999997,426.47900000000004
2025-07-01,06Q,725.09667,424.55200000000013
2022-03-01,06Q,422.10469999999987,404.8819999999998
2024-08-01,06Q,296.2629,419.77
2023-03-01,06Q,283.59993,410.653
2023-09-01,06Q,251.36867000000004,413.9329999999999
2021-11-01,06Q,312.40109,403.9370000000001
2024-05-01,06Q,355.2837300000001,418.6059999999999
2021-08-01,06Q,306.94692999999995,402.894
2022-07-01,06Q,258.7946999999999,406.9510000000001
2024-03-01,06Q,450.9513100000002,417.65999999999997
2022-06-01,06Q,650.1913800000002,406.2540000000001
2023-05-01,06Q,254.79676000000003,411.362
2026-03-01,06Q,1129.15812,426.26599999999985
2022-01-01,06Q,248.74452000000002,404.251
2025-09-01,06Q,973.2319200000002,426.10400000000016
2026-01-01,06Q,1464.3039099999999,426.2899999999999
2022-10-01,06Q,267.1401100000001,408.263
2024-10-01,06Q,325.71673,420.82699999999994
2022-09-01,06Q,272.5097699999999,407.971
2024-09-01,06Q,260.77524,420.31699999999995
2023-04-01,06Q,261.64173,411.03799999999995
2021-12-01,06Q,326.88774,404.09900000000005
2024-04-01,06Q,363.4081299999999,418.09599999999995
2026-02-01,06Q,941.90268,426.24799999999993
2026-04-01,06Q,1151.0362300000002,426.74600000000004
2023-08-01,06Q,251.04882999999998,413.172
2023-02-01,06Q,345.25389999999993,410.225
2023-01-01,06Q,308.73143000000005,409.7510000000001
2023-07-01,06Q,224.66091999999995,412.6019999999998
2023-12-01,06Q,349.60103,415.90799999999996
2024-07-01,06Q,302.11889,419.201
2022-05-01,06Q,268.8931500000001,405.78900000000004
2025-06-01,06Q,447.6829300000001,424.2869999999999
2023-08-01,06T,234.16051,372.4189999999999
2024-08-01,06T,243.36657,377.16599999999994
2023-10-01,06T,255.91275000000002,372.56800000000004
2022-09-01,06T,269.14069000000006,366.79499999999996
2025-09-01,06T,754.55017,380.9320000000001
2025-12-01,06T,1565.3423299999997,382.004
2021-12-01,06T,356.72870000000006,364.582
2022-10-01,06T,254.24087,366.92700000000013
2024-04-01,06T,261.7511799999999,375.9909999999999
2022-02-01,06T,281.27406,365.2899999999999
2023-12-01,06T,307.4797,374.711
2024-07-01,06T,256.21774,377.0210000000001
2025-04-01,06T,239.4089,379.9320000000001
2024-02-01,06T,259.36983000000004,375.50299999999993
2023-02-01,06T,242.74820000000003,370.293
2024-05-01,06T,220.18234999999996,376.50199999999984
2024-12-01,06T,196.78242,379.07400000000007
2022-06-01,06T,285.3457,366.27699999999993
2025-01-01,06T,211.66531000000003,379.201
2022-01-01,06T,298.85819999999995,365.026
2025-02-01,06T,200.46752,379.517
2025-10-01,06T,724.3222400000002,381.1230000000001
2024-03-01,06T,274.16327000000007,375.64300000000014
2025-06-01,06T,268.44846,380.25199999999995
2026-01-01,06T,1096.20924,382.03299999999996
2021-08-01,06T,307.47787999999997,362.511
2023-05-01,06T,250.02505,371.224
2021-06-01,06T,357.8356800000001,361.981
2026-05-01,06T,1005.1072500000002,381.135
2023-11-01,06T,328.31558000000007,373.53999999999985
2023-09-01,06T,271.05508000000003,372.74
2023-03-01,06T,266.98924000000005,370.58900000000006
2022-08-01,06T,256.98358,366.669
2024-10-01,06T,252.98764999999997,377.12800000000004
2021-10-01,06T,289.69653,362.832
2024-06-01,06T,223.79566,376.752
2021-11-01,06T,312.76843,363.5189999999999
2023-06-01,06T,234.95092000000005,371.62800000000004
2024-11-01,06T,226.30719000000002,378.4230000000001
2021-07-01,06T,334.3792500000001,362.14700000000005
2025-08-01,06T,579.64619,380.67199999999985
2026-03-01,06T,811.77007,381.4650000000001
2023-07-01,06T,204.78303000000002,372.101
2022-11-01,06T,261.40819999999997,367.81300000000005
2025-07-01,06T,508.75470000000007,380.3829999999999
2022-12-01,06T,286.3584900000001,369.02599999999995
2026-06-01,06T,867.9294699999999,380.76
2021-09-01,06T,303.86546999999996,362.78
2024-01-01,06T,309.24911999999995,375.075
2022-03-01,06T,301.33177000000006,365.5179999999999
2022-05-01,06T,276.51019,366.0329999999999
2025-03-01,06T,193.17792,379.65700000000004
2025-11-01,06T,865.5288300000001,381.76599999999996
2026-02-01,06T,931.0521299999997,381.57399999999996
2022-07-01,06T,309.8846000000001,366.60200000000003
2023-04-01,06T,246.80272999999997,370.92599999999993
2022-04-01,06T,299.17577,365.77699999999993
2026-04-01,06T,958.9961699999999,381.471
2025-05-01,06T,285.78397,380.137
2023-01-01,06T,258.13778,369.51900000000006
2024-09-01,06T,205.32838,377.22
2024-06-01,07G,71.94868000000001,190.11
2024-02-01,07G,98.26284000000001,188.817
2021-11-01,07G,103.27893999999999,183.918
2024-11-01,07G,91.24550999999998,190.63899999999998
2022-11-01,07G,91.9499,185.32100000000003
2023-11-01,07G,92.60854999999998,187.769
2022-10-01,07G,97.85558999999998,185.09400000000002
2021-12-01,07G,111.73428999999999,184.101
2021-10-01,07G,122.34664,183.82199999999997
2023-10-01,07G,99.27400999999999,187.53100000000003
2023-01-01,07G,78.30871000000002,185.611
2026-01-01,07G,552.6772,190.47900000000004
2026-05-01,07G,318.56402,189.82599999999996
2025-08-01,07G,317.69299000000007,190.623
2025-10-01,07G,312.90137999999996,190.68599999999998
2021-08-01,07G,144.48448000000002,183.61
2022-03-01,07G,78.77350000000001,184.36
2025-07-01,07G,280.80609999999996,190.79500000000002
2025-11-01,07G,235.24254000000002,190.684
2022-01-01,07G,89.81604999999999,184.224
2025-09-01,07G,326.7724,190.647
2024-05-01,07G,83.00229999999998,189.884
2023-07-01,07G,89.12225000000001,186.662
2021-06-01,07G,164.98298,183.243
2023-02-01,07G,110.62001,185.83200000000002
2024-07-01,07G,86.53900999999998,190.24000000000004
2025-05-01,07G,139.91324999999998,190.58099999999996
2022-04-01,07G,81.98901,184.54100000000003
2023-12-01,07G,103.90006000000001,188.14400000000003
2023-04-01,07G,95.49801999999998,186.23799999999997
2021-07-01,07G,122.39984,183.48899999999995
2024-03-01,07G,104.63501999999998,189.04700000000003
2023-09-01,07G,109.06696000000002,187.21199999999996
2021-09-01,07G,127.24928999999999,183.81100000000004
2025-06-01,07G,151.41704000000001,190.668
2022-07-01,07G,90.23796999999999,184.82899999999998
2022-09-01,07G,83.17620000000001,184.994
2024-10-01,07G,101.47174,190.54499999999996
2024-09-01,07G,78.14699000000003,190.40999999999997
2022-06-01,07G,86.9362,184.60899999999998
2026-04-01,07G,346.08217999999994,189.853
2023-05-01,07G,128.48563,186.04700000000003
2025-12-01,07G,538.46333,190.49700000000004
2024-04-01,07G,80.77525000000001,189.38
2025-01-01,07G,102.91476000000002,190.834
2023-06-01,07G,112.38972999999997,186.327
2025-04-01,07G,101.55840999999998,190.572
2024-08-01,07G,93.01639,190.474
2024-01-01,07G,103.55782,188.375
2025-02-01,07G,94.25100999999997,190.85299999999998
2025-03-01,07G,94.58346999999999,190.70300000000006
2022-08-01,07G,77.64322,184.88000000000002
2023-08-01,07G,95.49665,186.94800000000004
2022-02-01,07G,97.48604999999999,184.31600000000003
2022-12-01,07G,92.57553000000001,185.48199999999997
2023-03-01,07G,123.27944,186.03599999999997
2024-12-01,07G,92.45445999999998,190.67200000000003
2026-06-01,07G,329.41258,189.263
2026-03-01,07G,368.25605999999993,190.03099999999995
2022-05-01,07G,90.16079999999998,184.563
2026-02-01,07G,353.3808,190.20400000000004
2025-09-01,07H,860.1366399999998,338.09899999999993
2021-11-01,07H,289.60776000000004,323.78099999999995
2025-05-01,07H,313.8917799999999,336.57300000000004
2021-12-01,07H,332.9760999999999,324.06700000000006
2026-05-01,07H,1159.68407,337.12600000000003
2023-03-01,07H,358.17158,327.72100000000006
2022-08-01,07H,239.54967000000002,325.797
2026-01-01,07H,1697.3205899999998,337.92400000000004
2023-06-01,07H,320.25139,328.765
2022-02-01,07H,243.26064999999997,324.363
2026-04-01,07H,1142.93831,337.2960000000001
2023-11-01,07H,994.2554800000001,330.818
2024-10-01,07H,300.31423,334.808
2022-11-01,07H,391.65071,326.32
2022-04-01,07H,240.67825000000005,324.521
2024-09-01,07H,259.94393999999994,334.81000000000006
2025-03-01,07H,258.83763999999996,336.027
2025-06-01,07H,331.52652,336.956
2021-10-01,07H,294.6126100000001,323.7599999999999
2025-02-01,07H,228.7331,335.95599999999996
2026-06-01,07H,1039.1602299999997,336.8709999999999
2024-08-01,07H,273.7033,334.48599999999993
2024-06-01,07H,238.12938000000003,333.371
2023-09-01,07H,274.27509,330.2839999999999
2025-10-01,07H,791.8693999999999,338.0929999999999
2025-08-01,07H,702.7626199999997,337.677
2025-12-01,07H,1620.2316800000003,338.054
2021-06-01,07H,355.10213000000016,322.273
2023-04-01,07H,376.32523000000003,328.22299999999996
2021-07-01,07H,325.26925000000006,322.84799999999996
2023-07-01,07H,308.50754,329.22600000000006
2023-12-01,07H,313.26938000000007,331.17000000000013
2022-10-01,07H,295.57634,325.9870000000001
2026-03-01,07H,900.51177,337.46399999999994
2024-03-01,07H,282.03349000000003,332.31
2024-01-01,07H,295.72632,331.36299999999994
2025-07-01,07H,783.35415,337.282
2023-08-01,07H,241.37926999999996,329.827
2024-07-01,07H,261.41128000000003,333.808
2022-05-01,07H,263.03102,324.617
2022-01-01,07H,267.99079,324.2689999999999
2021-09-01,07H,313.56186,323.75500000000005
2023-10-01,07H,252.32082999999997,330.31200000000007
2023-02-01,07H,295.02845,327.24799999999993
2026-02-01,07H,1025.1440000000002,337.6530000000001
2024-02-01,07H,281.67778999999996,332.0830000000001
2024-04-01,07H,243.11961999999997,332.532
2022-09-01,07H,343.60002000000003,326.082
2025-01-01,07H,274.87617,335.642
2022-07-01,07H,252.48011000000002,325.37600000000003
2024-12-01,07H,267.04566000000005,335.5329999999999
2022-12-01,07H,329.97154,326.794
2025-04-01,07H,284.99898999999994,336.23799999999994
2022-03-01,07H,294.63705,324.3569999999999
2022-06-01,07H,295.34571000000005,324.894
2023-01-01,07H,490.30016000000006,326.87700000000007
2021-08-01,07H,288.56628,323.406
2023-05-01,07H,772.24625,328.45700000000005
2025-11-01,07H,906.53783,338.06300000000005
2024-05-01,07H,235.83275000000003,333.0829999999999
2024-11-01,07H,245.51712000000006,335.23300000000006
2023-06-01,99E,163.8256,289.73499999999996
2026-04-01,99E,728.5018300000002,295.87199999999996
2022-05-01,99E,163.45789000000005,286.125
2022-07-01,99E,157.90518999999998,286.653
2024-12-01,99E,146.44055000000003,295.09999999999997
2021-07-01,99E,163.07797999999997,284.6809999999999
2023-07-01,99E,132.92586,290.124
2025-06-01,99E,189.03904,296.134
2024-04-01,99E,153.94968,292.83299999999997
2024-07-01,99E,159.68952000000002,293.703
2024-10-01,99E,163.81992000000002,294.59900000000005
2023-04-01,99E,140.38661999999997,288.9569999999999
2024-06-01,99E,154.01963000000003,293.563
2023-11-01,99E,160.14039999999997,291.59799999999996
2024-09-01,99E,131.75447,294.45700000000005
2025-07-01,99E,420.6679999999999,296.251
2026-01-01,99E,1039.9212,296.22300000000007
2022-08-01,99E,151.54501,287.038
2026-06-01,99E,491.88720999999987,295.88200000000006
2022-11-01,99E,156.86296000000002,287.693
2022-10-01,99E,129.66708,287.402
2026-05-01,99E,789.2812000000001,295.8939999999999
2021-06-01,99E,251.57697,284.55299999999994
2023-01-01,99E,134.68761,287.96999999999997
2025-11-01,99E,613.7013000000001,296.37500000000006
2021-08-01,99E,174.81264999999996,285.057
2024-05-01,99E,119.28658999999998,293.28700000000003
2023-03-01,99E,175.15512999999999,288.48999999999995
2021-09-01,99E,185.64366,285.44199999999995
2024-08-01,99E,116.75855999999999,294.11199999999997
2025-09-01,99E,512.8852000000002,296.63300000000004
2023-10-01,99E,124.25250000000001,291.22200000000004
2024-02-01,99E,135.96315,292.32500000000005
2021-10-01,99E,165.39346999999998,285.16700000000003
2023-09-01,99E,147.67437000000004,291.04600000000005
2025-05-01,99E,209.28552000000005,295.90400000000005
2023-08-01,99E,142.30683,290.56500000000005
2021-11-01,99E,210.94212,285.09799999999996
2022-06-01,99E,153.38236,286.357
2026-02-01,99E,908.8046900000002,296.032
2025-08-01,99E,426.4176,296.52099999999996
2025-03-01,99E,136.21749,295.752
2023-05-01,99E,156.10765,289.35
2024-11-01,99E,140.20147999999998,294.94500000000005
2021-12-01,99E,201.28847999999996,285.286
2024-01-01,99E,180.56508999999994,292.09299999999996
2024-03-01,99E,154.21831000000003,292.719
2022-01-01,99E,168.92625999999998,285.32700000000006
2022-09-01,99E,160.611,287.26900000000006
2026-03-01,99E,591.8988,295.82699999999994
2022-02-01,99E,146.37894999999997,285.52299999999997
2022-04-01,99E,146.01963999999998,285.88800000000003
2022-03-01,99E,172.33705,285.65500000000003
2025-01-01,99E,167.48123999999999,295.33299999999997
2025-10-01,99E,444.11320000000006,296.466
2025-02-01,99E,133.38275000000002,295.735
2023-12-01,99E,128.05928,291.89399999999995
2025-12-01,99E,1165.4238300000002,296.234
2023-02-01,99E,145.07692000000003,288.259
2022-12-01,99E,134.39965000000004,287.933
2025-04-01,99E,186.60873000000004,295.884
2026-01-01,99F,1368.5518199999992,188.308
2025-08-01,99F,780.2264,188.84500000000003
2022-04-01,99F,168.40539999999996,186.22699999999998
2023-08-01,99F,201.08901999999998,187.09600000000003
2022-07-01,99F,173.34443000000002,186.40599999999998
2022-08-01,99F,196.00449,186.62400000000002
2023-11-01,99F,209.54011,187.30900000000005
2026-03-01,99F,1058.6328300000002,187.91899999999995
2023-02-01,99F,170.40492,186.93400000000003
2021-08-01,99F,224.76046000000002,185.92800000000005
2024-12-01,99F,199.55117,188.09599999999995
2024-01-01,99F,252.58984999999998,187.35600000000002
2026-05-01,99F,931.7462199999998,187.95200000000003
2024-05-01,99F,228.26703000000003,187.442
2024-04-01,99F,275.98544,187.421
2022-03-01,99F,207.48521000000002,186.18400000000003
2023-03-01,99F,180.65103,186.85799999999998
2023-09-01,99F,198.00810000000004,187.27399999999994
2026-04-01,99F,966.0111,187.93099999999998
2024-07-01,99F,268.76646999999997,187.783
2022-02-01,99F,176.30946,186.189
2023-12-01,99F,249.16589999999994,187.34700000000004
2024-02-01,99F,286.74782999999996,187.39599999999996
2023-04-01,99F,197.15332,186.88899999999995
2022-05-01,99F,207.92011000000002,186.29999999999998
2023-06-01,99F,208.63214999999994,186.85100000000003
2025-09-01,99F,835.1936000000001,188.848
2025-07-01,99F,571.3199999999999,188.60799999999992
2025-04-01,99F,271.44156000000004,188.40800000000004
2025-02-01,99F,164.18113000000002,188.228
2025-01-01,99F,205.93893999999997,188.15699999999995
2021-11-01,99F,234.81137999999999,186.045
2023-07-01,99F,189.87458999999996,186.93900000000005
2021-06-01,99F,266.6702200000001,185.65399999999997
2022-11-01,99F,208.2372,187.00799999999998
2023-10-01,99F,217.26754,187.24900000000002
2026-02-01,99F,1917.2153600000001,188.056
2022-01-01,99F,195.1402,186.104
2022-12-01,99F,241.71267999999998,187.01
2021-09-01,99F,257.46308999999997,186.061
2025-03-01,99F,186.60420000000002,188.256
2021-10-01,99F,263.8706,185.98100000000002
2022-06-01,99F,191.43294000000003,186.377
2025-11-01,99F,842.6088,188.85399999999998
2022-10-01,99F,171.99014000000003,186.95499999999998
2025-12-01,99F,1515.7031799999997,188.44
2022-09-01,99F,198.54722,186.78199999999998
2025-06-01,99F,270.61381,188.594
2023-05-01,99F,201.87242,186.82
2024-10-01,99F,220.09958999999995,188.02599999999998
2024-06-01,99F,173.88735000000003,187.64599999999996
2024-03-01,99F,276.2333799999999,187.39600000000002
2026-06-01,99F,980.9515799999998,187.86700000000002
2025-05-01,99F,277.12078,188.526
2021-12-01,99F,261.3193,186.07700000000003
2024-09-01,99F,225.75095999999996,187.96200000000005
2025-10-01,99F,514.1388,188.83399999999997
2024-11-01,99F,215.64019,188.06199999999998
2021-07-01,99F,211.44289999999998,185.83000000000007
2024-08-01,99F,247.13879,187.889
2023-01-01,99F,220.15243000000004,186.93999999999997
2025-11-01,99G,817.2766999999999,196.484
2026-02-01,99G,547.3835999999999,196.613
2022-10-01,99G,181.56850000000009,190.57100000000005
2024-08-01,99G,175.14572000000004,195.785
2025-06-01,99G,198.76640000000006,196.494
2026-01-01,99G,800.6247999999999,196.655
2025-01-01,99G,150.67129000000003,196.388
2021-07-01,99G,1180.2952200000002,190.19299999999998
2026-06-01,99G,657.02312,196.19499999999996
2023-11-01,99G,161.60356,193.513
2025-08-01,99G,428.00320000000005,196.636
2021-11-01,99G,1063.2887799999999,190.33300000000006
2026-05-01,99G,643.2472,196.40000000000003
2025-05-01,99G,217.14418999999995,196.40700000000004
2023-01-01,99G,200.04100000000008,190.945
2024-07-01,99G,178.17904999999996,195.47000000000003
2024-03-01,99G,171.09044999999995,194.618
2023-03-01,99G,187.23071,191.53199999999995
2025-07-01,99G,442.9588,196.59400000000005
2022-01-01,99G,201.95621,190.375
2023-12-01,99G,165.73914000000002,193.845
2024-10-01,99G,150.6274,195.821
2024-06-01,99G,152.55900999999997,195.25200000000004
2021-09-01,99G,701.62484,190.37699999999995
2022-02-01,99G,153.83412,190.41299999999998
2022-07-01,99G,201.56984000000006,190.58999999999997
2022-11-01,99G,205.88926999999998,190.54499999999996
2025-04-01,99G,173.67796,196.27400000000006
2022-05-01,99G,195.38610000000003,190.50299999999996
2022-09-01,99G,223.17762,190.74099999999999
2023-04-01,99G,150.36390999999998,191.82799999999997
2021-12-01,99G,225.26365,190.403
2023-08-01,99G,139.78689000000003,192.75699999999995
2023-06-01,99G,158.70850000000002,192.198
2024-11-01,99G,136.90040000000002,196.043
2025-10-01,99G,510.74400000000014,196.63000000000002
2024-12-01,99G,157.38664000000009,196.309
2026-04-01,99G,825.2235599999999,196.5150000000001
2022-04-01,99G,141.49838000000003,190.53699999999998
2023-07-01,99G,143.84149,192.48400000000004
2022-03-01,99G,225.78868999999995,190.419
2023-10-01,99G,160.33224,193.15300000000002
2022-12-01,99G,170.72163999999998,190.857
2022-06-01,99G,163.18015000000003,190.488
2021-08-01,99G,1377.1577499999999,190.35900000000007
2024-05-01,99G,172.01710000000003,194.99900000000002
2024-09-01,99G,186.94454999999994,195.85300000000004
2025-02-01,99G,142.94636,196.51999999999998
2023-09-01,99G,145.29859000000005,193.00700000000003
2024-01-01,99G,176.03373000000005,194.01300000000006
2025-12-01,99G,1372.39,196.78799999999998
2025-03-01,99G,134.47399999999996,196.37499999999997
2021-06-01,99G,373.36967000000016,190.11999999999998
2023-05-01,99G,163.17915,191.94199999999998
2025-09-01,99G,549.2539999999999,196.78300000000004
2026-03-01,99G,599.2976,196.539
2021-10-01,99G,324.8472600000001,190.295
2023-02-01,99G,137.20183999999998,191.225
2024-04-01,99G,151.90017999999998,194.582
2022-08-01,99G,167.67775,190.59199999999996
2024-02-01,99G,163.36979,194.35399999999998
2025-03-01,00Q,105.39078999999998,187.88200000000003
2026-04-01,00Q,490.88257999999996,188.34400000000005
2024-06-01,00Q,99.87956999999999,186.946
2026-06-01,00Q,470.04072999999994,188.262
2021-08-01,00Q,181.10397999999998,180.38699999999997
2022-10-01,00Q,114.78582999999999,181.97700000000003
2025-05-01,00Q,143.93187,187.904
2022-04-01,00Q,150.25111,181.34400000000002
2026-02-01,00Q,444.95359999999994,188.47700000000003
2023-02-01,00Q,108.16701,182.58799999999997
2021-06-01,00Q,199.25324,179.87099999999998
2021-10-01,00Q,167.52188999999998,180.648
2024-08-01,00Q,101.83139000000001,186.799
2021-09-01,00Q,167.05874,180.55299999999997
2022-08-01,00Q,124.85772,181.67400000000006
2024-04-01,00Q,107.07509000000002,185.898
2024-12-01,00Q,136.67898,187.662
2026-03-01,00Q,446.918,188.28800000000004
2023-08-01,00Q,104.63705000000002,183.93500000000003
2025-06-01,00Q,173.69341,188.05999999999997
2021-11-01,00Q,179.02144999999996,180.71699999999998
2025-10-01,00Q,309.1864,188.51400000000004
2023-03-01,00Q,123.49779999999998,182.76
2022-06-01,00Q,126.98063000000002,181.45999999999998
2022-01-01,00Q,142.8473,180.95799999999997
2022-09-01,00Q,124.11294,181.92799999999997
2022-11-01,00Q,126.61415000000001,182.088
2023-12-01,00Q,130.16551,185.13
2022-07-01,00Q,124.96691999999997,181.615
2024-01-01,00Q,134.88448,185.34899999999996
2022-05-01,00Q,136.16047,181.45799999999997
2024-07-01,00Q,111.57649999999997,187.05299999999997
2025-02-01,00Q,120.96479999999998,187.91099999999992
2022-12-01,00Q,146.28749000000005,182.32
2024-05-01,00Q,105.72085999999999,186.659
2023-04-01,00Q,111.91807999999997,183.005
2024-02-01,00Q,128.08357,185.64199999999997
2025-12-01,00Q,648.9524000000001,188.48599999999996
2023-06-01,00Q,130.05089,183.412
2023-10-01,00Q,123.89525999999998,184.393
2022-02-01,00Q,150.50044999999997,181.088
2023-07-01,00Q,95.09872000000003,183.66199999999998
2025-09-01,00Q,385.51520000000005,188.582
2023-05-01,00Q,125.21017000000002,183.187
2026-01-01,00Q,619.2179999999998,188.514
2025-08-01,00Q,306.298,188.393
2025-11-01,00Q,458.4252,188.47099999999998
2024-09-01,00Q,104.04429999999998,187.09600000000003
2025-01-01,00Q,101.25548000000002,187.816
2024-10-01,00Q,116.73213999999999,187.28000000000006
2021-12-01,00Q,190.93255999999994,180.828
2023-01-01,00Q,117.88518,182.406
2025-04-01,00Q,167.40651,187.779
2025-07-01,00Q,339.31480000000005,188.10600000000002
2026-05-01,00Q,490.10660999999993,188.31699999999998
2023-11-01,00Q,110.43256000000001,184.74800000000002
2021-07-01,00Q,168.64487999999997,180.11200000000002
2022-03-01,00Q,142.47120000000004,181.24200000000002
2024-03-01,00Q,122.73376000000002,185.749
2023-09-01,00Q,114.52088000000002,184.244
2024-11-01,00Q,92.25553999999998,187.52800000000002
2025-01-01,00R,127.93132999999997,178.95700000000002
2023-04-01,00R,138.08744,177.381
2022-09-01,00R,138.85818,176.676
2026-05-01,00R,606.8583500000001,177.52399999999997
2023-01-01,00R,124.04020999999999,176.993
2021-07-01,00R,192.25148999999996,175.07200000000003
2021-08-01,00R,173.57977000000002,175.08300000000003
2023-07-01,00R,142.84731,177.953
2023-09-01,00R,133.54066,178.24199999999996
2022-08-01,00R,119.82062,176.638
2022-01-01,00R,153.57849,175.74499999999998
2025-12-01,00R,854.9776,178.559
2025-06-01,00R,172.51093,178.79100000000005
2025-03-01,00R,120.18375,178.796
2022-11-01,00R,140.77516000000003,176.82899999999998
2024-02-01,00R,160.95819000000003,178.59499999999997
2025-08-01,00R,431.29279999999994,178.896
2024-04-01,00R,138.02338,178.66300000000004
2025-11-01,00R,454.712,178.75300000000001
2021-12-01,00R,175.75088999999997,175.476
2026-06-01,00R,596.5345199999999,177.325
2026-03-01,00R,530.4068,177.821
2023-03-01,00R,153.88577,177.302
2023-05-01,00R,147.19724000000002,177.452
2023-10-01,00R,136.38079,178.293
2022-06-01,00R,133.04764999999998,176.53300000000002
2025-09-01,00R,477.37120000000004,178.93800000000002
2024-03-01,00R,170.05646000000002,178.55599999999998
2021-10-01,00R,163.86324000000002,175.178
2025-04-01,00R,172.52967999999998,178.776
2023-12-01,00R,153.30638,178.541
2023-11-01,00R,149.61092,178.46700000000004
2023-02-01,00R,125.88036000000001,177.045
2021-11-01,00R,180.81148999999996,175.469
2026-01-01,00R,720.7044000000002,178.34399999999994
2024-01-01,00R,182.81034,178.497
2022-12-01,00R,138.55205999999998,177.016
2022-04-01,00R,118.65768999999999,176.35
2024-08-01,00R,146.15474,178.941
2024-10-01,00R,126.59231000000001,179.063
2024-11-01,00R,124.00178000000002,179.078
2022-03-01,00R,145.3747,176.208
2025-02-01,00R,123.38670999999998,178.91600000000003
2022-10-01,00R,129.97303999999997,176.731
2021-06-01,00R,220.19586999999996,175.04
2024-12-01,00R,148.36437999999995,179.096
2026-04-01,00R,559.9834099999999,177.696
2026-02-01,00R,492.8476,178.10300000000004
2023-06-01,00R,154.26049999999998,177.71099999999998
2024-06-01,00R,128.07215,178.797
2025-05-01,00R,193.99764999999996,178.73800000000003
2023-08-01,00R,145.23957,178.08700000000002
2024-07-01,00R,142.17610000000002,179.00099999999998
2022-05-01,00R,141.67712,176.472
2022-07-01,00R,129.13983,176.58899999999997
2024-09-01,00R,137.68015,178.93800000000005
2021-09-01,00R,190.47496999999998,175.17999999999998
2024-05-01,00R,133.10311000000002,178.647
2025-07-01,00R,377.7815999999999,178.79
2022-02-01,00R,115.24191000000002,176.13400000000001
2025-10-01,00R,421.4916,178.836
2024-07-01,00X,232.30149999999998,192.48
2023-10-01,00X,247.95127999999997,190.945
2024-10-01,00X,233.97279000000003,193.088
2025-03-01,00X,238.97502000000003,193.74499999999998
2023-05-01,00X,325.74104,189.866
2025-07-01,00X,655.5368000000002,194.48900000000003
2026-06-01,00X,2582.8253199999995,195.43100000000004
2022-07-01,00X,297.53174,188.61
2023-02-01,00X,322.47008,189.521
2024-11-01,00X,220.37293000000003,193.19400000000002
2023-08-01,00X,278.97889,190.54900000000006
2026-05-01,00X,1175.70681,195.35399999999998
2021-10-01,00X,320.3294700000001,187.69000000000003
2022-08-01,00X,306.11802000000006,188.75699999999998
2022-04-01,00X,328.4347000000001,187.924
2026-02-01,00X,3172.163600000001,195.07699999999997
2021-09-01,00X,338.42644000000007,187.57199999999997
2022-09-01,00X,363.88480000000004,189.07700000000003
2023-03-01,00X,977.0220899999999,189.64000000000004
2024-04-01,00X,226.1969499999999,191.76900000000003
2022-02-01,00X,269.67242000000005,187.935
2025-04-01,00X,278.23920999999996,193.91199999999998
2021-12-01,00X,380.57791000000003,187.78399999999993
2022-11-01,00X,405.29004000000003,189.16500000000002
2023-09-01,00X,234.63279,190.82900000000004
2023-01-01,00X,349.12253,189.448
2025-11-01,00X,1583.7155999999995,194.849
2023-06-01,00X,338.07369000000006,190.09599999999998
2023-07-01,00X,1389.1110299999998,190.29199999999997
2024-02-01,00X,252.68131000000002,191.49599999999998
2022-05-01,00X,350.69452000000007,188.11299999999997
2024-09-01,00X,259.34245,192.985
2021-06-01,00X,401.5671799999999,187.28100000000003
2023-12-01,00X,277.50941,191.26799999999997
2026-01-01,00X,3654.2759999999994,195.068
2024-06-01,00X,226.04563,192.25799999999998
2022-03-01,00X,436.02775,187.858
2026-04-01,00X,1754.0033999999998,195.29399999999998
2024-01-01,00X,276.7172499999999,191.34400000000002
2021-11-01,00X,344.22936999999996,187.73799999999997
2021-07-01,00X,359.54425,187.394
2024-08-01,00X,277.16381000000007,192.75399999999996
2025-10-01,00X,801.6924,194.85599999999997
2022-06-01,00X,375.02859,188.41500000000005
2021-08-01,00X,353.43715,187.50700000000003
2025-08-01,00X,673.7400000000002,194.73599999999996
2024-12-01,00X,246.85803,193.38900000000004
2025-09-01,00X,699.7212000000001,194.92199999999994
2024-03-01,00X,297.31928,191.659
2025-12-01,00X,6947.5776,194.98800000000003
2025-06-01,00X,375.38108,194.24800000000002
2022-01-01,00X,404.1101699999999,187.827
2022-10-01,00X,392.4203100000001,189.11999999999998
2026-03-01,00X,1393.1992,195.134
2023-04-01,00X,267.16328,189.74600000000004
2022-12-01,00X,311.7295199999999,189.28799999999998
2025-02-01,00X,229.52413999999996,193.671
2024-05-01,00X,238.02136000000007,192.044
2025-01-01,00X,262.25189,193.527
2023-11-01,00X,269.7748,191.14699999999996
2025-05-01,00X,329.17839000000004,194.05200000000002
2022-02-01,01A,374.08424,395.10800000000006
2022-05-01,01A,355.25289000000015,395.85000000000014
2024-12-01,01A,354.63329999999996,410.46599999999995
2024-01-01,01A,364.8521299999998,404.69999999999993
2025-10-01,01A,948.23559,411.76499999999993
2025-12-01,01A,3827.953819999999,411.34900000000005
2024-05-01,01A,316.71448000000015,406.9749999999999
2024-03-01,01A,376.32433999999995,405.8110000000001
2025-06-01,01A,452.2900100000003,411.2110000000001
2021-09-01,01A,507.10139000000004,393.803
2023-02-01,01A,301.6008699999997,399.01400000000007
2025-08-01,01A,938.37104,411.88399999999996
2022-06-01,01A,342.71967000000006,396.33200000000005
2022-03-01,01A,350.5772099999999,395.40399999999994
2023-11-01,01A,309.3102300000001,403.5250000000002
2026-01-01,01A,3677.8888100000004,411.3480000000001
2025-09-01,01A,1131.3122099999994,411.90700000000015
2023-05-01,01A,306.24872000000005,400.209
2025-04-01,01A,397.55087000000003,411.01300000000003
2025-03-01,01A,305.9311300000001,410.8790000000001
2025-11-01,01A,2125.11054,411.49399999999986
2024-02-01,01A,345.7794600000001,405.20500000000004
2026-03-01,01A,1274.04716,410.52200000000005
2023-07-01,01A,316.01572,401.3409999999999
2024-06-01,01A,303.86706000000004,407.5359999999999
2022-12-01,01A,321.19050000000004,398.5560000000001
2023-12-01,01A,342.8326500000001,404.1739999999999
2022-01-01,01A,356.23920000000015,394.89399999999995
2023-08-01,01A,338.94399000000016,402.059
2023-09-01,01A,305.32158000000004,402.54999999999995
2023-06-01,01A,357.63442999999995,400.684
2023-04-01,01A,314.88412999999997,399.81100000000015
2021-10-01,01A,476.4247800000001,394.08700000000005
2025-07-01,01A,959.6937600000001,411.439
2026-04-01,01A,1524.8697900000002,410.3379999999999
2022-10-01,01A,282.70149,398.038
2025-01-01,01A,317.70426999999984,410.6790000000001
2024-04-01,01A,288.6372899999997,406.1379999999998
2023-10-01,01A,322.16217999999986,402.9579999999999
2022-11-01,01A,327.30701999999997,398.31300000000005
2025-02-01,01A,308.73054,410.82399999999996
2021-08-01,01A,387.26784999999995,393.2620000000001
2021-06-01,01A,483.9878300000003,392.0550000000001
2026-05-01,01A,1221.39036,410.18399999999997
2021-12-01,01A,475.2806100000001,394.53
2023-01-01,01A,303.2817899999999,398.7090000000001
2022-04-01,01A,358.06749,395.77799999999996
2021-11-01,01A,455.92745999999994,394.246
2024-10-01,01A,328.34917,409.68399999999974
2022-07-01,01A,360.1064600000001,396.7770000000001
2023-03-01,01A,331.12092999999993,399.4299999999999
2024-08-01,01A,325.6640299999999,408.72099999999995
2024-07-01,01A,333.74509,408.093
2022-08-01,01A,321.01005,397.1059999999999
2024-09-01,01A,345.37025,409.3740000000001
2022-09-01,01A,336.59932000000003,397.60900000000004
2026-06-01,01A,1387.51366,409.8920000000001
2025-05-01,01A,426.49022999999994,411.03799999999995
2021-07-01,01A,465.78741000000014,392.621
2024-11-01,01A,299.73956999999996,410.04699999999997
2026-02-01,01A,1271.65799,410.83999999999986
2023-09-01,01E,193.91606000000007,227.361
2024-07-01,01E,210.75624000000005,230.897
2021-10-01,01E,250.47710000000004,218.803
2026-03-01,01E,732.7124100000001,239.09400000000002
2024-06-01,01E,156.98645999999997,230.708
2022-06-01,01E,204.69069000000002,222.01100000000005
2024-12-01,01E,202.0519700000001,233.79400000000004
2023-10-01,01E,197.16258000000002,227.69400000000002
2022-02-01,01E,192.62988,220.821
2022-01-01,01E,245.74599999999998,220.319
2024-02-01,01E,210.82094999999998,229.854
2022-09-01,01E,212.12157,222.42399999999998
2023-06-01,01E,221.90714000000006,226.719
2022-10-01,01E,225.44814000000002,223.32999999999998
2025-02-01,01E,165.6431,234.61200000000002
2023-12-01,01E,214.74879000000004,229.00200000000004
2025-08-01,01E,384.60360000000003,236.21400000000006
2021-09-01,01E,268.76806000000005,218.378
2021-08-01,01E,260.88663999999994,218.104
2024-08-01,01E,160.76406999999998,231.22
2026-06-01,01E,863.7664399999999,239.13199999999998
2025-01-01,01E,175.68119,234.01500000000004
2026-01-01,01E,982.9243299999998,239.38199999999998
2023-07-01,01E,186.16352,227.06400000000002
2025-03-01,01E,163.82847000000004,234.96099999999998
2025-05-01,01E,222.96897999999996,235.35399999999998
2021-12-01,01E,276.55244,220.21
2025-10-01,01E,582.4197100000001,238.58599999999998
2023-03-01,01E,243.13031000000004,225.97000000000003
2025-09-01,01E,615.1479999999999,236.276
2025-07-01,01E,515.674,235.945
2022-04-01,01E,210.73499000000007,221.53499999999997
2024-03-01,01E,220.98626,230.14199999999997
2022-08-01,01E,235.67090000000002,222.22999999999996
2025-06-01,01E,224.54899,235.64
2022-03-01,01E,261.26898,221.31600000000003
2024-01-01,01E,210.38341,229.44400000000002
2022-12-01,01E,230.78745,224.54999999999998
2026-04-01,01E,805.7094900000001,239.29600000000002
2022-05-01,01E,219.14498000000003,221.682
2021-06-01,01E,329.51862000000006,217.61599999999999
2026-05-01,01E,759.56571,239.393
2024-10-01,01E,199.41486999999995,232.59799999999998
2023-11-01,01E,172.91521999999998,228.443
2025-04-01,01E,236.83982,235.205
2021-07-01,01E,250.88878,217.92400000000004
2021-11-01,01E,249.42336,219.62700000000004
2022-07-01,01E,198.73052,222.16500000000005
2023-05-01,01E,174.62058000000002,226.38600000000005
2022-11-01,01E,210.25512999999995,224.241
2025-12-01,01E,942.7812200000001,239.544
2023-04-01,01E,222.12202999999997,226.21300000000002
2023-01-01,01E,222.77441,224.864
2024-05-01,01E,194.10684000000003,230.70800000000006
2026-02-01,01E,638.8771999999999,239.27900000000005
2024-04-01,01E,177.09742999999997,230.212
2023-08-01,01E,177.26570999999996,227.231
2025-11-01,01E,919.7895500000003,239.36199999999994
2024-11-01,01E,160.60727999999997,233.306
2024-09-01,01E,168.97677999999993,231.64200000000002
2023-02-01,01E,197.16645000000005,225.563
2023-07-01,01K,347.63581,355.52599999999995
2023-10-01,01K,365.5825699999999,355.08799999999997
2024-09-01,01K,354.8580099999999,355.317
2026-05-01,01K,1606.3512099999998,353.166
2022-09-01,01K,376.62178000000006,353.9490000000001
2026-06-01,01K,1689.0842499999999,352.821
2025-03-01,01K,335.83097999999995,356.471
2024-02-01,01K,407.07989,356.09000000000003
2026-03-01,01K,2805.63548,353.809
2025-06-01,01K,498.52657,356.07300000000004
2022-11-01,01K,360.48452,355.93999999999994
2021-08-01,01K,376.40520000000004,351.107
2022-03-01,01K,350.47156999999993,353.7149999999999
2022-10-01,01K,392.69178,353.978
2024-11-01,01K,309.13090000000005,356.16299999999995
2023-04-01,01K,366.96318,355.63999999999993
2024-08-01,01K,333.4058699999999,355.693
2022-07-01,01K,372.67058,354.46999999999997
2023-02-01,01K,352.73296000000005,355.88500000000005
2025-02-01,01K,345.76785000000007,356.672
2024-01-01,01K,388.54785000000004,356.386
2021-06-01,01K,426.97554,351.27000000000004
2024-07-01,01K,387.89858999999996,356.234
2021-10-01,01K,363.64259000000004,351.38300000000004
2023-05-01,01K,387.06069,355.547
2023-01-01,01K,406.13421999999997,356.01000000000005
2024-05-01,01K,358.18163000000004,356.316
2025-01-01,01K,369.40149999999994,356.607
2024-04-01,01K,362.12195999999994,355.83399999999995
2022-02-01,01K,353.47197000000006,353.584
2022-08-01,01K,384.43627999999995,354.2199999999999
2025-07-01,01K,944.7168300000002,355.803
2024-10-01,01K,342.3508,355.046
2026-04-01,01K,2185.26121,353.41599999999994
2023-11-01,01K,362.76335,355.92699999999996
2022-12-01,01K,440.91557000000006,356.33400000000006
2026-01-01,01K,4676.219,354.81499999999994
2025-05-01,01K,485.76112,356.109
2024-03-01,01K,491.4818100000001,356.07099999999997
2021-12-01,01K,416.40592,353.57300000000004
2022-05-01,01K,353.96273,353.678
2025-11-01,01K,3737.6715,355.51500000000004
2025-08-01,01K,1002.6283199999999,355.313
2026-02-01,01K,2433.7542200000003,354.401
2025-09-01,01K,1206.18904,354.92100000000005
2021-07-01,01K,434.52428000000003,351.37899999999996
2023-03-01,01K,426.00666,355.679
2023-08-01,01K,377.8877,355.22300000000007
2021-11-01,01K,386.23024,353.0849999999999
2023-12-01,01K,412.51617999999996,356.41200000000003
2024-12-01,01K,363.16741,356.491
2023-06-01,01K,378.97305,355.53599999999994
2022-06-01,01K,380.53928999999994,354.37999999999994
2021-09-01,01K,387.4059,351.011
2025-04-01,01K,428.29672000000005,356.41499999999996
2025-12-01,01K,4144.530699999999,355.492
2022-04-01,01K,350.10851999999994,353.6900000000001
2025-10-01,01K,1084.53403,354.444
2024-06-01,01K,311.32478,356.352
2023-09-01,01K,343.29251,355.00999999999993
2022-01-01,01K,348.1137500000001,353.69900000000007
2024-03-01,02G,108.76103000000002,117.55000000000001
2021-08-01,02G,109.27867,113.83099999999999
2025-11-01,02G,333.9667999999999,118.691
2026-05-01,02G,426.52640999999994,118.486
2023-02-01,02G,103.01424999999998,116.686
2021-11-01,02G,148.42875000000004,114.778
2023-08-01,02G,100.65463,116.83100000000002
2024-01-01,02G,131.36163000000002,117.365
2024-06-01,02G,84.8775,117.66099999999999
2021-12-01,02G,136.47680000000003,114.973
2026-01-01,02G,456.2628,118.751
2023-01-01,02G,113.31056000000001,116.62800000000001
2025-06-01,02G,163.18862000000001,118.408
2021-06-01,02G,125.29849999999999,113.91899999999998
2021-09-01,02G,103.39010999999996,113.97200000000001
2024-04-01,02G,88.14739,117.602
2023-06-01,02G,113.56708000000002,116.86099999999999
2025-10-01,02G,343.2916000000001,118.44399999999999
2024-02-01,02G,105.60394,117.47000000000001
2023-05-01,02G,115.39553000000001,116.84599999999998
2022-07-01,02G,122.35600000000001,115.73500000000001
2023-04-01,02G,110.67299999999999,116.85199999999999
2023-10-01,02G,99.57698000000002,117.075
2022-12-01,02G,115.28628,116.60300000000001
2025-03-01,02G,103.71495,118.27600000000001
2023-12-01,02G,116.34534000000001,117.423
2023-11-01,02G,99.12234000000001,117.29499999999999
2026-06-01,02G,505.74549,118.38600000000001
2022-09-01,02G,101.90338,115.82999999999998
2022-01-01,02G,134.21535999999998,115.055
2024-11-01,02G,97.27148000000003,118.19200000000002
2025-05-01,02G,148.80999,118.31100000000002
2022-08-01,02G,108.03637,115.779
2022-05-01,02G,119.15303999999999,115.458
2025-07-01,02G,342.57280000000003,118.37
2022-06-01,02G,130.38992,115.61200000000001
2021-07-01,02G,155.17517999999998,113.90300000000003
2022-03-01,02G,124.24527000000002,115.211
2022-10-01,02G,97.84897000000001,116.20299999999999
2026-02-01,02G,460.90479999999997,118.715
2025-02-01,02G,99.19334999999998,118.32400000000001
2025-12-01,02G,488.68200000000013,118.703
2023-03-01,02G,128.50231,116.78399999999999
2026-03-01,02G,425.4976000000001,118.64699999999998
2026-04-01,02G,542.0743799999999,118.587
2022-02-01,02G,113.42937999999998,115.173
2022-11-01,02G,106.52088,116.47999999999999
2024-05-01,02G,113.92770999999999,117.64800000000002
2023-09-01,02G,117.96016999999999,116.79799999999999
2025-01-01,02G,106.18301,118.32999999999998
2024-10-01,02G,99.28367999999999,117.82
2024-12-01,02G,100.31637999999998,118.284
2021-10-01,02G,132.86665,114.28399999999999
2025-08-01,02G,356.66240000000005,118.39199999999998
2024-08-01,02G,110.12722000000002,117.757
2024-09-01,02G,104.34762000000002,117.754
2023-07-01,02G,119.09870999999998,116.864
2025-09-01,02G,381.7724,118.269
2024-07-01,02G,102.38453999999996,117.72800000000001
2022-04-01,02G,106.92002999999998,115.393
2025-04-01,02G,149.74713,118.29499999999999
2021-07-01,02M,282.70138,180.99
2022-01-01,02M,235.57693999999998,182.369
2022-12-01,02M,226.75750999999997,184.061
2022-09-01,02M,202.41627,183.409
2023-04-01,02M,200.71707,184.243
2021-11-01,02M,282.41071000000005,182.032
2025-06-01,02M,243.21981000000002,187.53000000000003
2021-12-01,02M,281.8297599999999,182.239
2025-12-01,02M,1257.2027,187.95399999999998
2026-03-01,02M,770.00193,188.13000000000005
2025-03-01,02M,188.99750999999998,187.44199999999998
2026-04-01,02M,750.1709800000001,188.117
2025-11-01,02M,611.49711,187.80700000000002
2025-05-01,02M,262.30909,187.63099999999997
2023-07-01,02M,194.17648,184.588
2022-03-01,02M,249.43314,182.526
2024-02-01,02M,241.18336000000008,185.44400000000002
2026-02-01,02M,694.44653,188.13
2022-08-01,02M,233.22805,183.226
2023-01-01,02M,215.09534,184.12100000000004
2022-07-01,02M,187.65867000000003,182.99699999999996
2024-05-01,02M,174.15181000000004,185.74399999999997
2024-08-01,02M,188.58302999999998,186.27700000000002
2021-06-01,02M,330.31385000000006,180.77399999999997
2023-12-01,02M,230.45073999999997,185.30899999999997
2023-10-01,02M,194.13048999999998,185.14400000000003
2024-11-01,02M,187.15276999999998,187.11800000000005
2024-09-01,02M,180.48587999999995,186.47199999999998
2021-09-01,02M,287.12762000000004,181.58700000000005
2022-02-01,02M,232.11866000000003,182.41
2023-11-01,02M,211.92739999999995,185.331
2022-06-01,02M,198.41700999999998,182.76899999999998
2026-06-01,02M,880.8655900000002,188.13499999999996
2021-08-01,02M,298.74132,181.33400000000003
2023-06-01,02M,225.66610000000003,184.35299999999998
2024-01-01,02M,247.91482000000002,185.343
2024-07-01,02M,202.35114,186.127
2024-10-01,02M,199.64047,186.844
2023-08-01,02M,194.62515,184.80299999999997
2025-01-01,02M,179.51493,187.34200000000004
2025-07-01,02M,551.15101,187.69899999999998
2022-11-01,02M,210.61789999999996,183.865
2024-06-01,02M,183.2273,185.98000000000005
2024-03-01,02M,229.46854,185.50300000000001
2024-12-01,02M,227.52917000000002,187.28799999999998
2023-03-01,02M,235.06740000000008,184.238
2025-02-01,02M,173.5667,187.325
2025-09-01,02M,647.76859,187.981
2025-08-01,02M,480.9177300000001,187.80600000000004
2022-04-01,02M,218.15088,182.54000000000002
2022-10-01,02M,211.45745999999997,183.666
2026-05-01,02M,911.02835,188.234
2021-10-01,02M,256.56958000000003,181.846
2023-02-01,02M,185.19964000000004,184.26699999999997
2025-10-01,02M,541.0088400000001,187.91400000000002
2022-05-01,02M,229.6706,182.635
2023-05-01,02M,211.91894000000005,184.335
2025-04-01,02M,231.50471999999996,187.46300000000002
2023-09-01,02M,197.32409,184.86999999999998
2026-01-01,02M,977.9761299999998,187.98299999999998
2024-04-01,02M,193.33537,185.439
2024-02-01,02P,155.39752000000001,269.43999999999994
2025-05-01,02P,189.87328999999997,270.869
2024-11-01,02P,124.95477999999996,270.65000000000003
2024-08-01,02P,139.33130000000003,270.358
2022-04-01,02P,142.38903,265.57700000000006
2024-10-01,02P,135.36135,270.68199999999996
2025-04-01,02P,163.45871999999997,270.81100000000004
2021-08-01,02P,201.59732,264.89300000000003
2023-05-01,02P,121.07547000000001,267.70799999999997
2023-12-01,02P,134.01262999999997,269.11500000000007
2022-05-01,02P,132.37133000000006,265.68399999999997
2024-06-01,02P,126.30238999999996,269.887
2023-09-01,02P,111.72069,268.62100000000004
2022-09-01,02P,149.08534,266.555
2021-10-01,02P,201.27250000000006,264.887
2022-02-01,02P,160.97726,265.22400000000005
2025-10-01,02P,380.02599000000004,270.7730000000001
2026-06-01,02P,554.06779,270.323
2024-04-01,02P,127.97570999999999,269.576
2021-12-01,02P,208.58059999999995,265.103
2023-06-01,02P,127.69394000000001,267.858
2025-09-01,02P,428.49528000000004,270.718
2021-11-01,02P,179.81647999999998,265.01099999999997
2025-01-01,02P,138.36535000000003,270.71199999999993
2023-04-01,02P,108.14133,267.54
2024-05-01,02P,125.81101999999998,269.922
2022-03-01,02P,141.08443999999997,265.40099999999995
2023-01-01,02P,141.69823000000002,267.007
2023-08-01,02P,120.49500000000002,268.423
2022-06-01,02P,148.99696999999998,265.96999999999997
2026-03-01,02P,516.93842,270.46899999999994
2022-12-01,02P,141.37093000000004,267.05400000000003
2023-10-01,02P,123.22495,268.69
2024-03-01,02P,147.06659000000005,269.50200000000007
2025-08-01,02P,351.2929500000001,270.82399999999996
2023-03-01,02P,128.36959000000002,267.317
2022-07-01,02P,131.50894999999997,266.07099999999997
2026-01-01,02P,746.5845499999998,270.656
2022-08-01,02P,138.26284000000004,266.36699999999996
2024-01-01,02P,131.171,269.198
2022-10-01,02P,145.698,266.62800000000004
2025-12-01,02P,994.0685299999999,270.658
2022-11-01,02P,124.81745,266.78799999999995
2021-06-01,02P,195.15106000000006,264.502
2025-06-01,02P,161.76183,270.788
2026-05-01,02P,502.93162000000007,270.53000000000003
2025-03-01,02P,113.57495,270.74100000000004
2024-07-01,02P,159.11565000000002,270.072
2023-07-01,02P,111.57999000000002,268.1910000000001
2022-01-01,02P,141.24717999999996,265.16999999999996
2021-09-01,02P,173.86028,264.889
2026-02-01,02P,527.74734,270.574
2025-11-01,02P,932.8186900000001,270.658
2025-07-01,02P,358.88005,270.759
2023-11-01,02P,104.87692,268.911
2024-09-01,02P,122.86761000000004,270.49399999999997
2024-12-01,02P,114.64814999999997,270.807
2026-04-01,02P,480.8714999999999,270.519
2025-02-01,02P,129.68324999999996,270.83699999999993
2021-07-01,02P,189.77124999999998,264.767
2023-02-01,02P,117.22362,267.192
2021-10-01,02X,386.61348999999996,327.11600000000016
2025-01-01,02X,347.94158999999996,339.92400000000004
2023-06-01,02X,359.79373999999996,332.55600000000004
2023-03-01,02X,351.83161,331.6030000000001
2025-03-01,02X,302.78917999999993,340.02599999999995
2026-02-01,02X,1549.5277099999998,341.111
2024-03-01,02X,430.1593900000001,336.49000000000007
2022-02-01,02X,319.97452000000004,327.809
2023-04-01,02X,293.27491999999995,331.898
2024-01-01,02X,387.62233999999984,335.7580000000001
2023-10-01,02X,330.74427999999995,334.53099999999995
2022-03-01,02X,384.77205,328.00199999999995
2025-10-01,02X,1277.20632,341.336
2026-01-01,02X,2135.50094,341.429
2025-05-01,02X,476.2785699999999,340.42499999999995
2025-09-01,02X,1303.7532500000004,341.354
2022-10-01,02X,329.29738000000003,330.02900000000005
2022-06-01,02X,308.41708,328.79000000000013
2023-02-01,02X,290.80943,331.3559999999999
2021-07-01,02X,407.62993,326.62899999999996
2022-07-01,02X,319.84782,329.03400000000005
2021-06-01,02X,447.60687000000013,326.1480000000001
2024-08-01,02X,342.34209,338.7199999999999
2026-05-01,02X,1704.1034300000001,340.716
2025-08-01,02X,944.29899,341.08099999999996
2025-06-01,02X,450.82094000000006,340.5249999999999
2024-04-01,02X,321.80047999999994,336.84700000000004
2021-11-01,02X,369.18282,327.0970000000001
2023-01-01,02X,310.32649000000004,330.9439999999999
2023-05-01,02X,332.80989,332.067
2022-11-01,02X,308.28790000000004,330.4720000000001
2025-07-01,02X,993.0198499999999,340.736
2022-04-01,02X,316.28196,328.25500000000005
2023-12-01,02X,367.0539700000001,335.332
2023-11-01,02X,345.33374999999995,334.9510000000001
2023-09-01,02X,332.15768,334.13500000000005
2022-05-01,02X,341.12167000000005,328.2830000000001
2025-04-01,02X,423.92530000000005,340.2660000000001
2024-06-01,02X,306.76030000000014,337.827
2022-08-01,02X,327.82964000000004,329.48199999999997
2024-05-01,02X,350.01249,337.38999999999993
2024-12-01,02X,361.68044999999995,339.813
2026-04-01,02X,1814.7493100000004,340.77600000000007
2022-12-01,02X,353.79128999999995,330.796
2024-07-01,02X,342.81893,338.27000000000015
2022-09-01,02X,322.91765000000004,329.8329999999999
2021-12-01,02X,407.07183999999995,327.297
2021-08-01,02X,367.1492799999999,326.87800000000004
2025-12-01,02X,2742.2146299999995,341.433
2026-06-01,02X,1804.32316,340.4739999999998
2024-10-01,02X,353.83711,339.27
2023-07-01,02X,307.66286999999994,333.07300000000004
2025-02-01,02X,337.49380999999994,340.052
2024-09-01,02X,313.07629,339.0310000000001
2024-11-01,02X,331.06577,339.561
2021-09-01,02X,372.98451999999986,327.061
2025-11-01,02X,1425.23188,341.456
2024-02-01,02X,359.23456,336.06
2023-08-01,02X,322.71006,333.69399999999996
2022-01-01,02X,355.87184999999994,327.561
2026-03-01,02X,1482.3217200000004,340.74199999999996
2026-02-01,03L,953.0578500000001,277.00199999999995
2026-06-01,03L,1077.8654,276.654
2025-11-01,03L,1037.46473,277.03999999999996
2022-09-01,03L,387.46540000000005,267.856
2022-01-01,03L,320.29503,266.594
2022-05-01,03L,336.3131899999999,267.08700000000005
2024-04-01,03L,322.2168099999999,273.03799999999995
2021-12-01,03L,419.23940999999996,266.4870000000001
2026-04-01,03L,1178.6668099999997,276.93899999999996
2022-02-01,03L,332.69236,266.744
2023-10-01,03L,393.8294499999999,271.60400000000004
2025-08-01,03L,703.4027500000001,276.717
2026-05-01,03L,1203.28696,276.818
2024-03-01,03L,324.86528,272.814
2024-07-01,03L,282.72697999999997,274.099
2025-12-01,03L,1789.3904900000002,276.96899999999994
2024-12-01,03L,264.30865,275.36899999999997
2023-08-01,03L,306.78117000000003,271.013
2023-03-01,03L,400.5895499999999,269.327
2023-11-01,03L,282.98035999999996,271.801
2023-01-01,03L,299.77639999999997,268.77000000000004
2024-08-01,03L,262.92686,274.34400000000005
2022-07-01,03L,302.3451399999999,267.573
2026-03-01,03L,1024.9588099999999,276.93500000000006
2021-09-01,03L,384.79006,266.06300000000005
2023-02-01,03L,279.10491999999994,269.06
2025-10-01,03L,877.4460199999999,276.89400000000006
2022-04-01,03L,465.74273999999997,267.03800000000007
2023-04-01,03L,350.43996000000004,269.67
2025-07-01,03L,755.5896200000001,276.4260000000001
2024-09-01,03L,282.14452,274.59599999999995
2024-05-01,03L,374.41264,273.36300000000006
2024-11-01,03L,253.71916000000007,275.17900000000003
2023-06-01,03L,375.65586999999994,270.241
2023-12-01,03L,396.8686199999999,272.11899999999997
2021-06-01,03L,402.38569,265.2700000000001
2026-01-01,03L,1673.87585,276.94399999999996
2021-10-01,03L,387.00057,266.334
2023-05-01,03L,523.10396,269.9599999999999
2025-02-01,03L,251.88227999999995,275.809
2022-08-01,03L,317.95528,267.572
2025-09-01,03L,889.0028000000001,276.861
2024-01-01,03L,394.66431000000017,272.34299999999996
2021-08-01,03L,357.2515999999999,265.89799999999997
2023-09-01,03L,448.57358000000005,271.26099999999997
2022-11-01,03L,341.4115300000001,268.47999999999996
2025-06-01,03L,347.48289000000005,276.225
2022-03-01,03L,318.6936199999999,266.776
2025-03-01,03L,239.76404000000002,275.91900000000004
2022-06-01,03L,388.29420999999996,267.346
2024-06-01,03L,261.26164,273.81899999999996
2025-04-01,03L,298.71864000000005,276.0619999999999
2024-10-01,03L,267.78884,274.79799999999994
2025-05-01,03L,367.37130000000013,275.95799999999997
2022-10-01,03L,535.29397,268.19100000000003
2023-07-01,03L,379.7895199999999,270.568
2025-01-01,03L,279.51092,275.61000000000007
2021-07-01,03L,388.07077,265.68800000000005
2024-02-01,03L,376.20093,272.68399999999997
2021-11-01,03L,349.55788,266.42600000000004
2022-12-01,03L,404.52598,268.7049999999999
2021-12-01,03N,330.4408800000001,621.0970000000001
2025-06-01,03N,365.76022000000006,637.1809999999998
2025-09-01,03N,892.5243999999996,634.825
2024-12-01,03N,278.31185000000005,641.7210000000001
2024-06-01,03N,249.35389999999998,638.2620000000001
2026-05-01,03N,1182.9985199999999,632.6500000000002
2025-07-01,03N,745.02,636.4070000000004
2021-07-01,03N,335.84675,613.2429999999999
2022-01-01,03N,268.46395,619.4660000000001
2021-08-01,03N,281.27139,612.762
2025-11-01,03N,1487.9682000000005,639.908
2022-02-01,03N,230.95028000000005,619.6070000000002
2024-08-01,03N,244.25452000000007,636.9499999999999
2024-09-01,03N,259.2646699999999,636.703
2025-10-01,03N,889.6652000000001,640.166
2026-03-01,03N,1233.6568,635.6519999999996
2026-04-01,03N,1342.77527,634.2800000000001
2022-07-01,03N,267.37832000000014,619.135
2026-02-01,03N,1089.0507999999998,636.7959999999999
2023-02-01,03N,278.96812000000006,630.2970000000001
2024-01-01,03N,304.3335099999999,638.7779999999999
2021-10-01,03N,279.75550000000004,618.3340000000001
2023-09-01,03N,231.37352000000016,630.0019999999997
2022-10-01,03N,275.80974000000015,624.9929999999997
2022-06-01,03N,248.48307000000014,619.076
2024-04-01,03N,222.89367999999988,638.435
2025-01-01,03N,276.66627,641.4480000000001
2022-12-01,03N,304.6638399999999,629.5239999999999
2021-09-01,03N,313.97091,612.4729999999998
2021-06-01,03N,379.1515800000001,613.487
2023-06-01,03N,286.0707400000001,630.856
2026-06-01,03N,1228.94572,631.0160000000002
2025-05-01,03N,371.31266999999986,639.3780000000002
2025-08-01,03N,801.2256000000001,635.482
2023-03-01,03N,307.4985599999999,630.686
2022-09-01,03N,275.5243299999999,618.6659999999999
2023-12-01,03N,293.4663900000001,639.1620000000003
2025-03-01,03N,267.7924500000001,640.6110000000002
2023-01-01,03N,297.49405,629.4650000000001
2024-07-01,03N,286.20501,637.6160000000003
2023-08-01,03N,257.9346699999999,630.3169999999998
2023-11-01,03N,245.24136999999985,638.7479999999999
2023-10-01,03N,254.24908000000005,638.0750000000002
2022-08-01,03N,343.01991000000004,618.589
2024-10-01,03N,278.2840199999999,640.9720000000002
2022-04-01,03N,250.79392000000016,618.854
2023-04-01,03N,254.50116999999997,630.6019999999996
2022-05-01,03N,269.0238100000001,618.718
2025-02-01,03N,266.02779999999996,641.02
2022-03-01,03N,283.2011699999999,618.415
2025-12-01,03N,2129.7012799999998,639.2650000000001
2026-01-01,03N,1528.6866599999996,638.3969999999998
2024-05-01,03N,269.6390700000001,638.6130000000002
2022-11-01,03N,314.43025,628.6879999999998
2023-05-01,03N,292.73391000000004,630.7760000000002
2024-11-01,03N,251.75198000000003,641.6259999999999
2021-11-01,03N,300.71315999999996,620.3229999999998
2024-03-01,03N,332.0171700000001,638.7339999999999
2025-04-01,03N,344.9039100000001,639.99
2024-02-01,03N,275.5318,639.064
2023-07-01,03N,249.50978000000003,630.5580000000002
2022-04-01,00L,215.19035999999997,333.34599999999995
2023-12-01,00L,246.80465999999998,337.82399999999996
2024-06-01,00L,225.58952,339.6300000000001
2023-06-01,00L,199.46906,336.17799999999994
2023-07-01,00L,188.13894,336.4639999999999
2021-06-01,00L,355.6317499999999,331.6259999999999
2023-10-01,00L,192.99545,337.2459999999999
2025-05-01,00L,254.37860000000006,342.1390000000001
2022-08-01,00L,227.14821999999998,334.2319999999999
2025-12-01,00L,1415.9860999999999,344.04299999999995
2024-12-01,00L,198.00671000000006,341.42300000000006
2021-10-01,00L,288.75948000000005,332.816
2022-09-01,00L,211.61905,334.575
2023-09-01,00L,183.90228000000005,337.174
2025-07-01,00L,477.63131999999996,342.7049999999999
2023-04-01,00L,193.26652000000004,335.87600000000003
2024-07-01,00L,233.80468,339.93399999999997
2025-02-01,00L,166.74908,341.7459999999999
2022-03-01,00L,237.52483999999995,333.25199999999995
2026-01-01,00L,936.99589,344.235
2024-11-01,00L,216.97783000000007,341.32900000000006
2022-12-01,00L,230.7976,335.1209999999999
2021-12-01,00L,289.87841000000003,332.99399999999997
2024-03-01,00L,237.32375,338.532
2022-07-01,00L,201.42894000000004,333.92799999999994
2023-01-01,00L,184.38499,335.1449999999999
2024-09-01,00L,195.43327,340.83700000000005
2023-02-01,00L,218.28008,335.36300000000006
2022-05-01,00L,201.00748000000007,333.508
2022-10-01,00L,194.20391000000006,334.68499999999995
2021-09-01,00L,308.6329600000001,332.718
2024-05-01,00L,210.64225000000008,339.429
2025-01-01,00L,190.88525,341.537
2023-05-01,00L,214.56543000000002,336.003
2021-11-01,00L,273.77766999999994,332.846
2024-04-01,00L,232.2819999999999,338.729
2023-03-01,00L,222.26666999999995,335.54600000000005
2023-11-01,00L,225.67487000000003,337.59799999999996
2026-04-01,00L,771.5896799999999,344.837
2026-06-01,00L,752.98495,345.037
2025-06-01,00L,257.39188999999993,342.46299999999997
2021-07-01,00L,287.40353000000005,332.09
2025-08-01,00L,464.322,343.19199999999995
2024-08-01,00L,224.26986,340.36100000000005
2022-01-01,00L,234.47362,333.0500000000001
2023-08-01,00L,189.67648,336.76199999999994
2026-02-01,00L,696.01655,344.392
2022-06-01,00L,190.19441000000006,333.64000000000004
2024-02-01,00L,240.35623,338.33299999999997
2022-02-01,00L,215.87183000000005,333.163
2026-03-01,00L,717.1996899999999,344.6040000000001
2025-03-01,00L,181.53188000000003,341.83599999999996
2025-10-01,00L,550.65465,343.72900000000004
2024-01-01,00L,211.87672,338.041
2021-08-01,00L,313.57484000000005,332.39300000000003
2026-05-01,00L,808.53737,345.0159999999999
2022-11-01,00L,213.95922,334.96
2025-11-01,00L,2576.7523199999996,343.924
2025-04-01,00L,216.02659999999997,341.899
2025-09-01,00L,568.9661900000001,343.58199999999994
2024-10-01,00L,194.52273,341.04300000000006
2022-06-01,00N,59.86871,158.892
2023-04-01,00N,68.71150999999999,159.17299999999997
2023-11-01,00N,44.632,159.752
2022-02-01,00N,54.871140000000004,158.757
2026-05-01,00N,151.84664999999998,158.90699999999998
2022-09-01,00N,56.06904000000001,159.031
2022-05-01,00N,48.09916,158.79500000000002
2025-12-01,00N,325.12440000000004,159.473
2022-11-01,00N,48.12101,159.176
2024-03-01,00N,57.64569999999999,159.841
2023-06-01,00N,61.89997999999999,159.28100000000006
2026-04-01,00N,167.37745999999999,159.109
2025-07-01,00N,110.6324,159.668
2024-05-01,00N,52.53569,159.944
2025-06-01,00N,60.3893,159.68399999999997
2024-11-01,00N,52.32751,159.888
2025-09-01,00N,127.70639999999999,159.6
2024-02-01,00N,42.62046,159.929
2023-02-01,00N,52.468149999999994,159.10900000000004
2024-01-01,00N,48.49621,159.85400000000004
2023-01-01,00N,58.001520000000006,159.122
2024-10-01,00N,53.70279,159.93799999999996
2026-02-01,00N,192.0292,159.21
2022-03-01,00N,47.77631000000001,158.81899999999996
2025-05-01,00N,58.47981999999999,159.77499999999998
2024-04-01,00N,53.22879000000001,159.837
2022-07-01,00N,65.89119,158.918
2024-12-01,00N,56.187129999999996,159.93
2023-07-01,00N,41.673179999999995,159.412
2023-10-01,00N,54.56758,159.658
2026-01-01,00N,233.4352,159.38300000000004
2022-10-01,00N,52.84211,159.12099999999995
2023-09-01,00N,45.12783999999999,159.60500000000002
2026-06-01,00N,152.96369000000004,158.71800000000002
2024-07-01,00N,63.251650000000005,160.01100000000002
2025-10-01,00N,148.226,159.60099999999994
2023-03-01,00N,48.645610000000005,159.13
2024-08-01,00N,57.8331,159.971
2025-01-01,00N,52.84535999999999,159.95299999999997
2026-03-01,00N,118.2052,159.097
2022-04-01,00N,66.1604,158.82699999999997
2021-08-01,00N,56.562619999999995,158.714
2021-07-01,00N,69.87125,158.73100000000002
2021-12-01,00N,60.73655,158.71299999999997
2022-08-01,00N,55.75307000000001,158.963
2021-11-01,00N,58.34368,158.67899999999997
2024-06-01,00N,42.023320000000005,160.024
2024-09-01,00N,66.30587000000001,159.989
2025-04-01,00N,59.816120000000005,159.82000000000002
2025-02-01,00N,36.9566,159.965
2021-09-01,00N,67.00348,158.76600000000002
2021-06-01,00N,86.42038,158.61499999999995
2022-12-01,00N,59.55487,159.177
2025-03-01,00N,49.85405999999999,159.909
2025-08-01,00N,129.66679999999997,159.62199999999996
2025-11-01,00N,175.9344,159.50799999999998
2023-08-01,00N,44.37158999999999,159.495
2022-01-01,00N,51.48292,158.713
2023-12-01,00N,62.53616000000001,159.79300000000003
2021-10-01,00N,71.47688000000001,158.755
2023-05-01,00N,52.51951999999999,159.16799999999998
2025-01-01,00P,69.13823,295.55
2023-09-01,00P,78.35431999999999,291.154
2024-07-01,00P,84.24352,294.92
2023-06-01,00P,80.59705000000002,290.38100000000003
2025-06-01,00P,87.9734,295.38
2022-04-01,00P,109.59716999999996,286.6380000000001
2022-07-01,00P,64.98034000000001,286.869
2025-11-01,00P,188.744,295.6840000000001
2024-09-01,00P,78.57052000000002,295.09100000000007
2022-01-01,00P,102.89398999999999,285.825
2026-06-01,00P,301.27549,294.55800000000005
2023-02-01,00P,70.95047,289.38900000000007
2024-11-01,00P,78.36386999999996,295.47299999999996
2024-06-01,00P,72.86786000000001,294.87100000000004
2022-08-01,00P,91.54788000000003,286.9819999999999
2024-08-01,00P,66.44033999999999,295.04999999999995
2025-08-01,00P,196.83560000000006,295.2989999999999
2022-02-01,00P,103.96488,286.005
2022-11-01,00P,99.26926000000002,288.0969999999999
2023-01-01,00P,104.10773,289.361
2026-03-01,00P,267.4824,295.06399999999996
2023-10-01,00P,92.51203,291.585
2023-05-01,00P,82.25416999999999,290.2240000000001
2023-04-01,00P,72.36258,290.13999999999993
2025-10-01,00P,225.52319999999997,295.4689999999999
2023-07-01,00P,69.63850000000001,290.57300000000004
2023-12-01,00P,110.91834,293.129
2026-04-01,00P,260.89463,295.086
2021-08-01,00P,132.68995000000007,284.6800000000001
2022-09-01,00P,78.95016,287.164
2026-01-01,00P,390.43439999999987,295.43499999999995
2022-03-01,00P,99.10337000000001,286.15999999999997
2023-03-01,00P,85.16555000000002,289.761
2025-02-01,00P,61.915199999999984,295.5189999999999
2023-11-01,00P,83.17583999999998,292.445
2021-10-01,00P,127.32204000000002,284.82899999999995
2021-11-01,00P,85.93957999999998,285.248
2024-01-01,00P,91.72937000000002,293.522
2022-12-01,00P,104.98769000000003,288.864
2025-04-01,00P,79.07839,295.45899999999995
2021-07-01,00P,125.19153,284.69000000000005
2025-09-01,00P,248.04720000000006,295.22900000000004
2024-12-01,00P,70.46696999999998,295.615
2024-10-01,00P,68.87509999999999,295.26599999999996
2023-08-01,00P,84.46537000000002,290.91800000000006
2024-05-01,00P,77.09508999999998,294.77899999999994
2021-09-01,00P,105.51824999999998,284.68699999999995
2022-10-01,00P,92.5019,287.515
2025-12-01,00P,412.8156,295.6059999999999
2025-07-01,00P,169.46720000000002,295.3230000000001
2026-02-01,00P,233.75679999999997,295.248
2022-06-01,00P,91.54706,286.853
2026-05-01,00P,246.39548000000005,294.96100000000007
2024-02-01,00P,91.86388000000002,293.9320000000001
2025-03-01,00P,56.46098999999998,295.479
2024-03-01,00P,86.47194999999999,294.15899999999993
2021-06-01,00P,150.5366,284.451
2022-05-01,00P,97.52070999999998,286.85499999999996
2021-12-01,00P,118.10363999999997,285.707
2024-04-01,00P,84.37055,294.3540000000001
2025-05-01,00P,101.91376000000001,295.413
2022-07-01,01H,389.4821900000001,329.97299999999996
2023-05-01,01H,357.96979999999996,332.2390000000001
2022-03-01,01H,471.19016999999997,329.142
2023-04-01,01H,330.31802000000005,332.06499999999994
2026-02-01,01H,1196.8627400000005,337.633
2023-12-01,01H,352.69669,334.108
2022-10-01,01H,376.90767,331.0080000000001
2024-07-01,01H,322.41199,335.407
2024-12-01,01H,289.47002,336.4049999999998
2023-02-01,01H,349.82703000000004,331.8209999999999
2025-04-01,01H,312.6054499999999,336.77900000000005
2022-02-01,01H,411.5807,329.11000000000007
2023-07-01,01H,280.71301,332.77199999999993
2026-05-01,01H,845.91878,337.44599999999997
2022-05-01,01H,435.52738,329.33200000000016
2022-06-01,01H,402.37846999999994,329.6699999999999
2021-07-01,01H,562.17612,327.77599999999995
2021-08-01,01H,537.8799499999999,328.03200000000004
2025-09-01,01H,851.0417799999999,337.614
2022-11-01,01H,388.85773000000006,331.29299999999995
2023-11-01,01H,308.81982,333.83299999999997
2024-05-01,01H,309.12749,334.8819999999999
2023-08-01,01H,341.25895999999995,333.1980000000001
2023-01-01,01H,337.14601,331.6209999999999
2024-11-01,01H,296.59004000000004,336.215
2024-04-01,01H,283.89788000000004,334.4959999999999
2021-11-01,01H,549.8813900000001,328.4830000000001
2025-07-01,01H,777.39179,337.2349999999999
2025-06-01,01H,327.86139000000003,337.20200000000006
2022-09-01,01H,384.67385,330.8640000000001
2026-04-01,01H,1225.9409599999997,337.646
2022-12-01,01H,374.0553100000001,331.4529999999999
2023-09-01,01H,297.38188,333.51800000000003
2026-06-01,01H,826.3722500000002,337.294
2021-10-01,01H,534.88737,328.4839999999999
2022-04-01,01H,424.6099600000001,329.171
2025-11-01,01H,828.3748600000001,337.64599999999996
2024-02-01,01H,295.6681300000001,334.31600000000003
2023-06-01,01H,351.23495,332.43200000000013
2025-05-01,01H,349.85994999999997,336.9620000000002
2023-10-01,01H,326.23809,333.663
2024-06-01,01H,284.45958,335.14000000000004
2023-03-01,01H,356.74683,332.026
2026-01-01,01H,1143.2545799999998,337.67899999999986
2026-03-01,01H,756.4862899999999,337.5590000000001
2024-03-01,01H,353.1814300000001,334.454
2025-10-01,01H,738.68009,337.61899999999997
2025-03-01,01H,278.60905,336.643
2025-01-01,01H,284.94711,336.52099999999996
2025-12-01,01H,1544.7836800000005,337.70800000000014
2024-09-01,01H,288.29814,335.87899999999996
2021-06-01,01H,624.9443099999999,327.51400000000007
2021-12-01,01H,608.4731400000001,328.6980000000001
2024-01-01,01H,353.98018,334.18400000000014
2025-08-01,01H,620.59653,337.553
2022-08-01,01H,401.9684799999999,330.3290000000002
2022-01-01,01H,468.18739999999997,329.01599999999996
2021-09-01,01H,524.0119,328.3589999999999
2025-02-01,01H,244.2745400000001,336.63899999999995
2024-10-01,01H,289.80902,335.93299999999994
2024-08-01,01H,296.93270999999993,335.76200000000006
2023-09-01,13T,226.72902000000008,547.627
2024-07-01,13T,231.42117999999996,556.4499999999998
2023-11-01,13T,225.19870999999995,553.495
2024-11-01,13T,181.59535000000002,560.8219999999999
2025-09-01,13T,663.0295600000002,559.165
2026-01-01,13T,941.2224000000001,562.1840000000001
2023-08-01,13T,250.73583000000002,547.6180000000002
2022-06-01,13T,280.03976,539.6719999999999
2025-07-01,13T,499.19239999999996,560.0849999999998
2025-08-01,13T,414.03599999999994,559.347
2025-02-01,13T,188.4701900000001,561.2460000000001
2026-05-01,13T,749.4720300000002,557.991
2023-05-01,13T,250.97949000000003,547.7639999999998
2022-02-01,13T,287.41920000000005,538.5199999999999
2021-09-01,13T,391.7834500000001,531.1529999999999
2023-06-01,13T,231.63162000000003,547.92
2021-08-01,13T,401.0447699999999,531.3720000000002
2022-05-01,13T,275.82047,539.689
2024-06-01,13T,198.04705,556.6719999999999
2026-06-01,13T,612.7548799999997,555.702
2026-04-01,13T,573.0887899999999,558.9799999999998
2024-12-01,13T,203.75205000000003,561.175
2022-11-01,13T,254.10002999999992,544.668
2022-09-01,13T,271.62389,538.584
2026-02-01,13T,612.7459999999998,561.062
2021-06-01,13T,488.04586000000023,531.981
2021-10-01,13T,326.3375200000002,533.536
2024-02-01,13T,227.60771000000005,555.4240000000001
2025-03-01,13T,182.32812000000004,561.324
2024-09-01,13T,190.58187000000004,555.851
2023-12-01,13T,252.14673000000005,554.5170000000002
2024-03-01,13T,257.5752799999999,556.185
2024-05-01,13T,215.46566000000007,556.7230000000001
2022-08-01,13T,255.98469000000009,539.15
2022-01-01,13T,316.10327,538.215
2023-07-01,13T,208.45653,547.661
2026-03-01,13T,651.2591999999999,559.8559999999999
2022-04-01,13T,272.6866600000002,539.4100000000001
2025-11-01,13T,672.1199999999999,563.0730000000001
2025-01-01,13T,201.6105000000001,561.136
2021-07-01,13T,394.09151,531.6569999999999
2025-06-01,13T,264.63462,560.6460000000001
2021-12-01,13T,372.31066000000004,537.594
2021-11-01,13T,373.1048799999999,536.1889999999999
2023-02-01,13T,215.88355,546.5980000000001
2023-10-01,13T,204.01712000000006,550.477
2022-10-01,13T,251.67908000000014,541.393
2023-03-01,13T,251.27491,547.3159999999999
2025-04-01,13T,218.65389999999994,561.234
2022-12-01,13T,260.97769,545.9710000000001
2024-08-01,13T,208.24335999999994,556.148
2024-04-01,13T,224.43932999999996,556.3249999999999
2022-03-01,13T,318.51291,539.2219999999998
2023-01-01,13T,249.80233,546.3190000000001
2025-10-01,13T,501.80519999999996,562.2059999999999
2024-01-01,13T,266.8030799999999,554.9820000000001
2025-12-01,13T,908.4179999999999,563.113
2022-07-01,13T,282.0983100000002,539.4649999999999
2025-05-01,13T,258.12505999999996,561.089
2023-04-01,13T,235.08748999999997,547.5900000000003
2024-10-01,13T,202.47154999999992,558.8140000000002
2021-10-01,16C,387.3468600000001,713.754
2023-03-01,16C,353.1478099999999,725.0330000000004
2023-04-01,16C,297.41491999999994,725.7939999999995
2024-05-01,16C,242.76242000000005,734.5279999999998
2025-02-01,16C,204.9772,739.0450000000002
2026-06-01,16C,1101.0044799999996,738.296
2026-04-01,16C,985.6072399999998,739.9549999999996
2024-11-01,16C,235.62746000000004,737.8929999999999
2024-07-01,16C,287.47042,735.2210000000001
2024-06-01,16C,223.61161999999996,734.8099999999998
2022-01-01,16C,439.69131000000027,716.2000000000004
2024-08-01,16C,240.7149700000001,735.9889999999999
2022-10-01,16C,367.22560000000004,721.0209999999997
2021-08-01,16C,445.99620999999985,713.029
2026-03-01,16C,1032.6249799999998,740.444
2023-01-01,16C,364.37645000000003,722.9460000000003
2025-04-01,16C,312.97601000000003,739.569
2024-03-01,16C,333.24959,733.3900000000001
2026-02-01,16C,989.44385,740.8700000000002
2023-09-01,16C,302.97337000000016,727.752
2022-07-01,16C,343.1246900000001,719.5180000000001
2026-01-01,16C,1192.6447999999996,741.0749999999999
2024-02-01,16C,300.77644,732.833
2022-05-01,16C,398.4834500000002,718.542
2025-09-01,16C,770.1479999999998,740.343
2022-04-01,16C,354.79182999999995,718.3470000000001
2024-01-01,16C,334.71957999999995,731.544
2023-12-01,16C,331.88342000000017,731.1039999999997
2024-04-01,16C,269.8247699999999,733.6530000000001
2023-10-01,16C,321.0997199999999,728.6809999999999
2026-05-01,16C,1019.1637799999997,739.7720000000002
2023-07-01,16C,301.16673999999995,726.8629999999999
2021-07-01,16C,438.2616400000002,712.5679999999999
2022-09-01,16C,351.42405999999994,720.2580000000002
2022-08-01,16C,381.89637,719.8049999999997
2021-11-01,16C,425.60971000000006,714.6949999999999
2022-11-01,16C,371.4894800000002,722.126
2025-03-01,16C,212.26691000000005,739.3200000000004
2022-03-01,16C,388.2783499999998,717.4539999999998
2023-02-01,16C,339.7745700000001,723.907
2022-06-01,16C,370.68195000000014,719.2450000000001
2021-06-01,16C,539.4543100000002,711.9910000000001
2025-10-01,16C,756.5904000000004,741.5339999999999
2025-01-01,16C,251.15327000000002,738.163
2025-12-01,16C,1636.4815700000004,741.3
2022-02-01,16C,354.06403000000006,716.7220000000003
2023-08-01,16C,321.77388999999994,727.246
2025-05-01,16C,316.8942199999999,739.7070000000001
2025-11-01,16C,909.3445599999997,741.3529999999996
2024-10-01,16C,240.25007999999997,737.3739999999997
2023-06-01,16C,324.41453,726.3620000000001
2021-09-01,16C,441.5639600000002,713.4769999999999
2023-05-01,16C,334.81465999999995,725.9590000000001
2025-07-01,16C,637.5408000000001,739.895
2023-11-01,16C,299.24075999999997,730.2899999999997
2024-12-01,16C,251.18118000000007,738.1240000000003
2021-12-01,16C,454.5524900000002,715.7090000000003
2025-08-01,16C,612.2466100000001,740.2289999999998
2024-09-01,16C,249.28607,736.4040000000001
2025-06-01,16C,322.42979,739.8020000000001
2022-12-01,16C,408.8863800000001,722.8800000000001
2026-05-01,84H,1047.0167500000005,570.5139999999999
2023-10-01,84H,339.69202999999993,564.7650000000003
2021-09-01,84H,506.04898000000003,556.9390000000001
2023-06-01,84H,368.6787200000001,563.9939999999999
2021-07-01,84H,536.3370500000001,558.1020000000001
2025-12-01,84H,1579.4929400000003,572.1310000000001
2023-07-01,84H,309.82374,563.446
2025-05-01,84H,309.0417999999999,569.3660000000001
2024-04-01,84H,316.10099999999983,566.4920000000002
2025-11-01,84H,869.4272899999999,571.981
2025-08-01,84H,692.4583200000002,568.833
2022-03-01,84H,418.0375799999998,560.8109999999999
2025-06-01,84H,364.09284,569.4589999999998
2024-12-01,84H,304.04151,569.6730000000001
2022-05-01,84H,401.1841400000001,560.5749999999999
2024-11-01,84H,262.38338000000005,568.8180000000001
2025-02-01,84H,241.99999000000005,569.7239999999998
2022-11-01,84H,631.53233,563.0860000000001
2021-10-01,84H,465.46106000000003,557.1759999999999
2024-02-01,84H,350.33627999999993,566.9379999999998
2021-08-01,84H,545.5052000000002,557.0980000000001
2022-02-01,84H,400.06122000000016,561.3000000000003
2022-04-01,84H,357.6897700000002,560.72
2026-06-01,84H,1076.8343999999995,569.6069999999997
2022-09-01,84H,408.2802099999999,560.2069999999999
2022-07-01,84H,373.4905100000001,560.5239999999999
2025-03-01,84H,234.12962000000007,569.5980000000001
2023-04-01,84H,309.06126,563.795
2023-08-01,84H,348.83361,563.1549999999997
2021-12-01,84H,518.6052900000002,560.7710000000001
2022-10-01,84H,373.20340999999996,561.2559999999999
2024-03-01,84H,338.5448600000001,566.7500000000001
2022-08-01,84H,426.7887999999999,560.204
2025-04-01,84H,321.3682000000002,569.6129999999998
2025-01-01,84H,285.9675100000001,569.7379999999999
2024-06-01,84H,273.04188999999997,566.972
2026-03-01,84H,951.2425099999998,571.491
2026-01-01,84H,1304.6606900000002,571.8580000000001
2023-03-01,84H,375.33879999999994,563.723
2024-07-01,84H,329.68931999999995,566.7419999999997
2024-10-01,84H,291.5116699999999,567.102
2025-10-01,84H,759.5120700000002,570.7360000000001
2021-06-01,84H,607.4798300000001,558.062
2023-12-01,84H,388.39297000000005,566.783
2023-09-01,84H,305.54257000000007,562.9480000000002
2024-08-01,84H,273.03091,566.4179999999999
2024-01-01,84H,353.30991000000006,566.788
2023-02-01,84H,305.48410000000007,563.5759999999999
2024-05-01,84H,314.84751000000006,566.6679999999999
2023-01-01,84H,376.1646399999999,563.4680000000001
2023-11-01,84H,308.33835,566.32
2026-02-01,84H,828.7376600000001,571.6020000000001
2026-04-01,84H,1024.9775300000001,571.0409999999999
2025-09-01,84H,766.5714999999999,568.6310000000002
2024-09-01,84H,294.8534499999999,566.2069999999998
2022-01-01,84H,403.59212999999994,561.0389999999999
2022-12-01,84H,379.34098,563.51
2023-05-01,84H,336.86871000000014,563.8930000000001
2022-06-01,84H,397.2448800000001,560.9169999999999
2025-07-01,84H,589.14325,569.2950000000001
2021-11-01,84H,525.84704,559.3550000000001
2025-06-01,99C,165.79088,228.903
2022-09-01,99C,163.49485999999996,225.055
2021-06-01,99C,299.58108000000004,223.41299999999998
2026-06-01,99C,475.8807800000001,229.15200000000004
2023-03-01,99C,159.78867,225.70099999999996
2022-04-01,99C,155.7789,224.313
2023-12-01,99C,156.16920000000002,227.124
2023-06-01,99C,179.64884999999992,226.038
2022-03-01,99C,215.68694000000005,224.31300000000002
2025-09-01,99C,385.54720000000003,229.18899999999996
2022-12-01,99C,165.34533999999996,225.30300000000003
2022-06-01,99C,136.94201000000004,224.577
2025-02-01,99C,123.25290000000001,228.71300000000002
2024-03-01,99C,179.20580999999999,227.24800000000002
2025-11-01,99C,472.32679999999993,229.30600000000007
2023-04-01,99C,186.93712000000002,225.89100000000005
2024-04-01,99C,147.55162,227.476
2022-11-01,99C,176.64308999999997,225.27000000000004
2021-12-01,99C,231.27452,224.01299999999995
2023-07-01,99C,149.89725,226.306
2025-01-01,99C,148.31621,228.67399999999998
2024-01-01,99C,166.65958999999995,227.14300000000006
2024-07-01,99C,136.07846999999998,227.93500000000006
2023-08-01,99C,155.85082999999997,226.48299999999998
2023-09-01,99C,167.25784000000002,226.66199999999995
2026-01-01,99C,687.1260000000001,229.422
2025-04-01,99C,159.32246999999998,228.79
2022-07-01,99C,182.28019,224.776
2023-10-01,99C,155.16979000000003,226.932
2021-10-01,99C,218.43604000000002,223.81900000000002
2023-01-01,99C,182.40243000000004,225.44599999999997
2024-06-01,99C,161.84499,227.76100000000002
2023-02-01,99C,150.94499,225.57600000000002
2026-02-01,99C,467.85760000000005,229.49900000000002
2024-05-01,99C,144.60025000000002,227.69900000000007
2024-12-01,99C,136.54068,228.52499999999998
2024-02-01,99C,177.23652999999996,227.205
2022-01-01,99C,235.02792000000002,224.09400000000002
2021-09-01,99C,282.61599999999993,223.82899999999998
2026-04-01,99C,470.7923300000001,229.367
2022-05-01,99C,189.17954000000003,224.376
2024-09-01,99C,139.31507999999997,228.28900000000004
2021-11-01,99C,246.42912999999996,223.88300000000004
2026-03-01,99C,573.41,229.39200000000002
2024-10-01,99C,124.51369,228.299
2024-08-01,99C,153.28132,228.22899999999998
2025-08-01,99C,345.68799999999993,229.16200000000003
2021-07-01,99C,273.70575,223.46200000000005
2025-12-01,99C,681.0243999999999,229.32599999999996
2025-03-01,99C,128.3613,228.64700000000002
2024-11-01,99C,132.67571999999998,228.42200000000003
2023-11-01,99C,159.47216999999998,227.101
2025-05-01,99C,199.66813000000005,228.83500000000004
2022-08-01,99C,161.8574,224.962
2021-08-01,99C,253.09916000000004,223.62699999999995
2025-10-01,99C,393.84680000000003,229.378
2022-10-01,99C,152.97587000000004,225.09399999999997
2023-05-01,99C,141.20879999999997,225.937
2025-07-01,99C,375.71199999999993,228.97100000000003
2026-05-01,99C,559.45569,229.23000000000008
2022-02-01,99C,182.05472999999998,224.203
2023-04-01,03W,564.57202,355.6239999999999
2022-05-01,03W,645.8441699999998,352.678
2022-07-01,03W,622.18503,353.828
2023-06-01,03W,600.3362900000001,355.913
2022-03-01,03W,709.0378899999998,351.707
2021-08-01,03W,686.9459700000002,345.59600000000006
2023-10-01,03W,539.6952099999999,357.04099999999994
2022-04-01,03W,596.2464900000001,352.258
2023-02-01,03W,545.56062,355.10599999999994
2022-10-01,03W,638.1229299999999,354.8130000000001
2022-06-01,03W,629.3664500000002,353.2869999999999
2024-09-01,03W,510.99289999999996,360.423
2025-10-01,03W,2318.31414,362.0410000000001
2022-09-01,03W,569.36501,354.653
2025-07-01,03W,1522.0360699999997,361.186
2023-07-01,03W,569.1245700000002,355.55500000000006
2021-07-01,03W,746.3154000000001,345.213
2023-05-01,03W,621.9358,355.746
2023-03-01,03W,562.4123000000001,355.347
2022-02-01,03W,575.0217999999999,351.102
2021-09-01,03W,796.6318500000001,346.015
2022-11-01,03W,609.5299299999998,354.6390000000002
2025-03-01,03W,545.9949199999999,360.231
2025-04-01,03W,650.9747600000001,360.342
2026-04-01,03W,2330.97744,361.90700000000004
2025-12-01,03W,5076.140790000001,362.05299999999994
2021-10-01,03W,678.3064199999999,346.453
2024-07-01,03W,567.4360800000001,359.548
2025-08-01,03W,1466.46496,361.63700000000006
2024-10-01,03W,590.3724400000001,360.58600000000007
2024-05-01,03W,545.72241,358.73499999999996
2022-08-01,03W,685.0522599999999,354.1599999999999
2025-11-01,03W,2338.7439799999993,362.09799999999996
2024-12-01,03W,585.6506400000001,359.783
2023-08-01,03W,592.2088100000001,356.10000000000014
2022-12-01,03W,652.5548500000001,354.538
2026-06-01,03W,2169.87587,361.90299999999996
2024-06-01,03W,512.3576999999999,359.2009999999999
2026-05-01,03W,2160.3599000000004,361.925
2021-11-01,03W,776.1559699999998,346.797
2023-12-01,03W,697.46829,357.598
2024-08-01,03W,551.47188,359.9199999999999
2021-06-01,03W,817.2647,344.7600000000001
2024-11-01,03W,574.7435000000002,360.87399999999997
2025-05-01,03W,793.90991,360.68699999999995
2023-01-01,03W,574.1333600000002,354.741
2026-02-01,03W,2402.3099300000003,361.903
2025-09-01,03W,1954.3465099999999,362.0020000000001
2025-02-01,03W,506.30932,360.11899999999997
2026-01-01,03W,3922.1033300000013,362.08000000000004
2023-11-01,03W,609.03419,357.399
2024-02-01,03W,628.09461,357.8289999999999
2021-12-01,03W,811.7979899999999,347.225
2024-04-01,03W,511.1619599999999,358.32499999999993
2023-09-01,03W,568.3311099999999,356.8960000000001
2024-01-01,03W,604.9337200000001,357.504
2025-06-01,03W,689.0881899999999,360.8950000000001
2026-03-01,03W,2123.7437900000004,361.8090000000001
2025-01-01,03W,559.5202800000001,359.9420000000001
2022-01-01,03W,674.5544,348.5940000000001
2024-03-01,03W,600.2381399999997,358.00899999999996
2024-03-01,04C,379.6227400000001,449.2609999999999
2024-05-01,04C,311.6502700000001,449.856
2026-04-01,04C,1419.2916699999996,444.8599999999999
2025-07-01,04C,905.6315999999998,449.1840000000001
2024-11-01,04C,313.43126,450.012
2024-07-01,04C,342.61619,449.79000000000013
2025-06-01,04C,422.5965700000001,449.37399999999997
2023-04-01,04C,284.0995700000001,437.217
2023-11-01,04C,311.78477999999996,444.56699999999995
2024-12-01,04C,320.67603000000014,450.36299999999983
2021-08-01,04C,450.08332999999993,422.14000000000004
2026-03-01,04C,1353.4576000000002,445.72400000000016
2021-11-01,04C,520.6003500000002,423.76800000000003
2026-06-01,04C,1571.48473,442.39300000000014
2022-03-01,04C,354.51307999999983,426.727
2022-02-01,04C,313.63198,426.30299999999994
2026-05-01,04C,1534.6885699999996,443.49300000000005
2026-02-01,04C,1453.1075999999996,446.68200000000013
2022-10-01,04C,283.2986000000002,427.77599999999995
2021-10-01,04C,380.2611700000001,422.1040000000001
2024-09-01,04C,274.6573699999999,449.01200000000006
2024-08-01,04C,335.39824,449.36999999999995
2023-09-01,04C,274.79328000000015,439.61599999999993
2026-01-01,04C,2029.9971,448.21100000000007
2022-09-01,04C,305.0896099999999,427.125
2023-10-01,04C,306.11139999999995,441.263
2025-11-01,04C,1314.79641,449.41400000000004
2022-05-01,04C,1428.0658700000001,426.9329999999998
2024-02-01,04C,338.0874300000001,448.75700000000006
2021-09-01,04C,400.28593,421.8970000000001
2025-03-01,04C,295.71973,449.979
2025-08-01,04C,856.9456000000001,448.6
2025-10-01,04C,1031.8284,448.51699999999994
2023-08-01,04C,267.70109,439.37299999999993
2025-09-01,04C,1118.6363999999999,447.786
2021-12-01,04C,389.29342,424.60999999999996
2022-12-01,04C,313.09153999999995,433.7409999999997
2025-12-01,04C,2667.9697500000007,449.004
2023-02-01,04C,268.88726,435.4910000000001
2022-04-01,04C,833.2285800000001,427.1430000000001
2022-01-01,04C,836.4759999999998,425.8630000000001
2022-11-01,04C,300.07283999999987,430.823
2023-01-01,04C,273.31720000000007,434.45200000000006
2025-04-01,04C,353.47513000000004,450.159
2024-01-01,04C,343.4296599999999,447.3760000000001
2025-01-01,04C,320.40536999999995,450.417
2025-02-01,04C,285.26882000000006,450.43899999999996
2023-03-01,04C,299.80668999999995,436.5830000000001
2021-06-01,04C,410.2193599999998,422.20300000000003
2024-10-01,04C,351.20893,448.728
2021-07-01,04C,376.02421,422.437
2022-08-01,04C,295.1886500000001,426.863
2024-04-01,04C,275.30289999999985,449.45599999999996
2023-12-01,04C,352.33572000000004,446.24799999999993
2023-07-01,04C,294.02684000000005,438.79100000000005
2023-05-01,04C,287.90252999999996,437.421
2022-07-01,04C,295.84191000000015,427.05600000000004
2023-06-01,04C,292.91593,438.4310000000001
2025-05-01,04C,456.92964000000006,449.503
2024-06-01,04C,277.70104000000003,449.74899999999997
2022-06-01,04C,809.7895900000001,427.219
2024-06-01,04V,591.8531600000001,420.30799999999994
2023-10-01,04V,618.5637800000001,416.24
2022-07-01,04V,606.7701099999999,410.1460000000001
2025-12-01,04V,5069.12049,425.392
2025-08-01,04V,1812.3487300000002,423.58699999999993
2022-01-01,04V,596.5165999999999,408.253
2026-03-01,04V,2900.6495300000006,425.40900000000005
2024-10-01,04V,644.4793800000002,421.526
2024-05-01,04V,634.5532900000001,420.34600000000006
2021-10-01,04V,727.9330999999996,406.863
2023-02-01,04V,636.4032399999999,414.188
2025-05-01,04V,893.97028,423.79499999999996
2024-04-01,04V,631.5196199999997,419.91700000000003
2021-09-01,04V,804.2513999999996,404.5630000000002
2022-03-01,04V,713.0357600000003,408.7579999999999
2022-08-01,04V,664.7477300000002,409.89000000000004
2025-01-01,04V,631.9730500000001,423.1669999999999
2021-08-01,04V,751.1615100000001,404.415
2022-11-01,04V,705.2581199999996,412.86299999999994
2023-08-01,04V,676.33265,415.41800000000006
2022-09-01,04V,634.21807,410.12300000000005
2025-11-01,04V,2170.5416299999997,425.42200000000014
2026-02-01,04V,2787.2907399999995,425.299
2022-12-01,04V,742.4555399999998,413.66499999999996
2025-03-01,04V,665.4023000000001,423.8259999999999
2023-06-01,04V,699.13597,415.08700000000005
2026-01-01,04V,3746.484259999999,425.43599999999986
2023-01-01,04V,649.62673,413.86
2021-12-01,04V,765.6848400000001,408.12299999999993
2021-07-01,04V,739.0316199999997,404.71800000000013
2023-04-01,04V,615.8584,414.65599999999995
2022-06-01,04V,610.78733,409.90199999999993
2024-01-01,04V,782.3891400000002,418.42999999999995
2026-04-01,04V,3135.1267300000004,425.40199999999993
2023-03-01,04V,760.3759500000001,414.454
2024-02-01,04V,664.7260100000003,419.128
2026-05-01,04V,3163.38042,425.257
2025-04-01,04V,806.59253,423.9250000000001
2025-06-01,04V,841.7963600000004,423.96400000000006
2024-09-01,04V,629.7930600000001,420.42699999999985
2023-11-01,04V,675.79615,417.489
2024-11-01,04V,631.5804999999999,422.55199999999996
2023-09-01,04V,652.6373300000004,415.60099999999994
2025-09-01,04V,2340.9925000000003,423.857
2025-10-01,04V,2097.4800800000003,424.869
2022-04-01,04V,638.46701,409.21599999999995
2023-05-01,04V,669.00759,414.8370000000002
2021-06-01,04V,782.9478000000001,404.52700000000004
2026-06-01,04V,3138.5972899999983,424.82199999999995
2023-12-01,04V,743.4181599999998,418.1500000000001
2025-07-01,04V,1733.5719900000004,423.86300000000006
2024-08-01,04V,607.9608300000001,420.36
2024-12-01,04V,705.7723900000002,422.93600000000004
2021-11-01,04V,678.5694,407.41799999999984
2023-07-01,04V,627.9066299999997,415.254
2022-10-01,04V,682.5702600000001,411.97999999999996
2022-05-01,04V,681.9624399999999,409.4409999999999
2024-03-01,04V,760.7201600000001,419.5489999999999
2022-02-01,04V,642.0105700000001,408.5229999999999
2025-02-01,04V,608.20127,423.585
2024-07-01,04V,681.9831400000002,420.532
2023-05-01,04Y,211.5041,137.367
2025-04-01,04Y,200.71741,140.43100000000004
2025-06-01,04Y,207.82873999999998,140.549
2025-01-01,04Y,172.95922000000002,140.45799999999997
2026-05-01,04Y,1025.6796599999998,140.642
2022-10-01,04Y,211.7878,136.582
2026-04-01,04Y,936.24605,140.57400000000004
2022-09-01,04Y,215.14099000000002,136.53199999999998
2022-08-01,04Y,225.78030000000004,136.40800000000002
2026-02-01,04Y,1117.75654,140.655
2022-01-01,04Y,244.74271000000002,135.94299999999998
2025-03-01,04Y,178.2162,140.45499999999998
2025-07-01,04Y,627.2356,140.722
2024-09-01,04Y,179.32999999999998,140.275
2021-12-01,04Y,249.79042,135.95199999999997
2024-03-01,04Y,200.95810000000003,139.65
2025-02-01,04Y,148.63257000000004,140.49800000000002
2024-12-01,04Y,189.53813,140.402
2024-05-01,04Y,181.10722000000004,139.86599999999999
2021-10-01,04Y,301.68370000000004,135.84500000000003
2021-08-01,04Y,279.5077,135.82999999999996
2023-09-01,04Y,200.67502000000002,138.941
2022-03-01,04Y,256.20685,136.029
2023-06-01,04Y,212.7013,137.503
2026-03-01,04Y,1110.7572499999999,140.54999999999998
2022-05-01,04Y,235.46630000000002,136.11599999999999
2022-11-01,04Y,223.06100999999995,136.693
2022-06-01,04Y,211.24389000000002,136.21699999999998
2024-04-01,04Y,198.81131,139.65699999999998
2021-11-01,04Y,276.87888,135.87199999999999
2025-11-01,04Y,778.50071,140.697
2024-01-01,04Y,227.83741000000003,139.31600000000003
2021-07-01,04Y,303.3153699999999,135.72
2022-07-01,04Y,215.76951,136.28599999999997
2024-02-01,04Y,222.25707000000003,139.52200000000002
2024-11-01,04Y,174.84130999999996,140.35
2025-10-01,04Y,494.3975999999999,140.734
2024-10-01,04Y,165.98326,140.251
2023-07-01,04Y,182.54903999999996,137.72299999999998
2023-08-01,04Y,189.1686,137.96499999999997
2022-12-01,04Y,252.95937999999995,136.744
2023-02-01,04Y,192.8933,136.91700000000003
2024-06-01,04Y,186.12544,139.99099999999999
2024-07-01,04Y,165.24381999999994,140.08399999999997
2023-10-01,04Y,216.00218999999998,139.06900000000002
2022-04-01,04Y,239.51835000000003,136.111
2026-01-01,04Y,1275.0743899999998,140.75400000000002
2024-08-01,04Y,171.47301000000004,140.18900000000002
2023-11-01,04Y,180.43632999999997,139.222
2025-09-01,04Y,682.30869,140.82
2022-02-01,04Y,253.88001,136.029
2026-06-01,04Y,924.1165399999999,140.62800000000001
2023-12-01,04Y,224.91322000000002,139.185
2025-08-01,04Y,469.9040000000001,140.756
2025-12-01,04Y,1900.9905799999997,140.72499999999997
2025-05-01,04Y,258.4470999999999,140.519
2021-09-01,04Y,285.4824,135.87300000000002
2023-01-01,04Y,209.49028,136.829
2023-03-01,04Y,244.1546,137.11300000000003
2021-06-01,04Y,335.80117,135.64800000000002
2023-04-01,04Y,196.18092999999996,137.19
2023-01-01,05D,192.99763999999996,149.95999999999998
2022-12-01,05D,283.64027,149.867
2024-07-01,05D,223.21022999999997,153.93299999999996
2026-04-01,05D,1081.7329000000002,155.08599999999998
2024-04-01,05D,217.64261,153.14400000000003
2023-06-01,05D,230.60359999999997,151.11200000000002
2026-03-01,05D,884.76472,154.97599999999997
2021-10-01,05D,302.73523,147.604
2023-11-01,05D,219.66625,152.16
2026-02-01,05D,818.4642399999998,155.081
2021-12-01,05D,275.80242,147.669
2025-07-01,05D,538.8395700000001,155.23700000000002
2022-01-01,05D,291.9673700000001,147.75799999999998
2022-04-01,05D,261.46157000000005,148.111
2025-11-01,05D,733.6016299999999,155.30499999999998
2022-08-01,05D,228.78094000000002,148.904
2026-05-01,05D,980.1882700000001,155.04399999999998
2026-06-01,05D,1033.01678,154.74099999999996
2022-05-01,05D,249.42711999999997,148.241
2022-11-01,05D,277.83353,149.577
2021-08-01,05D,250.66801,147.399
2022-06-01,05D,274.29188999999997,148.453
2021-06-01,05D,286.3254,146.82
2023-04-01,05D,232.28296999999998,150.649
2024-10-01,05D,231.24730999999997,154.37500000000003
2023-08-01,05D,215.56954999999996,151.63700000000003
2025-08-01,05D,632.23462,155.347
2025-05-01,05D,259.24136,155.061
2023-10-01,05D,253.63489000000004,152.03499999999997
2025-12-01,05D,1229.5159400000002,155.284
2024-01-01,05D,244.12369999999999,152.66899999999998
2025-02-01,05D,203.50692999999998,155.0
2022-10-01,05D,159.55738,149.30700000000002
2024-05-01,05D,228.08702000000002,153.539
2021-07-01,05D,284.62495000000007,147.163
2021-11-01,05D,324.99080999999995,147.62199999999999
2024-11-01,05D,224.14707,154.576
2022-02-01,05D,296.612,147.971
2024-08-01,05D,233.73308,154.219
2025-06-01,05D,273.34802,155.13700000000003
2024-02-01,05D,224.15876000000003,152.93699999999995
2024-03-01,05D,273.30559,153.06799999999998
2023-12-01,05D,257.28915,152.36699999999996
2025-10-01,05D,626.4994700000001,155.27900000000005
2023-03-01,05D,236.80594,150.55700000000002
2025-09-01,05D,740.57506,155.31300000000002
2023-07-01,05D,211.93411,151.42799999999997
2024-06-01,05D,200.86700999999996,153.691
2025-03-01,05D,263.54925000000003,155.03500000000003
2025-01-01,05D,241.08900000000003,154.88500000000002
2022-03-01,05D,277.70481,148.09400000000002
2022-09-01,05D,307.45493,149.17
2026-01-01,05D,1187.10133,155.24800000000002
2024-12-01,05D,236.388,154.833
2023-09-01,05D,199.93661,151.91899999999998
2023-02-01,05D,225.41586,150.245
2021-09-01,05D,260.62768,147.583
2024-09-01,05D,211.27658000000002,154.27800000000002
2023-05-01,05D,231.42293,150.94899999999996
2025-04-01,05D,255.11498000000006,155.03300000000002
2022-07-01,05D,281.31920999999994,148.635
2023-08-01,05G,196.29579,230.37400000000002
2025-06-01,05G,280.02046,231.08100000000002
2026-06-01,05G,1078.9432299999999,230.53899999999996
2025-02-01,05G,193.68547999999998,230.95700000000002
2024-09-01,05G,198.33154999999994,230.87
2025-09-01,05G,820.8459400000002,230.98899999999995
2024-01-01,05G,260.54303,231.21
2023-12-01,05G,275.05024999999995,231.113
2023-06-01,05G,247.16716000000002,230.421
2024-04-01,05G,203.5863899999999,231.25100000000006
2021-10-01,05G,276.45642,217.702
2022-09-01,05G,214.34111999999996,217.647
2025-01-01,05G,200.82317,230.98599999999996
2024-05-01,05G,217.39989000000006,231.3609999999999
2024-03-01,05G,257.72924,231.359
2022-04-01,05G,274.95705000000004,218.049
2025-07-01,05G,684.2381,230.90899999999996
2021-07-01,05G,319.23344999999995,216.84500000000003
2023-07-01,05G,223.03855000000004,230.322
2025-03-01,05G,198.06748999999996,230.98
2023-04-01,05G,194.39825999999994,218.628
2022-11-01,05G,225.76806,218.327
2023-03-01,05G,223.83656999999997,218.505
2022-07-01,05G,190.43623999999997,217.77999999999994
2024-10-01,05G,222.55829999999997,231.294
2026-02-01,05G,796.7988200000002,231.31800000000007
2022-10-01,05G,200.01104000000004,218.39600000000004
2023-02-01,05G,190.78535000000002,218.44099999999997
2025-08-01,05G,586.0776399999999,230.84899999999996
2024-06-01,05G,183.20660999999996,231.263
2021-12-01,05G,331.07997,218.04900000000004
2025-11-01,05G,750.3619399999999,231.38100000000003
2023-09-01,05G,223.79787000000005,230.42999999999998
2022-03-01,05G,287.19671,218.06000000000003
2026-03-01,05G,1047.1922899999997,231.13300000000004
2022-05-01,05G,226.30776000000006,217.91399999999993
2022-01-01,05G,282.47113,218.14900000000006
2023-05-01,05G,250.465,218.6
2026-01-01,05G,1140.0035499999997,231.32100000000005
2025-12-01,05G,1508.9946600000003,231.27
2026-04-01,05G,1044.38917,230.94300000000007
2025-10-01,05G,640.0211500000003,231.37400000000002
2022-08-01,05G,205.50977000000003,217.68900000000002
2025-04-01,05G,244.77278000000004,231.001
2023-10-01,05G,221.16657000000004,230.78000000000003
2024-07-01,05G,235.7030599999999,231.13099999999997
2025-05-01,05G,311.83221000000003,230.95199999999997
2024-12-01,05G,220.89874000000003,231.008
2023-01-01,05G,219.21195000000006,218.51700000000005
2026-05-01,05G,1000.3281899999997,230.78000000000003
2021-11-01,05G,328.53952999999996,217.87300000000002
2022-02-01,05G,262.29720999999995,218.089
2022-06-01,05G,223.44977,217.882
2024-11-01,05G,211.29109000000005,231.41200000000003
2024-08-01,05G,226.39012000000002,231.00699999999998
2021-06-01,05G,276.07437999999996,216.96699999999998
2023-11-01,05G,209.86228999999997,230.917
2021-08-01,05G,271.32023000000004,216.79500000000002
2024-02-01,05G,236.2474699999999,231.27700000000007
2021-09-01,05G,291.47224,216.93300000000008
2022-12-01,05G,223.49761,218.45900000000003
2024-12-01,05Q,296.26871,222.74599999999995
2023-06-01,05Q,327.0527,220.98800000000006
2024-01-01,05Q,374.56357999999994,221.08299999999997
2022-04-01,05Q,333.9909400000001,218.383
2024-07-01,05Q,310.60781999999995,221.977
2022-11-01,05Q,348.46014999999994,219.69500000000005
2021-07-01,05Q,436.58283,216.769
2024-05-01,05Q,303.43936999999994,221.62900000000005
2022-10-01,05Q,363.1312,219.502
2023-02-01,05Q,303.1179699999999,220.22899999999998
2025-03-01,05Q,297.16333,223.02299999999997
2023-07-01,05Q,307.79718,221.12800000000001
2022-05-01,05Q,379.30506999999994,218.48999999999998
2021-06-01,05Q,474.21466000000004,216.55300000000003
2022-03-01,05Q,425.36041,218.157
2023-04-01,05Q,309.04577,220.763
2024-06-01,05Q,243.50763999999998,221.82500000000002
2024-09-01,05Q,266.40799999999996,222.33500000000004
2021-12-01,05Q,439.68609999999995,217.66400000000002
2026-01-01,05Q,1850.6948599999998,224.11800000000002
2023-12-01,05Q,372.60488000000004,221.049
2022-08-01,05Q,368.24998,219.17399999999998
2024-02-01,05Q,333.47091000000006,221.096
2025-01-01,05Q,294.97209,222.79700000000003
2025-09-01,05Q,952.4994099999998,223.99200000000002
2025-06-01,05Q,387.27710999999994,223.47000000000003
2026-02-01,05Q,1443.9563600000001,224.157
2026-06-01,05Q,1373.65268,224.15399999999997
2022-12-01,05Q,326.62746,219.81999999999994
2024-04-01,05Q,295.05679,221.235
2025-04-01,05Q,322.64052000000004,223.23400000000004
2023-03-01,05Q,328.4429999999999,220.548
2024-11-01,05Q,281.40603,222.43800000000002
2025-07-01,05Q,909.1958,223.671
2024-03-01,05Q,384.53441000000004,221.15099999999995
2023-08-01,05Q,336.51599,221.309
2022-02-01,05Q,297.42870999999997,218.018
2025-11-01,05Q,944.4865199999999,224.09600000000003
2023-10-01,05Q,338.66978,220.75300000000001
2025-08-01,05Q,897.43962,223.843
2022-06-01,05Q,335.0606599999999,218.793
2023-11-01,05Q,296.8851399999999,220.90000000000006
2026-05-01,05Q,1492.50575,224.165
2022-07-01,05Q,325.26631,218.9950000000001
2021-11-01,05Q,433.66154,217.58599999999993
2025-05-01,05Q,441.4217799999999,223.41899999999998
2025-10-01,05Q,965.5208899999998,224.10899999999995
2023-01-01,05Q,316.39317,219.933
2024-10-01,05Q,287.59565000000003,222.32799999999997
2021-08-01,05Q,395.51508000000007,217.05800000000002
2023-05-01,05Q,350.48996000000005,220.788
2022-09-01,05Q,326.9853599999999,219.44300000000007
2022-01-01,05Q,408.8049,217.80499999999998
2025-02-01,05Q,253.98326000000003,222.949
2021-10-01,05Q,419.34019000000006,217.56399999999996
2026-04-01,05Q,1497.05425,224.07599999999994
2023-09-01,05Q,302.6530200000001,220.636
2024-08-01,05Q,270.52928999999995,222.22600000000003
2026-03-01,05Q,1233.3363900000002,224.127
2021-09-01,05Q,454.29304,217.28099999999998
2025-12-01,05Q,2349.28093,224.10399999999998
2026-03-01,05V,476.64710999999994,156.84599999999998
2024-02-01,05V,94.1627,155.28400000000002
2022-04-01,05V,153.44135999999997,152.25599999999997
2021-10-01,05V,181.35852999999997,151.477
2022-01-01,05V,162.05918999999997,151.851
2022-09-01,05V,137.60272999999998,152.98800000000003
2023-07-01,05V,131.74606,154.488
2023-01-01,05V,135.86523,153.292
2023-11-01,05V,117.84947000000003,155.083
2024-12-01,05V,115.65254,156.442
2023-03-01,05V,130.07553,153.693
2021-06-01,05V,247.97404999999998,151.01600000000002
2023-10-01,05V,108.51013,154.95800000000003
2025-02-01,05V,98.54072,156.497
2021-07-01,05V,222.99860999999999,151.133
2026-05-01,05V,460.83876,156.573
2023-02-01,05V,125.25347000000001,153.464
2022-08-01,05V,165.66910000000001,152.78600000000003
2024-09-01,05V,88.90559999999999,156.18099999999998
2024-08-01,05V,98.05562,156.063
2025-07-01,05V,311.8240399999999,156.93599999999998
2022-12-01,05V,147.13575999999998,153.221
2023-12-01,05V,109.09438,155.195
2022-02-01,05V,159.21506000000002,151.992
2022-11-01,05V,110.93853999999999,153.10999999999999
2025-11-01,05V,453.37032,157.173
2025-01-01,05V,115.81130999999998,156.481
2025-04-01,05V,101.60372,156.68200000000002
2021-09-01,05V,211.6431,151.395
2022-05-01,05V,158.92335999999997,152.361
2025-08-01,05V,334.90667,157.06799999999996
2021-12-01,05V,208.36482,151.82500000000002
2021-08-01,05V,202.55098,151.26500000000001
2021-11-01,05V,230.68384999999998,151.654
2025-09-01,05V,348.26588999999996,157.148
2024-10-01,05V,113.17419,156.30499999999998
2024-07-01,05V,110.76267000000003,155.817
2024-05-01,05V,90.77727,155.645
2022-03-01,05V,171.55382,152.11199999999997
2026-02-01,05V,545.9652800000001,156.961
2025-12-01,05V,678.32263,157.123
2025-06-01,05V,144.69457999999997,156.782
2023-04-01,05V,114.15442,153.785
2024-04-01,05V,85.38361,155.444
2024-06-01,05V,83.27919,155.76500000000001
2025-05-01,05V,178.6514,156.721
2022-06-01,05V,152.06176999999997,152.561
2022-10-01,05V,146.78326,153.02300000000002
2026-04-01,05V,573.6622900000001,156.63799999999998
2023-05-01,05V,118.70152000000002,153.989
2026-01-01,05V,666.47705,157.037
2026-06-01,05V,490.16805,156.30300000000003
2023-08-01,05V,100.30556999999999,154.731
2024-01-01,05V,116.39895,155.231
2022-07-01,05V,143.49807,152.627
2025-03-01,05V,103.30830999999999,156.5
2024-03-01,05V,102.15048,155.34600000000003
2025-10-01,05V,325.24053999999995,157.207
2023-09-01,05V,116.60219000000001,154.9
2023-06-01,05V,154.09078,154.18499999999997
2024-11-01,05V,87.70414,156.39399999999998
2025-07-01,05W,727.6871999999998,300.83299999999997
2022-06-01,05W,436.7564100000001,298.556
2022-08-01,05W,289.5126599999999,298.9099999999999
2024-05-01,05W,276.65745000000004,297.771
2022-09-01,05W,346.19443000000007,298.98999999999995
2022-02-01,05W,410.2485400000001,297.6200000000001
2026-01-01,05W,1324.7691999999997,301.137
2021-09-01,05W,492.45045000000005,296.598
2026-02-01,05W,966.9628,300.591
2025-06-01,05W,337.68455000000006,300.851
2021-10-01,05W,480.4920800000001,296.76099999999997
2025-03-01,05W,208.79569000000004,300.48400000000004
2024-02-01,05W,236.21748999999994,296.49399999999997
2023-09-01,05W,285.72740000000005,293.248
2022-01-01,05W,492.6124900000001,297.5060000000001
2021-08-01,05W,347.27700999999996,296.55499999999995
2022-10-01,05W,338.7124500000001,299.31500000000005
2023-05-01,05W,337.1473699999999,303.074
2023-08-01,05W,341.83303,292.724
2025-09-01,05W,805.9263999999997,301.18399999999997
2025-08-01,05W,571.1868000000001,301.1840000000001
2024-12-01,05W,203.76148,299.95099999999996
2021-06-01,05W,569.76789,296.50900000000007
2024-07-01,05W,342.7440500000001,298.447
2023-06-01,05W,345.56657000000007,291.823
2023-10-01,05W,227.49697000000003,293.818
2024-10-01,05W,225.61761999999996,299.3100000000001
2024-08-01,05W,221.36450999999997,298.72999999999996
2022-04-01,05W,443.45958999999993,298.114
2023-01-01,05W,594.8249200000001,301.27299999999997
2023-07-01,05W,277.44145999999984,292.295
2024-01-01,05W,399.7569799999999,295.688
2026-05-01,05W,994.1617500000001,299.67699999999996
2024-06-01,05W,261.37815,298.109
2025-11-01,05W,758.8223700000003,301.6020000000001
2021-07-01,05W,490.8189600000001,296.5489999999999
2022-05-01,05W,408.30866000000003,298.329
2023-03-01,05W,389.8643199999999,302.04800000000006
2021-12-01,05W,739.3077000000001,297.3620000000001
2026-06-01,05W,1145.8108399999999,299.302
2024-11-01,05W,226.22359000000006,299.475
2026-04-01,05W,1110.93734,300.03299999999996
2025-01-01,05W,225.14532,300.23600000000005
2024-04-01,05W,439.46218999999996,297.011
2022-03-01,05W,499.3417099999999,297.825
2021-11-01,05W,545.61435,296.98300000000006
2023-02-01,05W,337.04545999999993,301.62300000000005
2023-12-01,05W,256.5563800000001,295.17199999999985
2023-11-01,05W,277.4605200000001,294.53
2025-12-01,05W,1899.6636000000003,301.3810000000001
2025-02-01,05W,172.27360999999993,300.3669999999999
2024-09-01,05W,221.41494999999995,298.98100000000005
2022-12-01,05W,269.38554,300.787
2025-04-01,05W,252.50549999999996,300.63200000000006
2023-04-01,05W,326.4373,302.526
2025-05-01,05W,326.82786999999996,300.81699999999995
2025-10-01,05W,701.5020000000001,301.58
2022-11-01,05W,482.52806000000004,300.00500000000005
2026-03-01,05W,1011.6715999999999,300.238
2024-03-01,05W,362.4087200000001,296.788
2022-07-01,05W,402.70815000000005,298.61800000000005
2022-01-01,00T,611.0634999999999,319.3730000000001
2024-01-01,00T,526.69409,328.86800000000005
2025-02-01,00T,355.6027999999998,333.80699999999996
2026-03-01,00T,1389.8932000000004,334.76699999999994
2022-03-01,00T,587.04357,319.77700000000004
2024-07-01,00T,419.90206,332.23199999999997
2025-04-01,00T,440.82932000000005,333.88599999999997
2024-06-01,00T,370.0432300000001,331.70399999999995
2023-05-01,00T,466.0675900000001,324.3099999999999
2026-01-01,00T,2082.3435999999992,335.14599999999996
2025-12-01,00T,3316.0579999999995,335.23400000000004
2022-11-01,00T,506.35769000000005,322.63999999999993
2023-12-01,00T,492.4740200000001,328.45700000000005
2024-10-01,00T,448.20384,333.24799999999993
2023-02-01,00T,477.93236999999993,323.351
2022-02-01,00T,511.05447000000015,319.58099999999996
2021-12-01,00T,766.7646400000002,319.0270000000002
2023-09-01,00T,399.8847099999999,326.84900000000005
2025-10-01,00T,1177.1164,335.03200000000004
2024-12-01,00T,435.7921900000001,333.36999999999983
2024-08-01,00T,417.2714599999999,332.835
2023-07-01,00T,449.17178,325.7149999999999
2023-08-01,00T,437.61739000000017,326.26599999999996
2022-10-01,00T,522.1085800000001,321.99200000000013
2022-06-01,00T,553.69047,320.8920000000001
2025-11-01,00T,1416.7109000000003,335.18899999999996
2023-06-01,00T,502.10396000000003,325.222
2021-08-01,00T,637.4623300000002,318.181
2024-11-01,00T,366.23989000000006,333.30799999999994
2026-04-01,00T,1647.6408800000004,334.6870000000001
2024-02-01,00T,477.77918000000005,329.22300000000007
2022-04-01,00T,562.4727500000001,320.318
2022-08-01,00T,537.6118900000001,321.462
2024-09-01,00T,370.35368000000005,333.036
2022-09-01,00T,493.86361,321.7659999999999
2021-11-01,00T,603.1976700000001,318.7969999999999
2023-04-01,00T,456.61779,323.80099999999993
2024-04-01,00T,414.5550499999998,329.9899999999999
2026-06-01,00T,1688.3441899999998,334.432
2023-11-01,00T,419.5128200000001,327.84800000000007
2025-03-01,00T,383.5600300000002,333.87399999999997
2026-05-01,00T,1513.8742399999999,334.592
2022-07-01,00T,475.6916200000003,321.15400000000005
2024-03-01,00T,544.0781400000001,329.7589999999999
2021-07-01,00T,697.1790199999998,317.93899999999996
2022-12-01,00T,527.47119,323.0379999999999
2023-03-01,00T,494.8958100000002,323.642
2023-01-01,00T,498.72586,323.16499999999996
2025-01-01,00T,387.38884999999993,333.49800000000005
2025-07-01,00T,1067.2456000000002,334.47
2025-09-01,00T,1245.6160000000004,334.777
2026-02-01,00T,1336.6916000000003,335.09999999999997
2021-10-01,00T,659.6311099999997,318.6430000000001
2022-05-01,00T,531.1733700000002,320.494
2021-06-01,00T,722.1645899999999,317.64400000000006
2023-10-01,00T,460.73575999999997,327.196
2025-06-01,00T,519.2182900000001,334.366
2025-05-01,00T,512.2629099999999,334.1109999999998
2024-05-01,00T,431.91658000000007,331.1710000000001
2021-09-01,00T,661.3451300000002,318.6730000000001
2025-08-01,00T,1036.2859999999998,334.615
2025-01-01,00V,114.79481000000003,212.567
2023-07-01,00V,82.25933,210.13600000000002
2022-03-01,00V,193.89278,208.676
2025-03-01,00V,88.30509999999998,212.72100000000003
2025-11-01,00V,239.32119999999995,212.58399999999995
2024-11-01,00V,103.53573999999998,212.38299999999998
2022-01-01,00V,196.36501,208.532
2025-10-01,00V,331.3716,212.62999999999994
2024-03-01,00V,98.31795,211.586
2023-11-01,00V,77.89614999999998,210.68299999999996
2023-09-01,00V,105.54201000000002,210.52999999999994
2025-05-01,00V,154.66207999999997,212.772
2024-05-01,00V,97.54155999999999,211.79500000000002
2022-06-01,00V,197.42554,209.172
2024-02-01,00V,107.89128000000001,211.326
2025-02-01,00V,80.77077999999999,212.779
2021-08-01,00V,238.39759999999998,208.15499999999997
2022-04-01,00V,222.78873000000004,208.875
2021-10-01,00V,212.40255000000005,208.30200000000002
2022-10-01,00V,141.53739,209.404
2024-12-01,00V,105.63188999999997,212.42
2022-02-01,00V,202.41560000000004,208.627
2021-07-01,00V,264.77543000000003,208.01699999999997
2023-12-01,00V,121.61743,210.85700000000006
2021-06-01,00V,276.41536,207.89999999999998
2022-12-01,00V,144.81789000000003,209.40499999999997
2022-07-01,00V,143.24607999999998,209.209
2023-08-01,00V,97.78908000000003,210.29699999999997
2021-11-01,00V,219.78442999999996,208.24500000000006
2024-07-01,00V,108.85207,212.09000000000003
2026-03-01,00V,391.9091999999999,211.80599999999998
2023-05-01,00V,121.45882999999999,209.894
2024-06-01,00V,95.56191999999997,211.94199999999998
2026-01-01,00V,552.6415999999999,212.231
2026-05-01,00V,428.59886,211.638
2023-02-01,00V,130.60899,209.63400000000004
2022-09-01,00V,128.16333000000003,209.431
2021-12-01,00V,291.2111999999999,208.39900000000003
2025-08-01,00V,292.37399999999997,212.766
2023-10-01,00V,95.59022,210.503
2024-04-01,00V,117.71931000000002,211.59699999999995
2022-08-01,00V,156.73132000000004,209.34999999999997
2021-09-01,00V,297.57255999999995,208.284
2026-04-01,00V,366.3930599999999,211.72300000000004
2025-12-01,00V,675.6364000000002,212.43900000000002
2026-02-01,00V,429.74199999999996,212.13300000000004
2023-01-01,00V,128.16964,209.53500000000003
2023-03-01,00V,146.00397,209.69899999999996
2022-05-01,00V,138.39898,209.01200000000003
2024-09-01,00V,98.72802999999999,212.359
2025-04-01,00V,123.01832999999998,212.73499999999999
2023-04-01,00V,124.01549999999997,209.717
2025-09-01,00V,300.86,212.82499999999996
2025-06-01,00V,123.61565999999999,212.72500000000002
2023-06-01,00V,115.19328,209.974
2024-08-01,00V,106.98151000000003,212.32699999999994
2022-11-01,00V,138.98511000000002,209.32499999999996
2025-07-01,00V,270.49240000000003,212.75699999999998
2026-06-01,00V,397.72332,211.38800000000003
2024-10-01,00V,119.89209000000002,212.36300000000003
2024-01-01,00V,107.76165,211.059
2026-04-01,00Y,403.26484,268.29600000000005
2022-02-01,00Y,160.63015,262.21700000000004
2022-06-01,00Y,145.26016,262.61100000000005
2022-08-01,00Y,154.06140999999997,262.92299999999994
2026-02-01,00Y,387.1895999999999,268.845
2025-11-01,00Y,365.8564,269.221
2024-08-01,00Y,132.42271,269.867
2023-08-01,00Y,142.47820000000002,265.40299999999996
2026-06-01,00Y,413.8482799999998,267.82400000000007
2025-10-01,00Y,370.49600000000004,269.21799999999996
2024-12-01,00Y,116.84689999999998,269.381
2022-05-01,00Y,166.08893000000003,262.551
2023-07-01,00Y,133.09063000000003,265.19399999999996
2024-07-01,00Y,141.15413999999996,269.549
2025-04-01,00Y,138.19534999999996,269.25199999999995
2024-09-01,00Y,113.50508,269.99999999999994
2025-02-01,00Y,103.17673999999998,269.40900000000005
2022-04-01,00Y,147.25767999999997,262.40599999999995
2021-12-01,00Y,191.71232999999995,261.807
2022-07-01,00Y,134.95613999999998,262.745
2023-11-01,00Y,144.49927,266.6760000000001
2024-06-01,00Y,117.76647999999999,269.29300000000006
2023-02-01,00Y,143.49570999999995,264.124
2023-04-01,00Y,124.47572999999998,264.38599999999997
2023-05-01,00Y,162.05429,264.6019999999999
2024-11-01,00Y,103.03777999999997,269.583
2025-12-01,00Y,772.3972,269.12100000000004
2024-10-01,00Y,128.80885999999998,269.627
2023-06-01,00Y,152.45002000000002,264.954
2024-03-01,00Y,161.37675999999993,268.00999999999993
2022-12-01,00Y,156.57039000000006,263.59399999999994
2026-05-01,00Y,504.21531000000004,268.12800000000004
2023-03-01,00Y,162.41612,264.2650000000001
2023-01-01,00Y,147.96536000000003,263.736
2026-03-01,00Y,475.5387999999999,268.50600000000003
2024-04-01,00Y,127.38252000000003,268.139
2022-11-01,00Y,145.85273999999995,263.377
2022-09-01,00Y,145.29800999999998,263.06899999999996
2025-01-01,00Y,119.07595000000003,269.3930000000001
2025-09-01,00Y,299.93200000000013,269.283
2025-07-01,00Y,246.51440000000002,269.203
2025-06-01,00Y,147.10386,269.252
2025-05-01,00Y,166.63591,269.10300000000007
2024-02-01,00Y,160.17065999999997,267.82300000000004
2021-10-01,00Y,169.70358000000004,261.50100000000003
2025-08-01,00Y,317.3356000000001,269.276
2022-01-01,00Y,171.56818,262.08900000000006
2024-01-01,00Y,163.07896,267.24299999999994
2024-05-01,00Y,121.11887999999998,268.865
2022-10-01,00Y,134.09851999999998,263.05800000000005
2023-12-01,00Y,162.56031000000002,266.875
2021-06-01,00Y,201.64520000000005,260.798
2021-11-01,00Y,204.54323999999994,261.626
2021-07-01,00Y,202.89766999999995,260.9889999999999
2021-08-01,00Y,177.42047999999997,261.24399999999997
2026-01-01,00Y,575.4815999999998,268.93999999999994
2023-09-01,00Y,131.73121000000003,265.71800000000013
2025-03-01,00Y,120.64459999999998,269.3039999999999
2021-09-01,00Y,198.23026,261.462
2023-10-01,00Y,117.56436000000001,266.1580000000001
2022-03-01,00Y,186.04426999999998,262.345
2025-06-01,01D,130.46343,252.803
2022-01-01,01D,144.69782,241.955
2022-06-01,01D,120.49168999999995,243.06199999999993
2024-04-01,01D,132.63611,249.63099999999994
2021-08-01,01D,234.67182999999994,240.918
2024-10-01,01D,124.09592,251.855
2026-05-01,01D,322.34619000000015,253.506
2023-12-01,01D,185.28273,248.08100000000002
2022-05-01,01D,122.19488999999999,242.89799999999994
2024-07-01,01D,139.67275999999998,250.89600000000007
2025-12-01,01D,558.2192,253.57900000000015
2022-04-01,01D,120.90358999999997,242.69400000000005
2022-03-01,01D,142.99067999999997,242.41399999999996
2023-07-01,01D,139.29248,246.4060000000001
2026-03-01,01D,337.29759999999993,253.37699999999998
2025-07-01,01D,332.1259899999999,253.16600000000005
2024-11-01,01D,107.1089,251.98700000000005
2023-06-01,01D,129.52580000000003,245.98000000000002
2025-03-01,01D,97.33873999999997,252.30100000000002
2023-05-01,01D,136.90118000000004,245.558
2021-11-01,01D,190.34767999999997,241.42199999999994
2023-01-01,01D,116.16192000000001,244.52099999999996
2025-05-01,01D,118.98249999999999,252.65200000000004
2025-11-01,01D,336.97719999999987,253.57399999999998
2023-04-01,01D,114.55144999999997,245.24699999999996
2022-08-01,01D,119.64071000000001,243.593
2024-03-01,01D,141.51363999999998,249.29100000000005
2024-12-01,01D,114.08415999999998,252.14100000000002
2021-09-01,01D,187.83949999999996,241.27100000000004
2022-12-01,01D,138.89413000000005,244.38500000000002
2026-06-01,01D,463.13683999999984,253.33899999999997
2023-02-01,01D,112.83242000000001,244.923
2021-06-01,01D,245.31891,240.25499999999997
2022-09-01,01D,120.35656000000006,243.807
2024-08-01,01D,120.85693000000002,251.31300000000005
2025-08-01,01D,285.5836,253.38699999999997
2022-07-01,01D,131.99023999999997,243.32600000000002
2022-02-01,01D,141.18384999999998,242.21800000000002
2026-04-01,01D,411.91682,253.32000000000005
2021-12-01,01D,153.75877999999994,241.71700000000004
2023-09-01,01D,141.78453000000005,247.03299999999996
2025-09-01,01D,353.3784,253.55399999999997
2024-06-01,01D,114.61653999999999,250.58600000000007
2024-05-01,01D,118.62519999999995,250.204
2021-07-01,01D,184.75877000000003,240.685
2023-03-01,01D,153.86502000000002,245.17100000000002
2024-01-01,01D,142.47367000000003,248.392
2026-01-01,01D,498.2319999999999,253.53900000000002
2023-11-01,01D,119.68925999999996,247.73699999999994
2021-10-01,01D,159.25274,241.329
2025-01-01,01D,110.48610000000004,252.24699999999999
2025-02-01,01D,77.70852,252.26699999999997
2026-02-01,01D,293.46360000000004,253.35500000000002
2024-09-01,01D,121.44626000000002,251.52499999999998
2023-10-01,01D,143.39754000000005,247.28799999999998
2022-10-01,01D,105.02729999999998,243.86000000000007
2022-11-01,01D,105.69178000000004,244.02599999999995
2025-04-01,01D,108.12795999999999,252.339
2024-02-01,01D,151.03124999999994,248.935
2023-08-01,01D,136.34348,246.72999999999996
2025-10-01,01D,356.1963999999999,253.572
2024-07-01,01G,239.74040999999997,318.89500000000004
2024-05-01,01G,192.07098000000005,318.0439999999999
2026-01-01,01G,2242.174000000001,326.0609999999999
2022-05-01,01G,287.31313,302.448
2023-02-01,01G,266.91092000000003,308.63599999999997
2021-09-01,01G,439.6749900000001,294.3670000000001
2025-11-01,01G,765.3009699999997,326.0530000000001
2022-10-01,01G,292.3959000000001,305.56
2025-07-01,01G,517.0976,323.5030000000001
2025-08-01,01G,380.7124,323.6850000000001
2025-06-01,01G,247.95789000000002,323.271
2021-12-01,01G,379.82464999999996,298.92100000000005
2026-03-01,01G,2069.8260000000005,325.15400000000005
2023-06-01,01G,253.70061,310.73400000000004
2024-08-01,01G,202.98396,319.31600000000003
2023-11-01,01G,205.14834,314.2180000000001
2025-05-01,01G,263.40709,322.808
2025-10-01,01G,436.89160000000004,325.561
2026-05-01,01G,637.35039,324.7489999999999
2025-09-01,01G,456.83119999999997,323.9580000000001
2022-12-01,01G,282.94944000000004,307.7309999999999
2022-04-01,01G,307.30267000000003,301.87500000000006
2026-06-01,01G,519.4386199999999,323.87000000000006
2025-12-01,01G,817.4512,326.413
2022-07-01,01G,301.82995,303.72600000000006
2023-08-01,01G,255.39893,311.4700000000001
2023-07-01,01G,244.31272,311.03800000000007
2022-09-01,01G,254.70038999999997,304.85
2024-04-01,01G,195.55541999999994,316.86799999999994
2022-02-01,01G,286.6925,300.515
2022-08-01,01G,299.8971200000001,304.171
2023-12-01,01G,261.47008000000005,314.93699999999995
2024-10-01,01G,204.48750999999996,320.92400000000004
2026-02-01,01G,737.7015999999996,325.647
2024-03-01,01G,217.25363000000002,316.405
2023-04-01,01G,267.77345,310.0769999999999
2026-04-01,01G,614.24023,325.10499999999996
2025-01-01,01G,212.03975999999997,322.03499999999997
2024-09-01,01G,220.56396999999998,319.609
2024-11-01,01G,198.3146200000001,321.44199999999995
2021-07-01,01G,398.94407,292.51399999999995
2023-01-01,01G,286.73369999999994,308.17699999999985
2023-09-01,01G,234.49079,311.83599999999996
2021-06-01,01G,433.42691,290.79699999999997
2022-11-01,01G,308.65833999999995,306.8979999999999
2022-01-01,01G,311.04392000000007,299.60300000000007
2022-03-01,01G,313.82174999999995,301.296
2025-03-01,01G,171.34125000000003,322.62699999999995
2025-04-01,01G,241.79125,322.64299999999986
2024-01-01,01G,239.66867000000002,315.36599999999993
2021-10-01,01G,369.99811,296.27399999999994
2021-11-01,01G,334.94101,297.66
2022-06-01,01G,308.11645000000004,303.19199999999995
2025-02-01,01G,167.70689999999996,322.574
2024-06-01,01G,203.418,318.4279999999998
2023-03-01,01G,311.94145,309.29699999999997
2023-05-01,01G,266.42887999999994,310.119
2023-10-01,01G,255.10684000000006,312.845
2024-02-01,01G,253.64214999999996,316.03900000000004
2024-12-01,01G,190.57505000000003,321.9309999999999
2021-08-01,01G,372.00300999999996,293.4839999999999
2026-01-01,01W,667.2208,330.767
2026-03-01,01W,482.9856,330.7579999999999
2025-09-01,01W,417.1708,330.7119999999999
2024-02-01,01W,136.27278,326.826
2023-01-01,01W,150.93422,322.984
2022-10-01,01W,178.40795000000003,322.2950000000001
2023-04-01,01W,118.13521999999999,323.883
2024-05-01,01W,113.66669999999998,327.43100000000004
2024-06-01,01W,117.75066,327.493
2021-06-01,01W,234.23550999999995,318.392
2025-10-01,01W,397.5556,330.714
2023-08-01,01W,135.54131,325.233
2025-06-01,01W,183.27001,329.746
2022-05-01,01W,167.06402999999997,320.80199999999996
2025-12-01,01W,774.7772000000002,330.86499999999995
2024-10-01,01W,143.73480999999998,328.605
2023-05-01,01W,121.26573000000003,324.1180000000001
2024-03-01,01W,131.31111000000004,326.9569999999999
2024-04-01,01W,116.66114,326.91100000000006
2022-07-01,01W,219.14745000000005,321.575
2026-04-01,01W,530.5215000000001,330.715
2026-06-01,01W,451.0261699999999,330.50000000000006
2021-11-01,01W,225.13472999999996,319.46999999999997
2023-03-01,01W,116.67463999999997,323.642
2021-09-01,01W,367.2028899999999,319.28299999999984
2023-09-01,01W,120.09243000000002,325.639
2022-12-01,01W,187.09007999999997,322.878
2024-09-01,01W,135.06689999999998,328.53799999999995
2025-02-01,01W,94.68267999999999,329.243
2022-04-01,01W,222.86881000000005,320.75699999999995
2022-03-01,01W,165.82245999999998,320.647
2024-11-01,01W,104.07896999999998,328.96200000000005
2023-10-01,01W,128.47601,325.766
2021-07-01,01W,261.96204000000006,318.63599999999997
2025-07-01,01W,408.5048,330.03000000000003
2025-11-01,01W,391.9612,330.811
2021-08-01,01W,247.7765599999999,318.944
2023-12-01,01W,156.14109,326.43899999999996
2022-01-01,01W,165.40918,320.0790000000001
2025-04-01,01W,134.40492,329.283
2023-07-01,01W,111.83323000000003,324.807
2025-03-01,01W,113.78173999999999,329.24999999999994
2024-01-01,01W,133.99621000000002,326.4890000000001
2025-08-01,01W,386.2468,330.43399999999997
2024-07-01,01W,155.52087999999998,327.72599999999994
2021-12-01,01W,310.3404300000001,319.76700000000005
2026-02-01,01W,467.7143999999999,330.71299999999997
2023-06-01,01W,123.53769000000003,324.50400000000013
2024-12-01,01W,116.85370999999999,329.154
2022-02-01,01W,287.51543999999996,320.61199999999997
2022-09-01,01W,166.05785,322.38100000000003
2022-08-01,01W,179.73129000000006,321.955
2023-02-01,01W,89.86904,323.406
2024-08-01,01W,235.71567999999996,328.1160000000001
2022-11-01,01W,148.02003,322.50699999999995
2022-06-01,01W,241.36746,321.005
2023-11-01,01W,117.00457999999996,326.144
2026-05-01,01W,470.0923900000001,330.498
2025-01-01,01W,108.61138000000001,329.23
2025-05-01,01W,181.34437999999997,329.46599999999995
2021-10-01,01W,235.11085000000008,319.439
2025-05-01,01Y,121.38472,228.75099999999995
2022-05-01,01Y,123.3711,220.675
2026-04-01,01Y,262.16853,229.06500000000003
2025-11-01,01Y,269.5388,228.83399999999997
2021-07-01,01Y,222.62419999999997,219.12300000000002
2025-03-01,01Y,94.71444999999997,228.57700000000006
2025-09-01,01Y,322.89280000000014,228.835
2024-04-01,01Y,96.75458000000002,225.65100000000004
2024-07-01,01Y,90.32974999999998,226.973
2024-01-01,01Y,123.50097000000001,224.44100000000003
2026-05-01,01Y,274.29132,228.81199999999995
2022-09-01,01Y,115.81865000000003,220.99499999999998
2023-03-01,01Y,94.76923,221.58899999999997
2023-10-01,01Y,93.89778000000001,223.769
2024-05-01,01Y,110.42709999999997,226.19
2023-07-01,01Y,91.50248,222.894
2023-06-01,01Y,107.00243999999998,222.39200000000005
2023-04-01,01Y,95.50797999999999,221.782
2021-06-01,01Y,359.89867000000015,218.82899999999992
2023-08-01,01Y,100.81683,223.184
2022-06-01,01Y,128.71901999999997,220.71700000000004
2022-11-01,01Y,95.64200999999998,221.09500000000003
2024-03-01,01Y,127.00448999999999,225.36599999999993
2021-12-01,01Y,174.37798999999998,219.89100000000002
2025-02-01,01Y,83.79468999999997,228.512
2025-04-01,01Y,133.18134999999998,228.771
2026-01-01,01Y,313.6968,228.90200000000002
2021-08-01,01Y,218.05644,219.357
2026-03-01,01Y,258.84600000000006,228.99199999999996
2021-11-01,01Y,124.57565999999997,219.63700000000003
2022-03-01,01Y,110.5941,220.32599999999996
2025-01-01,01Y,85.65943000000003,228.31700000000006
2024-12-01,01Y,86.27659999999999,228.24300000000002
2022-10-01,01Y,107.15030999999999,220.97099999999998
2022-12-01,01Y,116.12123000000003,221.267
2022-01-01,01Y,111.63757999999996,220.00000000000006
2025-12-01,01Y,539.4704,228.896
2023-11-01,01Y,112.51052999999996,224.10799999999992
2025-06-01,01Y,131.05191000000002,228.80999999999997
2025-07-01,01Y,306.54200000000003,229.01999999999998
2023-05-01,01Y,108.26653000000003,222.11299999999997
2024-09-01,01Y,99.62496000000002,227.618
2022-02-01,01Y,101.26503000000002,220.181
2024-11-01,01Y,97.39625999999998,227.99800000000008
2021-10-01,01Y,215.38357,219.59999999999994
2024-06-01,01Y,96.77422999999999,226.755
2023-02-01,01Y,114.24221000000001,221.46100000000007
2024-02-01,01Y,119.34116,224.93200000000002
2021-09-01,01Y,223.81802999999994,219.53699999999995
2022-04-01,01Y,113.57133999999998,220.57699999999994
2022-07-01,01Y,109.79033999999996,220.80700000000007
2026-06-01,01Y,307.09353000000004,228.64
2024-08-01,01Y,103.27402000000001,227.297
2023-01-01,01Y,88.45529,221.43
2024-10-01,01Y,105.76872000000002,227.72300000000004
2023-09-01,01Y,120.28251000000003,223.39800000000002
2025-10-01,01Y,225.01599999999996,228.807
2025-08-01,01Y,217.94800000000004,229.16
2026-02-01,01Y,305.8112,228.932
2022-08-01,01Y,132.20554,220.91600000000003
2023-12-01,01Y,128.74951000000001,224.28599999999997
2023-12-01,02A,131.42483,248.50400000000005
2022-01-01,02A,157.96598,245.32999999999996
2023-05-01,02A,143.29632999999998,247.80800000000002
2025-01-01,02A,85.15827000000002,249.404
2022-11-01,02A,164.10311000000007,247.43600000000004
2024-12-01,02A,90.99213999999996,249.45
2021-10-01,02A,135.95432,245.21399999999997
2022-05-01,02A,158.84593,245.864
2024-05-01,02A,102.58185999999999,248.975
2025-03-01,02A,101.65382,249.34400000000002
2026-04-01,02A,316.19186,248.176
2024-08-01,02A,111.4116,249.36600000000004
2021-11-01,02A,179.39126000000002,245.16599999999997
2022-08-01,02A,129.98668,246.78700000000003
2024-07-01,02A,136.31259999999997,249.015
2023-07-01,02A,139.75158000000002,248.24399999999997
2023-03-01,02A,130.23513999999997,248.01399999999998
2024-02-01,02A,138.28621,248.51399999999998
2025-10-01,02A,281.56000000000006,249.431
2025-12-01,02A,384.7376,249.118
2023-06-01,02A,156.22283,248.10999999999996
2025-07-01,02A,256.4436,249.34600000000003
2022-07-01,02A,150.30879000000002,246.546
2022-12-01,02A,145.21723,247.694
2024-09-01,02A,120.07930999999999,249.52100000000002
2024-10-01,02A,90.14173000000001,249.45000000000002
2023-09-01,02A,122.48634000000001,248.53799999999998
2024-01-01,02A,136.8383,248.56100000000004
2021-09-01,02A,203.36860999999993,245.173
2023-11-01,02A,128.04906999999997,248.50499999999994
2025-08-01,02A,216.73960000000005,249.518
2022-09-01,02A,150.96025,247.17599999999996
2025-02-01,02A,80.56727999999998,249.547
2026-01-01,02A,322.84559999999993,248.91099999999997
2026-05-01,02A,362.37742,247.96699999999998
2026-02-01,02A,255.3956,248.657
2026-03-01,02A,335.2472,248.449
2021-06-01,02A,198.48583,244.20400000000004
2025-11-01,02A,234.97079999999994,249.252
2024-11-01,02A,85.80248999999999,249.45400000000006
2024-03-01,02A,123.68718,248.61100000000002
2022-10-01,02A,130.29979999999998,247.3499999999999
2022-02-01,02A,147.98165000000003,245.42600000000007
2024-06-01,02A,94.46203999999999,248.95499999999998
2021-12-01,02A,183.23673,245.232
2025-06-01,02A,122.23420000000002,249.40399999999997
2024-04-01,02A,99.91976000000001,248.67799999999997
2021-08-01,02A,170.90982,244.92200000000003
2023-01-01,02A,139.88649,247.857
2023-10-01,02A,141.75014,248.41000000000005
2025-05-01,02A,118.64399,249.41099999999997
2023-02-01,02A,163.52191999999997,248.01399999999998
2025-04-01,02A,93.48995000000001,249.44
2022-04-01,02A,142.8007,245.66000000000005
2025-09-01,02A,208.93760000000003,249.55300000000003
2022-06-01,02A,132.08706999999998,246.158
2022-03-01,02A,164.84470000000002,245.509
2023-04-01,02A,139.83189,247.74200000000008
2026-06-01,02A,303.26856,247.65299999999996
2023-08-01,02A,134.03443999999996,248.48000000000005
2021-07-01,02A,219.22455,244.62300000000005
2026-05-01,02H,3670.25642,352.472
2026-06-01,02H,3490.120909999999,352.42399999999986
2025-03-01,02H,341.54773,352.0920000000001
2024-05-01,02H,342.5186900000001,349.18799999999993
2024-08-01,02H,325.79786000000007,350.3660000000001
2021-08-01,02H,453.3612599999999,336.2050000000001
2023-10-01,02H,407.9165799999999,345.99899999999997
2022-04-01,02H,461.87739000000005,338.51599999999985
2025-11-01,02H,1430.4906,352.439
2022-11-01,02H,415.67454,340.594
2026-03-01,02H,3120.8375,352.30899999999997
2025-09-01,02H,1146.0392,352.934
2022-06-01,02H,527.5013500000001,338.922
2022-12-01,02H,479.5319399999997,341.14600000000013
2022-02-01,02H,381.2633000000001,337.827
2023-01-01,02H,449.86662999999976,341.3599999999999
2024-04-01,02H,318.63595999999984,348.34899999999993
2023-05-01,02H,435.89032999999984,343.1949999999999
2025-08-01,02H,868.9639999999996,352.87100000000004
2024-12-01,02H,349.349,351.6269999999999
2024-03-01,02H,414.86191999999994,348.31399999999996
2023-03-01,02H,460.22668000000004,342.21500000000015
2022-01-01,02H,397.9880700000001,337.65000000000015
2024-06-01,02H,325.4944500000001,349.4630000000001
2025-01-01,02H,332.0010600000001,351.74699999999996
2022-08-01,02H,451.23293,339.61799999999994
2026-02-01,02H,2922.9022899999995,352.3499999999999
2021-07-01,02H,548.1224700000001,335.86200000000014
2024-07-01,02H,370.4321599999999,349.94
2022-03-01,02H,464.4965700000002,338.179
2025-12-01,02H,4050.16365,352.4529999999999
2025-04-01,02H,402.46073,352.0800000000001
2021-10-01,02H,403.02396000000005,336.81800000000004
2021-11-01,02H,440.2115600000001,337.00300000000016
2022-07-01,02H,377.8656000000002,339.265
2026-01-01,02H,3905.19816,352.46299999999997
2023-02-01,02H,399.3175799999999,341.7330000000001
2023-07-01,02H,393.07,344.3769999999999
2025-07-01,02H,949.7792000000004,352.6239999999999
2023-04-01,02H,363.75294000000014,342.601
2025-06-01,02H,463.16525,352.346
2022-09-01,02H,460.1236600000001,340.00899999999984
2021-06-01,02H,536.32764,335.583
2022-10-01,02H,432.19711,340.2010000000001
2025-02-01,02H,332.44302,352.0420000000001
2023-06-01,02H,420.19082,343.659
2023-12-01,02H,437.19223,347.0739999999999
2022-05-01,02H,384.63006000000007,338.6490000000001
2023-08-01,02H,384.0164,345.0129999999999
2024-02-01,02H,422.14520999999996,348.10300000000007
2021-12-01,02H,500.54162999999994,337.3219999999999
2025-10-01,02H,1088.7227200000002,352.47800000000007
2024-11-01,02H,304.60939999999994,351.422
2024-10-01,02H,374.82651,351.022
2025-05-01,02H,484.9803899999999,352.34100000000007
2023-11-01,02H,374.53923,346.4839999999999
2024-01-01,02H,451.54966,347.52200000000016
2023-09-01,02H,381.84729999999996,345.46400000000006
2026-04-01,02H,3448.080880000001,352.2050000000001
2021-09-01,02H,519.30576,336.547
2024-09-01,02H,333.17872,350.689
2023-01-01,14L,286.5680199999999,713.4
2024-10-01,14L,239.6335599999999,747.2820000000004
2024-04-01,14L,216.24638,738.263
2025-06-01,14L,314.22087000000005,750.373
2022-04-01,14L,309.78594000000004,699.0270000000002
2025-01-01,14L,207.03052000000002,750.3950000000002
2024-07-01,14L,227.9058299999999,741.0870000000001
2022-10-01,14L,281.17236000000025,705.4440000000003
2023-03-01,14L,288.5058599999999,716.2119999999998
2025-02-01,14L,212.74220999999997,750.6150000000001
2025-11-01,14L,862.4787999999999,759.7230000000001
2026-04-01,14L,2072.70443,752.556
2025-07-01,14L,669.3028000000002,750.0680000000001
2022-05-01,14L,305.50662,699.5999999999999
2025-04-01,14L,290.87771000000004,751.0259999999998
2024-09-01,14L,212.12807999999995,740.6349999999996
2023-11-01,14L,244.4423699999998,730.926
2026-06-01,14L,989.7612099999998,747.439
2021-11-01,14L,371.73141000000004,689.1789999999997
2025-03-01,14L,223.56811999999996,750.979
2023-08-01,14L,272.2367599999999,719.4660000000001
2022-06-01,14L,294.6735700000001,700.5940000000002
2026-03-01,14L,826.0251999999997,753.7849999999996
2022-01-01,14L,348.75663,694.2699999999999
2026-01-01,14L,1173.9631999999997,758.365
2023-05-01,14L,253.84103999999996,717.6579999999998
2025-10-01,14L,698.4116000000004,756.461
2021-07-01,14L,398.28343000000035,679.2839999999999
2022-09-01,14L,310.71485999999993,700.9100000000001
2024-02-01,14L,310.4845,736.4680000000002
2022-07-01,14L,310.9467500000002,701.0679999999999
2022-12-01,14L,320.1905699999999,712.1560000000001
2021-10-01,14L,379.12698000000023,684.542
2023-07-01,14L,219.36594999999997,719.178
2023-09-01,14L,216.6991200000001,720.1129999999997
2022-08-01,14L,333.5225000000002,701.0120000000001
2025-05-01,14L,324.6381099999999,750.172
2024-12-01,14L,225.50122000000016,750.6930000000002
2021-06-01,14L,419.64613000000026,677.3740000000001
2024-01-01,14L,294.90295999999984,734.8000000000002
2024-03-01,14L,275.5505999999999,737.6720000000001
2024-06-01,14L,218.02750999999998,740.7600000000002
2024-11-01,14L,206.34396999999998,750.3149999999998
2021-12-01,14L,418.31435000000016,692.2140000000002
2022-02-01,14L,301.4786700000001,696.148
2024-08-01,14L,251.3607300000002,740.3690000000001
2021-09-01,14L,403.68096,679.6590000000002
2026-05-01,14L,924.83599,751.0799999999999
2023-04-01,14L,267.36555,716.787
2021-08-01,14L,392.44825000000003,679.5469999999998
2023-06-01,14L,242.50314000000006,718.7399999999999
2025-09-01,14L,738.6008,749.2009999999999
2026-02-01,14L,1365.5047999999997,755.9220000000001
2022-11-01,14L,298.0637499999998,709.2800000000001
2023-12-01,14L,261.73467000000005,733.6319999999998
2022-03-01,14L,342.30806,697.3800000000002
2023-02-01,14L,250.50171,715.1549999999997
2025-08-01,14L,623.8836,749.1120000000003
2024-05-01,14L,234.1978400000001,740.1680000000001
2023-10-01,14L,221.37879000000007,725.7189999999998
2025-12-01,14L,1178.2447999999997,759.3249999999999
2026-02-01,02Y,909.1398900000002,320.215
2025-03-01,02Y,250.618,317.985
2021-11-01,02Y,402.1995399999999,307.55600000000004
2022-06-01,02Y,269.672,308.385
2022-12-01,02Y,305.7632499999999,310.48800000000006
2021-07-01,02Y,404.6518,307.347
2024-08-01,02Y,309.1025000000001,316.17900000000003
2024-03-01,02Y,321.1872100000001,314.2320000000001
2026-04-01,02Y,1177.6075899999998,320.517
2025-09-01,02Y,979.2056999999999,319.6850000000001
2025-04-01,02Y,268.08522,318.2169999999999
2021-09-01,02Y,393.25436,307.58599999999996
2022-02-01,02Y,299.84533,307.85699999999997
2025-11-01,02Y,857.17203,320.008
2026-03-01,02Y,934.36417,320.316
2022-04-01,02Y,275.43584000000004,308.07800000000003
2023-07-01,02Y,227.97573,312.097
2022-05-01,02Y,326.69716,308.26
2025-06-01,02Y,342.0158699999999,318.5700000000001
2022-07-01,02Y,1310.2494700000002,308.6400000000001
2022-11-01,02Y,287.90274,310.174
2024-06-01,02Y,279.15551000000005,315.16299999999995
2024-12-01,02Y,255.94846000000004,317.356
2026-01-01,02Y,1273.80611,320.25800000000004
2024-05-01,02Y,321.74267000000003,314.904
2022-09-01,02Y,293.21579,309.555
2022-10-01,02Y,286.7856900000001,309.7930000000001
2021-06-01,02Y,472.3312400000001,307.351
2022-08-01,02Y,259.31851,308.98799999999994
2026-05-01,02Y,968.8995799999999,320.75200000000007
2025-08-01,02Y,730.0052800000001,319.402
2021-12-01,02Y,403.17433000000005,307.60800000000006
2023-10-01,02Y,236.71969000000007,312.946
2025-12-01,02Y,1653.7633099999998,320.127
2026-06-01,02Y,1189.8692899999999,320.60699999999997
2021-08-01,02Y,379.23573,307.521
2024-01-01,02Y,279.80465999999996,313.64400000000006
2025-07-01,02Y,686.26034,318.867
2024-07-01,02Y,399.94955,315.56300000000005
2023-03-01,02Y,1499.8994200000002,311.08400000000006
2023-11-01,02Y,261.68802,313.1790000000001
2024-10-01,02Y,309.65189000000004,316.916
2023-08-01,02Y,266.64251,312.526
2024-11-01,02Y,339.88442999999995,317.265
2022-03-01,02Y,354.05428999999987,307.94599999999997
2025-10-01,02Y,756.7009800000001,319.909
2023-04-01,02Y,241.48519999999996,311.3519999999999
2022-01-01,02Y,325.8112299999999,307.7739999999999
2024-09-01,02Y,250.75677,316.68500000000006
2023-01-01,02Y,286.11116000000004,310.597
2025-02-01,02Y,270.94825000000003,317.7469999999999
2023-02-01,02Y,251.71139,310.79300000000006
2023-05-01,02Y,1311.63967,311.55199999999996
2023-06-01,02Y,255.34647999999999,311.776
2023-12-01,02Y,2994.9906499999997,313.514
2024-02-01,02Y,316.58418000000006,313.917
2024-04-01,02Y,825.7290399999999,314.474
2023-09-01,02Y,261.09949000000006,312.94599999999997
2025-05-01,02Y,382.0925899999999,318.424
2025-01-01,02Y,354.84236999999996,317.465
2021-10-01,02Y,318.83103,307.55499999999995
2023-09-01,03F,163.89765000000003,311.54
2022-05-01,03F,160.0318800000001,306.959
2026-01-01,03F,935.0548000000001,314.2120000000001
2026-05-01,03F,655.5756799999999,313.17600000000004
2025-08-01,03F,374.22760000000005,314.3159999999999
2023-03-01,03F,200.84189999999998,310.7699999999999
2022-12-01,03F,189.50994000000003,309.456
2021-12-01,03F,238.89729999999997,306.18399999999997
2024-11-01,03F,172.45265,314.726
2025-12-01,03F,1002.5504000000001,314.5180000000001
2023-08-01,03F,178.04877999999997,311.681
2022-04-01,03F,181.35447000000008,307.14600000000013
2021-10-01,03F,239.99263000000002,304.48499999999996
2025-07-01,03F,733.0372,314.4989999999999
2022-03-01,03F,183.36667999999997,306.97599999999994
2022-07-01,03F,171.88001000000003,306.954
2025-06-01,03F,160.27151,314.60900000000004
2023-10-01,03F,191.44815000000008,311.99499999999995
2023-02-01,03F,169.60768999999996,310.28599999999994
2022-01-01,03F,196.11917,306.59
2024-03-01,03F,214.34231999999994,314.57699999999994
2022-11-01,03F,182.06468999999996,308.5180000000001
2024-01-01,03F,266.0683199999999,314.1190000000001
2024-06-01,03F,135.03346,314.656
2024-12-01,03F,144.24087999999998,314.9550000000001
2025-02-01,03F,158.13503,314.915
2026-03-01,03F,673.6744,313.61899999999997
2023-01-01,03F,194.85786,309.9479999999999
2022-10-01,03F,176.45122000000006,307.5689999999999
2024-07-01,03F,223.77584000000002,314.498
2024-04-01,03F,190.56586999999993,314.393
2025-04-01,03F,196.82488999999998,314.82099999999997
2025-01-01,03F,192.85328000000004,314.9230000000001
2023-05-01,03F,185.98719999999997,311.2379999999999
2023-12-01,03F,228.26516,313.773
2021-08-01,03F,226.45252000000002,304.2989999999999
2025-09-01,03F,478.9496000000001,314.137
2022-02-01,03F,194.81484,306.70899999999995
2024-05-01,03F,170.61108000000002,314.6770000000001
2023-06-01,03F,190.75587000000004,311.39499999999987
2023-07-01,03F,164.45607,311.584
2024-08-01,03F,157.58926999999994,314.40700000000004
2023-11-01,03F,174.70750999999998,313.1249999999999
2024-10-01,03F,170.14775999999995,314.50700000000006
2025-10-01,03F,408.20520000000005,314.35900000000004
2025-05-01,03F,222.47738000000004,314.70399999999995
2024-02-01,03F,169.74030999999994,314.328
2022-09-01,03F,167.79624999999993,306.89200000000005
2023-04-01,03F,173.19850999999997,311.033
2026-02-01,03F,579.844,313.98900000000003
2025-03-01,03F,141.05058,314.82199999999995
2025-11-01,03F,467.98839999999996,314.48499999999996
2021-06-01,03F,247.21260999999998,303.846
2026-06-01,03F,721.4786199999999,312.70599999999996
2024-09-01,03F,184.52382000000006,314.34999999999997
2021-09-01,03F,212.36655999999996,304.248
2022-08-01,03F,179.70048000000006,306.90799999999996
2026-04-01,03F,647.4567499999997,313.4320000000001
2022-06-01,03F,188.99990000000008,306.82800000000003
2021-07-01,03F,245.26601999999994,304.142
2021-11-01,03F,221.80095,305.135
2025-04-01,03H,116.34722,174.69200000000006
2024-06-01,03H,96.25734999999997,174.281
2024-05-01,03H,97.46525999999999,174.18199999999996
2025-03-01,03H,93.64501,174.60100000000006
2025-10-01,03H,366.60083,174.75100000000006
2021-11-01,03H,204.60035,171.32899999999998
2023-05-01,03H,138.87512,172.662
2021-07-01,03H,186.50504000000004,170.98900000000006
2025-09-01,03H,353.90909000000005,174.791
2023-02-01,03H,110.34658,172.42899999999992
2024-08-01,03H,111.31055000000002,174.65200000000002
2024-09-01,03H,99.85202999999998,174.713
2025-02-01,03H,104.13518999999998,174.67199999999997
2023-12-01,03H,130.32955,173.417
2023-04-01,03H,124.04017999999998,172.57000000000002
2023-08-01,03H,141.58857,173.03299999999993
2026-05-01,03H,463.45489000000003,174.64999999999998
2022-05-01,03H,131.15550000000002,171.756
2021-09-01,03H,162.36802,171.22799999999998
2025-07-01,03H,293.92744,174.643
2023-09-01,03H,131.26265,173.15599999999995
2023-07-01,03H,130.48959,172.90800000000002
2021-06-01,03H,194.89212999999995,170.74599999999995
2022-11-01,03H,95.14321,172.181
2026-03-01,03H,432.0876,174.482
2023-06-01,03H,138.52964,172.81900000000005
2023-10-01,03H,105.92136999999998,173.22399999999996
2023-03-01,03H,133.19538999999997,172.554
2022-08-01,03H,117.47932000000003,172.095
2021-08-01,03H,136.63621999999998,171.06400000000002
2025-01-01,03H,121.76863,174.71499999999997
2023-01-01,03H,115.80606,172.36400000000003
2023-11-01,03H,136.16067,173.256
2022-06-01,03H,129.93048000000002,171.85299999999998
2022-09-01,03H,110.82277,172.14600000000002
2025-12-01,03H,1497.0380000000002,174.66
2022-12-01,03H,144.86478000000002,172.35199999999998
2024-01-01,03H,143.13236,173.58700000000002
2022-01-01,03H,153.92854,171.53600000000003
2025-08-01,03H,290.98079,174.68800000000002
2021-12-01,03H,165.12114999999997,171.453
2025-11-01,03H,363.38985999999994,174.761
2022-02-01,03H,120.79399000000004,171.68200000000002
2024-03-01,03H,126.32479,173.89000000000001
2022-10-01,03H,112.41099999999999,172.07099999999994
2026-02-01,03H,1217.0279999999998,174.48699999999994
2024-04-01,03H,111.07538,173.90800000000002
2024-02-01,03H,125.28851000000003,173.69599999999994
2026-06-01,03H,512.2662799999999,174.55999999999997
2024-07-01,03H,106.91366000000001,174.43300000000005
2025-05-01,03H,155.49768999999998,174.682
2026-01-01,03H,970.8995999999997,174.66900000000004
2024-10-01,03H,112.42932999999998,174.69099999999997
2022-04-01,03H,125.28345,171.735
2021-10-01,03H,176.14173,171.18799999999996
2022-07-01,03H,134.98982,172.011
2024-11-01,03H,104.43191999999999,174.72000000000003
2022-03-01,03H,143.68753999999998,171.72500000000002
2026-04-01,03H,1349.69389,174.56100000000004
2024-12-01,03H,119.56871999999998,174.70300000000003
2025-06-01,03H,127.99452,174.71
2025-05-01,03K,102.58965000000002,185.69800000000004
2025-11-01,03K,227.56145999999998,185.55
2024-08-01,03K,107.35738000000002,185.396
2022-06-01,03K,158.21878999999998,183.809
2025-09-01,03K,290.04463,185.76100000000002
2024-04-01,03K,116.69238000000001,184.77700000000002
2022-03-01,03K,176.90185,183.79100000000003
2021-09-01,03K,219.12052999999997,183.40600000000003
2022-07-01,03K,166.31081,183.78900000000004
2022-11-01,03K,164.24387000000002,183.865
2026-05-01,03K,366.21313000000004,184.72100000000006
2025-07-01,03K,192.39805,185.722
2023-03-01,03K,159.33253,183.78600000000003
2021-11-01,03K,202.66501,183.448
2023-04-01,03K,131.67411999999996,183.812
2022-09-01,03K,165.27546999999998,183.83300000000003
2025-08-01,03K,247.91986000000003,185.722
2026-06-01,03K,369.80429999999996,184.45199999999997
2021-10-01,03K,182.14449,183.42299999999997
2023-07-01,03K,135.81688,184.00099999999995
2025-10-01,03K,268.43082000000004,185.617
2023-11-01,03K,134.14469,184.226
2026-03-01,03K,440.85555,184.83700000000002
2026-04-01,03K,576.7910300000001,184.909
2023-01-01,03K,154.28679999999997,183.84799999999996
2025-04-01,03K,103.35731999999997,185.702
2026-01-01,03K,495.3616799999999,185.32799999999997
2023-12-01,03K,138.58778999999998,184.38799999999995
2022-05-01,03K,176.20577000000003,183.74900000000005
2024-07-01,03K,113.88552999999999,185.223
2024-10-01,03K,102.0755,185.58299999999997
2022-12-01,03K,173.96872000000002,183.865
2024-03-01,03K,153.88392000000005,184.72199999999998
2023-02-01,03K,149.14452999999997,183.76600000000002
2024-12-01,03K,103.95041,185.725
2022-02-01,03K,175.27252000000001,183.732
2022-10-01,03K,173.95294,183.842
2025-02-01,03K,89.02694999999999,185.724
2023-06-01,03K,136.09928,183.86699999999996
2023-05-01,03K,150.71108,183.79499999999993
2021-12-01,03K,204.83743999999996,183.49300000000002
2021-08-01,03K,204.90651000000005,183.16499999999996
2024-06-01,03K,115.71715999999999,185.01400000000004
2024-02-01,03K,129.72379,184.64099999999996
2024-05-01,03K,110.47813,184.93200000000002
2021-06-01,03K,266.71988000000005,182.77899999999997
2024-01-01,03K,136.68801,184.413
2022-01-01,03K,178.18307999999996,183.59300000000002
2022-08-01,03K,154.93769999999998,183.78100000000003
2021-07-01,03K,204.16757000000004,182.977
2023-08-01,03K,130.02226000000002,184.235
2025-12-01,03K,723.63876,185.38600000000002
2024-09-01,03K,105.14685,185.55999999999997
2023-09-01,03K,154.21071,184.34900000000002
2025-01-01,03K,101.17233000000002,185.65699999999998
2025-06-01,03K,116.75967000000001,185.76400000000004
2025-03-01,03K,89.94172999999998,185.69800000000004
2024-11-01,03K,93.34828999999999,185.666
2026-02-01,03K,409.08034000000004,185.03300000000002
2022-04-01,03K,176.61318999999997,183.816
2023-10-01,03K,141.93954,184.34599999999998
2025-03-01,03Q,223.97745,251.966
2025-01-01,03Q,227.97797,253.161
2026-03-01,03Q,850.6078399999999,248.90300000000002
2024-08-01,03Q,226.16016000000002,250.49699999999999
2025-10-01,03Q,670.93162,249.87099999999998
2021-06-01,03Q,343.92066000000005,249.624
2024-06-01,03Q,205.94021000000004,251.56799999999996
2022-09-01,03Q,264.63635,247.524
2022-08-01,03Q,253.79173,247.601
2023-06-01,03Q,223.89377000000005,251.03300000000002
2025-05-01,03Q,300.48517,251.301
2025-07-01,03Q,527.18381,250.08400000000006
2022-01-01,03Q,271.49260000000004,251.05800000000002
2022-03-01,03Q,296.33185,251.235
2025-11-01,03Q,845.28912,250.05499999999998
2024-12-01,03Q,220.52652,253.12099999999995
2022-06-01,03Q,252.0807,250.347
2025-06-01,03Q,258.85611,250.939
2023-09-01,03Q,238.58579999999998,249.775
2021-12-01,03Q,330.36382000000003,251.2
2023-02-01,03Q,232.92678,250.97899999999998
2023-04-01,03Q,225.05424,251.062
2022-02-01,03Q,254.00705999999997,251.166
2025-09-01,03Q,655.7274100000001,248.40400000000005
2023-03-01,03Q,229.30659999999997,251.10400000000004
2026-02-01,03Q,904.6625099999999,249.26300000000003
2021-08-01,03Q,309.80217000000005,248.985
2021-11-01,03Q,335.33977000000004,250.08
2025-12-01,03Q,1381.32659,250.18999999999997
2024-09-01,03Q,200.16623000000004,250.32299999999995
2025-04-01,03Q,251.12909,251.56799999999998
2026-06-01,03Q,1039.5364399999999,247.60999999999999
2024-01-01,03Q,234.34543000000005,253.007
2023-08-01,03Q,218.78562999999997,250.31699999999998
2024-11-01,03Q,213.44414,252.678
2023-12-01,03Q,238.79486000000003,252.75799999999995
2022-11-01,03Q,251.68891999999997,249.25699999999995
2024-10-01,03Q,226.94206000000003,251.27999999999997
2022-04-01,03Q,271.8499699999999,251.03199999999998
2024-03-01,03Q,236.39565000000005,252.348
2024-02-01,03Q,216.01166999999998,252.96099999999998
2026-04-01,03Q,1108.5348700000002,248.57100000000003
2022-07-01,03Q,250.30474000000007,248.03
2024-04-01,03Q,224.65288,251.81900000000002
2022-10-01,03Q,270.14715,247.872
2023-05-01,03Q,221.86731000000003,251.009
2022-05-01,03Q,253.79312999999996,250.85700000000003
2023-01-01,03Q,256.29648000000003,250.696
2021-07-01,03Q,311.03496,249.47899999999998
2026-05-01,03Q,838.5565899999999,248.2
2023-10-01,03Q,200.09121,250.23700000000002
2023-11-01,03Q,205.10470999999998,251.485
2021-09-01,03Q,347.00412,248.176
2025-08-01,03Q,617.23166,248.82700000000003
2025-02-01,03Q,197.52822000000003,252.495
2023-07-01,03Q,215.80379,250.844
2024-05-01,03Q,199.90734,251.692
2024-07-01,03Q,220.58581000000007,251.076
2021-10-01,03Q,350.77706,248.024
2022-12-01,03Q,263.95745000000005,250.13299999999998
2026-01-01,03Q,1180.7983700000002,249.902
2021-06-01,42D,863.0571599999998,550.247
2021-09-01,42D,756.4290000000001,552.435
2023-05-01,42D,539.6276399999998,560.2339999999998
2023-09-01,42D,514.18954,562.2379999999998
2022-08-01,42D,631.4179100000002,556.7849999999999
2022-02-01,42D,583.09982,554.0569999999999
2022-06-01,42D,564.47763,555.656
2026-03-01,42D,2051.7237800000003,570.0449999999998
2024-08-01,42D,519.0569200000001,566.087
2024-05-01,42D,479.08912999999995,564.288
2024-12-01,42D,482.83095000000003,567.5980000000001
2023-04-01,42D,482.8683699999999,559.9609999999999
2025-06-01,42D,678.9811100000002,569.307
2021-11-01,42D,754.16904,552.8249999999998
2022-10-01,42D,588.57972,557.9050000000001
2025-04-01,42D,577.63355,568.8029999999999
2025-12-01,42D,6550.045519999998,570.8230000000001
2023-07-01,42D,482.34211000000005,561.1410000000001
2021-08-01,42D,695.7525999999999,551.9480000000002
2025-07-01,42D,1339.94614,569.7719999999998
2024-03-01,42D,586.64531,563.6000000000001
2026-01-01,42D,2590.8984100000002,570.5830000000001
2022-05-01,42D,629.7635700000002,554.8599999999997
2023-01-01,42D,518.2638799999999,558.8840000000001
2025-10-01,42D,1365.6280800000002,570.8609999999999
2024-11-01,42D,496.59217,567.314
2022-03-01,42D,669.49822,554.3279999999999
2024-01-01,42D,570.2704299999998,563.0429999999999
2024-02-01,42D,537.9011799999998,563.3770000000002
2023-08-01,42D,547.8708899999998,561.7500000000001
2022-09-01,42D,584.25545,557.572
2024-09-01,42D,514.8598100000002,566.4650000000001
2025-11-01,42D,6045.2522899999985,570.7809999999998
2026-02-01,42D,2002.3140500000006,570.3189999999998
2024-06-01,42D,469.3324000000003,564.7030000000001
2025-02-01,42D,416.03209000000004,568.3359999999999
2023-11-01,42D,532.2067599999999,562.7230000000001
2025-01-01,42D,454.5228199999999,567.9029999999997
2025-05-01,42D,648.7738900000003,569.1190000000003
2024-04-01,42D,501.5422899999999,563.7310000000002
2025-03-01,42D,473.90364,568.4440000000001
2026-04-01,42D,2158.6445200000007,569.9679999999997
2026-06-01,42D,3385.0333,569.3919999999999
2023-06-01,42D,534.7697499999999,560.5589999999999
2025-08-01,42D,1315.3311299999998,570.437
2026-05-01,42D,1953.5433999999993,569.7950000000002
2021-12-01,42D,751.2029599999998,553.5079999999999
2023-03-01,42D,552.84938,559.6870000000001
2022-12-01,42D,575.7814800000001,558.8129999999999
2023-12-01,42D,601.7989500000001,562.864
2022-07-01,42D,595.4310400000002,556.0930000000001
2021-07-01,42D,791.1708199999997,551.0760000000001
2021-10-01,42D,699.0444499999999,552.7389999999999
2023-10-01,42D,506.57923999999997,562.3089999999997
2022-04-01,42D,675.7811800000002,554.4139999999999
2024-07-01,42D,490.8156499999999,565.313
2025-09-01,42D,1550.6547900000005,570.751
2022-11-01,42D,519.6623999999999,558.392
2024-10-01,42D,504.1808100000002,567.0070000000002
2023-02-01,42D,521.32059,559.356
2022-01-01,42D,585.8639099999999,553.8369999999998
2023-08-01,10R,197.44712999999996,234.19699999999997
2024-05-01,10R,221.71771999999999,236.017
2023-10-01,10R,214.51514999999998,234.40100000000004
2026-06-01,10R,808.6409100000001,231.92699999999996
2025-10-01,10R,647.3856,234.41400000000002
2025-05-01,10R,295.3575199999999,235.624
2025-12-01,10R,1457.6984,234.70399999999998
2022-03-01,10R,218.91283,230.616
2022-06-01,10R,246.07021999999998,231.044
2023-02-01,10R,180.91264999999999,232.88600000000002
2023-12-01,10R,249.42747,235.67900000000003
2024-02-01,10R,211.24944,235.989
2021-06-01,10R,271.39811,230.16199999999998
2026-05-01,10R,873.1048300000001,232.558
2024-08-01,10R,195.49188,235.36800000000002
2021-10-01,10R,257.98255,228.76199999999997
2023-04-01,10R,210.85065000000003,233.876
2026-04-01,10R,828.69683,232.901
2025-08-01,10R,609.1616,235.00300000000001
2023-09-01,10R,181.26727,234.03700000000003
2022-08-01,10R,215.30784,230.828
2024-07-01,10R,234.21353000000002,235.58300000000003
2024-03-01,10R,263.5476,236.061
2021-08-01,10R,245.26307,229.916
2021-12-01,10R,326.24433999999997,230.119
2021-11-01,10R,282.44069,229.544
2022-04-01,10R,235.65205,231.11900000000003
2024-10-01,10R,210.65236000000002,235.35
2025-03-01,10R,237.03455,235.74499999999998
2022-01-01,10R,240.3565,230.39499999999995
2023-11-01,10R,197.68858,235.30799999999994
2021-09-01,10R,276.74137,229.513
2026-03-01,10R,879.4467999999999,233.08200000000002
2023-05-01,10R,229.76827000000003,233.972
2025-02-01,10R,214.90562,235.722
2023-01-01,10R,233.00406,232.289
2022-05-01,10R,244.26703000000003,231.03900000000004
2025-04-01,10R,242.69957000000002,235.82699999999997
2023-03-01,10R,232.75054999999998,233.37599999999998
2022-09-01,10R,220.31783999999996,230.653
2025-01-01,10R,221.09269999999998,235.83399999999997
2025-07-01,10R,492.12839999999994,235.32100000000003
2026-02-01,10R,757.1396,233.689
2023-06-01,10R,219.63512999999998,234.017
2021-07-01,10R,295.85928,230.08499999999998
2022-11-01,10R,245.04416,231.704
2024-04-01,10R,193.40830000000003,235.88400000000001
2024-01-01,10R,245.19537999999997,235.817
2023-07-01,10R,178.19425999999999,234.19
2022-10-01,10R,182.08802,231.05499999999995
2022-02-01,10R,241.32295,230.38900000000004
2024-12-01,10R,207.1695,235.99800000000005
2024-06-01,10R,197.09907000000004,235.767
2024-09-01,10R,232.39262999999997,235.14399999999998
2024-11-01,10R,212.54669,235.86999999999998
2025-09-01,10R,590.9148,234.135
2022-07-01,10R,200.25910000000002,230.92200000000003
2025-11-01,10R,627.3447999999999,234.699
2026-01-01,10R,901.3775999999998,234.354
2025-06-01,10R,219.80195,235.51500000000004
2022-12-01,10R,216.85287,232.33900000000003
2024-08-01,D4U1Y,0.0,0.0
2022-11-01,D4U1Y,0.0,0.0
2025-06-01,D4U1Y,0.0,0.0
2023-06-01,D4U1Y,0.0,0.0
2025-09-01,D4U1Y,0.0,0.0
2024-04-01,D4U1Y,0.0,0.0
2025-05-01,D4U1Y,0.0,0.0
2026-03-01,D4U1Y,0.0,0.0
2022-06-01,D4U1Y,0.0,0.0
2021-10-01,D4U1Y,0.0,0.0
2026-05-01,D4U1Y,0.0,0.0
2022-12-01,D4U1Y,0.0,0.0
2025-04-01,D4U1Y,0.0,0.0
2023-08-01,D4U1Y,0.0,0.0
2022-10-01,D4U1Y,0.0,0.0
2025-01-01,D4U1Y,0.0,0.0
2025-11-01,D4U1Y,0.0,0.0
2025-08-01,D4U1Y,0.0,0.0
2023-07-01,D4U1Y,0.0,0.0
2023-11-01,D4U1Y,0.0,0.0
2023-01-01,D4U1Y,0.0,0.0
2021-06-01,D4U1Y,0.0,0.0
2021-09-01,D4U1Y,0.0,0.0
2024-05-01,D4U1Y,0.0,0.0
2024-02-01,D4U1Y,0.0,0.0
2023-09-01,D4U1Y,0.0,0.0
2022-08-01,D4U1Y,0.0,0.0
2021-07-01,D4U1Y,0.0,0.0
2025-02-01,D4U1Y,0.0,0.0
2022-03-01,D4U1Y,0.0,0.0
2021-08-01,D4U1Y,0.0,0.0
2026-02-01,D4U1Y,0.0,0.0
2026-04-01,D4U1Y,0.0,0.0
2021-11-01,D4U1Y,0.0,0.0
2025-12-01,D4U1Y,0.0,0.0
2022-04-01,D4U1Y,0.0,0.0
2024-12-01,D4U1Y,0.0,0.0
2024-06-01,D4U1Y,0.0,0.0
2024-09-01,D4U1Y,0.0,0.0
2023-03-01,D4U1Y,0.0,0.0
2024-07-01,D4U1Y,0.0,0.0
2025-10-01,D4U1Y,0.0,0.0
2022-05-01,D4U1Y,0.0,0.0
2023-12-01,D4U1Y,0.0,0.0
2024-01-01,D4U1Y,0.0,0.0
2024-03-01,D4U1Y,0.0,0.0
2024-10-01,D4U1Y,0.0,0.0
2025-03-01,D4U1Y,0.0,0.0
2026-01-01,D4U1Y,0.0,0.0
2022-01-01,D4U1Y,0.0,0.0
2022-09-01,D4U1Y,0.0,0.0
2021-12-01,D4U1Y,0.0,0.0
2026-06-01,D4U1Y,0.0,0.0
2023-10-01,D4U1Y,0.0,0.0
2023-05-01,D4U1Y,0.0,0.0
2023-02-01,D4U1Y,0.0,0.0
2023-04-01,D4U1Y,0.0,0.0
2022-07-01,D4U1Y,0.0,0.0
2025-07-01,D4U1Y,0.0,0.0
2024-11-01,D4U1Y,0.0,0.0
2022-02-01,D4U1Y,0.0,0.0
2025-10-01,D9Y0V,5997.113049999998,1932.8149999999996
2025-06-01,D9Y0V,2458.74238,1930.4599999999998
2022-07-01,D9Y0V,2388.537510000001,1898.101
2022-03-01,D9Y0V,2866.8884000000003,1893.6409999999994
2023-04-01,D9Y0V,2400.536249999999,1915.9319999999998
2023-07-01,D9Y0V,2253.890550000001,1920.5299999999995
2025-05-01,D9Y0V,2874.39569,1930.5109999999995
2022-06-01,D9Y0V,2372.99788,1896.4629999999993
2022-10-01,D9Y0V,2437.27853,1904.817999999999
2025-02-01,D9Y0V,1862.0366099999992,1930.7220000000004
2025-08-01,D9Y0V,5810.297119999999,1930.6960000000008
2024-12-01,D9Y0V,2146.3490899999993,1930.5610000000004
2023-02-01,D9Y0V,2308.737829999999,1912.8150000000005
2021-07-01,D9Y0V,2940.1545300000002,1880.5410000000004
2022-11-01,D9Y0V,2565.069439999999,1909.375
2023-08-01,D9Y0V,3178.4161799999983,1903.6319999999994
2024-03-01,D9Y0V,2622.97028,1917.834999999998
2026-06-01,D9Y0V,8856.130810000002,1923.1629999999996
2026-01-01,D9Y0V,13525.42684999999,1930.3259999999996
2024-05-01,D9Y0V,2247.9162099999994,1920.4890000000007
2026-02-01,D9Y0V,10132.042460000002,1928.1189999999997
2025-12-01,D9Y0V,17421.308109999998,1931.6560000000009
2024-02-01,D9Y0V,2443.952819999999,1917.259
2024-07-01,D9Y0V,2220.2159699999997,1922.649
2026-04-01,D9Y0V,8730.354659999999,1925.6390000000004
2024-09-01,D9Y0V,2009.3535400000005,1924.7620000000002
2021-06-01,D9Y0V,3166.88287,1877.7469999999996
2021-08-01,D9Y0V,2723.0391400000017,1881.2369999999994
2022-09-01,D9Y0V,3417.5977800000014,1901.248
2022-08-01,D9Y0V,2348.2597000000005,1899.569
2023-09-01,D9Y0V,2485.295429999999,1904.9329999999995
2025-04-01,D9Y0V,2292.5807399999976,1930.226
2025-09-01,D9Y0V,6265.01745,1930.2369999999992
2021-09-01,D9Y0V,2760.9857199999997,1881.4669999999999
2023-10-01,D9Y0V,2233.6521400000024,1908.7519999999995
2022-01-01,D9Y0V,2537.8935199999996,1891.3889999999994
2024-06-01,D9Y0V,2082.36234,1921.6680000000001
2024-01-01,D9Y0V,2487.994829999999,1915.812
2025-01-01,D9Y0V,2047.28755,1930.5660000000003
2022-02-01,D9Y0V,2254.4950099999996,1892.7730000000004
2022-12-01,D9Y0V,3699.146999999998,1911.4910000000002
2021-11-01,D9Y0V,2800.899739999998,1886.803999999999
2024-04-01,D9Y0V,2281.969610000001,1918.651
2026-05-01,D9Y0V,8416.86741,1925.1510000000007
2023-05-01,D9Y0V,2501.5639899999987,1917.1419999999996
2025-11-01,D9Y0V,15877.11384999999,1932.5370000000003
2026-03-01,D9Y0V,9237.759430000004,1926.6080000000002
2023-01-01,D9Y0V,2411.118130000001,1911.7819999999997
2023-11-01,D9Y0V,2315.873179999999,1913.4399999999998
2021-12-01,D9Y0V,2841.9055199999993,1889.4459999999997
2025-07-01,D9Y0V,5748.819749999995,1930.6410000000012
2023-12-01,D9Y0V,2442.35331,1915.254999999999
2023-03-01,D9Y0V,2425.530299999999,1914.9979999999994
2021-10-01,D9Y0V,2897.2586699999997,1883.5419999999995
2025-03-01,D9Y0V,3230.07735,1930.2390000000005
2024-10-01,D9Y0V,2065.793640000001,1928.1779999999997
2023-06-01,D9Y0V,2554.5476499999995,1918.7520000000002
2022-05-01,D9Y0V,2649.7306699999995,1894.9070000000002
2024-08-01,D9Y0V,2051.165780000001,1923.971000000001
2024-11-01,D9Y0V,1982.3855999999994,1930.2030000000002
2022-04-01,D9Y0V,2428.501050000001,1893.7389999999996
2023-02-01,02Q,115.53476,123.88799999999999
2022-05-01,02Q,138.19285000000002,122.204
2022-08-01,02Q,147.37980000000002,122.824
2024-12-01,02Q,190.23831,127.837
2024-01-01,02Q,176.21128000000002,125.869
2021-08-01,02Q,158.75605,121.07999999999998
2025-04-01,02Q,209.95063,128.168
2021-06-01,02Q,156.95630000000003,120.66799999999999
2023-04-01,02Q,140.98976000000002,124.247
2022-03-01,02Q,142.89202,121.99699999999999
2025-01-01,02Q,192.0123,127.96799999999999
2025-02-01,02Q,171.42618,128.022
2025-03-01,02Q,129.81032000000002,128.132
2024-02-01,02Q,138.56512,126.02999999999999
2024-10-01,02Q,190.41759000000005,127.598
2025-11-01,02Q,942.1020800000001,128.97
2023-12-01,02Q,142.58216999999996,125.753
2025-09-01,02Q,516.63706,128.853
2024-07-01,02Q,200.40323000000004,126.94300000000001
2023-11-01,02Q,174.95845,125.61399999999999
2025-12-01,02Q,1072.64559,129.011
2023-08-01,02Q,375.5894199999999,125.00600000000001
2022-02-01,02Q,136.25817,121.847
2022-11-01,02Q,135.89834,123.363
2023-09-01,02Q,137.63069000000002,125.22199999999998
2022-12-01,02Q,150.64388000000002,123.58300000000001
2025-10-01,02Q,426.16366999999997,128.933
2021-11-01,02Q,158.78178,121.41299999999998
2024-05-01,02Q,192.51886000000002,126.64
2024-03-01,02Q,191.22801999999996,126.231
2023-01-01,02Q,136.30402000000004,123.708
2026-01-01,02Q,759.9713499999999,129.00400000000002
2026-06-01,02Q,591.66437,128.889
2022-04-01,02Q,132.832,122.10099999999997
2024-04-01,02Q,156.80945,126.361
2022-09-01,02Q,138.72377999999998,123.04899999999999
2025-05-01,02Q,195.0449,128.295
2024-11-01,02Q,148.06353,127.723
2026-04-01,02Q,557.22806,128.883
2021-07-01,02Q,164.63618000000002,120.89400000000002
2025-08-01,02Q,376.50915,128.753
2026-05-01,02Q,608.9606799999999,125.334
2023-03-01,02Q,143.35338999999996,124.06099999999999
2023-07-01,02Q,160.03941,124.71799999999999
2022-06-01,02Q,128.90388,122.42299999999999
2024-06-01,02Q,151.04159,126.78599999999999
2021-09-01,02Q,147.7788,121.23099999999998
2021-12-01,02Q,169.97711,121.53599999999999
2023-10-01,02Q,203.21213999999998,125.40899999999999
2022-01-01,02Q,135.94967,121.699
2022-07-01,02Q,131.16049000000004,122.61599999999999
2023-05-01,02Q,129.7987,124.43
2024-08-01,02Q,173.39985,127.22999999999999
2023-06-01,02Q,213.88103999999998,124.57
2024-09-01,02Q,153.44069000000002,127.47200000000002
2022-10-01,02Q,130.58256,123.2
2021-10-01,02Q,201.90434000000002,121.331
2025-06-01,02Q,203.01649,128.41500000000002
2026-02-01,02Q,513.39034,128.975
2026-03-01,02Q,539.69044,128.88800000000003
2025-07-01,02Q,420.18195999999995,128.549
2024-12-01,52R,883.2719899999996,1155.5860000000005
2025-02-01,52R,771.9008600000002,1155.3000000000002
2022-07-01,52R,1232.9418800000005,1120.9279999999994
2021-08-01,52R,1365.2432900000006,1101.9810000000004
2026-05-01,52R,4171.508389999998,1150.8229999999994
2022-04-01,52R,1265.1731699999993,1120.2890000000004
2023-08-01,52R,1211.0125,1135.2939999999999
2025-10-01,52R,2997.109179999998,1158.3030000000006
2023-03-01,52R,1440.538820000001,1136.4169999999992
2023-12-01,52R,1111.9778699999997,1143.2100000000003
2024-07-01,52R,1012.84605,1146.7149999999992
2021-06-01,52R,1550.0301500000005,1104.308
2024-05-01,52R,919.8350600000005,1147.1669999999995
2026-04-01,52R,4315.61442,1153.8899999999999
2021-12-01,52R,1536.6715800000009,1116.5180000000003
2021-11-01,52R,1343.6714900000002,1114.7470000000003
2022-11-01,52R,1164.0604999999996,1132.6909999999996
2024-01-01,52R,1165.1063700000009,1143.9400000000003
2025-08-01,52R,2594.7386599999986,1152.461999999999
2023-04-01,52R,1015.5025900000004,1137.235
2025-03-01,52R,835.0836899999999,1155.2259999999999
2025-12-01,52R,8005.310679999998,1158.5479999999998
2023-10-01,52R,976.5914799999999,1137.693
2025-05-01,52R,1209.4711800000007,1154.92
2025-04-01,52R,1073.3162200000004,1155.1559999999997
2024-04-01,52R,959.0273799999994,1146.197
2022-02-01,52R,1091.3153499999996,1118.4979999999996
2023-06-01,52R,1173.57231,1137.6909999999996
2026-01-01,52R,6307.16431,1157.5079999999994
2022-06-01,52R,1192.3298800000007,1120.9709999999993
2026-03-01,52R,4023.28132,1154.7900000000002
2023-11-01,52R,972.4383100000002,1141.4659999999997
2022-10-01,52R,1148.8581000000001,1129.007
2022-08-01,52R,1284.7372099999998,1120.467
2022-05-01,52R,1279.87845,1120.2810000000002
2022-09-01,52R,1178.8573699999997,1120.8079999999995
2022-12-01,52R,1224.4617599999995,1134.3770000000004
2024-11-01,52R,785.9727099999999,1155.259
2024-06-01,52R,898.6648400000004,1147.1430000000007
2026-02-01,52R,4410.319529999998,1155.9090000000006
2023-05-01,52R,1123.2940200000003,1137.3960000000006
2025-01-01,52R,878.7175800000007,1155.0739999999998
2024-10-01,52R,860.9411699999998,1152.7630000000006
2025-09-01,52R,3124.6782200000016,1152.0929999999998
2023-01-01,52R,1129.5026599999997,1135.0670000000005
2021-07-01,52R,1461.06908,1104.0360000000005
2025-06-01,52R,1207.8561999999997,1154.4740000000004
2025-11-01,52R,6400.807970000001,1158.9860000000008
2023-02-01,52R,1297.5637499999987,1135.8259999999998
2026-06-01,52R,4251.669959999999,1147.9630000000004
2025-07-01,52R,2654.243539999998,1153.513
2024-08-01,52R,886.1110200000003,1146.5739999999996
2023-07-01,52R,1203.0677900000003,1136.9990000000003
2022-03-01,52R,1195.8169700000008,1119.254
2022-01-01,52R,1122.0208199999995,1117.7190000000003
2024-03-01,52R,1138.2542400000002,1145.6180000000002
2021-09-01,52R,1420.4573500000006,1102.1480000000001
2021-10-01,52R,1290.8986399999992,1111.7540000000001
2024-09-01,52R,819.3316499999997,1146.1089999999997
2024-02-01,52R,1027.8580900000004,1145.1559999999997
2023-09-01,52R,1606.6541699999987,1131.8510000000003
2023-12-01,02T,351.83294,224.26000000000005
2021-07-01,02T,373.25762000000003,222.45699999999994
2025-12-01,02T,1830.49442,225.84699999999998
2024-04-01,02T,307.95492,224.51500000000004
2022-05-01,02T,357.46009000000004,222.68299999999996
2022-11-01,02T,316.78897,223.155
2021-08-01,02T,371.11473000000007,222.46900000000002
2024-09-01,02T,283.07536,225.445
2023-02-01,02T,306.41637999999995,223.288
2024-11-01,02T,296.87685,225.57500000000002
2022-03-01,02T,334.50358,222.38600000000002
2025-06-01,02T,345.21534999999994,225.66999999999996
2022-10-01,02T,321.28899,223.03400000000002
2025-04-01,02T,311.58572999999996,225.72299999999998
2025-01-01,02T,319.50599,225.737
2024-10-01,02T,344.63277999999997,225.468
2024-06-01,02T,368.0211800000001,224.93700000000004
2025-02-01,02T,285.11168000000004,225.83700000000002
2021-11-01,02T,416.12181,222.326
2022-02-01,02T,315.05055,222.43200000000002
2024-02-01,02T,368.52024,224.34399999999997
2025-03-01,02T,311.46427,225.685
2026-02-01,02T,1315.0752,225.64299999999997
2021-06-01,02T,473.44066,222.343
2026-01-01,02T,1482.7432,225.79000000000002
2023-10-01,02T,271.07052999999996,224.07099999999997
2021-10-01,02T,392.58000999999996,222.37599999999998
2022-04-01,02T,338.5244100000001,222.57899999999998
2024-07-01,02T,331.93522999999993,225.11400000000003
2024-12-01,02T,296.51084000000003,225.67499999999998
2023-01-01,02T,297.08971,223.15899999999996
2022-08-01,02T,340.31546999999995,223.037
2024-01-01,02T,342.9234799999999,224.233
2025-08-01,02T,791.3907999999998,225.91600000000003
2025-09-01,02T,814.0456,226.03500000000003
2022-07-01,02T,316.5438200000001,222.80900000000003
2023-11-01,02T,301.98395000000005,224.23200000000003
2024-08-01,02T,345.9192699999999,225.26699999999997
2026-06-01,02T,1328.15828,225.09300000000007
2021-09-01,02T,414.8166,222.56599999999995
2023-05-01,02T,346.47020000000003,223.57000000000002
2025-10-01,02T,943.7523999999999,225.98699999999997
2026-05-01,02T,1203.9485099999997,225.234
2026-04-01,02T,1392.55446,225.28699999999995
2022-01-01,02T,403.07465,222.30400000000006
2025-05-01,02T,452.87308,225.761
2021-12-01,02T,383.8023100000001,222.22899999999998
2024-05-01,02T,286.40345999999994,224.813
2026-03-01,02T,1094.5756,225.426
2024-03-01,02T,364.00296000000003,224.36099999999996
2022-12-01,02T,339.13813,223.187
2023-04-01,02T,302.0797199999999,223.54800000000003
2022-06-01,02T,330.94284000000005,222.712
2023-03-01,02T,317.33707000000004,223.46900000000008
2023-08-01,02T,311.91674,223.87399999999997
2023-06-01,02T,331.98861999999997,223.57299999999998
2025-11-01,02T,868.3412,225.83299999999997
2025-07-01,02T,831.6119999999999,225.80699999999993
2022-09-01,02T,340.27225,223.10099999999997
2023-07-01,02T,286.02718,223.762
2023-09-01,02T,280.8624899999999,224.01399999999998
2024-11-01,03R,258.06748,399.17600000000004
2025-07-01,03R,775.57315,400.16200000000003
2023-10-01,03R,284.60073,395.06700000000006
2025-04-01,03R,337.3374299999999,399.8589999999999
2026-05-01,03R,1263.9095499999999,399.74599999999987
2025-09-01,03R,891.20407,400.6549999999999
2023-11-01,03R,268.5954299999999,395.5749999999999
2025-08-01,03R,709.03234,400.4039999999999
2024-10-01,03R,250.17721999999992,399.0409999999999
2022-05-01,03R,277.30322000000007,388.718
2022-12-01,03R,309.5037500000001,391.1399999999999
2026-02-01,03R,1088.07303,400.156
2026-04-01,03R,1248.3888499999998,399.787
2023-08-01,03R,284.8347,394.211
2025-01-01,03R,276.66136,399.51199999999994
2025-10-01,03R,853.2491099999996,400.73599999999993
2022-09-01,03R,281.87460000000004,390.23
2023-03-01,03R,291.08845999999994,391.9720000000001
2023-04-01,03R,274.67453000000006,392.391
2022-06-01,03R,289.93600000000004,389.18699999999995
2022-03-01,03R,308.30805,388.365
2026-06-01,03R,1331.3354300000003,399.45400000000006
2022-07-01,03R,300.56638000000004,389.5270000000001
2023-09-01,03R,306.39049,394.66200000000003
2024-01-01,03R,310.94951,396.089
2022-11-01,03R,271.74699000000004,390.888
2022-02-01,03R,256.80738,388.0829999999999
2022-01-01,03R,297.81363999999996,387.856
2023-01-01,03R,298.58621,391.344
2024-08-01,03R,230.36466,398.91999999999985
2024-04-01,03R,259.97938999999985,397.06899999999996
2026-03-01,03R,1194.5342699999999,399.96900000000005
2023-06-01,03R,292.75761,393.205
2025-05-01,03R,332.38395999999995,399.9269999999999
2024-07-01,03R,263.84756,398.4809999999998
2021-08-01,03R,331.32388,386.718
2025-12-01,03R,2064.30418,400.61999999999995
2024-06-01,03R,220.64675999999992,398.10399999999987
2024-02-01,03R,311.61824,396.4449999999999
2024-09-01,03R,225.23178,399.089
2023-05-01,03R,314.14319000000006,392.78799999999995
2021-10-01,03R,304.5291099999999,387.26500000000004
2023-07-01,03R,292.05566999999996,393.667
2025-06-01,03R,319.24289000000005,400.02500000000003
2021-09-01,03R,332.05331,387.066
2026-01-01,03R,1532.0089899999998,400.42
2024-05-01,03R,279.78483000000006,397.57600000000014
2021-07-01,03R,326.8550399999999,386.438
2021-06-01,03R,350.12425000000013,385.872
2025-11-01,03R,1242.3733800000002,400.829
2023-12-01,03R,293.77110000000005,395.78499999999997
2021-11-01,03R,360.0225900000001,387.3299999999999
2025-03-01,03R,220.46534,399.718
2024-12-01,03R,233.90133000000006,399.36199999999997
2022-08-01,03R,317.17269000000016,389.78700000000003
2022-04-01,03R,293.15033,388.57099999999997
2022-10-01,03R,305.33944,390.56200000000007
2024-03-01,03R,304.22454999999997,396.669
2025-02-01,03R,239.90696000000003,399.667
2021-12-01,03R,316.18787999999995,387.75699999999995
2023-02-01,03R,258.1338,391.678
2025-04-01,15F,727.5309299999997,944.1180000000002
2023-05-01,15F,611.3449,920.9399999999997
2022-05-01,15F,644.1752600000001,909.8860000000005
2025-06-01,15F,769.7566200000001,942.8490000000003
2023-09-01,15F,824.8414000000001,921.5989999999998
2021-09-01,15F,764.01656,898.0779999999995
2026-04-01,15F,2322.1056799999997,941.1029999999998
2022-12-01,15F,647.3342200000001,917.7
2021-08-01,15F,1174.8917299999996,898.2619999999998
2022-04-01,15F,679.9420300000002,910.1160000000002
2021-06-01,15F,1241.3506999999997,898.0770000000003
2025-12-01,15F,3961.8088799999996,946.3880000000001
2024-02-01,15F,682.6359000000001,935.9100000000001
2024-12-01,15F,606.1901800000002,944.5789999999998
2024-07-01,15F,699.83043,936.6619999999996
2022-07-01,15F,584.9735299999998,909.4680000000002
2025-08-01,15F,1451.1771300000007,939.9489999999998
2024-06-01,15F,566.1465100000001,937.1720000000003
2021-12-01,15F,793.3804200000002,907.976
2026-03-01,15F,2205.3722100000005,941.9459999999998
2025-03-01,15F,517.5934100000002,944.5230000000003
2024-10-01,15F,592.0337199999998,940.7559999999995
2025-02-01,15F,538.67975,944.794
2025-07-01,15F,1508.9226700000004,941.0749999999999
2024-03-01,15F,745.95815,936.2070000000002
2023-12-01,15F,746.2181099999998,933.8000000000002
2022-10-01,15F,641.79311,911.9670000000001
2023-11-01,15F,659.9227100000004,930.9919999999998
2025-05-01,15F,766.85357,943.2420000000001
2026-06-01,15F,2281.91076,935.7590000000001
2023-01-01,15F,716.3171599999998,918.2699999999996
2024-01-01,15F,770.4535500000004,934.8530000000004
2025-10-01,15F,1708.4108600000004,945.0990000000004
2024-11-01,15F,536.2860300000003,943.3670000000003
2022-02-01,15F,645.0350300000001,909.3939999999998
2021-10-01,15F,729.1528099999998,903.297
2025-11-01,15F,2277.116519999999,946.566
2026-01-01,15F,2907.303740000001,945.4240000000003
2024-05-01,15F,597.2583400000005,937.386
2024-08-01,15F,566.9775400000001,936.3109999999999
2022-11-01,15F,715.4118200000006,916.1749999999998
2026-02-01,15F,2173.2918800000007,943.649
2023-10-01,15F,633.5040799999998,926.2859999999998
2023-02-01,15F,596.3135900000003,919.126
2025-09-01,15F,1991.63018,938.9560000000002
2023-04-01,15F,611.4343299999996,920.638
2026-05-01,15F,2328.8627100000012,938.9430000000002
2023-08-01,15F,619.96989,921.3679999999999
2022-09-01,15F,628.0872499999998,908.423
2023-03-01,15F,706.3389899999999,920.538
2025-01-01,15F,589.1505399999999,944.3910000000001
2023-06-01,15F,717.3446800000003,921.8520000000002
2022-06-01,15F,699.22562,909.779
2024-09-01,15F,595.66539,936.206
2021-11-01,15F,771.0480300000002,906.3040000000007
2022-03-01,15F,668.8202500000002,909.6159999999999
2022-01-01,15F,663.3448800000002,908.8750000000002
2024-04-01,15F,615.1634299999998,936.1149999999999
2023-07-01,15F,549.5100400000001,921.3119999999997
2021-07-01,15F,2709.5215200000002,898.6599999999996
2022-08-01,15F,686.4283,908.7419999999997
2026-06-01,36J,2130.04044,664.8220000000001
2021-07-01,36J,665.52024,646.91
2021-10-01,36J,654.9355299999997,645.7120000000002
2024-12-01,36J,494.61756000000014,670.2120000000001
2022-10-01,36J,545.60733,653.2369999999999
2026-03-01,36J,1911.5168200000005,667.4840000000002
2023-08-01,36J,489.11636000000016,660.0480000000001
2021-09-01,36J,668.0463499999997,645.4900000000002
2022-02-01,36J,569.42121,648.4839999999999
2024-02-01,36J,500.26371,664.97
2025-11-01,36J,1885.6228099999996,669.5549999999997
2021-11-01,36J,649.8284199999998,646.851
2022-03-01,36J,1902.9443400000005,649.1300000000001
2022-12-01,36J,556.7759799999998,655.5580000000002
2024-11-01,36J,399.60481,670.0079999999998
2023-11-01,36J,523.30056,662.0900000000001
2023-01-01,36J,536.62643,655.9090000000002
2026-04-01,36J,2044.16589,667.0759999999999
2024-07-01,36J,486.5112000000001,668.1670000000001
2025-06-01,36J,605.8719899999999,669.7119999999999
2025-08-01,36J,1204.92262,669.9429999999999
2024-03-01,36J,539.47244,665.3260000000001
2023-09-01,36J,453.34255,660.26
2025-10-01,36J,1549.1249699999998,669.7230000000001
2024-09-01,36J,420.8792900000001,669.2570000000002
2025-07-01,36J,1213.4253999999999,669.7949999999998
2023-05-01,36J,509.88016999999996,657.9110000000001
2022-05-01,36J,594.3152899999998,650.2900000000001
2025-04-01,36J,537.3831599999999,669.5889999999996
2024-06-01,36J,428.59265000000016,667.7529999999999
2023-06-01,36J,526.8080299999999,658.601
2025-05-01,36J,610.4273200000002,669.6310000000001
2025-02-01,36J,418.1663,669.8200000000002
2024-08-01,36J,474.83821999999986,668.9859999999999
2022-06-01,36J,525.7914000000001,650.9820000000001
2026-02-01,36J,1953.7573,668.1709999999998
2023-02-01,36J,469.06264,656.3529999999998
2025-09-01,36J,1644.8749600000003,669.8850000000001
2023-03-01,36J,566.7208600000002,657.058
2024-01-01,36J,579.0423300000002,664.0760000000002
2022-08-01,36J,525.7164799999999,651.895
2024-05-01,36J,434.2757399999999,667.1250000000002
2024-04-01,36J,451.43406999999996,665.79
2026-01-01,36J,2656.8111200000008,668.7090000000002
2025-01-01,36J,441.5864199999999,670.0830000000001
2026-05-01,36J,1958.8075399999998,666.4779999999998
2022-09-01,36J,569.18243,652.5390000000002
2021-08-01,36J,696.7567300000005,647.173
2022-01-01,36J,560.8332400000002,647.97
2022-04-01,36J,555.1449900000002,650.0210000000001
2023-12-01,36J,548.6206300000002,663.1340000000001
2023-04-01,36J,502.28963000000005,657.5790000000002
2023-10-01,36J,479.5371599999998,661.085
2024-10-01,36J,478.90908999999994,669.6800000000002
2022-11-01,36J,547.94799,654.764
2021-12-01,36J,749.7372300000002,647.316
2025-12-01,36J,3345.3591999999994,669.1720000000001
2022-07-01,36J,562.5874899999999,651.5379999999999
2021-06-01,36J,733.5063299999998,646.0629999999999
2023-07-01,36J,505.2675399999999,659.387
2025-03-01,36J,420.86136000000016,669.6819999999999
2022-11-01,X2C4Y,529.68566,452.93899999999996
2024-12-01,X2C4Y,495.00809000000004,462.1150000000001
2023-06-01,X2C4Y,618.85803,455.70199999999994
2021-12-01,X2C4Y,801.3636400000003,449.28099999999984
2024-10-01,X2C4Y,482.63994000000014,461.6400000000001
2022-03-01,X2C4Y,584.8153,450.42900000000003
2026-01-01,X2C4Y,2741.984810000001,462.288
2025-02-01,X2C4Y,416.71220000000005,462.2179999999999
2022-02-01,X2C4Y,502.0164000000002,449.8720000000002
2026-06-01,X2C4Y,2045.18667,460.47599999999994
2023-02-01,X2C4Y,528.1459299999998,454.09999999999997
2023-04-01,X2C4Y,534.3971499999999,454.902
2023-03-01,X2C4Y,660.6203999999999,454.57099999999997
2023-11-01,X2C4Y,461.9287700000001,457.70200000000006
2022-08-01,X2C4Y,503.09609000000006,451.44800000000004
2025-07-01,X2C4Y,1259.4072900000003,462.515
2025-10-01,X2C4Y,1468.7990400000006,462.63300000000015
2025-11-01,X2C4Y,1900.4685900000006,462.5499999999998
2024-02-01,X2C4Y,535.4084500000001,458.8870000000001
2024-07-01,X2C4Y,562.39428,460.392
2026-03-01,X2C4Y,1778.4603900000002,461.943
2023-08-01,X2C4Y,559.8314399999999,456.3679999999999
2025-09-01,X2C4Y,1456.992,462.5150000000001
2022-05-01,X2C4Y,495.1718300000001,450.82300000000015
2022-09-01,X2C4Y,573.8509200000001,451.686
2021-09-01,X2C4Y,907.369,448.4429999999999
2024-03-01,X2C4Y,554.9777899999999,459.22499999999997
2021-11-01,X2C4Y,1189.2879199999995,448.90600000000023
2021-07-01,X2C4Y,811.0964499999997,448.2400000000001
2023-01-01,X2C4Y,621.47648,453.491
2026-02-01,X2C4Y,2025.0915400000004,462.06199999999995
2024-08-01,X2C4Y,449.68433999999985,460.81
2024-06-01,X2C4Y,431.25902000000025,460.238
2023-05-01,X2C4Y,630.82408,455.349
2022-06-01,X2C4Y,490.96100000000007,451.153
2022-07-01,X2C4Y,468.9562600000001,451.3460000000001
2025-12-01,X2C4Y,3441.0973999999997,462.35200000000015
2022-04-01,X2C4Y,460.56157999999994,450.8619999999999
2023-07-01,X2C4Y,488.59718000000004,456.111
2025-04-01,X2C4Y,518.14851,462.36600000000004
2022-10-01,X2C4Y,578.7171499999997,452.26099999999997
2023-12-01,X2C4Y,522.8998700000001,458.138
2025-01-01,X2C4Y,457.52586999999994,462.077
2025-05-01,X2C4Y,687.2401500000001,462.39199999999977
2024-01-01,X2C4Y,569.4454800000002,458.4240000000001
2024-05-01,X2C4Y,463.3572200000002,459.947
2022-12-01,X2C4Y,571.0481800000001,453.4080000000001
2026-05-01,X2C4Y,2024.234169999999,461.3500000000001
2022-01-01,X2C4Y,754.1547400000002,449.5729999999999
2023-09-01,X2C4Y,485.23579999999987,456.7580000000001
2025-03-01,X2C4Y,433.4988300000001,462.3960000000001
2021-08-01,X2C4Y,728.9844800000001,448.25499999999994
2024-04-01,X2C4Y,475.8856499999999,459.4710000000001
2021-10-01,X2C4Y,581.9733899999998,448.82000000000005
2023-10-01,X2C4Y,529.3342899999998,457.0299999999999
2024-09-01,X2C4Y,447.21437,461.15199999999993
2024-11-01,X2C4Y,419.2284600000001,461.9350000000001
2026-04-01,X2C4Y,2057.39438,461.74300000000017
2021-06-01,X2C4Y,840.90712,447.831
2025-08-01,X2C4Y,1331.8387800000003,462.524
2025-06-01,X2C4Y,642.2679999999998,462.52099999999996
2026-03-01,01F,586.4315999999999,135.86399999999998
2023-10-01,01F,146.83419999999998,135.993
2023-09-01,01F,131.94890999999998,135.918
2025-07-01,01F,518.5368000000001,136.426
2025-02-01,01F,130.12326,136.783
2023-04-01,01F,145.3533,135.394
2023-11-01,01F,155.58688999999998,136.06900000000002
2023-02-01,01F,149.62203,134.964
2024-04-01,01F,136.44625000000002,136.056
2023-01-01,01F,132.44761,134.938
2024-12-01,01F,163.46855000000002,136.77200000000002
2023-06-01,01F,146.12968,135.684
2023-03-01,01F,169.43943,135.135
2021-07-01,01F,162.08704999999998,134.602
2026-02-01,01F,704.5736,135.91400000000002
2024-01-01,01F,150.49163,136.05900000000003
2025-12-01,01F,1018.568,136.06799999999998
2024-05-01,01F,151.32050000000007,136.20999999999998
2022-07-01,01F,151.41410000000002,135.017
2022-08-01,01F,157.42441000000005,135.00099999999998
2021-09-01,01F,185.2878,134.894
2022-12-01,01F,159.14706999999999,135.01100000000002
2025-10-01,01F,500.5436,136.17000000000002
2025-06-01,01F,210.24109,136.616
2024-11-01,01F,152.58689,136.747
2022-04-01,01F,148.74805,135.22999999999996
2022-06-01,01F,154.53174,135.05
2024-03-01,01F,172.44055,136.117
2024-09-01,01F,149.09953,136.538
2025-01-01,01F,164.84538,136.803
2025-11-01,01F,571.2808,136.128
2026-06-01,01F,606.5738299999999,135.80400000000003
2022-03-01,01F,165.07662,135.18699999999998
2024-10-01,01F,171.87902,136.605
2023-08-01,01F,152.23921,135.83600000000004
2022-01-01,01F,144.68367000000003,135.183
2022-05-01,01F,156.15364000000002,135.133
2025-09-01,01F,619.8191999999999,136.231
2021-12-01,01F,172.73594,135.163
2026-01-01,01F,879.3304,135.89100000000002
2025-08-01,01F,523.186,136.31799999999998
2025-04-01,01F,176.46669,136.707
2024-02-01,01F,156.92567,136.12
2024-08-01,01F,166.20407,136.46699999999998
2024-07-01,01F,173.34340999999998,136.332
2023-07-01,01F,148.68064999999999,135.77399999999997
2022-11-01,01F,141.80340000000004,134.97
2021-10-01,01F,150.95007,135.063
2022-10-01,01F,131.76441,135.014
2025-03-01,01F,157.46943000000002,136.717
2026-05-01,01F,710.2939,135.899
2025-05-01,01F,248.96816000000004,136.652
2021-08-01,01F,168.71344,134.654
2024-06-01,01F,113.78967,136.287
2021-11-01,01F,173.39681000000002,135.068
2022-09-01,01F,142.73678999999998,135.04399999999998
2021-06-01,01F,194.50515,134.327
2023-12-01,01F,159.90296,136.05100000000002
2022-02-01,01F,166.73604000000003,135.233
2023-05-01,01F,147.95942000000002,135.53300000000004
2026-04-01,01F,638.26842,135.88499999999996
2025-11-01,01J,690.3115999999999,174.35700000000003
2021-09-01,01J,250.47424,169.472
2023-10-01,01J,148.19826,171.345
2022-06-01,01J,179.18726,170.27399999999997
2024-06-01,01J,142.16930999999997,172.60499999999996
2025-05-01,01J,257.86996,174.04000000000002
2022-12-01,01J,169.42092000000005,170.506
2022-10-01,01J,235.15878000000004,170.427
2022-05-01,01J,172.53383,170.23999999999998
2023-01-01,01J,180.60814000000005,170.42000000000004
2022-04-01,01J,182.46846,170.20699999999997
2026-04-01,01J,637.2609899999999,174.285
2024-11-01,01J,166.73182,173.679
2022-01-01,01J,203.33795999999998,169.84600000000006
2023-07-01,01J,158.22917,171.01999999999995
2023-02-01,01J,170.42583000000002,170.515
2025-04-01,01J,204.97633,173.973
2022-09-01,01J,225.07483,170.31699999999998
2021-08-01,01J,235.35199,169.23299999999998
2026-06-01,01J,787.5430299999999,174.30100000000002
2025-07-01,01J,514.6612,174.07799999999997
2024-09-01,01J,152.38912999999997,173.35200000000003
2022-02-01,01J,194.37811000000005,170.14800000000002
2022-11-01,01J,182.44147,170.525
2023-08-01,01J,172.64968,171.175
2021-07-01,01J,236.14625999999996,169.22099999999998
2024-12-01,01J,173.40999,173.69600000000003
2026-03-01,01J,602.7436,174.26899999999998
2024-02-01,01J,176.83085999999997,171.864
2025-10-01,01J,516.9328,174.363
2023-06-01,01J,166.02899000000002,170.95400000000004
2022-07-01,01J,166.63914000000005,170.35100000000003
2023-03-01,01J,171.49132999999998,170.58700000000002
2021-06-01,01J,263.68379,168.955
2026-01-01,01J,996.0739999999998,174.27200000000002
2022-03-01,01J,188.02114999999998,170.26299999999998
2023-05-01,01J,187.36045000000001,170.77599999999995
2026-02-01,01J,712.178,174.29800000000003
2025-01-01,01J,180.69382999999996,173.748
2025-12-01,01J,1175.832,174.36
2024-04-01,01J,156.59738999999996,172.07000000000002
2024-03-01,01J,189.26462000000004,172.00699999999998
2023-12-01,01J,179.97740000000002,171.67999999999998
2021-10-01,01J,227.3121,169.62900000000002
2025-06-01,01J,230.67542000000003,174.01200000000006
2024-08-01,01J,178.05093000000002,173.10100000000006
2022-08-01,01J,192.20394000000007,170.294
2023-11-01,01J,157.54622999999992,171.49899999999997
2025-09-01,01J,781.9308,174.292
2024-10-01,01J,191.48691000000002,173.49999999999994
2025-08-01,01J,476.7992000000001,174.17
2025-02-01,01J,147.49534000000003,173.873
2021-12-01,01J,288.52119999999996,169.801
2024-05-01,01J,166.68531000000002,172.54900000000004
2025-03-01,01J,185.55059999999995,173.88400000000004
2024-01-01,01J,169.92381,171.71900000000002
2024-07-01,01J,194.38103999999996,172.836
2023-04-01,01J,146.34856999999997,170.638
2023-09-01,01J,149.51681000000005,171.33100000000002
2021-11-01,01J,259.70165999999995,169.71099999999998
2026-05-01,01J,777.5589400000001,174.323
2024-08-01,01T,153.26220000000004,160.42600000000002
2025-05-01,01T,236.15625,161.39700000000002
2022-03-01,01T,224.28953999999996,157.096
2022-07-01,01T,179.54874,157.26199999999997
2023-04-01,01T,169.39754,157.89299999999994
2023-12-01,01T,205.27478000000002,159.03900000000002
2024-09-01,01T,177.11777,160.50000000000003
2021-09-01,01T,267.99767,157.02899999999997
2022-09-01,01T,167.67917999999997,157.43299999999996
2023-11-01,01T,180.15667999999997,158.90400000000002
2024-06-01,01T,139.36604999999997,160.26399999999998
2022-06-01,01T,189.64927,157.181
2026-02-01,01T,787.1872000000002,161.596
2024-03-01,01T,171.63995000000006,159.50699999999995
2022-02-01,01T,197.01207000000002,156.98599999999996
2021-12-01,01T,236.41599,156.991
2022-04-01,01T,202.04304000000008,157.15600000000003
2022-11-01,01T,171.31564,157.605
2025-06-01,01T,227.98641000000003,161.48199999999997
2026-03-01,01T,756.8272000000002,161.559
2022-10-01,01T,174.59437000000005,157.56099999999995
2021-08-01,01T,272.48312000000004,156.94799999999998
2025-12-01,01T,1099.4587999999999,161.70199999999997
2023-07-01,01T,174.50382000000002,158.25
2023-05-01,01T,185.70368,157.92300000000006
2022-01-01,01T,197.6975,156.997
2025-03-01,01T,164.49747000000002,161.33
2024-07-01,01T,157.47785,160.286
2025-02-01,01T,143.99429999999998,161.273
2025-08-01,01T,514.7735999999999,161.62999999999997
2022-12-01,01T,188.29899000000003,157.678
2026-06-01,01T,868.2996099999999,161.68200000000002
2023-03-01,01T,190.62937999999988,157.87100000000004
2023-02-01,01T,156.52480000000003,157.71900000000002
2023-06-01,01T,191.27051000000006,158.095
2025-11-01,01T,654.1908000000001,161.71900000000002
2023-08-01,01T,167.09896,158.44099999999995
2024-05-01,01T,142.30581999999995,159.99100000000004
2025-10-01,01T,534.4852000000001,161.799
2025-07-01,01T,475.03239999999994,161.534
2026-01-01,01T,878.8256,161.609
2022-08-01,01T,193.26295000000005,157.33300000000003
2023-09-01,01T,156.71731000000003,158.63600000000002
2025-04-01,01T,212.39995999999996,161.351
2021-10-01,01T,233.56802000000005,156.95300000000003
2021-11-01,01T,253.49148999999997,156.923
2025-01-01,01T,171.36004,161.01899999999998
2021-06-01,01T,279.91869,156.77400000000003
2023-01-01,01T,151.63744,157.69799999999995
2022-05-01,01T,219.71871000000004,157.129
2023-10-01,01T,166.46969,158.737
2026-04-01,01T,919.91331,161.648
2021-07-01,01T,253.02867999999995,156.909
2024-01-01,01T,180.45828000000003,159.13500000000002
2024-12-01,01T,161.02177,160.93999999999997
2024-10-01,01T,165.50305,160.586
2024-02-01,01T,158.89267999999996,159.32700000000003
2025-09-01,01T,574.3368000000002,161.742
2024-11-01,01T,164.28187000000003,160.77700000000002
2026-05-01,01T,856.7801099999998,161.64999999999998
2024-04-01,01T,167.76745,159.58999999999997
2026-02-01,01V,486.1108000000001,128.883
2023-01-01,01V,158.89892,126.96700000000001
2025-01-01,01V,134.32281999999998,128.407
2024-04-01,01V,120.47239000000002,127.81800000000001
2024-11-01,01V,131.58888,128.36699999999996
2023-11-01,01V,131.21496000000002,127.61599999999999
2023-12-01,01V,194.11202,127.64800000000001
2024-12-01,01V,136.29099999999997,128.416
2026-06-01,01V,604.15181,128.464
2025-11-01,01V,464.98520000000013,128.951
2023-06-01,01V,168.43923,127.15800000000003
2025-04-01,01V,173.99722000000003,128.494
2024-02-01,01V,141.13278,127.812
2022-02-01,01V,140.23729,126.515
2021-10-01,01V,178.54593,126.40700000000001
2024-10-01,01V,146.87709999999998,128.32
2024-05-01,01V,126.99336999999998,127.97
2025-09-01,01V,479.51800000000003,129.105
2023-02-01,01V,147.56346000000002,126.99800000000002
2023-08-01,01V,180.59011999999996,127.34200000000001
2022-05-01,01V,151.29876,126.58899999999998
2023-07-01,01V,150.87351999999998,127.282
2024-06-01,01V,125.70292000000002,127.979
2026-04-01,01V,635.0169199999999,128.57999999999998
2022-06-01,01V,164.22347000000002,126.62899999999999
2025-03-01,01V,131.74167000000003,128.399
2022-01-01,01V,164.93165,126.53000000000002
2021-12-01,01V,239.45439000000005,126.53599999999999
2022-09-01,01V,167.13511,127.0
2022-11-01,01V,149.56522,126.927
2026-05-01,01V,569.95459,128.548
2025-10-01,01V,352.3828000000001,129.047
2025-05-01,01V,177.26232,128.633
2025-02-01,01V,120.03769,128.44400000000002
2023-04-01,01V,155.54666,127.05099999999999
2023-05-01,01V,173.72258,127.102
2021-06-01,01V,208.41152,125.85700000000003
2021-08-01,01V,204.71732999999998,126.21499999999999
2022-07-01,01V,141.35723000000002,126.68700000000001
2023-03-01,01V,157.67599,126.99799999999999
2026-01-01,01V,731.6463999999999,128.892
2025-06-01,01V,170.24068,128.717
2024-08-01,01V,140.25187000000003,128.168
2022-10-01,01V,163.78174000000004,127.00000000000001
2024-09-01,01V,129.46003,128.279
2022-08-01,01V,166.87147,126.85600000000002
2024-03-01,01V,157.34570999999997,127.81499999999997
2021-07-01,01V,210.58702,125.954
2022-04-01,01V,151.46622000000002,126.59300000000002
2026-03-01,01V,490.23,128.66
2022-12-01,01V,173.8176,127.001
2023-09-01,01V,143.91101000000003,127.446
2021-11-01,01V,186.11766,126.39099999999999
2025-08-01,01V,400.35519999999997,128.947
2022-03-01,01V,169.36978000000002,126.57199999999999
2025-07-01,01V,347.7064,128.818
2024-01-01,01V,152.65831,127.712
2024-07-01,01V,128.43877,128.07
2021-09-01,01V,203.11765000000003,126.27899999999998
2025-12-01,01V,840.2488000000002,128.96200000000002
2023-10-01,01V,160.48845,127.432
2026-05-01,01X,835.1060599999998,204.512
2022-04-01,01X,233.7908600000001,200.34899999999996
2023-05-01,01X,232.06866000000005,200.70000000000002
2026-04-01,01X,978.38843,204.45999999999998
2025-09-01,01X,777.2884,204.314
2025-04-01,01X,286.8686200000001,203.72100000000006
2023-06-01,01X,253.32136000000003,200.87700000000004
2024-12-01,01X,256.1014,203.511
2022-12-01,01X,270.61592999999993,200.58399999999997
2021-09-01,01X,318.84734999999995,200.10700000000003
2023-02-01,01X,235.06365,200.51900000000003
2021-07-01,01X,310.18896000000007,199.87700000000004
2023-08-01,01X,199.53232999999997,201.20199999999997
2024-03-01,01X,235.8767,201.94000000000003
2023-03-01,01X,236.3855399999999,200.71999999999994
2023-07-01,01X,210.88750000000005,201.06999999999996
2025-08-01,01X,659.6103999999999,204.15499999999994
2025-03-01,01X,243.14976,203.659
2021-12-01,01X,361.83022,200.11599999999999
2025-05-01,01X,344.18628000000007,203.836
2021-06-01,01X,361.6701900000001,199.67
2023-11-01,01X,194.60284999999996,201.41000000000003
2022-09-01,01X,258.16760999999997,200.636
2026-01-01,01X,1173.2400000000002,204.47000000000006
2022-08-01,01X,227.93255000000002,200.62100000000004
2024-07-01,01X,255.37711000000002,202.84099999999998
2022-11-01,01X,249.94298,200.65099999999998
2025-10-01,01X,806.1955999999999,204.37500000000003
2022-03-01,01X,295.78818,200.31600000000006
2024-05-01,01X,208.71125,202.57799999999997
2022-05-01,01X,263.7250000000001,200.37200000000004
2025-01-01,01X,276.41664999999995,203.54699999999997
2023-09-01,01X,216.22025000000008,201.28900000000004
2026-02-01,01X,827.3356000000001,204.529
2023-10-01,01X,209.74390000000002,201.354
2021-11-01,01X,311.7754499999999,200.05200000000005
2024-04-01,01X,213.90267999999995,201.93699999999998
2025-06-01,01X,304.14187,203.94599999999997
2025-12-01,01X,1409.0604000000003,204.44600000000005
2026-06-01,01X,1038.4409599999997,204.60999999999996
2026-03-01,01X,869.1224,204.49200000000002
2021-10-01,01X,299.92621,200.08300000000003
2022-01-01,01X,273.45688999999993,200.08600000000004
2024-01-01,01X,233.12328999999994,201.711
2024-06-01,01X,210.69392,202.67100000000005
2025-02-01,01X,219.53569999999996,203.61999999999995
2024-11-01,01X,269.7935999999999,203.421
2023-12-01,01X,240.64765999999995,201.61
2024-02-01,01X,274.3575799999999,201.88000000000002
2024-08-01,01X,249.9620500000001,202.99099999999996
2022-02-01,01X,241.13689000000008,200.19399999999996
2022-10-01,01X,234.46009000000004,200.67899999999997
2021-08-01,01X,274.58439,200.04700000000003
2025-11-01,01X,915.0711999999999,204.37800000000001
2022-06-01,01X,250.03761999999998,200.49299999999997
2024-09-01,01X,232.86377,203.22300000000004
2022-07-01,01X,233.51464000000004,200.566
2025-07-01,01X,750.3616000000001,204.108
2024-10-01,01X,231.71979,203.36099999999988
2023-01-01,01X,258.57437000000004,200.53400000000002
2023-04-01,01X,248.29513999999995,200.66100000000003
2025-09-01,02E,767.0050699999998,231.04199999999997
2026-01-01,02E,1301.4875200000001,230.76799999999997
2026-02-01,02E,823.2730500000001,230.624
2021-06-01,02E,282.66007,220.801
2022-09-01,02E,228.13638999999995,225.0
2021-12-01,02E,257.8067699999999,222.95000000000005
2024-04-01,02E,166.48441,229.125
2025-02-01,02E,172.05789000000001,230.83799999999994
2023-02-01,02E,217.71017000000003,225.90099999999998
2022-03-01,02E,242.50318,223.51700000000005
2023-12-01,02E,233.04544,228.56199999999998
2025-12-01,02E,1105.78528,230.829
2022-12-01,02E,233.36926999999997,225.49099999999996
2025-06-01,02E,248.93009,230.82199999999997
2023-04-01,02E,207.18859000000003,226.355
2022-01-01,02E,216.48252999999994,223.195
2021-11-01,02E,277.9357,222.66199999999998
2021-07-01,02E,296.6870300000001,221.40800000000002
2022-08-01,02E,193.03694000000002,224.667
2024-10-01,02E,252.85717999999997,230.54400000000004
2023-11-01,02E,208.12338000000003,228.38899999999998
2021-08-01,02E,232.78702999999996,221.82799999999997
2024-05-01,02E,199.89553000000004,229.504
2026-04-01,02E,933.3171299999999,230.26100000000002
2025-04-01,02E,229.45791999999997,230.623
2024-01-01,02E,245.00739999999996,228.711
2024-12-01,02E,217.23392000000007,230.88499999999996
2026-03-01,02E,809.63023,230.34699999999998
2023-06-01,02E,237.98576000000003,226.83100000000002
2022-04-01,02E,199.80408,223.69899999999993
2024-07-01,02E,221.71083000000002,229.868
2022-05-01,02E,202.46676,223.913
2024-03-01,02E,229.85956,229.046
2023-01-01,02E,233.99523,225.647
2023-10-01,02E,212.63892,228.19400000000002
2025-11-01,02E,593.5056000000001,230.83000000000004
2024-09-01,02E,181.12806999999998,230.441
2023-08-01,02E,208.8578,227.58400000000006
2025-05-01,02E,297.37228000000005,230.72400000000005
2024-08-01,02E,226.97111,230.12099999999998
2021-09-01,02E,276.17055,222.224
2023-07-01,02E,200.00958999999997,227.183
2025-08-01,02E,554.59021,230.84599999999998
2025-03-01,02E,224.71219000000002,230.613
2021-10-01,02E,233.68053999999998,222.48300000000003
2025-10-01,02E,666.75042,231.02300000000002
2022-11-01,02E,220.84047,225.31300000000007
2023-03-01,02E,260.84539,226.03300000000002
2022-07-01,02E,202.77811000000003,224.44099999999997
2024-11-01,02E,195.80609000000007,230.65399999999997
2023-05-01,02E,219.32396,226.48900000000003
2025-01-01,02E,205.48200999999997,230.82099999999997
2024-02-01,02E,184.21574999999999,228.96600000000004
2025-07-01,02E,661.7352099999998,230.779
2022-02-01,02E,208.20564000000013,223.40699999999998
2026-06-01,02E,860.5450000000001,229.918
2022-10-01,02E,168.24930000000003,225.197
2022-06-01,02E,217.92017000000004,224.16500000000002
2026-05-01,02E,871.47551,230.029
2024-06-01,02E,173.17474000000004,229.61299999999997
2023-09-01,02E,188.29865,227.929
2021-10-01,12F,796.7844699999997,339.3120000000001
2023-07-01,12F,634.8466199999998,342.12699999999995
2022-07-01,12F,737.4453900000001,340.0730000000001
2021-12-01,12F,857.8923500000001,339.2629999999999
2025-07-01,12F,2155.1011999999996,346.493
2026-04-01,12F,3455.05223,346.24
2024-09-01,12F,644.7856799999998,345.62699999999995
2022-05-01,12F,744.2206900000002,339.633
2024-06-01,12F,680.5962400000001,344.76600000000013
2022-09-01,12F,696.1660700000003,340.836
2022-01-01,12F,731.57301,339.342
2025-06-01,12F,1049.87291,346.3139999999999
2024-04-01,12F,669.4723099999997,344.019
2022-10-01,12F,649.43281,340.83700000000016
2025-04-01,12F,891.4145299999999,345.996
2025-05-01,12F,1026.1503900000005,346.1479999999999
2025-11-01,12F,3106.3651999999997,346.5650000000001
2021-07-01,12F,829.70836,338.818
2024-01-01,12F,756.30495,343.548
2021-11-01,12F,824.11322,339.17300000000006
2023-11-01,12F,682.69992,343.10599999999994
2021-08-01,12F,815.4753000000002,339.20300000000003
2025-12-01,12F,5872.888000000003,346.5110000000001
2022-08-01,12F,610.1385499999998,340.41499999999996
2025-10-01,12F,2194.4383999999995,346.82899999999995
2023-01-01,12F,670.4141300000002,341.229
2024-12-01,12F,690.7863699999999,345.8069999999999
2021-09-01,12F,831.9447800000002,339.35399999999987
2023-05-01,12F,678.6939699999998,341.68299999999994
2026-06-01,12F,3415.51222,346.11300000000006
2023-10-01,12F,655.2493199999999,342.7750000000001
2025-03-01,12F,690.8121699999999,345.937
2022-11-01,12F,701.1787400000003,340.9410000000001
2026-05-01,12F,3502.0783500000002,346.293
2024-07-01,12F,724.8118399999998,344.969
2024-05-01,12F,691.8554300000002,344.5900000000001
2024-08-01,12F,689.0911600000001,345.3550000000001
2022-03-01,12F,756.0630699999998,339.46600000000007
2024-02-01,12F,778.97138,343.7970000000001
2022-04-01,12F,713.19074,339.544
2025-02-01,12F,639.2508099999999,346.0390000000001
2023-04-01,12F,611.5602599999999,341.581
2023-03-01,12F,718.02117,341.38499999999993
2024-10-01,12F,703.54962,345.59400000000005
2022-02-01,12F,695.72715,339.40500000000014
2022-12-01,12F,674.8723299999996,341.2230000000001
2025-08-01,12F,2215.9387999999994,346.65199999999993
2026-02-01,12F,3312.9263999999994,346.411
2026-03-01,12F,4000.2572000000005,346.26400000000007
2022-06-01,12F,691.5317900000001,339.824
2023-08-01,12F,699.67982,342.42800000000005
2023-02-01,12F,604.90611,341.20799999999997
2023-12-01,12F,833.0049799999998,343.35
2023-09-01,12F,757.3761499999999,342.79600000000005
2025-09-01,12F,2708.0512000000003,346.8120000000001
2024-11-01,12F,640.33626,345.67
2025-01-01,12F,725.3769900000002,345.918
2021-06-01,12F,869.0214800000001,338.52599999999995
2024-03-01,12F,806.7674499999999,343.883
2023-06-01,12F,774.4916099999999,341.8540000000001
2026-01-01,12F,5320.539600000001,346.509
2025-01-01,27D,913.6593,821.6050000000005
2024-08-01,27D,847.73324,818.98
2025-11-01,27D,3268.50742,824.6989999999995
2022-03-01,27D,921.7930400000001,796.0979999999998
2023-03-01,27D,944.7158099999999,805.9350000000002
2022-07-01,27D,946.8491499999999,799.4229999999998
2024-12-01,27D,836.7646499999996,821.498
2024-03-01,27D,994.7728199999997,814.7510000000001
2025-04-01,27D,1014.7717500000001,822.6160000000001
2022-02-01,27D,806.19508,795.7109999999998
2025-05-01,27D,1116.5369300000007,822.8800000000001
2022-11-01,27D,877.7245700000001,803.1750000000003
2022-04-01,27D,845.62854,797.0559999999997
2022-12-01,27D,900.4711599999998,804.1329999999999
2024-05-01,27D,785.8443599999999,816.722
2022-01-01,27D,937.4911200000001,795.167
2026-04-01,27D,4034.7374399999994,824.6209999999998
2023-12-01,27D,982.0972799999998,812.9219999999998
2021-10-01,27D,1110.0467199999998,792.3529999999997
2024-10-01,27D,880.5937899999996,820.0170000000002
2025-02-01,27D,771.89639,822.2139999999999
2022-08-01,27D,868.64945,800.5459999999999
2021-08-01,27D,1074.8325399999997,790.6439999999999
2023-09-01,27D,865.2457999999999,810.32
2024-11-01,27D,846.7658900000001,820.8780000000002
2021-07-01,27D,1086.82089,789.7390000000003
2021-09-01,27D,1133.10385,791.9300000000001
2026-02-01,27D,3661.7699300000013,824.7979999999998
2023-05-01,27D,873.5414699999997,806.809
2025-12-01,27D,5751.171179999999,825.0900000000004
2024-09-01,27D,832.1563199999998,819.7340000000002
2023-04-01,27D,785.1131300000002,806.4380000000002
2023-11-01,27D,922.0664300000002,812.0350000000001
2025-07-01,27D,2479.40084,823.4280000000001
2023-06-01,27D,925.89598,807.487
2023-07-01,27D,831.0718000000003,808.6080000000003
2025-09-01,27D,3086.8643,824.5639999999997
2023-02-01,27D,823.1404299999996,805.4759999999998
2026-01-01,27D,5447.362190000001,824.7529999999999
2021-06-01,27D,1217.74059,788.163
2022-10-01,27D,845.09937,802.3389999999999
2021-11-01,27D,1078.4523900000002,793.1129999999997
2022-09-01,27D,891.7003199999999,801.703
2025-10-01,27D,2953.859769999999,824.5599999999996
2025-08-01,27D,2558.2016999999996,824.1959999999999
2026-06-01,27D,4197.3538,823.8129999999998
2022-06-01,27D,840.0107300000001,798.4519999999999
2024-06-01,27D,790.2585100000002,817.3149999999998
2023-08-01,27D,854.7152499999999,809.3429999999998
2024-04-01,27D,822.53908,815.382
2026-05-01,27D,3775.0289199999997,824.1919999999996
2023-01-01,27D,836.8310899999997,804.6949999999998
2025-03-01,27D,796.98925,822.0740000000002
2024-02-01,27D,887.7731399999998,814.1169999999998
2024-07-01,27D,848.4890499999999,818.0970000000001
2022-05-01,27D,939.8107200000002,797.4550000000003
2024-01-01,27D,917.3140099999998,813.2850000000007
2025-06-01,27D,1192.7723300000002,823.2050000000002
2023-10-01,27D,837.1347999999999,810.7400000000001
2021-12-01,27D,1402.6484500000001,794.0409999999999
2026-03-01,27D,3604.18289,824.4939999999999
2024-03-01,99A,432.8785900000001,588.5050000000001
2025-10-01,99A,1384.7184000000007,602.136
2023-03-01,99A,399.76809000000003,577.3199999999998
2021-09-01,99A,549.4612800000001,557.2099999999999
2024-02-01,99A,425.0859099999998,587.707
2024-10-01,99A,411.51624999999984,594.7319999999999
2022-03-01,99A,521.6689799999997,566.7900000000001
2026-01-01,99A,2637.89593,602.0160000000001
2021-11-01,99A,560.4461999999999,562.7960000000002
2022-05-01,99A,443.68503000000015,567.5210000000001
2025-09-01,99A,1487.3540000000005,597.1669999999998
2024-07-01,99A,410.8278399999998,590.1709999999999
2022-10-01,99A,429.5618500000002,570.0760000000004
2023-08-01,99A,385.62857,578.1479999999999
2023-10-01,99A,379.0519899999998,581.534
2024-01-01,99A,405.9433899999997,586.7710000000001
2025-06-01,99A,578.6104499999997,598.261
2022-02-01,99A,443.4821600000002,564.7820000000002
2026-06-01,99A,2116.34552,597.8460000000001
2026-03-01,99A,3815.3743000000004,599.4830000000001
2023-12-01,99A,456.1511800000001,586.0979999999998
2022-06-01,99A,443.58707000000015,567.5760000000002
2023-11-01,99A,346.05903000000023,584.6170000000002
2025-02-01,99A,362.50936000000013,597.8240000000002
2025-12-01,99A,9371.167780000002,602.5209999999998
2021-07-01,99A,565.5690000000003,556.8169999999997
2022-04-01,99A,450.34765000000004,567.5660000000003
2022-08-01,99A,420.30215999999996,567.767
2021-06-01,99A,662.8912900000005,556.6039999999998
2022-09-01,99A,415.36054000000007,567.6490000000003
2025-03-01,99A,375.61761,598.2539999999996
2021-10-01,99A,545.4404699999999,559.776
2022-07-01,99A,428.1960600000004,567.8890000000002
2024-05-01,99A,401.5013400000001,590.0940000000002
2025-04-01,99A,529.0526299999999,598.4309999999999
2024-08-01,99A,397.76541000000003,590.0969999999999
2025-11-01,99A,1964.8638999999996,603.0670000000001
2024-12-01,99A,401.37551000000025,597.3089999999999
2022-01-01,99A,494.5530300000002,564.6349999999998
2024-04-01,99A,374.0854299999998,588.7189999999998
2023-04-01,99A,380.5738900000002,577.9860000000002
2024-06-01,99A,334.53812000000005,590.2949999999998
2026-04-01,99A,5213.489849999999,599.3449999999999
2025-05-01,99A,566.19234,598.3059999999996
2023-07-01,99A,398.09434,578.563
2023-02-01,99A,383.56856000000005,576.2900000000002
2023-05-01,99A,412.3990199999999,578.3139999999999
2025-01-01,99A,433.4978199999997,597.26
2025-08-01,99A,1216.2836000000004,597.4639999999998
2024-11-01,99A,392.44621,596.6610000000002
2026-02-01,99A,2577.273829999999,600.6809999999999
2022-11-01,99A,377.6844100000001,573.6159999999999
2023-09-01,99A,376.1380200000002,577.8150000000003
2023-06-01,99A,426.8420300000001,578.811
2024-09-01,99A,391.9730199999999,590.17
2026-05-01,99A,2016.0077299999991,599.0540000000003
2025-07-01,99A,1159.496,597.8290000000002
2022-12-01,99A,429.60124999999994,575.2219999999999
2021-08-01,99A,539.7940199999999,556.8329999999996
2021-12-01,99A,573.16362,564.4279999999998
2023-01-01,99A,379.76289999999995,575.4419999999999
2024-04-01,10Q,724.4899600000003,818.43
2024-10-01,10Q,686.65728,824.3900000000003
2022-11-01,10Q,816.0836400000002,804.679
2021-07-01,10Q,1079.8412899999998,782.6389999999999
2023-03-01,10Q,819.3237799999998,806.683
2025-02-01,10Q,661.9650699999997,828.913
2024-05-01,10Q,700.5516500000002,819.4230000000003
2021-11-01,10Q,1031.26849,790.689
2025-10-01,10Q,2105.68613,831.8580000000001
2023-05-01,10Q,874.6023500000002,807.6209999999999
2021-09-01,10Q,1025.3619099999999,783.8799999999998
2026-05-01,10Q,2933.0009300000006,824.4100000000001
2022-07-01,10Q,832.96499,797.2179999999998
2024-03-01,10Q,886.6214500000002,818.3840000000001
2023-01-01,10Q,834.1214500000001,806.3330000000002
2025-07-01,10Q,1809.9135099999999,828.2089999999998
2021-10-01,10Q,899.2644999999997,788.0740000000001
2026-03-01,10Q,2724.7664199999995,826.7789999999997
2023-12-01,10Q,908.1893899999999,816.9809999999998
2022-02-01,10Q,825.3752400000003,794.131
2022-09-01,10Q,817.6506200000003,797.5499999999998
2022-04-01,10Q,930.8442100000001,794.7859999999998
2022-08-01,10Q,859.9970800000001,797.4539999999998
2024-06-01,10Q,666.4820500000001,819.5509999999999
2024-01-01,10Q,851.14571,817.6030000000002
2024-09-01,10Q,693.9056899999998,820.9699999999998
2023-04-01,10Q,759.67748,807.3140000000001
2026-06-01,10Q,3081.3365399999993,821.9699999999996
2024-08-01,10Q,670.5311399999999,820.1370000000001
2025-08-01,10Q,1648.4277100000006,827.923
2025-04-01,10Q,784.4660600000002,828.4530000000002
2023-06-01,10Q,830.53126,807.886
2026-01-01,10Q,4980.56915,830.7590000000001
2022-06-01,10Q,873.0941300000003,796.2599999999999
2025-09-01,10Q,2040.55685,828.6479999999999
2021-08-01,10Q,999.9130100000003,782.8509999999998
2023-09-01,10Q,755.6615599999994,809.5409999999995
2022-01-01,10Q,907.2544400000002,792.9170000000003
2026-04-01,10Q,3520.7289600000004,825.9930000000002
2022-05-01,10Q,926.7473600000001,795.119
2026-02-01,10Q,2735.958699999999,828.5749999999999
2025-11-01,10Q,2636.4374699999994,833.1869999999999
2023-11-01,10Q,749.7026600000002,816.2529999999999
2025-12-01,10Q,6397.085489999998,832.3339999999996
2023-07-01,10Q,835.0528700000002,808.5239999999999
2023-10-01,10Q,817.1705700000001,813.1829999999999
2025-03-01,10Q,659.45534,828.6360000000002
2024-07-01,10Q,708.0336900000001,820.0399999999997
2024-02-01,10Q,1186.6694599999994,818.6979999999999
2024-11-01,10Q,673.3824799999999,827.1999999999998
2021-06-01,10Q,1066.1009399999998,781.1039999999999
2024-12-01,10Q,711.62397,827.848
2025-01-01,10Q,705.49452,828.2359999999999
2021-12-01,10Q,1074.89267,792.0729999999999
2023-02-01,10Q,710.0660899999999,807.522
2022-12-01,10Q,826.8146100000002,806.1120000000004
2025-05-01,10Q,960.0334000000001,828.2609999999997
2023-08-01,10Q,739.57729,808.443
2022-10-01,10Q,789.8864399999999,801.089
2025-06-01,10Q,830.02023,828.2979999999999
2022-03-01,10Q,945.1682500000002,794.251
2024-10-01,14Y,667.0195399999998,594.5720000000001
2026-01-01,14Y,2896.934,597.752
2025-11-01,14Y,2759.1308499999996,597.943
2022-02-01,14Y,631.7162899999998,577.893
2025-04-01,14Y,717.64944,596.175
2021-11-01,14Y,752.5197800000001,576.0589999999999
2023-11-01,14Y,587.18424,587.4069999999999
2025-03-01,14Y,1436.7870099999998,595.9109999999998
2024-02-01,14Y,640.9097599999999,589.6759999999999
2024-01-01,14Y,635.7603700000001,588.6659999999999
2024-03-01,14Y,718.7337900000001,590.1120000000002
2023-05-01,14Y,625.49826,584.4409999999998
2022-01-01,14Y,624.43554,577.3670000000001
2023-09-01,14Y,644.7395,586.8620000000001
2024-04-01,14Y,594.2783800000001,590.2850000000001
2022-04-01,14Y,599.53135,578.818
2024-11-01,14Y,604.8273,594.9020000000003
2024-09-01,14Y,590.8189199999999,594.9140000000001
2025-08-01,14Y,1567.7063400000006,598.312
2022-06-01,14Y,645.47471,579.749
2025-09-01,14Y,1756.68461,598.8180000000001
2023-06-01,14Y,663.2363799999999,585.0479999999999
2021-07-01,14Y,736.1475900000002,575.1370000000002
2023-01-01,14Y,587.7372900000001,582.9130000000001
2025-12-01,14Y,3738.4476900000004,598.1229999999999
2021-09-01,14Y,822.10395,576.5020000000001
2025-02-01,14Y,559.3135900000001,596.027
2026-05-01,14Y,2520.93939,596.092
2021-08-01,14Y,806.4945899999999,575.9740000000002
2025-10-01,14Y,1750.5117100000004,598.459
2024-08-01,14Y,639.55712,593.907
2024-06-01,14Y,677.09173,591.9830000000002
2022-03-01,14Y,574.1106500000001,578.208
2024-07-01,14Y,633.5339999999999,592.9050000000002
2024-05-01,14Y,584.4078100000002,591.6809999999998
2026-03-01,14Y,2264.1571799999997,596.6419999999999
2023-04-01,14Y,605.1165200000002,584.012
2024-12-01,14Y,624.2668199999999,595.3030000000001
2023-08-01,14Y,599.57872,586.529
2025-06-01,14Y,783.1794100000001,596.982
2022-09-01,14Y,590.3409200000001,581.9729999999998
2021-12-01,14Y,806.3828300000002,576.819
2022-05-01,14Y,581.0601999999999,579.0200000000001
2026-04-01,14Y,2503.8835400000003,596.413
2025-05-01,14Y,827.6704499999998,596.3329999999999
2023-02-01,14Y,561.9588,583.2759999999998
2021-10-01,14Y,703.5586200000002,576.122
2022-11-01,14Y,577.7897499999999,582.3330000000001
2023-03-01,14Y,595.9919,583.533
2022-08-01,14Y,694.5151000000001,581.168
2022-12-01,14Y,659.9066799999998,582.6999999999999
2021-06-01,14Y,868.2002700000002,574.3239999999998
2026-02-01,14Y,2353.5167400000005,597.1600000000002
2023-07-01,14Y,606.1081899999998,585.6049999999999
2025-07-01,14Y,1395.6619500000004,597.5709999999998
2022-07-01,14Y,583.0678199999999,580.591
2025-01-01,14Y,584.8645600000001,595.5559999999999
2023-12-01,14Y,732.21519,588.19
2022-10-01,14Y,633.12413,581.602
2023-10-01,14Y,588.32868,586.593
2026-06-01,14Y,2378.291730000001,595.6949999999998
2025-07-01,15A,726.9673500000002,589.917
2023-07-01,15A,300.41664999999995,579.4250000000001
2024-02-01,15A,326.9383899999999,584.197
2024-01-01,15A,346.56737,583.5060000000001
2021-08-01,15A,450.04421000000013,560.5430000000001
2022-11-01,15A,352.30052000000006,575.7260000000001
2023-02-01,15A,315.29329999999993,577.689
2023-09-01,15A,295.94689999999997,580.743
2022-04-01,15A,403.06224000000014,568.7520000000001
2022-03-01,15A,464.84089000000006,568.374
2024-06-01,15A,248.49226000000002,585.9879999999998
2023-12-01,15A,380.38778,583.5749999999998
2023-05-01,15A,296.5610000000001,578.674
2024-03-01,15A,356.99933,584.9259999999998
2025-06-01,15A,360.76290000000006,590.2059999999999
2021-11-01,15A,458.54374000000007,564.9519999999999
2021-09-01,15A,461.59492,561.584
2022-10-01,15A,323.34647000000007,574.1030000000001
2024-10-01,15A,264.00487,587.3719999999998
2025-02-01,15A,276.65388999999993,589.7080000000002
2025-05-01,15A,465.67209,590.0099999999999
2024-09-01,15A,317.30021999999997,586.8400000000001
2025-12-01,15A,1985.6466799999998,590.217
2022-01-01,15A,395.91499999999996,567.247
2023-08-01,15A,326.9867499999999,579.9430000000002
2022-02-01,15A,361.02553000000006,568.0729999999999
2025-01-01,15A,305.54861999999997,589.533
2021-06-01,15A,592.49443,558.3430000000001
2022-05-01,15A,413.69373,569.0710000000003
2025-11-01,15A,979.0837300000002,590.5879999999999
2024-07-01,15A,327.99283999999994,586.293
2026-02-01,15A,1223.4399199999998,588.2539999999999
2025-04-01,15A,342.09121,590.0149999999999
2025-10-01,15A,1027.23787,590.1820000000001
2026-04-01,15A,1468.7711399999994,586.8720000000001
2026-01-01,15A,1997.1651699999995,589.556
2022-06-01,15A,349.6204900000001,569.984
2021-10-01,15A,418.02833000000004,564.073
2024-08-01,15A,291.4853699999999,586.8500000000001
2025-03-01,15A,352.3283300000001,589.7340000000002
2022-09-01,15A,359.19079999999997,572.414
2023-01-01,15A,353.58293999999995,577.0840000000002
2021-12-01,15A,527.2923900000001,566.24
2022-12-01,15A,351.4660800000001,576.8490000000002
2024-12-01,15A,284.75175,589.2450000000002
2024-05-01,15A,282.16712,585.6290000000001
2026-03-01,15A,1437.9897500000006,587.1649999999998
2023-10-01,15A,339.1560999999999,583.109
2023-03-01,15A,347.4060599999999,578.0500000000001
2021-07-01,15A,486.2823000000001,559.6350000000001
2025-09-01,15A,949.90009,590.175
2026-05-01,15A,1305.2508700000003,585.9199999999998
2024-04-01,15A,292.61816,585.1130000000002
2023-06-01,15A,323.27382,579.1
2025-08-01,15A,832.3155699999998,590.2299999999999
2024-11-01,15A,274.1476200000001,588.7819999999999
2022-08-01,15A,371.06520000000006,571.4800000000002
2023-04-01,15A,299.2743300000001,578.4799999999999
2023-11-01,15A,305.21903999999995,583.938
2026-06-01,15A,1356.1416900000002,584.765
2022-07-01,15A,396.95579,570.9019999999999
2024-05-01,U2G6B,259.89535,496.307
2025-08-01,U2G6B,641.8208,503.704
2024-07-01,U2G6B,285.57253000000003,497.32900000000006
2025-11-01,U2G6B,1744.87693,503.55499999999995
2023-07-01,U2G6B,228.14884,469.71700000000004
2026-01-01,U2G6B,2229.4211999999998,502.0800000000001
2026-04-01,U2G6B,1250.311,499.8480000000001
2024-04-01,U2G6B,269.31531999999993,495.10499999999985
2023-12-01,U2G6B,252.6276000000001,492.7450000000001
2021-10-01,U2G6B,345.28902000000005,455.946
2023-04-01,U2G6B,225.18004,467.4869999999999
2026-06-01,U2G6B,1287.7806999999998,498.413
2025-10-01,U2G6B,827.0315999999998,503.7939999999999
2022-09-01,U2G6B,196.89509999999993,462.03
2021-09-01,U2G6B,289.28679000000005,455.88199999999995
2023-11-01,U2G6B,262.96838,491.996
2025-01-01,U2G6B,305.08459,501.54200000000003
2023-03-01,U2G6B,256.82415999999995,467.15400000000005
2022-02-01,U2G6B,267.6972,457.68000000000006
2024-02-01,U2G6B,271.85217000000006,493.96900000000005
2024-11-01,U2G6B,265.0278,500.0730000000001
2022-03-01,U2G6B,268.59984,457.9359999999999
2026-02-01,U2G6B,1233.5804000000005,500.982
2023-02-01,U2G6B,223.41632,466.5430000000001
2022-06-01,U2G6B,248.65864000000002,459.74899999999997
2022-11-01,U2G6B,212.52419999999995,463.82399999999996
2022-01-01,U2G6B,261.5519,457.534
2024-06-01,U2G6B,239.95421,497.036
2024-01-01,U2G6B,282.32969999999995,493.33
2024-09-01,U2G6B,261.1765,498.337
2023-09-01,U2G6B,234.07000999999997,489.5049999999999
2026-03-01,U2G6B,1127.5203999999997,500.1820000000001
2023-06-01,U2G6B,240.92687999999998,468.7879999999999
2023-05-01,U2G6B,207.48246,467.99000000000007
2024-10-01,U2G6B,272.73859,498.90599999999984
2023-08-01,U2G6B,242.18693,488.8670000000001
2026-05-01,U2G6B,1217.0788800000003,499.34299999999996
2025-03-01,U2G6B,275.21066,502.084
2021-12-01,U2G6B,355.425,457.016
2024-08-01,U2G6B,256.4372000000001,497.945
2021-06-01,U2G6B,324.0316000000001,454.7250000000001
2021-11-01,U2G6B,312.29637,456.4079999999999
2022-10-01,U2G6B,245.6724100000001,462.93600000000004
2025-04-01,U2G6B,319.52684000000005,502.404
2025-07-01,U2G6B,825.8248000000003,503.097
2024-03-01,U2G6B,281.64202,494.50000000000006
2021-08-01,U2G6B,287.76284,455.3450000000001
2021-07-01,U2G6B,362.75451,455.0270000000001
2022-08-01,U2G6B,271.11187,460.99
2024-12-01,U2G6B,269.45369000000005,501.00499999999994
2025-12-01,U2G6B,3251.2599999999998,503.06699999999995
2023-10-01,U2G6B,248.77886999999998,490.76599999999996
2025-09-01,U2G6B,841.2072000000001,503.7729999999999
2022-12-01,U2G6B,209.39048,464.898
2025-06-01,U2G6B,380.37910000000005,502.65799999999973
2022-04-01,U2G6B,241.36884000000006,458.011
2022-05-01,U2G6B,294.44792000000007,458.9299999999999
2023-01-01,U2G6B,227.35107000000005,465.598
2025-02-01,U2G6B,252.82215000000002,502.36300000000006
2022-07-01,U2G6B,267.21675000000005,460.454
2025-05-01,U2G6B,344.69672999999983,502.392
2021-12-01,06H,1339.2017500000006,1010.218
2024-10-01,06H,849.25889,1050.6809999999998
2025-05-01,06H,1168.2811699999997,1056.8870000000002
2025-03-01,06H,896.4511499999996,1056.5620000000001
2022-12-01,06H,1088.03988,1028.7049999999997
2021-10-01,06H,1279.6643099999994,1004.3230000000001
2021-07-01,06H,1388.16301,1000.023
2022-04-01,06H,1017.5783500000003,1013.9850000000005
2024-08-01,06H,822.88143,1049.7020000000005
2026-01-01,06H,4358.98045,1059.4199999999998
2026-05-01,06H,3643.165900000001,1053.3840000000005
2023-11-01,06H,894.2741600000003,1042.8670000000004
2026-06-01,06H,3437.4758499999994,1050.3110000000008
2024-07-01,06H,888.8613699999993,1049.422
2021-11-01,06H,1292.1098000000004,1008.0740000000002
2025-04-01,06H,1109.8318100000004,1056.555
2024-01-01,06H,983.6624400000005,1045.0999999999997
2023-07-01,06H,841.5215899999998,1037.0180000000003
2024-03-01,06H,976.5090100000001,1046.3630000000003
2024-04-01,06H,807.0228699999997,1047.0110000000002
2025-09-01,06H,2829.196200000001,1058.0279999999996
2026-04-01,06H,3532.4577599999993,1055.087
2022-03-01,06H,1128.84306,1013.211
2023-06-01,06H,880.2268199999994,1035.1440000000002
2023-10-01,06H,879.6362299999998,1039.4800000000002
2024-09-01,06H,829.8246199999996,1050.2569999999998
2023-05-01,06H,980.3610100000002,1033.643
2026-03-01,06H,3237.450639999999,1056.0469999999998
2024-06-01,06H,754.2468600000005,1048.915
2022-09-01,06H,1018.18184,1020.9880000000005
2025-01-01,06H,943.4859899999999,1055.8790000000001
2022-06-01,06H,1089.9628400000001,1016.6010000000003
2026-02-01,06H,2926.6933700000004,1057.3400000000001
2023-12-01,06H,1023.9363399999997,1044.6879999999996
2025-10-01,06H,2423.0625600000003,1058.2310000000004
2025-08-01,06H,2271.20847,1058.4060000000002
2023-08-01,06H,872.8871199999998,1038.1129999999998
2024-05-01,06H,844.9222600000005,1048.261
2021-08-01,06H,1262.3092100000001,1001.6300000000005
2024-02-01,06H,842.3214799999998,1045.9779999999998
2025-02-01,06H,795.0683499999998,1056.5639999999999
2022-10-01,06H,1032.4285400000008,1023.0810000000001
2021-06-01,06H,1500.5147900000002,996.9649999999998
2022-08-01,06H,1055.3753099999997,1019.3399999999995
2023-01-01,06H,1057.3098200000006,1029.6439999999998
2023-09-01,06H,857.2722600000005,1038.3509999999997
2024-11-01,06H,798.2677899999999,1054.316
2025-11-01,06H,3076.4400100000003,1059.876
2021-09-01,06H,1328.8116099999993,1002.4359999999996
2025-12-01,06H,5092.989739999998,1059.5300000000002
2023-04-01,06H,912.9523100000005,1032.874
2024-12-01,06H,859.0414999999996,1055.1680000000001
2022-07-01,06H,983.9884099999995,1018.1569999999998
2022-11-01,06H,1034.3045299999999,1026.8800000000003
2022-05-01,06H,1068.2116699999995,1014.8039999999996
2025-07-01,06H,2446.0704900000005,1058.0180000000003
2023-03-01,06H,1116.54676,1032.3459999999998
2025-06-01,06H,1230.2196599999997,1057.448
2023-02-01,06H,891.7144200000005,1031.469
2022-01-01,06H,1153.21291,1011.6809999999999
2022-02-01,06H,1014.2785999999996,1012.3840000000002
2025-07-01,06K,1161.5611099999999,636.7850000000001
2024-08-01,06K,594.2012199999998,633.4149999999998
2025-09-01,06K,1442.44941,637.2790000000001
2026-02-01,06K,1387.87644,636.9000000000001
2024-09-01,06K,550.6373100000001,633.5459999999998
2021-11-01,06K,852.4434999999996,616.0049999999998
2024-10-01,06K,549.4814700000002,634.396
2023-09-01,06K,773.8781100000003,626.4469999999999
2023-07-01,06K,813.02626,624.6919999999999
2024-06-01,06K,567.2141500000004,632.5630000000004
2023-05-01,06K,839.8567900000003,623.3190000000002
2025-08-01,06K,1224.7419499999999,637.139
2024-11-01,06K,627.2460199999999,635.1719999999998
2026-06-01,06K,1679.7807200000004,635.4970000000001
2021-06-01,06K,761.12601,613.543
2024-07-01,06K,656.53727,632.8690000000001
2022-11-01,06K,851.0124099999997,619.5289999999999
2022-01-01,06K,754.0017600000002,616.463
2023-03-01,06K,845.7576899999999,622.2830000000002
2025-05-01,06K,594.4553100000002,636.262
2022-04-01,06K,802.4730500000003,616.9080000000001
2025-12-01,06K,2556.3596099999995,637.8419999999999
2022-03-01,06K,580.1174100000003,617.16
2022-09-01,06K,634.5738599999997,618.0550000000003
2024-04-01,06K,689.2700899999999,631.8519999999999
2026-05-01,06K,1554.79102,635.9030000000001
2022-05-01,06K,652.0061300000003,616.8030000000002
2021-10-01,06K,874.4938499999996,615.5160000000003
2026-01-01,06K,2089.668870000001,637.6220000000002
2022-12-01,06K,683.0396099999996,620.216
2021-09-01,06K,705.3236400000002,615.7130000000003
2023-08-01,06K,839.9108700000002,625.6500000000001
2023-10-01,06K,748.9522099999997,626.8349999999998
2022-02-01,06K,525.5261800000003,617.0380000000001
2024-03-01,06K,694.1882900000002,631.2529999999997
2025-04-01,06K,552.1892399999999,635.935
2022-07-01,06K,607.2602099999999,617.6839999999997
2021-12-01,06K,684.5710900000001,616.2349999999999
2024-05-01,06K,527.2474500000002,632.4429999999999
2025-02-01,06K,424.0922199999999,635.6609999999997
2021-07-01,06K,982.0470600000001,614.7159999999998
2023-04-01,06K,604.2183300000002,622.9799999999998
2023-02-01,06K,520.0999800000001,621.4169999999998
2021-08-01,06K,764.9824699999999,615.2460000000001
2025-06-01,06K,612.11557,636.5110000000001
2024-01-01,06K,783.8058899999999,629.4630000000002
2022-06-01,06K,657.92524,617.2060000000001
2025-01-01,06K,485.2355400000001,635.2129999999997
2023-11-01,06K,735.7098900000001,628.224
2022-08-01,06K,603.27732,617.939
2024-02-01,06K,1556.48361,630.264
2025-11-01,06K,1289.9535199999998,638.1169999999997
2026-04-01,06K,1617.39984,636.2700000000002
2025-03-01,06K,479.17395000000005,635.8670000000002
2023-01-01,06K,729.57126,620.6190000000001
2022-10-01,06K,528.3123,618.4049999999999
2023-06-01,06K,763.8890899999999,624.2079999999997
2023-12-01,06K,685.4760900000002,629.0659999999998
2025-10-01,06K,1364.8675800000005,637.9460000000003
2024-12-01,06K,519.3220600000001,635.383
2026-03-01,06K,1527.9446800000003,636.386
2025-10-01,06N,1664.2918300000008,694.3330000000001
2025-02-01,06N,481.05607000000003,692.7379999999998
2024-02-01,06N,713.6353299999998,685.7780000000001
2026-05-01,06N,3425.4791999999993,691.0409999999998
2021-06-01,06N,1080.2745,663.0380000000001
2024-01-01,06N,721.4646899999999,685.3440000000002
2024-09-01,06N,591.2354,690.592
2023-06-01,06N,751.36902,679.9789999999998
2021-08-01,06N,888.56221,665.6909999999999
2022-03-01,06N,830.30666,669.1230000000002
2023-08-01,06N,778.0803,682.1170000000002
2025-03-01,06N,556.7731999999999,692.5960000000002
2022-10-01,06N,686.4921799999998,674.0870000000001
2023-03-01,06N,738.43608,677.7799999999997
2024-05-01,06N,744.90665,687.6659999999999
2025-07-01,06N,1452.1961999999999,693.7500000000002
2024-11-01,06N,603.8083500000001,691.241
2023-11-01,06N,710.4805799999999,684.1589999999998
2024-07-01,06N,635.56862,689.499
2026-06-01,06N,2374.7649800000013,690.1429999999997
2022-11-01,06N,676.9849200000001,674.6469999999999
2024-12-01,06N,614.17129,691.748
2022-07-01,06N,619.2578,671.716
2024-04-01,06N,654.3552599999999,686.7740000000005
2023-12-01,06N,727.2042700000001,684.8830000000004
2026-02-01,06N,3634.37392,692.4020000000002
2026-03-01,06N,2138.5564899999995,691.645
2025-05-01,06N,778.81916,692.9970000000001
2022-09-01,06N,616.5941,673.8740000000003
2021-09-01,06N,960.5984100000002,666.9689999999999
2025-08-01,06N,1515.1925400000002,694.3019999999998
2023-05-01,06N,756.1244000000004,679.0659999999999
2023-04-01,06N,707.7085300000001,678.374
2025-09-01,06N,1796.59958,694.7259999999998
2022-01-01,06N,778.1206999999999,668.49
2025-06-01,06N,691.0711199999997,693.4059999999995
2022-12-01,06N,743.6128299999999,675.2439999999998
2026-01-01,06N,4061.06481,693.391
2025-04-01,06N,677.8809800000001,692.7930000000002
2023-02-01,06N,667.9784400000001,676.9580000000002
2023-01-01,06N,687.07713,676.0409999999999
2026-04-01,06N,2287.93822,691.4770000000002
2024-06-01,06N,509.1861,688.1179999999999
2023-10-01,06N,695.43353,683.1969999999999
2025-12-01,06N,4513.53565,693.693
2023-07-01,06N,803.6916499999999,680.8580000000001
2022-05-01,06N,755.3847699999999,670.0010000000002
2022-02-01,06N,695.7347900000002,669.0080000000002
2021-11-01,06N,933.0255599999999,667.1409999999997
2024-10-01,06N,605.6520800000001,690.576
2023-09-01,06N,699.3606200000002,683.1750000000002
2021-12-01,06N,952.1953500000002,667.7900000000001
2025-01-01,06N,666.5664300000001,692.1920000000001
2024-08-01,06N,579.1055700000002,690.3620000000001
2021-07-01,06N,884.8407000000001,664.6010000000002
2021-10-01,06N,841.6656699999997,666.9889999999999
2022-06-01,06N,700.62136,670.7200000000001
2025-11-01,06N,2626.840059999999,694.1579999999997
2022-04-01,06N,698.4804100000002,669.7539999999999
2024-03-01,06N,714.5597799999999,686.2470000000001
2022-08-01,06N,703.9352900000002,672.439
2024-05-01,M1J4Y,980.0129100000007,1134.774
2021-06-01,M1J4Y,1297.7333399999998,1056.6159999999995
2024-02-01,M1J4Y,955.8863800000005,1127.8790000000001
2021-09-01,M1J4Y,1160.5949200000002,1064.6489999999997
2022-11-01,M1J4Y,938.0141500000001,1090.3809999999999
2024-09-01,M1J4Y,858.73718,1140.9939999999997
2022-09-01,M1J4Y,883.2610500000001,1086.8439999999998
2026-02-01,M1J4Y,3741.681690000001,1147.878
2026-03-01,M1J4Y,3606.6270999999997,1146.882
2023-05-01,M1J4Y,974.5411399999999,1104.486
2026-06-01,M1J4Y,3893.9830299999985,1144.5660000000003
2025-03-01,M1J4Y,841.8693000000002,1146.9860000000003
2024-07-01,M1J4Y,1010.2561000000001,1137.905
2026-01-01,M1J4Y,5172.983940000001,1148.5810000000006
2022-06-01,M1J4Y,914.3824599999996,1081.054
2025-05-01,M1J4Y,1302.8649899999998,1147.33
2024-08-01,M1J4Y,909.8303200000001,1140.1130000000003
2025-09-01,M1J4Y,2790.06621,1149.3099999999995
2022-08-01,M1J4Y,914.2890199999999,1084.9589999999998
2026-05-01,M1J4Y,4181.573849999999,1145.8239999999998
2022-05-01,M1J4Y,915.69451,1078.9919999999995
2023-01-01,M1J4Y,881.14045,1094.9450000000002
2025-08-01,M1J4Y,2344.7404799999995,1149.7580000000005
2022-02-01,M1J4Y,893.0723,1074.0799999999997
2025-07-01,M1J4Y,2411.2656199999997,1148.4919999999997
2023-08-01,M1J4Y,884.31791,1112.1719999999998
2024-11-01,M1J4Y,876.6526300000002,1143.87
2022-07-01,M1J4Y,877.6234899999995,1083.26
2024-03-01,M1J4Y,1147.14524,1129.8949999999998
2021-11-01,M1J4Y,1155.2660999999998,1067.2740000000006
2022-12-01,M1J4Y,963.7176100000001,1093.1880000000003
2023-11-01,M1J4Y,923.9139900000002,1119.1029999999998
2024-01-01,M1J4Y,1184.3469700000005,1124.5410000000002
2024-04-01,M1J4Y,807.7787000000002,1131.2379999999998
2025-01-01,M1J4Y,977.6785300000001,1145.9869999999999
2024-06-01,M1J4Y,807.7422900000001,1136.3210000000001
2023-06-01,M1J4Y,914.9856500000001,1106.8350000000003
2023-04-01,M1J4Y,836.8811199999997,1103.1360000000002
2023-07-01,M1J4Y,841.9251399999998,1109.1219999999996
2025-10-01,M1J4Y,2759.57155,1149.7899999999997
2025-12-01,M1J4Y,5688.209600000002,1149.55
2022-01-01,M1J4Y,997.00064,1072.162
2023-09-01,M1J4Y,869.66102,1114.1559999999995
2024-10-01,M1J4Y,1011.24954,1141.8749999999998
2021-07-01,M1J4Y,1338.8503900000003,1059.7760000000005
2025-06-01,M1J4Y,1187.23059,1147.8790000000006
2025-11-01,M1J4Y,2934.305849999999,1149.5929999999994
2026-04-01,M1J4Y,3986.644770000001,1146.9280000000006
2021-10-01,M1J4Y,1083.3716399999994,1065.759
2022-04-01,M1J4Y,901.27692,1077.3820000000003
2021-12-01,M1J4Y,1266.8784700000006,1069.4649999999997
2022-03-01,M1J4Y,1043.6803700000003,1075.7630000000001
2024-12-01,M1J4Y,868.6203699999996,1145.204
2025-04-01,M1J4Y,1070.6024,1146.9699999999996
2022-10-01,M1J4Y,868.4704599999998,1087.5520000000004
2023-12-01,M1J4Y,972.6470599999996,1122.3220000000003
2025-02-01,M1J4Y,847.61517,1147.1440000000005
2023-02-01,M1J4Y,846.3264500000001,1097.6820000000002
2021-08-01,M1J4Y,1159.6671600000002,1062.4439999999995
2023-10-01,M1J4Y,860.9559200000001,1115.794
2023-03-01,M1J4Y,961.4978800000001,1100.7240000000002
2025-01-01,09D,167.84619999999998,333.862
2022-02-01,09D,282.09556000000003,329.35999999999996
2021-10-01,09D,258.97254000000004,326.918
2022-12-01,09D,230.34255000000002,331.75900000000007
2024-12-01,09D,119.32454000000001,334.15999999999997
2023-08-01,09D,172.25192999999996,329.91300000000007
2024-08-01,09D,212.85144000000008,332.509
2023-01-01,09D,205.79622999999998,331.824
2024-07-01,09D,223.0935,333.14000000000004
2022-09-01,09D,206.69780999999992,328.665
2026-05-01,09D,457.87100000000004,324.95900000000006
2022-07-01,09D,220.143,329.578
2025-04-01,09D,176.51632999999995,333.3810000000001
2022-11-01,09D,194.89141,331.3739999999999
2022-04-01,09D,308.89522999999997,329.65500000000003
2023-04-01,09D,220.72981,331.192
2023-03-01,09D,192.14673999999997,331.56600000000003
2022-05-01,09D,211.51879,329.6529999999999
2021-06-01,09D,240.58696,324.74299999999994
2021-08-01,09D,252.82869,325.21999999999997
2025-07-01,09D,328.3424,332.02900000000005
2025-10-01,09D,394.9472,331.15500000000003
2026-02-01,09D,390.7944,328.334
2022-08-01,09D,188.07356000000007,328.854
2024-11-01,09D,141.20242000000002,334.06700000000006
2024-02-01,09D,215.63043999999996,333.08
2023-07-01,09D,197.1986899999999,330.45900000000006
2021-07-01,09D,294.8428600000001,325.299
2023-06-01,09D,211.40953000000002,330.78899999999993
2025-06-01,09D,168.47128000000004,332.4340000000001
2022-06-01,09D,210.88899,329.76000000000005
2024-04-01,09D,201.59547000000003,333.277
2023-09-01,09D,216.95630000000006,329.452
2023-12-01,09D,205.57702,333.08200000000005
2025-09-01,09D,442.17040000000014,330.73800000000006
2022-10-01,09D,227.97378,330.383
2025-02-01,09D,133.16015,333.82300000000004
2025-08-01,09D,245.59600000000006,331.37600000000003
2024-09-01,09D,151.55012999999997,332.28400000000005
2026-04-01,09D,482.54974,326.32200000000006
2024-06-01,09D,247.53368,333.476
2026-06-01,09D,533.5912000000001,323.821
2024-10-01,09D,136.02014,333.6190000000001
2023-11-01,09D,180.71083,332.64300000000003
2025-05-01,09D,159.48461,332.86
2021-12-01,09D,384.1243099999999,328.933
2026-01-01,09D,548.5968,329.65199999999993
2022-01-01,09D,395.71164000000005,329.3460000000001
2023-10-01,09D,152.57001000000002,331.12699999999995
2025-11-01,09D,445.7716,331.29499999999996
2025-12-01,09D,757.3016,330.591
2025-03-01,09D,127.97478000000002,333.5780000000001
2022-03-01,09D,287.70393999999993,329.50100000000003
2021-09-01,09D,259.18351,324.98600000000005
2023-05-01,09D,209.34298000000004,330.84200000000004
2023-02-01,09D,186.29775000000004,331.83100000000013
2024-03-01,09D,186.92692,333.21600000000007
2024-05-01,09D,159.78913,333.465
2021-11-01,09D,451.4887799999999,328.014
2024-01-01,09D,240.74403999999998,332.99800000000005
2026-03-01,09D,590.6432,326.92799999999994
2024-09-01,70F,933.25759,944.4349999999998
2026-02-01,70F,3125.0273399999996,950.569
2025-07-01,70F,2152.61392,950.3009999999999
2026-06-01,70F,3456.867520000001,948.8779999999998
2023-01-01,70F,1330.6493600000003,930.0710000000001
2025-08-01,70F,2047.45196,950.8210000000001
2025-09-01,70F,2756.4565900000002,951.5529999999994
2026-01-01,70F,4020.3340799999996,951.1750000000003
2025-06-01,70F,1038.7690700000003,949.6909999999998
2022-12-01,70F,1337.0252999999993,929.6410000000002
2021-09-01,70F,1547.7140299999999,917.7449999999999
2025-11-01,70F,2651.37333,951.5470000000001
2024-08-01,70F,1041.8487400000001,943.8529999999996
2023-12-01,70F,1398.1798399999998,937.3699999999997
2025-12-01,70F,5179.315760000001,951.6940000000001
2021-08-01,70F,1631.6081399999994,916.634
2022-02-01,70F,1357.9330799999996,921.9840000000002
2024-01-01,70F,1376.8583499999997,937.7959999999996
2024-10-01,70F,1048.6145899999997,945.1
2022-03-01,70F,1488.9961000000005,922.2270000000002
2026-05-01,70F,3436.4589999999994,949.5979999999997
2022-10-01,70F,1280.0481699999998,927.9190000000002
2024-02-01,70F,1207.7577300000003,938.4639999999998
2022-09-01,70F,1244.9477499999998,927.3549999999999
2021-10-01,70F,1543.9686000000006,918.077
2024-03-01,70F,1373.2949099999998,939.249
2022-04-01,70F,1281.6966499999996,922.725
2023-10-01,70F,1130.6383899999996,935.423
2024-04-01,70F,1122.0710299999996,939.7859999999998
2022-11-01,70F,1310.9057799999996,928.875
2023-04-01,70F,1201.6012299999998,931.125
2025-02-01,70F,853.36467,947.5749999999996
2023-03-01,70F,1225.74454,930.7539999999999
2025-03-01,70F,896.8550599999996,947.8670000000002
2023-08-01,70F,1203.9845499999997,934.1580000000001
2024-12-01,70F,939.64017,946.6860000000001
2023-02-01,70F,1207.53483,930.4859999999999
2025-10-01,70F,2337.744360000001,951.6940000000002
2023-06-01,70F,1302.8367500000002,932.2130000000002
2021-12-01,70F,1776.9390699999997,919.8189999999997
2022-01-01,70F,1427.7168100000004,921.366
2025-05-01,70F,1170.8918900000006,949.5000000000001
2022-07-01,70F,1347.7203099999995,925.589
2022-06-01,70F,1344.6943,924.5510000000002
2024-07-01,70F,1155.2069999999994,942.6960000000003
2022-05-01,70F,1416.8393,923.4319999999999
2023-07-01,70F,1275.2941899999998,933.2260000000002
2023-05-01,70F,1260.6230400000004,931.3789999999999
2021-07-01,70F,1607.8343000000007,915.1800000000003
2023-09-01,70F,1236.80594,935.3259999999998
2022-08-01,70F,1283.5143700000003,926.3629999999999
2024-05-01,70F,1133.6556299999997,940.7039999999998
2024-11-01,70F,954.3922500000001,945.8090000000003
2023-11-01,70F,1315.9277600000005,936.2859999999998
2026-03-01,70F,3189.5596800000003,950.024
2026-04-01,70F,3376.6079800000007,950.0680000000002
2025-01-01,70F,985.6379599999993,947.1729999999998
2021-11-01,70F,1515.2374999999995,918.7300000000002
2021-06-01,70F,1860.5034699999997,913.6169999999997
2024-06-01,70F,898.5462499999996,941.7530000000006
2025-04-01,70F,1028.3767899999998,948.7369999999999
2026-04-01,92A,5075.2863099999995,1298.222
2023-07-01,92A,1366.76843,1287.7560000000005
2024-07-01,92A,1745.1373000000003,1299.9449999999995
2025-04-01,92A,1472.9373100000007,1303.7030000000002
2023-06-01,92A,1522.4436800000003,1286.5719999999997
2024-12-01,92A,1293.0738900000001,1303.1709999999998
2021-07-01,92A,1806.5428200000003,1263.1710000000005
2023-09-01,92A,1321.3298499999994,1289.706
2025-11-01,92A,3902.3952899999995,1303.6379999999992
2024-05-01,92A,2419.36628,1298.08
2021-12-01,92A,1869.1947000000005,1269.7200000000003
2022-07-01,92A,1264.29631,1277.3139999999999
2021-08-01,92A,1829.563900000001,1265.3870000000002
2022-05-01,92A,1397.0095000000001,1273.9179999999997
2026-05-01,92A,4816.647820000002,1297.1709999999998
2026-03-01,92A,4367.791440000003,1299.0510000000002
2024-09-01,92A,1233.02085,1301.7240000000004
2022-12-01,92A,1449.4917500000004,1283.4119999999996
2026-01-01,92A,6191.183120000003,1302.4359999999997
2025-02-01,92A,1124.7266000000009,1303.801
2022-03-01,92A,1601.1659499999998,1272.3509999999997
2025-10-01,92A,3485.8839399999993,1304.655
2023-12-01,92A,1697.8132700000003,1293.7029999999997
2023-08-01,92A,1341.12643,1288.9039999999995
2021-10-01,92A,1727.948930000001,1267.8519999999994
2021-09-01,92A,2937.05331,1266.746
2025-05-01,92A,1545.5950500000004,1303.8809999999999
2023-10-01,92A,1413.6057300000007,1290.2010000000007
2022-08-01,92A,1444.10185,1278.7000000000005
2024-06-01,92A,1964.6726699999995,1298.7489999999998
2021-11-01,92A,1822.42093,1268.465
2022-04-01,92A,1296.87042,1273.146
2022-06-01,92A,1342.3915499999996,1275.7410000000002
2024-10-01,92A,1261.5588100000011,1302.1989999999992
2025-06-01,92A,1608.4935900000005,1304.1440000000007
2024-03-01,92A,1669.3291099999997,1295.5599999999995
2023-04-01,92A,1333.59939,1285.4330000000004
2023-02-01,92A,1417.8435299999996,1284.5030000000002
2024-01-01,92A,1417.5302000000006,1293.4019999999994
2024-11-01,92A,1328.9381899999996,1302.9829999999997
2023-11-01,92A,1318.5461200000007,1292.106
2022-01-01,92A,1557.1032000000002,1270.6659999999997
2025-12-01,92A,8049.101310000004,1303.1780000000006
2022-02-01,92A,1422.3882899999992,1271.8889999999994
2022-09-01,92A,1341.4033699999995,1280.5349999999999
2024-08-01,92A,1222.0662500000005,1301.3270000000005
2023-01-01,92A,1535.3480700000002,1283.3540000000005
2025-08-01,92A,3399.0386600000006,1304.6740000000004
2024-04-01,92A,1249.0955199999996,1296.1799999999998
2026-02-01,92A,4664.270179999999,1300.572
2021-06-01,92A,2070.7746899999993,1261.8099999999993
2024-02-01,92A,1433.5660700000003,1294.973
2022-10-01,92A,1300.4350100000004,1280.9909999999995
2025-01-01,92A,1384.7192300000004,1303.3990000000003
2026-06-01,92A,4773.89853,1295.1659999999997
2022-11-01,92A,1542.4160299999994,1282.2389999999994
2025-09-01,92A,3613.7129600000017,1304.985
2025-03-01,92A,1259.5876799999992,1303.4460000000001
2025-07-01,92A,2724.171959999999,1304.4220000000003
2023-03-01,92A,1425.8455800000002,1285.331
2023-05-01,92A,1317.1914400000005,1286.2119999999998
2023-06-01,97R,1237.0918499999993,572.1630000000001
2022-12-01,97R,1296.1970900000001,570.4779999999998
2024-09-01,97R,900.2582799999999,577.002
2023-05-01,97R,1271.3425899999997,571.5849999999998
2022-01-01,97R,1422.3225300000006,566.5409999999998
2023-12-01,97R,1196.3007499999999,574.5459999999999
2026-05-01,97R,3255.4490699999997,576.3180000000002
2025-03-01,97R,803.3854800000003,577.0919999999996
2023-08-01,97R,1130.37069,573.1079999999998
2024-07-01,97R,1038.5474600000002,576.3869999999998
2023-03-01,97R,1335.5273000000002,571.151
2022-07-01,97R,1305.3252799999996,568.2620000000001
2022-11-01,97R,1359.5497799999998,569.9859999999998
2025-09-01,97R,2696.1218,577.6990000000001
2023-10-01,97R,1070.37959,573.793
2021-09-01,97R,1713.6136800000002,565.445
2023-09-01,97R,1194.44871,573.7199999999999
2024-03-01,97R,1231.32412,574.97
2021-10-01,97R,1464.0542799999994,565.523
2025-12-01,97R,7532.99912,577.3349999999999
2022-04-01,97R,1281.58444,567.2039999999998
2024-06-01,97R,910.0990099999997,576.019
2022-06-01,97R,1252.3149400000004,567.7820000000002
2025-06-01,97R,1139.50003,577.3400000000001
2023-01-01,97R,1291.1266899999996,570.7800000000001
2022-05-01,97R,1292.22741,567.309
2025-11-01,97R,3170.8285299999993,577.373
2021-11-01,97R,1623.8117600000003,565.6170000000001
2024-05-01,97R,1020.8625100000004,575.672
2022-03-01,97R,1419.8009899999997,566.6969999999998
2022-10-01,97R,1348.02305,569.8349999999999
2026-01-01,97R,4124.76158,576.9879999999999
2025-04-01,97R,989.3571700000001,577.258
2021-06-01,97R,1827.95733,563.785
2021-08-01,97R,1511.1473400000002,564.988
2024-11-01,97R,871.8903600000001,577.065
2026-04-01,97R,3444.29347,576.4899999999999
2022-08-01,97R,1322.41559,568.8709999999999
2026-03-01,97R,2834.9367099999995,576.5210000000003
2024-01-01,97R,1232.53923,574.503
2026-06-01,97R,3063.81103,576.0240000000002
2025-08-01,97R,2213.173640000001,577.4789999999999
2023-07-01,97R,1091.8298100000002,572.8580000000001
2021-12-01,97R,1648.81338,566.0369999999999
2024-02-01,97R,1086.1703900000002,574.7199999999999
2024-08-01,97R,920.3091300000002,576.8529999999997
2023-04-01,97R,1143.8924999999997,571.3290000000001
2024-04-01,97R,1017.9970000000002,575.2059999999999
2025-05-01,97R,1068.21803,577.2390000000003
2022-09-01,97R,1297.7473899999995,569.4139999999999
2025-07-01,97R,2113.64549,577.2659999999998
2025-02-01,97R,769.8029799999999,577.4440000000001
2024-12-01,97R,863.11454,577.1909999999999
2025-01-01,97R,871.9305999999999,577.2199999999999
2024-10-01,97R,955.9018300000001,576.978
2023-11-01,97R,1102.7922199999998,574.348
2026-02-01,97R,3049.6471800000013,576.7340000000002
2022-02-01,97R,1280.4089300000003,566.5319999999999
2021-07-01,97R,1688.82339,564.6419999999999
2023-02-01,97R,1185.55239,571.015
2025-10-01,97R,2508.5519599999984,577.5380000000001
2023-02-01,06L,542.4320500000001,413.0920000000001
2023-07-01,06L,559.3159099999999,414.2629999999999
2024-01-01,06L,675.0785499999998,415.893
2024-02-01,06L,664.1630999999999,416.074
2026-04-01,06L,2513.9647600000003,418.5600000000001
2024-09-01,06L,588.4311599999999,418.013
2024-06-01,06L,577.85533,416.9869999999998
2022-08-01,06L,548.5591499999999,411.563
2022-01-01,06L,560.42803,409.801
2024-03-01,06L,704.56673,416.27000000000004
2022-09-01,06L,547.6878599999998,411.82800000000003
2021-12-01,06L,761.9321199999999,409.41099999999994
2026-01-01,06L,3348.19538,419.5739999999999
2025-10-01,06L,1757.6015099999995,420.0979999999999
2023-01-01,06L,580.4259599999999,412.79200000000014
2023-11-01,06L,604.00827,415.4269999999999
2026-02-01,06L,2259.02667,419.233
2022-10-01,06L,548.48754,411.7699999999999
2025-03-01,06L,631.2124200000001,418.9059999999999
2021-10-01,06L,635.85352,409.15400000000005
2021-07-01,06L,743.5757100000001,408.02799999999996
2026-05-01,06L,2673.83883,418.17699999999996
2022-02-01,06L,526.99399,409.9820000000001
2025-07-01,06L,1601.22638,419.942
2022-12-01,06L,670.39959,412.381
2025-09-01,06L,2109.61402,420.484
2022-07-01,06L,526.59648,411.236
2025-06-01,06L,808.0202200000002,419.643
2025-12-01,06L,3662.66844,419.84600000000006
2021-06-01,06L,786.2385200000001,407.547
2021-11-01,06L,688.1660000000002,409.17999999999995
2023-04-01,06L,560.23869,413.36199999999997
2021-08-01,06L,693.19586,408.66800000000006
2022-04-01,06L,581.4988099999998,410.2810000000001
2025-02-01,06L,561.00067,418.79999999999995
2025-05-01,06L,841.67409,419.415
2025-11-01,06L,2729.8125400000004,419.923
2023-06-01,06L,600.67208,413.744
2022-05-01,06L,547.9361400000001,410.46
2023-12-01,06L,715.8659000000002,415.6010000000001
2023-05-01,06L,628.86109,413.4550000000001
2024-04-01,06L,599.6831599999998,416.3599999999999
2026-03-01,06L,2337.86252,418.7909999999998
2021-09-01,06L,765.7159200000001,409.189
2024-05-01,06L,561.40639,416.67399999999986
2023-10-01,06L,618.2819300000001,415.239
2026-06-01,06L,2656.6684799999994,417.62999999999994
2024-07-01,06L,625.2575699999998,417.33
2023-08-01,06L,589.5989099999999,414.616
2023-03-01,06L,616.2461999999999,413.18800000000005
2022-03-01,06L,615.5820399999999,410.12499999999994
2024-12-01,06L,648.6204900000001,418.37500000000006
2024-08-01,06L,579.95735,417.71099999999984
2023-09-01,06L,539.5349900000001,415.03000000000003
2025-04-01,06L,702.44137,419.15799999999996
2024-11-01,06L,589.58232,418.2579999999999
2024-10-01,06L,634.56035,418.01399999999995
2022-06-01,06L,564.93598,410.7699999999999
2025-01-01,06L,645.5735500000001,418.5300000000001
2025-08-01,06L,1744.8528600000002,420.3840000000001
2022-11-01,06L,609.0373700000001,411.96900000000005
2024-12-01,07K,543.4039099999999,279.99100000000004
2023-01-01,07K,524.0226299999999,274.244
2023-03-01,07K,520.5416299999999,274.78299999999996
2025-05-01,07K,764.8283599999997,280.28599999999994
2025-02-01,07K,499.9484199999999,280.09900000000005
2023-12-01,07K,633.31184,276.8469999999999
2026-03-01,07K,2102.9726899999996,280.73
2022-11-01,07K,521.9210699999999,273.566
2022-03-01,07K,574.29174,271.26300000000003
2024-09-01,07K,490.15190000000007,279.496
2025-03-01,07K,577.5061099999999,280.08599999999996
2024-02-01,07K,573.69716,277.209
2023-07-01,07K,488.09280000000007,275.148
2024-11-01,07K,544.86307,279.901
2026-01-01,07K,4647.17281,280.97599999999994
2021-10-01,07K,608.8930100000001,270.20199999999994
2021-09-01,07K,618.48626,270.16299999999995
2024-06-01,07K,504.10032,278.4220000000001
2024-07-01,07K,535.28633,278.824
2025-06-01,07K,771.86311,280.39500000000004
2022-10-01,07K,483.44435999999996,273.317
2022-08-01,07K,541.3239800000002,272.72
2022-01-01,07K,550.00064,270.79900000000004
2025-04-01,07K,633.31247,280.117
2022-02-01,07K,499.92874000000006,271.03599999999994
2024-01-01,07K,606.91324,277.077
2023-05-01,07K,536.76401,274.453
2021-08-01,07K,584.7296199999998,269.837
2025-08-01,07K,1529.7506799999996,280.769
2023-10-01,07K,523.00208,276.10499999999996
2023-06-01,07K,565.37726,274.817
2025-12-01,07K,5663.43323,280.96199999999993
2022-07-01,07K,489.7683700000001,272.283
2022-05-01,07K,508.7425500000001,271.575
2026-02-01,07K,2407.67116,280.71000000000004
2023-11-01,07K,523.62876,276.437
2022-06-01,07K,511.2085400000001,272.006
2026-05-01,07K,2400.24323,280.66999999999996
2021-11-01,07K,601.83129,270.23499999999996
2025-01-01,07K,565.84817,280.0769999999999
2023-08-01,07K,572.0285299999999,275.577
2026-06-01,07K,2537.9441700000007,280.438
2024-03-01,07K,590.2407300000001,277.48199999999997
2025-07-01,07K,1408.2597200000002,280.608
2024-10-01,07K,518.11683,279.582
2022-09-01,07K,541.0697300000002,273.097
2024-08-01,07K,530.3455700000001,279.094
2024-05-01,07K,502.66585000000003,278.11100000000005
2021-12-01,07K,649.27028,270.4770000000001
2021-07-01,07K,613.5225100000001,269.39
2021-06-01,07K,686.1483299999999,268.81200000000007
2022-12-01,07K,542.57246,273.92999999999995
2025-11-01,07K,1940.6255299999998,280.955
2025-09-01,07K,1859.03613,280.927
2022-04-01,07K,483.9378999999999,271.35400000000004
2023-09-01,07K,539.7470800000002,275.94900000000007
2024-04-01,07K,509.39483999999993,277.84
2026-04-01,07K,2496.14763,280.62699999999995
2023-04-01,07K,467.58616000000006,274.98199999999997
2023-02-01,07K,487.09399,274.4839999999999
2025-10-01,07K,1685.02774,280.966
2023-03-01,26A,1291.1104799999998,1088.2580000000005
2022-01-01,26A,1515.18381,1081.2279999999998
2023-04-01,26A,1169.63992,1088.169
2026-04-01,26A,5653.2755099999995,1099.9040000000002
2022-08-01,26A,1390.1687000000006,1083.066
2023-08-01,26A,1187.59296,1089.9619999999998
2023-06-01,26A,1288.9073399999988,1088.6960000000004
2022-04-01,26A,1403.7538800000004,1080.8270000000005
2024-09-01,26A,1114.5656900000001,1097.6509999999998
2023-05-01,26A,1227.4878099999994,1088.3080000000002
2022-10-01,26A,1300.0067500000002,1085.3600000000001
2026-03-01,26A,5144.325470000001,1100.1989999999996
2022-07-01,26A,1384.8578900000005,1082.5010000000002
2023-09-01,26A,1120.8032899999998,1090.508
2024-01-01,26A,1371.86737,1093.9679999999994
2024-05-01,26A,1187.8743299999996,1095.7019999999998
2022-03-01,26A,1485.1901700000003,1080.841
2024-06-01,26A,1075.3560000000002,1095.941
2023-12-01,26A,1385.1575899999993,1094.0909999999997
2024-12-01,26A,1247.09898,1099.946
2025-11-01,26A,4915.664450000001,1103.392
2023-07-01,26A,1125.6519600000004,1089.283
2026-01-01,26A,8127.4746,1102.188
2025-01-01,26A,1262.84144,1100.26
2023-11-01,26A,1166.65366,1092.966
2023-10-01,26A,1165.8044,1091.784
2021-07-01,26A,1870.1003600000008,1076.3609999999996
2022-05-01,26A,1474.3587599999998,1081.0170000000005
2022-11-01,26A,1329.7987199999998,1087.1660000000002
2024-02-01,26A,1249.8845600000006,1094.429
2021-11-01,26A,1791.5791900000002,1080.2539999999997
2026-05-01,26A,5476.317509999998,1098.9649999999995
2021-10-01,26A,1732.1887700000002,1079.483
2021-12-01,26A,1865.0423899999998,1080.9430000000002
2021-06-01,26A,2003.1848299999995,1075.3229999999999
2022-02-01,26A,1425.5563300000003,1081.121
2026-02-01,26A,5230.51246,1101.0689999999997
2022-12-01,26A,1406.0943899999995,1087.8490000000002
2021-09-01,26A,1834.8266500000007,1077.9399999999994
2024-03-01,26A,1397.1247700000001,1094.494
2025-10-01,26A,4192.395419999999,1103.4250000000002
2021-08-01,26A,1723.4333299999998,1077.0720000000003
2025-05-01,26A,1758.7757700000002,1100.0860000000005
2024-07-01,26A,1218.9315699999995,1096.308
2025-07-01,26A,3434.2278899999997,1100.5289999999998
2025-09-01,26A,4368.164120000001,1101.5460000000003
2025-06-01,26A,1818.6057800000003,1100.2780000000002
2024-10-01,26A,1267.2579499999993,1099.1110000000003
2025-03-01,26A,1242.8672600000004,1100.156
2022-06-01,26A,1512.9506399999996,1081.7359999999999
2024-04-01,26A,1171.49227,1094.6060000000002
2023-02-01,26A,1113.5633999999998,1087.965
2024-08-01,26A,1244.32522,1096.9880000000003
2024-11-01,26A,1169.5635900000007,1099.8440000000005
2022-09-01,26A,1406.0393,1083.9789999999998
2025-02-01,26A,1135.7971600000003,1100.4140000000004
2025-04-01,26A,1538.326630000001,1100.1140000000003
2026-06-01,26A,5398.406050000001,1097.3700000000001
2025-12-01,26A,9139.529649999997,1102.8290000000002
2023-01-01,26A,1242.2621599999998,1087.842
2025-08-01,26A,3617.5727500000016,1100.9909999999998
2023-09-01,93C,1091.58055,1789.5740000000008
2025-10-01,93C,3050.322399999999,1839.7899999999997
2022-09-01,93C,1155.3209500000003,1756.662
2023-07-01,93C,1092.9755899999998,1785.9169999999995
2023-03-01,93C,1215.12812,1780.6440000000011
2024-10-01,93C,941.1320199999992,1821.3809999999999
2023-02-01,93C,1120.8201300000007,1778.5830000000008
2024-02-01,93C,1104.2168699999993,1806.6809999999998
2025-08-01,93C,2647.456799999998,1835.8760000000002
2022-06-01,93C,1102.5377200000003,1751.855
2024-03-01,93C,1224.4348300000001,1808.4080000000006
2021-07-01,93C,1408.113569999999,1712.9629999999995
2021-10-01,93C,1316.568879999999,1724.5140000000004
2026-04-01,93C,4273.133709999997,1815.2210000000005
2025-01-01,93C,1013.5233000000007,1837.2190000000014
2024-12-01,93C,989.8732799999999,1834.7039999999995
2022-07-01,93C,1115.4132399999994,1753.7250000000004
2021-12-01,93C,1521.3335900000004,1737.5200000000002
2021-11-01,93C,1363.5043599999992,1732.3470000000011
2023-01-01,93C,1102.4026000000001,1775.3200000000018
2025-09-01,93C,2877.1755999999996,1835.2399999999996
2022-12-01,93C,1200.8155999999997,1773.0240000000006
2022-08-01,93C,1171.6819999999998,1754.8839999999996
2024-01-01,93C,1107.0950900000003,1805.0819999999999
2025-12-01,93C,6552.984019999996,1840.8040000000005
2026-03-01,93C,4343.786900000001,1818.1749999999995
2023-08-01,93C,1070.4642699999993,1788.0330000000004
2024-09-01,93C,1089.2721899999997,1814.96
2025-07-01,93C,2628.9451999999974,1836.0500000000006
2022-02-01,93C,1062.6013700000005,1745.3459999999995
2024-06-01,93C,968.4862200000002,1812.6550000000004
2022-03-01,93C,1446.9037700000003,1747.3589999999997
2023-11-01,93C,1020.1870300000004,1800.022
2025-06-01,93C,1304.5062200000011,1836.1330000000005
2022-11-01,93C,1189.81496,1768.9229999999998
2023-06-01,93C,1217.0455500000005,1784.3000000000006
2025-05-01,93C,1283.8287600000006,1836.0220000000004
2024-08-01,93C,996.5254899999999,1814.8829999999998
2024-11-01,93C,1019.8522300000003,1830.4289999999994
2025-11-01,93C,3573.4141699999986,1842.585999999999
2021-09-01,93C,1367.3962900000001,1717.4509999999996
2023-12-01,93C,1105.8214799999996,1803.9669999999999
2023-05-01,93C,1234.6371500000002,1782.6080000000004
2021-06-01,93C,1502.505389999999,1704.9370000000001
2024-05-01,93C,1003.3350500000006,1811.2090000000003
2022-04-01,93C,1075.8035800000002,1748.3369999999998
2025-04-01,93C,1141.35278,1836.881
2024-04-01,93C,947.07059,1806.8579999999981
2025-02-01,93C,859.1210800000005,1839.0690000000006
2023-10-01,93C,995.0407999999999,1793.3720000000012
2025-03-01,93C,956.7590200000005,1837.5380000000005
2021-08-01,93C,1228.2892299999999,1715.5540000000005
2022-10-01,93C,1055.5504500000004,1760.5159999999998
2022-01-01,93C,1053.66976,1742.4839999999995
2022-05-01,93C,1223.1152500000003,1749.6969999999994
2024-07-01,93C,1135.376049999999,1813.295
2026-01-01,93C,5685.551999999999,1836.9739999999993
2023-04-01,93C,994.6702399999999,1781.5149999999994
2026-05-01,93C,4520.854009999999,1810.4079999999997
2026-06-01,93C,4314.221410000001,1802.0290000000002
2026-02-01,93C,4261.004709999997,1826.5869999999998
2022-04-01,W2U3Z,2354.7091999999993,2771.163999999998
2024-04-01,W2U3Z,3418.312560000001,2879.1510000000003
2022-08-01,W2U3Z,2316.2772199999986,2789.9219999999987
2025-07-01,W2U3Z,4768.663399999996,2918.9130000000014
2021-08-01,W2U3Z,2526.4959400000007,2702.273999999998
2025-11-01,W2U3Z,6293.841040000004,2940.9680000000008
2022-12-01,W2U3Z,2320.658449999998,2820.5480000000007
2023-04-01,W2U3Z,2244.540079999999,2834.0820000000003
2022-10-01,W2U3Z,2135.289590000001,2798.168
2023-03-01,W2U3Z,2253.9127400000007,2831.6139999999973
2024-10-01,W2U3Z,1975.978320000001,2906.6790000000015
2023-12-01,W2U3Z,2220.94555,2874.508000000001
2024-12-01,W2U3Z,1844.391699999999,2903.969000000001
2021-11-01,W2U3Z,2816.873720000003,2731.509999999999
2026-04-01,W2U3Z,7462.459210000004,2916.6220000000017
2021-10-01,W2U3Z,2621.685590000002,2719.506000000004
2021-09-01,W2U3Z,2961.5437400000014,2709.5149999999994
2023-01-01,W2U3Z,2184.981009999999,2825.8950000000004
2025-01-01,W2U3Z,1977.5168000000006,2902.240000000003
2024-06-01,W2U3Z,1797.28839,2893.0960000000005
2023-08-01,W2U3Z,4283.536559999997,2848.026999999999
2023-11-01,W2U3Z,5341.816259999997,2862.998
2024-09-01,W2U3Z,1916.0024700000008,2899.4970000000035
2025-09-01,W2U3Z,5827.807879999996,2921.909000000003
2026-03-01,W2U3Z,7443.039600000003,2919.3159999999993
2025-06-01,W2U3Z,2387.6538699999987,2916.4849999999983
2024-05-01,W2U3Z,1924.2630400000003,2889.027000000002
2024-02-01,W2U3Z,2026.2317799999973,2885.3239999999983
2025-05-01,W2U3Z,2573.8300900000017,2912.1400000000003
2021-06-01,W2U3Z,3153.682239999999,2679.005
2022-06-01,W2U3Z,2431.8817100000006,2777.1020000000003
2024-03-01,W2U3Z,2779.3945200000003,2883.475999999998
2024-11-01,W2U3Z,1832.6208699999981,2906.9130000000027
2026-02-01,W2U3Z,6874.2562199999975,2926.919000000001
2022-01-01,W2U3Z,2528.24615,2751.8349999999996
2023-10-01,W2U3Z,3532.1176099999966,2854.1740000000013
2023-05-01,W2U3Z,2527.5996999999998,2835.6379999999986
2025-10-01,W2U3Z,5710.005179999997,2932.5699999999997
2021-07-01,W2U3Z,3226.0836199999967,2694.379000000002
2023-06-01,W2U3Z,2593.128170000004,2839.250999999998
2023-02-01,W2U3Z,2146.3008199999977,2830.236999999999
2025-08-01,W2U3Z,4614.5265899999995,2921.0639999999985
2022-05-01,W2U3Z,2235.7311500000014,2773.224000000003
2026-05-01,W2U3Z,7273.329369999998,2907.492999999999
2021-12-01,W2U3Z,2954.293339999997,2741.3750000000005
2026-06-01,W2U3Z,7494.128390000006,2893.0999999999967
2022-11-01,W2U3Z,2141.172829999998,2809.405
2023-07-01,W2U3Z,2415.57192,2842.148999999998
2023-09-01,W2U3Z,3473.8446599999997,2851.012999999999
2024-01-01,W2U3Z,3153.554959999994,2880.747999999999
2022-02-01,W2U3Z,2254.449839999997,2757.5840000000007
2024-08-01,W2U3Z,2371.25412,2885.036000000001
2025-04-01,W2U3Z,2201.0285700000004,2913.547000000001
2024-07-01,W2U3Z,2628.0720099999976,2892.244999999998
2022-09-01,W2U3Z,2285.3178200000016,2793.3299999999986
2025-03-01,W2U3Z,1853.8120299999994,2906.277999999999
2022-07-01,W2U3Z,2288.1268700000014,2783.7389999999978
2022-03-01,W2U3Z,2818.1089999999986,2765.2170000000037
2025-02-01,W2U3Z,1703.792940000001,2902.2660000000014
2025-12-01,W2U3Z,11335.076609999998,2943.566999999999
2026-01-01,W2U3Z,9703.634130000004,2941.538
