month,code,numerator,denominator
2024-05-01,00L,166.82641999999998,339.42900000000003
2023-10-01,00L,102.34794,337.246
2023-08-01,00L,208.26188,336.76200000000006
2026-05-01,00L,74.41665,345.0160000000001
2021-06-01,00L,257.29846,331.626
2024-10-01,00L,124.94573999999999,341.04300000000006
2021-10-01,00L,150.51339000000002,332.81600000000003
2023-03-01,00L,163.28602,335.54599999999994
2024-07-01,00L,142.13285,339.934
2023-02-01,00L,156.00133,335.363
2023-07-01,00L,98.56666999999999,336.464
2025-12-01,00L,153.75215,344.04299999999995
2026-02-01,00L,168.43169,344.392
2025-05-01,00L,122.2661,342.13900000000007
2025-10-01,00L,135.53614,343.72900000000004
2024-12-01,00L,118.6404,341.423
2022-02-01,00L,201.88555000000002,333.16300000000007
2022-03-01,00L,123.50824999999999,333.252
2025-01-01,00L,72.98155,341.537
2022-05-01,00L,155.16597,333.5079999999999
2026-04-01,00L,264.31100999999995,344.83699999999993
2024-04-01,00L,91.86057000000001,338.7289999999999
2023-09-01,00L,134.83799,337.17400000000004
2024-03-01,00L,51.78899,338.532
2025-11-01,00L,118.91681,343.92400000000004
2025-06-01,00L,118.17324,342.463
2022-06-01,00L,188.35728,333.6399999999999
2023-06-01,00L,156.1198,336.178
2021-09-01,00L,378.8483500000001,332.71799999999996
2022-12-01,00L,205.89567,335.121
2025-09-01,00L,65.68116,343.5819999999999
2025-04-01,00L,110.7465,341.899
2022-08-01,00L,240.68177000000003,334.2320000000001
2023-04-01,00L,88.70063999999999,335.876
2022-10-01,00L,140.75688,334.68500000000006
2026-01-01,00L,171.18728,344.23500000000007
2026-03-01,00L,89.72441,344.60400000000016
2021-07-01,00L,256.75122,332.09000000000003
2024-08-01,00L,95.70909,340.361
2022-07-01,00L,225.46956,333.92800000000005
2025-08-01,00L,107.80337,343.19199999999995
2024-11-01,00L,75.71667,341.32899999999995
2024-06-01,00L,38.763980000000004,339.63000000000005
2025-07-01,00L,117.00635,342.705
2024-01-01,00L,107.93746,338.04099999999994
2021-11-01,00L,301.77536,332.846
2023-01-01,00L,144.89632999999998,335.145
2022-11-01,00L,117.21651,334.9599999999999
2022-01-01,00L,256.19343,333.05
2024-09-01,00L,123.07985,340.83699999999993
2024-02-01,00L,141.89967000000001,338.33299999999997
2025-03-01,00L,147.94314,341.836
2025-02-01,00L,103.21932,341.746
2023-12-01,00L,163.46296,337.82399999999996
2022-09-01,00L,173.05063,334.57500000000005
2023-05-01,00L,243.94781,336.00299999999993
2026-06-01,00L,146.82995,345.0369999999999
2021-12-01,00L,201.01901000000004,332.99399999999997
2023-11-01,00L,131.59519,337.59799999999996
2021-08-01,00L,225.47898,332.39300000000003
2022-04-01,00L,248.23172999999997,333.34599999999995
2022-07-01,00N,110.52494,158.918
2023-03-01,00N,71.38655,159.13000000000002
2025-09-01,00N,44.43358,159.59999999999997
2021-12-01,00N,334.56804,158.713
2026-03-01,00N,70.93287,159.097
2024-10-01,00N,55.29644,159.93800000000002
2022-01-01,00N,117.91243,158.713
2022-12-01,00N,45.21537,159.177
2022-04-01,00N,361.90029,158.82699999999997
2023-12-01,00N,53.50341,159.79299999999995
2025-08-01,00N,33.07687,159.622
2024-02-01,00N,135.38562,159.929
2024-03-01,00N,195.96993,159.84099999999998
2023-04-01,00N,89.46604,159.17299999999997
2025-10-01,00N,72.32324,159.60100000000006
2024-07-01,00N,57.13871,160.011
2022-08-01,00N,213.92560999999998,158.96300000000002
2025-11-01,00N,26.45481,159.508
2026-01-01,00N,154.07938,159.38300000000004
2026-02-01,00N,18.08912,159.21000000000004
2024-11-01,00N,234.62220000000002,159.88799999999998
2023-10-01,00N,59.82447,159.658
2023-06-01,00N,140.52262000000002,159.281
2025-02-01,00N,55.27365,159.965
2023-11-01,00N,79.56051000000001,159.752
2022-05-01,00N,154.19002999999998,158.79500000000004
2021-06-01,00N,95.90582,158.615
2021-10-01,00N,357.12293,158.755
2023-07-01,00N,72.38310999999999,159.412
2021-11-01,00N,109.60838,158.67899999999997
2021-08-01,00N,214.21441,158.71400000000003
2024-08-01,00N,146.13713,159.97099999999998
2026-05-01,00N,44.54555,158.907
2026-06-01,00N,44.479380000000006,158.718
2023-02-01,00N,97.42918,159.10899999999998
2025-04-01,00N,28.891640000000002,159.82
2022-09-01,00N,148.56068000000002,159.031
2025-12-01,00N,104.96816,159.473
2023-01-01,00N,88.86252,159.12199999999999
2022-02-01,00N,106.24631000000001,158.757
2025-06-01,00N,182.59477,159.68399999999997
2022-06-01,00N,71.46038,158.892
2024-12-01,00N,148.1037,159.93
2024-04-01,00N,69.81193999999999,159.837
2024-01-01,00N,111.23913999999999,159.85400000000004
2022-03-01,00N,217.20807,158.819
2025-05-01,00N,81.61464000000001,159.77499999999998
2021-09-01,00N,300.21338,158.766
2025-03-01,00N,83.69196000000001,159.909
2024-06-01,00N,157.0972,160.024
2024-09-01,00N,86.07163,159.98899999999998
2023-09-01,00N,778.73459,159.605
2022-11-01,00N,226.20662,159.17600000000004
2023-05-01,00N,110.38452999999998,159.168
2025-01-01,00N,61.99844,159.95300000000003
2025-07-01,00N,54.797760000000004,159.66799999999998
2026-04-01,00N,67.30738,159.109
2024-05-01,00N,118.75727,159.94400000000002
2022-10-01,00N,129.45315,159.12099999999998
2021-07-01,00N,397.67442000000005,158.731
2023-08-01,00N,98.39882,159.495
2022-01-01,00P,343.71926999999994,285.82500000000005
2025-02-01,00P,205.38484999999997,295.51899999999995
2022-02-01,00P,252.62219,286.005
2021-11-01,00P,532.3687699999999,285.24799999999993
2024-01-01,00P,118.81524999999999,293.522
2026-05-01,00P,206.70252,294.96100000000007
2025-10-01,00P,203.68909,295.469
2022-05-01,00P,291.3551299999999,286.85499999999996
2021-06-01,00P,353.62231,284.451
2022-12-01,00P,198.81788,288.86400000000003
2021-07-01,00P,357.55042,284.69
2026-01-01,00P,201.32504999999998,295.435
2024-04-01,00P,265.88186,294.35400000000004
2023-04-01,00P,165.71022000000002,290.13999999999993
2021-10-01,00P,282.2419,284.82899999999995
2024-08-01,00P,126.85221999999999,295.05000000000007
2024-12-01,00P,233.24846,295.61500000000007
2023-06-01,00P,171.95962,290.38100000000003
2022-06-01,00P,169.30853000000002,286.853
2022-10-01,00P,268.48294,287.51500000000004
2025-09-01,00P,184.34985,295.2290000000001
2024-05-01,00P,116.65235,294.77900000000005
2022-04-01,00P,159.40393,286.638
2024-06-01,00P,159.00474,294.871
2021-12-01,00P,173.88988,285.707
2025-06-01,00P,103.79873,295.38000000000005
2023-10-01,00P,230.57768000000002,291.58500000000004
2024-09-01,00P,149.65119,295.091
2023-03-01,00P,227.55762000000001,289.76099999999997
2026-03-01,00P,183.92301,295.06399999999996
2025-04-01,00P,187.97469000000004,295.459
2022-03-01,00P,393.6516700000001,286.15999999999997
2025-08-01,00P,141.1946,295.29900000000004
2024-03-01,00P,126.87953000000002,294.159
2022-09-01,00P,201.78555999999998,287.16400000000004
2025-03-01,00P,147.75169,295.4789999999999
2026-06-01,00P,232.90664999999998,294.55799999999994
2023-07-01,00P,122.89517999999998,290.5729999999999
2026-02-01,00P,178.85689999999997,295.2479999999999
2025-12-01,00P,242.61410999999998,295.606
2025-07-01,00P,173.1062,295.3230000000001
2023-05-01,00P,264.24211,290.224
2024-10-01,00P,178.46844000000002,295.266
2026-04-01,00P,200.20692,295.086
2023-02-01,00P,230.54662000000002,289.389
2025-01-01,00P,209.12727999999998,295.55
2021-08-01,00P,299.36584000000005,284.68000000000006
2023-09-01,00P,166.51719999999997,291.15399999999994
2023-01-01,00P,159.55838999999997,289.36100000000005
2023-12-01,00P,150.12491999999997,293.129
2024-02-01,00P,298.68378,293.93199999999996
2022-08-01,00P,172.87007999999997,286.982
2022-07-01,00P,217.62232,286.86899999999997
2024-07-01,00P,199.43314,294.91999999999996
2022-11-01,00P,215.07976999999997,288.09700000000004
2023-08-01,00P,234.99252,290.91799999999995
2025-11-01,00P,162.37069999999997,295.684
2021-09-01,00P,338.08335,284.68699999999995
2025-05-01,00P,190.57297999999997,295.41300000000007
2023-11-01,00P,145.367,292.445
2024-11-01,00P,147.80349,295.473
2022-03-01,00Q,20.51793,181.242
2023-02-01,00Q,23.31437,182.58799999999997
2023-07-01,00Q,18.71723,183.662
2025-01-01,00Q,131.86992,187.816
2025-06-01,00Q,19.9648,188.05999999999997
2022-04-01,00Q,10.2647,181.344
2022-09-01,00Q,41.01469,181.928
2022-11-01,00Q,20.51342,182.088
2024-11-01,00Q,405.59364,187.52800000000002
2021-08-01,00Q,832.7434700000001,180.387
2023-05-01,00Q,9.4069,183.187
2025-05-01,00Q,135.67663,187.90400000000002
2022-05-01,00Q,10.26259,181.45800000000003
2022-10-01,00Q,10.24435,181.97700000000003
2025-03-01,00Q,263.73487,187.88199999999998
2025-04-01,00Q,135.67634,187.77900000000002
2022-02-01,00Q,19.11725,181.08799999999997
2022-01-01,00Q,40.91953,180.95800000000003
2023-09-01,00Q,9.34189,184.244
2024-08-01,00Q,9.9824,186.79899999999998
2021-06-01,00Q,1603.4542299999998,179.87099999999998
2024-07-01,00Q,9.9824,187.05299999999997
2021-12-01,00Q,20.41512,180.82800000000003
2023-03-01,00Q,10.28289,182.76
2024-12-01,00Q,141.85335,187.66199999999998
2024-10-01,00Q,9.9824,187.28000000000003
2025-02-01,00Q,263.73743,187.911
2023-06-01,00Q,9.39946,183.41199999999998
2023-10-01,00Q,9.35775,184.39300000000003
2024-05-01,00Q,9.9824,186.65899999999996
2022-06-01,00Q,10.26255,181.45999999999995
2024-06-01,00Q,9.9824,186.94600000000003
2022-12-01,00Q,10.25595,182.32000000000002
2021-10-01,00Q,812.46922,180.648
2021-09-01,00Q,812.86277,180.55300000000003
2021-11-01,00Q,832.2832599999999,180.71700000000004
2024-09-01,00Q,19.9648,187.096
2023-11-01,00Q,9.3859,184.74800000000005
2021-07-01,00Q,813.0402300000001,180.112
2023-01-01,00Q,10.27789,182.40599999999998
2023-04-01,00Q,19.72891,183.00500000000002
2024-07-01,00R,28.9324,179.001
2025-11-01,00R,57.8648,178.75300000000004
2023-11-01,00R,34.38095,178.46699999999998
2021-09-01,00R,26.9747,175.17999999999998
2022-05-01,00R,27.06709,176.47200000000004
2026-05-01,00R,28.9324,177.524
2021-06-01,00R,29.77708,175.03999999999996
2026-04-01,00R,28.9324,177.696
2023-09-01,00R,3.58164,178.242
2022-08-01,00R,27.03935,176.63799999999995
2022-11-01,00R,166.07363,176.82899999999998
2023-01-01,00R,27.10789,176.99300000000002
2021-11-01,00R,37.44612,175.46899999999997
2026-03-01,00R,28.9324,177.82099999999997
2023-05-01,00R,27.24614,177.452
2025-03-01,00R,28.9324,178.796
2025-08-01,00R,57.8648,178.896
2021-12-01,00R,27.00802,175.476
2024-04-01,00R,490.89480000000003,178.66299999999998
2023-12-01,00R,30.80453,178.541
2026-02-01,00R,28.9324,178.103
2024-12-01,00R,28.9324,179.096
2023-06-01,00R,27.22432,177.71099999999998
2022-07-01,00R,27.05368,176.58900000000003
2021-10-01,00R,26.96164,175.17800000000003
2025-05-01,00R,28.9324,178.738
2024-05-01,00R,28.9324,178.647
2023-10-01,00R,57.79184,178.293
2024-03-01,00R,30.829,178.556
2026-01-01,00R,57.8648,178.344
2025-07-01,00R,28.9324,178.78999999999996
2024-06-01,00R,84.9624,178.797
2023-07-01,00R,57.79723,177.953
2024-10-01,00R,28.9324,179.063
2024-02-01,00R,54.52709,178.595
2025-10-01,00R,28.9324,178.83599999999998
2024-11-01,00R,28.9324,179.07799999999997
2022-03-01,00R,27.05744,176.20799999999997
2023-02-01,00R,27.12367,177.045
2023-04-01,00R,27.23532,177.381
2021-07-01,00R,29.81848,175.072
2021-08-01,00R,49.93185,175.083
2022-10-01,00R,27.01847,176.731
2022-02-01,00R,28.93165,176.134
2025-01-01,00R,28.9324,178.95700000000002
2024-09-01,00R,57.8648,178.93800000000002
2023-08-01,00R,27.09883,178.08700000000002
2022-09-01,00R,27.04333,176.67600000000002
2022-04-01,00R,28.91616,176.34999999999997
2022-12-01,00R,46.72253,177.01600000000002
2025-04-01,00R,28.9324,178.776
2022-06-01,00R,27.06699,176.533
2025-02-01,00R,28.9324,178.91599999999997
2024-01-01,00R,30.88378,178.49699999999999
2022-01-01,00R,27.06738,175.74499999999998
2023-03-01,00R,27.12122,177.302
2024-08-01,00R,28.9324,178.941
2024-05-01,00T,76.85758,331.1710000000001
2025-06-01,00T,209.0419,334.366
2021-06-01,00T,219.51029000000003,317.644
2024-07-01,00T,136.67502,332.23199999999997
2023-09-01,00T,239.99839000000003,326.849
2021-08-01,00T,777.3405500000001,318.18100000000004
2022-12-01,00T,190.82074,323.038
2023-11-01,00T,77.68512,327.848
2025-12-01,00T,199.89947,335.2339999999999
2023-10-01,00T,220.18634,327.19599999999997
2025-10-01,00T,341.36430000000007,335.032
2026-05-01,00T,436.66187,334.59199999999987
2023-06-01,00T,129.31999000000002,325.22200000000004
2026-03-01,00T,221.31936000000002,334.76699999999994
2023-02-01,00T,196.16855,323.351
2024-11-01,00T,149.22155,333.308
2026-02-01,00T,210.45944,335.09999999999997
2022-07-01,00T,103.57121,321.154
2022-11-01,00T,205.17445999999998,322.64000000000004
2021-09-01,00T,302.91038,318.6730000000001
2021-10-01,00T,157.49934000000002,318.64300000000003
2021-11-01,00T,167.35045000000002,318.79699999999997
2022-05-01,00T,178.02971,320.49399999999997
2025-02-01,00T,101.71017,333.80699999999996
2022-10-01,00T,103.37794,321.992
2022-06-01,00T,82.71095,320.89200000000005
2023-12-01,00T,187.83715999999998,328.4569999999999
2024-02-01,00T,100.16977,329.22299999999996
2024-10-01,00T,203.71742999999998,333.24799999999993
2023-07-01,00T,157.97221,325.715
2026-04-01,00T,342.98621,334.68699999999995
2025-08-01,00T,90.95039,334.615
2023-01-01,00T,160.49259999999998,323.1650000000001
2022-02-01,00T,109.25473,319.581
2026-01-01,00T,409.91505,335.14599999999996
2025-11-01,00T,241.93519,335.189
2021-07-01,00T,305.39627,317.9389999999999
2025-04-01,00T,182.54898,333.886
2024-12-01,00T,171.59441999999999,333.36999999999995
2025-07-01,00T,124.17178000000001,334.47
2024-03-01,00T,130.44908,329.759
2022-01-01,00T,244.91449,319.373
2024-06-01,00T,66.75613,331.704
2022-09-01,00T,210.34411,321.76599999999996
2025-09-01,00T,339.21515999999997,334.77699999999993
2026-06-01,00T,194.36555,334.432
2025-03-01,00T,81.14246,333.8739999999999
2024-01-01,00T,114.73989,328.868
2024-04-01,00T,114.53763,329.98999999999995
2023-05-01,00T,98.59993,324.31
2024-09-01,00T,70.69801,333.036
2025-01-01,00T,154.54590000000002,333.49799999999993
2024-08-01,00T,115.15127,332.835
2021-12-01,00T,257.20106,319.02699999999993
2022-08-01,00T,358.06444,321.46200000000005
2025-05-01,00T,185.06515000000002,334.1109999999999
2023-04-01,00T,149.7486,323.8010000000001
2023-08-01,00T,149.02195,326.2660000000001
2023-03-01,00T,18.67541,323.642
2022-04-01,00T,290.6184,320.3180000000001
2022-03-01,00T,193.89165000000003,319.77700000000004
2022-06-01,00V,135.81902,209.172
2022-02-01,00V,180.63193,208.62699999999998
2025-06-01,00V,187.66507,212.72500000000005
2023-08-01,00V,72.47071,210.297
2025-01-01,00V,13.84914,212.567
2024-12-01,00V,176.65120000000002,212.42000000000002
2025-10-01,00V,259.63831000000005,212.63
2022-05-01,00V,42.107169999999996,209.01199999999997
2024-09-01,00V,28.9324,212.35900000000004
2026-06-01,00V,120.88205,211.38800000000003
2024-05-01,00V,110.43947,211.79500000000002
2022-11-01,00V,47.861200000000004,209.325
2024-06-01,00V,13.84971,211.942
2025-03-01,00V,92.9743,212.721
2022-08-01,00V,111.30748,209.35000000000002
2024-02-01,00V,16.48005,211.32600000000002
2025-12-01,00V,32.14078,212.439
2022-09-01,00V,54.08667,209.431
2023-03-01,00V,17.13509,209.69899999999998
2022-03-01,00V,158.18968,208.67600000000002
2024-08-01,00V,32.97244,212.32699999999994
2025-11-01,00V,201.45067,212.584
2026-03-01,00V,103.76715,211.806
2023-10-01,00V,18.27525,210.50300000000001
2026-01-01,00V,103.76778999999999,212.231
2022-12-01,00V,91.18303,209.40500000000003
2021-12-01,00V,98.03795,208.39900000000003
2023-04-01,00V,96.83823000000001,209.71700000000004
2025-02-01,00V,197.91057999999998,212.779
2026-05-01,00V,13.85195,211.638
2023-12-01,00V,13.31324,210.85699999999994
2024-04-01,00V,76.39816,211.59699999999992
2024-03-01,00V,102.1177,211.58600000000004
2025-07-01,00V,95.26223999999999,212.7570000000001
2021-08-01,00V,103.47339000000001,208.155
2024-07-01,00V,154.76132,212.08999999999997
2025-04-01,00V,200.2019,212.73499999999999
2021-09-01,00V,41.964150000000004,208.28399999999996
2021-07-01,00V,19.42725,208.017
2021-06-01,00V,90.825,207.89999999999998
2022-07-01,00V,34.29106,209.20899999999997
2022-10-01,00V,103.53635,209.40400000000002
2024-10-01,00V,100.98089,212.363
2023-05-01,00V,13.33376,209.89399999999998
2023-02-01,00V,121.12234000000001,209.63400000000004
2023-01-01,00V,17.12672,209.53500000000005
2023-07-01,00V,99.77217999999999,210.13600000000005
2023-11-01,00V,118.8605,210.683
2024-11-01,00V,44.858019999999996,212.383
2023-06-01,00V,93.71587,209.974
2025-05-01,00V,95.26077,212.77200000000008
2021-11-01,00V,41.983329999999995,208.24499999999995
2026-02-01,00V,32.14013,212.133
2021-10-01,00V,90.88746,208.302
2022-04-01,00V,12.4823,208.875
2022-01-01,00V,12.47986,208.532
2026-04-01,00V,122.60882999999998,211.72299999999998
2024-01-01,00V,244.5262,211.059
2025-09-01,00V,205.61005,212.825
2025-08-01,00V,200.20553999999998,212.766
2023-09-01,00V,118.29711999999999,210.53000000000003
2021-06-01,00X,19.08365,187.28100000000003
2023-07-01,00X,7.20702,190.29199999999994
2025-02-01,00X,65.94056,193.67100000000005
2021-07-01,00X,19.1102,187.39400000000003
2021-08-01,00X,20.07729,187.507
2022-10-01,00Y,334.3946,263.058
2025-06-01,00Y,27.14547,269.25199999999995
2023-11-01,00Y,336.45146,266.676
2022-06-01,00Y,697.05777,262.61099999999993
2024-01-01,00Y,337.55994,267.24299999999994
2022-02-01,00Y,721.29151,262.217
2024-04-01,00Y,340.19686,268.13900000000007
2024-06-01,00Y,340.19618,269.29299999999995
2021-12-01,00Y,110.49373,261.807
2021-06-01,00Y,60.07633,260.798
2025-07-01,00Y,27.14567,269.2029999999999
2025-01-01,00Y,340.18199,269.3930000000001
2023-10-01,00Y,335.43033,266.158
2022-03-01,00Y,483.40082,262.34499999999997
2022-01-01,00Y,337.8472,262.08900000000006
2024-02-01,00Y,337.42904,267.8229999999999
2022-09-01,00Y,669.40494,263.0689999999999
2022-05-01,00Y,669.99316,262.551
2024-11-01,00Y,340.18327,269.58299999999997
2021-09-01,00Y,107.52024,261.46200000000005
2021-10-01,00Y,2.83592,261.501
2022-04-01,00Y,670.13257,262.40599999999995
2025-11-01,00Y,52.89721,269.221
2022-08-01,00Y,696.34553,262.92299999999994
2023-01-01,00Y,335.50178,263.736
2021-11-01,00Y,113.94324,261.62600000000015
2026-04-01,00Y,52.89854,268.296
2025-10-01,00Y,52.89309,269.21799999999996
2024-07-01,00Y,680.39488,269.54900000000004
2021-08-01,00Y,110.46916,261.24399999999997
2021-07-01,00Y,2.8379,260.9889999999999
2024-08-01,00Y,340.20021,269.867
2026-05-01,00Y,52.89921,268.128
2022-11-01,00Y,696.6569099999999,263.37700000000007
2026-06-01,00Y,52.89963,267.824
2025-03-01,00Y,340.1756,269.304
2022-07-01,00Y,669.66108,262.74500000000006
2025-08-01,00Y,27.14568,269.276
2023-07-01,01A,37.24714,401.341
2022-08-01,01A,48.12006,397.10599999999994
2022-03-01,01A,65.18153000000001,395.404
2025-11-01,01A,72.80675,411.4939999999999
2026-06-01,01A,132.76894,409.892
2021-10-01,01A,90.54576,394.08700000000005
2022-09-01,01A,17.8622,397.6089999999999
2022-10-01,01A,55.46296,398.03800000000007
2026-04-01,01A,125.31718,410.33799999999997
2022-04-01,01A,45.540530000000004,395.778
2022-11-01,01A,56.8364,398.31300000000016
2024-01-01,01A,19.79441,404.7
2021-07-01,01A,148.96726,392.6210000000001
2023-09-01,01A,60.70131,402.5499999999999
2023-10-01,01A,49.20852,402.9579999999999
2025-10-01,01A,54.762150000000005,411.765
2024-08-01,01A,56.22005,408.7209999999999
2024-11-01,01A,90.56231,410.04699999999985
2023-05-01,01A,75.76091,400.20900000000006
2025-04-01,01A,34.25383,411.01300000000003
2023-06-01,01A,116.26879,400.684
2021-11-01,01A,98.11,394.246
2026-05-01,01A,51.18649,410.18399999999997
2025-05-01,01A,21.86147,411.03799999999995
2021-08-01,01A,54.40921,393.262
2023-03-01,01A,136.63412,399.43000000000006
2022-06-01,01A,37.572770000000006,396.33199999999994
2023-11-01,01A,127.05211000000001,403.5249999999999
2025-09-01,01A,61.400769999999994,411.9070000000001
2021-09-01,01A,86.1399,393.803
2024-10-01,01A,62.400020000000005,409.6839999999998
2025-01-01,01A,88.69798,410.67900000000003
2024-12-01,01A,62.92584000000001,410.46600000000007
2024-05-01,01A,85.48891,406.9749999999999
2024-06-01,01A,60.498250000000006,407.5359999999999
2023-02-01,01A,31.67015,399.01400000000007
2022-07-01,01A,45.387100000000004,396.7770000000001
2024-04-01,01A,316.43295,406.13799999999986
2024-02-01,01A,26.23874,405.2049999999999
2025-12-01,01A,57.40837,411.349
2023-01-01,01A,81.75156,398.70899999999995
2024-07-01,01A,70.39713,408.0929999999999
2021-12-01,01A,43.24163,394.5299999999999
2023-08-01,01A,64.04464,402.05899999999997
2022-02-01,01A,64.67578999999999,395.10800000000006
2022-01-01,01A,43.33619,394.89399999999995
2024-03-01,01A,56.92135999999999,405.811
2026-03-01,01A,139.47657999999998,410.52200000000005
2025-03-01,01A,73.86757,410.879
2025-07-01,01A,89.88298,411.439
2026-01-01,01A,89.34969,411.34799999999996
2022-12-01,01A,43.341899999999995,398.55600000000004
2024-09-01,01A,7.00965,409.3740000000001
2022-05-01,01A,160.59156000000002,395.8499999999999
2026-02-01,01A,168.47160000000002,410.8399999999999
2025-08-01,01A,43.74808,411.884
2023-04-01,01A,69.57999000000001,399.81100000000004
2025-02-01,01A,106.61064999999999,410.824
2025-06-01,01A,91.15668,411.21100000000007
2021-06-01,01A,154.40335,392.05500000000006
2023-12-01,01A,96.85487,404.17400000000004
2023-08-01,01D,98.89519,246.73000000000005
2022-04-01,01D,199.36225,242.69400000000005
2023-11-01,01D,311.54851999999994,247.73699999999994
2023-06-01,01D,162.53021999999999,245.98
2022-01-01,01D,228.06185999999997,241.95500000000007
2024-10-01,01D,164.38276000000002,251.85499999999996
2021-07-01,01D,162.32188,240.685
2024-12-01,01D,50.13015,252.141
2023-03-01,01D,116.95257000000001,245.171
2024-09-01,01D,46.851980000000005,251.52499999999992
2023-12-01,01D,120.16065,248.08099999999993
2025-01-01,01D,117.52359,252.247
2024-08-01,01D,124.09089,251.313
2026-04-01,01D,116.43729,253.32000000000008
2025-11-01,01D,322.91113,253.57399999999998
2026-03-01,01D,116.43554,253.37699999999998
2026-02-01,01D,166.76603,253.355
2022-02-01,01D,138.69135,242.21800000000007
2025-05-01,01D,87.14251,252.65200000000002
2025-10-01,01D,18.57219,253.57199999999995
2025-03-01,01D,117.52138,252.30100000000002
2022-08-01,01D,156.89067,243.5930000000001
2023-02-01,01D,104.62317999999999,244.92299999999997
2022-05-01,01D,251.02265,242.89799999999994
2025-06-01,01D,121.42687000000001,252.80300000000005
2024-07-01,01D,117.52892,250.89600000000007
2021-12-01,01D,237.62718999999998,241.71700000000004
2022-06-01,01D,199.3201,243.06199999999998
2022-10-01,01D,350.72102,243.86000000000007
2021-11-01,01D,208.66552000000001,241.422
2025-08-01,01D,62.14373,253.38699999999994
2023-07-01,01D,110.04253,246.40600000000003
2024-06-01,01D,112.87628000000001,250.586
2025-12-01,01D,656.198,253.5790000000001
2021-09-01,01D,285.97339999999997,241.27100000000002
2024-02-01,01D,107.43324,248.93500000000003
2023-01-01,01D,131.67025,244.521
2022-07-01,01D,255.41783000000004,243.32600000000002
2021-06-01,01D,333.21673,240.25500000000005
2022-03-01,01D,164.40872,242.414
2024-05-01,01D,124.98222999999999,250.20399999999998
2022-11-01,01D,165.72138999999999,244.026
2025-07-01,01D,62.14369000000001,253.16600000000005
2021-08-01,01D,210.18739999999997,240.91800000000003
2025-09-01,01D,124.28963999999999,253.554
2024-04-01,01D,213.64308999999997,249.631
2024-01-01,01D,6.4979,248.39200000000002
2021-10-01,01D,108.1386,241.32900000000004
2023-05-01,01D,68.69882,245.55800000000002
2022-09-01,01D,210.46186,243.80700000000002
2023-09-01,01D,106.6146,247.033
2026-01-01,01D,37.14785,253.539
2023-10-01,01D,262.3161,247.28799999999998
2024-03-01,01D,107.28368,249.29100000000005
2025-02-01,01D,43.56868,252.267
2026-06-01,01D,127.08014,253.339
2022-12-01,01D,391.86769000000004,244.38500000000005
2026-05-01,01D,166.77171,253.50599999999994
2024-11-01,01D,60.04779,251.98699999999997
2025-09-01,01E,390.02905999999996,236.276
2025-01-01,01E,606.62946,234.015
2023-10-01,01E,35.99455,227.694
2023-11-01,01E,122.35233,228.443
2025-03-01,01E,249.21942,234.961
2022-10-01,01E,638.90221,223.32999999999998
2024-10-01,01E,273.03968,232.59799999999996
2024-07-01,01E,204.09053,230.89700000000002
2024-11-01,01E,468.60174,233.30599999999998
2023-02-01,01E,296.03941000000003,225.56300000000002
2023-12-01,01E,69.64502999999999,229.002
2021-12-01,01E,50.76224,220.21
2021-09-01,01E,34.60825,218.37800000000004
2023-06-01,01E,12.81506,226.719
2024-08-01,01E,118.80343000000002,231.22
2026-05-01,01E,332.83108999999996,239.393
2025-11-01,01E,502.00876000000005,239.36199999999997
2025-08-01,01E,266.05636,236.21400000000003
2021-10-01,01E,25.33771,218.803
2022-02-01,01E,25.45531,220.82100000000003
2026-04-01,01E,495.91383,239.29599999999996
2025-05-01,01E,251.51664,235.354
2023-03-01,01E,34.57951,225.97
2026-02-01,01E,355.79281000000003,239.27900000000005
2025-06-01,01E,369.57161,235.64000000000004
2025-07-01,01E,450.70024,235.945
2024-03-01,01E,114.46875000000001,230.142
2026-03-01,01E,726.55156,239.09400000000002
2022-09-01,01E,170.63515,222.42399999999998
2024-05-01,01E,29.032509999999995,230.70800000000003
2021-06-01,01E,25.32035,217.616
2022-08-01,01E,65.35580999999999,222.23
2023-09-01,01E,25.47265,227.36100000000002
2022-04-01,01E,181.36881,221.535
2024-06-01,01E,116.55724000000001,230.70800000000003
2022-07-01,01E,118.0454,222.16499999999996
2024-04-01,01E,160.45113999999998,230.21199999999996
2021-11-01,01E,25.36153,219.627
2025-04-01,01E,251.5161,235.20499999999998
2023-07-01,01E,34.55851,227.06400000000008
2025-02-01,01E,249.22184,234.612
2022-11-01,01E,87.14170000000001,224.24099999999996
2022-01-01,01E,25.43668,220.31899999999996
2026-01-01,01E,722.48739,239.38199999999998
2023-08-01,01E,12.75648,227.23100000000002
2023-01-01,01E,274.06539000000004,224.864
2024-01-01,01E,244.18294,229.44400000000002
2026-06-01,01E,253.14516000000003,239.132
2025-10-01,01E,343.30275,238.58599999999996
2024-12-01,01E,362.22411999999997,233.794
2025-12-01,01E,389.42871,239.544
2024-09-01,01E,182.79389,231.642
2023-05-01,01E,37.98963,226.386
2024-02-01,01E,114.62804,229.85399999999998
2023-04-01,01E,297.25712000000004,226.21299999999997
2021-07-01,01E,35.27784,217.924
2022-06-01,01E,12.74162,222.01099999999997
2022-12-01,01E,353.15818,224.54999999999995
2021-08-01,01E,35.3057,218.10400000000004
2022-03-01,01E,12.73716,221.31600000000006
2022-05-01,01E,118.10387,221.68200000000002
2021-10-01,01F,92.02431999999999,135.06300000000002
2024-10-01,01F,147.942,136.60500000000002
2025-11-01,01F,20.3524,136.12800000000001
2023-05-01,01F,189.29309999999998,135.533
2022-06-01,01F,127.39003,135.05
2025-03-01,01F,77.2448,136.717
2023-10-01,01F,88.71601,135.993
2024-08-01,01F,152.662,136.467
2022-03-01,01F,50.59274,135.18699999999998
2026-04-01,01F,57.8524,135.885
2025-06-01,01F,89.9896,136.61599999999999
2024-09-01,01F,103.75494,136.538
2021-08-01,01F,368.73553000000004,134.65400000000002
2024-01-01,01F,11.69195,136.05900000000003
2022-07-01,01F,92.07942,135.017
2023-09-01,01F,202.8915,135.918
2023-12-01,01F,149.88689,136.05100000000002
2023-01-01,01F,247.08536000000004,134.938
2022-02-01,01F,137.82103999999998,135.23299999999998
2024-03-01,01F,197.46871000000002,136.117
2026-05-01,01F,69.6372,135.899
2021-11-01,01F,397.2721700000001,135.068
2022-11-01,01F,52.65063,134.97
2022-09-01,01F,87.63909,135.04399999999998
2023-02-01,01F,240.8044,134.964
2025-07-01,01F,59.0372,136.426
2024-12-01,01F,82.0648,136.77200000000002
2024-11-01,01F,49.284800000000004,136.747
2022-10-01,01F,36.32627,135.014
2024-06-01,01F,213.6144,136.287
2023-03-01,01F,88.77839,135.13500000000002
2022-01-01,01F,153.88539,135.183
2021-12-01,01F,323.45999,135.163
2025-05-01,01F,17.7624,136.652
2021-09-01,01F,403.54346,134.894
2025-04-01,01F,86.7848,136.707
2025-09-01,01F,20.3524,136.23100000000002
2024-02-01,01F,101.05688,136.12
2021-07-01,01F,247.2901,134.60199999999998
2026-01-01,01F,86.7848,135.89100000000002
2022-08-01,01F,104.62525,135.00099999999998
2022-05-01,01F,27.06709,135.133
2022-04-01,01F,106.37947,135.23000000000002
2021-06-01,01F,308.07708,134.327
2022-12-01,01F,250.40733,135.01100000000002
2023-07-01,01F,92.24031,135.774
2023-08-01,01F,65.13409999999999,135.836
2025-02-01,01F,123.862,136.783
2025-01-01,01F,153.8735,136.80299999999997
2024-05-01,01F,83.0248,136.21
2024-04-01,01F,225.4916,136.05599999999998
2024-07-01,01F,110.342,136.332
2021-07-01,01G,18.41757,292.514
2021-12-01,01G,18.43619,298.92100000000005
2024-06-01,01G,16.37677,318.42800000000005
2022-04-01,01G,18.4801,301.87499999999994
2025-10-01,01G,128.24784,325.56100000000004
2024-09-01,01G,16.37698,319.6090000000001
2025-06-01,01G,73.8733,323.271
2022-06-01,01G,104.89132,303.192
2021-08-01,01G,151.70031,293.48400000000004
2022-02-01,01G,18.48999,300.51500000000004
2026-03-01,01G,187.77778999999998,325.154
2024-04-01,01G,17.76223,316.868
2023-08-01,01G,60.23269,311.4699999999999
2021-06-01,01G,18.39212,290.797
2026-06-01,01G,149.29208,323.87
2022-07-01,01G,18.46718,303.72600000000006
2023-01-01,01G,112.99148,308.177
2022-05-01,01G,29.022419999999997,302.4479999999999
2023-06-01,01G,19.55217,310.73400000000004
2022-11-01,01G,18.46566,306.898
2024-10-01,01G,128.2441,320.9240000000001
2023-11-01,01G,39.04758,314.218
2023-05-01,01G,19.56776,310.1189999999999
2024-08-01,01G,16.37696,319.316
2021-09-01,01G,36.82714,294.367
2022-10-01,01G,94.17641,305.56000000000006
2024-02-01,01G,19.58019,316.039
2021-10-01,01G,169.87828,296.27399999999994
2024-07-01,01G,16.37683,318.895
2024-03-01,01G,15.74209,316.405
2024-05-01,01G,15.89223,318.04400000000004
2026-02-01,01G,128.25831,325.64700000000005
2022-03-01,01G,94.312,301.296
2021-11-01,01G,18.42198,297.66
2025-01-01,01G,128.23649,322.03499999999997
2024-01-01,01G,39.17549,315.36599999999993
2022-01-01,01G,170.54394000000002,299.60299999999995
2023-03-01,01G,94.53385,309.297
2022-08-01,01G,36.91491,304.171
2023-07-01,01G,19.46668,311.038
2025-03-01,01G,128.23408,322.62699999999995
2022-09-01,01G,94.26291,304.84999999999997
2022-12-01,01G,36.92856,307.731
2023-04-01,01G,94.93079999999999,310.0769999999999
2023-09-01,01H,12.23137,333.51800000000003
2022-11-01,01H,18.46566,331.2929999999999
2025-07-01,01H,54.913830000000004,337.23500000000007
2025-05-01,01H,40.8172,336.962
2022-06-01,01H,22.34918,329.67
2021-06-01,01H,94.63189,327.51399999999995
2023-11-01,01H,12.28915,333.83300000000014
2023-05-01,01H,27.33672,332.23900000000003
2023-01-01,01H,18.50398,331.62100000000004
2022-08-01,01H,94.24904000000001,330.32900000000006
2024-01-01,01H,74.12358,334.1840000000001
2021-12-01,01H,121.51796,328.69800000000004
2025-08-01,01H,219.54011,337.55300000000005
2026-03-01,01H,20.3524,337.559
2026-02-01,01H,20.4748,337.63300000000004
2024-12-01,01H,70.86989,336.405
2025-06-01,01H,37.94968,337.2020000000001
2026-01-01,01H,90.62172000000001,337.67900000000003
2023-06-01,01H,66.74319,332.432
2024-03-01,01H,133.33334,334.45400000000006
2022-01-01,01H,38.1035,329.0159999999999
2025-11-01,01H,20.3524,337.646
2024-08-01,01H,134.93756000000002,335.76200000000006
2025-03-01,01H,21.0924,336.643
2026-04-01,01H,32.76943,337.646
2023-03-01,01H,25.68392,332.02599999999995
2026-05-01,01H,70.26958,337.446
2024-04-01,01H,20.3524,334.4960000000001
2025-10-01,01H,59.2304,337.61899999999997
2022-10-01,01H,76.05165,331.00800000000004
2025-04-01,01H,70.27716000000001,336.779
2022-12-01,01H,171.33825,331.45300000000003
2025-12-01,01H,39.71049,337.7080000000001
2021-07-01,01H,83.81547,327.77600000000007
2025-02-01,01H,158.59940999999998,336.6389999999999
2022-03-01,01H,140.10715,329.14200000000005
2022-02-01,01H,133.50404,329.11
2024-06-01,01H,28.36605,335.1400000000001
2023-08-01,01H,12.25072,333.1980000000001
2026-06-01,01H,32.76968,337.29400000000004
2021-08-01,01H,48.78123,328.0319999999999
2021-11-01,01H,82.07228,328.483
2025-09-01,01H,23.80402,337.614
2023-04-01,01H,1.85384,332.06500000000005
2021-09-01,01H,267.69518,328.359
2021-10-01,01H,83.40798,328.48400000000004
2022-09-01,01H,18.46016,330.86400000000003
2022-05-01,01H,38.09388,329.332
2024-10-01,01H,126.76615000000001,335.933
2023-02-01,01H,54.23494,331.82099999999986
2023-10-01,01H,417.19588,333.66300000000007
2024-05-01,01H,78.2048,334.88199999999995
2024-07-01,01H,20.3524,335.40699999999987
2021-10-01,01J,214.74509,169.62900000000002
2026-06-01,01J,170.02568,174.30100000000002
2025-12-01,01J,180.62725,174.36
2022-08-01,01J,221.48084999999998,170.29399999999998
2024-08-01,01J,86.14656000000001,173.101
2024-12-01,01J,168.21407,173.69600000000003
2024-05-01,01J,72.62164999999999,172.549
2025-08-01,01J,90.13645999999999,174.17000000000002
2023-11-01,01J,113.17208,171.49899999999997
2022-09-01,01J,213.91296,170.317
2023-12-01,01J,124.01771,171.68
2023-05-01,01J,72.46438,170.776
2022-03-01,01J,128.087,170.263
2023-02-01,01J,118.34746000000001,170.51500000000004
2021-06-01,01J,238.08351000000002,168.955
2021-09-01,01J,227.03722000000002,169.472
2024-02-01,01J,65.76365,171.864
2025-01-01,01J,131.44748,173.74800000000002
2025-11-01,01J,90.79459,174.35700000000006
2022-06-01,01J,56.579319999999996,170.274
2023-10-01,01J,84.84105000000001,171.34499999999997
2024-09-01,01J,129.63898,173.35199999999998
2025-07-01,01J,137.43029,174.078
2023-06-01,01J,297.70918,170.954
2022-02-01,01J,188.66285,170.14799999999997
2022-10-01,01J,165.59834999999998,170.42700000000002
2025-04-01,01J,160.42039000000003,173.973
2022-07-01,01J,84.49056,170.351
2024-06-01,01J,16.37677,172.60499999999996
2025-02-01,01J,72.53314999999999,173.87300000000002
2026-03-01,01J,132.56987,174.26900000000003
2025-06-01,01J,105.46629999999999,174.012
2024-01-01,01J,100.70513,171.71900000000005
2022-11-01,01J,197.71999,170.52499999999998
2023-08-01,01J,100.05988,171.175
2021-07-01,01J,275.04639,169.221
2025-05-01,01J,150.46026,174.04
2021-11-01,01J,224.4867,169.71099999999996
2023-07-01,01J,130.27434,171.01999999999998
2023-09-01,01J,71.95997,171.33100000000002
2026-04-01,01J,85.23832,174.28500000000003
2024-10-01,01J,85.73319,173.5
2024-07-01,01J,116.02643,172.83599999999996
2024-11-01,01J,172.64114999999998,173.679
2025-10-01,01J,56.1572,174.363
2021-08-01,01J,194.06164999999996,169.233
2026-01-01,01J,56.1572,174.27199999999996
2024-03-01,01J,68.59893,172.007
2026-05-01,01J,123.21541,174.323
2022-01-01,01J,237.4363,169.846
2021-12-01,01J,289.00636999999995,169.80099999999996
2022-12-01,01J,296.8108,170.50599999999997
2022-04-01,01J,213.51989,170.207
2023-04-01,01J,246.46451999999996,170.63800000000003
2026-02-01,01J,143.46967999999998,174.29800000000003
2025-09-01,01J,110.38681,174.29199999999997
2022-05-01,01J,167.28068,170.23999999999992
2025-03-01,01J,116.02539,173.88400000000001
2023-01-01,01J,182.32591999999997,170.41999999999996
2023-03-01,01J,111.94372000000001,170.58700000000002
2024-04-01,01J,178.89576,172.07000000000005
2025-12-01,01K,19.79479,355.492
2022-09-01,01K,212.39686999999998,353.949
2024-11-01,01K,39.5822,356.163
2025-10-01,01K,19.79278,354.44399999999996
2024-05-01,01K,19.91081,356.31600000000003
2023-04-01,01K,19.72947,355.6399999999999
2023-07-01,01K,95.8252,355.52599999999995
2022-02-01,01K,33.79994,353.5840000000001
2024-01-01,01K,128.84149,356.38599999999997
2021-08-01,01K,107.71967000000001,351.10699999999997
2022-11-01,01K,44.29514,355.9399999999999
2025-09-01,01K,65.29043,354.92100000000005
2023-09-01,01K,46.64325,355.01
2024-09-01,01K,19.79211,355.317
2021-07-01,01K,222.89612999999997,351.379
2026-01-01,01K,20.8924,354.815
2025-06-01,01K,44.57458,356.073
2023-08-01,01K,19.63111,355.223
2024-07-01,01K,65.52723,356.234
2025-11-01,01K,24.3624,355.51500000000004
2022-08-01,01K,67.04707,354.2199999999999
2023-02-01,01K,115.09146000000001,355.885
2023-01-01,01K,54.20338,356.01
2024-08-01,01K,25.70594,355.693
2022-03-01,01K,169.58325,353.715
2021-12-01,01K,179.86784,353.57300000000004
2023-05-01,01K,121.87449000000001,355.547
2024-10-01,01K,19.7922,355.04600000000005
2021-10-01,01K,287.55283,351.383
2022-05-01,01K,131.77154000000002,353.67799999999994
2022-06-01,01K,109.30055999999999,354.38
2025-05-01,01K,19.79202,356.1089999999998
2023-03-01,01K,104.54803000000001,355.67900000000003
2024-03-01,01K,19.72244,356.0710000000001
2025-01-01,01K,74.42942,356.607
2025-07-01,01K,118.14042,355.8029999999999
2023-10-01,01K,46.7232,355.088
2023-12-01,01K,19.70681,356.4120000000001
2022-12-01,01K,123.86719000000001,356.33400000000006
2025-03-01,01K,39.58131,356.47100000000006
2022-04-01,01K,20.77268,353.69000000000005
2022-07-01,01K,66.31609,354.46999999999997
2022-01-01,01K,182.44025,353.69900000000007
2026-02-01,01K,25.70857,354.401
2023-11-01,01K,212.70038000000002,355.927
2023-06-01,01K,46.93346,355.536
2021-11-01,01K,233.65497,353.085
2021-06-01,01K,125.41028,351.27000000000004
2021-09-01,01K,157.24743,351.01100000000014
2024-06-01,01K,48.82325,356.352
2024-04-01,01K,71.32543,355.834
2022-10-01,01K,41.36228,353.97800000000007
2025-09-01,01T,13.57928,161.74200000000002
2021-11-01,01T,58.7591,156.923
2023-11-01,01T,3.2445,158.90400000000002
2023-05-01,01T,9.42932,157.92300000000003
2022-05-01,01T,4.65248,157.12899999999996
2025-10-01,01T,76.40513999999999,161.799
2026-04-01,01T,7.57571,161.648
2024-04-01,01T,17.85288,159.58999999999997
2024-01-01,01T,3.76419,159.135
2025-12-01,01T,26.45544,161.70199999999997
2022-10-01,01T,52.59885,157.561
2022-01-01,01T,4.65253,156.997
2023-04-01,01T,3.25053,157.89299999999997
2024-03-01,01T,3.7575,159.50699999999998
2022-02-01,01T,4.65595,156.98599999999996
2026-02-01,01T,26.45491,161.596
2021-12-01,01T,4.64235,156.99099999999999
2021-09-01,01T,4.63664,157.02899999999997
2023-08-01,01T,13.65561,158.44099999999995
2022-09-01,01T,2.52387,157.433
2024-05-01,01T,57.8524,159.991
2024-09-01,01T,3.28052,160.50000000000003
2022-04-01,01T,7.17994,157.156
2022-06-01,01T,4.65247,157.181
2026-01-01,01T,26.45523,161.60899999999998
2022-03-01,01T,9.30166,157.09599999999998
2021-08-01,01T,4.64132,156.94799999999998
2024-11-01,01T,3.28035,160.777
2025-12-01,01V,555.34097,128.96200000000002
2022-07-01,01V,403.77673,126.68700000000003
2024-10-01,01V,778.58288,128.32
2021-06-01,01V,226.76286000000002,125.85700000000001
2021-12-01,01V,228.28955,126.53600000000002
2025-06-01,01V,544.51025,128.71699999999998
2022-05-01,01V,660.52545,126.589
2023-11-01,01V,747.30321,127.61599999999999
2023-04-01,01V,431.51808,127.051
2023-10-01,01V,1267.3825,127.43200000000002
2026-04-01,01V,600.31869,128.57999999999998
2025-04-01,01V,327.44266,128.494
2024-08-01,01V,418.29490999999996,128.168
2025-09-01,01V,517.37728,129.10500000000002
2024-05-01,01V,424.88386,127.97
2023-12-01,01V,630.71791,127.64800000000002
2026-01-01,01V,52.89807,128.892
2026-05-01,01V,502.44952,128.548
2022-01-01,01V,412.15157999999997,126.53000000000003
2024-07-01,01V,525.45965,128.07
2024-03-01,01V,544.19006,127.81499999999998
2023-03-01,01V,386.77203000000003,126.998
2022-11-01,01V,800.18784,126.92699999999999
2023-02-01,01V,302.02975,126.998
2022-08-01,01V,326.23591999999996,126.85599999999998
2023-08-01,01V,617.2958600000001,127.342
2024-11-01,01V,521.3056799999999,128.367
2026-03-01,01V,52.89774,128.66
2025-01-01,01V,464.5366,128.407
2021-10-01,01V,282.47307,126.40700000000001
2023-09-01,01V,366.10290999999995,127.44600000000001
2024-12-01,01V,537.18701,128.416
2022-10-01,01V,347.02597000000003,126.99999999999997
2025-05-01,01V,303.14524000000006,128.633
2024-02-01,01V,426.50955999999996,127.81199999999997
2024-06-01,01V,424.88475,127.979
2025-11-01,01V,449.5333,128.95100000000002
2021-07-01,01V,327.72410999999994,125.95400000000001
2026-02-01,01V,1049.82852,128.883
2025-03-01,01V,250.54937,128.399
2025-07-01,01V,330.29517,128.818
2021-08-01,01V,254.84877,126.21499999999999
2023-05-01,01V,485.3819,127.10199999999999
2026-06-01,01V,600.33115,128.464
2021-11-01,01V,409.35533,126.391
2023-06-01,01V,235.44400000000002,127.15800000000003
2022-02-01,01V,208.10750000000002,126.51499999999997
2022-04-01,01V,168.59973,126.593
2022-03-01,01V,421.24902999999995,126.57200000000003
2022-09-01,01V,168.41667,126.99999999999999
2023-01-01,01V,389.51446999999996,126.96700000000001
2022-06-01,01V,382.47472999999997,126.62899999999998
2024-09-01,01V,510.82539999999995,128.279
2022-12-01,01V,474.95169999999996,127.001
2023-07-01,01V,582.9354400000001,127.282
2025-08-01,01V,73.10868,128.947
2025-02-01,01V,323.05287,128.444
2024-04-01,01V,424.88553,127.81800000000001
2021-09-01,01V,382.60283,126.27900000000001
2024-01-01,01V,476.17055999999997,127.71200000000002
2025-10-01,01V,635.2221900000001,129.04700000000003
2024-03-01,01W,23.62057,326.957
2022-09-01,01W,35.253119999999996,322.38100000000003
2025-11-01,01W,232.90305,330.811
2023-08-01,01W,31.819290000000002,325.23300000000006
2023-02-01,01W,9.30886,323.406
2026-05-01,01W,200.8645,330.49799999999993
2022-05-01,01W,9.28966,320.802
2024-04-01,01W,12.0621,326.911
2022-12-01,01W,9.28367,322.87799999999993
2025-09-01,01W,390.49821000000003,330.7120000000001
2025-01-01,01W,98.61813000000001,329.2300000000001
2021-07-01,01W,9.26032,318.6359999999999
2023-10-01,01W,19.57728,325.766
2022-04-01,01W,9.29157,320.75699999999995
2024-02-01,01W,9.8463,326.82599999999996
2022-08-01,01W,22.264090000000003,321.9550000000001
2025-06-01,01W,165.8775,329.746
2022-07-01,01W,9.28512,321.57499999999993
2026-01-01,01W,222.24399,330.76699999999994
2026-04-01,01W,10.67661,330.7149999999999
2024-08-01,01W,8.35708,328.116
2025-04-01,01W,78.30386999999999,329.283
2024-06-01,01W,12.42308,327.493
2023-05-01,01W,20.86146,324.118
2024-05-01,01W,12.06204,327.431
2024-12-01,01W,69.48322999999999,329.15399999999994
2021-08-01,01W,9.26759,318.94399999999996
2022-03-01,01W,45.181349999999995,320.647
2021-10-01,01W,22.309759999999997,319.439
2024-01-01,01W,9.85007,326.489
2025-02-01,01W,58.37238000000001,329.2429999999999
2021-09-01,01W,64.66263,319.283
2025-10-01,01W,417.21018000000004,330.7139999999999
2026-02-01,01W,142.91371,330.71299999999997
2022-06-01,01W,49.35387,321.005
2024-11-01,01W,54.20719,328.962
2023-04-01,01W,9.34673,323.88300000000004
2025-12-01,01W,169.37202000000002,330.865
2023-09-01,01W,34.23744,325.639
2023-07-01,01W,11.07296,324.80699999999996
2025-08-01,01W,349.77899999999994,330.434
2026-03-01,01W,37.13152,330.758
2024-10-01,01W,34.093360000000004,328.605
2022-02-01,01W,22.41272,320.61199999999997
2022-10-01,01W,9.27317,322.295
2026-06-01,01W,202.3719,330.5
2021-06-01,01W,31.94437,318.3920000000001
2022-01-01,01W,53.98231,320.0789999999999
2024-07-01,01W,24.846249999999998,327.726
2023-01-01,01W,22.32024,322.98400000000004
2023-06-01,01W,31.96613,324.504
2021-12-01,01W,52.99896,319.767
2023-03-01,01W,29.03338,323.642
2025-03-01,01W,54.19357,329.2499999999999
2021-11-01,01W,9.26253,319.47
2024-09-01,01W,16.601779999999998,328.53799999999995
2025-07-01,01W,184.98251000000002,330.03
2023-12-01,01W,9.82498,326.439
2025-05-01,01W,57.33238,329.466
2024-05-01,01X,49.55142,202.57799999999997
2021-06-01,01X,139.31639,199.67
2022-02-01,01X,21.09561,200.19399999999996
2021-09-01,01X,138.83498,200.107
2021-08-01,01X,182.59201000000002,200.047
2025-08-01,01X,63.340779999999995,204.155
2022-03-01,01X,10.54239,200.31600000000003
2024-04-01,01X,61.33482,201.93699999999995
2025-09-01,01X,6.2448,204.314
2025-02-01,01X,55.49585,203.62
2023-02-01,01X,11.6275,200.51899999999998
2025-03-01,01X,61.4355,203.659
2021-11-01,01X,2.82666,200.05200000000002
2025-12-01,01X,12.49094,204.446
2024-08-01,01X,55.49932,202.99100000000004
2026-06-01,01X,228.60439,204.61000000000004
2024-09-01,01X,55.49938,203.22299999999998
2024-11-01,01X,19.7399,203.42099999999996
2022-01-01,01X,2.90022,200.086
2026-03-01,01X,130.57008000000002,204.49200000000002
2024-01-01,01X,49.1684,201.711
2022-06-01,01X,10.5461,200.49300000000005
2024-12-01,01X,3.27086,203.51099999999997
2025-11-01,01X,6.24532,204.37800000000001
2024-03-01,01X,49.08103,201.94
2025-10-01,01X,123.65532,204.37499999999997
2025-07-01,01X,120.43681000000001,204.10799999999995
2021-10-01,01X,26.43471,200.08300000000003
2025-05-01,01X,69.58436,203.83600000000004
2025-04-01,01X,63.33963,203.721
2026-02-01,01X,117.42005999999999,204.529
2026-04-01,01X,117.42257000000001,204.45999999999998
2023-10-01,01X,69.64759,201.354
2023-09-01,01X,333.35265,201.28900000000004
2024-06-01,01X,49.55153,202.671
2025-06-01,01X,6.24464,203.946
2024-10-01,01X,55.49965,203.361
2021-07-01,01X,415.46515999999997,199.87700000000007
2021-12-01,01X,15.00413,200.11600000000004
2026-01-01,01X,112.02915999999999,204.47000000000006
2026-05-01,01X,6.24556,204.512
2024-08-01,01Y,165.23849,227.297
2022-08-01,01Y,194.66604999999998,220.916
2021-08-01,01Y,382.95561999999995,219.35700000000006
2025-05-01,01Y,27.4496,228.75099999999998
2024-09-01,01Y,178.85891,227.618
2023-06-01,01Y,164.69378999999998,222.392
2026-05-01,01Y,212.68779,228.812
2025-02-01,01Y,134.60412999999997,228.512
2025-10-01,01Y,352.78047,228.80699999999996
2023-08-01,01Y,394.64191,223.184
2025-01-01,01Y,27.1024,228.31699999999998
2022-07-01,01Y,65.45605,220.80700000000002
2023-02-01,01Y,29.054740000000002,221.46100000000004
2021-07-01,01Y,130.06121000000002,219.123
2021-06-01,01Y,216.38005,218.82899999999998
2023-01-01,01Y,99.19077000000001,221.42999999999998
2025-12-01,01Y,72.27169,228.896
2024-10-01,01Y,145.80601,227.723
2024-07-01,01Y,9201.06599,226.97299999999998
2022-01-01,01Y,124.32034,220.0
2023-05-01,01Y,276.53815999999995,222.113
2025-03-01,01Y,344.36029,228.57700000000003
2023-11-01,01Y,514.76049,224.10800000000003
2024-12-01,01Y,271.15281,228.243
2024-05-01,01Y,152.96229,226.18999999999997
2022-10-01,01Y,25.3162,220.971
2025-06-01,01Y,491.76835,228.81
2023-10-01,01Y,25.39426,223.76900000000003
2026-01-01,01Y,424.62904000000003,228.90200000000004
2023-12-01,01Y,288.182,224.28599999999992
2022-03-01,01Y,181.72246,220.326
2021-11-01,01Y,362.99062,219.63700000000003
2024-03-01,01Y,25.50947,225.36599999999993
2025-09-01,01Y,191.53603,228.835
2025-07-01,01Y,168.62749,229.01999999999998
2022-11-01,01Y,135.68195,221.09500000000003
2025-08-01,01Y,66.94444,229.16000000000003
2022-02-01,01Y,216.98617000000002,220.181
2023-07-01,01Y,226.72722,222.894
2026-03-01,01Y,1103.83725,228.992
2024-01-01,01Y,60.48257,224.44099999999995
2024-11-01,01Y,124.89073,227.99800000000002
2025-11-01,01Y,245.86365,228.834
2026-06-01,01Y,1383.0145599999998,228.64
2022-09-01,01Y,69.70911000000001,220.99499999999992
2021-12-01,01Y,150.81109,219.89100000000002
2024-02-01,01Y,876.2408300000001,224.93199999999996
2023-03-01,01Y,118.29285,221.589
2021-10-01,01Y,309.83720999999997,219.59999999999997
2026-02-01,01Y,239.00204,228.932
2022-06-01,01Y,183.14597,220.71699999999996
2024-04-01,01Y,58.78408,225.65099999999998
2021-09-01,01Y,432.62375000000003,219.53699999999998
2022-12-01,01Y,132.70169,221.26700000000002
2024-06-01,01Y,154.557,226.75500000000002
2025-04-01,01Y,80.52262999999999,228.77099999999996
2022-05-01,01Y,191.50696,220.67499999999998
2022-04-01,01Y,81.12504,220.57699999999994
2023-09-01,01Y,64.1112,223.398
2023-04-01,01Y,66.24241,221.782
2026-04-01,01Y,1094.99505,229.065
2023-02-01,02A,49.82889,248.014
2024-06-01,02A,235.47739,248.955
2026-02-01,02A,547.39612,248.657
2024-10-01,02A,92.34294,249.45000000000002
2024-04-01,02A,35.32478,248.67800000000003
2025-01-01,02A,39.56965,249.404
2025-02-01,02A,83.13797,249.54699999999988
2023-11-01,02A,52.86287,248.50499999999997
2025-09-01,02A,125.01121,249.55300000000003
2022-03-01,02A,49.7072,245.509
2025-06-01,02A,13.57893,249.40399999999997
2022-12-01,02A,49.69243,247.69400000000002
2023-08-01,02A,11.61686,248.48000000000002
2025-08-01,02A,16.80759,249.51800000000003
2024-01-01,02A,46.74301,248.56100000000004
2026-01-01,02A,309.40502,248.91100000000006
2026-03-01,02A,766.88709,248.449
2024-07-01,02A,65.94415,249.01500000000001
2025-07-01,02A,13.57903,249.34600000000003
2025-10-01,02A,793.2599299999999,249.431
2025-05-01,02A,13.57882,249.411
2026-04-01,02A,547.40775,248.17599999999993
2025-11-01,02A,502.43051,249.252
2022-08-01,02A,49.67395,246.78700000000003
2024-11-01,02A,13.1982,249.45400000000004
2026-06-01,02A,793.35809,247.65299999999993
2024-08-01,02A,186.90579,249.366
2022-01-01,02A,49.72546,245.33
2026-05-01,02A,581.79215,247.967
2021-07-01,02A,49.56597,244.62300000000005
2023-06-01,02A,52.94015,248.10999999999996
2025-12-01,02A,502.4425,249.11800000000002
2023-09-01,02A,52.61208,248.53799999999998
2021-06-01,02A,49.49709,244.20400000000004
2022-05-01,02A,49.72492,245.86400000000003
2024-12-01,02A,68.22454,249.45000000000002
2025-03-01,02A,13.1979,249.34399999999997
2021-11-01,02A,49.57793,245.166
2022-10-01,02A,49.63559,247.35
2024-02-01,02A,53.01644,248.51399999999998
2025-04-01,02A,110.27678999999999,249.44000000000003
2023-04-01,02E,127.8035,226.35500000000002
2024-05-01,02E,325.93791,229.50399999999996
2022-09-01,02E,185.65078,225.0
2021-10-01,02E,147.44096000000002,222.48300000000003
2022-03-01,02E,231.61669,223.51700000000002
2023-10-01,02E,50.50751,228.19400000000002
2025-11-01,02E,606.31724,230.82999999999998
2023-06-01,02E,83.99494999999999,226.83100000000002
2026-02-01,02E,123.30045,230.624
2024-04-01,02E,826.07629,229.12499999999994
2022-11-01,02E,51.46078,225.313
2026-01-01,02E,97.63059,230.76799999999997
2023-02-01,02E,174.39795,225.901
2021-12-01,02E,230.63726,222.95
2025-06-01,02E,67.73389,230.82200000000003
2024-10-01,02E,367.53182000000004,230.54400000000004
2023-11-01,02E,388.98771,228.38900000000004
2023-09-01,02E,1120.44399,227.92899999999997
2021-09-01,02E,178.96136,222.22400000000002
2023-03-01,02E,46.00608,226.03300000000002
2024-01-01,02E,57.91556,228.711
2024-12-01,02E,113.40315,230.88500000000002
2025-04-01,02E,146.03953,230.623
2024-06-01,02E,60.09259,229.61300000000003
2025-07-01,02E,360.16154,230.779
2023-05-01,02E,156.43568,226.48900000000006
2023-08-01,02E,59.02749,227.584
2022-05-01,02E,114.78639,223.91299999999998
2026-06-01,02E,44.82307,229.91799999999998
2025-03-01,02E,32.62968,230.61300000000003
2021-11-01,02E,153.68186,222.66199999999992
2025-05-01,02E,208.24389,230.72400000000005
2021-08-01,02E,227.88893,221.82800000000003
2022-01-01,02E,154.13826999999998,223.195
2021-06-01,02E,384.92285,220.80099999999996
2025-01-01,02E,97.79746,230.82099999999997
2024-02-01,02E,134.42496,228.96600000000004
2022-07-01,02E,94.19279,224.441
2022-10-01,02E,121.48115,225.197
2025-02-01,02E,158.19361999999998,230.838
2024-09-01,02E,170.01937,230.44099999999997
2026-05-01,02E,37.80589,230.029
2022-02-01,02E,445.03805,223.40699999999998
2022-04-01,02E,170.07566,223.69899999999993
2022-12-01,02E,204.06811,225.49099999999999
2021-07-01,02E,180.02658000000002,221.408
2024-08-01,02E,207.35046,230.121
2023-12-01,02E,69.2091,228.562
2024-07-01,02E,304.83741,229.86800000000002
2023-01-01,02E,93.22873,225.647
2026-03-01,02E,97.71921,230.347
2023-07-01,02E,43.97336,227.18299999999994
2025-12-01,02E,150.21792,230.82899999999998
2025-09-01,02E,199.70517,231.042
2024-11-01,02E,630.75154,230.654
2025-10-01,02E,195.05601000000001,231.023
2022-06-01,02E,67.56511,224.16499999999996
2025-08-01,02E,70.53185,230.84599999999998
2024-03-01,02E,34.66469,229.04600000000002
2026-04-01,02E,220.83634,230.261
2022-08-01,02E,57.24144999999999,224.66699999999997
2024-09-01,02G,211.38926999999998,117.75400000000002
2025-06-01,02G,73.40618,118.408
2025-10-01,02G,118.38381,118.444
2024-12-01,02G,110.85200999999999,118.28400000000002
2023-01-01,02G,36.89556,116.62800000000001
2022-03-01,02G,99.97267,115.21100000000001
2025-02-01,02G,125.73236000000001,118.324
2026-02-01,02G,50.46053,118.715
2026-05-01,02G,71.88425,118.486
2022-05-01,02G,112.97732,115.45799999999998
2023-12-01,02G,393.30301999999995,117.423
2021-11-01,02G,132.60784,114.77799999999999
2025-09-01,02G,55.76046,118.269
2021-10-01,02G,222.92944999999997,114.28399999999999
2022-10-01,02G,58.90909,116.20300000000002
2024-05-01,02G,191.52831,117.64800000000001
2022-11-01,02G,122.93132999999999,116.48
2025-01-01,02G,55.75638,118.33
2021-12-01,02G,167.44909,114.97299999999998
2022-02-01,02G,106.98737,115.17299999999999
2022-04-01,02G,100.43059,115.39300000000001
2021-09-01,02G,328.46124999999995,113.97200000000001
2025-07-01,02G,69.33861,118.37
2023-03-01,02G,207.69323,116.78400000000002
2024-07-01,02G,39.07529,117.72800000000001
2021-07-01,02G,270.55809000000005,113.90300000000003
2026-03-01,02G,118.09934999999997,118.64699999999998
2022-01-01,02G,108.70816,115.055
2023-06-01,02G,181.38153,116.861
2022-09-01,02G,115.47061000000001,115.83
2024-03-01,02G,33.68958,117.55000000000001
2023-04-01,02G,162.44101,116.852
2024-08-01,02G,71.87445,117.75699999999999
2026-01-01,02G,143.39278,118.751
2024-01-01,02G,238.15217,117.365
2023-08-01,02G,165.66557,116.83099999999999
2022-07-01,02G,27.05368,115.73500000000001
2026-04-01,02G,63.583949999999994,118.587
2025-11-01,02G,82.60436,118.691
2023-07-01,02G,136.54789,116.86400000000002
2024-04-01,02G,138.80958,117.602
2024-06-01,02G,190.9858,117.66099999999999
2025-12-01,02G,57.32394,118.70299999999999
2026-06-01,02G,214.83829,118.386
2025-05-01,02G,62.47524,118.31099999999998
2024-10-01,02G,68.5943,117.82
2024-11-01,02G,6.8624,118.19200000000001
2024-02-01,02G,258.25181,117.47
2021-06-01,02G,127.37512,113.919
2022-08-01,02G,86.07866999999999,115.779
2023-11-01,02G,88.08643,117.29499999999999
2025-03-01,02G,104.64853,118.27600000000002
2022-06-01,02G,46.28401,115.61200000000001
2025-08-01,02G,105.26154999999999,118.39199999999998
2023-02-01,02G,12.88048,116.686
2023-05-01,02G,176.29237999999998,116.84599999999999
2023-10-01,02G,294.76104000000004,117.07499999999999
2025-04-01,02G,55.758720000000004,118.29499999999999
2021-08-01,02G,102.71454999999999,113.83099999999999
2024-12-01,02H,177.36058,351.62699999999995
2024-06-01,02H,206.40949,349.4629999999999
2024-11-01,02H,227.56742000000003,351.4219999999999
2023-12-01,02H,241.50383999999997,347.0739999999999
2023-06-01,02H,218.35202999999998,343.65899999999993
2021-12-01,02H,444.8468,337.322
2025-07-01,02H,493.31365,352.6239999999999
2025-08-01,02H,230.12035,352.871
2022-02-01,02H,431.49362999999994,337.82700000000006
2025-04-01,02H,166.40834999999998,352.08000000000004
2022-07-01,02H,191.73243,339.26500000000004
2022-08-01,02H,287.57178999999996,339.6179999999999
2023-09-01,02H,204.53864,345.4640000000001
2025-06-01,02H,244.2348,352.34600000000006
2026-04-01,02H,161.89157,352.2050000000001
2024-10-01,02H,455.10978,351.0219999999998
2021-07-01,02H,333.69109,335.8619999999999
2023-05-01,02H,345.64884,343.19499999999994
2023-07-01,02H,89.03013000000001,344.37699999999984
2023-10-01,02H,388.84745,345.999
2023-02-01,02H,212.06176,341.7330000000002
2022-12-01,02H,430.15224,341.1459999999999
2025-11-01,02H,321.48088,352.43899999999996
2026-03-01,02H,75.51711,352.3090000000001
2025-01-01,02H,124.57086,351.74699999999996
2026-01-01,02H,306.8062,352.4630000000001
2024-08-01,02H,375.32429,350.366
2021-10-01,02H,544.05869,336.81800000000015
2021-06-01,02H,219.19649,335.583
2021-09-01,02H,463.30983999999995,336.54700000000014
2024-09-01,02H,107.23163,350.6889999999999
2023-01-01,02H,304.21487,341.35999999999996
2024-01-01,02H,97.37621999999999,347.522
2021-11-01,02H,180.21593000000001,337.0030000000001
2025-03-01,02H,298.30498,352.092
2024-05-01,02H,273.94266,349.18799999999993
2025-09-01,02H,366.57789,352.934
2022-06-01,02H,122.32233,338.92199999999997
2024-02-01,02H,114.20699,348.10300000000024
2023-03-01,02H,336.65645,342.21500000000015
2022-03-01,02H,166.85825,338.1789999999999
2023-11-01,02H,220.65217,346.484
2023-04-01,02H,95.40156999999999,342.601
2022-01-01,02H,403.54473,337.65000000000003
2022-05-01,02H,160.37604000000002,338.649
2025-12-01,02H,187.60302000000001,352.4530000000001
2026-02-01,02H,20.72102,352.34999999999997
2025-05-01,02H,364.87816,352.34100000000007
2022-11-01,02H,248.25415999999998,340.59399999999994
2024-07-01,02H,199.02498,349.94000000000005
2023-08-01,02H,289.02167999999995,345.01300000000003
2024-04-01,02H,197.40254,348.34899999999993
2024-03-01,02H,474.88878,348.3140000000001
2026-06-01,02H,344.54686,352.424
2021-08-01,02H,354.72859,336.205
2022-10-01,02H,156.57054,340.20099999999996
2025-02-01,02H,160.78705,352.04200000000003
2022-04-01,02H,199.18119,338.51599999999985
2026-05-01,02H,335.66555,352.47200000000004
2022-09-01,02H,269.18829999999997,340.00899999999996
2025-10-01,02H,576.16166,352.47799999999995
2022-07-01,02M,28.44708,182.99699999999999
2021-06-01,02M,70.12412,180.77399999999994
2023-05-01,02M,41.5174,184.335
2024-11-01,02M,68.24732,187.11800000000002
2023-03-01,02M,8.79247,184.23800000000003
2022-08-01,02M,28.432070000000003,183.226
2025-07-01,02M,34.68927,187.69899999999998
2023-08-01,02M,18.17003,184.80300000000003
2025-01-01,02M,19.8524,187.34200000000004
2023-11-01,02M,46.39497,185.331
2025-12-01,02M,24.6824,187.954
2024-10-01,02M,24.6824,186.844
2022-12-01,02M,27.084600000000002,184.06099999999998
2024-01-01,02M,32.41663,185.34299999999996
2026-04-01,02M,24.6724,188.11700000000002
2021-12-01,02M,98.69213,182.23899999999998
2022-05-01,02M,100.61991,182.63499999999996
2021-08-01,02M,129.67014,181.33400000000003
2022-01-01,02M,68.31143,182.369
2023-06-01,02M,32.357820000000004,184.35299999999998
2025-02-01,02M,24.6824,187.32500000000002
2025-11-01,02M,24.6824,187.807
2024-06-01,02M,18.88323,185.98000000000002
2023-07-01,02M,32.21651,184.58800000000002
2026-05-01,02M,24.6824,188.234
2024-08-01,02M,42.2358,186.277
2022-06-01,02M,28.46103,182.769
2025-03-01,02M,24.6824,187.44199999999998
2022-04-01,02M,32.3532,182.54
2023-09-01,02M,88.63327999999998,184.87000000000003
2021-11-01,02M,70.23847,182.032
2026-03-01,02M,24.6824,188.12999999999997
2024-02-01,02M,9.13958,185.44400000000002
2024-12-01,02M,24.6824,187.28799999999998
2026-01-01,02M,24.6824,187.98299999999998
2021-07-01,02M,89.84464,180.99
2022-02-01,02M,28.48228,182.41000000000003
2024-09-01,02M,24.6724,186.47200000000004
2022-03-01,02M,19.67897,182.52599999999998
2025-06-01,02M,24.6824,187.53
2024-07-01,02M,24.6824,186.127
2023-04-01,02M,23.24058,184.243
2022-11-01,02M,23.599,183.865
2021-10-01,02M,78.91371000000001,181.846
2023-01-01,02M,157.58847999999998,184.12099999999998
2021-09-01,02M,28.364359999999998,181.58700000000002
2024-05-01,02M,74.0472,185.744
2025-04-01,02M,24.6824,187.46300000000002
2024-03-01,02M,46.46459,185.50300000000001
2025-05-01,02M,24.6824,187.63099999999997
2022-09-01,02M,43.656110000000005,183.409
2026-02-01,02M,24.6824,188.13000000000002
2023-02-01,02M,28.95777,184.26699999999997
2025-12-01,02P,3082.82953,270.658
2024-09-01,02P,148.56762,270.49399999999997
2024-03-01,02P,2809.2461799999996,269.50199999999995
2026-01-01,02P,1457.0916,270.656
2023-03-01,02P,1476.17336,267.3170000000001
2024-04-01,02P,75.59667999999999,269.576
2022-11-01,02P,1450.39495,266.78799999999995
2026-05-01,02P,3186.29572,270.53000000000003
2025-02-01,02P,1507.8788,270.837
2022-02-01,02P,2810.9295300000003,265.224
2024-12-01,02P,2989.4988300000005,270.80699999999996
2025-08-01,02P,3005.98882,270.824
2021-07-01,02P,2960.4077099999995,264.76699999999994
2022-12-01,02P,1451.45827,267.054
2022-04-01,02P,1411.3731999999998,265.577
2022-03-01,02P,1436.8887300000001,265.401
2023-01-01,02P,1430.8606399999999,267.007
2025-06-01,02P,1698.0085999999997,270.78799999999995
2024-08-01,02P,1499.41658,270.358
2022-06-01,02P,1417.9883499999999,265.9699999999999
2024-02-01,02P,1452.07213,269.44
2022-10-01,02P,2760.9957100000006,266.62800000000004
2025-09-01,02P,3057.5031599999998,270.718
2024-01-01,02P,2978.1544599999997,269.19800000000004
2025-10-01,02P,1605.45811,270.7730000000001
2021-09-01,02P,2789.53903,264.88899999999995
2022-08-01,02P,1497.6809499999997,266.3669999999999
2023-08-01,02P,1448.6460999999997,268.423
2024-05-01,02P,4388.8929800000005,269.92199999999997
2026-02-01,02P,1633.5469199999998,270.57399999999996
2025-04-01,02P,2926.1240599999996,270.811
2022-07-01,02P,2740.18453,266.07099999999997
2024-11-01,02P,4429.886190000001,270.65
2023-12-01,02P,1412.6278399999999,269.115
2022-09-01,02P,1381.60393,266.55500000000006
2023-04-01,02P,2846.28173,267.5400000000001
2024-10-01,02P,1479.0480499999999,270.682
2024-07-01,02P,1498.65266,270.07199999999995
2025-11-01,02P,1542.5468899999998,270.658
2026-04-01,02P,1471.90111,270.51899999999995
2026-06-01,02P,1609.87743,270.323
2025-07-01,02P,1619.19347,270.759
2024-06-01,02P,1470.5525599999999,269.887
2023-09-01,02P,1445.1745999999998,268.621
2025-01-01,02P,1545.0641500000002,270.71200000000005
2023-02-01,02P,2893.15821,267.19199999999995
2021-11-01,02P,1454.74321,265.011
2026-03-01,02P,3102.7176699999995,270.46900000000005
2023-11-01,02P,1480.79322,268.911
2021-06-01,02P,3038.8592,264.502
2025-03-01,02P,90.07981,270.741
2023-10-01,02P,2890.60288,268.69
2023-05-01,02P,76.71662,267.708
2023-06-01,02P,1596.52582,267.858
2025-05-01,02P,1517.7116499999997,270.8690000000001
2023-07-01,02P,2817.0184500000005,268.191
2022-05-01,02P,2826.85477,265.68399999999997
2021-08-01,02P,1572.93904,264.89300000000003
2021-10-01,02P,1388.7730099999999,264.887
2022-01-01,02P,1405.23893,265.17
2021-12-01,02P,2782.64735,265.103
2023-01-01,02Q,139.33724999999998,123.708
2024-05-01,02Q,50.84345,126.64
2022-06-01,02Q,143.32738,122.423
2022-10-01,02Q,42.07164,123.19999999999999
2022-08-01,02Q,101.07679999999999,122.82399999999998
2021-09-01,02Q,82.14233,121.231
2023-10-01,02Q,108.66469000000001,125.40899999999999
2023-03-01,02Q,185.87434,124.06099999999999
2022-04-01,02Q,84.31226,122.10099999999998
2023-04-01,02Q,46.66412,124.247
2022-03-01,02Q,59.01212,121.99700000000001
2023-02-01,02Q,245.04775,123.888
2025-01-01,02Q,52.38042,127.96799999999999
2021-07-01,02Q,38.208,120.894
2022-09-01,02Q,84.22074,123.04899999999999
2025-10-01,02Q,1.83202,128.933
2022-01-01,02Q,42.1104,121.699
2021-06-01,02Q,85.30291,120.66799999999998
2023-09-01,02Q,139.06867,125.222
2023-08-01,02Q,46.43022,125.00599999999999
2021-10-01,02Q,41.53585,121.33099999999999
2022-11-01,02Q,143.24496,123.363
2026-05-01,02Q,67.22787,125.334
2023-07-01,02Q,46.44019,124.71799999999999
2025-07-01,02Q,65.13794,128.549
2022-02-01,02Q,42.17882,121.84700000000001
2023-05-01,02Q,46.68266,124.43000000000002
2021-08-01,02Q,99.03337,121.08000000000001
2026-02-01,02Q,67.22558,128.975
2024-02-01,02Q,100.8618,126.03
2025-04-01,02Q,52.38292,128.168
2021-12-01,02Q,131.1481,121.536
2023-12-01,02Q,50.32072,125.75299999999999
2022-05-01,02Q,42.14736,122.204
2023-06-01,02Q,155.80003,124.57
2022-12-01,02Q,139.03656,123.583
2024-07-01,02Q,52.38279,126.94299999999998
2022-07-01,02Q,42.12648,122.61599999999999
2025-11-01,02Q,67.22533,128.97
2025-09-01,02Q,1.83201,128.85299999999998
2021-11-01,02Q,47.22483,121.41299999999998
2024-10-01,02Q,52.38352,127.598
2024-09-01,02T,92.3301,225.44500000000002
2024-10-01,02T,353.80224,225.46800000000005
2026-01-01,02T,33.7972,225.79
2025-06-01,02T,9.8424,225.67
2022-01-01,02T,25.43668,222.30400000000006
2023-01-01,02T,38.37579,223.159
2024-08-01,02T,328.50868,225.267
2025-08-01,02T,10.0924,225.91600000000003
2021-08-01,02T,64.52258,222.46900000000002
2022-07-01,02T,32.8513,222.80900000000003
2024-03-01,02T,1847.74036,224.36100000000002
2023-09-01,02T,38.30266,224.01399999999995
2023-11-01,02T,28.86236,224.232
2026-03-01,02T,158.66843,225.426
2021-09-01,02T,29.315309999999997,222.56599999999995
2024-05-01,02T,2590.73349,224.813
2023-08-01,02T,12.75648,223.87399999999994
2026-04-01,02T,9.9824,225.28699999999998
2025-01-01,02T,23.6548,225.73699999999997
2021-06-01,02T,25.32035,222.343
2022-03-01,02T,10.54239,222.38600000000002
2024-06-01,02T,2130.15181,224.93700000000007
2025-12-01,02T,158.67062,225.84699999999998
2022-11-01,02T,25.46871,223.155
2023-06-01,02T,3.70678,223.573
2021-10-01,02T,54.76002,222.37600000000003
2022-05-01,02T,59.51699,222.683
2022-02-01,02T,19.11725,222.43200000000002
2026-05-01,02T,62.89401,225.234
2023-12-01,02T,64.02757,224.26000000000002
2024-07-01,02T,92.32925,225.11400000000003
2024-11-01,02T,544.2277700000001,225.575
2025-03-01,02T,331.75231,225.685
2022-12-01,02T,12.73341,223.187
2024-12-01,02T,353.68401,225.67499999999995
2021-12-01,02T,25.38112,222.22899999999996
2025-11-01,02T,3.45191,225.83299999999997
2025-04-01,02T,264.41615,225.72299999999996
2021-11-01,02T,19.04692,222.32599999999996
2025-02-01,02T,353.67801,225.83700000000002
2022-06-01,02X,135.57572,328.7900000000001
2025-10-01,02X,85.61805,341.33600000000007
2026-03-01,02X,168.19027999999997,340.7420000000001
2024-10-01,02X,142.96103000000002,339.2699999999999
2023-07-01,02X,161.87865,333.07300000000004
2023-06-01,02X,134.35453,332.556
2024-05-01,02X,136.97338,337.38999999999993
2023-11-01,02X,103.89590000000001,334.95100000000014
2026-06-01,02X,100.36387,340.47399999999993
2026-01-01,02X,109.7668,341.429
2021-06-01,02X,369.03263,326.148
2021-08-01,02X,337.70910000000003,326.87800000000016
2023-01-01,02X,113.69063,330.94399999999996
2025-08-01,02X,151.17201,341.0810000000001
2023-08-01,02X,190.77525,333.694
2021-11-01,02X,423.53303,327.09700000000004
2025-11-01,02X,51.08373,341.4560000000001
2025-07-01,02X,155.61574000000002,340.7359999999999
2025-09-01,02X,54.732730000000004,341.354
2026-04-01,02X,108.74513999999999,340.77600000000007
2021-09-01,02X,250.38056999999998,327.06100000000004
2021-12-01,02X,246.82803,327.297
2024-04-01,02X,120.17287,336.847
2022-07-01,02X,224.73757,329.0340000000001
2022-01-01,02X,314.60680999999994,327.5609999999999
2022-05-01,02X,187.65905999999998,328.283
2024-11-01,02X,99.05472,339.561
2023-05-01,02X,88.45147,332.067
2025-04-01,02X,91.24806000000001,340.26599999999996
2022-03-01,02X,348.03923999999995,328.002
2025-12-01,02X,133.34473,341.43300000000005
2024-12-01,02X,49.88076,339.81299999999993
2022-10-01,02X,39.30126,330.02899999999994
2023-04-01,02X,45.07218,331.8980000000001
2023-02-01,02X,155.56726,331.356
2024-06-01,02X,136.55348,337.8269999999999
2022-08-01,02X,185.07169000000002,329.4819999999999
2021-07-01,02X,329.45640000000003,326.629
2022-02-01,02X,157.35003,327.809
2024-01-01,02X,140.22462000000002,335.75800000000004
2026-02-01,02X,64.28432000000001,341.11100000000005
2023-12-01,02X,168.10515999999998,335.332
2022-11-01,02X,187.54721,330.472
2022-04-01,02X,229.62932,328.25500000000005
2024-02-01,02X,170.59336000000002,336.05999999999995
2023-03-01,02X,141.37088,331.603
2023-09-01,02X,133.82596999999998,334.135
2025-01-01,02X,94.58299,339.92400000000004
2025-03-01,02X,46.03657,340.02600000000007
2022-09-01,02X,193.2862,329.83299999999997
2025-06-01,02X,19.79218,340.52499999999986
2024-09-01,02X,114.34712,339.031
2026-05-01,02X,104.87941,340.716
2024-08-01,02X,211.06699999999998,338.7199999999999
2024-07-01,02X,33.44059,338.27000000000004
2022-12-01,02X,187.51164999999997,330.79600000000005
2021-10-01,02X,283.20817999999997,327.11600000000004
2024-03-01,02X,189.47823,336.49000000000007
2025-05-01,02X,179.59060999999997,340.42499999999995
2025-02-01,02X,142.83507,340.0519999999999
2023-10-01,02X,138.25513999999998,334.53100000000006
2025-03-01,02Y,122.73504,317.985
2022-05-01,02Y,45.99914,308.25999999999993
2022-08-01,02Y,87.43511,308.98800000000006
2023-06-01,02Y,62.395039999999995,311.77599999999995
2026-04-01,02Y,102.78414000000001,320.517
2024-08-01,02Y,44.326629999999994,316.179
2022-12-01,02Y,83.89784,310.48799999999994
2023-12-01,02Y,63.47139,313.514
2025-11-01,02Y,121.844,320.00800000000004
2025-09-01,02Y,102.53447999999999,319.685
2022-06-01,02Y,71.29963000000001,308.38499999999993
2023-04-01,02Y,149.97406999999998,311.3519999999999
2023-11-01,02Y,35.806079999999994,313.1790000000001
2022-11-01,02Y,43.983959999999996,310.174
2025-04-01,02Y,97.3131,318.2169999999999
2023-02-01,02Y,68.12152,310.79299999999995
2022-09-01,02Y,22.909480000000002,309.55500000000006
2025-01-01,02Y,70.71106999999999,317.465
2025-10-01,02Y,162.96012000000002,319.909
2024-02-01,02Y,49.77657,313.91700000000003
2022-07-01,02Y,44.0,308.64000000000004
2023-09-01,02Y,59.3641,312.946
2024-01-01,02Y,53.883950000000006,313.64400000000006
2021-10-01,02Y,55.19309,307.555
2023-08-01,02Y,112.38524,312.52599999999995
2021-09-01,02Y,34.59893,307.586
2025-07-01,02Y,161.47681,318.8670000000001
2025-02-01,02Y,38.37363,317.74699999999996
2026-02-01,02Y,310.16781999999995,320.215
2025-05-01,02Y,56.77877,318.424
2023-03-01,02Y,33.66391,311.08400000000006
2026-05-01,02Y,88.64437,320.75200000000007
2023-05-01,02Y,18.42831,311.552
2026-03-01,02Y,63.38110999999999,320.31600000000003
2024-05-01,02Y,91.09088,314.904
2024-12-01,02Y,80.27962,317.35599999999994
2024-10-01,02Y,66.76909,316.916
2021-07-01,02Y,95.58077,307.347
2024-09-01,02Y,90.83823,316.68500000000006
2025-06-01,02Y,48.128479999999996,318.57000000000005
2024-04-01,02Y,55.07097,314.47400000000005
2021-11-01,02Y,51.49098,307.5560000000001
2022-02-01,02Y,15.30059,307.857
2025-08-01,02Y,67.78699,319.40199999999993
2022-04-01,02Y,76.87498000000001,308.078
2024-11-01,02Y,35.03518,317.26499999999993
2023-10-01,02Y,63.29034,312.946
2022-01-01,02Y,21.301859999999998,307.77400000000006
2021-12-01,02Y,70.26662999999999,307.608
2022-10-01,02Y,22.8886,309.793
2026-01-01,02Y,79.2225,320.258
2024-07-01,02Y,64.40312,315.563
2021-06-01,02Y,85.22968999999999,307.3510000000001
2025-12-01,02Y,108.76352,320.127
2024-06-01,02Y,48.26369,315.163
2021-08-01,02Y,68.42468,307.52099999999996
2023-07-01,02Y,45.44714999999999,312.097
2024-03-01,02Y,66.86161,314.23199999999997
2023-01-01,02Y,46.147470000000006,310.5969999999999
2022-03-01,02Y,29.58906,307.946
2026-06-01,02Y,134.91647999999998,320.6069999999999
2022-10-01,03F,123.43624,307.56899999999996
2024-01-01,03F,140.26938,314.119
2025-05-01,03F,50.03436,314.704
2022-07-01,03F,94.92595,306.954
2023-08-01,03F,69.23947999999999,311.68100000000004
2025-07-01,03F,74.50347000000001,314.499
2025-01-01,03F,93.33224,314.923
2022-02-01,03F,87.98106,306.70899999999995
2023-02-01,03F,46.697590000000005,310.28599999999994
2023-04-01,03F,88.04522,311.03299999999996
2025-09-01,03F,75.40737,314.137
2025-04-01,03F,55.143789999999996,314.82099999999997
2021-11-01,03F,37.8283,305.13499999999993
2024-04-01,03F,143.56116,314.393
2024-03-01,03F,98.81577000000001,314.57699999999994
2022-04-01,03F,90.26703,307.1460000000001
2023-03-01,03F,122.69216,310.77000000000004
2023-09-01,03F,155.10626,311.5400000000001
2024-06-01,03F,163.73559,314.65600000000006
2022-09-01,03F,72.81788,306.89199999999994
2024-09-01,03F,242.89429,314.34999999999997
2026-05-01,03F,71.43227999999999,313.176
2021-10-01,03F,130.90096,304.485
2023-05-01,03F,110.14206,311.238
2025-10-01,03F,88.24474000000001,314.359
2021-06-01,03F,78.19171,303.8460000000001
2023-01-01,03F,142.65053,309.94800000000004
2021-12-01,03F,82.86491,306.184
2025-03-01,03F,68.90983,314.822
2022-08-01,03F,31.030099999999997,306.90799999999996
2026-03-01,03F,57.05616,313.6190000000001
2024-05-01,03F,81.08963,314.67699999999996
2023-11-01,03F,245.15260999999998,313.1249999999999
2023-12-01,03F,158.99388000000002,313.77299999999997
2024-11-01,03F,47.494479999999996,314.726
2022-05-01,03F,79.34648,306.959
2024-10-01,03F,111.78572999999999,314.507
2025-06-01,03F,78.60998000000001,314.609
2022-12-01,03F,46.57031,309.4560000000001
2026-04-01,03F,65.80304,313.432
2021-07-01,03F,243.27645,304.142
2025-08-01,03F,4.2401,314.31600000000003
2026-01-01,03F,70.04306,314.21200000000005
2022-03-01,03F,23.20545,306.976
2022-06-01,03F,35.18739,306.82800000000003
2026-02-01,03F,71.42987,313.98900000000003
2023-10-01,03F,58.425760000000004,311.995
2024-02-01,03F,82.75389,314.3279999999999
2025-11-01,03F,106.11713,314.485
2025-02-01,03F,34.95743,314.91499999999996
2024-07-01,03F,87.20505,314.498
2021-08-01,03F,130.72554,304.299
2024-08-01,03F,156.87402,314.40699999999987
2023-07-01,03F,93.9827,311.584
2025-12-01,03F,122.94207000000002,314.51800000000003
2022-11-01,03F,81.36406000000001,308.51800000000003
2021-09-01,03F,155.01709,304.24800000000005
2024-12-01,03F,54.4246,314.955
2026-06-01,03F,61.298919999999995,312.706
2022-01-01,03F,113.37506,306.59
2023-06-01,03F,99.73042000000001,311.395
2024-02-01,03H,126.05316,173.69599999999997
2023-06-01,03H,81.66056,172.819
2026-03-01,03H,26.45507,174.48199999999997
2022-07-01,03H,3797.1361,172.01099999999994
2025-09-01,03H,40.73784,174.79100000000003
2025-08-01,03H,13.57904,174.68800000000002
2026-01-01,03H,52.91047,174.669
2022-04-01,03H,3697.50718,171.735
2025-10-01,03H,81.83789,174.75100000000003
2022-09-01,03H,7468.10217,172.14599999999996
2023-10-01,03H,49.33333,173.224
2024-05-01,03H,122.30034,174.18199999999996
2022-01-01,03H,3707.3148,171.53600000000003
2022-11-01,03H,7506.47879,172.181
2024-07-01,03H,99.04355,174.433
2024-11-01,03H,55.2648,174.72
2026-04-01,03H,79.36641,174.561
2021-10-01,03H,4754.37894,171.188
2021-09-01,03H,3745.13007,171.22800000000004
2025-02-01,03H,13.19803,174.672
2024-08-01,03H,42.13126,174.65200000000002
2023-04-01,03H,54.45823,172.57000000000002
2025-06-01,03H,42.51133,174.70999999999995
2023-08-01,03H,81.28408999999999,173.03299999999996
2023-12-01,03H,118.02033999999999,173.417
2025-03-01,03H,68.4627,174.60099999999994
2025-01-01,03H,39.53055,174.715
2022-10-01,03H,48.06049,172.07100000000005
2021-12-01,03H,8320.20165,171.453
2024-06-01,03H,11.78317,174.28099999999995
2022-03-01,03H,3803.64991,171.725
2021-08-01,03H,56.90643,171.06400000000005
2021-11-01,03H,121.63158,171.329
2021-06-01,03H,3785.70297,170.74599999999995
2022-05-01,03H,3804.99388,171.75599999999997
2023-03-01,03H,27.12122,172.554
2026-06-01,03H,26.45602,174.56
2022-06-01,03H,3750.85882,171.85300000000004
2024-03-01,03H,34.98865,173.89000000000004
2024-10-01,03H,85.84479999999999,174.691
2025-05-01,03H,13.57882,174.68200000000004
2025-11-01,03H,26.45481,174.76099999999997
2023-01-01,03H,92.93201,172.364
2022-12-01,03H,3817.94486,172.35200000000003
2023-02-01,03H,123.96273000000001,172.42899999999997
2024-09-01,03H,99.04366999999999,174.71300000000002
2022-08-01,03H,3750.4028,172.09500000000003
2021-07-01,03H,280.08537,170.989
2024-12-01,03H,84.1848,174.703
2025-07-01,03H,27.15807,174.64299999999997
2024-01-01,03H,83.25816,173.58699999999996
2026-02-01,03H,108.29711999999999,174.48699999999997
2023-05-01,03H,54.49228,172.662
2025-12-01,03H,52.91087,174.65999999999997
2023-09-01,03H,108.2102,173.156
2024-04-01,03H,40.71559,173.90800000000002
2022-02-01,03H,3927.3243700000003,171.68200000000002
2026-05-01,03H,55.38821,174.65
2021-09-01,03K,35.34425,183.406
2025-08-01,03K,23.81144,185.722
2026-06-01,03K,255.49143,184.45200000000003
2024-08-01,03K,148.3933,185.39600000000002
2022-04-01,03K,67.14236,183.81599999999997
2024-10-01,03K,135.19516,185.583
2024-05-01,03K,136.1171,184.932
2023-05-01,03K,106.06172,183.795
2022-10-01,03K,39.98957,183.842
2026-02-01,03K,195.35474000000002,185.03300000000004
2022-05-01,03K,104.74164,183.74900000000002
2024-12-01,03K,214.31624999999997,185.725
2024-02-01,03K,122.83561,184.64099999999996
2025-10-01,03K,36.68514,185.61700000000002
2025-05-01,03K,23.81122,185.69799999999995
2021-06-01,03K,90.70394999999999,182.77899999999997
2023-12-01,03K,95.2223,184.38799999999995
2023-06-01,03K,92.29512999999999,183.86699999999996
2023-01-01,03K,81.29556,183.84799999999998
2022-03-01,03K,48.14221,183.79100000000005
2023-10-01,03K,118.5189,184.346
2024-03-01,03K,64.35861,184.72199999999998
2025-02-01,03K,13.19803,185.724
2024-11-01,03K,135.18822,185.66600000000003
2025-07-01,03K,137.85605,185.72199999999998
2023-08-01,03K,82.27993000000001,184.23499999999999
2025-01-01,03K,191.91676999999999,185.65700000000004
2023-02-01,03K,138.04325,183.766
2022-01-01,03K,83.79691,183.59300000000002
2025-12-01,03K,262.70277,185.386
2025-09-01,03K,56.44469,185.76100000000005
2021-12-01,03K,33.36219,183.49299999999997
2023-03-01,03K,85.65362,183.78600000000003
2026-01-01,03K,229.02894,185.32800000000003
2024-06-01,03K,168.14827,185.014
2023-09-01,03K,148.95616,184.349
2025-06-01,03K,178.56711,185.76399999999995
2025-04-01,03K,66.67543,185.702
2023-07-01,03K,79.28409,184.001
2024-04-01,03K,163.41230000000002,184.777
2026-04-01,03K,195.35868,184.90900000000002
2026-03-01,03K,364.25674,184.837
2022-06-01,03K,77.67429000000001,183.80899999999994
2025-03-01,03K,180.10298000000003,185.69800000000004
2021-08-01,03K,36.75182,183.16500000000002
2022-08-01,03K,21.07068,183.781
2025-11-01,03K,63.14202,185.54999999999998
2022-02-01,03K,21.10801,183.732
2022-12-01,03K,105.34987,183.865
2023-04-01,03K,111.37573,183.812
2024-01-01,03K,95.46763999999999,184.41299999999998
2022-09-01,03K,40.02627,183.833
2026-05-01,03K,229.03368000000003,184.721
2021-11-01,03K,137.66894,183.448
2024-09-01,03K,135.19456000000002,185.56
2024-07-01,03K,56.06291,185.223
2022-11-01,03K,50.57828,183.865
2023-11-01,03K,165.02695000000003,184.226
2021-07-01,03K,36.72274,182.97699999999998
2022-12-01,03L,140.23732,268.705
2021-09-01,03L,194.61318,266.063
2023-10-01,03L,302.11423,271.604
2022-04-01,03L,273.4794,267.038
2026-02-01,03L,339.88725,277.00199999999995
2022-10-01,03L,210.75281999999999,268.19100000000003
2024-05-01,03L,355.05851,273.36300000000006
2026-05-01,03L,362.31881,276.818
2025-04-01,03L,232.04713000000004,276.06199999999995
2023-04-01,03L,109.18135000000001,269.6700000000001
2024-07-01,03L,370.08071,274.099
2026-04-01,03L,282.8276,276.93899999999996
2024-11-01,03L,372.65767,275.179
2021-08-01,03L,353.52021,265.89799999999997
2025-06-01,03L,201.47516000000002,276.225
2021-12-01,03L,290.77168,266.487
2023-12-01,03L,216.8245,272.119
2023-02-01,03L,132.62415000000001,269.05999999999995
2024-06-01,03L,278.96360000000004,273.819
2025-01-01,03L,190.07762,275.61
2022-03-01,03L,180.67540999999994,266.77599999999995
2023-06-01,03L,147.0908,270.241
2025-07-01,03L,485.55099999999993,276.42600000000004
2021-10-01,03L,231.82765,266.33399999999995
2024-08-01,03L,362.17365000000007,274.34400000000005
2026-03-01,03L,251.20481,276.935
2024-12-01,03L,253.36588,275.36899999999997
2025-10-01,03L,277.68505000000005,276.894
2024-10-01,03L,401.65799,274.79799999999994
2024-03-01,03L,191.98928,272.81399999999996
2025-08-01,03L,186.36135,276.717
2026-01-01,03L,298.80533,276.944
2026-06-01,03L,328.34293,276.65400000000005
2021-11-01,03L,201.15005000000002,266.426
2025-12-01,03L,420.54728,276.96899999999994
2025-05-01,03L,173.46848,275.9579999999999
2023-09-01,03L,217.65222999999997,271.261
2022-05-01,03L,271.35549000000003,267.087
2023-11-01,03L,329.56455,271.80100000000004
2022-08-01,03L,240.0258,267.572
2025-02-01,03L,257.41234,275.809
2025-03-01,03L,133.35938000000002,275.919
2025-11-01,03L,384.75351,277.0399999999999
2022-11-01,03L,360.02857,268.47999999999996
2023-08-01,03L,126.89317,271.01300000000003
2025-09-01,03L,230.0096,276.861
2023-05-01,03L,124.52289999999999,269.96
2024-04-01,03L,379.22709000000003,273.038
2023-01-01,03L,387.02823,268.77
2022-07-01,03L,296.48928,267.573
2022-01-01,03L,413.83689000000004,266.59399999999994
2022-06-01,03L,225.91097,267.346
2022-09-01,03L,277.09731000000005,267.85600000000005
2024-01-01,03L,185.89646000000002,272.343
2023-07-01,03L,208.80901,270.56800000000004
2024-09-01,03L,238.87354,274.59599999999995
2021-06-01,03L,280.33697,265.27
2022-02-01,03L,208.48874,266.744
2024-02-01,03L,198.72977,272.68399999999997
2023-03-01,03L,185.24597,269.32700000000006
2021-07-01,03L,313.27888,265.6880000000001
2024-09-01,03N,357.03567,636.7029999999999
2022-08-01,03N,425.43563,618.5889999999998
2022-02-01,03N,514.13271,619.6070000000002
2022-01-01,03N,614.67161,619.466
2023-06-01,03N,353.57966999999996,630.8559999999997
2025-10-01,03N,531.17807,640.1659999999998
2023-07-01,03N,374.08565999999996,630.5580000000001
2022-07-01,03N,310.46729,619.1350000000001
2023-09-01,03N,102.37053,630.0019999999997
2021-11-01,03N,735.82811,620.3229999999999
2026-05-01,03N,548.0795,632.65
2023-02-01,03N,254.41258,630.2970000000003
2025-08-01,03N,286.76057,635.4820000000003
2025-06-01,03N,412.26230999999996,637.1809999999998
2025-12-01,03N,452.72994000000006,639.2649999999999
2022-09-01,03N,484.4206900000001,618.666
2024-04-01,03N,294.07196999999996,638.435
2025-01-01,03N,393.58471,641.4479999999999
2024-12-01,03N,309.60402999999997,641.7210000000002
2025-11-01,03N,757.1749100000001,639.9079999999999
2026-06-01,03N,703.42376,631.016
2023-05-01,03N,235.40953000000002,630.776
2024-02-01,03N,201.37158,639.0640000000001
2021-10-01,03N,650.8247400000001,618.3340000000003
2021-07-01,03N,737.05053,613.2430000000002
2026-04-01,03N,545.02509,634.2800000000001
2021-06-01,03N,850.2503299999998,613.4869999999997
2024-01-01,03N,329.35898000000003,638.7779999999998
2025-03-01,03N,306.71837,640.6110000000002
2026-02-01,03N,454.55198000000007,636.7960000000002
2025-04-01,03N,583.40752,639.99
2023-03-01,03N,411.55233999999996,630.6860000000003
2023-04-01,03N,247.34744,630.6019999999997
2023-10-01,03N,216.77997000000002,638.0750000000003
2022-03-01,03N,408.28578999999996,618.415
2024-10-01,03N,382.75190999999995,640.9719999999999
2024-03-01,03N,519.88849,638.7339999999999
2026-01-01,03N,634.5030999999999,638.3969999999999
2022-10-01,03N,638.44367,624.993
2024-06-01,03N,444.35444,638.2620000000001
2024-11-01,03N,385.57418,641.6259999999997
2024-07-01,03N,310.40489,637.6160000000001
2021-12-01,03N,798.67489,621.0970000000001
2022-11-01,03N,229.98909,628.6879999999998
2023-11-01,03N,104.52606,638.7479999999999
2026-03-01,03N,404.36886000000004,635.652
2023-12-01,03N,174.90429,639.1620000000001
2025-09-01,03N,443.77045,634.8250000000002
2022-12-01,03N,327.03477000000004,629.524
2022-06-01,03N,213.32881000000003,619.0760000000001
2022-05-01,03N,696.7834,618.7179999999998
2025-02-01,03N,309.07516,641.0200000000001
2021-08-01,03N,853.0920399999999,612.762
2023-01-01,03N,244.05868000000004,629.4649999999999
2024-08-01,03N,332.40626,636.9499999999996
2023-08-01,03N,343.92482000000007,630.317
2021-09-01,03N,701.74775,612.4730000000001
2022-04-01,03N,595.65496,618.8540000000002
2025-07-01,03N,273.20619999999997,636.4070000000002
2024-05-01,03N,303.00966,638.613
2025-05-01,03N,369.3913999999999,639.3780000000002
2024-06-01,03Q,43.5709,251.56799999999996
2021-11-01,03Q,143.7375,250.07999999999998
2023-08-01,03Q,27.09883,250.317
2025-09-01,03Q,28.9324,248.40400000000002
2024-08-01,03Q,72.50381,250.49699999999999
2022-12-01,03Q,281.24280999999996,250.133
2025-03-01,03Q,72.50066000000001,251.966
2022-06-01,03Q,126.41684,250.347
2024-03-01,03Q,103.53858,252.34799999999998
2023-04-01,03Q,468.43293,251.06199999999995
2025-12-01,03Q,177.19218999999998,250.19
2022-10-01,03Q,241.24014,247.872
2022-04-01,03Q,258.54195,251.032
2023-02-01,03Q,278.13385000000005,250.97899999999998
2022-01-01,03Q,92.01056,251.05800000000002
2024-12-01,03Q,43.56942,253.12099999999998
2022-09-01,03Q,66.39639,247.524
2023-11-01,03Q,92.30238,251.48499999999999
2024-05-01,03Q,123.38067,251.692
2026-03-01,03Q,28.9324,248.90300000000005
2024-04-01,03Q,123.38085,251.819
2025-10-01,03Q,43.57294,249.87099999999998
2023-01-01,03Q,503.85491,250.696
2025-05-01,03Q,72.50366,251.30100000000004
2023-12-01,03Q,76.25228,252.75799999999998
2026-06-01,03Q,44.9656,247.60999999999999
2021-07-01,03Q,87.00624,249.479
2021-06-01,03Q,512.92616,249.624
2021-10-01,03Q,348.58566,248.024
2022-05-01,03Q,218.48602,250.857
2026-05-01,03Q,44.96524,248.2
2021-12-01,03Q,204.14775,251.2
2022-02-01,03Q,92.12504999999999,251.166
2026-01-01,03Q,73.89667,249.902
2021-09-01,03Q,144.67212,248.176
2023-07-01,03Q,162.52207,250.844
2023-03-01,03Q,229.20907999999997,251.104
2024-10-01,03Q,43.57167,251.27999999999997
2022-03-01,03Q,258.14034999999996,251.23499999999999
2025-04-01,03Q,43.57116,251.56799999999998
2025-02-01,03Q,43.56868,252.49500000000003
2025-07-01,03Q,43.57193,250.08400000000006
2024-11-01,03Q,101.43404000000001,252.678
2025-06-01,03Q,43.57161,250.939
2025-01-01,03Q,43.56908,253.16099999999997
2026-02-01,03Q,44.96371,249.26300000000003
2024-07-01,03Q,43.57106,251.076
2025-11-01,03Q,55.387209999999996,250.05499999999998
2022-07-01,03Q,192.77643,248.02999999999997
2021-08-01,03Q,100.32445,248.985
2024-01-01,03Q,27.27411,253.007
2023-05-01,03Q,209.18703,251.009
2023-06-01,03Q,163.23986000000002,251.033
2024-02-01,03Q,41.94448,252.961
2026-04-01,03Q,44.96466,248.571
2023-10-01,03Q,23.22413,250.23699999999997
2022-08-01,03Q,165.63493,247.601
2026-06-01,03R,317.34819,399.4540000000001
2021-10-01,03R,10.39326,387.26499999999993
2022-05-01,03R,52.6811,388.71799999999996
2025-11-01,03R,581.7825399999999,400.82899999999995
2023-06-01,03R,11.67062,393.205
2025-09-01,03R,135.6936,400.65500000000003
2022-03-01,03R,84.27708999999999,388.365
2021-12-01,03R,181.71623,387.757
2024-11-01,03R,118.68461,399.17600000000004
2024-04-01,03R,205.15569,397.06900000000013
2024-12-01,03R,118.68509,399.362
2025-08-01,03R,27.15808,400.4039999999999
2023-01-01,03R,5.24037,391.34400000000005
2024-09-01,03R,118.69064,399.0890000000001
2022-10-01,03R,63.11367,390.56200000000007
2025-10-01,03R,79.35821999999999,400.73599999999993
2026-04-01,03R,343.80949,399.78700000000003
2022-01-01,03R,115.80669,387.856
2024-10-01,03R,118.69121,399.041
2023-12-01,03R,128.18125,395.78499999999997
2025-12-01,03R,132.25239,400.61999999999995
2022-07-01,03R,54.09495,389.52700000000004
2021-08-01,03R,50.17462,386.7179999999999
2022-09-01,03R,31.59827,390.2300000000001
2024-05-01,03R,278.06013,397.57600000000014
2022-12-01,03R,57.9288,391.13999999999993
2025-01-01,03R,553.8635700000001,399.5119999999999
2026-02-01,03R,343.80218999999994,400.156
2024-06-01,03R,176.59874000000002,398.104
2025-07-01,03R,13.57903,400.162
2025-04-01,03R,271.35268,399.859
2026-05-01,03R,290.90227999999996,399.746
2025-06-01,03R,13.57893,400.025
2024-03-01,03R,209.88231,396.6689999999999
2023-04-01,03R,174.95635,392.3909999999999
2024-07-01,03R,131.8883,398.481
2026-01-01,03R,581.79196,400.42
2022-11-01,03R,73.73071999999999,390.88800000000003
2022-08-01,03R,105.25419,389.787
2024-08-01,03R,316.52459,398.92
2026-03-01,03R,290.89419,399.969
2025-02-01,03R,290.12109000000004,399.6670000000001
2021-06-01,03R,47.69054,385.87199999999996
2022-04-01,03R,170.06548999999998,388.57099999999986
2025-03-01,03R,39.5937,399.71799999999996
2023-08-01,03R,38.46281,394.211
2023-03-01,03R,58.08263,391.9720000000001
2023-11-01,03W,260.331,357.399
2025-08-01,03W,367.77051,361.63700000000006
2023-04-01,03W,492.61604,355.62399999999997
2022-08-01,03W,306.59797,354.15999999999997
2024-06-01,03W,308.2706,359.20099999999996
2022-09-01,03W,27.03093,354.65299999999996
2022-04-01,03W,358.24651,352.258
2023-07-01,03W,259.56514,355.55499999999995
2025-09-01,03W,57.152010000000004,362.00200000000007
2024-12-01,03W,461.54211,359.783
2026-06-01,03W,533.0276600000001,361.90299999999996
2022-07-01,03W,400.12094,353.82800000000003
2021-10-01,03W,166.93864,346.4529999999999
2022-12-01,03W,278.92103,354.53799999999995
2022-10-01,03W,302.73489,354.813
2022-01-01,03W,149.75944,348.594
2026-03-01,03W,335.89538,361.8090000000001
2026-02-01,03W,282.24953000000005,361.903
2024-08-01,03W,342.23053,359.91999999999996
2022-06-01,03W,370.23232,353.287
2024-10-01,03W,389.40641,360.586
2023-05-01,03W,225.59476,355.74600000000004
2021-12-01,03W,163.31470000000002,347.22499999999997
2026-01-01,03W,275.05318,362.0799999999999
2025-11-01,03W,230.09758000000002,362.09800000000007
2024-11-01,03W,157.58505,360.8740000000001
2022-03-01,03W,377.72328,351.707
2025-01-01,03W,500.00800000000004,359.942
2024-03-01,03W,419.76462000000004,358.009
2024-09-01,03W,303.32604000000003,360.42300000000006
2023-02-01,03W,228.27382,355.1060000000001
2023-03-01,03W,243.91978,355.347
2022-05-01,03W,124.20624000000001,352.67799999999994
2023-06-01,03W,426.49199000000004,355.91300000000007
2023-01-01,03W,224.44963,354.74100000000004
2023-08-01,03W,270.8048,356.1
2026-05-01,03W,396.73789,361.92500000000007
2024-01-01,03W,237.51844999999997,357.5039999999999
2021-06-01,03W,160.48531,344.76
2021-07-01,03W,85.9649,345.213
2025-03-01,03W,748.6462200000001,360.23100000000005
2023-10-01,03W,85.14385,357.041
2024-02-01,03W,295.82627,357.82899999999995
2023-09-01,03W,467.66775,356.896
2022-11-01,03W,443.75033,354.63899999999995
2021-09-01,03W,122.83751000000001,346.01500000000004
2026-04-01,03W,306.98552,361.907
2021-11-01,03W,83.59784,346.797
2025-07-01,03W,121.37687,361.1859999999999
2022-02-01,03W,138.66655,351.1020000000001
2024-04-01,03W,183.6756,358.325
2025-10-01,03W,254.38314000000003,362.04099999999994
2023-12-01,03W,528.50285,357.59799999999996
2025-04-01,03W,252.21344,360.342
2021-08-01,03W,153.17124,345.596
2025-12-01,03W,361.60245999999995,362.05299999999994
2024-05-01,03W,568.81812,358.73499999999996
2025-06-01,03W,853.3268800000001,360.895
2025-02-01,03W,368.20092999999997,360.11899999999997
2024-07-01,03W,580.26141,359.5479999999999
2025-07-01,04C,177.61744,449.18400000000014
2022-04-01,04C,37.62105,427.1430000000002
2026-02-01,04C,298.90046,446.682
2024-11-01,04C,199.81178999999997,450.0120000000001
2021-06-01,04C,38.099689999999995,422.20299999999986
2022-12-01,04C,383.60734,433.74099999999993
2026-03-01,04C,1084.36163,445.72400000000016
2022-10-01,04C,34.85356,427.77599999999995
2022-02-01,04C,29.67125,426.303
2023-04-01,04C,7.2982,437.21700000000004
2022-05-01,04C,10.54614,426.93299999999994
2024-10-01,04C,161.56404,448.72800000000007
2021-07-01,04C,19.04235,422.43699999999984
2024-02-01,04C,241.48051999999998,448.757
2024-07-01,04C,161.62828,449.79
2021-11-01,04C,40.06451,423.7680000000001
2022-08-01,04C,10.53534,426.86299999999994
2024-12-01,04C,289.19921,450.36299999999994
2023-07-01,04C,107.40078,438.79100000000005
2023-05-01,04C,653.4705,437.421
2022-09-01,04C,91.87953,427.1250000000001
2025-03-01,04C,145.06534,449.9789999999999
2024-06-01,04C,184.61821,449.7490000000001
2021-08-01,04C,73.20766,422.13999999999993
2025-10-01,04C,81.25294000000001,448.51700000000005
2025-05-01,04C,177.51692,449.50300000000004
2025-08-01,04C,130.11944,448.6
2024-01-01,04C,244.10344,447.37600000000015
2025-04-01,04C,213.00448999999998,450.159
2025-12-01,04C,541.14681,449.004
2025-06-01,04C,134.35848,449.374
2022-11-01,04C,51.40733,430.82300000000004
2024-03-01,04C,136.20301,449.261
2023-08-01,04C,131.31085,439.373
2023-09-01,04C,127.47031,439.61600000000004
2023-12-01,04C,155.37272,446.24799999999993
2026-01-01,04C,329.82068,448.21100000000007
2026-06-01,04C,406.15521,442.3930000000001
2022-06-01,04C,40.1952,427.219
2024-04-01,04C,52.025890000000004,449.456
2022-01-01,04C,83.92157,425.86299999999994
2026-04-01,04C,345.71468,444.85999999999984
2023-06-01,04C,136.77375999999998,438.431
2022-07-01,04C,90.58315,427.056
2023-11-01,04C,176.84396,444.567
2022-03-01,04C,31.614759999999997,426.72700000000003
2025-09-01,04C,171.74812,447.78599999999994
2024-05-01,04C,255.70618,449.85600000000005
2026-05-01,04C,335.93078999999994,443.493
2023-02-01,04C,127.79088,435.491
2021-09-01,04C,43.36825,421.8970000000001
2024-09-01,04C,166.69556,449.01200000000006
2023-10-01,04C,216.42708,441.2629999999998
2025-02-01,04C,153.07342,450.439
2025-01-01,04C,173.42721,450.4170000000001
2023-03-01,04C,259.43935,436.583
2024-08-01,04C,157.32306000000003,449.36999999999983
2021-12-01,04C,29.55675,424.60999999999996
2025-11-01,04C,589.7906,449.41399999999993
2026-05-01,04V,1741.7417799999998,425.25700000000006
2021-09-01,04V,63.32329,404.5630000000001
2024-12-01,04V,47.17255,422.936
2023-04-01,04V,45.06276,414.6559999999999
2022-11-01,04V,39.05347,412.86299999999994
2025-09-01,04V,792.7670999999999,423.8569999999999
2024-11-01,04V,62.1148,422.552
2025-05-01,04V,128.36840999999998,423.7949999999999
2024-08-01,04V,88.92605999999999,420.3599999999999
2025-07-01,04V,1686.95608,423.86299999999994
2025-10-01,04V,785.31645,424.869
2023-08-01,04V,52.14348,415.418
2026-02-01,04V,1017.21363,425.29899999999986
2021-12-01,04V,38.02015,408.123
2023-03-01,04V,77.41411000000001,414.45400000000006
2023-10-01,04V,32.08543,416.24
2025-12-01,04V,1003.85565,425.39200000000005
2025-04-01,04V,504.58645,423.9249999999999
2024-06-01,04V,13.1987,420.30800000000005
2023-01-01,04V,106.06443,413.86
2023-02-01,04V,44.87893,414.18799999999993
2023-06-01,04V,45.054069999999996,415.0870000000001
2022-02-01,04V,40.98053,408.5230000000001
2024-07-01,04V,47.16355,420.53199999999975
2024-04-01,04V,54.96113,419.9170000000001
2023-05-01,04V,32.25534,414.83700000000016
2024-03-01,04V,45.0467,419.54900000000004
2026-04-01,04V,1115.8592,425.40200000000004
2023-07-01,04V,122.02112,415.2540000000001
2022-03-01,04V,70.83947,408.7579999999999
2024-09-01,04V,117.08557,420.427
2021-07-01,04V,63.33706,404.7180000000001
2022-09-01,04V,58.07212,410.12299999999993
2024-10-01,04V,33.9648,421.52600000000007
2022-01-01,04V,139.62543,408.2530000000001
2021-11-01,04V,139.21208000000001,407.41799999999995
2022-06-01,04V,31.788489999999996,409.90199999999993
2023-12-01,04V,110.75148999999999,418.15000000000015
2022-08-01,04V,38.05505,409.88999999999993
2026-01-01,04V,1783.07608,425.4359999999999
2026-03-01,04V,1029.81223,425.40900000000005
2021-10-01,04V,37.95502,406.8630000000001
2026-06-01,04V,1136.2251099999999,424.82200000000006
2025-01-01,04V,94.51485,423.167
2024-01-01,04V,64.31846999999999,418.4300000000001
2025-08-01,04V,894.20287,423.587
2025-02-01,04V,206.44831,423.5849999999999
2025-03-01,04V,186.10413000000003,423.826
2022-04-01,04V,31.79517,409.2159999999999
2024-05-01,04V,60.36214,420.34599999999995
2022-12-01,04V,115.83977,413.665
2024-02-01,04V,76.48119,419.128
2021-06-01,04V,101.17832,404.52699999999993
2023-09-01,04V,44.766909999999996,415.60099999999994
2025-11-01,04V,1814.91307,425.4220000000001
2022-05-01,04V,69.77943,409.44099999999986
2025-06-01,04V,135.31011999999998,423.96400000000006
2023-11-01,04V,25.85006,417.489
2022-10-01,04V,70.73788,411.9799999999999
2022-07-01,04V,19.03755,410.14599999999996
2023-12-01,04Y,137.34849,139.185
2026-06-01,04Y,154.64822,140.62800000000001
2025-01-01,04Y,149.41738999999998,140.45799999999997
2024-11-01,04Y,83.47655,140.35000000000002
2023-04-01,04Y,116.6541,137.19000000000003
2025-08-01,04Y,157.41214000000002,140.756
2026-01-01,04Y,445.55201999999997,140.754
2023-08-01,04Y,58.03468,137.96499999999997
2023-07-01,04Y,136.84742,137.72299999999998
2024-02-01,04Y,79.2623,139.522
2022-09-01,04Y,52.63486,136.532
2023-09-01,04Y,99.37344999999999,138.941
2021-10-01,04Y,176.49946,135.84500000000006
2022-07-01,04Y,157.96499,136.286
2023-06-01,04Y,79.14824999999999,137.50300000000001
2024-06-01,04Y,97.45582999999999,139.991
2023-11-01,04Y,79.03274,139.222
2023-02-01,04Y,58.08789,136.91700000000003
2022-10-01,04Y,52.58646,136.582
2025-06-01,04Y,89.56581,140.54899999999998
2022-11-01,04Y,52.65063,136.69299999999998
2022-08-01,04Y,52.6271,136.40800000000002
2022-03-01,04Y,52.66233,136.029
2024-09-01,04Y,83.48078000000001,140.27500000000003
2024-05-01,04Y,70.64925,139.866
2021-09-01,04Y,205.33103999999997,135.87300000000002
2025-02-01,04Y,149.41603,140.49800000000002
2021-08-01,04Y,250.84832,135.83
2023-05-01,04Y,79.21169,137.367
2024-10-01,04Y,189.02305,140.251
2025-05-01,04Y,157.40961000000001,140.51899999999998
2024-01-01,04Y,79.29303999999999,139.31600000000003
2021-11-01,04Y,156.72424,135.87199999999999
2022-12-01,04Y,139.03656,136.744
2024-04-01,04Y,151.77837,139.65699999999998
2022-02-01,04Y,52.72042,136.02900000000002
2025-09-01,04Y,89.56811,140.82
2024-12-01,04Y,166.95376,140.40200000000004
2025-10-01,04Y,153.93553,140.734
2022-05-01,04Y,52.6811,136.11599999999999
2025-04-01,04Y,85.38028,140.43100000000004
2025-12-01,04Y,154.64481999999998,140.725
2025-07-01,04Y,89.56648,140.72199999999998
2025-11-01,04Y,419.09000000000003,140.697
2022-06-01,04Y,52.68092,136.217
2022-04-01,04Y,52.69206,136.111
2021-12-01,04Y,157.26587999999998,135.952
2026-03-01,04Y,154.64269000000002,140.55000000000004
2024-07-01,04Y,149.42415999999997,140.084
2023-10-01,04Y,78.79294,139.069
2025-03-01,04Y,83.47466,140.45500000000004
2024-08-01,04Y,83.48069,140.189
2021-07-01,04Y,47.7569,135.72
2026-05-01,04Y,132.22943,140.642
2026-04-01,04Y,419.10049000000004,140.57399999999998
2026-02-01,04Y,22.41679,140.655
2023-03-01,04Y,58.08263,137.113
2024-03-01,04Y,86.83916,139.65
2022-01-01,04Y,52.6349,135.943
2021-06-01,04Y,47.69054,135.648
2021-06-01,05D,243.54404,146.82
2022-03-01,05D,189.56454,148.094
2024-07-01,05D,190.14195,153.933
2024-10-01,05D,81.0924,154.37500000000003
2022-09-01,05D,205.9845,149.17000000000002
2026-05-01,05D,110.75897,155.04399999999998
2021-07-01,05D,171.65322,147.163
2025-11-01,05D,86.7724,155.305
2024-02-01,05D,117.80856999999999,152.93699999999995
2023-02-01,05D,159.08623,150.24500000000003
2021-09-01,05D,266.8943,147.58300000000003
2023-06-01,05D,27.22432,151.11200000000002
2023-09-01,05D,116.90992,151.91899999999998
2025-08-01,05D,167.8648,155.347
2023-11-01,05D,449.44504,152.16
2021-11-01,05D,354.48314,147.622
2024-03-01,05D,439.89707000000004,153.06799999999998
2022-08-01,05D,302.76635,148.904
2022-04-01,05D,435.90609,148.111
2024-04-01,05D,134.88193,153.144
2024-12-01,05D,81.0924,154.833
2022-10-01,05D,107.25227000000001,149.30700000000002
2023-10-01,05D,344.73465,152.03500000000003
2022-12-01,05D,216.9222,149.867
2026-06-01,05D,86.7724,154.74099999999999
2024-05-01,05D,105.94908,153.539
2024-08-01,05D,199.78292,154.21900000000002
2022-11-01,05D,233.38747,149.577
2023-04-01,05D,437.57541,150.64900000000003
2023-01-01,05D,129.78406,149.96
2022-05-01,05D,287.66002000000003,148.241
2022-01-01,05D,258.54697,147.75799999999998
2025-03-01,05D,86.7724,155.035
2021-08-01,05D,336.29715999999996,147.399
2022-07-01,05D,197.65447999999998,148.635
2025-06-01,05D,81.0924,155.13700000000003
2023-07-01,05D,156.87318,151.428
2023-12-01,05D,132.0614,152.367
2023-05-01,05D,117.73334,150.949
2023-08-01,05D,131.55133,151.637
2021-12-01,05D,413.88641,147.669
2023-03-01,05D,104.53882,150.55700000000002
2024-06-01,05D,105.94932,153.69099999999997
2026-03-01,05D,86.7848,154.97599999999997
2024-01-01,05D,12.7259,152.66899999999998
2026-01-01,05D,3.45196,155.24800000000002
2021-10-01,05D,326.16150999999996,147.604
2022-06-01,05D,218.79397,148.453
2024-11-01,05D,81.0924,154.57600000000005
2022-02-01,05D,460.80012999999997,147.971
2025-12-01,05G,781.01384,231.27
2021-06-01,05G,327.49243,216.96699999999996
2024-03-01,05G,213.18464,231.35900000000004
2022-07-01,05G,286.90721,217.78000000000003
2023-09-01,05G,287.57981,230.42999999999998
2026-02-01,05G,300.83585,231.31799999999996
2024-05-01,05G,257.5194,231.361
2025-06-01,05G,206.07519000000002,231.08099999999996
2025-08-01,05G,206.38405,230.84899999999996
2023-11-01,05G,262.29734,230.91699999999997
2026-01-01,05G,62.84168,231.321
2024-07-01,05G,293.17827,231.13100000000006
2021-08-01,05G,433.08222,216.795
2026-03-01,05G,475.9929,231.133
2025-10-01,05G,165.36822,231.374
2021-11-01,05G,448.96636,217.87300000000002
2021-10-01,05G,293.00045,217.70199999999997
2026-04-01,05G,305.22702000000004,230.94299999999998
2024-12-01,05G,314.75604,231.00799999999998
2022-05-01,05G,230.56993,217.91399999999993
2025-03-01,05G,365.36994,230.98
2024-04-01,05G,230.38782,231.25100000000003
2025-05-01,05G,497.93,230.95200000000006
2022-01-01,05G,192.65594,218.14899999999997
2025-11-01,05G,742.4467500000001,231.38100000000003
2022-09-01,05G,155.79569,217.64699999999993
2024-02-01,05G,194.20265,231.27699999999996
2023-06-01,05G,375.67041,230.421
2026-05-01,05G,197.73876,230.78000000000003
2023-01-01,05G,350.35787,218.51699999999997
2022-03-01,05G,239.39998000000003,218.06
2022-06-01,05G,308.73575999999997,217.88200000000003
2024-11-01,05G,435.33143,231.41200000000003
2022-11-01,05G,241.89274999999998,218.327
2022-08-01,05G,124.87353999999999,217.689
2026-06-01,05G,179.42240999999999,230.53899999999996
2022-02-01,05G,309.00811999999996,218.089
2025-09-01,05G,43.57273,230.98899999999995
2024-10-01,05G,279.07430999999997,231.294
2022-12-01,05G,231.89,218.45900000000003
2024-09-01,05G,76.20352,230.87
2023-03-01,05G,213.70191,218.50500000000002
2024-01-01,05G,238.03916999999998,231.21
2025-01-01,05G,408.9459,230.98600000000002
2023-12-01,05G,215.50301000000002,231.11300000000003
2025-07-01,05G,441.54971,230.909
2021-07-01,05G,310.83122,216.84500000000006
2023-05-01,05G,257.87131,218.6
2022-10-01,05G,283.1223,218.396
2023-02-01,05G,150.71464,218.441
2021-12-01,05G,277.13858999999997,218.049
2024-06-01,05G,315.1549,231.263
2022-04-01,05G,92.76171,218.049
2023-07-01,05G,246.42483,230.32200000000006
2024-08-01,05G,234.45333,231.00700000000003
2025-02-01,05G,48.89354,230.95700000000005
2023-04-01,05G,296.75004,218.628
2021-09-01,05G,328.24161,216.93300000000002
2025-04-01,05G,162.80913,231.00099999999995
2023-10-01,05G,431.74914,230.77999999999992
2023-08-01,05G,232.46985,230.374
2023-05-01,05Q,576.91137,220.78799999999998
2023-08-01,05Q,192.91124,221.30900000000003
2026-02-01,05Q,34.00868,224.15699999999998
2025-05-01,05Q,182.25581,223.41900000000004
2022-08-01,05Q,159.46848999999997,219.17399999999998
2025-08-01,05Q,116.53920000000001,223.843
2024-01-01,05Q,71.82778,221.08299999999997
2021-11-01,05Q,291.17241,217.58599999999996
2024-02-01,05Q,1022.81926,221.096
2021-12-01,05Q,121.09744999999998,217.664
2024-07-01,05Q,959.78864,221.97699999999995
2022-11-01,05Q,134.28338,219.69500000000002
2022-07-01,05Q,73.18003999999999,218.99500000000006
2022-02-01,05Q,330.19183,218.01799999999997
2023-06-01,05Q,116.18288999999999,220.98799999999997
2023-10-01,05Q,191.99788,220.75300000000001
2024-11-01,05Q,87.06951000000001,222.43800000000005
2025-07-01,05Q,87.61657,223.671
2025-09-01,05Q,58.68477,223.99200000000002
2023-07-01,05Q,120.26626,221.12800000000001
2023-11-01,05Q,215.42449000000002,220.90000000000003
2022-12-01,05Q,62.6415,219.81999999999996
2026-05-01,05Q,59.71475,224.16500000000002
2025-04-01,05Q,210.58189,223.234
2024-12-01,05Q,173.84204,222.74599999999998
2022-01-01,05Q,489.39478999999994,217.80499999999998
2025-06-01,05Q,164.70368000000002,223.47
2026-01-01,05Q,68.21525,224.118
2024-10-01,05Q,109.14689,222.328
2023-02-01,05Q,159.25781,220.22899999999998
2022-04-01,05Q,86.81805,218.383
2024-08-01,05Q,32.97873,222.22600000000006
2025-03-01,05Q,58.684309999999996,223.023
2023-01-01,05Q,345.79803000000004,219.93299999999996
2024-03-01,05Q,434.08615,221.15100000000004
2024-05-01,05Q,64.0565,221.62900000000002
2022-09-01,05Q,123.71867,219.44300000000004
2026-06-01,05Q,120.79489000000001,224.154
2026-03-01,05Q,136.81369,224.12699999999995
2021-06-01,05Q,229.26703,216.55300000000008
2022-06-01,05Q,78.66067,218.79299999999998
2022-10-01,05Q,100.09158000000001,219.50200000000004
2025-10-01,05Q,99.05467000000002,224.10899999999998
2021-07-01,05Q,366.49889,216.769
2023-03-01,05Q,83.22264000000001,220.54800000000003
2022-03-01,05Q,468.04932,218.15700000000004
2024-09-01,05Q,167.63356,222.33500000000006
2021-08-01,05Q,465.66501999999997,217.05800000000005
2025-11-01,05Q,59.71011,224.09600000000006
2021-10-01,05Q,195.68155000000002,217.564
2023-09-01,05Q,82.89459,220.636
2026-04-01,05Q,140.03118999999998,224.076
2025-02-01,05Q,58.68899,222.94900000000004
2022-05-01,05Q,293.65889000000004,218.49
2023-12-01,05Q,209.4522,221.04900000000004
2025-12-01,05Q,109.23187,224.104
2024-04-01,05Q,179.74917,221.23499999999999
2025-01-01,05Q,65.89614,222.797
2024-06-01,05Q,196.35554000000002,221.82500000000002
2023-04-01,05Q,43.26074,220.763
2021-09-01,05Q,217.45217999999997,217.281
2024-06-01,05V,21.33718,155.765
2025-11-01,05V,383.32073,157.173
2023-11-01,05V,251.36612,155.083
2024-04-01,05V,195.30474,155.44400000000002
2023-07-01,05V,101.53335,154.488
2022-11-01,05V,131.79212,153.10999999999999
2024-10-01,05V,50.608239999999995,156.305
2025-06-01,05V,126.45433999999999,156.78199999999998
2026-01-01,05V,109.44936999999999,157.03699999999998
2022-06-01,05V,279.21166,152.561
2026-04-01,05V,64.90538,156.638
2025-10-01,05V,76.62253,157.207
2026-03-01,05V,73.43062,156.846
2025-09-01,05V,89.51602,157.14799999999997
2024-02-01,05V,398.0066,155.284
2025-03-01,05V,100.08293,156.5
2022-07-01,05V,175.05176,152.62699999999998
2024-07-01,05V,95.54373000000001,155.81700000000004
2022-12-01,05V,250.72804,153.221
2023-08-01,05V,176.32379,154.731
2023-05-01,05V,109.06274,153.98900000000003
2024-03-01,05V,201.48722,155.346
2022-03-01,05V,121.30377,152.11199999999997
2021-12-01,05V,71.33246,151.82500000000002
2024-01-01,05V,374.46689999999995,155.231
2022-01-01,05V,146.32993,151.851
2022-08-01,05V,168.53582999999998,152.786
2021-10-01,05V,47.09028,151.477
2025-07-01,05V,95.57754,156.936
2021-07-01,05V,89.96012,151.13300000000004
2026-02-01,05V,82.99312,156.96099999999998
2025-01-01,05V,185.30582000000004,156.481
2025-08-01,05V,107.99709,157.06799999999998
2024-11-01,05V,94.01529000000001,156.394
2023-03-01,05V,254.65223999999998,153.693
2025-04-01,05V,144.18718,156.682
2025-12-01,05V,162.33629,157.12300000000005
2023-09-01,05V,224.20695999999998,154.89999999999998
2023-06-01,05V,356.63524,154.185
2024-09-01,05V,137.49939999999998,156.18099999999998
2024-08-01,05V,204.35598000000002,156.06300000000002
2022-05-01,05V,61.316050000000004,152.36100000000002
2021-06-01,05V,88.17918,151.016
2026-06-01,05V,154.29759,156.30300000000003
2021-08-01,05V,142.2445,151.265
2023-12-01,05V,58.25969,155.195
2022-10-01,05V,198.79244,153.023
2024-05-01,05V,97.4701,155.645
2024-12-01,05V,72.9177,156.442
2026-05-01,05V,117.08825999999999,156.573
2023-02-01,05V,235.17311,153.464
2025-02-01,05V,81.33773,156.49699999999999
2021-11-01,05V,66.52134000000001,151.65399999999997
2025-05-01,05V,101.15564,156.721
2023-10-01,05V,228.13429,154.958
2022-09-01,05V,93.88275000000002,152.988
2022-04-01,05V,41.292480000000005,152.256
2022-02-01,05V,68.69209000000001,151.99200000000002
2023-01-01,05V,153.00373000000002,153.29200000000003
2023-04-01,05V,122.92271,153.78499999999997
2021-09-01,05V,113.39586000000001,151.395
2025-03-01,05W,644.6411699999999,300.48400000000004
2024-08-01,05W,157.13019,298.72999999999996
2025-06-01,05W,1104.9904999999999,300.851
2026-01-01,05W,2901.47807,301.137
2022-08-01,05W,242.69229,298.91
2025-02-01,05W,229.41417,300.3669999999999
2024-06-01,05W,131.20315000000002,298.10900000000004
2022-12-01,05W,81.73195,300.78700000000003
2021-08-01,05W,108.34802,296.555
2024-04-01,05W,55.15709,297.0110000000001
2023-01-01,05W,98.33181,301.2730000000001
2025-05-01,05W,74.49941,300.817
2024-11-01,05W,68.73057,299.475
2026-05-01,05W,2485.83641,299.677
2021-11-01,05W,376.43757999999997,296.9830000000001
2023-05-01,05W,252.31351999999998,303.074
2021-10-01,05W,194.28157000000002,296.761
2022-10-01,05W,45.088570000000004,299.3150000000001
2024-01-01,05W,105.73821000000001,295.68799999999993
2025-11-01,05W,1030.60143,301.602
2024-02-01,05W,68.40785,296.49399999999997
2022-07-01,05W,129.48189,298.61800000000005
2026-03-01,05W,372.09527,300.238
2021-09-01,05W,329.49494,296.598
2024-07-01,05W,165.07573,298.44700000000006
2023-12-01,05W,203.98349,295.172
2023-03-01,05W,177.81593,302.048
2025-08-01,05W,675.23525,301.18399999999997
2022-02-01,05W,155.56252999999998,297.61999999999995
2022-11-01,05W,208.91451,300.005
2021-12-01,05W,238.35376,297.36199999999997
2023-08-01,05W,120.81189,292.724
2022-09-01,05W,98.30077,298.99
2023-02-01,05W,72.65881999999999,301.623
2025-01-01,05W,166.12385,300.23599999999993
2026-02-01,05W,210.50017000000003,300.5909999999999
2023-11-01,05W,186.84865,294.5299999999999
2025-04-01,05W,812.43587,300.63199999999995
2021-06-01,05W,208.63475000000003,296.509
2023-07-01,05W,195.09778,292.29499999999996
2024-09-01,05W,53.106359999999995,298.981
2023-09-01,05W,201.11443,293.248
2022-03-01,05W,100.42689,297.8250000000001
2026-04-01,05W,1456.74578,300.033
2023-06-01,05W,238.56527,291.823
2022-04-01,05W,341.16093,298.11400000000003
2022-06-01,05W,369.56549000000007,298.5559999999999
2024-12-01,05W,180.72445999999997,299.95099999999996
2025-07-01,05W,1283.23524,300.83299999999997
2023-04-01,05W,201.46051,302.52599999999995
2026-06-01,05W,1883.72498,299.302
2024-03-01,05W,97.66933000000002,296.788
2025-10-01,05W,1999.1216900000002,301.58
2022-05-01,05W,43.83785,298.329
2024-05-01,05W,105.34550999999999,297.771
2025-12-01,05W,1185.6708099999998,301.381
2023-10-01,05W,169.14211,293.81800000000004
2024-10-01,05W,206.30799000000002,299.31
2022-01-01,05W,230.60104,297.506
2021-07-01,05W,222.64219000000003,296.549
2025-09-01,05W,648.79017,301.1840000000001
2025-04-01,06H,828.3928000000001,1056.5549999999998
2024-10-01,06H,893.6452200000002,1050.6809999999996
2023-07-01,06H,1212.2331700000002,1037.018
2023-04-01,06H,613.9908999999999,1032.874
2021-08-01,06H,452.86291,1001.6300000000001
2022-01-01,06H,331.45482,1011.6809999999998
2025-05-01,06H,396.58353999999997,1056.8869999999993
2022-06-01,06H,816.6270599999999,1016.6010000000003
2024-12-01,06H,928.5808000000001,1055.168
2024-02-01,06H,454.01078000000007,1045.9779999999998
2022-10-01,06H,527.18921,1023.0809999999998
2023-09-01,06H,614.75674,1038.3509999999999
2022-03-01,06H,251.28019,1013.211
2023-10-01,06H,351.75694999999996,1039.48
2022-11-01,06H,1526.1443700000002,1026.88
2024-11-01,06H,343.69866,1054.3159999999996
2022-08-01,06H,362.78038999999995,1019.3399999999999
2025-03-01,06H,775.2766,1056.5620000000004
2025-11-01,06H,1131.30369,1059.8760000000002
2021-06-01,06H,671.37843,996.965
2024-05-01,06H,1192.4887800000001,1048.2610000000002
2022-12-01,06H,639.5222,1028.705
2026-04-01,06H,1476.2989200000002,1055.0869999999995
2025-12-01,06H,1065.2558199999999,1059.53
2021-07-01,06H,350.13176,1000.0229999999998
2024-01-01,06H,3716.97075,1045.0999999999997
2026-06-01,06H,639.48763,1050.311
2023-11-01,06H,1491.7954700000003,1042.8670000000002
2023-12-01,06H,406.02113,1044.6880000000003
2022-02-01,06H,482.27689,1012.384
2026-02-01,06H,837.66945,1057.3399999999997
2023-06-01,06H,878.9294900000001,1035.1440000000005
2025-07-01,06H,920.51218,1058.018
2026-01-01,06H,814.7485399999999,1059.4199999999998
2021-12-01,06H,583.4303600000001,1010.2180000000002
2025-06-01,06H,1027.6510400000002,1057.4479999999999
2024-08-01,06H,1212.5014899999999,1049.702
2022-07-01,06H,270.58471999999995,1018.157
2021-09-01,06H,479.63468,1002.4359999999995
2023-08-01,06H,1101.7297099999998,1038.1129999999998
2025-10-01,06H,631.8225199999999,1058.2310000000002
2026-05-01,06H,424.38251,1053.3840000000005
2023-05-01,06H,1120.1314300000001,1033.6429999999996
2024-09-01,06H,899.4074599999999,1050.2569999999998
2022-09-01,06H,793.9512799999999,1020.9880000000002
2025-09-01,06H,892.1788799999999,1058.0279999999998
2025-02-01,06H,311.00192000000004,1056.564
2023-02-01,06H,526.83761,1031.469
2025-08-01,06H,432.27647,1058.4059999999997
2021-11-01,06H,361.75952000000007,1008.0740000000004
2023-03-01,06H,128.28533,1032.3459999999995
2025-01-01,06H,534.96511,1055.8789999999997
2024-04-01,06H,646.92573,1047.0110000000002
2024-07-01,06H,343.79172,1049.422
2022-04-01,06H,335.05728999999997,1013.985
2021-10-01,06H,516.06509,1004.3229999999996
2026-03-01,06H,729.1644800000001,1056.0469999999998
2024-03-01,06H,1101.80918,1046.3629999999998
2022-05-01,06H,359.11428000000006,1014.8039999999997
2023-01-01,06H,457.19664000000006,1029.644
2024-06-01,06H,760.95861,1048.915
2024-12-01,06K,640.04886,635.383
2021-08-01,06K,496.91574,615.2459999999999
2024-09-01,06K,340.15265,633.546
2024-01-01,06K,432.24958000000004,629.4630000000002
2024-08-01,06K,716.59294,633.4150000000001
2021-12-01,06K,864.34731,616.235
2026-03-01,06K,1029.31061,636.386
2022-04-01,06K,431.00678000000005,616.9079999999997
2023-09-01,06K,443.83686000000006,626.4469999999998
2023-06-01,06K,436.64354,624.2079999999999
2021-09-01,06K,487.56661,615.713
2023-02-01,06K,278.19911,621.4169999999998
2025-02-01,06K,266.65578,635.6610000000001
2024-02-01,06K,535.0295900000001,630.2639999999998
2024-10-01,06K,493.15107,634.3960000000001
2026-04-01,06K,682.6991599999999,636.2699999999999
2022-02-01,06K,493.84858,617.0380000000002
2022-03-01,06K,428.04877000000005,617.16
2024-04-01,06K,201.83160999999998,631.8520000000001
2024-05-01,06K,354.09130000000005,632.4430000000001
2025-11-01,06K,675.54342,638.117
2023-03-01,06K,457.6776,622.283
2023-07-01,06K,230.60225999999997,624.6920000000001
2025-05-01,06K,547.3715,636.2620000000001
2023-04-01,06K,310.49337,622.9800000000001
2023-10-01,06K,425.99137,626.8349999999999
2022-11-01,06K,631.91543,619.5289999999999
2023-12-01,06K,755.24632,629.066
2025-09-01,06K,286.92008999999996,637.279
2022-05-01,06K,537.88677,616.8030000000001
2025-10-01,06K,816.67917,637.946
2022-01-01,06K,697.1071400000001,616.4630000000001
2025-03-01,06K,471.95315999999997,635.867
2022-07-01,06K,832.2141300000001,617.6839999999997
2026-01-01,06K,925.33218,637.6220000000001
2025-07-01,06K,493.09740999999997,636.7850000000001
2021-07-01,06K,486.35112000000004,614.7160000000001
2022-10-01,06K,285.62937,618.405
2022-08-01,06K,190.26470999999998,617.939
2023-08-01,06K,808.48378,625.6500000000001
2021-10-01,06K,530.8806,615.5160000000002
2023-01-01,06K,705.15345,620.619
2025-12-01,06K,1526.7465300000001,637.8420000000001
2025-08-01,06K,535.0892299999999,637.1390000000001
2021-11-01,06K,519.8889,616.0050000000001
2024-06-01,06K,536.7674900000001,632.5630000000001
2026-05-01,06K,932.34425,635.903
2022-12-01,06K,278.78527,620.2159999999999
2023-05-01,06K,307.43376,623.3190000000002
2023-11-01,06K,411.7648,628.2239999999998
2022-06-01,06K,607.1759299999999,617.206
2021-06-01,06K,425.05109,613.5430000000001
2025-01-01,06K,578.03593,635.2130000000001
2025-06-01,06K,401.25413000000003,636.511
2026-06-01,06K,1462.7010999999998,635.497
2022-09-01,06K,820.7940100000001,618.0550000000001
2024-11-01,06K,278.85032,635.172
2025-04-01,06K,315.23303999999996,635.935
2026-02-01,06K,944.1684000000002,636.9
2024-07-01,06K,457.07434000000006,632.869
2024-03-01,06K,505.23859000000004,631.2530000000003
2021-10-01,06L,799.13875,409.15400000000005
2025-07-01,06L,267.12094,419.942
2023-03-01,06L,592.57231,413.188
2021-07-01,06L,38.0847,408.0279999999999
2025-02-01,06L,834.1148099999999,418.8
2024-08-01,06L,10.2324,417.711
2022-06-01,06L,543.61384,410.77000000000004
2022-09-01,06L,826.72788,411.82800000000003
2023-09-01,06L,65.50755000000001,415.03000000000003
2025-11-01,06L,46.16635,419.923
2024-12-01,06L,20.4648,418.37499999999994
2022-07-01,06L,879.6990999999999,411.23600000000005
2026-04-01,06L,10.2324,418.56
2021-11-01,06L,887.43821,409.1799999999999
2021-12-01,06L,620.5918499999999,409.411
2022-04-01,06L,1893.03844,410.281
2022-03-01,06L,696.50352,410.125
2021-08-01,06L,46.934,408.66800000000006
2023-06-01,06L,193.87030000000001,413.7439999999999
2024-07-01,06L,845.4860399999999,417.33
2026-01-01,06L,10.2324,419.5739999999998
2025-05-01,06L,1001.99977,419.4150000000001
2023-07-01,06L,35.6419,414.26300000000003
2026-06-01,06L,1594.2448000000002,417.62999999999994
2023-10-01,06L,1585.00239,415.239
2022-01-01,06L,57.584019999999995,409.801
2025-01-01,06L,827.95079,418.53000000000003
2023-01-01,06L,30.808639999999997,412.79200000000003
2024-02-01,06L,155.48068999999998,416.0740000000001
2024-09-01,06L,51.491299999999995,418.0130000000001
2025-04-01,06L,10.2324,419.15799999999996
2021-06-01,06L,53.523669999999996,407.547
2024-05-01,06L,1285.9524000000001,416.67399999999986
2024-10-01,06L,1625.2838499999998,418.0139999999999
2021-09-01,06L,781.93123,409.1889999999999
2026-03-01,06L,223.16090000000003,418.7909999999999
2023-04-01,06L,254.33448,413.36199999999997
2024-04-01,06L,819.26762,416.3599999999999
2023-12-01,06L,120.48033000000001,415.6010000000001
2025-03-01,06L,216.1551,418.9059999999999
2024-11-01,06L,849.45273,418.25800000000004
2022-05-01,06L,90.20432,410.46
2022-02-01,06L,110.35600000000001,409.982
2023-11-01,06L,2368.17625,415.42699999999996
2024-03-01,06L,801.61347,416.2700000000001
2024-06-01,06L,204.30030000000002,416.9869999999999
2022-08-01,06L,90.11207999999999,411.56299999999993
2025-10-01,06L,10.2324,420.09799999999996
2025-06-01,06L,815.45322,419.643
2025-09-01,06L,10.2324,420.484
2023-08-01,06L,9.59078,414.616
2024-01-01,06L,1468.6863,415.8929999999999
2022-12-01,06L,591.00319,412.381
2025-08-01,06L,1607.45332,420.384
2025-12-01,06L,1594.2448000000002,419.8459999999999
2026-02-01,06L,210.74464000000003,419.23300000000006
2022-11-01,06L,799.04799,411.96900000000005
2026-05-01,06L,10.2324,418.177
2022-10-01,06L,249.73085,411.77
2023-02-01,06L,385.62466,413.0919999999999
2023-05-01,06L,39.51219,413.4550000000001
2022-06-01,06N,376.38100000000003,670.7199999999998
2021-07-01,06N,678.9727999999999,664.601
2022-03-01,06N,762.31989,669.123
2025-04-01,06N,637.7415000000001,692.7930000000001
2024-04-01,06N,607.3199,686.7740000000001
2025-07-01,06N,1390.5908699999998,693.7500000000001
2024-06-01,06N,754.8722999999999,688.1179999999997
2024-08-01,06N,494.63139,690.3620000000003
2024-05-01,06N,995.7457199999999,687.6659999999999
2023-02-01,06N,608.7175000000001,676.9580000000002
2023-07-01,06N,514.57056,680.8580000000003
2021-12-01,06N,1424.66993,667.79
2024-01-01,06N,535.11717,685.344
2023-01-01,06N,681.45246,676.0409999999999
2021-11-01,06N,702.2877700000001,667.1410000000001
2023-09-01,06N,840.1717,683.1750000000003
2026-06-01,06N,752.71021,690.1430000000001
2026-02-01,06N,247.6571,692.4019999999999
2024-12-01,06N,1073.7652799999998,691.7480000000002
2025-03-01,06N,558.4310200000001,692.5960000000003
2026-04-01,06N,1600.89511,691.477
2022-08-01,06N,911.25977,672.439
2025-05-01,06N,574.1735300000001,692.9970000000001
2022-07-01,06N,760.47974,671.716
2021-08-01,06N,1477.96264,665.6909999999999
2025-09-01,06N,1249.11567,694.7259999999999
2022-04-01,06N,661.0572799999999,669.7539999999999
2022-10-01,06N,744.1491900000001,674.087
2024-09-01,06N,561.80358,690.5920000000001
2023-08-01,06N,509.8433,682.1170000000001
2023-04-01,06N,288.0991599999999,678.374
2022-11-01,06N,859.8635099999999,674.6470000000002
2023-05-01,06N,2629.19078,679.0659999999997
2026-01-01,06N,799.33126,693.3910000000001
2022-09-01,06N,723.83681,673.874
2025-02-01,06N,475.43495,692.7380000000002
2023-06-01,06N,419.4472,679.9789999999999
2024-07-01,06N,970.0370000000001,689.499
2024-02-01,06N,1027.87087,685.7779999999997
2023-11-01,06N,194.58751,684.1589999999998
2021-06-01,06N,1011.33624,663.0379999999999
2024-03-01,06N,488.56558000000007,686.2470000000002
2026-03-01,06N,560.90923,691.645
2024-11-01,06N,416.84267000000006,691.2410000000001
2025-06-01,06N,212.20731,693.4059999999997
2023-03-01,06N,457.53938,677.78
2024-10-01,06N,699.3050400000001,690.576
2022-02-01,06N,861.0413499999999,669.0080000000002
2025-10-01,06N,122.46200999999999,694.3330000000001
2022-05-01,06N,1399.13019,670.001
2023-10-01,06N,828.3809200000001,683.1969999999999
2022-12-01,06N,511.73239,675.2439999999999
2025-08-01,06N,371.22023999999993,694.302
2026-05-01,06N,702.80939,691.041
2022-01-01,06N,703.26203,668.49
2021-09-01,06N,613.8158599999999,666.9689999999998
2021-10-01,06N,461.19534,666.9889999999999
2025-01-01,06N,453.81075999999996,692.192
2023-12-01,06N,1339.9488700000002,684.8830000000002
2025-12-01,06N,924.1608099999999,693.6930000000002
2025-11-01,06N,552.2716200000001,694.158
2024-07-01,06Q,202.04899999999998,419.201
2022-11-01,06Q,190.79417,408.7770000000001
2024-06-01,06Q,1232.48902,418.66799999999995
2023-01-01,06Q,323.19671,409.75100000000003
2026-05-01,06Q,721.9677399999999,426.591
2021-09-01,06Q,306.68987000000004,403.44800000000004
2023-10-01,06Q,151.71294,414.12800000000004
2025-09-01,06Q,385.50186,426.1040000000001
2022-06-01,06Q,176.87815,406.25400000000013
2023-06-01,06Q,282.22392,411.82399999999996
2021-12-01,06Q,166.48655000000002,404.099
2023-03-01,06Q,318.12808,410.6529999999999
2022-07-01,06Q,169.99015999999997,406.95099999999996
2021-06-01,06Q,168.71301999999997,401.581
2025-04-01,06Q,356.65441999999996,423.3860000000001
2024-04-01,06Q,147.25015,418.09600000000006
2022-04-01,06Q,114.30166,405.3610000000001
2024-03-01,06Q,38.89022,417.66
2025-03-01,06Q,155.16025000000002,423.26
2023-11-01,06Q,166.52124,414.94399999999996
2022-02-01,06Q,289.29491,404.622
2023-02-01,06Q,250.02586,410.22500000000014
2021-07-01,06Q,118.56436,402.24399999999997
2026-04-01,06Q,637.98859,426.7460000000001
2025-11-01,06Q,447.60472,426.4790000000001
2024-01-01,06Q,423.67065999999994,416.44699999999995
2024-08-01,06Q,343.22456999999997,419.77000000000004
2025-10-01,06Q,476.13124999999997,426.28800000000007
2023-04-01,06Q,124.77468999999999,411.03800000000007
2024-09-01,06Q,226.5638,420.317
2023-08-01,06Q,161.8784,413.172
2025-06-01,06Q,204.97995999999998,424.287
2021-08-01,06Q,524.84263,402.894
2022-08-01,06Q,77.17801999999999,407.50099999999986
2021-10-01,06Q,202.94357,403.70700000000005
2025-02-01,06Q,347.17879,422.9279999999998
2023-09-01,06Q,260.44248,413.9329999999999
2022-03-01,06Q,706.41307,404.88199999999995
2026-02-01,06Q,296.55859,426.248
2024-12-01,06Q,150.3564,421.95899999999995
2024-11-01,06Q,513.45971,421.26699999999994
2022-05-01,06Q,270.85303,405.78900000000016
2025-08-01,06Q,99.45186000000001,425.38100000000003
2022-10-01,06Q,222.95036,408.26300000000015
2022-12-01,06Q,415.60209,409.508
2026-03-01,06Q,154.32962,426.2660000000001
2022-01-01,06Q,497.3054000000001,404.25100000000003
2022-09-01,06Q,240.12858,407.97099999999995
2026-06-01,06Q,669.24775,426.47199999999987
2023-12-01,06Q,544.0662299999999,415.9079999999998
2025-01-01,06Q,352.07518,422.34600000000006
2024-05-01,06Q,173.85869,418.60600000000005
2024-02-01,06Q,85.55182,417.17600000000004
2023-05-01,06Q,184.22441,411.36199999999997
2021-11-01,06Q,219.33342,403.93700000000007
2025-07-01,06Q,137.57150000000001,424.55200000000013
2024-10-01,06Q,203.77445,420.82700000000006
2025-12-01,06Q,561.5627000000001,426.363
2026-01-01,06Q,325.4946699999999,426.28999999999996
2025-05-01,06Q,454.93281,423.8879999999999
2025-06-01,06T,114.67960000000001,380.252
2025-08-01,06T,84.69720000000001,380.672
2024-09-01,06T,157.92505,377.21999999999997
2022-05-01,06T,57.15017,366.033
2023-02-01,06T,140.78698,370.29299999999995
2022-08-01,06T,152.91658999999999,366.669
2022-09-01,06T,57.10029,366.795
2023-11-01,06T,178.71573,373.54
2023-09-01,06T,347.09315,372.74
2021-11-01,06T,113.96295,363.51899999999995
2025-01-01,06T,27.8824,379.20099999999996
2023-06-01,06T,284.75,371.62800000000004
2025-10-01,06T,86.7972,381.1230000000001
2021-12-01,06T,168.21344,364.58199999999994
2021-06-01,06T,466.27979,361.981
2023-01-01,06T,35.43391,369.519
2024-05-01,06T,116.512,376.50200000000007
2022-03-01,06T,135.85878,365.51800000000003
2023-12-01,06T,173.96578,374.71099999999996
2022-04-01,06T,81.83945,365.777
2024-04-01,06T,204.53009,375.991
2021-10-01,06T,210.89029000000002,362.8320000000001
2023-03-01,06T,169.02661,370.58900000000006
2022-12-01,06T,126.62511999999998,369.02600000000007
2026-02-01,06T,28.9324,381.57399999999996
2026-06-01,06T,108.27565,380.76
2023-05-01,06T,207.4383,371.224
2024-08-01,06T,84.9672,377.16599999999994
2025-05-01,06T,85.7472,380.137
2025-09-01,06T,115.7296,380.932
2023-08-01,06T,143.08418,372.41900000000004
2024-03-01,06T,197.39933000000002,375.643
2022-11-01,06T,88.5352,367.81300000000005
2026-03-01,06T,55.38747,381.465
2025-07-01,06T,128.25863,380.3829999999999
2022-06-01,06T,215.18032,366.27700000000004
2022-02-01,06T,200.40614,365.2899999999999
2021-09-01,06T,259.58966999999996,362.78
2025-04-01,06T,54.9848,379.9320000000001
2024-07-01,06T,89.9996,377.021
2024-10-01,06T,77.7644,377.12800000000004
2022-01-01,06T,168.83478000000002,365.0260000000001
2024-11-01,06T,81.8254,378.42300000000006
2023-04-01,06T,185.33396,370.926
2024-02-01,06T,285.23132,375.50299999999993
2023-10-01,06T,244.2163,372.5679999999999
2024-12-01,06T,68.6272,379.074
2025-02-01,06T,54.9848,379.517
2021-08-01,06T,333.49850000000004,362.5110000000001
2026-04-01,06T,28.9324,381.47099999999995
2022-07-01,06T,157.90014000000002,366.6020000000001
2024-01-01,06T,248.36045000000001,375.07500000000005
2022-10-01,06T,120.14934999999998,366.92700000000013
2025-11-01,06T,28.9324,381.7660000000001
2023-07-01,06T,168.69248,372.101
2021-07-01,06T,44.96969,362.14700000000005
2025-03-01,06T,27.8824,379.6570000000001
2026-01-01,06T,82.8572,382.03299999999984
2026-05-01,06T,161.18663,381.135
2024-06-01,06T,82.75848,376.75199999999995
2025-12-01,06T,56.034800000000004,382.00399999999996
2026-01-01,07G,105.78374,190.479
2023-02-01,07G,325.25993000000005,185.832
2024-10-01,07G,52.75854,190.54500000000002
2024-03-01,07G,46.6474,189.04700000000008
2021-07-01,07G,9.5613,183.489
2024-06-01,07G,47.09548,190.10999999999999
2024-02-01,07G,101.22718,188.817
2025-07-01,07G,54.27893,190.795
2025-01-01,07G,52.75541,190.83400000000003
2026-06-01,07G,105.78687,189.26299999999998
2026-02-01,07G,105.78242,190.204
2022-06-01,07G,168.56405,184.60900000000004
2022-10-01,07G,42.07164,185.09400000000002
2022-07-01,07G,255.28367,184.829
2024-01-01,07G,46.73061,188.375
2025-12-01,07G,264.45517,190.49699999999999
2025-06-01,07G,170.31092999999998,190.66800000000006
2023-07-01,07G,46.44019,186.66200000000003
2025-08-01,07G,112.13136,190.623
2021-12-01,07G,63.820809999999994,184.10099999999997
2026-05-01,07G,105.78603,189.82600000000002
2021-06-01,07G,85.85785,183.243
2022-11-01,07G,168.46712,185.32100000000005
2023-11-01,07G,46.57719,187.76899999999998
2023-06-01,07G,46.64527,186.327
2022-02-01,07G,94.91164,184.316
2024-12-01,07G,52.75582,190.672
2023-10-01,07G,46.43586,187.53100000000003
2023-09-01,07G,46.35622,187.212
2024-04-01,07G,47.09557,189.37999999999997
2021-10-01,07G,108.12619,183.82200000000003
2022-04-01,07G,42.15613,184.54100000000003
2022-03-01,07G,168.50457,184.36
2023-03-01,07G,100.69862,186.03600000000003
2024-05-01,07G,104.94777,189.88400000000001
2025-04-01,07G,54.27798,190.572
2024-08-01,07G,52.75823,190.474
2026-04-01,07G,216.52321,189.85300000000004
2025-11-01,07G,105.78202,190.68400000000003
2024-11-01,07G,110.608,190.63899999999995
2026-03-01,07G,105.78309,190.03099999999995
2023-05-01,07G,46.68266,186.047
2022-01-01,07G,84.2208,184.224
2025-03-01,07G,52.75441,190.703
2021-08-01,07G,50.187020000000004,183.60999999999996
2021-09-01,07G,203.34523,183.811
2021-11-01,07G,160.48624,183.91799999999998
2022-05-01,07G,168.56465,184.56300000000002
2025-09-01,07G,54.27992,190.647
2022-12-01,07G,46.34552,185.48199999999997
2024-09-01,07G,52.75829,190.40999999999997
2025-05-01,07G,54.27809,190.58100000000002
2022-08-01,07G,168.39183,184.88000000000002
2023-08-01,07G,46.43022,186.948
2023-02-01,07H,180.99099999999999,327.24799999999993
2024-06-01,07H,254.74319,333.3709999999999
2024-08-01,07H,157.72274,334.48600000000005
2024-05-01,07H,156.97793000000001,333.083
2022-09-01,07H,177.209,326.082
2023-05-01,07H,378.18093999999996,328.45700000000005
2023-08-01,07H,267.81653,329.827
2025-04-01,07H,173.82577,336.238
2026-01-01,07H,200.50728,337.92400000000004
2023-03-01,07H,138.13691,327.721
2022-07-01,07H,302.93314,325.37600000000003
2025-11-01,07H,198.12277999999998,338.063
2023-10-01,07H,279.84502,330.312
2026-03-01,07H,173.05694,337.464
2024-12-01,07H,539.23126,335.53299999999996
2026-06-01,07H,196.57272000000003,336.871
2025-02-01,07H,163.27365,335.956
2022-02-01,07H,176.55791,324.36299999999994
2024-09-01,07H,334.07079999999996,334.80999999999995
2025-12-01,07H,227.45579,338.054
2021-10-01,07H,268.53598999999997,323.76
2022-01-01,07H,350.88883999999996,324.269
2022-03-01,07H,245.38896,324.3569999999999
2021-08-01,07H,453.13859,323.4060000000002
2021-11-01,07H,548.14014,323.78099999999995
2023-07-01,07H,129.39049,329.22600000000006
2024-01-01,07H,273.50446999999997,331.36299999999994
2025-06-01,07H,152.76614,336.956
2023-01-01,07H,213.75585,326.877
2021-09-01,07H,356.97843,323.75500000000005
2021-07-01,07H,472.1848,322.848
2023-09-01,07H,229.49029,330.28399999999993
2023-12-01,07H,446.16261,331.1700000000001
2023-11-01,07H,262.01472,330.81800000000004
2024-07-01,07H,251.20441999999997,333.808
2025-08-01,07H,156.89060999999998,337.677
2021-06-01,07H,305.10551000000004,322.2730000000001
2026-05-01,07H,278.12967000000003,337.12600000000003
2022-04-01,07H,365.11206,324.521
2022-06-01,07H,193.31463,324.894
2022-11-01,07H,240.44662,326.32000000000005
2026-02-01,07H,280.39607,337.6529999999999
2024-03-01,07H,185.74118,332.31
2025-01-01,07H,181.92686,335.64199999999994
2024-10-01,07H,240.54335000000003,334.8079999999999
2024-11-01,07H,135.4598,335.233
2026-04-01,07H,174.66215000000003,337.29600000000005
2025-03-01,07H,174.94682000000003,336.027
2025-05-01,07H,270.63584,336.5730000000001
2023-04-01,07H,182.93717,328.22299999999996
2022-05-01,07H,426.33616,324.61699999999996
2025-09-01,07H,135.28742,338.099
2022-08-01,07H,43.55906,325.79699999999997
2022-10-01,07H,268.51943,325.98699999999997
2024-04-01,07H,181.74725,332.5320000000001
2024-02-01,07H,113.37862000000001,332.083
2025-07-01,07H,182.45172000000002,337.2819999999999
2023-06-01,07H,310.48828,328.76500000000004
2025-10-01,07H,340.18001000000004,338.093
2022-12-01,07H,268.75514,326.7939999999999
2021-12-01,07H,293.01556,324.067
2023-05-01,07K,523.747,274.4530000000001
2024-05-01,07K,645.9177499999998,278.111
2022-05-01,07K,621.0107700000001,271.57500000000005
2022-07-01,07K,488.9431800000001,272.2830000000001
2026-06-01,07K,657.84253,280.438
2026-01-01,07K,385.61879000000005,280.97599999999994
2022-11-01,07K,477.28815,273.5659999999999
2025-05-01,07K,552.8441700000001,280.28599999999994
2025-02-01,07K,435.10029999999995,280.099
2025-12-01,07K,565.50726,280.962
2021-08-01,07K,725.07062,269.83700000000005
2021-11-01,07K,439.85081999999994,270.235
2025-04-01,07K,446.54883,280.1169999999999
2023-01-01,07K,332.47216000000003,274.24399999999997
2025-01-01,07K,558.74165,280.07699999999994
2023-02-01,07K,162.21089999999998,274.484
2026-04-01,07K,279.12014,280.627
2025-10-01,07K,994.7826299999999,280.966
2022-08-01,07K,640.26409,272.72
2023-10-01,07K,209.32985000000002,276.10499999999996
2024-04-01,07K,385.81858,277.84000000000003
2023-03-01,07K,526.44908,274.78299999999996
2024-02-01,07K,396.19692000000003,277.209
2023-08-01,07K,280.22343,275.57700000000006
2023-12-01,07K,742.69767,276.847
2024-12-01,07K,732.3142100000001,279.991
2023-11-01,07K,603.9717,276.437
2025-09-01,07K,239.47107,280.92699999999996
2025-11-01,07K,452.23205,280.955
2021-07-01,07K,1248.83168,269.39
2024-08-01,07K,220.92831,279.09399999999994
2022-04-01,07K,434.5746,271.35400000000004
2026-02-01,07K,332.56027,280.71
2023-07-01,07K,675.1693799999999,275.14799999999997
2021-10-01,07K,551.48616,270.202
2024-07-01,07K,457.00594,278.824
2022-09-01,07K,466.33092,273.097
2025-07-01,07K,422.09242,280.60799999999995
2022-03-01,07K,390.30164,271.263
2025-06-01,07K,479.84113,280.395
2024-06-01,07K,157.90535,278.422
2021-12-01,07K,663.85319,270.47700000000003
2024-03-01,07K,376.33329000000003,277.4820000000001
2022-06-01,07K,380.59008000000006,272.00600000000003
2025-03-01,07K,303.74945,280.08599999999996
2024-10-01,07K,325.05303000000004,279.582
2026-03-01,07K,427.95466,280.72999999999996
2023-06-01,07K,784.1509599999999,274.817
2022-10-01,07K,415.76194999999996,273.317
2024-01-01,07K,588.43841,277.077
2024-11-01,07K,316.42341,279.90099999999995
2022-01-01,07K,740.02635,270.79900000000004
2023-09-01,07K,459.38289000000003,275.94900000000007
2022-02-01,07K,559.66238,271.036
2021-06-01,07K,1214.2590099999998,268.81199999999995
2023-04-01,07K,585.82034,274.98199999999997
2026-05-01,07K,652.72053,280.67
2025-08-01,07K,327.51703999999995,280.769
2021-09-01,07K,488.46820999999994,270.163
2022-12-01,07K,235.52346999999997,273.93
2024-09-01,07K,642.39208,279.496
2024-05-01,09D,12.21292,333.46500000000003
2024-09-01,09D,6.8624,332.2840000000001
2021-10-01,09D,106.97686,326.918
2022-04-01,09D,27.07272,329.655
2025-01-01,09D,6.0624,333.862
2023-01-01,09D,122.25731999999999,331.82399999999996
2021-09-01,09D,6.63177,324.986
2022-02-01,09D,60.060280000000006,329.36000000000007
2025-03-01,09D,26.38341,333.5779999999999
2022-06-01,09D,22.24641,329.75999999999993
2021-08-01,09D,37.68188000000001,325.22
2022-10-01,09D,27.01847,330.383
2023-10-01,09D,27.10212,331.127
2024-06-01,09D,12.80294,333.47599999999994
2021-12-01,09D,51.9508,328.9330000000001
2021-11-01,09D,83.37445,328.01399999999995
2023-04-01,09D,60.5892,331.192
2025-07-01,09D,67.84557,332.029
2023-06-01,09D,35.41048,330.789
2023-12-01,09D,136.04796000000002,333.082
2021-07-01,09D,120.48066,325.29900000000004
2024-10-01,09D,34.424800000000005,333.61899999999997
2023-11-01,09D,81.70109,332.6430000000001
2022-09-01,09D,63.68301,328.66499999999985
2024-11-01,09D,5.4924,334.067
2026-05-01,09D,52.89921,324.959
2023-02-01,09D,82.25846999999999,331.831
2022-08-01,09D,27.03935,328.8539999999999
2022-07-01,09D,72.36578,329.57800000000003
2022-05-01,09D,33.14784,329.653
2024-08-01,09D,6.0624,332.50899999999996
2024-02-01,09D,27.26354,333.08000000000004
2022-12-01,09D,132.83194999999998,331.759
2022-11-01,09D,49.035379999999996,331.3739999999999
2023-07-01,09D,190.17309,330.45900000000006
2024-03-01,09D,44.716840000000005,333.21599999999995
2022-01-01,09D,54.2814,329.34599999999995
2024-07-01,09D,35.7948,333.14000000000004
2024-04-01,09D,13.391960000000001,333.277
2021-06-01,09D,54.0321,324.743
2026-02-01,09D,26.45491,328.33399999999995
2024-08-01,10Q,400.30928,820.1370000000001
2025-06-01,10Q,55.15676,828.2980000000001
2026-03-01,10Q,187.65749,826.779
2021-07-01,10Q,53.96792,782.6389999999999
2021-08-01,10Q,70.72827000000001,782.851
2024-05-01,10Q,458.25115,819.4230000000001
2023-11-01,10Q,94.4157,816.253
2025-03-01,10Q,210.96309,828.6360000000001
2025-11-01,10Q,447.15054,833.1869999999998
2026-01-01,10Q,268.68134,830.759
2023-10-01,10Q,124.66374,813.183
2025-08-01,10Q,48.12766,827.9230000000001
2026-06-01,10Q,8.48144,821.9699999999999
2024-01-01,10Q,50.375229999999995,817.6030000000001
2026-05-01,10Q,102.11754,824.41
2025-04-01,10Q,251.12208,828.4529999999996
2022-08-01,10Q,40.736489999999996,797.4539999999998
2021-06-01,10Q,169.93842999999998,781.1040000000002
2023-03-01,10Q,141.25562,806.6830000000002
2023-02-01,10Q,161.47656,807.522
2022-01-01,10Q,217.68108999999998,792.9170000000003
2022-02-01,10Q,150.28154999999998,794.131
2025-01-01,10Q,219.12837000000002,828.2360000000001
2025-07-01,10Q,338.58599,828.2090000000005
2025-09-01,10Q,257.04255,828.6480000000001
2021-11-01,10Q,180.40424,790.6890000000001
2024-07-01,10Q,214.29639,820.04
2022-11-01,10Q,39.31812,804.6790000000001
2023-12-01,10Q,10.24469,816.9809999999998
2026-04-01,10Q,148.35412000000002,825.993
2023-08-01,10Q,129.38779,808.4430000000001
2021-10-01,10Q,225.09002999999998,788.074
2024-03-01,10Q,222.47107,818.3839999999999
2025-12-01,10Q,268.6834,832.3340000000001
2022-04-01,10Q,229.22038999999998,794.7860000000003
2022-06-01,10Q,21.52899,796.2599999999998
2024-11-01,10Q,194.13264999999998,827.1999999999999
2023-05-01,10Q,52.98259,807.6209999999999
2022-12-01,10Q,69.66147,806.1119999999999
2021-09-01,10Q,158.67895,783.8799999999998
2024-06-01,10Q,511.17049,819.5510000000002
2022-05-01,10Q,253.16958,795.1190000000001
2024-10-01,10Q,210.17752,824.39
2025-10-01,10Q,440.04348000000005,831.8580000000002
2024-09-01,10Q,250.35634,820.9699999999998
2022-10-01,10Q,40.70505,801.0889999999999
2026-02-01,10Q,577.66187,828.5749999999998
2021-12-01,10Q,259.28433,792.0730000000002
2024-04-01,10Q,295.47973,818.4299999999998
2022-09-01,10Q,177.33051,797.5500000000001
2025-02-01,10Q,175.95537,828.913
2023-01-01,10Q,21.56135,806.3330000000002
2022-07-01,10Q,61.815110000000004,797.218
2023-07-01,10Q,107.87218999999999,808.5239999999998
2022-03-01,10Q,139.57354,794.2509999999999
2023-06-01,10Q,203.14058000000003,807.8859999999999
2025-05-01,10Q,243.99160999999998,828.2609999999999
2024-02-01,10Q,180.27852000000001,818.6980000000001
2023-09-01,10Q,42.765609999999995,809.541
2024-12-01,10Q,161.84230999999997,827.848
2023-04-01,10Q,51.887879999999996,807.314
2021-12-01,10R,108.31226,230.11899999999997
2022-06-01,10R,27.06699,231.044
2024-03-01,10R,108.87744,236.061
2025-06-01,10R,140.9348,235.515
2022-05-01,10R,154.92837,231.03899999999993
2022-08-01,10R,49.20667,230.82799999999997
2021-08-01,10R,219.39511,229.91600000000003
2022-10-01,10R,27.01847,231.05499999999998
2022-07-01,10R,27.05368,230.92200000000003
2023-12-01,10R,217.58137,235.679
2022-11-01,10R,79.47787,231.704
2024-05-01,10R,57.8524,236.017
2026-06-01,10R,52.89963,231.927
2026-01-01,10R,95.81047,234.35400000000004
2023-01-01,10R,278.3058,232.289
2025-11-01,10R,48.2324,234.699
2025-10-01,10R,83.0824,234.414
2025-03-01,10R,56.70627,235.745
2024-07-01,10R,100.4348,235.583
2024-06-01,10R,11.78317,235.767
2021-06-01,10R,54.0321,230.162
2024-04-01,10R,256.9096,235.88400000000001
2023-05-01,10R,166.9756,233.97200000000004
2024-08-01,10R,122.06366,235.368
2021-10-01,10R,54.0693,228.76200000000003
2021-09-01,10R,150.97502999999998,229.51300000000003
2025-09-01,10R,57.8524,234.135
2026-04-01,10R,158.69561,232.901
2022-09-01,10R,94.84547,230.65300000000005
2023-02-01,10R,27.12367,232.886
2023-03-01,10R,7.26766,233.37599999999998
2022-01-01,10R,253.4018,230.395
2026-03-01,10R,52.89774,233.08200000000002
2025-04-01,10R,158.32485,235.82699999999997
2026-02-01,10R,21.5124,233.68899999999996
2021-07-01,10R,120.06360000000001,230.085
2024-12-01,10R,41.7824,235.998
2023-07-01,10R,27.10465,234.19
2021-11-01,10R,306.77058,229.544
2025-02-01,10R,273.10083000000003,235.72200000000004
2022-04-01,10R,54.14543,231.11900000000003
2023-08-01,10R,252.36955,234.19699999999997
2024-10-01,10R,100.4348,235.35000000000002
2023-06-01,11J,197.75892,825.6840000000002
2021-06-01,11J,509.1958199999999,812.941
2025-01-01,11J,323.97782,832.8079999999998
2024-03-01,11J,525.9384200000001,831.5060000000002
2024-01-01,11J,203.85862999999998,830.71
2023-01-01,11J,597.62972,824.7539999999999
2021-07-01,11J,554.4672499999999,813.7860000000001
2024-07-01,11J,536.7253499999999,831.7800000000002
2025-06-01,11J,278.11665000000005,831.8239999999998
2024-06-01,11J,442.7591,832.6139999999997
2023-10-01,11J,3593.2806299999997,828.2330000000002
2023-11-01,11J,233.08791000000002,829.4339999999999
2023-04-01,11J,520.70704,825.4380000000001
2022-03-01,11J,342.88554999999997,819.7379999999999
2024-10-01,11J,1792.47884,832.83
2023-07-01,11J,353.04166,825.8939999999994
2022-02-01,11J,475.9075,819.5669999999997
2023-09-01,11J,250.70859,826.614
2025-10-01,11J,244.80353000000002,832.5330000000001
2022-01-01,11J,542.2884899999999,819.0039999999999
2024-05-01,11J,4142.95415,832.3589999999997
2026-04-01,11J,154.03382000000002,828.363
2021-10-01,11J,294.47999,816.948
2026-06-01,11J,233.3377,826.6600000000001
2026-03-01,11J,338.3161,828.6719999999999
2023-08-01,11J,299.46424,826.0639999999995
2025-09-01,11J,291.16246,832.2950000000001
2025-12-01,11J,356.34596999999997,831.4889999999997
2023-12-01,11J,651.08931,830.2470000000001
2023-05-01,11J,211.43420000000003,825.652
2025-08-01,11J,4076.0716,831.753
2022-10-01,11J,1921.0928799999997,823.3149999999998
2022-08-01,11J,274.58865,821.291
2022-12-01,11J,498.23319999999995,824.598
2025-05-01,11J,742.16856,831.9090000000003
2026-01-01,11J,2052.85071,830.986
2022-05-01,11J,402.77076,820.1640000000002
2024-11-01,11J,145.01945,833.0110000000001
2025-03-01,11J,396.49070000000006,832.2550000000002
2022-06-01,11J,409.23743,820.7420000000001
2025-11-01,11J,165.58129,831.851
2026-05-01,11J,207.89906999999997,827.5130000000003
2023-03-01,11J,291.0845,824.944
2021-09-01,11J,554.18243,814.8309999999998
2022-11-01,11J,514.90788,823.989
2026-02-01,11J,355.96909000000005,829.7140000000002
2022-09-01,11J,559.12013,821.7039999999998
2022-04-01,11J,310.09645000000006,820.051
2024-02-01,11J,424.47311,831.2410000000001
2021-11-01,11J,629.0802499999999,817.607
2024-12-01,11J,581.1163499999999,833.1379999999999
2025-02-01,11J,2105.14524,832.6649999999998
2022-07-01,11J,290.46724,821.082
2024-09-01,11J,276.98402999999996,831.8719999999998
2021-12-01,11J,377.20955,818.4670000000003
2025-07-01,11J,211.68758,831.4899999999998
2021-08-01,11J,441.0782099999999,814.4029999999999
2024-08-01,11J,302.91248,831.9479999999998
2023-02-01,11J,188.59066,824.8329999999999
2025-04-01,11J,588.43318,831.975
2024-04-01,11J,515.62385,831.6309999999999
2023-06-01,11M,83.74346,683.825
2024-04-01,11M,232.0896,690.605
2026-01-01,11M,317.32642,699.2999999999998
2021-08-01,11M,121.47231,669.875
2025-11-01,11M,343.77608000000004,699.116
2026-05-01,11M,87.92849000000001,698.451
2023-12-01,11M,107.91927000000001,688.0950000000001
2023-08-01,11M,34.82577,685.3159999999999
2022-06-01,11M,78.75019,675.9929999999998
2021-12-01,11M,186.8784,672.7829999999997
2025-09-01,11M,234.41664000000003,698.3830000000002
2024-05-01,11M,35.32463,691.4489999999995
2021-11-01,11M,220.40558000000001,672.1950000000003
2023-10-01,11M,27.08972,686.7200000000001
2023-09-01,11M,162.77359,685.9449999999998
2022-03-01,11M,111.78825,674.3670000000001
2025-03-01,11M,13.1979,696.4100000000001
2024-12-01,11M,58.0224,695.7290000000002
2023-02-01,11M,54.22254,681.8289999999998
2022-07-01,11M,93.62203,676.8080000000001
2026-03-01,11M,132.22576,698.2349999999998
2025-12-01,11M,44.96461,699.334
2021-07-01,11M,60.26235,669.4520000000001
2023-03-01,11M,27.10882,682.2620000000001
2024-10-01,11M,58.0224,694.8179999999998
2022-04-01,11M,118.16269,675.0490000000001
2022-12-01,11M,105.73598999999999,680.8140000000003
2023-01-01,11M,27.09549,681.046
2023-11-01,11M,69.87198,687.3409999999998
2025-06-01,11M,43.57161,697.1630000000001
2021-06-01,11M,175.23951,668.3589999999998
2023-07-01,11M,83.37517,684.584
2025-08-01,11M,339.20322000000004,697.7500000000005
2026-06-01,11M,44.9656,698.3229999999999
2025-10-01,11M,317.29653,698.9330000000002
2022-05-01,11M,79.47081,675.2130000000001
2024-01-01,11M,43.45313,688.681
2022-10-01,11M,132.63349,679.322
2021-09-01,11M,269.26658,670.6339999999999
2024-08-01,11M,39.57177,693.5689999999998
2024-07-01,11M,84.4075,692.7920000000001
2022-01-01,11M,217.1008,673.5409999999997
2024-02-01,11M,43.43629,689.4219999999999
2021-10-01,11M,168.05061999999998,671.72
2025-11-01,11N,43.9468,605.911
2026-03-01,11N,81.9748,604.8580000000002
2023-06-01,11N,70.97749,600.627
2024-01-01,11N,295.09785,603.3279999999999
2024-04-01,11N,84.5769,603.523
2025-03-01,11N,161.53453000000002,605.9740000000002
2025-07-01,11N,43.57193,605.5610000000003
2025-04-01,11N,111.31893,605.8719999999998
2022-11-01,11N,266.5633,599.7669999999999
2023-02-01,11N,93.66741999999999,600.304
2024-11-01,11N,161.53032000000002,606.1490000000001
2023-10-01,11N,530.74671,602.3859999999999
2022-06-01,11N,167.88020999999998,597.8289999999998
2023-07-01,11N,192.95905,600.9929999999998
2022-04-01,11N,198.41168,597.6119999999999
2022-10-01,11N,232.93472,599.3460000000002
2022-07-01,11N,389.44354999999996,598.209
2025-05-01,11N,152.72435,605.9249999999998
2023-09-01,11N,114.81527,601.703
2022-03-01,11N,393.00678000000005,597.4269999999999
2023-03-01,11N,170.87328,600.2649999999998
2024-02-01,11N,149.08561,603.456
2024-07-01,11N,119.49976999999998,604.377
2025-09-01,11N,152.72114,605.622
2022-01-01,11N,335.2011100000001,597.0159999999997
2024-12-01,11N,332.06199,606.1829999999999
2025-06-01,11N,413.14951,605.8489999999997
2021-11-01,11N,307.92567,596.4179999999998
2024-05-01,11N,207.46705999999998,603.9240000000001
2021-12-01,11N,202.14959000000002,596.995
2026-05-01,11N,738.31553,604.8920000000002
2025-02-01,11N,189.63869,606.1040000000002
2023-11-01,11N,97.34449000000001,602.8919999999997
2021-10-01,11N,169.54296,596.0079999999999
2024-10-01,11N,130.715,605.891
2023-08-01,11N,251.80426,601.3709999999999
2022-08-01,11N,136.95697,598.4119999999999
2021-06-01,11N,221.72503,593.2300000000001
2023-04-01,11N,44.26619,600.3269999999998
2021-08-01,11N,229.15012000000002,594.8169999999999
2022-12-01,11N,155.44692999999998,600.3249999999999
2023-01-01,11N,186.62014,600.1440000000001
2022-09-01,11N,247.71170999999998,598.7150000000001
2021-09-01,11N,248.51929999999996,595.4229999999999
2026-04-01,11N,140.12993,605.057
2024-08-01,11N,328.67681,604.7
2026-06-01,11N,323.05836,604.889
2025-08-01,11N,115.20286999999999,605.505
2023-05-01,11N,109.21042999999999,600.3839999999999
2022-05-01,11N,381.64869000000004,597.5239999999999
2024-06-01,11N,319.51938,604.1230000000002
2025-10-01,11N,93.76245,606.128
2023-12-01,11N,278.16613,603.3650000000001
2026-01-01,11N,555.2349700000001,605.6610000000002
2022-02-01,11N,126.65187999999999,597.5029999999998
2024-09-01,11N,200.18876,604.947
2025-12-01,11N,200.46879,605.8
2025-01-01,11N,191.21289000000002,606.104
2021-07-01,11N,213.95085999999998,594.3699999999998
2024-03-01,11N,276.35565,603.3999999999995
2026-02-01,11N,58.15461,605.1610000000001
2024-08-01,11X,222.31106,606.8530000000002
2025-05-01,11X,147.40676999999997,607.9870000000001
2025-07-01,11X,262.40115000000003,608.25
2024-02-01,11X,275.10915,604.4709999999999
2023-02-01,11X,231.82620999999997,599.7270000000002
2024-12-01,11X,163.71867,608.1750000000001
2024-10-01,11X,199.39211,607.5770000000002
2024-03-01,11X,158.75222000000002,604.3870000000002
2024-01-01,11X,268.84908,604.031
2022-06-01,11X,64.10314,595.5890000000003
2022-08-01,11X,108.63526999999999,596.793
2024-04-01,11X,231.16153,604.613
2025-10-01,11X,523.4485999999999,608.5539999999999
2022-01-01,11X,87.57694,593.933
2021-06-01,11X,119.00722,589.6769999999997
2022-12-01,11X,46.76687,599.2589999999999
2024-06-01,11X,187.23835,605.6790000000001
2025-04-01,11X,278.81425,607.887
2022-04-01,11X,90.34459,594.5270000000002
2025-02-01,11X,227.92489,608.5960000000002
2025-03-01,11X,295.05277,608.028
2025-09-01,11X,283.44549,608.805
2026-01-01,11X,471.68177000000003,607.408
2026-02-01,11X,330.06192999999996,606.6049999999999
2025-12-01,11X,340.82452,607.841
2021-07-01,11X,258.7427,590.6469999999997
2022-05-01,11X,87.37322,594.8399999999999
2024-05-01,11X,101.95793999999998,605.2850000000001
2022-03-01,11X,168.05333000000002,594.2510000000001
2026-04-01,11X,378.01412,605.7959999999999
2023-04-01,11X,65.69833,600.313
2024-11-01,11X,269.3678,607.936
2021-10-01,11X,84.00335000000001,592.863
2022-02-01,11X,58.540409999999994,594.0309999999998
2023-01-01,11X,102.78497,599.2420000000002
2021-12-01,11X,103.99441999999999,593.3699999999999
2023-12-01,11X,33.20084,603.8649999999999
2022-07-01,11X,125.40453000000001,596.3710000000001
2025-01-01,11X,243.98991000000004,608.448
2022-11-01,11X,97.03358,598.8679999999999
2026-06-01,11X,312.81501,605.062
2023-03-01,11X,243.00969,600.0260000000001
2026-03-01,11X,542.13122,606.21
2023-10-01,11X,122.98367999999999,602.6789999999996
2021-11-01,11X,83.15614,593.1439999999998
2025-06-01,11X,237.72704000000002,608.167
2022-09-01,11X,71.46007999999999,597.48
2021-08-01,11X,75.87129999999999,591.3429999999998
2023-07-01,11X,174.98449000000002,601.2860000000001
2024-09-01,11X,279.40331000000003,607.304
2023-08-01,11X,107.95213000000001,601.8949999999999
2023-09-01,11X,188.19299,602.6079999999998
2021-09-01,11X,147.8555,592.3360000000002
2023-11-01,11X,167.16844999999998,603.326
2024-07-01,11X,326.74786,606.1650000000001
2025-08-01,11X,220.31049000000002,608.706
2023-06-01,11X,135.55594,600.9720000000001
2022-10-01,11X,75.86439,598.1410000000003
2026-05-01,11X,355.28912,605.433
2023-05-01,11X,127.34694,600.598
2025-11-01,11X,317.34607000000005,608.2270000000002
2026-04-01,12F,1127.0651799999998,346.24000000000007
2024-09-01,12F,382.50686,345.627
2022-06-01,12F,488.71352,339.8240000000002
2022-12-01,12F,1977.39449,341.22300000000007
2025-03-01,12F,896.8756800000001,345.937
2022-10-01,12F,185.46376,340.83700000000005
2024-05-01,12F,1036.72062,344.5900000000001
2023-03-01,12F,69.70908,341.385
2023-05-01,12F,121.74972,341.683
2024-06-01,12F,11.1024,344.7660000000001
2023-11-01,12F,54.06515999999999,343.10600000000005
2025-05-01,12F,113.94414,346.1480000000001
2025-06-01,12F,1319.2227899999998,346.31399999999996
2025-10-01,12F,185.132,346.82899999999995
2023-09-01,12F,127.48272,342.79599999999994
2022-03-01,12F,593.77194,339.466
2022-08-01,12F,197.46296,340.4149999999999
2025-12-01,12F,419.20094,346.51099999999997
2022-04-01,12F,1151.6602500000001,339.544
2021-08-01,12F,787.98743,339.203
2024-11-01,12F,840.00334,345.67
2021-10-01,12F,415.70716,339.31200000000007
2025-09-01,12F,878.12913,346.81200000000007
2025-07-01,12F,580.82868,346.49300000000005
2026-06-01,12F,151.34453,346.11300000000006
2025-01-01,12F,815.73462,345.918
2022-11-01,12F,125.73989,340.94100000000003
2022-05-01,12F,897.90958,339.6329999999999
2024-01-01,12F,1511.00963,343.548
2023-12-01,12F,63.51087,343.34999999999997
2025-02-01,12F,570.4752,346.039
2026-05-01,12F,935.86143,346.29300000000006
2021-09-01,12F,489.53632,339.354
2025-11-01,12F,1659.20671,346.565
2021-12-01,12F,473.71521999999993,339.2629999999998
2022-07-01,12F,1516.5430199999998,340.07300000000004
2024-12-01,12F,504.13231,345.8070000000001
2021-07-01,12F,385.40104,338.8179999999999
2024-03-01,12F,546.9336999999999,343.8829999999999
2024-10-01,12F,2172.5267799999997,345.594
2026-01-01,12F,995.4363,346.50899999999996
2026-02-01,12F,185.15955000000002,346.41099999999994
2021-06-01,12F,372.14464,338.52599999999995
2024-02-01,12F,42.49697,343.797
2022-02-01,12F,1656.2048400000003,339.405
2024-04-01,12F,947.77913,344.0189999999999
2024-07-01,12F,761.6214299999999,344.969
2026-03-01,12F,983.18549,346.26399999999995
2023-06-01,12F,119.07217,341.854
2021-11-01,12F,856.4249199999999,339.173
2024-08-01,12F,158.46627000000004,345.3549999999999
2025-04-01,12F,575.4747,345.9960000000001
2023-07-01,12F,136.46328999999997,342.127
2023-01-01,12F,780.41607,341.229
2025-08-01,12F,73.28039999999999,346.652
2023-08-01,12F,99.36679,342.42800000000005
2022-09-01,12F,418.16331,340.83599999999996
2022-01-01,12F,86.08905,339.342
2023-10-01,12F,6432.72945,342.77500000000015
2023-02-01,12F,78.8806,341.2079999999999
2021-06-01,13T,1096.9296299999999,531.9809999999999
2024-09-01,13T,902.97848,555.8509999999999
2024-11-01,13T,739.43509,560.8220000000001
2022-07-01,13T,659.1899999999999,539.4649999999999
2023-08-01,13T,843.8452799999999,547.6179999999999
2021-09-01,13T,676.99466,531.1529999999999
2023-07-01,13T,1093.99286,547.6610000000001
2025-08-01,13T,539.94793,559.3470000000002
2026-04-01,13T,970.6344299999998,558.98
2024-03-01,13T,879.28921,556.1849999999997
2025-12-01,13T,813.06942,563.1129999999999
2021-12-01,13T,685.4510300000001,537.5940000000002
2023-04-01,13T,525.7062299999999,547.5900000000001
2025-01-01,13T,803.60386,561.136
2023-02-01,13T,611.73218,546.5980000000001
2026-03-01,13T,601.3129999999999,559.856
2024-12-01,13T,789.00305,561.175
2023-05-01,13T,593.26687,547.7639999999998
2025-04-01,13T,572.7288599999999,561.2340000000002
2023-03-01,13T,695.22972,547.316
2022-04-01,13T,972.2135599999997,539.41
2021-08-01,13T,880.77265,531.3720000000002
2024-05-01,13T,951.6506500000002,556.723
2021-07-01,13T,772.47628,531.657
2025-09-01,13T,903.2544699999999,559.165
2021-10-01,13T,774.31584,533.5360000000001
2023-10-01,13T,624.86529,550.4769999999999
2025-10-01,13T,884.78855,562.2060000000001
2024-10-01,13T,711.3662000000002,558.814
2025-02-01,13T,443.40237,561.2460000000001
2022-03-01,13T,742.6799100000002,539.2219999999999
2024-04-01,13T,1017.51501,556.325
2022-06-01,13T,548.0501,539.672
2024-06-01,13T,3054.9141399999994,556.672
2022-08-01,13T,697.95532,539.15
2023-01-01,13T,531.7082899999999,546.3190000000001
2026-06-01,13T,664.4480799999999,555.7020000000001
2022-09-01,13T,704.84871,538.584
2022-01-01,13T,718.1899999999999,538.2149999999999
2021-11-01,13T,971.72333,536.189
2022-10-01,13T,1606.2761500000001,541.393
2023-06-01,13T,1153.3121399999995,547.9200000000002
2026-05-01,13T,881.9917000000002,557.991
2023-12-01,13T,796.9669400000001,554.5170000000002
2025-11-01,13T,557.55862,563.073
2024-02-01,13T,1047.20653,555.4240000000002
2025-05-01,13T,941.7199300000002,561.0890000000002
2022-02-01,13T,831.6850499999999,538.52
2024-01-01,13T,2994.85044,554.9820000000001
2024-07-01,13T,802.2170100000001,556.4499999999998
2023-11-01,13T,647.8279400000002,553.4950000000002
2022-11-01,13T,1439.2370700000001,544.668
2026-02-01,13T,691.4840600000001,561.0620000000001
2026-01-01,13T,904.4624199999997,562.1840000000001
2024-08-01,13T,628.22167,556.148
2025-03-01,13T,1214.73188,561.3240000000001
2022-12-01,13T,686.0587699999999,545.971
2023-09-01,13T,585.8908799999999,547.627
2022-05-01,13T,845.65755,539.6890000000001
2025-07-01,13T,775.0661799999999,560.0849999999999
2025-06-01,13T,710.0853000000001,560.646
2025-08-01,14L,488.79751999999996,749.1119999999999
2022-07-01,14L,236.39352,701.068
2022-04-01,14L,340.69239,699.0269999999999
2023-05-01,14L,318.88044,717.6579999999998
2023-10-01,14L,210.32572000000002,725.719
2025-04-01,14L,662.83852,751.026
2025-09-01,14L,333.07615000000004,749.2010000000002
2025-07-01,14L,673.78786,750.0680000000002
2024-01-01,14L,300.94404000000003,734.7999999999998
2024-12-01,14L,425.23034000000007,750.6930000000001
2025-06-01,14L,899.78295,750.3729999999999
2026-03-01,14L,985.3073499999999,753.7850000000001
2023-11-01,14L,304.73047,730.9260000000002
2021-11-01,14L,305.63557,689.1789999999999
2022-02-01,14L,272.15078,696.1479999999999
2025-12-01,14L,1125.7182300000002,759.3249999999998
2021-12-01,14L,311.47389,692.2140000000002
2024-04-01,14L,272.64797,738.2629999999998
2023-06-01,14L,373.06725000000006,718.7399999999999
2023-07-01,14L,175.11190999999997,719.1780000000001
2021-08-01,14L,553.89323,679.5470000000001
2026-05-01,14L,808.4669799999999,751.0799999999998
2022-12-01,14L,246.03219999999996,712.1560000000001
2023-03-01,14L,239.67435,716.212
2022-10-01,14L,203.07363,705.4440000000002
2025-05-01,14L,463.38642999999996,750.1719999999998
2025-03-01,14L,594.7147,750.9789999999998
2022-05-01,14L,306.63775,699.6
2026-06-01,14L,953.72242,747.4389999999999
2024-06-01,14L,169.11266,740.7600000000002
2022-06-01,14L,193.88063000000002,700.5940000000003
2023-01-01,14L,218.8524,713.4
2022-03-01,14L,348.44301,697.3800000000003
2026-01-01,14L,818.78576,758.365
2024-02-01,14L,300.76616,736.4679999999997
2023-02-01,14L,164.29661000000002,715.1549999999997
2024-08-01,14L,367.81085999999993,740.3689999999998
2025-01-01,14L,541.8832199999999,750.3950000000001
2023-04-01,14L,153.4454,716.7869999999997
2022-08-01,14L,187.99612,701.0120000000004
2022-01-01,14L,408.30884000000003,694.2700000000001
2021-09-01,14L,241.38909,679.6590000000001
2024-10-01,14L,476.32912,747.2820000000004
2024-07-01,14L,372.24869000000007,741.0870000000003
2023-09-01,14L,344.49827,720.1130000000002
2024-11-01,14L,517.82361,750.3149999999999
2025-10-01,14L,852.1938700000001,756.4610000000002
2023-08-01,14L,313.83204,719.466
2021-06-01,14L,354.64004,677.3740000000001
2023-12-01,14L,292.5152,733.6320000000004
2025-02-01,14L,665.20263,750.615
2026-04-01,14L,839.2843799999998,752.5560000000003
2024-09-01,14L,391.96526,740.6350000000001
2022-09-01,14L,192.24785000000003,700.9100000000002
2021-07-01,14L,328.41492,679.2839999999999
2021-10-01,14L,387.53261,684.5420000000001
2026-02-01,14L,705.0415300000001,755.9219999999999
2024-03-01,14L,277.32119,737.672
2024-05-01,14L,301.37746,740.1680000000003
2022-11-01,14L,273.34504,709.2799999999997
2025-11-01,14L,674.23875,759.7230000000001
2021-08-01,14Y,432.55728,575.974
2024-06-01,14Y,200.85459,591.9830000000001
2023-10-01,14Y,346.33472,586.5930000000001
2022-07-01,14Y,604.5962,580.5910000000001
2023-11-01,14Y,654.4590499999999,587.4069999999997
2022-09-01,14Y,347.81428000000005,581.9729999999998
2021-11-01,14Y,404.26769,576.059
2023-06-01,14Y,393.27658,585.0480000000002
2025-03-01,14Y,374.14274,595.911
2025-04-01,14Y,232.92446,596.1749999999998
2024-11-01,14Y,207.28923,594.9019999999998
2024-05-01,14Y,278.09684,591.6809999999998
2021-07-01,14Y,392.55258999999995,575.1370000000002
2025-06-01,14Y,351.45589,596.9820000000001
2025-01-01,14Y,578.21516,595.5559999999999
2022-04-01,14Y,370.228,578.8180000000001
2023-12-01,14Y,435.26153,588.1900000000002
2021-12-01,14Y,297.31277,576.819
2022-10-01,14Y,478.00122000000005,581.6020000000001
2022-02-01,14Y,211.34779,577.893
2022-11-01,14Y,193.27295,582.333
2025-11-01,14Y,216.57758,597.943
2026-02-01,14Y,470.17673,597.1600000000002
2023-09-01,14Y,165.04601,586.862
2022-06-01,14Y,389.58761,579.7489999999998
2023-07-01,14Y,332.61968,585.6050000000001
2024-09-01,14Y,223.36913,594.914
2025-08-01,14Y,197.38953,598.3119999999999
2021-06-01,14Y,584.4190199999999,574.324
2024-12-01,14Y,159.44293,595.3029999999999
2025-07-01,14Y,257.61726999999996,597.571
2025-05-01,14Y,412.83361,596.333
2026-05-01,14Y,461.57435999999996,596.092
2023-05-01,14Y,402.9765699999999,584.441
2026-03-01,14Y,558.5458000000001,596.6419999999999
2026-04-01,14Y,457.18604999999997,596.4129999999999
2026-01-01,14Y,444.24518,597.7520000000001
2022-05-01,14Y,421.06508,579.0200000000001
2021-10-01,14Y,498.37300999999997,576.1220000000001
2025-10-01,14Y,145.18958999999998,598.4590000000001
2022-12-01,14Y,635.47054,582.7
2024-01-01,14Y,306.65414000000004,588.6659999999999
2024-04-01,14Y,555.77009,590.2850000000002
2024-07-01,14Y,617.45286,592.905
2024-02-01,14Y,461.61665,589.6759999999999
2022-08-01,14Y,260.50073000000003,581.168
2023-02-01,14Y,297.04547,583.2760000000001
2021-09-01,14Y,390.05111999999997,576.5020000000002
2026-06-01,14Y,162.64577,595.6950000000002
2022-03-01,14Y,572.8729000000001,578.208
2023-03-01,14Y,326.67339,583.533
2023-08-01,14Y,416.06219,586.5289999999999
2022-01-01,14Y,845.8923100000001,577.367
2024-08-01,14Y,287.83697,593.907
2025-09-01,14Y,225.22204,598.8180000000001
2023-04-01,14Y,399.73687,584.012
2024-10-01,14Y,350.18375,594.572
2025-12-01,14Y,151.0673,598.1230000000002
2023-01-01,14Y,334.74123999999995,582.913
2024-03-01,14Y,368.2086,590.1120000000003
2025-02-01,14Y,248.4056,596.027
2022-04-01,15A,570.8850699999999,568.7519999999998
2021-11-01,15A,439.0253900000001,564.9520000000001
2026-04-01,15A,198.65678,586.8719999999998
2023-03-01,15A,756.8987000000001,578.0500000000001
2023-01-01,15A,840.3218199999999,577.0839999999998
2023-12-01,15A,684.2072200000001,583.5749999999998
2026-01-01,15A,313.38536999999997,589.5559999999999
2023-06-01,15A,714.37156,579.1000000000001
2025-12-01,15A,839.7527599999999,590.2170000000001
2022-08-01,15A,567.06466,571.48
2025-01-01,15A,710.2338899999999,589.5329999999999
2021-06-01,15A,1045.51092,558.3430000000001
2023-10-01,15A,834.77565,583.1089999999999
2025-03-01,15A,892.1340399999999,589.7340000000002
2024-09-01,15A,494.5869,586.8399999999998
2024-10-01,15A,547.11872,587.3720000000001
2026-05-01,15A,534.30392,585.9200000000001
2026-06-01,15A,336.85662,584.7649999999999
2024-12-01,15A,674.8799700000001,589.2449999999999
2021-12-01,15A,656.4912400000001,566.24
2025-11-01,15A,924.83653,590.5879999999999
2024-06-01,15A,891.2764899999999,585.9879999999999
2025-04-01,15A,480.76693,590.0150000000001
2026-03-01,15A,401.42778000000004,587.165
2025-02-01,15A,187.76532,589.7080000000001
2021-08-01,15A,754.17877,560.5429999999999
2022-11-01,15A,976.09502,575.7260000000001
2024-11-01,15A,745.55181,588.7819999999999
2022-07-01,15A,744.0293899999999,570.902
2024-04-01,15A,1148.66427,585.1129999999999
2023-11-01,15A,704.0677300000001,583.938
2022-05-01,15A,1035.0635000000002,569.0710000000001
2022-02-01,15A,611.99657,568.073
2025-08-01,15A,179.00726,590.23
2026-02-01,15A,341.14511,588.2539999999999
2024-08-01,15A,1016.3023800000001,586.85
2023-04-01,15A,513.0121800000001,578.4799999999999
2022-12-01,15A,399.88069,576.849
2021-09-01,15A,809.2136599999999,561.5840000000001
2022-10-01,15A,524.57129,574.1030000000002
2024-02-01,15A,390.61157999999995,584.197
2022-03-01,15A,670.11111,568.3739999999999
2025-07-01,15A,277.57085,589.9170000000001
2023-05-01,15A,911.7211599999999,578.674
2023-08-01,15A,641.0574,579.943
2025-05-01,15A,117.27367000000001,590.01
2023-09-01,15A,231.81335,580.7430000000002
2024-01-01,15A,1101.8822499999999,583.506
2021-10-01,15A,1043.39407,564.073
2021-07-01,15A,1593.22458,559.6350000000001
2022-09-01,15A,672.9128999999999,572.4140000000001
2024-05-01,15A,227.99300000000002,585.6289999999999
2023-02-01,15A,180.98495,577.689
2025-10-01,15A,513.2881500000001,590.182
2025-09-01,15A,519.6320999999999,590.175
2023-07-01,15A,750.2123799999999,579.425
2025-06-01,15A,382.76815,590.2059999999998
2024-07-01,15A,879.8126500000001,586.2930000000001
2022-01-01,15A,840.3357599999999,567.247
2022-06-01,15A,567.20205,569.984
2024-03-01,15A,1003.44723,584.926
2022-09-01,15C,497.86942,1062.723
2021-12-01,15C,156.06581,1055.0399999999995
2024-04-01,15C,193.83238,1087.863
2025-06-01,15C,159.35976,1096.8319999999997
2023-12-01,15C,214.14184,1084.363
2023-02-01,15C,510.65207999999996,1070.1250000000002
2021-08-01,15C,260.68724000000003,1046.749
2024-07-01,15C,752.63826,1089.773
2025-02-01,15C,218.3338,1096.0049999999999
2026-05-01,15C,438.76626000000005,1094.269
2022-08-01,15C,360.77444,1062.3329999999999
2024-09-01,15C,531.5130800000001,1089.0959999999998
2023-03-01,15C,447.80978,1071.161
2021-09-01,15C,285.68543,1047.2570000000003
2023-09-01,15C,684.2822199999998,1076.4219999999998
2023-04-01,15C,476.98611,1071.9519999999995
2021-11-01,15C,279.147,1052.3739999999998
2024-11-01,15C,531.92091,1093.1409999999996
2023-06-01,15C,383.15934,1073.7100000000007
2023-08-01,15C,151.30394,1075.3550000000002
2022-06-01,15C,274.09483000000006,1061.5400000000004
2025-01-01,15C,431.7240700000001,1095.4350000000002
2024-03-01,15C,329.92122000000006,1087.116
2021-10-01,15C,206.992,1049.89
2022-05-01,15C,426.78796,1060.5840000000005
2026-02-01,15C,673.23051,1096.5050000000003
2026-03-01,15C,547.37732,1095.0239999999997
2025-04-01,15C,212.87817,1096.7329999999997
2025-07-01,15C,252.7537,1096.3820000000003
2021-07-01,15C,354.6487800000001,1046.0829999999996
2025-10-01,15C,948.84779,1098.2800000000004
2022-10-01,15C,454.46686000000005,1063.705
2025-05-01,15C,313.47016,1096.8760000000002
2026-04-01,15C,174.94178999999997,1094.8770000000002
2023-01-01,15C,401.32523,1068.9499999999998
2024-01-01,15C,549.84737,1084.8380000000002
2023-11-01,15C,603.82078,1083.0059999999994
2024-02-01,15C,205.36747999999997,1085.942
2021-06-01,15C,497.88156,1044.1709999999998
2024-08-01,15C,419.85528,1089.6409999999996
2022-01-01,15C,188.08399,1057.2500000000005
2025-03-01,15C,265.11006000000003,1096.5279999999998
2024-06-01,15C,450.3638000000001,1089.511
2022-03-01,15C,303.96104,1059.6370000000002
2024-12-01,15C,164.18719000000002,1094.976
2022-04-01,15C,258.31097,1060.5900000000001
2025-11-01,15C,968.0997699999999,1099.2579999999998
2022-11-01,15C,290.85985999999997,1066.6909999999993
2022-07-01,15C,340.14135,1062.335
2025-09-01,15C,597.89715,1095.7540000000001
2023-05-01,15C,847.24323,1072.593
2024-05-01,15C,177.95737,1089.437
2025-12-01,15C,826.586,1099.7969999999998
2026-01-01,15C,1020.3297299999999,1098.714
2025-08-01,15C,249.28356000000002,1096.028
2022-02-01,15C,127.10770000000001,1059.1170000000002
2026-06-01,15C,450.23849000000007,1092.577
2024-10-01,15C,549.13534,1090.7500000000002
2023-07-01,15C,249.01037,1074.806
2023-10-01,15C,339.29208,1079.1480000000001
2022-12-01,15C,396.01639,1067.5890000000004
2021-07-01,15E,772.1424399999999,1555.2590000000005
2025-01-01,15E,5586.80917,1645.424999999999
2025-04-01,15E,1537.0401799999997,1647.6930000000002
2026-05-01,15E,2288.8373199999996,1639.3600000000008
2021-08-01,15E,1133.18771,1555.961
2024-05-01,15E,5187.600809999998,1632.424
2025-09-01,15E,1828.9283700000005,1647.326000000001
2024-04-01,15E,1117.5787100000002,1628.9720000000004
2025-03-01,15E,1448.3477500000001,1647.3230000000008
2025-06-01,15E,1540.1855199999998,1647.9010000000007
2026-01-01,15E,3138.8670199999997,1648.8139999999996
2024-03-01,15E,5188.47142,1627.4219999999993
2022-10-01,15E,682.0630999999998,1575.2249999999995
2025-08-01,15E,2106.8966700000005,1647.7889999999989
2025-07-01,15E,1988.1194500000001,1647.7320000000002
2022-06-01,15E,681.0475800000002,1570.278
2023-01-01,15E,874.7237899999998,1586.5619999999997
2023-08-01,15E,899.3186199999998,1604.871
2023-05-01,15E,947.68073,1596.4449999999997
2021-09-01,15E,785.4737299999999,1557.891
2022-05-01,15E,925.3662199999999,1570.342
2024-07-01,15E,5499.02239,1635.1929999999998
2023-02-01,15E,1285.6687000000002,1588.9350000000004
2023-09-01,15E,1037.41344,1607.2749999999994
2022-12-01,15E,1136.8328199999999,1583.9269999999995
2022-08-01,15E,1347.2398899999998,1571.9099999999999
2022-07-01,15E,698.3182499999999,1571.8590000000008
2026-04-01,15E,2870.722990000001,1641.3920000000003
2022-04-01,15E,977.04783,1570.9019999999998
2022-01-01,15E,924.94497,1566.294
2023-11-01,15E,941.17358,1617.3319999999997
2024-02-01,15E,859.97498,1625.554999999999
2024-10-01,15E,1323.03282,1638.1460000000002
2024-12-01,15E,1455.08792,1644.756
2021-06-01,15E,1093.203,1554.0719999999994
2023-06-01,15E,1109.1327999999999,1598.8939999999996
2023-03-01,15E,754.9945399999999,1592.386
2025-05-01,15E,1634.9231,1647.7829999999994
2025-02-01,15E,1516.52889,1646.9750000000006
2022-03-01,15E,716.01681,1569.737
2023-07-01,15E,849.0639900000001,1601.6879999999996
2024-08-01,15E,1182.15138,1632.449
2021-11-01,15E,1089.00623,1560.8340000000005
2023-12-01,15E,967.1458799999999,1621.3709999999992
2022-02-01,15E,1377.25743,1568.005999999999
2022-09-01,15E,911.1348699999999,1573.9099999999996
2024-09-01,15E,5313.061849999999,1634.5229999999997
2023-10-01,15E,998.1963600000001,1611.2980000000005
2025-12-01,15E,2200.27637,1650.1680000000003
2024-01-01,15E,1167.4189999999999,1623.369
2021-12-01,15E,995.6072299999998,1564.5249999999999
2026-06-01,15E,4149.11271,1634.176
2026-03-01,15E,2396.3586699999996,1644.1080000000004
2024-11-01,15E,5100.171289999999,1642.4980000000012
2023-04-01,15E,870.38939,1595.0140000000006
2021-10-01,15E,1239.8304,1558.8339999999994
2025-11-01,15E,2085.2231899999997,1650.3580000000004
2026-02-01,15E,2375.693969999999,1646.2569999999998
2025-10-01,15E,2538.2457299999996,1649.469
2024-06-01,15E,998.5445900000002,1634.5700000000008
2022-11-01,15E,670.6991,1579.1729999999995
2021-10-01,15F,6411.83651,903.2970000000004
2024-02-01,15F,378.1222,935.9099999999997
2026-01-01,15F,2764.8050700000003,945.4240000000002
2023-07-01,15F,375.30664,921.312
2025-11-01,15F,2024.1171500000003,946.5659999999999
2024-12-01,15F,331.17637,944.5790000000001
2025-03-01,15F,1475.86557,944.523
2022-09-01,15F,3516.40871,908.4230000000001
2021-07-01,15F,548.81809,898.6599999999999
2025-08-01,15F,1402.66489,939.949
2023-05-01,15F,3587.0970700000003,920.94
2023-09-01,15F,158.12973,921.5989999999997
2024-06-01,15F,157.44198999999998,937.172
2025-06-01,15F,1478.4760999999999,942.8490000000004
2026-04-01,15F,1012.9296799999998,941.103
2022-03-01,15F,296.55053,909.6159999999999
2021-11-01,15F,3365.0723499999995,906.3040000000004
2024-10-01,15F,393.9346499999999,940.7559999999996
2025-10-01,15F,1703.8467400000002,945.0990000000006
2025-07-01,15F,1147.76487,941.0750000000002
2024-05-01,15F,165.75228,937.3860000000001
2023-08-01,15F,14314.10008,921.3679999999999
2022-04-01,15F,6363.75313,910.116
2023-01-01,15F,251.9255,918.2699999999996
2024-04-01,15F,133.81971,936.115
2025-01-01,15F,869.8309100000001,944.391
2024-08-01,15F,319.39313,936.311
2023-02-01,15F,3271.2113200000003,919.1260000000002
2021-12-01,15F,3228.38324,907.9759999999999
2022-02-01,15F,3318.7295099999997,909.3939999999999
2025-05-01,15F,1077.84048,943.2420000000003
2021-06-01,15F,3273.67956,898.0770000000002
2026-03-01,15F,3841.12523,941.9460000000004
2022-10-01,15F,3505.70292,911.967
2024-01-01,15F,219.68936999999997,934.853
2022-07-01,15F,3587.63825,909.4680000000001
2024-03-01,15F,20796.97855,936.2070000000002
2026-02-01,15F,2465.76919,943.649
2026-06-01,15F,1561.32417,935.7589999999999
2023-06-01,15F,431.85097,921.8519999999999
2025-12-01,15F,2167.6678100000004,946.388
2023-03-01,15F,3245.37079,920.5380000000001
2025-02-01,15F,13972.25157,944.794
2022-11-01,15F,3303.5025899999996,916.1749999999997
2024-07-01,15F,14811.175029999997,936.6619999999994
2023-12-01,15F,7090.532300000001,933.8000000000004
2022-01-01,15F,3608.10132,908.8750000000001
2021-08-01,15F,3280.5353700000005,898.2619999999995
2023-10-01,15F,233.79307999999997,926.2859999999998
2021-09-01,15F,3280.0220700000004,898.0780000000002
2022-12-01,15F,3272.30684,917.7
2022-05-01,15F,3663.1808300000002,909.8860000000003
2022-08-01,15F,3297.0887299999995,908.7420000000001
2023-04-01,15F,296.73196999999993,920.6379999999999
2023-11-01,15F,215.59093000000001,930.9919999999996
2025-09-01,15F,1480.2779200000002,938.9560000000004
2024-11-01,15F,378.11572,943.367
2025-04-01,15F,4778.696150000001,944.118
2024-09-01,15F,14803.9908,936.206
2022-06-01,15F,3468.85645,909.7790000000001
2026-05-01,15F,772.32511,938.9430000000001
2025-05-01,15M,1980.0579599999999,1142.8429999999998
2021-06-01,15M,1303.5796100000002,1102.1600000000003
2024-04-01,15M,1605.7639599999998,1133.8020000000006
2026-01-01,15M,1011.4222599999999,1144.598
2023-10-01,15M,1185.1781899999999,1127.4319999999998
2022-05-01,15M,1297.9095200000002,1110.392
2024-01-01,15M,1930.54413,1131.412
2024-07-01,15M,1133.56656,1137.2830000000001
2024-08-01,15M,2293.0596900000005,1138.4599999999996
2022-11-01,15M,5648.67483,1116.057
2021-12-01,15M,2324.65998,1106.7410000000002
2025-02-01,15M,981.4243899999999,1142.2219999999998
2022-07-01,15M,1912.1870900000001,1112.1250000000002
2025-11-01,15M,1115.9587999999999,1145.4600000000005
2025-04-01,15M,1125.12624,1142.5459999999998
2025-10-01,15M,1003.03953,1145.5970000000004
2023-06-01,15M,1538.87477,1122.2149999999992
2025-07-01,15M,1048.92329,1143.8440000000003
2026-03-01,15M,1107.64242,1143.527
2022-02-01,15M,1083.69149,1108.0529999999997
2022-09-01,15M,2014.65779,1114.0570000000002
2023-12-01,15M,1315.34385,1130.6760000000002
2023-05-01,15M,2366.6707200000005,1121.1429999999998
2025-01-01,15M,1066.76217,1141.4219999999998
2022-10-01,15M,757.3907099999999,1114.9460000000004
2024-12-01,15M,1134.5803899999999,1141.001
2021-07-01,15M,1361.18638,1103.193
2024-02-01,15M,1206.3266899999996,1132.3290000000002
2021-09-01,15M,2621.72694,1104.7909999999997
2025-08-01,15M,1062.53573,1144.6179999999993
2022-12-01,15M,794.03789,1117.511
2024-06-01,15M,1568.5803399999998,1136.0790000000002
2026-04-01,15M,1048.86982,1143.5179999999996
2021-08-01,15M,2703.8365299999996,1103.9910000000002
2023-04-01,15M,1223.5172,1120.369
2026-05-01,15M,256.60715,1143.466
2023-09-01,15M,1717.1812799999998,1126.3380000000004
2022-06-01,15M,1020.27964,1111.5359999999998
2023-02-01,15M,1241.57412,1118.8900000000003
2023-07-01,15M,1346.61163,1123.5530000000006
2024-11-01,15M,1122.1127999999999,1140.5849999999998
2025-03-01,15M,161.86315000000002,1142.17
2025-12-01,15M,1144.4102599999999,1145.0269999999996
2022-08-01,15M,94.41853,1112.8839999999996
2024-03-01,15M,2572.0269,1133.1200000000001
2024-10-01,15M,1131.7286199999999,1140.163
2026-02-01,15M,1050.71061,1144.0260000000005
2025-09-01,15M,1987.02717,1145.0589999999995
2023-11-01,15M,1633.1629,1129.2740000000001
2024-09-01,15M,1308.3296,1139.385
2022-01-01,15M,1495.3911799999998,1107.3200000000002
2021-11-01,15M,2100.26121,1105.868
2021-10-01,15M,1379.3166100000003,1105.5030000000002
2026-06-01,15M,1116.36856,1142.9980000000005
2025-06-01,15M,1255.0297500000001,1143.3340000000003
2023-08-01,15M,976.10733,1125.116
2022-03-01,15M,502.03673000000003,1108.6350000000004
2023-03-01,15M,1703.6517,1119.694
2023-01-01,15M,1411.51658,1118.0340000000003
2022-04-01,15M,2293.8776800000005,1109.7640000000001
2024-05-01,15M,1578.8819299999998,1135.1779999999997
2022-03-01,15N,1094.7694000000001,1270.7350000000006
2023-06-01,15N,1269.53486,1283.4230000000002
2022-01-01,15N,1371.3106400000001,1269.9150000000002
2022-05-01,15N,865.2204199999999,1271.205
2022-09-01,15N,946.96911,1274.0499999999997
2025-04-01,15N,593.98584,1297.2560000000003
2021-09-01,15N,926.5811000000001,1261.0320000000008
2022-11-01,15N,815.43158,1277.9829999999997
2021-11-01,15N,985.1205499999999,1267.83
2023-08-01,15N,683.2510100000001,1284.5549999999998
2024-02-01,15N,703.28,1293.429
2025-05-01,15N,834.3817400000001,1296.8179999999995
2023-05-01,15N,577.35805,1282.9679999999998
2025-06-01,15N,617.0580799999998,1296.7480000000003
2025-12-01,15N,1887.4384200000002,1299.0420000000001
2023-02-01,15N,677.2726999999999,1282.1240000000003
2026-05-01,15N,1122.01888,1294.1960000000004
2026-04-01,15N,2812.76019,1295.364999999999
2025-07-01,15N,894.80685,1296.182
2022-10-01,15N,745.2019300000002,1276.2480000000003
2025-10-01,15N,806.9053100000001,1300.0509999999997
2023-10-01,15N,797.36907,1289.152
2025-08-01,15N,1525.0043399999997,1295.9879999999996
2025-02-01,15N,571.4549100000002,1298.014
2021-06-01,15N,843.2827,1258.5330000000001
2025-01-01,15N,902.1414800000001,1298.1779999999994
2024-06-01,15N,1056.1347,1294.052
2024-01-01,15N,1027.0946800000002,1292.7060000000004
2025-11-01,15N,1044.06166,1299.692
2021-12-01,15N,870.22038,1269.2879999999998
2024-03-01,15N,972.4503599999998,1293.577
2024-04-01,15N,908.8955599999999,1293.737
2024-09-01,15N,829.55436,1293.8590000000004
2022-08-01,15N,727.5320099999999,1273.2639999999997
2021-08-01,15N,740.8168699999999,1260.5950000000003
2024-10-01,15N,871.8635600000001,1297.2439999999995
2025-03-01,15N,643.2160999999999,1297.5960000000002
2026-03-01,15N,1526.1480399999998,1295.6630000000002
2022-07-01,15N,883.96175,1272.9759999999994
2021-10-01,15N,859.56679,1264.7960000000005
2023-04-01,15N,555.0327599999999,1283.3750000000002
2021-07-01,15N,834.7213999999999,1259.562
2026-01-01,15N,987.42217,1298.0879999999997
2023-11-01,15N,876.3122399999999,1291.3179999999998
2023-07-01,15N,827.0113699999999,1284.1929999999995
2024-05-01,15N,823.5404,1294.0670000000005
2025-09-01,15N,728.8937000000002,1295.9740000000006
2024-11-01,15N,645.4144,1298.1570000000004
2022-02-01,15N,826.3741200000001,1270.2070000000003
2022-12-01,15N,884.9355300000001,1279.7090000000003
2023-03-01,15N,902.3368399999998,1282.854
2022-06-01,15N,748.64526,1272.4269999999997
2023-01-01,15N,755.1866999999999,1280.8939999999996
2026-06-01,15N,2853.84091,1293.3099999999995
2024-07-01,15N,767.2419399999999,1293.9009999999998
2023-12-01,15N,875.7578200000002,1292.3589999999995
2024-12-01,15N,769.2536500000001,1298.4480000000003
2024-08-01,15N,928.8078,1293.960000000001
2026-02-01,15N,686.9704999999999,1296.7090000000005
2022-04-01,15N,931.88922,1271.2980000000002
2023-09-01,15N,1077.8651,1284.8779999999995
2023-08-01,16C,129.15670000000003,727.246
2026-02-01,16C,356.51779,740.8700000000001
2022-03-01,16C,175.84726000000003,717.4539999999995
2025-11-01,16C,268.2028,741.3529999999998
2022-05-01,16C,182.14237000000003,718.5419999999997
2023-06-01,16C,16.68531,726.3620000000002
2025-05-01,16C,79.78737000000001,739.7070000000001
2021-06-01,16C,229.00038999999998,711.9909999999999
2024-07-01,16C,35.422920000000005,735.2210000000001
2023-04-01,16C,157.47328000000002,725.7939999999999
2025-06-01,16C,73.9564,739.8019999999999
2025-12-01,16C,162.98703999999998,741.3000000000001
2026-04-01,16C,62.260209999999994,739.9549999999999
2025-04-01,16C,58.024170000000005,739.5690000000001
2021-12-01,16C,166.59228000000002,715.7090000000001
2022-02-01,16C,170.00136,716.722
2024-05-01,16C,128.33593,734.5279999999999
2024-11-01,16C,437.23819000000003,737.8929999999999
2024-10-01,16C,289.30932000000007,737.3739999999997
2024-06-01,16C,124.59923,734.81
2021-08-01,16C,180.75002999999998,713.0289999999999
2024-03-01,16C,144.69851,733.3900000000001
2024-04-01,16C,133.1291,733.6530000000002
2026-06-01,16C,162.81748,738.2959999999999
2021-09-01,16C,116.78013000000001,713.4770000000001
2023-12-01,16C,107.55172999999999,731.1039999999999
2021-07-01,16C,108.57976000000001,712.5680000000001
2022-01-01,16C,230.07347999999996,716.2000000000002
2023-02-01,16C,30.6951,723.9070000000003
2025-01-01,16C,195.28033000000002,738.1630000000002
2024-01-01,16C,140.03659,731.5440000000003
2026-05-01,16C,118.54783,739.7719999999999
2022-12-01,16C,36.92269,722.8799999999999
2021-11-01,16C,114.93241,714.6949999999998
2023-07-01,16C,18.45797,726.863
2024-09-01,16C,37.17581,736.404
2025-09-01,16C,106.60079999999999,740.3429999999998
2022-08-01,16C,83.4425,719.8049999999997
2023-09-01,16C,61.58316,727.7520000000001
2022-07-01,16C,118.36696,719.5180000000003
2024-12-01,16C,146.5084,738.1239999999995
2022-06-01,16C,66.81671,719.2450000000002
2022-09-01,16C,38.40041,720.2580000000003
2023-05-01,16C,48.58307,725.959
2024-02-01,16C,16.70917,732.8329999999996
2025-07-01,16C,116.15791999999999,739.8949999999999
2022-10-01,16C,238.91595999999998,721.021
2021-10-01,16C,227.5581,713.7540000000001
2025-08-01,16C,33.84978,740.2289999999999
2026-01-01,16C,141.35063,741.0750000000002
2023-03-01,16C,41.91581,725.0330000000001
2025-10-01,16C,80.64549,741.5339999999999
2023-11-01,16C,40.83506,730.2900000000002
2024-08-01,16C,99.94915,735.9889999999999
2022-11-01,16C,118.10452000000001,722.126
2025-03-01,16C,90.24471,739.32
2023-10-01,16C,16.61093,728.681
2025-02-01,16C,218.64423,739.0449999999998
2026-03-01,16C,263.59039,740.444
2023-01-01,16C,85.88956,722.9460000000003
2022-04-01,16C,46.123949999999994,718.3470000000003
2024-07-01,18C,77.51675,831.106
2022-02-01,18C,110.19046,814.7449999999995
2022-08-01,18C,65.9941,818.5330000000002
2022-03-01,18C,21.05997,815.213
2025-10-01,18C,1080.6248600000001,835.4689999999998
2025-07-01,18C,395.45806,834.084
2026-06-01,18C,1145.59541,832.6410000000002
2025-09-01,18C,349.67077,835.1360000000001
2026-05-01,18C,365.30488,833.0810000000001
2024-11-01,18C,25.70224,833.1480000000003
2022-10-01,18C,110.55833,819.991
2023-05-01,18C,82.37221000000001,822.7900000000001
2023-06-01,18C,69.96171,823.6019999999999
2025-01-01,18C,416.80884,832.6499999999999
2024-02-01,18C,150.47952,828.1550000000002
2021-08-01,18C,178.87991,811.2430000000002
2022-04-01,18C,69.70944,815.3910000000001
2022-07-01,18C,111.78695,817.7379999999999
2022-09-01,18C,111.74422999999999,819.6100000000002
2024-10-01,18C,140.2704,832.9029999999997
2025-05-01,18C,972.64739,833.325
2021-11-01,18C,104.08684,812.9739999999999
2024-01-01,18C,353.66731999999996,827.6849999999998
2023-08-01,18C,46.15558,825.259
2021-07-01,18C,59.74015,809.6889999999999
2026-02-01,18C,290.14603,834.307
2022-01-01,18C,36.51909,814.3559999999999
2026-03-01,18C,592.26402,833.5709999999999
2024-04-01,18C,133.65981,828.764
2023-07-01,18C,23.2387,824.1579999999999
2023-03-01,18C,155.26918,822.3580000000004
2024-08-01,18C,89.82981,831.8439999999999
2023-02-01,18C,71.98394,821.7439999999999
2022-11-01,18C,29.57603,820.3800000000001
2024-03-01,18C,123.71516000000001,828.5250000000002
2023-01-01,18C,27.09549,821.326
2024-09-01,18C,113.81215,832.4409999999999
2022-06-01,18C,16.938589999999998,816.794
2026-04-01,18C,1082.41667,833.5730000000002
2025-04-01,18C,330.87628,833.1280000000002
2021-12-01,18C,257.77826999999996,813.751
2023-11-01,18C,370.76965,826.887
2022-05-01,18C,111.84231999999999,815.8050000000001
2025-06-01,18C,372.02446,833.6059999999999
2025-02-01,18C,392.94621000000006,832.6869999999999
2023-04-01,18C,11.67533,822.5029999999998
2023-12-01,18C,375.84913,827.3849999999996
2025-11-01,18C,78.51615,835.199
2021-10-01,18C,179.25267000000002,812.7120000000003
2025-08-01,18C,738.53928,834.4800000000001
2022-12-01,18C,90.82169,820.9810000000003
2025-12-01,18C,528.88553,835.2380000000002
2023-09-01,18C,19.03893,826.0649999999998
2021-09-01,18C,77.22908,812.1540000000001
2021-06-01,18C,165.71562999999998,808.546
2025-03-01,18C,1214.3403899999998,832.7069999999999
2023-10-01,18C,151.51926,826.5160000000002
2024-06-01,18C,61.03484,830.2839999999999
2026-01-01,18C,362.21144,834.8949999999998
2024-05-01,18C,62.23715,829.684
2025-05-01,26A,200.10658999999998,1100.0859999999998
2024-03-01,26A,172.1133,1094.4939999999995
2024-10-01,26A,217.45356,1099.1110000000008
2024-12-01,26A,228.56573000000003,1099.946
2023-05-01,26A,113.27508,1088.3080000000002
2023-11-01,26A,300.34524999999996,1092.9660000000001
2025-09-01,26A,186.34669,1101.5460000000003
2023-06-01,26A,444.88870999999995,1088.6959999999995
2025-04-01,26A,363.13228,1100.1140000000005
2024-04-01,26A,408.36624,1094.6060000000004
2025-12-01,26A,767.00181,1102.8289999999997
2021-09-01,26A,558.3726999999999,1077.9399999999998
2025-07-01,26A,323.79403,1100.529
2024-05-01,26A,311.55192,1095.702
2023-01-01,26A,410.41048,1087.8420000000008
2022-05-01,26A,588.1066800000001,1081.0170000000003
2022-12-01,26A,614.93354,1087.849
2024-01-01,26A,520.95046,1093.968
2025-03-01,26A,240.91745000000003,1100.1560000000004
2025-11-01,26A,268.61316000000005,1103.392
2025-02-01,26A,48.75823,1100.4140000000004
2023-08-01,26A,232.54478,1089.9619999999995
2026-01-01,26A,109.87187,1102.188
2022-11-01,26A,267.51391,1087.166
2026-06-01,26A,593.38631,1097.3700000000003
2021-12-01,26A,493.16312999999997,1080.943000000001
2022-09-01,26A,276.86521,1083.9789999999994
2023-04-01,26A,313.56087,1088.1690000000003
2024-09-01,26A,270.83457999999996,1097.6510000000003
2024-07-01,26A,179.65041,1096.3080000000002
2022-04-01,26A,150.54419,1080.8270000000002
2021-10-01,26A,394.95649000000003,1079.4830000000004
2022-01-01,26A,1032.0719299999998,1081.2280000000003
2025-10-01,26A,409.80663000000004,1103.4249999999997
2024-11-01,26A,211.50081,1099.8439999999998
2026-04-01,26A,860.3639499999999,1099.904
2021-07-01,26A,1310.31844,1076.3609999999999
2023-02-01,26A,273.27783,1087.9649999999997
2024-08-01,26A,294.02754,1096.9879999999996
2022-08-01,26A,371.25730999999996,1083.0659999999998
2025-06-01,26A,319.3808,1100.2779999999996
2021-08-01,26A,682.4464,1077.0720000000003
2022-07-01,26A,339.83417,1082.501
2024-02-01,26A,557.05803,1094.4290000000005
2026-02-01,26A,845.8431400000001,1101.0690000000006
2022-06-01,26A,232.39965000000004,1081.7359999999994
2023-03-01,26A,338.50354,1088.258
2026-05-01,26A,123.20783999999999,1098.9650000000001
2024-06-01,26A,358.58108,1095.9410000000005
2021-06-01,26A,635.2722800000001,1075.3229999999999
2023-09-01,26A,372.75797,1090.5079999999996
2025-08-01,26A,262.01313,1100.991
2025-01-01,26A,289.69561999999996,1100.26
2022-02-01,26A,266.18965000000003,1081.1209999999996
2026-03-01,26A,410.35747999999995,1100.1989999999994
2023-10-01,26A,78.3028,1091.784
2023-12-01,26A,404.6812800000001,1094.0910000000006
2023-07-01,26A,368.02749,1089.283
2021-11-01,26A,908.10928,1080.2539999999997
2022-10-01,26A,383.66396000000003,1085.3600000000001
2022-03-01,26A,853.78989,1080.841
2025-10-01,27D,986.29394,824.56
2023-07-01,27D,340.22641000000004,808.608
2023-05-01,27D,538.5025199999999,806.809
2026-02-01,27D,1271.3418700000002,824.7980000000001
2025-02-01,27D,121.16024999999999,822.2140000000002
2023-03-01,27D,204.81494999999998,805.9349999999998
2023-10-01,27D,352.6592,810.74
2025-11-01,27D,1905.96716,824.699
2023-09-01,27D,317.49493999999993,810.3199999999999
2024-04-01,27D,87.15514999999999,815.3820000000002
2021-09-01,27D,58.154669999999996,791.9299999999996
2022-12-01,27D,258.24645,804.133
2026-01-01,27D,1410.9935,824.7529999999999
2025-07-01,27D,816.4320299999999,823.428
2023-11-01,27D,284.80848,812.0349999999999
2022-02-01,27D,126.68363999999998,795.7109999999997
2024-05-01,27D,330.02794,816.7219999999999
2025-06-01,27D,827.4951000000001,823.2049999999999
2025-08-01,27D,778.81844,824.196
2022-04-01,27D,132.75428000000002,797.0560000000002
2022-05-01,27D,164.63367,797.455
2022-09-01,27D,227.24875,801.7030000000003
2021-10-01,27D,142.87711000000002,792.353
2024-02-01,27D,207.91358,814.117
2021-11-01,27D,259.95354,793.1130000000002
2022-01-01,27D,132.39138,795.1669999999999
2024-08-01,27D,722.8289100000002,818.9800000000002
2021-06-01,27D,266.74909,788.1630000000001
2025-12-01,27D,711.62177,825.0900000000003
2026-05-01,27D,971.4764700000001,824.1920000000002
2024-07-01,27D,399.09351,818.097
2022-11-01,27D,117.84985,803.1750000000004
2024-10-01,27D,466.92721,820.0169999999999
2022-03-01,27D,295.29024,796.0980000000003
2021-08-01,27D,193.25620000000004,790.6439999999999
2025-04-01,27D,339.0282,822.616
2024-03-01,27D,409.303,814.7510000000001
2023-02-01,27D,150.84210000000002,805.4759999999998
2025-05-01,27D,991.2040200000001,822.88
2024-12-01,27D,177.90263,821.4979999999998
2024-06-01,27D,302.73023,817.3149999999998
2025-01-01,27D,819.6907499999999,821.6050000000001
2023-04-01,27D,133.28682999999998,806.4379999999999
2025-03-01,27D,646.7229299999999,822.0739999999997
2023-08-01,27D,237.16224000000003,809.3430000000001
2023-12-01,27D,301.16445,812.9219999999997
2025-09-01,27D,766.1268999999999,824.564
2022-10-01,27D,166.56258,802.3390000000002
2022-06-01,27D,131.07965000000002,798.452
2023-01-01,27D,216.45091,804.6949999999999
2026-06-01,27D,769.02419,823.8129999999999
2022-08-01,27D,255.78109999999998,800.5459999999999
2026-04-01,27D,1272.3468899999998,824.621
2023-06-01,27D,219.88561,807.487
2024-11-01,27D,575.20134,820.878
2021-07-01,27D,151.76878000000002,789.7389999999999
2024-09-01,27D,644.16605,819.7340000000004
2022-07-01,27D,242.05771,799.4229999999998
2026-03-01,27D,725.59433,824.4939999999998
2024-01-01,27D,324.17962,813.285
2021-12-01,27D,281.48491999999993,794.0410000000003
2022-05-01,36J,416.09812,650.2899999999998
2024-03-01,36J,133.68715,665.3260000000002
2023-10-01,36J,160.31171,661.0849999999999
2023-09-01,36J,82.58544,660.2600000000001
2023-07-01,36J,129.2406,659.387
2024-08-01,36J,232.29832,668.9859999999999
2025-04-01,36J,3523.6503900000002,669.5889999999999
2024-10-01,36J,689.7511900000001,669.6800000000001
2022-01-01,36J,84.10576,647.9699999999999
2026-05-01,36J,5.05784,666.4779999999998
2026-02-01,36J,168.78276,668.1709999999998
2022-02-01,36J,175.82118,648.4839999999997
2021-08-01,36J,60.262049999999995,647.1730000000001
2025-05-01,36J,84.83041,669.6309999999999
2021-11-01,36J,277.74174000000005,646.8510000000001
2021-07-01,36J,379.38251,646.9099999999997
2021-12-01,36J,182.41403,647.316
2023-05-01,36J,130.22555,657.911
2021-09-01,36J,405.22475,645.4900000000001
2022-11-01,36J,115.28703000000002,654.764
2023-04-01,36J,55.89789,657.579
2025-11-01,36J,5.05765,669.5550000000001
2023-08-01,36J,334.1252,660.0480000000001
2026-03-01,36J,46.68585,667.4839999999999
2025-01-01,36J,62.67953,670.083
2025-08-01,36J,338.8232,669.9429999999999
2024-11-01,36J,156.38699,670.008
2022-03-01,36J,351.16183,649.13
2024-06-01,36J,245.78222000000002,667.7530000000002
2023-02-01,36J,383.91352,656.3529999999998
2026-01-01,36J,36.570679999999996,668.7090000000001
2025-06-01,36J,6.60566,669.712
2024-09-01,36J,108.16809,669.2570000000001
2022-10-01,36J,141.28474,653.2370000000002
2026-06-01,36J,766.92688,664.8220000000001
2022-09-01,36J,387.37519000000003,652.5390000000002
2025-02-01,36J,89.9199,669.8199999999998
2021-10-01,36J,545.98663,645.7119999999999
2025-10-01,36J,5.05725,669.723
2023-03-01,36J,152.99758,657.058
2025-07-01,36J,191.24973,669.795
2022-07-01,36J,169.59990999999997,651.538
2021-06-01,36J,668.53204,646.0630000000003
2024-04-01,36J,266.17861,665.7899999999997
2024-07-01,36J,167.28963,668.1669999999998
2025-09-01,36J,184.64738,669.885
2023-01-01,36J,82.74472,655.909
2024-05-01,36J,578.04148,667.125
2024-12-01,36J,198.42713,670.2120000000001
2024-02-01,36J,88.68821,664.9699999999999
2022-12-01,36J,49.34652,655.5580000000003
2023-11-01,36J,448.03936000000004,662.09
2022-04-01,36J,199.32807000000003,650.021
2026-04-01,36J,999.3162,667.0759999999999
2024-01-01,36J,141.91914,664.0760000000001
2023-06-01,36J,102.48300000000002,658.6009999999999
2022-06-01,36J,59.185810000000004,650.982
2023-12-01,36J,149.31079,663.134
2025-03-01,36J,373.21164999999996,669.6819999999999
2025-12-01,36J,1483.06783,669.1719999999998
2022-08-01,36J,25.4264,651.8949999999998
2024-09-01,36L,1336.08045,1771.3210000000006
2025-05-01,36L,1541.4758599999998,1774.3820000000005
2023-08-01,36L,8718.35749,1753.762
2023-05-01,36L,4900.224889999999,1748.1729999999998
2023-02-01,36L,1931.0801999999999,1745.4370000000006
2023-03-01,36L,1863.2245599999999,1747.3499999999992
2025-01-01,36L,1972.7681400000001,1775.3070000000002
2023-09-01,36L,5602.41931,1756.1100000000006
2021-06-01,36L,1362.5882699999997,1711.6490000000003
2025-02-01,36L,916.7768900000001,1776.4790000000007
2022-11-01,36L,6451.659490000002,1740.3490000000002
2026-02-01,36L,1653.6306499999998,1770.5239999999994
2025-04-01,36L,1762.5331099999999,1774.4360000000006
2024-12-01,36L,1766.1602799999996,1775.237
2024-03-01,36L,2190.75036,1763.7609999999993
2023-01-01,36L,6012.29918,1743.273000000001
2022-05-01,36L,2109.7284099999997,1730.5729999999996
2022-06-01,36L,1742.48934,1732.381
2022-10-01,36L,2628.2416400000006,1737.8759999999997
2021-12-01,36L,2450.77163,1724.1039999999991
2026-03-01,36L,2012.9885800000004,1766.3570000000002
2025-12-01,36L,2182.71082,1778.0950000000003
2026-01-01,36L,3291.152650000001,1776.523
2025-09-01,36L,1641.1535399999996,1778.3349999999998
2022-08-01,36L,1928.84784,1735.3249999999987
2023-06-01,36L,5658.732220000001,1749.0460000000014
2025-08-01,36L,1459.5060300000002,1777.8609999999987
2021-11-01,36L,2260.3698600000002,1721.246000000001
2024-10-01,36L,1973.75099,1771.8320000000006
2024-04-01,36L,1614.125,1764.1039999999998
2024-08-01,36L,2435.95306,1769.8450000000005
2022-07-01,36L,1607.7515899999996,1734.1569999999995
2023-04-01,36L,1368.4547899999998,1748.8529999999996
2025-03-01,36L,1665.11332,1775.396
2022-01-01,36L,2125.36643,1726.2480000000003
2026-05-01,36L,2069.7333499999995,1759.3770000000002
2022-04-01,36L,1434.8246299999998,1729.5939999999996
2023-07-01,36L,5624.2891,1751.4640000000002
2023-10-01,36L,2035.7727200000002,1756.504
2025-10-01,36L,3158.11775,1778.7450000000008
2023-11-01,36L,1851.62766,1758.7240000000004
2024-05-01,36L,1510.58399,1767.9169999999997
2024-06-01,36L,1770.77161,1769.455
2021-10-01,36L,1707.4155800000003,1719.9219999999993
2024-02-01,36L,12589.80634,1764.2690000000007
2025-11-01,36L,2551.1690799999997,1778.5960000000011
2025-06-01,36L,1604.2428599999998,1775.6120000000014
2022-02-01,36L,1748.28632,1727.7179999999998
2024-01-01,36L,1861.8665499999997,1762.8890000000001
2021-07-01,36L,2186.76236,1715.7059999999992
2024-07-01,36L,1799.0767400000002,1769.790999999999
2022-03-01,36L,2065.17164,1728.777999999999
2025-07-01,36L,3027.83887,1776.801
2023-12-01,36L,5693.975690000003,1761.2070000000006
2024-11-01,36L,1612.95274,1774.8349999999987
2021-08-01,36L,1439.8622599999999,1718.5239999999983
2026-06-01,36L,2327.6930299999995,1751.6509999999992
2022-12-01,36L,6448.544920000002,1742.2720000000002
2026-04-01,36L,1181.99426,1763.3670000000002
2021-09-01,36L,2574.073089999999,1719.1129999999991
2022-09-01,36L,1897.1614399999996,1736.898
2022-02-01,42D,920.15887,554.057
2024-01-01,42D,60.32887,563.043
2021-12-01,42D,142.58553,553.5079999999999
2022-11-01,42D,110.42911,558.3920000000002
2021-09-01,42D,189.82163999999997,552.435
2025-09-01,42D,31.43103,570.7510000000001
2021-06-01,42D,68.75917,550.247
2025-06-01,42D,111.83493999999999,569.3069999999999
2021-11-01,42D,286.7703,552.825
2025-07-01,42D,116.12726999999998,569.7719999999999
2022-08-01,42D,60.332300000000004,556.7849999999997
2023-10-01,42D,29.26286,562.309
2023-08-01,42D,107.11252,561.75
2023-12-01,42D,4868.2325,562.8639999999999
2024-02-01,42D,256.5879,563.3770000000001
2023-09-01,42D,32.068749999999994,562.2380000000002
2024-08-01,42D,158.96095,566.087
2021-08-01,42D,104.24295,551.9480000000001
2026-06-01,42D,266.21281,569.3920000000004
2024-12-01,42D,1420.40004,567.5980000000001
2023-06-01,42D,1870.19785,560.5590000000001
2023-11-01,42D,35.967780000000005,562.7229999999998
2025-10-01,42D,308.58847,570.8610000000001
2021-07-01,42D,95.07494,551.0759999999999
2021-10-01,42D,39.6756,552.7389999999998
2025-12-01,42D,514.60731,570.823
2023-07-01,42D,119.81022,561.1410000000002
2026-04-01,42D,265.28128,569.9680000000001
2023-01-01,42D,28.78175,558.884
2023-04-01,42D,132.10951,559.961
2022-06-01,42D,140.4096,555.656
2024-11-01,42D,151.97422,567.314
2025-03-01,42D,1388.54096,568.4440000000001
2025-11-01,42D,285.34794,570.7809999999998
2024-04-01,42D,155.40476999999998,563.7310000000001
2022-05-01,42D,109.19569000000001,554.8599999999999
2026-05-01,42D,258.90263,569.795
2025-04-01,42D,24.08806,568.8030000000001
2023-03-01,42D,22.63704,559.687
2022-07-01,42D,881.1459299999999,556.0930000000001
2023-02-01,42D,35.54773,559.356
2024-07-01,42D,1691.6732399999999,565.313
2022-01-01,42D,81.05024999999999,553.8369999999999
2026-01-01,42D,262.08811,570.583
2023-05-01,42D,55.22543,560.2339999999999
2022-12-01,42D,46.53726,558.8129999999999
2024-05-01,42D,2949.67677,564.2879999999999
2022-04-01,42D,1791.18669,554.4139999999998
2024-03-01,42D,257.53098,563.6000000000003
2025-01-01,42D,118.00203,567.9029999999998
2024-09-01,42D,1516.5401299999999,566.4650000000001
2026-02-01,42D,254.74256,570.3190000000001
2022-10-01,42D,113.27983,557.905
2022-09-01,42D,1742.45311,557.5719999999999
2025-08-01,42D,16.74595,570.4369999999999
2025-05-01,42D,34.62099,569.1189999999999
2024-06-01,42D,259.78752,564.7030000000002
2024-10-01,42D,1520.33194,567.0070000000001
2026-03-01,42D,262.19895,570.045
2025-02-01,42D,50.27612,568.3359999999999
2022-03-01,42D,920.75777,554.328
2024-03-01,52R,113.40448,1145.6179999999997
2024-10-01,52R,203.90974,1152.7630000000001
2022-06-01,52R,179.98392,1120.9709999999995
2025-02-01,52R,176.82310999999999,1155.3000000000004
2024-02-01,52R,465.00696,1145.155999999999
2021-11-01,52R,381.02214999999995,1114.747
2022-04-01,52R,192.17058,1120.2889999999998
2025-11-01,52R,366.56242000000003,1158.9860000000003
2023-06-01,52R,146.73040999999998,1137.6909999999998
2024-11-01,52R,205.76986,1155.2589999999996
2025-12-01,52R,106.37258,1158.5480000000007
2023-12-01,52R,445.20527,1143.2100000000003
2025-10-01,52R,393.94185999999996,1158.3029999999994
2026-02-01,52R,180.52208,1155.9089999999999
2026-06-01,52R,267.07731,1147.9630000000002
2024-08-01,52R,226.45445999999998,1146.574
2021-09-01,52R,439.35219,1102.1479999999995
2024-05-01,52R,167.36245,1147.1670000000004
2024-09-01,52R,330.84931,1146.1089999999992
2022-11-01,52R,198.37120000000004,1132.6910000000003
2025-08-01,52R,117.92378999999998,1152.462
2025-07-01,52R,255.91494999999998,1153.5129999999992
2022-10-01,52R,301.37377000000004,1129.0070000000005
2023-04-01,52R,144.28252999999998,1137.2350000000001
2025-04-01,52R,257.59987,1155.1560000000009
2024-01-01,52R,118.80573000000001,1143.9400000000005
2025-09-01,52R,239.89961,1152.0929999999998
2022-07-01,52R,264.77281,1120.9279999999999
2021-06-01,52R,212.03191,1104.3079999999998
2025-01-01,52R,222.44852000000003,1155.0739999999998
2021-12-01,52R,225.13997,1116.5180000000005
2023-01-01,52R,242.99699999999996,1135.0670000000007
2023-10-01,52R,177.14771,1137.6930000000007
2023-11-01,52R,172.02496,1141.466
2022-01-01,52R,471.2115,1117.7189999999998
2025-03-01,52R,208.28289,1155.2259999999999
2025-06-01,52R,212.4701,1154.4740000000002
2026-03-01,52R,556.0402299999998,1154.7900000000002
2023-07-01,52R,160.42029,1136.9989999999998
2026-04-01,52R,347.90001000000007,1153.8900000000003
2021-07-01,52R,370.80647999999997,1104.0359999999998
2021-10-01,52R,447.1395299999999,1111.7540000000001
2024-04-01,52R,376.08054,1146.1970000000006
2023-03-01,52R,170.49799,1136.4170000000001
2026-05-01,52R,276.29589,1150.823
2026-01-01,52R,421.61361999999997,1157.508
2023-09-01,52R,762.4327900000001,1131.8510000000003
2022-12-01,52R,189.34141,1134.3770000000002
2022-05-01,52R,351.94877,1120.2810000000002
2021-08-01,52R,453.40072999999995,1101.981
2023-08-01,52R,216.23229,1135.2940000000003
2023-05-01,52R,271.86827,1137.396
2022-03-01,52R,263.3814,1119.2539999999997
2024-06-01,52R,139.6271,1147.1429999999998
2023-02-01,52R,2210.6828499999997,1135.826
2022-09-01,52R,205.71487000000002,1120.8079999999993
2022-02-01,52R,261.38059,1118.4980000000003
2022-08-01,52R,173.73869,1120.4670000000003
2024-07-01,52R,401.41788,1146.7149999999997
2025-05-01,52R,111.37433,1154.9200000000008
2024-12-01,52R,204.14727000000002,1155.586
2022-01-01,70F,673.55288,921.366
2024-01-01,70F,219.40155,937.7959999999999
2025-11-01,70F,318.22065999999995,951.5469999999999
2022-09-01,70F,117.09718000000001,927.355
2021-07-01,70F,677.9828500000001,915.18
2024-12-01,70F,281.28334,946.6859999999999
2022-08-01,70F,331.51999,926.3629999999995
2024-02-01,70F,446.3718099999999,938.4639999999997
2022-10-01,70F,499.97873000000004,927.9189999999999
2026-03-01,70F,283.95061,950.024
2025-12-01,70F,220.1449,951.6940000000003
2021-08-01,70F,511.36826999999994,916.6339999999999
2022-04-01,70F,683.6064700000001,922.7250000000003
2025-08-01,70F,180.74251,950.8210000000004
2021-11-01,70F,600.8832100000001,918.73
2023-10-01,70F,999.7999199999999,935.4229999999997
2024-06-01,70F,410.89423000000005,941.7530000000004
2024-10-01,70F,867.14029,945.1000000000004
2026-02-01,70F,118.9213,950.569
2024-08-01,70F,344.01685999999995,943.8529999999998
2025-03-01,70F,338.46669999999995,947.8670000000001
2023-12-01,70F,489.57520000000005,937.3699999999999
2023-01-01,70F,167.55360000000002,930.0710000000001
2025-02-01,70F,288.53028,947.5749999999999
2023-05-01,70F,311.14878,931.379
2023-06-01,70F,436.87968,932.2129999999996
2025-01-01,70F,226.35108,947.1729999999997
2026-05-01,70F,354.24980999999997,949.5979999999998
2024-11-01,70F,148.24289,945.8090000000001
2025-10-01,70F,247.26082000000002,951.6939999999996
2024-09-01,70F,348.19196,944.4350000000002
2022-12-01,70F,311.83518,929.641
2025-06-01,70F,153.50409,949.691
2023-11-01,70F,268.40202999999997,936.2860000000006
2022-05-01,70F,945.0092799999999,923.4319999999997
2024-04-01,70F,211.46531999999996,939.7859999999996
2024-07-01,70F,121.08744,942.6960000000001
2026-04-01,70F,259.26787,950.0679999999999
2026-01-01,70F,386.22893,951.175
2021-09-01,70F,582.14535,917.745
2025-05-01,70F,360.06228,949.5
2026-06-01,70F,389.41342000000003,948.8779999999999
2021-12-01,70F,787.10561,919.819
2022-11-01,70F,185.52466,928.8750000000002
2024-03-01,70F,350.33312000000006,939.2489999999999
2021-06-01,70F,597.5251499999999,913.6169999999996
2023-09-01,70F,494.24033999999995,935.3259999999998
2025-07-01,70F,228.95217,950.3009999999999
2023-07-01,70F,196.8367,933.226
2021-10-01,70F,537.2665099999999,918.0770000000001
2022-02-01,70F,309.13910000000004,921.9840000000002
2024-05-01,70F,322.22598,940.7040000000001
2023-02-01,70F,211.88317,930.4859999999998
2025-04-01,70F,185.88680000000002,948.7370000000001
2022-03-01,70F,531.96417,922.2270000000002
2022-06-01,70F,221.93497000000002,924.5509999999999
2023-04-01,70F,291.34726,931.1250000000001
2023-08-01,70F,272.73371,934.158
2023-03-01,70F,300.17037,930.7539999999998
2025-09-01,70F,346.35949,951.5529999999999
2022-07-01,70F,335.30208999999996,925.5889999999997
2023-06-01,71E,391.97686,815.0959999999999
2026-05-01,71E,432.54345000000006,824.385
2024-04-01,71E,482.65691,820.541
2021-07-01,71E,774.9772799999998,800.34
2023-09-01,71E,630.0073,816.6650000000003
2023-07-01,71E,334.33919999999995,815.4130000000002
2024-01-01,71E,611.92526,819.3920000000003
2025-10-01,71E,269.85057,826.0649999999999
2021-11-01,71E,1057.2867399999998,802.8169999999998
2022-09-01,71E,476.06187,809.2720000000002
2023-12-01,71E,333.35969,819.135
2023-04-01,71E,431.43787,814.1730000000001
2021-06-01,71E,887.7381699999999,799.67
2024-09-01,71E,515.8170799999999,822.8589999999999
2021-12-01,71E,718.34581,803.7049999999999
2025-01-01,71E,526.46844,824.5690000000001
2023-03-01,71E,524.1797,813.4650000000005
2025-02-01,71E,555.00236,824.9879999999999
2026-03-01,71E,479.28946,824.273
2026-04-01,71E,309.00189,824.69
2021-10-01,71E,763.9822599999998,801.4569999999999
2022-10-01,71E,223.04816999999997,809.7440000000001
2024-03-01,71E,466.29337999999996,820.1740000000003
2024-10-01,71E,540.81789,823.06
2024-12-01,71E,457.07245,823.8989999999997
2025-11-01,71E,538.40633,825.0329999999999
2022-12-01,71E,448.65578999999997,812.4609999999998
2022-04-01,71E,296.57962,805.536
2023-08-01,71E,308.91478,816.2009999999998
2022-08-01,71E,534.29746,808.281
2021-08-01,71E,980.5112599999999,800.526
2024-07-01,71E,429.14818,821.8909999999997
2024-06-01,71E,446.47713999999996,821.4799999999999
2025-04-01,71E,617.8678600000001,825.7629999999997
2023-05-01,71E,318.01189999999997,814.4810000000002
2023-11-01,71E,617.98768,818.164
2022-05-01,71E,579.0262400000001,805.821
2024-08-01,71E,500.66901,822.3400000000003
2025-07-01,71E,536.44402,826.0939999999995
2024-11-01,71E,524.89081,823.229
2025-06-01,71E,477.51691999999997,825.5549999999998
2025-03-01,71E,404.90594999999996,825.1560000000001
2025-05-01,71E,543.85576,825.3189999999998
2025-12-01,71E,363.84604,825.3059999999998
2026-01-01,71E,942.0996299999999,825.4580000000002
2026-06-01,71E,412.14049,823.6619999999997
2023-10-01,71E,484.36978,817.1840000000001
2022-11-01,71E,817.3498599999999,811.6769999999999
2022-02-01,71E,722.7209899999999,804.7290000000002
2023-01-01,71E,589.5913,812.815
2026-02-01,71E,383.51979,824.9470000000002
2024-02-01,71E,412.6921899999999,819.6009999999999
2024-05-01,71E,444.1262499999999,821.5020000000001
2021-09-01,71E,850.1460800000001,801.218
2025-08-01,71E,520.5845599999999,826.719
2022-03-01,71E,507.05794000000003,805.2290000000003
2022-06-01,71E,361.28220999999996,806.5899999999999
2023-02-01,71E,291.32899,813.119
2022-01-01,71E,722.7150800000001,804.3819999999997
2025-09-01,71E,629.0558299999999,826.741
2022-07-01,71E,400.93021000000005,807.427
2024-12-01,72Q,2540.686819999999,2123.2129999999984
2022-04-01,72Q,1565.65111,2052.5589999999993
2024-09-01,72Q,2555.39937,2115.7229999999995
2025-09-01,72Q,2614.45467,2125.301
2025-12-01,72Q,3783.83491,2123.9829999999997
2026-03-01,72Q,4276.91323,2108.153
2024-10-01,72Q,1787.1782599999995,2118.1420000000007
2022-02-01,72Q,1708.8907499999998,2049.9099999999994
2025-10-01,72Q,3901.84376,2126.2280000000005
2025-07-01,72Q,1914.2179599999997,2123.712000000001
2021-07-01,72Q,2674.7497799999996,2030.7190000000003
2024-07-01,72Q,2444.0844999999995,2114.9300000000007
2021-11-01,72Q,2228.27948,2041.6589999999997
2023-08-01,72Q,2179.1849999999995,2085.117
2021-12-01,72Q,2785.3251900000005,2044.9000000000005
2021-08-01,72Q,2636.7787500000013,2035.2330000000002
2023-05-01,72Q,2083.1045,2075.928000000001
2025-11-01,72Q,3588.0982200000008,2125.2289999999994
2022-08-01,72Q,1781.3626800000002,2057.7989999999995
2023-07-01,72Q,1673.91733,2082.1369999999997
2024-03-01,72Q,1423.83305,2105.8709999999987
2023-02-01,72Q,1580.99756,2072.706
2025-06-01,72Q,2764.01615,2123.1360000000004
2026-04-01,72Q,2029.2925200000004,2106.7530000000006
2022-12-01,72Q,2513.1641499999996,2068.752000000001
2022-01-01,72Q,2027.78203,2047.004000000002
2022-11-01,72Q,1632.0036000000005,2065.2409999999986
2026-02-01,72Q,2535.9512499999996,2113.5630000000015
2024-08-01,72Q,2269.36548,2115.4560000000006
2021-06-01,72Q,1913.6617599999995,2024.341999999999
2023-01-01,72Q,1678.0307100000005,2069.4819999999995
2024-05-01,72Q,2137.5402899999995,2111.416
2022-07-01,72Q,1518.84995,2055.9700000000003
2023-09-01,72Q,1268.3323,2087.0499999999997
2022-05-01,72Q,1630.9144400000002,2053.393
2023-11-01,72Q,1672.71781,2094.9519999999993
2023-10-01,72Q,1998.6315799999998,2089.440000000001
2025-02-01,72Q,1987.48332,2125.209999999999
2022-09-01,72Q,1532.7164400000001,2059.36
2026-06-01,72Q,2548.892329999999,2094.8020000000006
2021-10-01,72Q,2251.76449,2038.7539999999985
2025-03-01,72Q,2679.0872300000005,2124.726000000001
2026-05-01,72Q,1761.3837600000002,2100.851
2024-04-01,72Q,3246.468280000001,2106.9920000000006
2022-10-01,72Q,1385.44807,2061.2179999999994
2024-11-01,72Q,2045.1017899999997,2121.697
2026-01-01,72Q,3540.1069399999997,2121.044000000001
2025-05-01,72Q,2008.7080099999998,2122.9719999999998
2023-03-01,72Q,2303.19406,2074.5559999999996
2025-04-01,72Q,2388.419799999999,2123.3689999999997
2021-09-01,72Q,2293.32626,2036.6050000000002
2022-03-01,72Q,2533.835870000001,2050.934999999999
2022-06-01,72Q,1804.1555700000004,2055.0280000000002
2023-06-01,72Q,2279.5629200000008,2078.4699999999993
2025-01-01,72Q,2098.20807,2123.937
2025-08-01,72Q,2140.0626700000003,2124.2819999999997
2024-06-01,72Q,1866.2131600000002,2113.039999999999
2024-01-01,72Q,2355.674900000001,2099.9360000000024
2024-02-01,72Q,1725.38782,2103.4199999999996
2023-12-01,72Q,1451.75571,2098.253
2023-04-01,72Q,1207.6206,2075.8350000000005
2026-05-01,78H,1497.4549599999998,850.1379999999998
2021-09-01,78H,3200.50663,806.9480000000003
2026-03-01,78H,2750.41972,850.6130000000002
2024-06-01,78H,372.37264000000005,843.1750000000002
2025-03-01,78H,1364.57683,849.6169999999997
2024-11-01,78H,1155.6688500000002,847.5759999999999
2025-08-01,78H,1732.9846099999997,851.911
2024-12-01,78H,1245.0937000000001,848.3029999999998
2023-01-01,78H,348.5589,821.9169999999999
2026-04-01,78H,1747.8447700000002,850.5980000000002
2023-05-01,78H,119.83211,826.4250000000001
2021-11-01,78H,2127.5822,808.0709999999998
2025-12-01,78H,1874.87534,852.5679999999999
2022-08-01,78H,1255.25227,816.5999999999999
2021-07-01,78H,1162.77943,804.554
2025-05-01,78H,1374.74534,850.1509999999998
2025-04-01,78H,1260.9105900000002,849.8109999999999
2022-07-01,78H,248.46499,815.609
2024-04-01,78H,2311.36094,840.7769999999998
2024-03-01,78H,1363.93904,839.7130000000001
2024-08-01,78H,2321.7181600000004,845.2270000000002
2022-12-01,78H,3094.07645,821.0969999999998
2023-03-01,78H,166.05824,823.7619999999998
2026-01-01,78H,2224.94201,852.3169999999998
2022-01-01,78H,2237.10657,809.756
2021-06-01,78H,1488.68164,803.3610000000001
2025-10-01,78H,1988.5294499999998,852.8940000000001
2025-06-01,78H,1373.5934300000001,850.6430000000001
2023-10-01,78H,3194.82527,832.5409999999999
2022-11-01,78H,183.32161,819.557
2021-12-01,78H,1683.71461,808.8779999999999
2023-09-01,78H,2116.5089,831.7210000000001
2022-10-01,78H,3917.33511,818.4860000000001
2022-03-01,78H,1076.9954699999998,811.3800000000001
2024-09-01,78H,1289.0186899999999,846.3040000000001
2025-02-01,78H,2377.33242,849.5970000000004
2021-10-01,78H,1434.4658100000001,807.447
2024-10-01,78H,134.36203999999998,846.5939999999997
2022-06-01,78H,3037.15917,814.9129999999999
2026-02-01,78H,1811.0191400000003,851.1250000000001
2023-08-01,78H,1212.65768,830.5099999999999
2023-02-01,78H,2058.39347,822.9590000000002
2024-01-01,78H,3140.41769,836.8029999999999
2025-01-01,78H,2382.3241399999997,848.83
2024-05-01,78H,1351.67723,842.1319999999997
2022-02-01,78H,2188.82124,810.925
2023-07-01,78H,440.98861000000005,829.3230000000001
2025-11-01,78H,1951.90829,852.8559999999998
2023-04-01,78H,2147.52369,825.5069999999997
2023-11-01,78H,1200.87036,834.4669999999999
2025-07-01,78H,1647.6589000000001,851.219
2024-07-01,78H,3247.98881,844.1590000000002
2023-12-01,78H,1129.69233,835.8910000000001
2022-09-01,78H,2317.7507899999996,817.8550000000001
2022-05-01,78H,2195.303,813.5239999999999
2021-08-01,78H,2775.47945,806.3720000000002
2024-02-01,78H,5246.17043,838.366
2025-09-01,78H,1979.7276599999998,852.5450000000003
2026-06-01,78H,2039.36941,849.24
2023-06-01,78H,3178.29163,827.6659999999999
2022-04-01,78H,1612.31618,812.4409999999998
2023-11-01,84H,416.72998,566.32
2022-10-01,84H,568.0719600000001,561.256
2025-04-01,84H,263.58916,569.613
2021-09-01,84H,1658.5435599999998,556.9390000000001
2022-01-01,84H,1565.8741000000002,561.0389999999999
2023-12-01,84H,455.97684,566.7829999999999
2025-10-01,84H,459.60304,570.7360000000001
2024-12-01,84H,362.98767,569.673
2024-09-01,84H,690.0600000000001,566.2069999999999
2022-02-01,84H,624.0976699999999,561.3000000000001
2022-08-01,84H,1141.87047,560.2040000000001
2022-09-01,84H,365.93461,560.2069999999998
2026-04-01,84H,322.05884000000003,571.041
2024-04-01,84H,329.77559,566.4920000000002
2024-02-01,84H,321.81977,566.9380000000001
2025-06-01,84H,401.08195,569.4590000000001
2026-05-01,84H,366.72118000000006,570.5139999999998
2021-11-01,84H,913.4042499999998,559.3549999999998
2021-10-01,84H,601.74427,557.1759999999998
2025-03-01,84H,282.8803,569.5980000000001
2021-08-01,84H,748.2252,557.0980000000002
2025-11-01,84H,356.32821,571.9810000000001
2023-05-01,84H,365.18379999999996,563.8930000000001
2025-07-01,84H,429.00064999999995,569.2949999999998
2023-02-01,84H,415.33667,563.576
2024-03-01,84H,9040.14891,566.75
2023-01-01,84H,685.48648,563.4680000000001
2023-03-01,84H,468.53533,563.723
2023-08-01,84H,517.40825,563.155
2021-06-01,84H,973.2819000000001,558.0619999999999
2024-06-01,84H,365.89914999999996,566.972
2022-04-01,84H,697.87477,560.7199999999999
2023-09-01,84H,374.13552,562.948
2022-12-01,84H,605.5640999999999,563.5099999999999
2023-06-01,84H,1210.1371600000002,563.9939999999999
2025-05-01,84H,636.7587100000001,569.3659999999999
2026-01-01,84H,460.92870999999997,571.8580000000001
2022-07-01,84H,735.05202,560.524
2024-08-01,84H,675.40122,566.418
2022-05-01,84H,1276.53839,560.5749999999999
2025-01-01,84H,420.40009,569.738
2022-03-01,84H,505.33963,560.8109999999999
2023-07-01,84H,356.71653999999995,563.4459999999999
2025-12-01,84H,445.76215,572.131
2024-01-01,84H,449.1236599999999,566.788
2024-05-01,84H,2151.2672600000005,566.6680000000002
2023-04-01,84H,1375.79458,563.795
2022-11-01,84H,455.34513,563.086
2023-10-01,84H,379.73331,564.7650000000001
2024-10-01,84H,314.78216,567.1019999999999
2026-02-01,84H,363.12834,571.6020000000001
2026-03-01,84H,456.5834,571.4909999999999
2025-02-01,84H,430.41844000000003,569.7239999999999
2022-06-01,84H,610.0467399999999,560.9169999999999
2026-06-01,84H,351.6493,569.6069999999999
2024-07-01,84H,641.1041299999999,566.7420000000002
2025-09-01,84H,341.75445,568.6310000000002
2021-07-01,84H,661.1017899999999,558.1019999999997
2021-12-01,84H,758.8809400000001,560.7709999999998
2024-11-01,84H,445.24958000000004,568.818
2025-08-01,84H,296.76560000000006,568.8329999999997
2026-05-01,91Q,1279.47796,2041.5040000000006
2022-01-01,91Q,1757.92718,1958.865
2024-01-01,91Q,1641.50664,2010.299
2025-10-01,91Q,2174.2412600000002,2043.1479999999997
2024-05-01,91Q,1353.5336200000002,2020.5740000000003
2021-11-01,91Q,2351.7553199999998,1954.8539999999996
2024-09-01,91Q,1750.9864199999997,2029.0140000000015
2023-02-01,91Q,1356.5100300000001,1985.645
2023-01-01,91Q,1453.91622,1983.3319999999997
2023-12-01,91Q,1644.32813,2008.528
2023-10-01,91Q,1352.2923200000005,2002.471
2024-07-01,91Q,1417.7119899999998,2024.5870000000016
2021-09-01,91Q,1616.3274299999998,1950.2839999999999
2024-08-01,91Q,1201.51542,2027.1270000000002
2022-10-01,91Q,1073.20383,1976.0999999999995
2023-06-01,91Q,2169.3735600000005,1992.789
2022-02-01,91Q,2100.3434199999997,1960.701
2026-03-01,91Q,1942.8594999999998,2041.8409999999997
2025-11-01,91Q,3149.84393,2043.4009999999996
2023-05-01,91Q,1876.0090300000002,1990.5979999999993
2022-11-01,91Q,1154.91377,1978.674
2026-01-01,91Q,1932.6477100000002,2043.7780000000007
2023-07-01,91Q,1771.2236500000004,1994.9920000000004
2024-02-01,91Q,2008.1633,2013.4709999999998
2023-11-01,91Q,1320.7902499999998,2005.6419999999991
2023-08-01,91Q,1342.01078,1997.739999999999
2022-09-01,91Q,1575.00827,1974.2229999999993
2021-08-01,91Q,1574.10751,1947.8649999999998
2022-05-01,91Q,2003.6175600000001,1966.3160000000007
2024-11-01,91Q,1120.45795,2032.9039999999993
2024-06-01,91Q,1847.4303100000004,2022.3419999999999
2025-12-01,91Q,2170.0394200000005,2044.05
2022-08-01,91Q,873.4344199999999,1972.012
2024-12-01,91Q,1114.11857,2034.402
2022-07-01,91Q,1498.1572000000003,1970.9129999999993
2025-02-01,91Q,1788.7271500000002,2036.7999999999993
2024-04-01,91Q,2558.6026899999997,2017.4769999999999
2025-08-01,91Q,1650.26733,2041.7640000000001
2021-12-01,91Q,2114.9730799999998,1956.9129999999996
2021-07-01,91Q,2510.0366999999997,1946.0659999999996
2022-12-01,91Q,1685.2876,1981.6249999999995
2021-06-01,91Q,2116.0443000000005,1942.2400000000002
2025-09-01,91Q,1204.1946500000001,2042.6929999999988
2023-09-01,91Q,1647.70834,1999.898
2022-04-01,91Q,1285.8657999999998,1964.643999999999
2021-10-01,91Q,1998.5674899999997,1952.1199999999997
2022-06-01,91Q,1095.0886299999997,1968.6950000000004
2025-01-01,91Q,1745.1536200000003,2035.0990000000013
2023-04-01,91Q,908.3763100000001,1988.377000000001
2025-07-01,91Q,1513.81907,2040.3910000000003
2022-03-01,91Q,1781.6868100000004,1962.4060000000004
2024-10-01,91Q,1429.64668,2030.8719999999987
2025-04-01,91Q,1469.9775499999998,2037.8589999999997
2024-03-01,91Q,1706.5851799999998,2015.1370000000004
2025-03-01,91Q,1686.7376899999997,2037.201000000001
2025-06-01,91Q,2036.6208300000003,2039.691000000001
2025-05-01,91Q,949.75763,2038.5829999999994
2023-03-01,91Q,2123.86717,1987.3100000000013
2026-04-01,91Q,2586.9256399999995,2041.9029999999998
2026-06-01,91Q,2862.24527,2039.5220000000008
2026-02-01,91Q,2275.7856899999997,2043.0900000000006
2024-11-01,92A,1093.5187600000002,1302.9830000000002
2024-02-01,92A,698.1613499999999,1294.9730000000004
2022-12-01,92A,2586.6687300000003,1283.4119999999998
2021-12-01,92A,1240.1188700000002,1269.7199999999991
2023-07-01,92A,988.0162599999999,1287.7560000000003
2023-01-01,92A,972.0065999999999,1283.3539999999998
2026-06-01,92A,820.4347799999999,1295.166
2024-08-01,92A,1035.07468,1301.327
2025-12-01,92A,1259.93294,1303.1779999999997
2023-10-01,92A,1285.63238,1290.2009999999998
2023-05-01,92A,1121.7868999999998,1286.2120000000002
2025-03-01,92A,1202.3258700000001,1303.4460000000006
2022-03-01,92A,1049.76061,1272.3509999999994
2026-01-01,92A,1662.01718,1302.4359999999997
2022-09-01,92A,666.58033,1280.5350000000005
2024-10-01,92A,844.3029300000001,1302.1989999999998
2021-08-01,92A,916.0032999999999,1265.3870000000004
2024-03-01,92A,984.47375,1295.5600000000002
2025-01-01,92A,1271.91121,1303.3989999999994
2024-05-01,92A,930.3641899999999,1298.0799999999997
2025-02-01,92A,739.4847399999998,1303.8010000000004
2023-03-01,92A,622.35476,1285.3309999999992
2022-11-01,92A,931.6856699999997,1282.2390000000005
2022-02-01,92A,1748.1140000000007,1271.8890000000001
2024-06-01,92A,592.49283,1298.749
2025-05-01,92A,984.07915,1303.881
2025-11-01,92A,1296.5326699999996,1303.6380000000006
2021-09-01,92A,1210.31087,1266.7460000000008
2021-06-01,92A,1173.1030999999998,1261.8100000000004
2025-07-01,92A,633.7830600000001,1304.422
2021-07-01,92A,1422.4574799999998,1263.1710000000003
2022-04-01,92A,1600.2516899999998,1273.1459999999997
2022-05-01,92A,463.17003000000005,1273.918
2023-02-01,92A,468.17113,1284.503
2022-07-01,92A,703.2534199999999,1277.3139999999999
2025-04-01,92A,629.66671,1303.7030000000004
2023-08-01,92A,1405.3610199999998,1288.9040000000002
2023-11-01,92A,619.84636,1292.1059999999995
2025-06-01,92A,993.3082300000001,1304.1440000000002
2021-11-01,92A,1025.81806,1268.465
2021-10-01,92A,1043.88347,1267.8519999999999
2025-10-01,92A,1242.05639,1304.655
2024-09-01,92A,1128.5037200000002,1301.7239999999995
2024-12-01,92A,868.08731,1303.1709999999998
2023-09-01,92A,1230.85528,1289.7059999999997
2026-02-01,92A,787.9682100000002,1300.5720000000003
2022-08-01,92A,1331.06913,1278.6999999999996
2024-01-01,92A,1012.40027,1293.4019999999994
2025-08-01,92A,1357.14734,1304.674
2026-04-01,92A,978.6193999999999,1298.2220000000007
2023-12-01,92A,1560.4283800000003,1293.703
2023-04-01,92A,698.6575600000001,1285.4329999999995
2025-09-01,92A,812.0116399999999,1304.9849999999994
2022-01-01,92A,1729.62041,1270.666
2023-06-01,92A,710.20806,1286.5719999999994
2024-07-01,92A,850.2406200000001,1299.945
2026-03-01,92A,729.5956499999999,1299.0510000000002
2022-10-01,92A,942.9188800000001,1280.9909999999993
2022-06-01,92A,1773.36086,1275.741
2024-04-01,92A,1605.7620299999999,1296.18
2026-05-01,92A,619.19546,1297.1709999999996
2022-04-01,92G,201.00017,980.7580000000003
2024-11-01,92G,168.55191,1010.9770000000001
2023-05-01,92G,611.33195,993.4310000000003
2023-02-01,92G,295.02967,991.548
2025-07-01,92G,164.46505000000002,1012.5630000000001
2022-02-01,92G,293.31388999999996,979.2920000000006
2025-05-01,92G,416.07853,1012.4049999999999
2024-03-01,92G,241.97833,1003.965
2024-02-01,92G,266.46841,1003.489
2025-09-01,92G,323.97796999999997,1012.5199999999998
2026-01-01,92G,451.19421,1013.425
2023-04-01,92G,367.19905,992.6470000000004
2021-09-01,92G,566.2659,974.0820000000003
2024-09-01,92G,294.32273999999995,1008.692
2023-12-01,92G,752.5965900000001,1001.1500000000001
2025-03-01,92G,568.0512699999999,1012.383
2024-08-01,92G,189.55415,1008.0369999999998
2022-03-01,92G,549.70754,979.9529999999999
2025-04-01,92G,457.4415,1012.478
2022-12-01,92G,95.34917999999999,988.9930000000002
2025-08-01,92G,349.02712999999994,1012.5399999999997
2022-11-01,92G,172.42586999999997,987.3340000000002
2021-12-01,92G,384.19424999999995,976.8820000000001
2026-06-01,92G,364.2087,1010.6510000000001
2021-10-01,92G,157.74479,974.506
2025-12-01,92G,374.39656,1013.4640000000002
2023-10-01,92G,212.89684999999997,997.4820000000004
2026-02-01,92G,448.96538999999996,1012.3499999999999
2024-12-01,92G,660.21697,1012.5479999999999
2024-04-01,92G,195.26972000000004,1004.3739999999999
2022-07-01,92G,171.60738999999998,983.5339999999997
2024-10-01,92G,444.34522,1009.3139999999999
2023-11-01,92G,107.54741000000001,999.0650000000003
2023-01-01,92G,165.95486000000002,990.3560000000001
2026-05-01,92G,412.99004,1010.959
2024-07-01,92G,517.93851,1007.1000000000003
2026-03-01,92G,138.02742999999998,1011.376
2022-09-01,92G,248.32386,985.3570000000002
2022-08-01,92G,200.43734,984.213
2023-08-01,92G,26.13386,995.9160000000002
2025-10-01,92G,279.67613000000006,1012.6560000000003
2025-02-01,92G,446.62785999999994,1012.8120000000002
2025-01-01,92G,209.22098,1013.103
2024-06-01,92G,260.9672,1006.4450000000003
2025-11-01,92G,549.7427500000001,1013.154
2023-07-01,92G,246.79931999999997,995.2860000000003
2025-06-01,92G,628.76865,1012.5740000000004
2021-07-01,92G,492.71506,971.8130000000001
2024-01-01,92G,185.06414999999998,1003.0160000000001
2021-06-01,92G,417.14516000000003,970.157
2021-11-01,92G,421.4506,975.6350000000002
2022-06-01,92G,108.65471,982.537
2023-09-01,92G,299.93919000000005,996.7719999999997
2022-10-01,92G,278.66155000000003,985.8539999999996
2023-06-01,92G,206.86267999999998,994.133
2022-01-01,92G,485.94163999999995,978.415
2024-05-01,92G,235.5666,1005.592
2021-08-01,92G,305.5914,972.9230000000001
2026-04-01,92G,295.82004,1011.1840000000002
2023-03-01,92G,197.33841999999999,992.0869999999996
2022-05-01,92G,513.9229399999999,981.3499999999997
2021-09-01,93C,2394.838419999999,1717.4509999999987
2022-09-01,93C,1589.6511599999997,1756.6619999999994
2024-10-01,93C,2111.15438,1821.3810000000005
2022-01-01,93C,2478.41567,1742.4839999999995
2022-10-01,93C,1641.95963,1760.5159999999998
2026-06-01,93C,2861.7910199999997,1802.029
2025-10-01,93C,2020.5049499999998,1839.7899999999993
2023-10-01,93C,2050.3481600000005,1793.3720000000005
2023-09-01,93C,2120.94602,1789.5739999999996
2024-12-01,93C,2193.5266800000004,1834.7040000000009
2024-02-01,93C,1925.6055899999997,1806.6809999999998
2023-11-01,93C,1769.3239899999999,1800.0220000000008
2026-01-01,93C,3637.2715,1836.974
2024-05-01,93C,2134.3675399999997,1811.2089999999996
2025-01-01,93C,4590.42348,1837.2190000000012
2021-08-01,93C,2306.6786800000004,1715.5539999999999
2023-03-01,93C,1613.3636,1780.6440000000011
2023-07-01,93C,3110.8279199999993,1785.9170000000001
2024-06-01,93C,1840.6155800000001,1812.6550000000009
2024-11-01,93C,2216.52614,1830.4289999999994
2022-08-01,93C,1235.2641700000001,1754.884
2024-01-01,93C,1790.7662,1805.0820000000003
2024-04-01,93C,2665.5890600000002,1806.8579999999988
2026-02-01,93C,2779.8657300000004,1826.587
2023-06-01,93C,1797.52421,1784.2999999999995
2022-04-01,93C,1593.0385799999997,1748.3369999999998
2022-03-01,93C,2233.0063099999993,1747.3589999999997
2022-12-01,93C,1883.4409399999995,1773.0240000000001
2024-08-01,93C,4137.258110000001,1814.8830000000003
2021-06-01,93C,2466.7544800000005,1704.9370000000001
2021-11-01,93C,2530.70267,1732.3469999999998
2022-05-01,93C,1691.9330699999998,1749.6970000000001
2025-08-01,93C,1689.78475,1835.876
2023-12-01,93C,1763.23627,1803.9670000000006
2025-02-01,93C,1295.9147500000004,1839.0690000000002
2022-02-01,93C,1903.4836400000002,1745.346000000001
2025-06-01,93C,1897.0505099999998,1836.1329999999991
2021-07-01,93C,2207.4247800000007,1712.9629999999995
2026-03-01,93C,2613.0035300000004,1818.1750000000002
2023-08-01,93C,1993.4876900000004,1788.0330000000015
2022-06-01,93C,1129.8423999999998,1751.8549999999998
2025-07-01,93C,3293.09692,1836.05
2022-07-01,93C,2234.2127100000002,1753.7250000000006
2025-09-01,93C,2425.74677,1835.2399999999998
2021-12-01,93C,2409.3859899999993,1737.52
2025-05-01,93C,2562.70035,1836.0220000000002
2023-05-01,93C,3054.8228,1782.6080000000004
2021-10-01,93C,2059.70582,1724.5139999999997
2026-04-01,93C,2270.77095,1815.2209999999993
2025-03-01,93C,2452.2613300000003,1837.5380000000007
2023-04-01,93C,1660.2528200000004,1781.514999999999
2025-11-01,93C,1801.48786,1842.5859999999996
2024-07-01,93C,2184.2388600000004,1813.2949999999998
2023-02-01,93C,1663.4410900000003,1778.5830000000014
2022-11-01,93C,1513.7939899999997,1768.922999999999
2024-09-01,93C,2241.1846799999994,1814.96
2023-01-01,93C,1793.9102500000001,1775.3200000000008
2024-03-01,93C,2419.6752699999997,1808.4080000000006
2025-04-01,93C,2637.6369400000003,1836.881
2025-12-01,93C,1938.7606900000003,1840.8040000000003
2026-05-01,93C,2644.1732099999995,1810.4080000000001
2023-12-01,97R,1184.1407199999999,574.5460000000002
2024-02-01,97R,1471.2211799999998,574.72
2022-10-01,97R,865.3109000000001,569.8349999999999
2023-02-01,97R,417.71036999999995,571.0149999999999
2023-10-01,97R,1069.10031,573.793
2021-12-01,97R,594.1891900000002,566.0369999999998
2024-12-01,97R,1723.54646,577.1909999999999
2025-04-01,97R,2373.3475399999998,577.258
2022-12-01,97R,822.04899,570.478
2022-08-01,97R,499.36285999999996,568.8709999999999
2024-04-01,97R,1608.815,575.206
2022-11-01,97R,405.49526,569.9859999999999
2022-07-01,97R,333.97452000000004,568.262
2023-08-01,97R,538.66247,573.1079999999998
2023-07-01,97R,166.34379,572.8580000000001
2024-01-01,97R,1736.17798,574.503
2022-03-01,97R,431.7741200000001,566.6969999999999
2021-10-01,97R,467.4604899999999,565.5230000000001
2021-09-01,97R,412.13101,565.4449999999999
2025-07-01,97R,602.0664099999999,577.266
2025-09-01,97R,477.60438000000005,577.6990000000001
2022-06-01,97R,1963.6693100000005,567.7819999999999
2025-06-01,97R,2867.7292900000007,577.34
2022-02-01,97R,542.3405700000001,566.5319999999998
2024-11-01,97R,494.70462000000003,577.065
2025-10-01,97R,1980.0717599999998,577.538
2024-03-01,97R,3068.8678,574.97
2021-11-01,97R,466.29868999999997,565.6170000000001
2023-04-01,97R,243.34161999999998,571.3290000000001
2022-09-01,97R,514.1379099999999,569.4139999999999
2026-04-01,97R,1854.48225,576.49
2024-08-01,97R,2541.1200599999997,576.8529999999998
2025-05-01,97R,1404.3348500000004,577.2390000000001
2021-07-01,97R,557.44002,564.6420000000002
2026-06-01,97R,2716.76265,576.024
2023-05-01,97R,308.93982,571.5849999999998
2023-06-01,97R,818.79812,572.1629999999999
2025-11-01,97R,4315.17601,577.3729999999999
2022-05-01,97R,444.54880999999995,567.309
2023-03-01,97R,861.01867,571.151
2026-01-01,97R,3166.7114899999997,576.9879999999999
2023-09-01,97R,1874.3764599999997,573.7199999999999
2024-06-01,97R,342.80726000000004,576.0189999999999
2025-02-01,97R,373.15889,577.444
2026-02-01,97R,1795.8913799999998,576.7340000000002
2025-03-01,97R,1428.0844699999998,577.0920000000001
2025-08-01,97R,1717.1946899999998,577.4789999999998
2024-09-01,97R,2190.16275,577.0019999999997
2025-12-01,97R,3004.4739600000007,577.3349999999999
2024-10-01,97R,1112.40762,576.9780000000001
2024-05-01,97R,575.8898,575.672
2024-07-01,97R,3992.9038600000003,576.3870000000002
2021-06-01,97R,698.1187899999999,563.7849999999999
2025-01-01,97R,4105.9191599999995,577.22
2026-05-01,97R,838.4642700000002,576.3180000000001
2026-03-01,97R,1866.4020000000003,576.521
2023-01-01,97R,866.6831900000001,570.7800000000001
2021-08-01,97R,641.2619099999998,564.988
2022-01-01,97R,452.55483,566.5410000000003
2023-11-01,97R,900.05409,574.3480000000001
2022-04-01,97R,656.79692,567.204
2022-07-01,99A,351.78655999999995,567.8889999999999
2024-12-01,99A,474.57903999999996,597.3090000000001
2025-08-01,99A,221.82371000000003,597.4639999999999
2024-10-01,99A,323.70144,594.7319999999999
2026-04-01,99A,671.85984,599.345
2026-02-01,99A,638.9956299999999,600.681
2025-10-01,99A,507.40241999999995,602.1360000000001
2025-04-01,99A,315.353,598.431
2026-05-01,99A,652.6673400000001,599.0540000000001
2021-08-01,99A,628.91672,556.8329999999999
2023-07-01,99A,308.16558,578.563
2023-12-01,99A,369.18248,586.098
2021-12-01,99A,642.87844,564.4280000000001
2023-06-01,99A,268.07472999999993,578.811
2022-02-01,99A,344.2716,564.7819999999999
2025-02-01,99A,336.21331,597.8239999999998
2021-07-01,99A,720.8894200000001,556.8170000000003
2025-03-01,99A,318.6252300000001,598.2540000000002
2024-11-01,99A,406.28803,596.6610000000004
2026-03-01,99A,927.7671399999999,599.4830000000002
2023-11-01,99A,172.1377,584.617
2023-10-01,99A,321.29607000000004,581.534
2022-09-01,99A,447.95961,567.6489999999999
2023-08-01,99A,448.72614000000004,578.1479999999999
2026-01-01,99A,746.7324800000001,602.0159999999998
2022-05-01,99A,413.04971000000006,567.521
2023-03-01,99A,287.39047999999997,577.3199999999999
2022-03-01,99A,281.96101,566.79
2021-06-01,99A,574.7418600000001,556.6039999999999
2024-04-01,99A,469.96398,588.719
2024-02-01,99A,517.2655,587.7069999999999
2023-05-01,99A,347.63141,578.3140000000001
2022-10-01,99A,212.84220000000002,570.076
2022-08-01,99A,181.37269999999998,567.767
2024-03-01,99A,370.3173,588.5049999999998
2021-09-01,99A,689.6423400000001,557.2099999999999
2024-07-01,99A,326.53533,590.1709999999997
2024-05-01,99A,364.04823,590.094
2025-01-01,99A,253.53932,597.2600000000001
2023-01-01,99A,284.46097,575.4419999999999
2023-02-01,99A,364.91987,576.2900000000001
2021-11-01,99A,651.81042,562.7960000000002
2021-10-01,99A,525.2301,559.7760000000001
2024-06-01,99A,293.58784,590.295
2025-05-01,99A,457.51888999999994,598.3059999999999
2025-12-01,99A,509.93989,602.5210000000003
2024-09-01,99A,364.17659,590.17
2022-11-01,99A,356.98479000000003,573.6159999999999
2022-06-01,99A,172.0136,567.5760000000001
2025-11-01,99A,517.98603,603.0669999999997
2025-06-01,99A,322.17479000000003,598.2609999999997
2024-01-01,99A,247.67862,586.7709999999998
2022-01-01,99A,569.82652,564.6349999999998
2022-04-01,99A,192.10522,567.5660000000001
2026-06-01,99A,1154.9441499999998,597.8460000000002
2022-12-01,99A,358.2866,575.2219999999999
2023-09-01,99A,285.20459999999997,577.8149999999999
2023-04-01,99A,215.19118000000003,577.9860000000001
2024-08-01,99A,431.33179,590.0970000000001
2025-07-01,99A,410.13197999999994,597.8290000000001
2025-09-01,99A,293.02757,597.1670000000004
2025-01-01,99C,69.73149000000001,228.67400000000004
2021-09-01,99C,115.2615,223.82899999999995
2021-07-01,99C,111.70358999999999,223.46200000000002
2022-12-01,99C,163.34036,225.30300000000008
2022-02-01,99C,93.40539,224.20300000000003
2025-07-01,99C,49.47337,228.971
2024-09-01,99C,90.85452000000001,228.289
2024-11-01,99C,55.77197,228.42200000000003
2026-02-01,99C,36.96653,229.49900000000005
2023-02-01,99C,53.71537,225.57600000000002
2025-02-01,99C,58.603790000000004,228.71300000000002
2021-06-01,99C,102.36815999999999,223.413
2023-06-01,99C,123.93614,226.03800000000004
2021-11-01,99C,192.56533,223.88300000000004
2022-06-01,99C,86.58226,224.57700000000006
2021-10-01,99C,88.84997000000001,223.819
2022-07-01,99C,115.57659000000001,224.776
2025-09-01,99C,27.747770000000003,229.189
2024-10-01,99C,64.21876999999999,228.299
2023-12-01,99C,33.9778,227.12400000000005
2026-04-01,99C,63.66936,229.367
2022-11-01,99C,105.94479,225.27000000000004
2021-08-01,99C,99.29427,223.62700000000004
2022-03-01,99C,127.43887000000001,224.31300000000002
2024-07-01,99C,70.29532999999999,227.935
2023-11-01,99C,40.52501,227.10099999999994
2023-03-01,99C,138.47954000000001,225.70100000000002
2025-03-01,99C,71.01766,228.64699999999993
2022-01-01,99C,112.4614,224.09399999999997
2022-04-01,99C,36.62418,224.313
2024-12-01,99C,54.9679,228.52499999999998
2023-04-01,99C,131.67028,225.89099999999993
2022-05-01,99C,140.01236,224.37600000000003
2025-11-01,99C,48.775020000000005,229.306
2025-10-01,99C,61.31213,229.37800000000001
2024-05-01,99C,56.86306,227.699
2025-12-01,99C,61.964439999999996,229.32599999999996
2024-02-01,99C,60.221599999999995,227.20499999999998
2025-05-01,99C,115.39627,228.83499999999998
2025-08-01,99C,94.91515,229.16199999999998
2025-06-01,99C,48.12377,228.903
2026-03-01,99C,85.75324,229.392
2022-09-01,99C,72.88919,225.055
2022-10-01,99C,113.72537,225.09400000000002
2024-04-01,99C,81.59080999999999,227.47600000000006
2023-10-01,99C,58.58194,226.932
2023-07-01,99C,78.05399,226.306
2025-04-01,99C,30.92488,228.79000000000002
2024-08-01,99C,35.48521,228.229
2023-08-01,99C,373.69956,226.483
2023-05-01,99C,76.49522999999999,225.937
2023-09-01,99C,69.25614999999999,226.66199999999998
2024-03-01,99C,14.45139,227.24800000000005
2026-05-01,99C,86.54252000000001,229.23000000000002
2023-01-01,99C,86.55159,225.446
2024-06-01,99C,39.41628,227.761
2026-06-01,99C,83.03414000000001,229.15200000000004
2022-08-01,99C,47.28101,224.96200000000002
2024-01-01,99C,14.47637,227.14300000000003
2021-12-01,99C,103.34002000000001,224.01299999999995
2026-01-01,99C,109.55160000000001,229.42200000000003
2023-05-01,99E,29.02235,289.34999999999997
2023-11-01,99E,148.23766,291.59800000000007
2022-02-01,99E,129.78844999999998,285.5230000000001
2022-07-01,99E,37.97206,286.6530000000001
2026-03-01,99E,161.15816,295.82699999999994
2021-12-01,99E,81.60012,285.2859999999999
2024-07-01,99E,27.1024,293.7030000000001
2024-12-01,99E,13.19825,295.09999999999997
2022-04-01,99E,42.97031,285.8879999999999
2024-02-01,99E,58.1005,292.325
2023-04-01,99E,31.87247,288.95700000000005
2025-05-01,99E,28.9324,295.90400000000005
2026-02-01,99E,28.9324,296.03200000000004
2022-05-01,99E,92.8299,286.12499999999994
2023-08-01,99E,293.78564,290.565
2025-03-01,99E,33.8524,295.75199999999995
2024-09-01,99E,209.60078,294.457
2021-06-01,99E,63.13694,284.55300000000005
2026-06-01,99E,274.34613,295.88200000000006
2021-08-01,99E,139.1765,285.057
2025-02-01,99E,27.1024,295.7349999999999
2022-12-01,99E,37.96607,287.93300000000005
2022-09-01,99E,65.00091,287.269
2025-06-01,99E,33.8524,296.13400000000007
2023-10-01,99E,147.78812,291.2220000000001
2025-04-01,99E,13.57879,295.884
2022-01-01,99E,2.847,285.327
2026-05-01,99E,105.78603,295.89399999999995
2024-08-01,99E,33.8524,294.1119999999999
2022-10-01,99E,65.65755,287.40199999999993
2026-01-01,99E,62.784800000000004,296.22300000000007
2025-12-01,99E,33.8524,296.23400000000004
2023-06-01,99E,226.70064000000002,289.73500000000007
2026-04-01,99E,33.8524,295.87200000000007
2023-09-01,99E,115.87196,291.046
2024-10-01,99E,27.1024,294.5990000000001
2023-07-01,99E,11.61935,290.124
2025-07-01,99E,28.9324,296.2510000000001
2021-10-01,99E,193.03796,285.167
2023-02-01,99E,94.09544,288.259
2024-05-01,99E,30.8224,293.287
2021-09-01,99E,54.09549,285.4419999999999
2023-03-01,99E,25.41209,288.49
2024-04-01,99E,67.7048,292.833
2022-08-01,99E,28.17974,287.03800000000007
2024-03-01,99E,25.50947,292.719
2025-11-01,99E,28.9324,296.37499999999994
2024-11-01,99E,42.1306,294.945
2022-03-01,99E,92.79685,285.65500000000003
2023-12-01,99E,34.96078,291.89400000000006
2021-07-01,99E,193.17347,284.6809999999999
2026-03-01,99F,55.38747,187.91899999999995
2026-02-01,99F,28.9324,188.056
2022-08-01,99F,79.67885,186.62400000000002
2022-09-01,99F,133.82141000000001,186.782
2023-07-01,99F,155.9799,186.93900000000002
2024-02-01,99F,40.09691,187.396
2023-11-01,99F,109.86248,187.30900000000003
2022-04-01,99F,81.98553999999999,186.22700000000003
2023-06-01,99F,54.44864,186.85100000000003
2024-06-01,99F,69.64797,187.646
2021-06-01,99F,156.71454,185.65400000000002
2025-02-01,99F,55.74283,188.22800000000004
2025-11-01,99F,158.91429,188.854
2022-05-01,99F,149.01585999999998,186.3
2022-02-01,99F,132.50945000000002,186.18900000000002
2026-06-01,99F,28.9324,187.867
2021-07-01,99F,79.46273,185.83
2021-09-01,99F,99.9996,186.06100000000004
2023-01-01,99F,186.05464,186.94
2024-10-01,99F,42.131330000000005,188.02599999999998
2024-12-01,99F,82.13955,188.096
2024-03-01,99F,66.12227,187.39600000000002
2025-05-01,99F,151.0645,188.526
2022-06-01,99F,152.76037,186.37700000000004
2022-12-01,99F,119.81260999999999,187.01000000000002
2022-01-01,99F,211.13506,186.104
2025-08-01,99F,99.51993,188.845
2026-04-01,99F,55.38787,187.931
2021-11-01,99F,89.9409,186.04499999999996
2025-10-01,99F,55.38514,188.834
2025-04-01,99F,42.51119,188.40800000000007
2025-12-01,99F,116.37226,188.44
2026-01-01,99F,69.00003000000001,188.30800000000002
2023-12-01,99F,12.80551,187.34699999999998
2023-09-01,99F,54.1113,187.27400000000003
2024-08-01,99F,89.48089999999999,187.88899999999995
2024-05-01,99F,66.11108,187.442
2023-08-01,99F,12.75648,187.096
2021-08-01,99F,157.63830000000002,185.92800000000003
2022-10-01,99F,240.30957,186.95499999999998
2023-03-01,99F,117.95224,186.85799999999998
2023-05-01,99F,125.68015,186.82
2024-07-01,99F,70.93822,187.783
2025-06-01,99F,56.12373,188.594
2023-10-01,99F,109.52950000000001,187.24899999999997
2023-04-01,99F,53.13042,186.889
2022-11-01,99F,81.30084,187.00799999999998
2021-10-01,99F,157.76603,185.981
2021-12-01,99F,171.28361999999998,186.077
2025-09-01,99F,28.9324,188.84799999999998
2024-04-01,99F,171.47912,187.421
2024-01-01,99F,54.54822,187.35600000000002
2022-07-01,99F,48.13552,186.40599999999995
2024-11-01,99F,13.1982,188.062
2025-03-01,99F,26.810299999999998,188.256
2022-03-01,99F,95.51188,186.18400000000003
2024-09-01,99F,26.81127,187.96200000000002
2025-01-01,99F,42.13055,188.157
2023-02-01,99F,108.47896,186.93400000000003
2024-07-01,99G,24.50905,195.47000000000003
2024-04-01,99G,23.78699,194.58200000000002
2025-01-01,99G,26.3324,196.388
2021-10-01,99G,45.78319,190.295
2022-03-01,99G,59.24609,190.419
2025-11-01,99G,31.47653,196.484
2021-07-01,99G,27.56549,190.19299999999998
2026-01-01,99G,31.47704,196.65499999999997
2023-02-01,99G,27.71115,191.22500000000005
2026-04-01,99G,0.57798,196.51500000000001
2022-01-01,99G,21.64155,190.37500000000003
2026-02-01,99G,31.47665,196.61299999999997
2025-10-01,99G,30.50502,196.63
2024-02-01,99G,29.32351,194.35399999999996
2023-09-01,99G,29.10067,193.00699999999998
2022-09-01,99G,27.62937,190.74099999999999
2024-01-01,99G,27.27411,194.013
2026-05-01,99G,31.47772,196.39999999999998
2024-12-01,99G,24.50813,196.309
2023-10-01,99G,29.15048,193.153
2025-03-01,99G,50.83988,196.37499999999997
2025-05-01,99G,30.50385,196.407
2022-08-01,99G,108.12018,190.59199999999998
2025-09-01,99G,30.50487,196.783
2022-04-01,99G,27.65928,190.537
2021-09-01,99G,45.805260000000004,190.37699999999998
2025-06-01,99G,30.50409,196.494
2023-12-01,99G,29.25955,193.84499999999997
2024-10-01,99G,24.50939,195.82099999999997
2021-06-01,99G,18.2245,190.11999999999998
2022-06-01,99G,135.29776,190.48800000000003
2026-06-01,99G,110.82122,196.19500000000002
2022-07-01,99G,27.6399,190.58999999999995
2022-12-01,99G,107.06680999999999,190.85700000000003
2021-12-01,99G,45.86159,190.403
2023-03-01,99G,27.70865,191.53199999999995
2023-05-01,99G,29.30486,191.94200000000004
2021-08-01,99G,18.26413,190.35900000000004
2022-02-01,99G,27.67411,190.413
2024-05-01,99G,23.78689,194.999
2024-09-01,99G,24.50927,195.85299999999998
2026-03-01,99G,31.47685,196.539
2022-10-01,99G,27.60406,190.57100000000003
2022-06-01,A3A8R,3052.388,2366.4319999999993
2023-09-01,A3A8R,8211.986649999999,2432.3569999999986
2024-09-01,A3A8R,7319.836079999998,2449.8340000000007
2022-02-01,A3A8R,6103.6585,2350.561000000002
2024-01-01,A3A8R,7076.731070000003,2451.526000000001
2025-11-01,A3A8R,9460.81094,2489.878999999998
2024-10-01,A3A8R,4058.2678100000003,2455.1540000000005
2025-08-01,A3A8R,1906.24096,2483.9370000000004
2024-08-01,A3A8R,2069.3303199999996,2445.8269999999993
2025-10-01,A3A8R,5575.105719999998,2487.4060000000013
2021-11-01,A3A8R,8265.54151,2333.359
2023-06-01,A3A8R,6312.905640000001,2418.6969999999997
2025-05-01,A3A8R,8414.375849999999,2477.185000000001
2022-05-01,A3A8R,6917.480580000001,2362.4690000000014
2023-01-01,A3A8R,7185.164220000001,2395.806
2023-10-01,A3A8R,2300.8045600000005,2434.4480000000003
2023-05-01,A3A8R,2137.8963000000003,2412.8450000000016
2023-08-01,A3A8R,2910.074609999999,2428.7409999999986
2023-02-01,A3A8R,4824.926869999999,2400.732
2023-12-01,A3A8R,9950.56641,2447.6109999999985
2023-07-01,A3A8R,3275.07034,2423.940000000002
2022-11-01,A3A8R,1654.06061,2386.2150000000015
2022-12-01,A3A8R,8917.949039999998,2392.4250000000015
2021-09-01,A3A8R,5269.630999999999,2319.1529999999993
2024-12-01,A3A8R,4257.1318,2466.006000000002
2025-12-01,A3A8R,5067.565310000001,2490.275
2026-04-01,A3A8R,7405.2719,2468.906999999999
2023-03-01,A3A8R,3834.8630800000005,2406.0229999999997
2025-06-01,A3A8R,5312.671469999999,2479.3369999999986
2021-06-01,A3A8R,4978.62947,2296.859000000001
2025-07-01,A3A8R,8426.119819999998,2482.416999999997
2026-03-01,A3A8R,5802.47803,2472.323999999999
2022-03-01,A3A8R,5904.227399999999,2355.246000000001
2025-03-01,A3A8R,8052.593859999999,2476.1989999999987
2024-06-01,A3A8R,8714.836390000002,2457.580000000001
2022-07-01,A3A8R,3441.37253,2369.6240000000003
2021-10-01,A3A8R,3837.0133400000004,2325.5529999999985
2025-09-01,A3A8R,3871.135590000001,2484.006000000001
2025-04-01,A3A8R,3146.5981599999996,2476.0299999999975
2024-02-01,A3A8R,6925.791520000001,2455.184999999998
2024-11-01,A3A8R,6150.299189999998,2464.4589999999985
2025-01-01,A3A8R,3108.4298099999996,2469.805
2025-02-01,A3A8R,5628.079669999999,2473.9569999999976
2024-07-01,A3A8R,3825.2554099999998,2455.4449999999993
2026-01-01,A3A8R,6113.636169999996,2488.8580000000006
2024-05-01,A3A8R,5255.075939999999,2454.6059999999998
2022-08-01,A3A8R,8061.094710000001,2372.238000000001
2026-02-01,A3A8R,6334.557629999999,2479.6160000000004
2026-05-01,A3A8R,4959.346950000001,2464.959
2024-03-01,A3A8R,3187.6693800000003,2453.941
2022-09-01,A3A8R,9127.17821,2375.4970000000017
2021-12-01,A3A8R,4357.93105,2339.566000000001
2021-07-01,A3A8R,4344.562459999998,2306.925
2022-04-01,A3A8R,3365.44347,2359.737
2024-04-01,A3A8R,5128.2818400000015,2449.1070000000004
2021-08-01,A3A8R,3620.7573799999996,2313.393999999998
2023-11-01,A3A8R,8703.435040000004,2441.1630000000014
2022-10-01,A3A8R,11314.340499999998,2379.710999999999
2023-04-01,A3A8R,2809.3900400000007,2409.864999999999
2022-01-01,A3A8R,7515.0603599999995,2346.008999999999
2026-06-01,A3A8R,5315.65272,2454.6589999999997
2026-02-01,B2M3M,96.59633000000001,1122.3509999999994
2025-10-01,B2M3M,174.73041999999998,1123.0349999999999
2024-08-01,B2M3M,223.70249,1110.0570000000002
2024-05-01,B2M3M,250.43701000000001,1105.9089999999999
2024-10-01,B2M3M,454.8073099999999,1115.9370000000004
2025-11-01,B2M3M,1545.0689,1125.4560000000004
2023-05-01,B2M3M,499.21951,1077.681
2024-06-01,B2M3M,358.1412,1107.3750000000005
2022-05-01,B2M3M,239.42669,1052.971
2023-04-01,B2M3M,470.33699999999993,1076.256
2023-01-01,B2M3M,576.1404699999999,1070.313
2021-12-01,B2M3M,382.65520000000004,1047.254
2023-02-01,B2M3M,881.8337999999999,1071.7980000000002
2022-04-01,B2M3M,468.36302,1051.85
2023-12-01,B2M3M,688.92245,1097.8699999999997
2026-06-01,B2M3M,148.02892000000003,1115.249
2026-03-01,B2M3M,129.65825999999998,1120.389
2024-07-01,B2M3M,416.80334,1108.8770000000002
2021-10-01,B2M3M,405.95912000000004,1042.097
2024-01-01,B2M3M,848.89813,1098.6080000000002
2026-05-01,B2M3M,147.02125,1117.8249999999996
2021-11-01,B2M3M,453.01477,1045.0520000000004
2022-10-01,B2M3M,453.68401,1064.3669999999997
2025-09-01,B2M3M,339.41963,1118.0510000000006
2023-11-01,B2M3M,697.5850999999999,1096.4129999999998
2022-02-01,B2M3M,356.59834000000006,1048.5750000000007
2026-01-01,B2M3M,587.2777500000001,1124.5780000000002
2025-03-01,B2M3M,357.47506999999996,1119.538
2024-02-01,B2M3M,309.0803,1101.048
2023-08-01,B2M3M,434.26583000000005,1083.84
2022-11-01,B2M3M,386.95948999999996,1068.3410000000003
2023-03-01,B2M3M,406.70953000000003,1073.784
2025-08-01,B2M3M,344.7020600000001,1117.4319999999993
2022-06-01,B2M3M,300.56405,1054.3849999999998
2024-03-01,B2M3M,327.49681,1102.4619999999998
2025-07-01,B2M3M,627.45678,1117.2999999999995
2024-04-01,B2M3M,380.43552999999997,1103.145
2023-07-01,B2M3M,419.42956000000004,1081.8700000000001
2024-12-01,B2M3M,432.82809000000003,1118.475
2021-09-01,B2M3M,731.13097,1035.423
2023-09-01,B2M3M,326.13779999999997,1085.8529999999992
2022-07-01,B2M3M,430.44803,1055.6770000000001
2025-01-01,B2M3M,331.09707,1118.524
2021-06-01,B2M3M,444.9855500000001,1030.6930000000004
2025-02-01,B2M3M,187.88573000000002,1119.637
2025-06-01,B2M3M,746.55012,1117.806
2022-03-01,B2M3M,378.56637,1049.9750000000004
2026-04-01,B2M3M,129.65976999999998,1119.4289999999996
2022-09-01,B2M3M,490.56744,1057.9760000000003
2025-05-01,B2M3M,682.92349,1118.283
2023-10-01,B2M3M,418.98145999999997,1091.9499999999998
2021-07-01,B2M3M,497.52266,1032.916
2024-11-01,B2M3M,405.30592,1117.4070000000002
2023-06-01,B2M3M,650.1671,1079.679
2022-12-01,B2M3M,862.7203600000001,1069.685
2021-08-01,B2M3M,506.38081,1034.2740000000001
2025-12-01,B2M3M,205.57012,1125.3629999999996
2022-08-01,B2M3M,119.1334,1056.642
2025-04-01,B2M3M,377.01398,1118.7410000000002
2022-01-01,B2M3M,462.57124999999996,1048.5610000000006
2024-09-01,B2M3M,645.25647,1111.2239999999997
2024-10-01,D2P2L,13440.73499,1338.9189999999999
2025-02-01,D2P2L,14076.950009999999,1341.4730000000009
2026-02-01,D2P2L,1399.9162299999998,1339.5689999999997
2023-04-01,D2P2L,8761.564569999999,1305.3070000000002
2022-02-01,D2P2L,8909.411999999995,1286.3600000000001
2026-05-01,D2P2L,2138.34168,1336.7080000000005
2025-06-01,D2P2L,1148.2035499999997,1343.07
2025-10-01,D2P2L,864.9358500000001,1343.4329999999993
2023-02-01,D2P2L,4177.036,1301.5099999999995
2021-08-01,D2P2L,1050.7208699999999,1281.695
2025-12-01,D2P2L,1546.3234900000002,1342.5360000000003
2022-08-01,D2P2L,8600.25088,1291.927
2023-07-01,D2P2L,9021.39441,1311.5970000000007
2022-03-01,D2P2L,16166.730220000001,1287.2780000000002
2024-06-01,D2P2L,9554.49248,1334.8910000000005
2021-09-01,D2P2L,5426.087169999999,1281.6369999999997
2021-06-01,D2P2L,10512.4398,1278.9479999999994
2024-07-01,D2P2L,14438.226469999998,1336.0649999999996
2023-09-01,D2P2L,9701.818210000001,1315.2749999999996
2024-02-01,D2P2L,8744.585230000002,1327.8810000000005
2023-01-01,D2P2L,17664.466719999997,1299.6389999999997
2026-04-01,D2P2L,1209.9216,1337.7390000000007
2025-07-01,D2P2L,654.6129199999999,1343.6339999999993
2022-12-01,D2P2L,5279.1607699999995,1298.5229999999997
2023-03-01,D2P2L,13413.30236,1303.6470000000002
2023-10-01,D2P2L,8957.259820000001,1316.4819999999997
2021-11-01,D2P2L,13756.638620000002,1282.818
2022-04-01,D2P2L,5072.811759999999,1288.9169999999995
2022-05-01,D2P2L,9032.09828,1289.4909999999995
2024-05-01,D2P2L,9558.27184,1333.487
2022-06-01,D2P2L,16828.98596,1290.5090000000002
2022-10-01,D2P2L,8963.79381,1293.912
2024-01-01,D2P2L,17384.04128,1324.9989999999998
2025-09-01,D2P2L,806.1282500000001,1343.9309999999998
2024-09-01,D2P2L,9414.440469999998,1338.6319999999996
2026-03-01,D2P2L,1361.32339,1338.3079999999995
2022-01-01,D2P2L,14410.086509999996,1285.3909999999994
2023-08-01,D2P2L,8818.44224,1313.4239999999998
2021-07-01,D2P2L,6916.373879999999,1280.7259999999994
2022-11-01,D2P2L,8913.55648,1296.3829999999996
2025-05-01,D2P2L,748.25127,1342.6310000000005
2024-12-01,D2P2L,9191.92253,1340.556
2025-03-01,D2P2L,9604.128349999999,1341.6500000000003
2021-12-01,D2P2L,9878.555059999999,1284.0850000000003
2022-09-01,D2P2L,9001.714769999999,1293.0969999999995
2022-07-01,D2P2L,8971.853720000003,1291.0819999999997
2023-06-01,D2P2L,4553.37312,1309.4059999999997
2024-03-01,D2P2L,9120.91524,1329.9269999999992
2024-11-01,D2P2L,13591.35858,1339.7869999999998
2024-04-01,D2P2L,5152.65178,1330.4699999999993
2025-04-01,D2P2L,9507.06606,1342.1280000000006
2025-01-01,D2P2L,9795.553319999995,1341.002
2023-05-01,D2P2L,8175.3728200000005,1307.0999999999997
2023-11-01,D2P2L,17089.99463,1319.7230000000004
2026-06-01,D2P2L,1224.64051,1334.9619999999998
2025-11-01,D2P2L,1794.79438,1343.472
2026-01-01,D2P2L,1183.4175800000003,1341.4720000000011
2025-08-01,D2P2L,1004.91931,1343.8219999999994
2023-12-01,D2P2L,9207.978490000001,1322.9889999999998
2021-10-01,D2P2L,12789.127320000001,1282.0679999999998
2024-08-01,D2P2L,9402.236359999999,1337.2650000000003
2024-03-01,D9Y0V,3601.10476,1917.8350000000007
2021-10-01,D9Y0V,832.27716,1883.5419999999992
2022-11-01,D9Y0V,620.67643,1909.375
2026-06-01,D9Y0V,1779.6331999999998,1923.1630000000005
2025-04-01,D9Y0V,3956.94459,1930.2260000000008
2022-08-01,D9Y0V,1095.0878699999998,1899.5689999999995
2025-09-01,D9Y0V,1495.45441,1930.2369999999992
2025-03-01,D9Y0V,4505.767980000001,1930.2389999999998
2026-04-01,D9Y0V,1874.2259699999997,1925.6390000000001
2023-12-01,D9Y0V,1597.12728,1915.254999999999
2021-08-01,D9Y0V,746.01216,1881.2369999999996
2024-10-01,D9Y0V,2022.6445299999998,1928.178
2023-04-01,D9Y0V,788.3553599999999,1915.9319999999998
2025-12-01,D9Y0V,3204.08981,1931.6560000000002
2025-05-01,D9Y0V,4725.976699999999,1930.511
2022-06-01,D9Y0V,1502.0532699999999,1896.463
2026-03-01,D9Y0V,3172.8906000000006,1926.6080000000004
2024-06-01,D9Y0V,1803.9649399999998,1921.6679999999994
2022-02-01,D9Y0V,1581.7926799999998,1892.7730000000001
2023-10-01,D9Y0V,1884.49228,1908.7519999999993
2024-07-01,D9Y0V,2060.9986,1922.6490000000003
2022-07-01,D9Y0V,2123.1499300000005,1898.1009999999994
2023-01-01,D9Y0V,624.1937599999999,1911.781999999999
2023-06-01,D9Y0V,1023.8543699999999,1918.7519999999997
2023-08-01,D9Y0V,883.11553,1903.632000000001
2024-02-01,D9Y0V,923.24912,1917.2590000000002
2025-07-01,D9Y0V,5711.70932,1930.6410000000008
2023-07-01,D9Y0V,725.6685999999999,1920.5299999999997
2022-10-01,D9Y0V,1340.1396600000003,1904.8179999999988
2025-08-01,D9Y0V,5630.820039999999,1930.6959999999992
2021-07-01,D9Y0V,1552.75778,1880.5410000000002
2024-12-01,D9Y0V,4492.398220000001,1930.5610000000001
2025-06-01,D9Y0V,4878.51439,1930.4599999999998
2025-11-01,D9Y0V,3464.6490300000005,1932.5370000000012
2023-03-01,D9Y0V,739.44728,1914.9980000000005
2021-09-01,D9Y0V,1588.2793299999998,1881.4670000000006
2025-01-01,D9Y0V,4151.020760000001,1930.566000000001
2022-04-01,D9Y0V,1266.6796000000002,1893.7389999999996
2024-11-01,D9Y0V,1807.90297,1930.2030000000002
2022-12-01,D9Y0V,877.98993,1911.491
2024-01-01,D9Y0V,1226.9044900000001,1915.8120000000001
2026-01-01,D9Y0V,2711.6000799999997,1930.3259999999993
2024-05-01,D9Y0V,1013.6409999999998,1920.4890000000016
2023-11-01,D9Y0V,1191.95415,1913.4399999999998
2022-03-01,D9Y0V,1989.19843,1893.641
2024-08-01,D9Y0V,4922.9865199999995,1923.9710000000002
2022-01-01,D9Y0V,1401.9076,1891.3890000000001
2022-09-01,D9Y0V,1291.9490300000004,1901.248000000001
2021-06-01,D9Y0V,1940.3548799999999,1877.7470000000003
2026-02-01,D9Y0V,1596.61462,1928.1189999999997
2025-02-01,D9Y0V,4346.95841,1930.722
2023-02-01,D9Y0V,698.72257,1912.8149999999996
2024-09-01,D9Y0V,1048.89454,1924.7620000000004
2026-05-01,D9Y0V,3222.9098000000004,1925.1509999999998
2021-11-01,D9Y0V,1053.0267499999998,1886.8039999999992
2021-12-01,D9Y0V,984.82534,1889.446
2023-09-01,D9Y0V,771.12388,1904.9330000000002
2024-04-01,D9Y0V,1781.8887099999997,1918.6509999999996
2025-10-01,D9Y0V,2892.0397800000005,1932.8149999999996
2023-05-01,D9Y0V,629.07224,1917.141999999999
2022-05-01,D9Y0V,2800.99911,1894.9070000000006
2024-03-01,M1J4Y,793.48647,1129.8949999999998
2024-09-01,M1J4Y,149.92305,1140.994
2026-02-01,M1J4Y,887.8017699999999,1147.878
2025-02-01,M1J4Y,889.53435,1147.144
2025-06-01,M1J4Y,626.73315,1147.8789999999997
2021-10-01,M1J4Y,471.88669000000004,1065.7589999999998
2025-08-01,M1J4Y,654.5937999999999,1149.7579999999998
2025-04-01,M1J4Y,110.13532000000001,1146.9699999999998
2022-02-01,M1J4Y,449.39709000000005,1074.0799999999995
2023-01-01,M1J4Y,684.8447500000001,1094.945
2023-04-01,M1J4Y,1507.97641,1103.1360000000004
2024-04-01,M1J4Y,828.67418,1131.238
2023-03-01,M1J4Y,765.4049500000001,1100.7239999999997
2026-05-01,M1J4Y,354.44806,1145.824
2022-01-01,M1J4Y,337.73439999999994,1072.162
2021-09-01,M1J4Y,1001.2717499999999,1064.649
2023-06-01,M1J4Y,658.2785899999999,1106.8349999999998
2025-09-01,M1J4Y,1065.6981600000001,1149.3099999999997
2022-03-01,M1J4Y,482.73987999999997,1075.7629999999997
2024-07-01,M1J4Y,222.50804000000002,1137.9050000000002
2026-03-01,M1J4Y,721.52612,1146.8820000000003
2023-10-01,M1J4Y,183.54217,1115.794
2022-12-01,M1J4Y,125.41239,1093.1879999999999
2024-08-01,M1J4Y,236.45764,1140.1129999999996
2025-10-01,M1J4Y,713.1086,1149.7900000000002
2025-11-01,M1J4Y,423.28136,1149.5929999999996
2021-11-01,M1J4Y,2703.3255999999997,1067.2740000000003
2023-08-01,M1J4Y,350.32208,1112.172
2022-11-01,M1J4Y,1200.05827,1090.381
2023-02-01,M1J4Y,698.27718,1097.6820000000002
2024-11-01,M1J4Y,98.76034000000001,1143.8699999999994
2026-01-01,M1J4Y,323.78296,1148.5810000000001
2026-04-01,M1J4Y,827.49928,1146.928
2024-02-01,M1J4Y,693.9229900000001,1127.879
2024-12-01,M1J4Y,245.74683,1145.204
2026-06-01,M1J4Y,118.04097999999999,1144.5659999999996
2023-12-01,M1J4Y,249.21287,1122.3220000000001
2021-07-01,M1J4Y,639.5610600000001,1059.776
2023-11-01,M1J4Y,1797.41931,1119.103
2025-03-01,M1J4Y,573.11473,1146.9859999999994
2023-07-01,M1J4Y,1329.73336,1109.1219999999996
2022-04-01,M1J4Y,577.93556,1077.3819999999996
2022-09-01,M1J4Y,662.16469,1086.8439999999996
2022-07-01,M1J4Y,196.95054000000002,1083.2600000000004
2021-08-01,M1J4Y,464.8346,1062.444
2022-05-01,M1J4Y,705.55818,1078.992
2023-05-01,M1J4Y,664.5705399999999,1104.4859999999999
2025-05-01,M1J4Y,983.6925299999999,1147.33
2022-08-01,M1J4Y,143.58960000000002,1084.9589999999998
2024-01-01,M1J4Y,792.2035199999999,1124.5410000000004
2024-05-01,M1J4Y,229.45767999999998,1134.7740000000001
2021-06-01,M1J4Y,777.1778400000001,1056.6160000000002
2024-10-01,M1J4Y,175.94226000000003,1141.8749999999998
2025-07-01,M1J4Y,93.10354999999998,1148.4919999999997
2021-12-01,M1J4Y,683.4599499999999,1069.4650000000001
2025-01-01,M1J4Y,623.73199,1145.9869999999996
2023-09-01,M1J4Y,93.23935,1114.156
2025-12-01,M1J4Y,1526.16975,1149.55
2022-06-01,M1J4Y,546.93918,1081.054
2022-10-01,M1J4Y,452.41227,1087.5520000000004
2024-06-01,M1J4Y,266.53368,1136.321
2021-12-01,M2L0M,383.7546,517.728
2026-06-01,M2L0M,615.53166,536.8189999999998
2022-03-01,M2L0M,186.61242,519.0140000000001
2023-04-01,M2L0M,270.99745,524.687
2024-12-01,M2L0M,319.19059,536.311
2021-07-01,M2L0M,137.27249,514.5230000000003
2022-08-01,M2L0M,223.71728000000002,521.0229999999999
2025-10-01,M2L0M,1005.3210200000001,538.2180000000001
2025-01-01,M2L0M,374.79164000000003,536.35
2023-06-01,M2L0M,218.51898,525.501
2023-02-01,M2L0M,138.39019,523.9739999999999
2022-02-01,M2L0M,293.27041,518.658
2025-06-01,M2L0M,414.75079000000005,536.9350000000001
2023-08-01,M2L0M,261.82018999999997,526.9540000000001
2022-04-01,M2L0M,216.91296,519.467
2021-08-01,M2L0M,258.38633000000004,515.076
2025-05-01,M2L0M,355.16665,536.7160000000002
2025-11-01,M2L0M,1229.6081199999999,538.0040000000001
2024-09-01,M2L0M,389.83632000000006,534.8699999999998
2022-05-01,M2L0M,214.00814999999997,519.7189999999998
2022-01-01,M2L0M,103.47071,518.272
2022-11-01,M2L0M,371.79243,522.8049999999998
2023-12-01,M2L0M,187.94444000000001,529.7579999999999
2025-03-01,M2L0M,345.60264,536.605
2021-10-01,M2L0M,290.13034,516.4519999999999
2024-05-01,M2L0M,286.16332,532.7929999999998
2022-12-01,M2L0M,350.05069000000003,523.3190000000002
2024-02-01,M2L0M,151.21172,531.143
2022-07-01,M2L0M,250.41880999999998,520.6239999999998
2023-05-01,M2L0M,248.58994,525.157
2025-04-01,M2L0M,394.36846,536.654
2024-08-01,M2L0M,346.25050999999996,534.4080000000002
2025-02-01,M2L0M,414.00146000000007,536.7110000000001
2024-01-01,M2L0M,311.73393999999996,530.54
2026-01-01,M2L0M,613.70011,538.0950000000001
2022-06-01,M2L0M,221.72213,520.196
2023-09-01,M2L0M,148.50712,527.461
2022-10-01,M2L0M,180.28956,522.3890000000001
2024-10-01,M2L0M,319.65816,535.7470000000002
2025-07-01,M2L0M,401.34799,537.4499999999999
2023-03-01,M2L0M,501.8057,524.3080000000001
2026-05-01,M2L0M,833.39825,537.2799999999999
2026-04-01,M2L0M,475.18996000000004,537.638
2025-09-01,M2L0M,834.67532,537.702
2025-12-01,M2L0M,711.4069999999999,538.1120000000001
2024-04-01,M2L0M,171.58925,531.951
2023-01-01,M2L0M,332.01689,523.5310000000001
2021-11-01,M2L0M,213.86132,517.023
2023-10-01,M2L0M,342.32096,528.348
2021-06-01,M2L0M,366.12468,513.876
2026-03-01,M2L0M,1431.6145400000003,537.647
2024-03-01,M2L0M,171.31090999999998,531.6229999999998
2024-11-01,M2L0M,469.2548299999999,536.0559999999997
2022-09-01,M2L0M,249.80885,521.6660000000002
2024-07-01,M2L0M,197.16421999999997,533.587
2025-08-01,M2L0M,392.25469999999996,537.752
2023-11-01,M2L0M,221.93364,529.0580000000002
2024-06-01,M2L0M,302.57187999999996,533.074
2021-09-01,M2L0M,242.61184,515.6949999999999
2026-02-01,M2L0M,752.69455,538.1070000000001
2023-07-01,M2L0M,399.58218,526.1770000000001
2023-11-01,U2G6B,567.21103,491.9959999999999
2021-07-01,U2G6B,138.00401,455.02699999999993
2024-02-01,U2G6B,208.85167,493.96899999999994
2021-08-01,U2G6B,65.26651000000001,455.3450000000001
2024-12-01,U2G6B,696.9355800000001,501.00499999999994
2025-12-01,U2G6B,863.9203699999999,503.0669999999999
2025-07-01,U2G6B,107.98079999999999,503.0970000000001
2025-08-01,U2G6B,601.12416,503.70400000000006
2022-08-01,U2G6B,152.13438,460.9900000000001
2023-02-01,U2G6B,180.73526,466.5429999999999
2023-06-01,U2G6B,174.94162,468.78799999999995
2024-10-01,U2G6B,730.83847,498.90599999999995
2025-05-01,U2G6B,620.76075,502.3920000000001
2026-06-01,U2G6B,395.93438000000003,498.41300000000007
2026-03-01,U2G6B,1258.04875,500.18200000000013
2023-10-01,U2G6B,187.62017,490.7660000000001
2025-10-01,U2G6B,99.39515,503.7939999999999
2022-06-01,U2G6B,180.05389,459.74900000000014
2023-01-01,U2G6B,193.90930000000003,465.59799999999996
2023-04-01,U2G6B,168.54597,467.48699999999997
2024-01-01,U2G6B,187.13258,493.33000000000004
2023-12-01,U2G6B,733.3539000000001,492.745
2022-12-01,U2G6B,255.15027000000003,464.89799999999997
2022-02-01,U2G6B,155.90519,457.68
2021-12-01,U2G6B,175.96613,457.01599999999996
2024-04-01,U2G6B,694.11852,495.10499999999996
2022-10-01,U2G6B,137.55185,462.9360000000001
2022-03-01,U2G6B,176.11088999999998,457.936
2022-11-01,U2G6B,351.77857,463.82400000000007
2022-05-01,U2G6B,64.73064,458.93
2026-02-01,U2G6B,814.41552,500.98200000000014
2023-05-01,U2G6B,27.330280000000002,467.99000000000007
2022-04-01,U2G6B,499.49464000000006,458.01099999999997
2024-08-01,U2G6B,780.88897,497.945
2025-01-01,U2G6B,408.77979999999997,501.5419999999999
2022-01-01,U2G6B,121.80769,457.534
2022-09-01,U2G6B,223.27937000000003,462.02999999999986
2026-01-01,U2G6B,690.41006,502.08
2025-04-01,U2G6B,459.96916,502.4040000000001
2021-06-01,U2G6B,75.95857000000001,454.72499999999997
2023-08-01,U2G6B,509.51264,488.8670000000001
2026-04-01,U2G6B,428.49543,499.8480000000001
2025-09-01,U2G6B,60.407070000000004,503.77300000000014
2026-05-01,U2G6B,231.67542999999998,499.34299999999985
2021-09-01,U2G6B,84.81962999999999,455.88200000000006
2023-07-01,U2G6B,348.34562,469.7170000000001
2024-09-01,U2G6B,556.72885,498.33700000000005
2024-06-01,U2G6B,214.17191,497.03600000000006
2021-11-01,U2G6B,178.80963000000003,456.40799999999996
2024-05-01,U2G6B,1058.61412,496.307
2025-11-01,U2G6B,1421.0851900000002,503.55499999999984
2023-09-01,U2G6B,6.42436,489.50499999999994
2025-02-01,U2G6B,212.29846,502.3630000000001
2024-11-01,U2G6B,90.00144,500.073
2021-10-01,U2G6B,97.50845000000001,455.9460000000001
2023-03-01,U2G6B,185.90571,467.154
2024-03-01,U2G6B,53.4749,494.5
2025-06-01,U2G6B,241.55918999999997,502.65799999999984
2025-03-01,U2G6B,1206.84904,502.084
2022-07-01,U2G6B,135.99851,460.4539999999999
2021-08-01,W2U3Z,4046.9384099999997,2702.274000000002
2024-05-01,W2U3Z,7842.5901699999995,2889.0269999999978
2023-05-01,W2U3Z,1713.5063900000002,2835.6380000000017
2025-10-01,W2U3Z,4208.991899999999,2932.5700000000006
2026-05-01,W2U3Z,2828.9386700000005,2907.492999999999
2025-06-01,W2U3Z,4326.222959999999,2916.484999999998
2024-01-01,W2U3Z,1721.2481599999994,2880.7479999999987
2021-10-01,W2U3Z,1843.5297100000003,2719.5060000000003
2024-04-01,W2U3Z,3316.4093,2879.1509999999985
2024-12-01,W2U3Z,5467.32396,2903.969000000001
2026-01-01,W2U3Z,2658.31967,2941.5379999999973
2024-02-01,W2U3Z,984.5399799999996,2885.3239999999996
2022-01-01,W2U3Z,3986.76962,2751.8349999999996
2021-07-01,W2U3Z,3222.515289999999,2694.3790000000004
2021-06-01,W2U3Z,3250.7802099999994,2679.005
2025-07-01,W2U3Z,1269.93184,2918.913
2022-09-01,W2U3Z,2547.0000900000005,2793.329999999998
2021-09-01,W2U3Z,3105.4563499999986,2709.515000000003
2023-12-01,W2U3Z,1452.70152,2874.508
2023-08-01,W2U3Z,2298.797919999999,2848.027
2026-06-01,W2U3Z,3551.5830400000004,2893.0999999999995
2021-12-01,W2U3Z,2243.2371700000003,2741.3749999999995
2022-07-01,W2U3Z,2689.2838,2783.7389999999996
2024-07-01,W2U3Z,4059.856500000001,2892.245
2025-03-01,W2U3Z,1820.7420999999997,2906.2780000000025
2026-04-01,W2U3Z,3032.1633600000005,2916.621999999998
2022-02-01,W2U3Z,4516.29067,2757.5839999999976
2025-11-01,W2U3Z,2676.575779999999,2940.967999999998
2023-03-01,W2U3Z,2358.36423,2831.614000000001
2022-03-01,W2U3Z,2497.79493,2765.217000000001
2024-06-01,W2U3Z,3265.60747,2893.0959999999977
2024-08-01,W2U3Z,2455.05324,2885.036
2025-01-01,W2U3Z,3797.8349399999997,2902.2400000000002
2022-10-01,W2U3Z,2703.66537,2798.1680000000015
2024-10-01,W2U3Z,7851.098429999999,2906.678999999999
2026-02-01,W2U3Z,2449.6818099999996,2926.919000000003
2022-12-01,W2U3Z,2469.7859899999994,2820.5479999999993
2025-04-01,W2U3Z,1481.40921,2913.547
2023-02-01,W2U3Z,1377.9136500000002,2830.236999999999
2023-06-01,W2U3Z,3840.00918,2839.250999999998
2024-11-01,W2U3Z,2093.5152000000007,2906.9129999999996
2024-09-01,W2U3Z,1656.5755900000001,2899.4969999999985
2022-11-01,W2U3Z,2256.3977,2809.4050000000007
2025-05-01,W2U3Z,5653.428329999997,2912.140000000001
2022-06-01,W2U3Z,3961.7769500000004,2777.1019999999985
2025-02-01,W2U3Z,3335.6011000000017,2902.2660000000014
2023-04-01,W2U3Z,2297.6020100000005,2834.0819999999994
2023-10-01,W2U3Z,4790.826950000001,2854.1739999999986
2023-07-01,W2U3Z,2867.59729,2842.1490000000017
2024-03-01,W2U3Z,3404.5062700000003,2883.475999999997
2026-03-01,W2U3Z,2924.88134,2919.316000000001
2022-08-01,W2U3Z,1623.3113899999998,2789.9220000000028
2023-11-01,W2U3Z,3314.7794199999994,2862.997999999999
2022-04-01,W2U3Z,2319.6827000000003,2771.1639999999998
2022-05-01,W2U3Z,1791.7512599999998,2773.2240000000024
2023-01-01,W2U3Z,1905.5090400000006,2825.895000000002
2021-11-01,W2U3Z,4297.77484,2731.509999999998
2025-08-01,W2U3Z,1442.9361299999998,2921.063999999999
2025-09-01,W2U3Z,2199.26832,2921.908999999999
2025-12-01,W2U3Z,13428.522219999997,2943.566999999998
2023-09-01,W2U3Z,5103.7771699999985,2851.012999999997
2025-01-01,X2C4Y,1341.60297,462.077
2021-12-01,X2C4Y,536.41192,449.28099999999995
2025-12-01,X2C4Y,2605.89042,462.352
2025-09-01,X2C4Y,960.0256,462.51500000000016
2022-03-01,X2C4Y,607.24318,450.42900000000003
2023-11-01,X2C4Y,560.0866199999999,457.702
2022-07-01,X2C4Y,588.34893,451.346
2023-10-01,X2C4Y,679.7087000000001,457.0299999999999
2022-12-01,X2C4Y,723.6925100000001,453.40799999999984
2024-08-01,X2C4Y,704.10196,460.80999999999995
2021-08-01,X2C4Y,514.1120099999999,448.25499999999994
2025-11-01,X2C4Y,2450.44727,462.5499999999998
2025-08-01,X2C4Y,1106.7449000000001,462.524
2023-03-01,X2C4Y,417.06095,454.57099999999986
2022-06-01,X2C4Y,498.94507999999996,451.15299999999996
2024-03-01,X2C4Y,167.14238999999998,459.2249999999999
2026-04-01,X2C4Y,2417.4665100000007,461.7430000000002
2022-08-01,X2C4Y,741.97618,451.4480000000001
2023-09-01,X2C4Y,731.6960400000002,456.7580000000001
2026-03-01,X2C4Y,2442.47035,461.94300000000015
2021-11-01,X2C4Y,874.72118,448.9060000000002
2022-09-01,X2C4Y,466.3903,451.686
2023-12-01,X2C4Y,619.60951,458.1379999999998
2026-01-01,X2C4Y,2348.22784,462.288
2021-07-01,X2C4Y,613.4573300000001,448.24
2024-04-01,X2C4Y,1111.9531600000003,459.4710000000001
2025-04-01,X2C4Y,725.64676,462.36600000000016
2024-06-01,X2C4Y,837.0331299999999,460.23800000000017
2022-05-01,X2C4Y,1025.83989,450.823
2021-10-01,X2C4Y,565.21698,448.82000000000005
2023-01-01,X2C4Y,358.75523000000004,453.491
2023-04-01,X2C4Y,489.44643,454.90200000000016
2022-10-01,X2C4Y,659.4108199999998,452.261
2025-05-01,X2C4Y,979.48645,462.3919999999999
2026-05-01,X2C4Y,1676.5626799999998,461.35
2023-02-01,X2C4Y,945.21491,454.0999999999999
2025-03-01,X2C4Y,945.7216699999999,462.3960000000002
2024-01-01,X2C4Y,682.03223,458.4240000000001
2026-02-01,X2C4Y,2136.41032,462.06199999999995
2023-05-01,X2C4Y,861.4121,455.349
2024-07-01,X2C4Y,445.07346000000007,460.39200000000005
2022-04-01,X2C4Y,388.90071,450.8619999999999
2021-06-01,X2C4Y,725.9273900000001,447.8309999999999
2023-08-01,X2C4Y,538.84312,456.3679999999999
2024-09-01,X2C4Y,588.08181,461.152
2024-02-01,X2C4Y,297.03565,458.8870000000001
2022-11-01,X2C4Y,516.3818699999999,452.939
2022-02-01,X2C4Y,611.1071200000001,449.87199999999996
2024-12-01,X2C4Y,614.1383900000001,462.11499999999995
2021-09-01,X2C4Y,448.62395,448.4429999999999
2023-07-01,X2C4Y,607.38862,456.111
2025-10-01,X2C4Y,2932.25422,462.6330000000002
2022-01-01,X2C4Y,768.7386500000001,449.5730000000001
2025-07-01,X2C4Y,1044.33309,462.5149999999999
2024-05-01,X2C4Y,672.5085499999999,459.947
2025-02-01,X2C4Y,276.18189,462.21799999999996
2023-06-01,X2C4Y,706.36297,455.7020000000001
2026-06-01,X2C4Y,1701.35134,460.47599999999983
2025-06-01,X2C4Y,253.08853000000002,462.5209999999999
2024-11-01,X2C4Y,556.36499,461.9350000000002
2024-10-01,X2C4Y,654.13658,461.64000000000004
2022-07-01,00D,0.0,0.0
2026-02-01,00D,0.0,0.0
2024-10-01,00D,0.0,0.0
2022-10-01,00D,0.0,0.0
2025-12-01,00D,0.0,0.0
2022-06-01,00D,0.0,0.0
2024-06-01,00D,0.0,0.0
2023-03-01,00D,0.0,0.0
2023-06-01,00D,0.0,0.0
2021-11-01,00D,0.0,0.0
2024-07-01,00D,0.0,0.0
2025-03-01,00D,0.0,0.0
2024-12-01,00D,0.0,0.0
2026-05-01,00D,0.0,0.0
2022-09-01,00D,0.0,0.0
2025-01-01,00D,0.0,0.0
2024-02-01,00D,0.0,0.0
2023-05-01,00D,0.0,0.0
2022-12-01,00D,0.0,0.0
2025-02-01,00D,0.0,0.0
2025-08-01,00D,0.0,0.0
2026-06-01,00D,0.0,0.0
2022-04-01,00D,0.0,0.0
2024-03-01,00D,0.0,0.0
2023-08-01,00D,0.0,0.0
2025-06-01,00D,0.0,0.0
2021-12-01,00D,0.0,0.0
2021-08-01,00D,0.0,0.0
2025-07-01,00D,0.0,0.0
2023-10-01,00D,0.0,0.0
2026-03-01,00D,0.0,0.0
2026-04-01,00D,0.0,0.0
2024-09-01,00D,0.0,0.0
2022-11-01,00D,0.0,0.0
2023-04-01,00D,0.0,0.0
2026-01-01,00D,0.0,0.0
2023-01-01,00D,0.0,0.0
2025-05-01,00D,0.0,0.0
2023-09-01,00D,0.0,0.0
2023-07-01,00D,0.0,0.0
2021-09-01,00D,0.0,0.0
2024-11-01,00D,0.0,0.0
2025-09-01,00D,0.0,0.0
2023-02-01,00D,0.0,0.0
2021-06-01,00D,0.0,0.0
2025-11-01,00D,0.0,0.0
2021-07-01,00D,0.0,0.0
2023-12-01,00D,0.0,0.0
2022-02-01,00D,0.0,0.0
2022-01-01,00D,0.0,0.0
2025-10-01,00D,0.0,0.0
2024-08-01,00D,0.0,0.0
2022-03-01,00D,0.0,0.0
2022-05-01,00D,0.0,0.0
2022-08-01,00D,0.0,0.0
2021-10-01,00D,0.0,0.0
2024-05-01,00D,0.0,0.0
2023-11-01,00D,0.0,0.0
2024-01-01,00D,0.0,0.0
2025-04-01,00D,0.0,0.0
2024-04-01,00D,0.0,0.0
2023-01-01,00J,0.0,0.0
2026-03-01,00J,0.0,0.0
2024-11-01,00J,0.0,0.0
2025-02-01,00J,0.0,0.0
2025-09-01,00J,0.0,0.0
2024-02-01,00J,0.0,0.0
2024-09-01,00J,0.0,0.0
2022-06-01,00J,0.0,0.0
2025-05-01,00J,0.0,0.0
2025-11-01,00J,0.0,0.0
2024-03-01,00J,0.0,0.0
2026-02-01,00J,0.0,0.0
2023-10-01,00J,0.0,0.0
2023-09-01,00J,0.0,0.0
2022-03-01,00J,0.0,0.0
2024-06-01,00J,0.0,0.0
2026-06-01,00J,0.0,0.0
2021-09-01,00J,0.0,0.0
2021-06-01,00J,0.0,0.0
2024-01-01,00J,0.0,0.0
2022-08-01,00J,0.0,0.0
2025-08-01,00J,0.0,0.0
2023-07-01,00J,0.0,0.0
2023-04-01,00J,0.0,0.0
2026-01-01,00J,0.0,0.0
2025-04-01,00J,0.0,0.0
2022-09-01,00J,0.0,0.0
2022-02-01,00J,0.0,0.0
2022-01-01,00J,0.0,0.0
2024-12-01,00J,0.0,0.0
2023-05-01,00J,0.0,0.0
2023-02-01,00J,0.0,0.0
2025-06-01,00J,0.0,0.0
2022-07-01,00J,0.0,0.0
2021-10-01,00J,0.0,0.0
2024-08-01,00J,0.0,0.0
2024-04-01,00J,0.0,0.0
2021-11-01,00J,0.0,0.0
2021-07-01,00J,0.0,0.0
2022-05-01,00J,0.0,0.0
2021-08-01,00J,0.0,0.0
2026-04-01,00J,0.0,0.0
2022-04-01,00J,0.0,0.0
2022-10-01,00J,0.0,0.0
2023-12-01,00J,0.0,0.0
2025-12-01,00J,0.0,0.0
2024-05-01,00J,0.0,0.0
2026-05-01,00J,0.0,0.0
2025-10-01,00J,0.0,0.0
2024-10-01,00J,0.0,0.0
2023-08-01,00J,0.0,0.0
2023-11-01,00J,0.0,0.0
2023-06-01,00J,0.0,0.0
2025-07-01,00J,0.0,0.0
2023-03-01,00J,0.0,0.0
2022-12-01,00J,0.0,0.0
2021-12-01,00J,0.0,0.0
2025-03-01,00J,0.0,0.0
2025-01-01,00J,0.0,0.0
2024-07-01,00J,0.0,0.0
2022-11-01,00J,0.0,0.0
2022-09-01,00K,0.0,0.0
2022-08-01,00K,0.0,0.0
2022-04-01,00K,0.0,0.0
2025-07-01,00K,0.0,0.0
2022-03-01,00K,0.0,0.0
2026-04-01,00K,0.0,0.0
2025-08-01,00K,0.0,0.0
2024-03-01,00K,0.0,0.0
2022-01-01,00K,0.0,0.0
2023-02-01,00K,0.0,0.0
2024-07-01,00K,0.0,0.0
2025-10-01,00K,0.0,0.0
2025-09-01,00K,0.0,0.0
2025-12-01,00K,0.0,0.0
2026-06-01,00K,0.0,0.0
2024-10-01,00K,0.0,0.0
2023-04-01,00K,0.0,0.0
2021-09-01,00K,0.0,0.0
2025-05-01,00K,0.0,0.0
2024-12-01,00K,0.0,0.0
2023-07-01,00K,0.0,0.0
2025-06-01,00K,0.0,0.0
2026-01-01,00K,0.0,0.0
2022-05-01,00K,0.0,0.0
2022-07-01,00K,0.0,0.0
2024-02-01,00K,0.0,0.0
2025-11-01,00K,0.0,0.0
2023-11-01,00K,0.0,0.0
2021-07-01,00K,0.0,0.0
2023-09-01,00K,0.0,0.0
2025-04-01,00K,0.0,0.0
2021-08-01,00K,0.0,0.0
2023-01-01,00K,0.0,0.0
2021-11-01,00K,0.0,0.0
2023-10-01,00K,0.0,0.0
2023-05-01,00K,0.0,0.0
2021-10-01,00K,0.0,0.0
2024-05-01,00K,0.0,0.0
2024-11-01,00K,0.0,0.0
2022-11-01,00K,0.0,0.0
2023-03-01,00K,0.0,0.0
2024-06-01,00K,0.0,0.0
2021-12-01,00K,0.0,0.0
2022-10-01,00K,0.0,0.0
2025-02-01,00K,0.0,0.0
2025-03-01,00K,0.0,0.0
2024-01-01,00K,0.0,0.0
2022-12-01,00K,0.0,0.0
2023-08-01,00K,0.0,0.0
2026-02-01,00K,0.0,0.0
2024-04-01,00K,0.0,0.0
2025-01-01,00K,0.0,0.0
2026-03-01,00K,0.0,0.0
2024-09-01,00K,0.0,0.0
2022-02-01,00K,0.0,0.0
2022-06-01,00K,0.0,0.0
2023-12-01,00K,0.0,0.0
2026-05-01,00K,0.0,0.0
2021-06-01,00K,0.0,0.0
2024-08-01,00K,0.0,0.0
2023-06-01,00K,0.0,0.0
2025-05-01,00M,0.0,0.0
2022-07-01,00M,0.0,0.0
2022-02-01,00M,0.0,0.0
2026-06-01,00M,0.0,0.0
2022-06-01,00M,0.0,0.0
2021-08-01,00M,0.0,0.0
2025-11-01,00M,0.0,0.0
2021-07-01,00M,0.0,0.0
2024-10-01,00M,0.0,0.0
2021-12-01,00M,0.0,0.0
2026-03-01,00M,0.0,0.0
2023-03-01,00M,0.0,0.0
2026-02-01,00M,0.0,0.0
2022-03-01,00M,0.0,0.0
2023-01-01,00M,0.0,0.0
2024-07-01,00M,0.0,0.0
2025-01-01,00M,0.0,0.0
2025-12-01,00M,0.0,0.0
2024-05-01,00M,0.0,0.0
2023-11-01,00M,0.0,0.0
2024-03-01,00M,0.0,0.0
2021-06-01,00M,0.0,0.0
2024-12-01,00M,0.0,0.0
2025-03-01,00M,0.0,0.0
2021-11-01,00M,0.0,0.0
2025-04-01,00M,0.0,0.0
2024-06-01,00M,0.0,0.0
2023-12-01,00M,0.0,0.0
2022-05-01,00M,0.0,0.0
2021-10-01,00M,0.0,0.0
2024-04-01,00M,0.0,0.0
2024-11-01,00M,0.0,0.0
2022-08-01,00M,0.0,0.0
2025-07-01,00M,0.0,0.0
2021-09-01,00M,0.0,0.0
2026-01-01,00M,0.0,0.0
2025-08-01,00M,0.0,0.0
2022-10-01,00M,0.0,0.0
2023-07-01,00M,0.0,0.0
2022-04-01,00M,0.0,0.0
2022-09-01,00M,0.0,0.0
2026-04-01,00M,0.0,0.0
2025-09-01,00M,0.0,0.0
2024-08-01,00M,0.0,0.0
2024-02-01,00M,0.0,0.0
2024-09-01,00M,0.0,0.0
2022-01-01,00M,0.0,0.0
2026-05-01,00M,0.0,0.0
2025-06-01,00M,0.0,0.0
2023-09-01,00M,0.0,0.0
2023-08-01,00M,0.0,0.0
2023-02-01,00M,0.0,0.0
2024-01-01,00M,0.0,0.0
2025-10-01,00M,0.0,0.0
2023-06-01,00M,0.0,0.0
2023-10-01,00M,0.0,0.0
2023-04-01,00M,0.0,0.0
2023-05-01,00M,0.0,0.0
2022-12-01,00M,0.0,0.0
2022-11-01,00M,0.0,0.0
2025-02-01,00M,0.0,0.0
2021-10-01,01R,0.0,0.0
2025-10-01,01R,0.0,0.0
2023-04-01,01R,0.0,0.0
2026-01-01,01R,0.0,0.0
2024-04-01,01R,0.0,0.0
2025-12-01,01R,0.0,0.0
2023-03-01,01R,0.0,0.0
2026-03-01,01R,0.0,0.0
2025-01-01,01R,0.0,0.0
2023-12-01,01R,0.0,0.0
2022-09-01,01R,0.0,0.0
2023-06-01,01R,0.0,0.0
2026-02-01,01R,0.0,0.0
2023-07-01,01R,0.0,0.0
2022-04-01,01R,0.0,0.0
2024-10-01,01R,0.0,0.0
2021-12-01,01R,0.0,0.0
2024-03-01,01R,0.0,0.0
2024-05-01,01R,0.0,0.0
2021-08-01,01R,0.0,0.0
2025-09-01,01R,0.0,0.0
2021-11-01,01R,0.0,0.0
2022-03-01,01R,0.0,0.0
2025-02-01,01R,0.0,0.0
2022-06-01,01R,0.0,0.0
2022-10-01,01R,0.0,0.0
2023-05-01,01R,0.0,0.0
2024-02-01,01R,0.0,0.0
2022-02-01,01R,0.0,0.0
2026-05-01,01R,0.0,0.0
2026-04-01,01R,0.0,0.0
2023-08-01,01R,0.0,0.0
2022-12-01,01R,0.0,0.0
2026-06-01,01R,0.0,0.0
2025-05-01,01R,0.0,0.0
2024-07-01,01R,0.0,0.0
2025-04-01,01R,0.0,0.0
2023-01-01,01R,0.0,0.0
2021-09-01,01R,0.0,0.0
2025-07-01,01R,0.0,0.0
2025-08-01,01R,0.0,0.0
2025-03-01,01R,0.0,0.0
2021-06-01,01R,0.0,0.0
2024-06-01,01R,0.0,0.0
2022-05-01,01R,0.0,0.0
2022-07-01,01R,0.0,0.0
2024-09-01,01R,0.0,0.0
2024-08-01,01R,0.0,0.0
2021-07-01,01R,0.0,0.0
2022-11-01,01R,0.0,0.0
2022-01-01,01R,0.0,0.0
2024-01-01,01R,0.0,0.0
2025-06-01,01R,0.0,0.0
2023-10-01,01R,0.0,0.0
2024-12-01,01R,0.0,0.0
2023-02-01,01R,0.0,0.0
2023-09-01,01R,0.0,0.0
2022-08-01,01R,0.0,0.0
2024-11-01,01R,0.0,0.0
2023-11-01,01R,0.0,0.0
2025-11-01,01R,0.0,0.0
2022-09-01,02F,0.0,0.0
2022-03-01,02F,0.0,0.0
2026-03-01,02F,0.0,0.0
2025-09-01,02F,0.0,0.0
2023-12-01,02F,0.0,0.0
2024-03-01,02F,0.0,0.0
2023-06-01,02F,0.0,0.0
2023-02-01,02F,0.0,0.0
2023-05-01,02F,0.0,0.0
2025-08-01,02F,0.0,0.0
2024-11-01,02F,0.0,0.0
2023-09-01,02F,0.0,0.0
2024-10-01,02F,0.0,0.0
2023-03-01,02F,0.0,0.0
2025-04-01,02F,0.0,0.0
2021-08-01,02F,0.0,0.0
2025-10-01,02F,0.0,0.0
2022-11-01,02F,0.0,0.0
2025-06-01,02F,0.0,0.0
2024-12-01,02F,0.0,0.0
2024-04-01,02F,0.0,0.0
2022-04-01,02F,0.0,0.0
2022-07-01,02F,0.0,0.0
2026-02-01,02F,0.0,0.0
2024-01-01,02F,0.0,0.0
2024-06-01,02F,0.0,0.0
2022-02-01,02F,0.0,0.0
2021-07-01,02F,0.0,0.0
2022-10-01,02F,0.0,0.0
2021-10-01,02F,0.0,0.0
2023-10-01,02F,0.0,0.0
2023-11-01,02F,0.0,0.0
2026-06-01,02F,0.0,0.0
2025-11-01,02F,0.0,0.0
2025-05-01,02F,0.0,0.0
2021-09-01,02F,0.0,0.0
2024-07-01,02F,0.0,0.0
2026-04-01,02F,0.0,0.0
2022-01-01,02F,0.0,0.0
2026-05-01,02F,0.0,0.0
2025-01-01,02F,0.0,0.0
2021-11-01,02F,0.0,0.0
2023-04-01,02F,0.0,0.0
2024-08-01,02F,0.0,0.0
2021-06-01,02F,0.0,0.0
2023-08-01,02F,0.0,0.0
2022-06-01,02F,0.0,0.0
2025-02-01,02F,0.0,0.0
2022-05-01,02F,0.0,0.0
2022-08-01,02F,0.0,0.0
2024-05-01,02F,0.0,0.0
2026-01-01,02F,0.0,0.0
2023-07-01,02F,0.0,0.0
2022-12-01,02F,0.0,0.0
2025-12-01,02F,0.0,0.0
2025-03-01,02F,0.0,0.0
2024-02-01,02F,0.0,0.0
2021-12-01,02F,0.0,0.0
2024-09-01,02F,0.0,0.0
2025-07-01,02F,0.0,0.0
2023-01-01,02F,0.0,0.0
2023-08-01,02R,0.0,0.0
2025-11-01,02R,0.0,0.0
2022-05-01,02R,0.0,0.0
2022-02-01,02R,0.0,0.0
2025-09-01,02R,0.0,0.0
2025-06-01,02R,0.0,0.0
2022-10-01,02R,0.0,0.0
2022-08-01,02R,0.0,0.0
2026-03-01,02R,0.0,0.0
2026-02-01,02R,0.0,0.0
2023-11-01,02R,0.0,0.0
2025-10-01,02R,0.0,0.0
2024-05-01,02R,0.0,0.0
2025-05-01,02R,0.0,0.0
2022-09-01,02R,0.0,0.0
2021-07-01,02R,0.0,0.0
2021-06-01,02R,0.0,0.0
2024-10-01,02R,0.0,0.0
2022-07-01,02R,0.0,0.0
2022-12-01,02R,0.0,0.0
2025-03-01,02R,0.0,0.0
2026-05-01,02R,0.0,0.0
2022-06-01,02R,0.0,0.0
2024-02-01,02R,0.0,0.0
2023-03-01,02R,0.0,0.0
2023-04-01,02R,0.0,0.0
2021-12-01,02R,0.0,0.0
2021-09-01,02R,0.0,0.0
2025-07-01,02R,0.0,0.0
2026-01-01,02R,0.0,0.0
2023-06-01,02R,0.0,0.0
2025-01-01,02R,0.0,0.0
2025-04-01,02R,0.0,0.0
2026-06-01,02R,0.0,0.0
2023-10-01,02R,0.0,0.0
2023-05-01,02R,0.0,0.0
2024-01-01,02R,0.0,0.0
2025-08-01,02R,0.0,0.0
2021-11-01,02R,0.0,0.0
2023-12-01,02R,0.0,0.0
2021-10-01,02R,0.0,0.0
2024-06-01,02R,0.0,0.0
2023-07-01,02R,0.0,0.0
2025-02-01,02R,0.0,0.0
2024-07-01,02R,0.0,0.0
2022-01-01,02R,0.0,0.0
2024-12-01,02R,0.0,0.0
2023-02-01,02R,0.0,0.0
2024-09-01,02R,0.0,0.0
2022-03-01,02R,0.0,0.0
2024-04-01,02R,0.0,0.0
2026-04-01,02R,0.0,0.0
2023-01-01,02R,0.0,0.0
2023-09-01,02R,0.0,0.0
2025-12-01,02R,0.0,0.0
2024-03-01,02R,0.0,0.0
2022-11-01,02R,0.0,0.0
2022-04-01,02R,0.0,0.0
2024-08-01,02R,0.0,0.0
2024-11-01,02R,0.0,0.0
2021-08-01,02R,0.0,0.0
2026-02-01,02V,0.0,0.0
2025-06-01,02V,0.0,0.0
2021-08-01,02V,0.0,0.0
2021-11-01,02V,0.0,0.0
2025-03-01,02V,0.0,0.0
2021-07-01,02V,0.0,0.0
2025-09-01,02V,0.0,0.0
2022-03-01,02V,0.0,0.0
2024-09-01,02V,0.0,0.0
2024-04-01,02V,0.0,0.0
2026-06-01,02V,0.0,0.0
2025-11-01,02V,0.0,0.0
2024-12-01,02V,0.0,0.0
2024-05-01,02V,0.0,0.0
2024-10-01,02V,0.0,0.0
2021-12-01,02V,0.0,0.0
2023-03-01,02V,0.0,0.0
2023-06-01,02V,0.0,0.0
2025-12-01,02V,0.0,0.0
2024-02-01,02V,0.0,0.0
2024-06-01,02V,0.0,0.0
2022-07-01,02V,0.0,0.0
2023-04-01,02V,0.0,0.0
2023-05-01,02V,0.0,0.0
2022-05-01,02V,0.0,0.0
2025-02-01,02V,0.0,0.0
2022-06-01,02V,0.0,0.0
2022-10-01,02V,0.0,0.0
2022-11-01,02V,0.0,0.0
2021-10-01,02V,0.0,0.0
2023-10-01,02V,0.0,0.0
2023-07-01,02V,0.0,0.0
2022-08-01,02V,0.0,0.0
2026-04-01,02V,0.0,0.0
2025-01-01,02V,0.0,0.0
2023-09-01,02V,0.0,0.0
2026-01-01,02V,0.0,0.0
2021-09-01,02V,0.0,0.0
2025-07-01,02V,0.0,0.0
2024-01-01,02V,0.0,0.0
2021-06-01,02V,0.0,0.0
2026-05-01,02V,0.0,0.0
2026-03-01,02V,0.0,0.0
2022-09-01,02V,0.0,0.0
2022-04-01,02V,0.0,0.0
2024-07-01,02V,0.0,0.0
2022-01-01,02V,0.0,0.0
2025-10-01,02V,0.0,0.0
2023-12-01,02V,0.0,0.0
2025-04-01,02V,0.0,0.0
2022-12-01,02V,0.0,0.0
2024-08-01,02V,0.0,0.0
2023-11-01,02V,0.0,0.0
2025-08-01,02V,0.0,0.0
2024-11-01,02V,0.0,0.0
2024-03-01,02V,0.0,0.0
2023-02-01,02V,0.0,0.0
2025-05-01,02V,0.0,0.0
2023-01-01,02V,0.0,0.0
2023-08-01,02V,0.0,0.0
2022-02-01,02V,0.0,0.0
2023-11-01,02W,0.0,0.0
2024-05-01,02W,0.0,0.0
2023-06-01,02W,0.0,0.0
2022-02-01,02W,0.0,0.0
2026-06-01,02W,0.0,0.0
2022-01-01,02W,0.0,0.0
2025-08-01,02W,0.0,0.0
2026-04-01,02W,0.0,0.0
2022-05-01,02W,0.0,0.0
2022-09-01,02W,0.0,0.0
2022-03-01,02W,0.0,0.0
2022-11-01,02W,0.0,0.0
2023-09-01,02W,0.0,0.0
2024-02-01,02W,0.0,0.0
2021-07-01,02W,0.0,0.0
2026-02-01,02W,0.0,0.0
2025-03-01,02W,0.0,0.0
2024-07-01,02W,0.0,0.0
2023-01-01,02W,0.0,0.0
2024-09-01,02W,0.0,0.0
2022-06-01,02W,0.0,0.0
2023-03-01,02W,0.0,0.0
2022-12-01,02W,0.0,0.0
2025-12-01,02W,0.0,0.0
2023-10-01,02W,0.0,0.0
2023-08-01,02W,0.0,0.0
2021-12-01,02W,0.0,0.0
2023-04-01,02W,0.0,0.0
2022-10-01,02W,0.0,0.0
2021-06-01,02W,0.0,0.0
2026-05-01,02W,0.0,0.0
2025-05-01,02W,0.0,0.0
2023-07-01,02W,0.0,0.0
2024-06-01,02W,0.0,0.0
2024-12-01,02W,0.0,0.0
2025-11-01,02W,0.0,0.0
2025-07-01,02W,0.0,0.0
2024-10-01,02W,0.0,0.0
2023-02-01,02W,0.0,0.0
2026-03-01,02W,0.0,0.0
2022-07-01,02W,0.0,0.0
2023-05-01,02W,0.0,0.0
2021-11-01,02W,0.0,0.0
2024-11-01,02W,0.0,0.0
2025-02-01,02W,0.0,0.0
2021-08-01,02W,0.0,0.0
2023-12-01,02W,0.0,0.0
2024-08-01,02W,0.0,0.0
2021-10-01,02W,0.0,0.0
2024-03-01,02W,0.0,0.0
2021-09-01,02W,0.0,0.0
2024-01-01,02W,0.0,0.0
2025-06-01,02W,0.0,0.0
2025-09-01,02W,0.0,0.0
2026-01-01,02W,0.0,0.0
2025-04-01,02W,0.0,0.0
2022-08-01,02W,0.0,0.0
2025-10-01,02W,0.0,0.0
2022-04-01,02W,0.0,0.0
2025-01-01,02W,0.0,0.0
2024-04-01,02W,0.0,0.0
2023-01-01,03A,0.0,0.0
2022-03-01,03A,0.0,0.0
2024-01-01,03A,0.0,0.0
2022-12-01,03A,0.0,0.0
2023-09-01,03A,0.0,0.0
2021-10-01,03A,0.0,0.0
2026-03-01,03A,0.0,0.0
2025-04-01,03A,0.0,0.0
2024-02-01,03A,0.0,0.0
2021-08-01,03A,0.0,0.0
2024-08-01,03A,0.0,0.0
2021-09-01,03A,0.0,0.0
2023-08-01,03A,0.0,0.0
2024-12-01,03A,0.0,0.0
2022-07-01,03A,0.0,0.0
2026-04-01,03A,0.0,0.0
2025-11-01,03A,0.0,0.0
2023-05-01,03A,0.0,0.0
2023-03-01,03A,0.0,0.0
2025-06-01,03A,0.0,0.0
2022-10-01,03A,0.0,0.0
2025-02-01,03A,0.0,0.0
2022-05-01,03A,0.0,0.0
2022-11-01,03A,0.0,0.0
2026-01-01,03A,0.0,0.0
2025-01-01,03A,0.0,0.0
2025-08-01,03A,0.0,0.0
2023-12-01,03A,0.0,0.0
2025-09-01,03A,0.0,0.0
2025-10-01,03A,0.0,0.0
2022-04-01,03A,0.0,0.0
2021-06-01,03A,0.0,0.0
2022-02-01,03A,0.0,0.0
2026-06-01,03A,0.0,0.0
2023-11-01,03A,0.0,0.0
2026-05-01,03A,0.0,0.0
2024-11-01,03A,0.0,0.0
2024-05-01,03A,0.0,0.0
2021-11-01,03A,0.0,0.0
2025-12-01,03A,0.0,0.0
2024-09-01,03A,0.0,0.0
2022-01-01,03A,0.0,0.0
2023-02-01,03A,0.0,0.0
2023-07-01,03A,0.0,0.0
2025-05-01,03A,0.0,0.0
2023-06-01,03A,0.0,0.0
2025-07-01,03A,0.0,0.0
2026-02-01,03A,0.0,0.0
2022-06-01,03A,0.0,0.0
2022-09-01,03A,0.0,0.0
2024-10-01,03A,0.0,0.0
2023-04-01,03A,0.0,0.0
2024-07-01,03A,0.0,0.0
2021-12-01,03A,0.0,0.0
2024-04-01,03A,0.0,0.0
2023-10-01,03A,0.0,0.0
2024-03-01,03A,0.0,0.0
2025-03-01,03A,0.0,0.0
2024-06-01,03A,0.0,0.0
2021-07-01,03A,0.0,0.0
2022-08-01,03A,0.0,0.0
2026-04-01,03J,0.0,0.0
2025-04-01,03J,0.0,0.0
2022-09-01,03J,0.0,0.0
2024-04-01,03J,0.0,0.0
2025-01-01,03J,0.0,0.0
2024-11-01,03J,0.0,0.0
2024-07-01,03J,0.0,0.0
2024-03-01,03J,0.0,0.0
2025-02-01,03J,0.0,0.0
2021-09-01,03J,0.0,0.0
2025-09-01,03J,0.0,0.0
2024-05-01,03J,0.0,0.0
2025-12-01,03J,0.0,0.0
2024-10-01,03J,0.0,0.0
2024-09-01,03J,0.0,0.0
2021-10-01,03J,0.0,0.0
2024-01-01,03J,0.0,0.0
2023-11-01,03J,0.0,0.0
2023-12-01,03J,0.0,0.0
2021-07-01,03J,0.0,0.0
2022-03-01,03J,0.0,0.0
2021-12-01,03J,0.0,0.0
2026-03-01,03J,0.0,0.0
2022-01-01,03J,0.0,0.0
2024-06-01,03J,0.0,0.0
2025-10-01,03J,0.0,0.0
2022-10-01,03J,0.0,0.0
2023-01-01,03J,0.0,0.0
2026-05-01,03J,0.0,0.0
2022-11-01,03J,0.0,0.0
2023-04-01,03J,0.0,0.0
2025-03-01,03J,0.0,0.0
2022-07-01,03J,0.0,0.0
2022-04-01,03J,0.0,0.0
2025-08-01,03J,0.0,0.0
2025-06-01,03J,0.0,0.0
2023-03-01,03J,0.0,0.0
2021-11-01,03J,0.0,0.0
2024-08-01,03J,0.0,0.0
2026-01-01,03J,0.0,0.0
2023-08-01,03J,0.0,0.0
2026-02-01,03J,0.0,0.0
2023-10-01,03J,0.0,0.0
2022-02-01,03J,0.0,0.0
2023-05-01,03J,0.0,0.0
2025-05-01,03J,0.0,0.0
2022-05-01,03J,0.0,0.0
2022-06-01,03J,0.0,0.0
2023-09-01,03J,0.0,0.0
2024-02-01,03J,0.0,0.0
2023-06-01,03J,0.0,0.0
2025-07-01,03J,0.0,0.0
2022-12-01,03J,0.0,0.0
2024-12-01,03J,0.0,0.0
2021-06-01,03J,0.0,0.0
2022-08-01,03J,0.0,0.0
2023-07-01,03J,0.0,0.0
2025-11-01,03J,0.0,0.0
2023-02-01,03J,0.0,0.0
2026-06-01,03J,0.0,0.0
2021-08-01,03J,0.0,0.0
2022-01-01,03M,0.0,0.0
2023-08-01,03M,0.0,0.0
2025-07-01,03M,0.0,0.0
2025-03-01,03M,0.0,0.0
2022-06-01,03M,0.0,0.0
2024-10-01,03M,0.0,0.0
2025-12-01,03M,0.0,0.0
2022-11-01,03M,0.0,0.0
2024-12-01,03M,0.0,0.0
2023-01-01,03M,0.0,0.0
2024-03-01,03M,0.0,0.0
2025-02-01,03M,0.0,0.0
2025-10-01,03M,0.0,0.0
2026-02-01,03M,0.0,0.0
2025-09-01,03M,0.0,0.0
2025-01-01,03M,0.0,0.0
2024-08-01,03M,0.0,0.0
2024-06-01,03M,0.0,0.0
2021-06-01,03M,0.0,0.0
2025-08-01,03M,0.0,0.0
2022-10-01,03M,0.0,0.0
2024-05-01,03M,0.0,0.0
2022-03-01,03M,0.0,0.0
2021-07-01,03M,0.0,0.0
2024-11-01,03M,0.0,0.0
2023-06-01,03M,0.0,0.0
2024-02-01,03M,0.0,0.0
2023-11-01,03M,0.0,0.0
2024-09-01,03M,0.0,0.0
2021-09-01,03M,0.0,0.0
2026-04-01,03M,0.0,0.0
2025-04-01,03M,0.0,0.0
2025-06-01,03M,0.0,0.0
2021-08-01,03M,0.0,0.0
2022-08-01,03M,0.0,0.0
2022-02-01,03M,0.0,0.0
2025-11-01,03M,0.0,0.0
2023-04-01,03M,0.0,0.0
2022-07-01,03M,0.0,0.0
2024-01-01,03M,0.0,0.0
2023-12-01,03M,0.0,0.0
2025-05-01,03M,0.0,0.0
2024-07-01,03M,0.0,0.0
2022-04-01,03M,0.0,0.0
2026-01-01,03M,0.0,0.0
2023-07-01,03M,0.0,0.0
2022-05-01,03M,0.0,0.0
2024-04-01,03M,0.0,0.0
2023-05-01,03M,0.0,0.0
2026-05-01,03M,0.0,0.0
2023-10-01,03M,0.0,0.0
2022-12-01,03M,0.0,0.0
2026-03-01,03M,0.0,0.0
2023-03-01,03M,0.0,0.0
2022-09-01,03M,0.0,0.0
2023-02-01,03M,0.0,0.0
2021-10-01,03M,0.0,0.0
2021-12-01,03M,0.0,0.0
2023-09-01,03M,0.0,0.0
2026-06-01,03M,0.0,0.0
2021-11-01,03M,0.0,0.0
2023-09-01,03T,0.0,0.0
2025-04-01,03T,0.0,0.0
2025-11-01,03T,0.0,0.0
2023-11-01,03T,0.0,0.0
2025-02-01,03T,0.0,0.0
2024-02-01,03T,0.0,0.0
2025-01-01,03T,0.0,0.0
2023-06-01,03T,0.0,0.0
2021-09-01,03T,0.0,0.0
2026-05-01,03T,0.0,0.0
2025-05-01,03T,0.0,0.0
2024-07-01,03T,0.0,0.0
2025-10-01,03T,0.0,0.0
2022-09-01,03T,0.0,0.0
2022-03-01,03T,0.0,0.0
2023-01-01,03T,0.0,0.0
2026-04-01,03T,0.0,0.0
2025-06-01,03T,0.0,0.0
2023-03-01,03T,0.0,0.0
2023-08-01,03T,0.0,0.0
2021-07-01,03T,0.0,0.0
2022-06-01,03T,0.0,0.0
2025-12-01,03T,0.0,0.0
2024-11-01,03T,0.0,0.0
2023-07-01,03T,0.0,0.0
2022-02-01,03T,0.0,0.0
2022-05-01,03T,0.0,0.0
2024-06-01,03T,0.0,0.0
2021-08-01,03T,0.0,0.0
2026-01-01,03T,0.0,0.0
2021-10-01,03T,0.0,0.0
2024-08-01,03T,0.0,0.0
2024-01-01,03T,0.0,0.0
2023-12-01,03T,0.0,0.0
2025-09-01,03T,0.0,0.0
2023-10-01,03T,0.0,0.0
2022-04-01,03T,0.0,0.0
2021-12-01,03T,0.0,0.0
2023-02-01,03T,0.0,0.0
2025-08-01,03T,0.0,0.0
2022-12-01,03T,0.0,0.0
2024-05-01,03T,0.0,0.0
2025-07-01,03T,0.0,0.0
2024-03-01,03T,0.0,0.0
2022-10-01,03T,0.0,0.0
2024-04-01,03T,0.0,0.0
2026-06-01,03T,0.0,0.0
2022-01-01,03T,0.0,0.0
2023-05-01,03T,0.0,0.0
2022-08-01,03T,0.0,0.0
2026-02-01,03T,0.0,0.0
2023-04-01,03T,0.0,0.0
2026-03-01,03T,0.0,0.0
2021-06-01,03T,0.0,0.0
2021-11-01,03T,0.0,0.0
2025-03-01,03T,0.0,0.0
2024-09-01,03T,0.0,0.0
2024-12-01,03T,0.0,0.0
2024-10-01,03T,0.0,0.0
2022-07-01,03T,0.0,0.0
2022-11-01,03T,0.0,0.0
2022-09-01,03Y,0.0,0.0
2021-10-01,03Y,0.0,0.0
2022-04-01,03Y,0.0,0.0
2026-02-01,03Y,0.0,0.0
2023-01-01,03Y,0.0,0.0
2023-04-01,03Y,0.0,0.0
2025-08-01,03Y,0.0,0.0
2022-11-01,03Y,0.0,0.0
2022-07-01,03Y,0.0,0.0
2026-01-01,03Y,0.0,0.0
2024-06-01,03Y,0.0,0.0
2024-12-01,03Y,0.0,0.0
2023-11-01,03Y,0.0,0.0
2022-10-01,03Y,0.0,0.0
2022-06-01,03Y,0.0,0.0
2024-03-01,03Y,0.0,0.0
2023-05-01,03Y,0.0,0.0
2021-07-01,03Y,0.0,0.0
2023-12-01,03Y,0.0,0.0
2025-11-01,03Y,0.0,0.0
2024-02-01,03Y,0.0,0.0
2022-02-01,03Y,0.0,0.0
2024-11-01,03Y,0.0,0.0
2021-09-01,03Y,0.0,0.0
2025-05-01,03Y,0.0,0.0
2024-01-01,03Y,0.0,0.0
2025-03-01,03Y,0.0,0.0
2026-06-01,03Y,0.0,0.0
2023-06-01,03Y,0.0,0.0
2026-05-01,03Y,0.0,0.0
2024-07-01,03Y,0.0,0.0
2026-03-01,03Y,0.0,0.0
2024-05-01,03Y,0.0,0.0
2022-12-01,03Y,0.0,0.0
2025-10-01,03Y,0.0,0.0
2026-04-01,03Y,0.0,0.0
2025-12-01,03Y,0.0,0.0
2023-02-01,03Y,0.0,0.0
2023-03-01,03Y,0.0,0.0
2025-01-01,03Y,0.0,0.0
2021-12-01,03Y,0.0,0.0
2023-08-01,03Y,0.0,0.0
2025-09-01,03Y,0.0,0.0
2025-07-01,03Y,0.0,0.0
2022-05-01,03Y,0.0,0.0
2022-08-01,03Y,0.0,0.0
2021-08-01,03Y,0.0,0.0
2023-10-01,03Y,0.0,0.0
2023-09-01,03Y,0.0,0.0
2023-07-01,03Y,0.0,0.0
2024-08-01,03Y,0.0,0.0
2024-04-01,03Y,0.0,0.0
2025-02-01,03Y,0.0,0.0
2025-06-01,03Y,0.0,0.0
2021-06-01,03Y,0.0,0.0
2022-03-01,03Y,0.0,0.0
2024-10-01,03Y,0.0,0.0
2024-09-01,03Y,0.0,0.0
2025-04-01,03Y,0.0,0.0
2022-01-01,03Y,0.0,0.0
2021-11-01,03Y,0.0,0.0
2025-10-01,04D,0.0,0.0
2022-08-01,04D,0.0,0.0
2022-07-01,04D,0.0,0.0
2023-03-01,04D,0.0,0.0
2024-05-01,04D,0.0,0.0
2024-10-01,04D,0.0,0.0
2022-06-01,04D,0.0,0.0
2022-04-01,04D,0.0,0.0
2026-02-01,04D,0.0,0.0
2025-11-01,04D,0.0,0.0
2025-03-01,04D,0.0,0.0
2025-07-01,04D,0.0,0.0
2023-08-01,04D,0.0,0.0
2025-09-01,04D,0.0,0.0
2022-11-01,04D,0.0,0.0
2024-11-01,04D,0.0,0.0
2023-01-01,04D,0.0,0.0
2024-04-01,04D,0.0,0.0
2023-12-01,04D,0.0,0.0
2026-04-01,04D,0.0,0.0
2022-05-01,04D,0.0,0.0
2025-04-01,04D,0.0,0.0
2021-09-01,04D,0.0,0.0
2021-08-01,04D,0.0,0.0
2024-02-01,04D,0.0,0.0
2023-10-01,04D,0.0,0.0
2024-01-01,04D,0.0,0.0
2023-02-01,04D,0.0,0.0
2024-08-01,04D,0.0,0.0
2025-05-01,04D,0.0,0.0
2026-01-01,04D,0.0,0.0
2022-09-01,04D,0.0,0.0
2026-05-01,04D,0.0,0.0
2023-04-01,04D,0.0,0.0
2024-12-01,04D,0.0,0.0
2023-11-01,04D,0.0,0.0
2022-12-01,04D,0.0,0.0
2022-10-01,04D,0.0,0.0
2022-03-01,04D,0.0,0.0
2023-09-01,04D,0.0,0.0
2025-12-01,04D,0.0,0.0
2021-10-01,04D,0.0,0.0
2024-09-01,04D,0.0,0.0
2025-02-01,04D,0.0,0.0
2022-01-01,04D,0.0,0.0
2021-12-01,04D,0.0,0.0
2025-01-01,04D,0.0,0.0
2021-06-01,04D,0.0,0.0
2024-03-01,04D,0.0,0.0
2021-07-01,04D,0.0,0.0
2025-08-01,04D,0.0,0.0
2021-11-01,04D,0.0,0.0
2022-02-01,04D,0.0,0.0
2025-06-01,04D,0.0,0.0
2024-07-01,04D,0.0,0.0
2026-03-01,04D,0.0,0.0
2023-05-01,04D,0.0,0.0
2023-07-01,04D,0.0,0.0
2023-06-01,04D,0.0,0.0
2026-06-01,04D,0.0,0.0
2024-06-01,04D,0.0,0.0
2021-06-01,04E,0.0,0.0
2022-10-01,04E,0.0,0.0
2023-05-01,04E,0.0,0.0
2026-06-01,04E,0.0,0.0
2026-05-01,04E,0.0,0.0
2021-10-01,04E,0.0,0.0
2022-06-01,04E,0.0,0.0
2023-10-01,04E,0.0,0.0
2022-07-01,04E,0.0,0.0
2024-09-01,04E,0.0,0.0
2023-11-01,04E,0.0,0.0
2025-05-01,04E,0.0,0.0
2023-02-01,04E,0.0,0.0
2025-09-01,04E,0.0,0.0
2023-08-01,04E,0.0,0.0
2025-12-01,04E,0.0,0.0
2025-08-01,04E,0.0,0.0
2022-03-01,04E,0.0,0.0
2025-10-01,04E,0.0,0.0
2024-08-01,04E,0.0,0.0
2021-08-01,04E,0.0,0.0
2023-09-01,04E,0.0,0.0
2025-02-01,04E,0.0,0.0
2022-05-01,04E,0.0,0.0
2026-01-01,04E,0.0,0.0
2024-03-01,04E,0.0,0.0
2024-12-01,04E,0.0,0.0
2024-01-01,04E,0.0,0.0
2021-09-01,04E,0.0,0.0
2024-04-01,04E,0.0,0.0
2025-11-01,04E,0.0,0.0
2025-07-01,04E,0.0,0.0
2025-06-01,04E,0.0,0.0
2026-02-01,04E,0.0,0.0
2025-04-01,04E,0.0,0.0
2021-12-01,04E,0.0,0.0
2022-02-01,04E,0.0,0.0
2021-11-01,04E,0.0,0.0
2024-06-01,04E,0.0,0.0
2023-01-01,04E,0.0,0.0
2022-04-01,04E,0.0,0.0
2022-01-01,04E,0.0,0.0
2023-12-01,04E,0.0,0.0
2026-03-01,04E,0.0,0.0
2022-08-01,04E,0.0,0.0
2024-10-01,04E,0.0,0.0
2024-07-01,04E,0.0,0.0
2024-05-01,04E,0.0,0.0
2024-11-01,04E,0.0,0.0
2022-12-01,04E,0.0,0.0
2025-01-01,04E,0.0,0.0
2022-09-01,04E,0.0,0.0
2023-04-01,04E,0.0,0.0
2024-02-01,04E,0.0,0.0
2022-11-01,04E,0.0,0.0
2026-04-01,04E,0.0,0.0
2025-03-01,04E,0.0,0.0
2021-07-01,04E,0.0,0.0
2023-06-01,04E,0.0,0.0
2023-07-01,04E,0.0,0.0
2023-03-01,04E,0.0,0.0
2021-07-01,04F,0.0,0.0
2022-10-01,04F,0.0,0.0
2025-07-01,04F,0.0,0.0
2024-03-01,04F,0.0,0.0
2025-03-01,04F,0.0,0.0
2023-05-01,04F,0.0,0.0
2022-04-01,04F,0.0,0.0
2024-12-01,04F,0.0,0.0
2025-08-01,04F,0.0,0.0
2022-06-01,04F,0.0,0.0
2025-11-01,04F,0.0,0.0
2022-12-01,04F,0.0,0.0
2023-07-01,04F,0.0,0.0
2024-07-01,04F,0.0,0.0
2024-02-01,04F,0.0,0.0
2021-09-01,04F,0.0,0.0
2025-02-01,04F,0.0,0.0
2021-12-01,04F,0.0,0.0
2025-04-01,04F,0.0,0.0
2024-11-01,04F,0.0,0.0
2024-09-01,04F,0.0,0.0
2023-03-01,04F,0.0,0.0
2026-01-01,04F,0.0,0.0
2023-02-01,04F,0.0,0.0
2021-06-01,04F,0.0,0.0
2024-01-01,04F,0.0,0.0
2022-02-01,04F,0.0,0.0
2026-03-01,04F,0.0,0.0
2024-10-01,04F,0.0,0.0
2023-08-01,04F,0.0,0.0
2023-04-01,04F,0.0,0.0
2021-11-01,04F,0.0,0.0
2026-06-01,04F,0.0,0.0
2025-10-01,04F,0.0,0.0
2023-10-01,04F,0.0,0.0
2026-04-01,04F,0.0,0.0
2022-01-01,04F,0.0,0.0
2021-10-01,04F,0.0,0.0
2025-05-01,04F,0.0,0.0
2025-06-01,04F,0.0,0.0
2022-03-01,04F,0.0,0.0
2022-07-01,04F,0.0,0.0
2023-12-01,04F,0.0,0.0
2023-06-01,04F,0.0,0.0
2023-01-01,04F,0.0,0.0
2022-08-01,04F,0.0,0.0
2026-05-01,04F,0.0,0.0
2024-04-01,04F,0.0,0.0
2026-02-01,04F,0.0,0.0
2023-11-01,04F,0.0,0.0
2022-11-01,04F,0.0,0.0
2025-01-01,04F,0.0,0.0
2022-05-01,04F,0.0,0.0
2025-09-01,04F,0.0,0.0
2022-09-01,04F,0.0,0.0
2023-09-01,04F,0.0,0.0
2025-12-01,04F,0.0,0.0
2024-08-01,04F,0.0,0.0
2024-05-01,04F,0.0,0.0
2021-08-01,04F,0.0,0.0
2024-06-01,04F,0.0,0.0
2021-10-01,04G,0.0,0.0
2025-07-01,04G,0.0,0.0
2023-08-01,04G,0.0,0.0
2024-01-01,04G,0.0,0.0
2023-05-01,04G,0.0,0.0
2024-09-01,04G,0.0,0.0
2025-06-01,04G,0.0,0.0
2023-02-01,04G,0.0,0.0
2021-06-01,04G,0.0,0.0
2025-01-01,04G,0.0,0.0
2024-04-01,04G,0.0,0.0
2025-02-01,04G,0.0,0.0
2025-05-01,04G,0.0,0.0
2025-12-01,04G,0.0,0.0
2023-09-01,04G,0.0,0.0
2024-10-01,04G,0.0,0.0
2024-08-01,04G,0.0,0.0
2025-04-01,04G,0.0,0.0
2023-07-01,04G,0.0,0.0
2022-06-01,04G,0.0,0.0
2022-08-01,04G,0.0,0.0
2021-12-01,04G,0.0,0.0
2026-04-01,04G,0.0,0.0
2026-05-01,04G,0.0,0.0
2023-01-01,04G,0.0,0.0
2025-10-01,04G,0.0,0.0
2026-01-01,04G,0.0,0.0
2024-06-01,04G,0.0,0.0
2022-07-01,04G,0.0,0.0
2022-03-01,04G,0.0,0.0
2024-03-01,04G,0.0,0.0
2024-12-01,04G,0.0,0.0
2023-10-01,04G,0.0,0.0
2023-11-01,04G,0.0,0.0
2021-09-01,04G,0.0,0.0
2024-07-01,04G,0.0,0.0
2026-06-01,04G,0.0,0.0
2023-06-01,04G,0.0,0.0
2023-12-01,04G,0.0,0.0
2025-09-01,04G,0.0,0.0
2024-05-01,04G,0.0,0.0
2022-12-01,04G,0.0,0.0
2022-10-01,04G,0.0,0.0
2022-04-01,04G,0.0,0.0
2022-05-01,04G,0.0,0.0
2022-02-01,04G,0.0,0.0
2024-02-01,04G,0.0,0.0
2021-07-01,04G,0.0,0.0
2023-03-01,04G,0.0,0.0
2026-03-01,04G,0.0,0.0
2022-09-01,04G,0.0,0.0
2026-02-01,04G,0.0,0.0
2021-08-01,04G,0.0,0.0
2022-11-01,04G,0.0,0.0
2025-08-01,04G,0.0,0.0
2022-01-01,04G,0.0,0.0
2021-11-01,04G,0.0,0.0
2025-11-01,04G,0.0,0.0
2023-04-01,04G,0.0,0.0
2024-11-01,04G,0.0,0.0
2025-03-01,04G,0.0,0.0
2022-04-01,04H,0.0,0.0
2022-01-01,04H,0.0,0.0
2024-12-01,04H,0.0,0.0
2023-08-01,04H,0.0,0.0
2026-03-01,04H,0.0,0.0
2023-04-01,04H,0.0,0.0
2022-08-01,04H,0.0,0.0
2025-02-01,04H,0.0,0.0
2022-12-01,04H,0.0,0.0
2022-05-01,04H,0.0,0.0
2023-01-01,04H,0.0,0.0
2022-02-01,04H,0.0,0.0
2023-03-01,04H,0.0,0.0
2022-07-01,04H,0.0,0.0
2025-04-01,04H,0.0,0.0
2021-09-01,04H,0.0,0.0
2023-09-01,04H,0.0,0.0
2025-07-01,04H,0.0,0.0
2023-11-01,04H,0.0,0.0
2025-03-01,04H,0.0,0.0
2024-03-01,04H,0.0,0.0
2023-05-01,04H,0.0,0.0
2024-10-01,04H,0.0,0.0
2021-11-01,04H,0.0,0.0
2024-07-01,04H,0.0,0.0
2025-09-01,04H,0.0,0.0
2026-04-01,04H,0.0,0.0
2022-06-01,04H,0.0,0.0
2023-07-01,04H,0.0,0.0
2021-07-01,04H,0.0,0.0
2025-11-01,04H,0.0,0.0
2026-06-01,04H,0.0,0.0
2024-05-01,04H,0.0,0.0
2024-09-01,04H,0.0,0.0
2026-05-01,04H,0.0,0.0
2024-02-01,04H,0.0,0.0
2025-01-01,04H,0.0,0.0
2026-02-01,04H,0.0,0.0
2025-06-01,04H,0.0,0.0
2026-01-01,04H,0.0,0.0
2025-12-01,04H,0.0,0.0
2022-09-01,04H,0.0,0.0
2023-10-01,04H,0.0,0.0
2025-10-01,04H,0.0,0.0
2021-08-01,04H,0.0,0.0
2021-10-01,04H,0.0,0.0
2024-04-01,04H,0.0,0.0
2022-11-01,04H,0.0,0.0
2021-06-01,04H,0.0,0.0
2024-06-01,04H,0.0,0.0
2022-03-01,04H,0.0,0.0
2025-08-01,04H,0.0,0.0
2024-01-01,04H,0.0,0.0
2023-06-01,04H,0.0,0.0
2022-10-01,04H,0.0,0.0
2021-12-01,04H,0.0,0.0
2024-11-01,04H,0.0,0.0
2025-05-01,04H,0.0,0.0
2024-08-01,04H,0.0,0.0
2023-12-01,04H,0.0,0.0
2023-02-01,04H,0.0,0.0
2023-11-01,04J,0.0,0.0
2025-08-01,04J,0.0,0.0
2025-06-01,04J,0.0,0.0
2025-10-01,04J,0.0,0.0
2021-09-01,04J,0.0,0.0
2022-04-01,04J,0.0,0.0
2024-10-01,04J,0.0,0.0
2026-06-01,04J,0.0,0.0
2025-05-01,04J,0.0,0.0
2021-12-01,04J,0.0,0.0
2025-02-01,04J,0.0,0.0
2023-12-01,04J,0.0,0.0
2025-01-01,04J,0.0,0.0
2025-09-01,04J,0.0,0.0
2021-11-01,04J,0.0,0.0
2025-03-01,04J,0.0,0.0
2023-04-01,04J,0.0,0.0
2023-01-01,04J,0.0,0.0
2023-07-01,04J,0.0,0.0
2022-10-01,04J,0.0,0.0
2022-11-01,04J,0.0,0.0
2026-02-01,04J,0.0,0.0
2024-01-01,04J,0.0,0.0
2022-09-01,04J,0.0,0.0
2021-06-01,04J,0.0,0.0
2024-05-01,04J,0.0,0.0
2022-05-01,04J,0.0,0.0
2023-06-01,04J,0.0,0.0
2022-06-01,04J,0.0,0.0
2026-03-01,04J,0.0,0.0
2025-11-01,04J,0.0,0.0
2024-02-01,04J,0.0,0.0
2024-04-01,04J,0.0,0.0
2021-10-01,04J,0.0,0.0
2022-01-01,04J,0.0,0.0
2024-09-01,04J,0.0,0.0
2026-01-01,04J,0.0,0.0
2024-03-01,04J,0.0,0.0
2022-03-01,04J,0.0,0.0
2023-05-01,04J,0.0,0.0
2022-07-01,04J,0.0,0.0
2024-06-01,04J,0.0,0.0
2025-07-01,04J,0.0,0.0
2026-05-01,04J,0.0,0.0
2026-04-01,04J,0.0,0.0
2023-03-01,04J,0.0,0.0
2022-12-01,04J,0.0,0.0
2024-12-01,04J,0.0,0.0
2024-08-01,04J,0.0,0.0
2023-08-01,04J,0.0,0.0
2021-08-01,04J,0.0,0.0
2023-10-01,04J,0.0,0.0
2023-02-01,04J,0.0,0.0
2022-02-01,04J,0.0,0.0
2025-04-01,04J,0.0,0.0
2025-12-01,04J,0.0,0.0
2024-11-01,04J,0.0,0.0
2023-09-01,04J,0.0,0.0
2022-08-01,04J,0.0,0.0
2024-07-01,04J,0.0,0.0
2021-07-01,04J,0.0,0.0
2022-11-01,04K,0.0,0.0
2026-06-01,04K,0.0,0.0
2021-07-01,04K,0.0,0.0
2024-02-01,04K,0.0,0.0
2025-08-01,04K,0.0,0.0
2022-09-01,04K,0.0,0.0
2025-01-01,04K,0.0,0.0
2024-01-01,04K,0.0,0.0
2024-03-01,04K,0.0,0.0
2022-02-01,04K,0.0,0.0
2021-09-01,04K,0.0,0.0
2026-05-01,04K,0.0,0.0
2025-05-01,04K,0.0,0.0
2022-05-01,04K,0.0,0.0
2026-04-01,04K,0.0,0.0
2025-09-01,04K,0.0,0.0
2023-06-01,04K,0.0,0.0
2025-06-01,04K,0.0,0.0
2025-12-01,04K,0.0,0.0
2021-06-01,04K,0.0,0.0
2024-10-01,04K,0.0,0.0
2022-06-01,04K,0.0,0.0
2021-12-01,04K,0.0,0.0
2023-05-01,04K,0.0,0.0
2021-08-01,04K,0.0,0.0
2023-04-01,04K,0.0,0.0
2025-10-01,04K,0.0,0.0
2022-01-01,04K,0.0,0.0
2025-02-01,04K,0.0,0.0
2023-02-01,04K,0.0,0.0
2024-04-01,04K,0.0,0.0
2023-07-01,04K,0.0,0.0
2023-10-01,04K,0.0,0.0
2024-12-01,04K,0.0,0.0
2022-04-01,04K,0.0,0.0
2022-08-01,04K,0.0,0.0
2022-10-01,04K,0.0,0.0
2025-11-01,04K,0.0,0.0
2023-11-01,04K,0.0,0.0
2022-03-01,04K,0.0,0.0
2026-02-01,04K,0.0,0.0
2026-01-01,04K,0.0,0.0
2023-01-01,04K,0.0,0.0
2024-07-01,04K,0.0,0.0
2024-05-01,04K,0.0,0.0
2021-11-01,04K,0.0,0.0
2022-07-01,04K,0.0,0.0
2021-10-01,04K,0.0,0.0
2025-04-01,04K,0.0,0.0
2025-03-01,04K,0.0,0.0
2023-09-01,04K,0.0,0.0
2024-06-01,04K,0.0,0.0
2025-07-01,04K,0.0,0.0
2026-03-01,04K,0.0,0.0
2023-12-01,04K,0.0,0.0
2023-08-01,04K,0.0,0.0
2024-11-01,04K,0.0,0.0
2023-03-01,04K,0.0,0.0
2022-12-01,04K,0.0,0.0
2024-09-01,04K,0.0,0.0
2024-08-01,04K,0.0,0.0
2022-08-01,04L,0.0,0.0
2025-03-01,04L,0.0,0.0
2023-11-01,04L,0.0,0.0
2023-12-01,04L,0.0,0.0
2022-10-01,04L,0.0,0.0
2024-01-01,04L,0.0,0.0
2021-07-01,04L,0.0,0.0
2025-06-01,04L,0.0,0.0
2023-02-01,04L,0.0,0.0
2023-01-01,04L,0.0,0.0
2025-08-01,04L,0.0,0.0
2022-03-01,04L,0.0,0.0
2025-10-01,04L,0.0,0.0
2024-06-01,04L,0.0,0.0
2026-05-01,04L,0.0,0.0
2024-10-01,04L,0.0,0.0
2023-06-01,04L,0.0,0.0
2025-09-01,04L,0.0,0.0
2022-01-01,04L,0.0,0.0
2024-03-01,04L,0.0,0.0
2024-07-01,04L,0.0,0.0
2021-12-01,04L,0.0,0.0
2023-04-01,04L,0.0,0.0
2026-03-01,04L,0.0,0.0
2022-07-01,04L,0.0,0.0
2024-11-01,04L,0.0,0.0
2022-12-01,04L,0.0,0.0
2021-08-01,04L,0.0,0.0
2024-04-01,04L,0.0,0.0
2024-12-01,04L,0.0,0.0
2024-09-01,04L,0.0,0.0
2026-06-01,04L,0.0,0.0
2021-06-01,04L,0.0,0.0
2023-05-01,04L,0.0,0.0
2025-05-01,04L,0.0,0.0
2025-01-01,04L,0.0,0.0
2026-02-01,04L,0.0,0.0
2025-07-01,04L,0.0,0.0
2024-02-01,04L,0.0,0.0
2025-02-01,04L,0.0,0.0
2021-10-01,04L,0.0,0.0
2025-04-01,04L,0.0,0.0
2026-04-01,04L,0.0,0.0
2022-04-01,04L,0.0,0.0
2022-05-01,04L,0.0,0.0
2022-11-01,04L,0.0,0.0
2023-08-01,04L,0.0,0.0
2022-02-01,04L,0.0,0.0
2022-09-01,04L,0.0,0.0
2023-07-01,04L,0.0,0.0
2021-11-01,04L,0.0,0.0
2023-09-01,04L,0.0,0.0
2025-11-01,04L,0.0,0.0
2022-06-01,04L,0.0,0.0
2021-09-01,04L,0.0,0.0
2026-01-01,04L,0.0,0.0
2023-10-01,04L,0.0,0.0
2023-03-01,04L,0.0,0.0
2024-05-01,04L,0.0,0.0
2024-08-01,04L,0.0,0.0
2025-12-01,04L,0.0,0.0
2023-01-01,04M,0.0,0.0
2025-11-01,04M,0.0,0.0
2026-03-01,04M,0.0,0.0
2024-08-01,04M,0.0,0.0
2021-06-01,04M,0.0,0.0
2026-05-01,04M,0.0,0.0
2023-05-01,04M,0.0,0.0
2025-08-01,04M,0.0,0.0
2026-04-01,04M,0.0,0.0
2022-01-01,04M,0.0,0.0
2021-08-01,04M,0.0,0.0
2025-01-01,04M,0.0,0.0
2025-04-01,04M,0.0,0.0
2022-08-01,04M,0.0,0.0
2021-12-01,04M,0.0,0.0
2024-02-01,04M,0.0,0.0
2026-02-01,04M,0.0,0.0
2022-06-01,04M,0.0,0.0
2023-03-01,04M,0.0,0.0
2023-02-01,04M,0.0,0.0
2025-02-01,04M,0.0,0.0
2023-07-01,04M,0.0,0.0
2024-03-01,04M,0.0,0.0
2025-06-01,04M,0.0,0.0
2024-12-01,04M,0.0,0.0
2023-06-01,04M,0.0,0.0
2022-02-01,04M,0.0,0.0
2023-11-01,04M,0.0,0.0
2022-03-01,04M,0.0,0.0
2025-12-01,04M,0.0,0.0
2022-07-01,04M,0.0,0.0
2025-07-01,04M,0.0,0.0
2026-01-01,04M,0.0,0.0
2024-07-01,04M,0.0,0.0
2025-03-01,04M,0.0,0.0
2022-05-01,04M,0.0,0.0
2023-12-01,04M,0.0,0.0
2021-07-01,04M,0.0,0.0
2022-11-01,04M,0.0,0.0
2024-05-01,04M,0.0,0.0
2022-09-01,04M,0.0,0.0
2025-09-01,04M,0.0,0.0
2025-05-01,04M,0.0,0.0
2023-04-01,04M,0.0,0.0
2024-01-01,04M,0.0,0.0
2022-10-01,04M,0.0,0.0
2024-04-01,04M,0.0,0.0
2023-09-01,04M,0.0,0.0
2022-12-01,04M,0.0,0.0
2021-10-01,04M,0.0,0.0
2022-04-01,04M,0.0,0.0
2024-09-01,04M,0.0,0.0
2025-10-01,04M,0.0,0.0
2021-11-01,04M,0.0,0.0
2021-09-01,04M,0.0,0.0
2024-11-01,04M,0.0,0.0
2023-08-01,04M,0.0,0.0
2023-10-01,04M,0.0,0.0
2024-10-01,04M,0.0,0.0
2024-06-01,04M,0.0,0.0
2026-06-01,04M,0.0,0.0
2023-01-01,04Q,0.0,0.0
2021-12-01,04Q,0.0,0.0
2026-03-01,04Q,0.0,0.0
2024-11-01,04Q,0.0,0.0
2023-03-01,04Q,0.0,0.0
2024-09-01,04Q,0.0,0.0
2022-01-01,04Q,0.0,0.0
2022-07-01,04Q,0.0,0.0
2025-09-01,04Q,0.0,0.0
2022-09-01,04Q,0.0,0.0
2024-07-01,04Q,0.0,0.0
2022-04-01,04Q,0.0,0.0
2025-08-01,04Q,0.0,0.0
2021-09-01,04Q,0.0,0.0
2021-11-01,04Q,0.0,0.0
2022-10-01,04Q,0.0,0.0
2023-12-01,04Q,0.0,0.0
2025-11-01,04Q,0.0,0.0
2024-02-01,04Q,0.0,0.0
2025-02-01,04Q,0.0,0.0
2025-10-01,04Q,0.0,0.0
2026-01-01,04Q,0.0,0.0
2024-12-01,04Q,0.0,0.0
2022-12-01,04Q,0.0,0.0
2024-05-01,04Q,0.0,0.0
2021-08-01,04Q,0.0,0.0
2024-04-01,04Q,0.0,0.0
2025-12-01,04Q,0.0,0.0
2023-06-01,04Q,0.0,0.0
2023-02-01,04Q,0.0,0.0
2021-07-01,04Q,0.0,0.0
2022-05-01,04Q,0.0,0.0
2022-11-01,04Q,0.0,0.0
2022-06-01,04Q,0.0,0.0
2023-08-01,04Q,0.0,0.0
2023-04-01,04Q,0.0,0.0
2023-11-01,04Q,0.0,0.0
2024-08-01,04Q,0.0,0.0
2026-02-01,04Q,0.0,0.0
2025-03-01,04Q,0.0,0.0
2025-04-01,04Q,0.0,0.0
2022-08-01,04Q,0.0,0.0
2025-05-01,04Q,0.0,0.0
2021-06-01,04Q,0.0,0.0
2024-06-01,04Q,0.0,0.0
2023-10-01,04Q,0.0,0.0
2023-07-01,04Q,0.0,0.0
2026-04-01,04Q,0.0,0.0
2026-05-01,04Q,0.0,0.0
2025-06-01,04Q,0.0,0.0
2021-10-01,04Q,0.0,0.0
2023-09-01,04Q,0.0,0.0
2024-10-01,04Q,0.0,0.0
2023-05-01,04Q,0.0,0.0
2025-07-01,04Q,0.0,0.0
2025-01-01,04Q,0.0,0.0
2024-03-01,04Q,0.0,0.0
2022-03-01,04Q,0.0,0.0
2024-01-01,04Q,0.0,0.0
2026-06-01,04Q,0.0,0.0
2022-02-01,04Q,0.0,0.0
2022-03-01,04R,0.0,0.0
2023-05-01,04R,0.0,0.0
2022-04-01,04R,0.0,0.0
2024-09-01,04R,0.0,0.0
2026-04-01,04R,0.0,0.0
2025-09-01,04R,0.0,0.0
2021-10-01,04R,0.0,0.0
2023-04-01,04R,0.0,0.0
2021-07-01,04R,0.0,0.0
2022-06-01,04R,0.0,0.0
2021-12-01,04R,0.0,0.0
2026-06-01,04R,0.0,0.0
2025-11-01,04R,0.0,0.0
2024-04-01,04R,0.0,0.0
2024-01-01,04R,0.0,0.0
2023-12-01,04R,0.0,0.0
2024-02-01,04R,0.0,0.0
2025-05-01,04R,0.0,0.0
2025-08-01,04R,0.0,0.0
2021-06-01,04R,0.0,0.0
2022-11-01,04R,0.0,0.0
2024-08-01,04R,0.0,0.0
2023-07-01,04R,0.0,0.0
2023-08-01,04R,0.0,0.0
2023-11-01,04R,0.0,0.0
2022-08-01,04R,0.0,0.0
2025-01-01,04R,0.0,0.0
2026-05-01,04R,0.0,0.0
2025-07-01,04R,0.0,0.0
2024-12-01,04R,0.0,0.0
2024-11-01,04R,0.0,0.0
2025-02-01,04R,0.0,0.0
2021-09-01,04R,0.0,0.0
2025-03-01,04R,0.0,0.0
2024-10-01,04R,0.0,0.0
2022-09-01,04R,0.0,0.0
2025-06-01,04R,0.0,0.0
2026-03-01,04R,0.0,0.0
2024-05-01,04R,0.0,0.0
2022-05-01,04R,0.0,0.0
2024-06-01,04R,0.0,0.0
2025-04-01,04R,0.0,0.0
2023-03-01,04R,0.0,0.0
2022-07-01,04R,0.0,0.0
2024-07-01,04R,0.0,0.0
2025-12-01,04R,0.0,0.0
2026-01-01,04R,0.0,0.0
2021-11-01,04R,0.0,0.0
2023-02-01,04R,0.0,0.0
2023-01-01,04R,0.0,0.0
2022-10-01,04R,0.0,0.0
2023-10-01,04R,0.0,0.0
2025-10-01,04R,0.0,0.0
2024-03-01,04R,0.0,0.0
2022-02-01,04R,0.0,0.0
2023-09-01,04R,0.0,0.0
2022-01-01,04R,0.0,0.0
2022-12-01,04R,0.0,0.0
2026-02-01,04R,0.0,0.0
2021-08-01,04R,0.0,0.0
2023-06-01,04R,0.0,0.0
2023-09-01,04X,0.0,0.0
2026-03-01,04X,0.0,0.0
2026-06-01,04X,0.0,0.0
2022-11-01,04X,0.0,0.0
2022-06-01,04X,0.0,0.0
2021-11-01,04X,0.0,0.0
2022-01-01,04X,0.0,0.0
2023-05-01,04X,0.0,0.0
2023-02-01,04X,0.0,0.0
2026-05-01,04X,0.0,0.0
2024-10-01,04X,0.0,0.0
2023-03-01,04X,0.0,0.0
2023-12-01,04X,0.0,0.0
2024-07-01,04X,0.0,0.0
2024-12-01,04X,0.0,0.0
2021-09-01,04X,0.0,0.0
2023-10-01,04X,0.0,0.0
2021-12-01,04X,0.0,0.0
2025-06-01,04X,0.0,0.0
2025-09-01,04X,0.0,0.0
2025-10-01,04X,0.0,0.0
2023-07-01,04X,0.0,0.0
2025-07-01,04X,0.0,0.0
2021-07-01,04X,0.0,0.0
2024-09-01,04X,0.0,0.0
2022-04-01,04X,0.0,0.0
2024-02-01,04X,0.0,0.0
2022-07-01,04X,0.0,0.0
2021-06-01,04X,0.0,0.0
2021-08-01,04X,0.0,0.0
2024-03-01,04X,0.0,0.0
2026-02-01,04X,0.0,0.0
2022-03-01,04X,0.0,0.0
2023-06-01,04X,0.0,0.0
2024-06-01,04X,0.0,0.0
2023-04-01,04X,0.0,0.0
2023-01-01,04X,0.0,0.0
2025-04-01,04X,0.0,0.0
2022-12-01,04X,0.0,0.0
2025-03-01,04X,0.0,0.0
2025-11-01,04X,0.0,0.0
2024-05-01,04X,0.0,0.0
2024-11-01,04X,0.0,0.0
2023-08-01,04X,0.0,0.0
2022-09-01,04X,0.0,0.0
2025-08-01,04X,0.0,0.0
2025-12-01,04X,0.0,0.0
2025-02-01,04X,0.0,0.0
2022-08-01,04X,0.0,0.0
2022-05-01,04X,0.0,0.0
2023-11-01,04X,0.0,0.0
2024-08-01,04X,0.0,0.0
2026-04-01,04X,0.0,0.0
2026-01-01,04X,0.0,0.0
2025-05-01,04X,0.0,0.0
2021-10-01,04X,0.0,0.0
2024-01-01,04X,0.0,0.0
2025-01-01,04X,0.0,0.0
2022-10-01,04X,0.0,0.0
2024-04-01,04X,0.0,0.0
2022-02-01,04X,0.0,0.0
2023-08-01,05A,0.0,0.0
2024-11-01,05A,0.0,0.0
2025-10-01,05A,0.0,0.0
2025-03-01,05A,0.0,0.0
2022-10-01,05A,0.0,0.0
2023-01-01,05A,0.0,0.0
2023-10-01,05A,0.0,0.0
2023-03-01,05A,0.0,0.0
2022-07-01,05A,0.0,0.0
2025-08-01,05A,0.0,0.0
2026-06-01,05A,0.0,0.0
2022-04-01,05A,0.0,0.0
2025-02-01,05A,0.0,0.0
2023-11-01,05A,0.0,0.0
2025-06-01,05A,0.0,0.0
2024-06-01,05A,0.0,0.0
2022-01-01,05A,0.0,0.0
2021-12-01,05A,0.0,0.0
2024-08-01,05A,0.0,0.0
2021-06-01,05A,0.0,0.0
2024-02-01,05A,0.0,0.0
2023-02-01,05A,0.0,0.0
2024-12-01,05A,0.0,0.0
2022-06-01,05A,0.0,0.0
2024-03-01,05A,0.0,0.0
2022-11-01,05A,0.0,0.0
2025-04-01,05A,0.0,0.0
2022-12-01,05A,0.0,0.0
2023-12-01,05A,0.0,0.0
2025-12-01,05A,0.0,0.0
2022-05-01,05A,0.0,0.0
2024-01-01,05A,0.0,0.0
2026-02-01,05A,0.0,0.0
2024-04-01,05A,0.0,0.0
2025-09-01,05A,0.0,0.0
2023-05-01,05A,0.0,0.0
2022-03-01,05A,0.0,0.0
2023-06-01,05A,0.0,0.0
2026-04-01,05A,0.0,0.0
2024-07-01,05A,0.0,0.0
2024-09-01,05A,0.0,0.0
2024-10-01,05A,0.0,0.0
2021-10-01,05A,0.0,0.0
2026-05-01,05A,0.0,0.0
2022-09-01,05A,0.0,0.0
2026-03-01,05A,0.0,0.0
2025-11-01,05A,0.0,0.0
2021-08-01,05A,0.0,0.0
2025-01-01,05A,0.0,0.0
2025-05-01,05A,0.0,0.0
2022-08-01,05A,0.0,0.0
2021-07-01,05A,0.0,0.0
2022-02-01,05A,0.0,0.0
2021-09-01,05A,0.0,0.0
2025-07-01,05A,0.0,0.0
2026-01-01,05A,0.0,0.0
2023-07-01,05A,0.0,0.0
2023-09-01,05A,0.0,0.0
2024-05-01,05A,0.0,0.0
2023-04-01,05A,0.0,0.0
2021-11-01,05A,0.0,0.0
2026-02-01,05C,0.0,0.0
2023-01-01,05C,0.0,0.0
2024-11-01,05C,0.0,0.0
2022-04-01,05C,0.0,0.0
2025-08-01,05C,0.0,0.0
2024-02-01,05C,0.0,0.0
2022-06-01,05C,0.0,0.0
2025-06-01,05C,0.0,0.0
2023-11-01,05C,0.0,0.0
2023-06-01,05C,0.0,0.0
2025-09-01,05C,0.0,0.0
2022-05-01,05C,0.0,0.0
2021-06-01,05C,0.0,0.0
2024-12-01,05C,0.0,0.0
2023-10-01,05C,0.0,0.0
2023-09-01,05C,0.0,0.0
2025-05-01,05C,0.0,0.0
2023-05-01,05C,0.0,0.0
2021-09-01,05C,0.0,0.0
2024-08-01,05C,0.0,0.0
2024-06-01,05C,0.0,0.0
2022-08-01,05C,0.0,0.0
2024-10-01,05C,0.0,0.0
2025-04-01,05C,0.0,0.0
2024-03-01,05C,0.0,0.0
2025-12-01,05C,0.0,0.0
2025-10-01,05C,0.0,0.0
2021-10-01,05C,0.0,0.0
2024-07-01,05C,0.0,0.0
2022-07-01,05C,0.0,0.0
2026-01-01,05C,0.0,0.0
2025-07-01,05C,0.0,0.0
2023-12-01,05C,0.0,0.0
2022-09-01,05C,0.0,0.0
2022-10-01,05C,0.0,0.0
2023-02-01,05C,0.0,0.0
2024-01-01,05C,0.0,0.0
2024-05-01,05C,0.0,0.0
2022-02-01,05C,0.0,0.0
2025-03-01,05C,0.0,0.0
2026-05-01,05C,0.0,0.0
2021-11-01,05C,0.0,0.0
2026-06-01,05C,0.0,0.0
2026-04-01,05C,0.0,0.0
2023-03-01,05C,0.0,0.0
2025-01-01,05C,0.0,0.0
2023-08-01,05C,0.0,0.0
2023-04-01,05C,0.0,0.0
2021-08-01,05C,0.0,0.0
2022-11-01,05C,0.0,0.0
2022-03-01,05C,0.0,0.0
2022-01-01,05C,0.0,0.0
2025-11-01,05C,0.0,0.0
2024-04-01,05C,0.0,0.0
2022-12-01,05C,0.0,0.0
2026-03-01,05C,0.0,0.0
2024-09-01,05C,0.0,0.0
2021-12-01,05C,0.0,0.0
2025-02-01,05C,0.0,0.0
2021-07-01,05C,0.0,0.0
2023-07-01,05C,0.0,0.0
2022-08-01,05F,0.0,0.0
2026-01-01,05F,0.0,0.0
2022-06-01,05F,0.0,0.0
2023-07-01,05F,0.0,0.0
2021-12-01,05F,0.0,0.0
2022-02-01,05F,0.0,0.0
2026-02-01,05F,0.0,0.0
2023-12-01,05F,0.0,0.0
2022-10-01,05F,0.0,0.0
2025-12-01,05F,0.0,0.0
2022-12-01,05F,0.0,0.0
2024-01-01,05F,0.0,0.0
2026-03-01,05F,0.0,0.0
2021-08-01,05F,0.0,0.0
2025-07-01,05F,0.0,0.0
2025-02-01,05F,0.0,0.0
2023-05-01,05F,0.0,0.0
2023-08-01,05F,0.0,0.0
2023-01-01,05F,0.0,0.0
2022-07-01,05F,0.0,0.0
2024-07-01,05F,0.0,0.0
2022-05-01,05F,0.0,0.0
2022-09-01,05F,0.0,0.0
2022-11-01,05F,0.0,0.0
2024-12-01,05F,0.0,0.0
2021-07-01,05F,0.0,0.0
2024-04-01,05F,0.0,0.0
2021-11-01,05F,0.0,0.0
2025-01-01,05F,0.0,0.0
2024-06-01,05F,0.0,0.0
2023-04-01,05F,0.0,0.0
2024-02-01,05F,0.0,0.0
2024-03-01,05F,0.0,0.0
2022-03-01,05F,0.0,0.0
2023-02-01,05F,0.0,0.0
2021-06-01,05F,0.0,0.0
2024-05-01,05F,0.0,0.0
2025-04-01,05F,0.0,0.0
2024-10-01,05F,0.0,0.0
2021-09-01,05F,0.0,0.0
2022-04-01,05F,0.0,0.0
2024-09-01,05F,0.0,0.0
2023-10-01,05F,0.0,0.0
2025-10-01,05F,0.0,0.0
2025-11-01,05F,0.0,0.0
2025-09-01,05F,0.0,0.0
2026-05-01,05F,0.0,0.0
2024-11-01,05F,0.0,0.0
2023-06-01,05F,0.0,0.0
2025-08-01,05F,0.0,0.0
2026-06-01,05F,0.0,0.0
2025-05-01,05F,0.0,0.0
2023-11-01,05F,0.0,0.0
2021-10-01,05F,0.0,0.0
2022-01-01,05F,0.0,0.0
2023-09-01,05F,0.0,0.0
2024-08-01,05F,0.0,0.0
2025-03-01,05F,0.0,0.0
2026-04-01,05F,0.0,0.0
2025-06-01,05F,0.0,0.0
2023-03-01,05F,0.0,0.0
2025-08-01,05H,0.0,0.0
2022-12-01,05H,0.0,0.0
2023-02-01,05H,0.0,0.0
2025-10-01,05H,0.0,0.0
2022-07-01,05H,0.0,0.0
2026-05-01,05H,0.0,0.0
2025-02-01,05H,0.0,0.0
2024-11-01,05H,0.0,0.0
2026-01-01,05H,0.0,0.0
2021-12-01,05H,0.0,0.0
2025-07-01,05H,0.0,0.0
2023-09-01,05H,0.0,0.0
2024-08-01,05H,0.0,0.0
2025-06-01,05H,0.0,0.0
2023-04-01,05H,0.0,0.0
2022-06-01,05H,0.0,0.0
2021-08-01,05H,0.0,0.0
2024-06-01,05H,0.0,0.0
2025-09-01,05H,0.0,0.0
2025-11-01,05H,0.0,0.0
2021-06-01,05H,0.0,0.0
2024-05-01,05H,0.0,0.0
2023-11-01,05H,0.0,0.0
2025-12-01,05H,0.0,0.0
2022-08-01,05H,0.0,0.0
2024-01-01,05H,0.0,0.0
2024-03-01,05H,0.0,0.0
2025-05-01,05H,0.0,0.0
2024-04-01,05H,0.0,0.0
2024-09-01,05H,0.0,0.0
2022-05-01,05H,0.0,0.0
2022-03-01,05H,0.0,0.0
2022-01-01,05H,0.0,0.0
2022-02-01,05H,0.0,0.0
2025-03-01,05H,0.0,0.0
2026-04-01,05H,0.0,0.0
2026-06-01,05H,0.0,0.0
2023-12-01,05H,0.0,0.0
2021-11-01,05H,0.0,0.0
2026-02-01,05H,0.0,0.0
2022-04-01,05H,0.0,0.0
2025-01-01,05H,0.0,0.0
2022-11-01,05H,0.0,0.0
2023-08-01,05H,0.0,0.0
2023-03-01,05H,0.0,0.0
2023-06-01,05H,0.0,0.0
2025-04-01,05H,0.0,0.0
2024-10-01,05H,0.0,0.0
2021-10-01,05H,0.0,0.0
2022-09-01,05H,0.0,0.0
2023-01-01,05H,0.0,0.0
2021-07-01,05H,0.0,0.0
2026-03-01,05H,0.0,0.0
2021-09-01,05H,0.0,0.0
2023-10-01,05H,0.0,0.0
2024-07-01,05H,0.0,0.0
2023-07-01,05H,0.0,0.0
2024-02-01,05H,0.0,0.0
2023-05-01,05H,0.0,0.0
2024-12-01,05H,0.0,0.0
2022-10-01,05H,0.0,0.0
2024-04-01,05L,0.0,0.0
2026-06-01,05L,0.0,0.0
2023-11-01,05L,0.0,0.0
2026-01-01,05L,0.0,0.0
2024-05-01,05L,0.0,0.0
2021-06-01,05L,0.0,0.0
2021-10-01,05L,0.0,0.0
2026-04-01,05L,0.0,0.0
2025-07-01,05L,0.0,0.0
2025-09-01,05L,0.0,0.0
2024-01-01,05L,0.0,0.0
2023-12-01,05L,0.0,0.0
2022-10-01,05L,0.0,0.0
2026-02-01,05L,0.0,0.0
2022-04-01,05L,0.0,0.0
2025-05-01,05L,0.0,0.0
2026-05-01,05L,0.0,0.0
2022-08-01,05L,0.0,0.0
2023-09-01,05L,0.0,0.0
2024-10-01,05L,0.0,0.0
2025-01-01,05L,0.0,0.0
2022-12-01,05L,0.0,0.0
2021-07-01,05L,0.0,0.0
2025-08-01,05L,0.0,0.0
2025-12-01,05L,0.0,0.0
2022-07-01,05L,0.0,0.0
2023-04-01,05L,0.0,0.0
2024-03-01,05L,0.0,0.0
2024-06-01,05L,0.0,0.0
2025-11-01,05L,0.0,0.0
2023-07-01,05L,0.0,0.0
2023-05-01,05L,0.0,0.0
2024-07-01,05L,0.0,0.0
2022-01-01,05L,0.0,0.0
2022-11-01,05L,0.0,0.0
2021-11-01,05L,0.0,0.0
2024-02-01,05L,0.0,0.0
2025-10-01,05L,0.0,0.0
2023-06-01,05L,0.0,0.0
2024-12-01,05L,0.0,0.0
2021-09-01,05L,0.0,0.0
2024-09-01,05L,0.0,0.0
2022-09-01,05L,0.0,0.0
2022-03-01,05L,0.0,0.0
2023-10-01,05L,0.0,0.0
2026-03-01,05L,0.0,0.0
2022-02-01,05L,0.0,0.0
2022-05-01,05L,0.0,0.0
2023-01-01,05L,0.0,0.0
2023-03-01,05L,0.0,0.0
2023-02-01,05L,0.0,0.0
2023-08-01,05L,0.0,0.0
2025-02-01,05L,0.0,0.0
2025-03-01,05L,0.0,0.0
2025-06-01,05L,0.0,0.0
2022-06-01,05L,0.0,0.0
2021-12-01,05L,0.0,0.0
2024-11-01,05L,0.0,0.0
2024-08-01,05L,0.0,0.0
2021-08-01,05L,0.0,0.0
2025-04-01,05L,0.0,0.0
2022-07-01,05N,0.0,0.0
2022-09-01,05N,0.0,0.0
2023-05-01,05N,0.0,0.0
2024-01-01,05N,0.0,0.0
2026-01-01,05N,0.0,0.0
2025-08-01,05N,0.0,0.0
2024-11-01,05N,0.0,0.0
2021-08-01,05N,0.0,0.0
2024-12-01,05N,0.0,0.0
2022-03-01,05N,0.0,0.0
2024-07-01,05N,0.0,0.0
2021-10-01,05N,0.0,0.0
2025-06-01,05N,0.0,0.0
2022-06-01,05N,0.0,0.0
2025-04-01,05N,0.0,0.0
2024-04-01,05N,0.0,0.0
2024-10-01,05N,0.0,0.0
2023-04-01,05N,0.0,0.0
2022-01-01,05N,0.0,0.0
2024-08-01,05N,0.0,0.0
2026-02-01,05N,0.0,0.0
2026-06-01,05N,0.0,0.0
2022-12-01,05N,0.0,0.0
2021-09-01,05N,0.0,0.0
2021-07-01,05N,0.0,0.0
2024-05-01,05N,0.0,0.0
2023-09-01,05N,0.0,0.0
2022-04-01,05N,0.0,0.0
2025-09-01,05N,0.0,0.0
2021-12-01,05N,0.0,0.0
2022-11-01,05N,0.0,0.0
2024-03-01,05N,0.0,0.0
2023-08-01,05N,0.0,0.0
2025-02-01,05N,0.0,0.0
2023-06-01,05N,0.0,0.0
2023-07-01,05N,0.0,0.0
2026-03-01,05N,0.0,0.0
2024-02-01,05N,0.0,0.0
2021-11-01,05N,0.0,0.0
2025-07-01,05N,0.0,0.0
2025-12-01,05N,0.0,0.0
2022-05-01,05N,0.0,0.0
2025-10-01,05N,0.0,0.0
2026-04-01,05N,0.0,0.0
2023-10-01,05N,0.0,0.0
2025-11-01,05N,0.0,0.0
2022-08-01,05N,0.0,0.0
2022-10-01,05N,0.0,0.0
2023-11-01,05N,0.0,0.0
2023-02-01,05N,0.0,0.0
2024-09-01,05N,0.0,0.0
2025-01-01,05N,0.0,0.0
2023-03-01,05N,0.0,0.0
2023-01-01,05N,0.0,0.0
2024-06-01,05N,0.0,0.0
2022-02-01,05N,0.0,0.0
2023-12-01,05N,0.0,0.0
2025-03-01,05N,0.0,0.0
2021-06-01,05N,0.0,0.0
2025-05-01,05N,0.0,0.0
2026-05-01,05N,0.0,0.0
2024-01-01,05R,0.0,0.0
2026-03-01,05R,0.0,0.0
2026-06-01,05R,0.0,0.0
2023-04-01,05R,0.0,0.0
2026-04-01,05R,0.0,0.0
2021-11-01,05R,0.0,0.0
2024-06-01,05R,0.0,0.0
2022-04-01,05R,0.0,0.0
2022-12-01,05R,0.0,0.0
2025-08-01,05R,0.0,0.0
2022-05-01,05R,0.0,0.0
2023-12-01,05R,0.0,0.0
2022-08-01,05R,0.0,0.0
2023-10-01,05R,0.0,0.0
2024-11-01,05R,0.0,0.0
2024-08-01,05R,0.0,0.0
2022-03-01,05R,0.0,0.0
2023-01-01,05R,0.0,0.0
2023-07-01,05R,0.0,0.0
2025-06-01,05R,0.0,0.0
2025-11-01,05R,0.0,0.0
2023-09-01,05R,0.0,0.0
2024-05-01,05R,0.0,0.0
2021-10-01,05R,0.0,0.0
2023-06-01,05R,0.0,0.0
2024-12-01,05R,0.0,0.0
2024-04-01,05R,0.0,0.0
2022-07-01,05R,0.0,0.0
2023-08-01,05R,0.0,0.0
2022-11-01,05R,0.0,0.0
2025-09-01,05R,0.0,0.0
2021-12-01,05R,0.0,0.0
2022-06-01,05R,0.0,0.0
2026-02-01,05R,0.0,0.0
2023-03-01,05R,0.0,0.0
2024-03-01,05R,0.0,0.0
2024-09-01,05R,0.0,0.0
2025-02-01,05R,0.0,0.0
2024-02-01,05R,0.0,0.0
2021-08-01,05R,0.0,0.0
2021-07-01,05R,0.0,0.0
2026-01-01,05R,0.0,0.0
2025-05-01,05R,0.0,0.0
2025-03-01,05R,0.0,0.0
2025-10-01,05R,0.0,0.0
2022-02-01,05R,0.0,0.0
2021-09-01,05R,0.0,0.0
2025-07-01,05R,0.0,0.0
2024-10-01,05R,0.0,0.0
2023-05-01,05R,0.0,0.0
2025-04-01,05R,0.0,0.0
2025-12-01,05R,0.0,0.0
2021-06-01,05R,0.0,0.0
2022-01-01,05R,0.0,0.0
2024-07-01,05R,0.0,0.0
2023-02-01,05R,0.0,0.0
2023-11-01,05R,0.0,0.0
2022-10-01,05R,0.0,0.0
2026-05-01,05R,0.0,0.0
2025-01-01,05R,0.0,0.0
2022-09-01,05R,0.0,0.0
2022-03-01,05T,0.0,0.0
2023-03-01,05T,0.0,0.0
2023-08-01,05T,0.0,0.0
2025-08-01,05T,0.0,0.0
2025-03-01,05T,0.0,0.0
2026-04-01,05T,0.0,0.0
2021-11-01,05T,0.0,0.0
2021-09-01,05T,0.0,0.0
2025-02-01,05T,0.0,0.0
2024-08-01,05T,0.0,0.0
2022-07-01,05T,0.0,0.0
2024-10-01,05T,0.0,0.0
2026-06-01,05T,0.0,0.0
2023-09-01,05T,0.0,0.0
2023-01-01,05T,0.0,0.0
2025-11-01,05T,0.0,0.0
2026-02-01,05T,0.0,0.0
2022-08-01,05T,0.0,0.0
2025-09-01,05T,0.0,0.0
2021-12-01,05T,0.0,0.0
2022-06-01,05T,0.0,0.0
2026-01-01,05T,0.0,0.0
2023-11-01,05T,0.0,0.0
2024-05-01,05T,0.0,0.0
2021-10-01,05T,0.0,0.0
2023-07-01,05T,0.0,0.0
2025-12-01,05T,0.0,0.0
2024-01-01,05T,0.0,0.0
2024-07-01,05T,0.0,0.0
2025-06-01,05T,0.0,0.0
2025-01-01,05T,0.0,0.0
2024-09-01,05T,0.0,0.0
2024-12-01,05T,0.0,0.0
2023-04-01,05T,0.0,0.0
2022-02-01,05T,0.0,0.0
2022-09-01,05T,0.0,0.0
2022-12-01,05T,0.0,0.0
2024-11-01,05T,0.0,0.0
2024-02-01,05T,0.0,0.0
2022-05-01,05T,0.0,0.0
2022-01-01,05T,0.0,0.0
2024-04-01,05T,0.0,0.0
2021-08-01,05T,0.0,0.0
2024-03-01,05T,0.0,0.0
2023-02-01,05T,0.0,0.0
2026-05-01,05T,0.0,0.0
2025-04-01,05T,0.0,0.0
2023-05-01,05T,0.0,0.0
2022-10-01,05T,0.0,0.0
2025-05-01,05T,0.0,0.0
2021-06-01,05T,0.0,0.0
2024-06-01,05T,0.0,0.0
2026-03-01,05T,0.0,0.0
2023-10-01,05T,0.0,0.0
2022-11-01,05T,0.0,0.0
2021-07-01,05T,0.0,0.0
2023-06-01,05T,0.0,0.0
2023-12-01,05T,0.0,0.0
2025-10-01,05T,0.0,0.0
2025-07-01,05T,0.0,0.0
2022-04-01,05T,0.0,0.0
2022-07-01,05X,0.0,0.0
2026-02-01,05X,0.0,0.0
2024-03-01,05X,0.0,0.0
2023-01-01,05X,0.0,0.0
2022-01-01,05X,0.0,0.0
2024-01-01,05X,0.0,0.0
2021-11-01,05X,0.0,0.0
2021-07-01,05X,0.0,0.0
2024-11-01,05X,0.0,0.0
2025-10-01,05X,0.0,0.0
2023-11-01,05X,0.0,0.0
2026-04-01,05X,0.0,0.0
2025-07-01,05X,0.0,0.0
2023-12-01,05X,0.0,0.0
2026-06-01,05X,0.0,0.0
2022-04-01,05X,0.0,0.0
2024-07-01,05X,0.0,0.0
2025-11-01,05X,0.0,0.0
2025-12-01,05X,0.0,0.0
2024-02-01,05X,0.0,0.0
2022-11-01,05X,0.0,0.0
2025-02-01,05X,0.0,0.0
2025-05-01,05X,0.0,0.0
2025-01-01,05X,0.0,0.0
2025-09-01,05X,0.0,0.0
2021-10-01,05X,0.0,0.0
2021-12-01,05X,0.0,0.0
2024-12-01,05X,0.0,0.0
2022-12-01,05X,0.0,0.0
2023-07-01,05X,0.0,0.0
2023-09-01,05X,0.0,0.0
2022-08-01,05X,0.0,0.0
2023-06-01,05X,0.0,0.0
2023-04-01,05X,0.0,0.0
2023-03-01,05X,0.0,0.0
2025-08-01,05X,0.0,0.0
2023-08-01,05X,0.0,0.0
2023-10-01,05X,0.0,0.0
2021-06-01,05X,0.0,0.0
2022-03-01,05X,0.0,0.0
2024-08-01,05X,0.0,0.0
2022-09-01,05X,0.0,0.0
2025-03-01,05X,0.0,0.0
2021-08-01,05X,0.0,0.0
2026-03-01,05X,0.0,0.0
2023-05-01,05X,0.0,0.0
2024-09-01,05X,0.0,0.0
2026-01-01,05X,0.0,0.0
2024-05-01,05X,0.0,0.0
2024-06-01,05X,0.0,0.0
2025-04-01,05X,0.0,0.0
2024-10-01,05X,0.0,0.0
2023-02-01,05X,0.0,0.0
2024-04-01,05X,0.0,0.0
2022-06-01,05X,0.0,0.0
2025-06-01,05X,0.0,0.0
2022-02-01,05X,0.0,0.0
2021-09-01,05X,0.0,0.0
2026-05-01,05X,0.0,0.0
2022-10-01,05X,0.0,0.0
2022-05-01,05X,0.0,0.0
2024-12-01,05Y,0.0,0.0
2025-04-01,05Y,0.0,0.0
2021-07-01,05Y,0.0,0.0
2024-08-01,05Y,0.0,0.0
2025-10-01,05Y,0.0,0.0
2023-05-01,05Y,0.0,0.0
2022-06-01,05Y,0.0,0.0
2024-09-01,05Y,0.0,0.0
2021-06-01,05Y,0.0,0.0
2023-01-01,05Y,0.0,0.0
2022-04-01,05Y,0.0,0.0
2022-12-01,05Y,0.0,0.0
2025-12-01,05Y,0.0,0.0
2022-05-01,05Y,0.0,0.0
2025-02-01,05Y,0.0,0.0
2024-03-01,05Y,0.0,0.0
2023-04-01,05Y,0.0,0.0
2023-08-01,05Y,0.0,0.0
2021-10-01,05Y,0.0,0.0
2024-04-01,05Y,0.0,0.0
2022-10-01,05Y,0.0,0.0
2022-02-01,05Y,0.0,0.0
2024-07-01,05Y,0.0,0.0
2023-12-01,05Y,0.0,0.0
2025-05-01,05Y,0.0,0.0
2025-09-01,05Y,0.0,0.0
2026-02-01,05Y,0.0,0.0
2026-05-01,05Y,0.0,0.0
2023-07-01,05Y,0.0,0.0
2021-12-01,05Y,0.0,0.0
2023-11-01,05Y,0.0,0.0
2021-09-01,05Y,0.0,0.0
2024-10-01,05Y,0.0,0.0
2026-06-01,05Y,0.0,0.0
2022-03-01,05Y,0.0,0.0
2025-11-01,05Y,0.0,0.0
2023-03-01,05Y,0.0,0.0
2026-01-01,05Y,0.0,0.0
2021-11-01,05Y,0.0,0.0
2025-06-01,05Y,0.0,0.0
2024-05-01,05Y,0.0,0.0
2024-02-01,05Y,0.0,0.0
2022-01-01,05Y,0.0,0.0
2021-08-01,05Y,0.0,0.0
2023-02-01,05Y,0.0,0.0
2025-08-01,05Y,0.0,0.0
2022-09-01,05Y,0.0,0.0
2024-01-01,05Y,0.0,0.0
2022-11-01,05Y,0.0,0.0
2022-08-01,05Y,0.0,0.0
2023-10-01,05Y,0.0,0.0
2024-06-01,05Y,0.0,0.0
2025-07-01,05Y,0.0,0.0
2025-03-01,05Y,0.0,0.0
2023-06-01,05Y,0.0,0.0
2024-11-01,05Y,0.0,0.0
2026-03-01,05Y,0.0,0.0
2026-04-01,05Y,0.0,0.0
2023-09-01,05Y,0.0,0.0
2025-01-01,05Y,0.0,0.0
2022-07-01,05Y,0.0,0.0
2025-10-01,06A,0.0,0.0
2024-04-01,06A,0.0,0.0
2025-11-01,06A,0.0,0.0
2023-03-01,06A,0.0,0.0
2023-09-01,06A,0.0,0.0
2021-07-01,06A,0.0,0.0
2026-01-01,06A,0.0,0.0
2023-11-01,06A,0.0,0.0
2026-05-01,06A,0.0,0.0
2022-08-01,06A,0.0,0.0
2026-04-01,06A,0.0,0.0
2026-03-01,06A,0.0,0.0
2021-08-01,06A,0.0,0.0
2021-10-01,06A,0.0,0.0
2024-05-01,06A,0.0,0.0
2021-09-01,06A,0.0,0.0
2022-11-01,06A,0.0,0.0
2022-01-01,06A,0.0,0.0
2023-01-01,06A,0.0,0.0
2025-02-01,06A,0.0,0.0
2023-07-01,06A,0.0,0.0
2025-01-01,06A,0.0,0.0
2024-11-01,06A,0.0,0.0
2023-05-01,06A,0.0,0.0
2024-06-01,06A,0.0,0.0
2025-12-01,06A,0.0,0.0
2023-06-01,06A,0.0,0.0
2024-08-01,06A,0.0,0.0
2022-10-01,06A,0.0,0.0
2025-09-01,06A,0.0,0.0
2024-01-01,06A,0.0,0.0
2025-04-01,06A,0.0,0.0
2021-12-01,06A,0.0,0.0
2026-02-01,06A,0.0,0.0
2025-07-01,06A,0.0,0.0
2022-02-01,06A,0.0,0.0
2023-08-01,06A,0.0,0.0
2025-03-01,06A,0.0,0.0
2024-09-01,06A,0.0,0.0
2024-10-01,06A,0.0,0.0
2025-05-01,06A,0.0,0.0
2022-03-01,06A,0.0,0.0
2022-06-01,06A,0.0,0.0
2023-10-01,06A,0.0,0.0
2022-05-01,06A,0.0,0.0
2025-06-01,06A,0.0,0.0
2021-11-01,06A,0.0,0.0
2023-02-01,06A,0.0,0.0
2024-03-01,06A,0.0,0.0
2021-06-01,06A,0.0,0.0
2022-09-01,06A,0.0,0.0
2025-08-01,06A,0.0,0.0
2022-04-01,06A,0.0,0.0
2026-06-01,06A,0.0,0.0
2024-07-01,06A,0.0,0.0
2023-04-01,06A,0.0,0.0
2022-12-01,06A,0.0,0.0
2022-07-01,06A,0.0,0.0
2024-12-01,06A,0.0,0.0
2024-02-01,06A,0.0,0.0
2023-12-01,06A,0.0,0.0
2025-02-01,06D,0.0,0.0
2024-09-01,06D,0.0,0.0
2026-04-01,06D,0.0,0.0
2021-11-01,06D,0.0,0.0
2026-06-01,06D,0.0,0.0
2024-12-01,06D,0.0,0.0
2024-07-01,06D,0.0,0.0
2023-08-01,06D,0.0,0.0
2022-07-01,06D,0.0,0.0
2026-02-01,06D,0.0,0.0
2022-09-01,06D,0.0,0.0
2024-04-01,06D,0.0,0.0
2021-10-01,06D,0.0,0.0
2022-12-01,06D,0.0,0.0
2025-07-01,06D,0.0,0.0
2025-03-01,06D,0.0,0.0
2023-09-01,06D,0.0,0.0
2023-11-01,06D,0.0,0.0
2023-10-01,06D,0.0,0.0
2025-06-01,06D,0.0,0.0
2022-01-01,06D,0.0,0.0
2025-08-01,06D,0.0,0.0
2023-07-01,06D,0.0,0.0
2022-08-01,06D,0.0,0.0
2026-01-01,06D,0.0,0.0
2023-06-01,06D,0.0,0.0
2023-01-01,06D,0.0,0.0
2022-04-01,06D,0.0,0.0
2021-09-01,06D,0.0,0.0
2024-01-01,06D,0.0,0.0
2022-03-01,06D,0.0,0.0
2024-02-01,06D,0.0,0.0
2022-05-01,06D,0.0,0.0
2024-10-01,06D,0.0,0.0
2023-12-01,06D,0.0,0.0
2021-06-01,06D,0.0,0.0
2025-04-01,06D,0.0,0.0
2021-08-01,06D,0.0,0.0
2025-10-01,06D,0.0,0.0
2024-03-01,06D,0.0,0.0
2025-05-01,06D,0.0,0.0
2023-05-01,06D,0.0,0.0
2025-11-01,06D,0.0,0.0
2025-09-01,06D,0.0,0.0
2024-11-01,06D,0.0,0.0
2023-02-01,06D,0.0,0.0
2024-06-01,06D,0.0,0.0
2025-12-01,06D,0.0,0.0
2024-05-01,06D,0.0,0.0
2024-08-01,06D,0.0,0.0
2022-06-01,06D,0.0,0.0
2026-03-01,06D,0.0,0.0
2026-05-01,06D,0.0,0.0
2022-02-01,06D,0.0,0.0
2021-12-01,06D,0.0,0.0
2025-01-01,06D,0.0,0.0
2023-04-01,06D,0.0,0.0
2023-03-01,06D,0.0,0.0
2022-11-01,06D,0.0,0.0
2021-07-01,06D,0.0,0.0
2022-10-01,06D,0.0,0.0
2023-01-01,06F,0.0,0.0
2022-12-01,06F,0.0,0.0
2024-03-01,06F,0.0,0.0
2023-06-01,06F,0.0,0.0
2024-06-01,06F,0.0,0.0
2022-05-01,06F,0.0,0.0
2024-11-01,06F,0.0,0.0
2026-06-01,06F,0.0,0.0
2023-12-01,06F,0.0,0.0
2024-04-01,06F,0.0,0.0
2022-03-01,06F,0.0,0.0
2026-04-01,06F,0.0,0.0
2022-01-01,06F,0.0,0.0
2021-07-01,06F,0.0,0.0
2023-11-01,06F,0.0,0.0
2023-04-01,06F,0.0,0.0
2022-04-01,06F,0.0,0.0
2024-02-01,06F,0.0,0.0
2024-07-01,06F,0.0,0.0
2026-03-01,06F,0.0,0.0
2025-05-01,06F,0.0,0.0
2023-05-01,06F,0.0,0.0
2023-02-01,06F,0.0,0.0
2024-12-01,06F,0.0,0.0
2023-07-01,06F,0.0,0.0
2022-07-01,06F,0.0,0.0
2024-10-01,06F,0.0,0.0
2021-12-01,06F,0.0,0.0
2022-10-01,06F,0.0,0.0
2025-12-01,06F,0.0,0.0
2025-07-01,06F,0.0,0.0
2025-09-01,06F,0.0,0.0
2026-01-01,06F,0.0,0.0
2021-06-01,06F,0.0,0.0
2022-09-01,06F,0.0,0.0
2023-10-01,06F,0.0,0.0
2025-02-01,06F,0.0,0.0
2025-04-01,06F,0.0,0.0
2024-01-01,06F,0.0,0.0
2025-11-01,06F,0.0,0.0
2025-08-01,06F,0.0,0.0
2024-08-01,06F,0.0,0.0
2025-10-01,06F,0.0,0.0
2023-03-01,06F,0.0,0.0
2021-11-01,06F,0.0,0.0
2022-11-01,06F,0.0,0.0
2021-10-01,06F,0.0,0.0
2023-08-01,06F,0.0,0.0
2024-05-01,06F,0.0,0.0
2021-09-01,06F,0.0,0.0
2025-03-01,06F,0.0,0.0
2022-06-01,06F,0.0,0.0
2025-06-01,06F,0.0,0.0
2021-08-01,06F,0.0,0.0
2025-01-01,06F,0.0,0.0
2022-02-01,06F,0.0,0.0
2023-09-01,06F,0.0,0.0
2026-05-01,06F,0.0,0.0
2024-09-01,06F,0.0,0.0
2026-02-01,06F,0.0,0.0
2022-08-01,06F,0.0,0.0
2026-05-01,06M,0.0,0.0
2025-05-01,06M,0.0,0.0
2021-06-01,06M,0.0,0.0
2025-03-01,06M,0.0,0.0
2025-08-01,06M,0.0,0.0
2025-04-01,06M,0.0,0.0
2025-07-01,06M,0.0,0.0
2022-05-01,06M,0.0,0.0
2021-11-01,06M,0.0,0.0
2024-11-01,06M,0.0,0.0
2023-04-01,06M,0.0,0.0
2024-05-01,06M,0.0,0.0
2024-01-01,06M,0.0,0.0
2025-09-01,06M,0.0,0.0
2022-07-01,06M,0.0,0.0
2022-12-01,06M,0.0,0.0
2023-02-01,06M,0.0,0.0
2023-08-01,06M,0.0,0.0
2022-06-01,06M,0.0,0.0
2022-02-01,06M,0.0,0.0
2024-09-01,06M,0.0,0.0
2021-12-01,06M,0.0,0.0
2024-10-01,06M,0.0,0.0
2023-01-01,06M,0.0,0.0
2025-10-01,06M,0.0,0.0
2023-12-01,06M,0.0,0.0
2024-08-01,06M,0.0,0.0
2025-11-01,06M,0.0,0.0
2023-07-01,06M,0.0,0.0
2026-01-01,06M,0.0,0.0
2022-10-01,06M,0.0,0.0
2021-09-01,06M,0.0,0.0
2022-09-01,06M,0.0,0.0
2022-08-01,06M,0.0,0.0
2023-11-01,06M,0.0,0.0
2022-04-01,06M,0.0,0.0
2024-06-01,06M,0.0,0.0
2024-12-01,06M,0.0,0.0
2023-09-01,06M,0.0,0.0
2024-04-01,06M,0.0,0.0
2023-10-01,06M,0.0,0.0
2025-12-01,06M,0.0,0.0
2026-06-01,06M,0.0,0.0
2026-02-01,06M,0.0,0.0
2021-10-01,06M,0.0,0.0
2023-05-01,06M,0.0,0.0
2024-07-01,06M,0.0,0.0
2022-03-01,06M,0.0,0.0
2025-01-01,06M,0.0,0.0
2023-06-01,06M,0.0,0.0
2024-03-01,06M,0.0,0.0
2022-11-01,06M,0.0,0.0
2025-02-01,06M,0.0,0.0
2021-07-01,06M,0.0,0.0
2022-01-01,06M,0.0,0.0
2026-03-01,06M,0.0,0.0
2026-04-01,06M,0.0,0.0
2025-06-01,06M,0.0,0.0
2024-02-01,06M,0.0,0.0
2021-08-01,06M,0.0,0.0
2023-03-01,06M,0.0,0.0
2022-05-01,06P,0.0,0.0
2026-03-01,06P,0.0,0.0
2025-04-01,06P,0.0,0.0
2024-04-01,06P,0.0,0.0
2025-11-01,06P,0.0,0.0
2023-07-01,06P,0.0,0.0
2021-07-01,06P,0.0,0.0
2023-02-01,06P,0.0,0.0
2022-06-01,06P,0.0,0.0
2023-11-01,06P,0.0,0.0
2024-10-01,06P,0.0,0.0
2025-06-01,06P,0.0,0.0
2023-12-01,06P,0.0,0.0
2022-07-01,06P,0.0,0.0
2025-07-01,06P,0.0,0.0
2023-03-01,06P,0.0,0.0
2021-12-01,06P,0.0,0.0
2025-03-01,06P,0.0,0.0
2021-06-01,06P,0.0,0.0
2024-11-01,06P,0.0,0.0
2026-01-01,06P,0.0,0.0
2025-10-01,06P,0.0,0.0
2023-10-01,06P,0.0,0.0
2024-02-01,06P,0.0,0.0
2026-04-01,06P,0.0,0.0
2024-08-01,06P,0.0,0.0
2022-02-01,06P,0.0,0.0
2022-11-01,06P,0.0,0.0
2023-05-01,06P,0.0,0.0
2024-07-01,06P,0.0,0.0
2024-03-01,06P,0.0,0.0
2024-01-01,06P,0.0,0.0
2022-12-01,06P,0.0,0.0
2025-08-01,06P,0.0,0.0
2021-08-01,06P,0.0,0.0
2025-01-01,06P,0.0,0.0
2025-12-01,06P,0.0,0.0
2026-06-01,06P,0.0,0.0
2023-06-01,06P,0.0,0.0
2023-09-01,06P,0.0,0.0
2022-10-01,06P,0.0,0.0
2021-10-01,06P,0.0,0.0
2024-05-01,06P,0.0,0.0
2021-09-01,06P,0.0,0.0
2026-05-01,06P,0.0,0.0
2025-02-01,06P,0.0,0.0
2024-06-01,06P,0.0,0.0
2023-04-01,06P,0.0,0.0
2022-04-01,06P,0.0,0.0
2022-08-01,06P,0.0,0.0
2022-09-01,06P,0.0,0.0
2023-01-01,06P,0.0,0.0
2024-09-01,06P,0.0,0.0
2025-05-01,06P,0.0,0.0
2023-08-01,06P,0.0,0.0
2025-09-01,06P,0.0,0.0
2026-02-01,06P,0.0,0.0
2024-12-01,06P,0.0,0.0
2022-03-01,06P,0.0,0.0
2022-01-01,06P,0.0,0.0
2021-11-01,06P,0.0,0.0
2024-11-01,06W,0.0,0.0
2026-04-01,06W,0.0,0.0
2023-10-01,06W,0.0,0.0
2023-01-01,06W,0.0,0.0
2023-06-01,06W,0.0,0.0
2022-11-01,06W,0.0,0.0
2022-05-01,06W,0.0,0.0
2023-11-01,06W,0.0,0.0
2023-12-01,06W,0.0,0.0
2022-02-01,06W,0.0,0.0
2025-08-01,06W,0.0,0.0
2022-12-01,06W,0.0,0.0
2025-04-01,06W,0.0,0.0
2024-08-01,06W,0.0,0.0
2022-09-01,06W,0.0,0.0
2021-12-01,06W,0.0,0.0
2023-07-01,06W,0.0,0.0
2024-09-01,06W,0.0,0.0
2026-03-01,06W,0.0,0.0
2021-11-01,06W,0.0,0.0
2023-09-01,06W,0.0,0.0
2022-07-01,06W,0.0,0.0
2024-03-01,06W,0.0,0.0
2025-10-01,06W,0.0,0.0
2022-10-01,06W,0.0,0.0
2021-09-01,06W,0.0,0.0
2021-10-01,06W,0.0,0.0
2024-02-01,06W,0.0,0.0
2022-01-01,06W,0.0,0.0
2023-03-01,06W,0.0,0.0
2025-07-01,06W,0.0,0.0
2022-04-01,06W,0.0,0.0
2023-02-01,06W,0.0,0.0
2023-04-01,06W,0.0,0.0
2023-05-01,06W,0.0,0.0
2024-01-01,06W,0.0,0.0
2024-06-01,06W,0.0,0.0
2025-06-01,06W,0.0,0.0
2024-12-01,06W,0.0,0.0
2025-05-01,06W,0.0,0.0
2023-08-01,06W,0.0,0.0
2024-05-01,06W,0.0,0.0
2024-04-01,06W,0.0,0.0
2025-01-01,06W,0.0,0.0
2026-01-01,06W,0.0,0.0
2025-12-01,06W,0.0,0.0
2022-03-01,06W,0.0,0.0
2021-08-01,06W,0.0,0.0
2024-07-01,06W,0.0,0.0
2026-05-01,06W,0.0,0.0
2025-03-01,06W,0.0,0.0
2022-06-01,06W,0.0,0.0
2026-02-01,06W,0.0,0.0
2025-09-01,06W,0.0,0.0
2025-02-01,06W,0.0,0.0
2022-08-01,06W,0.0,0.0
2021-06-01,06W,0.0,0.0
2024-10-01,06W,0.0,0.0
2021-07-01,06W,0.0,0.0
2026-06-01,06W,0.0,0.0
2025-11-01,06W,0.0,0.0
2024-12-01,06Y,0.0,0.0
2026-02-01,06Y,0.0,0.0
2026-01-01,06Y,0.0,0.0
2023-10-01,06Y,0.0,0.0
2023-07-01,06Y,0.0,0.0
2025-09-01,06Y,0.0,0.0
2024-10-01,06Y,0.0,0.0
2021-07-01,06Y,0.0,0.0
2022-08-01,06Y,0.0,0.0
2024-01-01,06Y,0.0,0.0
2022-01-01,06Y,0.0,0.0
2025-10-01,06Y,0.0,0.0
2022-02-01,06Y,0.0,0.0
2025-03-01,06Y,0.0,0.0
2023-04-01,06Y,0.0,0.0
2026-04-01,06Y,0.0,0.0
2021-08-01,06Y,0.0,0.0
2024-04-01,06Y,0.0,0.0
2023-03-01,06Y,0.0,0.0
2022-07-01,06Y,0.0,0.0
2025-05-01,06Y,0.0,0.0
2021-06-01,06Y,0.0,0.0
2023-08-01,06Y,0.0,0.0
2022-12-01,06Y,0.0,0.0
2022-03-01,06Y,0.0,0.0
2021-12-01,06Y,0.0,0.0
2025-11-01,06Y,0.0,0.0
2023-05-01,06Y,0.0,0.0
2022-06-01,06Y,0.0,0.0
2023-12-01,06Y,0.0,0.0
2021-10-01,06Y,0.0,0.0
2023-09-01,06Y,0.0,0.0
2024-02-01,06Y,0.0,0.0
2025-04-01,06Y,0.0,0.0
2024-06-01,06Y,0.0,0.0
2025-08-01,06Y,0.0,0.0
2024-03-01,06Y,0.0,0.0
2024-05-01,06Y,0.0,0.0
2022-11-01,06Y,0.0,0.0
2021-11-01,06Y,0.0,0.0
2021-09-01,06Y,0.0,0.0
2022-10-01,06Y,0.0,0.0
2022-09-01,06Y,0.0,0.0
2024-07-01,06Y,0.0,0.0
2025-01-01,06Y,0.0,0.0
2023-02-01,06Y,0.0,0.0
2024-08-01,06Y,0.0,0.0
2022-04-01,06Y,0.0,0.0
2023-01-01,06Y,0.0,0.0
2025-06-01,06Y,0.0,0.0
2025-02-01,06Y,0.0,0.0
2023-11-01,06Y,0.0,0.0
2025-07-01,06Y,0.0,0.0
2025-12-01,06Y,0.0,0.0
2024-09-01,06Y,0.0,0.0
2026-03-01,06Y,0.0,0.0
2026-06-01,06Y,0.0,0.0
2026-05-01,06Y,0.0,0.0
2024-11-01,06Y,0.0,0.0
2023-06-01,06Y,0.0,0.0
2022-05-01,06Y,0.0,0.0
2025-06-01,07L,0.0,0.0
2025-09-01,07L,0.0,0.0
2026-04-01,07L,0.0,0.0
2024-04-01,07L,0.0,0.0
2024-09-01,07L,0.0,0.0
2026-01-01,07L,0.0,0.0
2024-01-01,07L,0.0,0.0
2025-01-01,07L,0.0,0.0
2025-12-01,07L,0.0,0.0
2021-12-01,07L,0.0,0.0
2022-07-01,07L,0.0,0.0
2026-02-01,07L,0.0,0.0
2025-10-01,07L,0.0,0.0
2021-07-01,07L,0.0,0.0
2024-08-01,07L,0.0,0.0
2022-02-01,07L,0.0,0.0
2023-05-01,07L,0.0,0.0
2023-09-01,07L,0.0,0.0
2022-12-01,07L,0.0,0.0
2023-04-01,07L,0.0,0.0
2024-03-01,07L,0.0,0.0
2022-10-01,07L,0.0,0.0
2023-10-01,07L,0.0,0.0
2022-01-01,07L,0.0,0.0
2022-05-01,07L,0.0,0.0
2023-07-01,07L,0.0,0.0
2024-12-01,07L,0.0,0.0
2021-06-01,07L,0.0,0.0
2023-02-01,07L,0.0,0.0
2022-11-01,07L,0.0,0.0
2022-04-01,07L,0.0,0.0
2022-09-01,07L,0.0,0.0
2025-07-01,07L,0.0,0.0
2023-01-01,07L,0.0,0.0
2025-08-01,07L,0.0,0.0
2024-07-01,07L,0.0,0.0
2023-06-01,07L,0.0,0.0
2024-10-01,07L,0.0,0.0
2026-06-01,07L,0.0,0.0
2023-11-01,07L,0.0,0.0
2025-03-01,07L,0.0,0.0
2023-03-01,07L,0.0,0.0
2021-10-01,07L,0.0,0.0
2026-05-01,07L,0.0,0.0
2025-04-01,07L,0.0,0.0
2024-05-01,07L,0.0,0.0
2024-11-01,07L,0.0,0.0
2023-08-01,07L,0.0,0.0
2021-11-01,07L,0.0,0.0
2025-02-01,07L,0.0,0.0
2025-05-01,07L,0.0,0.0
2022-08-01,07L,0.0,0.0
2024-06-01,07L,0.0,0.0
2026-03-01,07L,0.0,0.0
2024-02-01,07L,0.0,0.0
2022-06-01,07L,0.0,0.0
2023-12-01,07L,0.0,0.0
2021-09-01,07L,0.0,0.0
2021-08-01,07L,0.0,0.0
2025-11-01,07L,0.0,0.0
2022-03-01,07L,0.0,0.0
2022-09-01,07M,0.0,0.0
2024-06-01,07M,0.0,0.0
2023-02-01,07M,0.0,0.0
2024-09-01,07M,0.0,0.0
2025-05-01,07M,0.0,0.0
2024-01-01,07M,0.0,0.0
2022-11-01,07M,0.0,0.0
2022-08-01,07M,0.0,0.0
2022-03-01,07M,0.0,0.0
2021-11-01,07M,0.0,0.0
2025-06-01,07M,0.0,0.0
2025-08-01,07M,0.0,0.0
2023-12-01,07M,0.0,0.0
2024-10-01,07M,0.0,0.0
2025-01-01,07M,0.0,0.0
2022-12-01,07M,0.0,0.0
2026-01-01,07M,0.0,0.0
2024-02-01,07M,0.0,0.0
2023-04-01,07M,0.0,0.0
2021-06-01,07M,0.0,0.0
2025-07-01,07M,0.0,0.0
2022-07-01,07M,0.0,0.0
2024-08-01,07M,0.0,0.0
2021-09-01,07M,0.0,0.0
2022-04-01,07M,0.0,0.0
2022-02-01,07M,0.0,0.0
2026-02-01,07M,0.0,0.0
2022-06-01,07M,0.0,0.0
2025-11-01,07M,0.0,0.0
2023-03-01,07M,0.0,0.0
2024-03-01,07M,0.0,0.0
2026-03-01,07M,0.0,0.0
2024-05-01,07M,0.0,0.0
2026-04-01,07M,0.0,0.0
2023-07-01,07M,0.0,0.0
2023-09-01,07M,0.0,0.0
2025-09-01,07M,0.0,0.0
2024-07-01,07M,0.0,0.0
2025-10-01,07M,0.0,0.0
2024-11-01,07M,0.0,0.0
2023-08-01,07M,0.0,0.0
2026-06-01,07M,0.0,0.0
2022-10-01,07M,0.0,0.0
2026-05-01,07M,0.0,0.0
2023-05-01,07M,0.0,0.0
2023-01-01,07M,0.0,0.0
2021-10-01,07M,0.0,0.0
2024-12-01,07M,0.0,0.0
2021-08-01,07M,0.0,0.0
2023-10-01,07M,0.0,0.0
2024-04-01,07M,0.0,0.0
2022-05-01,07M,0.0,0.0
2025-12-01,07M,0.0,0.0
2022-01-01,07M,0.0,0.0
2023-06-01,07M,0.0,0.0
2023-11-01,07M,0.0,0.0
2025-04-01,07M,0.0,0.0
2025-02-01,07M,0.0,0.0
2021-07-01,07M,0.0,0.0
2021-12-01,07M,0.0,0.0
2025-03-01,07M,0.0,0.0
2025-02-01,07N,0.0,0.0
2024-12-01,07N,0.0,0.0
2021-12-01,07N,0.0,0.0
2025-08-01,07N,0.0,0.0
2023-11-01,07N,0.0,0.0
2026-03-01,07N,0.0,0.0
2026-02-01,07N,0.0,0.0
2025-06-01,07N,0.0,0.0
2023-12-01,07N,0.0,0.0
2023-01-01,07N,0.0,0.0
2024-03-01,07N,0.0,0.0
2024-10-01,07N,0.0,0.0
2024-08-01,07N,0.0,0.0
2022-05-01,07N,0.0,0.0
2025-07-01,07N,0.0,0.0
2026-04-01,07N,0.0,0.0
2022-04-01,07N,0.0,0.0
2022-10-01,07N,0.0,0.0
2026-05-01,07N,0.0,0.0
2023-07-01,07N,0.0,0.0
2024-04-01,07N,0.0,0.0
2026-01-01,07N,0.0,0.0
2021-08-01,07N,0.0,0.0
2025-04-01,07N,0.0,0.0
2023-05-01,07N,0.0,0.0
2025-09-01,07N,0.0,0.0
2024-07-01,07N,0.0,0.0
2024-01-01,07N,0.0,0.0
2022-03-01,07N,0.0,0.0
2023-04-01,07N,0.0,0.0
2022-12-01,07N,0.0,0.0
2025-11-01,07N,0.0,0.0
2024-09-01,07N,0.0,0.0
2024-02-01,07N,0.0,0.0
2021-11-01,07N,0.0,0.0
2023-03-01,07N,0.0,0.0
2022-06-01,07N,0.0,0.0
2025-03-01,07N,0.0,0.0
2025-05-01,07N,0.0,0.0
2023-10-01,07N,0.0,0.0
2023-06-01,07N,0.0,0.0
2022-01-01,07N,0.0,0.0
2021-07-01,07N,0.0,0.0
2021-09-01,07N,0.0,0.0
2021-10-01,07N,0.0,0.0
2025-01-01,07N,0.0,0.0
2022-09-01,07N,0.0,0.0
2024-11-01,07N,0.0,0.0
2021-06-01,07N,0.0,0.0
2025-10-01,07N,0.0,0.0
2022-02-01,07N,0.0,0.0
2022-07-01,07N,0.0,0.0
2026-06-01,07N,0.0,0.0
2024-06-01,07N,0.0,0.0
2025-12-01,07N,0.0,0.0
2023-09-01,07N,0.0,0.0
2022-08-01,07N,0.0,0.0
2022-11-01,07N,0.0,0.0
2024-05-01,07N,0.0,0.0
2023-08-01,07N,0.0,0.0
2023-02-01,07N,0.0,0.0
2022-02-01,07P,0.0,0.0
2024-02-01,07P,0.0,0.0
2023-08-01,07P,0.0,0.0
2025-04-01,07P,0.0,0.0
2021-07-01,07P,0.0,0.0
2025-03-01,07P,0.0,0.0
2024-06-01,07P,0.0,0.0
2024-08-01,07P,0.0,0.0
2023-12-01,07P,0.0,0.0
2023-04-01,07P,0.0,0.0
2024-04-01,07P,0.0,0.0
2024-11-01,07P,0.0,0.0
2025-07-01,07P,0.0,0.0
2025-09-01,07P,0.0,0.0
2023-07-01,07P,0.0,0.0
2025-10-01,07P,0.0,0.0
2023-09-01,07P,0.0,0.0
2025-02-01,07P,0.0,0.0
2025-06-01,07P,0.0,0.0
2025-12-01,07P,0.0,0.0
2022-12-01,07P,0.0,0.0
2024-07-01,07P,0.0,0.0
2023-06-01,07P,0.0,0.0
2026-01-01,07P,0.0,0.0
2025-08-01,07P,0.0,0.0
2021-08-01,07P,0.0,0.0
2025-05-01,07P,0.0,0.0
2025-01-01,07P,0.0,0.0
2022-08-01,07P,0.0,0.0
2024-10-01,07P,0.0,0.0
2023-05-01,07P,0.0,0.0
2026-03-01,07P,0.0,0.0
2021-09-01,07P,0.0,0.0
2023-03-01,07P,0.0,0.0
2024-09-01,07P,0.0,0.0
2023-10-01,07P,0.0,0.0
2021-06-01,07P,0.0,0.0
2024-12-01,07P,0.0,0.0
2022-09-01,07P,0.0,0.0
2022-03-01,07P,0.0,0.0
2021-12-01,07P,0.0,0.0
2022-10-01,07P,0.0,0.0
2022-07-01,07P,0.0,0.0
2026-02-01,07P,0.0,0.0
2023-01-01,07P,0.0,0.0
2022-01-01,07P,0.0,0.0
2022-04-01,07P,0.0,0.0
2023-02-01,07P,0.0,0.0
2024-05-01,07P,0.0,0.0
2022-05-01,07P,0.0,0.0
2022-11-01,07P,0.0,0.0
2026-06-01,07P,0.0,0.0
2024-01-01,07P,0.0,0.0
2021-11-01,07P,0.0,0.0
2021-10-01,07P,0.0,0.0
2026-04-01,07P,0.0,0.0
2024-03-01,07P,0.0,0.0
2025-11-01,07P,0.0,0.0
2022-06-01,07P,0.0,0.0
2026-05-01,07P,0.0,0.0
2023-11-01,07P,0.0,0.0
2021-09-01,07R,0.0,0.0
2025-07-01,07R,0.0,0.0
2025-04-01,07R,0.0,0.0
2026-02-01,07R,0.0,0.0
2021-07-01,07R,0.0,0.0
2025-01-01,07R,0.0,0.0
2025-03-01,07R,0.0,0.0
2025-09-01,07R,0.0,0.0
2022-07-01,07R,0.0,0.0
2024-05-01,07R,0.0,0.0
2024-02-01,07R,0.0,0.0
2022-12-01,07R,0.0,0.0
2024-04-01,07R,0.0,0.0
2023-03-01,07R,0.0,0.0
2022-05-01,07R,0.0,0.0
2024-12-01,07R,0.0,0.0
2024-08-01,07R,0.0,0.0
2022-04-01,07R,0.0,0.0
2024-07-01,07R,0.0,0.0
2021-08-01,07R,0.0,0.0
2022-06-01,07R,0.0,0.0
2024-09-01,07R,0.0,0.0
2023-11-01,07R,0.0,0.0
2023-10-01,07R,0.0,0.0
2022-11-01,07R,0.0,0.0
2025-08-01,07R,0.0,0.0
2023-01-01,07R,0.0,0.0
2026-05-01,07R,0.0,0.0
2022-08-01,07R,0.0,0.0
2024-10-01,07R,0.0,0.0
2023-07-01,07R,0.0,0.0
2025-05-01,07R,0.0,0.0
2025-06-01,07R,0.0,0.0
2023-08-01,07R,0.0,0.0
2023-02-01,07R,0.0,0.0
2026-03-01,07R,0.0,0.0
2022-09-01,07R,0.0,0.0
2024-03-01,07R,0.0,0.0
2024-11-01,07R,0.0,0.0
2025-10-01,07R,0.0,0.0
2026-01-01,07R,0.0,0.0
2025-12-01,07R,0.0,0.0
2022-10-01,07R,0.0,0.0
2024-01-01,07R,0.0,0.0
2022-03-01,07R,0.0,0.0
2025-11-01,07R,0.0,0.0
2022-01-01,07R,0.0,0.0
2023-05-01,07R,0.0,0.0
2024-06-01,07R,0.0,0.0
2023-04-01,07R,0.0,0.0
2021-06-01,07R,0.0,0.0
2023-09-01,07R,0.0,0.0
2021-10-01,07R,0.0,0.0
2023-06-01,07R,0.0,0.0
2022-02-01,07R,0.0,0.0
2021-12-01,07R,0.0,0.0
2026-04-01,07R,0.0,0.0
2025-02-01,07R,0.0,0.0
2023-12-01,07R,0.0,0.0
2026-06-01,07R,0.0,0.0
2021-11-01,07R,0.0,0.0
2023-05-01,07T,0.0,0.0
2025-04-01,07T,0.0,0.0
2024-02-01,07T,0.0,0.0
2024-01-01,07T,0.0,0.0
2024-06-01,07T,0.0,0.0
2022-12-01,07T,0.0,0.0
2026-04-01,07T,0.0,0.0
2022-06-01,07T,0.0,0.0
2026-02-01,07T,0.0,0.0
2023-12-01,07T,0.0,0.0
2025-12-01,07T,0.0,0.0
2023-08-01,07T,0.0,0.0
2024-08-01,07T,0.0,0.0
2025-01-01,07T,0.0,0.0
2023-07-01,07T,0.0,0.0
2024-10-01,07T,0.0,0.0
2023-10-01,07T,0.0,0.0
2022-01-01,07T,0.0,0.0
2022-09-01,07T,0.0,0.0
2025-06-01,07T,0.0,0.0
2025-11-01,07T,0.0,0.0
2025-07-01,07T,0.0,0.0
2025-09-01,07T,0.0,0.0
2022-08-01,07T,0.0,0.0
2022-02-01,07T,0.0,0.0
2025-08-01,07T,0.0,0.0
2024-07-01,07T,0.0,0.0
2026-05-01,07T,0.0,0.0
2023-11-01,07T,0.0,0.0
2025-03-01,07T,0.0,0.0
2022-10-01,07T,0.0,0.0
2026-01-01,07T,0.0,0.0
2021-06-01,07T,0.0,0.0
2021-09-01,07T,0.0,0.0
2023-02-01,07T,0.0,0.0
2021-11-01,07T,0.0,0.0
2024-09-01,07T,0.0,0.0
2022-11-01,07T,0.0,0.0
2025-02-01,07T,0.0,0.0
2022-05-01,07T,0.0,0.0
2023-04-01,07T,0.0,0.0
2025-10-01,07T,0.0,0.0
2023-06-01,07T,0.0,0.0
2023-01-01,07T,0.0,0.0
2021-07-01,07T,0.0,0.0
2023-03-01,07T,0.0,0.0
2023-09-01,07T,0.0,0.0
2024-05-01,07T,0.0,0.0
2024-04-01,07T,0.0,0.0
2026-03-01,07T,0.0,0.0
2022-07-01,07T,0.0,0.0
2021-08-01,07T,0.0,0.0
2022-03-01,07T,0.0,0.0
2024-11-01,07T,0.0,0.0
2022-04-01,07T,0.0,0.0
2021-10-01,07T,0.0,0.0
2024-03-01,07T,0.0,0.0
2021-12-01,07T,0.0,0.0
2026-06-01,07T,0.0,0.0
2025-05-01,07T,0.0,0.0
2024-12-01,07T,0.0,0.0
2025-08-01,07V,0.0,0.0
2025-03-01,07V,0.0,0.0
2024-07-01,07V,0.0,0.0
2023-11-01,07V,0.0,0.0
2023-05-01,07V,0.0,0.0
2023-12-01,07V,0.0,0.0
2023-04-01,07V,0.0,0.0
2024-03-01,07V,0.0,0.0
2025-06-01,07V,0.0,0.0
2025-02-01,07V,0.0,0.0
2022-01-01,07V,0.0,0.0
2025-01-01,07V,0.0,0.0
2026-04-01,07V,0.0,0.0
2023-07-01,07V,0.0,0.0
2022-12-01,07V,0.0,0.0
2021-11-01,07V,0.0,0.0
2024-01-01,07V,0.0,0.0
2025-10-01,07V,0.0,0.0
2025-11-01,07V,0.0,0.0
2021-12-01,07V,0.0,0.0
2022-09-01,07V,0.0,0.0
2024-12-01,07V,0.0,0.0
2022-05-01,07V,0.0,0.0
2026-05-01,07V,0.0,0.0
2024-08-01,07V,0.0,0.0
2025-05-01,07V,0.0,0.0
2023-10-01,07V,0.0,0.0
2023-03-01,07V,0.0,0.0
2026-01-01,07V,0.0,0.0
2022-03-01,07V,0.0,0.0
2023-02-01,07V,0.0,0.0
2025-04-01,07V,0.0,0.0
2023-01-01,07V,0.0,0.0
2021-09-01,07V,0.0,0.0
2024-02-01,07V,0.0,0.0
2025-07-01,07V,0.0,0.0
2026-06-01,07V,0.0,0.0
2023-09-01,07V,0.0,0.0
2022-10-01,07V,0.0,0.0
2022-02-01,07V,0.0,0.0
2021-10-01,07V,0.0,0.0
2024-09-01,07V,0.0,0.0
2026-02-01,07V,0.0,0.0
2022-06-01,07V,0.0,0.0
2024-05-01,07V,0.0,0.0
2024-06-01,07V,0.0,0.0
2021-06-01,07V,0.0,0.0
2025-12-01,07V,0.0,0.0
2024-10-01,07V,0.0,0.0
2022-08-01,07V,0.0,0.0
2021-07-01,07V,0.0,0.0
2021-08-01,07V,0.0,0.0
2026-03-01,07V,0.0,0.0
2022-04-01,07V,0.0,0.0
2023-08-01,07V,0.0,0.0
2023-06-01,07V,0.0,0.0
2022-07-01,07V,0.0,0.0
2025-09-01,07V,0.0,0.0
2024-04-01,07V,0.0,0.0
2024-11-01,07V,0.0,0.0
2022-11-01,07V,0.0,0.0
2022-09-01,07W,0.0,0.0
2023-05-01,07W,0.0,0.0
2023-11-01,07W,0.0,0.0
2022-11-01,07W,0.0,0.0
2023-08-01,07W,0.0,0.0
2024-08-01,07W,0.0,0.0
2024-06-01,07W,0.0,0.0
2025-10-01,07W,0.0,0.0
2022-01-01,07W,0.0,0.0
2024-07-01,07W,0.0,0.0
2022-08-01,07W,0.0,0.0
2026-04-01,07W,0.0,0.0
2022-06-01,07W,0.0,0.0
2022-02-01,07W,0.0,0.0
2023-09-01,07W,0.0,0.0
2025-12-01,07W,0.0,0.0
2025-06-01,07W,0.0,0.0
2026-01-01,07W,0.0,0.0
2025-02-01,07W,0.0,0.0
2025-09-01,07W,0.0,0.0
2024-11-01,07W,0.0,0.0
2023-02-01,07W,0.0,0.0
2024-04-01,07W,0.0,0.0
2025-07-01,07W,0.0,0.0
2021-11-01,07W,0.0,0.0
2024-12-01,07W,0.0,0.0
2023-12-01,07W,0.0,0.0
2022-03-01,07W,0.0,0.0
2024-02-01,07W,0.0,0.0
2024-03-01,07W,0.0,0.0
2021-10-01,07W,0.0,0.0
2023-06-01,07W,0.0,0.0
2023-07-01,07W,0.0,0.0
2023-03-01,07W,0.0,0.0
2025-08-01,07W,0.0,0.0
2021-07-01,07W,0.0,0.0
2024-10-01,07W,0.0,0.0
2026-06-01,07W,0.0,0.0
2023-04-01,07W,0.0,0.0
2021-06-01,07W,0.0,0.0
2026-05-01,07W,0.0,0.0
2024-01-01,07W,0.0,0.0
2021-12-01,07W,0.0,0.0
2021-08-01,07W,0.0,0.0
2024-05-01,07W,0.0,0.0
2023-01-01,07W,0.0,0.0
2025-11-01,07W,0.0,0.0
2022-12-01,07W,0.0,0.0
2022-10-01,07W,0.0,0.0
2021-09-01,07W,0.0,0.0
2025-01-01,07W,0.0,0.0
2022-07-01,07W,0.0,0.0
2025-03-01,07W,0.0,0.0
2026-02-01,07W,0.0,0.0
2022-04-01,07W,0.0,0.0
2023-10-01,07W,0.0,0.0
2025-05-01,07W,0.0,0.0
2022-05-01,07W,0.0,0.0
2025-04-01,07W,0.0,0.0
2026-03-01,07W,0.0,0.0
2024-09-01,07W,0.0,0.0
2025-12-01,07X,0.0,0.0
2025-10-01,07X,0.0,0.0
2025-07-01,07X,0.0,0.0
2024-12-01,07X,0.0,0.0
2023-10-01,07X,0.0,0.0
2026-02-01,07X,0.0,0.0
2023-06-01,07X,0.0,0.0
2024-06-01,07X,0.0,0.0
2025-02-01,07X,0.0,0.0
2024-02-01,07X,0.0,0.0
2023-04-01,07X,0.0,0.0
2025-08-01,07X,0.0,0.0
2025-11-01,07X,0.0,0.0
2023-02-01,07X,0.0,0.0
2023-07-01,07X,0.0,0.0
2023-09-01,07X,0.0,0.0
2022-01-01,07X,0.0,0.0
2025-04-01,07X,0.0,0.0
2022-04-01,07X,0.0,0.0
2024-11-01,07X,0.0,0.0
2022-11-01,07X,0.0,0.0
2024-04-01,07X,0.0,0.0
2021-09-01,07X,0.0,0.0
2021-07-01,07X,0.0,0.0
2023-11-01,07X,0.0,0.0
2024-03-01,07X,0.0,0.0
2021-10-01,07X,0.0,0.0
2023-12-01,07X,0.0,0.0
2025-01-01,07X,0.0,0.0
2026-03-01,07X,0.0,0.0
2025-09-01,07X,0.0,0.0
2022-10-01,07X,0.0,0.0
2025-06-01,07X,0.0,0.0
2023-05-01,07X,0.0,0.0
2023-08-01,07X,0.0,0.0
2022-12-01,07X,0.0,0.0
2021-12-01,07X,0.0,0.0
2022-05-01,07X,0.0,0.0
2021-08-01,07X,0.0,0.0
2024-09-01,07X,0.0,0.0
2026-04-01,07X,0.0,0.0
2022-07-01,07X,0.0,0.0
2025-03-01,07X,0.0,0.0
2026-06-01,07X,0.0,0.0
2024-10-01,07X,0.0,0.0
2025-05-01,07X,0.0,0.0
2024-08-01,07X,0.0,0.0
2024-05-01,07X,0.0,0.0
2021-06-01,07X,0.0,0.0
2023-03-01,07X,0.0,0.0
2022-03-01,07X,0.0,0.0
2022-02-01,07X,0.0,0.0
2022-06-01,07X,0.0,0.0
2024-01-01,07X,0.0,0.0
2022-09-01,07X,0.0,0.0
2024-07-01,07X,0.0,0.0
2022-08-01,07X,0.0,0.0
2023-01-01,07X,0.0,0.0
2021-11-01,07X,0.0,0.0
2026-01-01,07X,0.0,0.0
2026-05-01,07X,0.0,0.0
2025-12-01,07Y,0.0,0.0
2023-03-01,07Y,0.0,0.0
2025-01-01,07Y,0.0,0.0
2025-08-01,07Y,0.0,0.0
2024-02-01,07Y,0.0,0.0
2021-08-01,07Y,0.0,0.0
2026-05-01,07Y,0.0,0.0
2024-12-01,07Y,0.0,0.0
2022-08-01,07Y,0.0,0.0
2025-05-01,07Y,0.0,0.0
2023-11-01,07Y,0.0,0.0
2022-02-01,07Y,0.0,0.0
2022-06-01,07Y,0.0,0.0
2023-12-01,07Y,0.0,0.0
2023-08-01,07Y,0.0,0.0
2022-12-01,07Y,0.0,0.0
2024-03-01,07Y,0.0,0.0
2024-11-01,07Y,0.0,0.0
2023-02-01,07Y,0.0,0.0
2025-06-01,07Y,0.0,0.0
2021-07-01,07Y,0.0,0.0
2025-02-01,07Y,0.0,0.0
2025-11-01,07Y,0.0,0.0
2022-01-01,07Y,0.0,0.0
2023-04-01,07Y,0.0,0.0
2025-10-01,07Y,0.0,0.0
2026-06-01,07Y,0.0,0.0
2023-10-01,07Y,0.0,0.0
2021-09-01,07Y,0.0,0.0
2026-01-01,07Y,0.0,0.0
2025-09-01,07Y,0.0,0.0
2023-09-01,07Y,0.0,0.0
2022-10-01,07Y,0.0,0.0
2022-09-01,07Y,0.0,0.0
2022-07-01,07Y,0.0,0.0
2023-07-01,07Y,0.0,0.0
2022-03-01,07Y,0.0,0.0
2024-04-01,07Y,0.0,0.0
2025-03-01,07Y,0.0,0.0
2021-06-01,07Y,0.0,0.0
2024-01-01,07Y,0.0,0.0
2024-09-01,07Y,0.0,0.0
2025-07-01,07Y,0.0,0.0
2024-07-01,07Y,0.0,0.0
2024-10-01,07Y,0.0,0.0
2023-05-01,07Y,0.0,0.0
2023-06-01,07Y,0.0,0.0
2025-04-01,07Y,0.0,0.0
2021-11-01,07Y,0.0,0.0
2022-11-01,07Y,0.0,0.0
2026-02-01,07Y,0.0,0.0
2021-10-01,07Y,0.0,0.0
2022-04-01,07Y,0.0,0.0
2023-01-01,07Y,0.0,0.0
2024-08-01,07Y,0.0,0.0
2024-05-01,07Y,0.0,0.0
2024-06-01,07Y,0.0,0.0
2022-05-01,07Y,0.0,0.0
2026-04-01,07Y,0.0,0.0
2021-12-01,07Y,0.0,0.0
2026-03-01,07Y,0.0,0.0
2025-10-01,08A,0.0,0.0
2023-03-01,08A,0.0,0.0
2024-12-01,08A,0.0,0.0
2021-12-01,08A,0.0,0.0
2022-04-01,08A,0.0,0.0
2025-08-01,08A,0.0,0.0
2025-02-01,08A,0.0,0.0
2022-06-01,08A,0.0,0.0
2021-07-01,08A,0.0,0.0
2021-10-01,08A,0.0,0.0
2023-11-01,08A,0.0,0.0
2023-09-01,08A,0.0,0.0
2024-07-01,08A,0.0,0.0
2025-01-01,08A,0.0,0.0
2022-12-01,08A,0.0,0.0
2025-05-01,08A,0.0,0.0
2025-11-01,08A,0.0,0.0
2022-07-01,08A,0.0,0.0
2026-03-01,08A,0.0,0.0
2025-04-01,08A,0.0,0.0
2026-06-01,08A,0.0,0.0
2022-11-01,08A,0.0,0.0
2022-09-01,08A,0.0,0.0
2022-10-01,08A,0.0,0.0
2024-10-01,08A,0.0,0.0
2023-05-01,08A,0.0,0.0
2021-11-01,08A,0.0,0.0
2026-02-01,08A,0.0,0.0
2021-06-01,08A,0.0,0.0
2025-12-01,08A,0.0,0.0
2024-11-01,08A,0.0,0.0
2022-02-01,08A,0.0,0.0
2022-01-01,08A,0.0,0.0
2025-06-01,08A,0.0,0.0
2023-08-01,08A,0.0,0.0
2022-03-01,08A,0.0,0.0
2023-07-01,08A,0.0,0.0
2023-02-01,08A,0.0,0.0
2025-07-01,08A,0.0,0.0
2026-05-01,08A,0.0,0.0
2024-06-01,08A,0.0,0.0
2023-01-01,08A,0.0,0.0
2025-09-01,08A,0.0,0.0
2023-06-01,08A,0.0,0.0
2022-08-01,08A,0.0,0.0
2026-01-01,08A,0.0,0.0
2024-05-01,08A,0.0,0.0
2024-04-01,08A,0.0,0.0
2021-09-01,08A,0.0,0.0
2024-02-01,08A,0.0,0.0
2023-12-01,08A,0.0,0.0
2022-05-01,08A,0.0,0.0
2024-03-01,08A,0.0,0.0
2024-08-01,08A,0.0,0.0
2023-04-01,08A,0.0,0.0
2025-03-01,08A,0.0,0.0
2026-04-01,08A,0.0,0.0
2023-10-01,08A,0.0,0.0
2021-08-01,08A,0.0,0.0
2024-01-01,08A,0.0,0.0
2024-09-01,08A,0.0,0.0
2026-04-01,08C,0.0,0.0
2024-03-01,08C,0.0,0.0
2022-02-01,08C,0.0,0.0
2024-01-01,08C,0.0,0.0
2024-06-01,08C,0.0,0.0
2026-02-01,08C,0.0,0.0
2023-06-01,08C,0.0,0.0
2021-12-01,08C,0.0,0.0
2024-12-01,08C,0.0,0.0
2025-09-01,08C,0.0,0.0
2022-09-01,08C,0.0,0.0
2023-07-01,08C,0.0,0.0
2023-04-01,08C,0.0,0.0
2021-07-01,08C,0.0,0.0
2026-06-01,08C,0.0,0.0
2022-05-01,08C,0.0,0.0
2022-07-01,08C,0.0,0.0
2023-10-01,08C,0.0,0.0
2023-05-01,08C,0.0,0.0
2023-08-01,08C,0.0,0.0
2025-06-01,08C,0.0,0.0
2023-12-01,08C,0.0,0.0
2022-04-01,08C,0.0,0.0
2021-08-01,08C,0.0,0.0
2026-05-01,08C,0.0,0.0
2026-03-01,08C,0.0,0.0
2024-07-01,08C,0.0,0.0
2023-01-01,08C,0.0,0.0
2025-10-01,08C,0.0,0.0
2022-10-01,08C,0.0,0.0
2024-02-01,08C,0.0,0.0
2024-09-01,08C,0.0,0.0
2024-10-01,08C,0.0,0.0
2023-03-01,08C,0.0,0.0
2025-01-01,08C,0.0,0.0
2024-11-01,08C,0.0,0.0
2023-11-01,08C,0.0,0.0
2022-08-01,08C,0.0,0.0
2025-04-01,08C,0.0,0.0
2026-01-01,08C,0.0,0.0
2022-01-01,08C,0.0,0.0
2022-06-01,08C,0.0,0.0
2022-12-01,08C,0.0,0.0
2025-02-01,08C,0.0,0.0
2022-11-01,08C,0.0,0.0
2023-02-01,08C,0.0,0.0
2022-03-01,08C,0.0,0.0
2025-03-01,08C,0.0,0.0
2024-04-01,08C,0.0,0.0
2021-10-01,08C,0.0,0.0
2021-09-01,08C,0.0,0.0
2024-05-01,08C,0.0,0.0
2021-06-01,08C,0.0,0.0
2021-11-01,08C,0.0,0.0
2025-12-01,08C,0.0,0.0
2023-09-01,08C,0.0,0.0
2025-08-01,08C,0.0,0.0
2025-07-01,08C,0.0,0.0
2025-11-01,08C,0.0,0.0
2024-08-01,08C,0.0,0.0
2025-05-01,08C,0.0,0.0
2024-05-01,08D,0.0,0.0
2024-03-01,08D,0.0,0.0
2023-05-01,08D,0.0,0.0
2026-02-01,08D,0.0,0.0
2023-12-01,08D,0.0,0.0
2023-08-01,08D,0.0,0.0
2023-09-01,08D,0.0,0.0
2025-11-01,08D,0.0,0.0
2023-10-01,08D,0.0,0.0
2024-11-01,08D,0.0,0.0
2025-03-01,08D,0.0,0.0
2021-07-01,08D,0.0,0.0
2023-03-01,08D,0.0,0.0
2024-08-01,08D,0.0,0.0
2023-01-01,08D,0.0,0.0
2021-09-01,08D,0.0,0.0
2025-09-01,08D,0.0,0.0
2025-08-01,08D,0.0,0.0
2025-04-01,08D,0.0,0.0
2026-04-01,08D,0.0,0.0
2026-01-01,08D,0.0,0.0
2025-01-01,08D,0.0,0.0
2021-08-01,08D,0.0,0.0
2022-06-01,08D,0.0,0.0
2022-02-01,08D,0.0,0.0
2026-06-01,08D,0.0,0.0
2025-05-01,08D,0.0,0.0
2024-09-01,08D,0.0,0.0
2024-04-01,08D,0.0,0.0
2022-05-01,08D,0.0,0.0
2025-02-01,08D,0.0,0.0
2024-06-01,08D,0.0,0.0
2025-07-01,08D,0.0,0.0
2023-11-01,08D,0.0,0.0
2021-11-01,08D,0.0,0.0
2022-04-01,08D,0.0,0.0
2024-01-01,08D,0.0,0.0
2023-06-01,08D,0.0,0.0
2022-11-01,08D,0.0,0.0
2022-12-01,08D,0.0,0.0
2023-04-01,08D,0.0,0.0
2023-07-01,08D,0.0,0.0
2022-09-01,08D,0.0,0.0
2024-07-01,08D,0.0,0.0
2021-12-01,08D,0.0,0.0
2026-03-01,08D,0.0,0.0
2025-10-01,08D,0.0,0.0
2022-08-01,08D,0.0,0.0
2025-06-01,08D,0.0,0.0
2024-02-01,08D,0.0,0.0
2022-07-01,08D,0.0,0.0
2021-06-01,08D,0.0,0.0
2024-12-01,08D,0.0,0.0
2024-10-01,08D,0.0,0.0
2022-01-01,08D,0.0,0.0
2025-12-01,08D,0.0,0.0
2022-03-01,08D,0.0,0.0
2021-10-01,08D,0.0,0.0
2026-05-01,08D,0.0,0.0
2023-02-01,08D,0.0,0.0
2022-10-01,08D,0.0,0.0
2025-05-01,08E,0.0,0.0
2023-08-01,08E,0.0,0.0
2024-02-01,08E,0.0,0.0
2021-07-01,08E,0.0,0.0
2022-09-01,08E,0.0,0.0
2023-04-01,08E,0.0,0.0
2022-01-01,08E,0.0,0.0
2025-11-01,08E,0.0,0.0
2024-05-01,08E,0.0,0.0
2023-12-01,08E,0.0,0.0
2022-12-01,08E,0.0,0.0
2022-10-01,08E,0.0,0.0
2024-07-01,08E,0.0,0.0
2024-01-01,08E,0.0,0.0
2025-10-01,08E,0.0,0.0
2024-10-01,08E,0.0,0.0
2026-03-01,08E,0.0,0.0
2026-02-01,08E,0.0,0.0
2026-01-01,08E,0.0,0.0
2021-11-01,08E,0.0,0.0
2022-11-01,08E,0.0,0.0
2025-03-01,08E,0.0,0.0
2023-09-01,08E,0.0,0.0
2025-12-01,08E,0.0,0.0
2022-02-01,08E,0.0,0.0
2025-02-01,08E,0.0,0.0
2026-06-01,08E,0.0,0.0
2024-08-01,08E,0.0,0.0
2022-04-01,08E,0.0,0.0
2023-06-01,08E,0.0,0.0
2023-03-01,08E,0.0,0.0
2026-04-01,08E,0.0,0.0
2021-08-01,08E,0.0,0.0
2021-09-01,08E,0.0,0.0
2024-04-01,08E,0.0,0.0
2023-07-01,08E,0.0,0.0
2022-07-01,08E,0.0,0.0
2025-09-01,08E,0.0,0.0
2022-03-01,08E,0.0,0.0
2021-12-01,08E,0.0,0.0
2023-05-01,08E,0.0,0.0
2021-06-01,08E,0.0,0.0
2024-06-01,08E,0.0,0.0
2021-10-01,08E,0.0,0.0
2025-07-01,08E,0.0,0.0
2022-05-01,08E,0.0,0.0
2023-10-01,08E,0.0,0.0
2024-09-01,08E,0.0,0.0
2022-08-01,08E,0.0,0.0
2022-06-01,08E,0.0,0.0
2024-03-01,08E,0.0,0.0
2024-11-01,08E,0.0,0.0
2026-05-01,08E,0.0,0.0
2025-06-01,08E,0.0,0.0
2023-02-01,08E,0.0,0.0
2023-01-01,08E,0.0,0.0
2025-01-01,08E,0.0,0.0
2024-12-01,08E,0.0,0.0
2025-08-01,08E,0.0,0.0
2025-04-01,08E,0.0,0.0
2023-11-01,08E,0.0,0.0
2026-04-01,08F,0.0,0.0
2025-12-01,08F,0.0,0.0
2024-02-01,08F,0.0,0.0
2025-01-01,08F,0.0,0.0
2022-10-01,08F,0.0,0.0
2025-03-01,08F,0.0,0.0
2021-06-01,08F,0.0,0.0
2024-09-01,08F,0.0,0.0
2025-10-01,08F,0.0,0.0
2022-04-01,08F,0.0,0.0
2023-08-01,08F,0.0,0.0
2023-09-01,08F,0.0,0.0
2026-03-01,08F,0.0,0.0
2025-08-01,08F,0.0,0.0
2022-06-01,08F,0.0,0.0
2023-05-01,08F,0.0,0.0
2021-09-01,08F,0.0,0.0
2022-12-01,08F,0.0,0.0
2022-01-01,08F,0.0,0.0
2025-02-01,08F,0.0,0.0
2023-10-01,08F,0.0,0.0
2022-05-01,08F,0.0,0.0
2024-04-01,08F,0.0,0.0
2023-12-01,08F,0.0,0.0
2024-08-01,08F,0.0,0.0
2026-01-01,08F,0.0,0.0
2025-06-01,08F,0.0,0.0
2021-11-01,08F,0.0,0.0
2024-01-01,08F,0.0,0.0
2024-10-01,08F,0.0,0.0
2024-03-01,08F,0.0,0.0
2024-12-01,08F,0.0,0.0
2026-02-01,08F,0.0,0.0
2025-09-01,08F,0.0,0.0
2026-06-01,08F,0.0,0.0
2023-02-01,08F,0.0,0.0
2023-06-01,08F,0.0,0.0
2025-04-01,08F,0.0,0.0
2024-06-01,08F,0.0,0.0
2023-03-01,08F,0.0,0.0
2024-11-01,08F,0.0,0.0
2024-07-01,08F,0.0,0.0
2022-03-01,08F,0.0,0.0
2022-08-01,08F,0.0,0.0
2022-11-01,08F,0.0,0.0
2025-05-01,08F,0.0,0.0
2022-07-01,08F,0.0,0.0
2025-11-01,08F,0.0,0.0
2021-10-01,08F,0.0,0.0
2023-04-01,08F,0.0,0.0
2022-09-01,08F,0.0,0.0
2021-08-01,08F,0.0,0.0
2021-07-01,08F,0.0,0.0
2022-02-01,08F,0.0,0.0
2026-05-01,08F,0.0,0.0
2023-01-01,08F,0.0,0.0
2023-07-01,08F,0.0,0.0
2021-12-01,08F,0.0,0.0
2024-05-01,08F,0.0,0.0
2023-11-01,08F,0.0,0.0
2025-07-01,08F,0.0,0.0
2025-03-01,08G,0.0,0.0
2021-06-01,08G,0.0,0.0
2024-11-01,08G,0.0,0.0
2022-10-01,08G,0.0,0.0
2022-06-01,08G,0.0,0.0
2023-06-01,08G,0.0,0.0
2023-05-01,08G,0.0,0.0
2026-06-01,08G,0.0,0.0
2023-02-01,08G,0.0,0.0
2023-09-01,08G,0.0,0.0
2022-07-01,08G,0.0,0.0
2025-11-01,08G,0.0,0.0
2024-05-01,08G,0.0,0.0
2024-09-01,08G,0.0,0.0
2024-04-01,08G,0.0,0.0
2025-12-01,08G,0.0,0.0
2025-04-01,08G,0.0,0.0
2025-05-01,08G,0.0,0.0
2024-03-01,08G,0.0,0.0
2024-10-01,08G,0.0,0.0
2024-02-01,08G,0.0,0.0
2021-07-01,08G,0.0,0.0
2025-09-01,08G,0.0,0.0
2026-02-01,08G,0.0,0.0
2025-10-01,08G,0.0,0.0
2022-04-01,08G,0.0,0.0
2022-11-01,08G,0.0,0.0
2024-12-01,08G,0.0,0.0
2025-07-01,08G,0.0,0.0
2022-05-01,08G,0.0,0.0
2025-06-01,08G,0.0,0.0
2021-10-01,08G,0.0,0.0
2022-01-01,08G,0.0,0.0
2023-03-01,08G,0.0,0.0
2021-09-01,08G,0.0,0.0
2023-11-01,08G,0.0,0.0
2022-12-01,08G,0.0,0.0
2023-01-01,08G,0.0,0.0
2022-02-01,08G,0.0,0.0
2022-03-01,08G,0.0,0.0
2023-08-01,08G,0.0,0.0
2022-09-01,08G,0.0,0.0
2021-08-01,08G,0.0,0.0
2023-10-01,08G,0.0,0.0
2024-01-01,08G,0.0,0.0
2021-12-01,08G,0.0,0.0
2025-02-01,08G,0.0,0.0
2024-06-01,08G,0.0,0.0
2025-08-01,08G,0.0,0.0
2023-04-01,08G,0.0,0.0
2024-07-01,08G,0.0,0.0
2026-03-01,08G,0.0,0.0
2025-01-01,08G,0.0,0.0
2021-11-01,08G,0.0,0.0
2023-07-01,08G,0.0,0.0
2024-08-01,08G,0.0,0.0
2023-12-01,08G,0.0,0.0
2022-08-01,08G,0.0,0.0
2026-01-01,08G,0.0,0.0
2026-04-01,08G,0.0,0.0
2026-05-01,08G,0.0,0.0
2025-06-01,08H,0.0,0.0
2021-09-01,08H,0.0,0.0
2024-12-01,08H,0.0,0.0
2025-02-01,08H,0.0,0.0
2022-01-01,08H,0.0,0.0
2025-03-01,08H,0.0,0.0
2025-09-01,08H,0.0,0.0
2023-02-01,08H,0.0,0.0
2023-04-01,08H,0.0,0.0
2023-07-01,08H,0.0,0.0
2022-02-01,08H,0.0,0.0
2021-12-01,08H,0.0,0.0
2024-07-01,08H,0.0,0.0
2024-10-01,08H,0.0,0.0
2022-11-01,08H,0.0,0.0
2025-10-01,08H,0.0,0.0
2022-09-01,08H,0.0,0.0
2021-11-01,08H,0.0,0.0
2024-02-01,08H,0.0,0.0
2023-06-01,08H,0.0,0.0
2025-05-01,08H,0.0,0.0
2023-05-01,08H,0.0,0.0
2026-04-01,08H,0.0,0.0
2023-01-01,08H,0.0,0.0
2024-08-01,08H,0.0,0.0
2021-08-01,08H,0.0,0.0
2024-05-01,08H,0.0,0.0
2022-05-01,08H,0.0,0.0
2026-05-01,08H,0.0,0.0
2025-01-01,08H,0.0,0.0
2023-09-01,08H,0.0,0.0
2023-11-01,08H,0.0,0.0
2025-12-01,08H,0.0,0.0
2024-03-01,08H,0.0,0.0
2022-10-01,08H,0.0,0.0
2022-04-01,08H,0.0,0.0
2021-07-01,08H,0.0,0.0
2025-08-01,08H,0.0,0.0
2024-04-01,08H,0.0,0.0
2022-03-01,08H,0.0,0.0
2025-04-01,08H,0.0,0.0
2021-06-01,08H,0.0,0.0
2024-06-01,08H,0.0,0.0
2025-11-01,08H,0.0,0.0
2026-06-01,08H,0.0,0.0
2022-08-01,08H,0.0,0.0
2024-11-01,08H,0.0,0.0
2024-01-01,08H,0.0,0.0
2021-10-01,08H,0.0,0.0
2023-08-01,08H,0.0,0.0
2022-07-01,08H,0.0,0.0
2023-10-01,08H,0.0,0.0
2025-07-01,08H,0.0,0.0
2022-12-01,08H,0.0,0.0
2023-12-01,08H,0.0,0.0
2022-06-01,08H,0.0,0.0
2026-03-01,08H,0.0,0.0
2024-09-01,08H,0.0,0.0
2023-03-01,08H,0.0,0.0
2026-02-01,08H,0.0,0.0
2026-01-01,08H,0.0,0.0
2023-10-01,08J,0.0,0.0
2024-06-01,08J,0.0,0.0
2021-07-01,08J,0.0,0.0
2025-11-01,08J,0.0,0.0
2022-03-01,08J,0.0,0.0
2025-07-01,08J,0.0,0.0
2025-10-01,08J,0.0,0.0
2025-08-01,08J,0.0,0.0
2023-06-01,08J,0.0,0.0
2023-01-01,08J,0.0,0.0
2021-06-01,08J,0.0,0.0
2022-01-01,08J,0.0,0.0
2022-09-01,08J,0.0,0.0
2021-09-01,08J,0.0,0.0
2026-01-01,08J,0.0,0.0
2021-11-01,08J,0.0,0.0
2024-03-01,08J,0.0,0.0
2024-01-01,08J,0.0,0.0
2026-03-01,08J,0.0,0.0
2026-05-01,08J,0.0,0.0
2026-04-01,08J,0.0,0.0
2023-09-01,08J,0.0,0.0
2024-07-01,08J,0.0,0.0
2022-06-01,08J,0.0,0.0
2021-12-01,08J,0.0,0.0
2023-02-01,08J,0.0,0.0
2025-02-01,08J,0.0,0.0
2025-05-01,08J,0.0,0.0
2025-03-01,08J,0.0,0.0
2023-04-01,08J,0.0,0.0
2022-12-01,08J,0.0,0.0
2024-08-01,08J,0.0,0.0
2026-06-01,08J,0.0,0.0
2023-08-01,08J,0.0,0.0
2023-05-01,08J,0.0,0.0
2022-04-01,08J,0.0,0.0
2024-02-01,08J,0.0,0.0
2022-11-01,08J,0.0,0.0
2026-02-01,08J,0.0,0.0
2025-06-01,08J,0.0,0.0
2024-04-01,08J,0.0,0.0
2021-08-01,08J,0.0,0.0
2022-10-01,08J,0.0,0.0
2025-01-01,08J,0.0,0.0
2023-11-01,08J,0.0,0.0
2024-12-01,08J,0.0,0.0
2022-08-01,08J,0.0,0.0
2022-07-01,08J,0.0,0.0
2024-11-01,08J,0.0,0.0
2024-10-01,08J,0.0,0.0
2022-05-01,08J,0.0,0.0
2025-09-01,08J,0.0,0.0
2021-10-01,08J,0.0,0.0
2023-07-01,08J,0.0,0.0
2024-09-01,08J,0.0,0.0
2025-04-01,08J,0.0,0.0
2022-02-01,08J,0.0,0.0
2023-03-01,08J,0.0,0.0
2023-12-01,08J,0.0,0.0
2025-12-01,08J,0.0,0.0
2024-05-01,08J,0.0,0.0
2022-10-01,08K,0.0,0.0
2026-04-01,08K,0.0,0.0
2025-05-01,08K,0.0,0.0
2022-03-01,08K,0.0,0.0
2026-06-01,08K,0.0,0.0
2022-06-01,08K,0.0,0.0
2025-07-01,08K,0.0,0.0
2024-07-01,08K,0.0,0.0
2021-06-01,08K,0.0,0.0
2025-06-01,08K,0.0,0.0
2024-12-01,08K,0.0,0.0
2023-01-01,08K,0.0,0.0
2026-05-01,08K,0.0,0.0
2021-12-01,08K,0.0,0.0
2024-05-01,08K,0.0,0.0
2023-10-01,08K,0.0,0.0
2022-04-01,08K,0.0,0.0
2021-11-01,08K,0.0,0.0
2023-08-01,08K,0.0,0.0
2022-08-01,08K,0.0,0.0
2023-05-01,08K,0.0,0.0
2023-04-01,08K,0.0,0.0
2022-05-01,08K,0.0,0.0
2022-09-01,08K,0.0,0.0
2025-03-01,08K,0.0,0.0
2025-10-01,08K,0.0,0.0
2025-09-01,08K,0.0,0.0
2022-07-01,08K,0.0,0.0
2021-09-01,08K,0.0,0.0
2024-08-01,08K,0.0,0.0
2022-12-01,08K,0.0,0.0
2024-01-01,08K,0.0,0.0
2025-08-01,08K,0.0,0.0
2023-03-01,08K,0.0,0.0
2021-10-01,08K,0.0,0.0
2023-11-01,08K,0.0,0.0
2026-02-01,08K,0.0,0.0
2024-03-01,08K,0.0,0.0
2026-01-01,08K,0.0,0.0
2024-02-01,08K,0.0,0.0
2023-02-01,08K,0.0,0.0
2023-09-01,08K,0.0,0.0
2025-01-01,08K,0.0,0.0
2024-11-01,08K,0.0,0.0
2022-11-01,08K,0.0,0.0
2021-08-01,08K,0.0,0.0
2024-10-01,08K,0.0,0.0
2025-11-01,08K,0.0,0.0
2021-07-01,08K,0.0,0.0
2024-06-01,08K,0.0,0.0
2026-03-01,08K,0.0,0.0
2022-01-01,08K,0.0,0.0
2023-06-01,08K,0.0,0.0
2023-07-01,08K,0.0,0.0
2024-04-01,08K,0.0,0.0
2025-04-01,08K,0.0,0.0
2025-02-01,08K,0.0,0.0
2023-12-01,08K,0.0,0.0
2025-12-01,08K,0.0,0.0
2024-09-01,08K,0.0,0.0
2022-02-01,08K,0.0,0.0
2024-08-01,08L,0.0,0.0
2022-01-01,08L,0.0,0.0
2025-12-01,08L,0.0,0.0
2026-03-01,08L,0.0,0.0
2022-12-01,08L,0.0,0.0
2021-09-01,08L,0.0,0.0
2025-10-01,08L,0.0,0.0
2021-08-01,08L,0.0,0.0
2022-04-01,08L,0.0,0.0
2024-01-01,08L,0.0,0.0
2024-12-01,08L,0.0,0.0
2024-02-01,08L,0.0,0.0
2021-06-01,08L,0.0,0.0
2024-07-01,08L,0.0,0.0
2021-11-01,08L,0.0,0.0
2022-09-01,08L,0.0,0.0
2026-01-01,08L,0.0,0.0
2023-09-01,08L,0.0,0.0
2024-04-01,08L,0.0,0.0
2021-07-01,08L,0.0,0.0
2026-06-01,08L,0.0,0.0
2023-03-01,08L,0.0,0.0
2022-06-01,08L,0.0,0.0
2024-06-01,08L,0.0,0.0
2022-02-01,08L,0.0,0.0
2025-01-01,08L,0.0,0.0
2024-05-01,08L,0.0,0.0
2025-11-01,08L,0.0,0.0
2022-05-01,08L,0.0,0.0
2025-02-01,08L,0.0,0.0
2023-11-01,08L,0.0,0.0
2026-02-01,08L,0.0,0.0
2025-09-01,08L,0.0,0.0
2023-01-01,08L,0.0,0.0
2023-06-01,08L,0.0,0.0
2026-04-01,08L,0.0,0.0
2026-05-01,08L,0.0,0.0
2021-12-01,08L,0.0,0.0
2025-06-01,08L,0.0,0.0
2025-05-01,08L,0.0,0.0
2021-10-01,08L,0.0,0.0
2024-10-01,08L,0.0,0.0
2023-05-01,08L,0.0,0.0
2023-10-01,08L,0.0,0.0
2024-09-01,08L,0.0,0.0
2025-08-01,08L,0.0,0.0
2023-12-01,08L,0.0,0.0
2022-11-01,08L,0.0,0.0
2023-07-01,08L,0.0,0.0
2022-07-01,08L,0.0,0.0
2022-08-01,08L,0.0,0.0
2024-11-01,08L,0.0,0.0
2025-03-01,08L,0.0,0.0
2022-10-01,08L,0.0,0.0
2023-08-01,08L,0.0,0.0
2023-04-01,08L,0.0,0.0
2025-04-01,08L,0.0,0.0
2022-03-01,08L,0.0,0.0
2025-07-01,08L,0.0,0.0
2023-02-01,08L,0.0,0.0
2024-03-01,08L,0.0,0.0
2025-06-01,08M,0.0,0.0
2024-12-01,08M,0.0,0.0
2024-06-01,08M,0.0,0.0
2026-04-01,08M,0.0,0.0
2024-03-01,08M,0.0,0.0
2026-05-01,08M,0.0,0.0
2025-12-01,08M,0.0,0.0
2025-03-01,08M,0.0,0.0
2022-10-01,08M,0.0,0.0
2023-04-01,08M,0.0,0.0
2023-08-01,08M,0.0,0.0
2022-04-01,08M,0.0,0.0
2021-09-01,08M,0.0,0.0
2024-09-01,08M,0.0,0.0
2026-03-01,08M,0.0,0.0
2024-08-01,08M,0.0,0.0
2025-05-01,08M,0.0,0.0
2024-02-01,08M,0.0,0.0
2025-01-01,08M,0.0,0.0
2023-10-01,08M,0.0,0.0
2022-07-01,08M,0.0,0.0
2022-01-01,08M,0.0,0.0
2024-04-01,08M,0.0,0.0
2025-09-01,08M,0.0,0.0
2023-06-01,08M,0.0,0.0
2021-08-01,08M,0.0,0.0
2024-10-01,08M,0.0,0.0
2024-07-01,08M,0.0,0.0
2023-01-01,08M,0.0,0.0
2022-06-01,08M,0.0,0.0
2021-10-01,08M,0.0,0.0
2021-11-01,08M,0.0,0.0
2023-11-01,08M,0.0,0.0
2023-09-01,08M,0.0,0.0
2023-05-01,08M,0.0,0.0
2025-02-01,08M,0.0,0.0
2022-08-01,08M,0.0,0.0
2024-11-01,08M,0.0,0.0
2025-04-01,08M,0.0,0.0
2024-05-01,08M,0.0,0.0
2021-06-01,08M,0.0,0.0
2026-06-01,08M,0.0,0.0
2025-07-01,08M,0.0,0.0
2024-01-01,08M,0.0,0.0
2022-05-01,08M,0.0,0.0
2023-03-01,08M,0.0,0.0
2021-07-01,08M,0.0,0.0
2023-07-01,08M,0.0,0.0
2026-01-01,08M,0.0,0.0
2023-12-01,08M,0.0,0.0
2025-11-01,08M,0.0,0.0
2022-03-01,08M,0.0,0.0
2022-12-01,08M,0.0,0.0
2026-02-01,08M,0.0,0.0
2022-02-01,08M,0.0,0.0
2021-12-01,08M,0.0,0.0
2022-09-01,08M,0.0,0.0
2025-08-01,08M,0.0,0.0
2022-11-01,08M,0.0,0.0
2023-02-01,08M,0.0,0.0
2025-10-01,08M,0.0,0.0
2026-06-01,08N,0.0,0.0
2022-07-01,08N,0.0,0.0
2024-01-01,08N,0.0,0.0
2024-08-01,08N,0.0,0.0
2022-06-01,08N,0.0,0.0
2025-04-01,08N,0.0,0.0
2025-02-01,08N,0.0,0.0
2024-02-01,08N,0.0,0.0
2023-12-01,08N,0.0,0.0
2024-05-01,08N,0.0,0.0
2022-09-01,08N,0.0,0.0
2025-05-01,08N,0.0,0.0
2024-03-01,08N,0.0,0.0
2024-09-01,08N,0.0,0.0
2025-07-01,08N,0.0,0.0
2025-06-01,08N,0.0,0.0
2022-10-01,08N,0.0,0.0
2021-12-01,08N,0.0,0.0
2023-01-01,08N,0.0,0.0
2026-04-01,08N,0.0,0.0
2022-01-01,08N,0.0,0.0
2025-12-01,08N,0.0,0.0
2024-10-01,08N,0.0,0.0
2023-04-01,08N,0.0,0.0
2023-11-01,08N,0.0,0.0
2022-11-01,08N,0.0,0.0
2023-03-01,08N,0.0,0.0
2026-03-01,08N,0.0,0.0
2022-05-01,08N,0.0,0.0
2024-06-01,08N,0.0,0.0
2025-01-01,08N,0.0,0.0
2022-02-01,08N,0.0,0.0
2026-01-01,08N,0.0,0.0
2021-11-01,08N,0.0,0.0
2021-06-01,08N,0.0,0.0
2021-07-01,08N,0.0,0.0
2023-07-01,08N,0.0,0.0
2024-11-01,08N,0.0,0.0
2025-11-01,08N,0.0,0.0
2026-05-01,08N,0.0,0.0
2023-08-01,08N,0.0,0.0
2024-12-01,08N,0.0,0.0
2022-12-01,08N,0.0,0.0
2025-08-01,08N,0.0,0.0
2023-06-01,08N,0.0,0.0
2022-03-01,08N,0.0,0.0
2024-04-01,08N,0.0,0.0
2022-08-01,08N,0.0,0.0
2021-09-01,08N,0.0,0.0
2021-10-01,08N,0.0,0.0
2025-09-01,08N,0.0,0.0
2026-02-01,08N,0.0,0.0
2022-04-01,08N,0.0,0.0
2023-02-01,08N,0.0,0.0
2024-07-01,08N,0.0,0.0
2023-09-01,08N,0.0,0.0
2023-05-01,08N,0.0,0.0
2021-08-01,08N,0.0,0.0
2023-10-01,08N,0.0,0.0
2025-10-01,08N,0.0,0.0
2025-03-01,08N,0.0,0.0
2021-06-01,08Q,0.0,0.0
2022-03-01,08Q,0.0,0.0
2022-12-01,08Q,0.0,0.0
2021-09-01,08Q,0.0,0.0
2024-02-01,08Q,0.0,0.0
2025-05-01,08Q,0.0,0.0
2026-03-01,08Q,0.0,0.0
2023-10-01,08Q,0.0,0.0
2023-06-01,08Q,0.0,0.0
2022-09-01,08Q,0.0,0.0
2021-12-01,08Q,0.0,0.0
2022-07-01,08Q,0.0,0.0
2023-07-01,08Q,0.0,0.0
2024-03-01,08Q,0.0,0.0
2026-05-01,08Q,0.0,0.0
2023-08-01,08Q,0.0,0.0
2023-11-01,08Q,0.0,0.0
2021-11-01,08Q,0.0,0.0
2024-06-01,08Q,0.0,0.0
2025-04-01,08Q,0.0,0.0
2025-02-01,08Q,0.0,0.0
2023-01-01,08Q,0.0,0.0
2025-03-01,08Q,0.0,0.0
2024-10-01,08Q,0.0,0.0
2022-06-01,08Q,0.0,0.0
2023-02-01,08Q,0.0,0.0
2024-01-01,08Q,0.0,0.0
2021-10-01,08Q,0.0,0.0
2025-11-01,08Q,0.0,0.0
2024-12-01,08Q,0.0,0.0
2022-08-01,08Q,0.0,0.0
2023-05-01,08Q,0.0,0.0
2025-07-01,08Q,0.0,0.0
2023-03-01,08Q,0.0,0.0
2024-07-01,08Q,0.0,0.0
2025-09-01,08Q,0.0,0.0
2024-04-01,08Q,0.0,0.0
2022-02-01,08Q,0.0,0.0
2026-06-01,08Q,0.0,0.0
2024-08-01,08Q,0.0,0.0
2022-04-01,08Q,0.0,0.0
2021-07-01,08Q,0.0,0.0
2021-08-01,08Q,0.0,0.0
2025-01-01,08Q,0.0,0.0
2024-05-01,08Q,0.0,0.0
2024-11-01,08Q,0.0,0.0
2026-01-01,08Q,0.0,0.0
2022-11-01,08Q,0.0,0.0
2025-06-01,08Q,0.0,0.0
2023-09-01,08Q,0.0,0.0
2025-08-01,08Q,0.0,0.0
2025-10-01,08Q,0.0,0.0
2026-02-01,08Q,0.0,0.0
2023-04-01,08Q,0.0,0.0
2024-09-01,08Q,0.0,0.0
2025-12-01,08Q,0.0,0.0
2023-12-01,08Q,0.0,0.0
2026-04-01,08Q,0.0,0.0
2022-10-01,08Q,0.0,0.0
2022-01-01,08Q,0.0,0.0
2022-05-01,08Q,0.0,0.0
2023-05-01,08R,0.0,0.0
2023-07-01,08R,0.0,0.0
2025-09-01,08R,0.0,0.0
2024-03-01,08R,0.0,0.0
2021-12-01,08R,0.0,0.0
2023-12-01,08R,0.0,0.0
2024-01-01,08R,0.0,0.0
2024-04-01,08R,0.0,0.0
2023-01-01,08R,0.0,0.0
2024-11-01,08R,0.0,0.0
2026-05-01,08R,0.0,0.0
2025-10-01,08R,0.0,0.0
2022-12-01,08R,0.0,0.0
2025-05-01,08R,0.0,0.0
2026-06-01,08R,0.0,0.0
2022-04-01,08R,0.0,0.0
2024-10-01,08R,0.0,0.0
2022-03-01,08R,0.0,0.0
2021-08-01,08R,0.0,0.0
2023-02-01,08R,0.0,0.0
2025-01-01,08R,0.0,0.0
2024-12-01,08R,0.0,0.0
2023-09-01,08R,0.0,0.0
2024-02-01,08R,0.0,0.0
2022-11-01,08R,0.0,0.0
2022-02-01,08R,0.0,0.0
2021-06-01,08R,0.0,0.0
2025-02-01,08R,0.0,0.0
2026-04-01,08R,0.0,0.0
2022-05-01,08R,0.0,0.0
2025-07-01,08R,0.0,0.0
2021-11-01,08R,0.0,0.0
2022-09-01,08R,0.0,0.0
2021-10-01,08R,0.0,0.0
2025-08-01,08R,0.0,0.0
2025-04-01,08R,0.0,0.0
2025-03-01,08R,0.0,0.0
2024-09-01,08R,0.0,0.0
2022-07-01,08R,0.0,0.0
2022-01-01,08R,0.0,0.0
2023-08-01,08R,0.0,0.0
2021-07-01,08R,0.0,0.0
2025-12-01,08R,0.0,0.0
2023-11-01,08R,0.0,0.0
2026-03-01,08R,0.0,0.0
2021-09-01,08R,0.0,0.0
2025-11-01,08R,0.0,0.0
2023-06-01,08R,0.0,0.0
2024-08-01,08R,0.0,0.0
2023-04-01,08R,0.0,0.0
2024-06-01,08R,0.0,0.0
2026-02-01,08R,0.0,0.0
2023-10-01,08R,0.0,0.0
2024-05-01,08R,0.0,0.0
2025-06-01,08R,0.0,0.0
2022-06-01,08R,0.0,0.0
2023-03-01,08R,0.0,0.0
2024-07-01,08R,0.0,0.0
2026-01-01,08R,0.0,0.0
2022-08-01,08R,0.0,0.0
2022-10-01,08R,0.0,0.0
2025-04-01,08T,0.0,0.0
2025-09-01,08T,0.0,0.0
2026-05-01,08T,0.0,0.0
2024-10-01,08T,0.0,0.0
2024-03-01,08T,0.0,0.0
2022-06-01,08T,0.0,0.0
2023-03-01,08T,0.0,0.0
2026-01-01,08T,0.0,0.0
2021-08-01,08T,0.0,0.0
2022-10-01,08T,0.0,0.0
2025-08-01,08T,0.0,0.0
2026-03-01,08T,0.0,0.0
2023-10-01,08T,0.0,0.0
2023-08-01,08T,0.0,0.0
2025-12-01,08T,0.0,0.0
2023-12-01,08T,0.0,0.0
2021-11-01,08T,0.0,0.0
2023-01-01,08T,0.0,0.0
2025-01-01,08T,0.0,0.0
2022-09-01,08T,0.0,0.0
2022-03-01,08T,0.0,0.0
2025-11-01,08T,0.0,0.0
2025-10-01,08T,0.0,0.0
2023-11-01,08T,0.0,0.0
2023-09-01,08T,0.0,0.0
2022-01-01,08T,0.0,0.0
2023-05-01,08T,0.0,0.0
2026-06-01,08T,0.0,0.0
2024-11-01,08T,0.0,0.0
2025-03-01,08T,0.0,0.0
2024-04-01,08T,0.0,0.0
2025-06-01,08T,0.0,0.0
2024-09-01,08T,0.0,0.0
2025-07-01,08T,0.0,0.0
2022-12-01,08T,0.0,0.0
2024-12-01,08T,0.0,0.0
2023-07-01,08T,0.0,0.0
2024-05-01,08T,0.0,0.0
2023-02-01,08T,0.0,0.0
2025-02-01,08T,0.0,0.0
2023-06-01,08T,0.0,0.0
2021-09-01,08T,0.0,0.0
2024-02-01,08T,0.0,0.0
2022-07-01,08T,0.0,0.0
2024-01-01,08T,0.0,0.0
2021-10-01,08T,0.0,0.0
2022-02-01,08T,0.0,0.0
2025-05-01,08T,0.0,0.0
2024-06-01,08T,0.0,0.0
2026-04-01,08T,0.0,0.0
2021-12-01,08T,0.0,0.0
2024-08-01,08T,0.0,0.0
2021-07-01,08T,0.0,0.0
2022-04-01,08T,0.0,0.0
2022-11-01,08T,0.0,0.0
2022-05-01,08T,0.0,0.0
2022-08-01,08T,0.0,0.0
2021-06-01,08T,0.0,0.0
2026-02-01,08T,0.0,0.0
2024-07-01,08T,0.0,0.0
2023-04-01,08T,0.0,0.0
2025-06-01,08V,0.0,0.0
2022-03-01,08V,0.0,0.0
2025-03-01,08V,0.0,0.0
2023-09-01,08V,0.0,0.0
2026-03-01,08V,0.0,0.0
2026-06-01,08V,0.0,0.0
2024-03-01,08V,0.0,0.0
2022-02-01,08V,0.0,0.0
2022-06-01,08V,0.0,0.0
2025-10-01,08V,0.0,0.0
2022-07-01,08V,0.0,0.0
2025-02-01,08V,0.0,0.0
2023-05-01,08V,0.0,0.0
2023-04-01,08V,0.0,0.0
2023-01-01,08V,0.0,0.0
2026-04-01,08V,0.0,0.0
2021-10-01,08V,0.0,0.0
2022-12-01,08V,0.0,0.0
2024-06-01,08V,0.0,0.0
2022-05-01,08V,0.0,0.0
2024-09-01,08V,0.0,0.0
2021-11-01,08V,0.0,0.0
2024-11-01,08V,0.0,0.0
2023-02-01,08V,0.0,0.0
2024-12-01,08V,0.0,0.0
2025-08-01,08V,0.0,0.0
2024-01-01,08V,0.0,0.0
2021-08-01,08V,0.0,0.0
2024-08-01,08V,0.0,0.0
2026-01-01,08V,0.0,0.0
2024-05-01,08V,0.0,0.0
2024-04-01,08V,0.0,0.0
2021-12-01,08V,0.0,0.0
2022-08-01,08V,0.0,0.0
2025-11-01,08V,0.0,0.0
2024-02-01,08V,0.0,0.0
2024-10-01,08V,0.0,0.0
2022-04-01,08V,0.0,0.0
2023-07-01,08V,0.0,0.0
2021-09-01,08V,0.0,0.0
2022-11-01,08V,0.0,0.0
2025-04-01,08V,0.0,0.0
2026-05-01,08V,0.0,0.0
2021-06-01,08V,0.0,0.0
2026-02-01,08V,0.0,0.0
2024-07-01,08V,0.0,0.0
2023-11-01,08V,0.0,0.0
2025-05-01,08V,0.0,0.0
2025-07-01,08V,0.0,0.0
2023-12-01,08V,0.0,0.0
2023-08-01,08V,0.0,0.0
2023-03-01,08V,0.0,0.0
2021-07-01,08V,0.0,0.0
2025-01-01,08V,0.0,0.0
2025-12-01,08V,0.0,0.0
2022-01-01,08V,0.0,0.0
2022-09-01,08V,0.0,0.0
2025-09-01,08V,0.0,0.0
2023-10-01,08V,0.0,0.0
2022-10-01,08V,0.0,0.0
2023-06-01,08V,0.0,0.0
2025-05-01,08W,0.0,0.0
2022-03-01,08W,0.0,0.0
2024-01-01,08W,0.0,0.0
2022-08-01,08W,0.0,0.0
2026-04-01,08W,0.0,0.0
2023-04-01,08W,0.0,0.0
2021-08-01,08W,0.0,0.0
2024-03-01,08W,0.0,0.0
2026-03-01,08W,0.0,0.0
2026-06-01,08W,0.0,0.0
2026-02-01,08W,0.0,0.0
2025-03-01,08W,0.0,0.0
2024-10-01,08W,0.0,0.0
2025-04-01,08W,0.0,0.0
2024-12-01,08W,0.0,0.0
2026-01-01,08W,0.0,0.0
2023-02-01,08W,0.0,0.0
2022-01-01,08W,0.0,0.0
2022-11-01,08W,0.0,0.0
2024-04-01,08W,0.0,0.0
2021-12-01,08W,0.0,0.0
2021-09-01,08W,0.0,0.0
2025-09-01,08W,0.0,0.0
2023-01-01,08W,0.0,0.0
2022-10-01,08W,0.0,0.0
2022-05-01,08W,0.0,0.0
2024-02-01,08W,0.0,0.0
2025-06-01,08W,0.0,0.0
2022-12-01,08W,0.0,0.0
2024-08-01,08W,0.0,0.0
2021-10-01,08W,0.0,0.0
2025-01-01,08W,0.0,0.0
2024-11-01,08W,0.0,0.0
2023-09-01,08W,0.0,0.0
2023-08-01,08W,0.0,0.0
2022-04-01,08W,0.0,0.0
2025-11-01,08W,0.0,0.0
2024-05-01,08W,0.0,0.0
2022-02-01,08W,0.0,0.0
2021-11-01,08W,0.0,0.0
2023-05-01,08W,0.0,0.0
2021-06-01,08W,0.0,0.0
2023-06-01,08W,0.0,0.0
2022-09-01,08W,0.0,0.0
2025-08-01,08W,0.0,0.0
2023-03-01,08W,0.0,0.0
2025-10-01,08W,0.0,0.0
2024-07-01,08W,0.0,0.0
2023-07-01,08W,0.0,0.0
2024-06-01,08W,0.0,0.0
2023-11-01,08W,0.0,0.0
2022-07-01,08W,0.0,0.0
2025-02-01,08W,0.0,0.0
2024-09-01,08W,0.0,0.0
2021-07-01,08W,0.0,0.0
2023-12-01,08W,0.0,0.0
2022-06-01,08W,0.0,0.0
2025-12-01,08W,0.0,0.0
2025-07-01,08W,0.0,0.0
2026-05-01,08W,0.0,0.0
2023-10-01,08W,0.0,0.0
2026-04-01,08X,0.0,0.0
2026-01-01,08X,0.0,0.0
2022-05-01,08X,0.0,0.0
2021-11-01,08X,0.0,0.0
2021-12-01,08X,0.0,0.0
2025-10-01,08X,0.0,0.0
2024-01-01,08X,0.0,0.0
2022-06-01,08X,0.0,0.0
2024-08-01,08X,0.0,0.0
2022-04-01,08X,0.0,0.0
2024-04-01,08X,0.0,0.0
2024-09-01,08X,0.0,0.0
2024-05-01,08X,0.0,0.0
2021-10-01,08X,0.0,0.0
2023-06-01,08X,0.0,0.0
2025-11-01,08X,0.0,0.0
2022-07-01,08X,0.0,0.0
2023-05-01,08X,0.0,0.0
2022-01-01,08X,0.0,0.0
2025-02-01,08X,0.0,0.0
2024-11-01,08X,0.0,0.0
2023-11-01,08X,0.0,0.0
2026-06-01,08X,0.0,0.0
2022-03-01,08X,0.0,0.0
2022-10-01,08X,0.0,0.0
2025-07-01,08X,0.0,0.0
2025-08-01,08X,0.0,0.0
2023-03-01,08X,0.0,0.0
2023-04-01,08X,0.0,0.0
2023-08-01,08X,0.0,0.0
2023-10-01,08X,0.0,0.0
2025-01-01,08X,0.0,0.0
2025-06-01,08X,0.0,0.0
2024-02-01,08X,0.0,0.0
2024-03-01,08X,0.0,0.0
2021-08-01,08X,0.0,0.0
2026-02-01,08X,0.0,0.0
2022-08-01,08X,0.0,0.0
2021-09-01,08X,0.0,0.0
2023-07-01,08X,0.0,0.0
2023-09-01,08X,0.0,0.0
2022-11-01,08X,0.0,0.0
2025-05-01,08X,0.0,0.0
2025-04-01,08X,0.0,0.0
2026-03-01,08X,0.0,0.0
2024-06-01,08X,0.0,0.0
2024-10-01,08X,0.0,0.0
2025-12-01,08X,0.0,0.0
2025-09-01,08X,0.0,0.0
2023-02-01,08X,0.0,0.0
2022-09-01,08X,0.0,0.0
2021-06-01,08X,0.0,0.0
2023-12-01,08X,0.0,0.0
2026-05-01,08X,0.0,0.0
2022-12-01,08X,0.0,0.0
2024-07-01,08X,0.0,0.0
2022-02-01,08X,0.0,0.0
2021-07-01,08X,0.0,0.0
2024-12-01,08X,0.0,0.0
2023-01-01,08X,0.0,0.0
2025-03-01,08X,0.0,0.0
2026-04-01,08Y,0.0,0.0
2026-01-01,08Y,0.0,0.0
2023-08-01,08Y,0.0,0.0
2022-07-01,08Y,0.0,0.0
2021-08-01,08Y,0.0,0.0
2022-06-01,08Y,0.0,0.0
2023-07-01,08Y,0.0,0.0
2026-02-01,08Y,0.0,0.0
2022-04-01,08Y,0.0,0.0
2025-03-01,08Y,0.0,0.0
2025-02-01,08Y,0.0,0.0
2024-02-01,08Y,0.0,0.0
2024-04-01,08Y,0.0,0.0
2024-03-01,08Y,0.0,0.0
2024-11-01,08Y,0.0,0.0
2022-02-01,08Y,0.0,0.0
2023-10-01,08Y,0.0,0.0
2021-07-01,08Y,0.0,0.0
2024-08-01,08Y,0.0,0.0
2023-01-01,08Y,0.0,0.0
2024-12-01,08Y,0.0,0.0
2025-07-01,08Y,0.0,0.0
2023-04-01,08Y,0.0,0.0
2024-10-01,08Y,0.0,0.0
2025-12-01,08Y,0.0,0.0
2022-12-01,08Y,0.0,0.0
2026-05-01,08Y,0.0,0.0
2025-08-01,08Y,0.0,0.0
2022-05-01,08Y,0.0,0.0
2025-11-01,08Y,0.0,0.0
2025-01-01,08Y,0.0,0.0
2022-10-01,08Y,0.0,0.0
2023-02-01,08Y,0.0,0.0
2024-09-01,08Y,0.0,0.0
2021-09-01,08Y,0.0,0.0
2024-05-01,08Y,0.0,0.0
2023-05-01,08Y,0.0,0.0
2025-05-01,08Y,0.0,0.0
2022-11-01,08Y,0.0,0.0
2024-01-01,08Y,0.0,0.0
2026-03-01,08Y,0.0,0.0
2021-06-01,08Y,0.0,0.0
2023-09-01,08Y,0.0,0.0
2025-10-01,08Y,0.0,0.0
2025-06-01,08Y,0.0,0.0
2026-06-01,08Y,0.0,0.0
2021-10-01,08Y,0.0,0.0
2022-08-01,08Y,0.0,0.0
2022-01-01,08Y,0.0,0.0
2023-03-01,08Y,0.0,0.0
2021-11-01,08Y,0.0,0.0
2022-09-01,08Y,0.0,0.0
2024-07-01,08Y,0.0,0.0
2024-06-01,08Y,0.0,0.0
2025-04-01,08Y,0.0,0.0
2023-11-01,08Y,0.0,0.0
2025-09-01,08Y,0.0,0.0
2023-06-01,08Y,0.0,0.0
2022-03-01,08Y,0.0,0.0
2021-12-01,08Y,0.0,0.0
2023-12-01,08Y,0.0,0.0
2026-02-01,09A,0.0,0.0
2024-07-01,09A,0.0,0.0
2025-07-01,09A,0.0,0.0
2023-07-01,09A,0.0,0.0
2025-01-01,09A,0.0,0.0
2021-12-01,09A,0.0,0.0
2024-05-01,09A,0.0,0.0
2023-05-01,09A,0.0,0.0
2026-05-01,09A,0.0,0.0
2023-04-01,09A,0.0,0.0
2025-11-01,09A,0.0,0.0
2022-04-01,09A,0.0,0.0
2021-09-01,09A,0.0,0.0
2024-03-01,09A,0.0,0.0
2025-10-01,09A,0.0,0.0
2023-09-01,09A,0.0,0.0
2026-01-01,09A,0.0,0.0
2023-10-01,09A,0.0,0.0
2025-02-01,09A,0.0,0.0
2022-11-01,09A,0.0,0.0
2025-06-01,09A,0.0,0.0
2025-03-01,09A,0.0,0.0
2022-10-01,09A,0.0,0.0
2023-02-01,09A,0.0,0.0
2022-05-01,09A,0.0,0.0
2024-04-01,09A,0.0,0.0
2025-08-01,09A,0.0,0.0
2023-06-01,09A,0.0,0.0
2026-06-01,09A,0.0,0.0
2026-04-01,09A,0.0,0.0
2021-08-01,09A,0.0,0.0
2022-01-01,09A,0.0,0.0
2022-08-01,09A,0.0,0.0
2021-07-01,09A,0.0,0.0
2021-10-01,09A,0.0,0.0
2023-08-01,09A,0.0,0.0
2023-01-01,09A,0.0,0.0
2023-12-01,09A,0.0,0.0
2022-07-01,09A,0.0,0.0
2023-03-01,09A,0.0,0.0
2024-06-01,09A,0.0,0.0
2024-02-01,09A,0.0,0.0
2021-06-01,09A,0.0,0.0
2026-03-01,09A,0.0,0.0
2025-09-01,09A,0.0,0.0
2021-11-01,09A,0.0,0.0
2022-03-01,09A,0.0,0.0
2024-12-01,09A,0.0,0.0
2022-12-01,09A,0.0,0.0
2024-11-01,09A,0.0,0.0
2022-06-01,09A,0.0,0.0
2024-08-01,09A,0.0,0.0
2025-05-01,09A,0.0,0.0
2024-10-01,09A,0.0,0.0
2023-11-01,09A,0.0,0.0
2025-12-01,09A,0.0,0.0
2024-01-01,09A,0.0,0.0
2024-09-01,09A,0.0,0.0
2025-04-01,09A,0.0,0.0
2022-02-01,09A,0.0,0.0
2022-09-01,09A,0.0,0.0
2025-05-01,09C,0.0,0.0
2022-11-01,09C,0.0,0.0
2021-10-01,09C,0.0,0.0
2025-04-01,09C,0.0,0.0
2024-09-01,09C,0.0,0.0
2023-05-01,09C,0.0,0.0
2025-07-01,09C,0.0,0.0
2026-02-01,09C,0.0,0.0
2021-06-01,09C,0.0,0.0
2025-10-01,09C,0.0,0.0
2025-09-01,09C,0.0,0.0
2024-11-01,09C,0.0,0.0
2025-11-01,09C,0.0,0.0
2021-08-01,09C,0.0,0.0
2022-10-01,09C,0.0,0.0
2022-07-01,09C,0.0,0.0
2021-07-01,09C,0.0,0.0
2025-06-01,09C,0.0,0.0
2025-08-01,09C,0.0,0.0
2022-01-01,09C,0.0,0.0
2024-06-01,09C,0.0,0.0
2025-12-01,09C,0.0,0.0
2021-11-01,09C,0.0,0.0
2023-12-01,09C,0.0,0.0
2024-12-01,09C,0.0,0.0
2024-10-01,09C,0.0,0.0
2024-02-01,09C,0.0,0.0
2023-01-01,09C,0.0,0.0
2024-01-01,09C,0.0,0.0
2024-07-01,09C,0.0,0.0
2022-06-01,09C,0.0,0.0
2023-11-01,09C,0.0,0.0
2025-03-01,09C,0.0,0.0
2024-04-01,09C,0.0,0.0
2021-12-01,09C,0.0,0.0
2024-08-01,09C,0.0,0.0
2023-02-01,09C,0.0,0.0
2026-01-01,09C,0.0,0.0
2024-05-01,09C,0.0,0.0
2022-05-01,09C,0.0,0.0
2022-09-01,09C,0.0,0.0
2022-04-01,09C,0.0,0.0
2026-04-01,09C,0.0,0.0
2023-03-01,09C,0.0,0.0
2025-01-01,09C,0.0,0.0
2023-06-01,09C,0.0,0.0
2025-02-01,09C,0.0,0.0
2026-05-01,09C,0.0,0.0
2022-08-01,09C,0.0,0.0
2023-09-01,09C,0.0,0.0
2022-12-01,09C,0.0,0.0
2022-03-01,09C,0.0,0.0
2023-04-01,09C,0.0,0.0
2024-03-01,09C,0.0,0.0
2026-06-01,09C,0.0,0.0
2023-07-01,09C,0.0,0.0
2021-09-01,09C,0.0,0.0
2023-08-01,09C,0.0,0.0
2023-10-01,09C,0.0,0.0
2026-03-01,09C,0.0,0.0
2022-02-01,09C,0.0,0.0
2022-11-01,09E,0.0,0.0
2023-06-01,09E,0.0,0.0
2024-11-01,09E,0.0,0.0
2025-05-01,09E,0.0,0.0
2024-04-01,09E,0.0,0.0
2022-07-01,09E,0.0,0.0
2024-01-01,09E,0.0,0.0
2026-04-01,09E,0.0,0.0
2023-08-01,09E,0.0,0.0
2022-01-01,09E,0.0,0.0
2023-05-01,09E,0.0,0.0
2024-03-01,09E,0.0,0.0
2024-05-01,09E,0.0,0.0
2021-06-01,09E,0.0,0.0
2024-09-01,09E,0.0,0.0
2025-07-01,09E,0.0,0.0
2025-10-01,09E,0.0,0.0
2023-04-01,09E,0.0,0.0
2023-09-01,09E,0.0,0.0
2025-01-01,09E,0.0,0.0
2025-06-01,09E,0.0,0.0
2022-12-01,09E,0.0,0.0
2023-12-01,09E,0.0,0.0
2022-09-01,09E,0.0,0.0
2025-09-01,09E,0.0,0.0
2023-03-01,09E,0.0,0.0
2026-01-01,09E,0.0,0.0
2023-02-01,09E,0.0,0.0
2022-05-01,09E,0.0,0.0
2022-10-01,09E,0.0,0.0
2024-06-01,09E,0.0,0.0
2024-02-01,09E,0.0,0.0
2022-08-01,09E,0.0,0.0
2021-10-01,09E,0.0,0.0
2021-09-01,09E,0.0,0.0
2025-08-01,09E,0.0,0.0
2021-07-01,09E,0.0,0.0
2024-12-01,09E,0.0,0.0
2022-02-01,09E,0.0,0.0
2025-11-01,09E,0.0,0.0
2022-03-01,09E,0.0,0.0
2026-02-01,09E,0.0,0.0
2026-06-01,09E,0.0,0.0
2025-12-01,09E,0.0,0.0
2021-08-01,09E,0.0,0.0
2026-05-01,09E,0.0,0.0
2024-10-01,09E,0.0,0.0
2022-06-01,09E,0.0,0.0
2024-07-01,09E,0.0,0.0
2022-04-01,09E,0.0,0.0
2023-07-01,09E,0.0,0.0
2024-08-01,09E,0.0,0.0
2023-10-01,09E,0.0,0.0
2021-11-01,09E,0.0,0.0
2025-03-01,09E,0.0,0.0
2023-01-01,09E,0.0,0.0
2021-12-01,09E,0.0,0.0
2023-11-01,09E,0.0,0.0
2025-04-01,09E,0.0,0.0
2026-03-01,09E,0.0,0.0
2025-02-01,09E,0.0,0.0
2022-04-01,09F,0.0,0.0
2023-08-01,09F,0.0,0.0
2024-12-01,09F,0.0,0.0
2025-06-01,09F,0.0,0.0
2024-09-01,09F,0.0,0.0
2025-11-01,09F,0.0,0.0
2026-01-01,09F,0.0,0.0
2021-07-01,09F,0.0,0.0
2022-07-01,09F,0.0,0.0
2025-08-01,09F,0.0,0.0
2024-07-01,09F,0.0,0.0
2021-06-01,09F,0.0,0.0
2022-03-01,09F,0.0,0.0
2023-05-01,09F,0.0,0.0
2021-10-01,09F,0.0,0.0
2021-12-01,09F,0.0,0.0
2026-06-01,09F,0.0,0.0
2026-04-01,09F,0.0,0.0
2026-03-01,09F,0.0,0.0
2025-04-01,09F,0.0,0.0
2023-02-01,09F,0.0,0.0
2021-08-01,09F,0.0,0.0
2024-08-01,09F,0.0,0.0
2024-06-01,09F,0.0,0.0
2023-06-01,09F,0.0,0.0
2023-03-01,09F,0.0,0.0
2022-08-01,09F,0.0,0.0
2022-01-01,09F,0.0,0.0
2023-01-01,09F,0.0,0.0
2024-03-01,09F,0.0,0.0
2024-11-01,09F,0.0,0.0
2022-11-01,09F,0.0,0.0
2024-05-01,09F,0.0,0.0
2025-05-01,09F,0.0,0.0
2025-09-01,09F,0.0,0.0
2023-12-01,09F,0.0,0.0
2023-09-01,09F,0.0,0.0
2026-02-01,09F,0.0,0.0
2025-12-01,09F,0.0,0.0
2021-09-01,09F,0.0,0.0
2023-11-01,09F,0.0,0.0
2022-09-01,09F,0.0,0.0
2025-02-01,09F,0.0,0.0
2025-01-01,09F,0.0,0.0
2024-10-01,09F,0.0,0.0
2023-04-01,09F,0.0,0.0
2026-05-01,09F,0.0,0.0
2022-05-01,09F,0.0,0.0
2022-06-01,09F,0.0,0.0
2024-02-01,09F,0.0,0.0
2024-01-01,09F,0.0,0.0
2023-10-01,09F,0.0,0.0
2025-03-01,09F,0.0,0.0
2025-10-01,09F,0.0,0.0
2023-07-01,09F,0.0,0.0
2022-02-01,09F,0.0,0.0
2024-04-01,09F,0.0,0.0
2025-07-01,09F,0.0,0.0
2022-12-01,09F,0.0,0.0
2022-10-01,09F,0.0,0.0
2021-11-01,09F,0.0,0.0
2025-06-01,09G,0.0,0.0
2026-01-01,09G,0.0,0.0
2023-08-01,09G,0.0,0.0
2026-02-01,09G,0.0,0.0
2021-09-01,09G,0.0,0.0
2025-07-01,09G,0.0,0.0
2021-10-01,09G,0.0,0.0
2024-07-01,09G,0.0,0.0
2026-04-01,09G,0.0,0.0
2023-02-01,09G,0.0,0.0
2023-04-01,09G,0.0,0.0
2022-08-01,09G,0.0,0.0
2026-06-01,09G,0.0,0.0
2025-12-01,09G,0.0,0.0
2024-11-01,09G,0.0,0.0
2021-06-01,09G,0.0,0.0
2024-02-01,09G,0.0,0.0
2024-09-01,09G,0.0,0.0
2023-12-01,09G,0.0,0.0
2024-04-01,09G,0.0,0.0
2022-05-01,09G,0.0,0.0
2022-02-01,09G,0.0,0.0
2024-01-01,09G,0.0,0.0
2021-07-01,09G,0.0,0.0
2025-11-01,09G,0.0,0.0
2022-10-01,09G,0.0,0.0
2026-03-01,09G,0.0,0.0
2024-05-01,09G,0.0,0.0
2021-11-01,09G,0.0,0.0
2021-12-01,09G,0.0,0.0
2022-06-01,09G,0.0,0.0
2024-03-01,09G,0.0,0.0
2023-09-01,09G,0.0,0.0
2022-01-01,09G,0.0,0.0
2022-07-01,09G,0.0,0.0
2025-09-01,09G,0.0,0.0
2025-05-01,09G,0.0,0.0
2024-08-01,09G,0.0,0.0
2022-12-01,09G,0.0,0.0
2024-12-01,09G,0.0,0.0
2023-10-01,09G,0.0,0.0
2022-11-01,09G,0.0,0.0
2022-09-01,09G,0.0,0.0
2022-03-01,09G,0.0,0.0
2025-10-01,09G,0.0,0.0
2026-05-01,09G,0.0,0.0
2025-02-01,09G,0.0,0.0
2025-08-01,09G,0.0,0.0
2023-11-01,09G,0.0,0.0
2025-04-01,09G,0.0,0.0
2022-04-01,09G,0.0,0.0
2023-01-01,09G,0.0,0.0
2025-01-01,09G,0.0,0.0
2024-06-01,09G,0.0,0.0
2023-03-01,09G,0.0,0.0
2023-07-01,09G,0.0,0.0
2024-10-01,09G,0.0,0.0
2023-06-01,09G,0.0,0.0
2025-03-01,09G,0.0,0.0
2021-08-01,09G,0.0,0.0
2023-05-01,09G,0.0,0.0
2023-03-01,09J,0.0,0.0
2024-04-01,09J,0.0,0.0
2024-02-01,09J,0.0,0.0
2025-06-01,09J,0.0,0.0
2025-09-01,09J,0.0,0.0
2023-02-01,09J,0.0,0.0
2022-08-01,09J,0.0,0.0
2024-10-01,09J,0.0,0.0
2025-01-01,09J,0.0,0.0
2025-08-01,09J,0.0,0.0
2024-12-01,09J,0.0,0.0
2025-10-01,09J,0.0,0.0
2022-09-01,09J,0.0,0.0
2024-07-01,09J,0.0,0.0
2025-12-01,09J,0.0,0.0
2022-03-01,09J,0.0,0.0
2024-05-01,09J,0.0,0.0
2022-05-01,09J,0.0,0.0
2024-06-01,09J,0.0,0.0
2026-01-01,09J,0.0,0.0
2023-12-01,09J,0.0,0.0
2026-03-01,09J,0.0,0.0
2023-04-01,09J,0.0,0.0
2026-02-01,09J,0.0,0.0
2021-09-01,09J,0.0,0.0
2026-06-01,09J,0.0,0.0
2025-11-01,09J,0.0,0.0
2026-04-01,09J,0.0,0.0
2026-05-01,09J,0.0,0.0
2022-04-01,09J,0.0,0.0
2023-07-01,09J,0.0,0.0
2025-03-01,09J,0.0,0.0
2022-07-01,09J,0.0,0.0
2023-11-01,09J,0.0,0.0
2022-11-01,09J,0.0,0.0
2023-06-01,09J,0.0,0.0
2023-01-01,09J,0.0,0.0
2022-10-01,09J,0.0,0.0
2022-06-01,09J,0.0,0.0
2021-10-01,09J,0.0,0.0
2025-05-01,09J,0.0,0.0
2023-08-01,09J,0.0,0.0
2022-02-01,09J,0.0,0.0
2023-10-01,09J,0.0,0.0
2021-06-01,09J,0.0,0.0
2021-11-01,09J,0.0,0.0
2021-07-01,09J,0.0,0.0
2024-11-01,09J,0.0,0.0
2021-08-01,09J,0.0,0.0
2024-08-01,09J,0.0,0.0
2022-01-01,09J,0.0,0.0
2025-04-01,09J,0.0,0.0
2022-12-01,09J,0.0,0.0
2025-07-01,09J,0.0,0.0
2021-12-01,09J,0.0,0.0
2024-01-01,09J,0.0,0.0
2024-03-01,09J,0.0,0.0
2025-02-01,09J,0.0,0.0
2023-05-01,09J,0.0,0.0
2024-09-01,09J,0.0,0.0
2023-09-01,09J,0.0,0.0
2023-05-01,09L,0.0,0.0
2024-02-01,09L,0.0,0.0
2023-01-01,09L,0.0,0.0
2021-06-01,09L,0.0,0.0
2021-10-01,09L,0.0,0.0
2022-09-01,09L,0.0,0.0
2021-09-01,09L,0.0,0.0
2022-05-01,09L,0.0,0.0
2024-03-01,09L,0.0,0.0
2026-03-01,09L,0.0,0.0
2022-11-01,09L,0.0,0.0
2021-12-01,09L,0.0,0.0
2023-12-01,09L,0.0,0.0
2025-03-01,09L,0.0,0.0
2024-07-01,09L,0.0,0.0
2024-09-01,09L,0.0,0.0
2023-11-01,09L,0.0,0.0
2024-06-01,09L,0.0,0.0
2025-02-01,09L,0.0,0.0
2025-10-01,09L,0.0,0.0
2022-06-01,09L,0.0,0.0
2025-11-01,09L,0.0,0.0
2025-08-01,09L,0.0,0.0
2022-04-01,09L,0.0,0.0
2024-12-01,09L,0.0,0.0
2024-08-01,09L,0.0,0.0
2023-09-01,09L,0.0,0.0
2022-10-01,09L,0.0,0.0
2026-05-01,09L,0.0,0.0
2026-04-01,09L,0.0,0.0
2024-11-01,09L,0.0,0.0
2026-06-01,09L,0.0,0.0
2023-06-01,09L,0.0,0.0
2023-10-01,09L,0.0,0.0
2023-03-01,09L,0.0,0.0
2022-01-01,09L,0.0,0.0
2025-07-01,09L,0.0,0.0
2023-07-01,09L,0.0,0.0
2025-05-01,09L,0.0,0.0
2022-07-01,09L,0.0,0.0
2024-10-01,09L,0.0,0.0
2024-01-01,09L,0.0,0.0
2022-08-01,09L,0.0,0.0
2022-02-01,09L,0.0,0.0
2024-04-01,09L,0.0,0.0
2023-08-01,09L,0.0,0.0
2026-02-01,09L,0.0,0.0
2022-12-01,09L,0.0,0.0
2023-04-01,09L,0.0,0.0
2022-03-01,09L,0.0,0.0
2025-12-01,09L,0.0,0.0
2025-09-01,09L,0.0,0.0
2024-05-01,09L,0.0,0.0
2023-02-01,09L,0.0,0.0
2021-07-01,09L,0.0,0.0
2025-01-01,09L,0.0,0.0
2026-01-01,09L,0.0,0.0
2025-06-01,09L,0.0,0.0
2021-11-01,09L,0.0,0.0
2021-08-01,09L,0.0,0.0
2025-04-01,09L,0.0,0.0
2023-01-01,09P,0.0,0.0
2021-10-01,09P,0.0,0.0
2024-05-01,09P,0.0,0.0
2023-09-01,09P,0.0,0.0
2021-11-01,09P,0.0,0.0
2022-10-01,09P,0.0,0.0
2025-11-01,09P,0.0,0.0
2023-12-01,09P,0.0,0.0
2023-07-01,09P,0.0,0.0
2022-03-01,09P,0.0,0.0
2021-08-01,09P,0.0,0.0
2024-01-01,09P,0.0,0.0
2023-02-01,09P,0.0,0.0
2024-11-01,09P,0.0,0.0
2025-01-01,09P,0.0,0.0
2025-04-01,09P,0.0,0.0
2023-03-01,09P,0.0,0.0
2026-05-01,09P,0.0,0.0
2023-06-01,09P,0.0,0.0
2023-05-01,09P,0.0,0.0
2024-02-01,09P,0.0,0.0
2025-07-01,09P,0.0,0.0
2022-11-01,09P,0.0,0.0
2022-05-01,09P,0.0,0.0
2025-02-01,09P,0.0,0.0
2022-04-01,09P,0.0,0.0
2024-08-01,09P,0.0,0.0
2022-02-01,09P,0.0,0.0
2023-10-01,09P,0.0,0.0
2024-03-01,09P,0.0,0.0
2022-01-01,09P,0.0,0.0
2026-01-01,09P,0.0,0.0
2023-11-01,09P,0.0,0.0
2024-06-01,09P,0.0,0.0
2025-09-01,09P,0.0,0.0
2021-12-01,09P,0.0,0.0
2025-10-01,09P,0.0,0.0
2024-04-01,09P,0.0,0.0
2026-03-01,09P,0.0,0.0
2021-07-01,09P,0.0,0.0
2022-12-01,09P,0.0,0.0
2026-04-01,09P,0.0,0.0
2025-12-01,09P,0.0,0.0
2025-05-01,09P,0.0,0.0
2023-08-01,09P,0.0,0.0
2021-06-01,09P,0.0,0.0
2023-04-01,09P,0.0,0.0
2024-10-01,09P,0.0,0.0
2022-07-01,09P,0.0,0.0
2025-03-01,09P,0.0,0.0
2025-08-01,09P,0.0,0.0
2024-09-01,09P,0.0,0.0
2022-09-01,09P,0.0,0.0
2021-09-01,09P,0.0,0.0
2022-06-01,09P,0.0,0.0
2024-07-01,09P,0.0,0.0
2026-06-01,09P,0.0,0.0
2026-02-01,09P,0.0,0.0
2025-06-01,09P,0.0,0.0
2022-08-01,09P,0.0,0.0
2024-12-01,09P,0.0,0.0
2025-04-01,09W,0.0,0.0
2023-04-01,09W,0.0,0.0
2024-12-01,09W,0.0,0.0
2023-10-01,09W,0.0,0.0
2025-03-01,09W,0.0,0.0
2025-05-01,09W,0.0,0.0
2023-02-01,09W,0.0,0.0
2022-08-01,09W,0.0,0.0
2021-07-01,09W,0.0,0.0
2025-08-01,09W,0.0,0.0
2026-03-01,09W,0.0,0.0
2023-07-01,09W,0.0,0.0
2026-01-01,09W,0.0,0.0
2024-07-01,09W,0.0,0.0
2025-06-01,09W,0.0,0.0
2023-06-01,09W,0.0,0.0
2025-02-01,09W,0.0,0.0
2022-06-01,09W,0.0,0.0
2023-12-01,09W,0.0,0.0
2024-05-01,09W,0.0,0.0
2022-10-01,09W,0.0,0.0
2025-11-01,09W,0.0,0.0
2025-01-01,09W,0.0,0.0
2023-03-01,09W,0.0,0.0
2022-05-01,09W,0.0,0.0
2022-12-01,09W,0.0,0.0
2021-08-01,09W,0.0,0.0
2024-09-01,09W,0.0,0.0
2022-03-01,09W,0.0,0.0
2024-11-01,09W,0.0,0.0
2023-05-01,09W,0.0,0.0
2024-08-01,09W,0.0,0.0
2023-11-01,09W,0.0,0.0
2021-11-01,09W,0.0,0.0
2022-01-01,09W,0.0,0.0
2025-10-01,09W,0.0,0.0
2025-09-01,09W,0.0,0.0
2022-11-01,09W,0.0,0.0
2024-04-01,09W,0.0,0.0
2025-07-01,09W,0.0,0.0
2022-04-01,09W,0.0,0.0
2026-04-01,09W,0.0,0.0
2021-12-01,09W,0.0,0.0
2024-10-01,09W,0.0,0.0
2023-01-01,09W,0.0,0.0
2024-03-01,09W,0.0,0.0
2024-02-01,09W,0.0,0.0
2025-12-01,09W,0.0,0.0
2026-06-01,09W,0.0,0.0
2023-08-01,09W,0.0,0.0
2022-09-01,09W,0.0,0.0
2022-07-01,09W,0.0,0.0
2026-02-01,09W,0.0,0.0
2021-10-01,09W,0.0,0.0
2023-09-01,09W,0.0,0.0
2022-02-01,09W,0.0,0.0
2026-05-01,09W,0.0,0.0
2024-01-01,09W,0.0,0.0
2021-09-01,09W,0.0,0.0
2021-06-01,09W,0.0,0.0
2024-06-01,09W,0.0,0.0
2024-10-01,09Y,0.0,0.0
2025-10-01,09Y,0.0,0.0
2023-09-01,09Y,0.0,0.0
2022-06-01,09Y,0.0,0.0
2025-11-01,09Y,0.0,0.0
2025-12-01,09Y,0.0,0.0
2021-12-01,09Y,0.0,0.0
2021-07-01,09Y,0.0,0.0
2022-02-01,09Y,0.0,0.0
2021-09-01,09Y,0.0,0.0
2022-10-01,09Y,0.0,0.0
2026-03-01,09Y,0.0,0.0
2024-11-01,09Y,0.0,0.0
2026-01-01,09Y,0.0,0.0
2023-02-01,09Y,0.0,0.0
2022-07-01,09Y,0.0,0.0
2025-06-01,09Y,0.0,0.0
2024-03-01,09Y,0.0,0.0
2025-05-01,09Y,0.0,0.0
2023-08-01,09Y,0.0,0.0
2024-05-01,09Y,0.0,0.0
2024-07-01,09Y,0.0,0.0
2025-01-01,09Y,0.0,0.0
2023-03-01,09Y,0.0,0.0
2026-02-01,09Y,0.0,0.0
2026-05-01,09Y,0.0,0.0
2024-12-01,09Y,0.0,0.0
2024-02-01,09Y,0.0,0.0
2021-08-01,09Y,0.0,0.0
2024-04-01,09Y,0.0,0.0
2024-08-01,09Y,0.0,0.0
2023-01-01,09Y,0.0,0.0
2025-07-01,09Y,0.0,0.0
2024-06-01,09Y,0.0,0.0
2025-09-01,09Y,0.0,0.0
2023-12-01,09Y,0.0,0.0
2021-10-01,09Y,0.0,0.0
2022-08-01,09Y,0.0,0.0
2022-01-01,09Y,0.0,0.0
2023-11-01,09Y,0.0,0.0
2023-04-01,09Y,0.0,0.0
2022-04-01,09Y,0.0,0.0
2025-04-01,09Y,0.0,0.0
2023-05-01,09Y,0.0,0.0
2021-11-01,09Y,0.0,0.0
2022-11-01,09Y,0.0,0.0
2023-10-01,09Y,0.0,0.0
2025-03-01,09Y,0.0,0.0
2025-08-01,09Y,0.0,0.0
2021-06-01,09Y,0.0,0.0
2023-07-01,09Y,0.0,0.0
2024-09-01,09Y,0.0,0.0
2026-06-01,09Y,0.0,0.0
2023-06-01,09Y,0.0,0.0
2022-05-01,09Y,0.0,0.0
2022-09-01,09Y,0.0,0.0
2024-01-01,09Y,0.0,0.0
2025-02-01,09Y,0.0,0.0
2022-12-01,09Y,0.0,0.0
2026-04-01,09Y,0.0,0.0
2022-03-01,09Y,0.0,0.0
2022-10-01,10A,0.0,0.0
2023-08-01,10A,0.0,0.0
2022-01-01,10A,0.0,0.0
2024-07-01,10A,0.0,0.0
2021-06-01,10A,0.0,0.0
2022-07-01,10A,0.0,0.0
2022-09-01,10A,0.0,0.0
2022-03-01,10A,0.0,0.0
2021-12-01,10A,0.0,0.0
2024-02-01,10A,0.0,0.0
2021-07-01,10A,0.0,0.0
2025-11-01,10A,0.0,0.0
2024-10-01,10A,0.0,0.0
2025-12-01,10A,0.0,0.0
2022-04-01,10A,0.0,0.0
2025-06-01,10A,0.0,0.0
2024-06-01,10A,0.0,0.0
2024-05-01,10A,0.0,0.0
2024-12-01,10A,0.0,0.0
2025-07-01,10A,0.0,0.0
2026-05-01,10A,0.0,0.0
2023-01-01,10A,0.0,0.0
2022-12-01,10A,0.0,0.0
2022-08-01,10A,0.0,0.0
2026-04-01,10A,0.0,0.0
2024-03-01,10A,0.0,0.0
2021-08-01,10A,0.0,0.0
2023-03-01,10A,0.0,0.0
2021-09-01,10A,0.0,0.0
2021-11-01,10A,0.0,0.0
2026-01-01,10A,0.0,0.0
2023-02-01,10A,0.0,0.0
2023-11-01,10A,0.0,0.0
2024-11-01,10A,0.0,0.0
2023-07-01,10A,0.0,0.0
2025-01-01,10A,0.0,0.0
2025-08-01,10A,0.0,0.0
2023-10-01,10A,0.0,0.0
2023-09-01,10A,0.0,0.0
2022-06-01,10A,0.0,0.0
2024-04-01,10A,0.0,0.0
2024-09-01,10A,0.0,0.0
2025-09-01,10A,0.0,0.0
2021-10-01,10A,0.0,0.0
2025-03-01,10A,0.0,0.0
2022-05-01,10A,0.0,0.0
2026-03-01,10A,0.0,0.0
2023-04-01,10A,0.0,0.0
2026-06-01,10A,0.0,0.0
2022-11-01,10A,0.0,0.0
2022-02-01,10A,0.0,0.0
2026-02-01,10A,0.0,0.0
2023-12-01,10A,0.0,0.0
2023-06-01,10A,0.0,0.0
2025-02-01,10A,0.0,0.0
2024-08-01,10A,0.0,0.0
2025-10-01,10A,0.0,0.0
2024-01-01,10A,0.0,0.0
2023-05-01,10A,0.0,0.0
2025-04-01,10A,0.0,0.0
2025-05-01,10A,0.0,0.0
2023-09-01,10C,0.0,0.0
2022-02-01,10C,0.0,0.0
2025-02-01,10C,0.0,0.0
2026-02-01,10C,0.0,0.0
2026-05-01,10C,0.0,0.0
2024-03-01,10C,0.0,0.0
2024-09-01,10C,0.0,0.0
2022-06-01,10C,0.0,0.0
2026-03-01,10C,0.0,0.0
2021-09-01,10C,0.0,0.0
2024-11-01,10C,0.0,0.0
2023-04-01,10C,0.0,0.0
2024-12-01,10C,0.0,0.0
2025-04-01,10C,0.0,0.0
2025-12-01,10C,0.0,0.0
2022-08-01,10C,0.0,0.0
2024-08-01,10C,0.0,0.0
2023-10-01,10C,0.0,0.0
2021-12-01,10C,0.0,0.0
2021-08-01,10C,0.0,0.0
2022-11-01,10C,0.0,0.0
2026-06-01,10C,0.0,0.0
2021-06-01,10C,0.0,0.0
2021-11-01,10C,0.0,0.0
2023-06-01,10C,0.0,0.0
2023-03-01,10C,0.0,0.0
2024-07-01,10C,0.0,0.0
2024-02-01,10C,0.0,0.0
2025-01-01,10C,0.0,0.0
2023-08-01,10C,0.0,0.0
2022-07-01,10C,0.0,0.0
2024-05-01,10C,0.0,0.0
2021-10-01,10C,0.0,0.0
2024-06-01,10C,0.0,0.0
2025-07-01,10C,0.0,0.0
2022-04-01,10C,0.0,0.0
2022-12-01,10C,0.0,0.0
2025-05-01,10C,0.0,0.0
2024-10-01,10C,0.0,0.0
2024-01-01,10C,0.0,0.0
2025-08-01,10C,0.0,0.0
2021-07-01,10C,0.0,0.0
2025-11-01,10C,0.0,0.0
2022-01-01,10C,0.0,0.0
2022-05-01,10C,0.0,0.0
2024-04-01,10C,0.0,0.0
2023-07-01,10C,0.0,0.0
2023-05-01,10C,0.0,0.0
2026-04-01,10C,0.0,0.0
2022-09-01,10C,0.0,0.0
2025-10-01,10C,0.0,0.0
2026-01-01,10C,0.0,0.0
2025-03-01,10C,0.0,0.0
2023-12-01,10C,0.0,0.0
2022-10-01,10C,0.0,0.0
2022-03-01,10C,0.0,0.0
2023-11-01,10C,0.0,0.0
2025-06-01,10C,0.0,0.0
2023-01-01,10C,0.0,0.0
2023-02-01,10C,0.0,0.0
2025-09-01,10C,0.0,0.0
2025-05-01,10D,0.0,0.0
2023-06-01,10D,0.0,0.0
2022-12-01,10D,0.0,0.0
2023-11-01,10D,0.0,0.0
2022-05-01,10D,0.0,0.0
2025-10-01,10D,0.0,0.0
2021-08-01,10D,0.0,0.0
2023-05-01,10D,0.0,0.0
2023-02-01,10D,0.0,0.0
2024-11-01,10D,0.0,0.0
2024-01-01,10D,0.0,0.0
2025-01-01,10D,0.0,0.0
2021-07-01,10D,0.0,0.0
2023-10-01,10D,0.0,0.0
2025-08-01,10D,0.0,0.0
2022-01-01,10D,0.0,0.0
2022-04-01,10D,0.0,0.0
2026-02-01,10D,0.0,0.0
2026-06-01,10D,0.0,0.0
2024-05-01,10D,0.0,0.0
2023-12-01,10D,0.0,0.0
2023-09-01,10D,0.0,0.0
2022-06-01,10D,0.0,0.0
2023-03-01,10D,0.0,0.0
2026-04-01,10D,0.0,0.0
2024-03-01,10D,0.0,0.0
2023-04-01,10D,0.0,0.0
2025-09-01,10D,0.0,0.0
2026-05-01,10D,0.0,0.0
2025-06-01,10D,0.0,0.0
2024-07-01,10D,0.0,0.0
2022-10-01,10D,0.0,0.0
2025-04-01,10D,0.0,0.0
2022-07-01,10D,0.0,0.0
2024-08-01,10D,0.0,0.0
2024-02-01,10D,0.0,0.0
2026-03-01,10D,0.0,0.0
2021-10-01,10D,0.0,0.0
2025-02-01,10D,0.0,0.0
2025-07-01,10D,0.0,0.0
2022-09-01,10D,0.0,0.0
2022-08-01,10D,0.0,0.0
2026-01-01,10D,0.0,0.0
2024-04-01,10D,0.0,0.0
2024-10-01,10D,0.0,0.0
2025-11-01,10D,0.0,0.0
2022-02-01,10D,0.0,0.0
2021-12-01,10D,0.0,0.0
2024-09-01,10D,0.0,0.0
2021-09-01,10D,0.0,0.0
2024-06-01,10D,0.0,0.0
2022-03-01,10D,0.0,0.0
2024-12-01,10D,0.0,0.0
2022-11-01,10D,0.0,0.0
2023-07-01,10D,0.0,0.0
2025-03-01,10D,0.0,0.0
2023-01-01,10D,0.0,0.0
2025-12-01,10D,0.0,0.0
2023-08-01,10D,0.0,0.0
2021-06-01,10D,0.0,0.0
2021-11-01,10D,0.0,0.0
2024-12-01,10E,0.0,0.0
2024-04-01,10E,0.0,0.0
2022-10-01,10E,0.0,0.0
2024-05-01,10E,0.0,0.0
2024-01-01,10E,0.0,0.0
2023-12-01,10E,0.0,0.0
2025-05-01,10E,0.0,0.0
2025-07-01,10E,0.0,0.0
2022-12-01,10E,0.0,0.0
2021-09-01,10E,0.0,0.0
2023-01-01,10E,0.0,0.0
2022-08-01,10E,0.0,0.0
2025-09-01,10E,0.0,0.0
2023-02-01,10E,0.0,0.0
2025-11-01,10E,0.0,0.0
2022-05-01,10E,0.0,0.0
2022-02-01,10E,0.0,0.0
2025-12-01,10E,0.0,0.0
2024-03-01,10E,0.0,0.0
2026-01-01,10E,0.0,0.0
2023-04-01,10E,0.0,0.0
2024-07-01,10E,0.0,0.0
2022-01-01,10E,0.0,0.0
2021-07-01,10E,0.0,0.0
2023-05-01,10E,0.0,0.0
2024-09-01,10E,0.0,0.0
2023-08-01,10E,0.0,0.0
2022-04-01,10E,0.0,0.0
2022-07-01,10E,0.0,0.0
2025-01-01,10E,0.0,0.0
2023-03-01,10E,0.0,0.0
2022-06-01,10E,0.0,0.0
2023-10-01,10E,0.0,0.0
2025-02-01,10E,0.0,0.0
2021-06-01,10E,0.0,0.0
2025-06-01,10E,0.0,0.0
2025-04-01,10E,0.0,0.0
2026-04-01,10E,0.0,0.0
2026-03-01,10E,0.0,0.0
2022-03-01,10E,0.0,0.0
2021-12-01,10E,0.0,0.0
2023-06-01,10E,0.0,0.0
2026-05-01,10E,0.0,0.0
2024-06-01,10E,0.0,0.0
2023-07-01,10E,0.0,0.0
2022-09-01,10E,0.0,0.0
2024-02-01,10E,0.0,0.0
2025-03-01,10E,0.0,0.0
2022-11-01,10E,0.0,0.0
2026-06-01,10E,0.0,0.0
2024-10-01,10E,0.0,0.0
2023-11-01,10E,0.0,0.0
2021-08-01,10E,0.0,0.0
2025-10-01,10E,0.0,0.0
2024-11-01,10E,0.0,0.0
2021-11-01,10E,0.0,0.0
2023-09-01,10E,0.0,0.0
2024-08-01,10E,0.0,0.0
2021-10-01,10E,0.0,0.0
2026-02-01,10E,0.0,0.0
2025-08-01,10E,0.0,0.0
2025-09-01,10J,0.0,0.0
2025-07-01,10J,0.0,0.0
2021-08-01,10J,0.0,0.0
2026-01-01,10J,0.0,0.0
2025-02-01,10J,0.0,0.0
2021-09-01,10J,0.0,0.0
2024-09-01,10J,0.0,0.0
2025-08-01,10J,0.0,0.0
2026-06-01,10J,0.0,0.0
2023-06-01,10J,0.0,0.0
2024-10-01,10J,0.0,0.0
2025-05-01,10J,0.0,0.0
2024-06-01,10J,0.0,0.0
2022-06-01,10J,0.0,0.0
2021-06-01,10J,0.0,0.0
2024-03-01,10J,0.0,0.0
2021-10-01,10J,0.0,0.0
2024-11-01,10J,0.0,0.0
2024-07-01,10J,0.0,0.0
2026-05-01,10J,0.0,0.0
2025-10-01,10J,0.0,0.0
2022-05-01,10J,0.0,0.0
2021-11-01,10J,0.0,0.0
2023-01-01,10J,0.0,0.0
2023-04-01,10J,0.0,0.0
2021-07-01,10J,0.0,0.0
2022-04-01,10J,0.0,0.0
2023-03-01,10J,0.0,0.0
2023-09-01,10J,0.0,0.0
2024-02-01,10J,0.0,0.0
2022-12-01,10J,0.0,0.0
2023-11-01,10J,0.0,0.0
2025-06-01,10J,0.0,0.0
2025-03-01,10J,0.0,0.0
2023-07-01,10J,0.0,0.0
2022-02-01,10J,0.0,0.0
2025-04-01,10J,0.0,0.0
2023-05-01,10J,0.0,0.0
2022-10-01,10J,0.0,0.0
2022-03-01,10J,0.0,0.0
2022-11-01,10J,0.0,0.0
2024-08-01,10J,0.0,0.0
2026-03-01,10J,0.0,0.0
2026-04-01,10J,0.0,0.0
2025-12-01,10J,0.0,0.0
2023-10-01,10J,0.0,0.0
2023-08-01,10J,0.0,0.0
2022-08-01,10J,0.0,0.0
2024-01-01,10J,0.0,0.0
2023-02-01,10J,0.0,0.0
2022-09-01,10J,0.0,0.0
2024-12-01,10J,0.0,0.0
2025-01-01,10J,0.0,0.0
2022-01-01,10J,0.0,0.0
2022-07-01,10J,0.0,0.0
2025-11-01,10J,0.0,0.0
2021-12-01,10J,0.0,0.0
2023-12-01,10J,0.0,0.0
2024-05-01,10J,0.0,0.0
2026-02-01,10J,0.0,0.0
2024-04-01,10J,0.0,0.0
2024-09-01,10K,0.0,0.0
2021-12-01,10K,0.0,0.0
2021-10-01,10K,0.0,0.0
2024-10-01,10K,0.0,0.0
2022-03-01,10K,0.0,0.0
2021-11-01,10K,0.0,0.0
2022-02-01,10K,0.0,0.0
2023-01-01,10K,0.0,0.0
2022-07-01,10K,0.0,0.0
2024-02-01,10K,0.0,0.0
2025-09-01,10K,0.0,0.0
2022-09-01,10K,0.0,0.0
2026-06-01,10K,0.0,0.0
2022-06-01,10K,0.0,0.0
2023-10-01,10K,0.0,0.0
2026-04-01,10K,0.0,0.0
2023-08-01,10K,0.0,0.0
2026-05-01,10K,0.0,0.0
2025-03-01,10K,0.0,0.0
2023-05-01,10K,0.0,0.0
2022-08-01,10K,0.0,0.0
2026-03-01,10K,0.0,0.0
2021-06-01,10K,0.0,0.0
2025-08-01,10K,0.0,0.0
2024-08-01,10K,0.0,0.0
2025-12-01,10K,0.0,0.0
2024-05-01,10K,0.0,0.0
2023-09-01,10K,0.0,0.0
2023-04-01,10K,0.0,0.0
2023-11-01,10K,0.0,0.0
2023-02-01,10K,0.0,0.0
2025-06-01,10K,0.0,0.0
2021-08-01,10K,0.0,0.0
2022-12-01,10K,0.0,0.0
2022-01-01,10K,0.0,0.0
2022-10-01,10K,0.0,0.0
2026-01-01,10K,0.0,0.0
2024-12-01,10K,0.0,0.0
2023-07-01,10K,0.0,0.0
2024-07-01,10K,0.0,0.0
2025-04-01,10K,0.0,0.0
2025-11-01,10K,0.0,0.0
2022-11-01,10K,0.0,0.0
2025-02-01,10K,0.0,0.0
2024-04-01,10K,0.0,0.0
2024-03-01,10K,0.0,0.0
2022-04-01,10K,0.0,0.0
2022-05-01,10K,0.0,0.0
2025-10-01,10K,0.0,0.0
2023-06-01,10K,0.0,0.0
2023-12-01,10K,0.0,0.0
2025-01-01,10K,0.0,0.0
2024-01-01,10K,0.0,0.0
2024-11-01,10K,0.0,0.0
2025-07-01,10K,0.0,0.0
2021-07-01,10K,0.0,0.0
2021-09-01,10K,0.0,0.0
2025-05-01,10K,0.0,0.0
2023-03-01,10K,0.0,0.0
2026-02-01,10K,0.0,0.0
2024-06-01,10K,0.0,0.0
2022-07-01,10L,0.0,0.0
2023-11-01,10L,0.0,0.0
2024-02-01,10L,0.0,0.0
2021-07-01,10L,0.0,0.0
2024-11-01,10L,0.0,0.0
2025-05-01,10L,0.0,0.0
2025-10-01,10L,0.0,0.0
2025-02-01,10L,0.0,0.0
2023-09-01,10L,0.0,0.0
2024-06-01,10L,0.0,0.0
2023-07-01,10L,0.0,0.0
2022-02-01,10L,0.0,0.0
2023-12-01,10L,0.0,0.0
2024-12-01,10L,0.0,0.0
2022-06-01,10L,0.0,0.0
2026-05-01,10L,0.0,0.0
2022-12-01,10L,0.0,0.0
2021-09-01,10L,0.0,0.0
2025-09-01,10L,0.0,0.0
2021-10-01,10L,0.0,0.0
2024-05-01,10L,0.0,0.0
2023-02-01,10L,0.0,0.0
2024-08-01,10L,0.0,0.0
2025-01-01,10L,0.0,0.0
2024-07-01,10L,0.0,0.0
2025-11-01,10L,0.0,0.0
2023-08-01,10L,0.0,0.0
2026-04-01,10L,0.0,0.0
2025-08-01,10L,0.0,0.0
2022-08-01,10L,0.0,0.0
2022-03-01,10L,0.0,0.0
2022-05-01,10L,0.0,0.0
2023-04-01,10L,0.0,0.0
2022-11-01,10L,0.0,0.0
2025-06-01,10L,0.0,0.0
2023-06-01,10L,0.0,0.0
2022-10-01,10L,0.0,0.0
2024-01-01,10L,0.0,0.0
2022-01-01,10L,0.0,0.0
2022-09-01,10L,0.0,0.0
2021-11-01,10L,0.0,0.0
2025-04-01,10L,0.0,0.0
2025-03-01,10L,0.0,0.0
2021-06-01,10L,0.0,0.0
2024-04-01,10L,0.0,0.0
2024-09-01,10L,0.0,0.0
2022-04-01,10L,0.0,0.0
2023-10-01,10L,0.0,0.0
2026-03-01,10L,0.0,0.0
2021-12-01,10L,0.0,0.0
2025-07-01,10L,0.0,0.0
2026-06-01,10L,0.0,0.0
2023-01-01,10L,0.0,0.0
2021-08-01,10L,0.0,0.0
2023-03-01,10L,0.0,0.0
2026-01-01,10L,0.0,0.0
2024-03-01,10L,0.0,0.0
2026-02-01,10L,0.0,0.0
2025-12-01,10L,0.0,0.0
2023-05-01,10L,0.0,0.0
2024-10-01,10L,0.0,0.0
2022-10-01,10M,0.0,0.0
2022-01-01,10M,0.0,0.0
2025-08-01,10M,0.0,0.0
2022-03-01,10M,0.0,0.0
2026-01-01,10M,0.0,0.0
2024-04-01,10M,0.0,0.0
2024-07-01,10M,0.0,0.0
2024-01-01,10M,0.0,0.0
2024-06-01,10M,0.0,0.0
2026-03-01,10M,0.0,0.0
2023-01-01,10M,0.0,0.0
2021-10-01,10M,0.0,0.0
2026-05-01,10M,0.0,0.0
2026-04-01,10M,0.0,0.0
2022-06-01,10M,0.0,0.0
2023-10-01,10M,0.0,0.0
2023-12-01,10M,0.0,0.0
2023-09-01,10M,0.0,0.0
2024-09-01,10M,0.0,0.0
2024-05-01,10M,0.0,0.0
2023-11-01,10M,0.0,0.0
2021-07-01,10M,0.0,0.0
2021-06-01,10M,0.0,0.0
2024-11-01,10M,0.0,0.0
2022-02-01,10M,0.0,0.0
2022-09-01,10M,0.0,0.0
2023-04-01,10M,0.0,0.0
2022-11-01,10M,0.0,0.0
2025-03-01,10M,0.0,0.0
2025-04-01,10M,0.0,0.0
2022-08-01,10M,0.0,0.0
2024-02-01,10M,0.0,0.0
2023-07-01,10M,0.0,0.0
2024-12-01,10M,0.0,0.0
2024-08-01,10M,0.0,0.0
2025-05-01,10M,0.0,0.0
2021-09-01,10M,0.0,0.0
2024-10-01,10M,0.0,0.0
2025-09-01,10M,0.0,0.0
2025-01-01,10M,0.0,0.0
2022-12-01,10M,0.0,0.0
2021-08-01,10M,0.0,0.0
2025-07-01,10M,0.0,0.0
2025-11-01,10M,0.0,0.0
2023-03-01,10M,0.0,0.0
2021-12-01,10M,0.0,0.0
2021-11-01,10M,0.0,0.0
2023-02-01,10M,0.0,0.0
2025-06-01,10M,0.0,0.0
2022-07-01,10M,0.0,0.0
2022-04-01,10M,0.0,0.0
2023-05-01,10M,0.0,0.0
2022-05-01,10M,0.0,0.0
2025-02-01,10M,0.0,0.0
2025-12-01,10M,0.0,0.0
2023-06-01,10M,0.0,0.0
2023-08-01,10M,0.0,0.0
2025-10-01,10M,0.0,0.0
2024-03-01,10M,0.0,0.0
2026-02-01,10M,0.0,0.0
2026-06-01,10M,0.0,0.0
2022-12-01,10V,0.0,0.0
2024-10-01,10V,0.0,0.0
2026-02-01,10V,0.0,0.0
2025-07-01,10V,0.0,0.0
2026-05-01,10V,0.0,0.0
2022-10-01,10V,0.0,0.0
2025-11-01,10V,0.0,0.0
2023-12-01,10V,0.0,0.0
2023-08-01,10V,0.0,0.0
2025-02-01,10V,0.0,0.0
2023-06-01,10V,0.0,0.0
2024-11-01,10V,0.0,0.0
2021-06-01,10V,0.0,0.0
2023-02-01,10V,0.0,0.0
2021-12-01,10V,0.0,0.0
2022-08-01,10V,0.0,0.0
2024-03-01,10V,0.0,0.0
2023-01-01,10V,0.0,0.0
2022-01-01,10V,0.0,0.0
2022-04-01,10V,0.0,0.0
2022-05-01,10V,0.0,0.0
2025-12-01,10V,0.0,0.0
2022-03-01,10V,0.0,0.0
2026-06-01,10V,0.0,0.0
2024-08-01,10V,0.0,0.0
2025-01-01,10V,0.0,0.0
2023-03-01,10V,0.0,0.0
2021-10-01,10V,0.0,0.0
2023-07-01,10V,0.0,0.0
2021-09-01,10V,0.0,0.0
2025-05-01,10V,0.0,0.0
2022-11-01,10V,0.0,0.0
2024-09-01,10V,0.0,0.0
2026-03-01,10V,0.0,0.0
2023-09-01,10V,0.0,0.0
2022-02-01,10V,0.0,0.0
2025-08-01,10V,0.0,0.0
2024-04-01,10V,0.0,0.0
2023-04-01,10V,0.0,0.0
2026-04-01,10V,0.0,0.0
2023-11-01,10V,0.0,0.0
2025-04-01,10V,0.0,0.0
2021-07-01,10V,0.0,0.0
2025-10-01,10V,0.0,0.0
2024-07-01,10V,0.0,0.0
2024-01-01,10V,0.0,0.0
2026-01-01,10V,0.0,0.0
2022-09-01,10V,0.0,0.0
2021-08-01,10V,0.0,0.0
2024-05-01,10V,0.0,0.0
2021-11-01,10V,0.0,0.0
2025-09-01,10V,0.0,0.0
2025-03-01,10V,0.0,0.0
2025-06-01,10V,0.0,0.0
2023-10-01,10V,0.0,0.0
2024-06-01,10V,0.0,0.0
2023-05-01,10V,0.0,0.0
2024-12-01,10V,0.0,0.0
2024-02-01,10V,0.0,0.0
2022-07-01,10V,0.0,0.0
2022-06-01,10V,0.0,0.0
2026-05-01,10W,0.0,0.0
2024-06-01,10W,0.0,0.0
2021-06-01,10W,0.0,0.0
2026-02-01,10W,0.0,0.0
2021-10-01,10W,0.0,0.0
2023-03-01,10W,0.0,0.0
2024-08-01,10W,0.0,0.0
2022-01-01,10W,0.0,0.0
2022-08-01,10W,0.0,0.0
2023-04-01,10W,0.0,0.0
2025-04-01,10W,0.0,0.0
2026-01-01,10W,0.0,0.0
2025-11-01,10W,0.0,0.0
2025-10-01,10W,0.0,0.0
2023-11-01,10W,0.0,0.0
2022-02-01,10W,0.0,0.0
2024-05-01,10W,0.0,0.0
2025-08-01,10W,0.0,0.0
2026-04-01,10W,0.0,0.0
2025-02-01,10W,0.0,0.0
2023-06-01,10W,0.0,0.0
2025-12-01,10W,0.0,0.0
2025-05-01,10W,0.0,0.0
2021-11-01,10W,0.0,0.0
2025-03-01,10W,0.0,0.0
2026-03-01,10W,0.0,0.0
2023-10-01,10W,0.0,0.0
2024-07-01,10W,0.0,0.0
2024-03-01,10W,0.0,0.0
2025-01-01,10W,0.0,0.0
2023-01-01,10W,0.0,0.0
2023-02-01,10W,0.0,0.0
2024-10-01,10W,0.0,0.0
2022-07-01,10W,0.0,0.0
2024-12-01,10W,0.0,0.0
2024-04-01,10W,0.0,0.0
2022-12-01,10W,0.0,0.0
2022-06-01,10W,0.0,0.0
2022-05-01,10W,0.0,0.0
2021-12-01,10W,0.0,0.0
2023-09-01,10W,0.0,0.0
2023-12-01,10W,0.0,0.0
2022-09-01,10W,0.0,0.0
2025-06-01,10W,0.0,0.0
2023-05-01,10W,0.0,0.0
2022-11-01,10W,0.0,0.0
2021-08-01,10W,0.0,0.0
2023-08-01,10W,0.0,0.0
2021-09-01,10W,0.0,0.0
2022-10-01,10W,0.0,0.0
2024-09-01,10W,0.0,0.0
2024-11-01,10W,0.0,0.0
2022-04-01,10W,0.0,0.0
2022-03-01,10W,0.0,0.0
2021-07-01,10W,0.0,0.0
2023-07-01,10W,0.0,0.0
2025-09-01,10W,0.0,0.0
2025-07-01,10W,0.0,0.0
2024-01-01,10W,0.0,0.0
2024-02-01,10W,0.0,0.0
2026-06-01,10W,0.0,0.0
2023-06-01,10X,0.0,0.0
2026-05-01,10X,0.0,0.0
2023-01-01,10X,0.0,0.0
2022-03-01,10X,0.0,0.0
2025-11-01,10X,0.0,0.0
2021-08-01,10X,0.0,0.0
2021-10-01,10X,0.0,0.0
2024-03-01,10X,0.0,0.0
2023-03-01,10X,0.0,0.0
2023-09-01,10X,0.0,0.0
2025-05-01,10X,0.0,0.0
2024-07-01,10X,0.0,0.0
2022-04-01,10X,0.0,0.0
2021-09-01,10X,0.0,0.0
2025-08-01,10X,0.0,0.0
2022-01-01,10X,0.0,0.0
2025-10-01,10X,0.0,0.0
2022-09-01,10X,0.0,0.0
2024-02-01,10X,0.0,0.0
2025-02-01,10X,0.0,0.0
2025-03-01,10X,0.0,0.0
2025-12-01,10X,0.0,0.0
2025-06-01,10X,0.0,0.0
2023-07-01,10X,0.0,0.0
2026-02-01,10X,0.0,0.0
2023-08-01,10X,0.0,0.0
2026-01-01,10X,0.0,0.0
2026-06-01,10X,0.0,0.0
2024-11-01,10X,0.0,0.0
2024-05-01,10X,0.0,0.0
2023-05-01,10X,0.0,0.0
2024-06-01,10X,0.0,0.0
2022-10-01,10X,0.0,0.0
2026-04-01,10X,0.0,0.0
2021-06-01,10X,0.0,0.0
2025-09-01,10X,0.0,0.0
2024-12-01,10X,0.0,0.0
2022-12-01,10X,0.0,0.0
2024-01-01,10X,0.0,0.0
2021-12-01,10X,0.0,0.0
2022-06-01,10X,0.0,0.0
2022-05-01,10X,0.0,0.0
2023-04-01,10X,0.0,0.0
2026-03-01,10X,0.0,0.0
2025-07-01,10X,0.0,0.0
2024-04-01,10X,0.0,0.0
2022-02-01,10X,0.0,0.0
2024-09-01,10X,0.0,0.0
2025-01-01,10X,0.0,0.0
2024-08-01,10X,0.0,0.0
2025-04-01,10X,0.0,0.0
2022-08-01,10X,0.0,0.0
2023-02-01,10X,0.0,0.0
2022-07-01,10X,0.0,0.0
2023-10-01,10X,0.0,0.0
2024-10-01,10X,0.0,0.0
2022-11-01,10X,0.0,0.0
2023-11-01,10X,0.0,0.0
2021-07-01,10X,0.0,0.0
2023-12-01,10X,0.0,0.0
2021-11-01,10X,0.0,0.0
2026-06-01,11A,0.0,0.0
2021-12-01,11A,0.0,0.0
2024-05-01,11A,0.0,0.0
2023-03-01,11A,0.0,0.0
2024-12-01,11A,0.0,0.0
2022-11-01,11A,0.0,0.0
2023-07-01,11A,0.0,0.0
2022-12-01,11A,0.0,0.0
2024-03-01,11A,0.0,0.0
2025-09-01,11A,0.0,0.0
2025-01-01,11A,0.0,0.0
2024-07-01,11A,0.0,0.0
2023-09-01,11A,0.0,0.0
2024-06-01,11A,0.0,0.0
2025-08-01,11A,0.0,0.0
2024-08-01,11A,0.0,0.0
2026-05-01,11A,0.0,0.0
2021-11-01,11A,0.0,0.0
2023-11-01,11A,0.0,0.0
2024-11-01,11A,0.0,0.0
2022-06-01,11A,0.0,0.0
2022-03-01,11A,0.0,0.0
2022-01-01,11A,0.0,0.0
2022-05-01,11A,0.0,0.0
2025-03-01,11A,0.0,0.0
2023-02-01,11A,0.0,0.0
2024-04-01,11A,0.0,0.0
2022-04-01,11A,0.0,0.0
2021-08-01,11A,0.0,0.0
2026-02-01,11A,0.0,0.0
2026-01-01,11A,0.0,0.0
2024-09-01,11A,0.0,0.0
2021-09-01,11A,0.0,0.0
2023-12-01,11A,0.0,0.0
2022-08-01,11A,0.0,0.0
2024-10-01,11A,0.0,0.0
2021-07-01,11A,0.0,0.0
2025-11-01,11A,0.0,0.0
2025-04-01,11A,0.0,0.0
2021-06-01,11A,0.0,0.0
2023-06-01,11A,0.0,0.0
2023-10-01,11A,0.0,0.0
2025-02-01,11A,0.0,0.0
2025-10-01,11A,0.0,0.0
2023-04-01,11A,0.0,0.0
2023-08-01,11A,0.0,0.0
2022-10-01,11A,0.0,0.0
2026-04-01,11A,0.0,0.0
2025-05-01,11A,0.0,0.0
2022-09-01,11A,0.0,0.0
2022-07-01,11A,0.0,0.0
2025-07-01,11A,0.0,0.0
2023-01-01,11A,0.0,0.0
2021-10-01,11A,0.0,0.0
2024-02-01,11A,0.0,0.0
2026-03-01,11A,0.0,0.0
2023-05-01,11A,0.0,0.0
2022-02-01,11A,0.0,0.0
2024-01-01,11A,0.0,0.0
2025-12-01,11A,0.0,0.0
2025-06-01,11A,0.0,0.0
2025-10-01,11E,0.0,0.0
2025-11-01,11E,0.0,0.0
2025-04-01,11E,0.0,0.0
2023-11-01,11E,0.0,0.0
2025-01-01,11E,0.0,0.0
2025-08-01,11E,0.0,0.0
2023-09-01,11E,0.0,0.0
2026-01-01,11E,0.0,0.0
2025-12-01,11E,0.0,0.0
2024-06-01,11E,0.0,0.0
2024-05-01,11E,0.0,0.0
2026-04-01,11E,0.0,0.0
2023-02-01,11E,0.0,0.0
2022-05-01,11E,0.0,0.0
2021-12-01,11E,0.0,0.0
2024-10-01,11E,0.0,0.0
2025-09-01,11E,0.0,0.0
2023-03-01,11E,0.0,0.0
2021-07-01,11E,0.0,0.0
2022-01-01,11E,0.0,0.0
2025-06-01,11E,0.0,0.0
2024-08-01,11E,0.0,0.0
2023-05-01,11E,0.0,0.0
2023-04-01,11E,0.0,0.0
2025-05-01,11E,0.0,0.0
2021-06-01,11E,0.0,0.0
2025-07-01,11E,0.0,0.0
2024-03-01,11E,0.0,0.0
2021-11-01,11E,0.0,0.0
2024-01-01,11E,0.0,0.0
2025-02-01,11E,0.0,0.0
2021-08-01,11E,0.0,0.0
2022-07-01,11E,0.0,0.0
2023-10-01,11E,0.0,0.0
2022-10-01,11E,0.0,0.0
2021-09-01,11E,0.0,0.0
2023-12-01,11E,0.0,0.0
2024-12-01,11E,0.0,0.0
2022-02-01,11E,0.0,0.0
2024-02-01,11E,0.0,0.0
2026-05-01,11E,0.0,0.0
2023-08-01,11E,0.0,0.0
2024-04-01,11E,0.0,0.0
2023-07-01,11E,0.0,0.0
2026-03-01,11E,0.0,0.0
2024-09-01,11E,0.0,0.0
2022-11-01,11E,0.0,0.0
2024-07-01,11E,0.0,0.0
2026-02-01,11E,0.0,0.0
2022-06-01,11E,0.0,0.0
2024-11-01,11E,0.0,0.0
2023-06-01,11E,0.0,0.0
2022-12-01,11E,0.0,0.0
2022-04-01,11E,0.0,0.0
2022-08-01,11E,0.0,0.0
2022-09-01,11E,0.0,0.0
2025-03-01,11E,0.0,0.0
2023-01-01,11E,0.0,0.0
2026-06-01,11E,0.0,0.0
2022-03-01,11E,0.0,0.0
2021-10-01,11E,0.0,0.0
2026-03-01,11H,0.0,0.0
2021-10-01,11H,0.0,0.0
2026-01-01,11H,0.0,0.0
2024-02-01,11H,0.0,0.0
2021-11-01,11H,0.0,0.0
2025-12-01,11H,0.0,0.0
2025-02-01,11H,0.0,0.0
2023-01-01,11H,0.0,0.0
2023-05-01,11H,0.0,0.0
2026-02-01,11H,0.0,0.0
2023-07-01,11H,0.0,0.0
2025-03-01,11H,0.0,0.0
2021-07-01,11H,0.0,0.0
2022-08-01,11H,0.0,0.0
2021-09-01,11H,0.0,0.0
2022-05-01,11H,0.0,0.0
2024-11-01,11H,0.0,0.0
2026-05-01,11H,0.0,0.0
2024-07-01,11H,0.0,0.0
2025-01-01,11H,0.0,0.0
2023-11-01,11H,0.0,0.0
2022-09-01,11H,0.0,0.0
2023-09-01,11H,0.0,0.0
2025-07-01,11H,0.0,0.0
2022-06-01,11H,0.0,0.0
2022-03-01,11H,0.0,0.0
2021-12-01,11H,0.0,0.0
2025-08-01,11H,0.0,0.0
2022-11-01,11H,0.0,0.0
2023-03-01,11H,0.0,0.0
2024-03-01,11H,0.0,0.0
2022-10-01,11H,0.0,0.0
2022-02-01,11H,0.0,0.0
2025-04-01,11H,0.0,0.0
2025-11-01,11H,0.0,0.0
2026-04-01,11H,0.0,0.0
2025-06-01,11H,0.0,0.0
2022-01-01,11H,0.0,0.0
2024-09-01,11H,0.0,0.0
2022-07-01,11H,0.0,0.0
2023-10-01,11H,0.0,0.0
2024-06-01,11H,0.0,0.0
2023-06-01,11H,0.0,0.0
2024-01-01,11H,0.0,0.0
2024-12-01,11H,0.0,0.0
2026-06-01,11H,0.0,0.0
2022-12-01,11H,0.0,0.0
2023-04-01,11H,0.0,0.0
2025-09-01,11H,0.0,0.0
2021-08-01,11H,0.0,0.0
2024-08-01,11H,0.0,0.0
2023-08-01,11H,0.0,0.0
2025-05-01,11H,0.0,0.0
2024-05-01,11H,0.0,0.0
2021-06-01,11H,0.0,0.0
2022-04-01,11H,0.0,0.0
2023-02-01,11H,0.0,0.0
2024-10-01,11H,0.0,0.0
2023-12-01,11H,0.0,0.0
2025-10-01,11H,0.0,0.0
2024-04-01,11H,0.0,0.0
2025-12-01,11T,0.0,0.0
2025-01-01,11T,0.0,0.0
2021-12-01,11T,0.0,0.0
2024-08-01,11T,0.0,0.0
2024-10-01,11T,0.0,0.0
2023-03-01,11T,0.0,0.0
2023-10-01,11T,0.0,0.0
2025-04-01,11T,0.0,0.0
2021-09-01,11T,0.0,0.0
2023-02-01,11T,0.0,0.0
2023-01-01,11T,0.0,0.0
2022-03-01,11T,0.0,0.0
2026-05-01,11T,0.0,0.0
2026-03-01,11T,0.0,0.0
2025-10-01,11T,0.0,0.0
2024-04-01,11T,0.0,0.0
2024-09-01,11T,0.0,0.0
2021-10-01,11T,0.0,0.0
2024-06-01,11T,0.0,0.0
2021-08-01,11T,0.0,0.0
2022-08-01,11T,0.0,0.0
2022-02-01,11T,0.0,0.0
2022-06-01,11T,0.0,0.0
2023-06-01,11T,0.0,0.0
2022-05-01,11T,0.0,0.0
2021-06-01,11T,0.0,0.0
2024-05-01,11T,0.0,0.0
2025-09-01,11T,0.0,0.0
2026-01-01,11T,0.0,0.0
2021-07-01,11T,0.0,0.0
2026-04-01,11T,0.0,0.0
2022-09-01,11T,0.0,0.0
2026-02-01,11T,0.0,0.0
2023-09-01,11T,0.0,0.0
2025-08-01,11T,0.0,0.0
2025-11-01,11T,0.0,0.0
2022-07-01,11T,0.0,0.0
2023-12-01,11T,0.0,0.0
2022-11-01,11T,0.0,0.0
2025-06-01,11T,0.0,0.0
2024-12-01,11T,0.0,0.0
2025-05-01,11T,0.0,0.0
2025-03-01,11T,0.0,0.0
2025-02-01,11T,0.0,0.0
2022-12-01,11T,0.0,0.0
2022-10-01,11T,0.0,0.0
2023-08-01,11T,0.0,0.0
2026-06-01,11T,0.0,0.0
2022-01-01,11T,0.0,0.0
2021-11-01,11T,0.0,0.0
2022-04-01,11T,0.0,0.0
2025-07-01,11T,0.0,0.0
2024-07-01,11T,0.0,0.0
2024-01-01,11T,0.0,0.0
2023-05-01,11T,0.0,0.0
2023-11-01,11T,0.0,0.0
2023-07-01,11T,0.0,0.0
2024-11-01,11T,0.0,0.0
2023-04-01,11T,0.0,0.0
2024-03-01,11T,0.0,0.0
2024-02-01,11T,0.0,0.0
2026-03-01,12D,0.0,0.0
2025-04-01,12D,0.0,0.0
2025-07-01,12D,0.0,0.0
2026-04-01,12D,0.0,0.0
2024-07-01,12D,0.0,0.0
2023-03-01,12D,0.0,0.0
2025-05-01,12D,0.0,0.0
2025-11-01,12D,0.0,0.0
2025-08-01,12D,0.0,0.0
2025-09-01,12D,0.0,0.0
2026-02-01,12D,0.0,0.0
2021-12-01,12D,0.0,0.0
2023-01-01,12D,0.0,0.0
2021-06-01,12D,0.0,0.0
2024-03-01,12D,0.0,0.0
2023-05-01,12D,0.0,0.0
2022-05-01,12D,0.0,0.0
2021-10-01,12D,0.0,0.0
2021-11-01,12D,0.0,0.0
2025-03-01,12D,0.0,0.0
2024-10-01,12D,0.0,0.0
2024-08-01,12D,0.0,0.0
2022-11-01,12D,0.0,0.0
2026-06-01,12D,0.0,0.0
2023-10-01,12D,0.0,0.0
2025-10-01,12D,0.0,0.0
2022-06-01,12D,0.0,0.0
2023-02-01,12D,0.0,0.0
2026-01-01,12D,0.0,0.0
2022-04-01,12D,0.0,0.0
2023-06-01,12D,0.0,0.0
2024-05-01,12D,0.0,0.0
2023-12-01,12D,0.0,0.0
2024-12-01,12D,0.0,0.0
2022-08-01,12D,0.0,0.0
2024-04-01,12D,0.0,0.0
2023-04-01,12D,0.0,0.0
2023-11-01,12D,0.0,0.0
2026-05-01,12D,0.0,0.0
2021-07-01,12D,0.0,0.0
2024-06-01,12D,0.0,0.0
2025-01-01,12D,0.0,0.0
2024-09-01,12D,0.0,0.0
2023-09-01,12D,0.0,0.0
2022-09-01,12D,0.0,0.0
2024-02-01,12D,0.0,0.0
2022-07-01,12D,0.0,0.0
2021-08-01,12D,0.0,0.0
2024-11-01,12D,0.0,0.0
2023-08-01,12D,0.0,0.0
2023-07-01,12D,0.0,0.0
2022-12-01,12D,0.0,0.0
2025-02-01,12D,0.0,0.0
2025-12-01,12D,0.0,0.0
2022-01-01,12D,0.0,0.0
2022-10-01,12D,0.0,0.0
2024-01-01,12D,0.0,0.0
2025-06-01,12D,0.0,0.0
2022-03-01,12D,0.0,0.0
2022-02-01,12D,0.0,0.0
2021-09-01,12D,0.0,0.0
2024-06-01,13P,0.0,0.0
2025-11-01,13P,0.0,0.0
2024-08-01,13P,0.0,0.0
2026-04-01,13P,0.0,0.0
2022-03-01,13P,0.0,0.0
2024-09-01,13P,0.0,0.0
2023-12-01,13P,0.0,0.0
2021-07-01,13P,0.0,0.0
2022-12-01,13P,0.0,0.0
2025-02-01,13P,0.0,0.0
2022-07-01,13P,0.0,0.0
2023-11-01,13P,0.0,0.0
2024-12-01,13P,0.0,0.0
2021-09-01,13P,0.0,0.0
2024-07-01,13P,0.0,0.0
2021-08-01,13P,0.0,0.0
2025-05-01,13P,0.0,0.0
2025-01-01,13P,0.0,0.0
2023-08-01,13P,0.0,0.0
2025-03-01,13P,0.0,0.0
2025-09-01,13P,0.0,0.0
2026-02-01,13P,0.0,0.0
2023-03-01,13P,0.0,0.0
2022-01-01,13P,0.0,0.0
2022-09-01,13P,0.0,0.0
2022-06-01,13P,0.0,0.0
2022-08-01,13P,0.0,0.0
2026-01-01,13P,0.0,0.0
2025-07-01,13P,0.0,0.0
2021-10-01,13P,0.0,0.0
2025-04-01,13P,0.0,0.0
2023-01-01,13P,0.0,0.0
2026-06-01,13P,0.0,0.0
2024-01-01,13P,0.0,0.0
2023-05-01,13P,0.0,0.0
2022-10-01,13P,0.0,0.0
2024-03-01,13P,0.0,0.0
2021-06-01,13P,0.0,0.0
2025-10-01,13P,0.0,0.0
2026-03-01,13P,0.0,0.0
2022-05-01,13P,0.0,0.0
2022-04-01,13P,0.0,0.0
2023-07-01,13P,0.0,0.0
2021-11-01,13P,0.0,0.0
2023-10-01,13P,0.0,0.0
2025-12-01,13P,0.0,0.0
2024-05-01,13P,0.0,0.0
2025-08-01,13P,0.0,0.0
2023-04-01,13P,0.0,0.0
2022-02-01,13P,0.0,0.0
2024-10-01,13P,0.0,0.0
2023-09-01,13P,0.0,0.0
2024-02-01,13P,0.0,0.0
2024-11-01,13P,0.0,0.0
2021-12-01,13P,0.0,0.0
2026-05-01,13P,0.0,0.0
2022-11-01,13P,0.0,0.0
2024-04-01,13P,0.0,0.0
2025-06-01,13P,0.0,0.0
2023-06-01,13P,0.0,0.0
2023-02-01,13P,0.0,0.0
2023-11-01,15D,0.0,0.0
2024-06-01,15D,0.0,0.0
2024-05-01,15D,0.0,0.0
2022-11-01,15D,0.0,0.0
2024-12-01,15D,0.0,0.0
2023-01-01,15D,0.0,0.0
2023-10-01,15D,0.0,0.0
2023-04-01,15D,0.0,0.0
2026-05-01,15D,0.0,0.0
2023-07-01,15D,0.0,0.0
2025-02-01,15D,0.0,0.0
2022-09-01,15D,0.0,0.0
2024-11-01,15D,0.0,0.0
2026-02-01,15D,0.0,0.0
2025-08-01,15D,0.0,0.0
2023-12-01,15D,0.0,0.0
2025-12-01,15D,0.0,0.0
2025-06-01,15D,0.0,0.0
2024-08-01,15D,0.0,0.0
2021-12-01,15D,0.0,0.0
2025-07-01,15D,0.0,0.0
2024-03-01,15D,0.0,0.0
2022-06-01,15D,0.0,0.0
2022-07-01,15D,0.0,0.0
2021-07-01,15D,0.0,0.0
2023-08-01,15D,0.0,0.0
2025-10-01,15D,0.0,0.0
2026-06-01,15D,0.0,0.0
2025-01-01,15D,0.0,0.0
2022-01-01,15D,0.0,0.0
2023-06-01,15D,0.0,0.0
2022-04-01,15D,0.0,0.0
2025-09-01,15D,0.0,0.0
2023-05-01,15D,0.0,0.0
2022-02-01,15D,0.0,0.0
2025-11-01,15D,0.0,0.0
2022-03-01,15D,0.0,0.0
2024-01-01,15D,0.0,0.0
2021-08-01,15D,0.0,0.0
2021-09-01,15D,0.0,0.0
2023-03-01,15D,0.0,0.0
2025-03-01,15D,0.0,0.0
2022-12-01,15D,0.0,0.0
2021-10-01,15D,0.0,0.0
2025-05-01,15D,0.0,0.0
2026-03-01,15D,0.0,0.0
2024-10-01,15D,0.0,0.0
2023-09-01,15D,0.0,0.0
2024-02-01,15D,0.0,0.0
2026-04-01,15D,0.0,0.0
2025-04-01,15D,0.0,0.0
2022-08-01,15D,0.0,0.0
2024-04-01,15D,0.0,0.0
2024-07-01,15D,0.0,0.0
2021-11-01,15D,0.0,0.0
2022-10-01,15D,0.0,0.0
2024-09-01,15D,0.0,0.0
2023-02-01,15D,0.0,0.0
2026-01-01,15D,0.0,0.0
2022-05-01,15D,0.0,0.0
2021-06-01,15D,0.0,0.0
2024-06-01,99D,0.0,0.0
2025-10-01,99D,0.0,0.0
2021-11-01,99D,0.0,0.0
2023-07-01,99D,0.0,0.0
2025-12-01,99D,0.0,0.0
2025-09-01,99D,0.0,0.0
2025-05-01,99D,0.0,0.0
2025-11-01,99D,0.0,0.0
2026-01-01,99D,0.0,0.0
2024-11-01,99D,0.0,0.0
2024-02-01,99D,0.0,0.0
2026-03-01,99D,0.0,0.0
2026-02-01,99D,0.0,0.0
2021-07-01,99D,0.0,0.0
2024-09-01,99D,0.0,0.0
2023-09-01,99D,0.0,0.0
2023-08-01,99D,0.0,0.0
2022-12-01,99D,0.0,0.0
2021-09-01,99D,0.0,0.0
2023-03-01,99D,0.0,0.0
2023-04-01,99D,0.0,0.0
2022-06-01,99D,0.0,0.0
2021-12-01,99D,0.0,0.0
2024-12-01,99D,0.0,0.0
2025-02-01,99D,0.0,0.0
2022-07-01,99D,0.0,0.0
2025-07-01,99D,0.0,0.0
2022-05-01,99D,0.0,0.0
2023-05-01,99D,0.0,0.0
2021-10-01,99D,0.0,0.0
2025-03-01,99D,0.0,0.0
2026-04-01,99D,0.0,0.0
2024-10-01,99D,0.0,0.0
2024-04-01,99D,0.0,0.0
2023-06-01,99D,0.0,0.0
2023-02-01,99D,0.0,0.0
2024-01-01,99D,0.0,0.0
2022-09-01,99D,0.0,0.0
2021-06-01,99D,0.0,0.0
2023-12-01,99D,0.0,0.0
2022-02-01,99D,0.0,0.0
2023-11-01,99D,0.0,0.0
2022-04-01,99D,0.0,0.0
2025-06-01,99D,0.0,0.0
2025-04-01,99D,0.0,0.0
2024-08-01,99D,0.0,0.0
2026-06-01,99D,0.0,0.0
2022-11-01,99D,0.0,0.0
2024-03-01,99D,0.0,0.0
2024-07-01,99D,0.0,0.0
2022-10-01,99D,0.0,0.0
2024-05-01,99D,0.0,0.0
2026-05-01,99D,0.0,0.0
2023-10-01,99D,0.0,0.0
2022-01-01,99D,0.0,0.0
2025-08-01,99D,0.0,0.0
2022-08-01,99D,0.0,0.0
2023-01-01,99D,0.0,0.0
2022-03-01,99D,0.0,0.0
2025-01-01,99D,0.0,0.0
2021-08-01,99D,0.0,0.0
2023-06-01,99H,0.0,0.0
2024-09-01,99H,0.0,0.0
2024-05-01,99H,0.0,0.0
2026-06-01,99H,0.0,0.0
2023-12-01,99H,0.0,0.0
2022-08-01,99H,0.0,0.0
2023-04-01,99H,0.0,0.0
2025-11-01,99H,0.0,0.0
2026-05-01,99H,0.0,0.0
2024-07-01,99H,0.0,0.0
2022-05-01,99H,0.0,0.0
2025-08-01,99H,0.0,0.0
2025-06-01,99H,0.0,0.0
2022-12-01,99H,0.0,0.0
2022-07-01,99H,0.0,0.0
2021-12-01,99H,0.0,0.0
2025-01-01,99H,0.0,0.0
2021-10-01,99H,0.0,0.0
2024-10-01,99H,0.0,0.0
2025-12-01,99H,0.0,0.0
2022-03-01,99H,0.0,0.0
2021-09-01,99H,0.0,0.0
2021-11-01,99H,0.0,0.0
2022-06-01,99H,0.0,0.0
2023-09-01,99H,0.0,0.0
2023-07-01,99H,0.0,0.0
2024-03-01,99H,0.0,0.0
2025-05-01,99H,0.0,0.0
2024-08-01,99H,0.0,0.0
2025-10-01,99H,0.0,0.0
2023-01-01,99H,0.0,0.0
2022-01-01,99H,0.0,0.0
2022-11-01,99H,0.0,0.0
2024-02-01,99H,0.0,0.0
2021-06-01,99H,0.0,0.0
2022-09-01,99H,0.0,0.0
2023-10-01,99H,0.0,0.0
2021-07-01,99H,0.0,0.0
2026-01-01,99H,0.0,0.0
2023-05-01,99H,0.0,0.0
2022-02-01,99H,0.0,0.0
2023-03-01,99H,0.0,0.0
2022-04-01,99H,0.0,0.0
2023-02-01,99H,0.0,0.0
2025-04-01,99H,0.0,0.0
2024-04-01,99H,0.0,0.0
2024-01-01,99H,0.0,0.0
2026-04-01,99H,0.0,0.0
2026-03-01,99H,0.0,0.0
2025-03-01,99H,0.0,0.0
2022-10-01,99H,0.0,0.0
2023-08-01,99H,0.0,0.0
2023-11-01,99H,0.0,0.0
2025-02-01,99H,0.0,0.0
2025-07-01,99H,0.0,0.0
2026-02-01,99H,0.0,0.0
2024-06-01,99H,0.0,0.0
2024-11-01,99H,0.0,0.0
2021-08-01,99H,0.0,0.0
2024-12-01,99H,0.0,0.0
2025-09-01,99H,0.0,0.0
2024-04-01,99J,0.0,0.0
2026-06-01,99J,0.0,0.0
2022-05-01,99J,0.0,0.0
2022-01-01,99J,0.0,0.0
2024-01-01,99J,0.0,0.0
2024-12-01,99J,0.0,0.0
2024-06-01,99J,0.0,0.0
2024-03-01,99J,0.0,0.0
2024-10-01,99J,0.0,0.0
2025-12-01,99J,0.0,0.0
2022-09-01,99J,0.0,0.0
2024-02-01,99J,0.0,0.0
2022-06-01,99J,0.0,0.0
2025-07-01,99J,0.0,0.0
2022-07-01,99J,0.0,0.0
2025-11-01,99J,0.0,0.0
2025-09-01,99J,0.0,0.0
2024-05-01,99J,0.0,0.0
2021-12-01,99J,0.0,0.0
2023-11-01,99J,0.0,0.0
2021-09-01,99J,0.0,0.0
2023-08-01,99J,0.0,0.0
2025-03-01,99J,0.0,0.0
2021-08-01,99J,0.0,0.0
2022-02-01,99J,0.0,0.0
2023-10-01,99J,0.0,0.0
2023-02-01,99J,0.0,0.0
2021-07-01,99J,0.0,0.0
2022-10-01,99J,0.0,0.0
2024-11-01,99J,0.0,0.0
2026-03-01,99J,0.0,0.0
2026-04-01,99J,0.0,0.0
2025-05-01,99J,0.0,0.0
2024-07-01,99J,0.0,0.0
2021-06-01,99J,0.0,0.0
2023-06-01,99J,0.0,0.0
2024-09-01,99J,0.0,0.0
2021-10-01,99J,0.0,0.0
2022-03-01,99J,0.0,0.0
2023-07-01,99J,0.0,0.0
2023-12-01,99J,0.0,0.0
2022-12-01,99J,0.0,0.0
2021-11-01,99J,0.0,0.0
2023-04-01,99J,0.0,0.0
2025-02-01,99J,0.0,0.0
2022-04-01,99J,0.0,0.0
2026-05-01,99J,0.0,0.0
2025-04-01,99J,0.0,0.0
2023-05-01,99J,0.0,0.0
2022-11-01,99J,0.0,0.0
2025-08-01,99J,0.0,0.0
2025-06-01,99J,0.0,0.0
2023-09-01,99J,0.0,0.0
2025-10-01,99J,0.0,0.0
2023-03-01,99J,0.0,0.0
2022-08-01,99J,0.0,0.0
2026-02-01,99J,0.0,0.0
2024-08-01,99J,0.0,0.0
2023-01-01,99J,0.0,0.0
2026-01-01,99J,0.0,0.0
2025-01-01,99J,0.0,0.0
2022-02-01,99K,0.0,0.0
2022-08-01,99K,0.0,0.0
2025-01-01,99K,0.0,0.0
2023-05-01,99K,0.0,0.0
2023-12-01,99K,0.0,0.0
2025-02-01,99K,0.0,0.0
2025-08-01,99K,0.0,0.0
2022-01-01,99K,0.0,0.0
2022-09-01,99K,0.0,0.0
2024-06-01,99K,0.0,0.0
2021-09-01,99K,0.0,0.0
2025-03-01,99K,0.0,0.0
2023-08-01,99K,0.0,0.0
2021-10-01,99K,0.0,0.0
2023-04-01,99K,0.0,0.0
2024-07-01,99K,0.0,0.0
2024-09-01,99K,0.0,0.0
2023-06-01,99K,0.0,0.0
2021-12-01,99K,0.0,0.0
2021-07-01,99K,0.0,0.0
2022-10-01,99K,0.0,0.0
2023-02-01,99K,0.0,0.0
2023-10-01,99K,0.0,0.0
2024-08-01,99K,0.0,0.0
2022-07-01,99K,0.0,0.0
2022-06-01,99K,0.0,0.0
2022-04-01,99K,0.0,0.0
2024-12-01,99K,0.0,0.0
2024-05-01,99K,0.0,0.0
2025-05-01,99K,0.0,0.0
2023-01-01,99K,0.0,0.0
2025-11-01,99K,0.0,0.0
2022-12-01,99K,0.0,0.0
2022-05-01,99K,0.0,0.0
2023-09-01,99K,0.0,0.0
2025-10-01,99K,0.0,0.0
2024-01-01,99K,0.0,0.0
2026-05-01,99K,0.0,0.0
2022-03-01,99K,0.0,0.0
2024-10-01,99K,0.0,0.0
2025-09-01,99K,0.0,0.0
2025-04-01,99K,0.0,0.0
2021-08-01,99K,0.0,0.0
2024-02-01,99K,0.0,0.0
2024-04-01,99K,0.0,0.0
2024-03-01,99K,0.0,0.0
2021-11-01,99K,0.0,0.0
2026-03-01,99K,0.0,0.0
2026-02-01,99K,0.0,0.0
2025-06-01,99K,0.0,0.0
2021-06-01,99K,0.0,0.0
2023-07-01,99K,0.0,0.0
2022-11-01,99K,0.0,0.0
2026-04-01,99K,0.0,0.0
2026-01-01,99K,0.0,0.0
2023-11-01,99K,0.0,0.0
2025-07-01,99K,0.0,0.0
2025-12-01,99K,0.0,0.0
2023-03-01,99K,0.0,0.0
2026-06-01,99K,0.0,0.0
2024-11-01,99K,0.0,0.0
2022-08-01,99M,0.0,0.0
2025-12-01,99M,0.0,0.0
2023-03-01,99M,0.0,0.0
2025-01-01,99M,0.0,0.0
2025-06-01,99M,0.0,0.0
2022-11-01,99M,0.0,0.0
2024-09-01,99M,0.0,0.0
2022-01-01,99M,0.0,0.0
2024-04-01,99M,0.0,0.0
2024-08-01,99M,0.0,0.0
2026-06-01,99M,0.0,0.0
2024-01-01,99M,0.0,0.0
2021-09-01,99M,0.0,0.0
2022-02-01,99M,0.0,0.0
2025-09-01,99M,0.0,0.0
2021-12-01,99M,0.0,0.0
2022-03-01,99M,0.0,0.0
2022-09-01,99M,0.0,0.0
2024-06-01,99M,0.0,0.0
2023-01-01,99M,0.0,0.0
2025-08-01,99M,0.0,0.0
2024-03-01,99M,0.0,0.0
2021-06-01,99M,0.0,0.0
2023-09-01,99M,0.0,0.0
2023-12-01,99M,0.0,0.0
2022-07-01,99M,0.0,0.0
2021-11-01,99M,0.0,0.0
2025-03-01,99M,0.0,0.0
2023-11-01,99M,0.0,0.0
2023-04-01,99M,0.0,0.0
2023-06-01,99M,0.0,0.0
2023-05-01,99M,0.0,0.0
2025-04-01,99M,0.0,0.0
2023-02-01,99M,0.0,0.0
2022-12-01,99M,0.0,0.0
2024-12-01,99M,0.0,0.0
2025-07-01,99M,0.0,0.0
2026-05-01,99M,0.0,0.0
2026-01-01,99M,0.0,0.0
2023-08-01,99M,0.0,0.0
2025-02-01,99M,0.0,0.0
2022-10-01,99M,0.0,0.0
2022-06-01,99M,0.0,0.0
2026-02-01,99M,0.0,0.0
2024-07-01,99M,0.0,0.0
2024-02-01,99M,0.0,0.0
2026-04-01,99M,0.0,0.0
2025-10-01,99M,0.0,0.0
2021-10-01,99M,0.0,0.0
2023-10-01,99M,0.0,0.0
2021-07-01,99M,0.0,0.0
2021-08-01,99M,0.0,0.0
2025-05-01,99M,0.0,0.0
2024-05-01,99M,0.0,0.0
2022-04-01,99M,0.0,0.0
2023-07-01,99M,0.0,0.0
2024-10-01,99M,0.0,0.0
2022-05-01,99M,0.0,0.0
2026-03-01,99M,0.0,0.0
2024-11-01,99M,0.0,0.0
2025-11-01,99M,0.0,0.0
2022-07-01,99N,0.0,0.0
2024-05-01,99N,0.0,0.0
2025-03-01,99N,0.0,0.0
2022-08-01,99N,0.0,0.0
2022-09-01,99N,0.0,0.0
2024-03-01,99N,0.0,0.0
2022-02-01,99N,0.0,0.0
2024-12-01,99N,0.0,0.0
2024-10-01,99N,0.0,0.0
2025-05-01,99N,0.0,0.0
2021-06-01,99N,0.0,0.0
2026-01-01,99N,0.0,0.0
2023-02-01,99N,0.0,0.0
2022-01-01,99N,0.0,0.0
2022-05-01,99N,0.0,0.0
2023-05-01,99N,0.0,0.0
2024-11-01,99N,0.0,0.0
2022-03-01,99N,0.0,0.0
2023-06-01,99N,0.0,0.0
2026-05-01,99N,0.0,0.0
2025-11-01,99N,0.0,0.0
2026-03-01,99N,0.0,0.0
2024-04-01,99N,0.0,0.0
2025-06-01,99N,0.0,0.0
2025-08-01,99N,0.0,0.0
2023-11-01,99N,0.0,0.0
2024-01-01,99N,0.0,0.0
2025-01-01,99N,0.0,0.0
2022-06-01,99N,0.0,0.0
2022-12-01,99N,0.0,0.0
2023-08-01,99N,0.0,0.0
2026-06-01,99N,0.0,0.0
2021-08-01,99N,0.0,0.0
2024-02-01,99N,0.0,0.0
2025-12-01,99N,0.0,0.0
2024-07-01,99N,0.0,0.0
2023-10-01,99N,0.0,0.0
2021-11-01,99N,0.0,0.0
2021-07-01,99N,0.0,0.0
2023-07-01,99N,0.0,0.0
2025-04-01,99N,0.0,0.0
2026-02-01,99N,0.0,0.0
2021-12-01,99N,0.0,0.0
2025-07-01,99N,0.0,0.0
2022-04-01,99N,0.0,0.0
2025-09-01,99N,0.0,0.0
2024-06-01,99N,0.0,0.0
2025-02-01,99N,0.0,0.0
2023-04-01,99N,0.0,0.0
2021-10-01,99N,0.0,0.0
2024-09-01,99N,0.0,0.0
2026-04-01,99N,0.0,0.0
2021-09-01,99N,0.0,0.0
2022-11-01,99N,0.0,0.0
2023-01-01,99N,0.0,0.0
2024-08-01,99N,0.0,0.0
2023-09-01,99N,0.0,0.0
2022-10-01,99N,0.0,0.0
2025-10-01,99N,0.0,0.0
2023-12-01,99N,0.0,0.0
2023-03-01,99N,0.0,0.0
2022-07-01,99P,0.0,0.0
2023-05-01,99P,0.0,0.0
2022-05-01,99P,0.0,0.0
2025-06-01,99P,0.0,0.0
2025-07-01,99P,0.0,0.0
2022-02-01,99P,0.0,0.0
2024-11-01,99P,0.0,0.0
2021-09-01,99P,0.0,0.0
2023-07-01,99P,0.0,0.0
2025-09-01,99P,0.0,0.0
2022-08-01,99P,0.0,0.0
2023-06-01,99P,0.0,0.0
2024-01-01,99P,0.0,0.0
2026-02-01,99P,0.0,0.0
2021-07-01,99P,0.0,0.0
2023-10-01,99P,0.0,0.0
2026-01-01,99P,0.0,0.0
2022-01-01,99P,0.0,0.0
2025-01-01,99P,0.0,0.0
2024-08-01,99P,0.0,0.0
2023-09-01,99P,0.0,0.0
2026-03-01,99P,0.0,0.0
2021-06-01,99P,0.0,0.0
2021-12-01,99P,0.0,0.0
2023-04-01,99P,0.0,0.0
2023-01-01,99P,0.0,0.0
2022-10-01,99P,0.0,0.0
2024-03-01,99P,0.0,0.0
2026-04-01,99P,0.0,0.0
2022-06-01,99P,0.0,0.0
2024-12-01,99P,0.0,0.0
2024-05-01,99P,0.0,0.0
2021-08-01,99P,0.0,0.0
2023-11-01,99P,0.0,0.0
2024-06-01,99P,0.0,0.0
2025-10-01,99P,0.0,0.0
2022-12-01,99P,0.0,0.0
2023-08-01,99P,0.0,0.0
2024-02-01,99P,0.0,0.0
2022-09-01,99P,0.0,0.0
2023-02-01,99P,0.0,0.0
2025-08-01,99P,0.0,0.0
2024-04-01,99P,0.0,0.0
2021-11-01,99P,0.0,0.0
2023-03-01,99P,0.0,0.0
2025-02-01,99P,0.0,0.0
2024-07-01,99P,0.0,0.0
2025-12-01,99P,0.0,0.0
2025-11-01,99P,0.0,0.0
2022-04-01,99P,0.0,0.0
2021-10-01,99P,0.0,0.0
2022-03-01,99P,0.0,0.0
2025-03-01,99P,0.0,0.0
2024-10-01,99P,0.0,0.0
2023-12-01,99P,0.0,0.0
2025-04-01,99P,0.0,0.0
2026-06-01,99P,0.0,0.0
2025-05-01,99P,0.0,0.0
2024-09-01,99P,0.0,0.0
2022-11-01,99P,0.0,0.0
2026-05-01,99P,0.0,0.0
2021-07-01,99Q,0.0,0.0
2026-01-01,99Q,0.0,0.0
2025-12-01,99Q,0.0,0.0
2024-07-01,99Q,0.0,0.0
2022-01-01,99Q,0.0,0.0
2026-06-01,99Q,0.0,0.0
2022-03-01,99Q,0.0,0.0
2024-06-01,99Q,0.0,0.0
2024-02-01,99Q,0.0,0.0
2025-01-01,99Q,0.0,0.0
2021-09-01,99Q,0.0,0.0
2024-08-01,99Q,0.0,0.0
2025-10-01,99Q,0.0,0.0
2022-06-01,99Q,0.0,0.0
2022-10-01,99Q,0.0,0.0
2024-03-01,99Q,0.0,0.0
2024-05-01,99Q,0.0,0.0
2022-07-01,99Q,0.0,0.0
2022-04-01,99Q,0.0,0.0
2025-07-01,99Q,0.0,0.0
2022-11-01,99Q,0.0,0.0
2024-04-01,99Q,0.0,0.0
2023-06-01,99Q,0.0,0.0
2024-11-01,99Q,0.0,0.0
2026-05-01,99Q,0.0,0.0
2025-11-01,99Q,0.0,0.0
2021-06-01,99Q,0.0,0.0
2025-02-01,99Q,0.0,0.0
2022-09-01,99Q,0.0,0.0
2023-05-01,99Q,0.0,0.0
2026-03-01,99Q,0.0,0.0
2025-08-01,99Q,0.0,0.0
2023-01-01,99Q,0.0,0.0
2021-11-01,99Q,0.0,0.0
2023-04-01,99Q,0.0,0.0
2021-08-01,99Q,0.0,0.0
2024-09-01,99Q,0.0,0.0
2023-12-01,99Q,0.0,0.0
2023-07-01,99Q,0.0,0.0
2025-04-01,99Q,0.0,0.0
2021-12-01,99Q,0.0,0.0
2023-08-01,99Q,0.0,0.0
2025-06-01,99Q,0.0,0.0
2022-02-01,99Q,0.0,0.0
2026-04-01,99Q,0.0,0.0
2025-09-01,99Q,0.0,0.0
2021-10-01,99Q,0.0,0.0
2023-09-01,99Q,0.0,0.0
2023-11-01,99Q,0.0,0.0
2023-10-01,99Q,0.0,0.0
2026-02-01,99Q,0.0,0.0
2022-12-01,99Q,0.0,0.0
2023-03-01,99Q,0.0,0.0
2024-12-01,99Q,0.0,0.0
2025-05-01,99Q,0.0,0.0
2024-01-01,99Q,0.0,0.0
2022-05-01,99Q,0.0,0.0
2025-03-01,99Q,0.0,0.0
2023-02-01,99Q,0.0,0.0
2022-08-01,99Q,0.0,0.0
2024-10-01,99Q,0.0,0.0
2026-01-01,D4U1Y,0.0,0.0
2025-03-01,D4U1Y,0.0,0.0
2026-04-01,D4U1Y,0.0,0.0
2024-03-01,D4U1Y,0.0,0.0
2026-06-01,D4U1Y,0.0,0.0
2025-08-01,D4U1Y,0.0,0.0
2025-01-01,D4U1Y,0.0,0.0
2023-08-01,D4U1Y,0.0,0.0
2025-04-01,D4U1Y,0.0,0.0
2022-06-01,D4U1Y,0.0,0.0
2021-12-01,D4U1Y,0.0,0.0
2024-04-01,D4U1Y,0.0,0.0
2023-11-01,D4U1Y,0.0,0.0
2023-04-01,D4U1Y,0.0,0.0
2022-01-01,D4U1Y,0.0,0.0
2024-09-01,D4U1Y,0.0,0.0
2021-08-01,D4U1Y,0.0,0.0
2026-03-01,D4U1Y,0.0,0.0
2021-10-01,D4U1Y,0.0,0.0
2022-04-01,D4U1Y,0.0,0.0
2022-02-01,D4U1Y,0.0,0.0
2024-05-01,D4U1Y,0.0,0.0
2025-07-01,D4U1Y,0.0,0.0
2022-07-01,D4U1Y,0.0,0.0
2021-07-01,D4U1Y,0.0,0.0
2024-06-01,D4U1Y,0.0,0.0
2023-12-01,D4U1Y,0.0,0.0
2024-02-01,D4U1Y,0.0,0.0
2022-05-01,D4U1Y,0.0,0.0
2026-02-01,D4U1Y,0.0,0.0
2026-05-01,D4U1Y,0.0,0.0
2025-05-01,D4U1Y,0.0,0.0
2022-03-01,D4U1Y,0.0,0.0
2023-02-01,D4U1Y,0.0,0.0
2022-12-01,D4U1Y,0.0,0.0
2021-06-01,D4U1Y,0.0,0.0
2025-06-01,D4U1Y,0.0,0.0
2022-10-01,D4U1Y,0.0,0.0
2023-03-01,D4U1Y,0.0,0.0
2024-07-01,D4U1Y,0.0,0.0
2024-11-01,D4U1Y,0.0,0.0
2025-11-01,D4U1Y,0.0,0.0
2023-10-01,D4U1Y,0.0,0.0
2023-05-01,D4U1Y,0.0,0.0
2023-07-01,D4U1Y,0.0,0.0
2023-01-01,D4U1Y,0.0,0.0
2023-09-01,D4U1Y,0.0,0.0
2022-08-01,D4U1Y,0.0,0.0
2021-11-01,D4U1Y,0.0,0.0
2024-12-01,D4U1Y,0.0,0.0
2025-09-01,D4U1Y,0.0,0.0
2024-10-01,D4U1Y,0.0,0.0
2025-12-01,D4U1Y,0.0,0.0
2024-01-01,D4U1Y,0.0,0.0
2021-09-01,D4U1Y,0.0,0.0
2022-11-01,D4U1Y,0.0,0.0
2024-08-01,D4U1Y,0.0,0.0
2022-09-01,D4U1Y,0.0,0.0
2025-02-01,D4U1Y,0.0,0.0
2023-06-01,D4U1Y,0.0,0.0
2025-10-01,D4U1Y,0.0,0.0
2025-09-01,00Q,0.0,188.582
2026-03-01,00Q,0.0,188.288
2024-03-01,00Q,0.0,185.74900000000005
2026-06-01,00Q,0.0,188.26199999999997
2025-08-01,00Q,0.0,188.39299999999997
2025-10-01,00Q,0.0,188.51399999999998
2023-12-01,00Q,0.0,185.13
2026-05-01,00Q,0.0,188.31699999999998
2025-07-01,00Q,0.0,188.106
2026-04-01,00Q,0.0,188.34400000000002
2022-07-01,00Q,0.0,181.61500000000004
2023-08-01,00Q,0.0,183.93500000000003
2022-08-01,00Q,0.0,181.67400000000004
2024-01-01,00Q,0.0,185.349
2026-02-01,00Q,0.0,188.47700000000003
2024-02-01,00Q,0.0,185.64199999999997
2025-11-01,00Q,0.0,188.471
2024-04-01,00Q,0.0,185.89800000000002
2026-01-01,00Q,0.0,188.51399999999998
2025-12-01,00Q,0.0,188.486
2025-06-01,00R,0.0,178.791
2025-12-01,00R,0.0,178.559
2026-06-01,00R,0.0,177.325
2025-09-01,00R,0.0,178.938
2023-05-01,00X,0.0,189.86599999999996
2022-01-01,00X,0.0,187.82700000000003
2021-12-01,00X,0.0,187.78400000000002
2022-07-01,00X,0.0,188.61000000000004
2023-01-01,00X,0.0,189.448
2024-06-01,00X,0.0,192.25799999999998
2022-03-01,00X,0.0,187.85799999999995
2023-04-01,00X,0.0,189.74600000000007
2022-10-01,00X,0.0,189.11999999999998
2022-08-01,00X,0.0,188.75699999999995
2024-07-01,00X,0.0,192.48000000000002
2023-09-01,00X,0.0,190.82899999999995
2025-07-01,00X,0.0,194.48899999999998
2025-09-01,00X,0.0,194.922
2024-08-01,00X,0.0,192.75400000000002
2024-04-01,00X,0.0,191.76900000000003
2022-11-01,00X,0.0,189.16500000000002
2025-11-01,00X,0.0,194.849
2022-06-01,00X,0.0,188.41500000000002
2023-02-01,00X,0.0,189.521
2026-01-01,00X,0.0,195.06799999999998
2024-12-01,00X,0.0,193.38900000000007
2023-11-01,00X,0.0,191.14699999999996
2023-06-01,00X,0.0,190.09600000000003
2024-10-01,00X,0.0,193.08799999999997
2022-05-01,00X,0.0,188.113
2025-01-01,00X,0.0,193.52700000000004
2025-10-01,00X,0.0,194.85599999999997
2025-04-01,00X,0.0,193.912
2025-03-01,00X,0.0,193.74499999999992
2025-06-01,00X,0.0,194.24799999999996
2025-05-01,00X,0.0,194.05200000000002
2024-03-01,00X,0.0,191.65900000000002
2025-12-01,00X,0.0,194.98800000000003
2022-04-01,00X,0.0,187.92399999999998
2022-09-01,00X,0.0,189.07700000000003
2026-02-01,00X,0.0,195.07699999999994
2023-10-01,00X,0.0,190.94500000000005
2025-08-01,00X,0.0,194.736
2024-11-01,00X,0.0,193.19399999999996
2022-12-01,00X,0.0,189.28799999999998
2026-04-01,00X,0.0,195.29399999999995
2021-10-01,00X,0.0,187.69
2026-05-01,00X,0.0,195.35400000000004
2023-12-01,00X,0.0,191.26799999999997
2024-09-01,00X,0.0,192.985
2023-03-01,00X,0.0,189.64000000000001
2021-09-01,00X,0.0,187.572
2023-08-01,00X,0.0,190.549
2026-06-01,00X,0.0,195.43100000000004
2024-02-01,00X,0.0,191.49599999999998
2026-03-01,00X,0.0,195.13400000000001
2024-05-01,00X,0.0,192.044
2022-02-01,00X,0.0,187.935
2021-11-01,00X,0.0,187.73800000000003
2024-01-01,00X,0.0,191.34400000000002
2024-03-01,00Y,0.0,268.01000000000005
2023-05-01,00Y,0.0,264.602
2026-02-01,00Y,0.0,268.845
2024-05-01,00Y,0.0,268.86499999999995
2023-12-01,00Y,0.0,266.87500000000006
2025-05-01,00Y,0.0,269.10299999999995
2024-12-01,00Y,0.0,269.381
2025-04-01,00Y,0.0,269.25199999999995
2023-08-01,00Y,0.0,265.40299999999996
2026-01-01,00Y,0.0,268.94
2023-04-01,00Y,0.0,264.38599999999997
2023-02-01,00Y,0.0,264.124
2023-09-01,00Y,0.0,265.718
2025-02-01,00Y,0.0,269.409
2026-03-01,00Y,0.0,268.50600000000003
2023-06-01,00Y,0.0,264.95400000000006
2025-12-01,00Y,0.0,269.121
2024-09-01,00Y,0.0,270.00000000000006
2023-03-01,00Y,0.0,264.265
2022-12-01,00Y,0.0,263.59399999999994
2023-07-01,00Y,0.0,265.194
2024-10-01,00Y,0.0,269.62700000000007
2025-09-01,00Y,0.0,269.283
2025-04-01,01D,0.0,252.33900000000003
2023-04-01,01D,0.0,245.24699999999999
2026-06-01,01F,0.0,135.804
2023-04-01,01F,0.0,135.39399999999998
2025-12-01,01F,0.0,136.06799999999998
2025-10-01,01F,0.0,136.17
2023-11-01,01F,0.0,136.06900000000002
2026-02-01,01F,0.0,135.914
2025-08-01,01F,0.0,136.31799999999998
2023-06-01,01F,0.0,135.684
2026-03-01,01F,0.0,135.86399999999998
2025-12-01,01G,0.0,326.41300000000007
2023-09-01,01G,0.0,311.836
2024-12-01,01G,0.0,321.931
2025-02-01,01G,0.0,322.57399999999996
2025-08-01,01G,0.0,323.685
2023-10-01,01G,0.0,312.84499999999997
2025-11-01,01G,0.0,326.05299999999994
2026-05-01,01G,0.0,324.74899999999997
2025-05-01,01G,0.0,322.808
2023-02-01,01G,0.0,308.63599999999997
2025-09-01,01G,0.0,323.958
2026-01-01,01G,0.0,326.06099999999986
2024-11-01,01G,0.0,321.44199999999995
2025-07-01,01G,0.0,323.50300000000004
2025-04-01,01G,0.0,322.643
2026-04-01,01G,0.0,325.1050000000001
2023-12-01,01G,0.0,314.93699999999995
2023-12-01,01H,0.0,334.10799999999995
2024-09-01,01H,0.0,335.879
2024-02-01,01H,0.0,334.3160000000001
2024-11-01,01H,0.0,336.215
2022-07-01,01H,0.0,329.97299999999996
2025-01-01,01H,0.0,336.52099999999996
2023-07-01,01H,0.0,332.772
2022-04-01,01H,0.0,329.17099999999994
2026-03-01,01K,0.0,353.809
2025-02-01,01K,0.0,356.67199999999997
2024-02-01,01K,0.0,356.09
2025-08-01,01K,0.0,355.31300000000005
2024-12-01,01K,0.0,356.4910000000001
2026-05-01,01K,0.0,353.16599999999994
2026-04-01,01K,0.0,353.416
2026-06-01,01K,0.0,352.82099999999997
2025-04-01,01K,0.0,356.41499999999996
2026-06-01,01T,0.0,161.68200000000002
2024-08-01,01T,0.0,160.426
2023-09-01,01T,0.0,158.636
2025-02-01,01T,0.0,161.27300000000002
2021-06-01,01T,9.26244,156.77399999999997
2024-12-01,01T,0.0,160.94000000000003
2025-07-01,01T,0.0,161.53399999999996
2023-07-01,01T,0.0,158.25000000000003
2024-02-01,01T,0.0,159.327
2021-07-01,01T,0.0,156.90900000000002
2025-08-01,01T,0.0,161.62999999999997
2024-07-01,01T,0.0,160.286
2022-08-01,01T,0.0,157.33299999999997
2024-10-01,01T,0.0,160.586
2023-12-01,01T,0.0,159.039
2025-06-01,01T,0.0,161.48199999999997
2026-05-01,01T,0.0,161.65000000000003
2023-06-01,01T,0.0,158.09500000000003
2022-11-01,01T,0.0,157.60499999999996
2025-01-01,01T,0.0,161.01899999999998
2025-03-01,01T,0.0,161.32999999999998
2023-03-01,01T,0.0,157.87099999999998
2023-01-01,01T,0.0,157.69799999999995
2026-03-01,01T,0.0,161.55899999999997
2022-12-01,01T,0.0,157.67800000000003
2021-10-01,01T,0.0,156.95300000000003
2023-10-01,01T,0.0,158.73699999999997
2024-06-01,01T,0.0,160.264
2025-04-01,01T,0.0,161.35100000000006
2025-05-01,01T,0.0,161.39700000000005
2022-07-01,01T,0.0,157.26199999999997
2025-11-01,01T,0.0,161.719
2023-02-01,01T,0.0,157.719
2022-11-01,01W,0.0,322.507
2023-11-01,01W,0.0,326.144
2023-03-01,01X,0.0,200.72000000000006
2023-04-01,01X,0.0,200.661
2022-11-01,01X,0.0,200.65100000000004
2023-06-01,01X,0.0,200.877
2023-08-01,01X,0.0,201.20200000000003
2022-09-01,01X,0.0,200.63599999999997
2023-01-01,01X,0.0,200.534
2023-07-01,01X,0.0,201.07000000000002
2023-12-01,01X,0.0,201.61
2022-07-01,01X,0.0,200.56599999999997
2024-07-01,01X,0.0,202.841
2022-04-01,01X,0.0,200.349
2022-08-01,01X,0.0,200.621
2022-12-01,01X,0.0,200.584
2024-02-01,01X,0.0,201.87999999999997
2022-10-01,01X,0.0,200.679
2025-01-01,01X,0.0,203.54700000000003
2023-11-01,01X,0.0,201.41000000000005
2022-05-01,01X,0.0,200.372
2023-05-01,01X,0.0,200.7
2022-07-01,02A,0.0,246.546
2022-06-01,02A,0.0,246.15799999999996
2022-02-01,02A,0.0,245.42600000000002
2023-03-01,02A,0.0,248.01400000000004
2024-03-01,02A,0.0,248.6109999999999
2021-12-01,02A,0.0,245.23200000000003
2023-05-01,02A,0.0,247.80799999999996
2021-08-01,02A,0.0,244.92199999999997
2023-04-01,02A,0.0,247.74200000000002
2023-07-01,02A,0.0,248.244
2023-01-01,02A,0.0,247.857
2024-09-01,02A,0.0,249.52100000000002
2022-04-01,02A,0.0,245.66
2022-11-01,02A,0.0,247.43600000000004
2023-10-01,02A,0.0,248.41000000000005
2022-09-01,02A,0.0,247.176
2021-10-01,02A,0.0,245.214
2024-05-01,02A,0.0,248.97499999999997
2021-09-01,02A,0.0,245.17300000000003
2023-12-01,02A,0.0,248.50400000000002
2022-12-01,02G,0.0,116.60300000000001
2023-09-01,02G,0.0,116.79799999999997
2025-10-01,02M,0.0,187.914
2025-09-01,02M,0.0,187.981
2024-04-01,02M,0.0,185.439
2025-08-01,02M,0.0,187.80599999999998
2023-12-01,02M,0.0,185.30899999999997
2022-10-01,02M,0.0,183.666
2026-06-01,02M,0.0,188.135
2023-10-01,02M,0.0,185.14399999999998
2025-03-01,02Q,0.0,128.132
2025-06-01,02Q,0.0,128.415
2024-04-01,02Q,0.0,126.361
2024-01-01,02Q,0.0,125.869
2026-06-01,02Q,0.0,128.889
2025-12-01,02Q,0.0,129.011
2024-11-01,02Q,0.0,127.723
2026-01-01,02Q,0.0,129.004
2024-09-01,02Q,0.0,127.47200000000001
2025-08-01,02Q,0.0,128.753
2024-03-01,02Q,0.0,126.231
2024-06-01,02Q,0.0,126.786
2026-04-01,02Q,0.0,128.883
2024-12-01,02Q,0.0,127.837
2024-08-01,02Q,0.0,127.23
2025-02-01,02Q,0.0,128.02200000000002
2026-03-01,02Q,0.0,128.88800000000003
2023-11-01,02Q,0.0,125.61399999999999
2025-05-01,02Q,0.0,128.29500000000002
2022-09-01,02T,0.0,223.10099999999994
2022-08-01,02T,0.0,223.037
2024-01-01,02T,0.0,224.23300000000006
2022-10-01,02T,0.0,223.03400000000005
2022-04-01,02T,0.0,222.579
2023-10-01,02T,0.0,224.071
2025-09-01,02T,0.0,226.03499999999997
2025-10-01,02T,0.0,225.98699999999997
2025-07-01,02T,0.0,225.80699999999996
2025-05-01,02T,0.0,225.76099999999997
2022-06-01,02T,0.0,222.71200000000002
2023-02-01,02T,0.0,223.28799999999998
2026-02-01,02T,0.0,225.643
2026-06-01,02T,0.0,225.09300000000002
2024-04-01,02T,0.0,224.51500000000004
2023-07-01,02T,0.0,223.76199999999994
2023-03-01,02T,0.0,223.46900000000002
2023-05-01,02T,0.0,223.57000000000002
2024-02-01,02T,0.0,224.34399999999997
2023-04-01,02T,0.0,223.548
2021-07-01,02T,0.0,222.457
2023-11-01,03H,0.0,173.256
2023-07-01,03H,0.0,172.90800000000002
2025-04-01,03H,0.0,174.692
2022-07-01,03K,0.0,183.78900000000002
2021-10-01,03K,0.0,183.423
2022-11-01,03Q,0.0,249.257
2023-09-01,03Q,0.0,249.775
2024-09-01,03Q,0.0,250.32299999999992
2025-08-01,03Q,0.0,248.82700000000003
2021-11-01,03R,0.0,387.3299999999999
2022-02-01,03R,0.0,388.08299999999997
2023-02-01,03R,0.0,391.678
2023-07-01,03R,0.0,393.66700000000014
2023-09-01,03R,0.0,394.662
2025-05-01,03R,0.0,399.9269999999999
2023-10-01,03R,0.0,395.067
2021-09-01,03R,0.0,387.0659999999999
2024-01-01,03R,0.0,396.08899999999994
2023-05-01,03R,0.0,392.788
2021-07-01,03R,0.0,386.43799999999993
2024-02-01,03R,0.0,396.445
2023-11-01,03R,0.0,395.575
2022-06-01,03R,0.0,389.18699999999995
2025-05-01,03W,0.0,360.68700000000007
2021-10-01,04C,0.0,422.10400000000004
2023-01-01,04C,0.0,434.45200000000017
2021-08-01,04V,0.0,404.4150000000001
2023-01-01,04Y,0.0,136.829
2026-04-01,05D,0.0,155.086
2025-04-01,05D,0.0,155.03300000000002
2024-09-01,05D,0.0,154.27800000000002
2025-09-01,05D,0.0,155.313
2025-05-01,05D,0.0,155.061
2026-02-01,05D,0.0,155.081
2025-07-01,05D,0.0,155.23699999999997
2025-01-01,05D,0.0,154.885
2025-10-01,05D,0.0,155.279
2025-12-01,05D,0.0,155.28400000000002
2025-02-01,05D,0.0,155.0
2023-07-01,06Q,0.0,412.60199999999986
2025-10-01,07G,0.0,190.68599999999998
2025-02-01,07G,0.0,190.85299999999998
2023-01-01,07G,0.0,185.611
2024-07-01,07G,0.0,190.24
2023-12-01,07G,0.0,188.144
2022-09-01,07G,0.0,184.994
2023-04-01,07G,0.0,186.238
2025-10-01,09D,0.0,331.1550000000001
2026-06-01,09D,0.0,323.821
2026-04-01,09D,0.0,326.322
2024-12-01,09D,0.0,334.1600000000001
2024-01-01,09D,0.0,332.99799999999993
2025-12-01,09D,0.0,330.59100000000007
2023-03-01,09D,0.0,331.56600000000003
2022-03-01,09D,0.0,329.501
2025-11-01,09D,0.0,331.2950000000001
2026-01-01,09D,0.0,329.65199999999993
2025-05-01,09D,0.0,332.85999999999996
2025-02-01,09D,0.0,333.82300000000004
2023-08-01,09D,0.0,329.913
2023-09-01,09D,0.0,329.4519999999999
2025-06-01,09D,0.0,332.434
2025-04-01,09D,0.0,333.38100000000003
2025-09-01,09D,0.0,330.73799999999994
2023-05-01,09D,0.0,330.8420000000001
2026-03-01,09D,0.0,326.92799999999994
2025-08-01,09D,0.0,331.37600000000003
2023-09-01,10R,0.0,234.037
2026-05-01,10R,0.0,232.558
2025-05-01,10R,0.0,235.624
2024-11-01,10R,0.0,235.86999999999998
2022-02-01,10R,0.0,230.38900000000004
2023-10-01,10R,0.0,234.401
2022-12-01,10R,0.0,232.339
2023-06-01,10R,0.0,234.017
2025-08-01,10R,0.0,235.003
2024-09-01,10R,0.0,235.144
2022-03-01,10R,0.0,230.616
2023-04-01,10R,0.0,233.87599999999998
2024-02-01,10R,0.0,235.989
2025-07-01,10R,0.0,235.32100000000003
2024-01-01,10R,0.0,235.81700000000004
2025-01-01,10R,0.0,235.83399999999997
2023-11-01,10R,0.0,235.308
2025-12-01,10R,0.0,234.70400000000004
2026-04-01,11M,0.0,698.346
2023-04-01,11M,0.0,682.8220000000002
2024-11-01,11M,0.0,695.3359999999997
2025-01-01,11M,0.0,696.0089999999999
2022-08-01,11M,0.0,677.6150000000004
2024-09-01,11M,0.0,694.1560000000001
2025-04-01,11M,0.0,696.5379999999999
2023-05-01,11M,0.0,683.296
2025-07-01,11M,0.0,697.336
2022-11-01,11M,0.0,679.917
2025-05-01,11M,0.0,696.8439999999998
2022-02-01,11M,0.0,674.0270000000003
2022-09-01,11M,0.0,678.45
2024-06-01,11M,0.0,692.0200000000001
2024-03-01,11M,0.0,690.1959999999999
2026-02-01,11M,0.0,698.6720000000001
2025-02-01,11M,0.0,696.3629999999998
2023-04-01,12F,0.0,341.581
2024-12-01,18C,0.0,833.1869999999999
2025-09-01,99E,0.0,296.63300000000004
2025-01-01,99E,0.0,295.333
2025-08-01,99E,0.0,296.521
2022-06-01,99E,0.0,286.3569999999999
2024-06-01,99E,0.0,293.563
2024-01-01,99E,0.0,292.093
2025-10-01,99E,0.0,296.466
2021-11-01,99E,0.0,285.09800000000007
2023-01-01,99E,0.0,287.96999999999997
2022-11-01,99E,0.0,287.6930000000001
2025-07-01,99F,0.0,188.608
2026-05-01,99F,0.0,187.95200000000006
2023-08-01,99G,0.0,192.75699999999998
2025-04-01,99G,0.0,196.27400000000003
2025-02-01,99G,0.0,196.51999999999995
2023-07-01,99G,0.0,192.48399999999998
2022-05-01,99G,0.0,190.503
2021-11-01,99G,0.0,190.33300000000006
2024-06-01,99G,0.0,195.25199999999998
2023-01-01,99G,0.0,190.94500000000002
2023-11-01,99G,0.0,193.51299999999998
2024-08-01,99G,0.0,195.78500000000005
2023-06-01,99G,0.0,192.1980000000001
2023-04-01,99G,0.0,191.82799999999997
2025-12-01,99G,0.0,196.788
2024-03-01,99G,0.0,194.618
2022-11-01,99G,0.0,190.54500000000002
2025-07-01,99G,0.0,196.594
2025-08-01,99G,0.0,196.636
2024-11-01,99G,0.0,196.043
2024-07-01,U2G6B,0.0,497.32899999999995
