month,code,numerator,denominator
2023-04-01,01G,8.18304,310.0769999999999
2023-05-01,01H,4.09934,332.2390000000001
2025-04-01,01H,4.42053,336.77900000000005
2025-09-01,01W,6.38731,330.71199999999993
2024-05-01,02T,4.13549,224.813
2023-08-01,03H,3.05635,173.03299999999996
2026-04-01,03K,9.69747,184.909
2021-08-01,03N,97.50286,612.7620000000001
2024-12-01,04V,4.13535,422.93600000000004
2021-11-01,11J,22.78978,817.6070000000002
2022-03-01,14L,3.81853,697.3800000000003
2025-06-01,15E,20.82323,1647.9010000000003
2023-05-01,15E,3.00698,1596.445
2022-02-01,15M,14.7669,1108.0530000000003
2025-10-01,15M,45.49607,1145.5970000000004
2023-06-01,15M,19.98807,1122.2149999999992
2025-02-01,36J,5.89564,669.8200000000003
2022-03-01,72Q,31.40328,2050.9350000000013
2021-07-01,91Q,4.49777,1946.0659999999996
2024-04-01,92G,16.50481,1004.3739999999993
2022-03-01,93C,17.634,1747.3590000000002
2021-07-01,D9Y0V,2.97778,1880.5410000000004
2022-07-01,M1J4Y,5.62262,1083.26
2024-08-01,M1J4Y,3.10001,1140.113
2022-10-01,W2U3Z,16.21096,2798.1679999999988
2026-03-01,X2C4Y,4.4211,461.9429999999999
2025-03-01,00L,0.0,341.836
2022-10-01,00L,0.0,334.68499999999995
2025-06-01,00N,0.0,159.68399999999997
2023-04-01,00N,0.0,159.17300000000003
2021-06-01,00N,0.0,158.615
2023-12-01,00N,0.0,159.79299999999998
2023-09-01,00P,0.0,291.154
2025-02-01,00P,0.0,295.51900000000006
2022-01-01,00Q,0.0,180.95800000000003
2023-07-01,00Q,0.0,183.66200000000003
2023-12-01,00R,0.0,178.541
2022-08-01,00T,0.0,321.462
2022-12-01,00V,0.0,209.40499999999997
2025-10-01,00V,0.0,212.63
2023-11-01,01A,0.0,403.5250000000002
2023-10-01,01A,0.0,402.9579999999999
2022-08-01,01J,0.0,170.294
2023-04-01,01K,0.0,355.64
2022-08-01,01K,0.0,354.22
2023-05-01,01V,0.0,127.102
2021-09-01,01W,0.0,319.2829999999999
2022-04-01,01X,0.0,200.34899999999996
2021-07-01,01Y,0.0,219.123
2024-02-01,01Y,0.0,224.93200000000004
2026-05-01,01Y,0.0,228.81199999999995
2024-02-01,02A,0.0,248.514
2021-08-01,02E,0.0,221.82799999999997
2022-09-01,02E,0.0,225.0
2024-09-01,02E,0.0,230.44099999999997
2021-06-01,02G,0.0,113.91899999999998
2022-10-01,02G,0.0,116.20299999999999
2021-11-01,02G,0.0,114.778
2021-08-01,02M,0.0,181.33400000000003
2024-08-01,02P,0.0,270.358
2021-07-01,02P,0.0,264.767
2022-03-01,02Q,0.0,121.99699999999999
2022-02-01,02Q,0.0,121.847
2025-10-01,02Q,0.0,128.933
2022-11-01,02Q,0.0,123.363
2024-06-01,02Q,0.0,126.78599999999999
2022-03-01,03F,0.0,306.976
2023-01-01,03L,0.0,268.77000000000004
2021-08-01,03Q,0.0,248.985
2024-05-01,03Q,0.0,251.692
2022-03-01,03Q,0.0,251.235
2023-11-01,03Q,0.0,251.485
2024-07-01,03R,0.0,398.4809999999998
2026-03-01,03W,0.0,361.8090000000001
2023-03-01,03W,0.0,355.347
2025-05-01,03W,0.0,360.68699999999995
2025-01-01,04C,0.0,450.4170000000001
2025-03-01,04C,0.0,449.979
2025-12-01,05D,0.0,155.284
2025-01-01,05G,0.0,230.98599999999996
2025-09-01,05G,0.0,230.98899999999995
2025-06-01,05G,0.0,231.08100000000002
2025-07-01,05V,0.0,156.93599999999998
2024-07-01,05V,0.0,155.817
2021-11-01,05W,0.0,296.98300000000006
2025-03-01,06H,0.0,1056.5620000000004
2025-02-01,06K,0.0,635.6609999999997
2024-01-01,06L,0.0,415.893
2025-06-01,06L,0.0,419.64300000000003
2023-04-01,06L,0.0,413.36199999999997
2025-04-01,06L,0.0,419.15799999999996
2025-05-01,06L,0.0,419.415
2024-03-01,06T,0.0,375.64300000000014
2022-03-01,07H,0.0,324.3569999999999
2022-01-01,10Q,0.0,792.9170000000004
2023-08-01,10R,0.0,234.19699999999997
2025-12-01,11N,0.0,605.7999999999998
2025-08-01,12F,0.0,346.65199999999993
2026-02-01,13T,0.0,561.0620000000001
2026-01-01,14Y,0.0,597.752
2026-06-01,15A,0.0,584.7649999999999
2024-03-01,15A,0.0,584.9259999999999
2021-07-01,15F,0.0,898.6599999999996
2025-12-01,16C,0.0,741.3
2026-06-01,16C,0.0,738.2960000000002
2026-02-01,26A,0.0,1101.0689999999997
2023-07-01,27D,0.0,808.6080000000003
2023-04-01,27D,0.0,806.4380000000001
2025-07-01,36L,0.0,1776.8009999999992
2026-06-01,36L,0.0,1751.6509999999994
2024-11-01,42D,0.0,567.314
2025-07-01,42D,0.0,569.772
2022-07-01,42D,0.0,556.093
2022-05-01,42D,0.0,554.8599999999997
2025-04-01,42D,0.0,568.8029999999999
2024-08-01,52R,0.0,1146.5739999999996
2022-09-01,71E,0.0,809.2720000000002
2021-10-01,72Q,0.0,2038.7539999999997
2024-02-01,84H,0.0,566.9379999999998
2024-05-01,99A,0.0,590.0940000000002
2025-06-01,99C,0.0,228.90300000000002
2024-09-01,99C,0.0,228.28900000000002
2023-07-01,99F,0.0,186.93900000000008
2021-07-01,B2M3M,0.0,1032.9160000000002
2023-06-01,D9Y0V,0.0,1918.7520000000002
2024-12-01,M2L0M,0.0,536.311
2023-04-01,M2L0M,0.0,524.687
2025-10-01,X2C4Y,0.0,462.63300000000015
2025-08-01,00D,0.0,0.0
2021-10-01,00M,0.0,0.0
2023-11-01,01R,0.0,0.0
2022-12-01,01R,0.0,0.0
2023-03-01,02F,0.0,0.0
2024-05-01,02V,0.0,0.0
2024-09-01,02V,0.0,0.0
2023-08-01,03A,0.0,0.0
2022-08-01,03J,0.0,0.0
2025-04-01,03M,0.0,0.0
2024-11-01,03T,0.0,0.0
2023-05-01,03T,0.0,0.0
2024-01-01,03Y,0.0,0.0
2026-03-01,03Y,0.0,0.0
2022-12-01,04D,0.0,0.0
2024-12-01,04D,0.0,0.0
2022-11-01,04E,0.0,0.0
2022-07-01,04E,0.0,0.0
2023-09-01,04G,0.0,0.0
2022-06-01,04H,0.0,0.0
2024-03-01,04J,0.0,0.0
2023-04-01,04J,0.0,0.0
2025-03-01,04K,0.0,0.0
2022-12-01,04L,0.0,0.0
2024-10-01,04Q,0.0,0.0
2024-05-01,04Q,0.0,0.0
2025-09-01,04R,0.0,0.0
2021-08-01,05A,0.0,0.0
2023-06-01,05C,0.0,0.0
2026-01-01,05F,0.0,0.0
2026-03-01,05F,0.0,0.0
2021-12-01,05H,0.0,0.0
2025-02-01,05L,0.0,0.0
2022-06-01,05N,0.0,0.0
2024-08-01,05R,0.0,0.0
2024-10-01,05X,0.0,0.0
2024-04-01,05X,0.0,0.0
2022-06-01,05Y,0.0,0.0
2026-02-01,05Y,0.0,0.0
2025-08-01,05Y,0.0,0.0
2021-07-01,05Y,0.0,0.0
2023-03-01,06F,0.0,0.0
2022-08-01,06F,0.0,0.0
2024-10-01,06F,0.0,0.0
2021-12-01,06M,0.0,0.0
2025-07-01,06M,0.0,0.0
2023-12-01,06M,0.0,0.0
2025-06-01,06P,0.0,0.0
2023-01-01,06W,0.0,0.0
2024-04-01,06Y,0.0,0.0
2023-05-01,07L,0.0,0.0
2022-10-01,07L,0.0,0.0
2025-06-01,07N,0.0,0.0
2023-07-01,07N,0.0,0.0
2022-09-01,07P,0.0,0.0
2021-11-01,07R,0.0,0.0
2024-06-01,07V,0.0,0.0
2021-06-01,07V,0.0,0.0
2025-08-01,07X,0.0,0.0
2026-03-01,07X,0.0,0.0
2024-04-01,07Y,0.0,0.0
2024-02-01,07Y,0.0,0.0
2023-01-01,08A,0.0,0.0
2022-01-01,08A,0.0,0.0
2025-03-01,08C,0.0,0.0
2026-02-01,08D,0.0,0.0
2025-12-01,08D,0.0,0.0
2023-06-01,08E,0.0,0.0
2024-04-01,08G,0.0,0.0
2024-10-01,08G,0.0,0.0
2022-02-01,08H,0.0,0.0
2024-03-01,08J,0.0,0.0
2022-06-01,08J,0.0,0.0
2022-10-01,08K,0.0,0.0
2023-08-01,08K,0.0,0.0
2024-11-01,08L,0.0,0.0
2022-11-01,08L,0.0,0.0
2025-03-01,08M,0.0,0.0
2021-12-01,08Q,0.0,0.0
2022-04-01,08R,0.0,0.0
2025-12-01,08R,0.0,0.0
2023-05-01,08V,0.0,0.0
2024-07-01,08V,0.0,0.0
2026-01-01,08Y,0.0,0.0
2021-09-01,09A,0.0,0.0
2026-06-01,09C,0.0,0.0
2023-06-01,09C,0.0,0.0
2021-07-01,09F,0.0,0.0
2022-12-01,09G,0.0,0.0
2024-02-01,09J,0.0,0.0
2025-03-01,09J,0.0,0.0
2023-07-01,09J,0.0,0.0
2024-09-01,09W,0.0,0.0
2022-09-01,10A,0.0,0.0
2025-02-01,10E,0.0,0.0
2024-04-01,10J,0.0,0.0
2024-02-01,10K,0.0,0.0
2022-09-01,10M,0.0,0.0
2022-06-01,10M,0.0,0.0
2021-10-01,10W,0.0,0.0
2023-08-01,10W,0.0,0.0
2023-09-01,10X,0.0,0.0
2022-12-01,10X,0.0,0.0
2022-05-01,11A,0.0,0.0
2023-01-01,11T,0.0,0.0
2024-09-01,12D,0.0,0.0
2023-08-01,12D,0.0,0.0
2024-02-01,12D,0.0,0.0
2022-02-01,13P,0.0,0.0
2022-07-01,99D,0.0,0.0
2022-02-01,99K,0.0,0.0
2024-08-01,99M,0.0,0.0
2025-08-01,99N,0.0,0.0
2022-07-01,99P,0.0,0.0
2022-04-01,99Q,0.0,0.0
2022-07-01,D4U1Y,0.0,0.0
2023-11-01,01G,12.257930000000002,314.218
2022-09-01,01H,3.81655,330.8640000000001
2025-02-01,01W,6.38672,329.24300000000005
2025-12-01,02H,4.42116,352.4529999999999
2023-09-01,03N,74.1983,630.002
2025-09-01,06Q,2.94809,426.1040000000001
2021-08-01,09D,9.42263,325.22000000000014
2022-12-01,11M,7.585,680.8140000000001
2023-05-01,13T,3.0729,547.7639999999999
2024-01-01,15C,6.05485,1084.8379999999997
2023-10-01,15E,14.412700000000001,1611.2979999999998
2021-09-01,15M,44.84293,1104.7909999999997
2022-05-01,15N,6.60137,1271.205
2021-08-01,15N,6.7722,1260.595
2026-03-01,18C,9.83035,833.5709999999998
2024-03-01,70F,3.07059,939.249
2024-08-01,78H,6.10211,845.2269999999997
2024-01-01,84H,8.19469,566.7880000000001
2022-01-01,84H,7.62746,561.0389999999996
2023-07-01,84H,8.14382,563.4459999999999
2021-07-01,99A,5.95556,556.8169999999997
2022-03-01,99A,50.52179,566.79
2023-06-01,W2U3Z,16.343650000000004,2839.2509999999993
2025-05-01,W2U3Z,11.77956,2912.140000000001
2022-04-01,W2U3Z,5.62657,2771.1639999999984
2025-03-01,00N,0.0,159.90900000000002
2022-10-01,00N,0.0,159.121
2024-12-01,00P,0.0,295.615
2021-08-01,00Q,0.0,180.38699999999997
2023-11-01,00Q,0.0,184.748
2022-05-01,00R,0.0,176.472
2024-03-01,00T,0.0,329.7589999999999
2021-09-01,00T,0.0,318.67300000000006
2022-08-01,00V,0.0,209.35
2022-09-01,00V,0.0,209.431
2025-08-01,01D,0.0,253.38699999999994
2023-05-01,01D,0.0,245.558
2024-07-01,01D,0.0,250.89600000000007
2024-05-01,01F,0.0,136.20999999999998
2025-10-01,01G,0.0,325.561
2023-09-01,01H,0.0,333.51800000000003
2024-09-01,01J,0.0,173.35200000000003
2026-01-01,01K,0.0,354.81499999999994
2023-02-01,01K,0.0,355.88500000000005
2022-09-01,01K,0.0,353.9490000000001
2022-11-01,01V,0.0,126.927
2025-08-01,01W,0.0,330.43399999999997
2023-12-01,01Y,0.0,224.28599999999997
2024-05-01,02A,0.0,248.97500000000002
2022-11-01,02M,0.0,183.865
2024-07-01,02M,0.0,186.127
2023-01-01,02P,0.0,267.007
2023-02-01,02P,0.0,267.19200000000006
2021-08-01,02P,0.0,264.89300000000003
2025-11-01,02Q,0.0,128.97
2026-01-01,02Q,0.0,129.00400000000002
2022-06-01,02T,0.0,222.712
2026-05-01,02T,0.0,225.234
2022-12-01,03L,0.0,268.705
2022-05-01,03L,0.0,267.087
2024-05-01,03L,0.0,273.36300000000006
2023-09-01,03R,0.0,394.66200000000003
2022-01-01,04C,0.0,425.86300000000006
2025-10-01,04V,0.0,424.869
2022-06-01,04V,0.0,409.90199999999993
2023-02-01,04V,0.0,414.18799999999993
2023-12-01,05D,0.0,152.36699999999996
2021-11-01,05G,0.0,217.87300000000002
2024-09-01,05G,0.0,230.87
2022-03-01,05Q,0.0,218.157
2023-08-01,05W,0.0,292.7240000000001
2025-12-01,06H,0.0,1059.53
2023-09-01,06H,0.0,1038.3509999999999
2022-11-01,06H,0.0,1026.8800000000003
2025-03-01,06K,0.0,635.8670000000002
2022-04-01,06L,0.0,410.2810000000001
2025-08-01,06L,0.0,420.3840000000001
2023-10-01,06L,0.0,415.239
2024-12-01,06Q,0.0,421.95899999999995
2021-08-01,07G,0.0,183.60999999999996
2021-09-01,07G,0.0,183.811
2023-08-01,07G,0.0,186.94799999999998
2023-12-01,07G,0.0,188.144
2023-03-01,07H,0.0,327.721
2024-12-01,09D,0.0,334.16
2024-10-01,09D,0.0,333.6190000000001
2022-02-01,10Q,0.0,794.1309999999997
2026-02-01,10R,0.0,233.689
2025-07-01,11N,0.0,605.561
2026-04-01,11N,0.0,605.0569999999998
2022-12-01,11N,0.0,600.3249999999998
2022-04-01,11X,0.0,594.527
2025-10-01,13T,0.0,562.2060000000001
2022-06-01,14L,0.0,700.5940000000003
2024-01-01,14Y,0.0,588.6659999999999
2023-07-01,15C,0.0,1074.8059999999998
2021-11-01,15F,0.0,906.3040000000005
2022-02-01,15F,0.0,909.3939999999994
2025-09-01,16C,0.0,740.343
2024-05-01,26A,0.0,1095.702
2022-02-01,26A,0.0,1081.121
2023-10-01,26A,0.0,1091.784
2025-07-01,27D,0.0,823.4280000000002
2025-01-01,27D,0.0,821.6050000000005
2025-05-01,42D,0.0,569.119
2022-12-01,52R,0.0,1134.377
2026-01-01,52R,0.0,1157.5079999999998
2024-09-01,70F,0.0,944.4349999999998
2024-04-01,72Q,0.0,2106.992
2024-06-01,72Q,0.0,2113.039999999999
2023-10-01,72Q,0.0,2089.4400000000005
2022-08-01,84H,0.0,560.2040000000001
2022-12-01,84H,0.0,563.5100000000002
2025-03-01,84H,0.0,569.5980000000002
2026-05-01,84H,0.0,570.514
2025-07-01,91Q,0.0,2040.3909999999996
2023-06-01,91Q,0.0,1992.789000000001
2023-08-01,92A,0.0,1288.9039999999995
2026-06-01,92A,0.0,1295.166
2025-03-01,93C,0.0,1837.5380000000014
2021-11-01,97R,0.0,565.6170000000001
2023-11-01,97R,0.0,574.348
2026-01-01,99E,0.0,296.22299999999996
2022-05-01,99E,0.0,286.125
2023-07-01,99E,0.0,290.12399999999997
2026-04-01,99G,0.0,196.5150000000001
2023-03-01,A3A8R,0.0,2406.022999999999
2025-10-01,B2M3M,0.0,1123.0349999999999
2022-06-01,D9Y0V,0.0,1896.4629999999995
2021-08-01,D9Y0V,0.0,1881.2369999999992
2022-07-01,U2G6B,0.0,460.45400000000006
2025-04-01,U2G6B,0.0,502.40399999999994
2024-11-01,U2G6B,0.0,500.0730000000001
2023-08-01,00D,0.0,0.0
2021-12-01,00D,0.0,0.0
2025-02-01,00D,0.0,0.0
2024-03-01,00K,0.0,0.0
2023-02-01,00K,0.0,0.0
2024-10-01,00K,0.0,0.0
2026-03-01,00M,0.0,0.0
2023-08-01,02R,0.0,0.0
2024-09-01,02R,0.0,0.0
2021-10-01,02V,0.0,0.0
2023-05-01,03A,0.0,0.0
2024-08-01,03J,0.0,0.0
2024-07-01,03J,0.0,0.0
2021-08-01,03M,0.0,0.0
2021-06-01,03Y,0.0,0.0
2025-12-01,04E,0.0,0.0
2025-06-01,04E,0.0,0.0
2026-01-01,04F,0.0,0.0
2025-02-01,04L,0.0,0.0
2023-08-01,04L,0.0,0.0
2021-06-01,04M,0.0,0.0
2025-10-01,04M,0.0,0.0
2022-04-01,04Q,0.0,0.0
2025-05-01,04Q,0.0,0.0
2024-08-01,04Q,0.0,0.0
2022-06-01,04Q,0.0,0.0
2025-11-01,04R,0.0,0.0
2024-02-01,04X,0.0,0.0
2023-11-01,05A,0.0,0.0
2024-02-01,05F,0.0,0.0
2023-09-01,05F,0.0,0.0
2022-02-01,05L,0.0,0.0
2026-01-01,05L,0.0,0.0
2023-08-01,05N,0.0,0.0
2022-12-01,05N,0.0,0.0
2025-11-01,05N,0.0,0.0
2021-11-01,05R,0.0,0.0
2024-11-01,05T,0.0,0.0
2021-08-01,05X,0.0,0.0
2022-02-01,05X,0.0,0.0
2025-03-01,05X,0.0,0.0
2024-10-01,05Y,0.0,0.0
2022-12-01,06A,0.0,0.0
2021-10-01,06F,0.0,0.0
2022-04-01,07L,0.0,0.0
2021-12-01,07M,0.0,0.0
2022-07-01,07N,0.0,0.0
2024-12-01,07N,0.0,0.0
2023-06-01,07N,0.0,0.0
2026-05-01,07P,0.0,0.0
2023-06-01,07P,0.0,0.0
2023-10-01,07P,0.0,0.0
2025-02-01,07P,0.0,0.0
2023-05-01,07T,0.0,0.0
2025-04-01,07T,0.0,0.0
2021-10-01,07W,0.0,0.0
2024-11-01,07X,0.0,0.0
2022-07-01,07X,0.0,0.0
2023-12-01,07Y,0.0,0.0
2023-10-01,07Y,0.0,0.0
2022-04-01,08A,0.0,0.0
2023-02-01,08C,0.0,0.0
2021-10-01,08D,0.0,0.0
2025-06-01,08E,0.0,0.0
2021-11-01,08F,0.0,0.0
2022-08-01,08G,0.0,0.0
2024-12-01,08G,0.0,0.0
2026-05-01,08J,0.0,0.0
2024-06-01,08K,0.0,0.0
2021-07-01,08K,0.0,0.0
2025-07-01,08L,0.0,0.0
2021-09-01,08L,0.0,0.0
2022-09-01,08L,0.0,0.0
2026-01-01,08M,0.0,0.0
2021-08-01,08N,0.0,0.0
2022-04-01,08N,0.0,0.0
2025-05-01,08Q,0.0,0.0
2021-06-01,08Q,0.0,0.0
2024-02-01,08V,0.0,0.0
2023-09-01,08V,0.0,0.0
2022-01-01,08Y,0.0,0.0
2023-05-01,09A,0.0,0.0
2023-03-01,09G,0.0,0.0
2024-01-01,09L,0.0,0.0
2021-06-01,09P,0.0,0.0
2023-06-01,09P,0.0,0.0
2024-09-01,09Y,0.0,0.0
2022-07-01,09Y,0.0,0.0
2024-10-01,09Y,0.0,0.0
2022-05-01,09Y,0.0,0.0
2022-10-01,09Y,0.0,0.0
2023-11-01,10A,0.0,0.0
2026-03-01,10D,0.0,0.0
2023-06-01,10E,0.0,0.0
2024-12-01,10E,0.0,0.0
2022-10-01,10E,0.0,0.0
2024-02-01,10J,0.0,0.0
2022-09-01,10K,0.0,0.0
2023-04-01,10L,0.0,0.0
2023-01-01,10L,0.0,0.0
2025-03-01,10L,0.0,0.0
2024-02-01,10L,0.0,0.0
2023-10-01,10L,0.0,0.0
2024-03-01,10M,0.0,0.0
2024-12-01,10V,0.0,0.0
2024-10-01,11A,0.0,0.0
2022-09-01,11A,0.0,0.0
2022-08-01,11A,0.0,0.0
2022-04-01,11T,0.0,0.0
2021-06-01,13P,0.0,0.0
2026-04-01,13P,0.0,0.0
2024-05-01,13P,0.0,0.0
2025-06-01,15D,0.0,0.0
2026-03-01,99D,0.0,0.0
2023-07-01,99D,0.0,0.0
2023-06-01,99H,0.0,0.0
2024-06-01,99H,0.0,0.0
2026-04-01,99H,0.0,0.0
2022-09-01,99J,0.0,0.0
2021-06-01,99M,0.0,0.0
2024-12-01,99N,0.0,0.0
2024-05-01,99P,0.0,0.0
2022-07-01,99Q,0.0,0.0
2024-02-01,99Q,0.0,0.0
2025-10-01,D4U1Y,0.0,0.0
2023-08-01,D4U1Y,0.0,0.0
2024-12-01,D4U1Y,0.0,0.0
2021-07-01,D4U1Y,0.0,0.0
2021-12-01,00P,2.81278,285.70699999999994
2023-08-01,00Q,2.99078,183.93500000000006
2022-11-01,01G,7.62297,306.898
2022-10-01,01G,15.22739,305.56000000000006
2023-03-01,01H,3.82751,332.02599999999995
2025-05-01,01W,12.7742,329.466
2024-02-01,03F,3.00889,314.328
2022-04-01,11J,28.48866,820.051
2021-06-01,11M,8.09664,668.359
2021-08-01,15C,236.22468999999998,1046.7489999999998
2022-10-01,15E,8.94584,1575.2250000000006
2022-07-01,15N,7.636,1272.9760000000008
2025-11-01,18C,4.91512,835.1989999999998
2025-11-01,36L,4.42105,1778.596000000001
2025-05-01,52R,17.65075,1154.9199999999998
2021-08-01,71E,14.03596,800.5260000000003
2022-04-01,84H,15.25792,560.7200000000003
2023-01-01,92G,5.63387,990.3560000000002
2026-02-01,93C,6.35936,1826.5870000000002
2022-06-01,93C,16.87312,1751.8549999999993
2025-05-01,D2P2L,10.53873,1342.6309999999994
2021-06-01,D2P2L,5.7797,1278.9480000000003
2022-10-01,U2G6B,15.22739,462.9360000000001
2023-02-01,U2G6B,15.27421,466.5430000000001
2023-02-01,00L,0.0,335.363
2022-03-01,00L,0.0,333.252
2021-10-01,00N,0.0,158.75499999999997
2021-07-01,00P,0.0,284.69
2025-08-01,00Q,0.0,188.393
2022-10-01,00Q,0.0,181.97700000000003
2024-11-01,00Q,0.0,187.52800000000002
2025-09-01,00Q,0.0,188.58199999999997
2024-01-01,00R,0.0,178.497
2023-11-01,00R,0.0,178.46700000000004
2024-02-01,00V,0.0,211.326
2023-06-01,00X,0.0,190.09599999999998
2024-04-01,00X,0.0,191.76900000000003
2024-05-01,00Y,0.0,268.86500000000007
2024-10-01,01A,0.0,409.6839999999998
2026-01-01,01F,0.0,135.89100000000002
2024-11-01,01G,0.0,321.44199999999995
2021-10-01,01J,0.0,169.62900000000002
2026-02-01,01K,0.0,354.401
2022-06-01,01T,0.0,157.181
2023-05-01,01T,0.0,157.92300000000003
2021-12-01,01V,0.0,126.53599999999999
2023-09-01,01X,0.0,201.28900000000004
2026-04-01,02E,0.0,230.26100000000002
2025-06-01,02E,0.0,230.822
2022-10-01,02E,0.0,225.19700000000003
2025-03-01,02G,0.0,118.27600000000001
2022-08-01,02H,0.0,339.61799999999994
2021-06-01,02H,0.0,335.583
2023-11-01,02H,0.0,346.484
2023-07-01,02M,0.0,184.588
2024-04-01,02M,0.0,185.439
2025-03-01,02Q,0.0,128.132
2021-11-01,02Q,0.0,121.41299999999998
2026-06-01,02Q,0.0,128.889
2024-04-01,02T,0.0,224.51500000000004
2023-02-01,02X,0.0,331.3559999999999
2024-09-01,02X,0.0,339.0310000000001
2024-08-01,03F,0.0,314.40700000000004
2025-11-01,03L,0.0,277.03999999999996
2026-06-01,03L,0.0,276.654
2026-04-01,03Q,0.0,248.57100000000003
2023-03-01,03R,0.0,391.9720000000001
2024-02-01,03R,0.0,396.4449999999999
2022-09-01,03R,0.0,390.2300000000001
2024-02-01,03W,0.0,357.8289999999999
2022-11-01,04C,0.0,430.823
2024-01-01,04Y,0.0,139.31600000000003
2024-07-01,04Y,0.0,140.08399999999997
2024-08-01,04Y,0.0,140.18900000000002
2024-03-01,05G,0.0,231.359
2022-03-01,05G,0.0,218.06000000000003
2023-07-01,05Q,0.0,221.128
2021-08-01,05Q,0.0,217.05800000000002
2022-02-01,05Q,0.0,218.01800000000003
2024-04-01,06H,0.0,1047.011
2025-03-01,06L,0.0,418.9059999999999
2024-05-01,06N,0.0,687.6659999999999
2026-06-01,06Q,0.0,426.472
2021-10-01,06T,0.0,362.83199999999994
2024-10-01,06T,0.0,377.12800000000004
2026-01-01,06T,0.0,382.03299999999996
2022-03-01,07G,0.0,184.35999999999999
2024-09-01,07H,0.0,334.81000000000006
2024-04-01,07H,0.0,332.532
2025-08-01,07K,0.0,280.769
2026-04-01,07K,0.0,280.62699999999995
2026-06-01,07K,0.0,280.438
2022-12-01,09D,0.0,331.759
2024-07-01,09D,0.0,333.14000000000004
2021-08-01,10Q,0.0,782.8509999999997
2024-05-01,10Q,0.0,819.4230000000001
2025-02-01,10R,0.0,235.722
2025-10-01,10R,0.0,234.41400000000002
2023-04-01,11N,0.0,600.327
2025-05-01,11N,0.0,605.9250000000001
2024-10-01,11N,0.0,605.8910000000001
2024-07-01,11X,0.0,606.1650000000003
2023-04-01,12F,0.0,341.581
2023-03-01,13T,0.0,547.316
2022-07-01,15A,0.0,570.9019999999999
2024-01-01,15A,0.0,583.5060000000001
2024-08-01,15A,0.0,586.85
2025-06-01,15F,0.0,942.8490000000003
2023-02-01,15F,0.0,919.1260000000001
2026-02-01,15M,0.0,1144.026000000001
2025-04-01,16C,0.0,739.5689999999997
2024-05-01,18C,0.0,829.6839999999999
2025-01-01,36L,0.0,1775.307
2026-01-01,36L,0.0,1776.5229999999997
2021-08-01,42D,0.0,551.9480000000001
2025-08-01,70F,0.0,950.8210000000001
2022-12-01,71E,0.0,812.4609999999997
2022-01-01,72Q,0.0,2047.0039999999997
2025-12-01,78H,0.0,852.5679999999998
2023-10-01,78H,0.0,832.5409999999998
2022-04-01,91Q,0.0,1964.6439999999989
2025-03-01,91Q,0.0,2037.2010000000016
2021-06-01,92A,0.0,1261.8099999999993
2025-08-01,92A,0.0,1304.6740000000004
2025-11-01,97R,0.0,577.373
2025-05-01,97R,0.0,577.2390000000003
2023-12-01,97R,0.0,574.5459999999999
2023-11-01,99A,0.0,584.617
2023-05-01,99C,0.0,225.93699999999998
2025-10-01,99C,0.0,229.378
2024-09-01,99E,0.0,294.45699999999994
2023-06-01,99F,0.0,186.85100000000006
2022-04-01,99G,0.0,190.537
2024-08-01,D2P2L,0.0,1337.2649999999999
2026-05-01,D2P2L,0.0,1336.7079999999999
2022-08-01,X2C4Y,0.0,451.44800000000004
2026-06-01,00J,0.0,0.0
2023-01-01,00K,0.0,0.0
2023-12-01,00K,0.0,0.0
2023-03-01,00M,0.0,0.0
2026-06-01,01R,0.0,0.0
2022-12-01,02F,0.0,0.0
2021-10-01,02R,0.0,0.0
2025-09-01,02R,0.0,0.0
2026-04-01,02V,0.0,0.0
2025-12-01,02W,0.0,0.0
2021-12-01,03J,0.0,0.0
2025-07-01,03M,0.0,0.0
2022-04-01,03T,0.0,0.0
2024-01-01,03T,0.0,0.0
2021-10-01,04D,0.0,0.0
2024-02-01,04D,0.0,0.0
2022-12-01,04E,0.0,0.0
2025-03-01,04E,0.0,0.0
2022-06-01,04J,0.0,0.0
2024-09-01,04J,0.0,0.0
2022-04-01,04K,0.0,0.0
2023-09-01,04L,0.0,0.0
2023-11-01,04Q,0.0,0.0
2022-10-01,04Q,0.0,0.0
2025-04-01,04R,0.0,0.0
2025-12-01,04R,0.0,0.0
2024-06-01,04X,0.0,0.0
2022-06-01,04X,0.0,0.0
2021-12-01,05A,0.0,0.0
2022-09-01,05H,0.0,0.0
2025-02-01,05H,0.0,0.0
2024-08-01,05N,0.0,0.0
2022-12-01,05R,0.0,0.0
2021-08-01,05T,0.0,0.0
2022-02-01,05T,0.0,0.0
2026-04-01,05X,0.0,0.0
2022-03-01,05Y,0.0,0.0
2022-04-01,05Y,0.0,0.0
2024-11-01,06A,0.0,0.0
2021-08-01,06M,0.0,0.0
2024-12-01,06W,0.0,0.0
2022-07-01,06Y,0.0,0.0
2022-09-01,07N,0.0,0.0
2026-01-01,07N,0.0,0.0
2021-07-01,07R,0.0,0.0
2024-02-01,07R,0.0,0.0
2025-05-01,07R,0.0,0.0
2025-08-01,07V,0.0,0.0
2023-04-01,07W,0.0,0.0
2023-06-01,07W,0.0,0.0
2023-05-01,07W,0.0,0.0
2025-11-01,07X,0.0,0.0
2025-01-01,07Y,0.0,0.0
2021-11-01,07Y,0.0,0.0
2021-12-01,08A,0.0,0.0
2023-03-01,08A,0.0,0.0
2022-01-01,08C,0.0,0.0
2022-12-01,08D,0.0,0.0
2022-10-01,08E,0.0,0.0
2022-06-01,08F,0.0,0.0
2022-11-01,08F,0.0,0.0
2021-06-01,08G,0.0,0.0
2024-08-01,08G,0.0,0.0
2024-06-01,08J,0.0,0.0
2021-09-01,08K,0.0,0.0
2026-06-01,08K,0.0,0.0
2022-02-01,08K,0.0,0.0
2022-05-01,08M,0.0,0.0
2025-09-01,08M,0.0,0.0
2021-12-01,08N,0.0,0.0
2024-04-01,08N,0.0,0.0
2025-01-01,08Q,0.0,0.0
2024-03-01,08Q,0.0,0.0
2024-07-01,08Q,0.0,0.0
2024-09-01,08R,0.0,0.0
2024-10-01,08V,0.0,0.0
2026-06-01,08V,0.0,0.0
2025-06-01,08V,0.0,0.0
2026-01-01,08W,0.0,0.0
2022-11-01,08W,0.0,0.0
2025-05-01,08Y,0.0,0.0
2025-04-01,09C,0.0,0.0
2026-05-01,09C,0.0,0.0
2023-10-01,09F,0.0,0.0
2024-11-01,09J,0.0,0.0
2024-09-01,09L,0.0,0.0
2026-03-01,09L,0.0,0.0
2023-10-01,09W,0.0,0.0
2025-08-01,09W,0.0,0.0
2025-06-01,09Y,0.0,0.0
2022-01-01,09Y,0.0,0.0
2024-10-01,10A,0.0,0.0
2024-06-01,10A,0.0,0.0
2025-05-01,10E,0.0,0.0
2022-04-01,10E,0.0,0.0
2023-05-01,10E,0.0,0.0
2026-06-01,10E,0.0,0.0
2024-10-01,10E,0.0,0.0
2026-01-01,10K,0.0,0.0
2022-04-01,10L,0.0,0.0
2021-10-01,10M,0.0,0.0
2022-02-01,10V,0.0,0.0
2025-11-01,10W,0.0,0.0
2024-03-01,10W,0.0,0.0
2026-01-01,10X,0.0,0.0
2024-07-01,11A,0.0,0.0
2024-02-01,11A,0.0,0.0
2024-08-01,11E,0.0,0.0
2026-02-01,11T,0.0,0.0
2022-10-01,11T,0.0,0.0
2023-07-01,12D,0.0,0.0
2025-01-01,12D,0.0,0.0
2024-02-01,13P,0.0,0.0
2025-12-01,13P,0.0,0.0
2024-05-01,15D,0.0,0.0
2026-05-01,15D,0.0,0.0
2024-09-01,15D,0.0,0.0
2025-07-01,99H,0.0,0.0
2022-09-01,99H,0.0,0.0
2026-06-01,99J,0.0,0.0
2024-06-01,99K,0.0,0.0
2022-12-01,99M,0.0,0.0
2024-11-01,99N,0.0,0.0
2024-10-01,99P,0.0,0.0
2023-10-01,99P,0.0,0.0
2021-10-01,00P,2.80796,284.829
2024-01-01,01G,8.19469,315.3659999999999
2024-05-01,01H,4.13549,334.8819999999999
2026-02-01,01H,8.84214,337.633
2026-01-01,01W,6.38795,330.76699999999994
2023-08-01,02Y,6.10029,312.526
2026-01-01,03N,12.16779,638.3969999999999
2024-06-01,06K,4.13549,632.5630000000002
2025-04-01,07G,5.88357,190.572
2023-04-01,11J,27.596,825.438
2023-11-01,14Y,6.28869,587.4069999999999
2025-08-01,15M,22.36036,1144.6179999999993
2023-11-01,15M,27.228180000000002,1129.2740000000003
2025-07-01,15M,66.54477,1143.8440000000003
2026-01-01,15N,8.83274,1298.0879999999997
2024-04-01,15N,6.60396,1293.736999999999
2026-04-01,26A,5.88441,1099.9040000000002
2021-11-01,36J,5.60881,646.851
2025-06-01,36J,4.42057,669.7119999999999
2024-10-01,36J,9.30008,669.68
2022-09-01,52R,3.80415,1120.8079999999998
2021-11-01,52R,2.8106,1114.7469999999998
2021-07-01,92G,18.00359,971.8130000000001
2022-11-01,92G,2.81728,987.3340000000002
2025-09-01,99A,51.02411,597.167
2021-11-01,99F,5.60881,186.04500000000002
2022-08-01,D2P2L,28.68495,1291.9270000000004
2024-08-01,00N,0.0,159.971
2022-02-01,00Q,0.0,181.088
2023-05-01,00R,0.0,177.452
2023-03-01,00Y,0.0,264.2650000000001
2021-11-01,00Y,0.0,261.62600000000003
2024-09-01,01A,0.0,409.3740000000001
2025-09-01,01D,0.0,253.55399999999995
2026-06-01,01D,0.0,253.33899999999997
2025-07-01,01G,0.0,323.503
2025-03-01,01J,0.0,173.88400000000004
2024-12-01,01K,0.0,356.491
2024-09-01,01K,0.0,355.317
2022-12-01,01T,0.0,157.67800000000003
2022-07-01,01T,0.0,157.26199999999997
2022-01-01,01V,0.0,126.53000000000002
2023-07-01,02E,0.0,227.183
2022-06-01,02G,0.0,115.61200000000001
2025-07-01,02H,0.0,352.6239999999999
2021-12-01,02M,0.0,182.239
2024-11-01,02M,0.0,187.11800000000005
2022-02-01,02P,0.0,265.224
2025-07-01,02Q,0.0,128.549
2024-06-01,02T,0.0,224.93700000000004
2023-10-01,02X,0.0,334.53099999999995
2025-03-01,02X,0.0,340.02599999999995
2021-08-01,02Y,0.0,307.521
2024-07-01,03F,0.0,314.498
2026-03-01,03H,0.0,174.482
2025-09-01,03K,0.0,185.76100000000002
2026-02-01,03K,0.0,185.03300000000002
2024-06-01,03K,0.0,185.01400000000004
2025-08-01,03R,0.0,400.40399999999994
2024-02-01,04C,0.0,448.75700000000006
2021-11-01,04C,0.0,423.7680000000001
2021-12-01,04V,0.0,408.12299999999993
2021-11-01,04V,0.0,407.41799999999984
2022-09-01,04Y,0.0,136.532
2023-02-01,05D,0.0,150.245
2021-08-01,05G,0.0,216.79500000000002
2024-03-01,05V,0.0,155.34600000000003
2023-07-01,05W,0.0,292.295
2025-03-01,05W,0.0,300.484
2021-08-01,05W,0.0,296.555
2021-06-01,06K,0.0,613.543
2025-10-01,06N,0.0,694.3330000000002
2022-12-01,06Q,0.0,409.508
2022-11-01,06Q,0.0,408.7770000000001
2026-05-01,06T,0.0,381.135
2026-02-01,07G,0.0,190.20399999999998
2023-01-01,07G,0.0,185.61099999999996
2024-01-01,07G,0.0,188.375
2024-04-01,07G,0.0,189.37999999999994
2023-09-01,07G,0.0,187.21200000000002
2024-03-01,07H,0.0,332.31
2021-10-01,07H,0.0,323.7599999999999
2021-09-01,07H,0.0,323.75500000000005
2024-08-01,07K,0.0,279.094
2025-12-01,07K,0.0,280.962
2023-08-01,09D,0.0,329.913
2025-04-01,09D,0.0,333.38100000000014
2023-11-01,09D,0.0,332.643
2024-09-01,10Q,0.0,820.9699999999998
2021-09-01,11M,0.0,670.6339999999999
2025-10-01,11M,0.0,698.9329999999999
2025-09-01,11M,0.0,698.383
2023-07-01,11M,0.0,684.5840000000002
2024-12-01,11N,0.0,606.1829999999999
2024-12-01,11X,0.0,608.175
2023-09-01,11X,0.0,602.6079999999998
2024-02-01,14Y,0.0,589.6759999999999
2022-06-01,15A,0.0,569.984
2024-04-01,15A,0.0,585.1129999999999
2025-05-01,15A,0.0,590.0099999999999
2024-07-01,15C,0.0,1089.7730000000001
2026-03-01,15F,0.0,941.9459999999999
2021-07-01,15N,0.0,1259.5619999999997
2022-10-01,15N,0.0,1276.248
2026-02-01,16C,0.0,740.87
2024-12-01,18C,0.0,833.1869999999999
2022-12-01,26A,0.0,1087.8490000000002
2025-02-01,42D,0.0,568.3359999999999
2024-03-01,52R,0.0,1145.618
2025-06-01,70F,0.0,949.6909999999999
2023-04-01,84H,0.0,563.795
2024-02-01,91Q,0.0,2013.471
2022-03-01,92A,0.0,1272.3509999999999
2021-08-01,92A,0.0,1265.3870000000006
2026-01-01,92G,0.0,1013.4250000000002
2025-07-01,93C,0.0,1836.05
2022-01-01,93C,0.0,1742.484
2021-12-01,97R,0.0,566.0369999999999
2025-06-01,97R,0.0,577.3400000000001
2023-08-01,99F,0.0,187.09600000000003
2021-10-01,99G,0.0,190.295
2024-03-01,B2M3M,0.0,1102.4620000000002
2022-02-01,D2P2L,0.0,1286.3599999999994
2022-12-01,M1J4Y,0.0,1093.188
2023-08-01,W2U3Z,0.0,2848.0269999999987
2023-05-01,X2C4Y,0.0,455.349
2021-08-01,X2C4Y,0.0,448.25499999999994
2026-02-01,X2C4Y,0.0,462.0619999999999
2025-11-01,X2C4Y,0.0,462.54999999999984
2024-06-01,00D,0.0,0.0
2024-01-01,00D,0.0,0.0
2025-11-01,00D,0.0,0.0
2024-10-01,00J,0.0,0.0
2023-06-01,00J,0.0,0.0
2022-09-01,00J,0.0,0.0
2026-03-01,00J,0.0,0.0
2024-11-01,00K,0.0,0.0
2026-04-01,00M,0.0,0.0
2021-08-01,00M,0.0,0.0
2025-06-01,01R,0.0,0.0
2023-01-01,01R,0.0,0.0
2023-11-01,02F,0.0,0.0
2024-02-01,02R,0.0,0.0
2026-06-01,02W,0.0,0.0
2023-10-01,03A,0.0,0.0
2025-06-01,03J,0.0,0.0
2022-12-01,03T,0.0,0.0
2022-06-01,03T,0.0,0.0
2023-04-01,03Y,0.0,0.0
2026-04-01,03Y,0.0,0.0
2022-10-01,04G,0.0,0.0
2024-02-01,04G,0.0,0.0
2022-12-01,04H,0.0,0.0
2022-12-01,04J,0.0,0.0
2024-02-01,04J,0.0,0.0
2024-07-01,04M,0.0,0.0
2023-01-01,04Q,0.0,0.0
2024-03-01,04Q,0.0,0.0
2024-05-01,04R,0.0,0.0
2023-10-01,04R,0.0,0.0
2023-02-01,04X,0.0,0.0
2022-07-01,04X,0.0,0.0
2023-12-01,04X,0.0,0.0
2023-05-01,05A,0.0,0.0
2022-03-01,05A,0.0,0.0
2026-04-01,05C,0.0,0.0
2023-02-01,05F,0.0,0.0
2022-08-01,05H,0.0,0.0
2025-12-01,05H,0.0,0.0
2021-09-01,05H,0.0,0.0
2023-02-01,05X,0.0,0.0
2025-02-01,05X,0.0,0.0
2025-04-01,06D,0.0,0.0
2024-12-01,06D,0.0,0.0
2025-06-01,06D,0.0,0.0
2026-02-01,06F,0.0,0.0
2022-05-01,06F,0.0,0.0
2023-11-01,06M,0.0,0.0
2025-02-01,06M,0.0,0.0
2024-10-01,06P,0.0,0.0
2022-10-01,06P,0.0,0.0
2022-09-01,06W,0.0,0.0
2024-11-01,06W,0.0,0.0
2022-11-01,06W,0.0,0.0
2022-10-01,06Y,0.0,0.0
2025-01-01,06Y,0.0,0.0
2025-03-01,06Y,0.0,0.0
2026-03-01,07L,0.0,0.0
2022-01-01,07N,0.0,0.0
2021-07-01,07V,0.0,0.0
2024-02-01,07X,0.0,0.0
2026-06-01,07X,0.0,0.0
2022-07-01,07Y,0.0,0.0
2025-08-01,08C,0.0,0.0
2023-02-01,08D,0.0,0.0
2023-08-01,08D,0.0,0.0
2021-07-01,08D,0.0,0.0
2021-08-01,08D,0.0,0.0
2022-06-01,08E,0.0,0.0
2023-01-01,08E,0.0,0.0
2026-06-01,08E,0.0,0.0
2023-10-01,08G,0.0,0.0
2025-09-01,08G,0.0,0.0
2025-03-01,08H,0.0,0.0
2023-03-01,08J,0.0,0.0
2025-03-01,08L,0.0,0.0
2024-10-01,08M,0.0,0.0
2023-05-01,08M,0.0,0.0
2024-10-01,08Q,0.0,0.0
2023-08-01,08Q,0.0,0.0
2024-01-01,08R,0.0,0.0
2021-11-01,08T,0.0,0.0
2023-03-01,08V,0.0,0.0
2022-04-01,08W,0.0,0.0
2024-04-01,08W,0.0,0.0
2023-07-01,08X,0.0,0.0
2021-08-01,08X,0.0,0.0
2024-04-01,08Y,0.0,0.0
2025-11-01,08Y,0.0,0.0
2022-07-01,08Y,0.0,0.0
2024-01-01,09A,0.0,0.0
2024-11-01,09E,0.0,0.0
2025-02-01,09F,0.0,0.0
2025-02-01,09J,0.0,0.0
2024-11-01,09L,0.0,0.0
2022-07-01,09P,0.0,0.0
2025-02-01,10A,0.0,0.0
2025-12-01,10D,0.0,0.0
2022-12-01,10D,0.0,0.0
2026-05-01,10D,0.0,0.0
2023-01-01,10E,0.0,0.0
2025-12-01,10E,0.0,0.0
2022-07-01,10E,0.0,0.0
2021-06-01,10K,0.0,0.0
2026-04-01,10L,0.0,0.0
2025-05-01,10L,0.0,0.0
2023-05-01,10M,0.0,0.0
2024-10-01,10V,0.0,0.0
2023-09-01,10W,0.0,0.0
2022-11-01,10W,0.0,0.0
2022-03-01,10X,0.0,0.0
2026-03-01,10X,0.0,0.0
2023-03-01,11E,0.0,0.0
2025-03-01,11E,0.0,0.0
2024-12-01,11E,0.0,0.0
2026-02-01,11E,0.0,0.0
2025-04-01,11E,0.0,0.0
2021-12-01,11H,0.0,0.0
2022-07-01,11H,0.0,0.0
2023-04-01,11H,0.0,0.0
2022-06-01,11T,0.0,0.0
2021-10-01,15D,0.0,0.0
2023-01-01,15D,0.0,0.0
2024-06-01,99D,0.0,0.0
2022-08-01,99D,0.0,0.0
2023-01-01,99D,0.0,0.0
2024-09-01,99J,0.0,0.0
2023-04-01,99K,0.0,0.0
2024-08-01,99K,0.0,0.0
2025-05-01,99N,0.0,0.0
2022-01-01,99N,0.0,0.0
2025-07-01,99P,0.0,0.0
2023-12-01,99Q,0.0,0.0
2025-03-01,D4U1Y,0.0,0.0
2024-01-01,D4U1Y,0.0,0.0
2022-12-01,D4U1Y,0.0,0.0
2024-07-01,00P,4.13551,294.92
2021-12-01,02E,2.81278,222.95000000000005
2022-06-01,02E,5.28861,224.16500000000002
2024-07-01,02P,3.09998,270.072
2024-12-01,02Y,3.09987,317.356
2025-11-01,03F,29.71333,314.48499999999996
2024-08-01,03H,2.88881,174.65200000000002
2024-10-01,03H,6.20006,174.69099999999997
2024-03-01,03N,25.89834,638.734
2021-08-01,03W,2.81215,345.59600000000006
2024-12-01,05V,12.20367,156.442
2026-04-01,06Q,5.88441,426.74600000000004
2024-10-01,11J,8.27113,832.8300000000003
2022-03-01,11J,5.6234,819.7380000000002
2024-07-01,11J,4.13551,831.7800000000003
2022-09-01,11M,22.7375,678.45
2023-05-01,14L,4.09934,717.6579999999998
2023-10-01,15M,11.22788,1127.4319999999998
2023-04-01,16C,6.13097,725.794
2026-04-01,36J,2.94841,667.0759999999999
2023-10-01,36L,11.21964,1756.5039999999997
2023-03-01,36L,3.82751,1747.3499999999997
2024-05-01,70F,9.28749,940.7039999999998
2025-05-01,78H,8.82867,850.1509999999996
2022-01-01,91Q,9.01202,1958.8650000000007
2025-09-01,92G,4.42069,1012.5199999999999
2023-08-01,97R,6.72709,573.1079999999998
2023-06-01,99A,11.80235,578.8110000000003
2024-07-01,99A,4.81,590.1709999999999
2023-12-01,A3A8R,8.186,2447.6110000000003
2023-01-01,D2P2L,28.70694,1299.6389999999997
2025-04-01,00L,0.0,341.899
2026-05-01,00L,0.0,345.0159999999999
2024-12-01,00L,0.0,341.4230000000001
2022-02-01,00N,0.0,158.757
2024-03-01,00Q,0.0,185.74900000000002
2025-01-01,00R,0.0,178.95700000000002
2023-04-01,00T,0.0,323.801
2024-04-01,00T,0.0,329.98999999999995
2022-10-01,00X,0.0,189.11999999999998
2025-06-01,00Y,0.0,269.252
2022-08-01,00Y,0.0,262.923
2024-01-01,01A,0.0,404.69999999999993
2024-12-01,01A,0.0,410.46599999999995
2024-09-01,01D,0.0,251.52499999999998
2021-11-01,01D,0.0,241.42199999999997
2023-02-01,01D,0.0,244.92299999999994
2023-10-01,01E,0.0,227.69400000000002
2024-05-01,01E,0.0,230.70800000000006
2025-08-01,01F,0.0,136.31799999999998
2022-07-01,01F,0.0,135.017
2026-04-01,01F,0.0,135.88499999999996
2021-12-01,01J,0.0,169.801
2022-05-01,01T,0.0,157.129
2025-04-01,01T,0.0,161.35099999999997
2021-12-01,01T,0.0,156.99099999999999
2022-09-01,01T,0.0,157.43299999999996
2024-09-01,01W,0.0,328.5379999999999
2023-12-01,01W,0.0,326.439
2022-10-01,01W,0.0,322.2950000000001
2026-06-01,01X,0.0,204.60999999999996
2022-12-01,01Y,0.0,221.26699999999997
2023-07-01,02A,0.0,248.244
2024-12-01,02E,0.0,230.88500000000002
2022-07-01,02G,0.0,115.73500000000001
2022-09-01,02H,0.0,340.00899999999984
2022-07-01,02P,0.0,266.071
2023-10-01,02Q,0.0,125.40899999999999
2021-10-01,02T,0.0,222.37599999999998
2025-04-01,02X,0.0,340.2660000000001
2026-04-01,02X,0.0,340.77600000000007
2022-09-01,02X,0.0,329.8329999999999
2021-07-01,02X,0.0,326.629
2025-05-01,02X,0.0,340.42499999999995
2023-05-01,02Y,0.0,311.55199999999996
2023-05-01,03F,0.0,311.238
2026-01-01,03K,0.0,185.32799999999997
2025-12-01,03K,0.0,185.38600000000002
2024-05-01,03K,0.0,184.93200000000002
2025-05-01,03K,0.0,185.69800000000004
2026-03-01,03L,0.0,276.935
2025-02-01,03L,0.0,275.809
2024-04-01,03R,0.0,397.06899999999996
2025-12-01,03R,0.0,400.61999999999995
2025-04-01,03W,0.0,360.342
2025-04-01,04C,0.0,450.159
2024-04-01,04Y,0.0,139.65699999999998
2024-01-01,05D,0.0,152.66899999999998
2024-10-01,05G,0.0,231.294
2024-11-01,05G,0.0,231.41200000000006
2021-07-01,05V,0.0,151.133
2026-06-01,05W,0.0,299.302
2022-03-01,06H,0.0,1013.211
2023-11-01,06H,0.0,1042.8670000000004
2024-06-01,06H,0.0,1048.9150000000002
2025-06-01,06H,0.0,1057.448
2025-01-01,06K,0.0,635.2129999999997
2024-09-01,06L,0.0,418.013
2024-09-01,06N,0.0,690.592
2022-07-01,06Q,0.0,406.9510000000001
2023-04-01,06Q,0.0,411.03799999999995
2022-11-01,06T,0.0,367.813
2021-07-01,06T,0.0,362.14700000000005
2023-12-01,06T,0.0,374.71099999999996
2022-04-01,06T,0.0,365.777
2023-06-01,07G,0.0,186.32699999999997
2023-01-01,07H,0.0,326.87700000000007
2023-08-01,07H,0.0,329.8269999999999
2025-12-01,07H,0.0,338.054
2026-01-01,10Q,0.0,830.7590000000001
2025-09-01,10Q,0.0,828.648
2024-09-01,10R,0.0,235.14399999999998
2025-08-01,11M,0.0,697.7500000000001
2022-10-01,11M,0.0,679.322
2021-09-01,12F,0.0,339.35399999999987
2022-12-01,13T,0.0,545.971
2025-12-01,14L,0.0,759.3249999999997
2021-10-01,14Y,0.0,576.122
2021-08-01,15A,0.0,560.5430000000002
2024-02-01,15A,0.0,584.197
2025-06-01,15A,0.0,590.2059999999999
2025-04-01,15C,0.0,1096.7329999999997
2025-11-01,15F,0.0,946.5660000000001
2023-03-01,15F,0.0,920.5380000000001
2025-08-01,15N,0.0,1295.988
2025-03-01,18C,0.0,832.7069999999999
2022-01-01,18C,0.0,814.356
2021-12-01,26A,0.0,1080.9429999999998
2025-10-01,26A,0.0,1103.4249999999997
2022-06-01,26A,0.0,1081.7359999999999
2024-02-01,27D,0.0,814.1169999999998
2026-06-01,27D,0.0,823.8129999999998
2026-04-01,36L,0.0,1763.3670000000002
2022-04-01,70F,0.0,922.725
2023-10-01,71E,0.0,817.184
2022-05-01,78H,0.0,813.524
2022-07-01,78H,0.0,815.6090000000002
2025-01-01,84H,0.0,569.7379999999998
2025-06-01,91Q,0.0,2039.6910000000012
2026-05-01,92A,0.0,1297.1709999999998
2024-09-01,92G,0.0,1008.6919999999998
2021-08-01,93C,0.0,1715.5540000000003
2026-04-01,93C,0.0,1815.2210000000005
2023-04-01,97R,0.0,571.3290000000001
2025-12-01,97R,0.0,577.3349999999999
2022-03-01,99C,0.0,224.313
2025-03-01,99C,0.0,228.647
2025-01-01,99E,0.0,295.33299999999997
2025-04-01,99F,0.0,188.40800000000007
2024-09-01,99G,0.0,195.85300000000004
2022-08-01,99G,0.0,190.59199999999996
2022-12-01,B2M3M,0.0,1069.685
2025-09-01,B2M3M,0.0,1118.0510000000004
2024-01-01,M2L0M,0.0,530.5400000000001
2026-02-01,M2L0M,0.0,538.1070000000001
2024-11-01,M2L0M,0.0,536.056
2023-12-01,U2G6B,0.0,492.74500000000006
2025-06-01,00D,0.0,0.0
2024-03-01,00D,0.0,0.0
2023-03-01,00K,0.0,0.0
2023-12-01,00M,0.0,0.0
2023-12-01,02R,0.0,0.0
2022-09-01,02V,0.0,0.0
2025-12-01,02V,0.0,0.0
2025-02-01,02V,0.0,0.0
2025-09-01,02W,0.0,0.0
2026-02-01,03A,0.0,0.0
2023-03-01,03J,0.0,0.0
2024-11-01,03M,0.0,0.0
2022-11-01,03M,0.0,0.0
2024-04-01,03M,0.0,0.0
2021-09-01,03M,0.0,0.0
2025-10-01,03Y,0.0,0.0
2024-06-01,04D,0.0,0.0
2026-05-01,04E,0.0,0.0
2024-08-01,04F,0.0,0.0
2023-11-01,04F,0.0,0.0
2025-02-01,04H,0.0,0.0
2025-10-01,04J,0.0,0.0
2022-10-01,04J,0.0,0.0
2022-09-01,04J,0.0,0.0
2024-04-01,04J,0.0,0.0
2025-10-01,04K,0.0,0.0
2022-06-01,04L,0.0,0.0
2024-05-01,04L,0.0,0.0
2022-09-01,04Q,0.0,0.0
2024-02-01,04R,0.0,0.0
2025-04-01,05F,0.0,0.0
2025-05-01,05F,0.0,0.0
2022-03-01,05R,0.0,0.0
2024-10-01,05R,0.0,0.0
2026-04-01,05R,0.0,0.0
2022-05-01,05T,0.0,0.0
2023-01-01,05X,0.0,0.0
2025-09-01,05X,0.0,0.0
2023-02-01,05Y,0.0,0.0
2025-04-01,05Y,0.0,0.0
2021-09-01,05Y,0.0,0.0
2023-02-01,06A,0.0,0.0
2023-12-01,06F,0.0,0.0
2022-05-01,06M,0.0,0.0
2022-10-01,06M,0.0,0.0
2021-07-01,06P,0.0,0.0
2025-12-01,06P,0.0,0.0
2022-06-01,06P,0.0,0.0
2023-05-01,06P,0.0,0.0
2024-05-01,06W,0.0,0.0
2021-11-01,06W,0.0,0.0
2025-10-01,06W,0.0,0.0
2026-05-01,06Y,0.0,0.0
2024-06-01,06Y,0.0,0.0
2022-12-01,07L,0.0,0.0
2025-05-01,07M,0.0,0.0
2025-11-01,07M,0.0,0.0
2021-11-01,07N,0.0,0.0
2022-05-01,07N,0.0,0.0
2024-02-01,07P,0.0,0.0
2023-01-01,07R,0.0,0.0
2024-12-01,07V,0.0,0.0
2022-03-01,07V,0.0,0.0
2022-05-01,07V,0.0,0.0
2024-11-01,07V,0.0,0.0
2026-05-01,07X,0.0,0.0
2024-06-01,07X,0.0,0.0
2023-10-01,07X,0.0,0.0
2021-06-01,07Y,0.0,0.0
2023-04-01,07Y,0.0,0.0
2025-10-01,08C,0.0,0.0
2025-05-01,08D,0.0,0.0
2026-01-01,08D,0.0,0.0
2024-12-01,08E,0.0,0.0
2021-12-01,08E,0.0,0.0
2025-01-01,08F,0.0,0.0
2026-03-01,08G,0.0,0.0
2023-03-01,08G,0.0,0.0
2025-01-01,08K,0.0,0.0
2025-11-01,08M,0.0,0.0
2025-11-01,08N,0.0,0.0
2021-09-01,08N,0.0,0.0
2022-11-01,08R,0.0,0.0
2023-07-01,08R,0.0,0.0
2024-02-01,08T,0.0,0.0
2023-01-01,08T,0.0,0.0
2025-07-01,08W,0.0,0.0
2021-08-01,08Y,0.0,0.0
2022-04-01,09A,0.0,0.0
2025-05-01,09C,0.0,0.0
2023-01-01,09C,0.0,0.0
2022-07-01,09C,0.0,0.0
2021-08-01,09F,0.0,0.0
2024-02-01,09F,0.0,0.0
2023-12-01,09G,0.0,0.0
2023-05-01,09G,0.0,0.0
2024-09-01,09J,0.0,0.0
2025-10-01,09P,0.0,0.0
2026-02-01,09P,0.0,0.0
2024-12-01,09W,0.0,0.0
2025-12-01,09W,0.0,0.0
2022-06-01,09Y,0.0,0.0
2026-03-01,10C,0.0,0.0
2025-02-01,10C,0.0,0.0
2025-09-01,10D,0.0,0.0
2023-07-01,10D,0.0,0.0
2021-09-01,10D,0.0,0.0
2025-02-01,10D,0.0,0.0
2026-01-01,10D,0.0,0.0
2022-09-01,10J,0.0,0.0
2025-08-01,10L,0.0,0.0
2024-09-01,10L,0.0,0.0
2025-08-01,10M,0.0,0.0
2026-03-01,10V,0.0,0.0
2022-10-01,10X,0.0,0.0
2024-11-01,11A,0.0,0.0
2024-09-01,11A,0.0,0.0
2022-06-01,11A,0.0,0.0
2024-11-01,11E,0.0,0.0
2026-04-01,11E,0.0,0.0
2026-01-01,11E,0.0,0.0
2025-05-01,11E,0.0,0.0
2024-07-01,11T,0.0,0.0
2023-03-01,12D,0.0,0.0
2024-01-01,15D,0.0,0.0
2024-04-01,15D,0.0,0.0
2025-08-01,99D,0.0,0.0
2021-07-01,99H,0.0,0.0
2021-12-01,99H,0.0,0.0
2021-10-01,99H,0.0,0.0
2022-05-01,99N,0.0,0.0
2026-02-01,02H,2.94834,352.3499999999999
2025-09-01,02H,8.84137,352.934
2025-03-01,05V,6.38666,156.5
2026-01-01,07K,2.94838,280.976
2022-02-01,11M,7.59561,674.0269999999998
2022-03-01,11N,5.6358,597.4269999999999
2023-08-01,13T,3.05635,547.6180000000002
2025-01-01,13T,5.88329,561.1360000000001
2021-06-01,15E,14.868300000000001,1554.071999999999
2022-01-01,15E,8.6128,1566.293999999999
2022-09-01,15M,6.6329899999999995,1114.0569999999993
2026-06-01,15N,13.48891,1293.31
2025-06-01,18C,9.82919,833.6060000000001
2025-07-01,36J,2.94804,669.7949999999998
2025-02-01,36L,4.42028,1776.4790000000003
2024-09-01,36L,4.13555,1771.321
2023-08-01,78H,6.016,830.51
2025-11-01,99A,25.51417,603.067
2026-01-01,99F,8.82985,188.30799999999996
2024-02-01,A3A8R,12.60145,2455.1849999999986
2022-05-01,D2P2L,8.69385,1289.491
2024-05-01,D9Y0V,4.13549,1920.4890000000007
2025-01-01,M1J4Y,79.87282,1145.9869999999999
2025-06-01,M1J4Y,30.53881,1147.8790000000004
2023-03-01,M1J4Y,5.63664,1100.7240000000002
2025-09-01,W2U3Z,17.663739999999997,2921.9089999999983
2026-04-01,W2U3Z,5.88441,2916.621999999998
2023-01-01,00N,0.0,159.12200000000007
2021-09-01,00R,0.0,175.17999999999998
2025-10-01,00R,0.0,178.83599999999998
2025-09-01,00R,0.0,178.93800000000002
2021-10-01,00T,0.0,318.64300000000003
2025-09-01,00V,0.0,212.82499999999993
2023-09-01,01A,0.0,402.54999999999995
2023-03-01,01A,0.0,399.4299999999999
2024-10-01,01D,0.0,251.85500000000002
2026-04-01,01E,0.0,239.29600000000002
2023-12-01,01E,0.0,229.00200000000004
2025-05-01,01E,0.0,235.35399999999998
2021-11-01,01F,0.0,135.068
2025-06-01,01G,0.0,323.271
2022-05-01,01V,0.0,126.58899999999998
2021-07-01,01V,0.0,125.954
2025-01-01,01V,0.0,128.407
2025-08-01,01V,0.0,128.947
2022-03-01,01X,0.0,200.31600000000006
2024-09-01,01X,0.0,203.22300000000004
2022-09-01,01X,0.0,200.636
2026-01-01,01Y,0.0,228.90200000000002
2022-04-01,02A,0.0,245.66000000000008
2022-06-01,02A,0.0,246.1579999999999
2024-07-01,02A,0.0,249.015
2024-02-01,02H,0.0,348.1030000000001
2021-09-01,02H,0.0,336.547
2025-03-01,02P,0.0,270.74100000000004
2021-10-01,02P,0.0,264.887
2023-09-01,02P,0.0,268.62100000000004
2022-10-01,02X,0.0,330.02900000000005
2022-10-01,02Y,0.0,309.7930000000001
2023-03-01,02Y,0.0,311.08400000000006
2024-02-01,02Y,0.0,313.917
2023-01-01,02Y,0.0,310.597
2021-11-01,03F,0.0,305.135
2021-09-01,03L,0.0,266.06300000000005
2021-08-01,03L,0.0,265.89799999999997
2023-01-01,03Q,0.0,250.696
2025-11-01,03R,0.0,400.829
2026-01-01,03W,0.0,362.08000000000004
2022-04-01,04V,0.0,409.21599999999995
2023-01-01,04Y,0.0,136.829
2026-04-01,04Y,0.0,140.574
2025-08-01,04Y,0.0,140.75600000000003
2024-04-01,05D,0.0,153.14400000000003
2023-04-01,05D,0.0,150.649
2024-12-01,06L,0.0,418.37500000000006
2024-08-01,06L,0.0,417.71099999999984
2023-11-01,06N,0.0,684.1589999999997
2022-05-01,06N,0.0,670.0010000000003
2023-01-01,06N,0.0,676.0409999999999
2024-09-01,07G,0.0,190.40999999999997
2024-12-01,07G,0.0,190.67200000000003
2024-07-01,07H,0.0,333.80799999999994
2022-05-01,07H,0.0,324.61699999999996
2026-03-01,09D,0.0,326.92799999999994
2025-06-01,09D,0.0,332.4340000000001
2025-01-01,10Q,0.0,828.2359999999999
2025-06-01,10Q,0.0,828.298
2024-05-01,10R,0.0,236.017
2024-02-01,10R,0.0,235.989
2021-07-01,10R,0.0,230.08499999999998
2023-05-01,11M,0.0,683.296
2026-03-01,11N,0.0,604.858
2024-08-01,11N,0.0,604.7000000000002
2022-01-01,11X,0.0,593.9329999999998
2026-01-01,12F,0.0,346.509
2024-10-01,13T,0.0,558.8140000000002
2022-08-01,14Y,0.0,581.168
2026-01-01,15A,0.0,589.556
2023-01-01,15A,0.0,577.0840000000001
2025-02-01,15C,0.0,1096.0049999999999
2026-04-01,15F,0.0,941.1029999999998
2024-04-01,15F,0.0,936.1149999999998
2022-05-01,15F,0.0,909.8860000000004
2023-12-01,36J,0.0,663.1340000000001
2024-01-01,36L,0.0,1762.889000000001
2023-12-01,52R,0.0,1143.21
2025-02-01,70F,0.0,947.5749999999997
2021-12-01,70F,0.0,919.8189999999998
2025-02-01,72Q,0.0,2125.21
2026-06-01,72Q,0.0,2094.8020000000006
2024-08-01,72Q,0.0,2115.456
2022-11-01,72Q,0.0,2065.241
2022-02-01,78H,0.0,810.9250000000002
2022-10-01,84H,0.0,561.256
2023-05-01,92A,0.0,1286.2119999999998
2026-01-01,92A,0.0,1302.4359999999997
2022-07-01,92G,0.0,983.5339999999998
2021-12-01,93C,0.0,1737.5200000000002
2023-04-01,93C,0.0,1781.514999999999
2025-10-01,97R,0.0,577.5380000000001
2024-06-01,97R,0.0,576.019
2024-03-01,99C,0.0,227.24800000000002
2025-01-01,99C,0.0,228.67399999999998
2022-08-01,99C,0.0,224.96200000000005
2023-04-01,99E,0.0,288.95699999999994
2022-06-01,99E,0.0,286.35699999999997
2023-03-01,99F,0.0,186.85799999999998
2021-12-01,99G,0.0,190.403
2022-09-01,D2P2L,0.0,1293.0970000000013
2024-12-01,D2P2L,0.0,1340.555999999999
2022-07-01,D2P2L,0.0,1291.0820000000012
2026-03-01,M1J4Y,0.0,1146.882
2025-08-01,M2L0M,0.0,537.752
2025-09-01,U2G6B,0.0,503.77299999999997
2024-01-01,U2G6B,0.0,493.3299999999999
2023-12-01,X2C4Y,0.0,458.138
2024-09-01,00D,0.0,0.0
2021-12-01,00J,0.0,0.0
2025-12-01,00J,0.0,0.0
2025-09-01,00M,0.0,0.0
2024-04-01,02R,0.0,0.0
2025-08-01,02V,0.0,0.0
2025-10-01,02V,0.0,0.0
2022-06-01,02W,0.0,0.0
2023-11-01,03A,0.0,0.0
2025-06-01,03T,0.0,0.0
2023-11-01,03T,0.0,0.0
2021-06-01,03T,0.0,0.0
2024-03-01,03Y,0.0,0.0
2024-11-01,04D,0.0,0.0
2024-12-01,04E,0.0,0.0
2026-01-01,04E,0.0,0.0
2022-10-01,04E,0.0,0.0
2023-05-01,04F,0.0,0.0
2025-09-01,04F,0.0,0.0
2021-12-01,04G,0.0,0.0
2025-07-01,04G,0.0,0.0
2021-06-01,04J,0.0,0.0
2025-04-01,04K,0.0,0.0
2021-06-01,04K,0.0,0.0
2023-05-01,04L,0.0,0.0
2025-12-01,04L,0.0,0.0
2025-03-01,04M,0.0,0.0
2022-05-01,04Q,0.0,0.0
2021-08-01,04Q,0.0,0.0
2025-06-01,04Q,0.0,0.0
2021-09-01,04R,0.0,0.0
2024-03-01,04X,0.0,0.0
2025-10-01,05A,0.0,0.0
2026-03-01,05A,0.0,0.0
2025-05-01,05L,0.0,0.0
2024-02-01,05N,0.0,0.0
2024-06-01,05N,0.0,0.0
2021-12-01,05R,0.0,0.0
2025-07-01,05T,0.0,0.0
2021-07-01,05X,0.0,0.0
2025-09-01,06A,0.0,0.0
2025-02-01,06A,0.0,0.0
2023-04-01,06D,0.0,0.0
2024-08-01,06D,0.0,0.0
2025-12-01,06F,0.0,0.0
2022-10-01,06F,0.0,0.0
2025-02-01,06F,0.0,0.0
2025-10-01,06M,0.0,0.0
2023-06-01,06M,0.0,0.0
2021-09-01,06M,0.0,0.0
2021-09-01,06P,0.0,0.0
2025-07-01,06P,0.0,0.0
2025-10-01,07L,0.0,0.0
2024-07-01,07M,0.0,0.0
2021-06-01,07M,0.0,0.0
2025-09-01,07P,0.0,0.0
2024-10-01,07T,0.0,0.0
2024-12-01,07T,0.0,0.0
2024-08-01,07V,0.0,0.0
2021-11-01,07X,0.0,0.0
2023-02-01,07X,0.0,0.0
2023-09-01,07X,0.0,0.0
2022-02-01,07X,0.0,0.0
2026-04-01,07Y,0.0,0.0
2021-11-01,08C,0.0,0.0
2022-01-01,08D,0.0,0.0
2026-01-01,08G,0.0,0.0
2025-11-01,08G,0.0,0.0
2021-12-01,08H,0.0,0.0
2025-08-01,08H,0.0,0.0
2024-05-01,08L,0.0,0.0
2024-12-01,08M,0.0,0.0
2022-12-01,08M,0.0,0.0
2023-10-01,08N,0.0,0.0
2025-04-01,08N,0.0,0.0
2023-05-01,08Q,0.0,0.0
2021-12-01,08X,0.0,0.0
2025-09-01,08Y,0.0,0.0
2023-12-01,08Y,0.0,0.0
2025-01-01,09A,0.0,0.0
2023-01-01,09E,0.0,0.0
2022-02-01,09F,0.0,0.0
2025-05-01,09G,0.0,0.0
2024-02-01,09G,0.0,0.0
2023-11-01,09G,0.0,0.0
2022-07-01,09G,0.0,0.0
2023-11-01,09J,0.0,0.0
2022-01-01,09L,0.0,0.0
2025-03-01,09P,0.0,0.0
2026-06-01,09P,0.0,0.0
2022-12-01,09P,0.0,0.0
2021-07-01,10A,0.0,0.0
2025-07-01,10E,0.0,0.0
2026-04-01,10E,0.0,0.0
2026-03-01,10K,0.0,0.0
2025-04-01,10L,0.0,0.0
2025-02-01,10M,0.0,0.0
2023-08-01,10V,0.0,0.0
2021-09-01,10W,0.0,0.0
2022-12-01,10W,0.0,0.0
2022-05-01,10W,0.0,0.0
2023-03-01,10W,0.0,0.0
2023-11-01,10W,0.0,0.0
2022-07-01,11A,0.0,0.0
2024-01-01,11A,0.0,0.0
2024-04-01,11H,0.0,0.0
2021-08-01,12D,0.0,0.0
2025-01-01,13P,0.0,0.0
2024-03-01,13P,0.0,0.0
2022-12-01,15D,0.0,0.0
2022-08-01,99H,0.0,0.0
2024-12-01,99H,0.0,0.0
2026-01-01,99J,0.0,0.0
2023-07-01,99J,0.0,0.0
2026-04-01,99K,0.0,0.0
2025-06-01,99K,0.0,0.0
2023-11-01,99K,0.0,0.0
2023-06-01,99N,0.0,0.0
2022-08-01,99N,0.0,0.0
2026-03-01,99P,0.0,0.0
2024-02-01,D4U1Y,0.0,0.0
2022-05-01,01H,5.62541,329.33200000000016
2024-03-01,02H,4.09626,348.31399999999996
2023-06-01,02X,3.07045,332.55600000000004
2021-08-01,03F,3.81073,304.2989999999999
2023-08-01,03N,73.74395,630.3169999999999
2021-07-01,06N,3.33213,664.6010000000002
2022-11-01,11J,5.62216,823.9890000000003
2025-02-01,11J,4.42028,832.6649999999997
2021-08-01,13T,5.6119,531.3720000000003
2023-11-01,13T,6.11957,553.4950000000001
2022-02-01,14L,2.98951,696.148
2021-10-01,15E,11.9028,1558.8339999999998
2025-04-01,15E,23.084870000000002,1647.693
2025-03-01,36J,5.89558,669.682
2025-04-01,78H,8.82866,849.8109999999999
2022-09-01,92G,15.22898,985.3569999999999
2024-01-01,92G,20.48051,1003.0160000000003
2026-04-01,B2M3M,4.42116,1119.4290000000005
2025-10-01,D2P2L,2.9481,1343.4329999999998
2023-08-01,D9Y0V,25.02591,1903.6319999999994
2026-02-01,W2U3Z,8.83263,2926.919
2023-03-01,W2U3Z,3.52755,2831.613999999998
2023-03-01,00L,0.0,335.5460000000001
2024-02-01,00N,0.0,159.929
2025-07-01,00P,0.0,295.32300000000004
2021-12-01,00Q,0.0,180.82800000000003
2021-07-01,00R,0.0,175.072
2024-08-01,00R,0.0,178.941
2022-05-01,00T,0.0,320.4940000000001
2026-05-01,00T,0.0,334.592
2022-11-01,00V,0.0,209.325
2025-09-01,00X,0.0,194.92199999999994
2022-08-01,00X,0.0,188.75699999999998
2026-01-01,00Y,0.0,268.94
2022-09-01,01A,0.0,397.60900000000004
2024-07-01,01A,0.0,408.093
2023-08-01,01D,0.0,246.73
2024-10-01,01F,0.0,136.605
2022-06-01,01F,0.0,135.05
2021-07-01,01J,0.0,169.22099999999998
2025-11-01,01J,0.0,174.35700000000003
2024-09-01,01V,0.0,128.279
2024-08-01,01W,0.0,328.11600000000004
2021-10-01,01W,0.0,319.439
2022-11-01,01W,0.0,322.50700000000006
2026-03-01,01X,0.0,204.49200000000002
2024-05-01,01X,0.0,202.57799999999997
2026-04-01,01X,0.0,204.45999999999998
2023-10-01,01Y,0.0,223.769
2024-10-01,01Y,0.0,227.72300000000004
2022-01-01,02A,0.0,245.32999999999996
2023-03-01,02G,0.0,116.784
2025-10-01,02H,0.0,352.478
2025-08-01,02M,0.0,187.80600000000004
2022-12-01,02P,0.0,267.05400000000003
2023-01-01,02Q,0.0,123.708
2021-12-01,02T,0.0,222.22899999999998
2025-10-01,02X,0.0,341.336
2025-07-01,02X,0.0,340.736
2024-02-01,02X,0.0,336.06
2022-11-01,03F,0.0,308.5180000000001
2024-04-01,03H,0.0,173.90800000000002
2026-01-01,03H,0.0,174.66900000000004
2025-05-01,03H,0.0,174.68199999999993
2023-10-01,03K,0.0,184.34599999999998
2025-06-01,03K,0.0,185.76400000000004
2023-09-01,03K,0.0,184.349
2026-05-01,03L,0.0,276.818
2022-05-01,03W,0.0,352.678
2021-07-01,04V,0.0,404.71800000000013
2022-06-01,04Y,0.0,136.21699999999998
2021-12-01,04Y,0.0,135.952
2024-12-01,05G,0.0,231.00799999999995
2022-05-01,05G,0.0,217.91399999999993
2026-06-01,05Q,0.0,224.15399999999997
2024-05-01,05V,0.0,155.645
2024-06-01,05V,0.0,155.76500000000001
2023-12-01,05V,0.0,155.195
2024-12-01,05W,0.0,299.95099999999996
2024-01-01,05W,0.0,295.688
2022-01-01,06H,0.0,1011.6809999999999
2025-10-01,06H,0.0,1058.2310000000007
2026-06-01,06K,0.0,635.4970000000001
2022-07-01,06K,0.0,617.6839999999999
2024-06-01,06L,0.0,416.9869999999998
2022-09-01,06N,0.0,673.8740000000003
2023-09-01,06N,0.0,683.175
2024-08-01,06Q,0.0,419.77
2026-02-01,07H,0.0,337.653
2023-07-01,07H,0.0,329.22600000000006
2025-01-01,07H,0.0,335.642
2025-05-01,10Q,0.0,828.2609999999997
2024-04-01,10Q,0.0,818.43
2023-09-01,10R,0.0,234.037
2025-08-01,10R,0.0,235.00300000000001
2021-12-01,11M,0.0,672.783
2021-06-01,11X,0.0,589.6770000000001
2022-02-01,12F,0.0,339.4050000000001
2026-01-01,13T,0.0,562.1839999999999
2024-07-01,14L,0.0,741.087
2024-04-01,14Y,0.0,590.285
2024-12-01,14Y,0.0,595.303
2025-09-01,15A,0.0,590.1750000000001
2025-06-01,15N,0.0,1296.7479999999998
2024-02-01,18C,0.0,828.1549999999999
2022-04-01,18C,0.0,815.3910000000001
2024-10-01,27D,0.0,820.0170000000002
2021-06-01,27D,0.0,788.163
2022-01-01,27D,0.0,795.167
2022-06-01,36J,0.0,650.9819999999999
2025-10-01,36L,0.0,1778.745
2023-11-01,42D,0.0,562.7230000000001
2022-12-01,42D,0.0,558.8129999999999
2023-12-01,42D,0.0,562.8640000000001
2023-04-01,52R,0.0,1137.2349999999994
2022-01-01,70F,0.0,921.3659999999999
2024-03-01,71E,0.0,820.1739999999999
2025-10-01,84H,0.0,570.736
2022-06-01,84H,0.0,560.917
2025-03-01,92A,0.0,1303.4460000000001
2025-09-01,93C,0.0,1835.2399999999993
2023-03-01,99A,0.0,577.32
2022-05-01,99C,0.0,224.376
2023-01-01,99C,0.0,225.44599999999997
2021-10-01,99E,0.0,285.167
2024-01-01,99F,0.0,187.35600000000002
2023-07-01,A3A8R,0.0,2423.94
2021-12-01,A3A8R,0.0,2339.5660000000003
2021-12-01,D2P2L,0.0,1284.0850000000005
2025-09-01,M1J4Y,0.0,1149.31
2022-12-01,M2L0M,0.0,523.3190000000001
2026-01-01,U2G6B,0.0,502.08000000000004
2023-10-01,U2G6B,0.0,490.76599999999996
2022-09-01,X2C4Y,0.0,451.686
2022-02-01,00J,0.0,0.0
2024-06-01,00J,0.0,0.0
2022-05-01,00J,0.0,0.0
2024-12-01,00K,0.0,0.0
2025-07-01,00K,0.0,0.0
2024-03-01,00M,0.0,0.0
2024-12-01,02W,0.0,0.0
2021-06-01,02W,0.0,0.0
2024-08-01,03A,0.0,0.0
2025-11-01,03A,0.0,0.0
2022-05-01,03J,0.0,0.0
2025-08-01,03M,0.0,0.0
2025-01-01,03Y,0.0,0.0
2024-02-01,04E,0.0,0.0
2021-11-01,04E,0.0,0.0
2025-10-01,04G,0.0,0.0
2026-05-01,04G,0.0,0.0
2021-10-01,04G,0.0,0.0
2025-03-01,04H,0.0,0.0
2021-08-01,04J,0.0,0.0
2024-02-01,04K,0.0,0.0
2023-09-01,04K,0.0,0.0
2025-08-01,04L,0.0,0.0
2025-08-01,04M,0.0,0.0
2022-08-01,04Q,0.0,0.0
2026-05-01,04Q,0.0,0.0
2022-09-01,05A,0.0,0.0
2023-04-01,05A,0.0,0.0
2023-01-01,05F,0.0,0.0
2025-10-01,05F,0.0,0.0
2021-08-01,05H,0.0,0.0
2025-05-01,05H,0.0,0.0
2026-03-01,05H,0.0,0.0
2025-08-01,05N,0.0,0.0
2022-11-01,05R,0.0,0.0
2022-11-01,05X,0.0,0.0
2022-08-01,06A,0.0,0.0
2023-12-01,06D,0.0,0.0
2024-06-01,06F,0.0,0.0
2021-09-01,06F,0.0,0.0
2024-08-01,06F,0.0,0.0
2024-08-01,06M,0.0,0.0
2024-12-01,06P,0.0,0.0
2021-12-01,06P,0.0,0.0
2026-04-01,06P,0.0,0.0
2021-10-01,06Y,0.0,0.0
2022-07-01,07M,0.0,0.0
2025-05-01,07N,0.0,0.0
2026-06-01,07P,0.0,0.0
2022-01-01,07R,0.0,0.0
2026-02-01,07V,0.0,0.0
2023-07-01,07W,0.0,0.0
2024-12-01,07W,0.0,0.0
2022-06-01,07W,0.0,0.0
2023-06-01,07X,0.0,0.0
2024-10-01,08A,0.0,0.0
2025-11-01,08A,0.0,0.0
2021-09-01,08A,0.0,0.0
2023-03-01,08C,0.0,0.0
2024-12-01,08D,0.0,0.0
2024-09-01,08D,0.0,0.0
2026-04-01,08D,0.0,0.0
2025-04-01,08D,0.0,0.0
2026-06-01,08D,0.0,0.0
2025-03-01,08E,0.0,0.0
2025-12-01,08E,0.0,0.0
2023-11-01,08F,0.0,0.0
2024-06-01,08F,0.0,0.0
2025-12-01,08F,0.0,0.0
2023-02-01,08F,0.0,0.0
2021-09-01,08G,0.0,0.0
2025-11-01,08H,0.0,0.0
2022-07-01,08J,0.0,0.0
2023-08-01,08J,0.0,0.0
2026-05-01,08L,0.0,0.0
2025-08-01,08M,0.0,0.0
2026-04-01,08M,0.0,0.0
2022-04-01,08Q,0.0,0.0
2024-05-01,08Q,0.0,0.0
2022-01-01,08Q,0.0,0.0
2025-03-01,08R,0.0,0.0
2023-10-01,08R,0.0,0.0
2023-01-01,08R,0.0,0.0
2023-02-01,08R,0.0,0.0
2023-04-01,08R,0.0,0.0
2025-08-01,08V,0.0,0.0
2024-03-01,08V,0.0,0.0
2024-01-01,08V,0.0,0.0
2026-01-01,08V,0.0,0.0
2026-01-01,08X,0.0,0.0
2025-02-01,09A,0.0,0.0
2023-06-01,09E,0.0,0.0
2024-02-01,09E,0.0,0.0
2023-04-01,09F,0.0,0.0
2023-07-01,09F,0.0,0.0
2024-04-01,09G,0.0,0.0
2023-12-01,09J,0.0,0.0
2024-03-01,09J,0.0,0.0
2025-07-01,09Y,0.0,0.0
2026-02-01,09Y,0.0,0.0
2023-10-01,10A,0.0,0.0
2024-05-01,10C,0.0,0.0
2025-11-01,10C,0.0,0.0
2023-01-01,10D,0.0,0.0
2025-03-01,10E,0.0,0.0
2026-06-01,10J,0.0,0.0
2024-08-01,10K,0.0,0.0
2025-10-01,10K,0.0,0.0
2022-01-01,10L,0.0,0.0
2022-06-01,10X,0.0,0.0
2023-12-01,11A,0.0,0.0
2021-10-01,11A,0.0,0.0
2022-02-01,11A,0.0,0.0
2024-12-01,11A,0.0,0.0
2025-02-01,11E,0.0,0.0
2021-07-01,11H,0.0,0.0
2022-10-01,11H,0.0,0.0
2022-01-01,15D,0.0,0.0
2024-01-01,99H,0.0,0.0
2022-12-01,99H,0.0,0.0
2024-07-01,99Q,0.0,0.0
2024-11-01,99Q,0.0,0.0
2022-08-01,99Q,0.0,0.0
2023-03-01,01G,7.64261,309.29699999999997
2022-12-01,01G,13.05716,307.731
2023-04-01,02H,4.09772,342.6009999999999
2024-09-01,02P,3.10001,270.494
2023-08-01,03F,3.05635,311.68100000000004
2024-07-01,03N,57.56622,637.6160000000002
2025-11-01,03N,35.2114,639.9080000000002
2023-10-01,03N,81.34475,638.0750000000003
2023-02-01,03N,99.71958000000001,630.2969999999999
2026-06-01,03N,29.92047,631.0159999999998
2025-02-01,05V,6.38672,156.497
2025-08-01,09D,4.72462,331.376
2022-08-01,11N,3.81598,598.4119999999999
2026-05-01,15E,5.89689,1639.3600000000006
2023-09-01,15M,40.70497,1126.3380000000004
2025-04-01,36J,14.73703,669.5889999999997
2024-07-01,36J,6.19996,668.167
2023-12-01,70F,9.204450000000001,937.3699999999995
2021-07-01,70F,7.60303,915.1800000000003
2022-10-01,71E,5.61532,809.744
2025-12-01,84H,4.42116,572.1309999999999
2022-06-01,91Q,36.01035,1968.6949999999997
2025-02-01,92G,5.88324,1012.812
2021-06-01,D9Y0V,5.94732,1877.7469999999996
2021-11-01,U2G6B,3.80863,456.40799999999996
2021-07-01,W2U3Z,5.76073,2694.3789999999995
2024-09-01,00N,0.0,159.98899999999998
2024-04-01,00N,0.0,159.83699999999996
2021-12-01,00R,0.0,175.476
2022-03-01,00R,0.0,176.20799999999997
2023-10-01,00T,0.0,327.196
2023-11-01,00X,0.0,191.14699999999996
2025-11-01,01A,0.0,411.49399999999986
2024-08-01,01F,0.0,136.46699999999998
2024-06-01,01F,0.0,136.287
2024-08-01,01G,0.0,319.31600000000003
2026-04-01,01G,0.0,325.10499999999996
2025-10-01,01J,0.0,174.363
2024-05-01,01K,0.0,356.316
2022-03-01,01K,0.0,353.715
2023-10-01,01K,0.0,355.08799999999997
2022-12-01,01K,0.0,356.33400000000006
2025-11-01,01T,0.0,161.71899999999997
2025-05-01,01T,0.0,161.39700000000002
2024-05-01,01T,0.0,159.99099999999999
2023-07-01,01T,0.0,158.24999999999994
2025-11-01,01V,0.0,128.95100000000002
2022-09-01,01V,0.0,127.0
2025-01-01,01X,0.0,203.54699999999997
2025-10-01,02A,0.0,249.431
2023-03-01,02A,0.0,248.01399999999998
2025-01-01,02A,0.0,249.404
2022-12-01,02A,0.0,247.69399999999996
2023-08-01,02G,0.0,116.83100000000002
2025-08-01,02G,0.0,118.39199999999998
2025-02-01,02G,0.0,118.32400000000001
2023-08-01,02Q,0.0,125.00600000000001
2022-08-01,02T,0.0,223.037
2023-12-01,02Y,0.0,313.514
2022-05-01,02Y,0.0,308.26
2023-11-01,03K,0.0,184.22600000000003
2025-11-01,03K,0.0,185.55
2021-07-01,03Q,0.0,249.47899999999998
2025-11-01,03Q,0.0,250.05499999999998
2024-09-01,04C,0.0,449.012
2023-09-01,04V,0.0,415.60099999999994
2022-10-01,04Y,0.0,136.582
2025-05-01,05D,0.0,155.061
2022-02-01,05G,0.0,218.089
2021-07-01,05G,0.0,216.84500000000006
2023-12-01,05Q,0.0,221.049
2024-05-01,05Q,0.0,221.62900000000002
2021-09-01,05Q,0.0,217.28099999999998
2024-06-01,05Q,0.0,221.82500000000002
2025-12-01,05V,0.0,157.123
2026-04-01,05W,0.0,300.03299999999996
2022-12-01,06H,0.0,1028.7049999999997
2026-06-01,06L,0.0,417.62999999999994
2021-10-01,06L,0.0,409.15400000000005
2026-03-01,06L,0.0,418.7909999999998
2024-07-01,06T,0.0,377.0210000000001
2024-11-01,07G,0.0,190.63900000000004
2026-06-01,07H,0.0,336.8709999999999
2024-08-01,07H,0.0,334.48599999999993
2025-02-01,07K,0.0,280.09900000000005
2024-09-01,07K,0.0,279.496
2023-02-01,07K,0.0,274.4839999999999
2024-07-01,10Q,0.0,820.0399999999996
2024-03-01,11N,0.0,603.3999999999999
2023-11-01,11X,0.0,603.3259999999999
2025-11-01,13T,0.0,563.0729999999998
2021-07-01,13T,0.0,531.6570000000002
2021-06-01,14L,0.0,677.374
2024-03-01,14L,0.0,737.6719999999999
2023-06-01,15E,0.0,1598.8939999999993
2025-03-01,15F,0.0,944.5230000000003
2026-02-01,15F,0.0,943.6490000000002
2024-12-01,15F,0.0,944.579
2023-06-01,15N,0.0,1283.4229999999995
2022-08-01,18C,0.0,818.533
2021-11-01,18C,0.0,812.9740000000002
2023-03-01,27D,0.0,805.9350000000002
2025-04-01,27D,0.0,822.6160000000001
2023-11-01,27D,0.0,812.0350000000001
2025-12-01,36L,0.0,1778.0950000000003
2024-06-01,70F,0.0,941.7530000000006
2026-06-01,70F,0.0,948.8779999999997
2024-01-01,70F,0.0,937.7959999999996
2024-06-01,71E,0.0,821.4799999999998
2023-06-01,71E,0.0,815.0959999999999
2022-02-01,72Q,0.0,2049.9099999999994
2026-03-01,72Q,0.0,2108.1529999999993
2026-05-01,78H,0.0,850.1380000000001
2021-12-01,78H,0.0,808.8779999999999
2022-12-01,78H,0.0,821.0969999999998
2023-03-01,78H,0.0,823.7620000000003
2026-04-01,91Q,0.0,2041.9029999999998
2023-11-01,91Q,0.0,2005.6420000000007
2025-05-01,92A,0.0,1303.8809999999996
2024-10-01,92A,0.0,1302.1989999999992
2022-08-01,93C,0.0,1754.8839999999996
2026-01-01,93C,0.0,1836.9739999999995
2023-06-01,99G,0.0,192.19799999999998
2021-09-01,99G,0.0,190.37699999999995
2022-05-01,B2M3M,0.0,1052.9709999999998
2025-03-01,B2M3M,0.0,1119.538
2025-02-01,D9Y0V,0.0,1930.7220000000004
2023-08-01,M2L0M,0.0,526.9540000000001
2024-04-01,M2L0M,0.0,531.951
2023-07-01,U2G6B,0.0,469.7170000000001
2023-08-01,X2C4Y,0.0,456.3679999999998
2026-01-01,00J,0.0,0.0
2024-01-01,00M,0.0,0.0
2025-06-01,02F,0.0,0.0
2022-02-01,02F,0.0,0.0
2023-04-01,02V,0.0,0.0
2026-05-01,02V,0.0,0.0
2023-03-01,03A,0.0,0.0
2024-10-01,03A,0.0,0.0
2024-01-01,03J,0.0,0.0
2026-05-01,03T,0.0,0.0
2026-05-01,03Y,0.0,0.0
2022-12-01,03Y,0.0,0.0
2022-03-01,03Y,0.0,0.0
2024-08-01,04D,0.0,0.0
2023-12-01,04E,0.0,0.0
2025-12-01,04H,0.0,0.0
2023-02-01,04H,0.0,0.0
2023-03-01,04K,0.0,0.0
2024-08-01,04K,0.0,0.0
2021-10-01,04K,0.0,0.0
2025-11-01,04L,0.0,0.0
2022-05-01,04L,0.0,0.0
2023-07-01,04M,0.0,0.0
2024-04-01,04M,0.0,0.0
2023-03-01,04Q,0.0,0.0
2024-04-01,04Q,0.0,0.0
2021-06-01,04Q,0.0,0.0
2021-12-01,04R,0.0,0.0
2025-06-01,04R,0.0,0.0
2023-04-01,04X,0.0,0.0
2025-06-01,04X,0.0,0.0
2022-06-01,05H,0.0,0.0
2022-03-01,05H,0.0,0.0
2024-12-01,05H,0.0,0.0
2022-06-01,05L,0.0,0.0
2022-07-01,05N,0.0,0.0
2024-05-01,05N,0.0,0.0
2022-02-01,05N,0.0,0.0
2022-04-01,05R,0.0,0.0
2022-08-01,05R,0.0,0.0
2023-04-01,05R,0.0,0.0
2021-06-01,05R,0.0,0.0
2024-06-01,05X,0.0,0.0
2026-05-01,05Y,0.0,0.0
2023-09-01,06P,0.0,0.0
2026-02-01,06W,0.0,0.0
2021-12-01,07L,0.0,0.0
2023-08-01,07L,0.0,0.0
2024-10-01,07L,0.0,0.0
2025-11-01,07L,0.0,0.0
2021-08-01,07M,0.0,0.0
2021-09-01,07N,0.0,0.0
2025-11-01,07N,0.0,0.0
2023-02-01,07P,0.0,0.0
2022-04-01,07T,0.0,0.0
2026-03-01,07T,0.0,0.0
2023-12-01,07T,0.0,0.0
2023-12-01,07V,0.0,0.0
2023-07-01,07V,0.0,0.0
2023-05-01,07V,0.0,0.0
2026-06-01,07V,0.0,0.0
2025-10-01,07V,0.0,0.0
2021-07-01,07W,0.0,0.0
2026-01-01,08A,0.0,0.0
2022-07-01,08A,0.0,0.0
2024-06-01,08C,0.0,0.0
2023-05-01,08C,0.0,0.0
2022-05-01,08C,0.0,0.0
2022-11-01,08D,0.0,0.0
2025-04-01,08E,0.0,0.0
2023-09-01,08F,0.0,0.0
2023-04-01,08F,0.0,0.0
2023-08-01,08G,0.0,0.0
2024-06-01,08G,0.0,0.0
2022-12-01,08K,0.0,0.0
2022-01-01,08K,0.0,0.0
2022-12-01,08L,0.0,0.0
2021-07-01,08M,0.0,0.0
2021-11-01,08M,0.0,0.0
2023-07-01,08M,0.0,0.0
2024-08-01,08N,0.0,0.0
2025-10-01,08R,0.0,0.0
2026-05-01,08R,0.0,0.0
2025-01-01,08T,0.0,0.0
2022-05-01,08V,0.0,0.0
2024-08-01,08V,0.0,0.0
2023-05-01,08W,0.0,0.0
2026-02-01,08W,0.0,0.0
2025-12-01,08W,0.0,0.0
2023-07-01,08W,0.0,0.0
2023-06-01,09A,0.0,0.0
2022-07-01,09A,0.0,0.0
2023-08-01,09A,0.0,0.0
2026-04-01,09C,0.0,0.0
2021-12-01,09E,0.0,0.0
2025-12-01,09J,0.0,0.0
2023-02-01,09J,0.0,0.0
2026-02-01,09L,0.0,0.0
2021-08-01,09P,0.0,0.0
2023-09-01,10A,0.0,0.0
2025-01-01,10C,0.0,0.0
2021-11-01,10C,0.0,0.0
2023-10-01,10E,0.0,0.0
2022-07-01,10M,0.0,0.0
2023-02-01,10V,0.0,0.0
2023-04-01,10W,0.0,0.0
2026-04-01,10W,0.0,0.0
2023-02-01,11T,0.0,0.0
2023-05-01,11T,0.0,0.0
2023-08-01,13P,0.0,0.0
2026-01-01,13P,0.0,0.0
2025-07-01,15D,0.0,0.0
2025-03-01,99D,0.0,0.0
2026-05-01,99D,0.0,0.0
2023-06-01,99D,0.0,0.0
2026-06-01,99D,0.0,0.0
2021-06-01,99D,0.0,0.0
2023-02-01,99H,0.0,0.0
2025-12-01,99H,0.0,0.0
2025-08-01,99M,0.0,0.0
2022-11-01,99N,0.0,0.0
2026-01-01,99N,0.0,0.0
2021-11-01,99P,0.0,0.0
2023-01-01,99P,0.0,0.0
2022-06-01,99Q,0.0,0.0
2021-11-01,00V,7.60486,208.24500000000006
2024-03-01,01G,8.18011,316.4049999999999
2025-02-01,03H,8.84055,174.67199999999997
2021-10-01,03N,40.56042,618.3340000000002
2021-12-01,11N,2.81278,596.9949999999999
2022-06-01,15M,69.51169,1111.5359999999998
2025-04-01,15M,37.25304,1142.5460000000007
2026-03-01,15N,16.449180000000002,1295.6630000000002
2024-10-01,15N,4.13557,1297.2439999999997
2025-03-01,52R,0.54225,1155.2259999999999
2023-06-01,78H,6.04381,827.6660000000002
2021-10-01,92G,17.99096,974.5060000000001
2026-05-01,93C,54.38484,1810.4079999999994
2024-04-01,A3A8R,6.35856,2449.1069999999986
2024-06-01,A3A8R,6.35855,2457.579999999999
2025-07-01,A3A8R,8.81931,2482.4170000000013
2023-03-01,D9Y0V,63.900059999999996,1914.9979999999996
2025-05-01,M1J4Y,30.53873,1147.33
2024-07-01,M1J4Y,9.29994,1137.905
2025-04-01,M1J4Y,30.53871,1146.9699999999998
2024-03-01,W2U3Z,12.25755,2883.475999999997
2022-02-01,00L,0.0,333.16300000000007
2022-11-01,00L,0.0,334.96
2024-07-01,00N,0.0,160.01100000000002
2023-11-01,00N,0.0,159.75200000000004
2023-02-01,00P,0.0,289.389
2024-05-01,00P,0.0,294.779
2023-01-01,00R,0.0,176.993
2024-04-01,00R,0.0,178.66300000000004
2025-09-01,00Y,0.0,269.283
2023-12-01,00Y,0.0,266.875
2021-12-01,01D,0.0,241.71700000000004
2025-05-01,01D,0.0,252.65200000000002
2022-05-01,01G,0.0,302.448
2026-03-01,01K,0.0,353.809
2025-02-01,01K,0.0,356.672
2024-10-01,01K,0.0,355.046
2025-06-01,01V,0.0,128.717
2021-10-01,01Y,0.0,219.59999999999997
2024-07-01,02G,0.0,117.72800000000001
2026-04-01,02G,0.0,118.587
2023-12-01,02H,0.0,347.07399999999996
2025-05-01,02H,0.0,352.34100000000007
2024-09-01,02M,0.0,186.47199999999998
2022-12-01,02M,0.0,184.06099999999998
2021-12-01,02P,0.0,265.10300000000007
2023-02-01,02T,0.0,223.288
2024-12-01,02X,0.0,339.813
2026-02-01,02X,0.0,341.111
2025-02-01,02Y,0.0,317.7469999999999
2025-05-01,02Y,0.0,318.424
2025-10-01,02Y,0.0,319.909
2022-08-01,03F,0.0,306.908
2025-09-01,03Q,0.0,248.40400000000005
2021-06-01,03Q,0.0,249.624
2025-09-01,03W,0.0,362.0020000000001
2022-04-01,04C,0.0,427.14300000000003
2024-09-01,04Y,0.0,140.275
2026-04-01,05G,0.0,230.94300000000007
2022-01-01,05Q,0.0,217.805
2022-07-01,05W,0.0,298.61800000000005
2023-09-01,06K,0.0,626.4469999999999
2023-03-01,06K,0.0,622.2830000000002
2026-02-01,06N,0.0,692.402
2024-06-01,06Q,0.0,418.66799999999995
2022-09-01,07G,0.0,184.99400000000003
2023-07-01,07K,0.0,275.148
2022-10-01,09D,0.0,330.3829999999999
2026-06-01,10R,0.0,231.92699999999996
2021-08-01,11J,0.0,814.4029999999998
2026-05-01,11J,0.0,827.5130000000001
2021-10-01,11M,0.0,671.7200000000001
2022-04-01,11M,0.0,675.0490000000002
2025-04-01,11N,0.0,605.8719999999997
2022-05-01,11X,0.0,594.8399999999998
2024-04-01,12F,0.0,344.019
2023-06-01,12F,0.0,341.8540000000001
2022-06-01,13T,0.0,539.6719999999999
2022-05-01,14L,0.0,699.5999999999999
2026-04-01,14L,0.0,752.5560000000003
2021-07-01,14L,0.0,679.2839999999999
2026-06-01,14Y,0.0,595.6949999999998
2021-07-01,15A,0.0,559.635
2023-09-01,15F,0.0,921.5989999999998
2023-07-01,15F,0.0,921.3119999999998
2022-04-01,15F,0.0,910.1160000000002
2022-07-01,15M,0.0,1112.125
2021-10-01,18C,0.0,812.7119999999998
2023-04-01,18C,0.0,822.5029999999999
2023-07-01,36J,0.0,659.387
2021-08-01,70F,0.0,916.634
2023-11-01,71E,0.0,818.1640000000002
2024-07-01,72Q,0.0,2114.930000000001
2024-12-01,72Q,0.0,2123.213
2021-08-01,84H,0.0,557.0980000000002
2024-05-01,91Q,0.0,2020.5739999999992
2021-10-01,92A,0.0,1267.8519999999994
2024-03-01,93C,0.0,1808.4080000000006
2024-03-01,97R,0.0,574.97
2022-06-01,99C,0.0,224.57700000000003
2025-02-01,99E,0.0,295.735
2025-02-01,99F,0.0,188.22799999999998
2024-01-01,99G,0.0,194.01300000000003
2026-02-01,B2M3M,0.0,1122.3509999999999
2025-06-01,D2P2L,0.0,1343.0700000000002
2024-02-01,D2P2L,0.0,1327.8809999999999
2022-03-01,D2P2L,0.0,1287.2780000000002
2023-06-01,U2G6B,0.0,468.7879999999999
2023-11-01,X2C4Y,0.0,457.70200000000006
2025-12-01,00D,0.0,0.0
2023-08-01,00J,0.0,0.0
2023-07-01,00J,0.0,0.0
2025-11-01,00K,0.0,0.0
2022-08-01,00K,0.0,0.0
2022-05-01,00K,0.0,0.0
2024-06-01,01R,0.0,0.0
2025-10-01,02F,0.0,0.0
2021-10-01,02F,0.0,0.0
2024-01-01,02F,0.0,0.0
2026-01-01,02V,0.0,0.0
2025-01-01,02V,0.0,0.0
2026-05-01,02W,0.0,0.0
2025-01-01,03A,0.0,0.0
2021-09-01,03J,0.0,0.0
2022-08-01,03M,0.0,0.0
2022-04-01,03M,0.0,0.0
2023-03-01,03T,0.0,0.0
2022-03-01,03T,0.0,0.0
2025-09-01,03T,0.0,0.0
2022-10-01,03T,0.0,0.0
2025-06-01,04D,0.0,0.0
2023-09-01,04D,0.0,0.0
2023-10-01,04D,0.0,0.0
2022-02-01,04D,0.0,0.0
2021-10-01,04E,0.0,0.0
2025-10-01,04F,0.0,0.0
2022-10-01,04H,0.0,0.0
2025-07-01,04L,0.0,0.0
2022-05-01,04M,0.0,0.0
2024-06-01,04M,0.0,0.0
2022-03-01,04Q,0.0,0.0
2022-06-01,04R,0.0,0.0
2025-11-01,04X,0.0,0.0
2024-07-01,05C,0.0,0.0
2023-01-01,05C,0.0,0.0
2025-02-01,05F,0.0,0.0
2021-09-01,05F,0.0,0.0
2022-07-01,05F,0.0,0.0
2022-04-01,05H,0.0,0.0
2023-02-01,05H,0.0,0.0
2024-04-01,05N,0.0,0.0
2022-08-01,05N,0.0,0.0
2024-03-01,05R,0.0,0.0
2022-06-01,05R,0.0,0.0
2023-10-01,05X,0.0,0.0
2025-04-01,05X,0.0,0.0
2022-05-01,05Y,0.0,0.0
2024-01-01,05Y,0.0,0.0
2022-12-01,06D,0.0,0.0
2024-10-01,06D,0.0,0.0
2026-01-01,06D,0.0,0.0
2021-08-01,06P,0.0,0.0
2023-09-01,06W,0.0,0.0
2025-12-01,06Y,0.0,0.0
2022-12-01,06Y,0.0,0.0
2023-04-01,06Y,0.0,0.0
2025-08-01,06Y,0.0,0.0
2021-08-01,06Y,0.0,0.0
2025-09-01,06Y,0.0,0.0
2025-08-01,07N,0.0,0.0
2026-02-01,07R,0.0,0.0
2023-09-01,07R,0.0,0.0
2021-09-01,07V,0.0,0.0
2022-01-01,07W,0.0,0.0
2023-03-01,07W,0.0,0.0
2025-01-01,07W,0.0,0.0
2025-07-01,07X,0.0,0.0
2025-10-01,07X,0.0,0.0
2022-04-01,07X,0.0,0.0
2024-09-01,07Y,0.0,0.0
2021-11-01,08A,0.0,0.0
2026-06-01,08A,0.0,0.0
2025-06-01,08A,0.0,0.0
2023-07-01,08C,0.0,0.0
2024-09-01,08C,0.0,0.0
2021-12-01,08C,0.0,0.0
2024-03-01,08D,0.0,0.0
2022-04-01,08E,0.0,0.0
2022-05-01,08E,0.0,0.0
2024-05-01,08G,0.0,0.0
2026-04-01,08H,0.0,0.0
2023-12-01,08K,0.0,0.0
2023-07-01,08K,0.0,0.0
2024-01-01,08K,0.0,0.0
2025-05-01,08K,0.0,0.0
2024-10-01,08L,0.0,0.0
2023-10-01,08Q,0.0,0.0
2023-11-01,08Q,0.0,0.0
2026-01-01,08R,0.0,0.0
2026-06-01,08T,0.0,0.0
2026-02-01,08T,0.0,0.0
2023-11-01,08V,0.0,0.0
2022-04-01,08V,0.0,0.0
2023-08-01,08W,0.0,0.0
2025-06-01,08W,0.0,0.0
2025-01-01,08Y,0.0,0.0
2021-07-01,09A,0.0,0.0
2022-08-01,09C,0.0,0.0
2021-09-01,09C,0.0,0.0
2024-06-01,09C,0.0,0.0
2021-11-01,09G,0.0,0.0
2024-01-01,09G,0.0,0.0
2026-01-01,09L,0.0,0.0
2025-08-01,09L,0.0,0.0
2021-09-01,09L,0.0,0.0
2024-03-01,09P,0.0,0.0
2024-02-01,09P,0.0,0.0
2022-07-01,09W,0.0,0.0
2025-11-01,09Y,0.0,0.0
2023-08-01,10A,0.0,0.0
2026-05-01,10C,0.0,0.0
2023-09-01,10C,0.0,0.0
2024-07-01,10J,0.0,0.0
2023-01-01,10K,0.0,0.0
2025-02-01,10L,0.0,0.0
2024-04-01,10M,0.0,0.0
2021-11-01,10V,0.0,0.0
2026-01-01,10W,0.0,0.0
2021-08-01,11E,0.0,0.0
2024-09-01,11E,0.0,0.0
2023-06-01,11E,0.0,0.0
2024-08-01,11H,0.0,0.0
2021-09-01,11H,0.0,0.0
2021-12-01,12D,0.0,0.0
2021-07-01,13P,0.0,0.0
2023-10-01,13P,0.0,0.0
2022-07-01,15D,0.0,0.0
2023-09-01,15D,0.0,0.0
2025-05-01,99H,0.0,0.0
2022-11-01,99J,0.0,0.0
2025-10-01,99J,0.0,0.0
2025-05-01,99K,0.0,0.0
2024-02-01,99M,0.0,0.0
2026-06-01,99N,0.0,0.0
2022-04-01,99N,0.0,0.0
2024-03-01,99Q,0.0,0.0
2023-06-01,D4U1Y,0.0,0.0
2022-11-01,00P,3.81769,288.0969999999999
2021-09-01,01H,5.60624,328.35899999999987
2022-11-01,03N,58.68113,628.6880000000001
2022-05-01,11J,5.62541,820.1639999999996
2024-03-01,11J,4.09626,831.506
2024-01-01,13T,6.13969,554.982
2022-03-01,15E,5.6234,1569.7370000000003
2024-04-01,15E,6.06695,1628.9720000000007
2021-12-01,36L,2.9808,1724.104
2022-02-01,36L,4.09423,1727.7179999999996
2025-08-01,84H,4.42061,568.833
2022-08-01,91Q,7.37659,1972.0119999999997
2021-06-01,97R,22.36153,563.785
2024-10-01,W2U3Z,9.28768,2906.679000000003
2024-03-01,00L,0.0,338.532
2023-09-01,00L,0.0,337.17400000000004
2025-10-01,00L,0.0,343.72900000000004
2025-11-01,00N,0.0,159.50800000000004
2023-06-01,00P,0.0,290.38100000000003
2025-03-01,00Q,0.0,187.882
2024-08-01,00Q,0.0,186.79900000000004
2022-06-01,00Q,0.0,181.45999999999998
2023-06-01,00Q,0.0,183.412
2025-11-01,00R,0.0,178.75300000000001
2022-12-01,00R,0.0,177.016
2025-04-01,00T,0.0,333.88599999999997
2021-11-01,00T,0.0,318.79699999999997
2022-02-01,00X,0.0,187.935
2025-07-01,00Y,0.0,269.20300000000003
2025-05-01,00Y,0.0,269.10300000000007
2026-03-01,00Y,0.0,268.506
2022-10-01,01D,0.0,243.86
2025-02-01,01E,0.0,234.612
2025-07-01,01E,0.0,235.945
2021-07-01,01F,0.0,134.602
2026-02-01,01G,0.0,325.647
2025-04-01,01G,0.0,322.6429999999999
2021-07-01,01G,0.0,292.514
2022-02-01,01H,0.0,329.11000000000007
2025-01-01,01K,0.0,356.607
2022-02-01,01V,0.0,126.515
2022-06-01,01X,0.0,200.49299999999997
2023-11-01,01X,0.0,201.41000000000003
2023-03-01,01X,0.0,200.72
2022-02-01,01X,0.0,200.19399999999996
2022-11-01,01Y,0.0,221.09499999999997
2024-11-01,01Y,0.0,227.99800000000005
2021-08-01,01Y,0.0,219.35700000000003
2022-09-01,02A,0.0,247.176
2025-06-01,02A,0.0,249.40400000000002
2024-11-01,02A,0.0,249.45400000000006
2026-06-01,02G,0.0,118.38600000000001
2021-08-01,02G,0.0,113.83099999999999
2025-06-01,02G,0.0,118.408
2021-07-01,02H,0.0,335.8620000000001
2025-07-01,02P,0.0,270.75899999999996
2022-04-01,02P,0.0,265.57700000000006
2022-03-01,02Y,0.0,307.94599999999997
2025-06-01,03F,0.0,314.609
2024-11-01,03H,0.0,174.71999999999997
2023-11-01,03H,0.0,173.25600000000003
2023-04-01,03K,0.0,183.812
2022-05-01,03K,0.0,183.74900000000005
2025-04-01,03K,0.0,185.70200000000003
2026-05-01,03K,0.0,184.72100000000006
2024-02-01,03K,0.0,184.641
2022-06-01,03L,0.0,267.346
2024-11-01,03L,0.0,275.17900000000003
2024-03-01,03Q,0.0,252.348
2023-08-01,03R,0.0,394.211
2021-11-01,03R,0.0,387.3299999999999
2025-09-01,03R,0.0,400.6549999999999
2025-04-01,03R,0.0,399.8589999999999
2024-05-01,03W,0.0,358.73499999999996
2024-01-01,04V,0.0,418.42999999999995
2022-10-01,04V,0.0,411.97999999999996
2023-04-01,04Y,0.0,137.19
2023-05-01,04Y,0.0,137.367
2022-05-01,05D,0.0,148.241
2023-10-01,05D,0.0,152.03499999999997
2021-11-01,05D,0.0,147.62199999999999
2026-04-01,05D,0.0,155.08599999999998
2023-10-01,05G,0.0,230.78000000000003
2024-04-01,05G,0.0,231.25100000000006
2021-11-01,06H,0.0,1008.0740000000001
2022-10-01,06K,0.0,618.4049999999999
2024-11-01,06N,0.0,691.241
2023-03-01,07G,0.0,186.03599999999997
2024-04-01,07K,0.0,277.84
2023-08-01,07K,0.0,275.577
2022-08-01,09D,0.0,328.8540000000001
2024-03-01,10Q,0.0,818.384
2024-06-01,10R,0.0,235.767
2025-03-01,10R,0.0,235.74499999999998
2024-12-01,11M,0.0,695.7289999999999
2026-02-01,11X,0.0,606.605
2023-08-01,11X,0.0,601.8949999999999
2025-04-01,12F,0.0,345.996
2024-04-01,13T,0.0,556.3249999999999
2021-06-01,13T,0.0,531.981
2022-08-01,13T,0.0,539.1500000000001
2022-11-01,14L,0.0,709.2800000000001
2022-03-01,14Y,0.0,578.2079999999999
2025-05-01,14Y,0.0,596.3329999999999
2024-10-01,15C,0.0,1090.75
2026-06-01,15F,0.0,935.759
2021-11-01,15N,0.0,1267.8300000000004
2025-07-01,16C,0.0,739.8949999999998
2025-01-01,26A,0.0,1100.2599999999995
2024-09-01,26A,0.0,1097.651
2024-05-01,36J,0.0,667.1250000000001
2021-09-01,36L,0.0,1719.1129999999998
2022-10-01,42D,0.0,557.905
2023-01-01,72Q,0.0,2069.4820000000004
2025-05-01,72Q,0.0,2122.971999999999
2024-05-01,72Q,0.0,2111.416
2023-09-01,78H,0.0,831.7210000000001
2021-06-01,84H,0.0,558.062
2026-04-01,84H,0.0,571.0409999999999
2024-10-01,97R,0.0,576.978
2024-12-01,97R,0.0,577.1909999999999
2023-01-01,99F,0.0,186.93999999999997
2024-02-01,99F,0.0,187.39599999999996
2023-10-01,D2P2L,0.0,1316.4819999999995
2023-08-01,D2P2L,0.0,1313.4239999999998
2025-07-01,D2P2L,0.0,1343.634
2024-12-01,D9Y0V,0.0,1930.5610000000004
2023-09-01,M1J4Y,0.0,1114.1559999999997
2023-06-01,M2L0M,0.0,525.5010000000001
2026-03-01,M2L0M,0.0,537.6470000000002
2026-04-01,M2L0M,0.0,537.6379999999999
2022-02-01,X2C4Y,0.0,449.8720000000002
2022-07-01,X2C4Y,0.0,451.3460000000001
2024-04-01,00D,0.0,0.0
2025-10-01,00D,0.0,0.0
2022-01-01,00J,0.0,0.0
2022-11-01,00J,0.0,0.0
2023-08-01,00M,0.0,0.0
2024-04-01,01R,0.0,0.0
2022-07-01,01R,0.0,0.0
2023-04-01,02F,0.0,0.0
2023-05-01,02F,0.0,0.0
2025-08-01,02F,0.0,0.0
2025-12-01,02R,0.0,0.0
2023-09-01,02R,0.0,0.0
2024-03-01,02V,0.0,0.0
2024-12-01,03J,0.0,0.0
2022-10-01,03J,0.0,0.0
2023-10-01,03M,0.0,0.0
2023-05-01,03Y,0.0,0.0
2022-11-01,03Y,0.0,0.0
2022-07-01,03Y,0.0,0.0
2022-08-01,04D,0.0,0.0
2022-06-01,04E,0.0,0.0
2023-03-01,04G,0.0,0.0
2026-02-01,04G,0.0,0.0
2022-12-01,04G,0.0,0.0
2024-01-01,04G,0.0,0.0
2025-10-01,04H,0.0,0.0
2022-01-01,04J,0.0,0.0
2024-01-01,04K,0.0,0.0
2024-07-01,04K,0.0,0.0
2025-01-01,04K,0.0,0.0
2023-08-01,04M,0.0,0.0
2021-09-01,04M,0.0,0.0
2023-12-01,04R,0.0,0.0
2022-09-01,04X,0.0,0.0
2025-09-01,04X,0.0,0.0
2023-06-01,05A,0.0,0.0
2024-05-01,05C,0.0,0.0
2021-09-01,05C,0.0,0.0
2026-04-01,05F,0.0,0.0
2023-11-01,05N,0.0,0.0
2025-07-01,05N,0.0,0.0
2021-10-01,05R,0.0,0.0
2026-06-01,05R,0.0,0.0
2026-03-01,05R,0.0,0.0
2023-04-01,05T,0.0,0.0
2024-05-01,05T,0.0,0.0
2021-06-01,05X,0.0,0.0
2025-08-01,06A,0.0,0.0
2025-04-01,06A,0.0,0.0
2025-05-01,06D,0.0,0.0
2023-08-01,06F,0.0,0.0
2022-03-01,06M,0.0,0.0
2022-02-01,06M,0.0,0.0
2024-09-01,06P,0.0,0.0
2023-07-01,06P,0.0,0.0
2024-02-01,06W,0.0,0.0
2026-05-01,06W,0.0,0.0
2025-11-01,06W,0.0,0.0
2022-06-01,06Y,0.0,0.0
2025-07-01,07L,0.0,0.0
2023-12-01,07L,0.0,0.0
2025-07-01,07M,0.0,0.0
2022-04-01,07M,0.0,0.0
2023-05-01,07M,0.0,0.0
2024-01-01,07N,0.0,0.0
2023-11-01,07N,0.0,0.0
2021-08-01,07N,0.0,0.0
2022-10-01,07R,0.0,0.0
2022-08-01,07R,0.0,0.0
2022-01-01,07T,0.0,0.0
2024-03-01,07V,0.0,0.0
2023-10-01,07W,0.0,0.0
2024-08-01,07X,0.0,0.0
2025-11-01,07Y,0.0,0.0
2024-11-01,08A,0.0,0.0
2024-10-01,08D,0.0,0.0
2024-11-01,08F,0.0,0.0
2024-09-01,08G,0.0,0.0
2023-05-01,08G,0.0,0.0
2021-11-01,08G,0.0,0.0
2024-08-01,08K,0.0,0.0
2024-03-01,08L,0.0,0.0
2024-07-01,08L,0.0,0.0
2023-12-01,08M,0.0,0.0
2021-08-01,08M,0.0,0.0
2026-05-01,08M,0.0,0.0
2024-02-01,08M,0.0,0.0
2023-08-01,08M,0.0,0.0
2021-08-01,08Q,0.0,0.0
2022-08-01,08R,0.0,0.0
2024-08-01,08T,0.0,0.0
2025-08-01,08T,0.0,0.0
2022-09-01,08V,0.0,0.0
2026-02-01,08V,0.0,0.0
2023-09-01,08W,0.0,0.0
2024-12-01,08X,0.0,0.0
2024-10-01,08X,0.0,0.0
2026-06-01,08Y,0.0,0.0
2022-06-01,08Y,0.0,0.0
2023-11-01,08Y,0.0,0.0
2022-10-01,09A,0.0,0.0
2024-07-01,09A,0.0,0.0
2024-02-01,09A,0.0,0.0
2025-07-01,09C,0.0,0.0
2025-09-01,09C,0.0,0.0
2025-10-01,09E,0.0,0.0
2025-04-01,09E,0.0,0.0
2026-01-01,09F,0.0,0.0
2022-01-01,09F,0.0,0.0
2023-09-01,09J,0.0,0.0
2026-04-01,09J,0.0,0.0
2022-10-01,09J,0.0,0.0
2026-01-01,09P,0.0,0.0
2024-11-01,09W,0.0,0.0
2025-01-01,09Y,0.0,0.0
2024-01-01,10C,0.0,0.0
2022-11-01,10C,0.0,0.0
2023-11-01,10E,0.0,0.0
2023-01-01,10J,0.0,0.0
2021-08-01,10J,0.0,0.0
2024-08-01,10J,0.0,0.0
2023-05-01,10L,0.0,0.0
2025-01-01,10M,0.0,0.0
2022-05-01,10M,0.0,0.0
2025-07-01,10M,0.0,0.0
2024-09-01,10M,0.0,0.0
2025-08-01,10V,0.0,0.0
2023-10-01,10V,0.0,0.0
2023-12-01,10V,0.0,0.0
2022-02-01,10W,0.0,0.0
2025-04-01,11A,0.0,0.0
2021-06-01,11E,0.0,0.0
2022-05-01,12D,0.0,0.0
2022-10-01,12D,0.0,0.0
2021-11-01,13P,0.0,0.0
2022-03-01,13P,0.0,0.0
2025-09-01,13P,0.0,0.0
2024-03-01,99D,0.0,0.0
2025-01-01,99D,0.0,0.0
2024-12-01,99D,0.0,0.0
2023-04-01,99H,0.0,0.0
2022-03-01,99J,0.0,0.0
2024-12-01,99K,0.0,0.0
2022-07-01,99N,0.0,0.0
2023-06-01,99P,0.0,0.0
2026-02-01,01E,6.35936,239.27900000000005
2022-11-01,01H,3.81769,331.29299999999995
2024-07-01,01H,4.13551,335.4070000000001
2023-11-01,01H,4.09011,333.83299999999997
2026-03-01,01W,6.38791,330.7579999999999
2021-07-01,03N,118.72124,613.2429999999999
2022-07-01,06H,13.36473,1018.1569999999998
2024-03-01,06K,4.09626,631.2529999999997
2023-10-01,06Q,6.10103,414.12799999999993
2023-09-01,13T,9.14207,547.6269999999998
2022-10-01,15M,22.1003,1114.9459999999997
2026-06-01,26A,5.88454,1097.3700000000001
2025-05-01,36L,4.42054,1774.3820000000007
2026-02-01,36L,4.42107,1770.524
2022-12-01,70F,5.52825,929.6410000000001
2024-01-01,71E,4.09114,819.3919999999998
2026-01-01,78H,6.38795,852.317
2023-02-01,91Q,18.04908,1985.6450000000002
2024-07-01,92A,3.09998,1299.9449999999997
2025-04-01,92G,4.42053,1012.478
2023-08-01,92G,32.5435,995.9160000000004
2021-10-01,A3A8R,10.41716,2325.553000000002
2025-11-01,B2M3M,4.42105,1125.456
2024-03-01,D2P2L,3.00472,1329.9270000000001
2024-05-01,D2P2L,9.9306,1333.4870000000003
2024-11-01,D9Y0V,20.63949,1930.2030000000004
2021-11-01,M1J4Y,7.60486,1067.2740000000008
2022-09-01,00N,0.0,159.03099999999998
2022-01-01,00N,0.0,158.71299999999997
2023-02-01,00Q,0.0,182.58800000000002
2024-12-01,00Q,0.0,187.66200000000003
2024-06-01,00V,0.0,211.94199999999998
2026-01-01,00X,0.0,195.068
2021-10-01,00X,0.0,187.69000000000003
2024-12-01,00X,0.0,193.38900000000004
2023-10-01,00Y,0.0,266.15799999999996
2023-02-01,01E,0.0,225.563
2023-07-01,01F,0.0,135.77399999999997
2024-07-01,01J,0.0,172.836
2025-12-01,01J,0.0,174.36
2025-06-01,01J,0.0,174.01200000000006
2022-08-01,01T,0.0,157.33300000000003
2024-12-01,01T,0.0,160.94000000000003
2025-09-01,01X,0.0,204.314
2024-09-01,01Y,0.0,227.61800000000002
2021-06-01,01Y,0.0,218.82899999999995
2025-03-01,02A,0.0,249.34400000000002
2023-11-01,02E,0.0,228.38900000000004
2023-02-01,02E,0.0,225.90099999999998
2024-11-01,02H,0.0,351.4219999999999
2026-06-01,02M,0.0,188.13499999999996
2022-04-01,02M,0.0,182.54000000000002
2026-06-01,02P,0.0,270.323
2022-01-01,02P,0.0,265.17
2025-10-01,02T,0.0,225.98699999999997
2023-01-01,02X,0.0,330.94399999999996
2025-09-01,02X,0.0,341.354
2026-05-01,03F,0.0,313.176
2022-07-01,03F,0.0,306.95399999999995
2023-04-01,03F,0.0,311.033
2025-09-01,03H,0.0,174.79099999999997
2025-08-01,03L,0.0,276.71700000000004
2024-02-01,03L,0.0,272.684
2026-04-01,03L,0.0,276.93899999999996
2023-12-01,03Q,0.0,252.75799999999995
2025-02-01,03W,0.0,360.11899999999997
2022-08-01,04C,0.0,426.86299999999994
2021-06-01,04Y,0.0,135.64800000000002
2025-12-01,04Y,0.0,140.72499999999997
2023-02-01,04Y,0.0,136.91700000000003
2025-01-01,05D,0.0,154.88500000000002
2023-05-01,05D,0.0,150.94899999999996
2022-04-01,05D,0.0,148.111
2026-01-01,05G,0.0,231.32100000000005
2026-04-01,05Q,0.0,224.07599999999994
2026-01-01,05Q,0.0,224.11800000000002
2022-05-01,05V,0.0,152.361
2025-11-01,06H,0.0,1059.876
2021-09-01,06K,0.0,615.7130000000002
2022-08-01,06L,0.0,411.563
2024-12-01,06T,0.0,379.07400000000007
2022-10-01,07G,0.0,185.094
2023-05-01,07H,0.0,328.4570000000001
2022-06-01,09D,0.0,329.76000000000005
2025-11-01,09D,0.0,331.2950000000001
2023-02-01,10Q,0.0,807.522
2026-05-01,10R,0.0,232.558
2022-11-01,10R,0.0,231.704
2025-06-01,10R,0.0,235.51500000000004
2024-04-01,11N,0.0,603.523
2026-01-01,11X,0.0,607.4079999999998
2025-01-01,12F,0.0,345.918
2025-12-01,13T,0.0,563.113
2024-11-01,13T,0.0,560.8220000000001
2023-04-01,14L,0.0,716.787
2025-08-01,14L,0.0,749.1120000000001
2026-03-01,15C,0.0,1095.0240000000006
2026-01-01,15C,0.0,1098.7140000000002
2025-07-01,15F,0.0,941.075
2024-09-01,18C,0.0,832.4409999999998
2023-02-01,26A,0.0,1087.9650000000001
2023-06-01,27D,0.0,807.487
2021-07-01,36J,0.0,646.9099999999997
2021-11-01,42D,0.0,552.8249999999999
2025-10-01,42D,0.0,570.8609999999999
2024-07-01,70F,0.0,942.6960000000003
2022-08-01,70F,0.0,926.3629999999999
2024-09-01,78H,0.0,846.3040000000002
2026-06-01,84H,0.0,569.6069999999997
2024-11-01,84H,0.0,568.818
2021-09-01,91Q,0.0,1950.2840000000003
2023-10-01,92A,0.0,1290.201000000001
2026-02-01,92G,0.0,1012.3499999999997
2025-06-01,93C,0.0,1836.133
2024-07-01,93C,0.0,1813.2949999999998
2025-02-01,93C,0.0,1839.069
2021-06-01,93C,0.0,1704.9370000000004
2024-08-01,97R,0.0,576.8529999999997
2023-04-01,99C,0.0,225.89100000000002
2024-04-01,99C,0.0,227.476
2024-08-01,99C,0.0,228.22899999999993
2022-03-01,99E,0.0,285.65500000000003
2021-07-01,99E,0.0,284.681
2022-03-01,99F,0.0,186.18400000000003
2025-06-01,99G,0.0,196.494
2026-01-01,B2M3M,0.0,1124.5780000000002
2023-06-01,B2M3M,0.0,1079.6789999999994
2021-06-01,M2L0M,0.0,513.876
2023-08-01,U2G6B,0.0,488.8670000000001
2021-12-01,U2G6B,0.0,457.016
2024-09-01,X2C4Y,0.0,461.1519999999998
2024-12-01,00D,0.0,0.0
2025-03-01,00D,0.0,0.0
2026-04-01,00J,0.0,0.0
2024-07-01,00J,0.0,0.0
2021-09-01,00M,0.0,0.0
2022-06-01,00M,0.0,0.0
2021-07-01,00M,0.0,0.0
2025-08-01,00M,0.0,0.0
2023-12-01,01R,0.0,0.0
2021-06-01,02F,0.0,0.0
2026-02-01,02F,0.0,0.0
2026-05-01,02R,0.0,0.0
2025-02-01,02R,0.0,0.0
2025-03-01,02R,0.0,0.0
2023-03-01,02W,0.0,0.0
2025-10-01,03J,0.0,0.0
2022-09-01,03M,0.0,0.0
2025-03-01,03M,0.0,0.0
2026-04-01,03M,0.0,0.0
2025-12-01,03T,0.0,0.0
2023-03-01,04D,0.0,0.0
2024-07-01,04F,0.0,0.0
2022-01-01,04F,0.0,0.0
2021-06-01,04F,0.0,0.0
2021-06-01,04G,0.0,0.0
2026-04-01,04H,0.0,0.0
2021-11-01,04H,0.0,0.0
2024-06-01,04J,0.0,0.0
2021-07-01,04J,0.0,0.0
2022-01-01,04K,0.0,0.0
2025-08-01,04K,0.0,0.0
2022-01-01,04L,0.0,0.0
2025-03-01,04L,0.0,0.0
2023-10-01,04L,0.0,0.0
2023-12-01,04L,0.0,0.0
2022-12-01,04M,0.0,0.0
2026-04-01,04Q,0.0,0.0
2024-11-01,04R,0.0,0.0
2023-03-01,04X,0.0,0.0
2026-02-01,05C,0.0,0.0
2024-04-01,05H,0.0,0.0
2026-03-01,05L,0.0,0.0
2025-05-01,05N,0.0,0.0
2024-03-01,05N,0.0,0.0
2021-08-01,05N,0.0,0.0
2025-06-01,05R,0.0,0.0
2026-02-01,05T,0.0,0.0
2022-12-01,05T,0.0,0.0
2025-08-01,05X,0.0,0.0
2022-06-01,06A,0.0,0.0
2024-05-01,06A,0.0,0.0
2021-08-01,06D,0.0,0.0
2023-06-01,06D,0.0,0.0
2025-10-01,06F,0.0,0.0
2022-12-01,06M,0.0,0.0
2024-12-01,06M,0.0,0.0
2022-01-01,06P,0.0,0.0
2023-02-01,06P,0.0,0.0
2026-01-01,06W,0.0,0.0
2025-04-01,07L,0.0,0.0
2023-01-01,07M,0.0,0.0
2022-06-01,07M,0.0,0.0
2025-10-01,07N,0.0,0.0
2021-07-01,07N,0.0,0.0
2024-11-01,07P,0.0,0.0
2024-07-01,07P,0.0,0.0
2026-03-01,07P,0.0,0.0
2022-02-01,07V,0.0,0.0
2022-04-01,07V,0.0,0.0
2024-10-01,07X,0.0,0.0
2023-08-01,07X,0.0,0.0
2026-03-01,08A,0.0,0.0
2024-01-01,08A,0.0,0.0
2025-08-01,08D,0.0,0.0
2022-04-01,08D,0.0,0.0
2022-02-01,08F,0.0,0.0
2022-04-01,08G,0.0,0.0
2021-07-01,08L,0.0,0.0
2026-02-01,08L,0.0,0.0
2024-08-01,08M,0.0,0.0
2022-10-01,08N,0.0,0.0
2023-03-01,08N,0.0,0.0
2025-10-01,08N,0.0,0.0
2021-10-01,08R,0.0,0.0
2024-05-01,08T,0.0,0.0
2024-11-01,08T,0.0,0.0
2023-06-01,08V,0.0,0.0
2024-07-01,08W,0.0,0.0
2022-02-01,08X,0.0,0.0
2026-02-01,09A,0.0,0.0
2023-12-01,09C,0.0,0.0
2022-03-01,09C,0.0,0.0
2025-02-01,09E,0.0,0.0
2025-08-01,09F,0.0,0.0
2023-08-01,09G,0.0,0.0
2023-08-01,09L,0.0,0.0
2024-07-01,09L,0.0,0.0
2024-07-01,09P,0.0,0.0
2022-11-01,09W,0.0,0.0
2022-01-01,09W,0.0,0.0
2022-04-01,09Y,0.0,0.0
2022-12-01,09Y,0.0,0.0
2025-04-01,09Y,0.0,0.0
2024-02-01,09Y,0.0,0.0
2022-07-01,10C,0.0,0.0
2022-05-01,10C,0.0,0.0
2022-11-01,10D,0.0,0.0
2024-09-01,10D,0.0,0.0
2024-11-01,10M,0.0,0.0
2026-01-01,10V,0.0,0.0
2022-04-01,10V,0.0,0.0
2026-03-01,10W,0.0,0.0
2025-12-01,10X,0.0,0.0
2021-07-01,10X,0.0,0.0
2024-05-01,11A,0.0,0.0
2023-05-01,11A,0.0,0.0
2026-06-01,11A,0.0,0.0
2021-06-01,11A,0.0,0.0
2021-08-01,11H,0.0,0.0
2022-02-01,11T,0.0,0.0
2025-11-01,12D,0.0,0.0
2022-02-01,12D,0.0,0.0
2025-04-01,12D,0.0,0.0
2025-08-01,13P,0.0,0.0
2025-12-01,15D,0.0,0.0
2025-06-01,99D,0.0,0.0
2022-12-01,99D,0.0,0.0
2021-06-01,99H,0.0,0.0
2022-08-01,99J,0.0,0.0
2023-06-01,99K,0.0,0.0
2022-04-01,99K,0.0,0.0
2026-03-01,99K,0.0,0.0
2025-09-01,99K,0.0,0.0
2023-12-01,99M,0.0,0.0
2023-09-01,99N,0.0,0.0
2022-11-01,99P,0.0,0.0
2023-11-01,99Q,0.0,0.0
2025-02-01,D4U1Y,0.0,0.0
2026-01-01,D4U1Y,0.0,0.0
2026-03-01,01H,4.4211,337.559
2026-04-01,02H,8.82992,352.2050000000003
2024-05-01,03F,6.18753,314.6770000000001
2021-07-01,03K,3.80771,182.977
2023-07-01,03N,106.97733,630.5580000000002
2026-03-01,06Q,5.88433,426.2659999999999
2023-03-01,11J,28.53968,824.9440000000002
2021-11-01,15C,108.20963,1052.3739999999998
2024-07-01,15M,58.709959999999995,1137.2830000000001
2025-05-01,71E,4.42054,825.3190000000003
2023-06-01,84H,8.17974,563.9939999999999
2023-12-01,92G,16.3348,1001.1499999999999
2023-03-01,93C,226.50612,1780.6440000000011
2025-05-01,99A,38.22839,598.3059999999999
2024-12-01,M1J4Y,54.07804,1145.2040000000002
2023-12-01,W2U3Z,6.1239,2874.5079999999994
2024-09-01,W2U3Z,3.10001,2899.4970000000008
2022-08-01,W2U3Z,51.336459999999995,2789.921999999999
2024-10-01,00L,0.0,341.043
2025-01-01,00L,0.0,341.537
2024-01-01,00P,0.0,293.522
2026-01-01,00Q,0.0,188.514
2022-12-01,00T,0.0,323.0379999999999
2025-04-01,00V,0.0,212.735
2025-11-01,00V,0.0,212.58399999999997
2026-05-01,00V,0.0,211.638
2026-05-01,00X,0.0,195.35399999999998
2024-08-01,01A,0.0,408.72099999999995
2023-12-01,01A,0.0,404.1739999999999
2022-01-01,01A,0.0,394.89399999999995
2025-11-01,01E,0.0,239.36199999999994
2022-01-01,01F,0.0,135.183
2022-05-01,01F,0.0,135.133
2021-08-01,01J,0.0,169.23299999999995
2021-06-01,01J,0.0,168.955
2023-12-01,01J,0.0,171.67999999999998
2024-01-01,01J,0.0,171.71900000000002
2026-03-01,01J,0.0,174.26899999999998
2025-08-01,01K,0.0,355.313
2021-11-01,01K,0.0,353.0849999999999
2021-09-01,01K,0.0,351.01099999999997
2023-11-01,01K,0.0,355.927
2024-01-01,01T,0.0,159.13500000000005
2026-04-01,01T,0.0,161.64800000000002
2024-11-01,01V,0.0,128.367
2023-06-01,01W,0.0,324.5040000000001
2023-08-01,01W,0.0,325.233
2021-12-01,01Y,0.0,219.89100000000005
2021-11-01,02A,0.0,245.16600000000003
2022-05-01,02A,0.0,245.86400000000003
2021-09-01,02E,0.0,222.22400000000002
2026-03-01,02G,0.0,118.64699999999998
2023-07-01,02H,0.0,344.3769999999999
2025-01-01,02H,0.0,351.747
2021-07-01,02M,0.0,180.99
2023-09-01,02M,0.0,184.86999999999998
2021-08-01,02T,0.0,222.46900000000002
2022-06-01,02X,0.0,328.79000000000013
2026-03-01,02X,0.0,340.74199999999996
2025-06-01,03H,0.0,174.70999999999998
2022-10-01,03H,0.0,172.07099999999994
2026-06-01,03H,0.0,174.55999999999997
2024-10-01,03L,0.0,274.798
2025-03-01,03L,0.0,275.919
2023-12-01,03R,0.0,395.78499999999997
2024-08-01,03W,0.0,359.9199999999999
2023-04-01,03W,0.0,355.6239999999999
2024-10-01,04C,0.0,448.72799999999995
2024-12-01,04C,0.0,450.3629999999999
2026-02-01,04V,0.0,425.299
2025-05-01,04V,0.0,423.79499999999996
2022-11-01,04Y,0.0,136.693
2023-07-01,04Y,0.0,137.72299999999998
2023-11-01,05D,0.0,152.16
2022-08-01,05G,0.0,217.68900000000002
2022-11-01,05G,0.0,218.32699999999997
2025-11-01,05Q,0.0,224.09600000000006
2026-05-01,05Q,0.0,224.16500000000002
2026-03-01,05Q,0.0,224.127
2021-10-01,05Q,0.0,217.56399999999996
2025-09-01,05Q,0.0,223.992
2023-04-01,05V,0.0,153.785
2024-11-01,05W,0.0,299.475
2024-07-01,06K,0.0,632.8690000000001
2026-04-01,06K,0.0,636.2700000000002
2026-05-01,06L,0.0,418.17699999999996
2024-05-01,06L,0.0,416.67399999999986
2023-06-01,06N,0.0,679.9789999999999
2022-10-01,06T,0.0,366.92700000000013
2025-06-01,07G,0.0,190.668
2022-04-01,07H,0.0,324.521
2024-07-01,07K,0.0,278.824
2025-07-01,07K,0.0,280.608
2024-02-01,07K,0.0,277.209
2026-01-01,09D,0.0,329.652
2023-04-01,10Q,0.0,807.3140000000001
2021-11-01,10R,0.0,229.544
2025-12-01,11M,0.0,699.3340000000001
2024-10-01,11X,0.0,607.5769999999997
2024-09-01,11X,0.0,607.3039999999999
2024-01-01,11X,0.0,604.031
2021-11-01,12F,0.0,339.1730000000001
2024-06-01,12F,0.0,344.76600000000013
2026-05-01,12F,0.0,346.293
2021-08-01,14Y,0.0,575.9740000000002
2025-04-01,14Y,0.0,596.175
2024-07-01,15A,0.0,586.293
2022-11-01,15M,0.0,1116.0570000000002
2025-05-01,15N,0.0,1296.8179999999993
2024-03-01,15N,0.0,1293.5769999999998
2023-06-01,26A,0.0,1088.6960000000004
2025-06-01,36L,0.0,1775.612000000001
2023-07-01,36L,0.0,1751.4639999999995
2024-05-01,36L,0.0,1767.9169999999992
2022-04-01,52R,0.0,1120.2890000000002
2025-09-01,71E,0.0,826.741
2023-04-01,72Q,0.0,2075.835
2021-09-01,72Q,0.0,2036.605
2021-07-01,72Q,0.0,2030.7189999999994
2022-04-01,78H,0.0,812.4409999999999
2021-06-01,78H,0.0,803.3609999999999
2024-06-01,84H,0.0,566.9719999999999
2023-10-01,91Q,0.0,2002.4710000000002
2026-06-01,91Q,0.0,2039.5219999999997
2022-11-01,91Q,0.0,1978.6739999999988
2022-11-01,99F,0.0,187.00799999999998
2025-05-01,A3A8R,0.0,2477.184999999998
2023-11-01,D9Y0V,0.0,1913.4400000000003
2021-08-01,M2L0M,0.0,515.0760000000001
2024-10-01,M2L0M,0.0,535.7470000000001
2025-11-01,M2L0M,0.0,538.0040000000001
2022-08-01,M2L0M,0.0,521.023
2022-04-01,X2C4Y,0.0,450.8619999999999
2025-08-01,X2C4Y,0.0,462.52399999999994
2023-10-01,X2C4Y,0.0,457.02999999999986
2022-03-01,00D,0.0,0.0
2025-05-01,00D,0.0,0.0
2025-05-01,00J,0.0,0.0
2025-09-01,00K,0.0,0.0
2021-10-01,00K,0.0,0.0
2022-01-01,00M,0.0,0.0
2022-11-01,00M,0.0,0.0
2023-06-01,00M,0.0,0.0
2021-11-01,01R,0.0,0.0
2023-08-01,02F,0.0,0.0
2026-01-01,02F,0.0,0.0
2024-07-01,02R,0.0,0.0
2025-08-01,02R,0.0,0.0
2021-09-01,02W,0.0,0.0
2023-11-01,02W,0.0,0.0
2024-04-01,02W,0.0,0.0
2025-12-01,03M,0.0,0.0
2023-12-01,03M,0.0,0.0
2022-05-01,03T,0.0,0.0
2023-10-01,03T,0.0,0.0
2024-02-01,03T,0.0,0.0
2026-06-01,03Y,0.0,0.0
2024-02-01,03Y,0.0,0.0
2022-07-01,04D,0.0,0.0
2024-10-01,04D,0.0,0.0
2022-02-01,04E,0.0,0.0
2024-01-01,04E,0.0,0.0
2021-09-01,04J,0.0,0.0
2026-04-01,04J,0.0,0.0
2023-09-01,04J,0.0,0.0
2024-12-01,04K,0.0,0.0
2022-06-01,04K,0.0,0.0
2025-12-01,04K,0.0,0.0
2022-05-01,04K,0.0,0.0
2026-06-01,04L,0.0,0.0
2025-04-01,04L,0.0,0.0
2022-03-01,04M,0.0,0.0
2025-02-01,04R,0.0,0.0
2023-12-01,05A,0.0,0.0
2022-11-01,05C,0.0,0.0
2025-03-01,05F,0.0,0.0
2026-06-01,05F,0.0,0.0
2023-03-01,05H,0.0,0.0
2025-06-01,05H,0.0,0.0
2026-04-01,05H,0.0,0.0
2026-01-01,05T,0.0,0.0
2022-12-01,05X,0.0,0.0
2023-09-01,05Y,0.0,0.0
2022-01-01,06D,0.0,0.0
2021-11-01,06F,0.0,0.0
2021-10-01,06M,0.0,0.0
2024-10-01,06M,0.0,0.0
2023-07-01,06W,0.0,0.0
2022-06-01,06W,0.0,0.0
2023-10-01,07M,0.0,0.0
2022-07-01,07R,0.0,0.0
2021-10-01,07T,0.0,0.0
2025-04-01,07V,0.0,0.0
2021-10-01,07V,0.0,0.0
2021-08-01,07V,0.0,0.0
2026-02-01,07X,0.0,0.0
2024-06-01,07Y,0.0,0.0
2024-05-01,08A,0.0,0.0
2021-10-01,08C,0.0,0.0
2024-08-01,08C,0.0,0.0
2024-05-01,08C,0.0,0.0
2024-04-01,08C,0.0,0.0
2023-12-01,08C,0.0,0.0
2025-07-01,08D,0.0,0.0
2022-09-01,08D,0.0,0.0
2024-03-01,08E,0.0,0.0
2022-11-01,08E,0.0,0.0
2026-01-01,08E,0.0,0.0
2024-09-01,08E,0.0,0.0
2022-04-01,08F,0.0,0.0
2022-11-01,08G,0.0,0.0
2024-03-01,08G,0.0,0.0
2022-08-01,08M,0.0,0.0
2024-09-01,08N,0.0,0.0
2025-02-01,08Q,0.0,0.0
2021-11-01,08R,0.0,0.0
2024-01-01,08T,0.0,0.0
2025-09-01,08T,0.0,0.0
2022-11-01,08V,0.0,0.0
2026-03-01,08V,0.0,0.0
2025-05-01,08X,0.0,0.0
2025-03-01,08Y,0.0,0.0
2026-03-01,09A,0.0,0.0
2022-03-01,09E,0.0,0.0
2024-09-01,09E,0.0,0.0
2021-08-01,09E,0.0,0.0
2022-04-01,09F,0.0,0.0
2021-12-01,09G,0.0,0.0
2024-07-01,09G,0.0,0.0
2025-10-01,09J,0.0,0.0
2021-08-01,09J,0.0,0.0
2021-11-01,09J,0.0,0.0
2023-09-01,09P,0.0,0.0
2022-01-01,09P,0.0,0.0
2022-02-01,09Y,0.0,0.0
2024-08-01,10C,0.0,0.0
2023-03-01,10C,0.0,0.0
2026-01-01,10C,0.0,0.0
2022-10-01,10C,0.0,0.0
2025-01-01,10E,0.0,0.0
2024-04-01,10E,0.0,0.0
2026-05-01,10E,0.0,0.0
2021-08-01,10K,0.0,0.0
2023-06-01,10K,0.0,0.0
2023-01-01,10M,0.0,0.0
2023-01-01,10V,0.0,0.0
2022-08-01,10V,0.0,0.0
2022-11-01,10V,0.0,0.0
2026-04-01,10X,0.0,0.0
2023-04-01,11A,0.0,0.0
2023-06-01,11A,0.0,0.0
2023-12-01,11E,0.0,0.0
2024-09-01,11H,0.0,0.0
2024-05-01,11T,0.0,0.0
2024-11-01,13P,0.0,0.0
2024-06-01,15D,0.0,0.0
2023-04-01,99D,0.0,0.0
2023-09-01,99H,0.0,0.0
2023-10-01,99H,0.0,0.0
2024-02-01,99N,0.0,0.0
2025-04-01,99N,0.0,0.0
2024-01-01,99P,0.0,0.0
2025-09-01,99P,0.0,0.0
2025-12-01,99Q,0.0,0.0
2024-09-01,99Q,0.0,0.0
2024-10-01,D4U1Y,0.0,0.0
2021-06-01,00P,2.80604,284.45099999999996
2024-04-01,00P,4.1355,294.3540000000002
2024-01-01,00V,4.10354,211.059
2024-11-01,01H,4.13534,336.21500000000003
2023-07-01,01H,4.07811,332.772
2025-03-01,03N,42.15294,640.6110000000003
2022-10-01,03N,85.72167,624.9930000000002
2026-05-01,06H,8.84533,1053.3840000000002
2025-02-01,06T,5.88324,379.51699999999994
2023-06-01,11J,12.25699,825.684
2024-04-01,11J,4.1355,831.631
2024-09-01,11J,4.13555,831.8719999999995
2025-06-01,12F,4.42057,346.3139999999999
2026-01-01,15M,28.44686,1144.5980000000002
2023-07-01,16C,6.1016,726.863
2024-11-01,36J,6.19971,670.0079999999999
2026-06-01,36J,2.94847,664.8220000000001
2025-12-01,36J,2.9484,669.172
2021-10-01,52R,2.80796,1111.7540000000004
2022-08-01,92G,30.45348,984.2129999999996
2025-01-01,99F,2.94784,188.15699999999998
2022-04-01,A3A8R,5.43943,2359.737000000001
2023-09-01,A3A8R,4.33259,2432.3570000000004
2024-04-01,W2U3Z,42.49877,2879.1510000000003
2023-08-01,00L,0.0,336.762
2025-05-01,00L,0.0,342.13900000000007
2024-03-01,00P,0.0,294.15900000000005
2024-06-01,00Q,0.0,186.94599999999997
2026-02-01,00Q,0.0,188.477
2025-12-01,00R,0.0,178.559
2026-03-01,00R,0.0,177.82099999999997
2024-03-01,00V,0.0,211.586
2025-01-01,00V,0.0,212.567
2023-11-01,00Y,0.0,266.67600000000004
2025-02-01,01A,0.0,410.82399999999996
2022-03-01,01D,0.0,242.41399999999996
2025-11-01,01D,0.0,253.57399999999998
2021-09-01,01D,0.0,241.27100000000004
2024-10-01,01E,0.0,232.59799999999998
2022-04-01,01E,0.0,221.53499999999994
2023-08-01,01F,0.0,135.836
2022-06-01,01K,0.0,354.3799999999999
2021-06-01,01T,0.0,156.77400000000003
2023-11-01,01V,0.0,127.61599999999999
2022-01-01,01X,0.0,200.08600000000004
2021-12-01,01X,0.0,200.11599999999999
2025-07-01,01Y,0.0,229.01999999999998
2024-07-01,01Y,0.0,226.97299999999998
2021-07-01,02A,0.0,244.62300000000005
2026-01-01,02A,0.0,248.91099999999997
2022-07-01,02E,0.0,224.44099999999997
2022-04-01,02H,0.0,338.51599999999996
2022-03-01,02P,0.0,265.40099999999995
2026-01-01,02P,0.0,270.656
2023-05-01,02P,0.0,267.70799999999997
2021-08-01,02Q,0.0,121.07999999999998
2026-03-01,02Q,0.0,128.88800000000003
2025-02-01,02T,0.0,225.83700000000002
2022-12-01,03F,0.0,309.456
2026-03-01,03F,0.0,313.6189999999999
2021-10-01,03H,0.0,171.18799999999996
2024-10-01,03K,0.0,185.58299999999997
2024-07-01,03K,0.0,185.223
2022-11-01,03R,0.0,390.888
2024-01-01,03W,0.0,357.504
2023-03-01,04C,0.0,436.58300000000014
2024-07-01,04C,0.0,449.7900000000001
2023-01-01,05D,0.0,149.95999999999998
2026-03-01,05D,0.0,154.97599999999997
2022-04-01,05G,0.0,218.04899999999998
2024-04-01,05Q,0.0,221.235
2022-06-01,05Q,0.0,218.793
2024-03-01,05W,0.0,296.78800000000007
2022-06-01,06H,0.0,1016.6010000000003
2023-09-01,06L,0.0,415.03000000000003
2023-12-01,06L,0.0,415.6010000000001
2026-02-01,06L,0.0,419.233
2022-02-01,06Q,0.0,404.6219999999999
2023-05-01,06T,0.0,371.224
2024-04-01,06T,0.0,375.99099999999993
2021-07-01,07G,0.0,183.48899999999998
2022-05-01,07G,0.0,184.563
2026-01-01,07G,0.0,190.479
2024-01-01,07H,0.0,331.36299999999994
2021-12-01,07K,0.0,270.4770000000001
2024-03-01,07K,0.0,277.48199999999997
2026-04-01,10R,0.0,232.901
2021-11-01,11M,0.0,672.1949999999999
2022-05-01,11N,0.0,597.524
2025-09-01,11N,0.0,605.6220000000001
2025-01-01,11X,0.0,608.4480000000002
2024-05-01,11X,0.0,605.2850000000001
2021-06-01,12F,0.0,338.52599999999995
2023-04-01,13T,0.0,547.59
2021-11-01,13T,0.0,536.1889999999999
2025-07-01,13T,0.0,560.0849999999999
2026-06-01,13T,0.0,555.7020000000001
2023-08-01,15A,0.0,579.9430000000002
2022-10-01,15F,0.0,911.9670000000002
2024-03-01,16C,0.0,733.3899999999999
2025-08-01,26A,0.0,1100.9909999999995
2025-02-01,27D,0.0,822.2139999999999
2022-02-01,36J,0.0,648.4839999999999
2024-03-01,36L,0.0,1763.7610000000002
2022-04-01,36L,0.0,1729.593999999999
2026-05-01,36L,0.0,1759.377
2025-01-01,42D,0.0,567.9029999999997
2022-05-01,52R,0.0,1120.2810000000009
2025-01-01,70F,0.0,947.1729999999998
2024-10-01,71E,0.0,823.0600000000001
2022-08-01,72Q,0.0,2057.798999999999
2022-03-01,84H,0.0,560.8109999999999
2022-12-01,91Q,0.0,1981.6249999999986
2024-01-01,97R,0.0,574.503
2022-08-01,97R,0.0,568.8709999999999
2023-12-01,99A,0.0,586.0979999999996
2023-07-01,99C,0.0,226.306
2022-10-01,A3A8R,0.0,2379.7109999999975
2022-06-01,B2M3M,0.0,1054.3850000000004
2024-09-01,B2M3M,0.0,1111.2239999999997
2023-04-01,D9Y0V,0.0,1915.9319999999998
2024-01-01,M1J4Y,0.0,1124.541
2026-05-01,U2G6B,0.0,499.34299999999996
2025-08-01,W2U3Z,0.0,2921.0639999999985
2023-03-01,X2C4Y,0.0,454.57099999999997
2022-12-01,00D,0.0,0.0
2022-06-01,00J,0.0,0.0
2022-07-01,00J,0.0,0.0
2025-12-01,00K,0.0,0.0
2024-02-01,00K,0.0,0.0
2025-10-01,00K,0.0,0.0
2022-10-01,00K,0.0,0.0
2024-08-01,00K,0.0,0.0
2024-05-01,01R,0.0,0.0
2023-06-01,01R,0.0,0.0
2025-09-01,01R,0.0,0.0
2025-04-01,02F,0.0,0.0
2024-12-01,02F,0.0,0.0
2022-06-01,02V,0.0,0.0
2024-07-01,02W,0.0,0.0
2025-06-01,02W,0.0,0.0
2025-10-01,03A,0.0,0.0
2026-06-01,03J,0.0,0.0
2022-10-01,03M,0.0,0.0
2022-05-01,04D,0.0,0.0
2026-06-01,04D,0.0,0.0
2026-03-01,04E,0.0,0.0
2024-03-01,04E,0.0,0.0
2021-10-01,04F,0.0,0.0
2025-11-01,04G,0.0,0.0
2023-05-01,04G,0.0,0.0
2021-07-01,04H,0.0,0.0
2021-07-01,04L,0.0,0.0
2023-04-01,04R,0.0,0.0
2021-07-01,04R,0.0,0.0
2025-01-01,04R,0.0,0.0
2021-06-01,04X,0.0,0.0
2022-08-01,05F,0.0,0.0
2023-08-01,05F,0.0,0.0
2023-04-01,05H,0.0,0.0
2022-10-01,05H,0.0,0.0
2022-11-01,05L,0.0,0.0
2025-12-01,05T,0.0,0.0
2025-06-01,05T,0.0,0.0
2024-10-01,05T,0.0,0.0
2023-07-01,05X,0.0,0.0
2023-03-01,05X,0.0,0.0
2024-01-01,05X,0.0,0.0
2025-12-01,05Y,0.0,0.0
2022-12-01,05Y,0.0,0.0
2026-05-01,06A,0.0,0.0
2024-04-01,06F,0.0,0.0
2021-06-01,06M,0.0,0.0
2025-05-01,06P,0.0,0.0
2025-02-01,06P,0.0,0.0
2025-06-01,06W,0.0,0.0
2021-08-01,06W,0.0,0.0
2024-04-01,07L,0.0,0.0
2025-09-01,07L,0.0,0.0
2024-11-01,07L,0.0,0.0
2025-06-01,07L,0.0,0.0
2026-03-01,07M,0.0,0.0
2022-05-01,07M,0.0,0.0
2025-01-01,07N,0.0,0.0
2023-07-01,07R,0.0,0.0
2026-05-01,07T,0.0,0.0
2021-09-01,07T,0.0,0.0
2022-07-01,07V,0.0,0.0
2022-04-01,07W,0.0,0.0
2021-09-01,07W,0.0,0.0
2022-08-01,07W,0.0,0.0
2021-10-01,07Y,0.0,0.0
2022-01-01,07Y,0.0,0.0
2023-10-01,08A,0.0,0.0
2024-09-01,08A,0.0,0.0
2021-07-01,08E,0.0,0.0
2023-03-01,08E,0.0,0.0
2026-05-01,08E,0.0,0.0
2023-12-01,08F,0.0,0.0
2025-02-01,08F,0.0,0.0
2022-02-01,08G,0.0,0.0
2023-09-01,08H,0.0,0.0
2025-03-01,08J,0.0,0.0
2025-10-01,08J,0.0,0.0
2023-06-01,08L,0.0,0.0
2022-01-01,08M,0.0,0.0
2025-04-01,08M,0.0,0.0
2026-06-01,08N,0.0,0.0
2022-07-01,08R,0.0,0.0
2023-06-01,08R,0.0,0.0
2024-06-01,08R,0.0,0.0
2024-07-01,08T,0.0,0.0
2021-06-01,08T,0.0,0.0
2022-10-01,08V,0.0,0.0
2026-06-01,08X,0.0,0.0
2022-05-01,09E,0.0,0.0
2023-11-01,09F,0.0,0.0
2026-05-01,09G,0.0,0.0
2024-11-01,09Y,0.0,0.0
2026-03-01,10A,0.0,0.0
2024-09-01,10A,0.0,0.0
2023-11-01,10C,0.0,0.0
2023-06-01,10D,0.0,0.0
2024-07-01,10D,0.0,0.0
2024-02-01,10D,0.0,0.0
2025-06-01,10D,0.0,0.0
2025-04-01,10E,0.0,0.0
2022-11-01,10K,0.0,0.0
2023-03-01,10K,0.0,0.0
2024-03-01,10K,0.0,0.0
2025-03-01,10K,0.0,0.0
2025-06-01,10K,0.0,0.0
2021-12-01,10M,0.0,0.0
2026-05-01,10M,0.0,0.0
2025-03-01,10M,0.0,0.0
2025-10-01,10M,0.0,0.0
2025-11-01,10V,0.0,0.0
2022-01-01,10V,0.0,0.0
2025-10-01,10V,0.0,0.0
2024-11-01,10W,0.0,0.0
2023-07-01,10W,0.0,0.0
2025-06-01,11E,0.0,0.0
2023-10-01,11T,0.0,0.0
2022-05-01,11T,0.0,0.0
2021-11-01,12D,0.0,0.0
2022-06-01,15D,0.0,0.0
2024-02-01,99D,0.0,0.0
2024-01-01,99D,0.0,0.0
2022-06-01,99J,0.0,0.0
2023-05-01,99K,0.0,0.0
2024-09-01,99K,0.0,0.0
2024-05-01,99M,0.0,0.0
2023-12-01,99N,0.0,0.0
2022-10-01,99P,0.0,0.0
2024-06-01,01H,4.13549,335.14000000000004
2024-07-01,01W,25.950989999999997,327.726
2022-09-01,02Y,3.81655,309.55500000000006
2022-12-01,03N,113.08976,629.524
2022-03-01,03N,89.85941,618.4150000000001
2026-06-01,06H,2.94847,1050.3110000000004
2024-12-01,11J,4.13535,833.1379999999996
2023-11-01,11J,13.26326,829.4339999999997
2025-03-01,11X,18.56091,608.0279999999999
2022-06-01,15N,26.75102,1272.4270000000004
2025-08-01,18C,4.91463,834.4800000000001
2024-02-01,71E,4.10196,819.6009999999998
2025-11-01,91Q,8.8421,2043.4010000000003
2026-02-01,91Q,10.53999,2043.09
2021-12-01,92G,8.425930000000001,976.8819999999998
2023-01-01,97R,7.93712,570.7800000000001
2026-06-01,A3A8R,6.35963,2454.659
2023-01-01,A3A8R,3.82563,2395.8060000000014
2025-12-01,B2M3M,4.42116,1125.3630000000003
2022-03-01,B2M3M,15.16211,1049.9750000000001
2022-11-01,D2P2L,28.68883,1296.3830000000003
2021-12-01,M1J4Y,7.61075,1069.4649999999995
2026-01-01,W2U3Z,5.88436,2941.5379999999977
2023-05-01,W2U3Z,9.80408,2835.6379999999976
2023-10-01,W2U3Z,43.11356,2854.174000000001
2026-01-01,00L,0.0,344.235
2024-05-01,00Q,0.0,186.659
2023-03-01,00R,0.0,177.302
2024-11-01,00R,0.0,179.078
2022-03-01,00T,0.0,319.77700000000004
2023-08-01,00T,0.0,326.26599999999996
2023-10-01,00V,0.0,210.503
2023-02-01,00Y,0.0,264.124
2021-07-01,00Y,0.0,260.989
2025-06-01,01A,0.0,411.21100000000007
2026-04-01,01D,0.0,253.32000000000005
2024-04-01,01F,0.0,136.056
2026-06-01,01G,0.0,323.87
2025-08-01,01G,0.0,323.6850000000001
2025-01-01,01G,0.0,322.03499999999985
2025-03-01,01T,0.0,161.32999999999998
2026-06-01,01V,0.0,128.464
2024-06-01,01V,0.0,127.979
2024-06-01,01W,0.0,327.493
2026-02-01,01X,0.0,204.529
2025-06-01,01X,0.0,203.94599999999997
2024-08-01,01X,0.0,202.99099999999999
2024-07-01,01X,0.0,202.84099999999998
2025-11-01,01Y,0.0,228.83400000000003
2021-09-01,02G,0.0,113.97200000000001
2022-05-01,02H,0.0,338.64900000000017
2024-02-01,02P,0.0,269.43999999999994
2024-07-01,02T,0.0,225.11400000000003
2021-11-01,02Y,0.0,307.55600000000004
2024-03-01,02Y,0.0,314.2320000000001
2024-11-01,03F,0.0,314.726
2021-12-01,03F,0.0,306.18399999999997
2026-02-01,03F,0.0,313.98900000000003
2022-11-01,03K,0.0,183.865
2022-04-01,03L,0.0,267.03800000000007
2025-05-01,03Q,0.0,251.301
2024-10-01,03Q,0.0,251.27999999999997
2025-02-01,03Q,0.0,252.495
2026-02-01,03R,0.0,400.156
2023-05-01,04V,0.0,414.8370000000002
2025-06-01,04V,0.0,423.96400000000006
2024-05-01,04V,0.0,420.34600000000006
2021-09-01,04Y,0.0,135.87300000000002
2022-12-01,05D,0.0,149.867
2023-06-01,05Q,0.0,220.98800000000006
2022-10-01,05Q,0.0,219.502
2022-08-01,05V,0.0,152.78600000000003
2021-08-01,05V,0.0,151.26500000000001
2025-01-01,05W,0.0,300.23600000000005
2025-05-01,05W,0.0,300.817
2023-04-01,05W,0.0,302.526
2025-07-01,06K,0.0,636.7850000000001
2023-06-01,06K,0.0,624.2079999999997
2026-04-01,06L,0.0,418.5600000000001
2025-11-01,06Q,0.0,426.47900000000004
2021-08-01,06T,0.0,362.511
2022-06-01,07G,0.0,184.60899999999998
2023-06-01,07H,0.0,328.76499999999993
2025-08-01,07H,0.0,337.67699999999996
2023-03-01,07K,0.0,274.78299999999996
2024-01-01,07K,0.0,277.077
2025-07-01,09D,0.0,332.02899999999994
2025-05-01,10R,0.0,235.624
2026-05-01,11N,0.0,604.8919999999998
2023-09-01,12F,0.0,342.7960000000001
2022-04-01,13T,0.0,539.4100000000001
2025-08-01,13T,0.0,559.347
2024-01-01,14L,0.0,734.8000000000002
2021-08-01,14L,0.0,679.5469999999999
2023-03-01,15A,0.0,578.05
2022-08-01,15C,0.0,1062.333
2021-09-01,15F,0.0,898.0779999999996
2023-08-01,15N,0.0,1284.5550000000003
2022-08-01,16C,0.0,719.8049999999997
2021-12-01,18C,0.0,813.7509999999997
2024-10-01,26A,0.0,1099.1110000000003
2022-02-01,70F,0.0,921.984
2023-03-01,71E,0.0,813.4650000000003
2022-11-01,71E,0.0,811.6769999999997
2022-12-01,72Q,0.0,2068.752000000001
2023-05-01,72Q,0.0,2075.9279999999994
2024-07-01,84H,0.0,566.7419999999998
2023-12-01,92A,0.0,1293.7029999999997
2024-11-01,92G,0.0,1010.9769999999999
2025-08-01,99C,0.0,229.162
2026-06-01,99C,0.0,229.15200000000002
2024-12-01,99E,0.0,295.1
2022-05-01,99F,0.0,186.29999999999998
2022-01-01,99G,0.0,190.375
2026-01-01,A3A8R,0.0,2488.858000000001
2026-05-01,D9Y0V,0.0,1925.1510000000007
2021-10-01,D9Y0V,0.0,1883.542
2025-01-01,M2L0M,0.0,536.35
2026-01-01,M2L0M,0.0,538.095
2021-06-01,00D,0.0,0.0
2023-10-01,00J,0.0,0.0
2025-01-01,00J,0.0,0.0
2022-02-01,00K,0.0,0.0
2024-05-01,00K,0.0,0.0
2022-08-01,00M,0.0,0.0
2026-04-01,01R,0.0,0.0
2026-03-01,01R,0.0,0.0
2025-07-01,02F,0.0,0.0
2025-03-01,02F,0.0,0.0
2024-11-01,02F,0.0,0.0
2023-10-01,02V,0.0,0.0
2023-02-01,02V,0.0,0.0
2025-07-01,02V,0.0,0.0
2022-01-01,02W,0.0,0.0
2024-03-01,03A,0.0,0.0
2026-04-01,03A,0.0,0.0
2022-10-01,03A,0.0,0.0
2026-01-01,03J,0.0,0.0
2023-11-01,03M,0.0,0.0
2022-10-01,03Y,0.0,0.0
2025-10-01,04E,0.0,0.0
2022-02-01,04F,0.0,0.0
2022-02-01,04H,0.0,0.0
2026-02-01,04H,0.0,0.0
2025-06-01,04H,0.0,0.0
2024-01-01,04H,0.0,0.0
2023-08-01,04H,0.0,0.0
2021-12-01,04J,0.0,0.0
2022-02-01,04K,0.0,0.0
2026-03-01,04K,0.0,0.0
2022-11-01,04K,0.0,0.0
2022-04-01,04L,0.0,0.0
2023-05-01,04M,0.0,0.0
2024-02-01,04Q,0.0,0.0
2023-07-01,04Q,0.0,0.0
2024-12-01,04R,0.0,0.0
2021-08-01,04R,0.0,0.0
2024-07-01,05A,0.0,0.0
2026-04-01,05A,0.0,0.0
2026-01-01,05A,0.0,0.0
2023-11-01,05F,0.0,0.0
2024-07-01,05F,0.0,0.0
2022-11-01,05H,0.0,0.0
2023-11-01,05L,0.0,0.0
2023-10-01,05L,0.0,0.0
2024-11-01,05N,0.0,0.0
2021-11-01,05N,0.0,0.0
2022-01-01,05N,0.0,0.0
2022-09-01,05N,0.0,0.0
2023-09-01,05N,0.0,0.0
2022-07-01,05R,0.0,0.0
2025-01-01,05R,0.0,0.0
2025-11-01,05X,0.0,0.0
2022-02-01,05Y,0.0,0.0
2025-05-01,05Y,0.0,0.0
2021-12-01,06A,0.0,0.0
2024-02-01,06D,0.0,0.0
2026-01-01,06F,0.0,0.0
2026-02-01,06M,0.0,0.0
2022-08-01,06M,0.0,0.0
2024-07-01,06M,0.0,0.0
2022-12-01,06P,0.0,0.0
2022-08-01,06Y,0.0,0.0
2022-09-01,06Y,0.0,0.0
2026-02-01,07L,0.0,0.0
2023-09-01,07L,0.0,0.0
2024-09-01,07P,0.0,0.0
2021-07-01,07P,0.0,0.0
2023-04-01,07R,0.0,0.0
2023-08-01,07R,0.0,0.0
2024-08-01,07T,0.0,0.0
2024-04-01,07T,0.0,0.0
2023-06-01,07V,0.0,0.0
2023-02-01,07W,0.0,0.0
2024-04-01,07W,0.0,0.0
2023-08-01,07W,0.0,0.0
2022-06-01,07X,0.0,0.0
2021-07-01,07X,0.0,0.0
2022-03-01,08A,0.0,0.0
2022-06-01,08A,0.0,0.0
2021-09-01,08C,0.0,0.0
2023-07-01,08D,0.0,0.0
2025-09-01,08E,0.0,0.0
2025-08-01,08F,0.0,0.0
2025-10-01,08G,0.0,0.0
2024-07-01,08G,0.0,0.0
2021-10-01,08H,0.0,0.0
2021-11-01,08H,0.0,0.0
2025-08-01,08J,0.0,0.0
2023-09-01,08J,0.0,0.0
2025-11-01,08K,0.0,0.0
2021-11-01,08K,0.0,0.0
2023-02-01,08L,0.0,0.0
2025-07-01,08M,0.0,0.0
2022-06-01,08N,0.0,0.0
2023-07-01,08N,0.0,0.0
2024-03-01,08R,0.0,0.0
2022-12-01,08R,0.0,0.0
2025-09-01,08X,0.0,0.0
2021-09-01,08X,0.0,0.0
2023-11-01,08X,0.0,0.0
2026-02-01,08Y,0.0,0.0
2026-02-01,09C,0.0,0.0
2023-03-01,09C,0.0,0.0
2021-11-01,09C,0.0,0.0
2022-11-01,09E,0.0,0.0
2025-11-01,09F,0.0,0.0
2022-02-01,09G,0.0,0.0
2025-10-01,09G,0.0,0.0
2022-10-01,09G,0.0,0.0
2026-01-01,09J,0.0,0.0
2026-06-01,09L,0.0,0.0
2025-08-01,09P,0.0,0.0
2024-04-01,09W,0.0,0.0
2022-08-01,09W,0.0,0.0
2022-03-01,09Y,0.0,0.0
2026-02-01,10A,0.0,0.0
2024-11-01,10A,0.0,0.0
2023-03-01,10A,0.0,0.0
2023-02-01,10C,0.0,0.0
2021-06-01,10C,0.0,0.0
2024-12-01,10D,0.0,0.0
2024-01-01,10E,0.0,0.0
2025-08-01,10K,0.0,0.0
2024-07-01,10M,0.0,0.0
2021-09-01,10M,0.0,0.0
2021-09-01,10V,0.0,0.0
2026-05-01,10V,0.0,0.0
2025-07-01,10W,0.0,0.0
2024-08-01,10W,0.0,0.0
2022-04-01,10W,0.0,0.0
2021-10-01,10X,0.0,0.0
2022-07-01,11E,0.0,0.0
2023-06-01,11H,0.0,0.0
2023-09-01,11H,0.0,0.0
2022-11-01,11H,0.0,0.0
2024-12-01,11T,0.0,0.0
2025-02-01,11T,0.0,0.0
2021-07-01,12D,0.0,0.0
2026-06-01,13P,0.0,0.0
2021-08-01,99D,0.0,0.0
2025-12-01,99J,0.0,0.0
2023-04-01,99J,0.0,0.0
2025-08-01,99J,0.0,0.0
2023-02-01,99K,0.0,0.0
2024-04-01,99K,0.0,0.0
2026-02-01,99K,0.0,0.0
2025-10-01,99M,0.0,0.0
2021-07-01,99M,0.0,0.0
2022-07-01,99M,0.0,0.0
2026-05-01,99N,0.0,0.0
2023-08-01,99N,0.0,0.0
2022-12-01,99Q,0.0,0.0
2024-10-01,00P,4.13557,295.26599999999996
2022-01-01,00V,7.62746,208.532
2023-01-01,01H,3.82563,331.6210000000001
2024-06-01,03N,59.60775,638.2620000000001
2025-12-01,03N,44.13472,639.2650000000001
2026-01-01,05V,10.80907,157.037
2022-09-01,11J,11.25336,821.7039999999998
2023-08-01,11M,9.79049,685.3159999999999
2021-12-01,14Y,2.81278,576.819
2026-02-01,15E,8.84502,1646.2569999999996
2023-03-01,92G,15.27283,992.087
2025-08-01,92G,5.89608,1012.5399999999996
2025-04-01,97R,4.42053,577.258
2025-10-01,99A,14.879999999999999,602.1360000000001
2025-12-01,99G,5.88441,196.788
2023-12-01,D2P2L,9.82841,1322.989
2026-02-01,M1J4Y,36.424279999999996,1147.8780000000004
2023-02-01,W2U3Z,22.89543,2830.2369999999987
2022-03-01,00N,0.0,158.81899999999996
2021-08-01,00N,0.0,158.714
2024-02-01,00Q,0.0,185.642
2024-05-01,00R,0.0,178.647
2025-01-01,00T,0.0,333.498
2025-04-01,00X,0.0,193.91199999999998
2026-03-01,01A,0.0,410.52200000000005
2022-06-01,01D,0.0,243.0619999999999
2022-11-01,01D,0.0,244.02599999999998
2021-11-01,01E,0.0,219.62700000000004
2025-10-01,01E,0.0,238.58599999999998
2023-06-01,01E,0.0,226.719
2025-01-01,01E,0.0,234.01500000000004
2025-12-01,01F,0.0,136.06799999999998
2022-12-01,01F,0.0,135.01100000000002
2021-08-01,01F,0.0,134.654
2024-09-01,01G,0.0,319.609
2022-08-01,01V,0.0,126.85600000000002
2025-04-01,01V,0.0,128.494
2025-09-01,01V,0.0,129.105
2023-06-01,01V,0.0,127.15800000000003
2022-02-01,01W,0.0,320.6120000000001
2022-02-01,01Y,0.0,220.181
2024-03-01,02E,0.0,229.046
2021-11-01,02M,0.0,182.032
2025-08-01,02P,0.0,270.82399999999996
2021-09-01,02P,0.0,264.889
2021-12-01,02Q,0.0,121.53599999999999
2023-11-01,02Q,0.0,125.61399999999999
2024-08-01,02T,0.0,225.26699999999997
2022-04-01,02X,0.0,328.25500000000005
2023-03-01,02X,0.0,331.6030000000001
2024-04-01,02Y,0.0,314.474
2021-10-01,02Y,0.0,307.55499999999995
2022-04-01,03F,0.0,307.14599999999996
2025-12-01,03F,0.0,314.5180000000001
2022-08-01,03Q,0.0,247.601
2022-09-01,04V,0.0,410.12300000000005
2025-07-01,04Y,0.0,140.72200000000004
2023-09-01,05D,0.0,151.91899999999998
2022-06-01,05G,0.0,217.88199999999998
2021-09-01,05G,0.0,216.93300000000005
2023-02-01,05Q,0.0,220.22899999999998
2022-02-01,05V,0.0,151.992
2025-09-01,05V,0.0,157.148
2022-03-01,05V,0.0,152.11199999999997
2021-10-01,06H,0.0,1004.3230000000001
2022-04-01,06K,0.0,616.9080000000001
2022-12-01,06L,0.0,412.381
2023-12-01,06N,0.0,684.8830000000002
2023-07-01,06N,0.0,680.858
2022-03-01,06T,0.0,365.518
2022-09-01,06T,0.0,366.795
2025-08-01,07G,0.0,190.62300000000002
2023-05-01,07G,0.0,186.04699999999997
2022-01-01,07H,0.0,324.2689999999999
2023-12-01,07K,0.0,276.8469999999999
2021-10-01,09D,0.0,326.918
2025-03-01,09D,0.0,333.57800000000003
2021-07-01,10Q,0.0,782.639
2023-05-01,11J,0.0,825.652
2022-03-01,11X,0.0,594.2509999999996
2022-12-01,12F,0.0,341.2230000000001
2023-03-01,12F,0.0,341.38499999999993
2023-01-01,12F,0.0,341.229
2023-10-01,12F,0.0,342.7750000000001
2025-04-01,13T,0.0,561.234
2024-11-01,14Y,0.0,594.9020000000002
2024-05-01,14Y,0.0,591.6809999999998
2021-11-01,14Y,0.0,576.059
2021-06-01,15A,0.0,558.3430000000001
2024-06-01,15C,0.0,1089.5110000000002
2025-03-01,15C,0.0,1096.5280000000002
2022-08-01,15E,0.0,1571.91
2024-11-01,15F,0.0,943.3670000000003
2026-05-01,15F,0.0,938.9430000000002
2023-05-01,16C,0.0,725.9590000000001
2023-12-01,16C,0.0,731.1039999999999
2022-11-01,18C,0.0,820.3800000000003
2023-08-01,27D,0.0,809.3429999999998
2024-05-01,27D,0.0,816.722
2024-03-01,42D,0.0,563.6000000000001
2022-04-01,72Q,0.0,2052.559
2023-05-01,78H,0.0,826.4250000000001
2025-10-01,78H,0.0,852.8939999999999
2024-06-01,78H,0.0,843.1750000000001
2024-08-01,92A,0.0,1301.3270000000002
2022-09-01,92A,0.0,1280.5349999999999
2024-05-01,92A,0.0,1298.0800000000002
2025-04-01,99E,0.0,295.884
2023-03-01,99E,0.0,288.48999999999995
2022-09-01,99E,0.0,287.26900000000006
2026-05-01,99E,0.0,295.894
2023-02-01,99E,0.0,288.259
2024-05-01,99F,0.0,187.44199999999998
2026-02-01,A3A8R,0.0,2479.616
2025-03-01,D2P2L,0.0,1341.65
2026-06-01,M2L0M,0.0,536.819
2026-02-01,U2G6B,0.0,500.9820000000001
2026-06-01,00D,0.0,0.0
2025-08-01,00K,0.0,0.0
2022-09-01,01R,0.0,0.0
2024-12-01,01R,0.0,0.0
2023-07-01,01R,0.0,0.0
2024-06-01,02F,0.0,0.0
2026-04-01,02R,0.0,0.0
2021-07-01,02R,0.0,0.0
2026-06-01,02R,0.0,0.0
2021-06-01,02R,0.0,0.0
2025-04-01,02V,0.0,0.0
2021-12-01,02W,0.0,0.0
2022-11-01,03J,0.0,0.0
2026-04-01,03J,0.0,0.0
2024-05-01,03T,0.0,0.0
2021-06-01,04D,0.0,0.0
2023-04-01,04D,0.0,0.0
2024-05-01,04E,0.0,0.0
2023-01-01,04G,0.0,0.0
2023-07-01,04H,0.0,0.0
2023-03-01,04H,0.0,0.0
2021-08-01,04H,0.0,0.0
2023-10-01,04K,0.0,0.0
2021-12-01,04M,0.0,0.0
2021-10-01,04M,0.0,0.0
2025-01-01,04Q,0.0,0.0
2024-07-01,04Q,0.0,0.0
2024-06-01,04R,0.0,0.0
2024-04-01,04X,0.0,0.0
2021-10-01,04X,0.0,0.0
2026-05-01,05A,0.0,0.0
2024-02-01,05A,0.0,0.0
2023-12-01,05C,0.0,0.0
2022-02-01,05H,0.0,0.0
2024-02-01,05L,0.0,0.0
2026-05-01,05R,0.0,0.0
2022-10-01,05Y,0.0,0.0
2024-06-01,05Y,0.0,0.0
2023-03-01,06D,0.0,0.0
2025-01-01,06D,0.0,0.0
2024-01-01,06F,0.0,0.0
2026-05-01,06F,0.0,0.0
2026-01-01,06M,0.0,0.0
2023-04-01,06P,0.0,0.0
2025-07-01,06Y,0.0,0.0
2025-06-01,06Y,0.0,0.0
2026-06-01,06Y,0.0,0.0
2022-11-01,07M,0.0,0.0
2024-02-01,07M,0.0,0.0
2024-03-01,07P,0.0,0.0
2021-06-01,07T,0.0,0.0
2022-02-01,07Y,0.0,0.0
2026-06-01,07Y,0.0,0.0
2022-08-01,07Y,0.0,0.0
2021-12-01,07Y,0.0,0.0
2022-02-01,08C,0.0,0.0
2024-10-01,08C,0.0,0.0
2023-06-01,08C,0.0,0.0
2023-01-01,08D,0.0,0.0
2025-07-01,08E,0.0,0.0
2022-02-01,08E,0.0,0.0
2024-09-01,08F,0.0,0.0
2023-01-01,08F,0.0,0.0
2023-09-01,08G,0.0,0.0
2024-08-01,08H,0.0,0.0
2026-02-01,08H,0.0,0.0
2024-02-01,08J,0.0,0.0
2023-09-01,08K,0.0,0.0
2024-12-01,08K,0.0,0.0
2023-03-01,08L,0.0,0.0
2022-05-01,08L,0.0,0.0
2024-08-01,08L,0.0,0.0
2023-08-01,08L,0.0,0.0
2025-05-01,08M,0.0,0.0
2021-11-01,08N,0.0,0.0
2024-10-01,08N,0.0,0.0
2022-07-01,08Q,0.0,0.0
2025-07-01,08V,0.0,0.0
2025-03-01,08X,0.0,0.0
2022-05-01,08Y,0.0,0.0
2023-10-01,08Y,0.0,0.0
2024-10-01,08Y,0.0,0.0
2023-12-01,09A,0.0,0.0
2022-02-01,09A,0.0,0.0
2023-10-01,09C,0.0,0.0
2025-06-01,09C,0.0,0.0
2021-09-01,09G,0.0,0.0
2025-09-01,09G,0.0,0.0
2023-02-01,09G,0.0,0.0
2026-04-01,09L,0.0,0.0
2025-06-01,09P,0.0,0.0
2023-03-01,09W,0.0,0.0
2022-07-01,10A,0.0,0.0
2023-07-01,10C,0.0,0.0
2024-08-01,10D,0.0,0.0
2024-11-01,10E,0.0,0.0
2022-05-01,10E,0.0,0.0
2023-08-01,10E,0.0,0.0
2021-10-01,10J,0.0,0.0
2024-02-01,10W,0.0,0.0
2023-10-01,11A,0.0,0.0
2024-10-01,11H,0.0,0.0
2024-02-01,11H,0.0,0.0
2025-07-01,11H,0.0,0.0
2025-06-01,11H,0.0,0.0
2024-03-01,11T,0.0,0.0
2022-07-01,11T,0.0,0.0
2026-03-01,13P,0.0,0.0
2023-11-01,15D,0.0,0.0
2023-08-01,99D,0.0,0.0
2024-04-01,99D,0.0,0.0
2023-03-01,99H,0.0,0.0
2025-10-01,99H,0.0,0.0
2022-02-01,99J,0.0,0.0
2026-05-01,99J,0.0,0.0
2022-09-01,99M,0.0,0.0
2023-06-01,99M,0.0,0.0
2021-12-01,99M,0.0,0.0
2022-02-01,99M,0.0,0.0
2021-08-01,99N,0.0,0.0
2023-07-01,99N,0.0,0.0
2021-12-01,99Q,0.0,0.0
2024-08-01,99Q,0.0,0.0
2026-06-01,99Q,0.0,0.0
2022-04-01,00P,2.81949,286.63800000000003
2023-10-01,00P,4.07773,291.58500000000004
2023-06-01,02Y,4.09607,311.776
2026-01-01,06Q,10.30548,426.2899999999999
2021-10-01,07G,22.75589,183.822
2023-08-01,11J,28.47867,826.0639999999999
2023-06-01,13T,3.07045,547.9200000000002
2022-05-01,15E,6.95686,1570.342
2024-12-01,15E,3.03337,1644.7560000000003
2025-03-01,15E,13.2636,1647.323000000001
2022-05-01,15M,17.57479,1110.3920000000003
2021-07-01,15M,14.70875,1103.1930000000002
2025-05-01,27D,4.42054,822.8800000000001
2023-09-01,91Q,18.56489,1999.8980000000015
2022-12-01,99A,56.38742,575.222
2022-08-01,A3A8R,5.43274,2372.2379999999994
2022-12-01,A3A8R,50.904,2392.4249999999993
2023-01-01,U2G6B,30.53065,465.598
2024-11-01,X2C4Y,3.03335,461.9350000000001
2023-02-01,X2C4Y,2.82477,454.09999999999997
2023-05-01,00L,0.0,336.0029999999999
2024-09-01,00P,0.0,295.09099999999995
2025-01-01,00Q,0.0,187.81599999999997
2022-09-01,00Q,0.0,181.92799999999997
2023-08-01,00R,0.0,178.08700000000002
2024-11-01,00T,0.0,333.308
2023-12-01,00T,0.0,328.45700000000005
2022-05-01,00X,0.0,188.11299999999997
2023-07-01,00Y,0.0,265.19399999999996
2024-04-01,00Y,0.0,268.139
2022-03-01,00Y,0.0,262.345
2021-08-01,00Y,0.0,261.244
2022-06-01,00Y,0.0,262.61100000000005
2026-06-01,00Y,0.0,267.82400000000007
2023-08-01,01A,0.0,402.059
2023-04-01,01A,0.0,399.81100000000015
2025-07-01,01D,0.0,253.166
2022-09-01,01D,0.0,243.80699999999996
2023-11-01,01F,0.0,136.06900000000002
2024-06-01,01G,0.0,318.4279999999999
2022-03-01,01G,0.0,301.296
2022-07-01,01H,0.0,329.97299999999996
2024-01-01,01K,0.0,356.38599999999997
2025-02-01,01V,0.0,128.444
2023-07-01,01W,0.0,324.8070000000001
2022-01-01,01W,0.0,320.079
2025-06-01,01Y,0.0,228.81
2025-04-01,02A,0.0,249.43999999999997
2023-11-01,02A,0.0,248.50499999999997
2022-11-01,02G,0.0,116.47999999999999
2023-01-01,02H,0.0,341.35999999999996
2022-06-01,02M,0.0,182.76899999999998
2022-06-01,02Q,0.0,122.42299999999999
2024-05-01,02Q,0.0,126.64
2026-02-01,02Q,0.0,128.975
2021-06-01,02T,0.0,222.343
2024-10-01,02X,0.0,339.26999999999987
2022-03-01,02X,0.0,328.00199999999995
2023-11-01,02Y,0.0,313.1790000000001
2022-02-01,03H,0.0,171.68200000000002
2024-12-01,03K,0.0,185.72499999999997
2023-05-01,03K,0.0,183.79499999999993
2025-03-01,03Q,0.0,251.966
2022-04-01,03R,0.0,388.57099999999997
2021-12-01,03R,0.0,387.75699999999995
2023-01-01,03R,0.0,391.344
2025-03-01,04Y,0.0,140.45499999999998
2024-05-01,05D,0.0,153.539
2024-11-01,05D,0.0,154.576
2023-04-01,05Q,0.0,220.763
2024-03-01,05Q,0.0,221.15099999999995
2023-08-01,05V,0.0,154.731
2025-09-01,05W,0.0,301.184
2023-06-01,06H,0.0,1035.144
2025-05-01,06K,0.0,636.262
2025-07-01,06L,0.0,419.942
2022-02-01,06L,0.0,409.9820000000001
2021-08-01,06Q,0.0,402.89399999999995
2023-10-01,07G,0.0,187.53099999999998
2025-07-01,07G,0.0,190.795
2022-06-01,07H,0.0,324.89400000000006
2021-11-01,07H,0.0,323.78099999999995
2022-09-01,07K,0.0,273.097
2024-05-01,07K,0.0,278.111
2025-05-01,07K,0.0,280.28599999999994
2021-06-01,09D,0.0,324.74299999999994
2021-11-01,09D,0.0,328.0139999999999
2021-12-01,10Q,0.0,792.0729999999999
2023-07-01,10R,0.0,234.19
2024-03-01,10R,0.0,236.061
2024-11-01,11M,0.0,695.3359999999999
2023-02-01,13T,0.0,546.5979999999998
2021-11-01,14L,0.0,689.179
2023-06-01,14L,0.0,718.7399999999999
2025-11-01,15A,0.0,590.588
2024-09-01,15C,0.0,1089.0959999999998
2021-12-01,15F,0.0,907.976
2023-10-01,15F,0.0,926.2859999999998
2022-08-01,15F,0.0,908.7419999999998
2023-12-01,15N,0.0,1292.3590000000002
2026-02-01,15N,0.0,1296.7090000000005
2023-05-01,15N,0.0,1282.9679999999998
2022-12-01,15N,0.0,1279.7090000000003
2023-03-01,16C,0.0,725.0330000000002
2025-05-01,16C,0.0,739.7070000000002
2026-04-01,16C,0.0,739.9549999999998
2023-01-01,36J,0.0,655.9090000000002
2022-10-01,36J,0.0,653.2369999999999
2022-02-01,42D,0.0,554.0569999999999
2023-04-01,42D,0.0,559.961
2024-11-01,52R,0.0,1155.2590000000002
2025-01-01,71E,0.0,824.5690000000002
2023-11-01,78H,0.0,834.467
2022-08-01,78H,0.0,816.5999999999997
2024-11-01,91Q,0.0,2032.9040000000007
2025-04-01,91Q,0.0,2037.8590000000002
2022-02-01,92G,0.0,979.292
2024-04-01,97R,0.0,575.2059999999999
2023-09-01,99C,0.0,226.66199999999998
2024-11-01,99G,0.0,196.04300000000003
2023-10-01,A3A8R,0.0,2434.4480000000003
2024-11-01,B2M3M,0.0,1117.407
2025-01-01,B2M3M,0.0,1118.5240000000001
2023-05-01,D2P2L,0.0,1307.1000000000004
2026-04-01,M1J4Y,0.0,1146.928
2024-06-01,M2L0M,0.0,533.0740000000001
2025-08-01,U2G6B,0.0,503.704
2025-12-01,01R,0.0,0.0
2022-05-01,01R,0.0,0.0
2023-06-01,02F,0.0,0.0
2026-06-01,02V,0.0,0.0
2025-02-01,03A,0.0,0.0
2021-08-01,03A,0.0,0.0
2022-02-01,03A,0.0,0.0
2023-04-01,03A,0.0,0.0
2024-12-01,03T,0.0,0.0
2025-08-01,04E,0.0,0.0
2025-09-01,04G,0.0,0.0
2022-07-01,04G,0.0,0.0
2026-06-01,04H,0.0,0.0
2024-04-01,04K,0.0,0.0
2026-04-01,04K,0.0,0.0
2023-07-01,04L,0.0,0.0
2022-03-01,04L,0.0,0.0
2023-10-01,04M,0.0,0.0
2025-03-01,04Q,0.0,0.0
2026-01-01,04R,0.0,0.0
2024-10-01,04R,0.0,0.0
2023-03-01,05A,0.0,0.0
2025-12-01,05A,0.0,0.0
2025-01-01,05F,0.0,0.0
2024-06-01,05H,0.0,0.0
2025-04-01,05H,0.0,0.0
2024-02-01,05H,0.0,0.0
2025-01-01,05T,0.0,0.0
2021-07-01,06A,0.0,0.0
2023-05-01,06A,0.0,0.0
2023-04-01,06A,0.0,0.0
2022-11-01,06F,0.0,0.0
2021-06-01,06F,0.0,0.0
2024-06-01,06M,0.0,0.0
2022-03-01,06P,0.0,0.0
2026-03-01,06P,0.0,0.0
2022-05-01,06W,0.0,0.0
2026-01-01,06Y,0.0,0.0
2024-01-01,07L,0.0,0.0
2022-03-01,07M,0.0,0.0
2022-04-01,07N,0.0,0.0
2026-06-01,07R,0.0,0.0
2022-08-01,07T,0.0,0.0
2023-01-01,07T,0.0,0.0
2022-08-01,07X,0.0,0.0
2022-05-01,08A,0.0,0.0
2025-06-01,08C,0.0,0.0
2023-11-01,08D,0.0,0.0
2026-05-01,08D,0.0,0.0
2024-04-01,08D,0.0,0.0
2021-08-01,08E,0.0,0.0
2024-07-01,08J,0.0,0.0
2025-07-01,08J,0.0,0.0
2023-03-01,08K,0.0,0.0
2023-10-01,08M,0.0,0.0
2025-06-01,08N,0.0,0.0
2026-05-01,08Q,0.0,0.0
2023-11-01,08R,0.0,0.0
2026-05-01,08T,0.0,0.0
2022-07-01,08V,0.0,0.0
2026-03-01,08W,0.0,0.0
2025-10-01,08W,0.0,0.0
2025-04-01,08W,0.0,0.0
2023-02-01,08Y,0.0,0.0
2024-11-01,09A,0.0,0.0
2023-07-01,09C,0.0,0.0
2023-08-01,09E,0.0,0.0
2022-08-01,09F,0.0,0.0
2023-11-01,09P,0.0,0.0
2022-10-01,09W,0.0,0.0
2024-07-01,09Y,0.0,0.0
2022-09-01,09Y,0.0,0.0
2021-10-01,09Y,0.0,0.0
2023-12-01,09Y,0.0,0.0
2024-01-01,09Y,0.0,0.0
2023-02-01,10A,0.0,0.0
2022-04-01,10A,0.0,0.0
2023-01-01,10A,0.0,0.0
2022-09-01,10C,0.0,0.0
2022-04-01,10C,0.0,0.0
2021-08-01,10D,0.0,0.0
2026-06-01,10D,0.0,0.0
2023-03-01,10E,0.0,0.0
2021-07-01,10K,0.0,0.0
2023-08-01,10K,0.0,0.0
2022-08-01,10L,0.0,0.0
2025-02-01,10V,0.0,0.0
2025-01-01,10W,0.0,0.0
2026-02-01,11H,0.0,0.0
2022-11-01,12D,0.0,0.0
2025-09-01,12D,0.0,0.0
2023-08-01,15D,0.0,0.0
2022-10-01,15D,0.0,0.0
2024-04-01,99H,0.0,0.0
2023-08-01,99H,0.0,0.0
2023-06-01,99J,0.0,0.0
2026-01-01,99K,0.0,0.0
2023-08-01,99K,0.0,0.0
2024-10-01,99K,0.0,0.0
2023-09-01,99M,0.0,0.0
2025-04-01,99M,0.0,0.0
2021-09-01,99P,0.0,0.0
2025-01-01,99P,0.0,0.0
2021-12-01,00V,7.61075,208.399
2025-07-01,01H,8.84121,337.23499999999996
2022-03-01,01H,11.24681,329.142
2025-02-01,01H,4.42028,336.63899999999995
2022-03-01,03K,16.90741,183.791
2023-12-01,03N,39.17474,639.1620000000003
2022-07-01,03N,186.77945,619.1350000000001
2024-05-01,03N,47.69598,638.6130000000002
2022-07-01,11N,3.818,598.209
2021-11-01,15E,5.957,1560.8339999999994
2024-02-01,15M,24.734730000000003,1132.3290000000002
2024-10-01,15M,26.37228,1140.1630000000005
2023-04-01,15M,3.07168,1120.3690000000001
2022-03-01,42D,2.8179,554.328
2023-03-01,72Q,54.81721,2074.5560000000014
2022-07-01,84H,7.6236,560.524
2024-05-01,84H,23.18096,566.6679999999999
2026-01-01,91Q,9.8304,2043.7780000000005
2022-10-01,91Q,17.97909,1976.1
2022-12-01,92G,15.2324,988.9930000000003
2022-04-01,92G,15.24552,980.7580000000005
2021-07-01,93C,5.60746,1712.963
2025-10-01,93C,4.91474,1839.7900000000004
2025-12-01,99F,8.82991,188.43999999999997
2021-10-01,B2M3M,5.25566,1042.0970000000007
2023-03-01,U2G6B,15.27283,467.15400000000005
2022-11-01,W2U3Z,97.43154999999999,2809.4049999999993
2023-04-01,W2U3Z,17.511049999999997,2834.081999999998
2021-08-01,W2U3Z,13.386949999999999,2702.273999999999
2024-12-01,W2U3Z,11.75057,2903.968999999999
2025-02-01,00L,0.0,341.7459999999999
2022-08-01,00N,0.0,158.963
2024-01-01,00N,0.0,159.85399999999998
2022-12-01,00Q,0.0,182.32
2024-06-01,00R,0.0,178.797
2024-10-01,00R,0.0,179.063
2026-01-01,00V,0.0,212.23099999999997
2023-12-01,00V,0.0,210.85700000000008
2023-04-01,00X,0.0,189.74600000000004
2024-12-01,00Y,0.0,269.381
2025-04-01,01A,0.0,411.01300000000003
2026-01-01,01A,0.0,411.34800000000007
2025-09-01,01A,0.0,411.90700000000015
2025-08-01,01A,0.0,411.88399999999996
2023-11-01,01D,0.0,247.73699999999997
2026-05-01,01D,0.0,253.50599999999997
2021-07-01,01E,0.0,217.92400000000004
2021-08-01,01E,0.0,218.10400000000004
2021-12-01,01F,0.0,135.163
2023-12-01,01F,0.0,136.05100000000002
2022-02-01,01G,0.0,300.515
2025-02-01,01G,0.0,322.5739999999999
2025-09-01,01G,0.0,323.958
2026-03-01,01G,0.0,325.15400000000005
2023-06-01,01J,0.0,170.95400000000004
2022-09-01,01J,0.0,170.31699999999998
2026-01-01,01T,0.0,161.609
2023-08-01,01V,0.0,127.34200000000001
2023-09-01,01V,0.0,127.446
2025-08-01,01Y,0.0,229.16
2022-11-01,02E,0.0,225.31300000000007
2023-10-01,02H,0.0,345.9989999999999
2024-09-01,02H,0.0,350.6890000000001
2023-07-01,02Q,0.0,124.71799999999999
2023-09-01,02T,0.0,224.01399999999998
2022-11-01,02X,0.0,330.47200000000004
2022-11-01,02Y,0.0,310.174
2024-06-01,02Y,0.0,315.16299999999995
2023-11-01,03F,0.0,313.1249999999999
2023-02-01,03F,0.0,310.286
2025-01-01,03H,0.0,174.715
2025-02-01,03K,0.0,185.724
2023-07-01,03K,0.0,184.00099999999995
2023-03-01,03L,0.0,269.327
2024-12-01,03Q,0.0,253.12099999999995
2023-05-01,03Q,0.0,251.009
2025-07-01,03Q,0.0,250.08400000000006
2025-03-01,03R,0.0,399.718
2025-10-01,03W,0.0,362.0410000000001
2021-12-01,03W,0.0,347.225
2025-11-01,03W,0.0,362.09799999999996
2023-08-01,03W,0.0,356.10000000000014
2024-07-01,03W,0.0,359.548
2022-05-01,04V,0.0,409.4409999999999
2024-03-01,04V,0.0,419.5489999999999
2021-10-01,04Y,0.0,135.84500000000003
2021-11-01,04Y,0.0,135.87199999999999
2025-07-01,05W,0.0,300.83299999999997
2026-01-01,06H,0.0,1059.42
2023-11-01,06K,0.0,628.224
2022-06-01,06L,0.0,410.7699999999999
2025-09-01,06L,0.0,420.484
2025-03-01,06Q,0.0,423.2600000000001
2023-01-01,06Q,0.0,409.75100000000003
2022-07-01,07G,0.0,184.829
2025-09-01,07H,0.0,338.09899999999993
2022-03-01,10Q,0.0,794.251
2026-03-01,10Q,0.0,826.7789999999997
2023-06-01,10Q,0.0,807.886
2022-08-01,10R,0.0,230.828
2022-07-01,10R,0.0,230.92200000000003
2021-09-01,11X,0.0,592.3360000000002
2025-02-01,15F,0.0,944.7940000000001
2024-12-01,16C,0.0,738.1239999999998
2021-07-01,16C,0.0,712.5680000000002
2024-09-01,16C,0.0,736.4039999999999
2023-04-01,26A,0.0,1088.1689999999999
2022-09-01,26A,0.0,1083.9789999999994
2021-11-01,36L,0.0,1721.2460000000017
2024-06-01,52R,0.0,1147.1430000000003
2021-06-01,70F,0.0,913.6169999999997
2025-11-01,72Q,0.0,2125.2290000000003
2021-12-01,72Q,0.0,2044.8999999999994
2025-07-01,78H,0.0,851.2189999999998
2026-03-01,92A,0.0,1299.0510000000004
2023-01-01,92A,0.0,1283.3540000000007
2025-08-01,93C,0.0,1835.8760000000002
2022-05-01,93C,0.0,1749.696999999999
2022-03-01,97R,0.0,566.6969999999998
2022-02-01,99C,0.0,224.203
2025-07-01,99C,0.0,228.971
2024-10-01,99E,0.0,294.59900000000005
2024-11-01,99E,0.0,294.94500000000005
2022-06-01,99F,0.0,186.377
2024-11-01,A3A8R,0.0,2464.459000000002
2024-08-01,B2M3M,0.0,1110.0570000000002
2023-12-01,B2M3M,0.0,1097.8700000000006
2026-06-01,B2M3M,0.0,1115.2489999999996
2025-07-01,B2M3M,0.0,1117.3000000000004
2021-09-01,D2P2L,0.0,1281.6369999999995
2022-06-01,M1J4Y,0.0,1081.0540000000003
2022-10-01,M1J4Y,0.0,1087.5520000000004
2022-10-01,M2L0M,0.0,522.389
2023-05-01,M2L0M,0.0,525.1570000000002
2024-12-01,X2C4Y,0.0,462.1150000000001
2021-10-01,00D,0.0,0.0
2026-05-01,00J,0.0,0.0
2025-03-01,00K,0.0,0.0
2022-07-01,02R,0.0,0.0
2024-08-01,02R,0.0,0.0
2022-09-01,02W,0.0,0.0
2025-08-01,03A,0.0,0.0
2025-04-01,03J,0.0,0.0
2025-01-01,03M,0.0,0.0
2023-12-01,03T,0.0,0.0
2025-11-01,03T,0.0,0.0
2023-01-01,03Y,0.0,0.0
2023-01-01,04D,0.0,0.0
2024-07-01,04H,0.0,0.0
2023-10-01,04H,0.0,0.0
2024-09-01,04K,0.0,0.0
2021-07-01,04K,0.0,0.0
2024-11-01,04L,0.0,0.0
2022-01-01,04M,0.0,0.0
2024-05-01,04M,0.0,0.0
2024-01-01,04R,0.0,0.0
2021-07-01,04X,0.0,0.0
2026-06-01,04X,0.0,0.0
2025-12-01,04X,0.0,0.0
2024-05-01,05A,0.0,0.0
2025-06-01,05C,0.0,0.0
2022-06-01,05C,0.0,0.0
2025-11-01,05F,0.0,0.0
2022-06-01,05F,0.0,0.0
2022-11-01,05F,0.0,0.0
2024-11-01,05H,0.0,0.0
2022-01-01,05H,0.0,0.0
2025-11-01,05L,0.0,0.0
2022-10-01,05N,0.0,0.0
2023-06-01,05N,0.0,0.0
2023-10-01,05R,0.0,0.0
2023-05-01,05T,0.0,0.0
2022-07-01,05T,0.0,0.0
2022-06-01,05X,0.0,0.0
2026-06-01,05Y,0.0,0.0
2022-09-01,05Y,0.0,0.0
2023-08-01,06A,0.0,0.0
2021-08-01,06A,0.0,0.0
2026-06-01,06A,0.0,0.0
2025-11-01,06M,0.0,0.0
2022-07-01,06P,0.0,0.0
2024-01-01,06W,0.0,0.0
2022-12-01,06W,0.0,0.0
2024-01-01,07P,0.0,0.0
2024-04-01,07P,0.0,0.0
2024-08-01,07P,0.0,0.0
2025-03-01,07R,0.0,0.0
2024-06-01,07R,0.0,0.0
2023-06-01,07T,0.0,0.0
2021-06-01,07X,0.0,0.0
2025-03-01,07X,0.0,0.0
2025-09-01,07Y,0.0,0.0
2022-10-01,08A,0.0,0.0
2022-02-01,08A,0.0,0.0
2023-09-01,08A,0.0,0.0
2025-08-01,08G,0.0,0.0
2023-10-01,08J,0.0,0.0
2023-06-01,08J,0.0,0.0
2022-01-01,08J,0.0,0.0
2022-09-01,08K,0.0,0.0
2024-07-01,08K,0.0,0.0
2022-03-01,08L,0.0,0.0
2025-02-01,08M,0.0,0.0
2021-07-01,08N,0.0,0.0
2024-02-01,08R,0.0,0.0
2022-12-01,08Y,0.0,0.0
2023-04-01,08Y,0.0,0.0
2024-10-01,09A,0.0,0.0
2025-03-01,09A,0.0,0.0
2026-01-01,09A,0.0,0.0
2021-10-01,09A,0.0,0.0
2025-05-01,09F,0.0,0.0
2022-03-01,09G,0.0,0.0
2024-04-01,09J,0.0,0.0
2023-10-01,09L,0.0,0.0
2026-05-01,09L,0.0,0.0
2023-07-01,09P,0.0,0.0
2024-03-01,09W,0.0,0.0
2022-03-01,09W,0.0,0.0
2025-11-01,09W,0.0,0.0
2021-06-01,09Y,0.0,0.0
2026-01-01,10A,0.0,0.0
2023-04-01,10A,0.0,0.0
2026-04-01,10D,0.0,0.0
2023-05-01,10D,0.0,0.0
2023-08-01,10D,0.0,0.0
2024-05-01,10E,0.0,0.0
2021-06-01,10J,0.0,0.0
2023-05-01,10K,0.0,0.0
2025-03-01,10V,0.0,0.0
2023-04-01,10V,0.0,0.0
2022-09-01,10X,0.0,0.0
2023-02-01,11A,0.0,0.0
2022-12-01,11E,0.0,0.0
2025-12-01,11E,0.0,0.0
2025-12-01,11H,0.0,0.0
2022-01-01,11H,0.0,0.0
2024-07-01,11H,0.0,0.0
2023-07-01,11T,0.0,0.0
2024-08-01,12D,0.0,0.0
2023-02-01,13P,0.0,0.0
2024-10-01,13P,0.0,0.0
2023-06-01,15D,0.0,0.0
2022-03-01,15D,0.0,0.0
2023-05-01,99J,0.0,0.0
2021-08-01,99K,0.0,0.0
2026-06-01,99M,0.0,0.0
2024-11-01,99M,0.0,0.0
2022-08-01,99P,0.0,0.0
2025-06-01,99P,0.0,0.0
2022-04-01,99P,0.0,0.0
2025-06-01,99Q,0.0,0.0
2021-12-01,D4U1Y,0.0,0.0
2022-12-01,00P,3.8174,288.864
2023-02-01,01G,7.6433,308.63599999999997
2024-03-01,01H,4.09626,334.454
2025-09-01,01H,4.42069,337.614
2021-06-01,02P,5.59968,264.50199999999995
2022-06-01,03N,132.50605,619.076
2025-12-01,11J,5.88441,831.4890000000003
2022-01-01,11J,28.48305,819.004
2021-11-01,11N,2.8106,596.418
2021-08-01,15E,2.98014,1555.961
2026-03-01,15M,2.94836,1143.527
2025-04-01,18C,4.91454,833.1279999999999
2023-04-01,92G,16.35368,992.6469999999999
2021-07-01,97R,3.42539,564.6419999999999
2022-07-01,97R,4.02371,568.2620000000001
2025-07-01,97R,8.82881,577.2659999999998
2021-08-01,A3A8R,16.17754,2313.394
2022-01-01,A3A8R,2.98733,2346.008999999999
2026-03-01,A3A8R,4.4211,2472.3239999999987
2026-05-01,W2U3Z,6.35958,2907.492999999998
2021-06-01,W2U3Z,4.87334,2679.004999999999
2024-01-01,00L,0.0,338.04099999999994
2026-01-01,00N,0.0,159.383
2022-04-01,00Q,0.0,181.34400000000005
2026-03-01,00Q,0.0,188.28800000000004
2022-01-01,00T,0.0,319.3730000000001
2022-06-01,00T,0.0,320.89200000000005
2022-12-01,00X,0.0,189.28799999999998
2025-01-01,00X,0.0,193.527
2024-09-01,00X,0.0,192.985
2026-02-01,00X,0.0,195.07699999999997
2022-06-01,01A,0.0,396.332
2022-03-01,01A,0.0,395.40399999999994
2024-03-01,01D,0.0,249.29100000000008
2022-04-01,01F,0.0,135.22999999999996
2021-09-01,01G,0.0,294.36699999999996
2021-10-01,01G,0.0,296.27399999999994
2024-06-01,01J,0.0,172.60499999999996
2024-04-01,01T,0.0,159.58999999999995
2026-04-01,01W,0.0,330.715
2021-08-01,01X,0.0,200.04700000000003
2022-07-01,01X,0.0,200.56600000000003
2022-10-01,01Y,0.0,220.97099999999998
2024-06-01,01Y,0.0,226.755
2022-03-01,02A,0.0,245.50900000000001
2025-05-01,02E,0.0,230.72400000000005
2026-01-01,02H,0.0,352.46299999999997
2024-08-01,02Q,0.0,127.22999999999999
2024-09-01,02Q,0.0,127.47200000000002
2023-02-01,02Y,0.0,310.79300000000006
2025-09-01,02Y,0.0,319.68500000000006
2025-12-01,03H,0.0,174.66
2021-07-01,03H,0.0,170.98900000000006
2025-03-01,03H,0.0,174.601
2024-12-01,03H,0.0,174.70300000000003
2023-02-01,03K,0.0,183.76600000000002
2021-11-01,03Q,0.0,250.08
2021-07-01,03R,0.0,386.438
2026-03-01,03R,0.0,399.96900000000005
2024-03-01,04C,0.0,449.261
2026-06-01,04V,0.0,424.82199999999995
2022-01-01,04V,0.0,408.253
2025-07-01,04V,0.0,423.863
2025-11-01,04Y,0.0,140.697
2022-10-01,05D,0.0,149.30700000000002
2021-06-01,05D,0.0,146.82
2025-06-01,05D,0.0,155.13700000000003
2026-03-01,05G,0.0,231.133
2023-06-01,05G,0.0,230.42099999999996
2023-05-01,05G,0.0,218.6
2024-08-01,05G,0.0,231.00699999999995
2024-12-01,05Q,0.0,222.74599999999995
2022-05-01,05Q,0.0,218.48999999999998
2024-02-01,05V,0.0,155.28400000000002
2022-07-01,05V,0.0,152.627
2022-12-01,06K,0.0,620.216
2023-08-01,06K,0.0,625.6500000000001
2024-02-01,06L,0.0,416.074
2021-08-01,06L,0.0,408.66800000000006
2023-02-01,06N,0.0,676.9580000000003
2025-04-01,06N,0.0,692.7930000000002
2024-07-01,06N,0.0,689.499
2023-07-01,06Q,0.0,412.60199999999986
2023-11-01,06T,0.0,373.53999999999996
2025-09-01,07G,0.0,190.64700000000002
2022-12-01,07H,0.0,326.794
2025-10-01,07K,0.0,280.966
2024-06-01,09D,0.0,333.47599999999994
2026-04-01,09D,0.0,326.3219999999999
2025-01-01,09D,0.0,333.8620000000001
2024-02-01,10Q,0.0,818.6979999999999
2025-04-01,10Q,0.0,828.4530000000002
2022-06-01,10R,0.0,231.044
2025-08-01,11J,0.0,831.7530000000003
2022-08-01,11M,0.0,677.6150000000001
2022-04-01,11N,0.0,597.6120000000001
2023-10-01,11N,0.0,602.386
2026-05-01,11X,0.0,605.433
2022-11-01,11X,0.0,598.8679999999997
2021-07-01,12F,0.0,338.818
2024-06-01,14L,0.0,740.7600000000004
2022-11-01,14Y,0.0,582.3330000000001
2023-04-01,14Y,0.0,584.0120000000001
2023-01-01,15N,0.0,1280.894
2024-08-01,26A,0.0,1096.9880000000003
2021-11-01,26A,0.0,1080.254
2021-12-01,27D,0.0,794.0409999999999
2023-02-01,27D,0.0,805.4759999999998
2022-06-01,42D,0.0,555.6560000000001
2024-01-01,42D,0.0,563.0430000000001
2021-10-01,42D,0.0,552.739
2026-06-01,52R,0.0,1147.9629999999995
2022-05-01,70F,0.0,923.4319999999999
2024-11-01,70F,0.0,945.8090000000003
2025-06-01,71E,0.0,825.5550000000001
2024-05-01,71E,0.0,821.5019999999998
2023-08-01,72Q,0.0,2085.1169999999993
2021-09-01,78H,0.0,806.9480000000001
2023-01-01,84H,0.0,563.4680000000002
2022-08-01,92A,0.0,1278.7000000000003
2023-11-01,92G,0.0,999.065
2026-03-01,93C,0.0,1818.175
2026-03-01,97R,0.0,576.5210000000002
2022-05-01,97R,0.0,567.309
2025-04-01,99A,0.0,598.431
2022-12-01,99E,0.0,287.93300000000005
2022-01-01,99E,0.0,285.32700000000006
2023-05-01,99F,0.0,186.82
2025-10-01,99G,0.0,196.63000000000005
2024-04-01,99G,0.0,194.58200000000002
2022-10-01,99G,0.0,190.57100000000005
2022-11-01,99G,0.0,190.54499999999996
2024-05-01,A3A8R,0.0,2454.6059999999993
2025-02-01,B2M3M,0.0,1119.6370000000002
2023-10-01,D9Y0V,0.0,1908.7519999999993
2022-11-01,D9Y0V,0.0,1909.3749999999998
2023-09-01,D9Y0V,0.0,1904.9329999999995
2022-04-01,M1J4Y,0.0,1077.3819999999998
2022-09-01,M2L0M,0.0,521.6659999999999
2024-01-01,X2C4Y,0.0,458.4240000000001
2025-06-01,X2C4Y,0.0,462.5209999999999
2026-02-01,00J,0.0,0.0
2026-02-01,00K,0.0,0.0
2023-10-01,00K,0.0,0.0
2024-06-01,00M,0.0,0.0
2023-01-01,00M,0.0,0.0
2022-10-01,01R,0.0,0.0
2023-04-01,01R,0.0,0.0
2024-09-01,02F,0.0,0.0
2021-11-01,02V,0.0,0.0
2022-06-01,03A,0.0,0.0
2024-07-01,03A,0.0,0.0
2023-08-01,03J,0.0,0.0
2022-04-01,03J,0.0,0.0
2025-09-01,03M,0.0,0.0
2024-08-01,03T,0.0,0.0
2024-07-01,03T,0.0,0.0
2023-03-01,03Y,0.0,0.0
2021-11-01,04D,0.0,0.0
2021-09-01,04D,0.0,0.0
2022-04-01,04D,0.0,0.0
2023-05-01,04E,0.0,0.0
2026-04-01,04F,0.0,0.0
2023-01-01,04F,0.0,0.0
2025-04-01,04F,0.0,0.0
2025-08-01,04G,0.0,0.0
2026-03-01,04H,0.0,0.0
2023-02-01,04J,0.0,0.0
2022-12-01,04K,0.0,0.0
2021-12-01,04K,0.0,0.0
2026-05-01,04K,0.0,0.0
2024-05-01,04K,0.0,0.0
2021-07-01,04M,0.0,0.0
2021-11-01,04M,0.0,0.0
2022-02-01,04Q,0.0,0.0
2023-04-01,04Q,0.0,0.0
2026-04-01,04X,0.0,0.0
2024-12-01,05A,0.0,0.0
2022-04-01,05C,0.0,0.0
2023-09-01,05C,0.0,0.0
2022-07-01,05C,0.0,0.0
2024-09-01,05C,0.0,0.0
2025-12-01,05F,0.0,0.0
2025-09-01,05H,0.0,0.0
2021-12-01,05L,0.0,0.0
2021-09-01,05L,0.0,0.0
2024-08-01,05L,0.0,0.0
2022-06-01,05T,0.0,0.0
2024-05-01,05X,0.0,0.0
2024-08-01,05Y,0.0,0.0
2022-02-01,06A,0.0,0.0
2021-09-01,06A,0.0,0.0
2021-10-01,06D,0.0,0.0
2021-11-01,06D,0.0,0.0
2023-05-01,06F,0.0,0.0
2024-05-01,06F,0.0,0.0
2022-08-01,07L,0.0,0.0
2023-04-01,07M,0.0,0.0
2023-10-01,07N,0.0,0.0
2026-02-01,07P,0.0,0.0
2024-10-01,07P,0.0,0.0
2021-08-01,07R,0.0,0.0
2021-06-01,07R,0.0,0.0
2021-08-01,07T,0.0,0.0
2022-11-01,07V,0.0,0.0
2024-01-01,07W,0.0,0.0
2025-08-01,07W,0.0,0.0
2023-09-01,07W,0.0,0.0
2026-02-01,07Y,0.0,0.0
2024-12-01,08A,0.0,0.0
2023-01-01,08C,0.0,0.0
2024-11-01,08D,0.0,0.0
2022-08-01,08F,0.0,0.0
2024-09-01,08H,0.0,0.0
2021-09-01,08J,0.0,0.0
2025-05-01,08J,0.0,0.0
2021-12-01,08K,0.0,0.0
2022-06-01,08K,0.0,0.0
2022-04-01,08L,0.0,0.0
2023-11-01,08M,0.0,0.0
2023-05-01,08N,0.0,0.0
2024-07-01,08N,0.0,0.0
2025-07-01,08N,0.0,0.0
2023-11-01,08N,0.0,0.0
2025-07-01,08Q,0.0,0.0
2024-04-01,08Q,0.0,0.0
2024-03-01,08T,0.0,0.0
2024-06-01,08V,0.0,0.0
2022-06-01,08V,0.0,0.0
2023-08-01,08X,0.0,0.0
2024-05-01,08Y,0.0,0.0
2025-12-01,09A,0.0,0.0
2026-06-01,09A,0.0,0.0
2024-03-01,09C,0.0,0.0
2021-07-01,09C,0.0,0.0
2023-06-01,09F,0.0,0.0
2024-10-01,09G,0.0,0.0
2023-03-01,09J,0.0,0.0
2022-09-01,09L,0.0,0.0
2024-06-01,09P,0.0,0.0
2023-08-01,10C,0.0,0.0
2022-06-01,10C,0.0,0.0
2025-04-01,10D,0.0,0.0
2024-06-01,10E,0.0,0.0
2021-10-01,10E,0.0,0.0
2024-03-01,10J,0.0,0.0
2024-10-01,10J,0.0,0.0
2022-02-01,10K,0.0,0.0
2024-05-01,10L,0.0,0.0
2024-03-01,10L,0.0,0.0
2024-05-01,10M,0.0,0.0
2023-06-01,10V,0.0,0.0
2026-05-01,11A,0.0,0.0
2022-10-01,11A,0.0,0.0
2024-10-01,11E,0.0,0.0
2021-11-01,11H,0.0,0.0
2024-05-01,11H,0.0,0.0
2025-09-01,11H,0.0,0.0
2026-01-01,11T,0.0,0.0
2024-05-01,99D,0.0,0.0
2024-10-01,99D,0.0,0.0
2025-04-01,99D,0.0,0.0
2026-01-01,99H,0.0,0.0
2021-06-01,99J,0.0,0.0
2024-10-01,99M,0.0,0.0
2023-05-01,99P,0.0,0.0
2022-03-01,99P,0.0,0.0
2026-04-01,99Q,0.0,0.0
2024-05-01,99Q,0.0,0.0
2022-03-01,99Q,0.0,0.0
2023-01-01,D4U1Y,0.0,0.0
2022-08-01,01G,3.81598,304.171
2021-09-01,03N,99.55702,612.4729999999998
2025-06-01,03N,42.65759,637.1809999999999
2023-04-01,03N,82.47337999999999,630.602
2024-01-01,03N,69.20558,638.7779999999999
2024-12-01,03N,25.788520000000002,641.7210000000002
2022-08-01,03R,2.81603,389.78700000000003
2021-10-01,14L,2.9757,684.542
2026-03-01,15E,8.83269,1644.107999999999
2025-05-01,18C,4.91455,833.3250000000006
2022-10-01,72Q,21.67702,2061.2180000000017
2024-12-01,78H,8.25831,848.303
2023-11-01,84H,16.33563,566.3200000000002
2025-05-01,92G,4.42054,1012.4049999999999
2021-09-01,W2U3Z,10.783619999999999,2709.515000000003
2026-04-01,00L,0.0,344.837
2021-09-01,00P,0.0,284.687
2023-11-01,00P,0.0,292.4450000000001
2023-01-01,00Q,0.0,182.40599999999998
2025-05-01,00V,0.0,212.77199999999996
2023-05-01,00X,0.0,189.866
2023-10-01,00X,0.0,190.945
2023-04-01,01D,0.0,245.24699999999999
2023-12-01,01D,0.0,248.08100000000002
2022-08-01,01E,0.0,222.22999999999996
2026-01-01,01E,0.0,239.38199999999998
2023-03-01,01E,0.0,225.97000000000003
2022-02-01,01E,0.0,220.82100000000003
2022-12-01,01E,0.0,224.54999999999998
2022-08-01,01F,0.0,135.00099999999998
2024-12-01,01G,0.0,321.9309999999999
2026-01-01,01J,0.0,174.27200000000002
2023-01-01,01K,0.0,356.01
2024-03-01,01K,0.0,356.07099999999997
2021-08-01,01K,0.0,351.107
2023-12-01,01T,0.0,159.03899999999996
2021-11-01,01Y,0.0,219.637
2024-08-01,02E,0.0,230.12100000000004
2022-08-01,02G,0.0,115.779
2026-01-01,02G,0.0,118.75099999999999
2023-02-01,02H,0.0,341.7330000000002
2025-11-01,02M,0.0,187.80700000000002
2021-09-01,02M,0.0,181.58700000000005
2025-09-01,02P,0.0,270.718
2025-04-01,02Q,0.0,128.168
2025-08-01,02Q,0.0,128.753
2026-03-01,02T,0.0,225.426
2024-02-01,02T,0.0,224.34399999999997
2025-12-01,02X,0.0,341.433
2025-11-01,02Y,0.0,320.008
2024-01-01,02Y,0.0,313.64400000000006
2023-07-01,03F,0.0,311.58400000000006
2024-03-01,03H,0.0,173.89
2026-02-01,03H,0.0,174.48699999999994
2022-12-01,03K,0.0,183.865
2022-08-01,03K,0.0,183.78100000000003
2024-12-01,03L,0.0,275.369
2021-07-01,03L,0.0,265.688
2023-03-01,03Q,0.0,251.104
2025-07-01,03W,0.0,361.186
2023-04-01,04V,0.0,414.656
2022-12-01,04Y,0.0,136.744
2024-12-01,04Y,0.0,140.40200000000002
2026-02-01,05G,0.0,231.31800000000004
2023-01-01,05G,0.0,218.51700000000005
2025-02-01,05W,0.0,300.3669999999999
2022-03-01,05W,0.0,297.825
2025-09-01,06H,0.0,1058.0279999999998
2022-04-01,06H,0.0,1013.9850000000005
2024-10-01,06K,0.0,634.3959999999998
2024-06-01,06N,0.0,688.118
2024-03-01,06N,0.0,686.247
2022-08-01,06N,0.0,672.439
2023-07-01,06T,0.0,372.101
2022-08-01,07G,0.0,184.88000000000002
2024-05-01,07G,0.0,189.884
2021-06-01,07H,0.0,322.273
2021-07-01,07H,0.0,322.84799999999996
2023-11-01,07K,0.0,276.437
2022-07-01,07K,0.0,272.283
2021-12-01,09D,0.0,328.933
2023-07-01,09D,0.0,330.4590000000001
2025-09-01,10R,0.0,234.135
2022-02-01,10R,0.0,230.38900000000004
2021-06-01,10R,0.0,230.16199999999998
2022-09-01,10R,0.0,230.653
2022-01-01,11N,0.0,597.016
2025-02-01,11N,0.0,606.1039999999999
2025-08-01,11X,0.0,608.7059999999997
2023-07-01,12F,0.0,342.12699999999995
2025-06-01,13T,0.0,560.646
2025-09-01,14L,0.0,749.2010000000002
2024-05-01,14L,0.0,740.1680000000002
2025-05-01,14L,0.0,750.172
2022-05-01,14Y,0.0,579.02
2023-01-01,14Y,0.0,582.9130000000001
2023-10-01,15A,0.0,583.1089999999999
2023-03-01,15C,0.0,1071.161
2023-11-01,15C,0.0,1083.0059999999999
2022-09-01,15N,0.0,1274.05
2023-04-01,15N,0.0,1283.3749999999995
2025-03-01,16C,0.0,739.3200000000002
2021-12-01,16C,0.0,715.7090000000003
2024-11-01,16C,0.0,737.893
2022-12-01,16C,0.0,722.8800000000002
2024-01-01,18C,0.0,827.6849999999998
2021-08-01,18C,0.0,811.2430000000005
2022-08-01,26A,0.0,1083.0659999999996
2022-05-01,27D,0.0,797.4550000000004
2024-11-01,36L,0.0,1774.8349999999991
2023-05-01,71E,0.0,814.481
2024-01-01,72Q,0.0,2099.9360000000006
2024-10-01,84H,0.0,567.1020000000001
2022-03-01,91Q,0.0,1962.4060000000002
2024-03-01,92A,0.0,1295.5599999999995
2023-06-01,93C,0.0,1784.3000000000004
2026-06-01,93C,0.0,1802.029
2023-06-01,97R,0.0,572.1630000000001
2026-02-01,99A,0.0,600.681
2024-03-01,99A,0.0,588.5049999999998
2023-12-01,99C,0.0,227.12399999999994
2025-02-01,99C,0.0,228.713
2023-08-01,99C,0.0,226.483
2025-11-01,99G,0.0,196.48400000000004
2026-03-01,B2M3M,0.0,1120.3890000000001
2023-09-01,B2M3M,0.0,1085.8529999999992
2025-03-01,D9Y0V,0.0,1930.2390000000003
2021-12-01,D9Y0V,0.0,1889.446
2022-05-01,M2L0M,0.0,519.7189999999999
2026-02-01,00D,0.0,0.0
2026-01-01,00D,0.0,0.0
2021-11-01,00D,0.0,0.0
2024-05-01,00J,0.0,0.0
2021-07-01,00K,0.0,0.0
2023-09-01,00K,0.0,0.0
2022-03-01,00K,0.0,0.0
2026-05-01,00K,0.0,0.0
2024-09-01,00M,0.0,0.0
2023-10-01,00M,0.0,0.0
2021-08-01,02F,0.0,0.0
2022-03-01,02R,0.0,0.0
2023-05-01,02V,0.0,0.0
2022-03-01,02V,0.0,0.0
2022-11-01,02V,0.0,0.0
2025-04-01,02W,0.0,0.0
2023-02-01,02W,0.0,0.0
2024-10-01,02W,0.0,0.0
2022-06-01,03J,0.0,0.0
2022-06-01,03M,0.0,0.0
2025-08-01,03T,0.0,0.0
2022-09-01,03T,0.0,0.0
2026-02-01,04E,0.0,0.0
2023-06-01,04E,0.0,0.0
2023-09-01,04E,0.0,0.0
2021-07-01,04F,0.0,0.0
2026-06-01,04G,0.0,0.0
2024-09-01,04G,0.0,0.0
2025-08-01,04H,0.0,0.0
2025-05-01,04J,0.0,0.0
2026-02-01,04K,0.0,0.0
2022-07-01,04K,0.0,0.0
2021-09-01,04L,0.0,0.0
2025-01-01,04L,0.0,0.0
2024-12-01,04Q,0.0,0.0
2022-12-01,04Q,0.0,0.0
2023-09-01,04R,0.0,0.0
2026-05-01,04X,0.0,0.0
2026-01-01,04X,0.0,0.0
2024-03-01,05A,0.0,0.0
2022-09-01,05C,0.0,0.0
2025-05-01,05C,0.0,0.0
2021-12-01,05C,0.0,0.0
2024-10-01,05F,0.0,0.0
2024-11-01,05F,0.0,0.0
2024-07-01,05H,0.0,0.0
2026-06-01,05L,0.0,0.0
2024-06-01,05R,0.0,0.0
2024-07-01,05R,0.0,0.0
2025-08-01,05R,0.0,0.0
2023-06-01,05R,0.0,0.0
2024-02-01,05R,0.0,0.0
2022-09-01,05T,0.0,0.0
2022-09-01,05X,0.0,0.0
2022-08-01,05Y,0.0,0.0
2021-11-01,06A,0.0,0.0
2024-04-01,06A,0.0,0.0
2023-05-01,06M,0.0,0.0
2022-11-01,06P,0.0,0.0
2024-11-01,06P,0.0,0.0
2025-11-01,06P,0.0,0.0
2025-01-01,06W,0.0,0.0
2023-03-01,06W,0.0,0.0
2024-07-01,06W,0.0,0.0
2023-09-01,06Y,0.0,0.0
2024-09-01,06Y,0.0,0.0
2026-01-01,07L,0.0,0.0
2022-02-01,07M,0.0,0.0
2023-05-01,07N,0.0,0.0
2023-03-01,07V,0.0,0.0
2025-07-01,07W,0.0,0.0
2026-02-01,07W,0.0,0.0
2025-12-01,07W,0.0,0.0
2022-03-01,07Y,0.0,0.0
2025-05-01,08A,0.0,0.0
2024-08-01,08D,0.0,0.0
2021-12-01,08F,0.0,0.0
2022-09-01,08F,0.0,0.0
2023-06-01,08H,0.0,0.0
2023-03-01,08H,0.0,0.0
2024-01-01,08J,0.0,0.0
2022-12-01,08J,0.0,0.0
2026-02-01,08J,0.0,0.0
2026-06-01,08J,0.0,0.0
2024-02-01,08L,0.0,0.0
2021-11-01,08L,0.0,0.0
2024-06-01,08Q,0.0,0.0
2025-09-01,08R,0.0,0.0
2023-07-01,08V,0.0,0.0
2022-06-01,08W,0.0,0.0
2025-07-01,08X,0.0,0.0
2025-11-01,08X,0.0,0.0
2024-05-01,08X,0.0,0.0
2023-09-01,09C,0.0,0.0
2025-07-01,09E,0.0,0.0
2025-06-01,09E,0.0,0.0
2024-08-01,09E,0.0,0.0
2025-12-01,09F,0.0,0.0
2026-06-01,09G,0.0,0.0
2025-07-01,09G,0.0,0.0
2021-08-01,09G,0.0,0.0
2021-06-01,09J,0.0,0.0
2022-05-01,09J,0.0,0.0
2024-07-01,09J,0.0,0.0
2021-12-01,09J,0.0,0.0
2021-09-01,09J,0.0,0.0
2023-04-01,09L,0.0,0.0
2023-10-01,09P,0.0,0.0
2021-10-01,09W,0.0,0.0
2022-02-01,09W,0.0,0.0
2021-09-01,10A,0.0,0.0
2022-12-01,10C,0.0,0.0
2021-11-01,10E,0.0,0.0
2022-08-01,10E,0.0,0.0
2025-03-01,10J,0.0,0.0
2024-06-01,10J,0.0,0.0
2022-03-01,10K,0.0,0.0
2022-04-01,10M,0.0,0.0
2022-09-01,10W,0.0,0.0
2024-03-01,10X,0.0,0.0
2025-03-01,11A,0.0,0.0
2022-04-01,11E,0.0,0.0
2022-06-01,11E,0.0,0.0
2026-04-01,11H,0.0,0.0
2022-04-01,11H,0.0,0.0
2021-07-01,11T,0.0,0.0
2026-01-01,12D,0.0,0.0
2024-01-01,12D,0.0,0.0
2022-10-01,13P,0.0,0.0
2024-08-01,13P,0.0,0.0
2023-12-01,13P,0.0,0.0
2021-06-01,15D,0.0,0.0
2023-05-01,99H,0.0,0.0
2022-01-01,99K,0.0,0.0
2022-03-01,99K,0.0,0.0
2022-07-01,99K,0.0,0.0
2025-12-01,99K,0.0,0.0
2024-01-01,99N,0.0,0.0
2021-06-01,99N,0.0,0.0
2025-08-01,99P,0.0,0.0
2024-11-01,99P,0.0,0.0
2024-02-01,99P,0.0,0.0
2022-01-01,99Q,0.0,0.0
2025-01-01,99Q,0.0,0.0
2022-05-01,D4U1Y,0.0,0.0
2025-09-01,D4U1Y,0.0,0.0
2026-01-01,00T,2.94838,335.1459999999999
2021-09-01,00V,11.93967,208.284
2022-07-01,01G,3.818,303.72599999999994
2023-08-01,01G,8.14208,311.4700000000001
2021-09-01,03W,5.60624,346.015
2025-05-01,11J,4.42054,831.9090000000001
2025-01-01,11J,4.42032,832.8080000000003
2022-10-01,11J,16.84596,823.3149999999998
2023-01-01,11N,3.82563,600.1439999999999
2025-02-01,14L,6.35822,750.6150000000004
2022-12-01,15C,5.43476,1067.5890000000002
2025-08-01,15E,14.740200000000002,1647.788999999999
2026-04-01,15N,15.81653,1295.365
2021-06-01,15N,5.26444,1258.5329999999997
2021-12-01,15N,3.96093,1269.288
2026-05-01,16C,5.88449,739.7719999999999
2022-03-01,36L,4.08973,1728.7780000000002
2026-02-01,42D,5.88429,570.3190000000002
2023-02-01,71E,2.81237,813.1189999999999
2022-11-01,78H,5.52866,819.5569999999999
2024-07-01,91Q,6.10206,2024.587000000001
2024-02-01,92G,16.37062,1003.4890000000001
2026-04-01,92G,4.42116,1011.1839999999999
2023-05-01,93C,4.09934,1782.608
2024-04-01,99A,25.57201,588.7189999999999
2021-11-01,D2P2L,8.66818,1282.8179999999998
2024-09-01,D9Y0V,16.50499,1924.762
2025-07-01,M1J4Y,30.53889,1148.4919999999997
2021-08-01,M1J4Y,7.60906,1062.4439999999993
2022-05-01,00L,0.0,333.508
2023-11-01,00L,0.0,337.598
2024-05-01,00N,0.0,159.94400000000002
2025-01-01,00P,0.0,295.55000000000007
2022-11-01,00Q,0.0,182.088
2023-07-01,00R,0.0,177.953
2022-09-01,00R,0.0,176.676
2025-08-01,00T,0.0,334.615
2025-05-01,00X,0.0,194.05200000000002
2025-06-01,01D,0.0,252.80300000000005
2022-05-01,01E,0.0,221.682
2025-03-01,01E,0.0,234.96099999999998
2022-01-01,01G,0.0,299.60300000000007
2022-07-01,01J,0.0,170.35100000000003
2021-12-01,01K,0.0,353.57300000000004
2022-07-01,01V,0.0,126.68700000000003
2021-08-01,01W,0.0,318.944
2022-07-01,01W,0.0,321.57499999999993
2025-03-01,01X,0.0,203.659
2026-04-01,01Y,0.0,229.06500000000005
2023-08-01,02E,0.0,227.5840000000001
2023-07-01,02G,0.0,116.864
2023-05-01,02G,0.0,116.846
2024-12-01,02P,0.0,270.8070000000001
2023-06-01,02P,0.0,267.8579999999999
2025-01-01,02Q,0.0,127.96799999999999
2025-02-01,02Q,0.0,128.022
2021-09-01,02T,0.0,222.56599999999995
2022-02-01,02T,0.0,222.43200000000002
2021-06-01,02X,0.0,326.1480000000001
2022-12-01,02X,0.0,330.79600000000005
2024-01-01,02X,0.0,335.7580000000001
2024-10-01,02Y,0.0,316.916
2023-10-01,02Y,0.0,312.946
2023-01-01,03H,0.0,172.36400000000003
2024-07-01,03H,0.0,174.43300000000005
2023-07-01,03H,0.0,172.908
2022-07-01,03H,0.0,172.011
2023-06-01,03L,0.0,270.241
2023-07-01,03R,0.0,393.66700000000003
2025-07-01,04C,0.0,449.1840000000001
2025-02-01,05D,0.0,155.0
2024-02-01,05G,0.0,231.27700000000007
2025-02-01,05G,0.0,230.95700000000005
2023-02-01,05G,0.0,218.44099999999995
2022-07-01,05Q,0.0,218.99500000000006
2023-07-01,05V,0.0,154.488
2024-08-01,05W,0.0,298.7299999999999
2022-05-01,06K,0.0,616.8030000000002
2022-10-01,06N,0.0,674.0870000000001
2021-12-01,06N,0.0,667.79
2025-09-01,06N,0.0,694.7259999999999
2021-12-01,07G,0.0,184.10100000000006
2025-03-01,07G,0.0,190.70300000000003
2023-09-01,07H,0.0,330.28399999999993
2022-01-01,07K,0.0,270.79900000000004
2025-06-01,07K,0.0,280.39500000000004
2021-06-01,10Q,0.0,781.104
2025-04-01,10R,0.0,235.82699999999997
2023-12-01,11M,0.0,688.0950000000001
2025-06-01,11N,0.0,605.8489999999999
2023-12-01,11X,0.0,603.8649999999997
2022-09-01,11X,0.0,597.4799999999999
2026-04-01,11X,0.0,605.7959999999998
2024-07-01,12F,0.0,344.969
2025-07-01,12F,0.0,346.493
2023-01-01,13T,0.0,546.319
2022-12-01,14Y,0.0,582.6999999999998
2025-02-01,14Y,0.0,596.027
2024-08-01,15C,0.0,1089.6409999999998
2023-09-01,15C,0.0,1076.4219999999998
2026-06-01,15C,0.0,1092.577
2023-04-01,15F,0.0,920.638
2024-03-01,18C,0.0,828.525
2025-05-01,26A,0.0,1100.0860000000002
2025-03-01,27D,0.0,822.0740000000002
2026-01-01,27D,0.0,824.7529999999999
2026-02-01,36J,0.0,668.1709999999999
2022-11-01,52R,0.0,1132.6909999999998
2025-03-01,71E,0.0,825.1559999999998
2022-04-01,71E,0.0,805.536
2026-04-01,72Q,0.0,2106.7529999999997
2024-02-01,78H,0.0,838.3659999999999
2024-01-01,78H,0.0,836.803
2023-07-01,78H,0.0,829.3229999999999
2025-06-01,84H,0.0,569.4589999999997
2026-01-01,84H,0.0,571.858
2025-09-01,91Q,0.0,2042.692999999999
2023-05-01,91Q,0.0,1990.5979999999981
2025-12-01,99A,0.0,602.5209999999998
2022-10-01,99C,0.0,225.09399999999997
2026-03-01,99E,0.0,295.82699999999994
2024-03-01,99E,0.0,292.719
2025-03-01,99E,0.0,295.75199999999995
2022-10-01,99E,0.0,287.40200000000004
2024-10-01,99F,0.0,188.02599999999998
2023-07-01,99G,0.0,192.48400000000004
2021-07-01,99G,0.0,190.19300000000004
2023-01-01,B2M3M,0.0,1070.3129999999999
2022-06-01,D2P2L,0.0,1290.5089999999993
2025-09-01,D9Y0V,0.0,1930.2369999999992
2021-07-01,X2C4Y,0.0,448.2400000000001
2026-04-01,X2C4Y,0.0,461.74300000000005
2022-03-01,X2C4Y,0.0,450.42900000000003
2023-09-01,00D,0.0,0.0
2025-07-01,00J,0.0,0.0
2025-03-01,00J,0.0,0.0
2022-12-01,00K,0.0,0.0
2024-07-01,00M,0.0,0.0
2022-10-01,00M,0.0,0.0
2023-08-01,01R,0.0,0.0
2021-06-01,01R,0.0,0.0
2025-01-01,02F,0.0,0.0
2021-08-01,02W,0.0,0.0
2021-06-01,03A,0.0,0.0
2024-06-01,03A,0.0,0.0
2021-11-01,03J,0.0,0.0
2023-06-01,03M,0.0,0.0
2023-07-01,03M,0.0,0.0
2026-02-01,03Y,0.0,0.0
2023-12-01,04D,0.0,0.0
2021-08-01,04D,0.0,0.0
2026-01-01,04D,0.0,0.0
2025-11-01,04F,0.0,0.0
2024-05-01,04F,0.0,0.0
2024-12-01,04G,0.0,0.0
2024-09-01,04H,0.0,0.0
2025-04-01,04H,0.0,0.0
2024-12-01,04J,0.0,0.0
2021-09-01,04K,0.0,0.0
2025-07-01,04M,0.0,0.0
2024-01-01,04Q,0.0,0.0
2024-11-01,04X,0.0,0.0
2024-05-01,05F,0.0,0.0
2022-10-01,05L,0.0,0.0
2025-10-01,05L,0.0,0.0
2023-02-01,05R,0.0,0.0
2023-02-01,05T,0.0,0.0
2023-11-01,05T,0.0,0.0
2025-09-01,05T,0.0,0.0
2025-02-01,06D,0.0,0.0
2023-06-01,06F,0.0,0.0
2022-07-01,06M,0.0,0.0
2023-09-01,06M,0.0,0.0
2026-05-01,06M,0.0,0.0
2023-10-01,06P,0.0,0.0
2022-10-01,06W,0.0,0.0
2025-10-01,06Y,0.0,0.0
2023-06-01,06Y,0.0,0.0
2024-09-01,07M,0.0,0.0
2022-09-01,07M,0.0,0.0
2023-11-01,07R,0.0,0.0
2026-04-01,07W,0.0,0.0
2021-09-01,07Y,0.0,0.0
2025-08-01,07Y,0.0,0.0
2025-03-01,07Y,0.0,0.0
2021-07-01,08A,0.0,0.0
2022-08-01,08A,0.0,0.0
2022-08-01,08C,0.0,0.0
2021-06-01,08D,0.0,0.0
2024-10-01,08F,0.0,0.0
2026-04-01,08G,0.0,0.0
2025-05-01,08H,0.0,0.0
2026-06-01,08H,0.0,0.0
2025-03-01,08K,0.0,0.0
2021-06-01,08M,0.0,0.0
2026-04-01,08N,0.0,0.0
2025-12-01,08N,0.0,0.0
2021-09-01,08Q,0.0,0.0
2023-09-01,08T,0.0,0.0
2021-06-01,08V,0.0,0.0
2021-12-01,08W,0.0,0.0
2022-07-01,08X,0.0,0.0
2022-03-01,08X,0.0,0.0
2024-01-01,08X,0.0,0.0
2023-01-01,08Y,0.0,0.0
2026-05-01,08Y,0.0,0.0
2023-07-01,08Y,0.0,0.0
2023-01-01,09A,0.0,0.0
2022-12-01,09A,0.0,0.0
2021-07-01,09E,0.0,0.0
2023-09-01,09E,0.0,0.0
2021-11-01,09E,0.0,0.0
2025-03-01,09E,0.0,0.0
2021-10-01,09J,0.0,0.0
2025-11-01,09L,0.0,0.0
2024-05-01,09P,0.0,0.0
2025-09-01,09P,0.0,0.0
2024-09-01,09P,0.0,0.0
2021-10-01,09P,0.0,0.0
2023-09-01,09W,0.0,0.0
2021-08-01,09Y,0.0,0.0
2025-03-01,10A,0.0,0.0
2025-10-01,10C,0.0,0.0
2026-06-01,10C,0.0,0.0
2024-05-01,10D,0.0,0.0
2026-01-01,10E,0.0,0.0
2023-09-01,10J,0.0,0.0
2025-04-01,10K,0.0,0.0
2022-10-01,10L,0.0,0.0
2026-02-01,10M,0.0,0.0
2025-04-01,10V,0.0,0.0
2023-01-01,10W,0.0,0.0
2024-09-01,10X,0.0,0.0
2026-02-01,11A,0.0,0.0
2025-07-01,11E,0.0,0.0
2023-08-01,11E,0.0,0.0
2026-05-01,11H,0.0,0.0
2024-11-01,11H,0.0,0.0
2021-09-01,11T,0.0,0.0
2021-06-01,11T,0.0,0.0
2024-01-01,11T,0.0,0.0
2021-10-01,12D,0.0,0.0
2024-11-01,15D,0.0,0.0
2025-11-01,99J,0.0,0.0
2026-05-01,99M,0.0,0.0
2022-01-01,99M,0.0,0.0
2023-05-01,99M,0.0,0.0
2022-06-01,99N,0.0,0.0
2025-11-01,99N,0.0,0.0
2024-04-01,99P,0.0,0.0
2022-10-01,99Q,0.0,0.0
2023-10-01,D4U1Y,0.0,0.0
2022-11-01,D4U1Y,0.0,0.0
2025-06-01,00P,4.42057,295.37999999999994
2021-10-01,00V,7.5977,208.30200000000002
2023-12-01,01G,40.86801,314.93699999999995
2024-10-01,01H,4.13557,335.933
2021-10-01,01H,5.60353,328.4839999999999
2024-08-01,02Y,3.10001,316.17900000000003
2025-08-01,03N,29.71236,635.4820000000002
2025-07-01,07H,4.42061,337.282
2025-09-01,15C,4.42069,1095.7540000000006
2025-03-01,15M,17.18775,1142.1699999999996
2025-06-01,15M,54.37815,1143.3340000000005
2024-08-01,27D,4.13554,818.9799999999998
2026-03-01,36J,2.94836,667.4840000000003
2025-08-01,36L,4.42061,1777.8609999999996
2024-02-01,42D,0.64008,563.3770000000001
2021-07-01,52R,2.80993,1104.0359999999998
2026-02-01,70F,2.94834,950.5689999999997
2024-02-01,72Q,11.41416,2103.420000000001
2026-03-01,84H,7.36946,571.4910000000001
2021-11-01,99A,2.9785,562.796
2026-02-01,99F,7.36941,188.056
2022-05-01,A3A8R,5.43831,2362.4690000000023
2023-11-01,M1J4Y,19.40161,1119.1029999999996
2023-01-01,W2U3Z,24.33163,2825.894999999999
2022-08-01,00L,0.0,334.2319999999999
2026-03-01,00P,0.0,295.06399999999996
2022-09-01,00P,0.0,287.164
2023-10-01,00Q,0.0,184.393
2025-02-01,00R,0.0,178.916
2023-01-01,00T,0.0,323.16499999999996
2025-06-01,00T,0.0,334.366
2023-08-01,00X,0.0,190.54900000000006
2024-03-01,00X,0.0,191.659
2022-02-01,00Y,0.0,262.217
2022-05-01,00Y,0.0,262.551
2025-10-01,00Y,0.0,269.2179999999999
2025-01-01,01A,0.0,410.6790000000001
2021-11-01,01A,0.0,394.246
2022-07-01,01D,0.0,243.32600000000002
2024-09-01,01E,0.0,231.64200000000002
2025-01-01,01F,0.0,136.803
2023-09-01,01J,0.0,171.33100000000002
2022-05-01,01J,0.0,170.23999999999998
2025-01-01,01J,0.0,173.748
2024-08-01,01K,0.0,355.693
2022-05-01,01K,0.0,353.67800000000005
2025-10-01,01T,0.0,161.799
2021-07-01,01T,0.0,156.909
2025-12-01,01W,0.0,330.865
2022-12-01,01X,0.0,200.58399999999997
2021-09-01,01X,0.0,200.107
2023-04-01,01Y,0.0,221.782
2024-04-01,02E,0.0,229.12500000000006
2024-02-01,02E,0.0,228.96600000000004
2026-05-01,02G,0.0,118.486
2024-02-01,02G,0.0,117.47000000000001
2025-12-01,02M,0.0,187.95399999999998
2026-02-01,02M,0.0,188.13
2025-05-01,02P,0.0,270.869
2025-11-01,02P,0.0,270.658
2026-05-01,02P,0.0,270.53000000000003
2026-02-01,02P,0.0,270.574
2025-01-01,02T,0.0,225.737
2023-07-01,02X,0.0,333.07300000000004
2025-03-01,02Y,0.0,317.985
2026-05-01,02Y,0.0,320.752
2026-01-01,02Y,0.0,320.25800000000004
2022-06-01,03K,0.0,183.809
2021-06-01,03K,0.0,182.77899999999997
2024-04-01,03L,0.0,273.03799999999995
2026-06-01,03R,0.0,399.45400000000006
2023-05-01,03R,0.0,392.78799999999995
2024-09-01,03R,0.0,399.089
2021-10-01,03W,0.0,346.453
2022-07-01,04C,0.0,427.05600000000004
2023-09-01,04Y,0.0,138.941
2024-03-01,05D,0.0,153.06799999999998
2024-10-01,05D,0.0,154.37500000000003
2025-09-01,05D,0.0,155.31300000000002
2024-02-01,05Q,0.0,221.096
2021-07-01,05Q,0.0,216.76900000000003
2022-11-01,05Q,0.0,219.69500000000005
2023-11-01,05W,0.0,294.53
2022-12-01,05W,0.0,300.787
2021-10-01,06K,0.0,615.5160000000003
2022-01-01,06N,0.0,668.49
2025-08-01,06Q,0.0,425.3810000000001
2022-06-01,06Q,0.0,406.2540000000001
2023-09-01,06T,0.0,372.74
2023-04-01,06T,0.0,370.92599999999993
2024-07-01,07G,0.0,190.24
2023-04-01,07G,0.0,186.23800000000003
2021-09-01,07K,0.0,270.16299999999995
2023-04-01,07K,0.0,274.98199999999997
2022-07-01,09D,0.0,329.578
2026-04-01,10Q,0.0,825.9930000000002
2023-05-01,10R,0.0,233.972
2021-06-01,11J,0.0,812.9410000000004
2023-06-01,11N,0.0,600.6269999999998
2026-06-01,11N,0.0,604.8890000000001
2024-02-01,14L,0.0,736.4680000000002
2025-03-01,14Y,0.0,595.9109999999998
2024-03-01,14Y,0.0,590.1120000000002
2023-07-01,14Y,0.0,585.6049999999999
2024-03-01,15C,0.0,1087.116
2025-11-01,15M,0.0,1145.46
2024-06-01,15N,0.0,1294.0519999999997
2025-08-01,16C,0.0,740.2289999999997
2022-12-01,18C,0.0,820.9810000000001
2023-12-01,26A,0.0,1094.091
2022-10-01,26A,0.0,1085.3600000000001
2023-09-01,27D,0.0,810.32
2022-08-01,36J,0.0,651.895
2022-08-01,36L,0.0,1735.3249999999994
2025-09-01,36L,0.0,1778.3350000000005
2024-05-01,42D,0.0,564.2879999999999
2021-12-01,42D,0.0,553.508
2024-04-01,42D,0.0,563.7310000000001
2025-02-01,52R,0.0,1155.3
2023-11-01,52R,0.0,1141.4659999999997
2023-06-01,70F,0.0,932.2130000000003
2022-03-01,70F,0.0,922.2270000000002
2022-02-01,71E,0.0,804.7289999999998
2025-03-01,72Q,0.0,2124.7260000000006
2022-06-01,78H,0.0,814.9129999999998
2022-02-01,84H,0.0,561.3000000000002
2024-05-01,92G,0.0,1005.5919999999996
2024-04-01,93C,0.0,1806.8579999999984
2023-10-01,93C,0.0,1793.372000000001
2024-01-01,99C,0.0,227.1430000000001
2021-10-01,99F,0.0,185.98100000000002
2022-12-01,99F,0.0,187.01
2024-09-01,A3A8R,0.0,2449.8340000000026
2023-02-01,A3A8R,0.0,2400.732000000001
2022-08-01,B2M3M,0.0,1056.6419999999998
2025-08-01,B2M3M,0.0,1117.4320000000005
2023-11-01,B2M3M,0.0,1096.413
2026-01-01,D9Y0V,0.0,1930.326
2022-08-01,M1J4Y,0.0,1084.9590000000003
2021-06-01,X2C4Y,0.0,447.831
2024-04-01,X2C4Y,0.0,459.4710000000002
2022-04-01,00J,0.0,0.0
2021-08-01,00J,0.0,0.0
2023-04-01,00M,0.0,0.0
2022-02-01,00M,0.0,0.0
2026-02-01,01R,0.0,0.0
2021-07-01,01R,0.0,0.0
2022-06-01,01R,0.0,0.0
2022-06-01,02F,0.0,0.0
2021-12-01,02F,0.0,0.0
2026-04-01,02F,0.0,0.0
2023-01-01,02R,0.0,0.0
2023-12-01,03A,0.0,0.0
2024-01-01,03A,0.0,0.0
2024-06-01,03J,0.0,0.0
2023-05-01,03M,0.0,0.0
2024-10-01,03M,0.0,0.0
2024-09-01,03Y,0.0,0.0
2024-06-01,03Y,0.0,0.0
2026-05-01,04D,0.0,0.0
2024-09-01,04D,0.0,0.0
2022-04-01,04E,0.0,0.0
2024-01-01,04F,0.0,0.0
2024-04-01,04F,0.0,0.0
2024-06-01,04G,0.0,0.0
2024-07-01,04G,0.0,0.0
2024-03-01,04M,0.0,0.0
2023-11-01,04M,0.0,0.0
2021-11-01,04Q,0.0,0.0
2023-02-01,04Q,0.0,0.0
2021-07-01,05A,0.0,0.0
2025-11-01,05A,0.0,0.0
2026-02-01,05A,0.0,0.0
2023-10-01,05C,0.0,0.0
2021-07-01,05F,0.0,0.0
2021-07-01,05H,0.0,0.0
2021-11-01,05L,0.0,0.0
2024-03-01,05L,0.0,0.0
2023-08-01,05R,0.0,0.0
2023-10-01,05T,0.0,0.0
2023-06-01,05T,0.0,0.0
2022-10-01,05X,0.0,0.0
2025-05-01,05X,0.0,0.0
2025-06-01,06A,0.0,0.0
2023-09-01,06F,0.0,0.0
2021-12-01,06F,0.0,0.0
2025-05-01,06M,0.0,0.0
2022-01-01,06M,0.0,0.0
2025-01-01,06P,0.0,0.0
2023-12-01,06P,0.0,0.0
2023-01-01,06Y,0.0,0.0
2025-11-01,06Y,0.0,0.0
2022-01-01,07L,0.0,0.0
2022-02-01,07L,0.0,0.0
2021-09-01,07M,0.0,0.0
2021-11-01,07M,0.0,0.0
2024-04-01,07N,0.0,0.0
2025-02-01,07N,0.0,0.0
2022-02-01,07P,0.0,0.0
2022-07-01,07P,0.0,0.0
2023-04-01,07P,0.0,0.0
2023-03-01,07R,0.0,0.0
2025-01-01,07R,0.0,0.0
2022-11-01,07R,0.0,0.0
2022-09-01,07V,0.0,0.0
2025-09-01,07X,0.0,0.0
2023-11-01,08A,0.0,0.0
2026-04-01,08A,0.0,0.0
2023-09-01,08D,0.0,0.0
2023-05-01,08F,0.0,0.0
2022-06-01,08H,0.0,0.0
2023-04-01,08H,0.0,0.0
2023-02-01,08J,0.0,0.0
2026-06-01,08L,0.0,0.0
2022-08-01,08L,0.0,0.0
2023-04-01,08Q,0.0,0.0
2022-08-01,08T,0.0,0.0
2026-05-01,08V,0.0,0.0
2023-10-01,08W,0.0,0.0
2025-04-01,08Y,0.0,0.0
2023-04-01,09C,0.0,0.0
2022-11-01,09C,0.0,0.0
2026-02-01,09E,0.0,0.0
2022-03-01,09F,0.0,0.0
2026-04-01,09G,0.0,0.0
2023-07-01,09L,0.0,0.0
2022-06-01,09W,0.0,0.0
2023-12-01,09W,0.0,0.0
2024-06-01,09Y,0.0,0.0
2021-12-01,10A,0.0,0.0
2022-11-01,10A,0.0,0.0
2021-10-01,10C,0.0,0.0
2025-05-01,10D,0.0,0.0
2025-08-01,10D,0.0,0.0
2023-02-01,10E,0.0,0.0
2023-05-01,10J,0.0,0.0
2025-12-01,10J,0.0,0.0
2023-12-01,10K,0.0,0.0
2025-09-01,10K,0.0,0.0
2022-12-01,10K,0.0,0.0
2026-04-01,10M,0.0,0.0
2025-09-01,10M,0.0,0.0
2024-04-01,10V,0.0,0.0
2024-02-01,10X,0.0,0.0
2025-03-01,10X,0.0,0.0
2023-01-01,10X,0.0,0.0
2023-11-01,10X,0.0,0.0
2022-04-01,11A,0.0,0.0
2024-01-01,11H,0.0,0.0
2024-06-01,11H,0.0,0.0
2026-04-01,11T,0.0,0.0
2022-01-01,11T,0.0,0.0
2022-12-01,12D,0.0,0.0
2026-02-01,15D,0.0,0.0
2024-02-01,15D,0.0,0.0
2024-08-01,99H,0.0,0.0
2024-01-01,99J,0.0,0.0
2024-08-01,99J,0.0,0.0
2024-03-01,99K,0.0,0.0
2024-12-01,99P,0.0,0.0
2022-02-01,99Q,0.0,0.0
2022-08-01,D4U1Y,0.0,0.0
2024-02-01,00P,4.10196,293.932
2024-09-01,00V,8.25869,212.359
2025-11-01,01W,6.38784,330.811
2024-04-01,01W,6.10205,326.911
2022-05-01,02P,2.8189,265.68399999999997
2024-08-01,03N,55.0322,636.9499999999999
2026-03-01,06H,2.94836,1056.0469999999998
2025-06-01,06T,5.88363,380.25199999999995
2024-02-01,11J,4.10196,831.2410000000001
2022-08-01,11J,5.61965,821.2909999999996
2021-06-01,15C,287.21238,1044.171
2025-05-01,36J,7.36853,669.6310000000001
2023-10-01,52R,12.02105,1137.6930000000002
2021-08-01,91Q,5.28261,1947.8650000000014
2021-10-01,91Q,13.45906,1952.12
2023-05-01,92G,52.15343,993.4310000000004
2022-11-01,93C,3.81769,1768.9229999999984
2021-06-01,A3A8R,2.97366,2296.8589999999995
2023-03-01,B2M3M,5.5429,1073.7839999999994
2024-07-01,D2P2L,9.93066,1336.0649999999998
2024-04-01,D9Y0V,4.1355,1918.6510000000003
2023-11-01,W2U3Z,8.16782,2862.9979999999996
2024-05-01,W2U3Z,17.40094,2889.027
2022-07-01,00L,0.0,333.92799999999994
2022-07-01,00P,0.0,286.869
2024-09-01,00R,0.0,178.93800000000005
2025-10-01,00T,0.0,335.0320000000001
2025-12-01,00V,0.0,212.43900000000002
2023-02-01,00X,0.0,189.521
2025-07-01,00X,0.0,194.48900000000003
2022-05-01,01D,0.0,242.8979999999999
2023-08-01,01E,0.0,227.231
2024-06-01,01E,0.0,230.708
2022-04-01,01G,0.0,301.87500000000006
2024-11-01,01J,0.0,173.679
2024-12-01,01V,0.0,128.416
2023-12-01,01V,0.0,127.64800000000001
2022-04-01,01V,0.0,126.59300000000002
2023-04-01,01V,0.0,127.05099999999999
2023-03-01,01W,0.0,323.64200000000005
2021-11-01,01X,0.0,200.05200000000005
2025-03-01,01Y,0.0,228.57700000000006
2023-05-01,02A,0.0,247.80800000000002
2025-12-01,02A,0.0,249.118
2023-12-01,02E,0.0,228.56199999999998
2024-03-01,02G,0.0,117.55000000000001
2023-06-01,02G,0.0,116.86099999999999
2021-11-01,02H,0.0,337.0030000000001
2022-07-01,02H,0.0,339.26500000000004
2023-09-01,02H,0.0,345.4640000000001
2024-03-01,02M,0.0,185.50300000000001
2022-05-01,02M,0.0,182.635
2022-08-01,02P,0.0,266.36699999999996
2021-09-01,02Q,0.0,121.23099999999998
2025-07-01,02T,0.0,225.80699999999993
2023-12-01,02X,0.0,335.332
2022-02-01,02X,0.0,327.809
2022-08-01,02X,0.0,329.48199999999997
2022-12-01,02Y,0.0,310.48800000000006
2022-09-01,03F,0.0,306.89199999999994
2025-04-01,03H,0.0,174.69200000000006
2024-09-01,03L,0.0,274.59599999999995
2024-06-01,03R,0.0,398.10399999999987
2023-11-01,03R,0.0,395.5749999999999
2022-11-01,03W,0.0,354.6390000000002
2024-03-01,03W,0.0,358.00899999999996
2022-10-01,03W,0.0,354.8130000000001
2023-08-01,04C,0.0,439.37299999999993
2023-11-01,04V,0.0,417.489
2023-07-01,04V,0.0,415.254
2023-06-01,04Y,0.0,137.503
2023-10-01,04Y,0.0,139.06900000000002
2024-09-01,05Q,0.0,222.33500000000004
2025-04-01,05V,0.0,156.68200000000002
2021-12-01,06L,0.0,409.41099999999994
2021-10-01,06N,0.0,666.9889999999998
2024-08-01,06N,0.0,690.3620000000001
2025-12-01,06T,0.0,382.0039999999999
2025-11-01,06T,0.0,381.76599999999996
2023-10-01,06T,0.0,372.568
2022-01-01,06T,0.0,365.026
2026-04-01,06T,0.0,381.47100000000006
2024-08-01,06T,0.0,377.16599999999994
2022-11-01,07G,0.0,185.32100000000003
2024-03-01,07G,0.0,189.047
2026-01-01,07H,0.0,337.9240000000001
2025-03-01,07K,0.0,280.08599999999996
2025-02-01,09D,0.0,333.8230000000001
2025-09-01,09D,0.0,330.738
2022-08-01,10Q,0.0,797.4539999999998
2023-11-01,10Q,0.0,816.253
2025-03-01,11M,0.0,696.4099999999999
2025-11-01,12F,0.0,346.5650000000001
2022-05-01,12F,0.0,339.633
2023-10-01,13T,0.0,550.477
2024-07-01,14Y,0.0,592.9050000000002
2024-10-01,15A,0.0,587.3719999999998
2022-09-01,15C,0.0,1062.723
2022-02-01,15E,0.0,1568.0060000000003
2023-08-01,16C,0.0,727.2460000000001
2024-11-01,18C,0.0,833.148
2022-07-01,18C,0.0,817.7380000000002
2023-08-01,18C,0.0,825.259
2024-07-01,26A,0.0,1096.3080000000002
2024-04-01,36J,0.0,665.7899999999998
2024-08-01,36L,0.0,1769.8450000000005
2023-01-01,42D,0.0,558.884
2022-02-01,52R,0.0,1118.4979999999998
2022-06-01,52R,0.0,1120.9709999999993
2023-08-01,52R,0.0,1135.294
2023-04-01,70F,0.0,931.125
2021-08-01,72Q,0.0,2035.2330000000009
2021-08-01,78H,0.0,806.372
2021-09-01,92A,0.0,1266.746
2024-12-01,92A,0.0,1303.1710000000003
2023-06-01,92A,0.0,1286.5719999999994
2021-10-01,93C,0.0,1724.5140000000006
2025-11-01,93C,0.0,1842.585999999999
2023-09-01,97R,0.0,573.7199999999999
2025-05-01,99F,0.0,188.526
2023-11-01,A3A8R,0.0,2441.163000000001
2025-08-01,A3A8R,0.0,2483.9369999999985
2024-07-01,A3A8R,0.0,2455.445000000001
2025-06-01,B2M3M,0.0,1117.8059999999996
2024-10-01,X2C4Y,0.0,461.6400000000001
2022-08-01,00D,0.0,0.0
2025-10-01,00J,0.0,0.0
2024-12-01,00J,0.0,0.0
2024-07-01,00K,0.0,0.0
2021-08-01,00K,0.0,0.0
2023-04-01,00K,0.0,0.0
2023-01-01,02F,0.0,0.0
2022-03-01,02F,0.0,0.0
2026-02-01,02V,0.0,0.0
2021-09-01,03A,0.0,0.0
2022-01-01,03J,0.0,0.0
2022-01-01,03M,0.0,0.0
2021-11-01,03M,0.0,0.0
2023-02-01,03Y,0.0,0.0
2021-09-01,03Y,0.0,0.0
2022-05-01,03Y,0.0,0.0
2023-08-01,03Y,0.0,0.0
2025-04-01,04D,0.0,0.0
2022-11-01,04D,0.0,0.0
2024-03-01,04D,0.0,0.0
2021-09-01,04E,0.0,0.0
2021-06-01,04E,0.0,0.0
2023-04-01,04G,0.0,0.0
2024-04-01,04H,0.0,0.0
2023-07-01,04J,0.0,0.0
2025-07-01,04J,0.0,0.0
2023-05-01,04K,0.0,0.0
2021-11-01,04K,0.0,0.0
2023-01-01,04L,0.0,0.0
2025-09-01,04M,0.0,0.0
2023-01-01,04M,0.0,0.0
2025-03-01,04X,0.0,0.0
2022-11-01,04X,0.0,0.0
2022-10-01,04X,0.0,0.0
2023-07-01,04X,0.0,0.0
2022-08-01,05C,0.0,0.0
2025-03-01,05H,0.0,0.0
2021-08-01,05L,0.0,0.0
2025-10-01,05N,0.0,0.0
2026-02-01,05R,0.0,0.0
2024-12-01,05R,0.0,0.0
2025-11-01,05T,0.0,0.0
2023-01-01,05Y,0.0,0.0
2021-11-01,05Y,0.0,0.0
2024-01-01,06A,0.0,0.0
2024-02-01,06A,0.0,0.0
2025-12-01,06A,0.0,0.0
2022-07-01,06A,0.0,0.0
2025-12-01,06D,0.0,0.0
2023-11-01,06D,0.0,0.0
2021-09-01,06D,0.0,0.0
2025-10-01,06P,0.0,0.0
2023-02-01,06W,0.0,0.0
2023-10-01,06W,0.0,0.0
2022-09-01,07L,0.0,0.0
2025-12-01,07P,0.0,0.0
2022-05-01,07P,0.0,0.0
2022-12-01,07P,0.0,0.0
2022-12-01,07T,0.0,0.0
2023-10-01,07V,0.0,0.0
2021-08-01,07W,0.0,0.0
2025-05-01,07X,0.0,0.0
2025-06-01,07Y,0.0,0.0
2023-02-01,07Y,0.0,0.0
2025-12-01,07Y,0.0,0.0
2023-05-01,07Y,0.0,0.0
2024-02-01,08C,0.0,0.0
2024-02-01,08D,0.0,0.0
2022-08-01,08E,0.0,0.0
2022-01-01,08E,0.0,0.0
2023-12-01,08E,0.0,0.0
2023-02-01,08G,0.0,0.0
2025-06-01,08H,0.0,0.0
2022-05-01,08H,0.0,0.0
2023-07-01,08J,0.0,0.0
2024-10-01,08J,0.0,0.0
2024-05-01,08J,0.0,0.0
2022-09-01,08J,0.0,0.0
2023-02-01,08K,0.0,0.0
2022-05-01,08K,0.0,0.0
2022-02-01,08N,0.0,0.0
2023-08-01,08N,0.0,0.0
2022-08-01,08Q,0.0,0.0
2025-11-01,08V,0.0,0.0
2022-01-01,08W,0.0,0.0
2021-11-01,08X,0.0,0.0
2022-12-01,08X,0.0,0.0
2021-09-01,08Y,0.0,0.0
2025-09-01,09E,0.0,0.0
2023-07-01,09E,0.0,0.0
2023-09-01,09F,0.0,0.0
2026-02-01,09F,0.0,0.0
2026-03-01,09F,0.0,0.0
2025-10-01,09F,0.0,0.0
2024-10-01,09F,0.0,0.0
2021-09-01,09F,0.0,0.0
2021-10-01,09F,0.0,0.0
2022-01-01,09G,0.0,0.0
2022-09-01,09G,0.0,0.0
2022-02-01,09J,0.0,0.0
2023-04-01,09J,0.0,0.0
2021-08-01,09L,0.0,0.0
2022-09-01,09P,0.0,0.0
2024-08-01,09P,0.0,0.0
2021-07-01,09W,0.0,0.0
2023-06-01,09W,0.0,0.0
2026-06-01,09W,0.0,0.0
2025-11-01,10A,0.0,0.0
2025-07-01,10A,0.0,0.0
2024-04-01,10A,0.0,0.0
2021-11-01,10A,0.0,0.0
2022-05-01,10A,0.0,0.0
2024-02-01,10C,0.0,0.0
2023-10-01,10D,0.0,0.0
2024-02-01,10E,0.0,0.0
2023-04-01,10J,0.0,0.0
2021-09-01,10J,0.0,0.0
2022-10-01,10K,0.0,0.0
2022-06-01,10K,0.0,0.0
2021-11-01,10L,0.0,0.0
2021-12-01,10L,0.0,0.0
2024-08-01,10M,0.0,0.0
2023-04-01,10M,0.0,0.0
2024-11-01,10V,0.0,0.0
2021-08-01,10V,0.0,0.0
2026-02-01,10W,0.0,0.0
2026-03-01,11A,0.0,0.0
2021-12-01,11E,0.0,0.0
2025-10-01,11E,0.0,0.0
2025-08-01,11E,0.0,0.0
2023-08-01,11H,0.0,0.0
2026-05-01,11T,0.0,0.0
2023-02-01,12D,0.0,0.0
2022-12-01,13P,0.0,0.0
2022-08-01,13P,0.0,0.0
2024-01-01,13P,0.0,0.0
2025-08-01,15D,0.0,0.0
2025-12-01,99D,0.0,0.0
2022-09-01,99D,0.0,0.0
2022-11-01,99H,0.0,0.0
2022-12-01,99J,0.0,0.0
2023-08-01,99J,0.0,0.0
2021-10-01,99P,0.0,0.0
2022-12-01,99P,0.0,0.0
2023-07-01,D4U1Y,0.0,0.0
2025-11-01,01H,4.42105,337.646
2025-03-01,11J,30.87963,832.2550000000002
2021-08-01,11N,2.81215,594.8170000000001
2025-12-01,15E,2.9484,1650.1680000000008
2022-03-01,15M,14.75064,1108.6350000000002
2023-02-01,15M,2.82477,1118.8899999999999
2024-07-01,16C,8.27102,735.2210000000001
2024-06-01,36J,3.09997,667.7529999999998
2022-08-01,42D,2.81603,556.785
2022-09-01,42D,5.62048,557.5719999999999
2025-07-01,52R,2.94804,1153.5130000000001
2021-06-01,72Q,2.80604,2024.342
2026-05-01,99F,22.06889,187.95200000000003
2025-06-01,99F,2.94802,188.594
2024-01-01,D2P2L,9.85377,1324.9989999999993
2025-11-01,W2U3Z,14.71687,2940.9680000000026
2021-12-01,W2U3Z,23.55409,2741.375000000001
2025-12-01,00L,0.0,344.04299999999995
2023-04-01,00L,0.0,335.87600000000003
2021-11-01,00L,0.0,332.846
2022-04-01,00N,0.0,158.827
2023-02-01,00N,0.0,159.109
2025-08-01,00N,0.0,159.62199999999999
2025-07-01,00Q,0.0,188.106
2023-03-01,00Q,0.0,182.76
2026-02-01,00R,0.0,178.103
2024-12-01,00R,0.0,179.096
2025-09-01,00T,0.0,334.777
2025-12-01,00T,0.0,335.234
2025-02-01,00V,0.0,212.77900000000005
2025-06-01,00X,0.0,194.24800000000002
2023-05-01,00Y,0.0,264.602
2022-02-01,01D,0.0,242.21800000000005
2023-09-01,01D,0.0,247.033
2024-07-01,01E,0.0,230.897
2023-06-01,01F,0.0,135.684
2023-09-01,01F,0.0,135.918
2025-06-01,01H,0.0,337.20200000000006
2026-06-01,01K,0.0,352.821
2024-12-01,01X,0.0,203.511
2022-02-01,02A,0.0,245.42600000000007
2021-10-01,02A,0.0,245.21399999999997
2026-01-01,02E,0.0,230.76799999999997
2024-12-01,02G,0.0,118.284
2025-10-01,02G,0.0,118.44399999999999
2021-10-01,02G,0.0,114.28399999999999
2024-06-01,02M,0.0,185.98000000000005
2025-01-01,02M,0.0,187.34200000000004
2022-04-01,02Q,0.0,122.10099999999997
2023-03-01,02T,0.0,223.46900000000008
2026-02-01,02T,0.0,225.64299999999997
2025-08-01,02Y,0.0,319.40199999999993
2022-01-01,03F,0.0,306.5899999999999
2022-09-01,03H,0.0,172.14600000000002
2024-01-01,03K,0.0,184.413
2021-09-01,03Q,0.0,248.17600000000002
2021-06-01,03R,0.0,385.872
2021-09-01,03R,0.0,387.066
2026-05-01,03R,0.0,399.74599999999987
2025-03-01,04V,0.0,423.8259999999999
2025-02-01,04Y,0.0,140.49800000000002
2026-01-01,04Y,0.0,140.754
2023-03-01,04Y,0.0,137.11300000000003
2025-10-01,05D,0.0,155.27900000000005
2025-07-01,05Q,0.0,223.671
2023-05-01,05V,0.0,153.989
2026-05-01,05W,0.0,299.67699999999996
2022-04-01,05W,0.0,298.1139999999999
2024-07-01,05W,0.0,298.447
2024-03-01,06H,0.0,1046.363
2022-09-01,06H,0.0,1020.9880000000005
2021-06-01,06L,0.0,407.547
2023-04-01,06N,0.0,678.3740000000001
2025-04-01,06Q,0.0,423.38600000000014
2022-03-01,06Q,0.0,404.88199999999983
2024-10-01,07G,0.0,190.54499999999996
2024-11-01,07H,0.0,335.2330000000001
2021-10-01,07K,0.0,270.20199999999994
2022-05-01,10Q,0.0,795.119
2024-06-01,10Q,0.0,819.5509999999998
2024-08-01,10R,0.0,235.36800000000002
2024-08-01,11M,0.0,693.5690000000001
2023-04-01,11M,0.0,682.822
2024-01-01,11N,0.0,603.328
2024-05-01,11N,0.0,603.924
2022-06-01,11N,0.0,597.8290000000002
2022-02-01,11N,0.0,597.503
2022-08-01,11X,0.0,596.7930000000001
2022-04-01,12F,0.0,339.544
2025-10-01,14L,0.0,756.4609999999998
2026-02-01,14Y,0.0,597.1600000000002
2024-02-01,15F,0.0,935.9100000000001
2023-01-01,15F,0.0,918.2699999999998
2022-03-01,15N,0.0,1270.7350000000004
2024-04-01,16C,0.0,733.6530000000001
2023-06-01,18C,0.0,823.6020000000002
2026-01-01,26A,0.0,1102.188
2023-10-01,27D,0.0,810.7400000000001
2023-01-01,36L,0.0,1743.2730000000001
2026-01-01,42D,0.0,570.5830000000001
2021-07-01,42D,0.0,551.076
2025-12-01,70F,0.0,951.6940000000001
2026-03-01,71E,0.0,824.2730000000001
2026-05-01,71E,0.0,824.3849999999999
2021-10-01,71E,0.0,801.4569999999999
2025-11-01,84H,0.0,571.9810000000001
2023-02-01,92A,0.0,1284.5030000000002
2025-06-01,92A,0.0,1304.1440000000005
2022-06-01,92A,0.0,1275.741
2022-10-01,92G,0.0,985.8539999999994
2023-09-01,93C,0.0,1789.5740000000005
2021-11-01,99E,0.0,285.0979999999999
2023-01-01,99E,0.0,287.9699999999999
2021-12-01,99F,0.0,186.07700000000003
2024-10-01,99G,0.0,195.82100000000003
2026-03-01,99G,0.0,196.539
2022-01-01,D2P2L,0.0,1285.391
2025-07-01,D9Y0V,0.0,1930.6410000000012
2024-10-01,D9Y0V,0.0,1928.1779999999997
2026-05-01,M1J4Y,0.0,1145.824
2022-02-01,M1J4Y,0.0,1074.0799999999995
2025-07-01,W2U3Z,0.0,2918.913000000002
2022-07-01,W2U3Z,0.0,2783.738999999999
2025-04-01,X2C4Y,0.0,462.36600000000004
2022-04-01,00D,0.0,0.0
2025-01-01,00K,0.0,0.0
2022-11-01,00K,0.0,0.0
2025-12-01,00M,0.0,0.0
2025-01-01,00M,0.0,0.0
2025-05-01,02F,0.0,0.0
2021-11-01,02F,0.0,0.0
2025-09-01,02F,0.0,0.0
2023-07-01,02V,0.0,0.0
2023-07-01,02W,0.0,0.0
2024-06-01,02W,0.0,0.0
2022-01-01,03A,0.0,0.0
2026-05-01,03A,0.0,0.0
2022-07-01,03A,0.0,0.0
2025-02-01,03J,0.0,0.0
2023-01-01,03J,0.0,0.0
2022-09-01,03J,0.0,0.0
2025-07-01,03J,0.0,0.0
2024-03-01,03T,0.0,0.0
2025-09-01,03Y,0.0,0.0
2023-02-01,04E,0.0,0.0
2023-02-01,04G,0.0,0.0
2024-11-01,04G,0.0,0.0
2024-08-01,04H,0.0,0.0
2022-03-01,04H,0.0,0.0
2021-12-01,04H,0.0,0.0
2025-08-01,04J,0.0,0.0
2025-09-01,04J,0.0,0.0
2025-11-01,04K,0.0,0.0
2023-12-01,04K,0.0,0.0
2022-09-01,04K,0.0,0.0
2026-03-01,04L,0.0,0.0
2024-11-01,04M,0.0,0.0
2023-06-01,04M,0.0,0.0
2022-11-01,04R,0.0,0.0
2021-11-01,04X,0.0,0.0
2023-09-01,05A,0.0,0.0
2022-03-01,05C,0.0,0.0
2021-10-01,05F,0.0,0.0
2026-01-01,05H,0.0,0.0
2022-12-01,05L,0.0,0.0
2025-03-01,05N,0.0,0.0
2022-04-01,05N,0.0,0.0
2021-06-01,05T,0.0,0.0
2026-01-01,05X,0.0,0.0
2023-03-01,05Y,0.0,0.0
2025-02-01,05Y,0.0,0.0
2026-04-01,06D,0.0,0.0
2022-08-01,06D,0.0,0.0
2022-01-01,06F,0.0,0.0
2023-11-01,06F,0.0,0.0
2026-06-01,06F,0.0,0.0
2026-04-01,06F,0.0,0.0
2025-12-01,06M,0.0,0.0
2025-03-01,06M,0.0,0.0
2026-06-01,06M,0.0,0.0
2022-04-01,06M,0.0,0.0
2022-04-01,06W,0.0,0.0
2025-12-01,06W,0.0,0.0
2025-07-01,06W,0.0,0.0
2026-06-01,06W,0.0,0.0
2023-11-01,06Y,0.0,0.0
2024-05-01,06Y,0.0,0.0
2021-09-01,07L,0.0,0.0
2023-11-01,07M,0.0,0.0
2024-11-01,07M,0.0,0.0
2025-08-01,07M,0.0,0.0
2023-04-01,07N,0.0,0.0
2025-07-01,07N,0.0,0.0
2025-06-01,07P,0.0,0.0
2021-11-01,07T,0.0,0.0
2025-06-01,07V,0.0,0.0
2025-07-01,07V,0.0,0.0
2022-10-01,07W,0.0,0.0
2026-06-01,07W,0.0,0.0
2021-08-01,07Y,0.0,0.0
2023-06-01,07Y,0.0,0.0
2022-04-01,08C,0.0,0.0
2026-06-01,08C,0.0,0.0
2022-12-01,08E,0.0,0.0
2025-05-01,08F,0.0,0.0
2025-07-01,08F,0.0,0.0
2021-08-01,08F,0.0,0.0
2022-05-01,08G,0.0,0.0
2022-01-01,08H,0.0,0.0
2022-04-01,08H,0.0,0.0
2025-04-01,08K,0.0,0.0
2022-09-01,08M,0.0,0.0
2023-04-01,08N,0.0,0.0
2025-08-01,08R,0.0,0.0
2024-11-01,08R,0.0,0.0
2024-06-01,08W,0.0,0.0
2024-06-01,08X,0.0,0.0
2021-07-01,08X,0.0,0.0
2024-01-01,09E,0.0,0.0
2023-03-01,09E,0.0,0.0
2025-09-01,09F,0.0,0.0
2021-06-01,09F,0.0,0.0
2022-12-01,09F,0.0,0.0
2021-11-01,09F,0.0,0.0
2022-10-01,09L,0.0,0.0
2024-02-01,09L,0.0,0.0
2025-05-01,09P,0.0,0.0
2023-01-01,09W,0.0,0.0
2024-08-01,10A,0.0,0.0
2022-08-01,10C,0.0,0.0
2024-01-01,10D,0.0,0.0
2025-06-01,10E,0.0,0.0
2026-02-01,10E,0.0,0.0
2023-12-01,10E,0.0,0.0
2025-04-01,10J,0.0,0.0
2021-10-01,10L,0.0,0.0
2025-05-01,10M,0.0,0.0
2021-06-01,10V,0.0,0.0
2023-12-01,10W,0.0,0.0
2022-08-01,10X,0.0,0.0
2022-05-01,10X,0.0,0.0
2024-03-01,11E,0.0,0.0
2022-07-01,12D,0.0,0.0
2023-07-01,13P,0.0,0.0
2023-01-01,13P,0.0,0.0
2022-11-01,15D,0.0,0.0
2022-09-01,15D,0.0,0.0
2024-07-01,99D,0.0,0.0
2022-07-01,99H,0.0,0.0
2022-01-01,99J,0.0,0.0
2021-07-01,99J,0.0,0.0
2024-11-01,99K,0.0,0.0
2023-02-01,99N,0.0,0.0
2024-10-01,99Q,0.0,0.0
2023-10-01,99Q,0.0,0.0
2023-06-01,03N,80.24826999999999,630.8560000000001
2024-01-01,06H,4.10354,1045.0999999999997
2025-11-01,06K,2.94833,638.117
2022-07-01,06N,3.818,671.716
2025-04-01,06T,4.42053,379.9320000000001
2024-09-01,14L,6.35863,740.6349999999999
2024-08-01,15E,12.25461,1632.4489999999992
2024-05-01,15N,6.18753,1294.0670000000007
2026-04-01,18C,4.91525,833.5729999999999
2023-11-01,70F,14.31556,936.2859999999998
2024-08-01,70F,6.18761,943.8529999999995
2022-07-01,91Q,9.00746,1970.9130000000005
2023-10-01,92G,4.07773,997.4819999999999
2024-01-01,93C,6.30937,1805.0819999999994
2023-01-01,99G,5.63387,190.94499999999996
2025-03-01,A3A8R,0.84387,2476.1989999999983
2021-08-01,D2P2L,8.67297,1281.6949999999993
2024-06-01,00L,0.0,339.6300000000001
2021-07-01,00N,0.0,158.73099999999997
2026-04-01,00N,0.0,159.10899999999998
2026-06-01,00T,0.0,334.43199999999996
2024-07-01,00T,0.0,332.232
2025-03-01,00V,0.0,212.72099999999998
2025-06-01,00V,0.0,212.72499999999997
2021-09-01,00X,0.0,187.57199999999997
2023-06-01,01A,0.0,400.6840000000001
2023-05-01,01A,0.0,400.209
2024-05-01,01A,0.0,406.9749999999999
2025-01-01,01D,0.0,252.24699999999996
2023-07-01,01D,0.0,246.4060000000001
2024-04-01,01E,0.0,230.212
2024-03-01,01F,0.0,136.117
2024-11-01,01T,0.0,160.777
2024-02-01,01T,0.0,159.32700000000003
2023-08-01,01T,0.0,158.44099999999995
2026-05-01,01V,0.0,128.548
2025-03-01,01W,0.0,329.24999999999994
2025-08-01,01X,0.0,204.15499999999994
2026-03-01,01Y,0.0,228.99200000000002
2026-06-01,01Y,0.0,228.64000000000001
2023-10-01,02A,0.0,248.41000000000005
2025-07-01,02A,0.0,249.346
2025-04-01,02E,0.0,230.623
2025-01-01,02E,0.0,230.82099999999997
2023-09-01,02G,0.0,116.79799999999999
2025-11-01,02G,0.0,118.69100000000002
2024-07-01,02H,0.0,349.9400000000001
2025-08-01,02H,0.0,352.87100000000004
2023-11-01,02P,0.0,268.911
2025-05-01,02Q,0.0,128.295
2023-10-01,02T,0.0,224.07099999999997
2023-12-01,02T,0.0,224.26000000000005
2022-10-01,02T,0.0,223.03400000000002
2022-07-01,02Y,0.0,308.64000000000004
2026-03-01,02Y,0.0,320.316
2023-12-01,03F,0.0,313.7730000000001
2022-10-01,03F,0.0,307.56899999999996
2025-09-01,03F,0.0,314.13700000000006
2021-06-01,03F,0.0,303.8460000000001
2024-02-01,03H,0.0,173.69599999999994
2023-08-01,03L,0.0,271.01300000000003
2024-01-01,03L,0.0,272.34299999999996
2022-06-01,03Q,0.0,250.347
2022-12-01,03Q,0.0,250.13299999999998
2023-06-01,03R,0.0,393.205
2022-05-01,04C,0.0,426.9329999999999
2025-01-01,04V,0.0,423.1669999999999
2026-02-01,04Y,0.0,140.655
2022-08-01,05D,0.0,148.904
2022-09-01,05G,0.0,217.647
2021-12-01,05V,0.0,151.82500000000002
2023-10-01,05V,0.0,154.95800000000003
2025-01-01,06H,0.0,1055.8790000000004
2022-09-01,06K,0.0,618.0550000000002
2023-11-01,06L,0.0,415.4269999999999
2025-02-01,06L,0.0,418.79999999999995
2025-10-01,06Q,0.0,426.288
2025-05-01,06Q,0.0,423.8880000000001
2024-07-01,06Q,0.0,419.201
2026-02-01,06T,0.0,381.57399999999996
2025-11-01,07G,0.0,190.684
2024-12-01,07H,0.0,335.5329999999999
2022-02-01,07K,0.0,271.03599999999994
2022-03-01,07K,0.0,271.26300000000003
2024-12-01,07K,0.0,279.99100000000004
2023-09-01,10Q,0.0,809.5409999999996
2025-08-01,10Q,0.0,827.9230000000001
2026-03-01,10R,0.0,233.08200000000002
2023-01-01,10R,0.0,232.289
2022-03-01,10R,0.0,230.616
2021-07-01,11M,0.0,669.452
2023-04-01,11X,0.0,600.313
2025-12-01,12F,0.0,346.5110000000001
2024-05-01,12F,0.0,344.5900000000001
2022-10-01,14L,0.0,705.4440000000005
2025-07-01,14Y,0.0,597.5709999999998
2025-08-01,14Y,0.0,598.312
2025-02-01,15A,0.0,589.7080000000001
2023-11-01,15F,0.0,930.9919999999998
2021-12-01,15M,0.0,1106.7410000000004
2023-03-01,15N,0.0,1282.8540000000003
2023-09-01,15N,0.0,1284.8779999999997
2025-04-01,15N,0.0,1297.2560000000005
2024-02-01,16C,0.0,732.833
2022-02-01,16C,0.0,716.7220000000005
2025-01-01,16C,0.0,738.163
2021-06-01,16C,0.0,711.9910000000001
2023-01-01,16C,0.0,722.946
2022-10-01,18C,0.0,819.9909999999999
2024-10-01,18C,0.0,832.9029999999997
2022-05-01,26A,0.0,1081.017
2026-05-01,26A,0.0,1098.9649999999992
2024-10-01,42D,0.0,567.0070000000002
2024-09-01,42D,0.0,566.4650000000001
2025-06-01,42D,0.0,569.307
2023-10-01,42D,0.0,562.3089999999997
2026-04-01,42D,0.0,569.9679999999997
2025-09-01,70F,0.0,951.5529999999994
2021-09-01,70F,0.0,917.7449999999999
2021-07-01,78H,0.0,804.554
2022-05-01,84H,0.0,560.575
2024-05-01,93C,0.0,1811.2090000000007
2024-12-01,99C,0.0,228.52499999999998
2023-12-01,99G,0.0,193.84500000000003
2025-05-01,99G,0.0,196.40700000000004
2022-11-01,A3A8R,0.0,2386.215
2023-08-01,B2M3M,0.0,1083.8400000000004
2023-10-01,B2M3M,0.0,1091.9499999999998
2023-07-01,B2M3M,0.0,1081.87
2021-07-01,D2P2L,0.0,1280.7259999999992
2022-05-01,D9Y0V,0.0,1894.9070000000004
2023-09-01,02F,0.0,0.0
2023-11-01,02R,0.0,0.0
2024-10-01,02V,0.0,0.0
2022-02-01,02V,0.0,0.0
2023-09-01,02W,0.0,0.0
2025-08-01,02W,0.0,0.0
2022-08-01,03A,0.0,0.0
2023-04-01,03M,0.0,0.0
2025-05-01,03M,0.0,0.0
2023-01-01,03M,0.0,0.0
2023-06-01,03Y,0.0,0.0
2021-11-01,03Y,0.0,0.0
2024-05-01,03Y,0.0,0.0
2024-08-01,03Y,0.0,0.0
2022-06-01,03Y,0.0,0.0
2025-09-01,04E,0.0,0.0
2021-08-01,04F,0.0,0.0
2026-03-01,04F,0.0,0.0
2025-06-01,04G,0.0,0.0
2023-10-01,04G,0.0,0.0
2025-06-01,04J,0.0,0.0
2022-03-01,04K,0.0,0.0
2022-02-01,04L,0.0,0.0
2024-12-01,04L,0.0,0.0
2025-10-01,04L,0.0,0.0
2024-12-01,04M,0.0,0.0
2025-04-01,04M,0.0,0.0
2024-11-01,04Q,0.0,0.0
2026-06-01,04Q,0.0,0.0
2022-04-01,04X,0.0,0.0
2024-09-01,04X,0.0,0.0
2024-07-01,04X,0.0,0.0
2023-07-01,05A,0.0,0.0
2026-01-01,05N,0.0,0.0
2024-12-01,05N,0.0,0.0
2025-06-01,05N,0.0,0.0
2026-04-01,05T,0.0,0.0
2023-07-01,05T,0.0,0.0
2025-12-01,05X,0.0,0.0
2024-05-01,05Y,0.0,0.0
2025-07-01,06A,0.0,0.0
2022-04-01,06A,0.0,0.0
2026-03-01,06F,0.0,0.0
2024-04-01,06M,0.0,0.0
2025-01-01,06M,0.0,0.0
2022-01-01,06W,0.0,0.0
2021-12-01,06Y,0.0,0.0
2026-04-01,07L,0.0,0.0
2021-06-01,07L,0.0,0.0
2024-02-01,07L,0.0,0.0
2023-03-01,07M,0.0,0.0
2024-02-01,07N,0.0,0.0
2022-01-01,07P,0.0,0.0
2021-10-01,07R,0.0,0.0
2022-09-01,07R,0.0,0.0
2026-01-01,07W,0.0,0.0
2025-03-01,07W,0.0,0.0
2023-03-01,07X,0.0,0.0
2024-01-01,07X,0.0,0.0
2023-08-01,08A,0.0,0.0
2023-08-01,08C,0.0,0.0
2024-05-01,08D,0.0,0.0
2023-03-01,08D,0.0,0.0
2025-09-01,08D,0.0,0.0
2021-10-01,08E,0.0,0.0
2024-04-01,08E,0.0,0.0
2022-01-01,08G,0.0,0.0
2025-03-01,08G,0.0,0.0
2021-08-01,08G,0.0,0.0
2025-09-01,08L,0.0,0.0
2024-09-01,08M,0.0,0.0
2025-01-01,08M,0.0,0.0
2025-12-01,08M,0.0,0.0
2023-01-01,08N,0.0,0.0
2023-12-01,08R,0.0,0.0
2025-07-01,08R,0.0,0.0
2025-01-01,08R,0.0,0.0
2021-12-01,08T,0.0,0.0
2025-03-01,08T,0.0,0.0
2024-09-01,08T,0.0,0.0
2025-04-01,08V,0.0,0.0
2024-11-01,08V,0.0,0.0
2024-04-01,09A,0.0,0.0
2025-03-01,09C,0.0,0.0
2026-04-01,09E,0.0,0.0
2024-06-01,09F,0.0,0.0
2025-02-01,09G,0.0,0.0
2024-10-01,09P,0.0,0.0
2021-12-01,09Y,0.0,0.0
2022-08-01,10A,0.0,0.0
2025-10-01,10A,0.0,0.0
2021-08-01,10C,0.0,0.0
2025-04-01,10C,0.0,0.0
2024-03-01,10D,0.0,0.0
2022-01-01,10D,0.0,0.0
2023-04-01,10E,0.0,0.0
2025-08-01,10E,0.0,0.0
2026-03-01,10E,0.0,0.0
2026-02-01,10L,0.0,0.0
2024-01-01,10M,0.0,0.0
2024-01-01,10V,0.0,0.0
2022-06-01,10V,0.0,0.0
2026-04-01,10V,0.0,0.0
2021-11-01,10W,0.0,0.0
2022-07-01,10W,0.0,0.0
2025-10-01,10X,0.0,0.0
2022-09-01,11H,0.0,0.0
2021-11-01,11T,0.0,0.0
2025-05-01,11T,0.0,0.0
2026-06-01,11T,0.0,0.0
2025-05-01,13P,0.0,0.0
2022-04-01,15D,0.0,0.0
2023-07-01,15D,0.0,0.0
2023-10-01,99D,0.0,0.0
2023-11-01,99D,0.0,0.0
2025-02-01,99H,0.0,0.0
2024-02-01,99J,0.0,0.0
2024-07-01,99K,0.0,0.0
2025-11-01,99M,0.0,0.0
2021-12-01,99N,0.0,0.0
2021-08-01,99P,0.0,0.0
2022-02-01,D4U1Y,0.0,0.0
2025-04-01,D4U1Y,0.0,0.0
2021-08-01,D4U1Y,0.0,0.0
2023-10-01,02E,4.07773,228.19400000000002
2022-02-01,02G,2.821,115.173
2022-06-01,02P,2.81889,265.96999999999997
2022-08-01,03H,5.61965,172.095
2023-05-01,03N,114.58323999999999,630.776
2025-04-01,03N,6.08308,639.9900000000001
2022-07-01,03R,2.81751,389.52700000000016
2026-02-01,06Q,5.88429,426.248
2023-02-01,11J,5.63714,824.8330000000002
2021-12-01,15E,5.9616,1564.5250000000003
2023-04-01,15E,12.08905,1595.0140000000006
2024-12-01,15M,44.02517,1141.0009999999997
2024-04-01,15M,9.18303,1133.8020000000001
2023-10-01,15N,9.30459,1289.152
2026-06-01,18C,4.91535,832.6409999999998
2022-10-01,52R,2.81386,1129.007
2025-09-01,52R,2.94809,1152.0929999999998
2023-09-01,72Q,6.2589,2087.0499999999997
2024-10-01,91Q,4.40158,2030.8719999999998
2025-01-01,92G,5.88329,1013.1029999999998
2021-11-01,92G,25.17975,975.6350000000001
2024-11-01,99A,17.98903,596.6610000000002
2026-04-01,99F,8.82992,187.931
2022-03-01,A3A8R,3.81853,2355.246
2024-03-01,M1J4Y,6.14118,1129.895
2023-01-01,M1J4Y,5.63387,1094.945
2022-05-01,00N,0.0,158.795
2024-08-01,00P,0.0,295.04999999999995
2026-05-01,00Q,0.0,188.31699999999998
2022-05-01,00Q,0.0,181.458
2025-02-01,00Q,0.0,187.91099999999994
2022-03-01,00V,0.0,208.67599999999996
2022-01-01,00X,0.0,187.827
2025-02-01,00Y,0.0,269.409
2024-02-01,00Y,0.0,267.823
2025-05-01,01A,0.0,411.03799999999995
2023-03-01,01D,0.0,245.17100000000005
2021-12-01,01E,0.0,220.21
2022-03-01,01F,0.0,135.18699999999998
2023-07-01,01G,0.0,311.038
2023-02-01,01J,0.0,170.515
2025-03-01,01K,0.0,356.471
2025-10-01,01K,0.0,354.444
2024-09-01,01T,0.0,160.5
2026-03-01,01T,0.0,161.559
2024-05-01,01V,0.0,127.97
2024-07-01,01V,0.0,128.07
2022-06-01,01W,0.0,321.005
2023-12-01,01X,0.0,201.61
2025-10-01,01X,0.0,204.37500000000003
2024-12-01,01Y,0.0,228.243
2026-06-01,02A,0.0,247.65300000000002
2023-12-01,02A,0.0,248.50400000000005
2024-04-01,02A,0.0,248.67799999999997
2021-06-01,02E,0.0,220.80100000000002
2023-10-01,02G,0.0,117.075
2025-05-01,02G,0.0,118.31100000000002
2024-10-01,02P,0.0,270.68199999999996
2022-01-01,02Q,0.0,121.699
2025-09-01,02Q,0.0,128.853
2026-06-01,02T,0.0,225.09300000000007
2025-04-01,02Y,0.0,318.2169999999999
2024-09-01,03F,0.0,314.35
2025-10-01,03F,0.0,314.3589999999999
2022-01-01,03H,0.0,171.53600000000003
2024-08-01,03Q,0.0,250.49699999999999
2023-07-01,03Q,0.0,250.844
2021-12-01,03Q,0.0,251.2
2025-07-01,03R,0.0,400.16200000000003
2023-09-01,03W,0.0,356.8960000000001
2021-08-01,04Y,0.0,135.82999999999996
2023-08-01,04Y,0.0,137.96499999999997
2025-12-01,05G,0.0,231.27
2025-11-01,05G,0.0,231.381
2025-05-01,05Q,0.0,223.419
2024-08-01,05Q,0.0,222.22600000000003
2024-07-01,05Q,0.0,221.977
2022-05-01,05W,0.0,298.329
2022-08-01,06H,0.0,1019.3399999999995
2022-06-01,06K,0.0,617.2060000000001
2023-03-01,06N,0.0,677.7799999999997
2025-07-01,06N,0.0,693.7500000000002
2021-11-01,06Q,0.0,403.9370000000001
2021-12-01,06T,0.0,364.58199999999994
2025-09-01,06T,0.0,380.9320000000001
2023-10-01,07H,0.0,330.3120000000001
2024-05-01,07H,0.0,333.0829999999999
2022-09-01,09D,0.0,328.665
2022-07-01,10Q,0.0,797.2179999999998
2025-10-01,10Q,0.0,831.8580000000002
2024-05-01,11M,0.0,691.4489999999998
2025-11-01,11M,0.0,699.1159999999999
2021-10-01,11X,0.0,592.8629999999999
2022-06-01,11X,0.0,595.589
2025-04-01,11X,0.0,607.8870000000001
2023-02-01,11X,0.0,599.727
2021-12-01,12F,0.0,339.2629999999999
2024-09-01,12F,0.0,345.62699999999995
2022-10-01,13T,0.0,541.3929999999999
2026-06-01,14L,0.0,747.439
2022-07-01,14L,0.0,701.0679999999998
2021-12-01,15A,0.0,566.24
2024-05-01,15C,0.0,1089.4369999999997
2025-01-01,15F,0.0,944.391
2024-06-01,15F,0.0,937.1720000000004
2024-04-01,18C,0.0,828.7639999999998
2022-06-01,27D,0.0,798.4519999999999
2022-04-01,27D,0.0,797.0559999999997
2021-10-01,36J,0.0,645.7120000000001
2026-03-01,36L,0.0,1766.3569999999988
2021-06-01,42D,0.0,550.2469999999998
2021-09-01,42D,0.0,552.435
2022-04-01,42D,0.0,554.4139999999999
2024-10-01,70F,0.0,945.1
2021-11-01,70F,0.0,918.7300000000001
2023-04-01,71E,0.0,814.1730000000002
2022-07-01,72Q,0.0,2055.970000000001
2022-05-01,72Q,0.0,2053.3930000000005
2025-05-01,84H,0.0,569.3660000000001
2025-07-01,92A,0.0,1304.4220000000003
2022-10-01,93C,0.0,1760.5159999999994
2022-11-01,97R,0.0,569.9859999999998
2026-06-01,97R,0.0,576.0240000000002
2023-07-01,97R,0.0,572.8580000000002
2024-02-01,99A,0.0,587.707
2024-01-01,99E,0.0,292.093
2023-06-01,99E,0.0,289.735
2024-02-01,99E,0.0,292.32499999999993
2023-11-01,99G,0.0,193.51300000000003
2024-12-01,99G,0.0,196.309
2024-09-01,M2L0M,0.0,534.87
2024-07-01,M2L0M,0.0,533.587
2021-10-01,U2G6B,0.0,455.946
2024-10-01,U2G6B,0.0,498.9059999999999
2024-04-01,U2G6B,0.0,495.10499999999985
2023-11-01,U2G6B,0.0,491.99600000000004
2026-05-01,00D,0.0,0.0
2025-09-01,00D,0.0,0.0
2023-02-01,00J,0.0,0.0
2023-11-01,00J,0.0,0.0
2023-02-01,00M,0.0,0.0
2025-04-01,01R,0.0,0.0
2024-10-01,02F,0.0,0.0
2025-11-01,02F,0.0,0.0
2022-05-01,02V,0.0,0.0
2024-08-01,02W,0.0,0.0
2022-12-01,03J,0.0,0.0
2024-06-01,03T,0.0,0.0
2023-02-01,04D,0.0,0.0
2024-11-01,04E,0.0,0.0
2025-02-01,04F,0.0,0.0
2023-07-01,04F,0.0,0.0
2021-12-01,04F,0.0,0.0
2025-08-01,04F,0.0,0.0
2021-09-01,04G,0.0,0.0
2021-10-01,04J,0.0,0.0
2022-07-01,04J,0.0,0.0
2023-11-01,04K,0.0,0.0
2024-02-01,04L,0.0,0.0
2025-08-01,04R,0.0,0.0
2022-01-01,04R,0.0,0.0
2024-03-01,04R,0.0,0.0
2024-10-01,04X,0.0,0.0
2024-01-01,04X,0.0,0.0
2024-04-01,05A,0.0,0.0
2022-08-01,05A,0.0,0.0
2022-12-01,05A,0.0,0.0
2025-10-01,05C,0.0,0.0
2023-01-01,05H,0.0,0.0
2025-07-01,05L,0.0,0.0
2022-07-01,05L,0.0,0.0
2023-07-01,05N,0.0,0.0
2025-10-01,05R,0.0,0.0
2026-03-01,05T,0.0,0.0
2023-06-01,05Y,0.0,0.0
2025-01-01,05Y,0.0,0.0
2023-01-01,06A,0.0,0.0
2022-11-01,06A,0.0,0.0
2024-11-01,06D,0.0,0.0
2026-05-01,06D,0.0,0.0
2025-07-01,06F,0.0,0.0
2022-09-01,06M,0.0,0.0
2023-06-01,06W,0.0,0.0
2023-04-01,06W,0.0,0.0
2021-07-01,06Y,0.0,0.0
2022-05-01,06Y,0.0,0.0
2026-02-01,06Y,0.0,0.0
2023-05-01,06Y,0.0,0.0
2023-03-01,07L,0.0,0.0
2023-12-01,07M,0.0,0.0
2024-05-01,07M,0.0,0.0
2024-04-01,07M,0.0,0.0
2025-10-01,07M,0.0,0.0
2024-10-01,07N,0.0,0.0
2023-02-01,07N,0.0,0.0
2024-08-01,07N,0.0,0.0
2021-10-01,07P,0.0,0.0
2023-08-01,07P,0.0,0.0
2021-11-01,07P,0.0,0.0
2022-08-01,07P,0.0,0.0
2023-10-01,07T,0.0,0.0
2025-03-01,07V,0.0,0.0
2026-03-01,07V,0.0,0.0
2023-01-01,07X,0.0,0.0
2025-10-01,07Y,0.0,0.0
2022-03-01,08E,0.0,0.0
2023-07-01,08F,0.0,0.0
2023-06-01,08G,0.0,0.0
2022-10-01,08J,0.0,0.0
2024-10-01,08K,0.0,0.0
2025-08-01,08L,0.0,0.0
2021-10-01,08M,0.0,0.0
2022-09-01,08N,0.0,0.0
2022-07-01,08N,0.0,0.0
2026-04-01,08Q,0.0,0.0
2021-09-01,08R,0.0,0.0
2025-11-01,08T,0.0,0.0
2024-09-01,08W,0.0,0.0
2022-09-01,08W,0.0,0.0
2026-04-01,08Y,0.0,0.0
2024-02-01,08Y,0.0,0.0
2025-11-01,09E,0.0,0.0
2024-05-01,09E,0.0,0.0
2024-12-01,09E,0.0,0.0
2023-01-01,09F,0.0,0.0
2022-11-01,09F,0.0,0.0
2023-03-01,09F,0.0,0.0
2022-07-01,09J,0.0,0.0
2021-12-01,09L,0.0,0.0
2025-05-01,09L,0.0,0.0
2025-04-01,09L,0.0,0.0
2025-03-01,09L,0.0,0.0
2026-02-01,10D,0.0,0.0
2023-04-01,10D,0.0,0.0
2023-03-01,10D,0.0,0.0
2022-06-01,10J,0.0,0.0
2022-04-01,10J,0.0,0.0
2021-07-01,10J,0.0,0.0
2023-10-01,10M,0.0,0.0
2024-03-01,10V,0.0,0.0
2024-04-01,10W,0.0,0.0
2025-09-01,10X,0.0,0.0
2024-07-01,11E,0.0,0.0
2023-10-01,11E,0.0,0.0
2024-12-01,11H,0.0,0.0
2022-06-01,12D,0.0,0.0
2025-09-01,15D,0.0,0.0
2025-04-01,15D,0.0,0.0
2022-02-01,99D,0.0,0.0
2021-09-01,99D,0.0,0.0
2021-09-01,99H,0.0,0.0
2025-01-01,99H,0.0,0.0
2025-02-01,99J,0.0,0.0
2022-06-01,99K,0.0,0.0
2025-04-01,99K,0.0,0.0
2024-03-01,99M,0.0,0.0
2025-10-01,99N,0.0,0.0
2024-07-01,99P,0.0,0.0
2023-03-01,99P,0.0,0.0
2025-05-01,99Q,0.0,0.0
2023-03-01,99Q,0.0,0.0
2023-03-01,D4U1Y,0.0,0.0
2023-08-01,00P,4.07724,290.918
2025-12-01,00P,4.42116,295.60600000000005
2025-07-01,01W,6.3872,330.03000000000003
2023-04-01,03H,15.32122,172.57
2023-01-01,03N,37.21055,629.465
2021-11-01,03N,52.58465,620.3229999999996
2024-02-01,06K,3.07486,630.264
2025-05-01,06T,5.88358,380.137
2024-04-01,14L,4.1355,738.2629999999999
2023-03-01,15M,20.42203,1119.6940000000006
2025-10-01,18C,4.91474,835.4689999999998
2022-07-01,70F,2.98582,925.589
2024-04-01,78H,6.10205,840.777
2021-06-01,91Q,11.28323,1942.2400000000002
2022-10-01,97R,7.91922,569.8349999999999
2025-06-01,99A,12.7619,598.2610000000001
2025-10-01,99F,19.14592,188.83399999999997
2025-07-01,99F,8.82881,188.60799999999995
2023-10-01,99F,3.05671,187.249
2023-10-01,00L,0.0,337.2459999999999
2024-12-01,00N,0.0,159.93
2024-03-01,00N,0.0,159.841
2025-02-01,00N,0.0,159.965
2021-10-01,00R,0.0,175.178
2022-10-01,00T,0.0,321.992
2025-07-01,00T,0.0,334.4700000000001
2021-12-01,00X,0.0,187.78399999999993
2022-04-01,00X,0.0,187.924
2023-01-01,00X,0.0,189.448
2023-08-01,00Y,0.0,265.40299999999996
2024-11-01,01A,0.0,410.04699999999997
2023-10-01,01D,0.0,247.28799999999998
2024-11-01,01D,0.0,251.98699999999994
2022-10-01,01E,0.0,223.32999999999996
2022-09-01,01E,0.0,222.42399999999998
2022-03-01,01J,0.0,170.26299999999998
2026-04-01,01K,0.0,353.41600000000005
2024-06-01,01T,0.0,160.264
2023-08-01,01X,0.0,201.20199999999997
2023-02-01,01X,0.0,200.51900000000003
2024-08-01,01Y,0.0,227.29699999999997
2023-05-01,01Y,0.0,222.11299999999997
2022-06-01,01Y,0.0,220.71700000000004
2024-05-01,02E,0.0,229.504
2023-01-01,02E,0.0,225.647
2022-11-01,02P,0.0,266.788
2025-06-01,02P,0.0,270.788
2022-08-01,02Q,0.0,122.824
2025-12-01,02T,0.0,225.84699999999998
2023-09-01,02X,0.0,334.13500000000005
2022-01-01,02Y,0.0,307.7739999999999
2024-07-01,02Y,0.0,315.563
2021-09-01,03K,0.0,183.40600000000003
2023-09-01,03L,0.0,271.26099999999997
2023-04-01,03Q,0.0,251.062
2023-02-01,03Q,0.0,250.97899999999998
2025-10-01,03R,0.0,400.73599999999993
2024-01-01,03R,0.0,396.08899999999994
2021-06-01,03W,0.0,344.7600000000001
2022-01-01,03W,0.0,348.5940000000001
2025-02-01,04V,0.0,423.585
2024-09-01,04V,0.0,420.42699999999985
2024-11-01,04Y,0.0,140.35
2024-03-01,04Y,0.0,139.65
2026-02-01,05D,0.0,155.081
2024-04-01,05V,0.0,155.444
2024-04-01,05W,0.0,297.011
2022-03-01,06K,0.0,617.16
2024-08-01,06K,0.0,633.4149999999998
2024-02-01,06Q,0.0,417.176
2021-06-01,06T,0.0,361.981
2025-02-01,07G,0.0,190.85299999999998
2024-02-01,07G,0.0,188.81699999999995
2023-05-01,07K,0.0,274.453
2023-12-01,09D,0.0,333.0820000000001
2023-05-01,10Q,0.0,807.6209999999999
2022-11-01,10Q,0.0,804.6790000000001
2024-12-01,10Q,0.0,827.848
2022-05-01,10R,0.0,231.03900000000004
2022-05-01,11M,0.0,675.2130000000004
2022-10-01,11X,0.0,598.1410000000002
2024-03-01,11X,0.0,604.3870000000003
2023-10-01,11X,0.0,602.679
2025-05-01,12F,0.0,346.1479999999999
2023-12-01,13T,0.0,554.517
2026-05-01,14L,0.0,751.0799999999998
2024-08-01,14L,0.0,740.369
2023-10-01,14Y,0.0,586.5929999999998
2024-12-01,15A,0.0,589.2450000000002
2024-09-01,15A,0.0,586.84
2025-07-01,15A,0.0,589.9169999999999
2026-05-01,15C,0.0,1094.2690000000002
2025-01-01,15C,0.0,1095.4349999999997
2025-04-01,15F,0.0,944.1180000000002
2022-01-01,15F,0.0,908.8750000000002
2022-02-01,15N,0.0,1270.2069999999992
2024-01-01,16C,0.0,731.5440000000001
2022-12-01,27D,0.0,804.1329999999998
2021-12-01,36J,0.0,647.316
2023-10-01,36J,0.0,661.0849999999999
2026-04-01,71E,0.0,824.6899999999999
2025-04-01,71E,0.0,825.7629999999998
2025-11-01,71E,0.0,825.0329999999999
2023-06-01,72Q,0.0,2078.47
2026-02-01,78H,0.0,851.1250000000001
2025-11-01,78H,0.0,852.8559999999998
2021-07-01,92A,0.0,1263.1709999999998
2025-12-01,92A,0.0,1303.178
2023-11-01,93C,0.0,1800.0220000000006
2022-09-01,97R,0.0,569.4139999999999
2023-01-01,99A,0.0,575.442
2022-11-01,99C,0.0,225.27000000000004
2025-04-01,99C,0.0,228.79000000000002
2025-05-01,99E,0.0,295.904
2023-12-01,99E,0.0,291.89399999999995
2025-08-01,99E,0.0,296.52099999999996
2022-04-01,99F,0.0,186.22699999999998
2026-01-01,99G,0.0,196.655
2026-05-01,B2M3M,0.0,1117.8249999999998
2023-04-01,B2M3M,0.0,1076.2559999999999
2022-02-01,B2M3M,0.0,1048.5750000000005
2025-01-01,D9Y0V,0.0,1930.5660000000003
2025-11-01,M1J4Y,0.0,1149.5929999999994
2025-08-01,M1J4Y,0.0,1149.7580000000003
2026-06-01,M1J4Y,0.0,1144.5660000000003
2024-04-01,M1J4Y,0.0,1131.238
2024-06-01,X2C4Y,0.0,460.238
2022-06-01,X2C4Y,0.0,451.153
2021-06-01,00K,0.0,0.0
2024-08-01,00M,0.0,0.0
2026-05-01,00M,0.0,0.0
2022-06-01,02R,0.0,0.0
2023-01-01,02W,0.0,0.0
2022-12-01,02W,0.0,0.0
2025-07-01,02W,0.0,0.0
2024-04-01,03A,0.0,0.0
2024-02-01,03M,0.0,0.0
2026-01-01,03T,0.0,0.0
2024-07-01,04D,0.0,0.0
2025-03-01,04D,0.0,0.0
2021-08-01,04E,0.0,0.0
2024-10-01,04F,0.0,0.0
2022-06-01,04F,0.0,0.0
2023-06-01,04G,0.0,0.0
2024-10-01,04G,0.0,0.0
2025-07-01,04H,0.0,0.0
2023-03-01,04J,0.0,0.0
2026-05-01,04J,0.0,0.0
2025-11-01,04J,0.0,0.0
2022-08-01,04K,0.0,0.0
2022-05-01,04X,0.0,0.0
2021-11-01,05A,0.0,0.0
2025-07-01,05A,0.0,0.0
2021-08-01,05C,0.0,0.0
2022-02-01,05F,0.0,0.0
2024-01-01,05F,0.0,0.0
2026-05-01,05L,0.0,0.0
2026-05-01,05N,0.0,0.0
2021-10-01,05N,0.0,0.0
2025-04-01,05R,0.0,0.0
2021-12-01,05T,0.0,0.0
2024-09-01,05X,0.0,0.0
2022-07-01,05Y,0.0,0.0
2023-08-01,05Y,0.0,0.0
2025-11-01,06F,0.0,0.0
2025-09-01,06F,0.0,0.0
2025-08-01,06P,0.0,0.0
2023-05-01,06W,0.0,0.0
2024-12-01,06Y,0.0,0.0
2021-11-01,06Y,0.0,0.0
2026-03-01,07N,0.0,0.0
2023-12-01,07P,0.0,0.0
2025-11-01,07T,0.0,0.0
2022-06-01,07T,0.0,0.0
2022-08-01,07V,0.0,0.0
2023-08-01,07V,0.0,0.0
2022-12-01,07W,0.0,0.0
2022-11-01,07W,0.0,0.0
2025-10-01,07W,0.0,0.0
2022-01-01,07X,0.0,0.0
2021-12-01,07X,0.0,0.0
2025-01-01,07X,0.0,0.0
2023-01-01,07Y,0.0,0.0
2021-08-01,08C,0.0,0.0
2024-02-01,08E,0.0,0.0
2023-09-01,08E,0.0,0.0
2024-11-01,08E,0.0,0.0
2025-08-01,08E,0.0,0.0
2025-03-01,08F,0.0,0.0
2025-11-01,08F,0.0,0.0
2024-03-01,08F,0.0,0.0
2026-01-01,08F,0.0,0.0
2025-07-01,08G,0.0,0.0
2022-03-01,08K,0.0,0.0
2025-11-01,08L,0.0,0.0
2026-03-01,08L,0.0,0.0
2024-09-01,08L,0.0,0.0
2025-12-01,08L,0.0,0.0
2025-06-01,08M,0.0,0.0
2023-01-01,08M,0.0,0.0
2024-07-01,08M,0.0,0.0
2023-09-01,08M,0.0,0.0
2021-06-01,08N,0.0,0.0
2026-04-01,08R,0.0,0.0
2022-01-01,08T,0.0,0.0
2021-10-01,08V,0.0,0.0
2021-08-01,08W,0.0,0.0
2026-05-01,08X,0.0,0.0
2024-09-01,08X,0.0,0.0
2022-08-01,08X,0.0,0.0
2021-07-01,08Y,0.0,0.0
2026-03-01,08Y,0.0,0.0
2025-10-01,09C,0.0,0.0
2026-03-01,09E,0.0,0.0
2024-07-01,09E,0.0,0.0
2025-06-01,09G,0.0,0.0
2022-07-01,09L,0.0,0.0
2025-09-01,09L,0.0,0.0
2025-05-01,09W,0.0,0.0
2025-09-01,09W,0.0,0.0
2026-01-01,09Y,0.0,0.0
2025-06-01,10A,0.0,0.0
2022-06-01,10A,0.0,0.0
2026-06-01,10A,0.0,0.0
2026-02-01,10C,0.0,0.0
2022-08-01,10D,0.0,0.0
2021-12-01,10D,0.0,0.0
2025-11-01,10D,0.0,0.0
2021-09-01,10K,0.0,0.0
2024-08-01,10L,0.0,0.0
2025-09-01,10L,0.0,0.0
2023-02-01,10M,0.0,0.0
2022-12-01,10V,0.0,0.0
2024-05-01,10W,0.0,0.0
2023-10-01,10W,0.0,0.0
2025-05-01,10W,0.0,0.0
2022-06-01,10W,0.0,0.0
2024-07-01,10X,0.0,0.0
2023-04-01,10X,0.0,0.0
2022-12-01,11A,0.0,0.0
2022-02-01,11E,0.0,0.0
2024-01-01,11E,0.0,0.0
2024-09-01,11T,0.0,0.0
2022-09-01,11T,0.0,0.0
2023-12-01,11T,0.0,0.0
2025-02-01,12D,0.0,0.0
2023-03-01,15D,0.0,0.0
2024-02-01,99H,0.0,0.0
2024-05-01,99H,0.0,0.0
2023-03-01,99J,0.0,0.0
2024-12-01,99M,0.0,0.0
2024-04-01,99M,0.0,0.0
2023-05-01,99N,0.0,0.0
2026-06-01,99P,0.0,0.0
2023-02-01,99Q,0.0,0.0
2023-05-01,99Q,0.0,0.0
2026-02-01,D4U1Y,0.0,0.0
2022-10-01,D4U1Y,0.0,0.0
2025-04-01,01K,6.38709,356.4149999999999
2022-09-01,02G,7.63309,115.82999999999998
2026-04-01,02P,2.94841,270.519
2025-07-01,02Y,5.89608,318.867
2022-02-01,06K,2.98951,617.038
2025-01-01,06T,5.88329,379.201
2025-11-01,07K,2.94833,280.955
2024-08-01,13T,6.18761,556.148
2024-11-01,15E,9.10006,1642.4979999999996
2023-09-01,15E,13.02887,1607.2749999999999
2022-08-01,15M,18.55676,1112.8839999999996
2024-11-01,15M,49.353759999999994,1140.5849999999996
2026-06-01,15M,38.83031,1142.9979999999996
2021-10-01,16C,2.80796,713.7540000000002
2023-09-01,26A,3.05149,1090.508
2025-11-01,36J,2.94833,669.5549999999998
2024-09-01,36J,6.20002,669.2570000000001
2022-09-01,78H,5.52701,817.8549999999999
2023-01-01,78H,5.54018,821.9170000000001
2021-11-01,84H,7.60486,559.3550000000001
2024-03-01,92G,16.34782,1003.9649999999997
2022-02-01,93C,6.64373,1745.3459999999993
2025-01-01,99A,12.76116,597.26
2023-02-01,99A,45.84502,576.2900000000001
2022-07-01,A3A8R,3.818,2369.6240000000007
2021-09-01,D9Y0V,2.97713,1881.4669999999996
2025-02-01,M1J4Y,29.93012,1147.1440000000002
2026-01-01,M1J4Y,2.94838,1148.5810000000006
2021-07-01,U2G6B,3.80771,455.02700000000016
2026-06-01,00N,0.0,158.718
2023-09-01,00N,0.0,159.60500000000002
2021-06-01,00Q,0.0,179.871
2026-04-01,00R,0.0,177.696
2022-04-01,00T,0.0,320.318
2024-07-01,00V,0.0,212.09000000000003
2022-01-01,00Y,0.0,262.089
2023-04-01,00Y,0.0,264.386
2021-06-01,01A,0.0,392.0550000000001
2024-04-01,01A,0.0,406.1379999999998
2024-08-01,01D,0.0,251.31300000000005
2022-06-01,01E,0.0,222.01100000000005
2022-06-01,01H,0.0,329.6699999999999
2025-08-01,01H,0.0,337.55300000000005
2023-01-01,01T,0.0,157.69799999999995
2024-03-01,01T,0.0,159.50699999999992
2025-12-01,01X,0.0,204.44600000000005
2025-09-01,02A,0.0,249.55300000000003
2022-12-01,02E,0.0,225.49099999999996
2026-03-01,02E,0.0,230.34699999999998
2024-08-01,02H,0.0,350.36600000000004
2025-03-01,02H,0.0,352.0920000000001
2023-11-01,02M,0.0,185.331
2025-07-01,02M,0.0,187.69899999999998
2023-04-01,02P,0.0,267.54
2024-12-01,02Q,0.0,127.837
2023-03-01,02Q,0.0,124.06099999999999
2023-06-01,02Q,0.0,124.57
2023-09-01,02Q,0.0,125.22199999999998
2025-10-01,03H,0.0,174.75100000000003
2024-08-01,03K,0.0,185.396
2022-02-01,03L,0.0,266.74399999999997
2023-06-01,03Q,0.0,251.03300000000002
2026-05-01,03Q,0.0,248.2
2023-05-01,03W,0.0,355.746
2024-06-01,03W,0.0,359.2009999999999
2022-02-01,04C,0.0,426.30299999999994
2025-11-01,04C,0.0,449.41400000000004
2022-07-01,04V,0.0,410.14600000000013
2022-08-01,04Y,0.0,136.40800000000002
2025-01-01,04Y,0.0,140.458
2022-03-01,05D,0.0,148.09400000000002
2024-07-01,05D,0.0,153.93299999999996
2025-04-01,05D,0.0,155.03300000000002
2021-06-01,05G,0.0,216.96699999999998
2022-07-01,05G,0.0,217.77999999999997
2026-02-01,05Q,0.0,224.157
2023-03-01,05W,0.0,302.04800000000006
2022-08-01,05W,0.0,298.9099999999999
2021-09-01,06L,0.0,409.189
2023-10-01,06N,0.0,683.1969999999999
2024-09-01,06Q,0.0,420.31699999999995
2023-09-01,06Q,0.0,413.93299999999994
2025-10-01,06T,0.0,381.1230000000001
2022-12-01,06T,0.0,369.02599999999995
2024-01-01,06T,0.0,375.075
2026-03-01,07G,0.0,190.03099999999995
2022-09-01,07H,0.0,326.082
2023-10-01,07K,0.0,276.10499999999996
2021-09-01,10Q,0.0,783.8799999999998
2022-01-01,11M,0.0,673.5409999999997
2021-09-01,11N,0.0,595.4230000000001
2022-12-01,11X,0.0,599.259
2025-03-01,14L,0.0,750.979
2025-04-01,15A,0.0,590.0149999999999
2022-03-01,15F,0.0,909.6160000000001
2024-05-01,15F,0.0,937.3859999999997
2023-06-01,15F,0.0,921.8520000000002
2025-12-01,15N,0.0,1299.0419999999997
2021-09-01,16C,0.0,713.4770000000002
2025-11-01,16C,0.0,741.3529999999997
2023-09-01,18C,0.0,826.0649999999998
2025-04-01,26A,0.0,1100.114
2025-09-01,27D,0.0,824.5639999999997
2021-08-01,27D,0.0,790.644
2022-09-01,27D,0.0,801.703
2024-01-01,27D,0.0,813.2850000000005
2023-08-01,36J,0.0,660.0479999999999
2024-02-01,36J,0.0,664.9700000000001
2021-06-01,36L,0.0,1711.6489999999997
2023-07-01,42D,0.0,561.1410000000001
2022-11-01,42D,0.0,558.3919999999999
2025-12-01,52R,0.0,1158.5479999999998
2025-04-01,72Q,0.0,2123.3689999999983
2025-09-01,72Q,0.0,2125.3009999999995
2025-09-01,84H,0.0,568.6310000000002
2024-12-01,91Q,0.0,2034.4020000000012
2024-02-01,92A,0.0,1294.973
2022-09-01,93C,0.0,1756.6619999999998
2024-07-01,99E,0.0,293.703
2026-06-01,99E,0.0,295.882
2022-08-01,99F,0.0,186.62400000000002
2025-12-01,A3A8R,0.0,2490.2749999999987
2024-05-01,B2M3M,0.0,1105.909
2025-10-01,D9Y0V,0.0,1932.8149999999994
2024-11-01,M1J4Y,0.0,1143.87
2025-09-01,M2L0M,0.0,537.7020000000001
2022-11-01,X2C4Y,0.0,452.93899999999996
2023-04-01,00J,0.0,0.0
2025-11-01,01R,0.0,0.0
2022-02-01,01R,0.0,0.0
2021-08-01,02R,0.0,0.0
2021-12-01,02V,0.0,0.0
2021-06-01,02V,0.0,0.0
2024-09-01,03A,0.0,0.0
2023-09-01,03A,0.0,0.0
2023-02-01,03A,0.0,0.0
2025-08-01,03J,0.0,0.0
2023-12-01,03J,0.0,0.0
2024-10-01,03T,0.0,0.0
2025-01-01,03T,0.0,0.0
2025-11-01,04E,0.0,0.0
2022-01-01,04E,0.0,0.0
2022-09-01,04F,0.0,0.0
2023-11-01,04L,0.0,0.0
2023-06-01,04Q,0.0,0.0
2025-11-01,04Q,0.0,0.0
2025-07-01,04Q,0.0,0.0
2021-09-01,04Q,0.0,0.0
2022-09-01,04R,0.0,0.0
2021-08-01,04X,0.0,0.0
2022-08-01,04X,0.0,0.0
2021-12-01,04X,0.0,0.0
2022-10-01,05A,0.0,0.0
2022-04-01,05A,0.0,0.0
2024-04-01,05C,0.0,0.0
2026-02-01,05H,0.0,0.0
2023-10-01,05H,0.0,0.0
2021-07-01,05L,0.0,0.0
2023-09-01,05L,0.0,0.0
2023-12-01,05N,0.0,0.0
2025-11-01,05R,0.0,0.0
2025-10-01,05X,0.0,0.0
2026-04-01,05Y,0.0,0.0
2023-11-01,06A,0.0,0.0
2024-05-01,06D,0.0,0.0
2025-08-01,06M,0.0,0.0
2024-03-01,06P,0.0,0.0
2024-03-01,06Y,0.0,0.0
2023-08-01,07M,0.0,0.0
2022-06-01,07N,0.0,0.0
2024-11-01,07N,0.0,0.0
2024-06-01,07P,0.0,0.0
2025-08-01,07P,0.0,0.0
2024-09-01,07R,0.0,0.0
2023-04-01,07T,0.0,0.0
2021-11-01,07V,0.0,0.0
2022-12-01,07V,0.0,0.0
2026-01-01,07V,0.0,0.0
2025-01-01,07V,0.0,0.0
2023-01-01,07V,0.0,0.0
2024-08-01,07W,0.0,0.0
2022-11-01,07Y,0.0,0.0
2022-12-01,08A,0.0,0.0
2023-05-01,08A,0.0,0.0
2025-09-01,08C,0.0,0.0
2026-02-01,08C,0.0,0.0
2024-06-01,08D,0.0,0.0
2025-10-01,08E,0.0,0.0
2021-09-01,08F,0.0,0.0
2025-04-01,08F,0.0,0.0
2025-02-01,08G,0.0,0.0
2026-01-01,08H,0.0,0.0
2023-10-01,08H,0.0,0.0
2022-09-01,08H,0.0,0.0
2024-12-01,08J,0.0,0.0
2023-06-01,08K,0.0,0.0
2022-02-01,08L,0.0,0.0
2024-06-01,08L,0.0,0.0
2022-06-01,08Q,0.0,0.0
2024-07-01,08R,0.0,0.0
2025-06-01,08R,0.0,0.0
2023-03-01,08W,0.0,0.0
2022-09-01,08X,0.0,0.0
2025-06-01,08Y,0.0,0.0
2022-09-01,09A,0.0,0.0
2026-03-01,09C,0.0,0.0
2022-01-01,09C,0.0,0.0
2023-02-01,09C,0.0,0.0
2022-02-01,09C,0.0,0.0
2023-11-01,09E,0.0,0.0
2022-02-01,09E,0.0,0.0
2025-12-01,09E,0.0,0.0
2023-05-01,09F,0.0,0.0
2022-03-01,09J,0.0,0.0
2022-03-01,09L,0.0,0.0
2025-03-01,09W,0.0,0.0
2026-04-01,09Y,0.0,0.0
2023-10-01,09Y,0.0,0.0
2025-08-01,09Y,0.0,0.0
2024-05-01,10A,0.0,0.0
2022-03-01,10A,0.0,0.0
2022-01-01,10C,0.0,0.0
2024-04-01,10C,0.0,0.0
2021-07-01,10D,0.0,0.0
2025-11-01,10E,0.0,0.0
2023-08-01,10J,0.0,0.0
2023-06-01,10L,0.0,0.0
2025-01-01,10L,0.0,0.0
2023-07-01,10L,0.0,0.0
2022-09-01,10L,0.0,0.0
2022-03-01,10M,0.0,0.0
2026-02-01,10V,0.0,0.0
2024-05-01,10X,0.0,0.0
2024-08-01,10X,0.0,0.0
2021-08-01,11A,0.0,0.0
2023-09-01,11A,0.0,0.0
2022-11-01,11E,0.0,0.0
2025-10-01,11H,0.0,0.0
2022-03-01,11H,0.0,0.0
2023-08-01,11T,0.0,0.0
2024-05-01,12D,0.0,0.0
2024-03-01,12D,0.0,0.0
2023-06-01,13P,0.0,0.0
2024-11-01,99D,0.0,0.0
2026-03-01,99J,0.0,0.0
2022-08-01,99M,0.0,0.0
2026-02-01,99M,0.0,0.0
2024-10-01,99N,0.0,0.0
2025-07-01,99Q,0.0,0.0
2021-11-01,99Q,0.0,0.0
2021-09-01,99Q,0.0,0.0
2025-10-01,99Q,0.0,0.0
2026-03-01,D4U1Y,0.0,0.0
2022-01-01,01H,8.4444,329.0159999999999
2025-06-01,01W,6.38715,329.74600000000004
2025-04-01,02H,4.42053,352.0800000000001
2024-04-01,03N,69.71533,638.4350000000001
2026-04-01,04C,5.88441,444.8599999999999
2024-06-01,07H,3.09997,333.371
2022-06-01,15E,10.61463,1570.277999999999
2025-10-01,15E,12.660680000000001,1649.469
2024-06-01,15M,10.48954,1136.0790000000006
2023-07-01,15N,3.057,1284.1929999999995
2024-03-01,36J,3.07059,665.3260000000001
2023-05-01,36L,8.19868,1748.173000000001
2021-09-01,84H,7.60137,556.9390000000001
2022-02-01,91Q,36.03735,1960.7010000000014
2025-11-01,99F,20.620130000000003,188.854
2025-09-01,99F,5.88378,188.848
2021-11-01,A3A8R,8.40076,2333.3590000000004
2022-03-01,D9Y0V,199.28854,1893.6409999999992
2021-10-01,00L,0.0,332.816
2022-06-01,00L,0.0,333.64000000000004
2023-03-01,00N,0.0,159.13
2025-05-01,00P,0.0,295.41299999999995
2022-02-01,00T,0.0,319.58099999999996
2023-02-01,00T,0.0,323.35100000000006
2022-12-01,01D,0.0,244.385
2024-04-01,01D,0.0,249.631
2024-05-01,01D,0.0,250.20399999999998
2026-05-01,01E,0.0,239.39300000000003
2021-09-01,01E,0.0,218.378
2025-03-01,01F,0.0,136.717
2021-11-01,01J,0.0,169.71099999999998
2022-04-01,01K,0.0,353.6900000000001
2023-05-01,01K,0.0,355.54699999999997
2025-08-01,01T,0.0,161.62999999999994
2023-04-01,01T,0.0,157.89299999999997
2024-10-01,01V,0.0,128.32
2022-12-01,01V,0.0,127.001
2025-02-01,01X,0.0,203.61999999999995
2021-10-01,01X,0.0,200.083
2024-06-01,01X,0.0,202.67100000000005
2025-11-01,01X,0.0,204.37800000000001
2025-10-01,01Y,0.0,228.807
2026-02-01,02A,0.0,248.657
2024-06-01,02G,0.0,117.66099999999997
2023-08-01,02H,0.0,345.0129999999999
2021-10-01,02M,0.0,181.846
2023-04-01,02Q,0.0,124.247
2024-01-01,02Q,0.0,125.869
2025-06-01,02Q,0.0,128.41500000000002
2026-04-01,02Q,0.0,128.883
2025-06-01,02T,0.0,225.66999999999996
2023-01-01,02T,0.0,223.15899999999996
2022-04-01,02T,0.0,222.57899999999998
2023-08-01,02T,0.0,223.87399999999997
2022-07-01,02X,0.0,329.03400000000005
2025-11-01,02X,0.0,341.456
2023-11-01,02X,0.0,334.9510000000001
2021-11-01,02X,0.0,327.0970000000001
2021-06-01,03H,0.0,170.74599999999995
2022-11-01,03L,0.0,268.48
2025-04-01,03Q,0.0,251.56799999999998
2026-02-01,03Q,0.0,249.26300000000003
2026-05-01,04C,0.0,443.49300000000005
2022-08-01,04V,0.0,409.89
2024-10-01,04Y,0.0,140.251
2026-06-01,04Y,0.0,140.62800000000001
2024-02-01,04Y,0.0,139.52200000000002
2021-08-01,05D,0.0,147.399
2026-01-01,05D,0.0,155.24800000000002
2024-07-01,05G,0.0,231.13099999999997
2022-01-01,05G,0.0,218.14900000000006
2023-09-01,05V,0.0,154.9
2023-01-01,05W,0.0,301.27299999999997
2022-10-01,06H,0.0,1023.0810000000001
2025-06-01,06K,0.0,636.5110000000002
2021-11-01,06L,0.0,409.17999999999995
2023-11-01,06Q,0.0,414.94399999999996
2021-06-01,07G,0.0,183.24300000000002
2025-02-01,07H,0.0,335.95599999999996
2023-04-01,07H,0.0,328.22299999999996
2023-11-01,07H,0.0,330.8179999999999
2023-12-01,10Q,0.0,816.9809999999997
2026-04-01,11J,0.0,828.3630000000002
2026-05-01,11M,0.0,698.4509999999998
2021-10-01,11N,0.0,596.0079999999999
2021-08-01,12F,0.0,339.203
2022-07-01,13T,0.0,539.4649999999998
2023-11-01,14L,0.0,730.9260000000002
2025-01-01,14Y,0.0,595.5559999999999
2022-10-01,14Y,0.0,581.602
2026-03-01,14Y,0.0,596.6419999999999
2021-07-01,14Y,0.0,575.1370000000002
2023-05-01,15A,0.0,578.674
2021-10-01,15C,0.0,1049.89
2023-02-01,15N,0.0,1282.1240000000003
2025-09-01,15N,0.0,1295.974
2022-01-01,16C,0.0,716.2
2024-10-01,16C,0.0,737.3739999999996
2021-06-01,18C,0.0,808.5459999999999
2022-06-01,18C,0.0,816.7940000000002
2024-06-01,26A,0.0,1095.9410000000003
2026-03-01,27D,0.0,824.4939999999998
2025-06-01,27D,0.0,823.2050000000002
2022-12-01,36J,0.0,655.558
2022-05-01,36J,0.0,650.2900000000002
2025-11-01,70F,0.0,951.5470000000001
2023-12-01,71E,0.0,819.135
2025-12-01,71E,0.0,825.306
2024-11-01,72Q,0.0,2121.697
2022-06-01,72Q,0.0,2055.0280000000007
2025-02-01,91Q,0.0,2036.7999999999995
2023-07-01,92A,0.0,1287.7560000000005
2024-10-01,99C,0.0,228.29900000000004
2021-12-01,99E,0.0,285.286
2022-07-01,99F,0.0,186.40599999999998
2024-07-01,99G,0.0,195.47000000000003
2024-07-01,B2M3M,0.0,1108.877
2025-02-01,D2P2L,0.0,1341.4729999999997
2021-11-01,D9Y0V,0.0,1886.8039999999994
2022-04-01,D9Y0V,0.0,1893.7389999999996
2025-07-01,U2G6B,0.0,503.0970000000001
2025-12-01,U2G6B,0.0,503.0669999999999
2024-12-01,U2G6B,0.0,501.005
2022-01-01,U2G6B,0.0,457.53400000000005
2022-05-01,X2C4Y,0.0,450.82300000000015
2024-02-01,X2C4Y,0.0,458.8870000000001
2022-07-01,00D,0.0,0.0
2023-09-01,00J,0.0,0.0
2024-01-01,00J,0.0,0.0
2024-04-01,00M,0.0,0.0
2021-12-01,00M,0.0,0.0
2026-05-01,01R,0.0,0.0
2023-09-01,01R,0.0,0.0
2025-02-01,01R,0.0,0.0
2022-02-01,02R,0.0,0.0
2022-11-01,02R,0.0,0.0
2024-02-01,02V,0.0,0.0
2021-08-01,02V,0.0,0.0
2022-02-01,02W,0.0,0.0
2021-10-01,03A,0.0,0.0
2021-12-01,03T,0.0,0.0
2024-04-01,03T,0.0,0.0
2023-09-01,03Y,0.0,0.0
2021-12-01,03Y,0.0,0.0
2024-01-01,04D,0.0,0.0
2025-02-01,04E,0.0,0.0
2023-09-01,04F,0.0,0.0
2025-12-01,04G,0.0,0.0
2021-06-01,04H,0.0,0.0
2024-12-01,04H,0.0,0.0
2026-02-01,04J,0.0,0.0
2022-10-01,04L,0.0,0.0
2025-05-01,04L,0.0,0.0
2021-10-01,04L,0.0,0.0
2022-07-01,05A,0.0,0.0
2023-08-01,05C,0.0,0.0
2024-04-01,05L,0.0,0.0
2025-09-01,05N,0.0,0.0
2024-12-01,05T,0.0,0.0
2022-04-01,05T,0.0,0.0
2021-11-01,05T,0.0,0.0
2022-01-01,05X,0.0,0.0
2024-11-01,05X,0.0,0.0
2023-10-01,05Y,0.0,0.0
2024-06-01,06D,0.0,0.0
2025-03-01,06F,0.0,0.0
2023-01-01,06F,0.0,0.0
2023-07-01,06F,0.0,0.0
2024-01-01,06P,0.0,0.0
2022-09-01,06P,0.0,0.0
2021-10-01,06W,0.0,0.0
2022-08-01,06W,0.0,0.0
2022-03-01,06Y,0.0,0.0
2026-05-01,07M,0.0,0.0
2021-12-01,07N,0.0,0.0
2026-04-01,07N,0.0,0.0
2025-03-01,07P,0.0,0.0
2023-05-01,07R,0.0,0.0
2022-05-01,07T,0.0,0.0
2026-03-01,07W,0.0,0.0
2024-05-01,07W,0.0,0.0
2021-10-01,07X,0.0,0.0
2022-09-01,07X,0.0,0.0
2021-06-01,08A,0.0,0.0
2023-04-01,08D,0.0,0.0
2024-10-01,08E,0.0,0.0
2023-08-01,08E,0.0,0.0
2022-07-01,08F,0.0,0.0
2022-03-01,08G,0.0,0.0
2024-06-01,08H,0.0,0.0
2025-12-01,08J,0.0,0.0
2022-08-01,08J,0.0,0.0
2022-04-01,08K,0.0,0.0
2024-02-01,08K,0.0,0.0
2023-10-01,08K,0.0,0.0
2025-09-01,08K,0.0,0.0
2026-01-01,08K,0.0,0.0
2022-03-01,08N,0.0,0.0
2022-11-01,08Q,0.0,0.0
2025-11-01,08R,0.0,0.0
2022-09-01,08T,0.0,0.0
2023-04-01,08V,0.0,0.0
2024-10-01,08W,0.0,0.0
2021-10-01,08W,0.0,0.0
2025-07-01,08Y,0.0,0.0
2022-03-01,08Y,0.0,0.0
2022-10-01,08Y,0.0,0.0
2022-08-01,08Y,0.0,0.0
2026-05-01,09A,0.0,0.0
2025-07-01,09J,0.0,0.0
2022-04-01,09L,0.0,0.0
2021-10-01,09L,0.0,0.0
2021-12-01,09P,0.0,0.0
2021-06-01,10A,0.0,0.0
2023-05-01,10C,0.0,0.0
2023-11-01,10D,0.0,0.0
2021-09-01,10E,0.0,0.0
2025-01-01,10J,0.0,0.0
2024-07-01,10L,0.0,0.0
2023-08-01,10M,0.0,0.0
2024-06-01,10W,0.0,0.0
2025-06-01,10W,0.0,0.0
2025-10-01,10W,0.0,0.0
2026-05-01,10X,0.0,0.0
2023-11-01,11A,0.0,0.0
2023-04-01,11E,0.0,0.0
2024-04-01,11E,0.0,0.0
2023-11-01,11H,0.0,0.0
2023-09-01,11T,0.0,0.0
2024-11-01,11T,0.0,0.0
2023-11-01,12D,0.0,0.0
2024-07-01,15D,0.0,0.0
2026-04-01,99D,0.0,0.0
2024-10-01,99H,0.0,0.0
2026-03-01,99H,0.0,0.0
2025-09-01,99H,0.0,0.0
2023-07-01,99H,0.0,0.0
2024-09-01,99H,0.0,0.0
2024-03-01,99J,0.0,0.0
2026-04-01,99J,0.0,0.0
2025-04-01,99J,0.0,0.0
2025-07-01,99K,0.0,0.0
2026-02-01,99N,0.0,0.0
2023-07-01,99P,0.0,0.0
2021-06-01,99P,0.0,0.0
2026-05-01,99Q,0.0,0.0
2023-08-01,01H,4.07724,333.19800000000004
2026-01-01,03F,2.94838,314.21200000000005
2021-12-01,03N,109.32611,621.0970000000001
2025-01-01,03N,28.60024,641.4480000000001
2026-03-01,04C,2.94836,445.72400000000016
2023-12-01,11J,4.093,830.2470000000002
2022-04-01,15E,2.98791,1570.9020000000003
2024-01-01,15E,6.02012,1623.3689999999992
2024-08-01,15M,58.53834,1138.46
2025-10-01,15N,5.8962,1300.051
2025-10-01,36J,8.84431,669.723
2026-05-01,70F,7.36966,949.5979999999997
2022-09-01,84H,7.62069,560.207
2022-06-01,92G,18.06119,982.5370000000005
2023-04-01,A3A8R,0.86545,2409.865
2022-04-01,D2P2L,2.98791,1288.9169999999997
2024-09-01,M1J4Y,17.178710000000002,1140.9940000000001
2023-10-01,M1J4Y,6.11342,1115.7940000000003
2024-08-01,W2U3Z,10.32315,2885.036
2026-03-01,W2U3Z,2.94836,2919.3159999999993
2026-06-01,W2U3Z,27.972610000000003,2893.0999999999995
2025-07-01,00L,0.0,342.7049999999999
2021-12-01,00N,0.0,158.71299999999997
2025-10-01,00P,0.0,295.469
2023-01-01,00P,0.0,289.36100000000005
2026-04-01,00Q,0.0,188.34400000000002
2023-09-01,00T,0.0,326.84899999999993
2025-03-01,00T,0.0,333.8739999999999
2024-06-01,00T,0.0,331.704
2025-03-01,00X,0.0,193.74499999999995
2023-09-01,00Y,0.0,265.7180000000001
2021-09-01,00Y,0.0,261.462
2022-04-01,01A,0.0,395.77799999999996
2025-04-01,01D,0.0,252.33900000000003
2026-05-01,01F,0.0,135.899
2023-01-01,01F,0.0,134.938
2025-04-01,01F,0.0,136.707
2022-02-01,01J,0.0,170.14800000000002
2025-08-01,01J,0.0,174.17
2023-10-01,01J,0.0,171.345
2025-06-01,01T,0.0,161.482
2023-03-01,01V,0.0,126.99799999999999
2025-10-01,01V,0.0,129.047
2025-07-01,02E,0.0,230.77899999999997
2024-08-01,02G,0.0,117.757
2022-12-01,02G,0.0,116.60300000000001
2024-01-01,02H,0.0,347.5220000000002
2024-05-01,02M,0.0,185.74399999999997
2022-07-01,02T,0.0,222.80900000000003
2021-08-01,02X,0.0,326.87800000000004
2022-02-01,02Y,0.0,307.85699999999997
2021-07-01,02Y,0.0,307.347
2025-07-01,03F,0.0,314.49899999999997
2023-12-01,03H,0.0,173.417
2025-07-01,03K,0.0,185.72200000000004
2022-01-01,03Q,0.0,251.05800000000002
2025-12-01,03Q,0.0,250.18999999999997
2022-03-01,03R,0.0,388.365
2021-09-01,04C,0.0,421.8970000000001
2024-06-01,04C,0.0,449.74899999999997
2022-06-01,05D,0.0,148.453
2024-09-01,05D,0.0,154.27800000000002
2021-10-01,05D,0.0,147.604
2022-12-01,05G,0.0,218.459
2021-06-01,05V,0.0,151.01600000000002
2021-11-01,05V,0.0,151.654
2022-09-01,05V,0.0,152.988
2026-03-01,05W,0.0,300.238
2024-05-01,05W,0.0,297.771
2024-11-01,06H,0.0,1054.3160000000003
2021-12-01,06H,0.0,1010.218
2025-02-01,06H,0.0,1056.5639999999999
2025-10-01,06L,0.0,420.0979999999999
2025-11-01,06L,0.0,419.92300000000006
2025-02-01,06N,0.0,692.7379999999998
2023-02-01,06T,0.0,370.293
2025-01-01,07G,0.0,190.834
2025-10-01,07G,0.0,190.68599999999998
2024-10-01,10Q,0.0,824.3900000000003
2022-09-01,10Q,0.0,797.55
2025-03-01,10Q,0.0,828.6360000000003
2025-01-01,10R,0.0,235.83399999999997
2026-01-01,11M,0.0,699.2999999999997
2022-07-01,11M,0.0,676.8079999999999
2024-03-01,11M,0.0,690.1959999999999
2025-08-01,11N,0.0,605.5049999999999
2025-10-01,11N,0.0,606.128
2024-02-01,13T,0.0,555.4240000000001
2026-03-01,13T,0.0,559.8559999999999
2022-09-01,14L,0.0,700.9100000000001
2022-12-01,15A,0.0,576.849
2025-08-01,15F,0.0,939.9489999999998
2024-09-01,15F,0.0,936.206
2023-10-01,16C,0.0,728.6809999999998
2021-11-01,16C,0.0,714.6949999999999
2022-05-01,18C,0.0,815.8049999999995
2024-12-01,27D,0.0,821.498
2022-07-01,36J,0.0,651.5380000000001
2021-10-01,36L,0.0,1719.9219999999991
2025-04-01,36L,0.0,1774.4360000000017
2023-09-01,36L,0.0,1756.11
2023-09-01,42D,0.0,562.2379999999999
2025-12-01,42D,0.0,570.8230000000002
2025-08-01,71E,0.0,826.7189999999999
2024-08-01,84H,0.0,566.4179999999998
2021-10-01,97R,0.0,565.523
2023-02-01,97R,0.0,571.015
2022-02-01,99A,0.0,564.7820000000002
2024-11-01,99C,0.0,228.42200000000003
2022-04-01,99E,0.0,285.88800000000003
2024-05-01,99E,0.0,293.28700000000003
2024-08-01,99G,0.0,195.78500000000003
2022-03-01,99G,0.0,190.41900000000004
2023-05-01,B2M3M,0.0,1077.681
2025-05-01,B2M3M,0.0,1118.283
2022-12-01,D2P2L,0.0,1298.523
2025-01-01,X2C4Y,0.0,462.07699999999994
2023-01-01,00D,0.0,0.0
2025-08-01,00J,0.0,0.0
2023-07-01,00K,0.0,0.0
2026-01-01,00M,0.0,0.0
2024-10-01,01R,0.0,0.0
2025-07-01,01R,0.0,0.0
2024-03-01,02R,0.0,0.0
2025-11-01,02W,0.0,0.0
2022-04-01,03A,0.0,0.0
2026-01-01,03A,0.0,0.0
2024-09-01,03J,0.0,0.0
2023-07-01,03T,0.0,0.0
2025-03-01,03Y,0.0,0.0
2025-02-01,03Y,0.0,0.0
2024-04-01,04D,0.0,0.0
2023-01-01,04E,0.0,0.0
2025-06-01,04F,0.0,0.0
2024-02-01,04F,0.0,0.0
2026-04-01,04G,0.0,0.0
2023-12-01,04G,0.0,0.0
2025-04-01,04J,0.0,0.0
2022-04-01,04J,0.0,0.0
2023-05-01,04J,0.0,0.0
2026-04-01,04M,0.0,0.0
2025-05-01,04M,0.0,0.0
2022-09-01,04M,0.0,0.0
2022-01-01,04Q,0.0,0.0
2023-01-01,04R,0.0,0.0
2026-06-01,04R,0.0,0.0
2023-02-01,04R,0.0,0.0
2022-06-01,05A,0.0,0.0
2023-10-01,05A,0.0,0.0
2025-03-01,05C,0.0,0.0
2024-03-01,05C,0.0,0.0
2025-11-01,05C,0.0,0.0
2022-05-01,05F,0.0,0.0
2021-12-01,05F,0.0,0.0
2025-06-01,05L,0.0,0.0
2024-09-01,05N,0.0,0.0
2022-02-01,05R,0.0,0.0
2023-12-01,05X,0.0,0.0
2022-11-01,05Y,0.0,0.0
2025-03-01,05Y,0.0,0.0
2026-02-01,06D,0.0,0.0
2022-10-01,06D,0.0,0.0
2025-06-01,06M,0.0,0.0
2024-04-01,06P,0.0,0.0
2025-03-01,06W,0.0,0.0
2025-12-01,07L,0.0,0.0
2026-01-01,07M,0.0,0.0
2026-02-01,07M,0.0,0.0
2023-06-01,07M,0.0,0.0
2021-07-01,07M,0.0,0.0
2024-06-01,07M,0.0,0.0
2023-09-01,07N,0.0,0.0
2023-05-01,07P,0.0,0.0
2025-07-01,07T,0.0,0.0
2022-02-01,07T,0.0,0.0
2022-01-01,07V,0.0,0.0
2024-07-01,07W,0.0,0.0
2025-04-01,07Y,0.0,0.0
2022-04-01,07Y,0.0,0.0
2026-03-01,07Y,0.0,0.0
2024-08-01,07Y,0.0,0.0
2022-02-01,08D,0.0,0.0
2023-06-01,08D,0.0,0.0
2024-06-01,08E,0.0,0.0
2023-11-01,08H,0.0,0.0
2024-12-01,08H,0.0,0.0
2024-08-01,08J,0.0,0.0
2024-11-01,08K,0.0,0.0
2021-08-01,08L,0.0,0.0
2022-11-01,08M,0.0,0.0
2024-11-01,08M,0.0,0.0
2023-09-01,08N,0.0,0.0
2025-08-01,08N,0.0,0.0
2024-01-01,08Q,0.0,0.0
2022-09-01,08Q,0.0,0.0
2021-07-01,08T,0.0,0.0
2021-09-01,08T,0.0,0.0
2025-05-01,08W,0.0,0.0
2025-08-01,08X,0.0,0.0
2021-12-01,08Y,0.0,0.0
2021-06-01,09A,0.0,0.0
2026-04-01,09A,0.0,0.0
2025-10-01,09A,0.0,0.0
2023-02-01,09A,0.0,0.0
2024-12-01,09A,0.0,0.0
2023-05-01,09C,0.0,0.0
2024-05-01,09C,0.0,0.0
2023-05-01,09E,0.0,0.0
2025-01-01,09E,0.0,0.0
2026-02-01,09G,0.0,0.0
2023-10-01,09G,0.0,0.0
2025-09-01,09J,0.0,0.0
2024-02-01,09W,0.0,0.0
2021-09-01,09W,0.0,0.0
2023-12-01,10C,0.0,0.0
2025-03-01,10D,0.0,0.0
2024-09-01,10E,0.0,0.0
2022-06-01,10E,0.0,0.0
2024-12-01,10K,0.0,0.0
2024-11-01,10K,0.0,0.0
2022-05-01,10K,0.0,0.0
2024-01-01,10K,0.0,0.0
2022-08-01,10K,0.0,0.0
2024-04-01,10L,0.0,0.0
2023-05-01,10X,0.0,0.0
2021-12-01,11A,0.0,0.0
2026-04-01,11A,0.0,0.0
2026-06-01,11E,0.0,0.0
2023-10-01,11H,0.0,0.0
2021-12-01,11T,0.0,0.0
2026-06-01,12D,0.0,0.0
2026-02-01,12D,0.0,0.0
2023-12-01,12D,0.0,0.0
2022-04-01,12D,0.0,0.0
2026-02-01,13P,0.0,0.0
2024-06-01,13P,0.0,0.0
2023-05-01,13P,0.0,0.0
2023-04-01,13P,0.0,0.0
2022-06-01,13P,0.0,0.0
2024-10-01,15D,0.0,0.0
2023-12-01,99H,0.0,0.0
2026-06-01,99H,0.0,0.0
2022-10-01,99J,0.0,0.0
2021-09-01,99K,0.0,0.0
2023-02-01,99P,0.0,0.0
2023-09-01,99P,0.0,0.0
2021-06-01,99Q,0.0,0.0
2021-10-01,D4U1Y,0.0,0.0
2025-08-01,D4U1Y,0.0,0.0
2023-12-01,D4U1Y,0.0,0.0
2025-05-01,D4U1Y,0.0,0.0
2025-08-01,00P,4.42061,295.2990000000001
2022-08-01,01D,5.43274,243.59300000000005
2022-01-01,02E,5.62547,223.195
2022-02-01,02E,3.82273,223.40699999999998
2025-04-01,02P,2.94799,270.811
2022-05-01,03N,49.73384,618.7180000000002
2025-06-01,07H,4.42057,336.956
2023-09-01,11M,23.62056,685.9449999999996
2023-02-01,11M,15.21162,681.8290000000002
2025-02-01,13T,5.88324,561.2460000000002
2022-07-01,15E,5.97164,1571.859
2025-05-01,15M,7.36853,1142.8430000000003
2022-11-01,16C,7.62297,722.1259999999997
2024-01-01,52R,6.30937,1143.9400000000005
2023-09-01,70F,3.05149,935.3259999999998
2024-02-01,93C,27.13739,1806.6809999999998
2026-06-01,99A,4.42125,597.8460000000001
2024-10-01,D2P2L,9.9308,1338.9189999999992
2024-06-01,D9Y0V,4.13549,1921.668
2024-08-01,D9Y0V,30.96367,1923.9710000000007
2024-06-01,W2U3Z,3.09997,2893.0960000000005
2025-06-01,W2U3Z,5.88363,2916.4849999999974
2025-03-01,W2U3Z,2.94779,2906.2779999999993
2024-09-01,00L,0.0,340.83700000000005
2024-06-01,00N,0.0,160.024
2024-11-01,00N,0.0,159.88800000000003
2022-03-01,00Q,0.0,181.242
2025-05-01,00Q,0.0,187.90400000000002
2025-07-01,00R,0.0,178.79
2021-08-01,00T,0.0,318.181
2022-07-01,00V,0.0,209.209
2022-07-01,00X,0.0,188.61
2023-01-01,00Y,0.0,263.73600000000005
2021-09-01,01A,0.0,393.803
2025-10-01,01A,0.0,411.76499999999993
2024-02-01,01D,0.0,248.935
2026-02-01,01D,0.0,253.35500000000008
2022-03-01,01E,0.0,221.31600000000003
2021-10-01,01F,0.0,135.063
2024-09-01,01F,0.0,136.538
2022-11-01,01F,0.0,134.97
2023-06-01,01K,0.0,355.53599999999994
2025-07-01,01T,0.0,161.53399999999996
2023-05-01,01X,0.0,200.70000000000002
2021-12-01,02A,0.0,245.23200000000003
2023-09-01,02A,0.0,248.53799999999998
2021-09-01,02A,0.0,245.173
2025-11-01,02E,0.0,230.83000000000004
2022-04-01,02E,0.0,223.69899999999996
2021-07-01,02G,0.0,113.90300000000003
2026-02-01,02G,0.0,118.715
2026-05-01,02H,0.0,352.472
2024-08-01,02M,0.0,186.27700000000002
2025-11-01,02T,0.0,225.83299999999997
2025-05-01,02T,0.0,225.761
2022-01-01,02T,0.0,222.30400000000006
2025-04-01,03L,0.0,276.0619999999999
2024-08-01,03L,0.0,274.34400000000005
2022-08-01,03L,0.0,267.572
2023-10-01,03Q,0.0,250.23700000000002
2026-04-01,03W,0.0,361.90700000000004
2023-11-01,04C,0.0,444.567
2026-01-01,04C,0.0,448.21100000000007
2026-03-01,04Y,0.0,140.55
2022-01-01,04Y,0.0,135.94299999999998
2022-07-01,04Y,0.0,136.28599999999997
2022-07-01,05D,0.0,148.635
2025-08-01,05D,0.0,155.347
2022-11-01,05D,0.0,149.577
2024-06-01,05G,0.0,231.263
2024-11-01,05Q,0.0,222.438
2023-03-01,05V,0.0,153.693
2022-02-01,05W,0.0,297.62
2022-02-01,06H,0.0,1012.3840000000002
2024-03-01,06L,0.0,416.27000000000004
2023-03-01,06L,0.0,413.18800000000005
2025-11-01,06N,0.0,694.1579999999997
2026-01-01,06N,0.0,693.3909999999998
2024-03-01,06Q,0.0,417.66
2022-08-01,06Q,0.0,407.501
2025-08-01,06T,0.0,380.67199999999985
2026-06-01,06T,0.0,380.76000000000005
2026-04-01,07G,0.0,189.853
2024-06-01,07G,0.0,190.10999999999999
2024-02-01,07H,0.0,332.083
2022-10-01,07K,0.0,273.317
2024-04-01,09D,0.0,333.277
2026-06-01,10Q,0.0,821.9699999999996
2022-01-01,10R,0.0,230.39499999999995
2021-12-01,11X,0.0,593.37
2023-05-01,12F,0.0,341.68299999999994
2023-12-01,12F,0.0,343.35
2024-11-01,12F,0.0,345.67
2025-07-01,14L,0.0,750.068
2023-01-01,14L,0.0,713.3999999999999
2023-07-01,15A,0.0,579.425
2024-06-01,15A,0.0,585.9879999999999
2024-12-01,15C,0.0,1094.976
2023-10-01,15C,0.0,1079.1479999999997
2024-12-01,15N,0.0,1298.4479999999996
2024-06-01,16C,0.0,734.81
2023-01-01,18C,0.0,821.3259999999999
2024-06-01,18C,0.0,830.2840000000001
2025-07-01,26A,0.0,1100.529
2024-02-01,26A,0.0,1094.429
2022-11-01,26A,0.0,1087.1660000000004
2022-03-01,26A,0.0,1080.8410000000001
2021-10-01,27D,0.0,792.353
2025-11-01,27D,0.0,824.6989999999995
2021-09-01,36J,0.0,645.4900000000004
2023-03-01,70F,0.0,930.7539999999999
2025-07-01,70F,0.0,950.3009999999999
2022-08-01,71E,0.0,808.2810000000003
2025-06-01,72Q,0.0,2123.136000000001
2023-11-01,72Q,0.0,2094.9520000000007
2022-07-01,92A,0.0,1277.3139999999996
2025-02-01,97R,0.0,577.4440000000001
2022-06-01,99A,0.0,567.5759999999999
2021-09-01,99A,0.0,557.2099999999998
2021-12-01,99C,0.0,224.01299999999995
2023-11-01,99E,0.0,291.59799999999996
2025-07-01,99E,0.0,296.25100000000003
2021-07-01,99F,0.0,185.83000000000004
2024-06-01,99G,0.0,195.25200000000004
2024-02-01,B2M3M,0.0,1101.0480000000002
2026-01-01,D2P2L,0.0,1341.472000000001
2026-02-01,D9Y0V,0.0,1928.1189999999997
2023-05-01,M1J4Y,0.0,1104.4859999999999
2023-05-01,U2G6B,0.0,467.9900000000001
2026-01-01,X2C4Y,0.0,462.28799999999995
2023-07-01,X2C4Y,0.0,456.111
2024-02-01,00D,0.0,0.0
2023-03-01,00D,0.0,0.0
2024-04-01,00J,0.0,0.0
2023-12-01,00J,0.0,0.0
2022-07-01,00K,0.0,0.0
2025-11-01,00M,0.0,0.0
2025-10-01,01R,0.0,0.0
2024-03-01,02F,0.0,0.0
2025-01-01,02R,0.0,0.0
2022-10-01,02W,0.0,0.0
2026-02-01,02W,0.0,0.0
2022-03-01,03J,0.0,0.0
2021-08-01,03J,0.0,0.0
2023-12-01,03Y,0.0,0.0
2024-10-01,03Y,0.0,0.0
2025-08-01,04D,0.0,0.0
2026-04-01,04D,0.0,0.0
2023-07-01,04D,0.0,0.0
2023-02-01,04F,0.0,0.0
2021-11-01,04F,0.0,0.0
2023-08-01,04G,0.0,0.0
2022-01-01,04G,0.0,0.0
2023-01-01,04H,0.0,0.0
2022-11-01,04J,0.0,0.0
2025-12-01,04J,0.0,0.0
2025-09-01,04Q,0.0,0.0
2025-05-01,05A,0.0,0.0
2023-01-01,05A,0.0,0.0
2024-08-01,05C,0.0,0.0
2021-07-01,05C,0.0,0.0
2025-08-01,05C,0.0,0.0
2023-11-01,05C,0.0,0.0
2022-09-01,05F,0.0,0.0
2024-12-01,05F,0.0,0.0
2023-05-01,05L,0.0,0.0
2024-05-01,05L,0.0,0.0
2024-12-01,05L,0.0,0.0
2025-01-01,05L,0.0,0.0
2023-02-01,05L,0.0,0.0
2026-01-01,05R,0.0,0.0
2024-11-01,05R,0.0,0.0
2022-10-01,05T,0.0,0.0
2024-12-01,05X,0.0,0.0
2021-12-01,06D,0.0,0.0
2021-11-01,06M,0.0,0.0
2026-04-01,06M,0.0,0.0
2022-04-01,06P,0.0,0.0
2026-04-01,06Y,0.0,0.0
2023-11-01,07L,0.0,0.0
2023-04-01,07L,0.0,0.0
2023-08-01,07N,0.0,0.0
2021-10-01,07N,0.0,0.0
2026-04-01,07P,0.0,0.0
2022-02-01,07R,0.0,0.0
2024-03-01,07R,0.0,0.0
2025-12-01,07T,0.0,0.0
2024-10-01,07V,0.0,0.0
2021-12-01,07W,0.0,0.0
2022-05-01,07W,0.0,0.0
2025-05-01,07W,0.0,0.0
2023-07-01,08A,0.0,0.0
2024-06-01,08A,0.0,0.0
2026-04-01,08E,0.0,0.0
2023-05-01,08E,0.0,0.0
2025-06-01,08F,0.0,0.0
2026-05-01,08G,0.0,0.0
2026-02-01,08G,0.0,0.0
2022-03-01,08J,0.0,0.0
2022-11-01,08K,0.0,0.0
2025-06-01,08L,0.0,0.0
2023-11-01,08L,0.0,0.0
2021-10-01,08L,0.0,0.0
2024-11-01,08N,0.0,0.0
2021-11-01,08Q,0.0,0.0
2024-11-01,08Q,0.0,0.0
2023-12-01,08Q,0.0,0.0
2021-07-01,08Q,0.0,0.0
2021-08-01,08R,0.0,0.0
2023-06-01,08T,0.0,0.0
2024-02-01,08W,0.0,0.0
2025-03-01,08W,0.0,0.0
2022-10-01,08W,0.0,0.0
2023-11-01,08W,0.0,0.0
2022-11-01,08X,0.0,0.0
2021-11-01,08Y,0.0,0.0
2023-06-01,08Y,0.0,0.0
2023-03-01,09A,0.0,0.0
2024-04-01,09C,0.0,0.0
2024-10-01,09E,0.0,0.0
2022-04-01,09E,0.0,0.0
2023-02-01,09E,0.0,0.0
2024-07-01,09F,0.0,0.0
2022-05-01,09F,0.0,0.0
2024-05-01,09F,0.0,0.0
2022-05-01,09G,0.0,0.0
2025-08-01,09J,0.0,0.0
2025-12-01,09L,0.0,0.0
2022-05-01,09L,0.0,0.0
2021-06-01,09L,0.0,0.0
2021-11-01,09P,0.0,0.0
2023-05-01,09P,0.0,0.0
2022-02-01,09P,0.0,0.0
2025-02-01,09W,0.0,0.0
2025-08-01,10A,0.0,0.0
2023-12-01,10A,0.0,0.0
2021-12-01,10C,0.0,0.0
2022-07-01,10D,0.0,0.0
2022-01-01,10E,0.0,0.0
2026-03-01,10J,0.0,0.0
2026-04-01,10K,0.0,0.0
2022-02-01,10L,0.0,0.0
2026-05-01,10L,0.0,0.0
2024-02-01,10M,0.0,0.0
2021-08-01,10M,0.0,0.0
2021-07-01,10V,0.0,0.0
2025-12-01,10V,0.0,0.0
2021-09-01,10X,0.0,0.0
2024-10-01,10X,0.0,0.0
2023-03-01,11A,0.0,0.0
2024-02-01,11E,0.0,0.0
2023-05-01,11E,0.0,0.0
2025-03-01,11H,0.0,0.0
2025-09-01,11T,0.0,0.0
2021-07-01,99D,0.0,0.0
2022-06-01,99M,0.0,0.0
2025-03-01,99M,0.0,0.0
2021-09-01,99N,0.0,0.0
2025-02-01,99Q,0.0,0.0
2024-07-01,D4U1Y,0.0,0.0
2023-06-01,01G,8.17974,310.73400000000004
2023-06-01,03H,3.07045,172.81900000000002
2025-10-01,03N,62.38326000000001,640.1659999999997
2026-05-01,06Q,5.88449,426.591
2022-03-01,15A,3.81853,568.374
2022-03-01,15C,5.43637,1059.6370000000002
2024-01-01,15M,11.29901,1131.412
2022-12-01,15M,18.69626,1117.511
2026-02-01,18C,4.91514,834.3070000000001
2026-05-01,18C,4.91531,833.0809999999998
2026-01-01,36J,5.89676,668.7090000000001
2023-02-01,70F,5.63714,930.4859999999999
2025-03-01,78H,8.82807,849.6169999999996
2021-07-01,84H,7.60303,558.102
2023-02-01,93C,5.98703,1778.5830000000008
2025-03-01,M1J4Y,71.61401,1146.9860000000006
2025-01-01,W2U3Z,11.77897,2902.240000000003
2023-09-01,W2U3Z,38.77536,2851.012999999996
2021-08-01,00L,0.0,332.393
2021-09-01,00N,0.0,158.76600000000002
2023-05-01,00Q,0.0,183.18700000000004
2021-11-01,00R,0.0,175.469
2025-03-01,00R,0.0,178.796
2026-04-01,00X,0.0,195.29399999999998
2023-07-01,00X,0.0,190.29199999999997
2021-10-01,00Y,0.0,261.501
2023-06-01,00Y,0.0,264.95400000000006
2025-06-01,01E,0.0,235.64
2025-09-01,01E,0.0,236.276
2025-06-01,01F,0.0,136.616
2025-05-01,01G,0.0,322.80800000000005
2024-10-01,01G,0.0,320.924
2021-08-01,01G,0.0,293.484
2025-07-01,01J,0.0,174.07799999999997
2023-11-01,01J,0.0,171.49899999999997
2024-03-01,01J,0.0,172.007
2024-07-01,01K,0.0,356.234
2021-08-01,01V,0.0,126.21499999999999
2022-08-01,01W,0.0,321.95500000000004
2024-05-01,01W,0.0,327.4310000000001
2023-04-01,01X,0.0,200.66099999999997
2022-04-01,01Y,0.0,220.57699999999994
2022-01-01,01Y,0.0,220.00000000000003
2026-02-01,01Y,0.0,228.93199999999996
2023-08-01,02A,0.0,248.48000000000002
2026-05-01,02E,0.0,230.029
2024-05-01,02G,0.0,117.64800000000002
2024-11-01,02G,0.0,118.19200000000002
2023-10-01,02M,0.0,185.14400000000003
2025-10-01,02P,0.0,270.7730000000001
2022-07-01,02Q,0.0,122.61599999999999
2023-12-01,02Q,0.0,125.753
2023-07-01,02T,0.0,223.762
2022-03-01,02T,0.0,222.38600000000002
2025-04-01,02T,0.0,225.72299999999998
2024-11-01,02X,0.0,339.56100000000004
2024-06-01,02X,0.0,337.82699999999994
2025-02-01,02X,0.0,340.052
2025-06-01,02Y,0.0,318.57000000000005
2021-08-01,03H,0.0,171.06400000000002
2024-04-01,03K,0.0,184.77700000000004
2022-04-01,03K,0.0,183.81599999999997
2024-09-01,03Q,0.0,250.32299999999995
2022-02-01,03R,0.0,388.0829999999999
2022-10-01,03R,0.0,390.56200000000007
2024-05-01,03R,0.0,397.57600000000014
2021-08-01,03R,0.0,386.718
2024-03-01,03R,0.0,396.669
2025-06-01,03R,0.0,400.025
2023-04-01,04C,0.0,437.21699999999987
2025-02-01,04C,0.0,450.439
2022-03-01,04V,0.0,408.75799999999987
2025-07-01,05G,0.0,230.90899999999996
2023-11-01,05G,0.0,230.917
2025-10-01,05Q,0.0,224.10899999999998
2023-06-01,05V,0.0,154.18499999999997
2025-04-01,05W,0.0,300.63200000000006
2022-09-01,05W,0.0,298.98999999999995
2024-02-01,06H,0.0,1045.978
2023-08-01,06H,0.0,1038.1129999999996
2024-09-01,06H,0.0,1050.2569999999998
2026-01-01,06K,0.0,637.6220000000001
2023-05-01,06L,0.0,413.4550000000001
2022-05-01,06Q,0.0,405.78900000000004
2021-12-01,06Q,0.0,404.09899999999993
2026-04-01,07H,0.0,337.29600000000005
2024-01-01,10R,0.0,235.817
2023-12-01,10R,0.0,235.67900000000003
2026-02-01,11J,0.0,829.7140000000002
2023-08-01,11N,0.0,601.3709999999999
2024-02-01,11N,0.0,603.4559999999999
2025-05-01,11X,0.0,607.987
2024-12-01,13T,0.0,561.1750000000001
2024-08-01,14Y,0.0,593.9069999999999
2025-09-01,14Y,0.0,598.8180000000001
2025-10-01,15A,0.0,590.1820000000001
2026-05-01,15A,0.0,585.9200000000001
2023-08-01,15C,0.0,1075.3549999999998
2023-08-01,15F,0.0,921.3679999999999
2024-08-01,15F,0.0,936.311
2021-06-01,15F,0.0,898.0770000000005
2025-02-01,15N,0.0,1298.0140000000004
2025-01-01,15N,0.0,1298.178
2023-09-01,16C,0.0,727.7520000000003
2023-11-01,18C,0.0,826.8870000000003
2025-09-01,26A,0.0,1101.5460000000005
2022-03-01,36J,0.0,649.1300000000001
2023-09-01,36J,0.0,660.2600000000001
2024-07-01,36L,0.0,1769.7909999999995
2023-05-01,42D,0.0,560.234
2023-03-01,42D,0.0,559.6870000000001
2026-04-01,52R,0.0,1153.89
2026-03-01,52R,0.0,1154.7900000000002
2025-02-01,71E,0.0,824.9879999999999
2023-08-01,71E,0.0,816.2009999999998
2023-12-01,84H,0.0,566.7830000000001
2022-11-01,92A,0.0,1282.2389999999994
2024-04-01,92A,0.0,1296.1800000000003
2022-04-01,93C,0.0,1748.3369999999998
2024-02-01,97R,0.0,574.7199999999999
2025-09-01,97R,0.0,577.6990000000001
2026-05-01,99A,0.0,599.0540000000003
2024-05-01,99C,0.0,227.69900000000004
2022-07-01,99E,0.0,286.653
2024-05-01,99G,0.0,194.99900000000002
2023-03-01,D2P2L,0.0,1303.6469999999995
2024-02-01,D9Y0V,0.0,1917.2589999999998
2022-01-01,M1J4Y,0.0,1072.1619999999998
2023-12-01,M2L0M,0.0,529.7579999999999
2025-09-01,00J,0.0,0.0
2023-05-01,00J,0.0,0.0
2023-01-01,00J,0.0,0.0
2022-12-01,00J,0.0,0.0
2026-06-01,00K,0.0,0.0
2025-08-01,01R,0.0,0.0
2024-04-01,02F,0.0,0.0
2025-07-01,02R,0.0,0.0
2023-07-01,02R,0.0,0.0
2025-04-01,02R,0.0,0.0
2022-08-01,02R,0.0,0.0
2025-09-01,02V,0.0,0.0
2023-05-01,02W,0.0,0.0
2026-03-01,03J,0.0,0.0
2025-10-01,03M,0.0,0.0
2023-02-01,03M,0.0,0.0
2023-08-01,03T,0.0,0.0
2025-04-01,03T,0.0,0.0
2021-12-01,04D,0.0,0.0
2025-07-01,04E,0.0,0.0
2021-07-01,04G,0.0,0.0
2024-08-01,04G,0.0,0.0
2023-06-01,04J,0.0,0.0
2022-05-01,04J,0.0,0.0
2024-10-01,04M,0.0,0.0
2024-02-01,04M,0.0,0.0
2021-08-01,04M,0.0,0.0
2026-06-01,04M,0.0,0.0
2025-04-01,04Q,0.0,0.0
2024-08-01,05A,0.0,0.0
2021-10-01,05A,0.0,0.0
2024-02-01,05C,0.0,0.0
2021-11-01,05C,0.0,0.0
2026-03-01,05N,0.0,0.0
2023-03-01,05R,0.0,0.0
2023-03-01,05T,0.0,0.0
2026-02-01,05X,0.0,0.0
2024-04-01,05Y,0.0,0.0
2024-12-01,06A,0.0,0.0
2023-03-01,06A,0.0,0.0
2024-08-01,06A,0.0,0.0
2023-10-01,06M,0.0,0.0
2023-01-01,06M,0.0,0.0
2024-06-01,06P,0.0,0.0
2023-12-01,06W,0.0,0.0
2024-08-01,07M,0.0,0.0
2024-01-01,07M,0.0,0.0
2022-08-01,07N,0.0,0.0
2024-03-01,07N,0.0,0.0
2025-07-01,07P,0.0,0.0
2025-04-01,07P,0.0,0.0
2026-05-01,07R,0.0,0.0
2024-05-01,07R,0.0,0.0
2024-07-01,07R,0.0,0.0
2026-04-01,07R,0.0,0.0
2021-12-01,07R,0.0,0.0
2023-09-01,07V,0.0,0.0
2022-06-01,07Y,0.0,0.0
2025-12-01,08C,0.0,0.0
2023-12-01,08D,0.0,0.0
2025-09-01,08F,0.0,0.0
2023-11-01,08G,0.0,0.0
2025-01-01,08G,0.0,0.0
2022-12-01,08G,0.0,0.0
2025-12-01,08G,0.0,0.0
2021-09-01,08H,0.0,0.0
2021-07-01,08J,0.0,0.0
2021-12-01,08L,0.0,0.0
2023-04-01,08L,0.0,0.0
2021-12-01,08M,0.0,0.0
2026-06-01,08M,0.0,0.0
2022-12-01,08N,0.0,0.0
2024-06-01,08N,0.0,0.0
2025-03-01,08Q,0.0,0.0
2022-10-01,08R,0.0,0.0
2026-03-01,08R,0.0,0.0
2023-05-01,08T,0.0,0.0
2025-03-01,08V,0.0,0.0
2022-01-01,08V,0.0,0.0
2024-09-01,08V,0.0,0.0
2026-05-01,08W,0.0,0.0
2023-12-01,08W,0.0,0.0
2022-02-01,08W,0.0,0.0
2025-11-01,08W,0.0,0.0
2024-02-01,08X,0.0,0.0
2025-10-01,08X,0.0,0.0
2021-10-01,08Y,0.0,0.0
2021-12-01,09A,0.0,0.0
2021-11-01,09A,0.0,0.0
2024-03-01,09E,0.0,0.0
2025-06-01,09F,0.0,0.0
2023-02-01,09F,0.0,0.0
2022-06-01,09J,0.0,0.0
2025-02-01,09P,0.0,0.0
2025-11-01,09P,0.0,0.0
2022-09-01,09W,0.0,0.0
2021-09-01,09Y,0.0,0.0
2023-06-01,09Y,0.0,0.0
2023-09-01,09Y,0.0,0.0
2023-03-01,09Y,0.0,0.0
2025-01-01,10A,0.0,0.0
2025-09-01,10A,0.0,0.0
2023-10-01,10C,0.0,0.0
2021-07-01,10C,0.0,0.0
2022-09-01,10D,0.0,0.0
2021-08-01,10E,0.0,0.0
2024-08-01,10E,0.0,0.0
2022-12-01,10J,0.0,0.0
2025-08-01,10J,0.0,0.0
2023-10-01,10K,0.0,0.0
2025-10-01,10L,0.0,0.0
2026-01-01,10L,0.0,0.0
2025-03-01,10W,0.0,0.0
2022-01-01,10X,0.0,0.0
2021-12-01,10X,0.0,0.0
2023-09-01,11E,0.0,0.0
2023-11-01,11E,0.0,0.0
2023-05-01,11H,0.0,0.0
2025-07-01,11T,0.0,0.0
2023-06-01,11T,0.0,0.0
2025-06-01,11T,0.0,0.0
2023-10-01,12D,0.0,0.0
2025-02-01,15D,0.0,0.0
2024-03-01,15D,0.0,0.0
2025-03-01,15D,0.0,0.0
2025-04-01,99H,0.0,0.0
2025-03-01,99J,0.0,0.0
2021-07-01,99K,0.0,0.0
2023-04-01,99M,0.0,0.0
2022-02-01,99N,0.0,0.0
2022-09-01,99P,0.0,0.0
2025-03-01,99Q,0.0,0.0
2024-04-01,D4U1Y,0.0,0.0
2023-12-01,01H,4.093,334.108
2024-11-01,01W,6.10181,328.962
2026-03-01,03N,49.127889999999994,635.6519999999997
2025-02-01,03N,33.02044,641.0199999999999
2022-02-01,03N,97.87257,619.6070000000003
2024-01-01,11J,31.738839999999996,830.71
2023-01-01,11J,8.44461,824.754
2024-05-01,11J,28.886400000000002,832.3589999999999
2025-03-01,13T,5.88318,561.3240000000001
2026-04-01,15E,5.89682,1641.392000000001
2023-07-01,15E,6.1016,1601.6879999999994
2021-06-01,71E,19.59268,799.6699999999995
2022-05-01,91Q,295.06918,1966.3160000000005
2026-05-01,91Q,4.91531,2041.5039999999995
2022-05-01,92G,15.24236,981.3500000000001
2021-08-01,92G,15.20572,972.9230000000007
2021-12-01,99A,24.95093,564.4279999999999
2025-08-01,99A,25.5116,597.4639999999998
2024-10-01,B2M3M,6.35866,1115.9370000000001
2022-11-01,M1J4Y,7.62297,1090.3809999999999
2024-05-01,M1J4Y,4.13549,1134.774
2022-03-01,W2U3Z,13.18431,2765.2170000000037
2023-01-01,X2C4Y,0.45906,453.491
2026-02-01,00L,0.0,344.39200000000005
2025-11-01,00P,0.0,295.684
2025-06-01,00Q,0.0,188.05999999999997
2026-06-01,00Q,0.0,188.26199999999997
2025-04-01,00R,0.0,178.776
2023-10-01,00R,0.0,178.293
2025-05-01,00T,0.0,334.1109999999999
2023-06-01,00T,0.0,325.222
2023-04-01,00V,0.0,209.71700000000004
2024-01-01,00Y,0.0,267.243
2021-12-01,00Y,0.0,261.807
2024-06-01,01D,0.0,250.586
2024-03-01,01E,0.0,230.14199999999997
2024-11-01,01E,0.0,233.306
2022-11-01,01E,0.0,224.241
2023-07-01,01E,0.0,227.06400000000002
2025-11-01,01G,0.0,326.05300000000005
2026-06-01,01J,0.0,174.30100000000002
2024-06-01,01K,0.0,356.352
2023-08-01,01K,0.0,355.22300000000007
2024-02-01,01K,0.0,356.09000000000003
2022-07-01,01K,0.0,354.46999999999997
2022-02-01,01T,0.0,156.98599999999996
2022-11-01,01T,0.0,157.605
2021-09-01,01V,0.0,126.27899999999998
2025-12-01,01V,0.0,128.96200000000002
2021-06-01,01W,0.0,318.39200000000005
2025-04-01,01W,0.0,329.2829999999999
2024-04-01,01X,0.0,201.93699999999998
2025-04-01,01X,0.0,203.72100000000006
2025-05-01,01X,0.0,203.836
2024-04-01,01Y,0.0,225.651
2022-11-01,02A,0.0,247.43600000000004
2024-07-01,02E,0.0,229.86800000000005
2024-10-01,02H,0.0,351.02200000000005
2024-05-01,02H,0.0,349.1879999999999
2026-03-01,02H,0.0,352.3089999999999
2025-04-01,02M,0.0,187.46300000000002
2024-07-01,02Q,0.0,126.94300000000001
2021-07-01,02T,0.0,222.45699999999994
2023-11-01,02T,0.0,224.23200000000003
2024-09-01,02T,0.0,225.445
2022-01-01,02X,0.0,327.561
2023-05-01,02X,0.0,332.067
2022-06-01,02Y,0.0,308.38500000000005
2024-03-01,03F,0.0,314.57699999999994
2023-10-01,03F,0.0,311.995
2021-12-01,03H,0.0,171.45299999999997
2022-02-01,03W,0.0,351.102
2023-11-01,03W,0.0,357.399
2025-06-01,04C,0.0,449.37399999999997
2025-09-01,04C,0.0,447.78600000000006
2021-07-01,04C,0.0,422.43699999999995
2026-04-01,04V,0.0,425.40199999999993
2021-08-01,04V,0.0,404.415
2023-01-01,04V,0.0,413.86
2024-10-01,04V,0.0,421.526
2026-05-01,04V,0.0,425.257
2026-06-01,05D,0.0,154.74099999999996
2023-03-01,05D,0.0,150.55700000000002
2023-08-01,05G,0.0,230.37400000000002
2021-10-01,05V,0.0,151.477
2024-09-01,05V,0.0,156.18099999999998
2022-11-01,05W,0.0,300.00500000000005
2023-10-01,05W,0.0,293.8179999999999
2021-07-01,05W,0.0,296.5489999999999
2021-10-01,05W,0.0,296.761
2021-07-01,06K,0.0,614.7159999999998
2022-03-01,06L,0.0,410.12499999999994
2024-04-01,06L,0.0,416.3599999999999
2022-06-01,06N,0.0,670.7200000000001
2026-06-01,06N,0.0,690.1429999999998
2024-05-01,06Q,0.0,418.6059999999999
2024-04-01,06Q,0.0,418.09599999999995
2022-07-01,07H,0.0,325.37600000000003
2025-03-01,07H,0.0,336.02700000000004
2023-01-01,09D,0.0,331.82400000000007
2024-08-01,09D,0.0,332.5089999999999
2024-01-01,09D,0.0,332.99800000000005
2021-08-01,11M,0.0,669.8750000000002
2023-11-01,11M,0.0,687.341
2026-04-01,11M,0.0,698.3459999999999
2026-02-01,11N,0.0,605.1610000000003
2022-07-01,12F,0.0,340.0730000000001
2024-06-01,14Y,0.0,591.9830000000002
2022-09-01,14Y,0.0,581.9729999999998
2021-06-01,14Y,0.0,574.3239999999998
2021-11-01,15A,0.0,564.952
2025-12-01,15C,0.0,1099.7969999999998
2023-04-01,15C,0.0,1071.9519999999998
2022-06-01,15C,0.0,1061.5400000000004
2024-10-01,15F,0.0,940.7559999999997
2022-07-01,15F,0.0,909.4680000000002
2023-11-01,15N,0.0,1291.3180000000002
2023-02-01,16C,0.0,723.9069999999998
2026-03-01,16C,0.0,740.4439999999995
2024-01-01,26A,0.0,1093.9679999999996
2022-07-01,27D,0.0,799.4229999999999
2025-11-01,52R,0.0,1158.9860000000006
2023-09-01,52R,0.0,1131.8509999999994
2024-12-01,70F,0.0,946.6860000000001
2022-06-01,71E,0.0,806.5899999999999
2023-07-01,71E,0.0,815.4129999999999
2023-02-01,72Q,0.0,2072.705999999999
2024-09-01,72Q,0.0,2115.723
2026-02-01,92A,0.0,1300.572
2024-10-01,92G,0.0,1009.314
2024-09-01,97R,0.0,577.002
2022-12-01,99C,0.0,225.30300000000003
2024-06-01,99E,0.0,293.56299999999993
2022-08-01,99E,0.0,287.03800000000007
2023-02-01,99F,0.0,186.93400000000005
2025-06-01,A3A8R,0.0,2479.336999999999
2024-10-01,A3A8R,0.0,2455.1539999999995
2022-10-01,D9Y0V,0.0,1904.8179999999988
2022-05-01,M1J4Y,0.0,1078.9919999999997
2023-11-01,M2L0M,0.0,529.0580000000001
2023-10-01,M2L0M,0.0,528.348
2023-09-01,U2G6B,0.0,489.50499999999994
2022-02-01,00D,0.0,0.0
2024-11-01,00J,0.0,0.0
2021-07-01,00J,0.0,0.0
2024-03-01,00J,0.0,0.0
2022-04-01,00K,0.0,0.0
2025-10-01,00M,0.0,0.0
2024-10-01,00M,0.0,0.0
2026-02-01,00M,0.0,0.0
2022-05-01,00M,0.0,0.0
2022-08-01,01R,0.0,0.0
2021-10-01,01R,0.0,0.0
2021-07-01,02F,0.0,0.0
2025-05-01,02R,0.0,0.0
2026-03-01,02V,0.0,0.0
2025-03-01,02W,0.0,0.0
2025-10-01,02W,0.0,0.0
2022-05-01,03A,0.0,0.0
2021-10-01,03J,0.0,0.0
2022-07-01,03J,0.0,0.0
2024-12-01,03M,0.0,0.0
2022-02-01,03M,0.0,0.0
2025-02-01,03T,0.0,0.0
2023-07-01,04E,0.0,0.0
2024-06-01,04H,0.0,0.0
2025-11-01,04H,0.0,0.0
2025-09-01,04H,0.0,0.0
2021-09-01,04H,0.0,0.0
2025-02-01,04M,0.0,0.0
2021-10-01,04R,0.0,0.0
2024-05-01,04X,0.0,0.0
2024-10-01,05C,0.0,0.0
2025-11-01,05H,0.0,0.0
2025-01-01,05H,0.0,0.0
2023-07-01,05L,0.0,0.0
2025-09-01,05L,0.0,0.0
2025-12-01,05N,0.0,0.0
2025-02-01,05N,0.0,0.0
2023-05-01,05R,0.0,0.0
2024-06-01,05T,0.0,0.0
2022-03-01,05X,0.0,0.0
2022-08-01,05X,0.0,0.0
2025-07-01,05X,0.0,0.0
2024-02-01,05X,0.0,0.0
2023-11-01,05Y,0.0,0.0
2024-12-01,05Y,0.0,0.0
2024-09-01,06A,0.0,0.0
2024-01-01,06D,0.0,0.0
2025-08-01,06D,0.0,0.0
2024-07-01,06D,0.0,0.0
2022-04-01,06F,0.0,0.0
2023-07-01,06M,0.0,0.0
2024-07-01,07L,0.0,0.0
2023-09-01,07M,0.0,0.0
2022-03-01,07P,0.0,0.0
2024-12-01,07P,0.0,0.0
2025-07-01,07R,0.0,0.0
2021-09-01,07R,0.0,0.0
2025-01-01,07T,0.0,0.0
2025-09-01,07T,0.0,0.0
2022-09-01,07T,0.0,0.0
2022-02-01,07W,0.0,0.0
2023-12-01,07X,0.0,0.0
2025-12-01,07X,0.0,0.0
2022-03-01,07X,0.0,0.0
2025-08-01,08A,0.0,0.0
2024-01-01,08C,0.0,0.0
2023-07-01,08E,0.0,0.0
2022-05-01,08F,0.0,0.0
2026-05-01,08F,0.0,0.0
2024-03-01,08H,0.0,0.0
2021-08-01,08H,0.0,0.0
2021-12-01,08J,0.0,0.0
2022-07-01,08K,0.0,0.0
2026-04-01,08L,0.0,0.0
2022-06-01,08M,0.0,0.0
2024-06-01,08M,0.0,0.0
2022-04-01,08M,0.0,0.0
2021-09-01,08M,0.0,0.0
2024-06-01,08T,0.0,0.0
2022-04-01,08T,0.0,0.0
2022-03-01,08V,0.0,0.0
2023-01-01,08X,0.0,0.0
2024-08-01,08Y,0.0,0.0
2022-06-01,09A,0.0,0.0
2023-10-01,09A,0.0,0.0
2025-06-01,09A,0.0,0.0
2024-12-01,09L,0.0,0.0
2021-08-01,09W,0.0,0.0
2022-08-01,09Y,0.0,0.0
2024-05-01,09Y,0.0,0.0
2024-03-01,10A,0.0,0.0
2025-06-01,10C,0.0,0.0
2025-12-01,10C,0.0,0.0
2024-12-01,10C,0.0,0.0
2022-02-01,10D,0.0,0.0
2025-10-01,10D,0.0,0.0
2021-06-01,10E,0.0,0.0
2022-01-01,10J,0.0,0.0
2024-05-01,10J,0.0,0.0
2022-07-01,10K,0.0,0.0
2022-03-01,10L,0.0,0.0
2023-02-01,10L,0.0,0.0
2025-11-01,10L,0.0,0.0
2026-03-01,10M,0.0,0.0
2023-03-01,10M,0.0,0.0
2025-01-01,10V,0.0,0.0
2025-11-01,10X,0.0,0.0
2024-11-01,10X,0.0,0.0
2025-09-01,11A,0.0,0.0
2025-06-01,11A,0.0,0.0
2022-08-01,11T,0.0,0.0
2026-03-01,11T,0.0,0.0
2023-04-01,11T,0.0,0.0
2021-09-01,12D,0.0,0.0
2025-03-01,13P,0.0,0.0
2021-08-01,15D,0.0,0.0
2022-05-01,99D,0.0,0.0
2021-08-01,99H,0.0,0.0
2023-01-01,99H,0.0,0.0
2024-03-01,99H,0.0,0.0
2023-11-01,99J,0.0,0.0
2024-12-01,99J,0.0,0.0
2024-01-01,99K,0.0,0.0
2023-07-01,99M,0.0,0.0
2022-03-01,99N,0.0,0.0
2023-07-01,99Q,0.0,0.0
2022-09-01,D4U1Y,0.0,0.0
2021-06-01,00T,2.97366,317.64399999999995
2021-06-01,00V,7.59248,207.89999999999998
2023-05-01,01G,16.37258,310.11899999999997
2024-02-01,01H,4.10196,334.3160000000001
2025-05-01,01H,4.42054,336.96200000000016
2022-09-01,03N,130.22797,618.6660000000003
2023-07-01,11J,8.15622,825.8939999999999
2022-09-01,11N,3.81655,598.7149999999999
2024-05-01,15E,3.03346,1632.4240000000004
2025-09-01,15E,11.79236,1647.326
2024-10-01,36L,4.13557,1771.8319999999999
2026-02-01,84H,4.42107,571.6019999999997
2025-05-01,91Q,9.335090000000001,2038.583000000001
2024-12-01,92G,3.09987,1012.5479999999999
2022-02-01,99G,2.821,190.413
2025-02-01,A3A8R,6.35822,2473.9570000000012
2024-11-01,D2P2L,3.03335,1339.7869999999996
2022-12-01,U2G6B,15.2324,464.898
2022-12-01,W2U3Z,11.20284,2820.5479999999993
2021-12-01,00L,0.0,332.994
2021-09-01,00L,0.0,332.718
2026-05-01,00P,0.0,294.96099999999996
2021-11-01,00Q,0.0,180.71699999999998
2024-01-01,00Q,0.0,185.349
2026-06-01,00R,0.0,177.325
2024-09-01,00T,0.0,333.03599999999994
2021-12-01,00T,0.0,319.0270000000002
2025-10-01,00X,0.0,194.85599999999997
2025-12-01,00X,0.0,194.98800000000003
2022-11-01,00X,0.0,189.16500000000002
2024-07-01,00Y,0.0,269.549
2023-09-01,01E,0.0,227.361
2026-06-01,01F,0.0,135.80400000000003
2024-11-01,01F,0.0,136.747
2022-02-01,01F,0.0,135.233
2021-11-01,01G,0.0,297.65999999999997
2024-05-01,01J,0.0,172.54900000000004
2023-07-01,01J,0.0,171.01999999999995
2024-04-01,01K,0.0,355.83399999999995
2023-10-01,01T,0.0,158.737
2021-10-01,01V,0.0,126.40700000000001
2026-02-01,01V,0.0,128.883
2025-07-01,01V,0.0,128.818
2023-01-01,01V,0.0,126.96700000000001
2023-11-01,01W,0.0,326.14400000000006
2025-05-01,02A,0.0,249.411
2025-02-01,02A,0.0,249.54700000000003
2023-05-01,02E,0.0,226.48900000000006
2024-06-01,02E,0.0,229.61299999999997
2023-09-01,02E,0.0,227.92899999999997
2025-01-01,02G,0.0,118.32999999999998
2022-11-01,02H,0.0,340.59399999999994
2022-07-01,02M,0.0,182.99699999999996
2024-10-01,02Q,0.0,127.598
2025-12-01,02Q,0.0,129.011
2025-08-01,02X,0.0,341.08099999999996
2021-09-01,02X,0.0,327.061
2025-05-01,03F,0.0,314.704
2023-11-01,03L,0.0,271.801
2021-10-01,03Q,0.0,248.024
2023-02-01,03R,0.0,391.678
2024-08-01,03R,0.0,398.91999999999985
2024-08-01,04V,0.0,420.36
2026-03-01,04V,0.0,425.40900000000005
2025-12-01,04V,0.0,425.392
2026-05-01,05G,0.0,230.78000000000003
2023-04-01,05G,0.0,218.62799999999996
2021-06-01,05Q,0.0,216.55300000000003
2021-06-01,05W,0.0,296.509
2024-10-01,05W,0.0,299.3100000000001
2024-05-01,06H,0.0,1048.2609999999997
2023-01-01,06H,0.0,1029.644
2024-12-01,06K,0.0,635.3829999999999
2022-08-01,06K,0.0,617.9390000000001
2024-11-01,06K,0.0,635.1719999999998
2022-04-01,06Q,0.0,405.3610000000001
2023-03-01,06T,0.0,370.58900000000006
2024-09-01,06T,0.0,377.21999999999997
2024-06-01,07K,0.0,278.4220000000001
2026-06-01,09D,0.0,323.82099999999997
2022-04-01,09D,0.0,329.6550000000001
2023-02-01,09D,0.0,331.83100000000013
2024-01-01,10Q,0.0,817.6030000000002
2022-04-01,10Q,0.0,794.7859999999998
2024-12-01,10R,0.0,235.99800000000005
2025-11-01,11J,0.0,831.8509999999999
2023-10-01,11M,0.0,686.7200000000001
2023-07-01,11N,0.0,600.9930000000002
2025-11-01,14L,0.0,759.7229999999998
2023-12-01,14L,0.0,733.6319999999998
2023-03-01,14Y,0.0,583.5330000000001
2023-05-01,14Y,0.0,584.4409999999997
2025-08-01,15A,0.0,590.23
2025-07-01,15C,0.0,1096.3820000000003
2025-09-01,15F,0.0,938.9560000000004
2022-03-01,16C,0.0,717.4539999999997
2022-09-01,18C,0.0,819.6100000000002
2023-05-01,26A,0.0,1088.3080000000002
2026-03-01,26A,0.0,1100.1989999999998
2025-03-01,26A,0.0,1100.1560000000004
2022-03-01,27D,0.0,796.0979999999998
2023-06-01,42D,0.0,560.559
2025-01-01,52R,0.0,1155.074
2025-04-01,52R,0.0,1155.1560000000009
2022-03-01,52R,0.0,1119.254
2023-09-01,71E,0.0,816.6649999999998
2025-10-01,72Q,0.0,2126.2279999999996
2025-01-01,72Q,0.0,2123.9370000000013
2023-02-01,78H,0.0,822.959
2025-02-01,84H,0.0,569.7239999999999
2024-01-01,91Q,0.0,2010.299
2023-04-01,92A,0.0,1285.4330000000004
2024-09-01,92A,0.0,1301.7240000000004
2025-11-01,92A,0.0,1303.638
2022-12-01,92A,0.0,1283.4119999999996
2024-11-01,93C,0.0,1830.4289999999996
2024-09-01,93C,0.0,1814.9600000000003
2021-09-01,97R,0.0,565.445
2022-10-01,99A,0.0,570.0760000000001
2026-02-01,99E,0.0,296.032
2024-12-01,99F,0.0,188.096
2021-11-01,99G,0.0,190.33300000000006
2022-12-01,99G,0.0,190.857
2021-12-01,B2M3M,0.0,1047.254
2026-03-01,D9Y0V,0.0,1926.6080000000004
2022-03-01,M1J4Y,0.0,1075.763
2022-09-01,M1J4Y,0.0,1086.8439999999998
2025-02-01,M2L0M,0.0,536.7109999999999
2022-02-01,M2L0M,0.0,518.6579999999999
2023-09-01,X2C4Y,0.0,456.7580000000001
2025-06-01,00J,0.0,0.0
2021-11-01,00K,0.0,0.0
2024-07-01,02V,0.0,0.0
2022-01-01,02V,0.0,0.0
2021-07-01,02W,0.0,0.0
2024-09-01,02W,0.0,0.0
2024-12-01,03A,0.0,0.0
2021-07-01,03J,0.0,0.0
2023-06-01,03J,0.0,0.0
2025-06-01,03M,0.0,0.0
2024-01-01,03M,0.0,0.0
2026-05-01,03M,0.0,0.0
2025-10-01,03T,0.0,0.0
2021-07-01,03T,0.0,0.0
2026-04-01,03T,0.0,0.0
2025-05-01,03Y,0.0,0.0
2025-11-01,03Y,0.0,0.0
2022-01-01,03Y,0.0,0.0
2023-11-01,04G,0.0,0.0
2021-10-01,04H,0.0,0.0
2023-08-01,04J,0.0,0.0
2026-01-01,04J,0.0,0.0
2026-02-01,04L,0.0,0.0
2022-07-01,04M,0.0,0.0
2023-03-01,04M,0.0,0.0
2023-11-01,04R,0.0,0.0
2023-05-01,04R,0.0,0.0
2025-10-01,04X,0.0,0.0
2022-02-01,05A,0.0,0.0
2025-06-01,05F,0.0,0.0
2022-03-01,05F,0.0,0.0
2024-01-01,05H,0.0,0.0
2024-05-01,05H,0.0,0.0
2022-05-01,05L,0.0,0.0
2021-10-01,05T,0.0,0.0
2021-06-01,05Y,0.0,0.0
2025-11-01,05Y,0.0,0.0
2022-09-01,06A,0.0,0.0
2023-10-01,06A,0.0,0.0
2026-06-01,06D,0.0,0.0
2023-10-01,06F,0.0,0.0
2023-02-01,06M,0.0,0.0
2023-06-01,06P,0.0,0.0
2023-11-01,06P,0.0,0.0
2024-03-01,06W,0.0,0.0
2025-02-01,06Y,0.0,0.0
2025-08-01,07L,0.0,0.0
2024-05-01,07L,0.0,0.0
2025-12-01,07M,0.0,0.0
2022-05-01,07R,0.0,0.0
2026-01-01,07R,0.0,0.0
2024-02-01,07T,0.0,0.0
2023-11-01,07V,0.0,0.0
2025-04-01,07W,0.0,0.0
2021-06-01,07W,0.0,0.0
2024-10-01,07W,0.0,0.0
2026-01-01,08C,0.0,0.0
2022-03-01,08D,0.0,0.0
2025-05-01,08E,0.0,0.0
2021-06-01,08E,0.0,0.0
2024-07-01,08F,0.0,0.0
2021-07-01,08G,0.0,0.0
2024-11-01,08H,0.0,0.0
2025-07-01,08H,0.0,0.0
2024-04-01,08H,0.0,0.0
2026-01-01,08J,0.0,0.0
2025-10-01,08K,0.0,0.0
2025-12-01,08K,0.0,0.0
2025-02-01,08L,0.0,0.0
2022-06-01,08L,0.0,0.0
2026-01-01,08L,0.0,0.0
2025-02-01,08N,0.0,0.0
2024-12-01,08Q,0.0,0.0
2024-09-01,08Q,0.0,0.0
2024-05-01,08R,0.0,0.0
2023-10-01,08T,0.0,0.0
2024-04-01,08X,0.0,0.0
2026-03-01,08X,0.0,0.0
2025-06-01,08X,0.0,0.0
2023-04-01,08X,0.0,0.0
2022-09-01,08Y,0.0,0.0
2025-04-01,09A,0.0,0.0
2022-12-01,09C,0.0,0.0
2022-06-01,09E,0.0,0.0
2026-05-01,09F,0.0,0.0
2025-03-01,09F,0.0,0.0
2022-07-01,09F,0.0,0.0
2023-09-01,09G,0.0,0.0
2025-11-01,09J,0.0,0.0
2023-05-01,09J,0.0,0.0
2023-09-01,09L,0.0,0.0
2023-03-01,09L,0.0,0.0
2022-05-01,09P,0.0,0.0
2025-09-01,09Y,0.0,0.0
2022-12-01,10A,0.0,0.0
2026-05-01,10A,0.0,0.0
2024-11-01,10D,0.0,0.0
2021-10-01,10D,0.0,0.0
2026-05-01,10K,0.0,0.0
2025-06-01,10L,0.0,0.0
2024-10-01,10L,0.0,0.0
2022-08-01,10M,0.0,0.0
2023-11-01,10M,0.0,0.0
2021-07-01,10M,0.0,0.0
2024-10-01,10M,0.0,0.0
2023-11-01,10V,0.0,0.0
2024-12-01,10W,0.0,0.0
2024-01-01,10W,0.0,0.0
2023-02-01,10X,0.0,0.0
2021-08-01,10X,0.0,0.0
2021-09-01,11A,0.0,0.0
2024-03-01,11A,0.0,0.0
2022-10-01,11E,0.0,0.0
2024-08-01,11T,0.0,0.0
2025-07-01,12D,0.0,0.0
2024-06-01,12D,0.0,0.0
2021-10-01,13P,0.0,0.0
2023-03-01,13P,0.0,0.0
2024-09-01,13P,0.0,0.0
2024-08-01,99D,0.0,0.0
2026-01-01,99D,0.0,0.0
2021-11-01,99J,0.0,0.0
2024-06-01,99J,0.0,0.0
2021-12-01,99K,0.0,0.0
2022-05-01,99K,0.0,0.0
2023-03-01,99M,0.0,0.0
2022-03-01,99M,0.0,0.0
2024-09-01,99P,0.0,0.0
2023-01-01,99Q,0.0,0.0
2024-08-01,01H,8.27109,335.76200000000006
2025-10-01,01H,4.42071,337.61899999999997
2022-02-01,02H,5.96663,337.82700000000006
2024-11-01,02T,3.03335,225.575
2021-11-01,03L,2.8106,266.42600000000004
2024-10-01,03N,46.85019,640.972
2023-08-01,06T,3.05635,372.4189999999999
2026-06-01,11J,26.46552,826.6599999999999
2025-09-01,11J,26.46212,832.2950000000001
2021-07-01,11J,45.56858,813.7859999999998
2024-01-01,11M,9.85377,688.6809999999998
2024-12-01,36J,3.09987,670.212
2024-04-01,70F,3.09998,939.786
2025-02-01,78H,8.82815,849.5970000000002
2024-04-01,84H,8.25861,566.4920000000002
2023-02-01,84H,2.82477,563.576
2023-12-01,91Q,6.03928,2008.5280000000002
2023-09-01,99F,10.16134,187.27399999999994
2023-06-01,A3A8R,16.26838,2418.6969999999974
2023-02-01,D2P2L,2.99351,1301.5100000000004
2022-02-01,D9Y0V,5.642,1892.7730000000006
2021-06-01,M1J4Y,7.59248,1056.6159999999995
2022-11-01,U2G6B,18.21911,463.8239999999999
2022-09-01,00L,0.0,334.57499999999993
2025-10-01,00Q,0.0,188.51400000000004
2026-04-01,00V,0.0,211.72300000000004
2026-02-01,00V,0.0,212.13299999999998
2022-11-01,01A,0.0,398.3130000000001
2021-07-01,01A,0.0,392.621
2025-12-01,01E,0.0,239.544
2021-06-01,01E,0.0,217.61599999999999
2022-01-01,01E,0.0,220.319
2025-07-01,01F,0.0,136.426
2026-02-01,01F,0.0,135.91400000000002
2023-02-01,01F,0.0,134.964
2024-01-01,01F,0.0,136.05900000000003
2025-05-01,01F,0.0,136.652
2026-01-01,01G,0.0,326.0609999999998
2022-01-01,01J,0.0,169.84600000000006
2021-10-01,01K,0.0,351.38300000000004
2024-11-01,01K,0.0,356.16299999999995
2024-08-01,01T,0.0,160.42600000000002
2022-10-01,01V,0.0,127.00000000000001
2023-10-01,01V,0.0,127.432
2026-04-01,01V,0.0,128.58
2023-09-01,01W,0.0,325.63899999999995
2022-03-01,01W,0.0,320.647
2026-06-01,01W,0.0,330.5
2024-02-01,01W,0.0,326.826
2022-08-01,01X,0.0,200.62100000000004
2023-08-01,01Y,0.0,223.184
2024-11-01,02E,0.0,230.65399999999997
2025-07-01,02G,0.0,118.37
2023-02-01,02G,0.0,116.686
2025-04-01,02G,0.0,118.29499999999999
2021-12-01,02H,0.0,337.3219999999999
2025-06-01,02H,0.0,352.34600000000006
2026-01-01,02M,0.0,187.98299999999998
2024-01-01,02M,0.0,185.343
2023-12-01,02P,0.0,269.115
2023-10-01,02P,0.0,268.69
2025-12-01,02P,0.0,270.658
2026-05-01,02Q,0.0,125.334
2022-02-01,03K,0.0,183.73200000000003
2021-06-01,03L,0.0,265.2700000000001
2025-09-01,03L,0.0,276.861
2022-07-01,03L,0.0,267.57300000000004
2024-06-01,03Q,0.0,251.56799999999996
2025-08-01,03W,0.0,361.63700000000006
2024-08-01,04C,0.0,449.36999999999995
2026-06-01,04C,0.0,442.39300000000003
2023-02-01,04C,0.0,435.4910000000001
2025-05-01,04Y,0.0,140.519
2023-06-01,05D,0.0,151.11200000000002
2026-05-01,05D,0.0,155.04399999999998
2026-06-01,05G,0.0,230.53899999999996
2024-01-01,05G,0.0,231.21
2025-10-01,05G,0.0,231.37400000000002
2023-08-01,05Q,0.0,221.309
2022-11-01,05V,0.0,153.10999999999999
2024-02-01,05W,0.0,296.4939999999999
2022-01-01,05W,0.0,297.50600000000003
2021-06-01,06H,0.0,996.9649999999998
2023-10-01,06H,0.0,1039.48
2021-12-01,06K,0.0,616.2349999999999
2022-01-01,06L,0.0,409.801
2024-02-01,06N,0.0,685.7780000000001
2024-06-01,06T,0.0,376.75199999999995
2022-02-01,07G,0.0,184.316
2026-03-01,07K,0.0,280.73
2026-02-01,07K,0.0,280.71000000000004
2021-10-01,10Q,0.0,788.0740000000001
2025-11-01,10Q,0.0,833.1869999999999
2026-03-01,11M,0.0,698.235
2025-06-01,11M,0.0,697.163
2022-06-01,11M,0.0,675.9929999999998
2021-08-01,11X,0.0,591.3429999999998
2026-05-01,13T,0.0,557.9909999999999
2024-03-01,13T,0.0,556.185
2022-01-01,14L,0.0,694.27
2023-02-01,14Y,0.0,583.276
2023-12-01,15A,0.0,583.5749999999998
2025-05-01,15C,0.0,1096.876
2022-04-01,15M,0.0,1109.7640000000004
2022-05-01,16C,0.0,718.542
2023-05-01,18C,0.0,822.79
2021-09-01,18C,0.0,812.1539999999997
2023-12-01,27D,0.0,812.9219999999998
2026-02-01,27D,0.0,824.7979999999998
2023-12-01,36L,0.0,1761.2069999999997
2023-02-01,42D,0.0,559.3559999999999
2025-03-01,42D,0.0,568.4440000000001
2025-08-01,72Q,0.0,2124.282
2021-11-01,72Q,0.0,2041.6589999999994
2022-01-01,78H,0.0,809.7560000000001
2024-05-01,78H,0.0,842.1319999999997
2024-12-01,93C,0.0,1834.7040000000004
2025-08-01,97R,0.0,577.4789999999999
2021-08-01,97R,0.0,564.9879999999999
2024-05-01,97R,0.0,575.672
2022-07-01,99A,0.0,567.8889999999999
2022-01-01,99A,0.0,564.6349999999998
2024-09-01,99A,0.0,590.1699999999998
2024-07-01,99C,0.0,227.93500000000006
2024-06-01,99C,0.0,227.761
2024-01-01,B2M3M,0.0,1098.6080000000002
2022-12-01,D9Y0V,0.0,1911.4910000000002
2023-01-01,D9Y0V,0.0,1911.782
2023-08-01,M1J4Y,0.0,1112.1719999999998
2023-12-01,M1J4Y,0.0,1122.3220000000001
2022-05-01,U2G6B,0.0,458.92999999999984
2025-10-01,U2G6B,0.0,503.79400000000004
2025-10-01,W2U3Z,0.0,2932.5699999999993
2023-06-01,X2C4Y,0.0,455.70199999999994
2025-03-01,X2C4Y,0.0,462.3960000000001
2026-04-01,00D,0.0,0.0
2023-07-01,00D,0.0,0.0
2025-02-01,00J,0.0,0.0
2021-12-01,00K,0.0,0.0
2023-10-01,01R,0.0,0.0
2021-12-01,01R,0.0,0.0
2024-08-01,01R,0.0,0.0
2025-12-01,02F,0.0,0.0
2022-12-01,02R,0.0,0.0
2022-05-01,02R,0.0,0.0
2023-10-01,02R,0.0,0.0
2024-10-01,02R,0.0,0.0
2024-11-01,02V,0.0,0.0
2022-03-01,02W,0.0,0.0
2024-05-01,03A,0.0,0.0
2025-12-01,03A,0.0,0.0
2026-02-01,03J,0.0,0.0
2023-08-01,03M,0.0,0.0
2024-08-01,03M,0.0,0.0
2025-04-01,03Y,0.0,0.0
2025-05-01,04F,0.0,0.0
2021-08-01,04G,0.0,0.0
2026-03-01,04G,0.0,0.0
2022-09-01,04H,0.0,0.0
2023-10-01,04J,0.0,0.0
2026-01-01,04K,0.0,0.0
2023-04-01,04K,0.0,0.0
2022-11-01,04L,0.0,0.0
2023-04-01,04L,0.0,0.0
2024-01-01,04L,0.0,0.0
2025-06-01,04M,0.0,0.0
2022-11-01,04M,0.0,0.0
2021-07-01,04Q,0.0,0.0
2023-12-01,04Q,0.0,0.0
2024-06-01,04Q,0.0,0.0
2026-04-01,04R,0.0,0.0
2022-04-01,04R,0.0,0.0
2023-08-01,05A,0.0,0.0
2026-06-01,05C,0.0,0.0
2022-10-01,05F,0.0,0.0
2023-08-01,05H,0.0,0.0
2023-12-01,05H,0.0,0.0
2024-08-01,05H,0.0,0.0
2023-04-01,05L,0.0,0.0
2023-03-01,05L,0.0,0.0
2023-02-01,05N,0.0,0.0
2026-05-01,05X,0.0,0.0
2022-07-01,05X,0.0,0.0
2024-07-01,05Y,0.0,0.0
2022-10-01,06A,0.0,0.0
2025-01-01,06A,0.0,0.0
2025-04-01,06F,0.0,0.0
2024-07-01,06F,0.0,0.0
2024-12-01,06F,0.0,0.0
2025-09-01,06M,0.0,0.0
2023-01-01,06P,0.0,0.0
2025-04-01,06P,0.0,0.0
2023-03-01,06Y,0.0,0.0
2024-08-01,07L,0.0,0.0
2025-03-01,07L,0.0,0.0
2025-03-01,07N,0.0,0.0
2025-04-01,07N,0.0,0.0
2023-09-01,07T,0.0,0.0
2026-04-01,07T,0.0,0.0
2026-01-01,07X,0.0,0.0
2024-11-01,07Y,0.0,0.0
2025-10-01,08A,0.0,0.0
2025-03-01,08A,0.0,0.0
2026-02-01,08A,0.0,0.0
2023-06-01,08A,0.0,0.0
2025-04-01,08C,0.0,0.0
2023-10-01,08E,0.0,0.0
2023-12-01,08G,0.0,0.0
2022-12-01,08H,0.0,0.0
2023-09-01,08L,0.0,0.0
2024-01-01,08L,0.0,0.0
2023-10-01,08L,0.0,0.0
2026-03-01,08M,0.0,0.0
2022-12-01,08Q,0.0,0.0
2026-06-01,08R,0.0,0.0
2026-02-01,08R,0.0,0.0
2021-06-01,08R,0.0,0.0
2023-04-01,08T,0.0,0.0
2022-02-01,08T,0.0,0.0
2024-03-01,08W,0.0,0.0
2025-09-01,08W,0.0,0.0
2023-12-01,08X,0.0,0.0
2023-05-01,08X,0.0,0.0
2024-01-01,08Y,0.0,0.0
2024-03-01,08Y,0.0,0.0
2022-01-01,09A,0.0,0.0
2023-07-01,09A,0.0,0.0
2024-11-01,09C,0.0,0.0
2025-08-01,09C,0.0,0.0
2021-06-01,09E,0.0,0.0
2024-04-01,09E,0.0,0.0
2025-08-01,09E,0.0,0.0
2023-08-01,09F,0.0,0.0
2024-11-01,09G,0.0,0.0
2021-07-01,09J,0.0,0.0
2025-02-01,09L,0.0,0.0
2022-11-01,09P,0.0,0.0
2026-06-01,09Y,0.0,0.0
2023-07-01,10A,0.0,0.0
2023-06-01,10A,0.0,0.0
2025-07-01,10C,0.0,0.0
2021-09-01,10C,0.0,0.0
2022-12-01,10E,0.0,0.0
2023-10-01,10J,0.0,0.0
2025-06-01,10J,0.0,0.0
2022-02-01,10J,0.0,0.0
2023-02-01,10K,0.0,0.0
2025-06-01,10M,0.0,0.0
2024-12-01,10M,0.0,0.0
2022-08-01,10W,0.0,0.0
2023-02-01,10W,0.0,0.0
2024-06-01,10X,0.0,0.0
2025-12-01,11A,0.0,0.0
2022-01-01,11A,0.0,0.0
2025-02-01,11A,0.0,0.0
2021-09-01,11E,0.0,0.0
2022-12-01,11H,0.0,0.0
2026-05-01,12D,0.0,0.0
2025-06-01,12D,0.0,0.0
2025-04-01,13P,0.0,0.0
2022-02-01,15D,0.0,0.0
2026-03-01,15D,0.0,0.0
2022-11-01,99D,0.0,0.0
2023-11-01,99H,0.0,0.0
2022-05-01,99J,0.0,0.0
2025-10-01,99K,0.0,0.0
2025-12-01,99M,0.0,0.0
2026-03-01,99M,0.0,0.0
2025-06-01,99M,0.0,0.0
2022-05-01,99M,0.0,0.0
2024-09-01,99N,0.0,0.0
2026-03-01,99N,0.0,0.0
2025-12-01,99P,0.0,0.0
2024-12-01,99Q,0.0,0.0
2024-01-01,99Q,0.0,0.0
2026-01-01,99Q,0.0,0.0
2025-01-01,D4U1Y,0.0,0.0
2021-11-01,D4U1Y,0.0,0.0
2024-07-01,01G,4.13551,318.895
2021-07-01,01H,5.60746,327.77599999999995
2022-02-01,03F,5.6296,306.709
2024-01-01,03F,3.01006,314.119
2022-06-01,03F,3.81988,306.828
2022-08-01,03N,63.05324,618.5889999999998
2026-04-01,05V,6.388,156.638
2026-04-01,06H,2.94841,1055.0869999999998
2025-12-01,06K,2.9484,637.8419999999998
2023-07-01,06K,6.1016,624.6919999999999
2022-07-01,11J,5.62262,821.0820000000001
2025-05-01,11M,2.94799,696.8439999999999
2022-01-01,15A,9.4578,567.247
2025-09-01,15M,7.368779999999999,1145.059
2021-11-01,15M,34.7123,1105.8679999999997
2022-08-01,15N,9.43563,1273.264
2024-05-01,16C,4.13549,734.5279999999997
2025-12-01,18C,4.91524,835.238
2025-09-01,78H,2.94809,852.5450000000002
2026-03-01,91Q,4.4211,2041.8410000000006
2021-11-01,93C,5.60881,1732.3470000000013
2022-07-01,93C,11.4292,1753.7250000000001
2022-02-01,A3A8R,21.90854,2350.5610000000015
2021-07-01,A3A8R,2.97778,2306.9249999999975
2022-05-01,W2U3Z,14.95845,2773.224000000001
2024-02-01,W2U3Z,29.915929999999996,2885.324
2023-06-01,00N,0.0,159.281
2026-04-01,00P,0.0,295.08599999999996
2025-04-01,00Q,0.0,187.779
2026-04-01,00T,0.0,334.6870000000001
2026-02-01,00T,0.0,335.1000000000001
2024-11-01,00X,0.0,193.19400000000002
2024-01-01,00X,0.0,191.34400000000002
2025-11-01,00Y,0.0,269.221
2026-05-01,01A,0.0,410.18399999999997
2021-06-01,01D,0.0,240.25500000000002
2021-10-01,01E,0.0,218.803
2023-10-01,01F,0.0,135.993
2024-04-01,01G,0.0,316.868
2024-12-01,01J,0.0,173.69600000000003
2026-05-01,01K,0.0,353.16600000000005
2025-09-01,01T,0.0,161.74200000000002
2021-10-01,01T,0.0,156.95300000000003
2022-05-01,01W,0.0,320.8019999999999
2023-07-01,01X,0.0,201.07
2024-12-01,02A,0.0,249.45
2023-02-01,02A,0.0,248.01399999999998
2024-10-01,02G,0.0,117.82
2023-11-01,02G,0.0,117.29499999999999
2021-08-01,02H,0.0,336.20500000000004
2022-03-01,02M,0.0,182.526
2024-10-01,02M,0.0,186.844
2024-10-01,02T,0.0,225.468
2024-12-01,02T,0.0,225.67499999999998
2024-10-01,03F,0.0,314.50700000000006
2021-08-01,03K,0.0,183.16499999999996
2023-05-01,03L,0.0,269.9599999999999
2024-07-01,03L,0.0,274.09900000000005
2026-02-01,03L,0.0,277.00199999999995
2025-06-01,03L,0.0,276.225
2022-09-01,03Q,0.0,247.524
2025-01-01,03Q,0.0,253.161
2022-03-01,03W,0.0,351.707
2024-04-01,04V,0.0,419.91700000000003
2021-09-01,04V,0.0,404.5630000000002
2021-07-01,04Y,0.0,135.72
2021-12-01,05Q,0.0,217.66400000000002
2022-09-01,05Q,0.0,219.443
2023-01-01,05V,0.0,153.292
2022-06-01,05W,0.0,298.556
2023-05-01,06H,0.0,1033.643
2021-08-01,06H,0.0,1001.6300000000005
2024-07-01,06H,0.0,1049.4220000000003
2025-08-01,06K,0.0,637.1390000000001
2024-07-01,06L,0.0,417.33
2023-01-01,06L,0.0,412.79200000000014
2022-07-01,06L,0.0,411.236
2024-02-01,06T,0.0,375.50299999999993
2026-03-01,06T,0.0,381.46500000000003
2021-11-01,06T,0.0,363.51899999999995
2021-11-01,07G,0.0,183.918
2025-04-01,07H,0.0,336.23800000000006
2023-09-01,07K,0.0,275.94900000000007
2026-02-01,09D,0.0,328.3339999999999
2023-06-01,09D,0.0,330.78899999999993
2023-05-01,09D,0.0,330.84200000000004
2025-12-01,10Q,0.0,832.3339999999997
2023-03-01,10R,0.0,233.37599999999998
2024-11-01,10R,0.0,235.86999999999998
2021-09-01,10R,0.0,229.513
2022-03-01,11M,0.0,674.3670000000001
2025-11-01,11N,0.0,605.9109999999998
2025-03-01,11N,0.0,605.9739999999998
2024-04-01,11X,0.0,604.6129999999998
2025-06-01,11X,0.0,608.167
2022-09-01,13T,0.0,538.584
2024-05-01,13T,0.0,556.7229999999998
2022-01-01,13T,0.0,538.2150000000001
2025-04-01,14L,0.0,751.0260000000002
2025-06-01,14Y,0.0,596.9820000000002
2022-07-01,14Y,0.0,580.5910000000001
2023-09-01,14Y,0.0,586.862
2022-04-01,15A,0.0,568.7520000000001
2023-04-01,15A,0.0,578.48
2023-01-01,15C,0.0,1068.95
2024-09-01,15N,0.0,1293.859
2022-08-01,27D,0.0,800.5459999999998
2022-01-01,36J,0.0,647.97
2021-06-01,36J,0.0,646.063
2024-06-01,42D,0.0,564.7030000000001
2022-07-01,52R,0.0,1120.9279999999997
2025-06-01,52R,0.0,1154.4740000000002
2021-12-01,71E,0.0,803.7049999999999
2024-08-01,91Q,0.0,2027.1270000000006
2025-01-01,92A,0.0,1303.3990000000006
2025-09-01,92A,0.0,1304.985
2025-11-01,92G,0.0,1013.1539999999999
2026-05-01,92G,0.0,1010.9590000000002
2025-01-01,93C,0.0,1837.2190000000007
2022-04-01,99C,0.0,224.313
2021-08-01,99G,0.0,190.35900000000007
2025-01-01,99G,0.0,196.38799999999998
2024-05-01,M2L0M,0.0,532.793
2026-06-01,U2G6B,0.0,498.413
2026-03-01,U2G6B,0.0,500.1820000000001
2026-05-01,X2C4Y,0.0,461.35000000000014
2021-07-01,00D,0.0,0.0
2021-09-01,00J,0.0,0.0
2026-04-01,00K,0.0,0.0
2022-03-01,00M,0.0,0.0
2022-05-01,02F,0.0,0.0
2025-11-01,02R,0.0,0.0
2025-02-01,02W,0.0,0.0
2024-11-01,03A,0.0,0.0
2024-11-01,03J,0.0,0.0
2025-11-01,03J,0.0,0.0
2023-04-01,03J,0.0,0.0
2024-05-01,03J,0.0,0.0
2026-03-01,03T,0.0,0.0
2022-09-01,03Y,0.0,0.0
2023-06-01,04D,0.0,0.0
2024-09-01,04E,0.0,0.0
2023-11-01,04E,0.0,0.0
2021-12-01,04E,0.0,0.0
2022-04-01,04F,0.0,0.0
2023-08-01,04F,0.0,0.0
2022-03-01,04F,0.0,0.0
2021-09-01,04F,0.0,0.0
2023-12-01,04H,0.0,0.0
2025-06-01,04K,0.0,0.0
2025-09-01,04L,0.0,0.0
2024-01-01,04M,0.0,0.0
2022-11-01,04Q,0.0,0.0
2023-10-01,04Q,0.0,0.0
2026-03-01,04Q,0.0,0.0
2022-07-01,04Q,0.0,0.0
2023-09-01,04Q,0.0,0.0
2022-02-01,04R,0.0,0.0
2022-12-01,04R,0.0,0.0
2026-05-01,04R,0.0,0.0
2023-08-01,04R,0.0,0.0
2022-10-01,04R,0.0,0.0
2025-05-01,04X,0.0,0.0
2025-04-01,05A,0.0,0.0
2025-08-01,05A,0.0,0.0
2026-01-01,05C,0.0,0.0
2026-02-01,05L,0.0,0.0
2025-08-01,05L,0.0,0.0
2025-02-01,05R,0.0,0.0
2023-09-01,05T,0.0,0.0
2026-06-01,05T,0.0,0.0
2025-10-01,05T,0.0,0.0
2023-08-01,05X,0.0,0.0
2025-09-01,05Y,0.0,0.0
2025-05-01,06A,0.0,0.0
2023-09-01,06D,0.0,0.0
2022-09-01,06F,0.0,0.0
2021-08-01,06F,0.0,0.0
2026-03-01,06M,0.0,0.0
2025-04-01,06M,0.0,0.0
2021-10-01,06P,0.0,0.0
2023-03-01,06P,0.0,0.0
2023-08-01,06W,0.0,0.0
2025-08-01,06W,0.0,0.0
2022-05-01,07L,0.0,0.0
2023-02-01,07M,0.0,0.0
2024-12-01,07M,0.0,0.0
2024-10-01,07M,0.0,0.0
2022-02-01,07N,0.0,0.0
2025-09-01,07N,0.0,0.0
2023-10-01,07R,0.0,0.0
2024-05-01,07T,0.0,0.0
2025-06-01,07T,0.0,0.0
2024-05-01,07V,0.0,0.0
2026-04-01,07V,0.0,0.0
2025-02-01,07V,0.0,0.0
2022-06-01,07V,0.0,0.0
2025-09-01,07W,0.0,0.0
2023-11-01,07X,0.0,0.0
2023-07-01,07Y,0.0,0.0
2025-01-01,08A,0.0,0.0
2024-01-01,08D,0.0,0.0
2025-02-01,08E,0.0,0.0
2026-02-01,08F,0.0,0.0
2024-04-01,08F,0.0,0.0
2024-02-01,08F,0.0,0.0
2023-07-01,08G,0.0,0.0
2022-07-01,08G,0.0,0.0
2022-10-01,08G,0.0,0.0
2022-07-01,08H,0.0,0.0
2021-10-01,08J,0.0,0.0
2024-04-01,08J,0.0,0.0
2025-04-01,08J,0.0,0.0
2026-03-01,08J,0.0,0.0
2025-03-01,08N,0.0,0.0
2026-02-01,08N,0.0,0.0
2024-12-01,08R,0.0,0.0
2026-03-01,08T,0.0,0.0
2023-08-01,08T,0.0,0.0
2026-04-01,08T,0.0,0.0
2025-01-01,08V,0.0,0.0
2025-05-01,08V,0.0,0.0
2022-05-01,08W,0.0,0.0
2023-10-01,08X,0.0,0.0
2022-06-01,08X,0.0,0.0
2023-02-01,08X,0.0,0.0
2026-02-01,08X,0.0,0.0
2025-08-01,09A,0.0,0.0
2024-10-01,09C,0.0,0.0
2024-01-01,09C,0.0,0.0
2024-02-01,09C,0.0,0.0
2024-09-01,09G,0.0,0.0
2024-03-01,09G,0.0,0.0
2024-06-01,09G,0.0,0.0
2022-04-01,09G,0.0,0.0
2026-03-01,09J,0.0,0.0
2023-11-01,09L,0.0,0.0
2022-08-01,09L,0.0,0.0
2023-02-01,09L,0.0,0.0
2024-05-01,09L,0.0,0.0
2026-05-01,09W,0.0,0.0
2023-07-01,09Y,0.0,0.0
2025-10-01,09Y,0.0,0.0
2022-10-01,10A,0.0,0.0
2025-07-01,10D,0.0,0.0
2023-07-01,10E,0.0,0.0
2022-09-01,10E,0.0,0.0
2026-01-01,10J,0.0,0.0
2025-02-01,10J,0.0,0.0
2026-05-01,10J,0.0,0.0
2023-07-01,10K,0.0,0.0
2025-01-01,10K,0.0,0.0
2022-12-01,10M,0.0,0.0
2025-06-01,10V,0.0,0.0
2025-09-01,10W,0.0,0.0
2023-03-01,10X,0.0,0.0
2024-12-01,10X,0.0,0.0
2025-11-01,11A,0.0,0.0
2023-02-01,11E,0.0,0.0
2022-05-01,11H,0.0,0.0
2024-02-01,11T,0.0,0.0
2025-10-01,99D,0.0,0.0
2024-11-01,99J,0.0,0.0
2025-07-01,99J,0.0,0.0
2021-08-01,99J,0.0,0.0
2023-03-01,99K,0.0,0.0
2021-08-01,99M,0.0,0.0
2024-01-01,99M,0.0,0.0
2024-06-01,99M,0.0,0.0
2024-03-01,99P,0.0,0.0
2024-04-01,99Q,0.0,0.0
2026-05-01,D4U1Y,0.0,0.0
2024-03-01,D4U1Y,0.0,0.0
2025-06-01,D4U1Y,0.0,0.0
2024-06-01,D4U1Y,0.0,0.0
2023-09-01,01G,16.25823,311.836
2024-12-01,01H,8.27071,336.4049999999999
2021-08-01,01H,16.83571,328.03200000000004
2023-10-01,01W,6.01673,325.76599999999996
2025-05-01,06H,4.42054,1056.8869999999997
2026-05-01,06K,2.94844,635.9030000000001
2025-01-01,15M,49.166560000000004,1141.4220000000005
2025-10-01,91Q,9.33545,2043.1479999999988
2022-01-01,92G,70.92268999999999,978.415
2026-05-01,A3A8R,4.42122,2464.959
2025-04-01,D9Y0V,4.42053,1930.226
2025-12-01,M2L0M,2.9484,538.1120000000002
2025-04-01,W2U3Z,11.76714,2913.5470000000023
2023-07-01,W2U3Z,6.1016,2842.1489999999994
2022-01-01,W2U3Z,16.54484,2751.834999999999
2025-08-01,00L,0.0,343.19199999999995
2025-12-01,00N,0.0,159.473
2023-09-01,00R,0.0,178.24199999999996
2025-05-01,00R,0.0,178.738
2022-11-01,00R,0.0,176.82899999999998
2025-06-01,00R,0.0,178.79100000000003
2023-05-01,00T,0.0,324.30999999999995
2022-02-01,00V,0.0,208.62699999999998
2022-10-01,00Y,0.0,263.05800000000005
2022-07-01,01A,0.0,396.7770000000001
2026-06-01,01E,0.0,239.13199999999998
2024-01-01,01E,0.0,229.44400000000002
2024-08-01,01E,0.0,231.22
2022-07-01,01E,0.0,222.16500000000005
2025-08-01,01E,0.0,236.21400000000006
2025-04-01,01J,0.0,173.973
2026-04-01,01J,0.0,174.285
2025-11-01,01K,0.0,355.51500000000004
2023-03-01,01K,0.0,355.679
2023-06-01,01T,0.0,158.095
2023-02-01,01W,0.0,323.406
2024-03-01,02A,0.0,248.61099999999996
2023-06-01,02E,0.0,226.83100000000002
2022-03-01,02E,0.0,223.51700000000002
2023-06-01,02M,0.0,184.35299999999998
2025-06-01,02M,0.0,187.53000000000006
2023-03-01,02M,0.0,184.23800000000003
2024-02-01,02Q,0.0,126.02999999999999
2021-06-01,02Q,0.0,120.66799999999999
2025-03-01,02T,0.0,225.685
2025-09-01,02T,0.0,226.03500000000003
2023-07-01,02Y,0.0,312.097
2026-06-01,02Y,0.0,320.60699999999997
2025-07-01,03H,0.0,174.643
2026-05-01,03H,0.0,174.64999999999998
2024-11-01,03K,0.0,185.66600000000003
2025-01-01,03L,0.0,275.61
2022-01-01,03L,0.0,266.594
2022-05-01,03R,0.0,388.718
2022-06-01,03W,0.0,353.2869999999999
2023-07-01,04C,0.0,438.79100000000005
2021-06-01,04C,0.0,422.20300000000015
2024-11-01,04V,0.0,422.55199999999996
2024-05-01,04Y,0.0,139.86599999999999
2021-12-01,05D,0.0,147.669
2023-09-01,05G,0.0,230.42999999999995
2025-12-01,05Q,0.0,224.10399999999998
2026-01-01,05W,0.0,301.137
2024-09-01,05W,0.0,298.98100000000005
2025-08-01,05W,0.0,301.184
2023-03-01,06H,0.0,1032.3459999999998
2025-09-01,06K,0.0,637.2790000000002
2023-02-01,06K,0.0,621.4169999999998
2022-11-01,06N,0.0,674.6469999999999
2023-05-01,06N,0.0,679.066
2023-06-01,06Q,0.0,411.824
2023-03-01,06Q,0.0,410.653
2026-03-01,07H,0.0,337.464
2021-11-01,07K,0.0,270.23499999999996
2023-04-01,09D,0.0,331.192
2022-05-01,09D,0.0,329.65299999999996
2024-08-01,10Q,0.0,820.137
2024-11-01,10Q,0.0,827.1999999999998
2025-01-01,11M,0.0,696.009
2022-11-01,11M,0.0,679.9170000000001
2024-10-01,11M,0.0,694.8179999999999
2024-04-01,11M,0.0,690.6050000000001
2022-02-01,11X,0.0,594.0310000000003
2023-06-01,11X,0.0,600.972
2021-11-01,11X,0.0,593.1440000000001
2023-03-01,11X,0.0,600.0259999999998
2023-01-01,11X,0.0,599.2420000000004
2022-07-01,11X,0.0,596.3710000000001
2024-10-01,12F,0.0,345.59400000000005
2025-12-01,14Y,0.0,598.1229999999999
2021-09-01,15A,0.0,561.584
2025-03-01,15A,0.0,589.7340000000002
2023-09-01,15A,0.0,580.743
2026-01-01,15F,0.0,945.4240000000003
2022-04-01,15N,0.0,1271.2979999999995
2025-02-01,16C,0.0,739.045
2022-10-01,16C,0.0,721.0209999999997
2022-04-01,16C,0.0,718.3470000000003
2024-07-01,18C,0.0,831.1060000000002
2023-02-01,18C,0.0,821.7440000000004
2025-06-01,26A,0.0,1100.2780000000005
2025-08-01,27D,0.0,824.1959999999999
2024-07-01,42D,0.0,565.3130000000001
2024-04-01,52R,0.0,1146.197
2026-05-01,52R,0.0,1150.8229999999999
2023-03-01,52R,0.0,1136.4169999999997
2025-03-01,70F,0.0,947.8670000000003
2026-01-01,70F,0.0,951.1750000000003
2026-02-01,71E,0.0,824.9470000000005
2025-08-01,91Q,0.0,2041.7639999999994
2024-11-01,92A,0.0,1302.983
2024-06-01,92G,0.0,1006.4449999999995
2023-01-01,93C,0.0,1775.3200000000015
2024-11-01,97R,0.0,577.065
2021-11-01,99C,0.0,223.883
2025-09-01,99E,0.0,296.63300000000004
2022-11-01,99E,0.0,287.693
2025-06-01,99E,0.0,296.134
2024-08-01,99E,0.0,294.112
2023-03-01,99G,0.0,191.53199999999995
2023-02-01,B2M3M,0.0,1071.7979999999995
2024-06-01,B2M3M,0.0,1107.3750000000002
2025-12-01,M1J4Y,0.0,1149.5500000000004
2021-10-01,M2L0M,0.0,516.4519999999999
2024-02-01,M2L0M,0.0,531.1429999999999
2024-03-01,M2L0M,0.0,531.6229999999999
2022-06-01,U2G6B,0.0,459.74900000000014
2025-07-01,X2C4Y,0.0,462.515
2021-11-01,X2C4Y,0.0,448.90600000000023
2023-05-01,00D,0.0,0.0
2022-10-01,00J,0.0,0.0
2021-10-01,00J,0.0,0.0
2025-06-01,00M,0.0,0.0
2024-11-01,00M,0.0,0.0
2026-03-01,02F,0.0,0.0
2022-07-01,02F,0.0,0.0
2021-09-01,02R,0.0,0.0
2023-04-01,02R,0.0,0.0
2022-12-01,02V,0.0,0.0
2021-07-01,02V,0.0,0.0
2024-04-01,02V,0.0,0.0
2024-12-01,02V,0.0,0.0
2024-06-01,02V,0.0,0.0
2023-09-01,02V,0.0,0.0
2025-01-01,02W,0.0,0.0
2022-11-01,02W,0.0,0.0
2021-11-01,02W,0.0,0.0
2022-05-01,02W,0.0,0.0
2023-10-01,02W,0.0,0.0
2025-04-01,03A,0.0,0.0
2025-01-01,03J,0.0,0.0
2022-07-01,03M,0.0,0.0
2024-03-01,03M,0.0,0.0
2026-02-01,03M,0.0,0.0
2022-11-01,03T,0.0,0.0
2025-05-01,03T,0.0,0.0
2025-12-01,04D,0.0,0.0
2023-08-01,04E,0.0,0.0
2024-04-01,04E,0.0,0.0
2024-08-01,04E,0.0,0.0
2022-05-01,04G,0.0,0.0
2024-10-01,04H,0.0,0.0
2023-04-01,04H,0.0,0.0
2026-03-01,04J,0.0,0.0
2026-01-01,04L,0.0,0.0
2023-09-01,04M,0.0,0.0
2025-12-01,04M,0.0,0.0
2026-02-01,04M,0.0,0.0
2025-11-01,04M,0.0,0.0
2024-04-01,04R,0.0,0.0
2024-12-01,05C,0.0,0.0
2022-12-01,05F,0.0,0.0
2023-05-01,05H,0.0,0.0
2024-06-01,05L,0.0,0.0
2021-10-01,05L,0.0,0.0
2022-05-01,05N,0.0,0.0
2024-09-01,05R,0.0,0.0
2023-09-01,05R,0.0,0.0
2022-05-01,05R,0.0,0.0
2022-04-01,05X,0.0,0.0
2024-08-01,05X,0.0,0.0
2021-10-01,05X,0.0,0.0
2023-07-01,05Y,0.0,0.0
2023-06-01,06A,0.0,0.0
2023-09-01,06A,0.0,0.0
2025-10-01,06A,0.0,0.0
2024-09-01,06D,0.0,0.0
2022-03-01,06F,0.0,0.0
2023-08-01,06P,0.0,0.0
2024-05-01,06P,0.0,0.0
2022-02-01,06W,0.0,0.0
2022-03-01,06W,0.0,0.0
2025-09-01,06W,0.0,0.0
2024-07-01,06Y,0.0,0.0
2023-12-01,06Y,0.0,0.0
2022-11-01,06Y,0.0,0.0
2023-10-01,06Y,0.0,0.0
2023-02-01,07L,0.0,0.0
2021-07-01,07L,0.0,0.0
2023-01-01,07P,0.0,0.0
2025-05-01,07P,0.0,0.0
2025-11-01,07R,0.0,0.0
2023-06-01,07R,0.0,0.0
2024-10-01,07R,0.0,0.0
2024-03-01,07T,0.0,0.0
2024-07-01,07T,0.0,0.0
2022-10-01,07T,0.0,0.0
2022-10-01,07V,0.0,0.0
2026-05-01,07V,0.0,0.0
2024-06-01,07W,0.0,0.0
2026-05-01,07W,0.0,0.0
2021-08-01,07X,0.0,0.0
2022-12-01,07X,0.0,0.0
2021-10-01,08A,0.0,0.0
2026-03-01,08C,0.0,0.0
2025-01-01,08D,0.0,0.0
2022-06-01,08D,0.0,0.0
2026-06-01,08F,0.0,0.0
2022-10-01,08F,0.0,0.0
2025-04-01,08G,0.0,0.0
2021-10-01,08G,0.0,0.0
2022-06-01,08G,0.0,0.0
2023-04-01,08K,0.0,0.0
2026-05-01,08K,0.0,0.0
2022-01-01,08L,0.0,0.0
2022-02-01,08Q,0.0,0.0
2023-03-01,08R,0.0,0.0
2023-05-01,08R,0.0,0.0
2024-10-01,08R,0.0,0.0
2026-01-01,08T,0.0,0.0
2021-11-01,08V,0.0,0.0
2023-08-01,08V,0.0,0.0
2021-06-01,08X,0.0,0.0
2023-05-01,08Y,0.0,0.0
2022-11-01,08Y,0.0,0.0
2023-11-01,09A,0.0,0.0
2022-03-01,09A,0.0,0.0
2025-05-01,09A,0.0,0.0
2025-01-01,09C,0.0,0.0
2022-09-01,09C,0.0,0.0
2024-06-01,09E,0.0,0.0
2022-09-01,09F,0.0,0.0
2021-12-01,09F,0.0,0.0
2024-05-01,09J,0.0,0.0
2022-06-01,09L,0.0,0.0
2023-02-01,09W,0.0,0.0
2023-05-01,10A,0.0,0.0
2025-08-01,10C,0.0,0.0
2022-02-01,10C,0.0,0.0
2021-06-01,10D,0.0,0.0
2025-09-01,10E,0.0,0.0
2022-03-01,10J,0.0,0.0
2024-07-01,10K,0.0,0.0
2022-09-01,10V,0.0,0.0
2025-05-01,10V,0.0,0.0
2021-07-01,10W,0.0,0.0
2025-04-01,10W,0.0,0.0
2022-02-01,10X,0.0,0.0
2022-07-01,10X,0.0,0.0
2023-06-01,10X,0.0,0.0
2024-08-01,11A,0.0,0.0
2023-01-01,11E,0.0,0.0
2025-09-01,11E,0.0,0.0
2024-05-01,11E,0.0,0.0
2021-08-01,11T,0.0,0.0
2024-04-01,11T,0.0,0.0
2022-12-01,11T,0.0,0.0
2025-08-01,12D,0.0,0.0
2024-04-01,12D,0.0,0.0
2025-10-01,12D,0.0,0.0
2023-09-01,13P,0.0,0.0
2022-04-01,13P,0.0,0.0
2026-04-01,15D,0.0,0.0
2022-05-01,99H,0.0,0.0
2024-05-01,99J,0.0,0.0
2023-12-01,99J,0.0,0.0
2024-07-01,99J,0.0,0.0
2022-11-01,99K,0.0,0.0
2023-01-01,99M,0.0,0.0
2023-10-01,99M,0.0,0.0
2025-09-01,99N,0.0,0.0
2022-01-01,99P,0.0,0.0
2023-11-01,99P,0.0,0.0
2024-06-01,99Q,0.0,0.0
2023-04-01,99Q,0.0,0.0
2026-02-01,99Q,0.0,0.0
2024-09-01,D4U1Y,0.0,0.0
2022-01-01,D4U1Y,0.0,0.0
2023-03-01,00P,3.82751,289.7610000000001
2021-07-01,00V,7.60303,208.01699999999997
2025-12-01,01H,4.42116,337.70800000000014
2021-06-01,01H,5.59968,327.514
2023-10-01,01H,8.15546,333.66300000000007
2026-02-01,01W,6.38787,330.713
2025-05-01,03N,23.272019999999998,639.378
2025-08-01,05V,12.7744,157.06799999999996
2025-11-01,07H,4.42105,338.063
2021-09-01,11J,22.77932,814.8310000000002
2024-06-01,11X,4.13549,605.6790000000001
2023-10-01,14L,4.34001,725.7189999999999
2024-06-01,15E,6.13344,1634.57
2023-03-01,36J,2.82452,657.058
2023-10-01,70F,10.17876,935.4230000000001
2025-04-01,70F,5.88357,948.737
2022-10-01,70F,5.52194,927.9190000000002
2022-03-01,71E,2.8179,805.2290000000007
2023-05-01,97R,3.45899,571.5849999999999
2026-03-01,99A,6.3594,599.4830000000003
2022-05-01,99G,5.62541,190.50299999999996
2023-05-01,A3A8R,6.3029,2412.8450000000007
2023-04-01,D2P2L,29.83976,1305.3070000000007
2025-08-01,D2P2L,30.5389,1343.8220000000001
2025-02-01,W2U3Z,25.502290000000002,2902.2660000000005
2023-12-01,00L,0.0,337.82400000000007
2026-03-01,00L,0.0,344.6040000000001
2023-05-01,00N,0.0,159.16799999999998
2022-07-01,00N,0.0,158.91799999999998
2022-08-01,00Q,0.0,181.67400000000004
2024-07-01,00R,0.0,179.00099999999998
2022-10-01,00V,0.0,209.40399999999994
2021-06-01,00X,0.0,187.28100000000003
2024-10-01,00Y,0.0,269.627
2022-07-01,00Y,0.0,262.74500000000006
2022-05-01,01A,0.0,395.85000000000014
2023-01-01,01A,0.0,398.7090000000001
2024-01-01,01D,0.0,248.392
2024-12-01,01D,0.0,252.141
2021-09-01,01F,0.0,134.894
2021-06-01,01G,0.0,290.79699999999997
2021-12-01,01G,0.0,298.9210000000001
2025-09-01,01J,0.0,174.292
2026-02-01,01T,0.0,161.59599999999998
2023-11-01,01T,0.0,158.904
2024-10-01,01W,0.0,328.6050000000001
2023-01-01,01W,0.0,322.98400000000004
2021-12-01,01W,0.0,319.76700000000005
2024-03-01,01W,0.0,326.95699999999994
2023-03-01,01Y,0.0,221.58900000000003
2025-12-01,02E,0.0,230.82900000000004
2024-01-01,02G,0.0,117.365
2024-09-01,02G,0.0,117.754
2023-04-01,02M,0.0,184.243
2023-01-01,02M,0.0,184.12100000000004
2026-05-01,02M,0.0,188.234
2024-05-01,02P,0.0,269.92199999999997
2021-07-01,02Q,0.0,120.89400000000002
2025-02-01,03F,0.0,314.91499999999996
2024-04-01,03F,0.0,314.3930000000001
2023-03-01,03H,0.0,172.554
2021-11-01,03K,0.0,183.448
2025-05-01,03R,0.0,399.9269999999999
2024-11-01,03R,0.0,399.17600000000004
2023-12-01,04C,0.0,446.24799999999993
2022-09-01,04C,0.0,427.125
2026-02-01,04C,0.0,446.6820000000001
2023-06-01,04V,0.0,415.08700000000005
2023-12-01,04V,0.0,418.1500000000001
2025-08-01,04V,0.0,423.58699999999993
2022-12-01,04V,0.0,413.66499999999996
2025-10-01,04Y,0.0,140.734
2022-02-01,04Y,0.0,136.02900000000002
2021-10-01,05G,0.0,217.702
2025-03-01,05G,0.0,230.98000000000002
2025-01-01,05Q,0.0,222.79700000000003
2023-05-01,05Q,0.0,220.788
2021-11-01,05Q,0.0,217.58599999999993
2022-12-01,05Q,0.0,219.81999999999994
2022-01-01,05V,0.0,151.851
2023-11-01,05V,0.0,155.083
2022-10-01,05W,0.0,299.31500000000005
2021-12-01,05W,0.0,297.3620000000001
2023-12-01,05W,0.0,295.17199999999985
2023-12-01,06H,0.0,1044.688
2023-12-01,06K,0.0,629.066
2023-02-01,06L,0.0,413.0920000000001
2025-01-01,06N,0.0,692.1920000000001
2024-01-01,06N,0.0,685.3440000000002
2024-01-01,06Q,0.0,416.447
2022-08-01,07K,0.0,272.72
2024-03-01,09D,0.0,333.2160000000001
2022-06-01,10Q,0.0,796.2599999999999
2022-12-01,10Q,0.0,806.1120000000004
2021-10-01,10R,0.0,228.76199999999997
2024-02-01,11M,0.0,689.422
2023-02-01,12F,0.0,341.20799999999997
2022-01-01,12F,0.0,339.342
2023-02-01,15A,0.0,577.6890000000001
2025-01-01,15A,0.0,589.5330000000001
2023-05-01,15C,0.0,1072.593
2025-10-01,15F,0.0,945.0990000000004
2023-03-01,18C,0.0,822.3580000000002
2023-01-01,26A,0.0,1087.842
2021-06-01,26A,0.0,1075.3229999999999
2024-12-01,26A,0.0,1099.9460000000001
2024-04-01,27D,0.0,815.382
2025-10-01,27D,0.0,824.5599999999995
2023-07-01,52R,0.0,1136.9990000000003
2023-06-01,52R,0.0,1137.6909999999996
2023-08-01,70F,0.0,934.1580000000001
2022-11-01,70F,0.0,928.8749999999999
2024-04-01,71E,0.0,820.541
2023-10-01,84H,0.0,564.7650000000001
2023-07-01,91Q,0.0,1994.9920000000002
2024-04-01,91Q,0.0,2017.4770000000005
2022-04-01,92A,0.0,1273.146
2025-12-01,92G,0.0,1013.464
2025-06-01,92G,0.0,1012.5740000000003
2026-03-01,99C,0.0,229.392
2023-03-01,99C,0.0,225.701
2023-08-01,99E,0.0,290.56499999999994
2025-07-01,99G,0.0,196.59400000000005
2024-02-01,99G,0.0,194.35399999999996
2025-09-01,D2P2L,0.0,1343.9309999999998
2026-06-01,D2P2L,0.0,1334.9620000000007
2023-07-01,D9Y0V,0.0,1920.5299999999997
2023-02-01,M2L0M,0.0,523.9739999999999
2022-01-01,M2L0M,0.0,518.2719999999999
2024-07-01,U2G6B,0.0,497.32900000000006
2022-08-01,U2G6B,0.0,460.99
2021-12-01,X2C4Y,0.0,449.2809999999998
2022-05-01,00D,0.0,0.0
2026-03-01,00D,0.0,0.0
2022-03-01,00J,0.0,0.0
2024-09-01,00K,0.0,0.0
2025-07-01,00M,0.0,0.0
2022-09-01,00M,0.0,0.0
2023-02-01,01R,0.0,0.0
2023-02-01,02F,0.0,0.0
2021-09-01,02F,0.0,0.0
2026-03-01,02W,0.0,0.0
2026-04-01,02W,0.0,0.0
2022-07-01,02W,0.0,0.0
2025-03-01,03J,0.0,0.0
2021-06-01,03M,0.0,0.0
2025-08-01,03Y,0.0,0.0
2021-07-01,03Y,0.0,0.0
2023-11-01,04D,0.0,0.0
2025-09-01,04D,0.0,0.0
2021-07-01,04D,0.0,0.0
2022-01-01,04D,0.0,0.0
2025-07-01,04D,0.0,0.0
2021-07-01,04E,0.0,0.0
2026-06-01,04E,0.0,0.0
2021-11-01,04G,0.0,0.0
2026-06-01,04J,0.0,0.0
2024-08-01,04J,0.0,0.0
2024-11-01,04K,0.0,0.0
2025-02-01,04K,0.0,0.0
2023-07-01,04K,0.0,0.0
2023-06-01,04K,0.0,0.0
2024-06-01,04L,0.0,0.0
2022-06-01,04M,0.0,0.0
2026-03-01,04M,0.0,0.0
2023-01-01,04X,0.0,0.0
2023-09-01,04X,0.0,0.0
2023-05-01,04X,0.0,0.0
2024-10-01,05A,0.0,0.0
2022-01-01,05F,0.0,0.0
2025-10-01,05H,0.0,0.0
2023-11-01,05H,0.0,0.0
2023-08-01,05L,0.0,0.0
2026-06-01,05N,0.0,0.0
2024-03-01,05T,0.0,0.0
2024-02-01,05T,0.0,0.0
2022-11-01,05T,0.0,0.0
2022-08-01,05T,0.0,0.0
2022-01-01,05Y,0.0,0.0
2022-03-01,06A,0.0,0.0
2025-03-01,06D,0.0,0.0
2022-04-01,06D,0.0,0.0
2024-04-01,06D,0.0,0.0
2022-06-01,06M,0.0,0.0
2023-03-01,06M,0.0,0.0
2024-02-01,06P,0.0,0.0
2021-06-01,06W,0.0,0.0
2021-06-01,06Y,0.0,0.0
2022-03-01,07L,0.0,0.0
2025-02-01,07M,0.0,0.0
2024-09-01,07N,0.0,0.0
2023-07-01,07P,0.0,0.0
2025-11-01,07P,0.0,0.0
2024-01-01,07R,0.0,0.0
2024-08-01,07R,0.0,0.0
2023-02-01,07R,0.0,0.0
2025-08-01,07T,0.0,0.0
2022-05-01,07X,0.0,0.0
2023-11-01,07Y,0.0,0.0
2023-08-01,07Y,0.0,0.0
2024-05-01,07Y,0.0,0.0
2022-05-01,07Y,0.0,0.0
2025-09-01,08A,0.0,0.0
2022-08-01,08D,0.0,0.0
2026-03-01,08D,0.0,0.0
2026-02-01,08E,0.0,0.0
2023-06-01,08F,0.0,0.0
2024-07-01,08H,0.0,0.0
2024-05-01,08H,0.0,0.0
2023-07-01,08H,0.0,0.0
2022-02-01,08J,0.0,0.0
2021-11-01,08J,0.0,0.0
2023-05-01,08K,0.0,0.0
2026-03-01,08K,0.0,0.0
2024-03-01,08M,0.0,0.0
2026-01-01,08N,0.0,0.0
2021-10-01,08N,0.0,0.0
2022-01-01,08N,0.0,0.0
2021-12-01,08R,0.0,0.0
2023-08-01,08R,0.0,0.0
2022-03-01,08T,0.0,0.0
2021-08-01,08V,0.0,0.0
2023-04-01,08W,0.0,0.0
2025-01-01,08X,0.0,0.0
2022-04-01,08Y,0.0,0.0
2025-09-01,09A,0.0,0.0
2024-09-01,09A,0.0,0.0
2023-12-01,09E,0.0,0.0
2026-06-01,09F,0.0,0.0
2024-08-01,09F,0.0,0.0
2024-04-01,09F,0.0,0.0
2025-05-01,09J,0.0,0.0
2023-10-01,09J,0.0,0.0
2022-08-01,09P,0.0,0.0
2022-02-01,10A,0.0,0.0
2022-06-01,10D,0.0,0.0
2022-02-01,10E,0.0,0.0
2021-12-01,10K,0.0,0.0
2021-08-01,10L,0.0,0.0
2026-06-01,10L,0.0,0.0
2022-10-01,10M,0.0,0.0
2021-11-01,10X,0.0,0.0
2026-02-01,10X,0.0,0.0
2025-05-01,11A,0.0,0.0
2022-05-01,11E,0.0,0.0
2021-10-01,11H,0.0,0.0
2023-12-01,11H,0.0,0.0
2025-10-01,11T,0.0,0.0
2021-07-01,15D,0.0,0.0
2023-04-01,15D,0.0,0.0
2025-07-01,99D,0.0,0.0
2021-11-01,99K,0.0,0.0
2021-10-01,99M,0.0,0.0
2026-01-01,99M,0.0,0.0
2024-07-01,99M,0.0,0.0
2023-01-01,99N,0.0,0.0
2022-02-01,99P,0.0,0.0
2024-11-01,D4U1Y,0.0,0.0
2025-07-01,00V,4.42061,212.75700000000003
2026-04-01,01H,4.42116,337.646
2022-01-01,02G,2.81893,115.055
2025-01-01,02P,2.94784,270.712
2024-12-01,03F,3.09987,314.955
2022-04-01,06N,10.46085,669.7539999999999
2025-06-01,11J,26.46144,831.8240000000001
2023-09-01,11J,3.05149,826.6139999999999
2022-12-01,11J,12.24381,824.5979999999997
2023-03-01,11N,3.82751,600.265
2021-08-01,15M,42.08685,1103.9910000000007
2022-01-01,26A,15.16768,1081.2279999999998
2025-01-01,36J,5.89569,670.0830000000001
2024-02-01,36L,3.00889,1764.2690000000005
2022-08-01,52R,2.81603,1120.4669999999999
2026-04-01,99A,25.51481,599.3449999999999
2026-01-01,99A,25.51458,602.0160000000001
2024-01-01,A3A8R,6.30937,2451.5260000000007
2024-03-01,D9Y0V,4.09626,1917.8349999999982
2024-02-01,M1J4Y,3.07486,1127.8790000000001
2024-11-01,W2U3Z,6.06671,2906.9130000000014
2021-11-01,W2U3Z,77.32955999999999,2731.510000000001
2024-08-01,00L,0.0,340.361
2023-10-01,00N,0.0,159.65800000000002
2025-07-01,00N,0.0,159.66799999999995
2026-02-01,00N,0.0,159.21
2025-05-01,00N,0.0,159.775
2022-03-01,00P,0.0,286.16
2026-01-01,00P,0.0,295.4349999999999
2024-08-01,00T,0.0,332.835
2024-05-01,00T,0.0,331.1710000000001
2023-06-01,00V,0.0,209.97399999999996
2022-06-01,00X,0.0,188.41500000000005
2024-05-01,00X,0.0,192.044
2025-11-01,00X,0.0,194.849
2024-08-01,00X,0.0,192.75399999999996
2024-09-01,00Y,0.0,270.0
2021-10-01,01A,0.0,394.08700000000005
2022-10-01,01A,0.0,398.03799999999995
2025-03-01,01A,0.0,410.87900000000013
2021-07-01,01D,0.0,240.68500000000003
2023-11-01,01E,0.0,228.443
2025-11-01,01F,0.0,136.128
2025-09-01,01F,0.0,136.231
2022-04-01,01H,0.0,329.17100000000005
2024-02-01,01V,0.0,127.812
2024-02-01,01X,0.0,201.88000000000002
2025-01-01,01Y,0.0,228.3170000000001
2023-04-01,02E,0.0,226.355
2022-04-01,02G,0.0,115.39299999999999
2024-12-01,02M,0.0,187.28799999999998
2025-03-01,02M,0.0,187.44199999999998
2023-12-01,02M,0.0,185.30899999999997
2022-08-01,02M,0.0,183.226
2026-04-01,02M,0.0,188.117
2025-02-01,02M,0.0,187.325
2021-11-01,02T,0.0,222.326
2023-05-01,02T,0.0,223.57000000000002
2023-04-01,02X,0.0,331.898
2023-09-01,03H,0.0,173.15599999999995
2023-06-01,03K,0.0,183.86699999999996
2021-10-01,03L,0.0,266.334
2023-10-01,03L,0.0,271.604
2025-08-01,03Q,0.0,248.82700000000003
2025-01-01,03R,0.0,399.51199999999994
2022-01-01,03R,0.0,387.856
2022-07-01,03W,0.0,353.828
2026-05-01,03W,0.0,361.925
2021-10-01,04C,0.0,422.10400000000004
2025-04-01,04V,0.0,423.92500000000007
2021-06-01,04V,0.0,404.52700000000004
2026-01-01,04V,0.0,425.43599999999986
2022-04-01,04Y,0.0,136.111
2023-10-01,05Q,0.0,220.75300000000001
2026-06-01,05V,0.0,156.30300000000003
2023-05-01,05W,0.0,303.074
2023-06-01,06L,0.0,413.744
2026-01-01,06L,0.0,419.5739999999999
2021-07-01,06L,0.0,408.028
2026-04-01,06N,0.0,691.4770000000001
2021-09-01,06Q,0.0,403.44800000000004
2023-02-01,06Q,0.0,410.225
2023-06-01,06T,0.0,371.62800000000004
2026-06-01,07G,0.0,189.263
2024-10-01,07H,0.0,334.808
2025-10-01,07H,0.0,338.09299999999985
2022-04-01,07K,0.0,271.35400000000004
2023-06-01,07K,0.0,274.817
2022-12-01,10R,0.0,232.33900000000003
2023-11-01,10R,0.0,235.30799999999994
2021-10-01,11J,0.0,816.948
2023-02-01,11N,0.0,600.3040000000001
2024-03-01,12F,0.0,343.883
2022-12-01,14L,0.0,712.156
2026-01-01,14L,0.0,758.3649999999998
2025-11-01,14Y,0.0,597.943
2022-04-01,14Y,0.0,578.8180000000001
2026-03-01,15A,0.0,587.1649999999998
2023-06-01,15A,0.0,579.1
2022-05-01,15C,0.0,1060.5839999999998
2021-12-01,15C,0.0,1055.0399999999993
2022-06-01,15F,0.0,909.779
2022-07-01,16C,0.0,719.5180000000003
2022-06-01,16C,0.0,719.2449999999999
2025-12-01,26A,0.0,1102.829
2024-11-01,27D,0.0,820.8780000000002
2021-08-01,36J,0.0,647.173
2024-08-01,42D,0.0,566.0870000000002
2024-05-01,52R,0.0,1147.1669999999995
2022-03-01,78H,0.0,811.38
2021-11-01,91Q,0.0,1954.8539999999996
2023-11-01,92A,0.0,1292.1059999999998
2023-03-01,92A,0.0,1285.3309999999997
2022-02-01,97R,0.0,566.5319999999999
2025-05-01,99C,0.0,228.83500000000006
2025-11-01,99E,0.0,296.37499999999994
2022-01-01,99F,0.0,186.104
2023-10-01,99G,0.0,193.15300000000002
2026-04-01,A3A8R,0.0,2468.907
2025-11-01,A3A8R,0.0,2489.879
2022-04-01,B2M3M,0.0,1051.85
2024-04-01,D2P2L,0.0,1330.4699999999998
2024-09-01,D2P2L,0.0,1338.632
2025-05-01,D9Y0V,0.0,1930.5109999999993
2023-06-01,M1J4Y,0.0,1106.8349999999998
2025-05-01,M2L0M,0.0,536.716
2024-08-01,U2G6B,0.0,497.94500000000005
2024-03-01,U2G6B,0.0,494.50000000000006
2026-06-01,X2C4Y,0.0,460.4759999999999
2025-05-01,X2C4Y,0.0,462.3919999999997
2024-07-01,00D,0.0,0.0
2024-02-01,00J,0.0,0.0
2022-06-01,00K,0.0,0.0
2021-09-01,00K,0.0,0.0
2026-03-01,00K,0.0,0.0
2022-07-01,00M,0.0,0.0
2024-02-01,00M,0.0,0.0
2022-04-01,00M,0.0,0.0
2021-09-01,01R,0.0,0.0
2023-02-01,02R,0.0,0.0
2021-12-01,02R,0.0,0.0
2025-06-01,02R,0.0,0.0
2022-08-01,02V,0.0,0.0
2022-04-01,02V,0.0,0.0
2023-12-01,02W,0.0,0.0
2022-11-01,03A,0.0,0.0
2021-06-01,03J,0.0,0.0
2024-06-01,03M,0.0,0.0
2023-02-01,03T,0.0,0.0
2023-04-01,03T,0.0,0.0
2024-12-01,03Y,0.0,0.0
2024-04-01,03Y,0.0,0.0
2023-05-01,04D,0.0,0.0
2026-04-01,04E,0.0,0.0
2025-12-01,04F,0.0,0.0
2022-08-01,04G,0.0,0.0
2026-05-01,04H,0.0,0.0
2023-05-01,04H,0.0,0.0
2025-05-01,04H,0.0,0.0
2022-03-01,04J,0.0,0.0
2023-11-01,04J,0.0,0.0
2022-10-01,04K,0.0,0.0
2022-03-01,04R,0.0,0.0
2023-11-01,04X,0.0,0.0
2022-01-01,04X,0.0,0.0
2026-03-01,04X,0.0,0.0
2025-03-01,05A,0.0,0.0
2026-05-01,05C,0.0,0.0
2023-07-01,05C,0.0,0.0
2024-03-01,05F,0.0,0.0
2021-08-01,05F,0.0,0.0
2021-11-01,05H,0.0,0.0
2021-10-01,05H,0.0,0.0
2022-01-01,05L,0.0,0.0
2023-05-01,05N,0.0,0.0
2021-07-01,05R,0.0,0.0
2024-04-01,05T,0.0,0.0
2021-07-01,05T,0.0,0.0
2021-08-01,05Y,0.0,0.0
2021-10-01,05Y,0.0,0.0
2023-12-01,06A,0.0,0.0
2022-05-01,06D,0.0,0.0
2024-11-01,06M,0.0,0.0
2026-05-01,06P,0.0,0.0
2024-04-01,06W,0.0,0.0
2025-02-01,06W,0.0,0.0
2024-10-01,06Y,0.0,0.0
2023-11-01,07P,0.0,0.0
2024-12-01,07R,0.0,0.0
2025-02-01,07R,0.0,0.0
2023-12-01,07R,0.0,0.0
2021-12-01,07V,0.0,0.0
2021-09-01,07X,0.0,0.0
2022-11-01,07X,0.0,0.0
2025-04-01,07X,0.0,0.0
2022-03-01,08C,0.0,0.0
2021-07-01,08C,0.0,0.0
2025-01-01,08E,0.0,0.0
2025-11-01,08E,0.0,0.0
2021-06-01,08F,0.0,0.0
2022-08-01,08H,0.0,0.0
2026-03-01,08H,0.0,0.0
2024-05-01,08K,0.0,0.0
2026-03-01,08N,0.0,0.0
2022-08-01,08N,0.0,0.0
2023-06-01,08Q,0.0,0.0
2024-08-01,08R,0.0,0.0
2022-11-01,08T,0.0,0.0
2025-07-01,08T,0.0,0.0
2023-10-01,08V,0.0,0.0
2025-12-01,08V,0.0,0.0
2023-09-01,08X,0.0,0.0
2023-08-01,08Y,0.0,0.0
2024-07-01,08Y,0.0,0.0
2025-02-01,09C,0.0,0.0
2024-12-01,09C,0.0,0.0
2021-12-01,09C,0.0,0.0
2025-07-01,09F,0.0,0.0
2025-01-01,09G,0.0,0.0
2024-08-01,09G,0.0,0.0
2025-12-01,09G,0.0,0.0
2022-06-01,09G,0.0,0.0
2026-05-01,09J,0.0,0.0
2025-04-01,09J,0.0,0.0
2023-06-01,09J,0.0,0.0
2021-07-01,09L,0.0,0.0
2023-01-01,09P,0.0,0.0
2021-07-01,09P,0.0,0.0
2026-04-01,09P,0.0,0.0
2021-09-01,09P,0.0,0.0
2023-12-01,09P,0.0,0.0
2023-05-01,09W,0.0,0.0
2025-06-01,09W,0.0,0.0
2026-01-01,09W,0.0,0.0
2024-10-01,09W,0.0,0.0
2026-05-01,09Y,0.0,0.0
2022-11-01,09Y,0.0,0.0
2023-05-01,09Y,0.0,0.0
2024-12-01,10A,0.0,0.0
2024-01-01,10A,0.0,0.0
2025-05-01,10J,0.0,0.0
2025-11-01,10J,0.0,0.0
2024-05-01,10K,0.0,0.0
2021-10-01,10K,0.0,0.0
2026-06-01,10K,0.0,0.0
2024-12-01,10L,0.0,0.0
2024-06-01,10M,0.0,0.0
2026-01-01,10M,0.0,0.0
2021-11-01,10M,0.0,0.0
2024-07-01,10V,0.0,0.0
2024-02-01,10V,0.0,0.0
2024-07-01,10W,0.0,0.0
2024-04-01,11A,0.0,0.0
2025-10-01,11A,0.0,0.0
2023-01-01,11A,0.0,0.0
2025-01-01,11A,0.0,0.0
2021-11-01,11E,0.0,0.0
2022-03-01,11E,0.0,0.0
2025-11-01,11E,0.0,0.0
2023-01-01,11H,0.0,0.0
2025-08-01,11H,0.0,0.0
2023-06-01,12D,0.0,0.0
2025-07-01,13P,0.0,0.0
2022-03-01,99D,0.0,0.0
2021-11-01,99D,0.0,0.0
2021-11-01,99H,0.0,0.0
2025-11-01,99H,0.0,0.0
2025-01-01,99J,0.0,0.0
2025-02-01,99N,0.0,0.0
2021-07-01,99P,0.0,0.0
2022-06-01,99P,0.0,0.0
2023-12-01,99P,0.0,0.0
2021-12-01,99P,0.0,0.0
2025-09-01,99Q,0.0,0.0
2022-03-01,D4U1Y,0.0,0.0
2022-02-01,00P,2.821,286.00500000000005
2022-06-01,00P,2.81889,286.853
2021-11-01,06N,7.61726,667.1409999999998
2024-06-01,11J,4.13549,832.6139999999999
2025-04-01,11M,2.94799,696.5379999999998
2023-07-01,13T,6.114,547.6610000000002
2023-12-01,15C,4.9204,1084.363
2022-11-01,15E,2.98557,1579.173
2023-03-01,15E,2.82452,1592.3859999999995
2025-02-01,15M,20.13574,1142.2220000000002
2024-05-01,15M,43.560500000000005,1135.1779999999997
2021-09-01,15N,178.75714000000002,1261.0320000000002
2024-01-01,36J,6.15209,664.0760000000002
2022-01-01,71E,8.4444,804.3819999999995
2026-06-01,71E,4.42125,823.6619999999997
2022-09-01,72Q,5.43354,2059.3599999999997
2025-06-01,78H,9.81679,850.6429999999999
2023-01-01,91Q,11.34903,1983.3319999999997
2021-09-01,92G,15.19035,974.0820000000001
2026-02-01,97R,8.82974,576.7340000000002
2021-09-01,A3A8R,2.97713,2319.153
2026-03-01,D2P2L,30.54006,1338.307999999999
2024-07-01,D9Y0V,4.13551,1922.6489999999997
2024-07-01,00L,0.0,339.93399999999997
2026-05-01,00N,0.0,158.90699999999998
2026-06-01,00P,0.0,294.558
2021-11-01,00P,0.0,285.248
2021-09-01,00Q,0.0,180.55299999999997
2023-06-01,00R,0.0,177.71099999999998
2021-07-01,00X,0.0,187.394
2024-02-01,00X,0.0,191.49599999999998
2026-06-01,00X,0.0,195.43100000000004
2024-10-01,00X,0.0,193.088
2023-12-01,00X,0.0,191.26799999999997
2023-03-01,01F,0.0,135.135
2021-06-01,01K,0.0,351.27000000000004
2022-03-01,01T,0.0,157.09599999999998
2025-05-01,01V,0.0,128.633
2022-08-01,01Y,0.0,220.91600000000003
2024-01-01,01Y,0.0,224.44100000000003
2021-08-01,02A,0.0,244.92200000000003
2021-06-01,02A,0.0,244.20400000000004
2023-01-01,02A,0.0,247.85700000000003
2024-09-01,02A,0.0,249.52100000000002
2025-08-01,02E,0.0,230.84599999999998
2023-03-01,02E,0.0,226.03300000000002
2024-04-01,02G,0.0,117.602
2021-10-01,02H,0.0,336.81799999999987
2023-02-01,02M,0.0,184.26699999999997
2022-02-01,02M,0.0,182.41
2021-12-01,02X,0.0,327.297
2021-12-01,02Y,0.0,307.608
2021-06-01,02Y,0.0,307.351
2022-09-01,03L,0.0,267.856
2025-06-01,03Q,0.0,250.939
2023-08-01,03Q,0.0,250.31699999999998
2021-07-01,03W,0.0,345.213
2023-06-01,04C,0.0,438.4310000000001
2024-01-01,04C,0.0,447.3760000000001
2025-08-01,04C,0.0,448.6
2025-11-01,04V,0.0,425.42200000000014
2025-06-01,04Y,0.0,140.549
2026-05-01,04Y,0.0,140.642
2024-02-01,05D,0.0,152.93699999999995
2021-12-01,05G,0.0,218.04900000000004
2023-12-01,05G,0.0,231.113
2022-04-01,05Q,0.0,218.383
2022-12-01,05V,0.0,153.221
2024-08-01,05V,0.0,156.063
2024-01-01,05V,0.0,155.231
2021-07-01,06H,0.0,1000.0230000000001
2026-02-01,06K,0.0,636.8999999999999
2024-10-01,06L,0.0,418.01399999999995
2021-06-01,06N,0.0,663.038
2022-12-01,06N,0.0,675.2439999999998
2025-06-01,06Q,0.0,424.28699999999986
2024-11-01,06Q,0.0,421.267
2025-01-01,06Q,0.0,422.34600000000006
2022-02-01,06T,0.0,365.2899999999999
2025-04-01,07K,0.0,280.117
2024-02-01,09D,0.0,333.08000000000004
2022-02-01,09D,0.0,329.36
2023-03-01,09D,0.0,331.566
2025-12-01,10R,0.0,234.70399999999998
2025-11-01,10R,0.0,234.699
2024-11-01,11X,0.0,607.936
2025-10-01,12F,0.0,346.82899999999995
2022-06-01,12F,0.0,339.824
2026-04-01,12F,0.0,346.24000000000007
2026-03-01,12F,0.0,346.26400000000007
2023-08-01,14Y,0.0,586.5290000000001
2024-10-01,14Y,0.0,594.5720000000001
2024-11-01,15C,0.0,1093.1409999999998
2026-01-01,16C,0.0,741.0750000000002
2023-12-01,18C,0.0,827.3849999999999
2022-02-01,18C,0.0,814.745
2021-11-01,27D,0.0,793.1129999999997
2023-04-01,36J,0.0,657.5790000000002
2022-09-01,36J,0.0,652.5390000000001
2022-10-01,36L,0.0,1737.876
2026-06-01,42D,0.0,569.392
2023-05-01,70F,0.0,931.3789999999999
2022-05-01,71E,0.0,805.821
2021-11-01,71E,0.0,802.8169999999998
2026-02-01,72Q,0.0,2113.5629999999996
2026-06-01,78H,0.0,849.24
2025-02-01,92A,0.0,1303.801
2023-07-01,93C,0.0,1785.9169999999992
2026-04-01,97R,0.0,576.4899999999999
2024-07-01,97R,0.0,576.3869999999998
2026-05-01,97R,0.0,576.3180000000002
2023-08-01,99A,0.0,578.1479999999999
2021-06-01,99A,0.0,556.6040000000002
2021-08-01,99C,0.0,223.62699999999998
2022-07-01,99C,0.0,224.77599999999998
2023-05-01,99E,0.0,289.34999999999997
2024-07-01,99F,0.0,187.783
2024-03-01,99F,0.0,187.39600000000002
2025-02-01,99G,0.0,196.52
2026-05-01,99G,0.0,196.40000000000003
2023-05-01,99G,0.0,191.94199999999998
2021-06-01,B2M3M,0.0,1030.693
2022-01-01,B2M3M,0.0,1048.5610000000004
2023-11-01,D2P2L,0.0,1319.7229999999995
2026-02-01,D2P2L,0.0,1339.569
2023-07-01,M1J4Y,0.0,1109.1219999999998
2025-07-01,M2L0M,0.0,537.4499999999999
2022-01-01,X2C4Y,0.0,449.5729999999999
2022-12-01,X2C4Y,0.0,453.4080000000001
2021-09-01,00D,0.0,0.0
2022-06-01,00D,0.0,0.0
2025-01-01,00D,0.0,0.0
2025-04-01,00J,0.0,0.0
2024-04-01,00K,0.0,0.0
2025-02-01,00K,0.0,0.0
2026-06-01,00M,0.0,0.0
2023-09-01,00M,0.0,0.0
2024-11-01,01R,0.0,0.0
2022-10-01,02F,0.0,0.0
2026-05-01,02F,0.0,0.0
2025-05-01,02V,0.0,0.0
2021-07-01,03A,0.0,0.0
2025-09-01,03J,0.0,0.0
2023-09-01,03J,0.0,0.0
2023-09-01,03M,0.0,0.0
2025-02-01,03M,0.0,0.0
2026-06-01,03M,0.0,0.0
2026-06-01,03T,0.0,0.0
2022-10-01,04D,0.0,0.0
2022-08-01,04E,0.0,0.0
2022-11-01,04F,0.0,0.0
2023-03-01,04F,0.0,0.0
2024-04-01,04G,0.0,0.0
2022-11-01,04H,0.0,0.0
2023-12-01,04J,0.0,0.0
2024-07-01,04J,0.0,0.0
2023-08-01,04K,0.0,0.0
2024-09-01,04L,0.0,0.0
2024-09-01,04M,0.0,0.0
2026-01-01,04Q,0.0,0.0
2023-06-01,04R,0.0,0.0
2024-12-01,04X,0.0,0.0
2023-08-01,04X,0.0,0.0
2025-07-01,04X,0.0,0.0
2022-05-01,05C,0.0,0.0
2023-04-01,05F,0.0,0.0
2023-05-01,05F,0.0,0.0
2025-07-01,05R,0.0,0.0
2025-09-01,05R,0.0,0.0
2022-01-01,05R,0.0,0.0
2024-09-01,05Y,0.0,0.0
2026-02-01,06A,0.0,0.0
2023-01-01,06D,0.0,0.0
2022-06-01,06D,0.0,0.0
2022-07-01,06F,0.0,0.0
2022-02-01,06P,0.0,0.0
2021-06-01,06P,0.0,0.0
2024-11-01,06Y,0.0,0.0
2026-03-01,06Y,0.0,0.0
2025-06-01,07M,0.0,0.0
2022-08-01,07M,0.0,0.0
2023-07-01,07M,0.0,0.0
2026-06-01,07N,0.0,0.0
2023-09-01,07P,0.0,0.0
2022-03-01,07R,0.0,0.0
2025-06-01,07W,0.0,0.0
2021-11-01,07W,0.0,0.0
2023-03-01,07Y,0.0,0.0
2021-07-01,07Y,0.0,0.0
2024-04-01,08A,0.0,0.0
2024-07-01,08A,0.0,0.0
2025-02-01,08C,0.0,0.0
2023-09-01,08C,0.0,0.0
2026-03-01,08E,0.0,0.0
2024-05-01,08E,0.0,0.0
2024-12-01,08F,0.0,0.0
2025-06-01,08J,0.0,0.0
2023-01-01,08K,0.0,0.0
2025-07-01,08K,0.0,0.0
2024-12-01,08L,0.0,0.0
2022-07-01,08L,0.0,0.0
2025-05-01,08L,0.0,0.0
2026-05-01,08N,0.0,0.0
2022-05-01,08Q,0.0,0.0
2025-10-01,08Q,0.0,0.0
2025-02-01,08R,0.0,0.0
2024-04-01,08R,0.0,0.0
2025-04-01,08R,0.0,0.0
2021-10-01,08T,0.0,0.0
2022-06-01,08T,0.0,0.0
2022-07-01,08T,0.0,0.0
2023-11-01,08T,0.0,0.0
2023-03-01,08T,0.0,0.0
2024-12-01,08W,0.0,0.0
2023-02-01,08W,0.0,0.0
2025-08-01,08W,0.0,0.0
2021-10-01,08X,0.0,0.0
2022-02-01,08Y,0.0,0.0
2021-06-01,08Y,0.0,0.0
2025-07-01,09A,0.0,0.0
2024-06-01,09A,0.0,0.0
2022-10-01,09C,0.0,0.0
2026-01-01,09E,0.0,0.0
2021-10-01,09E,0.0,0.0
2021-07-01,09G,0.0,0.0
2024-06-01,09J,0.0,0.0
2024-12-01,09J,0.0,0.0
2025-01-01,09L,0.0,0.0
2024-10-01,09L,0.0,0.0
2025-10-01,09W,0.0,0.0
2021-11-01,09W,0.0,0.0
2024-01-01,09W,0.0,0.0
2023-11-01,09Y,0.0,0.0
2026-04-01,10A,0.0,0.0
2022-03-01,10C,0.0,0.0
2024-06-01,10D,0.0,0.0
2023-02-01,10J,0.0,0.0
2021-12-01,10J,0.0,0.0
2024-12-01,10J,0.0,0.0
2023-09-01,10K,0.0,0.0
2023-09-01,10L,0.0,0.0
2023-09-01,10M,0.0,0.0
2021-12-01,10V,0.0,0.0
2023-03-01,10V,0.0,0.0
2022-03-01,10V,0.0,0.0
2021-12-01,10W,0.0,0.0
2021-08-01,10W,0.0,0.0
2021-06-01,10W,0.0,0.0
2024-06-01,11A,0.0,0.0
2021-07-01,11E,0.0,0.0
2022-08-01,11E,0.0,0.0
2022-02-01,11H,0.0,0.0
2024-06-01,11T,0.0,0.0
2021-06-01,12D,0.0,0.0
2025-02-01,13P,0.0,0.0
2021-12-01,13P,0.0,0.0
2024-12-01,13P,0.0,0.0
2026-01-01,15D,0.0,0.0
2025-05-01,15D,0.0,0.0
2021-12-01,15D,0.0,0.0
2024-12-01,15D,0.0,0.0
2023-09-01,99J,0.0,0.0
2024-10-01,99J,0.0,0.0
2022-07-01,99J,0.0,0.0
2023-10-01,99K,0.0,0.0
2025-02-01,99K,0.0,0.0
2026-05-01,99K,0.0,0.0
2025-02-01,99M,0.0,0.0
2021-07-01,99N,0.0,0.0
2025-03-01,99N,0.0,0.0
2026-02-01,99P,0.0,0.0
2025-11-01,D4U1Y,0.0,0.0
2023-05-01,D4U1Y,0.0,0.0
2025-03-01,01H,4.42023,336.643
2023-02-01,01H,3.82785,331.8209999999999
2021-12-01,02G,2.81278,114.973
2023-03-01,03N,33.173230000000004,630.686
2024-09-01,03N,23.27213,636.703
2024-11-01,03N,30.49374,641.6260000000001
2025-03-01,03W,4.42023,360.231
2025-03-01,06T,5.88318,379.65700000000004
2021-07-01,09D,6.61764,325.299
2022-02-01,11J,5.6296,819.5670000000001
2025-11-01,15C,4.42105,1099.2579999999998
2024-10-01,52R,3.10003,1152.7630000000008
2024-11-01,78H,8.25828,847.576
2021-10-01,84H,7.5977,557.1760000000002
2024-08-01,99A,49.62787,590.097
2026-06-01,99F,13.23896,187.86700000000002
2026-04-01,D2P2L,33.48863,1337.7389999999994
2024-06-01,M1J4Y,3.09997,1136.321
2022-02-01,W2U3Z,9.60212,2757.5840000000007
2021-10-01,W2U3Z,15.7156,2719.506000000003
2023-07-01,00N,0.0,159.41200000000003
2025-04-01,00N,0.0,159.82
2021-10-01,00Q,0.0,180.648
2022-08-01,00R,0.0,176.638
2024-03-01,00R,0.0,178.55599999999998
2024-12-01,00T,0.0,333.3699999999999
2025-11-01,00T,0.0,335.18899999999996
2022-05-01,00V,0.0,209.01200000000003
2024-12-01,00V,0.0,212.42000000000002
2026-03-01,00X,0.0,195.134
2021-06-01,00Y,0.0,260.79799999999994
2024-06-01,00Y,0.0,269.293
2025-07-01,01A,0.0,411.439
2026-03-01,01D,0.0,253.37699999999998
2023-06-01,01D,0.0,245.98000000000005
2023-01-01,01D,0.0,244.52099999999996
2025-10-01,01F,0.0,136.17000000000002
2025-03-01,01G,0.0,322.627
2022-06-01,01G,0.0,303.19199999999995
2023-03-01,01J,0.0,170.58700000000002
2023-05-01,01J,0.0,170.77599999999995
2026-02-01,01J,0.0,174.29800000000003
2025-07-01,01K,0.0,355.80299999999994
2022-02-01,01K,0.0,353.584
2022-01-01,01T,0.0,156.997
2023-04-01,01W,0.0,323.8829999999999
2021-11-01,01W,0.0,319.4699999999999
2024-11-01,01X,0.0,203.421
2026-01-01,01X,0.0,204.47000000000006
2022-10-01,01X,0.0,200.67899999999997
2021-07-01,01X,0.0,199.87700000000004
2022-03-01,01Y,0.0,220.32599999999994
2024-06-01,02A,0.0,248.955
2026-05-01,02A,0.0,247.967
2023-03-01,02H,0.0,342.2150000000001
2024-12-01,02H,0.0,351.62699999999995
2023-07-01,02P,0.0,268.19100000000003
2024-01-01,02T,0.0,224.233
2023-06-01,03F,0.0,311.3949999999999
2026-04-01,03H,0.0,174.56100000000004
2021-11-01,03H,0.0,171.32899999999998
2022-10-01,03K,0.0,183.842
2024-03-01,03K,0.0,184.722
2025-05-01,03L,0.0,275.95799999999997
2023-07-01,03L,0.0,270.568
2025-06-01,03W,0.0,360.8950000000001
2023-01-01,04C,0.0,434.45200000000006
2022-06-01,05V,0.0,152.561
2022-05-01,06L,0.0,410.46
2024-12-01,06N,0.0,691.7480000000002
2025-12-01,06N,0.0,693.6930000000001
2025-08-01,06N,0.0,694.3019999999998
2025-02-01,06Q,0.0,422.92799999999994
2023-01-01,06T,0.0,369.51900000000006
2022-08-01,06T,0.0,366.669
2025-12-01,07G,0.0,190.497
2024-08-01,07G,0.0,190.474
2021-12-01,10R,0.0,230.119
2025-02-01,11M,0.0,696.3629999999998
2024-06-01,11N,0.0,604.1230000000002
2024-02-01,11X,0.0,604.471
2024-02-01,12F,0.0,343.7970000000001
2022-02-01,13T,0.0,538.5199999999999
2021-10-01,13T,0.0,533.5359999999998
2021-09-01,14L,0.0,679.6590000000001
2023-07-01,14L,0.0,719.178
2024-02-01,15C,0.0,1085.9420000000002
2022-11-01,15C,0.0,1066.6909999999998
2026-04-01,15M,0.0,1143.5180000000005
2024-08-01,15N,0.0,1293.9600000000003
2023-06-01,16C,0.0,726.3620000000001
2024-08-01,16C,0.0,735.9889999999999
2022-04-01,26A,0.0,1080.8270000000002
2022-06-01,36L,0.0,1732.3809999999994
2024-12-01,42D,0.0,567.598
2025-11-01,42D,0.0,570.781
2021-12-01,52R,0.0,1116.5180000000003
2021-06-01,52R,0.0,1104.3079999999998
2021-10-01,70F,0.0,918.077
2023-09-01,84H,0.0,562.9479999999999
2023-04-01,91Q,0.0,1988.3770000000004
2025-03-01,92G,0.0,1012.3830000000003
2024-08-01,93C,0.0,1814.8829999999996
2024-10-01,93C,0.0,1821.3810000000008
2024-06-01,93C,0.0,1812.6549999999997
2023-12-01,93C,0.0,1803.967
2022-11-01,99A,0.0,573.616
2022-01-01,99C,0.0,224.09400000000002
2023-02-01,99C,0.0,225.57600000000002
2025-12-01,99E,0.0,296.234
2025-10-01,99E,0.0,296.466
2023-08-01,99G,0.0,192.75699999999992
2022-06-01,A3A8R,0.0,2366.432000000001
2022-07-01,D9Y0V,0.0,1898.101
2025-08-01,D9Y0V,0.0,1930.6960000000008
2021-09-01,M1J4Y,0.0,1064.6489999999997
2021-09-01,U2G6B,0.0,455.88199999999995
2022-09-01,U2G6B,0.0,462.03
2021-10-01,X2C4Y,0.0,448.8200000000001
2023-04-01,X2C4Y,0.0,454.90199999999993
2022-01-01,00D,0.0,0.0
2023-02-01,00D,0.0,0.0
2023-11-01,00K,0.0,0.0
2021-11-01,00M,0.0,0.0
2024-09-01,01R,0.0,0.0
2025-03-01,01R,0.0,0.0
2026-06-01,02F,0.0,0.0
2025-02-01,02F,0.0,0.0
2026-02-01,02R,0.0,0.0
2022-10-01,02V,0.0,0.0
2023-06-01,02V,0.0,0.0
2024-02-01,02W,0.0,0.0
2026-01-01,02W,0.0,0.0
2024-01-01,02W,0.0,0.0
2024-02-01,03A,0.0,0.0
2026-02-01,03T,0.0,0.0
2021-11-01,03T,0.0,0.0
2025-05-01,04D,0.0,0.0
2025-05-01,04E,0.0,0.0
2024-11-01,04F,0.0,0.0
2026-02-01,04F,0.0,0.0
2022-09-01,04G,0.0,0.0
2024-11-01,04H,0.0,0.0
2024-03-01,04K,0.0,0.0
2023-02-01,04K,0.0,0.0
2023-01-01,04K,0.0,0.0
2021-11-01,04L,0.0,0.0
2024-07-01,04L,0.0,0.0
2026-04-01,04L,0.0,0.0
2022-02-01,04M,0.0,0.0
2023-08-01,04Q,0.0,0.0
2022-02-01,05C,0.0,0.0
2024-06-01,05F,0.0,0.0
2025-09-01,05F,0.0,0.0
2023-03-01,05F,0.0,0.0
2025-03-01,05R,0.0,0.0
2024-04-01,05R,0.0,0.0
2025-03-01,05T,0.0,0.0
2023-06-01,05X,0.0,0.0
2025-06-01,05X,0.0,0.0
2023-12-01,05Y,0.0,0.0
2024-03-01,06A,0.0,0.0
2023-07-01,06D,0.0,0.0
2021-07-01,06D,0.0,0.0
2023-04-01,06F,0.0,0.0
2022-06-01,06F,0.0,0.0
2022-11-01,06M,0.0,0.0
2026-06-01,06P,0.0,0.0
2024-10-01,06W,0.0,0.0
2022-07-01,06W,0.0,0.0
2021-09-01,06W,0.0,0.0
2024-12-01,07L,0.0,0.0
2023-10-01,07L,0.0,0.0
2026-04-01,07M,0.0,0.0
2022-11-01,07N,0.0,0.0
2025-10-01,07R,0.0,0.0
2022-03-01,07T,0.0,0.0
2024-01-01,07V,0.0,0.0
2024-11-01,07W,0.0,0.0
2025-02-01,07W,0.0,0.0
2025-02-01,07X,0.0,0.0
2022-09-01,08C,0.0,0.0
2021-11-01,08D,0.0,0.0
2025-11-01,08D,0.0,0.0
2021-09-01,08E,0.0,0.0
2025-05-01,08G,0.0,0.0
2023-05-01,08J,0.0,0.0
2025-10-01,08M,0.0,0.0
2024-04-01,08M,0.0,0.0
2023-03-01,08M,0.0,0.0
2024-12-01,08N,0.0,0.0
2026-01-01,08Q,0.0,0.0
2024-02-01,08Q,0.0,0.0
2025-10-01,08V,0.0,0.0
2024-05-01,08W,0.0,0.0
2022-03-01,08W,0.0,0.0
2025-04-01,08X,0.0,0.0
2024-08-01,09A,0.0,0.0
2023-04-01,09A,0.0,0.0
2021-08-01,09C,0.0,0.0
2021-06-01,09C,0.0,0.0
2023-08-01,09C,0.0,0.0
2023-12-01,09F,0.0,0.0
2025-04-01,09F,0.0,0.0
2021-10-01,09G,0.0,0.0
2023-06-01,09G,0.0,0.0
2024-01-01,09J,0.0,0.0
2022-11-01,09J,0.0,0.0
2023-01-01,09J,0.0,0.0
2022-12-01,09L,0.0,0.0
2022-10-01,09P,0.0,0.0
2022-06-01,09P,0.0,0.0
2023-07-01,09W,0.0,0.0
2021-11-01,09Y,0.0,0.0
2024-08-01,09Y,0.0,0.0
2023-02-01,09Y,0.0,0.0
2024-03-01,10C,0.0,0.0
2023-02-01,10D,0.0,0.0
2024-03-01,10E,0.0,0.0
2023-09-01,10E,0.0,0.0
2023-11-01,10J,0.0,0.0
2024-11-01,10J,0.0,0.0
2023-08-01,10L,0.0,0.0
2022-02-01,10M,0.0,0.0
2025-11-01,10M,0.0,0.0
2022-05-01,10V,0.0,0.0
2026-06-01,10V,0.0,0.0
2025-04-01,10X,0.0,0.0
2025-02-01,10X,0.0,0.0
2023-07-01,11A,0.0,0.0
2025-01-01,11E,0.0,0.0
2024-06-01,11E,0.0,0.0
2025-05-01,11H,0.0,0.0
2024-12-01,12D,0.0,0.0
2025-03-01,12D,0.0,0.0
2025-10-01,13P,0.0,0.0
2022-01-01,13P,0.0,0.0
2023-12-01,15D,0.0,0.0
2023-09-01,99D,0.0,0.0
2024-02-01,99K,0.0,0.0
2025-11-01,99K,0.0,0.0
2025-08-01,99Q,0.0,0.0
2023-11-01,D4U1Y,0.0,0.0
2023-02-01,D4U1Y,0.0,0.0
2024-02-01,01G,8.19151,316.03900000000004
2021-11-01,01H,5.60881,328.48300000000006
2023-06-01,01H,4.09607,332.4320000000001
2022-08-01,01H,3.81598,330.32900000000006
2025-10-01,01W,6.38734,330.71399999999994
2026-04-01,03N,21.88148,634.2800000000002
2025-05-01,05V,6.3871,156.721
2024-11-01,06T,6.18731,378.42300000000006
2023-06-01,11M,15.964289999999998,683.8250000000002
2023-12-01,15E,9.12623,1621.3710000000003
2021-10-01,15M,34.69843,1105.5029999999997
2025-07-01,18C,4.91463,834.0840000000002
2024-10-01,78H,20.46302,846.5939999999998
2023-02-01,92G,15.27421,991.548
2025-03-01,99A,28.457230000000003,598.2539999999999
2024-11-01,99F,7.23519,188.062
2021-10-01,D2P2L,5.26806,1282.0680000000002
2022-09-01,W2U3Z,9.58657,2793.33
2023-06-01,00L,0.0,336.17799999999994
2025-09-01,00N,0.0,159.60000000000002
2024-11-01,00P,0.0,295.47299999999996
2021-07-01,00Q,0.0,180.112
2025-08-01,00R,0.0,178.896
2022-11-01,00T,0.0,322.64
2023-08-01,00V,0.0,210.29699999999994
2023-02-01,00V,0.0,209.63400000000007
2022-04-01,00V,0.0,208.875
2023-09-01,00X,0.0,190.82900000000004
2021-11-01,00X,0.0,187.73799999999997
2026-02-01,00Y,0.0,268.845
2024-08-01,00Y,0.0,269.867
2024-06-01,01A,0.0,407.5359999999999
2025-02-01,01D,0.0,252.26699999999994
2021-08-01,01D,0.0,240.918
2024-12-01,01E,0.0,233.79400000000004
2023-05-01,01F,0.0,135.53300000000004
2024-02-01,01F,0.0,136.12
2023-04-01,01J,0.0,170.638
2022-06-01,01J,0.0,170.27399999999997
2025-06-01,01K,0.0,356.07300000000004
2024-07-01,01T,0.0,160.286
2025-12-01,01T,0.0,161.70199999999997
2021-08-01,01T,0.0,156.94799999999998
2023-03-01,01T,0.0,157.87100000000004
2025-02-01,01T,0.0,161.273
2024-03-01,01V,0.0,127.81499999999997
2021-06-01,01X,0.0,199.67
2023-06-01,01X,0.0,200.87700000000004
2022-05-01,01Y,0.0,220.67499999999998
2025-09-01,01Y,0.0,228.835
2024-05-01,01Y,0.0,226.19
2022-07-01,02A,0.0,246.54599999999996
2022-08-01,02E,0.0,224.667
2025-03-01,02E,0.0,230.613
2024-02-01,02M,0.0,185.44400000000002
2025-09-01,02M,0.0,187.981
2025-10-01,02M,0.0,187.91400000000002
2024-04-01,02Q,0.0,126.361
2022-05-01,02Q,0.0,122.204
2021-10-01,02Q,0.0,121.33099999999999
2022-11-01,02T,0.0,223.155
2024-03-01,02X,0.0,336.49
2022-05-01,02X,0.0,328.2830000000001
2022-04-01,02Y,0.0,308.07800000000003
2026-04-01,02Y,0.0,320.517
2021-07-01,03F,0.0,304.14200000000005
2022-03-01,03H,0.0,171.72500000000002
2024-09-01,03H,0.0,174.713
2022-06-01,03H,0.0,171.85299999999998
2023-04-01,03R,0.0,392.3910000000001
2023-01-01,03W,0.0,354.741
2024-09-01,03W,0.0,360.423
2023-06-01,03W,0.0,355.913
2022-06-01,04C,0.0,427.21900000000005
2021-08-01,04C,0.0,422.1400000000001
2025-07-01,05D,0.0,155.23700000000002
2022-09-01,05D,0.0,149.17
2021-07-01,05D,0.0,147.163
2024-08-01,05D,0.0,154.219
2023-11-01,05Q,0.0,220.90000000000006
2023-02-01,05V,0.0,153.464
2024-06-01,05W,0.0,298.10900000000015
2024-08-01,06H,0.0,1049.7020000000005
2024-04-01,06K,0.0,631.852
2021-08-01,06K,0.0,615.2460000000001
2024-04-01,06N,0.0,686.7740000000002
2025-06-01,06N,0.0,693.4059999999995
2022-05-01,06T,0.0,366.03299999999996
2023-02-01,07G,0.0,185.83200000000002
2022-01-01,09D,0.0,329.346
2025-07-01,10Q,0.0,828.2089999999998
2024-04-01,10R,0.0,235.88400000000001
2023-12-01,11N,0.0,603.365
2021-07-01,11X,0.0,590.6469999999999
2023-07-01,11X,0.0,601.2859999999998
2026-06-01,11X,0.0,605.0620000000002
2022-10-01,12F,0.0,340.83700000000016
2022-09-01,12F,0.0,340.836
2022-05-01,13T,0.0,539.6890000000001
2023-08-01,14L,0.0,719.4660000000002
2022-06-01,14Y,0.0,579.749
2022-08-01,15A,0.0,571.4800000000001
2026-02-01,15A,0.0,588.2539999999999
2025-12-01,15A,0.0,590.217
2022-07-01,15C,0.0,1062.335
2025-11-01,15E,0.0,1650.3579999999997
2024-01-01,15N,0.0,1292.7060000000001
2022-11-01,15N,0.0,1277.983
2025-10-01,16C,0.0,741.5340000000001
2023-03-01,26A,0.0,1088.2580000000003
2021-07-01,26A,0.0,1076.3609999999996
2024-06-01,27D,0.0,817.3149999999998
2024-07-01,27D,0.0,818.0970000000001
2022-09-01,36L,0.0,1736.8979999999997
2023-08-01,36L,0.0,1753.7620000000015
2021-08-01,52R,0.0,1101.9809999999998
2021-09-01,52R,0.0,1102.1480000000001
2023-01-01,52R,0.0,1135.0670000000002
2023-01-01,70F,0.0,930.0710000000001
2024-08-01,71E,0.0,822.3399999999999
2022-09-01,91Q,0.0,1974.223
2025-04-01,93C,0.0,1836.8810000000005
2022-01-01,97R,0.0,566.5409999999998
2021-08-01,99E,0.0,285.05699999999996
2024-04-01,99F,0.0,187.421
2025-09-01,99G,0.0,196.78300000000004
2024-12-01,A3A8R,0.0,2466.0060000000003
2025-09-01,A3A8R,0.0,2484.006000000001
2022-10-01,B2M3M,0.0,1064.366999999999
2025-04-01,B2M3M,0.0,1118.741
2025-11-01,D2P2L,0.0,1343.4720000000002
2023-05-01,D9Y0V,0.0,1917.1419999999996
2025-03-01,M2L0M,0.0,536.6049999999999
2024-03-01,X2C4Y,0.0,459.22499999999997
2024-07-01,X2C4Y,0.0,460.39200000000005
2025-04-01,00D,0.0,0.0
2024-10-01,00D,0.0,0.0
2022-08-01,00J,0.0,0.0
2022-01-01,00K,0.0,0.0
2024-01-01,01R,0.0,0.0
2022-04-01,02F,0.0,0.0
2024-12-01,02R,0.0,0.0
2024-11-01,02R,0.0,0.0
2025-03-01,02V,0.0,0.0
2023-01-01,02V,0.0,0.0
2022-09-01,03A,0.0,0.0
2024-10-01,03J,0.0,0.0
2026-05-01,03J,0.0,0.0
2026-03-01,03M,0.0,0.0
2022-05-01,03M,0.0,0.0
2025-07-01,03Y,0.0,0.0
2023-07-01,03Y,0.0,0.0
2022-06-01,04D,0.0,0.0
2025-11-01,04D,0.0,0.0
2023-04-01,04E,0.0,0.0
2025-07-01,04F,0.0,0.0
2023-10-01,04F,0.0,0.0
2023-07-01,04G,0.0,0.0
2025-01-01,04G,0.0,0.0
2022-08-01,04H,0.0,0.0
2024-03-01,04H,0.0,0.0
2024-01-01,04J,0.0,0.0
2024-06-01,04K,0.0,0.0
2025-01-01,04M,0.0,0.0
2023-12-01,04M,0.0,0.0
2026-03-01,04R,0.0,0.0
2022-07-01,04R,0.0,0.0
2023-10-01,04X,0.0,0.0
2022-03-01,04X,0.0,0.0
2025-06-01,05A,0.0,0.0
2025-04-01,05C,0.0,0.0
2023-03-01,05C,0.0,0.0
2024-04-01,05F,0.0,0.0
2025-08-01,05F,0.0,0.0
2023-10-01,05F,0.0,0.0
2021-11-01,05F,0.0,0.0
2022-05-01,05H,0.0,0.0
2022-07-01,05H,0.0,0.0
2022-12-01,05H,0.0,0.0
2023-01-01,05L,0.0,0.0
2024-07-01,05L,0.0,0.0
2023-12-01,05R,0.0,0.0
2025-05-01,05T,0.0,0.0
2023-12-01,05T,0.0,0.0
2024-08-01,05T,0.0,0.0
2023-01-01,05T,0.0,0.0
2021-12-01,05X,0.0,0.0
2023-11-01,05X,0.0,0.0
2024-03-01,05Y,0.0,0.0
2026-01-01,05Y,0.0,0.0
2026-03-01,05Y,0.0,0.0
2021-06-01,06A,0.0,0.0
2022-05-01,06A,0.0,0.0
2024-03-01,06D,0.0,0.0
2022-03-01,06D,0.0,0.0
2023-10-01,06D,0.0,0.0
2026-03-01,06D,0.0,0.0
2022-12-01,06F,0.0,0.0
2021-07-01,06F,0.0,0.0
2024-02-01,06F,0.0,0.0
2024-02-01,06M,0.0,0.0
2025-03-01,06P,0.0,0.0
2025-09-01,06P,0.0,0.0
2024-09-01,06W,0.0,0.0
2024-01-01,06Y,0.0,0.0
2024-07-01,07N,0.0,0.0
2024-06-01,07N,0.0,0.0
2026-01-01,07P,0.0,0.0
2021-12-01,07P,0.0,0.0
2025-01-01,07P,0.0,0.0
2022-11-01,07P,0.0,0.0
2024-11-01,07R,0.0,0.0
2022-04-01,07R,0.0,0.0
2022-06-01,07R,0.0,0.0
2023-02-01,07T,0.0,0.0
2026-04-01,07X,0.0,0.0
2023-04-01,07X,0.0,0.0
2025-05-01,07Y,0.0,0.0
2026-05-01,07Y,0.0,0.0
2023-04-01,08A,0.0,0.0
2022-09-01,08A,0.0,0.0
2022-07-01,08E,0.0,0.0
2024-08-01,08E,0.0,0.0
2024-05-01,08F,0.0,0.0
2025-10-01,08F,0.0,0.0
2025-06-01,08G,0.0,0.0
2024-02-01,08H,0.0,0.0
2021-06-01,08H,0.0,0.0
2024-10-01,08H,0.0,0.0
2025-06-01,08K,0.0,0.0
2022-05-01,08N,0.0,0.0
2023-12-01,08N,0.0,0.0
2026-02-01,08Q,0.0,0.0
2026-06-01,08Q,0.0,0.0
2026-03-01,08Q,0.0,0.0
2023-01-01,08Q,0.0,0.0
2025-06-01,08Q,0.0,0.0
2021-07-01,08V,0.0,0.0
2024-07-01,08X,0.0,0.0
2022-10-01,08X,0.0,0.0
2025-11-01,09C,0.0,0.0
2022-09-01,09E,0.0,0.0
2022-10-01,09E,0.0,0.0
2022-12-01,09E,0.0,0.0
2022-10-01,09F,0.0,0.0
2024-11-01,09F,0.0,0.0
2026-04-01,09F,0.0,0.0
2023-04-01,09G,0.0,0.0
2025-07-01,09L,0.0,0.0
2025-04-01,09P,0.0,0.0
2024-01-01,09P,0.0,0.0
2022-10-01,10D,0.0,0.0
2023-12-01,10J,0.0,0.0
2024-06-01,10K,0.0,0.0
2024-09-01,10K,0.0,0.0
2023-03-01,10L,0.0,0.0
2022-01-01,10M,0.0,0.0
2025-12-01,10M,0.0,0.0
2025-08-01,10W,0.0,0.0
2025-12-01,10W,0.0,0.0
2024-10-01,10W,0.0,0.0
2021-06-01,10X,0.0,0.0
2023-08-01,10X,0.0,0.0
2025-01-01,11H,0.0,0.0
2025-08-01,11T,0.0,0.0
2024-10-01,11T,0.0,0.0
2025-11-01,11T,0.0,0.0
2025-12-01,12D,0.0,0.0
2021-08-01,13P,0.0,0.0
2022-07-01,13P,0.0,0.0
2025-10-01,15D,0.0,0.0
2024-07-01,99H,0.0,0.0
2026-02-01,99H,0.0,0.0
2022-04-01,99H,0.0,0.0
2021-06-01,99K,0.0,0.0
2023-07-01,99K,0.0,0.0
2022-09-01,99K,0.0,0.0
2022-10-01,99M,0.0,0.0
2022-11-01,99M,0.0,0.0
2024-03-01,99N,0.0,0.0
2023-04-01,99N,0.0,0.0
2024-04-01,99N,0.0,0.0
2025-02-01,99P,0.0,0.0
2026-03-01,99Q,0.0,0.0
2023-01-01,00L,2.82314,335.1449999999999
2022-08-01,00P,3.81598,286.9819999999999
2023-10-01,01G,8.14306,312.8450000000001
2023-01-01,01G,7.63886,308.17699999999996
2026-05-01,01H,4.42122,337.44599999999997
2025-01-01,01H,8.84063,336.52099999999996
2023-11-01,03N,59.00296,638.7479999999999
2021-06-01,03N,54.513110000000005,613.487
2023-08-01,06N,4.07724,682.1170000000001
2022-08-01,07H,5.61965,325.797
2025-04-01,11J,4.42053,831.975
2026-03-01,11J,26.46457,828.6720000000003
2025-07-01,11J,2.94804,831.4899999999999
2024-11-01,11J,4.13534,833.011
2025-10-01,14Y,4.91474,598.459
2022-02-01,14Y,5.6296,577.893
2025-10-01,15C,4.42071,1098.28
2023-08-01,15E,2.99078,1604.871000000001
2023-02-01,15E,2.99351,1588.935000000001
2023-07-01,15M,33.09818,1123.5530000000003
2026-05-01,36J,11.79378,666.4779999999996
2025-10-01,71E,2.9481,826.0650000000003
2025-01-01,78H,15.21501,848.8299999999998
2023-06-01,92G,16.34708,994.1329999999999
2022-06-01,97R,14.42558,567.782
2025-08-01,99F,25.03868,188.84500000000003
2025-01-01,A3A8R,3.79173,2469.804999999999
2025-09-01,00L,0.0,343.582
2024-05-01,00L,0.0,339.4289999999999
2025-10-01,00N,0.0,159.601
2025-01-01,00N,0.0,159.95299999999997
2026-03-01,00N,0.0,159.097
2023-08-01,00N,0.0,159.495
2022-01-01,00R,0.0,175.74499999999995
2024-01-01,00T,0.0,328.8680000000001
2024-10-01,00V,0.0,212.36300000000003
2023-03-01,00V,0.0,209.69899999999996
2023-09-01,00V,0.0,210.52999999999994
2021-08-01,00X,0.0,187.507
2024-02-01,01A,0.0,405.20500000000004
2022-12-01,01A,0.0,398.5560000000001
2025-05-01,01J,0.0,174.04000000000002
2022-05-01,01X,0.0,200.37200000000004
2024-08-01,02A,0.0,249.36600000000004
2025-12-01,02G,0.0,118.703
2022-12-01,02H,0.0,341.14600000000013
2024-03-01,02P,0.0,269.50200000000007
2023-08-01,02P,0.0,268.423
2024-03-01,02Q,0.0,126.231
2022-08-01,02Y,0.0,308.98799999999994
2025-01-01,02Y,0.0,317.46500000000003
2022-11-01,03H,0.0,172.181
2022-05-01,03H,0.0,171.756
2025-03-01,03K,0.0,185.69800000000004
2023-02-01,03L,0.0,269.06
2025-07-01,03L,0.0,276.42600000000004
2025-10-01,03L,0.0,276.894
2024-11-01,03Q,0.0,252.678
2022-06-01,03R,0.0,389.18699999999995
2024-11-01,03W,0.0,360.87399999999997
2025-12-01,03W,0.0,362.05299999999994
2024-07-01,04V,0.0,420.5320000000001
2023-12-01,04Y,0.0,139.185
2024-06-01,04Y,0.0,139.99099999999999
2023-11-01,04Y,0.0,139.222
2022-02-01,05D,0.0,147.971
2024-10-01,05Q,0.0,222.328
2026-05-01,05V,0.0,156.573
2025-06-01,05W,0.0,300.851
2022-05-01,06H,0.0,1014.8039999999996
2024-10-01,06H,0.0,1050.6809999999998
2022-09-01,06Q,0.0,407.971
2025-07-01,06Q,0.0,424.552
2024-05-01,06T,0.0,376.50199999999984
2023-06-01,10R,0.0,234.017
2024-10-01,10R,0.0,235.35
2022-11-01,11N,0.0,599.7669999999999
2021-07-01,11N,0.0,594.3700000000001
2025-10-01,11X,0.0,608.5539999999997
2022-08-01,12F,0.0,340.41499999999996
2026-02-01,12F,0.0,346.411
2026-06-01,12F,0.0,346.1130000000001
2026-04-01,15A,0.0,586.872
2022-02-01,15A,0.0,568.0729999999999
2023-02-01,15C,0.0,1070.1249999999995
2021-06-01,15M,0.0,1102.1600000000008
2022-03-01,18C,0.0,815.213
2025-02-01,26A,0.0,1100.4140000000004
2025-11-01,26A,0.0,1103.3920000000003
2026-04-01,27D,0.0,824.6209999999996
2021-07-01,27D,0.0,789.7390000000003
2022-11-01,27D,0.0,803.1750000000003
2023-11-01,36L,0.0,1758.7240000000008
2022-10-01,78H,0.0,818.4859999999999
2025-12-01,91Q,0.0,2044.0500000000006
2026-04-01,92A,0.0,1298.222
2024-01-01,92A,0.0,1293.4019999999996
2026-01-01,97R,0.0,576.9879999999999
2026-01-01,99C,0.0,229.422
2021-06-01,99E,0.0,284.55300000000005
2022-09-01,A3A8R,0.0,2375.496999999999
2022-01-01,D9Y0V,0.0,1891.3889999999997
2023-12-01,D9Y0V,0.0,1915.254999999999
2021-12-01,M2L0M,0.0,517.7279999999998
2024-06-01,U2G6B,0.0,497.036
2025-12-01,X2C4Y,0.0,462.3520000000001
2023-06-01,00D,0.0,0.0
2024-08-01,00J,0.0,0.0
2023-05-01,00K,0.0,0.0
2022-12-01,00M,0.0,0.0
2025-01-01,01R,0.0,0.0
2022-09-01,02R,0.0,0.0
2023-08-01,02V,0.0,0.0
2023-03-01,02V,0.0,0.0
2022-04-01,02W,0.0,0.0
2023-06-01,02W,0.0,0.0
2025-05-01,02W,0.0,0.0
2025-06-01,03A,0.0,0.0
2025-05-01,03A,0.0,0.0
2023-02-01,03J,0.0,0.0
2023-05-01,03J,0.0,0.0
2021-12-01,03M,0.0,0.0
2025-11-01,03M,0.0,0.0
2021-10-01,03M,0.0,0.0
2022-12-01,03M,0.0,0.0
2021-10-01,03Y,0.0,0.0
2026-01-01,03Y,0.0,0.0
2022-04-01,03Y,0.0,0.0
2026-03-01,04D,0.0,0.0
2023-08-01,04D,0.0,0.0
2022-09-01,04D,0.0,0.0
2024-03-01,04F,0.0,0.0
2024-05-01,04G,0.0,0.0
2025-05-01,04G,0.0,0.0
2025-04-01,04G,0.0,0.0
2022-02-01,04G,0.0,0.0
2023-11-01,04H,0.0,0.0
2025-02-01,04J,0.0,0.0
2024-10-01,04J,0.0,0.0
2022-08-01,04L,0.0,0.0
2022-07-01,04L,0.0,0.0
2023-02-01,04L,0.0,0.0
2024-09-01,04Q,0.0,0.0
2025-02-01,05A,0.0,0.0
2024-01-01,05C,0.0,0.0
2021-06-01,05C,0.0,0.0
2022-12-01,05C,0.0,0.0
2024-11-01,05C,0.0,0.0
2025-07-01,05F,0.0,0.0
2023-07-01,05F,0.0,0.0
2024-11-01,05L,0.0,0.0
2025-12-01,05L,0.0,0.0
2023-07-01,05R,0.0,0.0
2023-11-01,05R,0.0,0.0
2023-05-01,05X,0.0,0.0
2025-10-01,05Y,0.0,0.0
2024-11-01,05Y,0.0,0.0
2025-11-01,06A,0.0,0.0
2022-02-01,06D,0.0,0.0
2025-05-01,06F,0.0,0.0
2024-03-01,06F,0.0,0.0
2024-01-01,06M,0.0,0.0
2026-04-01,06W,0.0,0.0
2025-04-01,06Y,0.0,0.0
2025-05-01,06Y,0.0,0.0
2022-11-01,07L,0.0,0.0
2025-02-01,07L,0.0,0.0
2022-12-01,07M,0.0,0.0
2025-12-01,07N,0.0,0.0
2021-12-01,07T,0.0,0.0
2022-07-01,07T,0.0,0.0
2024-09-01,07V,0.0,0.0
2025-12-01,07V,0.0,0.0
2024-02-01,07W,0.0,0.0
2022-09-01,07Y,0.0,0.0
2024-12-01,07Y,0.0,0.0
2025-02-01,08A,0.0,0.0
2022-06-01,08C,0.0,0.0
2023-04-01,08C,0.0,0.0
2022-10-01,08C,0.0,0.0
2024-07-01,08D,0.0,0.0
2025-06-01,08D,0.0,0.0
2021-09-01,08D,0.0,0.0
2023-10-01,08D,0.0,0.0
2022-09-01,08E,0.0,0.0
2021-11-01,08E,0.0,0.0
2021-07-01,08F,0.0,0.0
2023-10-01,08F,0.0,0.0
2022-09-01,08G,0.0,0.0
2024-02-01,08G,0.0,0.0
2023-01-01,08H,0.0,0.0
2023-02-01,08H,0.0,0.0
2025-08-01,08K,0.0,0.0
2025-02-01,08K,0.0,0.0
2022-10-01,08L,0.0,0.0
2023-05-01,08L,0.0,0.0
2022-07-01,08M,0.0,0.0
2023-02-01,08Q,0.0,0.0
2023-03-01,08Q,0.0,0.0
2022-03-01,08R,0.0,0.0
2022-10-01,08T,0.0,0.0
2022-05-01,08T,0.0,0.0
2025-10-01,08T,0.0,0.0
2022-08-01,08V,0.0,0.0
2021-12-01,08V,0.0,0.0
2022-12-01,08W,0.0,0.0
2021-07-01,08W,0.0,0.0
2023-06-01,08W,0.0,0.0
2024-03-01,08X,0.0,0.0
2025-12-01,08Y,0.0,0.0
2024-05-01,09A,0.0,0.0
2025-11-01,09A,0.0,0.0
2026-01-01,09C,0.0,0.0
2024-09-01,09C,0.0,0.0
2022-01-01,09E,0.0,0.0
2024-03-01,09F,0.0,0.0
2022-08-01,09G,0.0,0.0
2024-10-01,09J,0.0,0.0
2022-12-01,09J,0.0,0.0
2021-12-01,09W,0.0,0.0
2024-12-01,09Y,0.0,0.0
2024-04-01,09Y,0.0,0.0
2025-05-01,09Y,0.0,0.0
2024-02-01,10A,0.0,0.0
2026-04-01,10C,0.0,0.0
2021-11-01,10J,0.0,0.0
2022-08-01,10J,0.0,0.0
2021-11-01,10K,0.0,0.0
2025-12-01,10K,0.0,0.0
2024-04-01,10K,0.0,0.0
2025-07-01,10L,0.0,0.0
2026-03-01,10L,0.0,0.0
2023-11-01,10L,0.0,0.0
2024-06-01,10L,0.0,0.0
2026-06-01,10M,0.0,0.0
2023-07-01,10M,0.0,0.0
2021-10-01,10V,0.0,0.0
2022-10-01,10V,0.0,0.0
2022-07-01,10V,0.0,0.0
2024-06-01,10V,0.0,0.0
2024-09-01,10W,0.0,0.0
2022-03-01,11A,0.0,0.0
2022-11-01,11A,0.0,0.0
2025-08-01,11A,0.0,0.0
2026-05-01,11E,0.0,0.0
2026-06-01,11H,0.0,0.0
2024-03-01,11H,0.0,0.0
2025-01-01,11T,0.0,0.0
2024-07-01,12D,0.0,0.0
2024-07-01,13P,0.0,0.0
2024-09-01,99D,0.0,0.0
2023-12-01,99D,0.0,0.0
2022-04-01,99D,0.0,0.0
2026-02-01,99D,0.0,0.0
2023-01-01,99K,0.0,0.0
2026-04-01,99M,0.0,0.0
2021-10-01,99N,0.0,0.0
2026-04-01,99P,0.0,0.0
2023-04-01,99P,0.0,0.0
2023-08-01,99P,0.0,0.0
2022-05-01,99Q,0.0,0.0
2022-09-01,99Q,0.0,0.0
2025-04-01,99Q,0.0,0.0
2021-10-01,99Q,0.0,0.0
2021-08-01,00V,15.21812,208.15499999999994
2022-09-01,01G,3.81655,304.85
2026-01-01,01H,4.42112,337.67899999999986
2021-12-01,01H,2.81278,328.6980000000001
2026-05-01,01W,6.38808,330.49800000000005
2024-11-01,05V,12.20362,156.39399999999998
2026-03-01,05V,6.38791,156.84599999999998
2025-07-01,06H,2.94804,1058.018
2025-08-01,06H,2.94804,1058.4060000000004
2024-05-01,06K,8.27097,632.4429999999999
2025-01-01,06L,2.94784,418.5300000000001
2025-07-01,06T,11.76735,380.3829999999999
2025-05-01,13T,5.88358,561.089
2022-01-01,14Y,14.06986,577.3670000000001
2022-02-01,15C,4.51552,1059.1169999999997
2021-07-01,15E,11.91112,1555.2590000000002
2023-01-01,15M,17.60127,1118.0339999999997
2023-12-01,15M,55.950610000000005,1130.6759999999997
2025-12-01,15M,78.82946,1145.0269999999998
2024-02-01,70F,3.07486,938.4639999999999
2023-12-01,72Q,18.85462,2098.2530000000006
2026-03-01,78H,2.94836,850.6129999999998
2021-12-01,91Q,2.81278,1956.9129999999986
2025-07-01,92G,4.42061,1012.5630000000002
2021-06-01,92G,17.9786,970.157
2025-07-01,99A,19.1207,597.8290000000001
2026-04-01,99C,2.94841,229.367
2026-06-01,99G,5.88454,196.19499999999994
2022-10-01,D2P2L,8.41678,1293.9119999999991
2021-10-01,M1J4Y,7.5977,1065.7590000000002
2024-10-01,M1J4Y,6.20005,1141.8749999999998
2022-12-01,00L,0.0,335.1209999999999
2024-10-01,00N,0.0,159.938
2022-12-01,00N,0.0,159.177
2025-09-01,00P,0.0,295.229
2022-01-01,00P,0.0,285.82500000000005
2026-02-01,00P,0.0,295.24799999999993
2022-07-01,00Q,0.0,181.61499999999998
2021-06-01,00R,0.0,175.04
2025-02-01,00T,0.0,333.80699999999996
2023-03-01,00T,0.0,323.64199999999994
2023-11-01,00V,0.0,210.683
2024-11-01,00V,0.0,212.38299999999992
2025-08-01,00V,0.0,212.766
2023-03-01,00X,0.0,189.64000000000004
2024-07-01,00X,0.0,192.48
2022-09-01,00Y,0.0,263.06899999999996
2022-04-01,00Y,0.0,262.406
2026-05-01,00Y,0.0,268.128
2026-01-01,01D,0.0,253.539
2022-10-01,01J,0.0,170.427
2023-07-01,01K,0.0,355.52599999999995
2025-01-01,01T,0.0,161.01899999999998
2023-05-01,01W,0.0,324.11800000000005
2022-12-01,01W,0.0,322.8780000000001
2022-09-01,01W,0.0,322.38100000000003
2025-05-01,01Y,0.0,228.75099999999998
2023-01-01,01Y,0.0,221.43
2024-10-01,02A,0.0,249.45000000000005
2022-10-01,02A,0.0,247.3499999999999
2025-09-01,02G,0.0,118.269
2022-10-01,02H,0.0,340.201
2026-06-01,02H,0.0,352.42400000000004
2022-10-01,02M,0.0,183.666
2025-02-01,02P,0.0,270.83699999999993
2024-01-01,02P,0.0,269.19800000000004
2026-05-01,02X,0.0,340.716
2021-10-01,02X,0.0,327.1160000000001
2025-11-01,03H,0.0,174.761
2024-06-01,03H,0.0,174.281
2025-08-01,03K,0.0,185.722
2021-12-01,03K,0.0,183.49300000000002
2025-01-01,03K,0.0,185.65699999999998
2025-12-01,03L,0.0,276.969
2023-04-01,03L,0.0,269.67
2022-05-01,03Q,0.0,250.85700000000003
2022-02-01,03Q,0.0,251.166
2023-07-01,03W,0.0,355.55500000000006
2023-10-01,03W,0.0,357.04099999999994
2024-12-01,03W,0.0,359.783
2025-10-01,04C,0.0,448.51699999999994
2024-04-01,04C,0.0,449.45599999999996
2021-12-01,04C,0.0,424.60999999999996
2021-10-01,04V,0.0,406.86300000000006
2022-05-01,04Y,0.0,136.11599999999999
2025-08-01,05G,0.0,230.849
2024-05-01,05G,0.0,231.3609999999999
2025-02-01,05Q,0.0,222.94900000000004
2022-08-01,05Q,0.0,219.17399999999998
2025-08-01,05Q,0.0,223.84299999999996
2025-06-01,05Q,0.0,223.47
2026-02-01,06H,0.0,1057.3399999999997
2023-04-01,06H,0.0,1032.874
2021-11-01,06K,0.0,616.0049999999998
2026-03-01,06K,0.0,636.3859999999999
2024-01-01,06K,0.0,629.4630000000002
2026-03-01,06N,0.0,691.645
2021-06-01,06Q,0.0,401.58099999999996
2022-04-01,07G,0.0,184.541
2023-07-01,07G,0.0,186.662
2021-08-01,07K,0.0,269.837
2022-06-01,07K,0.0,272.006
2024-11-01,07K,0.0,279.901
2024-05-01,09D,0.0,333.465
2021-11-01,10Q,0.0,790.6890000000001
2026-05-01,10Q,0.0,824.4100000000001
2022-10-01,10R,0.0,231.05499999999995
2024-07-01,11M,0.0,692.7919999999999
2023-09-01,11N,0.0,601.703
2024-07-01,11N,0.0,604.377
2026-03-01,11X,0.0,606.2100000000002
2023-08-01,12F,0.0,342.42800000000005
2021-09-01,13T,0.0,531.1529999999999
2026-04-01,13T,0.0,558.9799999999999
2022-11-01,13T,0.0,544.6679999999999
2024-12-01,14L,0.0,750.6930000000003
2023-03-01,14L,0.0,716.2119999999999
2023-06-01,14Y,0.0,585.048
2022-01-01,15C,0.0,1057.2500000000002
2025-08-01,15C,0.0,1096.0280000000002
2026-06-01,15E,0.0,1634.1760000000006
2022-01-01,15N,0.0,1269.9150000000006
2024-08-01,18C,0.0,831.844
2023-10-01,18C,0.0,826.5160000000002
2021-09-01,27D,0.0,791.9300000000001
2022-11-01,36J,0.0,654.7639999999999
2023-02-01,36L,0.0,1745.4370000000004
2024-11-01,71E,0.0,823.2290000000002
2024-03-01,72Q,0.0,2105.870999999999
2025-08-01,78H,0.0,851.9110000000001
2025-07-01,84H,0.0,569.2950000000001
2024-12-01,84H,0.0,569.6730000000001
2024-03-01,91Q,0.0,2015.137
2023-09-01,92G,0.0,996.7719999999995
2022-04-01,97R,0.0,567.2039999999998
2022-09-01,99C,0.0,225.05499999999998
2021-06-01,99C,0.0,223.41299999999998
2021-06-01,99F,0.0,185.65399999999997
2026-02-01,99G,0.0,196.61299999999997
2022-07-01,99G,0.0,190.58999999999995
2021-09-01,B2M3M,0.0,1035.4229999999995
2021-11-01,B2M3M,0.0,1045.0520000000001
2024-06-01,D2P2L,0.0,1334.891
2025-12-01,D9Y0V,0.0,1931.6560000000009
2025-06-01,M2L0M,0.0,536.9350000000003
2023-07-01,M2L0M,0.0,526.1770000000001
2021-11-01,M2L0M,0.0,517.0229999999999
2022-04-01,M2L0M,0.0,519.4670000000001
2022-03-01,U2G6B,0.0,457.9359999999999
2024-06-01,00K,0.0,0.0
2025-02-01,00M,0.0,0.0
2024-12-01,00M,0.0,0.0
2024-02-01,01R,0.0,0.0
2024-08-01,02F,0.0,0.0
2022-10-01,02R,0.0,0.0
2023-12-01,02V,0.0,0.0
2022-08-01,02W,0.0,0.0
2024-03-01,02W,0.0,0.0
2024-07-01,03M,0.0,0.0
2023-11-01,03Y,0.0,0.0
2021-08-01,03Y,0.0,0.0
2022-03-01,04D,0.0,0.0
2022-12-01,04F,0.0,0.0
2022-03-01,04G,0.0,0.0
2022-07-01,04H,0.0,0.0
2022-08-01,04J,0.0,0.0
2023-02-01,04M,0.0,0.0
2021-10-01,04Q,0.0,0.0
2025-05-01,04R,0.0,0.0
2025-10-01,04R,0.0,0.0
2024-09-01,04R,0.0,0.0
2024-07-01,04R,0.0,0.0
2025-04-01,04X,0.0,0.0
2022-01-01,05A,0.0,0.0
2024-01-01,05A,0.0,0.0
2026-06-01,05A,0.0,0.0
2023-05-01,05C,0.0,0.0
2022-03-01,05L,0.0,0.0
2025-04-01,05L,0.0,0.0
2025-12-01,05R,0.0,0.0
2022-03-01,05T,0.0,0.0
2023-08-01,05T,0.0,0.0
2023-04-01,05Y,0.0,0.0
2024-07-01,06P,0.0,0.0
2022-05-01,06P,0.0,0.0
2024-08-01,06W,0.0,0.0
2023-11-01,06W,0.0,0.0
2022-07-01,07L,0.0,0.0
2025-09-01,07M,0.0,0.0
2025-04-01,07M,0.0,0.0
2023-12-01,07N,0.0,0.0
2024-05-01,07P,0.0,0.0
2025-10-01,07P,0.0,0.0
2025-05-01,07T,0.0,0.0
2024-06-01,07T,0.0,0.0
2023-11-01,07W,0.0,0.0
2024-05-01,07X,0.0,0.0
2024-04-01,07X,0.0,0.0
2025-07-01,07Y,0.0,0.0
2024-01-01,07Y,0.0,0.0
2022-12-01,08C,0.0,0.0
2022-07-01,08D,0.0,0.0
2022-05-01,08D,0.0,0.0
2025-03-01,08D,0.0,0.0
2023-05-01,08D,0.0,0.0
2026-04-01,08F,0.0,0.0
2021-12-01,08G,0.0,0.0
2025-01-01,08H,0.0,0.0
2023-05-01,08H,0.0,0.0
2022-10-01,08H,0.0,0.0
2024-01-01,08H,0.0,0.0
2024-04-01,08K,0.0,0.0
2021-08-01,08K,0.0,0.0
2023-12-01,08L,0.0,0.0
2022-03-01,08M,0.0,0.0
2024-05-01,08N,0.0,0.0
2023-07-01,08Q,0.0,0.0
2022-10-01,08Q,0.0,0.0
2023-09-01,08R,0.0,0.0
2021-07-01,08R,0.0,0.0
2025-12-01,08T,0.0,0.0
2025-02-01,08W,0.0,0.0
2025-12-01,08X,0.0,0.0
2024-03-01,09A,0.0,0.0
2022-11-01,09A,0.0,0.0
2023-09-01,09A,0.0,0.0
2024-07-01,09C,0.0,0.0
2023-04-01,09E,0.0,0.0
2024-01-01,09F,0.0,0.0
2024-12-01,09G,0.0,0.0
2022-08-01,09J,0.0,0.0
2026-02-01,09J,0.0,0.0
2022-11-01,09L,0.0,0.0
2025-01-01,09P,0.0,0.0
2023-08-01,09P,0.0,0.0
2021-06-01,09W,0.0,0.0
2025-07-01,09W,0.0,0.0
2025-03-01,09Y,0.0,0.0
2021-08-01,10A,0.0,0.0
2024-10-01,10C,0.0,0.0
2022-04-01,10D,0.0,0.0
2022-11-01,10E,0.0,0.0
2023-11-01,10K,0.0,0.0
2025-11-01,10K,0.0,0.0
2021-06-01,10L,0.0,0.0
2022-06-01,10L,0.0,0.0
2023-06-01,10M,0.0,0.0
2023-09-01,10V,0.0,0.0
2025-05-01,10X,0.0,0.0
2021-11-01,11A,0.0,0.0
2022-09-01,11E,0.0,0.0
2025-02-01,11H,0.0,0.0
2026-03-01,11H,0.0,0.0
2021-06-01,11H,0.0,0.0
2025-03-01,11T,0.0,0.0
2023-01-01,12D,0.0,0.0
2023-05-01,12D,0.0,0.0
2021-09-01,13P,0.0,0.0
2022-11-01,13P,0.0,0.0
2025-01-01,15D,0.0,0.0
2022-08-01,15D,0.0,0.0
2025-09-01,99D,0.0,0.0
2023-02-01,99D,0.0,0.0
2025-05-01,99D,0.0,0.0
2026-05-01,99H,0.0,0.0
2025-08-01,99H,0.0,0.0
2023-12-01,99K,0.0,0.0
2022-04-01,99M,0.0,0.0
2022-09-01,99N,0.0,0.0
2025-07-01,99N,0.0,0.0
2024-08-01,99P,0.0,0.0
2025-05-01,99P,0.0,0.0
2023-09-01,99Q,0.0,0.0
2024-05-01,D4U1Y,0.0,0.0
2023-12-01,00P,4.093,293.1290000000001
2024-09-01,01H,8.27109,335.87899999999996
2022-12-01,01H,13.06956,331.453
2023-03-01,02P,3.82751,267.317
2022-05-01,03F,2.98729,306.95900000000006
2024-06-01,03F,6.13344,314.656
2025-09-01,03N,31.57925,634.8250000000003
2024-02-01,03N,40.96698,639.0640000000001
2025-01-01,05V,6.38678,156.48100000000002
2025-10-01,05V,6.38734,157.207
2024-12-01,06H,6.19973,1055.1680000000001
2025-12-01,06Q,5.88441,426.36300000000006
2021-07-01,15C,630.42624,1046.0829999999999
2024-09-01,15M,52.62738,1139.3849999999998
2024-08-01,36J,6.18761,668.9859999999999
2025-08-01,36J,2.94804,669.9429999999999
2023-06-01,36L,8.19214,1749.046
2024-04-01,36L,11.304490000000001,1764.104
2024-02-01,52R,4.10196,1145.1560000000002
2024-03-01,78H,6.04409,839.7130000000001
2023-03-01,84H,7.64261,563.7229999999998
2022-12-01,97R,2.98535,570.4779999999998
2023-03-01,97R,2.99324,571.151
2024-09-01,99F,3.10001,187.96200000000005
2023-04-01,U2G6B,16.35368,467.48699999999997
2021-07-01,00L,0.0,332.0899999999999
2025-11-01,00L,0.0,343.9239999999999
2022-11-01,00N,0.0,159.17599999999996
2022-02-01,00R,0.0,176.13400000000001
2024-05-01,00V,0.0,211.79500000000002
2026-04-01,01A,0.0,410.33799999999997
2023-02-01,01A,0.0,399.0140000000001
2022-04-01,01D,0.0,242.69400000000002
2022-01-01,01D,0.0,241.95499999999996
2025-02-01,01F,0.0,136.783
2022-10-01,01F,0.0,135.01399999999998
2026-03-01,01F,0.0,135.86399999999998
2022-10-01,01H,0.0,331.00800000000004
2022-12-01,01J,0.0,170.506
2024-08-01,01J,0.0,173.10100000000006
2025-02-01,01J,0.0,173.873
2022-11-01,01J,0.0,170.525
2022-04-01,01J,0.0,170.20700000000002
2022-01-01,01K,0.0,353.69900000000007
2023-09-01,01K,0.0,355.01
2023-09-01,01T,0.0,158.636
2026-06-01,01T,0.0,161.68200000000002
2021-11-01,01V,0.0,126.39099999999999
2022-04-01,01W,0.0,320.75699999999995
2023-06-01,02A,0.0,248.10999999999996
2025-11-01,02A,0.0,249.252
2021-11-01,02E,0.0,222.66199999999998
2022-05-01,02E,0.0,223.91299999999998
2023-01-01,02G,0.0,116.62800000000001
2025-11-01,02H,0.0,352.4390000000001
2023-08-01,02M,0.0,184.80299999999997
2021-11-01,02P,0.0,265.0109999999999
2025-08-01,02T,0.0,225.91600000000003
2024-05-01,02X,0.0,337.39
2024-05-01,03H,0.0,174.18199999999996
2021-10-01,03K,0.0,183.42299999999994
2026-03-01,03K,0.0,184.83700000000002
2024-07-01,03Q,0.0,251.076
2025-10-01,03Q,0.0,249.87099999999998
2026-04-01,03R,0.0,399.787
2024-04-01,03W,0.0,358.32499999999993
2022-10-01,04C,0.0,427.7760000000001
2024-11-01,04C,0.0,450.01199999999994
2023-09-01,04C,0.0,439.61600000000004
2023-03-01,04V,0.0,414.454
2025-09-01,04Y,0.0,140.82000000000002
2021-09-01,05D,0.0,147.583
2024-12-01,05D,0.0,154.833
2022-10-01,05G,0.0,218.39600000000004
2023-03-01,05Q,0.0,220.548
2025-12-01,05W,0.0,301.38100000000014
2026-02-01,05W,0.0,300.591
2023-09-01,05W,0.0,293.248
2021-09-01,06H,0.0,1002.4359999999996
2022-09-01,06L,0.0,411.82800000000003
2025-05-01,06N,0.0,692.997
2024-10-01,06Q,0.0,420.82699999999994
2021-09-01,06T,0.0,362.78000000000003
2022-01-01,07G,0.0,184.224
2021-12-01,07H,0.0,324.06700000000006
2023-02-01,07H,0.0,327.24799999999993
2021-08-01,07H,0.0,323.406
2022-11-01,07H,0.0,326.31999999999994
2022-05-01,07K,0.0,271.575
2025-01-01,07K,0.0,280.0769999999999
2025-12-01,09D,0.0,330.5909999999999
2023-09-01,09D,0.0,329.45200000000006
2024-11-01,09D,0.0,334.06700000000006
2023-10-01,10Q,0.0,813.183
2022-10-01,10Q,0.0,801.089
2025-07-01,10R,0.0,235.32100000000003
2023-10-01,10R,0.0,234.40099999999998
2023-01-01,11M,0.0,681.0460000000003
2021-06-01,11N,0.0,593.23
2025-09-01,11X,0.0,608.8050000000002
2023-05-01,11X,0.0,600.5979999999997
2024-06-01,13T,0.0,556.672
2024-11-01,14L,0.0,750.3149999999998
2024-11-01,15A,0.0,588.782
2023-12-01,15F,0.0,933.8000000000001
2025-06-01,16C,0.0,739.8019999999998
2023-08-01,26A,0.0,1089.9619999999998
2026-05-01,27D,0.0,824.1919999999994
2025-12-01,27D,0.0,825.0900000000005
2026-03-01,42D,0.0,570.045
2026-05-01,42D,0.0,569.7950000000001
2023-02-01,52R,0.0,1135.8259999999998
2023-05-01,52R,0.0,1137.3960000000006
2026-01-01,71E,0.0,825.4580000000003
2023-01-01,71E,0.0,812.8149999999999
2024-09-01,71E,0.0,822.859
2022-05-01,92A,0.0,1273.9179999999994
2026-06-01,92G,0.0,1010.651
2022-12-01,93C,0.0,1773.0240000000001
2023-04-01,99A,0.0,577.986
2023-10-01,99A,0.0,581.5340000000002
2026-04-01,99E,0.0,295.87200000000007
2022-09-01,99F,0.0,186.78199999999998
2022-10-01,99F,0.0,186.95499999999998
2021-09-01,99F,0.0,186.06099999999998
2021-08-01,B2M3M,0.0,1034.2740000000006
2025-06-01,D9Y0V,0.0,1930.4599999999998
2023-09-01,M2L0M,0.0,527.461
2026-05-01,M2L0M,0.0,537.2800000000002
2021-06-01,U2G6B,0.0,454.7250000000001
2022-02-01,U2G6B,0.0,457.68000000000006
2025-01-01,U2G6B,0.0,501.54200000000003
2021-08-01,00D,0.0,0.0
2022-11-01,00D,0.0,0.0
2022-10-01,00D,0.0,0.0
2024-08-01,00D,0.0,0.0
2025-11-01,00J,0.0,0.0
2021-06-01,00M,0.0,0.0
2026-01-01,01R,0.0,0.0
2022-01-01,01R,0.0,0.0
2023-12-01,02F,0.0,0.0
2024-05-01,02F,0.0,0.0
2026-01-01,02R,0.0,0.0
2024-01-01,02R,0.0,0.0
2026-03-01,02R,0.0,0.0
2024-08-01,02V,0.0,0.0
2023-08-01,02W,0.0,0.0
2024-05-01,02W,0.0,0.0
2026-06-01,03A,0.0,0.0
2023-01-01,03A,0.0,0.0
2023-11-01,03J,0.0,0.0
2023-07-01,03J,0.0,0.0
2024-04-01,03J,0.0,0.0
2026-01-01,03M,0.0,0.0
2024-09-01,03M,0.0,0.0
2026-02-01,04D,0.0,0.0
2025-01-01,04E,0.0,0.0
2022-03-01,04E,0.0,0.0
2023-06-01,04F,0.0,0.0
2025-01-01,04F,0.0,0.0
2026-06-01,04F,0.0,0.0
2022-04-01,04H,0.0,0.0
2025-09-01,04K,0.0,0.0
2025-05-01,04K,0.0,0.0
2025-06-01,04L,0.0,0.0
2025-10-01,04Q,0.0,0.0
2021-06-01,04R,0.0,0.0
2021-09-01,04X,0.0,0.0
2025-01-01,05A,0.0,0.0
2026-05-01,05F,0.0,0.0
2024-08-01,05F,0.0,0.0
2026-02-01,05F,0.0,0.0
2024-09-01,05H,0.0,0.0
2024-01-01,05L,0.0,0.0
2026-04-01,05L,0.0,0.0
2022-11-01,05N,0.0,0.0
2021-09-01,05N,0.0,0.0
2026-04-01,05N,0.0,0.0
2021-06-01,05N,0.0,0.0
2024-09-01,05T,0.0,0.0
2024-01-01,05T,0.0,0.0
2025-01-01,05X,0.0,0.0
2024-03-01,05X,0.0,0.0
2025-06-01,05Y,0.0,0.0
2024-07-01,06A,0.0,0.0
2021-06-01,06D,0.0,0.0
2025-06-01,06F,0.0,0.0
2025-08-01,06F,0.0,0.0
2024-11-01,06F,0.0,0.0
2026-01-01,06P,0.0,0.0
2025-05-01,07L,0.0,0.0
2024-06-01,07L,0.0,0.0
2021-11-01,07L,0.0,0.0
2023-06-01,07L,0.0,0.0
2021-06-01,07P,0.0,0.0
2022-04-01,07P,0.0,0.0
2025-06-01,07R,0.0,0.0
2025-08-01,07R,0.0,0.0
2023-11-01,07T,0.0,0.0
2023-07-01,07T,0.0,0.0
2023-04-01,07V,0.0,0.0
2024-03-01,07X,0.0,0.0
2024-09-01,07X,0.0,0.0
2024-07-01,07X,0.0,0.0
2023-07-01,07X,0.0,0.0
2022-10-01,07Y,0.0,0.0
2024-10-01,07Y,0.0,0.0
2024-08-01,08A,0.0,0.0
2024-11-01,08C,0.0,0.0
2023-11-01,08C,0.0,0.0
2024-03-01,08C,0.0,0.0
2025-10-01,08D,0.0,0.0
2022-03-01,08F,0.0,0.0
2022-11-01,08H,0.0,0.0
2025-09-01,08J,0.0,0.0
2021-06-01,08J,0.0,0.0
2025-01-01,08J,0.0,0.0
2024-04-01,08L,0.0,0.0
2025-04-01,08L,0.0,0.0
2022-02-01,08R,0.0,0.0
2024-04-01,08T,0.0,0.0
2023-12-01,08T,0.0,0.0
2024-12-01,08T,0.0,0.0
2025-09-01,08V,0.0,0.0
2024-04-01,08V,0.0,0.0
2025-02-01,08V,0.0,0.0
2026-04-01,08W,0.0,0.0
2022-08-01,08W,0.0,0.0
2022-07-01,08W,0.0,0.0
2023-01-01,08W,0.0,0.0
2025-02-01,08X,0.0,0.0
2025-10-01,08Y,0.0,0.0
2022-08-01,09E,0.0,0.0
2022-06-01,09F,0.0,0.0
2023-06-01,09L,0.0,0.0
2024-03-01,09L,0.0,0.0
2026-02-01,09W,0.0,0.0
2024-06-01,09W,0.0,0.0
2023-08-01,09W,0.0,0.0
2021-10-01,10A,0.0,0.0
2024-06-01,10C,0.0,0.0
2023-04-01,10C,0.0,0.0
2025-05-01,10C,0.0,0.0
2025-10-01,10E,0.0,0.0
2021-07-01,10E,0.0,0.0
2022-03-01,10E,0.0,0.0
2022-05-01,10J,0.0,0.0
2023-03-01,10J,0.0,0.0
2025-07-01,10K,0.0,0.0
2022-12-01,10L,0.0,0.0
2022-11-01,10M,0.0,0.0
2025-09-01,10V,0.0,0.0
2023-07-01,10V,0.0,0.0
2026-05-01,10W,0.0,0.0
2025-01-01,10X,0.0,0.0
2025-06-01,10X,0.0,0.0
2026-01-01,11A,0.0,0.0
2022-01-01,11E,0.0,0.0
2022-03-01,12D,0.0,0.0
2026-04-01,12D,0.0,0.0
2023-09-01,12D,0.0,0.0
2026-05-01,13P,0.0,0.0
2025-11-01,15D,0.0,0.0
2021-10-01,99D,0.0,0.0
2022-01-01,99D,0.0,0.0
2022-10-01,99D,0.0,0.0
2025-06-01,99H,0.0,0.0
2022-10-01,99H,0.0,0.0
2023-01-01,99J,0.0,0.0
2022-08-01,99K,0.0,0.0
2021-09-01,99M,0.0,0.0
2024-07-01,99N,0.0,0.0
2026-04-01,99N,0.0,0.0
2023-06-01,99Q,0.0,0.0
2023-04-01,D4U1Y,0.0,0.0
2025-07-01,D4U1Y,0.0,0.0
2024-08-01,D4U1Y,0.0,0.0
2026-06-01,D4U1Y,0.0,0.0
2023-05-01,00P,4.09934,290.22400000000005
2025-12-01,00Y,6.35949,269.1209999999999
2024-05-01,01G,33.03428,318.044
2025-01-01,01W,12.77356,329.2300000000001
2025-07-01,03N,23.27238,636.4069999999999
2024-08-01,11J,10.32315,831.9480000000003
2025-07-01,11M,4.42061,697.3359999999994
2026-02-01,14L,6.35936,755.9220000000004
2021-09-01,15C,246.15366,1047.257
2024-07-01,15E,18.38798,1635.1929999999998
2024-03-01,15E,3.00472,1627.4219999999998
2026-01-01,18C,4.9152,834.8949999999999
2024-06-01,36L,4.13549,1769.4549999999988
2024-12-01,36L,8.27071,1775.237
2022-11-01,84H,5.63456,563.0860000000001
2023-07-01,99A,6.27022,578.5630000000001
2024-01-01,W2U3Z,9.149750000000001,2880.7480000000014
2024-02-01,00L,0.0,338.33299999999997
2022-06-01,00N,0.0,158.892
2023-07-01,00P,0.0,290.5729999999999
2024-06-01,00P,0.0,294.8710000000001
2023-04-01,00P,0.0,290.14
2024-10-01,00Q,0.0,187.28000000000006
2024-07-01,00Q,0.0,187.053
2023-05-01,00V,0.0,209.894
2024-06-01,00X,0.0,192.25799999999998
2024-03-01,00Y,0.0,268.01000000000005
2025-01-01,00Y,0.0,269.39300000000003
2023-07-01,01A,0.0,401.34099999999995
2025-12-01,01A,0.0,411.349
2023-05-01,01E,0.0,226.386
2025-12-01,01G,0.0,326.413
2021-09-01,01J,0.0,169.47200000000004
2026-05-01,01J,0.0,174.323
2025-12-01,01K,0.0,355.492
2025-09-01,01K,0.0,354.92100000000005
2023-12-01,01K,0.0,356.41200000000003
2023-02-01,01T,0.0,157.71900000000002
2024-10-01,01T,0.0,160.58599999999998
2024-01-01,01V,0.0,127.712
2024-04-01,01V,0.0,127.81800000000001
2022-03-01,01V,0.0,126.57199999999999
2024-01-01,01X,0.0,201.71099999999998
2024-03-01,01Y,0.0,225.36599999999993
2023-11-01,01Y,0.0,224.10799999999998
2023-04-01,02A,0.0,247.74200000000005
2025-08-01,02A,0.0,249.51800000000006
2022-08-01,02A,0.0,246.78700000000003
2021-10-01,02E,0.0,222.48300000000006
2024-10-01,02E,0.0,230.54400000000004
2022-01-01,02H,0.0,337.6500000000001
2024-04-01,02H,0.0,348.34899999999993
2021-06-01,02M,0.0,180.77399999999997
2024-11-01,02Q,0.0,127.723
2023-05-01,02Q,0.0,124.43
2022-05-01,02T,0.0,222.68299999999996
2024-03-01,02T,0.0,224.36099999999996
2025-06-01,02X,0.0,340.525
2024-07-01,02X,0.0,338.2700000000001
2023-09-01,03F,0.0,311.53999999999996
2026-04-01,03F,0.0,313.4320000000001
2025-08-01,03H,0.0,174.688
2023-02-01,03H,0.0,172.42899999999992
2023-08-01,03K,0.0,184.235
2024-06-01,03L,0.0,273.81899999999996
2023-12-01,03L,0.0,272.11899999999997
2026-01-01,03Q,0.0,249.902
2024-01-01,03Q,0.0,253.007
2024-12-01,03R,0.0,399.36199999999997
2025-01-01,03W,0.0,359.9420000000001
2022-09-01,03W,0.0,354.653
2022-04-01,03W,0.0,352.258
2023-05-01,04C,0.0,437.42100000000005
2023-10-01,04C,0.0,441.26300000000003
2022-02-01,04V,0.0,408.5229999999999
2023-10-01,04V,0.0,416.24
2025-11-01,05D,0.0,155.30499999999998
2024-01-01,05Q,0.0,221.08299999999997
2025-11-01,05V,0.0,157.173
2021-09-01,05W,0.0,296.59800000000007
2022-11-01,06K,0.0,619.5289999999999
2022-11-01,06L,0.0,411.96900000000005
2024-11-01,06L,0.0,418.2579999999999
2025-05-01,07G,0.0,190.58099999999996
2021-06-01,07K,0.0,268.81200000000007
2021-07-01,07K,0.0,269.39
2022-03-01,09D,0.0,329.50100000000003
2025-02-01,10Q,0.0,828.9130000000001
2025-01-01,11N,0.0,606.1039999999999
2023-11-01,11N,0.0,602.8919999999999
2025-02-01,11X,0.0,608.5960000000002
2025-03-01,12F,0.0,345.937
2022-03-01,12F,0.0,339.46600000000007
2025-01-01,14L,0.0,750.3949999999999
2024-05-01,15A,0.0,585.6290000000001
2021-10-01,15A,0.0,564.0729999999999
2026-04-01,15C,0.0,1094.877
2022-09-01,15F,0.0,908.423
2024-07-01,15F,0.0,936.6619999999997
2023-05-01,15F,0.0,920.9399999999997
2025-05-01,15F,0.0,943.2420000000001
2024-01-01,15F,0.0,934.8530000000004
2021-10-01,15N,0.0,1264.7959999999994
2025-01-01,18C,0.0,832.6499999999999
2021-08-01,26A,0.0,1077.0720000000003
2024-11-01,26A,0.0,1099.8440000000005
2021-10-01,26A,0.0,1079.4829999999997
2022-02-01,27D,0.0,795.7109999999998
2024-09-01,27D,0.0,819.7340000000002
2023-01-01,27D,0.0,804.6949999999998
2023-05-01,36J,0.0,657.9110000000002
2021-08-01,36L,0.0,1718.5239999999985
2025-09-01,42D,0.0,570.7510000000001
2023-08-01,42D,0.0,561.75
2026-04-01,70F,0.0,950.0680000000003
2024-07-01,71E,0.0,821.891
2025-01-01,91Q,0.0,2035.0990000000004
2022-01-01,92A,0.0,1270.6660000000002
2025-01-01,97R,0.0,577.2199999999999
2023-05-01,99A,0.0,578.314
2022-04-01,99A,0.0,567.566
2022-09-01,99A,0.0,567.6490000000003
2025-11-01,99C,0.0,229.306
2026-05-01,99C,0.0,229.23000000000005
2022-02-01,99E,0.0,285.523
2025-03-01,99F,0.0,188.256
2025-04-01,99G,0.0,196.27400000000006
2025-03-01,99G,0.0,196.37499999999997
2023-09-01,99G,0.0,193.00700000000003
2021-06-01,99G,0.0,190.11999999999998
2025-10-01,A3A8R,0.0,2487.406000000001
2023-08-01,A3A8R,0.0,2428.7409999999973
2022-11-01,B2M3M,0.0,1068.341
2026-06-01,D9Y0V,0.0,1923.1629999999996
2025-11-01,D9Y0V,0.0,1932.5370000000003
2025-04-01,M2L0M,0.0,536.6540000000002
2025-06-01,U2G6B,0.0,502.65799999999984
2021-09-01,X2C4Y,0.0,448.4429999999999
2023-11-01,00D,0.0,0.0
2023-03-01,00J,0.0,0.0
2025-06-01,00K,0.0,0.0
2025-03-01,00M,0.0,0.0
2022-04-01,01R,0.0,0.0
2024-07-01,01R,0.0,0.0
2022-11-01,02F,0.0,0.0
2022-01-01,02F,0.0,0.0
2024-06-01,02R,0.0,0.0
2025-10-01,02R,0.0,0.0
2025-06-01,02V,0.0,0.0
2024-11-01,02W,0.0,0.0
2021-12-01,03A,0.0,0.0
2025-03-01,03A,0.0,0.0
2025-05-01,03J,0.0,0.0
2024-02-01,03J,0.0,0.0
2024-05-01,03M,0.0,0.0
2021-08-01,03T,0.0,0.0
2022-07-01,03T,0.0,0.0
2025-07-01,03T,0.0,0.0
2023-10-01,03Y,0.0,0.0
2024-07-01,03Y,0.0,0.0
2025-12-01,03Y,0.0,0.0
2022-08-01,04F,0.0,0.0
2024-06-01,04F,0.0,0.0
2024-12-01,04F,0.0,0.0
2026-01-01,04H,0.0,0.0
2022-05-01,04H,0.0,0.0
2023-03-01,04R,0.0,0.0
2023-07-01,04R,0.0,0.0
2023-06-01,04X,0.0,0.0
2026-02-01,04X,0.0,0.0
2022-02-01,04X,0.0,0.0
2022-05-01,05A,0.0,0.0
2023-12-01,05F,0.0,0.0
2023-06-01,05L,0.0,0.0
2021-06-01,05L,0.0,0.0
2025-03-01,05L,0.0,0.0
2022-03-01,05N,0.0,0.0
2021-12-01,05N,0.0,0.0
2021-07-01,05N,0.0,0.0
2024-05-01,05R,0.0,0.0
2021-09-01,05T,0.0,0.0
2021-11-01,05X,0.0,0.0
2022-01-01,06A,0.0,0.0
2025-09-01,06D,0.0,0.0
2025-01-01,06F,0.0,0.0
2021-07-01,06W,0.0,0.0
2024-06-01,06W,0.0,0.0
2024-08-01,06Y,0.0,0.0
2023-08-01,06Y,0.0,0.0
2023-07-01,07L,0.0,0.0
2026-06-01,07L,0.0,0.0
2025-03-01,07M,0.0,0.0
2026-06-01,07T,0.0,0.0
2023-08-01,07T,0.0,0.0
2024-02-01,07V,0.0,0.0
2023-12-01,07W,0.0,0.0
2022-07-01,07W,0.0,0.0
2025-06-01,07X,0.0,0.0
2023-05-01,07X,0.0,0.0
2023-09-01,07Y,0.0,0.0
2024-03-01,08A,0.0,0.0
2026-05-01,08A,0.0,0.0
2026-05-01,08C,0.0,0.0
2023-10-01,08C,0.0,0.0
2021-06-01,08C,0.0,0.0
2022-11-01,08C,0.0,0.0
2021-12-01,08D,0.0,0.0
2025-02-01,08D,0.0,0.0
2024-01-01,08F,0.0,0.0
2025-10-01,08H,0.0,0.0
2021-07-01,08H,0.0,0.0
2021-06-01,08K,0.0,0.0
2025-01-01,08L,0.0,0.0
2024-01-01,08M,0.0,0.0
2022-01-01,08R,0.0,0.0
2025-06-01,08T,0.0,0.0
2021-08-01,08T,0.0,0.0
2023-12-01,08V,0.0,0.0
2023-01-01,08V,0.0,0.0
2024-11-01,08W,0.0,0.0
2023-06-01,08X,0.0,0.0
2025-02-01,08Y,0.0,0.0
2024-09-01,08Y,0.0,0.0
2022-05-01,09A,0.0,0.0
2023-11-01,09C,0.0,0.0
2024-08-01,09C,0.0,0.0
2026-05-01,09E,0.0,0.0
2023-10-01,09E,0.0,0.0
2022-01-01,09J,0.0,0.0
2023-08-01,09J,0.0,0.0
2022-04-01,09J,0.0,0.0
2023-01-01,09L,0.0,0.0
2025-10-01,09L,0.0,0.0
2024-11-01,09P,0.0,0.0
2023-02-01,09P,0.0,0.0
2025-12-01,09P,0.0,0.0
2026-05-01,09P,0.0,0.0
2022-04-01,09W,0.0,0.0
2021-07-01,09Y,0.0,0.0
2024-07-01,10C,0.0,0.0
2024-09-01,10C,0.0,0.0
2023-06-01,10C,0.0,0.0
2021-11-01,10D,0.0,0.0
2023-06-01,10J,0.0,0.0
2022-07-01,10J,0.0,0.0
2024-09-01,10J,0.0,0.0
2023-04-01,10K,0.0,0.0
2023-12-01,10L,0.0,0.0
2025-04-01,10M,0.0,0.0
2023-05-01,10V,0.0,0.0
2023-06-01,10W,0.0,0.0
2022-04-01,10X,0.0,0.0
2025-07-01,11A,0.0,0.0
2022-11-01,11T,0.0,0.0
2023-04-01,12D,0.0,0.0
2025-11-01,13P,0.0,0.0
2023-10-01,15D,0.0,0.0
2021-12-01,99D,0.0,0.0
2022-06-01,99D,0.0,0.0
2022-06-01,99H,0.0,0.0
2026-02-01,99J,0.0,0.0
2025-06-01,99J,0.0,0.0
2024-05-01,99K,0.0,0.0
2023-08-01,99M,0.0,0.0
2021-11-01,99N,0.0,0.0
2023-11-01,99N,0.0,0.0
2025-04-01,99P,0.0,0.0
2025-03-01,99P,0.0,0.0
2023-08-01,99Q,0.0,0.0
2021-08-01,99Q,0.0,0.0
2023-09-01,D4U1Y,0.0,0.0
2022-04-01,D4U1Y,0.0,0.0
2026-06-01,01H,4.42125,337.29400000000004
2023-01-01,03F,5.64628,309.94799999999987
2022-04-01,03N,97.04008000000002,618.8539999999998
2022-09-01,15E,14.57452,1573.9099999999994
2023-08-01,15M,39.48344,1125.1159999999995
2025-11-01,15N,7.36938,1299.6919999999996
2025-03-01,15N,5.2752,1297.5960000000007
2025-03-01,36L,8.84046,1775.395999999999
2021-07-01,71E,19.64471,800.3400000000005
2022-07-01,71E,11.24525,807.4269999999997
2024-03-01,84H,16.36022,566.7500000000002
2022-08-01,99A,52.45297,567.767
2022-06-01,W2U3Z,3.81988,2777.1019999999985
2024-07-01,W2U3Z,6.47757,2892.244999999998
2025-06-01,00L,0.0,342.4629999999999
2024-04-01,00L,0.0,338.729
2023-09-01,00Q,0.0,184.244
2023-04-01,00Q,0.0,183.00500000000002
2023-12-01,00Q,0.0,185.13000000000002
2024-02-01,00R,0.0,178.59499999999997
2022-04-01,00R,0.0,176.35000000000002
2022-10-01,00R,0.0,176.731
2026-05-01,00R,0.0,177.52399999999997
2024-10-01,00T,0.0,333.2480000000001
2024-02-01,00T,0.0,329.22300000000007
2023-01-01,00V,0.0,209.53500000000003
2025-08-01,00Y,0.0,269.276
2021-12-01,01A,0.0,394.53000000000003
2024-03-01,01A,0.0,405.8110000000001
2025-03-01,01D,0.0,252.301
2021-10-01,01D,0.0,241.32900000000004
2024-02-01,01E,0.0,229.854
2023-04-01,01E,0.0,226.21300000000002
2023-04-01,01F,0.0,135.394
2024-10-01,01J,0.0,173.49999999999994
2022-04-01,01T,0.0,157.15600000000003
2024-08-01,01V,0.0,128.168
2026-01-01,01V,0.0,128.89200000000002
2024-01-01,01W,0.0,326.4889999999999
2022-11-01,01X,0.0,200.651
2023-02-01,01Y,0.0,221.46100000000004
2022-09-01,01Y,0.0,220.99499999999998
2023-09-01,01Y,0.0,223.39800000000002
2026-03-01,02A,0.0,248.44900000000004
2024-01-01,02E,0.0,228.71100000000004
2025-02-01,02E,0.0,230.83799999999994
2023-05-01,02M,0.0,184.335
2026-03-01,02M,0.0,188.13000000000005
2022-10-01,02P,0.0,266.628
2022-10-01,02Q,0.0,123.2
2023-02-01,02Q,0.0,123.88799999999999
2026-04-01,02T,0.0,225.28699999999995
2023-08-01,02X,0.0,333.69399999999996
2024-04-01,02X,0.0,336.8470000000001
2025-12-01,02Y,0.0,320.127
2021-09-01,03F,0.0,304.248
2022-12-01,03H,0.0,172.35199999999998
2025-10-01,03K,0.0,185.617
2022-09-01,03K,0.0,183.833
2026-01-01,03L,0.0,276.94399999999996
2026-02-01,03N,0.0,636.7959999999999
2022-11-01,03Q,0.0,249.25699999999998
2026-01-01,03R,0.0,400.42
2022-08-01,03W,0.0,354.1599999999999
2022-12-01,04C,0.0,433.7409999999998
2025-05-01,04C,0.0,449.503
2024-02-01,04V,0.0,419.128
2023-07-01,05D,0.0,151.42799999999997
2025-05-01,05G,0.0,230.95199999999997
2022-04-01,05V,0.0,152.256
2022-10-01,05V,0.0,153.02300000000002
2025-10-01,06K,0.0,637.9460000000003
2023-04-01,06K,0.0,622.9799999999999
2025-03-01,06N,0.0,692.5960000000001
2022-01-01,06Q,0.0,404.251
2023-12-01,06Q,0.0,415.90799999999996
2022-10-01,06Q,0.0,408.263
2022-12-01,07G,0.0,185.48199999999997
2023-01-01,07K,0.0,274.244
2022-12-01,07K,0.0,273.92999999999995
2026-05-01,09D,0.0,324.95900000000006
2024-09-01,09D,0.0,332.2840000000001
2025-10-01,11J,0.0,832.533
2021-12-01,11J,0.0,818.4670000000001
2022-10-01,11N,0.0,599.3459999999998
2025-07-01,11X,0.0,608.25
2024-08-01,12F,0.0,345.3550000000001
2023-09-01,14L,0.0,720.1130000000002
2022-10-01,15A,0.0,574.1030000000002
2023-11-01,15A,0.0,583.938
2022-05-01,15A,0.0,569.0710000000001
2026-01-01,15E,0.0,1648.8139999999994
2024-11-01,15N,0.0,1298.157
2023-11-01,16C,0.0,730.2899999999997
2022-10-01,27D,0.0,802.3389999999999
2023-05-01,27D,0.0,806.809
2023-02-01,36J,0.0,656.3529999999998
2024-12-01,52R,0.0,1155.5860000000005
2026-01-01,72Q,0.0,2121.044000000001
2021-11-01,78H,0.0,808.071
2024-09-01,84H,0.0,566.2069999999999
2024-06-01,92A,0.0,1298.7489999999998
2025-04-01,92A,0.0,1303.7030000000002
2023-08-01,93C,0.0,1788.0330000000013
2025-03-01,97R,0.0,577.0919999999996
2025-12-01,99C,0.0,229.326
2026-02-01,99C,0.0,229.499
2023-11-01,99C,0.0,227.101
2023-10-01,99E,0.0,291.22200000000004
2022-02-01,99F,0.0,186.189
2026-03-01,99F,0.0,187.91899999999995
2023-04-01,99G,0.0,191.82799999999997
2024-08-01,A3A8R,0.0,2445.8270000000007
2023-06-01,D2P2L,0.0,1309.406
2025-12-01,D2P2L,0.0,1342.5359999999994
2023-02-01,D9Y0V,0.0,1912.8150000000005
2023-04-01,M1J4Y,0.0,1103.136
2023-03-01,M2L0M,0.0,524.308
2023-01-01,M2L0M,0.0,523.5310000000001
2022-06-01,M2L0M,0.0,520.1959999999999
2025-05-01,U2G6B,0.0,502.392
2025-02-01,X2C4Y,0.0,462.2179999999999
2023-10-01,00D,0.0,0.0
2025-07-01,00D,0.0,0.0
2025-05-01,00K,0.0,0.0
2025-04-01,00M,0.0,0.0
2022-07-01,02V,0.0,0.0
2021-10-01,02W,0.0,0.0
2022-12-01,03A,0.0,0.0
2021-11-01,03A,0.0,0.0
2025-09-01,03A,0.0,0.0
2023-10-01,03J,0.0,0.0
2022-02-01,03T,0.0,0.0
2022-01-01,03T,0.0,0.0
2022-02-01,03Y,0.0,0.0
2024-06-01,04E,0.0,0.0
2022-05-01,04F,0.0,0.0
2022-07-01,04F,0.0,0.0
2025-02-01,04G,0.0,0.0
2025-03-01,04G,0.0,0.0
2023-01-01,04J,0.0,0.0
2024-11-01,04J,0.0,0.0
2021-08-01,04K,0.0,0.0
2024-08-01,04L,0.0,0.0
2024-10-01,04L,0.0,0.0
2023-03-01,04L,0.0,0.0
2026-01-01,04M,0.0,0.0
2025-08-01,04Q,0.0,0.0
2025-03-01,04R,0.0,0.0
2021-06-01,05A,0.0,0.0
2021-09-01,05A,0.0,0.0
2023-02-01,05C,0.0,0.0
2025-08-01,05H,0.0,0.0
2022-04-01,05L,0.0,0.0
2023-12-01,05L,0.0,0.0
2022-08-01,05L,0.0,0.0
2023-10-01,05N,0.0,0.0
2024-01-01,05N,0.0,0.0
2023-04-01,05N,0.0,0.0
2021-09-01,05R,0.0,0.0
2025-02-01,05T,0.0,0.0
2022-01-01,05T,0.0,0.0
2024-10-01,06A,0.0,0.0
2025-07-01,06D,0.0,0.0
2022-09-01,06D,0.0,0.0
2023-04-01,06M,0.0,0.0
2021-09-01,06Y,0.0,0.0
2023-01-01,07L,0.0,0.0
2025-01-01,07L,0.0,0.0
2025-04-01,07R,0.0,0.0
2022-11-01,07T,0.0,0.0
2024-01-01,07T,0.0,0.0
2025-05-01,07V,0.0,0.0
2025-09-01,07V,0.0,0.0
2024-07-01,07V,0.0,0.0
2025-11-01,07V,0.0,0.0
2025-11-01,07W,0.0,0.0
2024-12-01,07X,0.0,0.0
2022-10-01,07X,0.0,0.0
2022-12-01,07Y,0.0,0.0
2026-01-01,07Y,0.0,0.0
2024-07-01,07Y,0.0,0.0
2025-07-01,08A,0.0,0.0
2022-11-01,08A,0.0,0.0
2025-12-01,08A,0.0,0.0
2023-11-01,08E,0.0,0.0
2024-08-01,08F,0.0,0.0
2024-11-01,08G,0.0,0.0
2025-09-01,08H,0.0,0.0
2022-03-01,08H,0.0,0.0
2025-02-01,08J,0.0,0.0
2023-01-01,08L,0.0,0.0
2024-02-01,08N,0.0,0.0
2025-11-01,08Q,0.0,0.0
2023-07-01,08T,0.0,0.0
2023-02-01,08T,0.0,0.0
2024-05-01,08V,0.0,0.0
2026-06-01,08W,0.0,0.0
2024-01-01,08W,0.0,0.0
2021-09-01,08W,0.0,0.0
2024-12-01,08Y,0.0,0.0
2022-06-01,09C,0.0,0.0
2025-01-01,09F,0.0,0.0
2026-03-01,09G,0.0,0.0
2022-09-01,09J,0.0,0.0
2026-06-01,09J,0.0,0.0
2024-08-01,09L,0.0,0.0
2026-03-01,09P,0.0,0.0
2024-12-01,09P,0.0,0.0
2022-03-01,09P,0.0,0.0
2022-04-01,09P,0.0,0.0
2023-04-01,09P,0.0,0.0
2023-11-01,09W,0.0,0.0
2026-03-01,09Y,0.0,0.0
2023-08-01,09Y,0.0,0.0
2024-07-01,10A,0.0,0.0
2025-03-01,10C,0.0,0.0
2025-09-01,10C,0.0,0.0
2023-01-01,10C,0.0,0.0
2023-09-01,10D,0.0,0.0
2022-10-01,10J,0.0,0.0
2025-09-01,10J,0.0,0.0
2026-02-01,10J,0.0,0.0
2025-02-01,10K,0.0,0.0
2022-04-01,10K,0.0,0.0
2022-01-01,10K,0.0,0.0
2022-05-01,10L,0.0,0.0
2025-12-01,10L,0.0,0.0
2023-12-01,10M,0.0,0.0
2025-07-01,10V,0.0,0.0
2023-05-01,10W,0.0,0.0
2022-03-01,10W,0.0,0.0
2024-01-01,10X,0.0,0.0
2023-12-01,10X,0.0,0.0
2025-07-01,10X,0.0,0.0
2021-07-01,11A,0.0,0.0
2023-08-01,11A,0.0,0.0
2023-07-01,11E,0.0,0.0
2026-01-01,11H,0.0,0.0
2022-05-01,15D,0.0,0.0
2023-05-01,99D,0.0,0.0
2022-03-01,99H,0.0,0.0
2021-09-01,99J,0.0,0.0
2025-09-01,99J,0.0,0.0
2021-10-01,99J,0.0,0.0
2025-03-01,99K,0.0,0.0
2025-01-01,99M,0.0,0.0
2024-06-01,99P,0.0,0.0
2025-11-01,99P,0.0,0.0
2022-05-01,99P,0.0,0.0
2022-11-01,99Q,0.0,0.0
2025-11-01,99Q,0.0,0.0
2021-09-01,D4U1Y,0.0,0.0
2024-01-01,01H,4.10354,334.18400000000014
2022-05-01,02G,2.8189,115.458
2023-05-01,02H,3.0729,343.1949999999999
2022-03-01,02H,5.43637,338.179
2022-06-01,02H,8.05782,338.922
2022-01-01,03N,101.36500000000001,619.4660000000001
2023-10-01,03R,3.05671,395.067
2023-06-01,15C,26.29786,1073.7099999999998
2024-02-01,15E,15.453120000000002,1625.5549999999994
2023-01-01,15E,5.98356,1586.5620000000001
2025-02-01,18C,4.91426,832.6870000000001
2025-07-01,72Q,8.82881,2123.712
2021-08-01,99A,33.97765,556.8330000000001
2024-10-01,99A,6.10215,594.7319999999997
2023-07-01,D2P2L,12.849590000000001,1311.5970000000004
2023-07-01,00L,0.0,336.4639999999999
2021-11-01,00N,0.0,158.67900000000003
2025-12-01,00Q,0.0,188.48599999999996
2022-07-01,00R,0.0,176.58899999999997
2023-04-01,00R,0.0,177.381
2024-04-01,00V,0.0,211.59699999999995
2022-11-01,00Y,0.0,263.3770000000001
2025-03-01,00Y,0.0,269.304
2025-12-01,01D,0.0,253.57900000000004
2023-01-01,01J,0.0,170.42000000000004
2023-08-01,01J,0.0,171.175
2024-02-01,01J,0.0,171.86399999999998
2025-05-01,01K,0.0,356.1090000000001
2025-03-01,01V,0.0,128.399
2022-06-01,01V,0.0,126.62899999999999
2021-06-01,01V,0.0,125.85700000000003
2026-05-01,01X,0.0,204.512
2023-07-01,01Y,0.0,222.89400000000003
2025-12-01,01Y,0.0,228.896
2025-09-01,02E,0.0,231.04199999999997
2026-02-01,02E,0.0,230.62399999999997
2024-06-01,02H,0.0,349.463
2024-11-01,02P,0.0,270.65000000000003
2022-12-01,02Q,0.0,123.58300000000001
2023-04-01,02T,0.0,223.54800000000003
2025-01-01,02X,0.0,339.92400000000004
2024-05-01,02Y,0.0,314.90400000000005
2023-04-01,02Y,0.0,311.3519999999999
2025-01-01,03F,0.0,314.923
2023-10-01,03H,0.0,173.22399999999996
2024-01-01,03H,0.0,173.58700000000002
2022-01-01,03K,0.0,183.59300000000002
2021-12-01,03L,0.0,266.4870000000001
2022-04-01,03Q,0.0,251.03199999999998
2021-10-01,03R,0.0,387.26500000000004
2023-12-01,03W,0.0,357.598
2026-02-01,03W,0.0,361.903
2022-12-01,03W,0.0,354.538
2023-08-01,04V,0.0,415.41800000000006
2025-04-01,04Y,0.0,140.43100000000004
2023-08-01,05D,0.0,151.63700000000003
2024-06-01,05D,0.0,153.691
2023-07-01,05G,0.0,230.322
2023-01-01,05Q,0.0,219.933
2025-10-01,05W,0.0,301.58000000000004
2025-11-01,05W,0.0,301.60200000000015
2023-06-01,05W,0.0,291.823
2023-02-01,06H,0.0,1031.4689999999998
2023-05-01,06K,0.0,623.3190000000002
2021-09-01,06N,0.0,666.9689999999999
2021-07-01,06Q,0.0,402.244
2022-07-01,06T,0.0,366.60200000000003
2026-05-01,07G,0.0,189.826
2023-10-01,09D,0.0,331.127
2023-03-01,10Q,0.0,806.683
2023-04-01,10R,0.0,233.876
2023-02-01,10R,0.0,232.886
2024-11-01,11N,0.0,606.1490000000001
2025-11-01,11X,0.0,608.2270000000001
2024-01-01,12F,0.0,343.548
2021-10-01,12F,0.0,339.3120000000001
2025-09-01,12F,0.0,346.8120000000001
2022-03-01,13T,0.0,539.2219999999999
2021-12-01,13T,0.0,537.594
2021-12-01,14L,0.0,692.2139999999999
2025-06-01,14L,0.0,750.3729999999999
2024-10-01,14L,0.0,747.2820000000002
2026-02-01,15C,0.0,1096.505
2021-10-01,15F,0.0,903.2970000000003
2024-03-01,15F,0.0,936.2070000000001
2024-07-01,15N,0.0,1293.9009999999994
2022-07-01,26A,0.0,1082.501
2023-07-01,26A,0.0,1089.283
2024-03-01,27D,0.0,814.7510000000001
2024-12-01,71E,0.0,823.8989999999998
2024-09-01,91Q,0.0,2029.014
2022-10-01,92A,0.0,1280.9909999999995
2025-10-01,92A,0.0,1304.655
2025-10-01,92G,0.0,1012.6560000000004
2021-07-01,99C,0.0,223.46200000000005
2025-09-01,99C,0.0,229.18899999999996
2023-09-01,99E,0.0,291.04600000000005
2024-08-01,99F,0.0,187.889
2022-09-01,99G,0.0,190.74099999999999
2022-09-01,B2M3M,0.0,1057.9759999999999
2025-04-01,D2P2L,0.0,1342.1280000000002
2022-08-01,D9Y0V,0.0,1899.5689999999997
2022-03-01,M2L0M,0.0,519.0140000000002
2025-10-01,M2L0M,0.0,538.218
2024-09-01,U2G6B,0.0,498.33699999999993
2022-04-01,U2G6B,0.0,458.0110000000001
2024-02-01,U2G6B,0.0,493.96900000000005
2024-08-01,X2C4Y,0.0,460.81
2024-05-01,00D,0.0,0.0
2021-06-01,00J,0.0,0.0
2023-07-01,00M,0.0,0.0
2023-11-01,00M,0.0,0.0
2023-05-01,00M,0.0,0.0
2024-05-01,00M,0.0,0.0
2024-03-01,01R,0.0,0.0
2023-03-01,01R,0.0,0.0
2025-05-01,01R,0.0,0.0
2023-10-01,02F,0.0,0.0
2023-06-01,02R,0.0,0.0
2023-03-01,03M,0.0,0.0
2022-08-01,03T,0.0,0.0
2021-10-01,03T,0.0,0.0
2022-08-01,03Y,0.0,0.0
2025-10-01,04D,0.0,0.0
2025-04-01,04E,0.0,0.0
2022-05-01,04E,0.0,0.0
2024-07-01,04E,0.0,0.0
2024-10-01,04E,0.0,0.0
2023-04-01,04F,0.0,0.0
2023-12-01,04F,0.0,0.0
2024-02-01,04H,0.0,0.0
2025-01-01,04H,0.0,0.0
2021-11-01,04J,0.0,0.0
2024-10-01,04K,0.0,0.0
2025-07-01,04K,0.0,0.0
2026-05-01,04L,0.0,0.0
2021-06-01,04L,0.0,0.0
2024-03-01,04L,0.0,0.0
2024-04-01,04L,0.0,0.0
2023-06-01,04L,0.0,0.0
2025-12-01,04Q,0.0,0.0
2025-01-01,04X,0.0,0.0
2022-11-01,05A,0.0,0.0
2024-06-01,05A,0.0,0.0
2024-11-01,05A,0.0,0.0
2025-01-01,05C,0.0,0.0
2022-01-01,05C,0.0,0.0
2024-06-01,05C,0.0,0.0
2024-09-01,05F,0.0,0.0
2023-06-01,05F,0.0,0.0
2026-06-01,05H,0.0,0.0
2023-09-01,05H,0.0,0.0
2022-09-01,05L,0.0,0.0
2024-10-01,05L,0.0,0.0
2024-09-01,05L,0.0,0.0
2023-01-01,05N,0.0,0.0
2025-05-01,05R,0.0,0.0
2025-08-01,05T,0.0,0.0
2026-06-01,05X,0.0,0.0
2023-05-01,05Y,0.0,0.0
2021-12-01,05Y,0.0,0.0
2024-02-01,05Y,0.0,0.0
2021-10-01,06A,0.0,0.0
2022-07-01,06D,0.0,0.0
2024-09-01,06F,0.0,0.0
2024-03-01,06M,0.0,0.0
2023-08-01,06M,0.0,0.0
2026-02-01,06P,0.0,0.0
2025-04-01,06W,0.0,0.0
2022-01-01,06Y,0.0,0.0
2022-04-01,06Y,0.0,0.0
2023-02-01,06Y,0.0,0.0
2024-02-01,06Y,0.0,0.0
2022-06-01,07L,0.0,0.0
2024-03-01,07L,0.0,0.0
2023-01-01,07N,0.0,0.0
2024-05-01,07N,0.0,0.0
2022-06-01,07P,0.0,0.0
2024-04-01,07R,0.0,0.0
2024-11-01,07T,0.0,0.0
2026-02-01,07T,0.0,0.0
2021-07-01,07T,0.0,0.0
2024-03-01,07W,0.0,0.0
2024-03-01,07Y,0.0,0.0
2024-02-01,08A,0.0,0.0
2021-08-01,08A,0.0,0.0
2025-05-01,08C,0.0,0.0
2024-12-01,08C,0.0,0.0
2025-07-01,08C,0.0,0.0
2022-10-01,08D,0.0,0.0
2024-01-01,08E,0.0,0.0
2023-08-01,08F,0.0,0.0
2023-03-01,08F,0.0,0.0
2022-12-01,08F,0.0,0.0
2023-04-01,08G,0.0,0.0
2024-01-01,08G,0.0,0.0
2026-05-01,08H,0.0,0.0
2025-12-01,08H,0.0,0.0
2023-11-01,08J,0.0,0.0
2023-04-01,08J,0.0,0.0
2023-12-01,08J,0.0,0.0
2025-11-01,08J,0.0,0.0
2024-03-01,08K,0.0,0.0
2026-02-01,08K,0.0,0.0
2023-07-01,08L,0.0,0.0
2025-10-01,08L,0.0,0.0
2024-03-01,08N,0.0,0.0
2025-01-01,08N,0.0,0.0
2024-08-01,08Q,0.0,0.0
2022-03-01,08Q,0.0,0.0
2023-09-01,08Q,0.0,0.0
2025-05-01,08R,0.0,0.0
2025-04-01,08T,0.0,0.0
2022-12-01,08V,0.0,0.0
2023-02-01,08V,0.0,0.0
2026-04-01,08V,0.0,0.0
2021-06-01,08W,0.0,0.0
2022-04-01,08X,0.0,0.0
2023-03-01,08Y,0.0,0.0
2022-04-01,09C,0.0,0.0
2022-07-01,09E,0.0,0.0
2025-05-01,09E,0.0,0.0
2021-06-01,09G,0.0,0.0
2022-11-01,09G,0.0,0.0
2023-01-01,09G,0.0,0.0
2023-12-01,09L,0.0,0.0
2024-04-01,09P,0.0,0.0
2025-04-01,09W,0.0,0.0
2024-07-01,09W,0.0,0.0
2023-01-01,09Y,0.0,0.0
2025-05-01,10A,0.0,0.0
2024-04-01,10D,0.0,0.0
2022-11-01,10J,0.0,0.0
2025-05-01,10K,0.0,0.0
2024-11-01,10L,0.0,0.0
2024-08-01,10V,0.0,0.0
2024-05-01,10V,0.0,0.0
2024-09-01,10V,0.0,0.0
2023-10-01,10X,0.0,0.0
2026-06-01,10X,0.0,0.0
2024-04-01,10X,0.0,0.0
2026-03-01,11E,0.0,0.0
2025-04-01,11H,0.0,0.0
2023-03-01,11T,0.0,0.0
2021-10-01,11T,0.0,0.0
2022-05-01,13P,0.0,0.0
2025-11-01,99D,0.0,0.0
2024-11-01,99H,0.0,0.0
2022-02-01,99H,0.0,0.0
2021-12-01,99J,0.0,0.0
2023-02-01,99J,0.0,0.0
2023-02-01,99M,0.0,0.0
2023-10-01,99N,0.0,0.0
2025-06-01,99N,0.0,0.0
2024-06-01,99N,0.0,0.0
2026-01-01,99P,0.0,0.0
2026-04-01,D4U1Y,0.0,0.0
2025-03-01,00P,4.42023,295.47900000000004
2021-08-01,00P,2.81215,284.68000000000006
2024-04-01,01H,4.1355,334.49600000000004
2024-12-01,01W,6.10183,329.154
2024-06-01,02P,3.09997,269.887
2026-06-01,03F,4.42125,312.70599999999996
2023-05-01,03H,3.0605,172.66200000000003
2026-02-01,05V,6.38787,156.961
2023-10-01,11J,3.05671,828.233
2023-03-01,11M,15.19784,682.2620000000002
2023-05-01,11N,31.21067,600.384
2023-11-01,15E,12.28911,1617.332
2025-07-01,15E,6.08318,1647.732000000001
2025-09-01,36J,2.94809,669.8850000000001
2023-09-01,99A,32.69122,577.8149999999998
2024-06-01,99A,25.572,590.2949999999996
2024-12-01,99A,36.5738,597.3089999999999
2025-04-01,00P,0.0,295.45899999999995
2021-08-01,00R,0.0,175.083
2023-02-01,00R,0.0,177.045
2022-06-01,00R,0.0,176.53300000000004
2023-07-01,00T,0.0,325.7149999999999
2021-07-01,00T,0.0,317.93899999999996
2022-07-01,00T,0.0,321.154
2024-08-01,00V,0.0,212.32699999999997
2025-02-01,00X,0.0,193.671
2026-04-01,00Y,0.0,268.29600000000005
2022-08-01,01A,0.0,397.1059999999999
2022-02-01,01A,0.0,395.10800000000006
2025-10-01,01D,0.0,253.572
2025-04-01,01E,0.0,235.205
2022-11-01,01K,0.0,355.93999999999994
2021-07-01,01K,0.0,351.3790000000001
2024-03-01,01X,0.0,201.94000000000003
2023-10-01,01X,0.0,201.354
2025-04-01,01Y,0.0,228.771
2023-06-01,01Y,0.0,222.39200000000002
2021-07-01,02E,0.0,221.40800000000004
2023-04-01,02G,0.0,116.85199999999999
2022-03-01,02G,0.0,115.21100000000001
2023-12-01,02G,0.0,117.423
2022-01-01,02M,0.0,182.369
2023-06-01,02T,0.0,223.57299999999998
2022-09-01,02T,0.0,223.10099999999997
2026-02-01,02Y,0.0,320.215
2024-09-01,02Y,0.0,316.68500000000006
2021-09-01,02Y,0.0,307.58599999999996
2024-09-01,03K,0.0,185.55999999999997
2026-06-01,03K,0.0,184.45199999999997
2024-03-01,03L,0.0,272.814
2024-04-01,03Q,0.0,251.81900000000002
2021-11-01,03W,0.0,346.797
2024-10-01,03W,0.0,360.58600000000007
2025-12-01,04C,0.0,449.004
2022-03-01,04C,0.0,426.7270000000001
2024-05-01,04C,0.0,449.856
2025-09-01,04V,0.0,423.857
2024-06-01,04V,0.0,420.30799999999994
2022-11-01,04V,0.0,412.86299999999994
2022-03-01,04Y,0.0,136.029
2025-03-01,05D,0.0,155.03500000000003
2023-03-01,05G,0.0,218.50499999999997
2025-04-01,05G,0.0,231.001
2025-04-01,05Q,0.0,223.23400000000004
2023-08-01,06L,0.0,414.616
2023-07-01,06L,0.0,414.2629999999999
2022-10-01,06L,0.0,411.7699999999999
2025-12-01,06L,0.0,419.84600000000006
2022-02-01,06N,0.0,669.0080000000002
2021-08-01,06N,0.0,665.6909999999999
2024-10-01,06N,0.0,690.5760000000001
2023-08-01,06Q,0.0,413.17199999999997
2023-05-01,06Q,0.0,411.362
2021-10-01,06Q,0.0,403.707
2026-05-01,07H,0.0,337.12600000000003
2025-05-01,07H,0.0,336.57300000000004
2025-05-01,09D,0.0,332.8600000000001
2021-09-01,09D,0.0,324.986
2021-08-01,10R,0.0,229.916
2026-01-01,11J,0.0,830.9859999999999
2026-02-01,11M,0.0,698.6719999999998
2024-06-01,11M,0.0,692.0199999999996
2025-12-01,11X,0.0,607.8410000000003
2025-02-01,12F,0.0,346.0390000000001
2022-11-01,12F,0.0,340.9410000000001
2023-11-01,12F,0.0,343.10599999999994
2025-09-01,13T,0.0,559.165
2024-09-01,13T,0.0,555.8509999999998
2022-04-01,14L,0.0,699.0270000000003
2023-12-01,14Y,0.0,588.19
2026-05-01,14Y,0.0,596.092
2022-12-01,15F,0.0,917.7
2022-11-01,15F,0.0,916.1749999999997
2025-07-01,15N,0.0,1296.1819999999998
2021-07-01,18C,0.0,809.6890000000002
2024-04-01,26A,0.0,1094.6060000000002
2023-11-01,26A,0.0,1092.966
2023-06-01,36J,0.0,658.601
2022-04-01,36J,0.0,650.0210000000001
2022-12-01,36L,0.0,1742.271999999999
2026-02-01,52R,0.0,1155.9090000000003
2025-08-01,52R,0.0,1152.4619999999995
2025-10-01,52R,0.0,1158.3030000000003
2024-07-01,52R,0.0,1146.7149999999995
2025-10-01,70F,0.0,951.694
2022-09-01,70F,0.0,927.3549999999999
2023-07-01,70F,0.0,933.2260000000002
2025-07-01,71E,0.0,826.094
2026-05-01,72Q,0.0,2100.8510000000006
2025-12-01,72Q,0.0,2123.983000000001
2026-04-01,78H,0.0,850.5980000000003
2025-04-01,84H,0.0,569.6130000000004
2023-09-01,92A,0.0,1289.706
2021-12-01,92A,0.0,1269.7199999999998
2022-03-01,92G,0.0,979.9530000000001
2024-08-01,92G,0.0,1008.0369999999997
2025-12-01,93C,0.0,1840.8040000000005
2021-09-01,93C,0.0,1717.4509999999993
2022-05-01,99A,0.0,567.521
2023-06-01,99C,0.0,226.038
2021-09-01,99C,0.0,223.82899999999998
2021-09-01,99E,0.0,285.442
2023-11-01,99F,0.0,187.30900000000005
2023-02-01,99G,0.0,191.225
2024-03-01,A3A8R,0.0,2453.941
2021-07-01,M2L0M,0.0,514.5230000000001
2021-09-01,M2L0M,0.0,515.6949999999999
2025-03-01,U2G6B,0.0,502.084
2021-08-01,U2G6B,0.0,455.34500000000014
2023-12-01,00D,0.0,0.0
2026-01-01,00K,0.0,0.0
2023-06-01,00K,0.0,0.0
2025-04-01,00K,0.0,0.0
2024-01-01,00K,0.0,0.0
2023-07-01,02F,0.0,0.0
2022-08-01,02F,0.0,0.0
2024-07-01,02F,0.0,0.0
2024-02-01,02F,0.0,0.0
2024-05-01,02R,0.0,0.0
2023-03-01,02R,0.0,0.0
2022-01-01,02R,0.0,0.0
2025-11-01,02V,0.0,0.0
2023-11-01,02V,0.0,0.0
2022-02-01,03J,0.0,0.0
2022-03-01,03M,0.0,0.0
2023-09-01,03T,0.0,0.0
2021-09-01,03T,0.0,0.0
2024-05-01,04D,0.0,0.0
2025-02-01,04D,0.0,0.0
2026-05-01,04F,0.0,0.0
2022-10-01,04F,0.0,0.0
2026-01-01,04G,0.0,0.0
2022-11-01,04G,0.0,0.0
2024-05-01,04J,0.0,0.0
2022-09-01,04L,0.0,0.0
2021-08-01,04L,0.0,0.0
2022-10-01,04M,0.0,0.0
2023-05-01,04Q,0.0,0.0
2025-07-01,04R,0.0,0.0
2025-02-01,04X,0.0,0.0
2024-09-01,05A,0.0,0.0
2021-10-01,05C,0.0,0.0
2022-04-01,05F,0.0,0.0
2026-02-01,05N,0.0,0.0
2025-04-01,05N,0.0,0.0
2024-07-01,05N,0.0,0.0
2024-10-01,05N,0.0,0.0
2025-01-01,05N,0.0,0.0
2024-01-01,05R,0.0,0.0
2022-10-01,05R,0.0,0.0
2025-04-01,05T,0.0,0.0
2024-07-01,05X,0.0,0.0
2026-03-01,05X,0.0,0.0
2021-09-01,05X,0.0,0.0
2022-05-01,05X,0.0,0.0
2026-03-01,06A,0.0,0.0
2023-05-01,06D,0.0,0.0
2025-11-01,06D,0.0,0.0
2024-08-01,06P,0.0,0.0
2026-03-01,06W,0.0,0.0
2022-02-01,06Y,0.0,0.0
2021-08-01,07L,0.0,0.0
2026-05-01,07L,0.0,0.0
2021-10-01,07M,0.0,0.0
2022-03-01,07N,0.0,0.0
2022-12-01,07N,0.0,0.0
2026-05-01,07N,0.0,0.0
2022-09-01,07W,0.0,0.0
2023-01-01,07W,0.0,0.0
2024-09-01,07W,0.0,0.0
2025-01-01,08C,0.0,0.0
2026-03-01,08F,0.0,0.0
2026-06-01,08G,0.0,0.0
2023-12-01,08H,0.0,0.0
2023-08-01,08H,0.0,0.0
2025-02-01,08H,0.0,0.0
2022-04-01,08J,0.0,0.0
2026-04-01,08J,0.0,0.0
2021-10-01,08K,0.0,0.0
2023-06-01,08M,0.0,0.0
2024-05-01,08M,0.0,0.0
2022-10-01,08M,0.0,0.0
2023-02-01,08M,0.0,0.0
2025-09-01,08N,0.0,0.0
2023-02-01,08N,0.0,0.0
2023-06-01,08N,0.0,0.0
2022-11-01,08N,0.0,0.0
2025-09-01,08Q,0.0,0.0
2025-04-01,08Q,0.0,0.0
2022-06-01,08R,0.0,0.0
2025-02-01,08T,0.0,0.0
2021-09-01,08V,0.0,0.0
2025-01-01,08W,0.0,0.0
2022-01-01,08X,0.0,0.0
2026-04-01,08X,0.0,0.0
2024-11-01,08Y,0.0,0.0
2024-06-01,08Y,0.0,0.0
2025-08-01,08Y,0.0,0.0
2023-09-01,08Y,0.0,0.0
2022-05-01,09C,0.0,0.0
2024-12-01,09F,0.0,0.0
2026-01-01,09G,0.0,0.0
2025-08-01,09G,0.0,0.0
2025-01-01,09J,0.0,0.0
2023-05-01,09L,0.0,0.0
2024-04-01,09L,0.0,0.0
2025-06-01,09L,0.0,0.0
2025-07-01,09P,0.0,0.0
2025-01-01,09W,0.0,0.0
2023-04-01,09W,0.0,0.0
2025-02-01,09Y,0.0,0.0
2023-04-01,09Y,0.0,0.0
2022-01-01,10A,0.0,0.0
2025-12-01,10A,0.0,0.0
2024-11-01,10C,0.0,0.0
2022-05-01,10D,0.0,0.0
2025-01-01,10D,0.0,0.0
2024-10-01,10D,0.0,0.0
2026-02-01,10K,0.0,0.0
2021-09-01,10L,0.0,0.0
2021-07-01,10L,0.0,0.0
2025-02-01,10W,0.0,0.0
2021-10-01,11E,0.0,0.0
2022-06-01,11H,0.0,0.0
2023-02-01,11H,0.0,0.0
2022-08-01,11H,0.0,0.0
2022-03-01,11T,0.0,0.0
2024-11-01,12D,0.0,0.0
2022-01-01,12D,0.0,0.0
2021-09-01,15D,0.0,0.0
2026-06-01,15D,0.0,0.0
2024-08-01,15D,0.0,0.0
2023-02-01,15D,0.0,0.0
2023-03-01,99D,0.0,0.0
2025-02-01,99D,0.0,0.0
2025-05-01,99J,0.0,0.0
2026-06-01,99K,0.0,0.0
2021-11-01,99M,0.0,0.0
2023-11-01,99M,0.0,0.0
2022-12-01,99N,0.0,0.0
2026-05-01,99P,0.0,0.0
2021-07-01,99Q,0.0,0.0
2023-04-01,01H,4.09772,332.06499999999994
2023-06-01,02H,4.09607,343.6589999999999
2024-04-01,02P,6.19996,269.576
2022-01-01,06K,5.62547,616.4630000000001
2022-06-01,11J,5.62539,820.7419999999997
2022-08-01,14L,16.19274,701.0120000000002
2024-09-01,15E,9.100530000000001,1634.5229999999995
2025-05-01,15E,11.79196,1647.783
2025-01-01,15E,5.89568,1645.4249999999988
2021-09-01,15E,19.311169999999997,1557.8909999999994
2024-03-01,15M,32.21918,1133.1200000000006
2023-05-01,15M,60.09093,1121.1429999999996
2024-02-01,15N,4.10196,1293.4289999999999
2026-05-01,15N,10.54035,1294.1959999999997
2025-09-01,18C,4.91472,835.136
2022-07-01,36L,5.43562,1734.1569999999988
2021-09-01,71E,2.80932,801.2179999999998
2021-10-01,78H,8.13817,807.4469999999997
2023-03-01,91Q,18.04745,1987.3099999999986
2021-10-01,99A,24.94415,559.776
2025-04-01,A3A8R,2.94799,2476.03
2021-07-01,M1J4Y,7.60303,1059.776
2023-02-01,M1J4Y,2.82477,1097.682
2021-06-01,00L,0.0,331.6259999999999
2024-11-01,00L,0.0,341.32900000000006
2022-04-01,00L,0.0,333.3459999999999
2022-05-01,00P,0.0,286.8549999999999
2025-11-01,00Q,0.0,188.471
2024-04-01,00Q,0.0,185.898
2023-11-01,00T,0.0,327.84800000000007
2022-09-01,00X,0.0,189.07700000000003
2022-03-01,00X,0.0,187.858
2025-08-01,00X,0.0,194.73599999999996
2025-04-01,00Y,0.0,269.25199999999995
2026-06-01,01A,0.0,409.8920000000001
2026-02-01,01A,0.0,410.83999999999986
2026-03-01,01E,0.0,239.09400000000002
2024-07-01,01F,0.0,136.332
2022-10-01,01K,0.0,353.97799999999995
2023-02-01,01V,0.0,126.99800000000002
2024-10-01,01X,0.0,203.36099999999988
2025-02-01,01Y,0.0,228.512
2022-07-01,01Y,0.0,220.80700000000004
2025-10-01,02E,0.0,231.02300000000002
2025-02-01,02H,0.0,352.04200000000003
2022-09-01,02Q,0.0,123.04899999999999
2026-01-01,02T,0.0,225.79000000000002
2022-12-01,02T,0.0,223.187
2024-08-01,02X,0.0,338.71999999999986
2024-11-01,02Y,0.0,317.26499999999993
2023-09-01,02Y,0.0,312.946
2025-08-01,03F,0.0,314.316
2023-03-01,03F,0.0,310.7699999999999
2021-09-01,03H,0.0,171.22799999999998
2022-04-01,03H,0.0,171.73499999999999
2023-03-01,03K,0.0,183.78600000000003
2023-01-01,03K,0.0,183.84799999999996
2022-03-01,03L,0.0,266.776
2024-02-01,03Q,0.0,252.96099999999998
2022-12-01,03R,0.0,391.1399999999999
2026-06-01,03W,0.0,361.90299999999996
2022-01-01,05D,0.0,147.75799999999998
2025-03-01,05Q,0.0,223.02299999999997
2024-10-01,05V,0.0,156.30499999999998
2023-02-01,05W,0.0,301.623
2023-01-01,06K,0.0,620.6190000000001
2025-04-01,06K,0.0,635.935
2026-05-01,06N,0.0,691.0409999999998
2022-03-01,06N,0.0,669.1230000000002
2022-06-01,06T,0.0,366.277
2023-11-01,07G,0.0,187.769
2023-12-01,07H,0.0,331.17000000000013
2024-10-01,07K,0.0,279.582
2026-05-01,07K,0.0,280.66999999999996
2025-09-01,07K,0.0,280.927
2025-10-01,09D,0.0,331.155
2023-07-01,10Q,0.0,808.524
2024-07-01,10R,0.0,235.58300000000003
2026-01-01,10R,0.0,234.354
2024-09-01,11M,0.0,694.1559999999998
2026-01-01,11N,0.0,605.6610000000001
2024-07-01,13T,0.0,556.4499999999999
2023-02-01,14L,0.0,715.155
2026-03-01,14L,0.0,753.7849999999999
2021-09-01,14Y,0.0,576.5020000000001
2026-04-01,14Y,0.0,596.413
2022-11-01,15A,0.0,575.7260000000001
2025-06-01,15C,0.0,1096.8319999999997
2022-04-01,15C,0.0,1060.5900000000004
2025-12-01,15F,0.0,946.3879999999999
2024-03-01,26A,0.0,1094.4940000000001
2022-01-01,36L,0.0,1726.248
2023-04-01,36L,0.0,1748.8529999999998
2021-07-01,36L,0.0,1715.7060000000006
2022-11-01,36L,0.0,1740.3489999999993
2025-08-01,42D,0.0,570.437
2022-01-01,42D,0.0,553.8369999999998
2023-07-01,72Q,0.0,2082.137000000001
2023-12-01,78H,0.0,835.891
2021-12-01,84H,0.0,560.7709999999998
2022-02-01,92A,0.0,1271.8889999999997
2025-05-01,93C,0.0,1836.0220000000004
2023-10-01,99C,0.0,226.932
2024-04-01,99E,0.0,292.8329999999999
2021-08-01,99F,0.0,185.92800000000005
2023-04-01,99F,0.0,186.88899999999995
2023-12-01,99F,0.0,187.34700000000004
2022-07-01,B2M3M,0.0,1055.6770000000001
2023-09-01,D2P2L,0.0,1315.2750000000003
2022-09-01,D9Y0V,0.0,1901.2479999999998
2024-01-01,D9Y0V,0.0,1915.812
2025-10-01,M1J4Y,0.0,1149.79
2022-07-01,M2L0M,0.0,520.624
2024-08-01,M2L0M,0.0,534.4080000000002
2022-11-01,M2L0M,0.0,522.8049999999998
2024-05-01,U2G6B,0.0,496.3070000000001
2025-12-01,W2U3Z,0.0,2943.5669999999977
2022-10-01,X2C4Y,0.0,452.261
2023-04-01,00D,0.0,0.0
2024-11-01,00D,0.0,0.0
2024-09-01,00J,0.0,0.0
2023-08-01,00K,0.0,0.0
2022-09-01,00K,0.0,0.0
2025-05-01,00M,0.0,0.0
2021-11-01,02R,0.0,0.0
2023-05-01,02R,0.0,0.0
2024-01-01,02V,0.0,0.0
2021-09-01,02V,0.0,0.0
2023-06-01,03A,0.0,0.0
2026-03-01,03A,0.0,0.0
2025-07-01,03A,0.0,0.0
2022-03-01,03A,0.0,0.0
2024-03-01,03J,0.0,0.0
2025-12-01,03J,0.0,0.0
2023-01-01,03T,0.0,0.0
2023-06-01,03T,0.0,0.0
2024-09-01,03T,0.0,0.0
2024-11-01,03Y,0.0,0.0
2025-06-01,03Y,0.0,0.0
2025-01-01,04D,0.0,0.0
2023-10-01,04E,0.0,0.0
2023-03-01,04E,0.0,0.0
2024-05-01,04H,0.0,0.0
2023-09-01,04H,0.0,0.0
2022-01-01,04H,0.0,0.0
2025-01-01,04J,0.0,0.0
2025-03-01,04J,0.0,0.0
2022-02-01,04J,0.0,0.0
2026-06-01,04K,0.0,0.0
2022-08-01,04M,0.0,0.0
2023-04-01,04M,0.0,0.0
2026-05-01,04M,0.0,0.0
2021-12-01,04Q,0.0,0.0
2022-08-01,04R,0.0,0.0
2021-11-01,04R,0.0,0.0
2024-08-01,04X,0.0,0.0
2023-02-01,05A,0.0,0.0
2025-09-01,05C,0.0,0.0
2026-03-01,05C,0.0,0.0
2025-02-01,05C,0.0,0.0
2021-06-01,05F,0.0,0.0
2025-07-01,05H,0.0,0.0
2023-06-01,05H,0.0,0.0
2021-06-01,05H,0.0,0.0
2023-03-01,05N,0.0,0.0
2023-01-01,05R,0.0,0.0
2021-08-01,05R,0.0,0.0
2026-05-01,05T,0.0,0.0
2023-04-01,05X,0.0,0.0
2025-07-01,05Y,0.0,0.0
2026-04-01,06A,0.0,0.0
2024-06-01,06A,0.0,0.0
2023-08-01,06D,0.0,0.0
2024-05-01,06M,0.0,0.0
2021-07-01,06M,0.0,0.0
2022-08-01,06P,0.0,0.0
2021-11-01,06P,0.0,0.0
2021-10-01,07L,0.0,0.0
2024-03-01,07M,0.0,0.0
2026-06-01,07M,0.0,0.0
2022-10-01,07M,0.0,0.0
2026-02-01,07N,0.0,0.0
2021-06-01,07N,0.0,0.0
2023-03-01,07N,0.0,0.0
2022-10-01,07N,0.0,0.0
2021-08-01,07P,0.0,0.0
2021-09-01,07P,0.0,0.0
2025-09-01,07R,0.0,0.0
2022-12-01,07R,0.0,0.0
2025-02-01,07T,0.0,0.0
2023-02-01,07V,0.0,0.0
2024-04-01,07V,0.0,0.0
2022-03-01,07W,0.0,0.0
2025-02-01,07Y,0.0,0.0
2023-02-01,08A,0.0,0.0
2023-12-01,08A,0.0,0.0
2025-04-01,08A,0.0,0.0
2022-07-01,08C,0.0,0.0
2025-11-01,08C,0.0,0.0
2024-07-01,08C,0.0,0.0
2024-07-01,08E,0.0,0.0
2023-04-01,08E,0.0,0.0
2021-10-01,08F,0.0,0.0
2023-01-01,08G,0.0,0.0
2025-04-01,08H,0.0,0.0
2024-11-01,08J,0.0,0.0
2022-11-01,08J,0.0,0.0
2022-05-01,08J,0.0,0.0
2024-09-01,08J,0.0,0.0
2021-08-01,08J,0.0,0.0
2022-08-01,08K,0.0,0.0
2022-02-01,08M,0.0,0.0
2026-02-01,08M,0.0,0.0
2023-04-01,08M,0.0,0.0
2025-05-01,08N,0.0,0.0
2025-12-01,08Q,0.0,0.0
2022-12-01,08T,0.0,0.0
2024-10-01,08T,0.0,0.0
2021-11-01,08W,0.0,0.0
2024-08-01,08W,0.0,0.0
2023-03-01,08X,0.0,0.0
2024-08-01,08X,0.0,0.0
2022-05-01,08X,0.0,0.0
2021-08-01,09A,0.0,0.0
2022-08-01,09A,0.0,0.0
2021-09-01,09E,0.0,0.0
2024-09-01,09F,0.0,0.0
2024-05-01,09G,0.0,0.0
2023-07-01,09G,0.0,0.0
2025-11-01,09G,0.0,0.0
2025-03-01,09G,0.0,0.0
2024-08-01,09J,0.0,0.0
2025-06-01,09J,0.0,0.0
2022-02-01,09L,0.0,0.0
2026-04-01,09W,0.0,0.0
2026-04-01,10J,0.0,0.0
2023-07-01,10J,0.0,0.0
2024-01-01,10J,0.0,0.0
2021-06-01,10M,0.0,0.0
2022-01-01,10W,0.0,0.0
2022-10-01,10W,0.0,0.0
2022-11-01,10X,0.0,0.0
2023-03-01,11H,0.0,0.0
2025-05-01,12D,0.0,0.0
2022-08-01,12D,0.0,0.0
2022-09-01,12D,0.0,0.0
2025-06-01,13P,0.0,0.0
2023-05-01,15D,0.0,0.0
2021-11-01,15D,0.0,0.0
2022-01-01,99H,0.0,0.0
2025-03-01,99H,0.0,0.0
2022-04-01,99J,0.0,0.0
2023-10-01,99J,0.0,0.0
2022-10-01,99K,0.0,0.0
2022-12-01,99K,0.0,0.0
2025-08-01,99K,0.0,0.0
2024-09-01,99M,0.0,0.0
2025-07-01,99M,0.0,0.0
2023-03-01,99N,0.0,0.0
2022-10-01,99N,0.0,0.0
2024-08-01,99N,0.0,0.0
2024-05-01,99N,0.0,0.0
2023-07-01,00V,2.99142,210.13600000000002
2026-06-01,02X,4.42125,340.4739999999998
2026-05-01,03N,57.65468,632.6500000000001
2023-10-01,06K,6.10103,626.8349999999998
2026-06-01,11M,5.88454,698.3229999999996
2024-10-01,15E,6.06704,1638.1459999999997
2026-05-01,15M,2.94844,1143.4660000000001
2022-01-01,15M,34.75605,1107.3199999999997
2022-05-01,36L,3.81989,1730.5729999999996
2022-01-01,52R,3.848,1117.7189999999998
2026-03-01,70F,2.94836,950.024
2024-07-01,78H,6.7464699999999995,844.159
2023-08-01,84H,8.14208,563.1549999999997
2023-05-01,84H,8.18629,563.8929999999999
2023-10-01,97R,4.22761,573.793
2025-02-01,99A,29.35969,597.8240000000001
2025-01-01,D2P2L,9.93021,1341.002
2022-01-01,00L,0.0,333.0500000000001
2026-06-01,00L,0.0,345.037
2022-10-01,00P,0.0,287.515
2024-09-01,00Q,0.0,187.096
2026-01-01,00R,0.0,178.34399999999994
2022-09-01,00T,0.0,321.76599999999996
2026-03-01,00T,0.0,334.767
2022-06-01,00V,0.0,209.17200000000003
2026-03-01,00V,0.0,211.80599999999998
2026-06-01,00V,0.0,211.388
2024-11-01,00Y,0.0,269.583
2022-12-01,00Y,0.0,263.59399999999994
2021-08-01,01A,0.0,393.2620000000001
2023-01-01,01E,0.0,224.864
2024-12-01,01F,0.0,136.77200000000002
2022-09-01,01F,0.0,135.04399999999998
2021-06-01,01F,0.0,134.327
2026-05-01,01G,0.0,324.749
2024-04-01,01J,0.0,172.07000000000002
2022-10-01,01T,0.0,157.56099999999995
2021-11-01,01T,0.0,156.923
2021-09-01,01T,0.0,157.02899999999997
2026-05-01,01T,0.0,161.64999999999998
2026-03-01,01V,0.0,128.66
2023-07-01,01V,0.0,127.282
2021-07-01,01W,0.0,318.63599999999997
2023-01-01,01X,0.0,200.53400000000002
2025-07-01,01X,0.0,204.10799999999998
2021-09-01,01Y,0.0,219.53699999999995
2026-04-01,02A,0.0,248.17599999999996
2024-01-01,02A,0.0,248.56100000000004
2026-06-01,02E,0.0,229.918
2022-09-01,02M,0.0,183.409
2025-05-01,02M,0.0,187.63099999999997
2026-03-01,02P,0.0,270.46899999999994
2022-09-01,02P,0.0,266.55499999999995
2026-01-01,02X,0.0,341.429
2025-04-01,03F,0.0,314.821
2021-10-01,03F,0.0,304.48500000000007
2025-03-01,03F,0.0,314.82199999999995
2023-12-01,03K,0.0,184.38799999999998
2022-07-01,03K,0.0,183.78900000000007
2022-10-01,03L,0.0,268.19100000000003
2026-06-01,03Q,0.0,247.60999999999999
2022-10-01,03Q,0.0,247.87200000000004
2026-03-01,03Q,0.0,248.90300000000002
2023-09-01,03Q,0.0,249.775
2022-07-01,03Q,0.0,248.03
2024-10-01,03R,0.0,399.0409999999999
2025-02-01,03R,0.0,399.667
2023-02-01,03W,0.0,355.10599999999994
2023-09-01,05Q,0.0,220.636
2021-09-01,05V,0.0,151.395
2025-06-01,05V,0.0,156.782
2025-04-01,06H,0.0,1056.5549999999998
2023-07-01,06H,0.0,1037.0179999999998
2024-09-01,06K,0.0,633.5459999999999
2022-02-01,07H,0.0,324.363
2022-10-01,07H,0.0,325.9870000000001
2022-11-01,07K,0.0,273.566
2022-11-01,09D,0.0,331.37399999999997
2026-02-01,10Q,0.0,828.5749999999999
2023-01-01,10Q,0.0,806.3330000000004
2023-08-01,10Q,0.0,808.443
2022-04-01,10R,0.0,231.11900000000003
2024-09-01,11N,0.0,604.9469999999998
2024-08-01,11X,0.0,606.8530000000003
2024-12-01,12F,0.0,345.8069999999999
2024-09-01,14Y,0.0,594.9140000000001
2022-09-01,15A,0.0,572.414
2022-10-01,15C,0.0,1063.7050000000002
2024-04-01,15C,0.0,1087.8629999999998
2025-02-01,15E,0.0,1646.9750000000013
2022-12-01,15E,0.0,1583.927000000001
2021-08-01,15F,0.0,898.2619999999998
2021-08-01,16C,0.0,713.0289999999999
2022-09-01,16C,0.0,720.2580000000003
2023-07-01,18C,0.0,824.158
2021-09-01,26A,0.0,1077.9399999999994
2023-11-01,36J,0.0,662.0900000000003
2024-09-01,52R,0.0,1146.1090000000006
2022-06-01,70F,0.0,924.5510000000002
2025-05-01,70F,0.0,949.5000000000002
2024-10-01,72Q,0.0,2118.1420000000003
2023-04-01,78H,0.0,825.507
2023-08-01,91Q,0.0,1997.7399999999996
2024-06-01,91Q,0.0,2022.3419999999996
2021-11-01,92A,0.0,1268.465
2026-03-01,92G,0.0,1011.3759999999997
2024-07-01,92G,0.0,1007.1
2023-07-01,92G,0.0,995.2860000000001
2024-01-01,99A,0.0,586.7709999999998
2024-02-01,99C,0.0,227.205
2021-10-01,99C,0.0,223.81900000000002
2024-06-01,99F,0.0,187.64599999999996
2024-03-01,99G,0.0,194.61799999999997
2025-08-01,99G,0.0,196.636
2022-06-01,99G,0.0,190.48800000000003
2024-12-01,B2M3M,0.0,1118.4750000000006
2024-04-01,B2M3M,0.0,1103.144999999999
2026-04-01,D9Y0V,0.0,1925.6390000000004
2025-11-01,U2G6B,0.0,503.55499999999995
2026-04-01,U2G6B,0.0,499.84800000000007
2025-02-01,U2G6B,0.0,502.3630000000001
2024-05-01,X2C4Y,0.0,459.94699999999995
2025-09-01,X2C4Y,0.0,462.5150000000001
2022-09-01,00D,0.0,0.0
2021-11-01,00J,0.0,0.0
2022-03-01,01R,0.0,0.0
2022-11-01,01R,0.0,0.0
2023-05-01,01R,0.0,0.0
2021-08-01,01R,0.0,0.0
2022-09-01,02F,0.0,0.0
2022-04-01,02R,0.0,0.0
2023-04-01,02W,0.0,0.0
2023-07-01,03A,0.0,0.0
2021-07-01,03M,0.0,0.0
2025-03-01,03T,0.0,0.0
2022-09-01,04E,0.0,0.0
2025-03-01,04F,0.0,0.0
2024-09-01,04F,0.0,0.0
2022-06-01,04G,0.0,0.0
2024-03-01,04G,0.0,0.0
2022-04-01,04G,0.0,0.0
2023-06-01,04H,0.0,0.0
2021-12-01,04L,0.0,0.0
2022-04-01,04M,0.0,0.0
2024-08-01,04M,0.0,0.0
2026-02-01,04Q,0.0,0.0
2025-02-01,04Q,0.0,0.0
2026-02-01,04R,0.0,0.0
2024-08-01,04R,0.0,0.0
2022-05-01,04R,0.0,0.0
2022-12-01,04X,0.0,0.0
2025-08-01,04X,0.0,0.0
2025-09-01,05A,0.0,0.0
2023-04-01,05C,0.0,0.0
2025-07-01,05C,0.0,0.0
2025-12-01,05C,0.0,0.0
2022-10-01,05C,0.0,0.0
2023-07-01,05H,0.0,0.0
2024-10-01,05H,0.0,0.0
2026-05-01,05H,0.0,0.0
2024-03-01,05H,0.0,0.0
2022-09-01,05R,0.0,0.0
2024-07-01,05T,0.0,0.0
2023-09-01,05X,0.0,0.0
2023-07-01,06A,0.0,0.0
2025-03-01,06A,0.0,0.0
2026-01-01,06A,0.0,0.0
2023-02-01,06D,0.0,0.0
2025-10-01,06D,0.0,0.0
2022-11-01,06D,0.0,0.0
2023-02-01,06F,0.0,0.0
2022-02-01,06F,0.0,0.0
2024-09-01,06M,0.0,0.0
2025-05-01,06W,0.0,0.0
2021-12-01,06W,0.0,0.0
2023-07-01,06Y,0.0,0.0
2024-09-01,07L,0.0,0.0
2025-01-01,07M,0.0,0.0
2022-01-01,07M,0.0,0.0
2023-03-01,07P,0.0,0.0
2022-10-01,07P,0.0,0.0
2025-12-01,07R,0.0,0.0
2026-03-01,07R,0.0,0.0
2025-03-01,07T,0.0,0.0
2026-01-01,07T,0.0,0.0
2025-10-01,07T,0.0,0.0
2024-09-01,07T,0.0,0.0
2023-03-01,07T,0.0,0.0
2026-04-01,08C,0.0,0.0
2023-02-01,08E,0.0,0.0
2022-01-01,08F,0.0,0.0
2023-01-01,08J,0.0,0.0
2024-09-01,08K,0.0,0.0
2026-04-01,08K,0.0,0.0
2023-11-01,08K,0.0,0.0
2021-06-01,08L,0.0,0.0
2024-01-01,08N,0.0,0.0
2021-10-01,08Q,0.0,0.0
2025-08-01,08Q,0.0,0.0
2022-09-01,08R,0.0,0.0
2022-05-01,08R,0.0,0.0
2025-05-01,08T,0.0,0.0
2024-12-01,08V,0.0,0.0
2022-02-01,08V,0.0,0.0
2024-11-01,08X,0.0,0.0
2021-10-01,09C,0.0,0.0
2025-12-01,09C,0.0,0.0
2026-06-01,09E,0.0,0.0
2025-04-01,09G,0.0,0.0
2024-06-01,09L,0.0,0.0
2021-11-01,09L,0.0,0.0
2023-03-01,09P,0.0,0.0
2024-08-01,09W,0.0,0.0
2022-12-01,09W,0.0,0.0
2022-05-01,09W,0.0,0.0
2026-03-01,09W,0.0,0.0
2024-05-01,09W,0.0,0.0
2024-03-01,09Y,0.0,0.0
2025-12-01,09Y,0.0,0.0
2025-04-01,10A,0.0,0.0
2023-12-01,10D,0.0,0.0
2022-03-01,10D,0.0,0.0
2024-07-01,10E,0.0,0.0
2021-12-01,10E,0.0,0.0
2025-07-01,10J,0.0,0.0
2025-10-01,10J,0.0,0.0
2024-10-01,10K,0.0,0.0
2022-11-01,10L,0.0,0.0
2024-01-01,10L,0.0,0.0
2022-07-01,10L,0.0,0.0
2026-06-01,10W,0.0,0.0
2023-07-01,10X,0.0,0.0
2025-08-01,10X,0.0,0.0
2025-11-01,11H,0.0,0.0
2023-07-01,11H,0.0,0.0
2025-12-01,11T,0.0,0.0
2025-04-01,11T,0.0,0.0
2023-11-01,11T,0.0,0.0
2026-03-01,12D,0.0,0.0
2024-10-01,12D,0.0,0.0
2024-04-01,13P,0.0,0.0
2023-11-01,13P,0.0,0.0
2022-09-01,13P,0.0,0.0
2024-04-01,99J,0.0,0.0
2025-01-01,99K,0.0,0.0
2021-10-01,99K,0.0,0.0
2023-09-01,99K,0.0,0.0
2025-05-01,99M,0.0,0.0
2025-09-01,99M,0.0,0.0
2025-01-01,99N,0.0,0.0
2025-12-01,99N,0.0,0.0
2025-10-01,99P,0.0,0.0
2021-06-01,D4U1Y,0.0,0.0
2025-12-01,D4U1Y,0.0,0.0
2022-06-01,D4U1Y,0.0,0.0
