month,code,numerator,denominator
2021-12-01,03N,18,621.0970000000001
2024-01-01,03N,14,638.7779999999999
2022-12-01,03N,14,629.5239999999999
2022-05-01,03N,17,618.7180000000001
2023-04-01,03N,16,630.6019999999999
2021-10-01,03N,19,618.3340000000001
2022-11-01,03N,17,628.6880000000002
2022-08-01,03N,15,618.5889999999999
2022-01-01,03N,17,619.4660000000001
2025-09-01,03N,14,634.8250000000003
2021-08-01,03N,15,612.7620000000001
2022-07-01,03N,21,619.1350000000001
2023-06-01,03N,18,630.856
2023-02-01,03N,16,630.297
2022-02-01,03N,16,619.6070000000003
2023-05-01,03N,14,630.776
2021-07-01,03N,18,613.2429999999999
2024-08-01,03W,14,359.9199999999999
2021-11-01,03W,16,346.7970000000001
2024-01-01,04C,14,447.37600000000015
2021-09-01,04C,20,421.89700000000016
2023-07-01,04C,16,438.79100000000017
2021-07-01,04V,18,404.7180000000001
2021-08-01,04V,15,404.415
2023-07-01,04V,16,415.254
2022-12-01,04V,15,413.66499999999996
2024-08-01,04V,15,420.36000000000007
2024-09-01,04V,21,420.42699999999996
2022-07-01,04V,15,410.14600000000013
2021-06-01,04V,21,404.527
2022-03-01,04V,22,408.75799999999987
2024-08-01,06H,20,1049.702
2025-10-01,06H,16,1058.2310000000004
2023-03-01,06H,14,1032.3459999999998
2024-09-01,06H,17,1050.2569999999998
2024-06-01,06H,14,1048.915
2021-09-01,06H,14,1002.4359999999996
2024-05-01,06H,15,1048.261
2021-12-01,06H,15,1010.2180000000001
2025-12-01,06H,17,1059.53
2025-01-01,06H,15,1055.8790000000001
2024-11-01,06H,16,1054.3160000000003
2021-07-01,06H,15,1000.0229999999997
2022-08-01,06H,15,1019.3399999999995
2024-02-01,06H,15,1045.9779999999998
2024-10-01,06H,18,1050.681
2025-04-01,06Q,15,423.386
2022-11-01,06Q,15,408.777
2023-08-01,06Q,15,413.17199999999997
2021-12-01,06Q,17,404.09899999999993
2021-11-01,06Q,17,403.93700000000007
2022-08-01,06Q,18,407.5009999999999
2025-02-01,06Q,19,422.92799999999994
2024-08-01,06Q,15,419.77
2023-09-01,06Q,16,413.93299999999994
2023-06-01,06Q,15,411.824
2025-01-01,06Q,14,422.3460000000001
2024-04-01,06Q,15,418.096
2026-03-01,06Q,14,426.2659999999999
2025-11-01,06Q,16,426.47900000000016
2024-09-01,06Q,22,420.3169999999999
2025-03-01,06Q,14,423.26
2026-01-01,06Q,15,426.2899999999999
2021-07-01,06Q,16,402.244
2023-10-01,06Q,16,414.12799999999993
2025-02-01,12F,29,346.039
2025-03-01,12F,21,345.93700000000007
2025-06-01,12F,21,346.31399999999985
2025-10-01,12F,17,346.82899999999995
2026-03-01,12F,18,346.264
2023-06-01,12F,16,341.85400000000004
2021-07-01,12F,18,338.818
2024-03-01,12F,16,343.883
2023-10-01,12F,16,342.77500000000015
2022-05-01,12F,23,339.6329999999999
2021-09-01,12F,21,339.35399999999987
2025-09-01,12F,20,346.8120000000001
2021-12-01,12F,21,339.26300000000003
2024-10-01,12F,14,345.59400000000005
2023-05-01,12F,18,341.683
2024-05-01,12F,20,344.59000000000015
2025-01-01,12F,25,345.91799999999995
2022-02-01,12F,19,339.40500000000003
2026-04-01,12F,15,346.23999999999995
2023-03-01,12F,26,341.3849999999999
2026-01-01,12F,22,346.5089999999999
2021-11-01,12F,24,339.17300000000006
2023-08-01,12F,21,342.42799999999994
2024-12-01,12F,15,345.80699999999996
2025-07-01,12F,27,346.49300000000005
2022-09-01,12F,17,340.836
2022-03-01,12F,26,339.4659999999999
2022-10-01,12F,15,340.8370000000001
2021-08-01,12F,18,339.203
2025-05-01,12F,15,346.14799999999997
2026-06-01,12F,20,346.1130000000001
2026-05-01,12F,17,346.293
2024-02-01,12F,17,343.797
2024-04-01,12F,22,344.01900000000006
2025-04-01,12F,14,345.9959999999999
2022-11-01,12F,25,340.94100000000014
2022-01-01,12F,14,339.342
2026-02-01,12F,18,346.41099999999994
2024-09-01,14L,14,740.6349999999999
2026-02-01,14L,16,755.9220000000004
2022-08-01,14L,43,701.0120000000001
2024-03-01,14L,121,737.6719999999998
2022-11-01,14L,26,709.28
2024-06-01,14L,31,740.7600000000004
2021-06-01,14L,14,677.374
2022-06-01,14L,43,700.5940000000004
2025-06-01,14L,15,750.3729999999999
2024-07-01,14L,14,741.087
2025-05-01,14L,14,750.172
2023-01-01,15C,14,1068.9500000000003
2021-09-01,15C,15,1047.257
2023-11-01,15C,14,1083.0059999999996
2026-03-01,15C,15,1095.0240000000003
2021-08-01,15C,21,1046.749
2026-02-01,15C,14,1096.5050000000003
2025-08-01,15C,14,1096.028
2021-06-01,15C,16,1044.1710000000005
2024-11-01,15C,15,1093.1409999999996
2022-10-01,15C,18,1063.705
2022-03-01,15C,16,1059.637
2023-02-01,15C,17,1070.1249999999995
2023-06-01,15C,18,1073.7099999999996
2021-10-01,15E,14,1558.8339999999998
2021-07-01,15F,14,898.6600000000001
2021-12-01,15F,14,907.9759999999999
2022-11-01,15F,14,916.175
2021-09-01,15F,14,898.0779999999996
2021-08-01,15F,18,898.2619999999998
2024-05-01,15F,14,937.3859999999999
2022-02-01,15F,14,909.3939999999997
2021-09-01,15M,19,1104.7910000000002
2021-10-01,15M,15,1105.5029999999995
2024-11-01,15N,41,1298.156999999999
2026-01-01,15N,36,1298.0879999999995
2024-05-01,15N,36,1294.0670000000007
2025-07-01,15N,35,1296.1819999999996
2025-12-01,15N,41,1299.042
2021-07-01,15N,52,1259.562
2025-06-01,15N,41,1296.7480000000003
2022-09-01,15N,46,1274.0500000000006
2023-07-01,15N,30,1284.193
2025-11-01,15N,37,1299.6919999999996
2022-06-01,15N,50,1272.4270000000006
2026-02-01,15N,32,1296.7090000000003
2023-04-01,15N,34,1283.3749999999995
2021-08-01,15N,43,1260.5949999999998
2023-10-01,15N,53,1289.1519999999996
2025-04-01,15N,33,1297.256
2022-10-01,15N,33,1276.2480000000003
2023-11-01,15N,33,1291.318
2024-06-01,15N,37,1294.0519999999997
2023-05-01,15N,37,1282.968
2024-02-01,15N,45,1293.429
2021-09-01,15N,49,1261.0320000000006
2022-12-01,15N,35,1279.7090000000003
2023-12-01,15N,40,1292.359
2025-08-01,15N,31,1295.9879999999998
2022-07-01,15N,34,1272.976
2024-08-01,15N,35,1293.9600000000003
2022-05-01,15N,53,1271.2050000000002
2024-04-01,15N,37,1293.7369999999996
2026-05-01,15N,24,1294.1960000000006
2022-11-01,15N,44,1277.9830000000002
2026-04-01,15N,34,1295.365
2025-02-01,15N,36,1298.014
2025-09-01,15N,43,1295.9739999999995
2023-06-01,15N,39,1283.423
2025-10-01,15N,34,1300.051
2024-03-01,15N,45,1293.5769999999993
2025-03-01,15N,30,1297.5960000000007
2023-09-01,15N,38,1284.878
2024-10-01,15N,35,1297.2439999999995
2021-10-01,15N,50,1264.7959999999991
2022-02-01,15N,50,1270.2069999999994
2023-02-01,15N,52,1282.124
2023-08-01,15N,35,1284.5549999999996
2021-06-01,15N,46,1258.5330000000001
2025-01-01,15N,36,1298.1779999999997
2025-05-01,15N,34,1296.8179999999998
2022-08-01,15N,41,1273.2639999999997
2024-01-01,15N,44,1292.7060000000001
2024-07-01,15N,39,1293.901
2022-01-01,15N,57,1269.9150000000002
2021-12-01,15N,61,1269.2879999999998
2024-12-01,15N,38,1298.4479999999996
2022-04-01,15N,47,1271.2979999999998
2026-03-01,15N,33,1295.663
2023-03-01,15N,33,1282.8540000000003
2021-11-01,15N,63,1267.8299999999997
2022-03-01,15N,49,1270.7350000000006
2023-01-01,15N,41,1280.8939999999996
2024-09-01,15N,37,1293.859
2026-06-01,15N,23,1293.3099999999997
2022-09-01,26A,16,1083.9789999999996
2021-11-01,26A,16,1080.2540000000001
2022-04-01,26A,20,1080.8270000000002
2022-11-01,26A,15,1087.1660000000002
2022-12-01,26A,20,1087.8490000000002
2023-06-01,42D,17,560.559
2022-01-01,72Q,14,2047.004
2023-03-01,91Q,15,1987.3099999999984
2022-04-01,91Q,14,1964.643999999999
2022-04-01,92A,14,1273.1459999999997
2021-06-01,92A,15,1261.8099999999995
2021-12-01,92A,24,1269.7199999999998
2021-10-01,92A,14,1267.8519999999994
2022-03-01,92A,19,1272.351
2022-08-01,92A,14,1278.7000000000003
2023-04-01,92A,17,1285.4330000000002
2021-09-01,92A,15,1266.7459999999999
2024-01-01,92A,14,1293.4019999999996
2021-11-01,92A,23,1268.4650000000001
2023-01-01,92A,17,1283.3540000000003
2022-05-01,92A,17,1273.9179999999997
2023-03-01,92A,19,1285.331
2025-01-01,92A,14,1303.399
2021-07-01,92A,15,1263.1709999999996
2022-07-01,92A,17,1277.3139999999999
2021-08-01,92A,14,1265.3870000000006
2023-08-01,92A,14,1288.9039999999998
2021-06-01,93C,17,1704.9370000000001
2024-11-01,93C,21,1830.4289999999994
2022-05-01,93C,22,1749.6969999999994
2023-07-01,93C,15,1785.9169999999988
2021-07-01,93C,20,1712.9629999999993
2025-11-01,93C,22,1842.5859999999989
2021-10-01,93C,26,1724.5140000000004
2025-05-01,93C,17,1836.0220000000004
2024-01-01,93C,20,1805.0819999999994
2025-08-01,93C,17,1835.876
2026-05-01,93C,20,1810.407999999999
2024-03-01,93C,15,1808.4080000000006
2023-01-01,93C,15,1775.3200000000013
2025-01-01,93C,26,1837.219000000001
2023-05-01,93C,20,1782.608
2024-06-01,93C,20,1812.655
2021-11-01,93C,17,1732.3470000000013
2022-02-01,93C,16,1745.3459999999998
2023-09-01,97R,14,573.7199999999998
2021-09-01,99F,14,186.061
2021-09-01,A3A8R,14,2319.153
2024-05-01,A3A8R,18,2454.6059999999993
2023-01-01,A3A8R,19,2395.806000000001
2024-07-01,A3A8R,21,2455.445000000001
2024-10-01,A3A8R,16,2455.1539999999995
2023-06-01,A3A8R,18,2418.6969999999974
2023-10-01,A3A8R,14,2434.448
2023-09-01,A3A8R,18,2432.357
2023-05-01,A3A8R,14,2412.8450000000007
2023-08-01,A3A8R,15,2428.7409999999973
2022-09-01,A3A8R,16,2375.496999999999
2023-02-01,A3A8R,17,2400.732000000001
2023-11-01,A3A8R,18,2441.163000000001
2023-03-01,A3A8R,24,2406.0229999999992
2021-07-01,A3A8R,16,2306.9249999999975
2022-08-01,A3A8R,18,2372.2379999999994
2024-03-01,A3A8R,16,2453.9410000000003
2021-09-01,D2P2L,15,1281.6369999999997
2023-08-01,D9Y0V,14,1903.6319999999996
2022-06-01,D9Y0V,16,1896.463
2024-07-01,D9Y0V,14,1922.649
2023-03-01,D9Y0V,21,1914.9979999999998
2021-09-01,D9Y0V,14,1881.4669999999999
2022-12-01,D9Y0V,15,1911.4910000000004
2025-03-01,D9Y0V,14,1930.239
2021-08-01,D9Y0V,14,1881.236999999999
2022-02-01,D9Y0V,16,1892.7730000000001
2023-09-01,D9Y0V,14,1904.9329999999995
2022-04-01,D9Y0V,16,1893.7389999999996
2022-11-01,D9Y0V,15,1909.3749999999998
2025-01-01,D9Y0V,15,1930.5660000000007
2024-07-01,00D,0,0.0
2022-10-01,00D,0,0.0
2023-02-01,00D,0,0.0
2022-01-01,00D,0,0.0
2023-10-01,00D,0,0.0
2021-08-01,00D,0,0.0
2023-05-01,00D,0,0.0
2024-02-01,00D,0,0.0
2023-01-01,00D,0,0.0
2025-03-01,00D,0,0.0
2026-03-01,00D,0,0.0
2022-12-01,00D,0,0.0
2026-01-01,00D,0,0.0
2023-03-01,00D,0,0.0
2023-11-01,00D,0,0.0
2021-07-01,00D,0,0.0
2022-03-01,00D,0,0.0
2021-11-01,00D,0,0.0
2023-09-01,00D,0,0.0
2025-11-01,00D,0,0.0
2022-07-01,00D,0,0.0
2024-05-01,00D,0,0.0
2022-11-01,00D,0,0.0
2021-12-01,00D,0,0.0
2022-08-01,00D,0,0.0
2024-08-01,00D,0,0.0
2025-12-01,00D,0,0.0
2026-02-01,00D,0,0.0
2023-06-01,00D,0,0.0
2025-01-01,00D,0,0.0
2023-12-01,00D,0,0.0
2021-10-01,00D,0,0.0
2022-05-01,00D,0,0.0
2022-06-01,00D,0,0.0
2025-08-01,00D,0,0.0
2026-06-01,00D,0,0.0
2025-05-01,00D,0,0.0
2024-09-01,00D,0,0.0
2025-10-01,00D,0,0.0
2026-04-01,00D,0,0.0
2025-07-01,00D,0,0.0
2025-09-01,00D,0,0.0
2024-03-01,00D,0,0.0
2024-10-01,00D,0,0.0
2025-02-01,00D,0,0.0
2022-09-01,00D,0,0.0
2023-07-01,00D,0,0.0
2021-09-01,00D,0,0.0
2024-12-01,00D,0,0.0
2023-08-01,00D,0,0.0
2021-06-01,00D,0,0.0
2024-11-01,00D,0,0.0
2024-04-01,00D,0,0.0
2025-04-01,00D,0,0.0
2022-04-01,00D,0,0.0
2023-04-01,00D,0,0.0
2024-06-01,00D,0,0.0
2022-02-01,00D,0,0.0
2024-01-01,00D,0,0.0
2025-06-01,00D,0,0.0
2026-05-01,00D,0,0.0
2022-07-01,00J,0,0.0
2021-10-01,00J,0,0.0
2022-06-01,00J,0,0.0
2023-10-01,00J,0,0.0
2023-09-01,00J,0,0.0
2022-03-01,00J,0,0.0
2023-02-01,00J,0,0.0
2021-09-01,00J,0,0.0
2023-07-01,00J,0,0.0
2024-07-01,00J,0,0.0
2021-07-01,00J,0,0.0
2025-10-01,00J,0,0.0
2023-08-01,00J,0,0.0
2023-01-01,00J,0,0.0
2026-02-01,00J,0,0.0
2026-05-01,00J,0,0.0
2026-04-01,00J,0,0.0
2025-03-01,00J,0,0.0
2021-06-01,00J,0,0.0
2022-08-01,00J,0,0.0
2023-06-01,00J,0,0.0
2024-04-01,00J,0,0.0
2025-05-01,00J,0,0.0
2024-06-01,00J,0,0.0
2025-09-01,00J,0,0.0
2022-01-01,00J,0,0.0
2022-11-01,00J,0,0.0
2023-03-01,00J,0,0.0
2024-03-01,00J,0,0.0
2024-08-01,00J,0,0.0
2022-10-01,00J,0,0.0
2024-11-01,00J,0,0.0
2025-08-01,00J,0,0.0
2025-11-01,00J,0,0.0
2023-05-01,00J,0,0.0
2022-02-01,00J,0,0.0
2025-07-01,00J,0,0.0
2025-01-01,00J,0,0.0
2025-02-01,00J,0,0.0
2025-04-01,00J,0,0.0
2022-12-01,00J,0,0.0
2024-01-01,00J,0,0.0
2025-06-01,00J,0,0.0
2024-05-01,00J,0,0.0
2024-09-01,00J,0,0.0
2025-12-01,00J,0,0.0
2026-03-01,00J,0,0.0
2024-10-01,00J,0,0.0
2021-11-01,00J,0,0.0
2023-12-01,00J,0,0.0
2024-12-01,00J,0,0.0
2024-02-01,00J,0,0.0
2021-12-01,00J,0,0.0
2022-04-01,00J,0,0.0
2022-09-01,00J,0,0.0
2026-01-01,00J,0,0.0
2022-05-01,00J,0,0.0
2023-11-01,00J,0,0.0
2021-08-01,00J,0,0.0
2026-06-01,00J,0,0.0
2023-04-01,00J,0,0.0
2025-10-01,00K,0,0.0
2022-04-01,00K,0,0.0
2025-11-01,00K,0,0.0
2025-01-01,00K,0,0.0
2024-12-01,00K,0,0.0
2025-04-01,00K,0,0.0
2023-09-01,00K,0,0.0
2024-02-01,00K,0,0.0
2021-06-01,00K,0,0.0
2022-06-01,00K,0,0.0
2023-01-01,00K,0,0.0
2025-06-01,00K,0,0.0
2021-07-01,00K,0,0.0
2023-07-01,00K,0,0.0
2024-01-01,00K,0,0.0
2025-07-01,00K,0,0.0
2025-12-01,00K,0,0.0
2024-11-01,00K,0,0.0
2026-04-01,00K,0,0.0
2023-08-01,00K,0,0.0
2023-10-01,00K,0,0.0
2024-09-01,00K,0,0.0
2021-09-01,00K,0,0.0
2021-12-01,00K,0,0.0
2025-09-01,00K,0,0.0
2023-04-01,00K,0,0.0
2022-02-01,00K,0,0.0
2022-12-01,00K,0,0.0
2023-06-01,00K,0,0.0
2022-08-01,00K,0,0.0
2022-07-01,00K,0,0.0
2024-03-01,00K,0,0.0
2022-10-01,00K,0,0.0
2023-03-01,00K,0,0.0
2023-05-01,00K,0,0.0
2025-08-01,00K,0,0.0
2025-03-01,00K,0,0.0
2023-11-01,00K,0,0.0
2026-03-01,00K,0,0.0
2021-08-01,00K,0,0.0
2022-09-01,00K,0,0.0
2022-11-01,00K,0,0.0
2024-04-01,00K,0,0.0
2025-02-01,00K,0,0.0
2023-02-01,00K,0,0.0
2025-05-01,00K,0,0.0
2026-01-01,00K,0,0.0
2021-11-01,00K,0,0.0
2022-03-01,00K,0,0.0
2024-07-01,00K,0,0.0
2026-02-01,00K,0,0.0
2022-01-01,00K,0,0.0
2026-05-01,00K,0,0.0
2026-06-01,00K,0,0.0
2024-05-01,00K,0,0.0
2024-06-01,00K,0,0.0
2024-08-01,00K,0,0.0
2021-10-01,00K,0,0.0
2022-05-01,00K,0,0.0
2023-12-01,00K,0,0.0
2024-10-01,00K,0,0.0
2021-07-01,00M,0,0.0
2023-05-01,00M,0,0.0
2025-10-01,00M,0,0.0
2021-08-01,00M,0,0.0
2021-11-01,00M,0,0.0
2024-10-01,00M,0,0.0
2026-02-01,00M,0,0.0
2024-09-01,00M,0,0.0
2025-03-01,00M,0,0.0
2021-06-01,00M,0,0.0
2026-04-01,00M,0,0.0
2025-12-01,00M,0,0.0
2024-07-01,00M,0,0.0
2023-07-01,00M,0,0.0
2023-04-01,00M,0,0.0
2025-11-01,00M,0,0.0
2025-09-01,00M,0,0.0
2024-08-01,00M,0,0.0
2024-02-01,00M,0,0.0
2024-12-01,00M,0,0.0
2026-05-01,00M,0,0.0
2021-10-01,00M,0,0.0
2023-11-01,00M,0,0.0
2025-02-01,00M,0,0.0
2022-06-01,00M,0,0.0
2023-03-01,00M,0,0.0
2025-07-01,00M,0,0.0
2021-09-01,00M,0,0.0
2023-02-01,00M,0,0.0
2022-12-01,00M,0,0.0
2026-06-01,00M,0,0.0
2022-05-01,00M,0,0.0
2024-05-01,00M,0,0.0
2021-12-01,00M,0,0.0
2022-11-01,00M,0,0.0
2024-03-01,00M,0,0.0
2024-06-01,00M,0,0.0
2025-05-01,00M,0,0.0
2022-03-01,00M,0,0.0
2026-01-01,00M,0,0.0
2023-12-01,00M,0,0.0
2023-01-01,00M,0,0.0
2023-08-01,00M,0,0.0
2024-04-01,00M,0,0.0
2025-01-01,00M,0,0.0
2022-01-01,00M,0,0.0
2023-09-01,00M,0,0.0
2024-01-01,00M,0,0.0
2022-10-01,00M,0,0.0
2023-06-01,00M,0,0.0
2023-10-01,00M,0,0.0
2026-03-01,00M,0,0.0
2022-04-01,00M,0,0.0
2025-06-01,00M,0,0.0
2022-08-01,00M,0,0.0
2025-08-01,00M,0,0.0
2022-02-01,00M,0,0.0
2022-09-01,00M,0,0.0
2022-07-01,00M,0,0.0
2025-04-01,00M,0,0.0
2024-11-01,00M,0,0.0
2021-07-01,00N,0,158.73099999999997
2023-06-01,00N,0,159.281
2023-09-01,00N,0,159.60500000000002
2024-03-01,00N,0,159.841
2022-10-01,00N,0,159.121
2023-04-01,00N,0,159.17300000000003
2025-12-01,00N,0,159.473
2024-10-01,00N,0,159.938
2022-05-01,00N,0,158.795
2021-09-01,00N,0,158.76600000000002
2022-08-01,00N,0,158.963
2022-09-01,00N,0,159.03099999999998
2022-12-01,00N,0,159.177
2021-11-01,00N,0,158.67900000000003
2021-08-01,00N,0,158.714
2022-11-01,00N,0,159.17599999999996
2023-07-01,00N,0,159.41200000000003
2022-02-01,00N,0,158.757
2025-08-01,00N,0,159.62199999999999
2023-02-01,00N,0,159.109
2026-02-01,00N,0,159.21
2023-08-01,00N,0,159.495
2022-06-01,00N,0,158.892
2021-12-01,00N,0,158.71299999999997
2023-03-01,00N,0,159.13
2023-01-01,00N,0,159.12200000000007
2022-01-01,00N,0,158.71299999999997
2025-06-01,00P,0,295.37999999999994
2023-03-01,00P,0,289.7610000000001
2026-06-01,00P,0,294.558
2026-04-01,00P,0,295.08599999999996
2026-02-01,00P,0,295.24799999999993
2022-07-01,00P,0,286.869
2022-02-01,00P,0,286.00500000000005
2024-11-01,00P,0,295.47299999999996
2026-01-01,00P,0,295.4349999999999
2021-10-01,00P,0,284.829
2021-10-01,00Q,0,180.648
2025-11-01,00Q,0,188.471
2023-02-01,00Q,0,182.58800000000002
2025-10-01,00Q,0,188.51400000000004
2025-02-01,00Q,0,187.91099999999994
2023-07-01,00Q,0,183.66200000000003
2023-12-01,00Q,0,185.13000000000002
2026-05-01,00Q,0,188.31699999999998
2025-04-01,00Q,0,187.779
2025-06-01,00Q,0,188.05999999999997
2026-06-01,00Q,0,188.26199999999997
2021-10-01,00R,0,175.178
2022-05-01,00R,0,176.472
2025-08-01,00R,0,178.896
2022-06-01,00R,0,176.53300000000004
2022-11-01,00R,0,176.82899999999998
2023-09-01,00R,0,178.24199999999996
2023-11-01,00R,0,178.46700000000004
2024-01-01,00R,0,178.497
2023-12-01,00R,0,178.541
2025-02-01,00R,0,178.916
2022-02-01,00R,0,176.13400000000001
2023-01-01,00R,0,176.993
2025-12-01,00R,0,178.559
2025-10-01,00R,0,178.83599999999998
2021-12-01,00R,0,175.476
2022-08-01,00R,0,176.638
2024-08-01,00R,0,178.941
2025-09-01,00R,0,178.93800000000002
2024-05-01,00R,0,178.647
2024-10-01,00R,0,179.063
2023-07-01,00R,0,177.953
2024-03-01,00R,0,178.55599999999998
2026-01-01,00R,0,178.34399999999994
2022-04-01,00R,0,176.35000000000002
2026-06-01,00R,0,177.325
2023-05-01,00R,0,177.452
2026-02-01,00R,0,178.103
2025-06-01,00R,0,178.79100000000003
2025-04-01,00R,0,178.776
2023-08-01,00R,0,178.08700000000002
2022-03-01,00R,0,176.20799999999997
2022-09-01,00R,0,176.676
2023-10-01,00R,0,178.293
2021-06-01,00R,0,175.04
2021-09-01,00R,0,175.17999999999998
2022-07-01,00R,0,176.58899999999997
2024-11-01,00R,0,179.078
2024-02-01,00R,0,178.59499999999997
2026-05-01,00R,0,177.52399999999997
2022-12-01,00R,0,177.016
2026-04-01,00R,0,177.696
2024-09-01,00R,0,178.93800000000005
2025-07-01,00R,0,178.79
2023-04-01,00R,0,177.381
2024-12-01,00R,0,179.096
2021-07-01,00R,0,175.072
2025-11-01,00R,0,178.75300000000001
2025-05-01,00R,0,178.738
2022-01-01,00R,0,175.74499999999995
2026-03-01,00R,0,177.82099999999997
2024-04-01,00R,0,178.66300000000004
2025-01-01,00R,0,178.95700000000002
2024-07-01,00R,0,179.00099999999998
2024-09-01,00T,0,333.03599999999994
2025-07-01,00T,0,334.4700000000001
2026-01-01,00T,0,335.14599999999984
2026-02-01,00T,0,335.1000000000001
2022-12-01,00T,0,323.0379999999999
2026-04-01,00T,0,334.6870000000001
2025-05-01,00T,0,334.1109999999999
2022-10-01,00T,0,321.992
2022-09-01,00T,0,321.76599999999996
2025-02-01,00T,0,333.80699999999996
2024-01-01,00T,0,328.8680000000001
2025-06-01,00T,0,334.366
2025-01-01,00T,0,333.498
2025-12-01,00T,0,335.234
2023-05-01,00T,0,324.30999999999995
2024-08-01,00T,0,332.835
2025-04-01,00T,0,333.88599999999997
2022-06-01,00T,0,320.89200000000005
2024-06-01,00T,0,331.704
2026-05-01,00T,0,334.592
2026-03-01,00T,0,334.767
2024-07-01,00T,0,332.232
2024-12-01,00T,0,333.3699999999999
2023-02-01,00T,0,323.35100000000006
2022-02-01,00V,0,208.62699999999998
2022-06-01,00V,0,209.17200000000003
2026-04-01,00V,0,211.72300000000004
2022-11-01,00V,0,209.325
2023-12-01,00V,0,210.85700000000008
2021-06-01,00V,0,207.89999999999998
2025-07-01,00V,0,212.757
2025-04-01,00V,0,212.735
2025-08-01,00V,0,212.766
2022-01-01,00V,0,208.532
2026-06-01,00V,0,211.388
2025-06-01,00V,0,212.72499999999997
2026-01-01,00V,0,212.23099999999997
2023-06-01,00V,0,209.97399999999996
2024-02-01,00V,0,211.326
2024-11-01,00V,0,212.38299999999992
2021-10-01,00V,0,208.30200000000002
2025-01-01,00V,0,212.567
2025-11-01,00V,0,212.58399999999997
2023-03-01,00V,0,209.69899999999996
2026-03-01,00V,0,211.80599999999998
2023-09-01,00V,0,210.52999999999994
2025-10-01,00V,0,212.63
2023-07-01,00V,0,210.13600000000002
2024-12-01,00V,0,212.42000000000002
2024-08-01,00V,0,212.32699999999997
2022-04-01,00V,0,208.875
2025-12-01,00V,0,212.43900000000002
2023-11-01,00V,0,210.683
2022-10-01,00V,0,209.40399999999994
2025-05-01,00V,0,212.77199999999996
2025-09-01,00V,0,212.82499999999993
2025-03-01,00V,0,212.72099999999998
2024-10-01,00V,0,212.36300000000003
2026-05-01,00V,0,211.638
2021-08-01,00V,0,208.155
2023-05-01,00V,0,209.894
2021-10-01,00X,0,187.69000000000003
2022-10-01,00X,0,189.11999999999998
2025-11-01,00X,0,194.849
2025-06-01,00X,0,194.24800000000002
2022-08-01,00X,0,188.75699999999998
2021-07-01,00X,0,187.394
2023-06-01,00X,0,190.09599999999998
2021-11-01,00X,0,187.73799999999997
2023-11-01,00X,0,191.14699999999996
2022-05-01,00X,0,188.11299999999997
2022-09-01,00X,0,189.07700000000003
2026-01-01,00X,0,195.068
2022-04-01,00X,0,187.924
2024-09-01,00X,0,192.985
2025-12-01,00X,0,194.98800000000003
2025-07-01,00X,0,194.48900000000003
2026-03-01,00X,0,195.134
2024-11-01,00X,0,193.19400000000002
2023-12-01,00X,0,191.26799999999997
2023-10-01,00X,0,190.945
2023-01-01,00X,0,189.448
2021-06-01,00X,0,187.28100000000003
2022-07-01,00X,0,188.61
2024-10-01,00X,0,193.088
2024-02-01,00X,0,191.49599999999998
2024-12-01,00X,0,193.38900000000004
2025-02-01,00X,0,193.671
2026-02-01,00X,0,195.07699999999997
2021-08-01,00X,0,187.507
2022-01-01,00X,0,187.827
2022-11-01,00X,0,189.16500000000002
2023-09-01,00X,0,190.82900000000004
2023-08-01,00X,0,190.54900000000006
2025-10-01,00X,0,194.85599999999997
2025-03-01,00X,0,193.74499999999995
2025-08-01,00X,0,194.73599999999996
2022-03-01,00X,0,187.858
2026-04-01,00X,0,195.29399999999998
2022-06-01,00X,0,188.41500000000005
2025-04-01,00X,0,193.91199999999998
2021-09-01,00X,0,187.57199999999997
2023-04-01,00X,0,189.74600000000004
2023-05-01,00X,0,189.866
2024-05-01,00X,0,192.044
2024-03-01,00X,0,191.659
2024-04-01,00X,0,191.76900000000003
2024-06-01,00X,0,192.25799999999998
2023-02-01,00X,0,189.521
2022-12-01,00X,0,189.28799999999998
2024-01-01,00X,0,191.34400000000002
2025-09-01,00X,0,194.92199999999994
2024-07-01,00X,0,192.48
2024-08-01,00X,0,192.75399999999996
2021-12-01,00X,0,187.78399999999993
2025-05-01,00X,0,194.05200000000002
2026-06-01,00X,0,195.43100000000004
2024-11-01,00Y,0,269.583
2026-04-01,00Y,0,268.29600000000005
2024-08-01,00Y,0,269.867
2026-02-01,00Y,0,268.845
2025-11-01,00Y,0,269.221
2026-01-01,00Y,0,268.94
2025-10-01,00Y,0,269.2179999999999
2025-05-01,00Y,0,269.10300000000007
2024-04-01,00Y,0,268.139
2024-06-01,00Y,0,269.293
2026-03-01,00Y,0,268.506
2026-05-01,00Y,0,268.128
2025-12-01,00Y,0,269.1209999999999
2026-06-01,00Y,0,267.82400000000007
2022-07-01,00Y,0,262.74500000000006
2025-03-01,00Y,0,269.304
2021-09-01,00Y,0,261.462
2024-09-01,01A,0,409.3740000000001
2026-01-01,01A,0,411.34800000000007
2023-01-01,01A,0,398.7090000000001
2025-12-01,01A,0,411.349
2026-04-01,01A,0,410.33799999999997
2025-11-01,01A,0,411.49399999999986
2025-03-01,01A,0,410.87900000000013
2021-10-01,01D,0,241.32900000000004
2025-10-01,01D,0,253.572
2024-11-01,01D,0,251.98699999999994
2023-10-01,01D,0,247.28799999999998
2026-04-01,01D,0,253.32000000000005
2023-06-01,01D,0,245.98000000000005
2021-06-01,01D,0,240.25500000000002
2024-06-01,01D,0,250.586
2024-04-01,01D,0,249.631
2025-07-01,01D,0,253.166
2023-08-01,01D,0,246.73
2022-03-01,01D,0,242.41399999999996
2023-03-01,01D,0,245.17100000000005
2024-09-01,01D,0,251.52499999999998
2022-09-01,01D,0,243.80699999999996
2026-01-01,01D,0,253.539
2023-11-01,01D,0,247.73699999999997
2023-02-01,01D,0,244.92299999999994
2026-05-01,01D,0,253.50599999999997
2024-03-01,01D,0,249.29100000000008
2022-07-01,01D,0,243.32600000000002
2023-05-01,01D,0,245.558
2022-11-01,01D,0,244.02599999999998
2022-12-01,01D,0,244.385
2024-05-01,01D,0,250.20399999999998
2024-10-01,01D,0,251.85500000000002
2024-07-01,01D,0,250.89600000000007
2024-08-01,01D,0,251.31300000000005
2025-11-01,01D,0,253.57399999999998
2025-05-01,01D,0,252.65200000000002
2025-06-01,01D,0,252.80300000000005
2025-01-01,01D,0,252.24699999999996
2025-09-01,01D,0,253.55399999999995
2022-02-01,01D,0,242.21800000000005
2022-04-01,01D,0,242.69400000000002
2023-09-01,01D,0,247.033
2022-05-01,01D,0,242.8979999999999
2023-01-01,01D,0,244.52099999999996
2021-09-01,01D,0,241.27100000000004
2023-12-01,01D,0,248.08100000000002
2022-01-01,01D,0,241.95499999999996
2021-08-01,01D,0,240.918
2024-12-01,01D,0,252.141
2026-02-01,01D,0,253.35500000000008
2024-01-01,01D,0,248.392
2024-02-01,01D,0,248.935
2026-06-01,01D,0,253.33899999999997
2025-12-01,01D,0,253.57900000000004
2021-07-01,01D,0,240.68500000000003
2026-03-01,01D,0,253.37699999999998
2023-04-01,01D,0,245.24699999999999
2025-08-01,01D,0,253.38699999999994
2022-10-01,01D,0,243.86
2025-03-01,01D,0,252.301
2022-06-01,01E,0,222.01100000000005
2023-05-01,01E,0,226.386
2023-07-01,01E,0,227.06400000000002
2025-11-01,01E,0,239.36199999999994
2025-03-01,01E,0,234.96099999999998
2025-02-01,01E,0,234.612
2026-03-01,01E,0,239.09400000000002
2022-03-01,01E,0,221.31600000000003
2026-06-01,01E,0,239.13199999999998
2024-05-01,01E,0,230.70800000000006
2025-12-01,01E,0,239.544
2026-01-01,01E,0,239.38199999999998
2025-08-01,01E,0,236.21400000000006
2023-06-01,01E,0,226.719
2024-06-01,01E,0,230.708
2025-05-01,01E,0,235.35399999999998
2021-10-01,01E,0,218.803
2024-10-01,01E,0,232.59799999999998
2023-04-01,01E,0,226.21300000000002
2021-08-01,01E,0,218.10400000000004
2021-12-01,01E,0,220.21
2025-01-01,01E,0,234.01500000000004
2025-07-01,01E,0,235.945
2024-08-01,01E,0,231.22
2023-10-01,01E,0,227.69400000000002
2022-05-01,01E,0,221.682
2022-02-01,01E,0,220.82100000000003
2023-11-01,01E,0,228.443
2023-09-01,01E,0,227.361
2026-05-01,01E,0,239.39300000000003
2023-03-01,01E,0,225.97000000000003
2025-10-01,01E,0,238.58599999999998
2022-07-01,01E,0,222.16500000000005
2022-04-01,01E,0,221.53499999999994
2024-09-01,01E,0,231.64200000000002
2022-10-01,01E,0,223.32999999999996
2026-02-01,01E,0,239.27900000000005
2025-09-01,01E,0,236.276
2022-09-01,01E,0,222.42399999999998
2023-02-01,01E,0,225.563
2024-07-01,01E,0,230.897
2021-11-01,01E,0,219.62700000000004
2022-11-01,01E,0,224.241
2025-06-01,01E,0,235.64
2026-04-01,01E,0,239.29600000000002
2021-07-01,01E,0,217.92400000000004
2025-04-01,01E,0,235.205
2022-12-01,01E,0,224.54999999999998
2021-09-01,01E,0,218.378
2022-08-01,01E,0,222.22999999999996
2023-12-01,01E,0,229.00200000000004
2024-01-01,01E,0,229.44400000000002
2024-12-01,01E,0,233.79400000000004
2024-03-01,01E,0,230.14199999999997
2022-08-01,01F,0,135.00099999999998
2022-09-01,01F,0,135.04399999999998
2022-12-01,01F,0,135.01100000000002
2024-05-01,01F,0,136.20999999999998
2025-07-01,01F,0,136.426
2023-08-01,01F,0,135.836
2026-01-01,01F,0,135.89100000000002
2022-03-01,01F,0,135.18699999999998
2022-04-01,01F,0,135.22999999999996
2023-04-01,01F,0,135.394
2021-07-01,01F,0,134.602
2024-02-01,01F,0,136.12
2025-03-01,01F,0,136.717
2025-10-01,01F,0,136.17000000000002
2024-08-01,01F,0,136.46699999999998
2024-04-01,01F,0,136.056
2023-11-01,01F,0,136.06900000000002
2023-12-01,01F,0,136.05100000000002
2025-08-01,01F,0,136.31799999999998
2023-10-01,01F,0,135.993
2021-09-01,01F,0,134.894
2025-05-01,01F,0,136.652
2024-07-01,01F,0,136.332
2026-05-01,01F,0,135.899
2023-02-01,01F,0,134.964
2025-04-01,01F,0,136.707
2026-06-01,01F,0,135.80400000000003
2023-05-01,01F,0,135.53300000000004
2024-10-01,01F,0,136.605
2023-01-01,01F,0,134.938
2024-09-01,01F,0,136.538
2026-02-01,01F,0,135.91400000000002
2025-12-01,01F,0,136.06799999999998
2022-11-01,01F,0,134.97
2025-01-01,01F,0,136.803
2023-07-01,01F,0,135.77399999999997
2023-03-01,01F,0,135.135
2026-04-01,01F,0,135.88499999999996
2024-03-01,01F,0,136.117
2024-06-01,01F,0,136.287
2025-02-01,01F,0,136.783
2025-09-01,01F,0,136.231
2021-11-01,01F,0,135.068
2025-11-01,01F,0,136.128
2024-01-01,01F,0,136.05900000000003
2025-06-01,01F,0,136.616
2024-12-01,01F,0,136.77200000000002
2022-06-01,01F,0,135.05
2022-07-01,01F,0,135.017
2023-06-01,01F,0,135.684
2021-10-01,01F,0,135.063
2024-11-01,01F,0,136.747
2026-03-01,01F,0,135.86399999999998
2025-07-01,01G,0,323.503
2022-11-01,01G,0,306.898
2025-05-01,01G,0,322.80800000000005
2026-04-01,01G,0,325.10499999999996
2025-09-01,01G,0,323.958
2025-11-01,01G,0,326.05300000000005
2022-06-01,01G,0,303.19199999999995
2022-07-01,01G,0,303.72599999999994
2025-08-01,01G,0,323.6850000000001
2026-01-01,01G,0,326.0609999999998
2022-05-01,01G,0,302.448
2025-06-01,01G,0,323.271
2021-06-01,01G,0,290.79699999999997
2025-10-01,01G,0,325.561
2026-05-01,01G,0,324.749
2024-11-01,01G,0,321.44199999999995
2026-05-01,01J,0,174.323
2023-04-01,01J,0,170.638
2025-09-01,01J,0,174.292
2025-06-01,01J,0,174.01200000000006
2024-03-01,01J,0,172.007
2022-11-01,01J,0,170.525
2024-07-01,01K,0,356.234
2024-09-01,01K,0,355.317
2021-11-01,01K,0,353.0849999999999
2022-08-01,01K,0,354.22
2025-03-01,01K,0,356.471
2025-01-01,01K,0,356.607
2026-06-01,01K,0,352.821
2026-02-01,01K,0,354.401
2021-10-01,01K,0,351.38300000000004
2025-11-01,01K,0,355.51500000000004
2024-11-01,01K,0,356.16299999999995
2025-08-01,01K,0,355.313
2022-10-01,01K,0,353.97799999999995
2022-11-01,01K,0,355.93999999999994
2022-02-01,01K,0,353.584
2025-07-01,01K,0,355.80299999999994
2026-05-01,01K,0,353.16600000000005
2025-02-01,01K,0,356.672
2021-09-01,01K,0,351.01099999999997
2025-10-01,01K,0,354.444
2024-06-01,01K,0,356.352
2025-05-01,01K,0,356.1090000000001
2023-12-01,01K,0,356.41200000000003
2026-01-01,01K,0,354.81499999999994
2023-04-01,01K,0,355.64
2024-02-01,01K,0,356.09000000000003
2024-03-01,01K,0,356.07099999999997
2026-03-01,01K,0,353.809
2024-05-01,01K,0,356.316
2023-09-01,01K,0,355.01
2024-08-01,01K,0,355.693
2025-04-01,01K,0,356.4149999999999
2025-12-01,01K,0,355.492
2026-04-01,01K,0,353.41600000000005
2024-12-01,01K,0,356.491
2024-10-01,01K,0,355.046
2025-09-01,01K,0,354.92100000000005
2022-01-01,01K,0,353.69900000000007
2023-06-01,01R,0,0.0
2025-07-01,01R,0,0.0
2024-03-01,01R,0,0.0
2023-03-01,01R,0,0.0
2022-01-01,01R,0,0.0
2023-09-01,01R,0,0.0
2024-07-01,01R,0,0.0
2025-04-01,01R,0,0.0
2026-06-01,01R,0,0.0
2025-08-01,01R,0,0.0
2021-07-01,01R,0,0.0
2025-02-01,01R,0,0.0
2023-11-01,01R,0,0.0
2024-05-01,01R,0,0.0
2025-11-01,01R,0,0.0
2025-01-01,01R,0,0.0
2024-11-01,01R,0,0.0
2025-10-01,01R,0,0.0
2021-10-01,01R,0,0.0
2024-06-01,01R,0,0.0
2026-03-01,01R,0,0.0
2021-09-01,01R,0,0.0
2022-06-01,01R,0,0.0
2023-12-01,01R,0,0.0
2026-02-01,01R,0,0.0
2021-06-01,01R,0,0.0
2026-01-01,01R,0,0.0
2026-05-01,01R,0,0.0
2022-12-01,01R,0,0.0
2025-06-01,01R,0,0.0
2023-08-01,01R,0,0.0
2024-01-01,01R,0,0.0
2021-12-01,01R,0,0.0
2024-08-01,01R,0,0.0
2021-11-01,01R,0,0.0
2024-04-01,01R,0,0.0
2022-08-01,01R,0,0.0
2023-04-01,01R,0,0.0
2026-04-01,01R,0,0.0
2022-03-01,01R,0,0.0
2022-10-01,01R,0,0.0
2022-04-01,01R,0,0.0
2022-09-01,01R,0,0.0
2023-10-01,01R,0,0.0
2024-10-01,01R,0,0.0
2024-12-01,01R,0,0.0
2022-05-01,01R,0,0.0
2025-05-01,01R,0,0.0
2022-07-01,01R,0,0.0
2025-12-01,01R,0,0.0
2023-01-01,01R,0,0.0
2024-09-01,01R,0,0.0
2022-11-01,01R,0,0.0
2025-09-01,01R,0,0.0
2021-08-01,01R,0,0.0
2023-02-01,01R,0,0.0
2023-07-01,01R,0,0.0
2023-05-01,01R,0,0.0
2024-02-01,01R,0,0.0
2022-02-01,01R,0,0.0
2025-03-01,01R,0,0.0
2022-03-01,01T,0,157.09599999999998
2024-05-01,01T,0,159.99099999999999
2021-10-01,01T,0,156.95300000000003
2024-02-01,01T,0,159.32700000000003
2024-09-01,01T,0,160.5
2022-11-01,01T,0,157.605
2022-02-01,01T,0,156.98599999999996
2024-01-01,01T,0,159.13500000000005
2022-05-01,01T,0,157.129
2023-08-01,01T,0,158.44099999999995
2025-10-01,01T,0,161.799
2026-04-01,01T,0,161.64800000000002
2021-11-01,01T,0,156.923
2025-04-01,01T,0,161.35099999999997
2023-11-01,01T,0,158.904
2025-05-01,01T,0,161.39700000000002
2023-06-01,01T,0,158.095
2023-07-01,01T,0,158.24999999999994
2025-08-01,01T,0,161.62999999999994
2025-06-01,01T,0,161.482
2024-03-01,01T,0,159.50699999999992
2025-03-01,01T,0,161.32999999999998
2021-07-01,01T,0,156.909
2024-08-01,01T,0,160.42600000000002
2021-09-01,01T,0,157.02899999999997
2022-08-01,01T,0,157.33300000000003
2026-02-01,01T,0,161.59599999999998
2022-06-01,01T,0,157.181
2021-06-01,01T,0,156.77400000000003
2023-02-01,01T,0,157.71900000000002
2023-03-01,01T,0,157.87100000000004
2023-12-01,01T,0,159.03899999999996
2021-12-01,01T,0,156.99099999999999
2022-07-01,01T,0,157.26199999999997
2024-12-01,01T,0,160.94000000000003
2023-05-01,01T,0,157.92300000000003
2023-01-01,01T,0,157.69799999999995
2022-04-01,01T,0,157.15600000000003
2026-01-01,01T,0,161.609
2025-02-01,01T,0,161.273
2025-09-01,01T,0,161.74200000000002
2024-10-01,01T,0,160.58599999999998
2026-06-01,01T,0,161.68200000000002
2023-10-01,01T,0,158.737
2026-03-01,01T,0,161.559
2026-05-01,01T,0,161.64999999999998
2024-06-01,01T,0,160.264
2024-11-01,01T,0,160.777
2024-04-01,01T,0,159.58999999999995
2023-10-01,01V,0,127.432
2021-12-01,01V,0,126.53599999999999
2023-11-01,01V,0,127.61599999999999
2021-08-01,01V,0,126.21499999999999
2022-06-01,01V,0,126.62899999999999
2022-08-01,01V,0,126.85600000000002
2025-04-01,01V,0,128.494
2023-01-01,01V,0,126.96700000000001
2024-11-01,01V,0,128.367
2025-09-01,01V,0,129.105
2022-04-01,01V,0,126.59300000000002
2024-03-01,01V,0,127.81499999999997
2026-05-01,01V,0,128.548
2023-09-01,01V,0,127.446
2026-03-01,01V,0,128.66
2021-11-01,01V,0,126.39099999999999
2024-02-01,01V,0,127.812
2025-11-01,01V,0,128.95100000000002
2024-01-01,01V,0,127.712
2024-05-01,01V,0,127.97
2023-06-01,01V,0,127.15800000000003
2024-04-01,01V,0,127.81800000000001
2023-03-01,01V,0,126.99799999999999
2024-10-01,01V,0,128.32
2021-06-01,01V,0,125.85700000000003
2022-11-01,01V,0,126.927
2023-07-01,01V,0,127.282
2023-12-01,01V,0,127.64800000000001
2021-09-01,01V,0,126.27899999999998
2024-06-01,01V,0,127.979
2025-03-01,01V,0,128.399
2023-02-01,01V,0,126.99800000000002
2025-10-01,01V,0,129.047
2023-04-01,01V,0,127.05099999999999
2025-06-01,01V,0,128.717
2024-08-01,01V,0,128.168
2021-10-01,01V,0,126.40700000000001
2022-10-01,01V,0,127.00000000000001
2026-06-01,01V,0,128.464
2023-05-01,01V,0,127.102
2021-07-01,01V,0,125.954
2022-01-01,01V,0,126.53000000000002
2022-05-01,01V,0,126.58899999999998
2025-01-01,01V,0,128.407
2024-07-01,01V,0,128.07
2025-12-01,01V,0,128.96200000000002
2024-12-01,01V,0,128.416
2025-05-01,01V,0,128.633
2023-08-01,01V,0,127.34200000000001
2022-03-01,01V,0,126.57199999999999
2026-02-01,01V,0,128.883
2026-04-01,01V,0,128.58
2022-09-01,01V,0,127.0
2022-12-01,01V,0,127.001
2022-07-01,01V,0,126.68700000000003
2025-07-01,01V,0,128.818
2022-02-01,01V,0,126.515
2024-09-01,01V,0,128.279
2026-01-01,01V,0,128.89200000000002
2023-10-01,01W,0,325.76599999999996
2026-06-01,01W,0,330.5
2022-10-01,01W,0,322.2950000000001
2026-01-01,01W,0,330.76699999999994
2022-06-01,01W,0,321.005
2023-03-01,01W,0,323.64200000000005
2021-10-01,01W,0,319.439
2023-05-01,01W,0,324.11800000000005
2022-11-01,01X,0,200.651
2023-11-01,01X,0,201.41000000000003
2024-07-01,01Y,0,226.97299999999998
2024-12-01,01Y,0,228.243
2021-10-01,01Y,0,219.59999999999997
2021-12-01,01Y,0,219.89100000000005
2026-05-01,01Y,0,228.81199999999995
2022-05-01,01Y,0,220.67499999999998
2021-09-01,01Y,0,219.53699999999995
2024-05-01,01Y,0,226.19
2022-04-01,01Y,0,220.57699999999994
2023-08-01,01Y,0,223.184
2024-11-01,01Y,0,227.99800000000005
2025-03-01,01Y,0,228.57700000000006
2022-07-01,01Y,0,220.80700000000004
2026-02-01,01Y,0,228.93199999999996
2025-07-01,01Y,0,229.01999999999998
2022-03-01,01Y,0,220.32599999999994
2022-01-01,01Y,0,220.00000000000003
2023-01-01,01Y,0,221.43
2022-12-01,01Y,0,221.26699999999997
2025-06-01,01Y,0,228.81
2022-10-01,01Y,0,220.97099999999998
2024-06-01,01Y,0,226.755
2023-05-01,01Y,0,222.11299999999997
2023-11-01,01Y,0,224.10799999999998
2026-04-01,01Y,0,229.06500000000005
2023-04-01,01Y,0,221.782
2023-10-01,01Y,0,223.769
2024-02-01,01Y,0,224.93200000000004
2026-06-01,01Y,0,228.64000000000001
2025-05-01,01Y,0,228.75099999999998
2025-08-01,01Y,0,229.16
2024-03-01,01Y,0,225.36599999999993
2026-01-01,01Y,0,228.90200000000002
2024-09-01,02A,0,249.52100000000002
2022-10-01,02A,0,247.3499999999999
2022-11-01,02A,0,247.43600000000004
2024-08-01,02A,0,249.36600000000004
2025-12-01,02A,0,249.118
2024-07-01,02A,0,249.015
2024-11-01,02A,0,249.45400000000006
2025-07-01,02A,0,249.346
2025-08-01,02A,0,249.51800000000006
2023-01-01,02A,0,247.85700000000003
2022-02-01,02A,0,245.42600000000007
2024-10-01,02A,0,249.45000000000005
2024-12-01,02A,0,249.45
2024-03-01,02A,0,248.61099999999996
2025-09-01,02A,0,249.55300000000003
2024-04-01,02A,0,248.67799999999997
2023-05-01,02A,0,247.80800000000002
2023-12-01,02A,0,248.50400000000005
2025-01-01,02A,0,249.404
2023-08-01,02A,0,248.48000000000002
2024-06-01,02A,0,248.955
2025-11-01,02A,0,249.252
2021-08-01,02A,0,244.92200000000003
2023-02-01,02A,0,248.01399999999998
2023-09-01,02A,0,248.53799999999998
2026-03-01,02A,0,248.44900000000004
2025-03-01,02A,0,249.34400000000002
2023-07-01,02A,0,248.244
2026-01-01,02A,0,248.91099999999997
2023-11-01,02A,0,248.50499999999997
2026-02-01,02A,0,248.657
2026-06-01,02A,0,247.65300000000002
2022-05-01,02A,0,245.86400000000003
2026-04-01,02A,0,248.17599999999996
2024-05-01,02A,0,248.97500000000002
2025-05-01,02A,0,249.411
2026-05-01,02A,0,247.967
2024-02-01,02A,0,248.514
2025-10-01,02A,0,249.431
2024-01-01,02A,0,248.56100000000004
2023-10-01,02A,0,248.41000000000005
2025-06-01,02A,0,249.40400000000002
2022-12-01,02A,0,247.69399999999996
2023-03-01,02E,0,226.03300000000002
2022-08-01,02E,0,224.667
2024-08-01,02E,0,230.12100000000004
2022-03-01,02E,0,223.51700000000002
2025-07-01,02E,0,230.77899999999997
2026-04-01,02E,0,230.26100000000002
2024-03-01,02E,0,229.046
2023-05-01,02E,0,226.48900000000006
2024-11-01,02E,0,230.65399999999997
2025-02-01,02E,0,230.83799999999994
2021-07-01,02E,0,221.40800000000004
2022-09-01,02E,0,225.0
2025-05-01,02E,0,230.72400000000005
2025-08-01,02E,0,230.84599999999998
2022-12-01,02E,0,225.49099999999996
2021-08-01,02E,0,221.82799999999997
2024-07-01,02E,0,229.86800000000005
2024-12-01,02E,0,230.88500000000002
2025-03-01,02E,0,230.613
2024-05-01,02E,0,229.504
2024-01-01,02E,0,228.71100000000004
2021-09-01,02E,0,222.22400000000002
2023-06-01,02E,0,226.83100000000002
2024-06-01,02E,0,229.61299999999997
2024-10-01,02E,0,230.54400000000004
2022-01-01,02E,0,223.195
2025-04-01,02E,0,230.623
2022-10-01,02E,0,225.19700000000003
2026-03-01,02E,0,230.34699999999998
2026-01-01,02E,0,230.76799999999997
2024-09-01,02E,0,230.44099999999997
2025-06-01,02E,0,230.822
2022-07-01,02E,0,224.44099999999997
2023-12-01,02E,0,228.56199999999998
2021-11-01,02E,0,222.66199999999998
2022-11-01,02E,0,225.31300000000007
2025-01-01,02E,0,230.82099999999997
2026-05-01,02E,0,230.029
2023-09-01,02E,0,227.92899999999997
2023-11-01,02E,0,228.38900000000004
2025-10-01,02E,0,231.02300000000002
2026-02-01,02E,0,230.62399999999997
2021-12-01,02E,0,222.95000000000005
2022-04-01,02E,0,223.69899999999996
2023-08-01,02E,0,227.5840000000001
2023-04-01,02E,0,226.355
2025-11-01,02E,0,230.83000000000004
2025-09-01,02E,0,231.04199999999997
2021-06-01,02E,0,220.80100000000002
2025-12-01,02E,0,230.82900000000004
2026-06-01,02E,0,229.918
2024-01-01,02F,0,0.0
2026-05-01,02F,0,0.0
2022-11-01,02F,0,0.0
2023-03-01,02F,0,0.0
2025-05-01,02F,0,0.0
2025-07-01,02F,0,0.0
2026-03-01,02F,0,0.0
2024-06-01,02F,0,0.0
2025-04-01,02F,0,0.0
2021-08-01,02F,0,0.0
2023-10-01,02F,0,0.0
2021-09-01,02F,0,0.0
2023-12-01,02F,0,0.0
2024-04-01,02F,0,0.0
2022-04-01,02F,0,0.0
2025-12-01,02F,0,0.0
2026-02-01,02F,0,0.0
2025-03-01,02F,0,0.0
2026-06-01,02F,0,0.0
2021-06-01,02F,0,0.0
2023-02-01,02F,0,0.0
2023-08-01,02F,0,0.0
2024-02-01,02F,0,0.0
2025-09-01,02F,0,0.0
2022-05-01,02F,0,0.0
2023-11-01,02F,0,0.0
2024-05-01,02F,0,0.0
2023-04-01,02F,0,0.0
2024-10-01,02F,0,0.0
2023-05-01,02F,0,0.0
2026-01-01,02F,0,0.0
2022-10-01,02F,0,0.0
2022-09-01,02F,0,0.0
2024-09-01,02F,0,0.0
2022-07-01,02F,0,0.0
2023-09-01,02F,0,0.0
2021-11-01,02F,0,0.0
2021-10-01,02F,0,0.0
2025-06-01,02F,0,0.0
2023-01-01,02F,0,0.0
2022-01-01,02F,0,0.0
2025-11-01,02F,0,0.0
2024-12-01,02F,0,0.0
2023-06-01,02F,0,0.0
2025-02-01,02F,0,0.0
2025-08-01,02F,0,0.0
2026-04-01,02F,0,0.0
2024-11-01,02F,0,0.0
2025-10-01,02F,0,0.0
2021-07-01,02F,0,0.0
2022-08-01,02F,0,0.0
2025-01-01,02F,0,0.0
2022-03-01,02F,0,0.0
2022-06-01,02F,0,0.0
2024-07-01,02F,0,0.0
2021-12-01,02F,0,0.0
2022-02-01,02F,0,0.0
2023-07-01,02F,0,0.0
2024-03-01,02F,0,0.0
2022-12-01,02F,0,0.0
2024-08-01,02F,0,0.0
2023-03-01,02G,0,116.784
2024-02-01,02G,0,117.47000000000001
2025-06-01,02G,0,118.408
2025-08-01,02G,0,118.39199999999998
2024-08-01,02G,0,117.757
2022-12-01,02G,0,116.60300000000001
2021-06-01,02G,0,113.91899999999998
2025-05-01,02G,0,118.31100000000002
2024-10-01,02G,0,117.82
2026-05-01,02G,0,118.486
2025-04-01,02G,0,118.29499999999999
2023-11-01,02G,0,117.29499999999999
2022-06-01,02G,0,115.61200000000001
2023-07-01,02G,0,116.864
2025-11-01,02G,0,118.69100000000002
2025-03-01,02G,0,118.27600000000001
2024-12-01,02G,0,118.284
2023-01-01,02G,0,116.62800000000001
2024-04-01,02G,0,117.602
2022-04-01,02G,0,115.39299999999999
2025-07-01,02G,0,118.37
2022-10-01,02G,0,116.20299999999999
2026-06-01,02G,0,118.38600000000001
2023-08-01,02G,0,116.83100000000002
2024-06-01,02G,0,117.66099999999997
2026-02-01,02G,0,118.715
2023-04-01,02G,0,116.85199999999999
2024-03-01,02G,0,117.55000000000001
2026-04-01,02G,0,118.587
2021-07-01,02G,0,113.90300000000003
2024-01-01,02G,0,117.365
2025-02-01,02G,0,118.32400000000001
2022-03-01,02G,0,115.21100000000001
2024-05-01,02G,0,117.64800000000002
2024-09-01,02G,0,117.754
2023-12-01,02G,0,117.423
2021-09-01,02G,0,113.97200000000001
2023-06-01,02G,0,116.86099999999999
2025-12-01,02G,0,118.703
2023-05-01,02G,0,116.846
2022-09-01,02G,0,115.82999999999998
2023-09-01,02G,0,116.79799999999999
2024-07-01,02G,0,117.72800000000001
2025-09-01,02G,0,118.269
2022-02-01,02G,0,115.173
2026-03-01,02G,0,118.64699999999998
2021-10-01,02G,0,114.28399999999999
2022-05-01,02G,0,115.458
2023-10-01,02G,0,117.075
2025-01-01,02G,0,118.32999999999998
2022-11-01,02G,0,116.47999999999999
2022-01-01,02G,0,115.055
2025-10-01,02G,0,118.44399999999999
2026-01-01,02G,0,118.75099999999999
2024-02-01,02H,0,348.1030000000001
2022-06-01,02H,0,338.922
2024-08-01,02H,0,350.36600000000004
2026-06-01,02H,0,352.42400000000004
2022-12-01,02H,0,341.14600000000013
2021-12-01,02M,0,182.239
2024-12-01,02M,0,187.28799999999998
2025-11-01,02M,0,187.80700000000002
2022-02-01,02M,0,182.41
2022-05-01,02M,0,182.635
2024-10-01,02M,0,186.844
2026-04-01,02M,0,188.117
2026-05-01,02M,0,188.234
2024-05-01,02M,0,185.74399999999997
2025-12-01,02M,0,187.95399999999998
2026-02-01,02M,0,188.13
2021-08-01,02M,0,181.33400000000003
2022-04-01,02M,0,182.54000000000002
2022-06-01,02M,0,182.76899999999998
2024-08-01,02M,0,186.27700000000002
2025-09-01,02M,0,187.981
2025-08-01,02M,0,187.80600000000004
2022-11-01,02M,0,183.865
2025-10-01,02M,0,187.91400000000002
2025-07-01,02M,0,187.69899999999998
2024-06-01,02M,0,185.98000000000005
2022-08-01,02M,0,183.226
2021-11-01,02M,0,182.032
2022-01-01,02M,0,182.369
2025-04-01,02M,0,187.46300000000002
2022-07-01,02M,0,182.99699999999996
2025-03-01,02M,0,187.44199999999998
2024-03-01,02M,0,185.50300000000001
2022-12-01,02M,0,184.06099999999998
2021-06-01,02M,0,180.77399999999997
2026-03-01,02M,0,188.13000000000005
2023-04-01,02M,0,184.243
2025-01-01,02M,0,187.34200000000004
2026-06-01,02M,0,188.13499999999996
2025-05-01,02M,0,187.63099999999997
2025-06-01,02M,0,187.53000000000006
2025-07-01,02P,0,270.75899999999996
2025-06-01,02P,0,270.788
2023-07-01,02Q,0,124.71799999999999
2023-08-01,02Q,0,125.00600000000001
2024-05-01,02Q,0,126.64
2026-05-01,02Q,0,125.334
2021-12-01,02Q,0,121.53599999999999
2022-10-01,02Q,0,123.2
2025-12-01,02Q,0,129.011
2025-08-01,02Q,0,128.753
2021-06-01,02Q,0,120.66799999999999
2021-11-01,02Q,0,121.41299999999998
2025-09-01,02Q,0,128.853
2024-08-01,02Q,0,127.22999999999999
2023-05-01,02Q,0,124.43
2023-12-01,02Q,0,125.753
2023-06-01,02Q,0,124.57
2025-01-01,02Q,0,127.96799999999999
2026-06-01,02Q,0,128.889
2024-09-01,02Q,0,127.47200000000002
2022-08-01,02Q,0,122.824
2026-04-01,02Q,0,128.883
2024-06-01,02Q,0,126.78599999999999
2022-09-01,02Q,0,123.04899999999999
2023-02-01,02Q,0,123.88799999999999
2023-04-01,02Q,0,124.247
2022-01-01,02Q,0,121.699
2022-04-01,02Q,0,122.10099999999997
2023-09-01,02Q,0,125.22199999999998
2021-10-01,02Q,0,121.33099999999999
2023-10-01,02Q,0,125.40899999999999
2024-11-01,02Q,0,127.723
2025-11-01,02Q,0,128.97
2021-08-01,02Q,0,121.07999999999998
2025-04-01,02Q,0,128.168
2025-10-01,02Q,0,128.933
2026-01-01,02Q,0,129.00400000000002
2021-09-01,02Q,0,121.23099999999998
2022-05-01,02Q,0,122.204
2024-02-01,02Q,0,126.02999999999999
2025-02-01,02Q,0,128.022
2025-06-01,02Q,0,128.41500000000002
2026-03-01,02Q,0,128.88800000000003
2023-11-01,02Q,0,125.61399999999999
2022-06-01,02Q,0,122.42299999999999
2024-03-01,02Q,0,126.231
2021-07-01,02Q,0,120.89400000000002
2023-03-01,02Q,0,124.06099999999999
2024-04-01,02Q,0,126.361
2024-10-01,02Q,0,127.598
2025-07-01,02Q,0,128.549
2022-07-01,02Q,0,122.61599999999999
2022-03-01,02Q,0,121.99699999999999
2026-02-01,02Q,0,128.975
2022-12-01,02Q,0,123.58300000000001
2023-01-01,02Q,0,123.708
2025-03-01,02Q,0,128.132
2025-05-01,02Q,0,128.295
2022-11-01,02Q,0,123.363
2024-12-01,02Q,0,127.837
2024-07-01,02R,0,0.0
2024-01-01,02R,0,0.0
2023-04-01,02R,0,0.0
2021-10-01,02R,0,0.0
2026-01-01,02R,0,0.0
2022-05-01,02R,0,0.0
2023-01-01,02R,0,0.0
2024-12-01,02R,0,0.0
2022-07-01,02R,0,0.0
2022-10-01,02R,0,0.0
2024-09-01,02R,0,0.0
2026-05-01,02R,0,0.0
2023-12-01,02R,0,0.0
2024-11-01,02R,0,0.0
2024-06-01,02R,0,0.0
2025-05-01,02R,0,0.0
2022-06-01,02R,0,0.0
2022-09-01,02R,0,0.0
2025-10-01,02R,0,0.0
2025-09-01,02R,0,0.0
2026-04-01,02R,0,0.0
2023-05-01,02R,0,0.0
2022-12-01,02R,0,0.0
2025-07-01,02R,0,0.0
2022-02-01,02R,0,0.0
2023-08-01,02R,0,0.0
2022-03-01,02R,0,0.0
2026-06-01,02R,0,0.0
2021-08-01,02R,0,0.0
2022-01-01,02R,0,0.0
2024-08-01,02R,0,0.0
2021-09-01,02R,0,0.0
2023-11-01,02R,0,0.0
2021-12-01,02R,0,0.0
2023-09-01,02R,0,0.0
2024-04-01,02R,0,0.0
2025-02-01,02R,0,0.0
2022-08-01,02R,0,0.0
2023-02-01,02R,0,0.0
2025-01-01,02R,0,0.0
2023-03-01,02R,0,0.0
2025-08-01,02R,0,0.0
2024-05-01,02R,0,0.0
2025-12-01,02R,0,0.0
2021-07-01,02R,0,0.0
2022-04-01,02R,0,0.0
2026-02-01,02R,0,0.0
2026-03-01,02R,0,0.0
2024-02-01,02R,0,0.0
2025-06-01,02R,0,0.0
2021-11-01,02R,0,0.0
2025-03-01,02R,0,0.0
2025-04-01,02R,0,0.0
2024-03-01,02R,0,0.0
2023-06-01,02R,0,0.0
2023-07-01,02R,0,0.0
2021-06-01,02R,0,0.0
2022-11-01,02R,0,0.0
2025-11-01,02R,0,0.0
2023-10-01,02R,0,0.0
2024-10-01,02R,0,0.0
2022-07-01,02T,0,222.80900000000003
2025-07-01,02T,0,225.80699999999993
2026-01-01,02T,0,225.79000000000002
2022-02-01,02T,0,222.43200000000002
2022-01-01,02T,0,222.30400000000006
2022-05-01,02T,0,222.68299999999996
2025-06-01,02T,0,225.66999999999996
2026-02-01,02T,0,225.64299999999997
2024-04-01,02T,0,224.51500000000004
2021-09-01,02T,0,222.56599999999995
2025-11-01,02T,0,225.83299999999997
2023-03-01,02T,0,223.46900000000008
2025-01-01,02T,0,225.737
2026-05-01,02T,0,225.234
2024-03-01,02T,0,224.36099999999996
2025-09-01,02T,0,226.03500000000003
2023-01-01,02T,0,223.15899999999996
2022-06-01,02T,0,222.712
2022-08-01,02T,0,223.037
2025-04-01,02T,0,225.72299999999998
2023-04-01,02T,0,223.54800000000003
2022-09-01,02T,0,223.10099999999997
2023-02-01,02T,0,223.288
2023-07-01,02T,0,223.762
2024-02-01,02T,0,224.34399999999997
2021-12-01,02T,0,222.22899999999998
2022-03-01,02T,0,222.38600000000002
2024-12-01,02T,0,225.67499999999998
2023-06-01,02T,0,223.57299999999998
2021-10-01,02T,0,222.37599999999998
2026-04-01,02T,0,225.28699999999995
2021-08-01,02T,0,222.46900000000002
2025-05-01,02T,0,225.761
2025-08-01,02T,0,225.91600000000003
2024-09-01,02T,0,225.445
2024-11-01,02T,0,225.57500000000002
2023-09-01,02T,0,224.01399999999998
2025-10-01,02T,0,225.98699999999997
2025-12-01,02T,0,225.84699999999998
2022-04-01,02T,0,222.57899999999998
2022-12-01,02T,0,223.187
2023-08-01,02T,0,223.87399999999997
2024-06-01,02T,0,224.93700000000004
2021-07-01,02T,0,222.45699999999994
2024-08-01,02T,0,225.26699999999997
2024-10-01,02T,0,225.468
2021-06-01,02T,0,222.343
2022-11-01,02T,0,223.155
2026-06-01,02T,0,225.09300000000007
2024-07-01,02T,0,225.11400000000003
2025-02-01,02T,0,225.83700000000002
2023-10-01,02T,0,224.07099999999997
2025-03-01,02T,0,225.685
2023-12-01,02T,0,224.26000000000005
2022-10-01,02T,0,223.03400000000002
2024-05-01,02T,0,224.813
2024-01-01,02V,0,0.0
2021-12-01,02V,0,0.0
2022-09-01,02V,0,0.0
2025-11-01,02V,0,0.0
2023-05-01,02V,0,0.0
2023-01-01,02V,0,0.0
2026-03-01,02V,0,0.0
2021-06-01,02V,0,0.0
2023-07-01,02V,0,0.0
2026-01-01,02V,0,0.0
2024-05-01,02V,0,0.0
2025-03-01,02V,0,0.0
2023-11-01,02V,0,0.0
2024-08-01,02V,0,0.0
2024-09-01,02V,0,0.0
2025-04-01,02V,0,0.0
2023-08-01,02V,0,0.0
2023-02-01,02V,0,0.0
2022-08-01,02V,0,0.0
2025-05-01,02V,0,0.0
2024-03-01,02V,0,0.0
2021-09-01,02V,0,0.0
2024-12-01,02V,0,0.0
2024-07-01,02V,0,0.0
2025-07-01,02V,0,0.0
2022-05-01,02V,0,0.0
2025-02-01,02V,0,0.0
2026-02-01,02V,0,0.0
2022-07-01,02V,0,0.0
2024-10-01,02V,0,0.0
2025-06-01,02V,0,0.0
2021-10-01,02V,0,0.0
2021-07-01,02V,0,0.0
2024-04-01,02V,0,0.0
2022-03-01,02V,0,0.0
2026-04-01,02V,0,0.0
2021-11-01,02V,0,0.0
2022-06-01,02V,0,0.0
2023-10-01,02V,0,0.0
2025-09-01,02V,0,0.0
2023-06-01,02V,0,0.0
2023-09-01,02V,0,0.0
2026-05-01,02V,0,0.0
2022-12-01,02V,0,0.0
2023-03-01,02V,0,0.0
2025-10-01,02V,0,0.0
2022-01-01,02V,0,0.0
2025-08-01,02V,0,0.0
2022-11-01,02V,0,0.0
2024-11-01,02V,0,0.0
2026-06-01,02V,0,0.0
2023-04-01,02V,0,0.0
2023-12-01,02V,0,0.0
2024-02-01,02V,0,0.0
2025-01-01,02V,0,0.0
2024-06-01,02V,0,0.0
2025-12-01,02V,0,0.0
2022-02-01,02V,0,0.0
2021-08-01,02V,0,0.0
2022-04-01,02V,0,0.0
2022-10-01,02V,0,0.0
2021-07-01,02W,0,0.0
2023-04-01,02W,0,0.0
2026-06-01,02W,0,0.0
2023-02-01,02W,0,0.0
2024-12-01,02W,0,0.0
2023-06-01,02W,0,0.0
2022-01-01,02W,0,0.0
2023-03-01,02W,0,0.0
2026-01-01,02W,0,0.0
2024-03-01,02W,0,0.0
2024-05-01,02W,0,0.0
2023-07-01,02W,0,0.0
2021-06-01,02W,0,0.0
2021-09-01,02W,0,0.0
2025-11-01,02W,0,0.0
2022-06-01,02W,0,0.0
2025-02-01,02W,0,0.0
2025-09-01,02W,0,0.0
2024-10-01,02W,0,0.0
2022-02-01,02W,0,0.0
2021-10-01,02W,0,0.0
2022-08-01,02W,0,0.0
2024-11-01,02W,0,0.0
2025-12-01,02W,0,0.0
2021-12-01,02W,0,0.0
2026-04-01,02W,0,0.0
2023-01-01,02W,0,0.0
2023-09-01,02W,0,0.0
2026-05-01,02W,0,0.0
2022-05-01,02W,0,0.0
2022-03-01,02W,0,0.0
2022-11-01,02W,0,0.0
2022-12-01,02W,0,0.0
2023-11-01,02W,0,0.0
2022-04-01,02W,0,0.0
2025-08-01,02W,0,0.0
2024-02-01,02W,0,0.0
2026-03-01,02W,0,0.0
2021-11-01,02W,0,0.0
2023-12-01,02W,0,0.0
2024-04-01,02W,0,0.0
2025-10-01,02W,0,0.0
2024-08-01,02W,0,0.0
2023-10-01,02W,0,0.0
2026-02-01,02W,0,0.0
2022-07-01,02W,0,0.0
2022-10-01,02W,0,0.0
2021-08-01,02W,0,0.0
2024-01-01,02W,0,0.0
2024-06-01,02W,0,0.0
2023-08-01,02W,0,0.0
2025-01-01,02W,0,0.0
2022-09-01,02W,0,0.0
2023-05-01,02W,0,0.0
2025-04-01,02W,0,0.0
2024-09-01,02W,0,0.0
2025-07-01,02W,0,0.0
2025-05-01,02W,0,0.0
2025-03-01,02W,0,0.0
2024-07-01,02W,0,0.0
2025-06-01,02W,0,0.0
2023-07-01,02X,0,333.07300000000004
2024-03-01,02X,0,336.49
2021-12-01,02X,0,327.297
2024-07-01,02X,0,338.2700000000001
2024-05-01,02X,0,337.39
2023-08-01,02X,0,333.69399999999996
2026-02-01,02X,0,341.111
2021-09-01,02X,0,327.061
2025-11-01,02X,0,341.456
2022-10-01,02X,0,330.02900000000005
2023-02-01,02X,0,331.3559999999999
2023-09-01,02X,0,334.13500000000005
2021-11-01,02X,0,327.0970000000001
2023-11-01,02X,0,334.9510000000001
2022-03-01,02X,0,328.00199999999995
2026-04-01,02X,0,340.77600000000007
2021-08-01,02X,0,326.87800000000004
2022-11-01,02X,0,330.47200000000004
2023-06-01,02X,0,332.55600000000004
2023-05-01,02X,0,332.067
2022-09-01,02X,0,329.8329999999999
2022-04-01,02X,0,328.25500000000005
2024-10-01,02X,0,339.26999999999987
2022-02-01,02X,0,327.809
2022-12-01,02X,0,330.79600000000005
2024-08-01,02X,0,338.71999999999986
2024-04-01,02X,0,336.8470000000001
2023-12-01,02X,0,335.332
2024-01-01,02X,0,335.7580000000001
2026-05-01,02X,0,340.716
2023-11-01,02Y,0,313.1790000000001
2023-07-01,02Y,0,312.097
2023-09-01,02Y,0,312.946
2021-12-01,02Y,0,307.608
2025-05-01,02Y,0,318.424
2021-09-01,02Y,0,307.58599999999996
2026-03-01,02Y,0,320.316
2025-05-01,03A,0,0.0
2025-10-01,03A,0,0.0
2021-06-01,03A,0,0.0
2025-01-01,03A,0,0.0
2021-10-01,03A,0,0.0
2022-02-01,03A,0,0.0
2022-12-01,03A,0,0.0
2024-01-01,03A,0,0.0
2024-11-01,03A,0,0.0
2021-09-01,03A,0,0.0
2024-12-01,03A,0,0.0
2022-01-01,03A,0,0.0
2022-06-01,03A,0,0.0
2023-03-01,03A,0,0.0
2022-04-01,03A,0,0.0
2026-03-01,03A,0,0.0
2024-02-01,03A,0,0.0
2026-05-01,03A,0,0.0
2023-07-01,03A,0,0.0
2023-08-01,03A,0,0.0
2023-04-01,03A,0,0.0
2025-07-01,03A,0,0.0
2024-08-01,03A,0,0.0
2025-08-01,03A,0,0.0
2021-08-01,03A,0,0.0
2023-01-01,03A,0,0.0
2023-05-01,03A,0,0.0
2025-09-01,03A,0,0.0
2022-08-01,03A,0,0.0
2025-03-01,03A,0,0.0
2023-12-01,03A,0,0.0
2021-07-01,03A,0,0.0
2022-11-01,03A,0,0.0
2025-02-01,03A,0,0.0
2026-04-01,03A,0,0.0
2022-03-01,03A,0,0.0
2024-09-01,03A,0,0.0
2026-01-01,03A,0,0.0
2025-06-01,03A,0,0.0
2024-10-01,03A,0,0.0
2025-11-01,03A,0,0.0
2021-11-01,03A,0,0.0
2023-02-01,03A,0,0.0
2021-12-01,03A,0,0.0
2024-05-01,03A,0,0.0
2022-07-01,03A,0,0.0
2023-06-01,03A,0,0.0
2022-10-01,03A,0,0.0
2023-09-01,03A,0,0.0
2026-06-01,03A,0,0.0
2023-10-01,03A,0,0.0
2026-02-01,03A,0,0.0
2025-04-01,03A,0,0.0
2024-03-01,03A,0,0.0
2024-04-01,03A,0,0.0
2024-06-01,03A,0,0.0
2022-05-01,03A,0,0.0
2023-11-01,03A,0,0.0
2024-07-01,03A,0,0.0
2025-12-01,03A,0,0.0
2022-09-01,03A,0,0.0
2025-05-01,03F,0,314.704
2024-12-01,03F,0,314.95500000000004
2025-12-01,03F,0,314.5180000000001
2024-08-01,03F,0,314.40700000000004
2025-07-01,03F,0,314.49899999999997
2026-05-01,03F,0,313.176
2024-04-01,03F,0,314.3930000000001
2026-03-01,03F,0,313.6189999999999
2025-04-01,03F,0,314.821
2025-09-01,03F,0,314.13700000000006
2026-04-01,03F,0,313.4320000000001
2025-10-01,03F,0,314.3589999999999
2026-01-01,03F,0,314.2120000000001
2025-11-01,03F,0,314.485
2026-06-01,03F,0,312.70599999999996
2025-06-01,03F,0,314.609
2025-02-01,03H,0,174.67199999999997
2026-01-01,03H,0,174.66900000000004
2023-12-01,03H,0,173.417
2025-10-01,03H,0,174.75100000000003
2022-12-01,03H,0,172.35199999999998
2022-01-01,03H,0,171.53600000000003
2021-07-01,03H,0,170.98900000000006
2025-07-01,03H,0,174.643
2024-02-01,03H,0,173.69599999999994
2024-03-01,03H,0,173.89
2021-06-01,03H,0,170.74599999999995
2023-06-01,03H,0,172.81900000000002
2023-08-01,03H,0,173.03299999999996
2023-07-01,03H,0,172.908
2025-01-01,03H,0,174.715
2025-04-01,03H,0,174.69200000000006
2026-03-01,03H,0,174.482
2026-02-01,03H,0,174.48699999999994
2024-09-01,03H,0,174.713
2026-05-01,03H,0,174.64999999999998
2022-05-01,03H,0,171.756
2023-10-01,03H,0,173.22399999999996
2026-06-01,03H,0,174.55999999999997
2023-02-01,03H,0,172.42899999999992
2023-11-01,03H,0,173.25600000000003
2024-06-01,03H,0,174.281
2024-10-01,03H,0,174.69099999999997
2025-09-01,03H,0,174.79099999999997
2022-09-01,03H,0,172.14600000000002
2023-03-01,03H,0,172.554
2023-04-01,03H,0,172.57000000000002
2024-07-01,03H,0,174.43300000000005
2022-02-01,03H,0,171.68200000000002
2024-12-01,03H,0,174.70300000000003
2021-12-01,03H,0,171.45299999999997
2022-03-01,03H,0,171.72500000000002
2022-07-01,03H,0,172.011
2021-10-01,03H,0,171.18799999999996
2025-05-01,03H,0,174.68199999999993
2025-08-01,03H,0,174.688
2021-09-01,03H,0,171.22799999999998
2023-05-01,03H,0,172.66200000000003
2021-08-01,03H,0,171.06400000000002
2022-11-01,03H,0,172.181
2024-05-01,03H,0,174.18199999999996
2025-06-01,03H,0,174.70999999999998
2025-12-01,03H,0,174.66
2026-04-01,03H,0,174.56100000000004
2024-04-01,03H,0,173.90800000000002
2025-11-01,03H,0,174.761
2024-01-01,03H,0,173.58700000000002
2023-01-01,03J,0,0.0
2023-07-01,03J,0,0.0
2023-10-01,03J,0,0.0
2025-04-01,03J,0,0.0
2023-06-01,03J,0,0.0
2021-07-01,03J,0,0.0
2026-03-01,03J,0,0.0
2024-08-01,03J,0,0.0
2026-02-01,03J,0,0.0
2024-12-01,03J,0,0.0
2025-10-01,03J,0,0.0
2025-01-01,03J,0,0.0
2026-01-01,03J,0,0.0
2024-03-01,03J,0,0.0
2025-11-01,03J,0,0.0
2022-12-01,03J,0,0.0
2024-10-01,03J,0,0.0
2024-04-01,03J,0,0.0
2023-08-01,03J,0,0.0
2025-08-01,03J,0,0.0
2025-09-01,03J,0,0.0
2021-08-01,03J,0,0.0
2022-07-01,03J,0,0.0
2021-10-01,03J,0,0.0
2022-03-01,03J,0,0.0
2023-11-01,03J,0,0.0
2024-11-01,03J,0,0.0
2021-06-01,03J,0,0.0
2023-02-01,03J,0,0.0
2023-04-01,03J,0,0.0
2025-02-01,03J,0,0.0
2022-02-01,03J,0,0.0
2021-12-01,03J,0,0.0
2023-03-01,03J,0,0.0
2023-12-01,03J,0,0.0
2023-05-01,03J,0,0.0
2025-03-01,03J,0,0.0
2026-06-01,03J,0,0.0
2022-05-01,03J,0,0.0
2022-11-01,03J,0,0.0
2021-11-01,03J,0,0.0
2022-04-01,03J,0,0.0
2022-09-01,03J,0,0.0
2024-05-01,03J,0,0.0
2025-06-01,03J,0,0.0
2024-02-01,03J,0,0.0
2022-01-01,03J,0,0.0
2026-05-01,03J,0,0.0
2022-10-01,03J,0,0.0
2024-06-01,03J,0,0.0
2026-04-01,03J,0,0.0
2022-06-01,03J,0,0.0
2021-09-01,03J,0,0.0
2023-09-01,03J,0,0.0
2024-07-01,03J,0,0.0
2022-08-01,03J,0,0.0
2024-01-01,03J,0,0.0
2025-07-01,03J,0,0.0
2025-05-01,03J,0,0.0
2025-12-01,03J,0,0.0
2024-09-01,03J,0,0.0
2025-06-01,03K,0,185.76400000000004
2026-06-01,03K,0,184.45199999999997
2023-05-01,03K,0,183.79499999999993
2024-06-01,03K,0,185.01400000000004
2022-08-01,03K,0,183.78100000000003
2021-12-01,03K,0,183.49300000000002
2022-09-01,03K,0,183.833
2022-02-01,03K,0,183.73200000000003
2024-03-01,03K,0,184.722
2025-12-01,03K,0,185.38600000000002
2025-02-01,03K,0,185.724
2021-08-01,03K,0,183.16499999999996
2026-04-01,03K,0,184.909
2024-10-01,03K,0,185.58299999999997
2024-09-01,03K,0,185.55999999999997
2024-11-01,03K,0,185.66600000000003
2026-03-01,03K,0,184.83700000000002
2026-05-01,03K,0,184.72100000000006
2021-06-01,03K,0,182.77899999999997
2022-12-01,03K,0,183.865
2023-11-01,03K,0,184.22600000000003
2023-12-01,03K,0,184.38799999999998
2025-08-01,03K,0,185.722
2025-10-01,03K,0,185.617
2023-02-01,03K,0,183.76600000000002
2025-03-01,03L,0,275.919
2025-06-01,03L,0,276.225
2025-11-01,03L,0,277.03999999999996
2025-09-01,03L,0,276.861
2022-03-01,03L,0,266.776
2025-06-01,03M,0,0.0
2025-04-01,03M,0,0.0
2023-11-01,03M,0,0.0
2022-10-01,03M,0,0.0
2025-10-01,03M,0,0.0
2021-12-01,03M,0,0.0
2023-05-01,03M,0,0.0
2026-03-01,03M,0,0.0
2024-04-01,03M,0,0.0
2024-09-01,03M,0,0.0
2025-03-01,03M,0,0.0
2021-08-01,03M,0,0.0
2022-08-01,03M,0,0.0
2024-06-01,03M,0,0.0
2025-05-01,03M,0,0.0
2021-07-01,03M,0,0.0
2024-11-01,03M,0,0.0
2026-06-01,03M,0,0.0
2026-02-01,03M,0,0.0
2023-08-01,03M,0,0.0
2026-01-01,03M,0,0.0
2021-11-01,03M,0,0.0
2023-02-01,03M,0,0.0
2024-03-01,03M,0,0.0
2022-09-01,03M,0,0.0
2022-11-01,03M,0,0.0
2023-04-01,03M,0,0.0
2025-09-01,03M,0,0.0
2024-02-01,03M,0,0.0
2023-03-01,03M,0,0.0
2023-06-01,03M,0,0.0
2025-01-01,03M,0,0.0
2025-12-01,03M,0,0.0
2021-06-01,03M,0,0.0
2022-03-01,03M,0,0.0
2022-07-01,03M,0,0.0
2024-05-01,03M,0,0.0
2021-10-01,03M,0,0.0
2022-02-01,03M,0,0.0
2023-01-01,03M,0,0.0
2023-10-01,03M,0,0.0
2025-11-01,03M,0,0.0
2022-06-01,03M,0,0.0
2024-10-01,03M,0,0.0
2022-01-01,03M,0,0.0
2022-12-01,03M,0,0.0
2024-08-01,03M,0,0.0
2023-12-01,03M,0,0.0
2024-12-01,03M,0,0.0
2025-08-01,03M,0,0.0
2022-04-01,03M,0,0.0
2022-05-01,03M,0,0.0
2024-01-01,03M,0,0.0
2023-09-01,03M,0,0.0
2025-02-01,03M,0,0.0
2025-07-01,03M,0,0.0
2023-07-01,03M,0,0.0
2024-07-01,03M,0,0.0
2026-04-01,03M,0,0.0
2021-09-01,03M,0,0.0
2026-05-01,03M,0,0.0
2022-11-01,03Q,0,249.25699999999998
2025-03-01,03Q,0,251.966
2022-08-01,03Q,0,247.601
2024-11-01,03Q,0,252.678
2024-07-01,03Q,0,251.076
2022-06-01,03Q,0,250.347
2026-02-01,03Q,0,249.26300000000003
2026-03-01,03Q,0,248.90300000000002
2026-05-01,03Q,0,248.2
2026-04-01,03Q,0,248.57100000000003
2025-08-01,03Q,0,248.82700000000003
2026-06-01,03Q,0,247.60999999999999
2024-09-01,03Q,0,250.32299999999995
2025-05-01,03Q,0,251.301
2024-08-01,03Q,0,250.49699999999999
2025-06-01,03Q,0,250.939
2025-09-01,03Q,0,248.40400000000005
2025-04-01,03Q,0,251.56799999999998
2023-10-01,03Q,0,250.23700000000002
2026-01-01,03Q,0,249.902
2025-02-01,03Q,0,252.495
2025-11-01,03Q,0,250.05499999999998
2024-12-01,03Q,0,253.12099999999995
2025-12-01,03Q,0,250.18999999999997
2021-08-01,03Q,0,248.985
2023-11-01,03Q,0,251.485
2021-12-01,03R,0,387.75699999999995
2023-04-01,03R,0,392.3910000000001
2023-01-01,03R,0,391.344
2024-03-01,03R,0,396.669
2021-08-01,03R,0,386.718
2022-10-01,03R,0,390.56200000000007
2022-08-01,03R,0,389.78700000000003
2024-07-01,03R,0,398.4809999999998
2022-04-01,03R,0,388.57099999999997
2022-05-01,03R,0,388.718
2023-07-01,03R,0,393.66700000000003
2023-09-01,03R,0,394.66200000000003
2021-08-01,03T,0,0.0
2021-07-01,03T,0,0.0
2021-10-01,03T,0,0.0
2024-05-01,03T,0,0.0
2024-11-01,03T,0,0.0
2024-04-01,03T,0,0.0
2022-05-01,03T,0,0.0
2023-11-01,03T,0,0.0
2022-07-01,03T,0,0.0
2022-12-01,03T,0,0.0
2023-01-01,03T,0,0.0
2022-03-01,03T,0,0.0
2023-06-01,03T,0,0.0
2022-11-01,03T,0,0.0
2025-01-01,03T,0,0.0
2022-01-01,03T,0,0.0
2023-05-01,03T,0,0.0
2021-09-01,03T,0,0.0
2025-05-01,03T,0,0.0
2025-03-01,03T,0,0.0
2025-07-01,03T,0,0.0
2024-07-01,03T,0,0.0
2026-01-01,03T,0,0.0
2024-06-01,03T,0,0.0
2025-06-01,03T,0,0.0
2025-11-01,03T,0,0.0
2026-02-01,03T,0,0.0
2023-02-01,03T,0,0.0
2023-03-01,03T,0,0.0
2025-08-01,03T,0,0.0
2026-04-01,03T,0,0.0
2023-07-01,03T,0,0.0
2023-12-01,03T,0,0.0
2022-04-01,03T,0,0.0
2024-01-01,03T,0,0.0
2025-10-01,03T,0,0.0
2021-12-01,03T,0,0.0
2022-02-01,03T,0,0.0
2025-09-01,03T,0,0.0
2026-05-01,03T,0,0.0
2022-10-01,03T,0,0.0
2024-08-01,03T,0,0.0
2023-08-01,03T,0,0.0
2022-09-01,03T,0,0.0
2024-03-01,03T,0,0.0
2026-06-01,03T,0,0.0
2025-12-01,03T,0,0.0
2024-09-01,03T,0,0.0
2025-04-01,03T,0,0.0
2022-08-01,03T,0,0.0
2021-06-01,03T,0,0.0
2023-09-01,03T,0,0.0
2023-10-01,03T,0,0.0
2024-10-01,03T,0,0.0
2025-02-01,03T,0,0.0
2024-02-01,03T,0,0.0
2026-03-01,03T,0,0.0
2023-04-01,03T,0,0.0
2024-12-01,03T,0,0.0
2022-06-01,03T,0,0.0
2021-11-01,03T,0,0.0
2023-09-01,03W,0,356.8960000000001
2021-11-01,03Y,0,0.0
2022-05-01,03Y,0,0.0
2022-09-01,03Y,0,0.0
2023-04-01,03Y,0,0.0
2023-12-01,03Y,0,0.0
2024-01-01,03Y,0,0.0
2022-08-01,03Y,0,0.0
2023-02-01,03Y,0,0.0
2025-01-01,03Y,0,0.0
2026-05-01,03Y,0,0.0
2021-09-01,03Y,0,0.0
2021-10-01,03Y,0,0.0
2023-03-01,03Y,0,0.0
2021-06-01,03Y,0,0.0
2025-11-01,03Y,0,0.0
2022-07-01,03Y,0,0.0
2023-01-01,03Y,0,0.0
2023-10-01,03Y,0,0.0
2026-02-01,03Y,0,0.0
2024-08-01,03Y,0,0.0
2024-03-01,03Y,0,0.0
2024-11-01,03Y,0,0.0
2024-12-01,03Y,0,0.0
2022-11-01,03Y,0,0.0
2024-07-01,03Y,0,0.0
2025-09-01,03Y,0,0.0
2021-12-01,03Y,0,0.0
2023-09-01,03Y,0,0.0
2026-06-01,03Y,0,0.0
2026-03-01,03Y,0,0.0
2021-08-01,03Y,0,0.0
2024-10-01,03Y,0,0.0
2024-02-01,03Y,0,0.0
2024-05-01,03Y,0,0.0
2022-02-01,03Y,0,0.0
2025-05-01,03Y,0,0.0
2025-10-01,03Y,0,0.0
2024-09-01,03Y,0,0.0
2025-03-01,03Y,0,0.0
2025-08-01,03Y,0,0.0
2025-06-01,03Y,0,0.0
2022-12-01,03Y,0,0.0
2022-10-01,03Y,0,0.0
2023-07-01,03Y,0,0.0
2023-11-01,03Y,0,0.0
2021-07-01,03Y,0,0.0
2022-04-01,03Y,0,0.0
2025-12-01,03Y,0,0.0
2023-05-01,03Y,0,0.0
2025-07-01,03Y,0,0.0
2025-02-01,03Y,0,0.0
2025-04-01,03Y,0,0.0
2023-06-01,03Y,0,0.0
2023-08-01,03Y,0,0.0
2024-04-01,03Y,0,0.0
2024-06-01,03Y,0,0.0
2026-01-01,03Y,0,0.0
2022-01-01,03Y,0,0.0
2022-03-01,03Y,0,0.0
2022-06-01,03Y,0,0.0
2026-04-01,03Y,0,0.0
2026-03-01,04C,0,445.72400000000016
2021-10-01,04D,0,0.0
2022-10-01,04D,0,0.0
2021-07-01,04D,0,0.0
2022-12-01,04D,0,0.0
2021-11-01,04D,0,0.0
2025-08-01,04D,0,0.0
2026-04-01,04D,0,0.0
2025-06-01,04D,0,0.0
2026-01-01,04D,0,0.0
2024-08-01,04D,0,0.0
2024-10-01,04D,0,0.0
2025-09-01,04D,0,0.0
2023-08-01,04D,0,0.0
2022-11-01,04D,0,0.0
2022-05-01,04D,0,0.0
2021-08-01,04D,0,0.0
2022-06-01,04D,0,0.0
2022-07-01,04D,0,0.0
2024-07-01,04D,0,0.0
2026-05-01,04D,0,0.0
2025-11-01,04D,0,0.0
2025-04-01,04D,0,0.0
2022-04-01,04D,0,0.0
2024-04-01,04D,0,0.0
2023-05-01,04D,0,0.0
2026-02-01,04D,0,0.0
2023-06-01,04D,0,0.0
2024-05-01,04D,0,0.0
2024-03-01,04D,0,0.0
2025-07-01,04D,0,0.0
2023-11-01,04D,0,0.0
2021-06-01,04D,0,0.0
2023-04-01,04D,0,0.0
2022-01-01,04D,0,0.0
2023-12-01,04D,0,0.0
2025-12-01,04D,0,0.0
2023-02-01,04D,0,0.0
2024-02-01,04D,0,0.0
2024-06-01,04D,0,0.0
2022-08-01,04D,0,0.0
2025-10-01,04D,0,0.0
2021-12-01,04D,0,0.0
2023-07-01,04D,0,0.0
2025-03-01,04D,0,0.0
2023-09-01,04D,0,0.0
2024-11-01,04D,0,0.0
2022-02-01,04D,0,0.0
2025-05-01,04D,0,0.0
2026-03-01,04D,0,0.0
2022-03-01,04D,0,0.0
2021-09-01,04D,0,0.0
2025-01-01,04D,0,0.0
2022-09-01,04D,0,0.0
2025-02-01,04D,0,0.0
2023-01-01,04D,0,0.0
2023-10-01,04D,0,0.0
2024-09-01,04D,0,0.0
2023-03-01,04D,0,0.0
2024-01-01,04D,0,0.0
2024-12-01,04D,0,0.0
2026-06-01,04D,0,0.0
2024-02-01,04E,0,0.0
2024-05-01,04E,0,0.0
2023-05-01,04E,0,0.0
2022-04-01,04E,0,0.0
2025-06-01,04E,0,0.0
2021-06-01,04E,0,0.0
2023-06-01,04E,0,0.0
2023-09-01,04E,0,0.0
2026-04-01,04E,0,0.0
2026-02-01,04E,0,0.0
2022-03-01,04E,0,0.0
2022-10-01,04E,0,0.0
2024-01-01,04E,0,0.0
2025-11-01,04E,0,0.0
2024-11-01,04E,0,0.0
2021-07-01,04E,0,0.0
2021-10-01,04E,0,0.0
2022-11-01,04E,0,0.0
2023-01-01,04E,0,0.0
2023-04-01,04E,0,0.0
2025-12-01,04E,0,0.0
2021-08-01,04E,0,0.0
2025-07-01,04E,0,0.0
2021-11-01,04E,0,0.0
2024-07-01,04E,0,0.0
2022-02-01,04E,0,0.0
2025-04-01,04E,0,0.0
2022-12-01,04E,0,0.0
2023-10-01,04E,0,0.0
2022-09-01,04E,0,0.0
2023-08-01,04E,0,0.0
2024-09-01,04E,0,0.0
2023-12-01,04E,0,0.0
2026-03-01,04E,0,0.0
2025-02-01,04E,0,0.0
2024-04-01,04E,0,0.0
2024-03-01,04E,0,0.0
2024-06-01,04E,0,0.0
2025-01-01,04E,0,0.0
2025-10-01,04E,0,0.0
2023-11-01,04E,0,0.0
2025-05-01,04E,0,0.0
2026-01-01,04E,0,0.0
2022-07-01,04E,0,0.0
2025-03-01,04E,0,0.0
2022-06-01,04E,0,0.0
2023-07-01,04E,0,0.0
2024-08-01,04E,0,0.0
2021-12-01,04E,0,0.0
2021-09-01,04E,0,0.0
2024-12-01,04E,0,0.0
2025-09-01,04E,0,0.0
2023-03-01,04E,0,0.0
2022-05-01,04E,0,0.0
2022-08-01,04E,0,0.0
2026-05-01,04E,0,0.0
2023-02-01,04E,0,0.0
2022-01-01,04E,0,0.0
2024-10-01,04E,0,0.0
2025-08-01,04E,0,0.0
2026-06-01,04E,0,0.0
2023-07-01,04F,0,0.0
2021-11-01,04F,0,0.0
2023-01-01,04F,0,0.0
2023-04-01,04F,0,0.0
2024-01-01,04F,0,0.0
2024-02-01,04F,0,0.0
2022-05-01,04F,0,0.0
2025-05-01,04F,0,0.0
2026-04-01,04F,0,0.0
2022-08-01,04F,0,0.0
2024-05-01,04F,0,0.0
2025-01-01,04F,0,0.0
2025-03-01,04F,0,0.0
2022-09-01,04F,0,0.0
2023-02-01,04F,0,0.0
2025-10-01,04F,0,0.0
2022-01-01,04F,0,0.0
2021-08-01,04F,0,0.0
2022-07-01,04F,0,0.0
2024-08-01,04F,0,0.0
2021-12-01,04F,0,0.0
2022-06-01,04F,0,0.0
2023-08-01,04F,0,0.0
2022-04-01,04F,0,0.0
2026-02-01,04F,0,0.0
2021-06-01,04F,0,0.0
2023-03-01,04F,0,0.0
2023-11-01,04F,0,0.0
2024-09-01,04F,0,0.0
2026-05-01,04F,0,0.0
2022-11-01,04F,0,0.0
2023-06-01,04F,0,0.0
2024-03-01,04F,0,0.0
2025-11-01,04F,0,0.0
2024-06-01,04F,0,0.0
2024-07-01,04F,0,0.0
2024-10-01,04F,0,0.0
2022-02-01,04F,0,0.0
2026-06-01,04F,0,0.0
2021-09-01,04F,0,0.0
2021-10-01,04F,0,0.0
2024-11-01,04F,0,0.0
2026-03-01,04F,0,0.0
2021-07-01,04F,0,0.0
2023-12-01,04F,0,0.0
2023-09-01,04F,0,0.0
2024-12-01,04F,0,0.0
2023-10-01,04F,0,0.0
2023-05-01,04F,0,0.0
2025-09-01,04F,0,0.0
2025-02-01,04F,0,0.0
2022-03-01,04F,0,0.0
2024-04-01,04F,0,0.0
2025-06-01,04F,0,0.0
2025-12-01,04F,0,0.0
2025-07-01,04F,0,0.0
2022-12-01,04F,0,0.0
2026-01-01,04F,0,0.0
2022-10-01,04F,0,0.0
2025-04-01,04F,0,0.0
2025-08-01,04F,0,0.0
2023-11-01,04G,0,0.0
2026-02-01,04G,0,0.0
2025-06-01,04G,0,0.0
2024-07-01,04G,0,0.0
2022-03-01,04G,0,0.0
2023-04-01,04G,0,0.0
2026-05-01,04G,0,0.0
2023-10-01,04G,0,0.0
2022-08-01,04G,0,0.0
2022-12-01,04G,0,0.0
2026-01-01,04G,0,0.0
2023-01-01,04G,0,0.0
2025-03-01,04G,0,0.0
2021-11-01,04G,0,0.0
2022-05-01,04G,0,0.0
2024-11-01,04G,0,0.0
2023-08-01,04G,0,0.0
2024-06-01,04G,0,0.0
2024-12-01,04G,0,0.0
2025-02-01,04G,0,0.0
2023-02-01,04G,0,0.0
2026-06-01,04G,0,0.0
2022-11-01,04G,0,0.0
2023-06-01,04G,0,0.0
2026-03-01,04G,0,0.0
2025-11-01,04G,0,0.0
2022-01-01,04G,0,0.0
2023-07-01,04G,0,0.0
2021-06-01,04G,0,0.0
2026-04-01,04G,0,0.0
2024-04-01,04G,0,0.0
2021-10-01,04G,0,0.0
2025-09-01,04G,0,0.0
2022-06-01,04G,0,0.0
2021-12-01,04G,0,0.0
2025-10-01,04G,0,0.0
2022-07-01,04G,0,0.0
2025-05-01,04G,0,0.0
2024-10-01,04G,0,0.0
2022-10-01,04G,0,0.0
2023-03-01,04G,0,0.0
2024-02-01,04G,0,0.0
2025-12-01,04G,0,0.0
2023-05-01,04G,0,0.0
2024-01-01,04G,0,0.0
2021-07-01,04G,0,0.0
2025-01-01,04G,0,0.0
2024-09-01,04G,0,0.0
2023-12-01,04G,0,0.0
2025-04-01,04G,0,0.0
2024-08-01,04G,0,0.0
2025-07-01,04G,0,0.0
2021-08-01,04G,0,0.0
2024-05-01,04G,0,0.0
2022-02-01,04G,0,0.0
2022-09-01,04G,0,0.0
2024-03-01,04G,0,0.0
2022-04-01,04G,0,0.0
2023-09-01,04G,0,0.0
2025-08-01,04G,0,0.0
2021-09-01,04G,0,0.0
2023-02-01,04H,0,0.0
2025-11-01,04H,0,0.0
2026-01-01,04H,0,0.0
2021-06-01,04H,0,0.0
2022-11-01,04H,0,0.0
2024-02-01,04H,0,0.0
2024-09-01,04H,0,0.0
2025-10-01,04H,0,0.0
2026-04-01,04H,0,0.0
2025-04-01,04H,0,0.0
2025-06-01,04H,0,0.0
2022-01-01,04H,0,0.0
2025-09-01,04H,0,0.0
2021-08-01,04H,0,0.0
2021-11-01,04H,0,0.0
2022-08-01,04H,0,0.0
2022-04-01,04H,0,0.0
2025-08-01,04H,0,0.0
2024-01-01,04H,0,0.0
2025-07-01,04H,0,0.0
2024-04-01,04H,0,0.0
2023-03-01,04H,0,0.0
2021-09-01,04H,0,0.0
2024-06-01,04H,0,0.0
2024-08-01,04H,0,0.0
2024-05-01,04H,0,0.0
2024-12-01,04H,0,0.0
2025-02-01,04H,0,0.0
2024-11-01,04H,0,0.0
2025-05-01,04H,0,0.0
2023-07-01,04H,0,0.0
2023-11-01,04H,0,0.0
2024-10-01,04H,0,0.0
2021-10-01,04H,0,0.0
2025-12-01,04H,0,0.0
2021-12-01,04H,0,0.0
2026-06-01,04H,0,0.0
2023-04-01,04H,0,0.0
2024-03-01,04H,0,0.0
2023-01-01,04H,0,0.0
2022-02-01,04H,0,0.0
2022-09-01,04H,0,0.0
2025-03-01,04H,0,0.0
2026-02-01,04H,0,0.0
2022-05-01,04H,0,0.0
2022-10-01,04H,0,0.0
2022-12-01,04H,0,0.0
2023-10-01,04H,0,0.0
2021-07-01,04H,0,0.0
2026-05-01,04H,0,0.0
2022-03-01,04H,0,0.0
2022-06-01,04H,0,0.0
2023-12-01,04H,0,0.0
2022-07-01,04H,0,0.0
2023-05-01,04H,0,0.0
2023-06-01,04H,0,0.0
2023-09-01,04H,0,0.0
2024-07-01,04H,0,0.0
2023-08-01,04H,0,0.0
2025-01-01,04H,0,0.0
2026-03-01,04H,0,0.0
2025-08-01,04J,0,0.0
2023-01-01,04J,0,0.0
2023-11-01,04J,0,0.0
2021-06-01,04J,0,0.0
2025-01-01,04J,0,0.0
2021-12-01,04J,0,0.0
2025-05-01,04J,0,0.0
2022-11-01,04J,0,0.0
2024-05-01,04J,0,0.0
2025-03-01,04J,0,0.0
2023-12-01,04J,0,0.0
2026-05-01,04J,0,0.0
2023-08-01,04J,0,0.0
2026-04-01,04J,0,0.0
2025-04-01,04J,0,0.0
2021-10-01,04J,0,0.0
2026-06-01,04J,0,0.0
2021-07-01,04J,0,0.0
2025-07-01,04J,0,0.0
2023-09-01,04J,0,0.0
2026-02-01,04J,0,0.0
2023-06-01,04J,0,0.0
2023-10-01,04J,0,0.0
2022-03-01,04J,0,0.0
2022-02-01,04J,0,0.0
2022-12-01,04J,0,0.0
2024-06-01,04J,0,0.0
2024-07-01,04J,0,0.0
2023-03-01,04J,0,0.0
2025-02-01,04J,0,0.0
2025-10-01,04J,0,0.0
2022-10-01,04J,0,0.0
2023-07-01,04J,0,0.0
2022-05-01,04J,0,0.0
2025-09-01,04J,0,0.0
2026-03-01,04J,0,0.0
2022-09-01,04J,0,0.0
2024-01-01,04J,0,0.0
2024-04-01,04J,0,0.0
2025-11-01,04J,0,0.0
2021-08-01,04J,0,0.0
2023-05-01,04J,0,0.0
2025-12-01,04J,0,0.0
2025-06-01,04J,0,0.0
2026-01-01,04J,0,0.0
2022-04-01,04J,0,0.0
2022-07-01,04J,0,0.0
2024-11-01,04J,0,0.0
2022-06-01,04J,0,0.0
2024-09-01,04J,0,0.0
2024-10-01,04J,0,0.0
2024-08-01,04J,0,0.0
2021-09-01,04J,0,0.0
2022-01-01,04J,0,0.0
2024-03-01,04J,0,0.0
2022-08-01,04J,0,0.0
2021-11-01,04J,0,0.0
2024-02-01,04J,0,0.0
2023-02-01,04J,0,0.0
2023-04-01,04J,0,0.0
2024-12-01,04J,0,0.0
2022-01-01,04K,0,0.0
2022-04-01,04K,0,0.0
2023-12-01,04K,0,0.0
2023-05-01,04K,0,0.0
2021-11-01,04K,0,0.0
2024-07-01,04K,0,0.0
2024-08-01,04K,0,0.0
2021-12-01,04K,0,0.0
2026-06-01,04K,0,0.0
2023-02-01,04K,0,0.0
2025-03-01,04K,0,0.0
2023-09-01,04K,0,0.0
2025-04-01,04K,0,0.0
2023-07-01,04K,0,0.0
2023-03-01,04K,0,0.0
2024-10-01,04K,0,0.0
2022-06-01,04K,0,0.0
2023-08-01,04K,0,0.0
2025-02-01,04K,0,0.0
2026-02-01,04K,0,0.0
2024-02-01,04K,0,0.0
2024-11-01,04K,0,0.0
2024-09-01,04K,0,0.0
2021-10-01,04K,0,0.0
2024-06-01,04K,0,0.0
2026-05-01,04K,0,0.0
2025-06-01,04K,0,0.0
2022-09-01,04K,0,0.0
2026-01-01,04K,0,0.0
2024-01-01,04K,0,0.0
2024-04-01,04K,0,0.0
2022-08-01,04K,0,0.0
2025-08-01,04K,0,0.0
2025-12-01,04K,0,0.0
2021-06-01,04K,0,0.0
2021-07-01,04K,0,0.0
2023-04-01,04K,0,0.0
2023-10-01,04K,0,0.0
2025-05-01,04K,0,0.0
2023-11-01,04K,0,0.0
2025-09-01,04K,0,0.0
2023-01-01,04K,0,0.0
2022-05-01,04K,0,0.0
2026-04-01,04K,0,0.0
2025-10-01,04K,0,0.0
2026-03-01,04K,0,0.0
2024-03-01,04K,0,0.0
2021-09-01,04K,0,0.0
2022-12-01,04K,0,0.0
2024-12-01,04K,0,0.0
2025-11-01,04K,0,0.0
2022-02-01,04K,0,0.0
2024-05-01,04K,0,0.0
2022-03-01,04K,0,0.0
2022-10-01,04K,0,0.0
2023-06-01,04K,0,0.0
2021-08-01,04K,0,0.0
2025-01-01,04K,0,0.0
2025-07-01,04K,0,0.0
2022-07-01,04K,0,0.0
2022-11-01,04K,0,0.0
2024-01-01,04L,0,0.0
2022-04-01,04L,0,0.0
2022-02-01,04L,0,0.0
2023-04-01,04L,0,0.0
2026-01-01,04L,0,0.0
2021-12-01,04L,0,0.0
2026-05-01,04L,0,0.0
2021-08-01,04L,0,0.0
2022-07-01,04L,0,0.0
2022-11-01,04L,0,0.0
2022-08-01,04L,0,0.0
2025-01-01,04L,0,0.0
2025-12-01,04L,0,0.0
2022-10-01,04L,0,0.0
2024-02-01,04L,0,0.0
2025-07-01,04L,0,0.0
2021-09-01,04L,0,0.0
2021-10-01,04L,0,0.0
2022-12-01,04L,0,0.0
2024-11-01,04L,0,0.0
2025-04-01,04L,0,0.0
2024-07-01,04L,0,0.0
2022-01-01,04L,0,0.0
2022-05-01,04L,0,0.0
2023-03-01,04L,0,0.0
2022-06-01,04L,0,0.0
2024-09-01,04L,0,0.0
2023-11-01,04L,0,0.0
2024-12-01,04L,0,0.0
2026-04-01,04L,0,0.0
2021-11-01,04L,0,0.0
2024-08-01,04L,0,0.0
2023-02-01,04L,0,0.0
2024-10-01,04L,0,0.0
2026-06-01,04L,0,0.0
2023-01-01,04L,0,0.0
2023-06-01,04L,0,0.0
2023-12-01,04L,0,0.0
2025-08-01,04L,0,0.0
2023-09-01,04L,0,0.0
2023-10-01,04L,0,0.0
2026-03-01,04L,0,0.0
2024-04-01,04L,0,0.0
2025-09-01,04L,0,0.0
2022-03-01,04L,0,0.0
2025-05-01,04L,0,0.0
2025-10-01,04L,0,0.0
2022-09-01,04L,0,0.0
2025-11-01,04L,0,0.0
2026-02-01,04L,0,0.0
2021-06-01,04L,0,0.0
2021-07-01,04L,0,0.0
2023-05-01,04L,0,0.0
2023-07-01,04L,0,0.0
2025-02-01,04L,0,0.0
2025-03-01,04L,0,0.0
2024-03-01,04L,0,0.0
2024-06-01,04L,0,0.0
2023-08-01,04L,0,0.0
2024-05-01,04L,0,0.0
2025-06-01,04L,0,0.0
2022-05-01,04M,0,0.0
2024-07-01,04M,0,0.0
2022-08-01,04M,0,0.0
2024-03-01,04M,0,0.0
2024-08-01,04M,0,0.0
2021-12-01,04M,0,0.0
2025-02-01,04M,0,0.0
2023-05-01,04M,0,0.0
2024-02-01,04M,0,0.0
2024-11-01,04M,0,0.0
2025-08-01,04M,0,0.0
2022-04-01,04M,0,0.0
2026-01-01,04M,0,0.0
2023-08-01,04M,0,0.0
2023-01-01,04M,0,0.0
2025-11-01,04M,0,0.0
2025-04-01,04M,0,0.0
2021-08-01,04M,0,0.0
2023-07-01,04M,0,0.0
2022-06-01,04M,0,0.0
2022-11-01,04M,0,0.0
2024-09-01,04M,0,0.0
2026-04-01,04M,0,0.0
2022-12-01,04M,0,0.0
2025-06-01,04M,0,0.0
2021-11-01,04M,0,0.0
2023-04-01,04M,0,0.0
2023-03-01,04M,0,0.0
2022-07-01,04M,0,0.0
2022-03-01,04M,0,0.0
2023-09-01,04M,0,0.0
2022-01-01,04M,0,0.0
2026-06-01,04M,0,0.0
2023-12-01,04M,0,0.0
2025-07-01,04M,0,0.0
2023-11-01,04M,0,0.0
2022-02-01,04M,0,0.0
2024-12-01,04M,0,0.0
2025-12-01,04M,0,0.0
2021-09-01,04M,0,0.0
2021-10-01,04M,0,0.0
2023-06-01,04M,0,0.0
2024-04-01,04M,0,0.0
2021-06-01,04M,0,0.0
2024-05-01,04M,0,0.0
2021-07-01,04M,0,0.0
2025-01-01,04M,0,0.0
2022-09-01,04M,0,0.0
2022-10-01,04M,0,0.0
2023-02-01,04M,0,0.0
2024-01-01,04M,0,0.0
2024-10-01,04M,0,0.0
2025-03-01,04M,0,0.0
2026-02-01,04M,0,0.0
2026-05-01,04M,0,0.0
2023-10-01,04M,0,0.0
2024-06-01,04M,0,0.0
2025-05-01,04M,0,0.0
2025-09-01,04M,0,0.0
2026-03-01,04M,0,0.0
2025-10-01,04M,0,0.0
2024-08-01,04Q,0,0.0
2026-06-01,04Q,0,0.0
2025-05-01,04Q,0,0.0
2022-12-01,04Q,0,0.0
2026-05-01,04Q,0,0.0
2025-08-01,04Q,0,0.0
2022-11-01,04Q,0,0.0
2024-11-01,04Q,0,0.0
2022-07-01,04Q,0,0.0
2023-04-01,04Q,0,0.0
2023-08-01,04Q,0,0.0
2023-12-01,04Q,0,0.0
2023-10-01,04Q,0,0.0
2026-02-01,04Q,0,0.0
2025-10-01,04Q,0,0.0
2021-06-01,04Q,0,0.0
2024-01-01,04Q,0,0.0
2024-05-01,04Q,0,0.0
2025-02-01,04Q,0,0.0
2023-09-01,04Q,0,0.0
2022-05-01,04Q,0,0.0
2021-11-01,04Q,0,0.0
2025-01-01,04Q,0,0.0
2024-09-01,04Q,0,0.0
2022-02-01,04Q,0,0.0
2022-04-01,04Q,0,0.0
2023-11-01,04Q,0,0.0
2025-03-01,04Q,0,0.0
2021-10-01,04Q,0,0.0
2023-02-01,04Q,0,0.0
2024-06-01,04Q,0,0.0
2022-10-01,04Q,0,0.0
2025-04-01,04Q,0,0.0
2024-02-01,04Q,0,0.0
2026-04-01,04Q,0,0.0
2025-11-01,04Q,0,0.0
2025-09-01,04Q,0,0.0
2026-03-01,04Q,0,0.0
2023-07-01,04Q,0,0.0
2025-07-01,04Q,0,0.0
2025-06-01,04Q,0,0.0
2024-03-01,04Q,0,0.0
2021-12-01,04Q,0,0.0
2022-08-01,04Q,0,0.0
2023-06-01,04Q,0,0.0
2024-12-01,04Q,0,0.0
2025-12-01,04Q,0,0.0
2021-09-01,04Q,0,0.0
2022-06-01,04Q,0,0.0
2023-03-01,04Q,0,0.0
2023-05-01,04Q,0,0.0
2021-07-01,04Q,0,0.0
2022-01-01,04Q,0,0.0
2024-10-01,04Q,0,0.0
2022-09-01,04Q,0,0.0
2024-04-01,04Q,0,0.0
2022-03-01,04Q,0,0.0
2024-07-01,04Q,0,0.0
2021-08-01,04Q,0,0.0
2023-01-01,04Q,0,0.0
2026-01-01,04Q,0,0.0
2021-11-01,04R,0,0.0
2022-04-01,04R,0,0.0
2024-02-01,04R,0,0.0
2023-11-01,04R,0,0.0
2024-05-01,04R,0,0.0
2021-08-01,04R,0,0.0
2024-10-01,04R,0,0.0
2023-06-01,04R,0,0.0
2025-09-01,04R,0,0.0
2024-09-01,04R,0,0.0
2026-01-01,04R,0,0.0
2026-04-01,04R,0,0.0
2023-04-01,04R,0,0.0
2023-12-01,04R,0,0.0
2026-02-01,04R,0,0.0
2023-08-01,04R,0,0.0
2026-06-01,04R,0,0.0
2022-08-01,04R,0,0.0
2025-10-01,04R,0,0.0
2022-07-01,04R,0,0.0
2023-01-01,04R,0,0.0
2023-03-01,04R,0,0.0
2025-08-01,04R,0,0.0
2023-02-01,04R,0,0.0
2022-06-01,04R,0,0.0
2022-05-01,04R,0,0.0
2022-09-01,04R,0,0.0
2024-12-01,04R,0,0.0
2024-03-01,04R,0,0.0
2021-12-01,04R,0,0.0
2023-09-01,04R,0,0.0
2024-06-01,04R,0,0.0
2023-10-01,04R,0,0.0
2022-02-01,04R,0,0.0
2022-12-01,04R,0,0.0
2024-08-01,04R,0,0.0
2024-11-01,04R,0,0.0
2025-02-01,04R,0,0.0
2023-05-01,04R,0,0.0
2025-03-01,04R,0,0.0
2025-11-01,04R,0,0.0
2021-06-01,04R,0,0.0
2022-11-01,04R,0,0.0
2021-07-01,04R,0,0.0
2022-01-01,04R,0,0.0
2023-07-01,04R,0,0.0
2025-07-01,04R,0,0.0
2021-10-01,04R,0,0.0
2024-01-01,04R,0,0.0
2025-04-01,04R,0,0.0
2025-05-01,04R,0,0.0
2022-03-01,04R,0,0.0
2022-10-01,04R,0,0.0
2025-01-01,04R,0,0.0
2025-12-01,04R,0,0.0
2026-03-01,04R,0,0.0
2024-04-01,04R,0,0.0
2026-05-01,04R,0,0.0
2025-06-01,04R,0,0.0
2021-09-01,04R,0,0.0
2024-07-01,04R,0,0.0
2022-08-01,04X,0,0.0
2022-12-01,04X,0,0.0
2023-04-01,04X,0,0.0
2024-10-01,04X,0,0.0
2025-05-01,04X,0,0.0
2022-11-01,04X,0,0.0
2021-07-01,04X,0,0.0
2021-08-01,04X,0,0.0
2025-04-01,04X,0,0.0
2024-03-01,04X,0,0.0
2024-06-01,04X,0,0.0
2026-01-01,04X,0,0.0
2025-03-01,04X,0,0.0
2023-05-01,04X,0,0.0
2024-09-01,04X,0,0.0
2022-02-01,04X,0,0.0
2022-09-01,04X,0,0.0
2026-02-01,04X,0,0.0
2024-08-01,04X,0,0.0
2022-07-01,04X,0,0.0
2023-10-01,04X,0,0.0
2023-11-01,04X,0,0.0
2025-01-01,04X,0,0.0
2026-06-01,04X,0,0.0
2024-02-01,04X,0,0.0
2026-04-01,04X,0,0.0
2026-05-01,04X,0,0.0
2023-09-01,04X,0,0.0
2024-04-01,04X,0,0.0
2023-06-01,04X,0,0.0
2026-03-01,04X,0,0.0
2023-01-01,04X,0,0.0
2023-02-01,04X,0,0.0
2021-11-01,04X,0,0.0
2025-12-01,04X,0,0.0
2021-10-01,04X,0,0.0
2025-06-01,04X,0,0.0
2024-01-01,04X,0,0.0
2021-09-01,04X,0,0.0
2023-08-01,04X,0,0.0
2025-09-01,04X,0,0.0
2025-11-01,04X,0,0.0
2021-06-01,04X,0,0.0
2024-07-01,04X,0,0.0
2022-04-01,04X,0,0.0
2025-10-01,04X,0,0.0
2022-01-01,04X,0,0.0
2025-08-01,04X,0,0.0
2024-12-01,04X,0,0.0
2022-10-01,04X,0,0.0
2023-07-01,04X,0,0.0
2024-05-01,04X,0,0.0
2025-02-01,04X,0,0.0
2023-03-01,04X,0,0.0
2023-12-01,04X,0,0.0
2021-12-01,04X,0,0.0
2022-05-01,04X,0,0.0
2024-11-01,04X,0,0.0
2022-03-01,04X,0,0.0
2022-06-01,04X,0,0.0
2025-07-01,04X,0,0.0
2023-04-01,04Y,0,137.19
2023-08-01,04Y,0,137.96499999999997
2024-03-01,04Y,0,139.65
2021-11-01,04Y,0,135.87199999999999
2022-04-01,04Y,0,136.111
2023-02-01,04Y,0,136.91700000000003
2025-08-01,04Y,0,140.75600000000003
2023-01-01,04Y,0,136.829
2023-12-01,04Y,0,139.185
2024-09-01,04Y,0,140.275
2024-07-01,04Y,0,140.08399999999997
2021-12-01,04Y,0,135.952
2024-01-01,04Y,0,139.31600000000003
2024-06-01,04Y,0,139.99099999999999
2023-07-01,04Y,0,137.72299999999998
2024-11-01,04Y,0,140.35
2024-04-01,04Y,0,139.65699999999998
2025-10-01,04Y,0,140.734
2023-10-01,04Y,0,139.06900000000002
2024-02-01,04Y,0,139.52200000000002
2024-10-01,04Y,0,140.251
2024-12-01,04Y,0,140.40200000000002
2025-01-01,04Y,0,140.458
2025-09-01,04Y,0,140.82000000000002
2026-03-01,04Y,0,140.55
2022-09-01,04Y,0,136.532
2024-08-01,04Y,0,140.18900000000002
2026-02-01,04Y,0,140.655
2026-06-01,04Y,0,140.62800000000001
2025-06-01,04Y,0,140.549
2025-07-01,04Y,0,140.72200000000004
2022-11-01,04Y,0,136.693
2023-05-01,04Y,0,137.367
2022-05-01,04Y,0,136.11599999999999
2022-01-01,04Y,0,135.94299999999998
2025-03-01,04Y,0,140.45499999999998
2026-05-01,04Y,0,140.642
2022-10-01,04Y,0,136.582
2021-08-01,04Y,0,135.82999999999996
2026-04-01,04Y,0,140.574
2023-06-01,04Y,0,137.503
2024-05-01,04Y,0,139.86599999999999
2022-06-01,04Y,0,136.21699999999998
2025-02-01,04Y,0,140.49800000000002
2025-05-01,04Y,0,140.519
2022-07-01,04Y,0,136.28599999999997
2023-09-01,04Y,0,138.941
2025-04-01,04Y,0,140.43100000000004
2023-11-01,04Y,0,139.222
2022-02-01,04Y,0,136.02900000000002
2025-12-01,04Y,0,140.72499999999997
2022-12-01,04Y,0,136.744
2025-11-01,04Y,0,140.697
2022-08-01,04Y,0,136.40800000000002
2025-04-01,05A,0,0.0
2025-06-01,05A,0,0.0
2026-02-01,05A,0,0.0
2022-06-01,05A,0,0.0
2024-01-01,05A,0,0.0
2023-03-01,05A,0,0.0
2022-08-01,05A,0,0.0
2022-01-01,05A,0,0.0
2023-06-01,05A,0,0.0
2023-11-01,05A,0,0.0
2024-10-01,05A,0,0.0
2024-08-01,05A,0,0.0
2025-01-01,05A,0,0.0
2022-09-01,05A,0,0.0
2024-03-01,05A,0,0.0
2022-04-01,05A,0,0.0
2023-10-01,05A,0,0.0
2024-06-01,05A,0,0.0
2025-10-01,05A,0,0.0
2021-07-01,05A,0,0.0
2022-07-01,05A,0,0.0
2025-03-01,05A,0,0.0
2023-12-01,05A,0,0.0
2022-02-01,05A,0,0.0
2024-05-01,05A,0,0.0
2025-02-01,05A,0,0.0
2026-05-01,05A,0,0.0
2026-04-01,05A,0,0.0
2021-11-01,05A,0,0.0
2024-12-01,05A,0,0.0
2025-12-01,05A,0,0.0
2022-11-01,05A,0,0.0
2023-05-01,05A,0,0.0
2024-07-01,05A,0,0.0
2022-10-01,05A,0,0.0
2024-04-01,05A,0,0.0
2023-07-01,05A,0,0.0
2024-11-01,05A,0,0.0
2021-08-01,05A,0,0.0
2022-12-01,05A,0,0.0
2025-08-01,05A,0,0.0
2022-03-01,05A,0,0.0
2023-09-01,05A,0,0.0
2025-11-01,05A,0,0.0
2023-02-01,05A,0,0.0
2023-04-01,05A,0,0.0
2025-07-01,05A,0,0.0
2024-09-01,05A,0,0.0
2022-05-01,05A,0,0.0
2023-01-01,05A,0,0.0
2021-06-01,05A,0,0.0
2024-02-01,05A,0,0.0
2021-09-01,05A,0,0.0
2021-12-01,05A,0,0.0
2026-03-01,05A,0,0.0
2026-06-01,05A,0,0.0
2021-10-01,05A,0,0.0
2025-09-01,05A,0,0.0
2025-05-01,05A,0,0.0
2023-08-01,05A,0,0.0
2026-01-01,05A,0,0.0
2023-11-01,05C,0,0.0
2024-03-01,05C,0,0.0
2024-04-01,05C,0,0.0
2025-11-01,05C,0,0.0
2022-04-01,05C,0,0.0
2022-05-01,05C,0,0.0
2024-07-01,05C,0,0.0
2025-02-01,05C,0,0.0
2023-06-01,05C,0,0.0
2025-01-01,05C,0,0.0
2025-03-01,05C,0,0.0
2026-05-01,05C,0,0.0
2023-05-01,05C,0,0.0
2021-08-01,05C,0,0.0
2023-12-01,05C,0,0.0
2025-09-01,05C,0,0.0
2023-07-01,05C,0,0.0
2025-05-01,05C,0,0.0
2022-08-01,05C,0,0.0
2022-09-01,05C,0,0.0
2023-10-01,05C,0,0.0
2024-10-01,05C,0,0.0
2021-07-01,05C,0,0.0
2021-10-01,05C,0,0.0
2025-06-01,05C,0,0.0
2021-11-01,05C,0,0.0
2022-11-01,05C,0,0.0
2026-03-01,05C,0,0.0
2022-10-01,05C,0,0.0
2023-03-01,05C,0,0.0
2023-09-01,05C,0,0.0
2025-07-01,05C,0,0.0
2026-02-01,05C,0,0.0
2024-12-01,05C,0,0.0
2022-12-01,05C,0,0.0
2022-07-01,05C,0,0.0
2024-01-01,05C,0,0.0
2024-02-01,05C,0,0.0
2025-08-01,05C,0,0.0
2021-09-01,05C,0,0.0
2023-04-01,05C,0,0.0
2021-12-01,05C,0,0.0
2024-09-01,05C,0,0.0
2026-01-01,05C,0,0.0
2024-06-01,05C,0,0.0
2026-06-01,05C,0,0.0
2024-11-01,05C,0,0.0
2025-04-01,05C,0,0.0
2025-10-01,05C,0,0.0
2025-12-01,05C,0,0.0
2022-01-01,05C,0,0.0
2024-08-01,05C,0,0.0
2023-01-01,05C,0,0.0
2022-06-01,05C,0,0.0
2024-05-01,05C,0,0.0
2021-06-01,05C,0,0.0
2023-02-01,05C,0,0.0
2023-08-01,05C,0,0.0
2022-02-01,05C,0,0.0
2026-04-01,05C,0,0.0
2022-03-01,05C,0,0.0
2025-03-01,05D,0,155.03500000000003
2022-12-01,05D,0,149.867
2023-01-01,05D,0,149.95999999999998
2025-02-01,05D,0,155.0
2024-03-01,05D,0,153.06799999999998
2024-07-01,05D,0,153.93299999999996
2023-10-01,05D,0,152.03499999999997
2025-11-01,05D,0,155.30499999999998
2026-04-01,05D,0,155.08599999999998
2023-02-01,05D,0,150.245
2024-08-01,05D,0,154.219
2024-09-01,05D,0,154.27800000000002
2025-06-01,05D,0,155.13700000000003
2026-01-01,05D,0,155.24800000000002
2026-03-01,05D,0,154.97599999999997
2022-01-01,05D,0,147.75799999999998
2023-11-01,05D,0,152.16
2025-10-01,05D,0,155.27900000000005
2026-02-01,05D,0,155.081
2021-11-01,05D,0,147.62199999999999
2024-11-01,05D,0,154.576
2025-04-01,05D,0,155.03300000000002
2022-08-01,05D,0,148.904
2025-05-01,05D,0,155.061
2022-09-01,05D,0,149.17
2025-08-01,05D,0,155.347
2025-01-01,05D,0,154.88500000000002
2023-09-01,05D,0,151.91899999999998
2023-04-01,05D,0,150.649
2026-05-01,05D,0,155.04399999999998
2022-07-01,05D,0,148.635
2025-09-01,05D,0,155.31300000000002
2021-09-01,05D,0,147.583
2021-12-01,05D,0,147.669
2026-06-01,05D,0,154.74099999999996
2023-12-01,05D,0,152.36699999999996
2024-05-01,05D,0,153.539
2022-03-01,05D,0,148.09400000000002
2022-06-01,05D,0,148.453
2022-11-01,05D,0,149.577
2023-03-01,05D,0,150.55700000000002
2025-07-01,05D,0,155.23700000000002
2024-01-01,05D,0,152.66899999999998
2024-12-01,05D,0,154.833
2022-02-01,05D,0,147.971
2024-06-01,05D,0,153.691
2022-01-01,05F,0,0.0
2022-09-01,05F,0,0.0
2023-09-01,05F,0,0.0
2024-03-01,05F,0,0.0
2021-06-01,05F,0,0.0
2025-04-01,05F,0,0.0
2022-02-01,05F,0,0.0
2023-11-01,05F,0,0.0
2024-07-01,05F,0,0.0
2025-03-01,05F,0,0.0
2022-08-01,05F,0,0.0
2024-06-01,05F,0,0.0
2023-10-01,05F,0,0.0
2025-06-01,05F,0,0.0
2023-01-01,05F,0,0.0
2024-04-01,05F,0,0.0
2025-08-01,05F,0,0.0
2025-05-01,05F,0,0.0
2024-09-01,05F,0,0.0
2026-06-01,05F,0,0.0
2021-10-01,05F,0,0.0
2021-08-01,05F,0,0.0
2025-12-01,05F,0,0.0
2022-03-01,05F,0,0.0
2023-12-01,05F,0,0.0
2025-01-01,05F,0,0.0
2022-04-01,05F,0,0.0
2023-05-01,05F,0,0.0
2022-12-01,05F,0,0.0
2026-01-01,05F,0,0.0
2026-04-01,05F,0,0.0
2021-09-01,05F,0,0.0
2024-02-01,05F,0,0.0
2024-01-01,05F,0,0.0
2024-05-01,05F,0,0.0
2025-09-01,05F,0,0.0
2022-05-01,05F,0,0.0
2024-08-01,05F,0,0.0
2023-06-01,05F,0,0.0
2021-11-01,05F,0,0.0
2022-06-01,05F,0,0.0
2023-08-01,05F,0,0.0
2026-05-01,05F,0,0.0
2023-07-01,05F,0,0.0
2021-12-01,05F,0,0.0
2022-07-01,05F,0,0.0
2024-10-01,05F,0,0.0
2026-02-01,05F,0,0.0
2026-03-01,05F,0,0.0
2022-11-01,05F,0,0.0
2025-10-01,05F,0,0.0
2025-02-01,05F,0,0.0
2025-07-01,05F,0,0.0
2022-10-01,05F,0,0.0
2023-04-01,05F,0,0.0
2023-03-01,05F,0,0.0
2023-02-01,05F,0,0.0
2025-11-01,05F,0,0.0
2021-07-01,05F,0,0.0
2024-12-01,05F,0,0.0
2024-11-01,05F,0,0.0
2023-10-01,05G,0,230.78000000000003
2023-01-01,05G,0,218.51700000000005
2022-02-01,05G,0,218.089
2021-06-01,05G,0,216.96699999999998
2022-01-01,05G,0,218.14900000000006
2024-03-01,05G,0,231.359
2024-10-01,05G,0,231.294
2025-10-01,05G,0,231.37400000000002
2024-07-01,05G,0,231.13099999999997
2023-08-01,05G,0,230.37400000000002
2021-10-01,05G,0,217.702
2022-11-01,05G,0,218.32699999999997
2021-12-01,05G,0,218.04900000000004
2024-01-01,05G,0,231.21
2021-11-01,05G,0,217.87300000000002
2022-05-01,05G,0,217.91399999999993
2022-08-01,05G,0,217.68900000000002
2022-03-01,05G,0,218.06000000000003
2023-09-01,05G,0,230.42999999999995
2023-04-01,05G,0,218.62799999999996
2022-04-01,05G,0,218.04899999999998
2022-10-01,05G,0,218.39600000000004
2025-05-01,05G,0,230.95199999999997
2025-07-01,05G,0,230.90899999999996
2022-12-01,05G,0,218.459
2023-11-01,05G,0,230.917
2022-07-01,05G,0,217.77999999999997
2023-03-01,05G,0,218.50499999999997
2023-06-01,05G,0,230.42099999999996
2022-11-01,05H,0,0.0
2024-01-01,05H,0,0.0
2024-06-01,05H,0,0.0
2022-06-01,05H,0,0.0
2023-01-01,05H,0,0.0
2025-01-01,05H,0,0.0
2025-09-01,05H,0,0.0
2025-05-01,05H,0,0.0
2022-02-01,05H,0,0.0
2022-03-01,05H,0,0.0
2022-12-01,05H,0,0.0
2022-04-01,05H,0,0.0
2026-06-01,05H,0,0.0
2022-05-01,05H,0,0.0
2023-05-01,05H,0,0.0
2023-06-01,05H,0,0.0
2023-03-01,05H,0,0.0
2021-11-01,05H,0,0.0
2024-04-01,05H,0,0.0
2025-04-01,05H,0,0.0
2026-05-01,05H,0,0.0
2025-11-01,05H,0,0.0
2026-03-01,05H,0,0.0
2022-07-01,05H,0,0.0
2023-08-01,05H,0,0.0
2023-12-01,05H,0,0.0
2025-08-01,05H,0,0.0
2025-07-01,05H,0,0.0
2023-11-01,05H,0,0.0
2024-12-01,05H,0,0.0
2024-11-01,05H,0,0.0
2024-05-01,05H,0,0.0
2024-08-01,05H,0,0.0
2021-12-01,05H,0,0.0
2024-09-01,05H,0,0.0
2024-10-01,05H,0,0.0
2023-04-01,05H,0,0.0
2026-02-01,05H,0,0.0
2025-10-01,05H,0,0.0
2023-09-01,05H,0,0.0
2025-06-01,05H,0,0.0
2021-10-01,05H,0,0.0
2021-08-01,05H,0,0.0
2025-12-01,05H,0,0.0
2025-03-01,05H,0,0.0
2024-02-01,05H,0,0.0
2024-03-01,05H,0,0.0
2026-01-01,05H,0,0.0
2021-06-01,05H,0,0.0
2023-10-01,05H,0,0.0
2023-07-01,05H,0,0.0
2024-07-01,05H,0,0.0
2022-08-01,05H,0,0.0
2022-09-01,05H,0,0.0
2021-07-01,05H,0,0.0
2022-10-01,05H,0,0.0
2025-02-01,05H,0,0.0
2022-01-01,05H,0,0.0
2023-02-01,05H,0,0.0
2021-09-01,05H,0,0.0
2026-04-01,05H,0,0.0
2022-05-01,05L,0,0.0
2023-12-01,05L,0,0.0
2021-12-01,05L,0,0.0
2022-04-01,05L,0,0.0
2022-06-01,05L,0,0.0
2023-09-01,05L,0,0.0
2023-06-01,05L,0,0.0
2024-12-01,05L,0,0.0
2022-10-01,05L,0,0.0
2026-04-01,05L,0,0.0
2023-01-01,05L,0,0.0
2021-07-01,05L,0,0.0
2022-02-01,05L,0,0.0
2023-11-01,05L,0,0.0
2024-02-01,05L,0,0.0
2023-04-01,05L,0,0.0
2025-12-01,05L,0,0.0
2024-04-01,05L,0,0.0
2025-11-01,05L,0,0.0
2024-01-01,05L,0,0.0
2024-07-01,05L,0,0.0
2025-07-01,05L,0,0.0
2023-08-01,05L,0,0.0
2021-06-01,05L,0,0.0
2022-07-01,05L,0,0.0
2025-06-01,05L,0,0.0
2022-08-01,05L,0,0.0
2026-01-01,05L,0,0.0
2024-09-01,05L,0,0.0
2026-05-01,05L,0,0.0
2022-09-01,05L,0,0.0
2024-10-01,05L,0,0.0
2022-11-01,05L,0,0.0
2021-10-01,05L,0,0.0
2025-08-01,05L,0,0.0
2026-03-01,05L,0,0.0
2023-07-01,05L,0,0.0
2023-03-01,05L,0,0.0
2025-03-01,05L,0,0.0
2023-10-01,05L,0,0.0
2026-02-01,05L,0,0.0
2024-08-01,05L,0,0.0
2024-11-01,05L,0,0.0
2022-01-01,05L,0,0.0
2024-03-01,05L,0,0.0
2024-06-01,05L,0,0.0
2021-11-01,05L,0,0.0
2022-03-01,05L,0,0.0
2023-05-01,05L,0,0.0
2024-05-01,05L,0,0.0
2025-02-01,05L,0,0.0
2023-02-01,05L,0,0.0
2026-06-01,05L,0,0.0
2025-05-01,05L,0,0.0
2025-10-01,05L,0,0.0
2025-01-01,05L,0,0.0
2021-09-01,05L,0,0.0
2025-04-01,05L,0,0.0
2022-12-01,05L,0,0.0
2025-09-01,05L,0,0.0
2021-08-01,05L,0,0.0
2022-06-01,05N,0,0.0
2023-02-01,05N,0,0.0
2023-03-01,05N,0,0.0
2022-03-01,05N,0,0.0
2024-04-01,05N,0,0.0
2024-11-01,05N,0,0.0
2024-05-01,05N,0,0.0
2023-07-01,05N,0,0.0
2023-10-01,05N,0,0.0
2024-08-01,05N,0,0.0
2025-04-01,05N,0,0.0
2025-06-01,05N,0,0.0
2022-12-01,05N,0,0.0
2024-07-01,05N,0,0.0
2023-05-01,05N,0,0.0
2022-10-01,05N,0,0.0
2024-03-01,05N,0,0.0
2025-03-01,05N,0,0.0
2026-02-01,05N,0,0.0
2026-06-01,05N,0,0.0
2021-09-01,05N,0,0.0
2022-04-01,05N,0,0.0
2023-08-01,05N,0,0.0
2024-09-01,05N,0,0.0
2022-05-01,05N,0,0.0
2026-04-01,05N,0,0.0
2024-12-01,05N,0,0.0
2021-12-01,05N,0,0.0
2022-11-01,05N,0,0.0
2025-02-01,05N,0,0.0
2023-09-01,05N,0,0.0
2022-07-01,05N,0,0.0
2025-12-01,05N,0,0.0
2026-03-01,05N,0,0.0
2026-05-01,05N,0,0.0
2024-02-01,05N,0,0.0
2021-11-01,05N,0,0.0
2023-01-01,05N,0,0.0
2022-01-01,05N,0,0.0
2022-09-01,05N,0,0.0
2023-04-01,05N,0,0.0
2023-06-01,05N,0,0.0
2025-08-01,05N,0,0.0
2022-08-01,05N,0,0.0
2024-01-01,05N,0,0.0
2025-11-01,05N,0,0.0
2025-07-01,05N,0,0.0
2021-06-01,05N,0,0.0
2025-05-01,05N,0,0.0
2025-10-01,05N,0,0.0
2024-06-01,05N,0,0.0
2026-01-01,05N,0,0.0
2021-07-01,05N,0,0.0
2022-02-01,05N,0,0.0
2021-08-01,05N,0,0.0
2021-10-01,05N,0,0.0
2025-09-01,05N,0,0.0
2023-11-01,05N,0,0.0
2023-12-01,05N,0,0.0
2024-10-01,05N,0,0.0
2025-01-01,05N,0,0.0
2022-08-01,05Q,0,219.17399999999998
2022-05-01,05Q,0,218.48999999999998
2024-02-01,05Q,0,221.096
2024-06-01,05Q,0,221.82500000000002
2022-09-01,05Q,0,219.443
2025-03-01,05Q,0,223.02299999999997
2021-12-01,05Q,0,217.66400000000002
2024-04-01,05Q,0,221.235
2025-07-01,05Q,0,223.671
2025-09-01,05Q,0,223.992
2021-07-01,05Q,0,216.76900000000003
2023-10-01,05Q,0,220.75300000000001
2024-12-01,05Q,0,222.74599999999995
2022-07-01,05Q,0,218.99500000000006
2026-03-01,05Q,0,224.127
2024-01-01,05Q,0,221.08299999999997
2022-06-01,05Q,0,218.793
2026-04-01,05Q,0,224.07599999999994
2025-11-01,05Q,0,224.09600000000006
2025-12-01,05Q,0,224.10399999999998
2023-11-01,05Q,0,220.90000000000006
2024-07-01,05Q,0,221.977
2026-05-01,05Q,0,224.16500000000002
2023-08-01,05Q,0,221.309
2025-04-01,05Q,0,223.23400000000004
2025-08-01,05Q,0,223.84299999999996
2026-02-01,05Q,0,224.157
2021-11-01,05Q,0,217.58599999999993
2024-08-01,05Q,0,222.22600000000003
2022-11-01,05Q,0,219.69500000000005
2021-09-01,05Q,0,217.28099999999998
2021-10-01,05Q,0,217.56399999999996
2024-11-01,05Q,0,222.438
2025-01-01,05Q,0,222.79700000000003
2022-03-01,05Q,0,218.157
2022-01-01,05Q,0,217.805
2022-04-01,05Q,0,218.383
2023-05-01,05Q,0,220.788
2023-12-01,05Q,0,221.049
2024-05-01,05Q,0,221.62900000000002
2025-02-01,05Q,0,222.94900000000004
2023-07-01,05Q,0,221.128
2026-06-01,05Q,0,224.15399999999997
2024-09-01,05Q,0,222.33500000000004
2025-06-01,05Q,0,223.47
2025-10-01,05Q,0,224.10899999999998
2024-03-01,05Q,0,221.15099999999995
2026-01-01,05Q,0,224.11800000000002
2022-10-01,05Q,0,219.502
2025-05-01,05Q,0,223.419
2023-04-01,05R,0,0.0
2021-10-01,05R,0,0.0
2026-05-01,05R,0,0.0
2022-02-01,05R,0,0.0
2023-05-01,05R,0,0.0
2024-07-01,05R,0,0.0
2021-11-01,05R,0,0.0
2025-08-01,05R,0,0.0
2022-04-01,05R,0,0.0
2023-02-01,05R,0,0.0
2026-03-01,05R,0,0.0
2025-02-01,05R,0,0.0
2025-10-01,05R,0,0.0
2024-06-01,05R,0,0.0
2026-06-01,05R,0,0.0
2022-06-01,05R,0,0.0
2022-08-01,05R,0,0.0
2023-07-01,05R,0,0.0
2021-09-01,05R,0,0.0
2022-03-01,05R,0,0.0
2026-02-01,05R,0,0.0
2021-07-01,05R,0,0.0
2025-04-01,05R,0,0.0
2023-09-01,05R,0,0.0
2023-06-01,05R,0,0.0
2024-09-01,05R,0,0.0
2025-03-01,05R,0,0.0
2022-09-01,05R,0,0.0
2023-08-01,05R,0,0.0
2025-07-01,05R,0,0.0
2026-01-01,05R,0,0.0
2021-12-01,05R,0,0.0
2022-11-01,05R,0,0.0
2024-01-01,05R,0,0.0
2024-04-01,05R,0,0.0
2022-07-01,05R,0,0.0
2025-01-01,05R,0,0.0
2024-08-01,05R,0,0.0
2024-10-01,05R,0,0.0
2025-12-01,05R,0,0.0
2024-02-01,05R,0,0.0
2021-06-01,05R,0,0.0
2022-12-01,05R,0,0.0
2023-03-01,05R,0,0.0
2023-12-01,05R,0,0.0
2022-10-01,05R,0,0.0
2025-09-01,05R,0,0.0
2023-01-01,05R,0,0.0
2024-12-01,05R,0,0.0
2024-03-01,05R,0,0.0
2024-05-01,05R,0,0.0
2025-11-01,05R,0,0.0
2023-11-01,05R,0,0.0
2022-05-01,05R,0,0.0
2024-11-01,05R,0,0.0
2026-04-01,05R,0,0.0
2021-08-01,05R,0,0.0
2022-01-01,05R,0,0.0
2025-05-01,05R,0,0.0
2023-10-01,05R,0,0.0
2025-06-01,05R,0,0.0
2024-12-01,05T,0,0.0
2022-10-01,05T,0,0.0
2023-09-01,05T,0,0.0
2025-08-01,05T,0,0.0
2024-03-01,05T,0,0.0
2024-11-01,05T,0,0.0
2026-03-01,05T,0,0.0
2023-05-01,05T,0,0.0
2022-11-01,05T,0,0.0
2026-02-01,05T,0,0.0
2026-06-01,05T,0,0.0
2022-06-01,05T,0,0.0
2024-04-01,05T,0,0.0
2025-06-01,05T,0,0.0
2023-10-01,05T,0,0.0
2021-12-01,05T,0,0.0
2021-06-01,05T,0,0.0
2024-09-01,05T,0,0.0
2025-07-01,05T,0,0.0
2025-01-01,05T,0,0.0
2025-05-01,05T,0,0.0
2025-12-01,05T,0,0.0
2023-12-01,05T,0,0.0
2024-02-01,05T,0,0.0
2021-08-01,05T,0,0.0
2023-11-01,05T,0,0.0
2026-05-01,05T,0,0.0
2021-07-01,05T,0,0.0
2026-04-01,05T,0,0.0
2025-02-01,05T,0,0.0
2021-09-01,05T,0,0.0
2022-07-01,05T,0,0.0
2023-03-01,05T,0,0.0
2023-04-01,05T,0,0.0
2023-07-01,05T,0,0.0
2025-11-01,05T,0,0.0
2022-08-01,05T,0,0.0
2023-06-01,05T,0,0.0
2022-03-01,05T,0,0.0
2022-09-01,05T,0,0.0
2024-05-01,05T,0,0.0
2024-10-01,05T,0,0.0
2023-08-01,05T,0,0.0
2022-02-01,05T,0,0.0
2022-04-01,05T,0,0.0
2024-08-01,05T,0,0.0
2025-09-01,05T,0,0.0
2023-02-01,05T,0,0.0
2024-06-01,05T,0,0.0
2025-04-01,05T,0,0.0
2025-10-01,05T,0,0.0
2024-07-01,05T,0,0.0
2025-03-01,05T,0,0.0
2021-10-01,05T,0,0.0
2022-01-01,05T,0,0.0
2026-01-01,05T,0,0.0
2023-01-01,05T,0,0.0
2022-05-01,05T,0,0.0
2022-12-01,05T,0,0.0
2021-11-01,05T,0,0.0
2024-01-01,05T,0,0.0
2021-10-01,05V,0,151.477
2022-08-01,05V,0,152.78600000000003
2024-08-01,05V,0,156.063
2024-12-01,05V,0,156.442
2024-02-01,05V,0,155.28400000000002
2025-09-01,05V,0,157.148
2023-07-01,05V,0,154.488
2022-04-01,05V,0,152.256
2023-02-01,05V,0,153.464
2023-03-01,05V,0,153.693
2026-01-01,05V,0,157.037
2021-08-01,05V,0,151.26500000000001
2021-09-01,05V,0,151.395
2022-10-01,05V,0,153.02300000000002
2022-06-01,05V,0,152.561
2025-04-01,05V,0,156.68200000000002
2024-03-01,05V,0,155.34600000000003
2023-09-01,05V,0,154.9
2023-11-01,05V,0,155.083
2022-05-01,05V,0,152.361
2024-05-01,05V,0,155.645
2024-06-01,05V,0,155.76500000000001
2021-06-01,05V,0,151.01600000000002
2022-12-01,05V,0,153.221
2023-06-01,05V,0,154.18499999999997
2024-04-01,05V,0,155.444
2021-11-01,05V,0,151.654
2024-09-01,05V,0,156.18099999999998
2022-07-01,05V,0,152.627
2026-03-01,05V,0,156.84599999999998
2025-03-01,05V,0,156.5
2023-05-01,05V,0,153.989
2022-11-01,05V,0,153.10999999999999
2024-01-01,05V,0,155.231
2024-07-01,05V,0,155.817
2025-10-01,05V,0,157.207
2025-01-01,05V,0,156.481
2021-12-01,05V,0,151.82500000000002
2022-09-01,05V,0,152.988
2023-12-01,05V,0,155.195
2021-07-01,05V,0,151.133
2022-03-01,05V,0,152.11199999999997
2024-10-01,05V,0,156.30499999999998
2024-01-01,05W,0,295.688
2023-05-01,05W,0,303.074
2023-12-01,05W,0,295.17199999999985
2025-03-01,05W,0,300.484
2023-10-01,05W,0,293.8179999999999
2024-10-01,05W,0,299.3100000000001
2023-03-01,05W,0,302.04800000000006
2024-09-01,05W,0,298.98100000000005
2026-02-01,05W,0,300.591
2023-02-01,05W,0,301.623
2026-05-01,05W,0,299.67699999999996
2026-03-01,05W,0,300.238
2025-01-01,05W,0,300.23600000000005
2026-01-01,05W,0,301.137
2024-06-01,05W,0,298.10900000000015
2024-12-01,05W,0,299.95099999999996
2022-06-01,05W,0,298.556
2024-07-01,05W,0,298.447
2025-07-01,05W,0,300.83299999999997
2022-01-01,05W,0,297.50600000000003
2023-07-01,05W,0,292.295
2023-01-01,05W,0,301.27299999999997
2023-09-01,05W,0,293.248
2024-11-01,05W,0,299.475
2026-04-01,05W,0,300.03299999999996
2023-08-01,05W,0,292.7240000000001
2023-04-01,05W,0,302.526
2024-03-01,05W,0,296.78800000000007
2026-06-01,05W,0,299.302
2024-05-01,05W,0,297.771
2025-02-01,05W,0,300.3669999999999
2024-04-01,05W,0,297.011
2025-04-01,05W,0,300.63200000000006
2025-12-01,05W,0,301.38100000000014
2023-06-01,05W,0,291.823
2023-11-01,05W,0,294.53
2024-02-01,05W,0,296.4939999999999
2021-07-01,05X,0,0.0
2022-12-01,05X,0,0.0
2026-01-01,05X,0,0.0
2023-03-01,05X,0,0.0
2021-09-01,05X,0,0.0
2025-07-01,05X,0,0.0
2021-08-01,05X,0,0.0
2024-05-01,05X,0,0.0
2025-02-01,05X,0,0.0
2024-09-01,05X,0,0.0
2025-12-01,05X,0,0.0
2022-02-01,05X,0,0.0
2022-10-01,05X,0,0.0
2023-04-01,05X,0,0.0
2023-09-01,05X,0,0.0
2026-02-01,05X,0,0.0
2023-01-01,05X,0,0.0
2024-06-01,05X,0,0.0
2022-08-01,05X,0,0.0
2026-05-01,05X,0,0.0
2026-06-01,05X,0,0.0
2022-01-01,05X,0,0.0
2023-11-01,05X,0,0.0
2021-06-01,05X,0,0.0
2026-04-01,05X,0,0.0
2023-12-01,05X,0,0.0
2024-10-01,05X,0,0.0
2025-09-01,05X,0,0.0
2022-06-01,05X,0,0.0
2024-03-01,05X,0,0.0
2024-08-01,05X,0,0.0
2021-11-01,05X,0,0.0
2023-06-01,05X,0,0.0
2024-01-01,05X,0,0.0
2025-03-01,05X,0,0.0
2022-03-01,05X,0,0.0
2023-08-01,05X,0,0.0
2026-03-01,05X,0,0.0
2022-07-01,05X,0,0.0
2024-11-01,05X,0,0.0
2025-06-01,05X,0,0.0
2024-07-01,05X,0,0.0
2022-09-01,05X,0,0.0
2023-02-01,05X,0,0.0
2023-07-01,05X,0,0.0
2021-10-01,05X,0,0.0
2025-05-01,05X,0,0.0
2022-04-01,05X,0,0.0
2022-11-01,05X,0,0.0
2025-01-01,05X,0,0.0
2025-10-01,05X,0,0.0
2023-05-01,05X,0,0.0
2024-04-01,05X,0,0.0
2025-08-01,05X,0,0.0
2021-12-01,05X,0,0.0
2025-11-01,05X,0,0.0
2024-02-01,05X,0,0.0
2022-05-01,05X,0,0.0
2023-10-01,05X,0,0.0
2024-12-01,05X,0,0.0
2025-04-01,05X,0,0.0
2022-09-01,05Y,0,0.0
2023-01-01,05Y,0,0.0
2025-10-01,05Y,0,0.0
2023-05-01,05Y,0,0.0
2023-12-01,05Y,0,0.0
2025-02-01,05Y,0,0.0
2021-08-01,05Y,0,0.0
2021-11-01,05Y,0,0.0
2022-05-01,05Y,0,0.0
2023-06-01,05Y,0,0.0
2026-02-01,05Y,0,0.0
2022-06-01,05Y,0,0.0
2024-05-01,05Y,0,0.0
2026-06-01,05Y,0,0.0
2025-03-01,05Y,0,0.0
2023-10-01,05Y,0,0.0
2024-02-01,05Y,0,0.0
2026-05-01,05Y,0,0.0
2022-10-01,05Y,0,0.0
2023-09-01,05Y,0,0.0
2023-11-01,05Y,0,0.0
2021-12-01,05Y,0,0.0
2025-04-01,05Y,0,0.0
2022-02-01,05Y,0,0.0
2022-07-01,05Y,0,0.0
2023-02-01,05Y,0,0.0
2023-04-01,05Y,0,0.0
2024-11-01,05Y,0,0.0
2021-10-01,05Y,0,0.0
2024-12-01,05Y,0,0.0
2024-01-01,05Y,0,0.0
2024-08-01,05Y,0,0.0
2025-01-01,05Y,0,0.0
2022-04-01,05Y,0,0.0
2022-12-01,05Y,0,0.0
2023-03-01,05Y,0,0.0
2024-10-01,05Y,0,0.0
2023-08-01,05Y,0,0.0
2022-03-01,05Y,0,0.0
2024-09-01,05Y,0,0.0
2026-01-01,05Y,0,0.0
2025-08-01,05Y,0,0.0
2021-09-01,05Y,0,0.0
2025-06-01,05Y,0,0.0
2025-09-01,05Y,0,0.0
2022-01-01,05Y,0,0.0
2022-11-01,05Y,0,0.0
2024-03-01,05Y,0,0.0
2025-12-01,05Y,0,0.0
2021-06-01,05Y,0,0.0
2025-05-01,05Y,0,0.0
2026-03-01,05Y,0,0.0
2021-07-01,05Y,0,0.0
2023-07-01,05Y,0,0.0
2024-07-01,05Y,0,0.0
2022-08-01,05Y,0,0.0
2025-07-01,05Y,0,0.0
2025-11-01,05Y,0,0.0
2026-04-01,05Y,0,0.0
2024-04-01,05Y,0,0.0
2024-06-01,05Y,0,0.0
2022-04-01,06A,0,0.0
2023-10-01,06A,0,0.0
2024-03-01,06A,0,0.0
2023-06-01,06A,0,0.0
2022-10-01,06A,0,0.0
2024-01-01,06A,0,0.0
2026-04-01,06A,0,0.0
2022-09-01,06A,0,0.0
2024-10-01,06A,0,0.0
2025-07-01,06A,0,0.0
2022-03-01,06A,0,0.0
2021-11-01,06A,0,0.0
2022-06-01,06A,0,0.0
2025-04-01,06A,0,0.0
2025-05-01,06A,0,0.0
2022-01-01,06A,0,0.0
2022-07-01,06A,0,0.0
2022-11-01,06A,0,0.0
2023-05-01,06A,0,0.0
2024-06-01,06A,0,0.0
2024-08-01,06A,0,0.0
2024-09-01,06A,0,0.0
2022-02-01,06A,0,0.0
2023-02-01,06A,0,0.0
2021-08-01,06A,0,0.0
2023-07-01,06A,0,0.0
2024-02-01,06A,0,0.0
2022-08-01,06A,0,0.0
2022-12-01,06A,0,0.0
2023-01-01,06A,0,0.0
2025-03-01,06A,0,0.0
2021-12-01,06A,0,0.0
2025-06-01,06A,0,0.0
2025-08-01,06A,0,0.0
2024-07-01,06A,0,0.0
2024-12-01,06A,0,0.0
2026-06-01,06A,0,0.0
2023-08-01,06A,0,0.0
2023-12-01,06A,0,0.0
2024-04-01,06A,0,0.0
2026-03-01,06A,0,0.0
2021-10-01,06A,0,0.0
2025-09-01,06A,0,0.0
2023-03-01,06A,0,0.0
2024-05-01,06A,0,0.0
2021-07-01,06A,0,0.0
2025-01-01,06A,0,0.0
2021-09-01,06A,0,0.0
2023-04-01,06A,0,0.0
2021-06-01,06A,0,0.0
2026-01-01,06A,0,0.0
2025-02-01,06A,0,0.0
2025-12-01,06A,0,0.0
2024-11-01,06A,0,0.0
2023-09-01,06A,0,0.0
2025-11-01,06A,0,0.0
2026-02-01,06A,0,0.0
2026-05-01,06A,0,0.0
2022-05-01,06A,0,0.0
2023-11-01,06A,0,0.0
2025-10-01,06A,0,0.0
2024-12-01,06D,0,0.0
2023-06-01,06D,0,0.0
2022-11-01,06D,0,0.0
2024-11-01,06D,0,0.0
2025-07-01,06D,0,0.0
2024-04-01,06D,0,0.0
2023-02-01,06D,0,0.0
2021-06-01,06D,0,0.0
2026-03-01,06D,0,0.0
2025-08-01,06D,0,0.0
2021-11-01,06D,0,0.0
2022-06-01,06D,0,0.0
2024-05-01,06D,0,0.0
2025-05-01,06D,0,0.0
2022-04-01,06D,0,0.0
2022-07-01,06D,0,0.0
2022-12-01,06D,0,0.0
2025-10-01,06D,0,0.0
2026-02-01,06D,0,0.0
2021-12-01,06D,0,0.0
2023-09-01,06D,0,0.0
2026-01-01,06D,0,0.0
2022-08-01,06D,0,0.0
2023-04-01,06D,0,0.0
2024-08-01,06D,0,0.0
2022-01-01,06D,0,0.0
2025-11-01,06D,0,0.0
2026-06-01,06D,0,0.0
2021-10-01,06D,0,0.0
2023-01-01,06D,0,0.0
2024-01-01,06D,0,0.0
2025-12-01,06D,0,0.0
2023-03-01,06D,0,0.0
2021-08-01,06D,0,0.0
2023-05-01,06D,0,0.0
2023-11-01,06D,0,0.0
2023-12-01,06D,0,0.0
2023-10-01,06D,0,0.0
2023-07-01,06D,0,0.0
2025-01-01,06D,0,0.0
2022-03-01,06D,0,0.0
2025-03-01,06D,0,0.0
2023-08-01,06D,0,0.0
2022-02-01,06D,0,0.0
2022-09-01,06D,0,0.0
2025-06-01,06D,0,0.0
2026-04-01,06D,0,0.0
2021-09-01,06D,0,0.0
2024-03-01,06D,0,0.0
2025-04-01,06D,0,0.0
2022-10-01,06D,0,0.0
2022-05-01,06D,0,0.0
2024-09-01,06D,0,0.0
2025-02-01,06D,0,0.0
2025-09-01,06D,0,0.0
2026-05-01,06D,0,0.0
2021-07-01,06D,0,0.0
2024-06-01,06D,0,0.0
2024-10-01,06D,0,0.0
2024-02-01,06D,0,0.0
2024-07-01,06D,0,0.0
2021-07-01,06F,0,0.0
2023-04-01,06F,0,0.0
2021-10-01,06F,0,0.0
2022-11-01,06F,0,0.0
2025-03-01,06F,0,0.0
2021-09-01,06F,0,0.0
2024-09-01,06F,0,0.0
2026-02-01,06F,0,0.0
2022-12-01,06F,0,0.0
2023-12-01,06F,0,0.0
2025-12-01,06F,0,0.0
2022-01-01,06F,0,0.0
2024-11-01,06F,0,0.0
2025-11-01,06F,0,0.0
2023-05-01,06F,0,0.0
2023-10-01,06F,0,0.0
2025-08-01,06F,0,0.0
2022-09-01,06F,0,0.0
2024-01-01,06F,0,0.0
2024-07-01,06F,0,0.0
2025-04-01,06F,0,0.0
2025-10-01,06F,0,0.0
2023-03-01,06F,0,0.0
2021-08-01,06F,0,0.0
2023-02-01,06F,0,0.0
2024-10-01,06F,0,0.0
2025-09-01,06F,0,0.0
2021-11-01,06F,0,0.0
2022-03-01,06F,0,0.0
2023-09-01,06F,0,0.0
2023-11-01,06F,0,0.0
2024-05-01,06F,0,0.0
2022-05-01,06F,0,0.0
2025-06-01,06F,0,0.0
2022-08-01,06F,0,0.0
2023-01-01,06F,0,0.0
2023-08-01,06F,0,0.0
2026-05-01,06F,0,0.0
2022-07-01,06F,0,0.0
2025-05-01,06F,0,0.0
2022-06-01,06F,0,0.0
2026-04-01,06F,0,0.0
2024-04-01,06F,0,0.0
2025-02-01,06F,0,0.0
2026-03-01,06F,0,0.0
2026-06-01,06F,0,0.0
2021-06-01,06F,0,0.0
2022-04-01,06F,0,0.0
2024-12-01,06F,0,0.0
2024-06-01,06F,0,0.0
2024-02-01,06F,0,0.0
2024-08-01,06F,0,0.0
2025-07-01,06F,0,0.0
2022-10-01,06F,0,0.0
2026-01-01,06F,0,0.0
2022-02-01,06F,0,0.0
2023-07-01,06F,0,0.0
2021-12-01,06F,0,0.0
2023-06-01,06F,0,0.0
2024-03-01,06F,0,0.0
2025-01-01,06F,0,0.0
2025-02-01,06K,0,635.6609999999997
2025-01-01,06K,0,635.2129999999997
2023-03-01,06K,0,622.2830000000002
2023-05-01,06K,0,623.3190000000002
2024-07-01,06K,0,632.8690000000001
2024-10-01,06K,0,634.3959999999998
2024-12-01,06K,0,635.3829999999999
2025-03-01,06K,0,635.8670000000002
2025-06-01,06K,0,636.5110000000002
2026-05-01,06K,0,635.9030000000001
2024-05-01,06L,0,416.67399999999986
2021-07-01,06M,0,0.0
2022-06-01,06M,0,0.0
2025-05-01,06M,0,0.0
2022-12-01,06M,0,0.0
2024-03-01,06M,0,0.0
2024-05-01,06M,0,0.0
2025-11-01,06M,0,0.0
2025-12-01,06M,0,0.0
2026-02-01,06M,0,0.0
2023-08-01,06M,0,0.0
2023-05-01,06M,0,0.0
2023-06-01,06M,0,0.0
2023-09-01,06M,0,0.0
2023-11-01,06M,0,0.0
2024-09-01,06M,0,0.0
2024-04-01,06M,0,0.0
2026-01-01,06M,0,0.0
2021-08-01,06M,0,0.0
2021-09-01,06M,0,0.0
2023-07-01,06M,0,0.0
2022-05-01,06M,0,0.0
2022-07-01,06M,0,0.0
2024-02-01,06M,0,0.0
2025-10-01,06M,0,0.0
2026-06-01,06M,0,0.0
2025-02-01,06M,0,0.0
2026-05-01,06M,0,0.0
2025-03-01,06M,0,0.0
2024-08-01,06M,0,0.0
2023-04-01,06M,0,0.0
2024-01-01,06M,0,0.0
2025-04-01,06M,0,0.0
2024-12-01,06M,0,0.0
2025-09-01,06M,0,0.0
2022-09-01,06M,0,0.0
2025-06-01,06M,0,0.0
2022-01-01,06M,0,0.0
2023-03-01,06M,0,0.0
2026-03-01,06M,0,0.0
2022-08-01,06M,0,0.0
2022-10-01,06M,0,0.0
2025-08-01,06M,0,0.0
2021-06-01,06M,0,0.0
2022-03-01,06M,0,0.0
2021-11-01,06M,0,0.0
2022-04-01,06M,0,0.0
2023-02-01,06M,0,0.0
2024-06-01,06M,0,0.0
2024-10-01,06M,0,0.0
2025-01-01,06M,0,0.0
2021-10-01,06M,0,0.0
2021-12-01,06M,0,0.0
2023-10-01,06M,0,0.0
2022-02-01,06M,0,0.0
2024-11-01,06M,0,0.0
2025-07-01,06M,0,0.0
2023-12-01,06M,0,0.0
2022-11-01,06M,0,0.0
2023-01-01,06M,0,0.0
2024-07-01,06M,0,0.0
2026-04-01,06M,0,0.0
2026-06-01,06N,0,690.1429999999998
2024-05-01,06N,0,687.6659999999999
2025-06-01,06N,0,693.4059999999995
2026-05-01,06N,0,691.0409999999998
2021-11-01,06N,0,667.1409999999998
2026-03-01,06N,0,691.645
2022-04-01,06N,0,669.7539999999999
2025-12-01,06N,0,693.6930000000001
2025-08-01,06N,0,694.3019999999998
2026-02-01,06N,0,692.402
2021-09-01,06N,0,666.9689999999999
2023-08-01,06P,0,0.0
2025-03-01,06P,0,0.0
2024-09-01,06P,0,0.0
2024-12-01,06P,0,0.0
2021-12-01,06P,0,0.0
2021-09-01,06P,0,0.0
2026-05-01,06P,0,0.0
2022-04-01,06P,0,0.0
2024-07-01,06P,0,0.0
2022-03-01,06P,0,0.0
2025-08-01,06P,0,0.0
2024-01-01,06P,0,0.0
2022-08-01,06P,0,0.0
2025-01-01,06P,0,0.0
2021-06-01,06P,0,0.0
2021-10-01,06P,0,0.0
2024-02-01,06P,0,0.0
2025-06-01,06P,0,0.0
2022-12-01,06P,0,0.0
2024-04-01,06P,0,0.0
2025-05-01,06P,0,0.0
2025-10-01,06P,0,0.0
2026-02-01,06P,0,0.0
2022-10-01,06P,0,0.0
2026-06-01,06P,0,0.0
2026-01-01,06P,0,0.0
2021-07-01,06P,0,0.0
2022-01-01,06P,0,0.0
2022-02-01,06P,0,0.0
2021-11-01,06P,0,0.0
2023-02-01,06P,0,0.0
2024-06-01,06P,0,0.0
2025-07-01,06P,0,0.0
2024-10-01,06P,0,0.0
2025-04-01,06P,0,0.0
2025-09-01,06P,0,0.0
2022-09-01,06P,0,0.0
2024-05-01,06P,0,0.0
2022-11-01,06P,0,0.0
2023-10-01,06P,0,0.0
2025-12-01,06P,0,0.0
2026-03-01,06P,0,0.0
2025-11-01,06P,0,0.0
2026-04-01,06P,0,0.0
2023-04-01,06P,0,0.0
2023-03-01,06P,0,0.0
2023-06-01,06P,0,0.0
2021-08-01,06P,0,0.0
2022-06-01,06P,0,0.0
2023-07-01,06P,0,0.0
2023-09-01,06P,0,0.0
2024-11-01,06P,0,0.0
2022-05-01,06P,0,0.0
2022-07-01,06P,0,0.0
2024-03-01,06P,0,0.0
2025-02-01,06P,0,0.0
2023-01-01,06P,0,0.0
2023-05-01,06P,0,0.0
2023-11-01,06P,0,0.0
2023-12-01,06P,0,0.0
2024-08-01,06P,0,0.0
2023-04-01,06T,0,370.92599999999993
2023-08-01,06T,0,372.4189999999999
2024-08-01,06T,0,377.16599999999994
2023-07-01,06T,0,372.101
2025-05-01,06T,0,380.137
2024-06-01,06T,0,376.75199999999995
2026-06-01,06T,0,380.76000000000005
2025-08-01,06T,0,380.67199999999985
2025-07-01,06T,0,380.38299999999987
2025-11-01,06T,0,381.76599999999996
2024-02-01,06T,0,375.50299999999993
2026-03-01,06T,0,381.46500000000003
2025-12-01,06T,0,382.0039999999999
2023-11-01,06T,0,373.53999999999996
2023-10-01,06W,0,0.0
2024-12-01,06W,0,0.0
2022-02-01,06W,0,0.0
2025-06-01,06W,0,0.0
2021-10-01,06W,0,0.0
2022-10-01,06W,0,0.0
2021-06-01,06W,0,0.0
2025-04-01,06W,0,0.0
2021-08-01,06W,0,0.0
2023-02-01,06W,0,0.0
2024-10-01,06W,0,0.0
2022-03-01,06W,0,0.0
2023-11-01,06W,0,0.0
2022-04-01,06W,0,0.0
2023-08-01,06W,0,0.0
2025-12-01,06W,0,0.0
2022-12-01,06W,0,0.0
2023-01-01,06W,0,0.0
2025-03-01,06W,0,0.0
2026-01-01,06W,0,0.0
2024-05-01,06W,0,0.0
2021-09-01,06W,0,0.0
2025-07-01,06W,0,0.0
2021-07-01,06W,0,0.0
2026-04-01,06W,0,0.0
2026-06-01,06W,0,0.0
2022-01-01,06W,0,0.0
2022-05-01,06W,0,0.0
2024-01-01,06W,0,0.0
2021-12-01,06W,0,0.0
2025-01-01,06W,0,0.0
2026-05-01,06W,0,0.0
2025-05-01,06W,0,0.0
2023-06-01,06W,0,0.0
2024-09-01,06W,0,0.0
2024-04-01,06W,0,0.0
2026-03-01,06W,0,0.0
2022-07-01,06W,0,0.0
2023-07-01,06W,0,0.0
2022-08-01,06W,0,0.0
2023-12-01,06W,0,0.0
2024-03-01,06W,0,0.0
2024-08-01,06W,0,0.0
2024-02-01,06W,0,0.0
2022-09-01,06W,0,0.0
2024-06-01,06W,0,0.0
2024-11-01,06W,0,0.0
2023-03-01,06W,0,0.0
2023-04-01,06W,0,0.0
2025-11-01,06W,0,0.0
2024-07-01,06W,0,0.0
2025-02-01,06W,0,0.0
2023-05-01,06W,0,0.0
2022-11-01,06W,0,0.0
2023-09-01,06W,0,0.0
2025-08-01,06W,0,0.0
2022-06-01,06W,0,0.0
2025-10-01,06W,0,0.0
2026-02-01,06W,0,0.0
2021-11-01,06W,0,0.0
2025-09-01,06W,0,0.0
2022-10-01,06Y,0,0.0
2025-06-01,06Y,0,0.0
2024-07-01,06Y,0,0.0
2024-10-01,06Y,0,0.0
2022-03-01,06Y,0,0.0
2021-06-01,06Y,0,0.0
2022-04-01,06Y,0,0.0
2022-05-01,06Y,0,0.0
2025-05-01,06Y,0,0.0
2023-02-01,06Y,0,0.0
2025-12-01,06Y,0,0.0
2021-10-01,06Y,0,0.0
2023-01-01,06Y,0,0.0
2025-10-01,06Y,0,0.0
2026-01-01,06Y,0,0.0
2026-03-01,06Y,0,0.0
2026-02-01,06Y,0,0.0
2022-01-01,06Y,0,0.0
2022-09-01,06Y,0,0.0
2021-12-01,06Y,0,0.0
2023-08-01,06Y,0,0.0
2021-11-01,06Y,0,0.0
2024-03-01,06Y,0,0.0
2025-04-01,06Y,0,0.0
2022-11-01,06Y,0,0.0
2023-06-01,06Y,0,0.0
2023-12-01,06Y,0,0.0
2022-08-01,06Y,0,0.0
2023-10-01,06Y,0,0.0
2024-01-01,06Y,0,0.0
2026-04-01,06Y,0,0.0
2022-02-01,06Y,0,0.0
2025-03-01,06Y,0,0.0
2023-03-01,06Y,0,0.0
2024-04-01,06Y,0,0.0
2021-09-01,06Y,0,0.0
2025-01-01,06Y,0,0.0
2022-06-01,06Y,0,0.0
2024-12-01,06Y,0,0.0
2025-07-01,06Y,0,0.0
2026-05-01,06Y,0,0.0
2023-11-01,06Y,0,0.0
2023-04-01,06Y,0,0.0
2024-09-01,06Y,0,0.0
2023-05-01,06Y,0,0.0
2025-09-01,06Y,0,0.0
2023-07-01,06Y,0,0.0
2024-06-01,06Y,0,0.0
2022-07-01,06Y,0,0.0
2024-05-01,06Y,0,0.0
2025-11-01,06Y,0,0.0
2021-07-01,06Y,0,0.0
2024-11-01,06Y,0,0.0
2021-08-01,06Y,0,0.0
2026-06-01,06Y,0,0.0
2022-12-01,06Y,0,0.0
2023-09-01,06Y,0,0.0
2024-08-01,06Y,0,0.0
2024-02-01,06Y,0,0.0
2025-02-01,06Y,0,0.0
2025-08-01,06Y,0,0.0
2023-11-01,07G,0,187.769
2024-06-01,07G,0,190.10999999999999
2025-08-01,07G,0,190.62300000000002
2026-04-01,07G,0,189.853
2021-07-01,07G,0,183.48899999999998
2022-01-01,07G,0,184.224
2025-05-01,07G,0,190.58099999999996
2026-02-01,07G,0,190.20399999999998
2022-09-01,07G,0,184.99400000000003
2022-05-01,07G,0,184.563
2022-07-01,07G,0,184.829
2024-02-01,07G,0,188.81699999999995
2026-06-01,07G,0,189.263
2021-10-01,07G,0,183.822
2025-06-01,07G,0,190.668
2025-10-01,07G,0,190.68599999999998
2026-03-01,07G,0,190.03099999999995
2022-03-01,07G,0,184.35999999999999
2024-01-01,07G,0,188.375
2025-07-01,07G,0,190.795
2024-12-01,07G,0,190.67200000000003
2025-09-01,07G,0,190.64700000000002
2023-12-01,07G,0,188.144
2025-01-01,07G,0,190.834
2023-04-01,07G,0,186.23800000000003
2025-04-01,07G,0,190.572
2024-08-01,07G,0,190.474
2024-10-01,07G,0,190.54499999999996
2021-09-01,07G,0,183.811
2023-03-01,07G,0,186.03599999999997
2023-07-01,07G,0,186.662
2023-09-01,07G,0,187.21200000000002
2024-06-01,07H,0,333.371
2026-06-01,07H,0,336.8709999999999
2021-09-01,07H,0,323.75500000000005
2023-08-01,07H,0,329.8269999999999
2023-07-01,07H,0,329.22600000000006
2024-02-01,07H,0,332.083
2022-10-01,07H,0,325.9870000000001
2024-03-01,07H,0,332.31
2023-09-01,07H,0,330.28399999999993
2024-04-01,07H,0,332.532
2023-05-01,07H,0,328.4570000000001
2021-12-01,07L,0,0.0
2026-02-01,07L,0,0.0
2024-06-01,07L,0,0.0
2023-07-01,07L,0,0.0
2023-03-01,07L,0,0.0
2023-11-01,07L,0,0.0
2026-04-01,07L,0,0.0
2023-01-01,07L,0,0.0
2025-08-01,07L,0,0.0
2021-11-01,07L,0,0.0
2024-08-01,07L,0,0.0
2026-05-01,07L,0,0.0
2026-06-01,07L,0,0.0
2025-07-01,07L,0,0.0
2024-01-01,07L,0,0.0
2025-04-01,07L,0,0.0
2022-08-01,07L,0,0.0
2024-09-01,07L,0,0.0
2021-10-01,07L,0,0.0
2025-05-01,07L,0,0.0
2023-12-01,07L,0,0.0
2024-03-01,07L,0,0.0
2024-11-01,07L,0,0.0
2025-09-01,07L,0,0.0
2022-04-01,07L,0,0.0
2025-02-01,07L,0,0.0
2022-01-01,07L,0,0.0
2023-09-01,07L,0,0.0
2025-01-01,07L,0,0.0
2026-03-01,07L,0,0.0
2025-12-01,07L,0,0.0
2021-06-01,07L,0,0.0
2023-05-01,07L,0,0.0
2021-08-01,07L,0,0.0
2022-09-01,07L,0,0.0
2022-06-01,07L,0,0.0
2023-08-01,07L,0,0.0
2023-10-01,07L,0,0.0
2024-02-01,07L,0,0.0
2024-05-01,07L,0,0.0
2024-07-01,07L,0,0.0
2022-02-01,07L,0,0.0
2025-06-01,07L,0,0.0
2022-07-01,07L,0,0.0
2022-11-01,07L,0,0.0
2022-12-01,07L,0,0.0
2024-04-01,07L,0,0.0
2026-01-01,07L,0,0.0
2021-09-01,07L,0,0.0
2024-12-01,07L,0,0.0
2022-03-01,07L,0,0.0
2023-02-01,07L,0,0.0
2025-03-01,07L,0,0.0
2022-05-01,07L,0,0.0
2022-10-01,07L,0,0.0
2021-07-01,07L,0,0.0
2023-04-01,07L,0,0.0
2025-11-01,07L,0,0.0
2023-06-01,07L,0,0.0
2024-10-01,07L,0,0.0
2025-10-01,07L,0,0.0
2022-12-01,07M,0,0.0
2024-03-01,07M,0,0.0
2026-01-01,07M,0,0.0
2026-06-01,07M,0,0.0
2023-04-01,07M,0,0.0
2023-10-01,07M,0,0.0
2024-07-01,07M,0,0.0
2024-12-01,07M,0,0.0
2021-10-01,07M,0,0.0
2025-03-01,07M,0,0.0
2025-10-01,07M,0,0.0
2023-07-01,07M,0,0.0
2025-08-01,07M,0,0.0
2025-11-01,07M,0,0.0
2024-02-01,07M,0,0.0
2024-04-01,07M,0,0.0
2024-08-01,07M,0,0.0
2023-09-01,07M,0,0.0
2022-10-01,07M,0,0.0
2025-06-01,07M,0,0.0
2025-12-01,07M,0,0.0
2023-02-01,07M,0,0.0
2024-11-01,07M,0,0.0
2022-11-01,07M,0,0.0
2024-05-01,07M,0,0.0
2026-03-01,07M,0,0.0
2022-09-01,07M,0,0.0
2023-08-01,07M,0,0.0
2022-08-01,07M,0,0.0
2025-02-01,07M,0,0.0
2026-05-01,07M,0,0.0
2022-03-01,07M,0,0.0
2023-01-01,07M,0,0.0
2024-09-01,07M,0,0.0
2025-05-01,07M,0,0.0
2022-02-01,07M,0,0.0
2021-06-01,07M,0,0.0
2021-11-01,07M,0,0.0
2025-01-01,07M,0,0.0
2023-03-01,07M,0,0.0
2025-09-01,07M,0,0.0
2022-01-01,07M,0,0.0
2023-11-01,07M,0,0.0
2023-12-01,07M,0,0.0
2026-02-01,07M,0,0.0
2022-04-01,07M,0,0.0
2022-06-01,07M,0,0.0
2022-07-01,07M,0,0.0
2023-05-01,07M,0,0.0
2023-06-01,07M,0,0.0
2021-07-01,07M,0,0.0
2024-10-01,07M,0,0.0
2021-08-01,07M,0,0.0
2021-09-01,07M,0,0.0
2024-06-01,07M,0,0.0
2022-05-01,07M,0,0.0
2021-12-01,07M,0,0.0
2024-01-01,07M,0,0.0
2025-07-01,07M,0,0.0
2026-04-01,07M,0,0.0
2025-04-01,07M,0,0.0
2024-10-01,07N,0,0.0
2024-01-01,07N,0,0.0
2024-02-01,07N,0,0.0
2025-04-01,07N,0,0.0
2023-12-01,07N,0,0.0
2022-03-01,07N,0,0.0
2023-08-01,07N,0,0.0
2023-05-01,07N,0,0.0
2024-09-01,07N,0,0.0
2026-03-01,07N,0,0.0
2021-07-01,07N,0,0.0
2022-02-01,07N,0,0.0
2026-01-01,07N,0,0.0
2024-07-01,07N,0,0.0
2024-11-01,07N,0,0.0
2025-08-01,07N,0,0.0
2023-04-01,07N,0,0.0
2025-10-01,07N,0,0.0
2022-01-01,07N,0,0.0
2021-11-01,07N,0,0.0
2025-03-01,07N,0,0.0
2026-02-01,07N,0,0.0
2025-05-01,07N,0,0.0
2025-11-01,07N,0,0.0
2026-04-01,07N,0,0.0
2022-05-01,07N,0,0.0
2022-11-01,07N,0,0.0
2022-08-01,07N,0,0.0
2023-10-01,07N,0,0.0
2025-01-01,07N,0,0.0
2022-10-01,07N,0,0.0
2023-06-01,07N,0,0.0
2023-07-01,07N,0,0.0
2023-01-01,07N,0,0.0
2025-02-01,07N,0,0.0
2021-12-01,07N,0,0.0
2021-09-01,07N,0,0.0
2022-04-01,07N,0,0.0
2024-05-01,07N,0,0.0
2022-12-01,07N,0,0.0
2023-03-01,07N,0,0.0
2026-06-01,07N,0,0.0
2023-02-01,07N,0,0.0
2023-09-01,07N,0,0.0
2024-08-01,07N,0,0.0
2025-12-01,07N,0,0.0
2025-07-01,07N,0,0.0
2022-06-01,07N,0,0.0
2024-12-01,07N,0,0.0
2024-04-01,07N,0,0.0
2024-06-01,07N,0,0.0
2025-09-01,07N,0,0.0
2026-05-01,07N,0,0.0
2021-06-01,07N,0,0.0
2022-07-01,07N,0,0.0
2022-09-01,07N,0,0.0
2025-06-01,07N,0,0.0
2023-11-01,07N,0,0.0
2024-03-01,07N,0,0.0
2021-10-01,07N,0,0.0
2021-08-01,07N,0,0.0
2022-12-01,07P,0,0.0
2024-11-01,07P,0,0.0
2025-10-01,07P,0,0.0
2022-09-01,07P,0,0.0
2022-05-01,07P,0,0.0
2023-02-01,07P,0,0.0
2023-07-01,07P,0,0.0
2021-06-01,07P,0,0.0
2025-08-01,07P,0,0.0
2024-12-01,07P,0,0.0
2022-10-01,07P,0,0.0
2023-11-01,07P,0,0.0
2024-05-01,07P,0,0.0
2025-07-01,07P,0,0.0
2022-07-01,07P,0,0.0
2024-10-01,07P,0,0.0
2021-12-01,07P,0,0.0
2025-05-01,07P,0,0.0
2026-03-01,07P,0,0.0
2025-01-01,07P,0,0.0
2023-05-01,07P,0,0.0
2026-02-01,07P,0,0.0
2022-04-01,07P,0,0.0
2023-06-01,07P,0,0.0
2023-12-01,07P,0,0.0
2024-01-01,07P,0,0.0
2024-04-01,07P,0,0.0
2025-12-01,07P,0,0.0
2023-04-01,07P,0,0.0
2024-07-01,07P,0,0.0
2021-11-01,07P,0,0.0
2022-06-01,07P,0,0.0
2023-10-01,07P,0,0.0
2025-09-01,07P,0,0.0
2025-11-01,07P,0,0.0
2021-10-01,07P,0,0.0
2025-03-01,07P,0,0.0
2025-06-01,07P,0,0.0
2026-01-01,07P,0,0.0
2026-06-01,07P,0,0.0
2022-03-01,07P,0,0.0
2023-08-01,07P,0,0.0
2024-08-01,07P,0,0.0
2026-04-01,07P,0,0.0
2026-05-01,07P,0,0.0
2025-02-01,07P,0,0.0
2023-09-01,07P,0,0.0
2024-03-01,07P,0,0.0
2022-02-01,07P,0,0.0
2023-03-01,07P,0,0.0
2024-06-01,07P,0,0.0
2024-09-01,07P,0,0.0
2022-01-01,07P,0,0.0
2023-01-01,07P,0,0.0
2021-09-01,07P,0,0.0
2022-11-01,07P,0,0.0
2021-07-01,07P,0,0.0
2022-08-01,07P,0,0.0
2025-04-01,07P,0,0.0
2021-08-01,07P,0,0.0
2024-02-01,07P,0,0.0
2021-08-01,07R,0,0.0
2022-05-01,07R,0,0.0
2023-01-01,07R,0,0.0
2021-10-01,07R,0,0.0
2023-07-01,07R,0,0.0
2023-03-01,07R,0,0.0
2025-01-01,07R,0,0.0
2025-12-01,07R,0,0.0
2026-01-01,07R,0,0.0
2021-06-01,07R,0,0.0
2024-12-01,07R,0,0.0
2023-05-01,07R,0,0.0
2021-07-01,07R,0,0.0
2024-01-01,07R,0,0.0
2025-03-01,07R,0,0.0
2025-06-01,07R,0,0.0
2022-10-01,07R,0,0.0
2026-06-01,07R,0,0.0
2021-12-01,07R,0,0.0
2023-08-01,07R,0,0.0
2024-08-01,07R,0,0.0
2025-07-01,07R,0,0.0
2026-02-01,07R,0,0.0
2022-08-01,07R,0,0.0
2024-02-01,07R,0,0.0
2024-03-01,07R,0,0.0
2026-05-01,07R,0,0.0
2023-12-01,07R,0,0.0
2024-10-01,07R,0,0.0
2026-04-01,07R,0,0.0
2022-07-01,07R,0,0.0
2025-09-01,07R,0,0.0
2022-04-01,07R,0,0.0
2025-08-01,07R,0,0.0
2022-02-01,07R,0,0.0
2025-11-01,07R,0,0.0
2022-03-01,07R,0,0.0
2022-11-01,07R,0,0.0
2022-12-01,07R,0,0.0
2025-05-01,07R,0,0.0
2021-11-01,07R,0,0.0
2024-11-01,07R,0,0.0
2023-10-01,07R,0,0.0
2025-02-01,07R,0,0.0
2024-09-01,07R,0,0.0
2025-10-01,07R,0,0.0
2021-09-01,07R,0,0.0
2023-06-01,07R,0,0.0
2025-04-01,07R,0,0.0
2022-06-01,07R,0,0.0
2023-11-01,07R,0,0.0
2022-09-01,07R,0,0.0
2023-04-01,07R,0,0.0
2024-05-01,07R,0,0.0
2026-03-01,07R,0,0.0
2024-04-01,07R,0,0.0
2023-09-01,07R,0,0.0
2024-06-01,07R,0,0.0
2022-01-01,07R,0,0.0
2023-02-01,07R,0,0.0
2024-07-01,07R,0,0.0
2024-07-01,07T,0,0.0
2025-10-01,07T,0,0.0
2022-07-01,07T,0,0.0
2023-11-01,07T,0,0.0
2024-04-01,07T,0,0.0
2024-12-01,07T,0,0.0
2025-06-01,07T,0,0.0
2025-07-01,07T,0,0.0
2025-01-01,07T,0,0.0
2025-09-01,07T,0,0.0
2024-05-01,07T,0,0.0
2022-09-01,07T,0,0.0
2024-10-01,07T,0,0.0
2026-01-01,07T,0,0.0
2026-05-01,07T,0,0.0
2023-08-01,07T,0,0.0
2024-11-01,07T,0,0.0
2021-09-01,07T,0,0.0
2023-09-01,07T,0,0.0
2025-03-01,07T,0,0.0
2021-11-01,07T,0,0.0
2022-12-01,07T,0,0.0
2021-08-01,07T,0,0.0
2024-03-01,07T,0,0.0
2022-04-01,07T,0,0.0
2024-08-01,07T,0,0.0
2023-05-01,07T,0,0.0
2025-11-01,07T,0,0.0
2022-08-01,07T,0,0.0
2022-11-01,07T,0,0.0
2023-01-01,07T,0,0.0
2025-12-01,07T,0,0.0
2021-06-01,07T,0,0.0
2022-03-01,07T,0,0.0
2023-07-01,07T,0,0.0
2026-06-01,07T,0,0.0
2022-01-01,07T,0,0.0
2024-01-01,07T,0,0.0
2021-12-01,07T,0,0.0
2023-10-01,07T,0,0.0
2022-10-01,07T,0,0.0
2025-02-01,07T,0,0.0
2024-02-01,07T,0,0.0
2021-07-01,07T,0,0.0
2024-06-01,07T,0,0.0
2026-03-01,07T,0,0.0
2021-10-01,07T,0,0.0
2025-04-01,07T,0,0.0
2022-06-01,07T,0,0.0
2022-05-01,07T,0,0.0
2023-02-01,07T,0,0.0
2023-04-01,07T,0,0.0
2022-02-01,07T,0,0.0
2025-05-01,07T,0,0.0
2024-09-01,07T,0,0.0
2026-04-01,07T,0,0.0
2023-12-01,07T,0,0.0
2025-08-01,07T,0,0.0
2026-02-01,07T,0,0.0
2023-03-01,07T,0,0.0
2023-06-01,07T,0,0.0
2021-10-01,07V,0,0.0
2022-08-01,07V,0,0.0
2024-05-01,07V,0,0.0
2022-02-01,07V,0,0.0
2024-12-01,07V,0,0.0
2025-04-01,07V,0,0.0
2022-04-01,07V,0,0.0
2023-06-01,07V,0,0.0
2025-12-01,07V,0,0.0
2021-07-01,07V,0,0.0
2023-02-01,07V,0,0.0
2024-06-01,07V,0,0.0
2021-08-01,07V,0,0.0
2026-02-01,07V,0,0.0
2024-04-01,07V,0,0.0
2025-03-01,07V,0,0.0
2021-09-01,07V,0,0.0
2023-12-01,07V,0,0.0
2025-05-01,07V,0,0.0
2025-09-01,07V,0,0.0
2026-03-01,07V,0,0.0
2021-11-01,07V,0,0.0
2023-10-01,07V,0,0.0
2022-06-01,07V,0,0.0
2022-10-01,07V,0,0.0
2024-10-01,07V,0,0.0
2022-07-01,07V,0,0.0
2024-07-01,07V,0,0.0
2023-09-01,07V,0,0.0
2024-01-01,07V,0,0.0
2024-11-01,07V,0,0.0
2024-08-01,07V,0,0.0
2026-04-01,07V,0,0.0
2022-09-01,07V,0,0.0
2026-05-01,07V,0,0.0
2022-03-01,07V,0,0.0
2022-12-01,07V,0,0.0
2025-06-01,07V,0,0.0
2026-01-01,07V,0,0.0
2021-06-01,07V,0,0.0
2022-01-01,07V,0,0.0
2023-03-01,07V,0,0.0
2023-08-01,07V,0,0.0
2025-10-01,07V,0,0.0
2024-02-01,07V,0,0.0
2021-12-01,07V,0,0.0
2023-11-01,07V,0,0.0
2024-09-01,07V,0,0.0
2025-08-01,07V,0,0.0
2023-07-01,07V,0,0.0
2025-01-01,07V,0,0.0
2025-02-01,07V,0,0.0
2023-01-01,07V,0,0.0
2023-05-01,07V,0,0.0
2025-11-01,07V,0,0.0
2025-07-01,07V,0,0.0
2024-03-01,07V,0,0.0
2026-06-01,07V,0,0.0
2022-05-01,07V,0,0.0
2022-11-01,07V,0,0.0
2023-04-01,07V,0,0.0
2024-12-01,07W,0,0.0
2023-12-01,07W,0,0.0
2023-06-01,07W,0,0.0
2022-05-01,07W,0,0.0
2025-08-01,07W,0,0.0
2024-07-01,07W,0,0.0
2022-04-01,07W,0,0.0
2023-02-01,07W,0,0.0
2023-07-01,07W,0,0.0
2024-02-01,07W,0,0.0
2025-05-01,07W,0,0.0
2021-09-01,07W,0,0.0
2026-01-01,07W,0,0.0
2023-05-01,07W,0,0.0
2023-04-01,07W,0,0.0
2024-08-01,07W,0,0.0
2024-11-01,07W,0,0.0
2025-03-01,07W,0,0.0
2025-12-01,07W,0,0.0
2024-01-01,07W,0,0.0
2025-02-01,07W,0,0.0
2021-08-01,07W,0,0.0
2024-04-01,07W,0,0.0
2025-06-01,07W,0,0.0
2021-06-01,07W,0,0.0
2022-07-01,07W,0,0.0
2023-08-01,07W,0,0.0
2024-06-01,07W,0,0.0
2021-12-01,07W,0,0.0
2023-11-01,07W,0,0.0
2024-03-01,07W,0,0.0
2025-07-01,07W,0,0.0
2026-02-01,07W,0,0.0
2026-04-01,07W,0,0.0
2021-07-01,07W,0,0.0
2022-09-01,07W,0,0.0
2024-05-01,07W,0,0.0
2022-11-01,07W,0,0.0
2026-05-01,07W,0,0.0
2021-11-01,07W,0,0.0
2022-03-01,07W,0,0.0
2023-03-01,07W,0,0.0
2023-10-01,07W,0,0.0
2025-01-01,07W,0,0.0
2025-11-01,07W,0,0.0
2026-06-01,07W,0,0.0
2025-04-01,07W,0,0.0
2022-12-01,07W,0,0.0
2022-01-01,07W,0,0.0
2022-06-01,07W,0,0.0
2023-09-01,07W,0,0.0
2022-02-01,07W,0,0.0
2022-10-01,07W,0,0.0
2025-09-01,07W,0,0.0
2026-03-01,07W,0,0.0
2022-08-01,07W,0,0.0
2023-01-01,07W,0,0.0
2025-10-01,07W,0,0.0
2021-10-01,07W,0,0.0
2024-09-01,07W,0,0.0
2024-10-01,07W,0,0.0
2021-12-01,07X,0,0.0
2022-01-01,07X,0,0.0
2022-12-01,07X,0,0.0
2025-12-01,07X,0,0.0
2023-06-01,07X,0,0.0
2024-11-01,07X,0,0.0
2021-06-01,07X,0,0.0
2025-03-01,07X,0,0.0
2025-06-01,07X,0,0.0
2025-11-01,07X,0,0.0
2021-09-01,07X,0,0.0
2025-07-01,07X,0,0.0
2025-08-01,07X,0,0.0
2025-10-01,07X,0,0.0
2022-02-01,07X,0,0.0
2023-05-01,07X,0,0.0
2026-06-01,07X,0,0.0
2022-08-01,07X,0,0.0
2024-08-01,07X,0,0.0
2026-04-01,07X,0,0.0
2026-05-01,07X,0,0.0
2024-02-01,07X,0,0.0
2024-06-01,07X,0,0.0
2025-01-01,07X,0,0.0
2021-11-01,07X,0,0.0
2021-08-01,07X,0,0.0
2023-12-01,07X,0,0.0
2022-06-01,07X,0,0.0
2023-08-01,07X,0,0.0
2024-04-01,07X,0,0.0
2024-09-01,07X,0,0.0
2021-10-01,07X,0,0.0
2022-09-01,07X,0,0.0
2023-03-01,07X,0,0.0
2024-12-01,07X,0,0.0
2024-10-01,07X,0,0.0
2022-03-01,07X,0,0.0
2023-04-01,07X,0,0.0
2025-02-01,07X,0,0.0
2023-01-01,07X,0,0.0
2025-09-01,07X,0,0.0
2026-03-01,07X,0,0.0
2024-05-01,07X,0,0.0
2022-07-01,07X,0,0.0
2026-01-01,07X,0,0.0
2023-11-01,07X,0,0.0
2021-07-01,07X,0,0.0
2022-11-01,07X,0,0.0
2025-04-01,07X,0,0.0
2022-04-01,07X,0,0.0
2024-07-01,07X,0,0.0
2024-01-01,07X,0,0.0
2024-03-01,07X,0,0.0
2023-07-01,07X,0,0.0
2025-05-01,07X,0,0.0
2023-10-01,07X,0,0.0
2023-02-01,07X,0,0.0
2023-09-01,07X,0,0.0
2022-05-01,07X,0,0.0
2022-10-01,07X,0,0.0
2026-02-01,07X,0,0.0
2022-10-01,07Y,0,0.0
2023-12-01,07Y,0,0.0
2025-05-01,07Y,0,0.0
2021-11-01,07Y,0,0.0
2022-06-01,07Y,0,0.0
2022-01-01,07Y,0,0.0
2024-10-01,07Y,0,0.0
2025-10-01,07Y,0,0.0
2023-03-01,07Y,0,0.0
2023-09-01,07Y,0,0.0
2023-11-01,07Y,0,0.0
2021-08-01,07Y,0,0.0
2022-09-01,07Y,0,0.0
2024-01-01,07Y,0,0.0
2024-05-01,07Y,0,0.0
2024-12-01,07Y,0,0.0
2023-10-01,07Y,0,0.0
2026-03-01,07Y,0,0.0
2022-03-01,07Y,0,0.0
2023-02-01,07Y,0,0.0
2023-08-01,07Y,0,0.0
2025-12-01,07Y,0,0.0
2022-07-01,07Y,0,0.0
2024-02-01,07Y,0,0.0
2022-04-01,07Y,0,0.0
2025-11-01,07Y,0,0.0
2026-04-01,07Y,0,0.0
2025-02-01,07Y,0,0.0
2025-09-01,07Y,0,0.0
2025-06-01,07Y,0,0.0
2023-04-01,07Y,0,0.0
2024-03-01,07Y,0,0.0
2024-09-01,07Y,0,0.0
2025-03-01,07Y,0,0.0
2022-02-01,07Y,0,0.0
2025-01-01,07Y,0,0.0
2026-06-01,07Y,0,0.0
2023-07-01,07Y,0,0.0
2024-04-01,07Y,0,0.0
2024-07-01,07Y,0,0.0
2025-07-01,07Y,0,0.0
2022-11-01,07Y,0,0.0
2021-07-01,07Y,0,0.0
2022-12-01,07Y,0,0.0
2026-01-01,07Y,0,0.0
2021-06-01,07Y,0,0.0
2025-04-01,07Y,0,0.0
2025-08-01,07Y,0,0.0
2021-09-01,07Y,0,0.0
2021-10-01,07Y,0,0.0
2022-08-01,07Y,0,0.0
2023-01-01,07Y,0,0.0
2021-12-01,07Y,0,0.0
2023-06-01,07Y,0,0.0
2026-05-01,07Y,0,0.0
2024-11-01,07Y,0,0.0
2022-05-01,07Y,0,0.0
2024-08-01,07Y,0,0.0
2023-05-01,07Y,0,0.0
2024-06-01,07Y,0,0.0
2026-02-01,07Y,0,0.0
2023-03-01,08A,0,0.0
2026-02-01,08A,0,0.0
2022-07-01,08A,0,0.0
2022-08-01,08A,0,0.0
2025-08-01,08A,0,0.0
2025-10-01,08A,0,0.0
2022-02-01,08A,0,0.0
2026-05-01,08A,0,0.0
2024-05-01,08A,0,0.0
2024-12-01,08A,0,0.0
2021-06-01,08A,0,0.0
2021-11-01,08A,0,0.0
2024-04-01,08A,0,0.0
2026-06-01,08A,0,0.0
2022-03-01,08A,0,0.0
2022-10-01,08A,0,0.0
2024-06-01,08A,0,0.0
2025-01-01,08A,0,0.0
2025-04-01,08A,0,0.0
2026-03-01,08A,0,0.0
2023-06-01,08A,0,0.0
2024-01-01,08A,0,0.0
2024-07-01,08A,0,0.0
2023-11-01,08A,0,0.0
2025-03-01,08A,0,0.0
2021-09-01,08A,0,0.0
2024-03-01,08A,0,0.0
2025-07-01,08A,0,0.0
2023-05-01,08A,0,0.0
2026-01-01,08A,0,0.0
2025-02-01,08A,0,0.0
2022-05-01,08A,0,0.0
2025-05-01,08A,0,0.0
2024-02-01,08A,0,0.0
2021-07-01,08A,0,0.0
2024-10-01,08A,0,0.0
2023-08-01,08A,0,0.0
2022-01-01,08A,0,0.0
2023-12-01,08A,0,0.0
2025-11-01,08A,0,0.0
2026-04-01,08A,0,0.0
2021-10-01,08A,0,0.0
2022-11-01,08A,0,0.0
2022-06-01,08A,0,0.0
2024-11-01,08A,0,0.0
2022-04-01,08A,0,0.0
2023-09-01,08A,0,0.0
2024-08-01,08A,0,0.0
2021-12-01,08A,0,0.0
2023-02-01,08A,0,0.0
2023-04-01,08A,0,0.0
2022-12-01,08A,0,0.0
2023-01-01,08A,0,0.0
2023-07-01,08A,0,0.0
2023-10-01,08A,0,0.0
2022-09-01,08A,0,0.0
2024-09-01,08A,0,0.0
2021-08-01,08A,0,0.0
2025-06-01,08A,0,0.0
2025-09-01,08A,0,0.0
2025-12-01,08A,0,0.0
2024-08-01,08C,0,0.0
2025-08-01,08C,0,0.0
2022-03-01,08C,0,0.0
2021-10-01,08C,0,0.0
2021-09-01,08C,0,0.0
2022-08-01,08C,0,0.0
2023-07-01,08C,0,0.0
2026-06-01,08C,0,0.0
2021-06-01,08C,0,0.0
2022-10-01,08C,0,0.0
2023-04-01,08C,0,0.0
2026-03-01,08C,0,0.0
2021-11-01,08C,0,0.0
2023-10-01,08C,0,0.0
2024-01-01,08C,0,0.0
2025-11-01,08C,0,0.0
2024-06-01,08C,0,0.0
2025-10-01,08C,0,0.0
2025-03-01,08C,0,0.0
2025-05-01,08C,0,0.0
2023-03-01,08C,0,0.0
2022-09-01,08C,0,0.0
2025-12-01,08C,0,0.0
2026-04-01,08C,0,0.0
2024-10-01,08C,0,0.0
2021-12-01,08C,0,0.0
2022-11-01,08C,0,0.0
2022-04-01,08C,0,0.0
2022-05-01,08C,0,0.0
2024-04-01,08C,0,0.0
2026-01-01,08C,0,0.0
2026-05-01,08C,0,0.0
2024-11-01,08C,0,0.0
2025-04-01,08C,0,0.0
2024-02-01,08C,0,0.0
2022-01-01,08C,0,0.0
2025-09-01,08C,0,0.0
2021-07-01,08C,0,0.0
2023-06-01,08C,0,0.0
2024-07-01,08C,0,0.0
2023-09-01,08C,0,0.0
2024-05-01,08C,0,0.0
2024-09-01,08C,0,0.0
2022-12-01,08C,0,0.0
2023-08-01,08C,0,0.0
2025-07-01,08C,0,0.0
2022-06-01,08C,0,0.0
2025-02-01,08C,0,0.0
2024-12-01,08C,0,0.0
2023-05-01,08C,0,0.0
2025-06-01,08C,0,0.0
2022-02-01,08C,0,0.0
2022-07-01,08C,0,0.0
2021-08-01,08C,0,0.0
2023-01-01,08C,0,0.0
2023-12-01,08C,0,0.0
2026-02-01,08C,0,0.0
2023-11-01,08C,0,0.0
2024-03-01,08C,0,0.0
2025-01-01,08C,0,0.0
2023-02-01,08C,0,0.0
2021-11-01,08D,0,0.0
2024-05-01,08D,0,0.0
2022-04-01,08D,0,0.0
2023-08-01,08D,0,0.0
2024-09-01,08D,0,0.0
2024-02-01,08D,0,0.0
2023-06-01,08D,0,0.0
2025-01-01,08D,0,0.0
2025-08-01,08D,0,0.0
2025-10-01,08D,0,0.0
2025-06-01,08D,0,0.0
2021-12-01,08D,0,0.0
2022-03-01,08D,0,0.0
2022-06-01,08D,0,0.0
2022-08-01,08D,0,0.0
2024-11-01,08D,0,0.0
2023-07-01,08D,0,0.0
2023-01-01,08D,0,0.0
2026-04-01,08D,0,0.0
2024-10-01,08D,0,0.0
2022-05-01,08D,0,0.0
2021-07-01,08D,0,0.0
2023-12-01,08D,0,0.0
2026-02-01,08D,0,0.0
2022-07-01,08D,0,0.0
2024-03-01,08D,0,0.0
2023-04-01,08D,0,0.0
2025-05-01,08D,0,0.0
2026-03-01,08D,0,0.0
2025-11-01,08D,0,0.0
2026-01-01,08D,0,0.0
2025-07-01,08D,0,0.0
2025-04-01,08D,0,0.0
2023-09-01,08D,0,0.0
2024-07-01,08D,0,0.0
2023-11-01,08D,0,0.0
2025-12-01,08D,0,0.0
2024-01-01,08D,0,0.0
2021-06-01,08D,0,0.0
2022-11-01,08D,0,0.0
2025-03-01,08D,0,0.0
2021-10-01,08D,0,0.0
2023-05-01,08D,0,0.0
2025-09-01,08D,0,0.0
2026-06-01,08D,0,0.0
2022-01-01,08D,0,0.0
2022-02-01,08D,0,0.0
2023-02-01,08D,0,0.0
2024-08-01,08D,0,0.0
2024-12-01,08D,0,0.0
2021-09-01,08D,0,0.0
2022-09-01,08D,0,0.0
2025-02-01,08D,0,0.0
2022-12-01,08D,0,0.0
2023-03-01,08D,0,0.0
2024-06-01,08D,0,0.0
2024-04-01,08D,0,0.0
2023-10-01,08D,0,0.0
2026-05-01,08D,0,0.0
2021-08-01,08D,0,0.0
2022-10-01,08D,0,0.0
2022-05-01,08E,0,0.0
2024-08-01,08E,0,0.0
2022-06-01,08E,0,0.0
2025-05-01,08E,0,0.0
2021-07-01,08E,0,0.0
2024-07-01,08E,0,0.0
2024-03-01,08E,0,0.0
2022-03-01,08E,0,0.0
2023-11-01,08E,0,0.0
2021-08-01,08E,0,0.0
2023-06-01,08E,0,0.0
2026-03-01,08E,0,0.0
2024-12-01,08E,0,0.0
2022-09-01,08E,0,0.0
2022-07-01,08E,0,0.0
2025-07-01,08E,0,0.0
2024-01-01,08E,0,0.0
2022-10-01,08E,0,0.0
2024-02-01,08E,0,0.0
2025-10-01,08E,0,0.0
2025-12-01,08E,0,0.0
2024-04-01,08E,0,0.0
2025-03-01,08E,0,0.0
2022-11-01,08E,0,0.0
2022-12-01,08E,0,0.0
2022-04-01,08E,0,0.0
2024-10-01,08E,0,0.0
2025-06-01,08E,0,0.0
2023-09-01,08E,0,0.0
2026-05-01,08E,0,0.0
2026-01-01,08E,0,0.0
2022-08-01,08E,0,0.0
2023-02-01,08E,0,0.0
2023-12-01,08E,0,0.0
2022-01-01,08E,0,0.0
2025-04-01,08E,0,0.0
2023-01-01,08E,0,0.0
2024-11-01,08E,0,0.0
2026-04-01,08E,0,0.0
2023-04-01,08E,0,0.0
2025-08-01,08E,0,0.0
2021-10-01,08E,0,0.0
2024-05-01,08E,0,0.0
2025-11-01,08E,0,0.0
2023-08-01,08E,0,0.0
2023-10-01,08E,0,0.0
2025-01-01,08E,0,0.0
2026-02-01,08E,0,0.0
2021-11-01,08E,0,0.0
2023-05-01,08E,0,0.0
2024-09-01,08E,0,0.0
2021-09-01,08E,0,0.0
2024-06-01,08E,0,0.0
2026-06-01,08E,0,0.0
2021-06-01,08E,0,0.0
2022-02-01,08E,0,0.0
2021-12-01,08E,0,0.0
2023-03-01,08E,0,0.0
2023-07-01,08E,0,0.0
2025-02-01,08E,0,0.0
2025-09-01,08E,0,0.0
2023-05-01,08F,0,0.0
2024-11-01,08F,0,0.0
2022-07-01,08F,0,0.0
2023-11-01,08F,0,0.0
2023-03-01,08F,0,0.0
2025-12-01,08F,0,0.0
2023-08-01,08F,0,0.0
2022-03-01,08F,0,0.0
2023-07-01,08F,0,0.0
2024-06-01,08F,0,0.0
2021-09-01,08F,0,0.0
2023-06-01,08F,0,0.0
2024-03-01,08F,0,0.0
2021-10-01,08F,0,0.0
2026-02-01,08F,0,0.0
2021-06-01,08F,0,0.0
2022-11-01,08F,0,0.0
2023-10-01,08F,0,0.0
2026-03-01,08F,0,0.0
2022-04-01,08F,0,0.0
2026-05-01,08F,0,0.0
2022-10-01,08F,0,0.0
2025-05-01,08F,0,0.0
2025-02-01,08F,0,0.0
2022-01-01,08F,0,0.0
2023-09-01,08F,0,0.0
2024-05-01,08F,0,0.0
2025-10-01,08F,0,0.0
2022-06-01,08F,0,0.0
2021-11-01,08F,0,0.0
2021-07-01,08F,0,0.0
2022-02-01,08F,0,0.0
2026-01-01,08F,0,0.0
2024-08-01,08F,0,0.0
2025-03-01,08F,0,0.0
2026-06-01,08F,0,0.0
2024-09-01,08F,0,0.0
2024-12-01,08F,0,0.0
2024-02-01,08F,0,0.0
2024-07-01,08F,0,0.0
2025-04-01,08F,0,0.0
2025-09-01,08F,0,0.0
2023-02-01,08F,0,0.0
2023-01-01,08F,0,0.0
2025-07-01,08F,0,0.0
2023-12-01,08F,0,0.0
2025-08-01,08F,0,0.0
2024-10-01,08F,0,0.0
2021-08-01,08F,0,0.0
2021-12-01,08F,0,0.0
2022-09-01,08F,0,0.0
2025-06-01,08F,0,0.0
2022-12-01,08F,0,0.0
2022-05-01,08F,0,0.0
2025-01-01,08F,0,0.0
2024-01-01,08F,0,0.0
2024-04-01,08F,0,0.0
2022-08-01,08F,0,0.0
2025-11-01,08F,0,0.0
2026-04-01,08F,0,0.0
2023-04-01,08F,0,0.0
2024-05-01,08G,0,0.0
2024-12-01,08G,0,0.0
2023-11-01,08G,0,0.0
2021-11-01,08G,0,0.0
2022-11-01,08G,0,0.0
2025-08-01,08G,0,0.0
2023-12-01,08G,0,0.0
2022-01-01,08G,0,0.0
2024-01-01,08G,0,0.0
2022-05-01,08G,0,0.0
2024-09-01,08G,0,0.0
2024-08-01,08G,0,0.0
2022-09-01,08G,0,0.0
2025-10-01,08G,0,0.0
2023-07-01,08G,0,0.0
2025-02-01,08G,0,0.0
2023-01-01,08G,0,0.0
2024-04-01,08G,0,0.0
2025-01-01,08G,0,0.0
2026-02-01,08G,0,0.0
2025-03-01,08G,0,0.0
2022-12-01,08G,0,0.0
2022-08-01,08G,0,0.0
2023-04-01,08G,0,0.0
2021-09-01,08G,0,0.0
2024-10-01,08G,0,0.0
2021-10-01,08G,0,0.0
2023-06-01,08G,0,0.0
2025-07-01,08G,0,0.0
2025-12-01,08G,0,0.0
2026-05-01,08G,0,0.0
2024-11-01,08G,0,0.0
2023-05-01,08G,0,0.0
2026-04-01,08G,0,0.0
2026-06-01,08G,0,0.0
2021-07-01,08G,0,0.0
2026-01-01,08G,0,0.0
2026-03-01,08G,0,0.0
2025-11-01,08G,0,0.0
2021-06-01,08G,0,0.0
2023-08-01,08G,0,0.0
2025-04-01,08G,0,0.0
2022-02-01,08G,0,0.0
2022-10-01,08G,0,0.0
2024-02-01,08G,0,0.0
2021-12-01,08G,0,0.0
2023-02-01,08G,0,0.0
2023-03-01,08G,0,0.0
2024-06-01,08G,0,0.0
2021-08-01,08G,0,0.0
2022-04-01,08G,0,0.0
2023-10-01,08G,0,0.0
2023-09-01,08G,0,0.0
2024-03-01,08G,0,0.0
2022-03-01,08G,0,0.0
2025-05-01,08G,0,0.0
2025-09-01,08G,0,0.0
2025-06-01,08G,0,0.0
2022-07-01,08G,0,0.0
2024-07-01,08G,0,0.0
2022-06-01,08G,0,0.0
2022-12-01,08H,0,0.0
2024-09-01,08H,0,0.0
2024-03-01,08H,0,0.0
2023-01-01,08H,0,0.0
2025-01-01,08H,0,0.0
2026-05-01,08H,0,0.0
2026-01-01,08H,0,0.0
2023-03-01,08H,0,0.0
2022-01-01,08H,0,0.0
2024-07-01,08H,0,0.0
2025-06-01,08H,0,0.0
2021-12-01,08H,0,0.0
2022-11-01,08H,0,0.0
2022-02-01,08H,0,0.0
2022-03-01,08H,0,0.0
2026-03-01,08H,0,0.0
2025-08-01,08H,0,0.0
2025-03-01,08H,0,0.0
2022-08-01,08H,0,0.0
2023-10-01,08H,0,0.0
2021-09-01,08H,0,0.0
2023-11-01,08H,0,0.0
2026-06-01,08H,0,0.0
2023-06-01,08H,0,0.0
2025-05-01,08H,0,0.0
2025-12-01,08H,0,0.0
2025-07-01,08H,0,0.0
2025-11-01,08H,0,0.0
2021-10-01,08H,0,0.0
2022-04-01,08H,0,0.0
2022-07-01,08H,0,0.0
2024-05-01,08H,0,0.0
2023-02-01,08H,0,0.0
2023-12-01,08H,0,0.0
2024-02-01,08H,0,0.0
2024-11-01,08H,0,0.0
2025-10-01,08H,0,0.0
2023-05-01,08H,0,0.0
2021-08-01,08H,0,0.0
2021-11-01,08H,0,0.0
2022-06-01,08H,0,0.0
2025-09-01,08H,0,0.0
2023-04-01,08H,0,0.0
2024-06-01,08H,0,0.0
2025-04-01,08H,0,0.0
2021-06-01,08H,0,0.0
2023-08-01,08H,0,0.0
2024-04-01,08H,0,0.0
2022-10-01,08H,0,0.0
2024-12-01,08H,0,0.0
2026-02-01,08H,0,0.0
2022-05-01,08H,0,0.0
2024-01-01,08H,0,0.0
2026-04-01,08H,0,0.0
2022-09-01,08H,0,0.0
2025-02-01,08H,0,0.0
2024-08-01,08H,0,0.0
2021-07-01,08H,0,0.0
2023-07-01,08H,0,0.0
2023-09-01,08H,0,0.0
2024-10-01,08H,0,0.0
2023-07-01,08J,0,0.0
2023-01-01,08J,0,0.0
2024-03-01,08J,0,0.0
2021-12-01,08J,0,0.0
2023-09-01,08J,0,0.0
2021-06-01,08J,0,0.0
2023-03-01,08J,0,0.0
2025-06-01,08J,0,0.0
2021-07-01,08J,0,0.0
2024-07-01,08J,0,0.0
2025-08-01,08J,0,0.0
2021-09-01,08J,0,0.0
2024-08-01,08J,0,0.0
2022-02-01,08J,0,0.0
2024-02-01,08J,0,0.0
2025-05-01,08J,0,0.0
2025-12-01,08J,0,0.0
2023-08-01,08J,0,0.0
2025-03-01,08J,0,0.0
2022-05-01,08J,0,0.0
2025-02-01,08J,0,0.0
2025-09-01,08J,0,0.0
2022-10-01,08J,0,0.0
2024-04-01,08J,0,0.0
2026-01-01,08J,0,0.0
2024-01-01,08J,0,0.0
2022-07-01,08J,0,0.0
2022-11-01,08J,0,0.0
2023-06-01,08J,0,0.0
2024-10-01,08J,0,0.0
2024-12-01,08J,0,0.0
2023-10-01,08J,0,0.0
2022-12-01,08J,0,0.0
2024-09-01,08J,0,0.0
2021-10-01,08J,0,0.0
2023-02-01,08J,0,0.0
2022-04-01,08J,0,0.0
2026-05-01,08J,0,0.0
2021-11-01,08J,0,0.0
2023-05-01,08J,0,0.0
2021-08-01,08J,0,0.0
2023-04-01,08J,0,0.0
2026-03-01,08J,0,0.0
2024-11-01,08J,0,0.0
2022-03-01,08J,0,0.0
2024-06-01,08J,0,0.0
2025-10-01,08J,0,0.0
2022-08-01,08J,0,0.0
2022-09-01,08J,0,0.0
2026-04-01,08J,0,0.0
2025-04-01,08J,0,0.0
2022-01-01,08J,0,0.0
2023-11-01,08J,0,0.0
2025-07-01,08J,0,0.0
2025-01-01,08J,0,0.0
2022-06-01,08J,0,0.0
2024-05-01,08J,0,0.0
2026-02-01,08J,0,0.0
2026-06-01,08J,0,0.0
2023-12-01,08J,0,0.0
2025-11-01,08J,0,0.0
2023-05-01,08K,0,0.0
2024-08-01,08K,0,0.0
2021-12-01,08K,0,0.0
2023-07-01,08K,0,0.0
2024-02-01,08K,0,0.0
2023-10-01,08K,0,0.0
2023-03-01,08K,0,0.0
2025-06-01,08K,0,0.0
2025-09-01,08K,0,0.0
2024-04-01,08K,0,0.0
2023-09-01,08K,0,0.0
2024-07-01,08K,0,0.0
2026-05-01,08K,0,0.0
2022-04-01,08K,0,0.0
2025-08-01,08K,0,0.0
2024-06-01,08K,0,0.0
2021-09-01,08K,0,0.0
2025-01-01,08K,0,0.0
2025-04-01,08K,0,0.0
2025-10-01,08K,0,0.0
2022-08-01,08K,0,0.0
2022-12-01,08K,0,0.0
2025-02-01,08K,0,0.0
2022-06-01,08K,0,0.0
2024-05-01,08K,0,0.0
2022-10-01,08K,0,0.0
2025-03-01,08K,0,0.0
2025-07-01,08K,0,0.0
2021-07-01,08K,0,0.0
2022-09-01,08K,0,0.0
2023-01-01,08K,0,0.0
2023-12-01,08K,0,0.0
2022-07-01,08K,0,0.0
2026-04-01,08K,0,0.0
2023-02-01,08K,0,0.0
2024-03-01,08K,0,0.0
2024-09-01,08K,0,0.0
2026-02-01,08K,0,0.0
2025-05-01,08K,0,0.0
2024-01-01,08K,0,0.0
2021-11-01,08K,0,0.0
2025-12-01,08K,0,0.0
2024-12-01,08K,0,0.0
2026-03-01,08K,0,0.0
2022-03-01,08K,0,0.0
2023-04-01,08K,0,0.0
2023-06-01,08K,0,0.0
2021-10-01,08K,0,0.0
2026-01-01,08K,0,0.0
2025-11-01,08K,0,0.0
2021-08-01,08K,0,0.0
2022-05-01,08K,0,0.0
2023-11-01,08K,0,0.0
2026-06-01,08K,0,0.0
2024-10-01,08K,0,0.0
2021-06-01,08K,0,0.0
2022-01-01,08K,0,0.0
2022-02-01,08K,0,0.0
2022-11-01,08K,0,0.0
2023-08-01,08K,0,0.0
2024-11-01,08K,0,0.0
2022-10-01,08L,0,0.0
2024-11-01,08L,0,0.0
2022-04-01,08L,0,0.0
2022-05-01,08L,0,0.0
2025-09-01,08L,0,0.0
2024-02-01,08L,0,0.0
2026-03-01,08L,0,0.0
2024-06-01,08L,0,0.0
2024-07-01,08L,0,0.0
2021-12-01,08L,0,0.0
2023-05-01,08L,0,0.0
2025-12-01,08L,0,0.0
2022-08-01,08L,0,0.0
2023-07-01,08L,0,0.0
2021-06-01,08L,0,0.0
2022-06-01,08L,0,0.0
2024-12-01,08L,0,0.0
2024-03-01,08L,0,0.0
2024-05-01,08L,0,0.0
2025-06-01,08L,0,0.0
2023-10-01,08L,0,0.0
2023-02-01,08L,0,0.0
2026-02-01,08L,0,0.0
2024-09-01,08L,0,0.0
2025-01-01,08L,0,0.0
2025-02-01,08L,0,0.0
2022-02-01,08L,0,0.0
2023-11-01,08L,0,0.0
2023-06-01,08L,0,0.0
2024-08-01,08L,0,0.0
2023-03-01,08L,0,0.0
2025-11-01,08L,0,0.0
2024-10-01,08L,0,0.0
2024-01-01,08L,0,0.0
2026-04-01,08L,0,0.0
2022-12-01,08L,0,0.0
2022-03-01,08L,0,0.0
2025-07-01,08L,0,0.0
2021-08-01,08L,0,0.0
2023-08-01,08L,0,0.0
2023-12-01,08L,0,0.0
2022-01-01,08L,0,0.0
2025-05-01,08L,0,0.0
2025-08-01,08L,0,0.0
2022-09-01,08L,0,0.0
2021-07-01,08L,0,0.0
2023-09-01,08L,0,0.0
2026-06-01,08L,0,0.0
2024-04-01,08L,0,0.0
2021-09-01,08L,0,0.0
2025-03-01,08L,0,0.0
2023-04-01,08L,0,0.0
2021-11-01,08L,0,0.0
2022-07-01,08L,0,0.0
2021-10-01,08L,0,0.0
2025-10-01,08L,0,0.0
2026-01-01,08L,0,0.0
2026-05-01,08L,0,0.0
2022-11-01,08L,0,0.0
2025-04-01,08L,0,0.0
2023-01-01,08L,0,0.0
2021-08-01,08M,0,0.0
2022-12-01,08M,0,0.0
2026-01-01,08M,0,0.0
2023-12-01,08M,0,0.0
2022-06-01,08M,0,0.0
2022-08-01,08M,0,0.0
2026-02-01,08M,0,0.0
2025-05-01,08M,0,0.0
2025-10-01,08M,0,0.0
2024-02-01,08M,0,0.0
2024-04-01,08M,0,0.0
2024-06-01,08M,0,0.0
2021-12-01,08M,0,0.0
2025-07-01,08M,0,0.0
2025-03-01,08M,0,0.0
2025-08-01,08M,0,0.0
2026-05-01,08M,0,0.0
2023-08-01,08M,0,0.0
2025-12-01,08M,0,0.0
2022-10-01,08M,0,0.0
2021-10-01,08M,0,0.0
2021-06-01,08M,0,0.0
2022-01-01,08M,0,0.0
2024-03-01,08M,0,0.0
2026-06-01,08M,0,0.0
2025-06-01,08M,0,0.0
2022-07-01,08M,0,0.0
2021-11-01,08M,0,0.0
2022-04-01,08M,0,0.0
2024-07-01,08M,0,0.0
2021-09-01,08M,0,0.0
2023-07-01,08M,0,0.0
2024-05-01,08M,0,0.0
2025-01-01,08M,0,0.0
2021-07-01,08M,0,0.0
2022-02-01,08M,0,0.0
2023-11-01,08M,0,0.0
2024-08-01,08M,0,0.0
2026-03-01,08M,0,0.0
2023-01-01,08M,0,0.0
2024-01-01,08M,0,0.0
2025-04-01,08M,0,0.0
2023-03-01,08M,0,0.0
2025-09-01,08M,0,0.0
2025-11-01,08M,0,0.0
2023-06-01,08M,0,0.0
2022-03-01,08M,0,0.0
2023-04-01,08M,0,0.0
2022-05-01,08M,0,0.0
2022-11-01,08M,0,0.0
2023-10-01,08M,0,0.0
2024-12-01,08M,0,0.0
2024-09-01,08M,0,0.0
2024-11-01,08M,0,0.0
2024-10-01,08M,0,0.0
2025-02-01,08M,0,0.0
2022-09-01,08M,0,0.0
2026-04-01,08M,0,0.0
2023-09-01,08M,0,0.0
2023-05-01,08M,0,0.0
2023-02-01,08M,0,0.0
2024-03-01,08N,0,0.0
2024-12-01,08N,0,0.0
2025-07-01,08N,0,0.0
2023-04-01,08N,0,0.0
2025-09-01,08N,0,0.0
2026-04-01,08N,0,0.0
2022-03-01,08N,0,0.0
2024-02-01,08N,0,0.0
2021-11-01,08N,0,0.0
2024-08-01,08N,0,0.0
2021-12-01,08N,0,0.0
2025-06-01,08N,0,0.0
2025-11-01,08N,0,0.0
2022-06-01,08N,0,0.0
2022-10-01,08N,0,0.0
2025-04-01,08N,0,0.0
2021-06-01,08N,0,0.0
2022-07-01,08N,0,0.0
2023-11-01,08N,0,0.0
2024-09-01,08N,0,0.0
2025-05-01,08N,0,0.0
2022-04-01,08N,0,0.0
2021-09-01,08N,0,0.0
2025-10-01,08N,0,0.0
2023-09-01,08N,0,0.0
2026-01-01,08N,0,0.0
2023-02-01,08N,0,0.0
2023-05-01,08N,0,0.0
2023-07-01,08N,0,0.0
2024-05-01,08N,0,0.0
2024-07-01,08N,0,0.0
2022-08-01,08N,0,0.0
2024-11-01,08N,0,0.0
2025-01-01,08N,0,0.0
2021-08-01,08N,0,0.0
2026-02-01,08N,0,0.0
2023-01-01,08N,0,0.0
2026-03-01,08N,0,0.0
2025-03-01,08N,0,0.0
2023-03-01,08N,0,0.0
2026-05-01,08N,0,0.0
2022-05-01,08N,0,0.0
2024-01-01,08N,0,0.0
2025-12-01,08N,0,0.0
2024-10-01,08N,0,0.0
2021-07-01,08N,0,0.0
2024-04-01,08N,0,0.0
2022-12-01,08N,0,0.0
2024-06-01,08N,0,0.0
2025-08-01,08N,0,0.0
2023-06-01,08N,0,0.0
2023-12-01,08N,0,0.0
2023-10-01,08N,0,0.0
2025-02-01,08N,0,0.0
2022-01-01,08N,0,0.0
2022-09-01,08N,0,0.0
2023-08-01,08N,0,0.0
2021-10-01,08N,0,0.0
2022-02-01,08N,0,0.0
2022-11-01,08N,0,0.0
2026-06-01,08N,0,0.0
2024-11-01,08Q,0,0.0
2025-02-01,08Q,0,0.0
2025-10-01,08Q,0,0.0
2025-11-01,08Q,0,0.0
2024-10-01,08Q,0,0.0
2025-01-01,08Q,0,0.0
2024-01-01,08Q,0,0.0
2023-10-01,08Q,0,0.0
2022-12-01,08Q,0,0.0
2023-08-01,08Q,0,0.0
2024-08-01,08Q,0,0.0
2026-04-01,08Q,0,0.0
2022-03-01,08Q,0,0.0
2026-01-01,08Q,0,0.0
2022-04-01,08Q,0,0.0
2021-08-01,08Q,0,0.0
2021-11-01,08Q,0,0.0
2023-02-01,08Q,0,0.0
2023-06-01,08Q,0,0.0
2026-06-01,08Q,0,0.0
2025-03-01,08Q,0,0.0
2025-08-01,08Q,0,0.0
2026-03-01,08Q,0,0.0
2026-02-01,08Q,0,0.0
2024-05-01,08Q,0,0.0
2022-08-01,08Q,0,0.0
2025-12-01,08Q,0,0.0
2022-11-01,08Q,0,0.0
2021-10-01,08Q,0,0.0
2024-12-01,08Q,0,0.0
2022-07-01,08Q,0,0.0
2021-09-01,08Q,0,0.0
2022-05-01,08Q,0,0.0
2022-06-01,08Q,0,0.0
2022-09-01,08Q,0,0.0
2024-06-01,08Q,0,0.0
2021-07-01,08Q,0,0.0
2024-03-01,08Q,0,0.0
2024-07-01,08Q,0,0.0
2023-07-01,08Q,0,0.0
2022-10-01,08Q,0,0.0
2023-03-01,08Q,0,0.0
2022-01-01,08Q,0,0.0
2023-04-01,08Q,0,0.0
2024-04-01,08Q,0,0.0
2025-04-01,08Q,0,0.0
2026-05-01,08Q,0,0.0
2024-02-01,08Q,0,0.0
2023-01-01,08Q,0,0.0
2023-05-01,08Q,0,0.0
2025-09-01,08Q,0,0.0
2023-09-01,08Q,0,0.0
2025-06-01,08Q,0,0.0
2025-07-01,08Q,0,0.0
2024-09-01,08Q,0,0.0
2022-02-01,08Q,0,0.0
2025-05-01,08Q,0,0.0
2023-11-01,08Q,0,0.0
2023-12-01,08Q,0,0.0
2021-06-01,08Q,0,0.0
2021-12-01,08Q,0,0.0
2022-04-01,08R,0,0.0
2024-10-01,08R,0,0.0
2022-10-01,08R,0,0.0
2026-06-01,08R,0,0.0
2021-11-01,08R,0,0.0
2022-09-01,08R,0,0.0
2023-09-01,08R,0,0.0
2025-07-01,08R,0,0.0
2025-10-01,08R,0,0.0
2026-03-01,08R,0,0.0
2024-07-01,08R,0,0.0
2024-12-01,08R,0,0.0
2021-12-01,08R,0,0.0
2025-04-01,08R,0,0.0
2025-06-01,08R,0,0.0
2022-11-01,08R,0,0.0
2025-02-01,08R,0,0.0
2024-05-01,08R,0,0.0
2025-09-01,08R,0,0.0
2023-08-01,08R,0,0.0
2021-06-01,08R,0,0.0
2025-05-01,08R,0,0.0
2022-08-01,08R,0,0.0
2026-05-01,08R,0,0.0
2022-01-01,08R,0,0.0
2021-07-01,08R,0,0.0
2021-10-01,08R,0,0.0
2022-05-01,08R,0,0.0
2023-11-01,08R,0,0.0
2022-03-01,08R,0,0.0
2024-11-01,08R,0,0.0
2024-03-01,08R,0,0.0
2024-06-01,08R,0,0.0
2025-01-01,08R,0,0.0
2023-10-01,08R,0,0.0
2023-12-01,08R,0,0.0
2022-02-01,08R,0,0.0
2023-01-01,08R,0,0.0
2024-02-01,08R,0,0.0
2023-03-01,08R,0,0.0
2023-05-01,08R,0,0.0
2025-08-01,08R,0,0.0
2025-11-01,08R,0,0.0
2026-01-01,08R,0,0.0
2026-02-01,08R,0,0.0
2022-07-01,08R,0,0.0
2023-06-01,08R,0,0.0
2021-08-01,08R,0,0.0
2022-12-01,08R,0,0.0
2023-07-01,08R,0,0.0
2024-08-01,08R,0,0.0
2025-12-01,08R,0,0.0
2022-06-01,08R,0,0.0
2024-09-01,08R,0,0.0
2025-03-01,08R,0,0.0
2021-09-01,08R,0,0.0
2023-02-01,08R,0,0.0
2026-04-01,08R,0,0.0
2024-01-01,08R,0,0.0
2024-04-01,08R,0,0.0
2023-04-01,08R,0,0.0
2024-02-01,08T,0,0.0
2022-02-01,08T,0,0.0
2025-06-01,08T,0,0.0
2025-12-01,08T,0,0.0
2025-10-01,08T,0,0.0
2026-06-01,08T,0,0.0
2022-05-01,08T,0,0.0
2022-09-01,08T,0,0.0
2026-01-01,08T,0,0.0
2023-11-01,08T,0,0.0
2021-07-01,08T,0,0.0
2022-10-01,08T,0,0.0
2023-09-01,08T,0,0.0
2025-07-01,08T,0,0.0
2023-03-01,08T,0,0.0
2024-01-01,08T,0,0.0
2025-05-01,08T,0,0.0
2021-08-01,08T,0,0.0
2021-11-01,08T,0,0.0
2024-05-01,08T,0,0.0
2026-03-01,08T,0,0.0
2025-09-01,08T,0,0.0
2023-02-01,08T,0,0.0
2023-05-01,08T,0,0.0
2025-03-01,08T,0,0.0
2021-10-01,08T,0,0.0
2022-06-01,08T,0,0.0
2022-07-01,08T,0,0.0
2025-02-01,08T,0,0.0
2023-10-01,08T,0,0.0
2023-12-01,08T,0,0.0
2022-03-01,08T,0,0.0
2024-04-01,08T,0,0.0
2024-09-01,08T,0,0.0
2026-02-01,08T,0,0.0
2024-06-01,08T,0,0.0
2025-11-01,08T,0,0.0
2023-06-01,08T,0,0.0
2021-12-01,08T,0,0.0
2023-01-01,08T,0,0.0
2024-03-01,08T,0,0.0
2026-04-01,08T,0,0.0
2024-08-01,08T,0,0.0
2026-05-01,08T,0,0.0
2021-06-01,08T,0,0.0
2023-04-01,08T,0,0.0
2023-07-01,08T,0,0.0
2024-11-01,08T,0,0.0
2022-01-01,08T,0,0.0
2022-08-01,08T,0,0.0
2024-12-01,08T,0,0.0
2025-04-01,08T,0,0.0
2021-09-01,08T,0,0.0
2024-10-01,08T,0,0.0
2025-08-01,08T,0,0.0
2022-11-01,08T,0,0.0
2024-07-01,08T,0,0.0
2025-01-01,08T,0,0.0
2022-12-01,08T,0,0.0
2022-04-01,08T,0,0.0
2023-08-01,08T,0,0.0
2023-10-01,08V,0,0.0
2023-05-01,08V,0,0.0
2021-07-01,08V,0,0.0
2024-04-01,08V,0,0.0
2021-09-01,08V,0,0.0
2026-02-01,08V,0,0.0
2026-06-01,08V,0,0.0
2024-05-01,08V,0,0.0
2024-12-01,08V,0,0.0
2022-08-01,08V,0,0.0
2023-03-01,08V,0,0.0
2025-08-01,08V,0,0.0
2023-11-01,08V,0,0.0
2025-10-01,08V,0,0.0
2023-04-01,08V,0,0.0
2023-12-01,08V,0,0.0
2025-11-01,08V,0,0.0
2025-01-01,08V,0,0.0
2026-05-01,08V,0,0.0
2023-06-01,08V,0,0.0
2023-07-01,08V,0,0.0
2026-04-01,08V,0,0.0
2025-07-01,08V,0,0.0
2021-08-01,08V,0,0.0
2024-06-01,08V,0,0.0
2026-03-01,08V,0,0.0
2022-01-01,08V,0,0.0
2024-09-01,08V,0,0.0
2024-10-01,08V,0,0.0
2022-04-01,08V,0,0.0
2022-12-01,08V,0,0.0
2023-02-01,08V,0,0.0
2024-01-01,08V,0,0.0
2021-10-01,08V,0,0.0
2022-09-01,08V,0,0.0
2022-11-01,08V,0,0.0
2022-03-01,08V,0,0.0
2025-03-01,08V,0,0.0
2024-07-01,08V,0,0.0
2022-10-01,08V,0,0.0
2024-03-01,08V,0,0.0
2022-02-01,08V,0,0.0
2023-09-01,08V,0,0.0
2021-11-01,08V,0,0.0
2022-06-01,08V,0,0.0
2025-12-01,08V,0,0.0
2024-08-01,08V,0,0.0
2025-02-01,08V,0,0.0
2023-01-01,08V,0,0.0
2024-11-01,08V,0,0.0
2024-02-01,08V,0,0.0
2025-09-01,08V,0,0.0
2025-06-01,08V,0,0.0
2026-01-01,08V,0,0.0
2022-05-01,08V,0,0.0
2023-08-01,08V,0,0.0
2021-12-01,08V,0,0.0
2022-07-01,08V,0,0.0
2025-04-01,08V,0,0.0
2025-05-01,08V,0,0.0
2021-06-01,08V,0,0.0
2025-01-01,08W,0,0.0
2021-12-01,08W,0,0.0
2023-12-01,08W,0,0.0
2024-11-01,08W,0,0.0
2025-10-01,08W,0,0.0
2026-01-01,08W,0,0.0
2023-05-01,08W,0,0.0
2023-10-01,08W,0,0.0
2024-02-01,08W,0,0.0
2021-11-01,08W,0,0.0
2023-06-01,08W,0,0.0
2024-07-01,08W,0,0.0
2022-05-01,08W,0,0.0
2024-04-01,08W,0,0.0
2024-05-01,08W,0,0.0
2024-06-01,08W,0,0.0
2022-03-01,08W,0,0.0
2025-03-01,08W,0,0.0
2023-01-01,08W,0,0.0
2023-08-01,08W,0,0.0
2024-01-01,08W,0,0.0
2023-02-01,08W,0,0.0
2025-07-01,08W,0,0.0
2026-06-01,08W,0,0.0
2023-03-01,08W,0,0.0
2025-02-01,08W,0,0.0
2025-08-01,08W,0,0.0
2024-10-01,08W,0,0.0
2021-10-01,08W,0,0.0
2024-08-01,08W,0,0.0
2025-12-01,08W,0,0.0
2022-04-01,08W,0,0.0
2026-05-01,08W,0,0.0
2025-05-01,08W,0,0.0
2022-10-01,08W,0,0.0
2025-06-01,08W,0,0.0
2025-09-01,08W,0,0.0
2025-04-01,08W,0,0.0
2026-02-01,08W,0,0.0
2026-03-01,08W,0,0.0
2024-03-01,08W,0,0.0
2021-06-01,08W,0,0.0
2021-07-01,08W,0,0.0
2022-06-01,08W,0,0.0
2022-01-01,08W,0,0.0
2022-12-01,08W,0,0.0
2024-09-01,08W,0,0.0
2022-08-01,08W,0,0.0
2022-02-01,08W,0,0.0
2022-07-01,08W,0,0.0
2021-08-01,08W,0,0.0
2023-11-01,08W,0,0.0
2024-12-01,08W,0,0.0
2026-04-01,08W,0,0.0
2022-11-01,08W,0,0.0
2023-09-01,08W,0,0.0
2022-09-01,08W,0,0.0
2025-11-01,08W,0,0.0
2023-04-01,08W,0,0.0
2021-09-01,08W,0,0.0
2023-07-01,08W,0,0.0
2024-03-01,08X,0,0.0
2023-10-01,08X,0,0.0
2026-03-01,08X,0,0.0
2024-07-01,08X,0,0.0
2025-08-01,08X,0,0.0
2026-01-01,08X,0,0.0
2021-11-01,08X,0,0.0
2022-03-01,08X,0,0.0
2021-07-01,08X,0,0.0
2026-05-01,08X,0,0.0
2021-09-01,08X,0,0.0
2023-05-01,08X,0,0.0
2023-09-01,08X,0,0.0
2022-08-01,08X,0,0.0
2026-06-01,08X,0,0.0
2025-09-01,08X,0,0.0
2023-02-01,08X,0,0.0
2023-04-01,08X,0,0.0
2026-04-01,08X,0,0.0
2025-03-01,08X,0,0.0
2025-05-01,08X,0,0.0
2021-12-01,08X,0,0.0
2023-12-01,08X,0,0.0
2025-06-01,08X,0,0.0
2025-07-01,08X,0,0.0
2022-11-01,08X,0,0.0
2023-07-01,08X,0,0.0
2023-03-01,08X,0,0.0
2024-10-01,08X,0,0.0
2024-09-01,08X,0,0.0
2022-02-01,08X,0,0.0
2022-04-01,08X,0,0.0
2022-10-01,08X,0,0.0
2023-06-01,08X,0,0.0
2025-04-01,08X,0,0.0
2022-07-01,08X,0,0.0
2024-11-01,08X,0,0.0
2022-06-01,08X,0,0.0
2023-11-01,08X,0,0.0
2024-05-01,08X,0,0.0
2025-12-01,08X,0,0.0
2021-06-01,08X,0,0.0
2026-02-01,08X,0,0.0
2024-04-01,08X,0,0.0
2024-06-01,08X,0,0.0
2024-08-01,08X,0,0.0
2025-01-01,08X,0,0.0
2023-08-01,08X,0,0.0
2024-12-01,08X,0,0.0
2022-12-01,08X,0,0.0
2021-08-01,08X,0,0.0
2025-11-01,08X,0,0.0
2022-05-01,08X,0,0.0
2024-01-01,08X,0,0.0
2024-02-01,08X,0,0.0
2025-02-01,08X,0,0.0
2025-10-01,08X,0,0.0
2021-10-01,08X,0,0.0
2022-01-01,08X,0,0.0
2023-01-01,08X,0,0.0
2022-09-01,08X,0,0.0
2022-01-01,08Y,0,0.0
2024-01-01,08Y,0,0.0
2025-10-01,08Y,0,0.0
2023-03-01,08Y,0,0.0
2023-08-01,08Y,0,0.0
2024-07-01,08Y,0,0.0
2024-11-01,08Y,0,0.0
2023-02-01,08Y,0,0.0
2026-02-01,08Y,0,0.0
2026-05-01,08Y,0,0.0
2022-03-01,08Y,0,0.0
2021-06-01,08Y,0,0.0
2022-08-01,08Y,0,0.0
2024-08-01,08Y,0,0.0
2022-05-01,08Y,0,0.0
2023-10-01,08Y,0,0.0
2025-01-01,08Y,0,0.0
2022-02-01,08Y,0,0.0
2021-08-01,08Y,0,0.0
2022-07-01,08Y,0,0.0
2025-05-01,08Y,0,0.0
2023-05-01,08Y,0,0.0
2025-11-01,08Y,0,0.0
2023-01-01,08Y,0,0.0
2021-10-01,08Y,0,0.0
2026-01-01,08Y,0,0.0
2023-04-01,08Y,0,0.0
2025-02-01,08Y,0,0.0
2021-07-01,08Y,0,0.0
2021-11-01,08Y,0,0.0
2021-09-01,08Y,0,0.0
2025-09-01,08Y,0,0.0
2023-12-01,08Y,0,0.0
2024-03-01,08Y,0,0.0
2025-04-01,08Y,0,0.0
2022-12-01,08Y,0,0.0
2023-09-01,08Y,0,0.0
2024-04-01,08Y,0,0.0
2025-12-01,08Y,0,0.0
2026-04-01,08Y,0,0.0
2021-12-01,08Y,0,0.0
2022-10-01,08Y,0,0.0
2023-11-01,08Y,0,0.0
2024-02-01,08Y,0,0.0
2024-10-01,08Y,0,0.0
2025-03-01,08Y,0,0.0
2026-03-01,08Y,0,0.0
2024-05-01,08Y,0,0.0
2025-06-01,08Y,0,0.0
2022-04-01,08Y,0,0.0
2024-12-01,08Y,0,0.0
2025-07-01,08Y,0,0.0
2023-06-01,08Y,0,0.0
2023-07-01,08Y,0,0.0
2024-06-01,08Y,0,0.0
2025-08-01,08Y,0,0.0
2026-06-01,08Y,0,0.0
2022-06-01,08Y,0,0.0
2022-11-01,08Y,0,0.0
2022-09-01,08Y,0,0.0
2024-09-01,08Y,0,0.0
2023-03-01,09A,0,0.0
2023-04-01,09A,0,0.0
2022-09-01,09A,0,0.0
2023-11-01,09A,0,0.0
2022-12-01,09A,0,0.0
2022-05-01,09A,0,0.0
2022-06-01,09A,0,0.0
2021-09-01,09A,0,0.0
2021-12-01,09A,0,0.0
2021-07-01,09A,0,0.0
2024-05-01,09A,0,0.0
2024-07-01,09A,0,0.0
2024-10-01,09A,0,0.0
2025-03-01,09A,0,0.0
2025-12-01,09A,0,0.0
2022-07-01,09A,0,0.0
2022-10-01,09A,0,0.0
2024-06-01,09A,0,0.0
2023-12-01,09A,0,0.0
2021-10-01,09A,0,0.0
2023-09-01,09A,0,0.0
2021-11-01,09A,0,0.0
2022-03-01,09A,0,0.0
2023-05-01,09A,0,0.0
2026-06-01,09A,0,0.0
2025-02-01,09A,0,0.0
2023-06-01,09A,0,0.0
2025-01-01,09A,0,0.0
2023-08-01,09A,0,0.0
2025-10-01,09A,0,0.0
2025-06-01,09A,0,0.0
2026-04-01,09A,0,0.0
2022-11-01,09A,0,0.0
2021-06-01,09A,0,0.0
2024-04-01,09A,0,0.0
2026-05-01,09A,0,0.0
2021-08-01,09A,0,0.0
2022-04-01,09A,0,0.0
2024-03-01,09A,0,0.0
2024-02-01,09A,0,0.0
2025-09-01,09A,0,0.0
2022-02-01,09A,0,0.0
2024-09-01,09A,0,0.0
2026-03-01,09A,0,0.0
2024-12-01,09A,0,0.0
2022-01-01,09A,0,0.0
2023-10-01,09A,0,0.0
2025-05-01,09A,0,0.0
2025-08-01,09A,0,0.0
2023-01-01,09A,0,0.0
2023-07-01,09A,0,0.0
2024-08-01,09A,0,0.0
2025-07-01,09A,0,0.0
2025-04-01,09A,0,0.0
2023-02-01,09A,0,0.0
2024-11-01,09A,0,0.0
2025-11-01,09A,0,0.0
2026-02-01,09A,0,0.0
2022-08-01,09A,0,0.0
2024-01-01,09A,0,0.0
2026-01-01,09A,0,0.0
2022-10-01,09C,0,0.0
2025-01-01,09C,0,0.0
2021-10-01,09C,0,0.0
2021-11-01,09C,0,0.0
2025-08-01,09C,0,0.0
2024-07-01,09C,0,0.0
2022-06-01,09C,0,0.0
2023-07-01,09C,0,0.0
2024-11-01,09C,0,0.0
2023-09-01,09C,0,0.0
2024-03-01,09C,0,0.0
2021-08-01,09C,0,0.0
2022-08-01,09C,0,0.0
2023-10-01,09C,0,0.0
2026-01-01,09C,0,0.0
2025-07-01,09C,0,0.0
2025-10-01,09C,0,0.0
2023-04-01,09C,0,0.0
2025-02-01,09C,0,0.0
2025-11-01,09C,0,0.0
2022-12-01,09C,0,0.0
2025-03-01,09C,0,0.0
2021-12-01,09C,0,0.0
2023-12-01,09C,0,0.0
2025-04-01,09C,0,0.0
2025-09-01,09C,0,0.0
2026-03-01,09C,0,0.0
2024-10-01,09C,0,0.0
2025-12-01,09C,0,0.0
2023-05-01,09C,0,0.0
2022-01-01,09C,0,0.0
2022-04-01,09C,0,0.0
2023-11-01,09C,0,0.0
2026-02-01,09C,0,0.0
2021-06-01,09C,0,0.0
2021-09-01,09C,0,0.0
2023-03-01,09C,0,0.0
2024-12-01,09C,0,0.0
2022-02-01,09C,0,0.0
2022-07-01,09C,0,0.0
2025-05-01,09C,0,0.0
2026-04-01,09C,0,0.0
2023-02-01,09C,0,0.0
2024-06-01,09C,0,0.0
2023-01-01,09C,0,0.0
2024-02-01,09C,0,0.0
2024-04-01,09C,0,0.0
2022-11-01,09C,0,0.0
2023-08-01,09C,0,0.0
2026-05-01,09C,0,0.0
2022-05-01,09C,0,0.0
2024-05-01,09C,0,0.0
2024-01-01,09C,0,0.0
2024-08-01,09C,0,0.0
2022-09-01,09C,0,0.0
2025-06-01,09C,0,0.0
2023-06-01,09C,0,0.0
2024-09-01,09C,0,0.0
2021-07-01,09C,0,0.0
2026-06-01,09C,0,0.0
2022-03-01,09C,0,0.0
2024-09-01,09D,0,332.2840000000001
2024-05-01,09D,0,333.465
2023-04-01,09D,0,331.192
2025-01-01,09D,0,333.8620000000001
2022-06-01,09D,0,329.76000000000005
2021-10-01,09D,0,326.918
2025-06-01,09D,0,332.4340000000001
2021-11-01,09D,0,328.0139999999999
2024-06-01,09D,0,333.47599999999994
2025-07-01,09D,0,332.02899999999994
2026-06-01,09D,0,323.82099999999997
2026-01-01,09D,0,329.652
2024-08-01,09D,0,332.5089999999999
2024-11-01,09D,0,334.06700000000006
2026-04-01,09D,0,326.3219999999999
2024-10-01,09D,0,333.6190000000001
2022-10-01,09D,0,330.3829999999999
2024-01-01,09D,0,332.99800000000005
2026-05-01,09D,0,324.95900000000006
2026-02-01,09D,0,328.3339999999999
2025-05-01,09D,0,332.8600000000001
2026-03-01,09D,0,326.92799999999994
2025-09-01,09D,0,330.738
2022-09-01,09D,0,328.665
2025-08-01,09D,0,331.376
2025-10-01,09D,0,331.155
2025-01-01,09E,0,0.0
2025-11-01,09E,0,0.0
2023-06-01,09E,0,0.0
2023-11-01,09E,0,0.0
2026-05-01,09E,0,0.0
2023-04-01,09E,0,0.0
2024-11-01,09E,0,0.0
2022-07-01,09E,0,0.0
2023-10-01,09E,0,0.0
2024-04-01,09E,0,0.0
2026-06-01,09E,0,0.0
2022-08-01,09E,0,0.0
2022-11-01,09E,0,0.0
2026-01-01,09E,0,0.0
2023-09-01,09E,0,0.0
2025-09-01,09E,0,0.0
2026-03-01,09E,0,0.0
2023-01-01,09E,0,0.0
2024-02-01,09E,0,0.0
2022-01-01,09E,0,0.0
2025-10-01,09E,0,0.0
2023-12-01,09E,0,0.0
2024-12-01,09E,0,0.0
2025-02-01,09E,0,0.0
2021-11-01,09E,0,0.0
2022-09-01,09E,0,0.0
2021-06-01,09E,0,0.0
2025-06-01,09E,0,0.0
2024-01-01,09E,0,0.0
2026-02-01,09E,0,0.0
2026-04-01,09E,0,0.0
2021-12-01,09E,0,0.0
2023-03-01,09E,0,0.0
2022-04-01,09E,0,0.0
2024-05-01,09E,0,0.0
2025-12-01,09E,0,0.0
2023-05-01,09E,0,0.0
2023-08-01,09E,0,0.0
2025-08-01,09E,0,0.0
2021-09-01,09E,0,0.0
2022-10-01,09E,0,0.0
2025-03-01,09E,0,0.0
2025-05-01,09E,0,0.0
2024-07-01,09E,0,0.0
2024-09-01,09E,0,0.0
2024-10-01,09E,0,0.0
2022-02-01,09E,0,0.0
2025-04-01,09E,0,0.0
2021-08-01,09E,0,0.0
2022-06-01,09E,0,0.0
2022-12-01,09E,0,0.0
2023-02-01,09E,0,0.0
2021-07-01,09E,0,0.0
2021-10-01,09E,0,0.0
2022-03-01,09E,0,0.0
2024-03-01,09E,0,0.0
2022-05-01,09E,0,0.0
2024-08-01,09E,0,0.0
2023-07-01,09E,0,0.0
2024-06-01,09E,0,0.0
2025-07-01,09E,0,0.0
2024-07-01,09F,0,0.0
2022-02-01,09F,0,0.0
2026-05-01,09F,0,0.0
2024-09-01,09F,0,0.0
2025-09-01,09F,0,0.0
2021-08-01,09F,0,0.0
2023-02-01,09F,0,0.0
2025-10-01,09F,0,0.0
2023-04-01,09F,0,0.0
2025-04-01,09F,0,0.0
2021-09-01,09F,0,0.0
2022-12-01,09F,0,0.0
2026-06-01,09F,0,0.0
2024-03-01,09F,0,0.0
2025-03-01,09F,0,0.0
2026-03-01,09F,0,0.0
2022-08-01,09F,0,0.0
2023-01-01,09F,0,0.0
2023-08-01,09F,0,0.0
2025-07-01,09F,0,0.0
2026-02-01,09F,0,0.0
2022-07-01,09F,0,0.0
2022-06-01,09F,0,0.0
2024-12-01,09F,0,0.0
2024-04-01,09F,0,0.0
2022-05-01,09F,0,0.0
2022-10-01,09F,0,0.0
2023-05-01,09F,0,0.0
2023-06-01,09F,0,0.0
2024-10-01,09F,0,0.0
2024-02-01,09F,0,0.0
2021-11-01,09F,0,0.0
2024-06-01,09F,0,0.0
2024-08-01,09F,0,0.0
2022-01-01,09F,0,0.0
2025-05-01,09F,0,0.0
2022-04-01,09F,0,0.0
2022-11-01,09F,0,0.0
2022-09-01,09F,0,0.0
2023-09-01,09F,0,0.0
2023-12-01,09F,0,0.0
2025-11-01,09F,0,0.0
2024-01-01,09F,0,0.0
2023-10-01,09F,0,0.0
2022-03-01,09F,0,0.0
2025-08-01,09F,0,0.0
2021-12-01,09F,0,0.0
2024-11-01,09F,0,0.0
2025-02-01,09F,0,0.0
2025-06-01,09F,0,0.0
2021-10-01,09F,0,0.0
2023-07-01,09F,0,0.0
2021-06-01,09F,0,0.0
2021-07-01,09F,0,0.0
2025-12-01,09F,0,0.0
2026-01-01,09F,0,0.0
2023-03-01,09F,0,0.0
2024-05-01,09F,0,0.0
2025-01-01,09F,0,0.0
2023-11-01,09F,0,0.0
2026-04-01,09F,0,0.0
2021-12-01,09G,0,0.0
2022-03-01,09G,0,0.0
2022-06-01,09G,0,0.0
2023-12-01,09G,0,0.0
2022-11-01,09G,0,0.0
2023-03-01,09G,0,0.0
2023-10-01,09G,0,0.0
2025-12-01,09G,0,0.0
2021-10-01,09G,0,0.0
2021-11-01,09G,0,0.0
2022-02-01,09G,0,0.0
2025-01-01,09G,0,0.0
2021-07-01,09G,0,0.0
2022-10-01,09G,0,0.0
2023-04-01,09G,0,0.0
2024-07-01,09G,0,0.0
2025-07-01,09G,0,0.0
2024-08-01,09G,0,0.0
2026-06-01,09G,0,0.0
2023-08-01,09G,0,0.0
2025-08-01,09G,0,0.0
2026-02-01,09G,0,0.0
2024-02-01,09G,0,0.0
2025-02-01,09G,0,0.0
2021-06-01,09G,0,0.0
2025-05-01,09G,0,0.0
2025-03-01,09G,0,0.0
2021-09-01,09G,0,0.0
2024-09-01,09G,0,0.0
2025-09-01,09G,0,0.0
2025-11-01,09G,0,0.0
2024-04-01,09G,0,0.0
2023-02-01,09G,0,0.0
2023-09-01,09G,0,0.0
2023-07-01,09G,0,0.0
2026-01-01,09G,0,0.0
2024-03-01,09G,0,0.0
2025-06-01,09G,0,0.0
2022-01-01,09G,0,0.0
2025-10-01,09G,0,0.0
2023-11-01,09G,0,0.0
2024-01-01,09G,0,0.0
2023-01-01,09G,0,0.0
2025-04-01,09G,0,0.0
2023-06-01,09G,0,0.0
2026-03-01,09G,0,0.0
2024-12-01,09G,0,0.0
2022-07-01,09G,0,0.0
2023-05-01,09G,0,0.0
2024-10-01,09G,0,0.0
2024-05-01,09G,0,0.0
2021-08-01,09G,0,0.0
2022-05-01,09G,0,0.0
2022-04-01,09G,0,0.0
2022-08-01,09G,0,0.0
2022-09-01,09G,0,0.0
2024-11-01,09G,0,0.0
2022-12-01,09G,0,0.0
2026-04-01,09G,0,0.0
2024-06-01,09G,0,0.0
2026-05-01,09G,0,0.0
2024-08-01,09J,0,0.0
2022-01-01,09J,0,0.0
2023-09-01,09J,0,0.0
2024-07-01,09J,0,0.0
2021-06-01,09J,0,0.0
2022-05-01,09J,0,0.0
2022-06-01,09J,0,0.0
2026-03-01,09J,0,0.0
2021-12-01,09J,0,0.0
2025-04-01,09J,0,0.0
2022-08-01,09J,0,0.0
2023-04-01,09J,0,0.0
2024-10-01,09J,0,0.0
2023-08-01,09J,0,0.0
2024-11-01,09J,0,0.0
2025-03-01,09J,0,0.0
2022-02-01,09J,0,0.0
2025-02-01,09J,0,0.0
2025-05-01,09J,0,0.0
2024-02-01,09J,0,0.0
2021-07-01,09J,0,0.0
2024-04-01,09J,0,0.0
2022-04-01,09J,0,0.0
2026-06-01,09J,0,0.0
2022-03-01,09J,0,0.0
2026-01-01,09J,0,0.0
2025-01-01,09J,0,0.0
2025-10-01,09J,0,0.0
2021-10-01,09J,0,0.0
2026-04-01,09J,0,0.0
2023-07-01,09J,0,0.0
2023-10-01,09J,0,0.0
2023-11-01,09J,0,0.0
2023-02-01,09J,0,0.0
2024-09-01,09J,0,0.0
2025-11-01,09J,0,0.0
2022-09-01,09J,0,0.0
2026-05-01,09J,0,0.0
2022-07-01,09J,0,0.0
2024-06-01,09J,0,0.0
2025-12-01,09J,0,0.0
2025-08-01,09J,0,0.0
2025-07-01,09J,0,0.0
2025-09-01,09J,0,0.0
2021-08-01,09J,0,0.0
2024-03-01,09J,0,0.0
2021-09-01,09J,0,0.0
2023-01-01,09J,0,0.0
2024-01-01,09J,0,0.0
2024-12-01,09J,0,0.0
2024-05-01,09J,0,0.0
2022-11-01,09J,0,0.0
2022-10-01,09J,0,0.0
2025-06-01,09J,0,0.0
2026-02-01,09J,0,0.0
2023-12-01,09J,0,0.0
2022-12-01,09J,0,0.0
2023-03-01,09J,0,0.0
2023-05-01,09J,0,0.0
2023-06-01,09J,0,0.0
2021-11-01,09J,0,0.0
2023-09-01,09L,0,0.0
2022-01-01,09L,0,0.0
2022-09-01,09L,0,0.0
2023-11-01,09L,0,0.0
2023-08-01,09L,0,0.0
2025-05-01,09L,0,0.0
2025-07-01,09L,0,0.0
2022-07-01,09L,0,0.0
2023-07-01,09L,0,0.0
2023-04-01,09L,0,0.0
2026-05-01,09L,0,0.0
2023-05-01,09L,0,0.0
2021-12-01,09L,0,0.0
2024-09-01,09L,0,0.0
2025-12-01,09L,0,0.0
2021-06-01,09L,0,0.0
2022-06-01,09L,0,0.0
2025-06-01,09L,0,0.0
2021-08-01,09L,0,0.0
2023-02-01,09L,0,0.0
2021-07-01,09L,0,0.0
2023-06-01,09L,0,0.0
2022-11-01,09L,0,0.0
2024-04-01,09L,0,0.0
2025-02-01,09L,0,0.0
2026-01-01,09L,0,0.0
2024-01-01,09L,0,0.0
2026-02-01,09L,0,0.0
2024-02-01,09L,0,0.0
2026-03-01,09L,0,0.0
2021-09-01,09L,0,0.0
2025-01-01,09L,0,0.0
2023-01-01,09L,0,0.0
2023-10-01,09L,0,0.0
2022-08-01,09L,0,0.0
2022-12-01,09L,0,0.0
2022-03-01,09L,0,0.0
2022-05-01,09L,0,0.0
2024-12-01,09L,0,0.0
2026-06-01,09L,0,0.0
2026-04-01,09L,0,0.0
2021-11-01,09L,0,0.0
2025-03-01,09L,0,0.0
2022-02-01,09L,0,0.0
2022-04-01,09L,0,0.0
2025-10-01,09L,0,0.0
2021-10-01,09L,0,0.0
2025-09-01,09L,0,0.0
2024-03-01,09L,0,0.0
2024-10-01,09L,0,0.0
2022-10-01,09L,0,0.0
2024-06-01,09L,0,0.0
2024-08-01,09L,0,0.0
2023-12-01,09L,0,0.0
2024-07-01,09L,0,0.0
2025-04-01,09L,0,0.0
2025-08-01,09L,0,0.0
2025-11-01,09L,0,0.0
2023-03-01,09L,0,0.0
2024-05-01,09L,0,0.0
2024-11-01,09L,0,0.0
2025-10-01,09P,0,0.0
2023-11-01,09P,0,0.0
2024-05-01,09P,0,0.0
2025-09-01,09P,0,0.0
2026-06-01,09P,0,0.0
2021-06-01,09P,0,0.0
2022-12-01,09P,0,0.0
2023-03-01,09P,0,0.0
2025-01-01,09P,0,0.0
2025-02-01,09P,0,0.0
2024-12-01,09P,0,0.0
2023-01-01,09P,0,0.0
2023-05-01,09P,0,0.0
2022-07-01,09P,0,0.0
2025-07-01,09P,0,0.0
2022-05-01,09P,0,0.0
2022-09-01,09P,0,0.0
2026-03-01,09P,0,0.0
2022-11-01,09P,0,0.0
2021-11-01,09P,0,0.0
2024-01-01,09P,0,0.0
2023-09-01,09P,0,0.0
2024-04-01,09P,0,0.0
2025-03-01,09P,0,0.0
2024-10-01,09P,0,0.0
2022-10-01,09P,0,0.0
2023-07-01,09P,0,0.0
2024-08-01,09P,0,0.0
2024-11-01,09P,0,0.0
2025-06-01,09P,0,0.0
2021-10-01,09P,0,0.0
2024-03-01,09P,0,0.0
2026-02-01,09P,0,0.0
2025-12-01,09P,0,0.0
2026-04-01,09P,0,0.0
2023-08-01,09P,0,0.0
2026-01-01,09P,0,0.0
2021-12-01,09P,0,0.0
2024-06-01,09P,0,0.0
2025-04-01,09P,0,0.0
2023-10-01,09P,0,0.0
2024-09-01,09P,0,0.0
2025-11-01,09P,0,0.0
2025-05-01,09P,0,0.0
2023-12-01,09P,0,0.0
2022-08-01,09P,0,0.0
2021-07-01,09P,0,0.0
2024-02-01,09P,0,0.0
2023-04-01,09P,0,0.0
2021-08-01,09P,0,0.0
2022-02-01,09P,0,0.0
2022-03-01,09P,0,0.0
2022-04-01,09P,0,0.0
2023-02-01,09P,0,0.0
2026-05-01,09P,0,0.0
2025-08-01,09P,0,0.0
2021-09-01,09P,0,0.0
2022-01-01,09P,0,0.0
2023-06-01,09P,0,0.0
2022-06-01,09P,0,0.0
2024-07-01,09P,0,0.0
2025-01-01,09W,0,0.0
2021-07-01,09W,0,0.0
2023-05-01,09W,0,0.0
2024-08-01,09W,0,0.0
2024-09-01,09W,0,0.0
2023-03-01,09W,0,0.0
2023-07-01,09W,0,0.0
2023-12-01,09W,0,0.0
2024-02-01,09W,0,0.0
2022-11-01,09W,0,0.0
2023-11-01,09W,0,0.0
2025-12-01,09W,0,0.0
2026-02-01,09W,0,0.0
2021-06-01,09W,0,0.0
2025-09-01,09W,0,0.0
2022-06-01,09W,0,0.0
2023-06-01,09W,0,0.0
2025-04-01,09W,0,0.0
2021-10-01,09W,0,0.0
2022-02-01,09W,0,0.0
2022-04-01,09W,0,0.0
2025-06-01,09W,0,0.0
2022-12-01,09W,0,0.0
2024-12-01,09W,0,0.0
2022-07-01,09W,0,0.0
2023-08-01,09W,0,0.0
2021-09-01,09W,0,0.0
2021-11-01,09W,0,0.0
2023-04-01,09W,0,0.0
2026-03-01,09W,0,0.0
2023-09-01,09W,0,0.0
2023-10-01,09W,0,0.0
2024-07-01,09W,0,0.0
2022-05-01,09W,0,0.0
2024-04-01,09W,0,0.0
2024-10-01,09W,0,0.0
2026-04-01,09W,0,0.0
2022-09-01,09W,0,0.0
2023-01-01,09W,0,0.0
2024-06-01,09W,0,0.0
2022-08-01,09W,0,0.0
2024-05-01,09W,0,0.0
2025-05-01,09W,0,0.0
2025-10-01,09W,0,0.0
2022-01-01,09W,0,0.0
2022-03-01,09W,0,0.0
2024-11-01,09W,0,0.0
2026-05-01,09W,0,0.0
2021-08-01,09W,0,0.0
2023-02-01,09W,0,0.0
2025-03-01,09W,0,0.0
2024-03-01,09W,0,0.0
2025-07-01,09W,0,0.0
2025-08-01,09W,0,0.0
2021-12-01,09W,0,0.0
2025-02-01,09W,0,0.0
2022-10-01,09W,0,0.0
2025-11-01,09W,0,0.0
2024-01-01,09W,0,0.0
2026-01-01,09W,0,0.0
2026-06-01,09W,0,0.0
2022-04-01,09Y,0,0.0
2024-04-01,09Y,0,0.0
2021-11-01,09Y,0,0.0
2024-10-01,09Y,0,0.0
2022-03-01,09Y,0,0.0
2021-09-01,09Y,0,0.0
2021-08-01,09Y,0,0.0
2022-07-01,09Y,0,0.0
2023-07-01,09Y,0,0.0
2024-06-01,09Y,0,0.0
2025-07-01,09Y,0,0.0
2022-09-01,09Y,0,0.0
2023-04-01,09Y,0,0.0
2022-02-01,09Y,0,0.0
2022-11-01,09Y,0,0.0
2023-10-01,09Y,0,0.0
2024-08-01,09Y,0,0.0
2025-04-01,09Y,0,0.0
2024-11-01,09Y,0,0.0
2025-11-01,09Y,0,0.0
2025-02-01,09Y,0,0.0
2026-01-01,09Y,0,0.0
2023-11-01,09Y,0,0.0
2022-08-01,09Y,0,0.0
2021-12-01,09Y,0,0.0
2023-05-01,09Y,0,0.0
2024-09-01,09Y,0,0.0
2026-02-01,09Y,0,0.0
2023-06-01,09Y,0,0.0
2024-07-01,09Y,0,0.0
2025-06-01,09Y,0,0.0
2025-08-01,09Y,0,0.0
2021-07-01,09Y,0,0.0
2025-09-01,09Y,0,0.0
2021-06-01,09Y,0,0.0
2022-10-01,09Y,0,0.0
2024-05-01,09Y,0,0.0
2025-03-01,09Y,0,0.0
2026-03-01,09Y,0,0.0
2021-10-01,09Y,0,0.0
2024-03-01,09Y,0,0.0
2022-01-01,09Y,0,0.0
2023-01-01,09Y,0,0.0
2024-01-01,09Y,0,0.0
2024-12-01,09Y,0,0.0
2026-05-01,09Y,0,0.0
2022-12-01,09Y,0,0.0
2023-09-01,09Y,0,0.0
2025-10-01,09Y,0,0.0
2026-06-01,09Y,0,0.0
2026-04-01,09Y,0,0.0
2023-12-01,09Y,0,0.0
2025-01-01,09Y,0,0.0
2022-06-01,09Y,0,0.0
2023-08-01,09Y,0,0.0
2022-05-01,09Y,0,0.0
2023-02-01,09Y,0,0.0
2023-03-01,09Y,0,0.0
2024-02-01,09Y,0,0.0
2025-05-01,09Y,0,0.0
2025-12-01,09Y,0,0.0
2024-06-01,10A,0,0.0
2024-07-01,10A,0,0.0
2025-03-01,10A,0,0.0
2022-01-01,10A,0,0.0
2023-05-01,10A,0,0.0
2022-07-01,10A,0,0.0
2025-06-01,10A,0,0.0
2021-08-01,10A,0,0.0
2021-10-01,10A,0,0.0
2023-10-01,10A,0,0.0
2024-10-01,10A,0,0.0
2025-07-01,10A,0,0.0
2023-11-01,10A,0,0.0
2023-12-01,10A,0,0.0
2026-01-01,10A,0,0.0
2021-12-01,10A,0,0.0
2023-02-01,10A,0,0.0
2024-08-01,10A,0,0.0
2025-01-01,10A,0,0.0
2021-09-01,10A,0,0.0
2022-03-01,10A,0,0.0
2022-12-01,10A,0,0.0
2023-07-01,10A,0,0.0
2025-11-01,10A,0,0.0
2021-11-01,10A,0,0.0
2025-05-01,10A,0,0.0
2022-09-01,10A,0,0.0
2025-08-01,10A,0,0.0
2025-12-01,10A,0,0.0
2024-05-01,10A,0,0.0
2023-03-01,10A,0,0.0
2026-03-01,10A,0,0.0
2024-12-01,10A,0,0.0
2025-09-01,10A,0,0.0
2026-06-01,10A,0,0.0
2021-06-01,10A,0,0.0
2025-04-01,10A,0,0.0
2024-01-01,10A,0,0.0
2022-06-01,10A,0,0.0
2024-03-01,10A,0,0.0
2021-07-01,10A,0,0.0
2023-06-01,10A,0,0.0
2022-08-01,10A,0,0.0
2023-04-01,10A,0,0.0
2022-05-01,10A,0,0.0
2026-02-01,10A,0,0.0
2022-04-01,10A,0,0.0
2023-01-01,10A,0,0.0
2025-02-01,10A,0,0.0
2026-05-01,10A,0,0.0
2024-09-01,10A,0,0.0
2024-02-01,10A,0,0.0
2022-02-01,10A,0,0.0
2023-08-01,10A,0,0.0
2024-04-01,10A,0,0.0
2022-11-01,10A,0,0.0
2022-10-01,10A,0,0.0
2023-09-01,10A,0,0.0
2024-11-01,10A,0,0.0
2025-10-01,10A,0,0.0
2026-04-01,10A,0,0.0
2021-06-01,10C,0,0.0
2022-02-01,10C,0,0.0
2023-05-01,10C,0,0.0
2021-10-01,10C,0,0.0
2024-06-01,10C,0,0.0
2025-10-01,10C,0,0.0
2021-08-01,10C,0,0.0
2022-09-01,10C,0,0.0
2025-08-01,10C,0,0.0
2022-03-01,10C,0,0.0
2024-09-01,10C,0,0.0
2025-04-01,10C,0,0.0
2025-12-01,10C,0,0.0
2023-06-01,10C,0,0.0
2026-02-01,10C,0,0.0
2023-07-01,10C,0,0.0
2025-03-01,10C,0,0.0
2023-09-01,10C,0,0.0
2024-01-01,10C,0,0.0
2025-07-01,10C,0,0.0
2026-03-01,10C,0,0.0
2021-09-01,10C,0,0.0
2023-04-01,10C,0,0.0
2024-10-01,10C,0,0.0
2023-03-01,10C,0,0.0
2023-12-01,10C,0,0.0
2026-01-01,10C,0,0.0
2026-05-01,10C,0,0.0
2024-07-01,10C,0,0.0
2024-02-01,10C,0,0.0
2024-08-01,10C,0,0.0
2022-07-01,10C,0,0.0
2024-12-01,10C,0,0.0
2025-01-01,10C,0,0.0
2025-02-01,10C,0,0.0
2024-03-01,10C,0,0.0
2026-06-01,10C,0,0.0
2023-10-01,10C,0,0.0
2025-09-01,10C,0,0.0
2025-06-01,10C,0,0.0
2022-12-01,10C,0,0.0
2023-08-01,10C,0,0.0
2021-07-01,10C,0,0.0
2022-06-01,10C,0,0.0
2021-11-01,10C,0,0.0
2022-04-01,10C,0,0.0
2022-11-01,10C,0,0.0
2022-08-01,10C,0,0.0
2023-02-01,10C,0,0.0
2023-11-01,10C,0,0.0
2024-11-01,10C,0,0.0
2022-05-01,10C,0,0.0
2024-05-01,10C,0,0.0
2025-11-01,10C,0,0.0
2021-12-01,10C,0,0.0
2023-01-01,10C,0,0.0
2024-04-01,10C,0,0.0
2025-05-01,10C,0,0.0
2022-01-01,10C,0,0.0
2022-10-01,10C,0,0.0
2026-04-01,10C,0,0.0
2024-08-01,10D,0,0.0
2025-09-01,10D,0,0.0
2021-06-01,10D,0,0.0
2021-09-01,10D,0,0.0
2025-02-01,10D,0,0.0
2023-10-01,10D,0,0.0
2024-01-01,10D,0,0.0
2025-03-01,10D,0,0.0
2023-01-01,10D,0,0.0
2023-07-01,10D,0,0.0
2024-06-01,10D,0,0.0
2026-04-01,10D,0,0.0
2022-04-01,10D,0,0.0
2022-01-01,10D,0,0.0
2023-12-01,10D,0,0.0
2022-11-01,10D,0,0.0
2025-05-01,10D,0,0.0
2024-02-01,10D,0,0.0
2025-01-01,10D,0,0.0
2026-03-01,10D,0,0.0
2026-05-01,10D,0,0.0
2022-05-01,10D,0,0.0
2022-07-01,10D,0,0.0
2024-07-01,10D,0,0.0
2023-09-01,10D,0,0.0
2021-08-01,10D,0,0.0
2022-09-01,10D,0,0.0
2021-11-01,10D,0,0.0
2022-12-01,10D,0,0.0
2023-11-01,10D,0,0.0
2026-01-01,10D,0,0.0
2022-02-01,10D,0,0.0
2025-08-01,10D,0,0.0
2025-04-01,10D,0,0.0
2024-09-01,10D,0,0.0
2024-03-01,10D,0,0.0
2025-12-01,10D,0,0.0
2021-07-01,10D,0,0.0
2023-06-01,10D,0,0.0
2026-02-01,10D,0,0.0
2022-08-01,10D,0,0.0
2024-12-01,10D,0,0.0
2023-05-01,10D,0,0.0
2026-06-01,10D,0,0.0
2023-04-01,10D,0,0.0
2024-04-01,10D,0,0.0
2024-11-01,10D,0,0.0
2021-10-01,10D,0,0.0
2024-05-01,10D,0,0.0
2022-10-01,10D,0,0.0
2023-08-01,10D,0,0.0
2023-03-01,10D,0,0.0
2025-07-01,10D,0,0.0
2024-10-01,10D,0,0.0
2025-10-01,10D,0,0.0
2023-02-01,10D,0,0.0
2025-11-01,10D,0,0.0
2021-12-01,10D,0,0.0
2022-03-01,10D,0,0.0
2022-06-01,10D,0,0.0
2025-06-01,10D,0,0.0
2023-01-01,10E,0,0.0
2023-07-01,10E,0,0.0
2025-04-01,10E,0,0.0
2022-02-01,10E,0,0.0
2023-02-01,10E,0,0.0
2023-03-01,10E,0,0.0
2025-09-01,10E,0,0.0
2024-11-01,10E,0,0.0
2025-12-01,10E,0,0.0
2025-01-01,10E,0,0.0
2023-04-01,10E,0,0.0
2025-10-01,10E,0,0.0
2023-06-01,10E,0,0.0
2023-12-01,10E,0,0.0
2021-07-01,10E,0,0.0
2024-06-01,10E,0,0.0
2023-05-01,10E,0,0.0
2021-06-01,10E,0,0.0
2024-03-01,10E,0,0.0
2025-02-01,10E,0,0.0
2025-11-01,10E,0,0.0
2021-08-01,10E,0,0.0
2024-07-01,10E,0,0.0
2023-10-01,10E,0,0.0
2025-07-01,10E,0,0.0
2023-11-01,10E,0,0.0
2026-02-01,10E,0,0.0
2024-09-01,10E,0,0.0
2025-03-01,10E,0,0.0
2022-10-01,10E,0,0.0
2022-11-01,10E,0,0.0
2023-09-01,10E,0,0.0
2024-02-01,10E,0,0.0
2024-04-01,10E,0,0.0
2022-01-01,10E,0,0.0
2022-07-01,10E,0,0.0
2026-04-01,10E,0,0.0
2022-04-01,10E,0,0.0
2021-12-01,10E,0,0.0
2024-10-01,10E,0,0.0
2022-09-01,10E,0,0.0
2024-12-01,10E,0,0.0
2021-11-01,10E,0,0.0
2022-03-01,10E,0,0.0
2026-01-01,10E,0,0.0
2021-10-01,10E,0,0.0
2025-08-01,10E,0,0.0
2021-09-01,10E,0,0.0
2022-12-01,10E,0,0.0
2025-06-01,10E,0,0.0
2026-06-01,10E,0,0.0
2025-05-01,10E,0,0.0
2024-08-01,10E,0,0.0
2026-03-01,10E,0,0.0
2023-08-01,10E,0,0.0
2026-05-01,10E,0,0.0
2022-06-01,10E,0,0.0
2024-05-01,10E,0,0.0
2022-05-01,10E,0,0.0
2024-01-01,10E,0,0.0
2022-08-01,10E,0,0.0
2021-07-01,10J,0,0.0
2022-05-01,10J,0,0.0
2023-02-01,10J,0,0.0
2021-10-01,10J,0,0.0
2022-01-01,10J,0,0.0
2025-05-01,10J,0,0.0
2022-09-01,10J,0,0.0
2022-11-01,10J,0,0.0
2023-08-01,10J,0,0.0
2023-07-01,10J,0,0.0
2024-01-01,10J,0,0.0
2025-04-01,10J,0,0.0
2026-04-01,10J,0,0.0
2026-06-01,10J,0,0.0
2022-12-01,10J,0,0.0
2025-01-01,10J,0,0.0
2024-02-01,10J,0,0.0
2023-11-01,10J,0,0.0
2024-07-01,10J,0,0.0
2023-10-01,10J,0,0.0
2026-01-01,10J,0,0.0
2022-03-01,10J,0,0.0
2025-08-01,10J,0,0.0
2025-11-01,10J,0,0.0
2021-11-01,10J,0,0.0
2023-06-01,10J,0,0.0
2021-12-01,10J,0,0.0
2022-10-01,10J,0,0.0
2024-11-01,10J,0,0.0
2024-12-01,10J,0,0.0
2024-04-01,10J,0,0.0
2023-04-01,10J,0,0.0
2023-09-01,10J,0,0.0
2024-03-01,10J,0,0.0
2024-10-01,10J,0,0.0
2025-03-01,10J,0,0.0
2025-09-01,10J,0,0.0
2022-04-01,10J,0,0.0
2026-05-01,10J,0,0.0
2023-01-01,10J,0,0.0
2021-09-01,10J,0,0.0
2025-06-01,10J,0,0.0
2025-07-01,10J,0,0.0
2026-03-01,10J,0,0.0
2024-08-01,10J,0,0.0
2024-09-01,10J,0,0.0
2025-12-01,10J,0,0.0
2022-06-01,10J,0,0.0
2022-02-01,10J,0,0.0
2025-10-01,10J,0,0.0
2022-08-01,10J,0,0.0
2023-05-01,10J,0,0.0
2021-08-01,10J,0,0.0
2022-07-01,10J,0,0.0
2023-03-01,10J,0,0.0
2021-06-01,10J,0,0.0
2023-12-01,10J,0,0.0
2024-05-01,10J,0,0.0
2025-02-01,10J,0,0.0
2024-06-01,10J,0,0.0
2026-02-01,10J,0,0.0
2024-03-01,10K,0,0.0
2025-03-01,10K,0,0.0
2025-10-01,10K,0,0.0
2026-03-01,10K,0,0.0
2022-09-01,10K,0,0.0
2022-07-01,10K,0,0.0
2025-08-01,10K,0,0.0
2021-07-01,10K,0,0.0
2024-08-01,10K,0,0.0
2026-01-01,10K,0,0.0
2023-04-01,10K,0,0.0
2024-11-01,10K,0,0.0
2022-10-01,10K,0,0.0
2021-09-01,10K,0,0.0
2021-11-01,10K,0,0.0
2023-12-01,10K,0,0.0
2021-08-01,10K,0,0.0
2024-05-01,10K,0,0.0
2026-02-01,10K,0,0.0
2025-07-01,10K,0,0.0
2024-09-01,10K,0,0.0
2022-03-01,10K,0,0.0
2023-10-01,10K,0,0.0
2026-05-01,10K,0,0.0
2025-09-01,10K,0,0.0
2023-07-01,10K,0,0.0
2025-04-01,10K,0,0.0
2026-04-01,10K,0,0.0
2023-01-01,10K,0,0.0
2025-02-01,10K,0,0.0
2024-12-01,10K,0,0.0
2022-12-01,10K,0,0.0
2024-02-01,10K,0,0.0
2021-06-01,10K,0,0.0
2022-06-01,10K,0,0.0
2022-08-01,10K,0,0.0
2025-11-01,10K,0,0.0
2023-05-01,10K,0,0.0
2023-02-01,10K,0,0.0
2025-01-01,10K,0,0.0
2022-02-01,10K,0,0.0
2025-06-01,10K,0,0.0
2023-03-01,10K,0,0.0
2023-09-01,10K,0,0.0
2022-05-01,10K,0,0.0
2024-06-01,10K,0,0.0
2022-04-01,10K,0,0.0
2024-07-01,10K,0,0.0
2024-10-01,10K,0,0.0
2023-11-01,10K,0,0.0
2025-05-01,10K,0,0.0
2022-11-01,10K,0,0.0
2023-06-01,10K,0,0.0
2025-12-01,10K,0,0.0
2023-08-01,10K,0,0.0
2021-10-01,10K,0,0.0
2021-12-01,10K,0,0.0
2022-01-01,10K,0,0.0
2024-01-01,10K,0,0.0
2024-04-01,10K,0,0.0
2026-06-01,10K,0,0.0
2023-05-01,10L,0,0.0
2022-04-01,10L,0,0.0
2023-04-01,10L,0,0.0
2024-08-01,10L,0,0.0
2025-10-01,10L,0,0.0
2022-06-01,10L,0,0.0
2022-02-01,10L,0,0.0
2022-05-01,10L,0,0.0
2023-09-01,10L,0,0.0
2021-06-01,10L,0,0.0
2023-07-01,10L,0,0.0
2021-12-01,10L,0,0.0
2024-04-01,10L,0,0.0
2021-07-01,10L,0,0.0
2024-12-01,10L,0,0.0
2025-02-01,10L,0,0.0
2025-03-01,10L,0,0.0
2021-09-01,10L,0,0.0
2021-11-01,10L,0,0.0
2023-06-01,10L,0,0.0
2023-10-01,10L,0,0.0
2022-01-01,10L,0,0.0
2022-03-01,10L,0,0.0
2022-11-01,10L,0,0.0
2024-09-01,10L,0,0.0
2025-09-01,10L,0,0.0
2024-11-01,10L,0,0.0
2025-01-01,10L,0,0.0
2023-08-01,10L,0,0.0
2022-10-01,10L,0,0.0
2023-01-01,10L,0,0.0
2025-08-01,10L,0,0.0
2026-05-01,10L,0,0.0
2022-12-01,10L,0,0.0
2024-05-01,10L,0,0.0
2025-07-01,10L,0,0.0
2024-07-01,10L,0,0.0
2026-03-01,10L,0,0.0
2025-06-01,10L,0,0.0
2021-08-01,10L,0,0.0
2023-03-01,10L,0,0.0
2023-11-01,10L,0,0.0
2024-06-01,10L,0,0.0
2022-08-01,10L,0,0.0
2024-03-01,10L,0,0.0
2025-11-01,10L,0,0.0
2026-02-01,10L,0,0.0
2024-02-01,10L,0,0.0
2026-04-01,10L,0,0.0
2023-12-01,10L,0,0.0
2025-04-01,10L,0,0.0
2026-06-01,10L,0,0.0
2025-12-01,10L,0,0.0
2023-02-01,10L,0,0.0
2024-10-01,10L,0,0.0
2021-10-01,10L,0,0.0
2022-09-01,10L,0,0.0
2024-01-01,10L,0,0.0
2025-05-01,10L,0,0.0
2022-07-01,10L,0,0.0
2026-01-01,10L,0,0.0
2026-01-01,10M,0,0.0
2022-07-01,10M,0,0.0
2023-01-01,10M,0,0.0
2023-04-01,10M,0,0.0
2026-06-01,10M,0,0.0
2022-09-01,10M,0,0.0
2022-12-01,10M,0,0.0
2024-04-01,10M,0,0.0
2021-07-01,10M,0,0.0
2025-02-01,10M,0,0.0
2025-06-01,10M,0,0.0
2021-12-01,10M,0,0.0
2022-10-01,10M,0,0.0
2023-07-01,10M,0,0.0
2023-05-01,10M,0,0.0
2022-04-01,10M,0,0.0
2022-11-01,10M,0,0.0
2023-08-01,10M,0,0.0
2023-11-01,10M,0,0.0
2025-04-01,10M,0,0.0
2024-11-01,10M,0,0.0
2025-10-01,10M,0,0.0
2026-02-01,10M,0,0.0
2023-06-01,10M,0,0.0
2024-07-01,10M,0,0.0
2026-05-01,10M,0,0.0
2023-09-01,10M,0,0.0
2025-08-01,10M,0,0.0
2025-09-01,10M,0,0.0
2022-05-01,10M,0,0.0
2024-10-01,10M,0,0.0
2025-05-01,10M,0,0.0
2023-12-01,10M,0,0.0
2024-02-01,10M,0,0.0
2022-08-01,10M,0,0.0
2024-06-01,10M,0,0.0
2024-08-01,10M,0,0.0
2022-03-01,10M,0,0.0
2021-11-01,10M,0,0.0
2023-10-01,10M,0,0.0
2023-03-01,10M,0,0.0
2024-12-01,10M,0,0.0
2023-02-01,10M,0,0.0
2025-12-01,10M,0,0.0
2024-03-01,10M,0,0.0
2026-04-01,10M,0,0.0
2024-09-01,10M,0,0.0
2021-09-01,10M,0,0.0
2022-01-01,10M,0,0.0
2025-03-01,10M,0,0.0
2025-01-01,10M,0,0.0
2026-03-01,10M,0,0.0
2022-06-01,10M,0,0.0
2025-07-01,10M,0,0.0
2025-11-01,10M,0,0.0
2021-08-01,10M,0,0.0
2022-02-01,10M,0,0.0
2024-01-01,10M,0,0.0
2024-05-01,10M,0,0.0
2021-06-01,10M,0,0.0
2021-10-01,10M,0,0.0
2024-12-01,10Q,0,827.848
2023-12-01,10Q,0,816.9809999999997
2024-12-01,10R,0,235.99800000000005
2023-10-01,10R,0,234.40099999999998
2025-01-01,10R,0,235.83399999999997
2026-02-01,10R,0,233.689
2024-05-01,10R,0,236.017
2025-06-01,10R,0,235.51500000000004
2025-04-01,10R,0,235.82699999999997
2026-06-01,10R,0,231.92699999999996
2024-10-01,10R,0,235.35
2025-12-01,10R,0,234.70399999999998
2024-06-01,10R,0,235.767
2025-05-01,10R,0,235.624
2025-08-01,10R,0,235.00300000000001
2024-01-01,10R,0,235.817
2025-07-01,10R,0,235.32100000000003
2023-11-01,10R,0,235.30799999999994
2026-04-01,10R,0,232.901
2025-03-01,10R,0,235.74499999999998
2026-01-01,10R,0,234.354
2026-05-01,10R,0,232.558
2022-09-01,10R,0,230.653
2024-02-01,10R,0,235.989
2026-03-01,10R,0,233.08200000000002
2025-02-01,10R,0,235.722
2024-03-01,10R,0,236.061
2025-10-01,10R,0,234.41400000000002
2024-11-01,10R,0,235.86999999999998
2024-07-01,10R,0,235.58300000000003
2024-08-01,10R,0,235.36800000000002
2024-09-01,10R,0,235.14399999999998
2025-11-01,10R,0,234.699
2023-12-01,10R,0,235.67900000000003
2022-10-01,10V,0,0.0
2024-02-01,10V,0,0.0
2022-05-01,10V,0,0.0
2022-04-01,10V,0,0.0
2025-02-01,10V,0,0.0
2023-05-01,10V,0,0.0
2025-01-01,10V,0,0.0
2022-12-01,10V,0,0.0
2025-03-01,10V,0,0.0
2021-08-01,10V,0,0.0
2026-05-01,10V,0,0.0
2023-02-01,10V,0,0.0
2025-09-01,10V,0,0.0
2021-06-01,10V,0,0.0
2021-09-01,10V,0,0.0
2024-10-01,10V,0,0.0
2025-04-01,10V,0,0.0
2022-07-01,10V,0,0.0
2026-04-01,10V,0,0.0
2021-10-01,10V,0,0.0
2025-06-01,10V,0,0.0
2024-08-01,10V,0,0.0
2026-06-01,10V,0,0.0
2024-05-01,10V,0,0.0
2021-07-01,10V,0,0.0
2022-08-01,10V,0,0.0
2023-06-01,10V,0,0.0
2023-11-01,10V,0,0.0
2024-03-01,10V,0,0.0
2022-09-01,10V,0,0.0
2025-11-01,10V,0,0.0
2022-06-01,10V,0,0.0
2023-07-01,10V,0,0.0
2025-05-01,10V,0,0.0
2024-07-01,10V,0,0.0
2025-08-01,10V,0,0.0
2021-12-01,10V,0,0.0
2023-03-01,10V,0,0.0
2022-03-01,10V,0,0.0
2023-09-01,10V,0,0.0
2025-10-01,10V,0,0.0
2025-12-01,10V,0,0.0
2023-04-01,10V,0,0.0
2023-10-01,10V,0,0.0
2023-12-01,10V,0,0.0
2024-01-01,10V,0,0.0
2024-04-01,10V,0,0.0
2024-11-01,10V,0,0.0
2022-11-01,10V,0,0.0
2023-08-01,10V,0,0.0
2022-02-01,10V,0,0.0
2026-03-01,10V,0,0.0
2024-09-01,10V,0,0.0
2023-01-01,10V,0,0.0
2026-01-01,10V,0,0.0
2021-11-01,10V,0,0.0
2024-06-01,10V,0,0.0
2024-12-01,10V,0,0.0
2026-02-01,10V,0,0.0
2025-07-01,10V,0,0.0
2022-01-01,10V,0,0.0
2024-01-01,10W,0,0.0
2024-06-01,10W,0,0.0
2023-09-01,10W,0,0.0
2026-03-01,10W,0,0.0
2024-11-01,10W,0,0.0
2021-06-01,10W,0,0.0
2024-07-01,10W,0,0.0
2024-08-01,10W,0,0.0
2023-03-01,10W,0,0.0
2021-11-01,10W,0,0.0
2022-02-01,10W,0,0.0
2022-08-01,10W,0,0.0
2022-10-01,10W,0,0.0
2022-01-01,10W,0,0.0
2025-01-01,10W,0,0.0
2021-12-01,10W,0,0.0
2025-07-01,10W,0,0.0
2021-10-01,10W,0,0.0
2023-08-01,10W,0,0.0
2022-12-01,10W,0,0.0
2025-12-01,10W,0,0.0
2022-11-01,10W,0,0.0
2026-02-01,10W,0,0.0
2025-03-01,10W,0,0.0
2021-07-01,10W,0,0.0
2023-06-01,10W,0,0.0
2024-09-01,10W,0,0.0
2026-05-01,10W,0,0.0
2025-10-01,10W,0,0.0
2022-07-01,10W,0,0.0
2025-04-01,10W,0,0.0
2021-08-01,10W,0,0.0
2023-05-01,10W,0,0.0
2022-05-01,10W,0,0.0
2022-06-01,10W,0,0.0
2023-12-01,10W,0,0.0
2023-04-01,10W,0,0.0
2024-12-01,10W,0,0.0
2025-06-01,10W,0,0.0
2025-09-01,10W,0,0.0
2025-02-01,10W,0,0.0
2025-08-01,10W,0,0.0
2022-03-01,10W,0,0.0
2024-05-01,10W,0,0.0
2023-10-01,10W,0,0.0
2024-02-01,10W,0,0.0
2024-04-01,10W,0,0.0
2025-05-01,10W,0,0.0
2026-04-01,10W,0,0.0
2024-10-01,10W,0,0.0
2026-06-01,10W,0,0.0
2023-07-01,10W,0,0.0
2022-04-01,10W,0,0.0
2025-11-01,10W,0,0.0
2021-09-01,10W,0,0.0
2026-01-01,10W,0,0.0
2023-01-01,10W,0,0.0
2023-02-01,10W,0,0.0
2022-09-01,10W,0,0.0
2024-03-01,10W,0,0.0
2023-11-01,10W,0,0.0
2023-03-01,10X,0,0.0
2023-08-01,10X,0,0.0
2025-05-01,10X,0,0.0
2024-08-01,10X,0,0.0
2026-01-01,10X,0,0.0
2022-08-01,10X,0,0.0
2023-12-01,10X,0,0.0
2025-06-01,10X,0,0.0
2025-09-01,10X,0,0.0
2026-03-01,10X,0,0.0
2021-06-01,10X,0,0.0
2025-03-01,10X,0,0.0
2024-04-01,10X,0,0.0
2024-02-01,10X,0,0.0
2025-01-01,10X,0,0.0
2024-11-01,10X,0,0.0
2022-01-01,10X,0,0.0
2023-02-01,10X,0,0.0
2026-06-01,10X,0,0.0
2023-10-01,10X,0,0.0
2024-07-01,10X,0,0.0
2025-08-01,10X,0,0.0
2024-05-01,10X,0,0.0
2025-11-01,10X,0,0.0
2022-02-01,10X,0,0.0
2021-09-01,10X,0,0.0
2022-04-01,10X,0,0.0
2025-07-01,10X,0,0.0
2021-11-01,10X,0,0.0
2024-10-01,10X,0,0.0
2022-09-01,10X,0,0.0
2023-05-01,10X,0,0.0
2025-04-01,10X,0,0.0
2024-09-01,10X,0,0.0
2024-12-01,10X,0,0.0
2022-05-01,10X,0,0.0
2025-10-01,10X,0,0.0
2026-05-01,10X,0,0.0
2023-09-01,10X,0,0.0
2024-01-01,10X,0,0.0
2022-10-01,10X,0,0.0
2023-04-01,10X,0,0.0
2023-11-01,10X,0,0.0
2024-03-01,10X,0,0.0
2022-11-01,10X,0,0.0
2021-10-01,10X,0,0.0
2023-01-01,10X,0,0.0
2023-07-01,10X,0,0.0
2025-12-01,10X,0,0.0
2022-07-01,10X,0,0.0
2026-04-01,10X,0,0.0
2026-02-01,10X,0,0.0
2022-06-01,10X,0,0.0
2022-03-01,10X,0,0.0
2025-02-01,10X,0,0.0
2021-08-01,10X,0,0.0
2024-06-01,10X,0,0.0
2021-07-01,10X,0,0.0
2021-12-01,10X,0,0.0
2022-12-01,10X,0,0.0
2023-06-01,10X,0,0.0
2021-10-01,11A,0,0.0
2023-03-01,11A,0,0.0
2023-11-01,11A,0,0.0
2022-04-01,11A,0,0.0
2023-01-01,11A,0,0.0
2023-04-01,11A,0,0.0
2026-02-01,11A,0,0.0
2022-03-01,11A,0,0.0
2022-07-01,11A,0,0.0
2022-11-01,11A,0,0.0
2025-12-01,11A,0,0.0
2022-09-01,11A,0,0.0
2021-09-01,11A,0,0.0
2024-04-01,11A,0,0.0
2025-05-01,11A,0,0.0
2023-10-01,11A,0,0.0
2024-01-01,11A,0,0.0
2021-12-01,11A,0,0.0
2024-10-01,11A,0,0.0
2026-05-01,11A,0,0.0
2024-08-01,11A,0,0.0
2021-08-01,11A,0,0.0
2025-10-01,11A,0,0.0
2023-05-01,11A,0,0.0
2022-12-01,11A,0,0.0
2022-01-01,11A,0,0.0
2024-03-01,11A,0,0.0
2026-04-01,11A,0,0.0
2024-09-01,11A,0,0.0
2025-11-01,11A,0,0.0
2025-06-01,11A,0,0.0
2024-07-01,11A,0,0.0
2024-06-01,11A,0,0.0
2024-11-01,11A,0,0.0
2025-09-01,11A,0,0.0
2021-07-01,11A,0,0.0
2022-02-01,11A,0,0.0
2022-08-01,11A,0,0.0
2026-06-01,11A,0,0.0
2022-05-01,11A,0,0.0
2023-08-01,11A,0,0.0
2025-02-01,11A,0,0.0
2023-06-01,11A,0,0.0
2023-07-01,11A,0,0.0
2025-01-01,11A,0,0.0
2025-04-01,11A,0,0.0
2023-02-01,11A,0,0.0
2023-12-01,11A,0,0.0
2024-05-01,11A,0,0.0
2024-02-01,11A,0,0.0
2021-06-01,11A,0,0.0
2021-11-01,11A,0,0.0
2022-06-01,11A,0,0.0
2025-07-01,11A,0,0.0
2023-09-01,11A,0,0.0
2024-12-01,11A,0,0.0
2025-08-01,11A,0,0.0
2026-01-01,11A,0,0.0
2022-10-01,11A,0,0.0
2025-03-01,11A,0,0.0
2026-03-01,11A,0,0.0
2025-02-01,11E,0,0.0
2024-07-01,11E,0,0.0
2023-04-01,11E,0,0.0
2023-05-01,11E,0,0.0
2023-12-01,11E,0,0.0
2024-03-01,11E,0,0.0
2023-07-01,11E,0,0.0
2023-10-01,11E,0,0.0
2022-11-01,11E,0,0.0
2024-04-01,11E,0,0.0
2022-04-01,11E,0,0.0
2024-11-01,11E,0,0.0
2025-01-01,11E,0,0.0
2022-03-01,11E,0,0.0
2025-11-01,11E,0,0.0
2021-10-01,11E,0,0.0
2021-12-01,11E,0,0.0
2024-08-01,11E,0,0.0
2024-09-01,11E,0,0.0
2022-12-01,11E,0,0.0
2022-06-01,11E,0,0.0
2025-12-01,11E,0,0.0
2025-03-01,11E,0,0.0
2026-01-01,11E,0,0.0
2021-07-01,11E,0,0.0
2021-08-01,11E,0,0.0
2022-09-01,11E,0,0.0
2026-06-01,11E,0,0.0
2023-06-01,11E,0,0.0
2023-09-01,11E,0,0.0
2023-11-01,11E,0,0.0
2021-11-01,11E,0,0.0
2024-12-01,11E,0,0.0
2022-01-01,11E,0,0.0
2025-06-01,11E,0,0.0
2023-01-01,11E,0,0.0
2025-07-01,11E,0,0.0
2024-05-01,11E,0,0.0
2024-10-01,11E,0,0.0
2025-10-01,11E,0,0.0
2025-09-01,11E,0,0.0
2024-01-01,11E,0,0.0
2023-08-01,11E,0,0.0
2025-04-01,11E,0,0.0
2025-05-01,11E,0,0.0
2024-02-01,11E,0,0.0
2026-05-01,11E,0,0.0
2024-06-01,11E,0,0.0
2026-04-01,11E,0,0.0
2021-09-01,11E,0,0.0
2023-03-01,11E,0,0.0
2025-08-01,11E,0,0.0
2022-07-01,11E,0,0.0
2022-02-01,11E,0,0.0
2022-05-01,11E,0,0.0
2022-08-01,11E,0,0.0
2022-10-01,11E,0,0.0
2026-02-01,11E,0,0.0
2023-02-01,11E,0,0.0
2026-03-01,11E,0,0.0
2021-06-01,11E,0,0.0
2022-02-01,11H,0,0.0
2023-09-01,11H,0,0.0
2025-12-01,11H,0,0.0
2021-07-01,11H,0,0.0
2022-11-01,11H,0,0.0
2026-06-01,11H,0,0.0
2021-11-01,11H,0,0.0
2023-01-01,11H,0,0.0
2024-09-01,11H,0,0.0
2023-06-01,11H,0,0.0
2025-01-01,11H,0,0.0
2025-11-01,11H,0,0.0
2025-05-01,11H,0,0.0
2023-11-01,11H,0,0.0
2023-12-01,11H,0,0.0
2024-01-01,11H,0,0.0
2023-08-01,11H,0,0.0
2023-10-01,11H,0,0.0
2024-10-01,11H,0,0.0
2025-10-01,11H,0,0.0
2021-12-01,11H,0,0.0
2022-07-01,11H,0,0.0
2023-03-01,11H,0,0.0
2024-05-01,11H,0,0.0
2024-08-01,11H,0,0.0
2026-05-01,11H,0,0.0
2022-10-01,11H,0,0.0
2023-04-01,11H,0,0.0
2026-04-01,11H,0,0.0
2022-01-01,11H,0,0.0
2022-03-01,11H,0,0.0
2022-04-01,11H,0,0.0
2021-08-01,11H,0,0.0
2023-05-01,11H,0,0.0
2024-06-01,11H,0,0.0
2026-02-01,11H,0,0.0
2021-06-01,11H,0,0.0
2024-04-01,11H,0,0.0
2025-08-01,11H,0,0.0
2024-02-01,11H,0,0.0
2026-03-01,11H,0,0.0
2023-07-01,11H,0,0.0
2024-03-01,11H,0,0.0
2025-07-01,11H,0,0.0
2021-09-01,11H,0,0.0
2025-06-01,11H,0,0.0
2026-01-01,11H,0,0.0
2022-06-01,11H,0,0.0
2023-02-01,11H,0,0.0
2024-11-01,11H,0,0.0
2025-03-01,11H,0,0.0
2025-09-01,11H,0,0.0
2022-12-01,11H,0,0.0
2021-10-01,11H,0,0.0
2025-02-01,11H,0,0.0
2022-09-01,11H,0,0.0
2024-12-01,11H,0,0.0
2025-04-01,11H,0,0.0
2022-08-01,11H,0,0.0
2022-05-01,11H,0,0.0
2024-07-01,11H,0,0.0
2023-07-01,11J,0,825.8939999999999
2023-11-01,11J,0,829.4339999999997
2024-04-01,11J,0,831.631
2022-09-01,11J,0,821.7039999999998
2024-09-01,11M,0,694.1559999999998
2024-11-01,11M,0,695.3359999999999
2026-03-01,11N,0,604.858
2023-12-01,11T,0,0.0
2021-08-01,11T,0,0.0
2025-12-01,11T,0,0.0
2023-06-01,11T,0,0.0
2024-02-01,11T,0,0.0
2021-09-01,11T,0,0.0
2021-11-01,11T,0,0.0
2023-03-01,11T,0,0.0
2023-02-01,11T,0,0.0
2024-09-01,11T,0,0.0
2025-06-01,11T,0,0.0
2025-09-01,11T,0,0.0
2023-01-01,11T,0,0.0
2025-03-01,11T,0,0.0
2026-02-01,11T,0,0.0
2026-04-01,11T,0,0.0
2022-11-01,11T,0,0.0
2023-09-01,11T,0,0.0
2024-12-01,11T,0,0.0
2024-03-01,11T,0,0.0
2022-02-01,11T,0,0.0
2024-06-01,11T,0,0.0
2022-06-01,11T,0,0.0
2024-10-01,11T,0,0.0
2021-10-01,11T,0,0.0
2022-08-01,11T,0,0.0
2022-01-01,11T,0,0.0
2023-05-01,11T,0,0.0
2024-05-01,11T,0,0.0
2025-04-01,11T,0,0.0
2021-06-01,11T,0,0.0
2025-01-01,11T,0,0.0
2025-10-01,11T,0,0.0
2021-07-01,11T,0,0.0
2021-12-01,11T,0,0.0
2023-11-01,11T,0,0.0
2024-07-01,11T,0,0.0
2025-07-01,11T,0,0.0
2025-08-01,11T,0,0.0
2022-09-01,11T,0,0.0
2023-07-01,11T,0,0.0
2026-03-01,11T,0,0.0
2022-07-01,11T,0,0.0
2022-12-01,11T,0,0.0
2024-01-01,11T,0,0.0
2022-04-01,11T,0,0.0
2023-10-01,11T,0,0.0
2022-03-01,11T,0,0.0
2023-04-01,11T,0,0.0
2025-02-01,11T,0,0.0
2024-11-01,11T,0,0.0
2022-05-01,11T,0,0.0
2024-08-01,11T,0,0.0
2026-01-01,11T,0,0.0
2026-05-01,11T,0,0.0
2022-10-01,11T,0,0.0
2023-08-01,11T,0,0.0
2025-05-01,11T,0,0.0
2026-06-01,11T,0,0.0
2025-11-01,11T,0,0.0
2024-04-01,11T,0,0.0
2026-04-01,11X,0,605.7959999999998
2025-12-01,11X,0,607.8410000000003
2025-09-01,11X,0,608.8050000000002
2022-09-01,12D,0,0.0
2026-06-01,12D,0,0.0
2025-11-01,12D,0,0.0
2025-02-01,12D,0,0.0
2025-05-01,12D,0,0.0
2023-07-01,12D,0,0.0
2025-12-01,12D,0,0.0
2023-06-01,12D,0,0.0
2024-03-01,12D,0,0.0
2026-04-01,12D,0,0.0
2023-04-01,12D,0,0.0
2023-11-01,12D,0,0.0
2026-01-01,12D,0,0.0
2021-12-01,12D,0,0.0
2024-04-01,12D,0,0.0
2021-07-01,12D,0,0.0
2023-05-01,12D,0,0.0
2022-08-01,12D,0,0.0
2022-12-01,12D,0,0.0
2025-06-01,12D,0,0.0
2025-09-01,12D,0,0.0
2024-11-01,12D,0,0.0
2022-03-01,12D,0,0.0
2022-05-01,12D,0,0.0
2022-06-01,12D,0,0.0
2022-07-01,12D,0,0.0
2026-03-01,12D,0,0.0
2021-06-01,12D,0,0.0
2021-08-01,12D,0,0.0
2022-11-01,12D,0,0.0
2023-09-01,12D,0,0.0
2025-01-01,12D,0,0.0
2022-10-01,12D,0,0.0
2024-10-01,12D,0,0.0
2024-05-01,12D,0,0.0
2024-08-01,12D,0,0.0
2025-07-01,12D,0,0.0
2023-02-01,12D,0,0.0
2024-06-01,12D,0,0.0
2026-02-01,12D,0,0.0
2021-10-01,12D,0,0.0
2026-05-01,12D,0,0.0
2024-12-01,12D,0,0.0
2022-02-01,12D,0,0.0
2022-04-01,12D,0,0.0
2025-10-01,12D,0,0.0
2023-08-01,12D,0,0.0
2024-02-01,12D,0,0.0
2023-01-01,12D,0,0.0
2025-08-01,12D,0,0.0
2021-11-01,12D,0,0.0
2024-01-01,12D,0,0.0
2023-10-01,12D,0,0.0
2021-09-01,12D,0,0.0
2023-03-01,12D,0,0.0
2022-01-01,12D,0,0.0
2024-07-01,12D,0,0.0
2024-09-01,12D,0,0.0
2023-12-01,12D,0,0.0
2025-03-01,12D,0,0.0
2025-04-01,12D,0,0.0
2021-11-01,13P,0,0.0
2023-04-01,13P,0,0.0
2023-11-01,13P,0,0.0
2025-04-01,13P,0,0.0
2025-02-01,13P,0,0.0
2023-09-01,13P,0,0.0
2025-01-01,13P,0,0.0
2022-12-01,13P,0,0.0
2022-01-01,13P,0,0.0
2024-06-01,13P,0,0.0
2025-08-01,13P,0,0.0
2022-07-01,13P,0,0.0
2021-10-01,13P,0,0.0
2025-10-01,13P,0,0.0
2021-06-01,13P,0,0.0
2021-07-01,13P,0,0.0
2026-02-01,13P,0,0.0
2024-01-01,13P,0,0.0
2024-10-01,13P,0,0.0
2025-09-01,13P,0,0.0
2024-08-01,13P,0,0.0
2023-08-01,13P,0,0.0
2026-04-01,13P,0,0.0
2023-03-01,13P,0,0.0
2025-05-01,13P,0,0.0
2025-11-01,13P,0,0.0
2026-05-01,13P,0,0.0
2021-08-01,13P,0,0.0
2022-11-01,13P,0,0.0
2024-11-01,13P,0,0.0
2025-07-01,13P,0,0.0
2022-02-01,13P,0,0.0
2026-01-01,13P,0,0.0
2026-06-01,13P,0,0.0
2026-03-01,13P,0,0.0
2022-10-01,13P,0,0.0
2023-07-01,13P,0,0.0
2024-03-01,13P,0,0.0
2025-06-01,13P,0,0.0
2022-08-01,13P,0,0.0
2023-05-01,13P,0,0.0
2024-02-01,13P,0,0.0
2024-04-01,13P,0,0.0
2025-03-01,13P,0,0.0
2021-12-01,13P,0,0.0
2023-06-01,13P,0,0.0
2025-12-01,13P,0,0.0
2022-06-01,13P,0,0.0
2023-10-01,13P,0,0.0
2024-05-01,13P,0,0.0
2022-09-01,13P,0,0.0
2024-09-01,13P,0,0.0
2021-09-01,13P,0,0.0
2022-04-01,13P,0,0.0
2023-01-01,13P,0,0.0
2023-12-01,13P,0,0.0
2024-12-01,13P,0,0.0
2022-03-01,13P,0,0.0
2023-02-01,13P,0,0.0
2024-07-01,13P,0,0.0
2022-05-01,13P,0,0.0
2022-06-01,13T,0,539.6719999999999
2026-05-01,14Y,0,596.092
2023-12-01,14Y,0,588.19
2022-08-01,14Y,0,581.168
2022-07-01,14Y,0,580.5910000000001
2024-01-01,14Y,0,588.6659999999999
2024-05-01,14Y,0,591.6809999999998
2022-03-01,14Y,0,578.2079999999999
2023-09-01,14Y,0,586.862
2022-11-01,14Y,0,582.3330000000001
2023-01-01,14Y,0,582.9130000000001
2023-11-01,14Y,0,587.4069999999999
2024-12-01,14Y,0,595.303
2025-08-01,14Y,0,598.312
2023-03-01,14Y,0,583.5330000000001
2023-04-01,14Y,0,584.0120000000001
2026-04-01,14Y,0,596.413
2023-02-01,14Y,0,583.276
2022-04-01,14Y,0,578.8180000000001
2025-11-01,14Y,0,597.943
2022-01-01,14Y,0,577.3670000000001
2021-10-01,14Y,0,576.122
2024-10-01,14Y,0,594.5720000000001
2026-06-01,14Y,0,595.6949999999998
2023-06-01,14Y,0,585.048
2022-09-01,14Y,0,581.9729999999998
2022-05-01,14Y,0,579.02
2022-05-01,15A,0,569.0710000000001
2022-08-01,15A,0,571.4800000000001
2023-04-01,15A,0,578.48
2023-02-01,15A,0,577.6890000000001
2022-07-01,15A,0,570.9019999999999
2025-06-01,15D,0,0.0
2025-09-01,15D,0,0.0
2022-07-01,15D,0,0.0
2025-10-01,15D,0,0.0
2022-04-01,15D,0,0.0
2022-12-01,15D,0,0.0
2024-11-01,15D,0,0.0
2022-08-01,15D,0,0.0
2025-05-01,15D,0,0.0
2023-10-01,15D,0,0.0
2024-05-01,15D,0,0.0
2021-09-01,15D,0,0.0
2025-12-01,15D,0,0.0
2023-09-01,15D,0,0.0
2023-08-01,15D,0,0.0
2022-11-01,15D,0,0.0
2024-04-01,15D,0,0.0
2023-12-01,15D,0,0.0
2023-02-01,15D,0,0.0
2023-05-01,15D,0,0.0
2024-03-01,15D,0,0.0
2025-03-01,15D,0,0.0
2025-07-01,15D,0,0.0
2024-06-01,15D,0,0.0
2025-04-01,15D,0,0.0
2021-10-01,15D,0,0.0
2023-01-01,15D,0,0.0
2023-04-01,15D,0,0.0
2022-06-01,15D,0,0.0
2021-12-01,15D,0,0.0
2025-08-01,15D,0,0.0
2026-05-01,15D,0,0.0
2022-10-01,15D,0,0.0
2024-08-01,15D,0,0.0
2023-11-01,15D,0,0.0
2025-01-01,15D,0,0.0
2026-01-01,15D,0,0.0
2025-11-01,15D,0,0.0
2023-03-01,15D,0,0.0
2022-02-01,15D,0,0.0
2022-09-01,15D,0,0.0
2026-02-01,15D,0,0.0
2026-04-01,15D,0,0.0
2024-09-01,15D,0,0.0
2022-03-01,15D,0,0.0
2026-03-01,15D,0,0.0
2024-01-01,15D,0,0.0
2022-01-01,15D,0,0.0
2026-06-01,15D,0,0.0
2021-07-01,15D,0,0.0
2024-02-01,15D,0,0.0
2025-02-01,15D,0,0.0
2022-05-01,15D,0,0.0
2023-06-01,15D,0,0.0
2021-06-01,15D,0,0.0
2021-08-01,15D,0,0.0
2023-07-01,15D,0,0.0
2024-12-01,15D,0,0.0
2021-11-01,15D,0,0.0
2024-10-01,15D,0,0.0
2024-07-01,15D,0,0.0
2025-01-01,15E,0,1645.4249999999988
2025-08-01,15E,0,1647.7889999999993
2025-06-01,15E,0,1647.9010000000003
2025-07-01,15E,0,1647.732000000001
2026-06-01,15E,0,1634.1760000000006
2024-08-01,15E,0,1632.4489999999992
2022-11-01,15E,0,1579.173
2025-09-01,15E,0,1647.326
2024-11-01,15E,0,1642.4979999999996
2023-05-01,16C,0,725.9590000000001
2025-06-01,16C,0,739.8019999999998
2023-04-01,16C,0,725.794
2026-05-01,16C,0,739.7719999999999
2021-08-01,16C,0,713.0289999999999
2025-10-01,16C,0,741.5340000000001
2026-04-01,16C,0,739.9549999999998
2025-08-01,16C,0,740.2289999999997
2026-01-01,16C,0,741.0750000000002
2024-05-01,18C,0,829.6839999999999
2026-03-01,18C,0,833.5709999999998
2025-11-01,18C,0,835.1989999999998
2025-05-01,18C,0,833.3250000000005
2024-11-01,18C,0,833.148
2025-01-01,18C,0,832.6499999999999
2023-11-01,18C,0,826.8870000000003
2025-03-01,18C,0,832.7069999999999
2026-06-01,27D,0,823.8129999999998
2024-01-01,27D,0,813.2850000000005
2026-04-01,27D,0,824.6209999999996
2025-12-01,36J,0,669.172
2022-12-01,36J,0,655.558
2023-04-01,36J,0,657.5790000000002
2024-01-01,36J,0,664.0760000000002
2024-11-01,36J,0,670.0079999999999
2025-02-01,36J,0,669.8200000000002
2026-04-01,36J,0,667.0759999999999
2026-06-01,36J,0,664.822
2025-06-01,36J,0,669.7119999999999
2025-07-01,36J,0,669.7949999999998
2026-01-01,36J,0,668.709
2024-10-01,36J,0,669.68
2025-01-01,36J,0,670.0830000000001
2025-08-01,36J,0,669.9429999999999
2026-05-01,36J,0,666.4779999999995
2023-09-01,36J,0,660.2600000000001
2023-12-01,36J,0,663.1340000000001
2025-03-01,36J,0,669.6819999999999
2025-10-01,36J,0,669.7230000000001
2025-09-01,36J,0,669.8850000000001
2025-05-01,36J,0,669.6310000000001
2022-11-01,36J,0,654.7639999999999
2024-12-01,36J,0,670.2119999999999
2025-03-01,42D,0,568.4440000000001
2023-05-01,52R,0,1137.3960000000006
2024-11-01,52R,0,1155.2590000000002
2022-06-01,52R,0,1120.9709999999993
2024-01-01,52R,0,1143.9400000000005
2025-12-01,52R,0,1158.5479999999998
2024-02-01,52R,0,1145.1560000000002
2025-07-01,52R,0,1153.5130000000001
2026-06-01,52R,0,1147.9629999999995
2025-03-01,52R,0,1155.2259999999999
2026-05-01,52R,0,1150.8229999999999
2025-05-01,52R,0,1154.9199999999998
2022-05-01,52R,0,1120.2810000000009
2024-04-01,52R,0,1146.197
2025-04-01,71E,0,825.7629999999998
2026-02-01,71E,0,824.9470000000005
2023-08-01,71E,0,816.2009999999998
2024-04-01,72Q,0,2106.992
2023-12-01,72Q,0,2098.2530000000006
2026-05-01,78H,0,850.1380000000001
2025-04-01,92G,0,1012.4780000000001
2022-02-01,92G,0,979.292
2025-06-01,92G,0,1012.5740000000003
2024-03-01,99A,0,588.5049999999998
2023-06-01,99A,0,578.8110000000003
2023-11-01,99A,0,584.617
2024-10-01,99A,0,594.7319999999997
2024-05-01,99A,0,590.0940000000002
2025-03-01,99A,0,598.2539999999999
2024-04-01,99A,0,588.7189999999999
2024-01-01,99A,0,586.7709999999998
2025-11-01,99A,0,603.067
2023-08-01,99A,0,578.1479999999999
2025-05-01,99A,0,598.3059999999999
2025-08-01,99A,0,597.4639999999998
2025-11-01,99D,0,0.0
2025-02-01,99D,0,0.0
2026-04-01,99D,0,0.0
2022-01-01,99D,0,0.0
2025-03-01,99D,0,0.0
2025-06-01,99D,0,0.0
2025-09-01,99D,0,0.0
2026-03-01,99D,0,0.0
2022-08-01,99D,0,0.0
2026-05-01,99D,0,0.0
2023-08-01,99D,0,0.0
2023-01-01,99D,0,0.0
2023-04-01,99D,0,0.0
2024-03-01,99D,0,0.0
2021-08-01,99D,0,0.0
2022-10-01,99D,0,0.0
2022-11-01,99D,0,0.0
2026-06-01,99D,0,0.0
2024-02-01,99D,0,0.0
2024-01-01,99D,0,0.0
2024-06-01,99D,0,0.0
2023-11-01,99D,0,0.0
2023-06-01,99D,0,0.0
2021-10-01,99D,0,0.0
2025-12-01,99D,0,0.0
2022-03-01,99D,0,0.0
2022-12-01,99D,0,0.0
2024-07-01,99D,0,0.0
2024-10-01,99D,0,0.0
2025-01-01,99D,0,0.0
2021-07-01,99D,0,0.0
2021-12-01,99D,0,0.0
2022-06-01,99D,0,0.0
2025-10-01,99D,0,0.0
2023-02-01,99D,0,0.0
2021-09-01,99D,0,0.0
2022-04-01,99D,0,0.0
2026-02-01,99D,0,0.0
2023-09-01,99D,0,0.0
2023-05-01,99D,0,0.0
2025-04-01,99D,0,0.0
2022-02-01,99D,0,0.0
2022-09-01,99D,0,0.0
2023-10-01,99D,0,0.0
2024-05-01,99D,0,0.0
2024-09-01,99D,0,0.0
2025-07-01,99D,0,0.0
2025-08-01,99D,0,0.0
2023-03-01,99D,0,0.0
2021-11-01,99D,0,0.0
2022-05-01,99D,0,0.0
2024-04-01,99D,0,0.0
2024-12-01,99D,0,0.0
2021-06-01,99D,0,0.0
2024-08-01,99D,0,0.0
2026-01-01,99D,0,0.0
2022-07-01,99D,0,0.0
2023-07-01,99D,0,0.0
2025-05-01,99D,0,0.0
2023-12-01,99D,0,0.0
2024-11-01,99D,0,0.0
2025-06-01,99E,0,296.134
2022-05-01,99E,0,286.125
2023-11-01,99E,0,291.59799999999996
2024-07-01,99E,0,293.703
2026-04-01,99F,0,187.93099999999998
2021-11-01,99F,0,186.04500000000002
2025-11-01,99F,0,188.85399999999998
2023-05-01,99F,0,186.82
2026-01-01,99F,0,188.308
2024-04-01,99F,0,187.421
2025-09-01,99F,0,188.848
2026-05-01,99F,0,187.952
2024-08-01,99F,0,187.889
2025-10-01,99F,0,188.83399999999997
2022-09-01,99F,0,186.78199999999998
2022-08-01,99F,0,186.62400000000002
2024-11-01,99F,0,188.06199999999998
2021-07-01,99F,0,185.83000000000004
2024-12-01,99F,0,188.096
2023-09-01,99F,0,187.27399999999994
2026-06-01,99F,0,187.86700000000002
2021-08-01,99F,0,185.92800000000005
2025-02-01,99F,0,188.22799999999998
2025-04-01,99F,0,188.40800000000007
2023-04-01,99F,0,186.88899999999995
2026-03-01,99F,0,187.91899999999995
2024-05-01,99F,0,187.44199999999998
2022-11-01,99F,0,187.00799999999998
2023-11-01,99F,0,187.30900000000005
2025-05-01,99F,0,188.526
2023-02-01,99F,0,186.93400000000005
2023-07-01,99F,0,186.93900000000008
2024-06-01,99F,0,187.64599999999996
2026-02-01,99F,0,188.056
2024-07-01,99F,0,187.783
2025-12-01,99F,0,188.44
2024-10-01,99F,0,188.02599999999998
2022-06-01,99F,0,186.377
2024-01-01,99F,0,187.35600000000002
2022-05-01,99F,0,186.29999999999998
2025-07-01,99F,0,188.60799999999992
2022-03-01,99G,0,190.41900000000004
2022-12-01,99G,0,190.857
2025-08-01,99G,0,196.636
2022-02-01,99G,0,190.413
2023-03-01,99G,0,191.53199999999995
2025-06-01,99G,0,196.494
2022-04-01,99G,0,190.537
2025-05-01,99G,0,196.40700000000004
2026-03-01,99G,0,196.539
2022-10-01,99G,0,190.57100000000005
2023-08-01,99G,0,192.75699999999992
2025-04-01,99G,0,196.27400000000006
2024-11-01,99G,0,196.04300000000003
2024-10-01,99G,0,195.82100000000003
2022-08-01,99G,0,190.59199999999996
2025-03-01,99G,0,196.37499999999997
2023-07-01,99G,0,192.48400000000004
2024-02-01,99G,0,194.35399999999996
2022-06-01,99G,0,190.48800000000003
2022-09-01,99G,0,190.74099999999999
2021-11-01,99G,0,190.33300000000006
2023-06-01,99G,0,192.19799999999998
2026-04-01,99G,0,196.5150000000001
2026-06-01,99G,0,196.19499999999996
2024-09-01,99G,0,195.85300000000004
2023-04-01,99G,0,191.82799999999997
2026-02-01,99G,0,196.61299999999997
2023-09-01,99G,0,193.00700000000003
2024-05-01,99G,0,194.99900000000002
2021-10-01,99G,0,190.295
2023-02-01,99G,0,191.225
2026-05-01,99G,0,196.40000000000003
2024-07-01,99G,0,195.47000000000003
2025-02-01,99G,0,196.52
2025-01-01,99G,0,196.38799999999998
2024-04-01,99G,0,194.58200000000002
2023-05-01,99G,0,191.94199999999998
2024-03-01,99G,0,194.61799999999997
2024-05-01,99H,0,0.0
2026-02-01,99H,0,0.0
2023-06-01,99H,0,0.0
2021-07-01,99H,0,0.0
2022-03-01,99H,0,0.0
2023-03-01,99H,0,0.0
2025-05-01,99H,0,0.0
2022-11-01,99H,0,0.0
2024-02-01,99H,0,0.0
2022-08-01,99H,0,0.0
2025-09-01,99H,0,0.0
2026-06-01,99H,0,0.0
2023-02-01,99H,0,0.0
2026-01-01,99H,0,0.0
2022-01-01,99H,0,0.0
2024-01-01,99H,0,0.0
2025-07-01,99H,0,0.0
2024-11-01,99H,0,0.0
2024-08-01,99H,0,0.0
2025-02-01,99H,0,0.0
2024-07-01,99H,0,0.0
2025-04-01,99H,0,0.0
2022-12-01,99H,0,0.0
2025-12-01,99H,0,0.0
2024-10-01,99H,0,0.0
2026-03-01,99H,0,0.0
2023-09-01,99H,0,0.0
2023-11-01,99H,0,0.0
2023-12-01,99H,0,0.0
2026-05-01,99H,0,0.0
2024-04-01,99H,0,0.0
2022-06-01,99H,0,0.0
2025-01-01,99H,0,0.0
2023-07-01,99H,0,0.0
2023-08-01,99H,0,0.0
2024-03-01,99H,0,0.0
2021-10-01,99H,0,0.0
2022-04-01,99H,0,0.0
2022-09-01,99H,0,0.0
2023-10-01,99H,0,0.0
2025-08-01,99H,0,0.0
2021-11-01,99H,0,0.0
2021-12-01,99H,0,0.0
2024-06-01,99H,0,0.0
2021-06-01,99H,0,0.0
2022-05-01,99H,0,0.0
2024-12-01,99H,0,0.0
2023-04-01,99H,0,0.0
2021-08-01,99H,0,0.0
2025-06-01,99H,0,0.0
2025-11-01,99H,0,0.0
2026-04-01,99H,0,0.0
2023-01-01,99H,0,0.0
2025-03-01,99H,0,0.0
2021-09-01,99H,0,0.0
2022-02-01,99H,0,0.0
2022-10-01,99H,0,0.0
2025-10-01,99H,0,0.0
2022-07-01,99H,0,0.0
2024-09-01,99H,0,0.0
2023-05-01,99H,0,0.0
2023-04-01,99J,0,0.0
2025-10-01,99J,0,0.0
2021-12-01,99J,0,0.0
2024-01-01,99J,0,0.0
2025-07-01,99J,0,0.0
2023-01-01,99J,0,0.0
2022-05-01,99J,0,0.0
2022-11-01,99J,0,0.0
2024-11-01,99J,0,0.0
2026-03-01,99J,0,0.0
2021-09-01,99J,0,0.0
2024-05-01,99J,0,0.0
2024-10-01,99J,0,0.0
2026-02-01,99J,0,0.0
2022-12-01,99J,0,0.0
2023-09-01,99J,0,0.0
2024-02-01,99J,0,0.0
2022-07-01,99J,0,0.0
2024-04-01,99J,0,0.0
2025-12-01,99J,0,0.0
2026-04-01,99J,0,0.0
2021-06-01,99J,0,0.0
2021-11-01,99J,0,0.0
2022-08-01,99J,0,0.0
2025-11-01,99J,0,0.0
2023-08-01,99J,0,0.0
2022-04-01,99J,0,0.0
2021-10-01,99J,0,0.0
2025-08-01,99J,0,0.0
2024-03-01,99J,0,0.0
2023-12-01,99J,0,0.0
2022-06-01,99J,0,0.0
2025-02-01,99J,0,0.0
2026-01-01,99J,0,0.0
2024-06-01,99J,0,0.0
2023-10-01,99J,0,0.0
2022-10-01,99J,0,0.0
2025-03-01,99J,0,0.0
2023-05-01,99J,0,0.0
2023-02-01,99J,0,0.0
2022-02-01,99J,0,0.0
2021-08-01,99J,0,0.0
2023-07-01,99J,0,0.0
2024-09-01,99J,0,0.0
2025-04-01,99J,0,0.0
2026-06-01,99J,0,0.0
2025-01-01,99J,0,0.0
2024-07-01,99J,0,0.0
2025-09-01,99J,0,0.0
2022-09-01,99J,0,0.0
2022-01-01,99J,0,0.0
2021-07-01,99J,0,0.0
2023-06-01,99J,0,0.0
2025-05-01,99J,0,0.0
2023-11-01,99J,0,0.0
2024-08-01,99J,0,0.0
2022-03-01,99J,0,0.0
2023-03-01,99J,0,0.0
2025-06-01,99J,0,0.0
2026-05-01,99J,0,0.0
2024-12-01,99J,0,0.0
2024-04-01,99K,0,0.0
2025-01-01,99K,0,0.0
2023-07-01,99K,0,0.0
2025-05-01,99K,0,0.0
2023-05-01,99K,0,0.0
2026-01-01,99K,0,0.0
2023-06-01,99K,0,0.0
2023-08-01,99K,0,0.0
2025-06-01,99K,0,0.0
2026-06-01,99K,0,0.0
2022-07-01,99K,0,0.0
2021-07-01,99K,0,0.0
2024-03-01,99K,0,0.0
2024-09-01,99K,0,0.0
2021-10-01,99K,0,0.0
2026-02-01,99K,0,0.0
2023-10-01,99K,0,0.0
2024-05-01,99K,0,0.0
2022-09-01,99K,0,0.0
2021-11-01,99K,0,0.0
2023-04-01,99K,0,0.0
2021-06-01,99K,0,0.0
2024-06-01,99K,0,0.0
2021-08-01,99K,0,0.0
2025-02-01,99K,0,0.0
2026-03-01,99K,0,0.0
2022-12-01,99K,0,0.0
2023-01-01,99K,0,0.0
2022-10-01,99K,0,0.0
2026-04-01,99K,0,0.0
2023-09-01,99K,0,0.0
2022-04-01,99K,0,0.0
2023-11-01,99K,0,0.0
2023-12-01,99K,0,0.0
2022-02-01,99K,0,0.0
2024-02-01,99K,0,0.0
2021-12-01,99K,0,0.0
2023-02-01,99K,0,0.0
2025-10-01,99K,0,0.0
2023-03-01,99K,0,0.0
2022-11-01,99K,0,0.0
2025-12-01,99K,0,0.0
2025-11-01,99K,0,0.0
2022-01-01,99K,0,0.0
2022-08-01,99K,0,0.0
2024-01-01,99K,0,0.0
2025-07-01,99K,0,0.0
2024-10-01,99K,0,0.0
2022-03-01,99K,0,0.0
2024-07-01,99K,0,0.0
2025-08-01,99K,0,0.0
2022-06-01,99K,0,0.0
2022-05-01,99K,0,0.0
2024-11-01,99K,0,0.0
2024-12-01,99K,0,0.0
2025-03-01,99K,0,0.0
2024-08-01,99K,0,0.0
2025-04-01,99K,0,0.0
2021-09-01,99K,0,0.0
2025-09-01,99K,0,0.0
2026-05-01,99K,0,0.0
2025-12-01,99M,0,0.0
2021-11-01,99M,0,0.0
2024-08-01,99M,0,0.0
2024-09-01,99M,0,0.0
2021-09-01,99M,0,0.0
2025-05-01,99M,0,0.0
2026-05-01,99M,0,0.0
2021-08-01,99M,0,0.0
2022-01-01,99M,0,0.0
2021-10-01,99M,0,0.0
2025-09-01,99M,0,0.0
2026-01-01,99M,0,0.0
2024-12-01,99M,0,0.0
2026-04-01,99M,0,0.0
2025-07-01,99M,0,0.0
2022-10-01,99M,0,0.0
2023-02-01,99M,0,0.0
2023-10-01,99M,0,0.0
2024-10-01,99M,0,0.0
2024-02-01,99M,0,0.0
2023-09-01,99M,0,0.0
2024-03-01,99M,0,0.0
2023-06-01,99M,0,0.0
2025-01-01,99M,0,0.0
2024-07-01,99M,0,0.0
2023-04-01,99M,0,0.0
2025-11-01,99M,0,0.0
2021-12-01,99M,0,0.0
2026-03-01,99M,0,0.0
2023-11-01,99M,0,0.0
2022-02-01,99M,0,0.0
2022-12-01,99M,0,0.0
2023-03-01,99M,0,0.0
2025-06-01,99M,0,0.0
2026-06-01,99M,0,0.0
2022-09-01,99M,0,0.0
2022-04-01,99M,0,0.0
2022-11-01,99M,0,0.0
2022-08-01,99M,0,0.0
2024-04-01,99M,0,0.0
2022-05-01,99M,0,0.0
2023-01-01,99M,0,0.0
2025-10-01,99M,0,0.0
2021-07-01,99M,0,0.0
2023-08-01,99M,0,0.0
2025-02-01,99M,0,0.0
2025-03-01,99M,0,0.0
2021-06-01,99M,0,0.0
2024-01-01,99M,0,0.0
2024-06-01,99M,0,0.0
2023-07-01,99M,0,0.0
2024-05-01,99M,0,0.0
2025-08-01,99M,0,0.0
2023-12-01,99M,0,0.0
2022-03-01,99M,0,0.0
2023-05-01,99M,0,0.0
2024-11-01,99M,0,0.0
2025-04-01,99M,0,0.0
2026-02-01,99M,0,0.0
2022-06-01,99M,0,0.0
2022-07-01,99M,0,0.0
2022-03-01,99N,0,0.0
2026-05-01,99N,0,0.0
2025-08-01,99N,0,0.0
2026-01-01,99N,0,0.0
2021-07-01,99N,0,0.0
2022-02-01,99N,0,0.0
2023-12-01,99N,0,0.0
2021-11-01,99N,0,0.0
2022-06-01,99N,0,0.0
2024-02-01,99N,0,0.0
2025-04-01,99N,0,0.0
2024-07-01,99N,0,0.0
2022-10-01,99N,0,0.0
2022-09-01,99N,0,0.0
2024-09-01,99N,0,0.0
2025-05-01,99N,0,0.0
2025-10-01,99N,0,0.0
2023-02-01,99N,0,0.0
2024-03-01,99N,0,0.0
2024-10-01,99N,0,0.0
2023-01-01,99N,0,0.0
2021-08-01,99N,0,0.0
2022-07-01,99N,0,0.0
2021-12-01,99N,0,0.0
2025-02-01,99N,0,0.0
2026-03-01,99N,0,0.0
2026-04-01,99N,0,0.0
2022-08-01,99N,0,0.0
2023-03-01,99N,0,0.0
2023-07-01,99N,0,0.0
2025-09-01,99N,0,0.0
2023-05-01,99N,0,0.0
2025-11-01,99N,0,0.0
2025-01-01,99N,0,0.0
2021-09-01,99N,0,0.0
2024-12-01,99N,0,0.0
2022-01-01,99N,0,0.0
2023-04-01,99N,0,0.0
2023-11-01,99N,0,0.0
2024-05-01,99N,0,0.0
2021-06-01,99N,0,0.0
2024-04-01,99N,0,0.0
2023-06-01,99N,0,0.0
2024-01-01,99N,0,0.0
2023-10-01,99N,0,0.0
2025-07-01,99N,0,0.0
2026-02-01,99N,0,0.0
2026-06-01,99N,0,0.0
2023-09-01,99N,0,0.0
2024-11-01,99N,0,0.0
2025-06-01,99N,0,0.0
2021-10-01,99N,0,0.0
2024-08-01,99N,0,0.0
2022-12-01,99N,0,0.0
2025-12-01,99N,0,0.0
2022-11-01,99N,0,0.0
2024-06-01,99N,0,0.0
2025-03-01,99N,0,0.0
2023-08-01,99N,0,0.0
2022-04-01,99N,0,0.0
2022-05-01,99N,0,0.0
2022-03-01,99P,0,0.0
2023-07-01,99P,0,0.0
2023-12-01,99P,0,0.0
2024-01-01,99P,0,0.0
2022-02-01,99P,0,0.0
2025-12-01,99P,0,0.0
2024-12-01,99P,0,0.0
2021-08-01,99P,0,0.0
2024-08-01,99P,0,0.0
2025-02-01,99P,0,0.0
2021-10-01,99P,0,0.0
2021-11-01,99P,0,0.0
2021-07-01,99P,0,0.0
2022-11-01,99P,0,0.0
2022-10-01,99P,0,0.0
2023-11-01,99P,0,0.0
2026-03-01,99P,0,0.0
2024-06-01,99P,0,0.0
2025-08-01,99P,0,0.0
2023-02-01,99P,0,0.0
2025-06-01,99P,0,0.0
2026-04-01,99P,0,0.0
2023-05-01,99P,0,0.0
2022-07-01,99P,0,0.0
2024-11-01,99P,0,0.0
2025-10-01,99P,0,0.0
2025-04-01,99P,0,0.0
2021-09-01,99P,0,0.0
2021-12-01,99P,0,0.0
2025-07-01,99P,0,0.0
2022-06-01,99P,0,0.0
2024-07-01,99P,0,0.0
2022-08-01,99P,0,0.0
2023-09-01,99P,0,0.0
2024-05-01,99P,0,0.0
2025-01-01,99P,0,0.0
2024-10-01,99P,0,0.0
2022-01-01,99P,0,0.0
2022-09-01,99P,0,0.0
2023-01-01,99P,0,0.0
2025-05-01,99P,0,0.0
2023-10-01,99P,0,0.0
2026-02-01,99P,0,0.0
2023-04-01,99P,0,0.0
2024-03-01,99P,0,0.0
2022-05-01,99P,0,0.0
2022-12-01,99P,0,0.0
2026-05-01,99P,0,0.0
2021-06-01,99P,0,0.0
2022-04-01,99P,0,0.0
2023-08-01,99P,0,0.0
2026-01-01,99P,0,0.0
2025-03-01,99P,0,0.0
2024-09-01,99P,0,0.0
2025-11-01,99P,0,0.0
2024-04-01,99P,0,0.0
2025-09-01,99P,0,0.0
2023-06-01,99P,0,0.0
2023-03-01,99P,0,0.0
2024-02-01,99P,0,0.0
2026-06-01,99P,0,0.0
2024-06-01,99Q,0,0.0
2025-06-01,99Q,0,0.0
2026-04-01,99Q,0,0.0
2023-01-01,99Q,0,0.0
2021-06-01,99Q,0,0.0
2023-02-01,99Q,0,0.0
2023-03-01,99Q,0,0.0
2024-10-01,99Q,0,0.0
2025-09-01,99Q,0,0.0
2025-12-01,99Q,0,0.0
2023-04-01,99Q,0,0.0
2025-02-01,99Q,0,0.0
2021-07-01,99Q,0,0.0
2022-02-01,99Q,0,0.0
2022-06-01,99Q,0,0.0
2024-11-01,99Q,0,0.0
2023-05-01,99Q,0,0.0
2024-01-01,99Q,0,0.0
2024-09-01,99Q,0,0.0
2025-07-01,99Q,0,0.0
2021-10-01,99Q,0,0.0
2023-07-01,99Q,0,0.0
2023-09-01,99Q,0,0.0
2025-11-01,99Q,0,0.0
2026-06-01,99Q,0,0.0
2022-03-01,99Q,0,0.0
2025-04-01,99Q,0,0.0
2022-10-01,99Q,0,0.0
2021-11-01,99Q,0,0.0
2021-12-01,99Q,0,0.0
2022-05-01,99Q,0,0.0
2025-08-01,99Q,0,0.0
2024-04-01,99Q,0,0.0
2025-05-01,99Q,0,0.0
2022-09-01,99Q,0,0.0
2023-08-01,99Q,0,0.0
2024-07-01,99Q,0,0.0
2022-07-01,99Q,0,0.0
2026-05-01,99Q,0,0.0
2022-01-01,99Q,0,0.0
2023-12-01,99Q,0,0.0
2022-08-01,99Q,0,0.0
2022-12-01,99Q,0,0.0
2024-12-01,99Q,0,0.0
2022-11-01,99Q,0,0.0
2024-05-01,99Q,0,0.0
2021-09-01,99Q,0,0.0
2021-08-01,99Q,0,0.0
2023-06-01,99Q,0,0.0
2026-02-01,99Q,0,0.0
2025-03-01,99Q,0,0.0
2025-10-01,99Q,0,0.0
2026-01-01,99Q,0,0.0
2024-03-01,99Q,0,0.0
2024-08-01,99Q,0,0.0
2025-01-01,99Q,0,0.0
2024-02-01,99Q,0,0.0
2026-03-01,99Q,0,0.0
2023-10-01,99Q,0,0.0
2022-04-01,99Q,0,0.0
2023-11-01,99Q,0,0.0
2023-11-01,B2M3M,0,1096.413
2021-12-01,B2M3M,0,1047.254
2024-02-01,B2M3M,0,1101.0480000000002
2024-01-01,B2M3M,0,1098.6080000000002
2023-06-01,B2M3M,0,1079.6789999999994
2022-02-01,B2M3M,0,1048.5750000000005
2025-10-01,B2M3M,0,1123.0349999999999
2026-02-01,B2M3M,0,1122.3509999999999
2025-09-01,B2M3M,0,1118.0510000000004
2025-08-01,B2M3M,0,1117.4320000000005
2025-11-01,D2P2L,0,1343.4720000000002
2026-03-01,D2P2L,0,1338.307999999999
2023-09-01,D2P2L,0,1315.2750000000003
2025-09-01,D2P2L,0,1343.9309999999998
2022-12-01,D2P2L,0,1298.523
2022-04-01,D2P2L,0,1288.917
2024-05-01,D2P2L,0,1333.4870000000003
2025-03-01,D2P2L,0,1341.65
2024-10-01,D2P2L,0,1338.9189999999992
2025-04-01,D2P2L,0,1342.1280000000002
2026-04-01,D2P2L,0,1337.7389999999994
2025-07-01,D2P2L,0,1343.634
2023-03-01,D2P2L,0,1303.6469999999995
2022-05-01,D4U1Y,0,0.0
2023-04-01,D4U1Y,0,0.0
2023-10-01,D4U1Y,0,0.0
2023-07-01,D4U1Y,0,0.0
2025-03-01,D4U1Y,0,0.0
2024-03-01,D4U1Y,0,0.0
2026-01-01,D4U1Y,0,0.0
2025-08-01,D4U1Y,0,0.0
2021-10-01,D4U1Y,0,0.0
2024-05-01,D4U1Y,0,0.0
2025-05-01,D4U1Y,0,0.0
2025-06-01,D4U1Y,0,0.0
2024-10-01,D4U1Y,0,0.0
2026-03-01,D4U1Y,0,0.0
2022-07-01,D4U1Y,0,0.0
2022-08-01,D4U1Y,0,0.0
2026-05-01,D4U1Y,0,0.0
2023-03-01,D4U1Y,0,0.0
2023-05-01,D4U1Y,0,0.0
2026-04-01,D4U1Y,0,0.0
2021-08-01,D4U1Y,0,0.0
2025-01-01,D4U1Y,0,0.0
2024-11-01,D4U1Y,0,0.0
2025-04-01,D4U1Y,0,0.0
2025-02-01,D4U1Y,0,0.0
2023-02-01,D4U1Y,0,0.0
2024-08-01,D4U1Y,0,0.0
2023-12-01,D4U1Y,0,0.0
2022-02-01,D4U1Y,0,0.0
2023-11-01,D4U1Y,0,0.0
2026-02-01,D4U1Y,0,0.0
2021-11-01,D4U1Y,0,0.0
2024-01-01,D4U1Y,0,0.0
2023-09-01,D4U1Y,0,0.0
2025-12-01,D4U1Y,0,0.0
2021-06-01,D4U1Y,0,0.0
2022-12-01,D4U1Y,0,0.0
2023-06-01,D4U1Y,0,0.0
2023-01-01,D4U1Y,0,0.0
2024-07-01,D4U1Y,0,0.0
2025-09-01,D4U1Y,0,0.0
2022-11-01,D4U1Y,0,0.0
2021-07-01,D4U1Y,0,0.0
2024-06-01,D4U1Y,0,0.0
2025-10-01,D4U1Y,0,0.0
2025-11-01,D4U1Y,0,0.0
2022-09-01,D4U1Y,0,0.0
2025-07-01,D4U1Y,0,0.0
2024-02-01,D4U1Y,0,0.0
2024-09-01,D4U1Y,0,0.0
2022-04-01,D4U1Y,0,0.0
2023-08-01,D4U1Y,0,0.0
2024-12-01,D4U1Y,0,0.0
2024-04-01,D4U1Y,0,0.0
2022-10-01,D4U1Y,0,0.0
2021-09-01,D4U1Y,0,0.0
2021-12-01,D4U1Y,0,0.0
2022-06-01,D4U1Y,0,0.0
2022-01-01,D4U1Y,0,0.0
2022-03-01,D4U1Y,0,0.0
2026-06-01,D4U1Y,0,0.0
2025-07-01,M2L0M,0,537.4499999999999
2026-04-01,M2L0M,0,537.6379999999999
2025-12-01,M2L0M,0,538.1120000000001
2023-04-01,M2L0M,0,524.687
2025-04-01,M2L0M,0,536.6540000000002
2025-09-01,M2L0M,0,537.7020000000001
2026-02-01,M2L0M,0,538.1070000000001
2026-05-01,M2L0M,0,537.2800000000002
2024-11-01,M2L0M,0,536.056
2024-08-01,M2L0M,0,534.4080000000002
2024-07-01,M2L0M,0,533.587
2024-01-01,U2G6B,0,493.3299999999999
2024-08-01,U2G6B,0,497.94500000000005
2021-07-01,U2G6B,0,455.02700000000016
2026-05-01,U2G6B,0,499.34299999999996
2021-09-01,U2G6B,0,455.88199999999995
2024-10-01,U2G6B,0,498.9059999999999
2024-03-01,U2G6B,0,494.50000000000006
2026-06-01,U2G6B,0,498.413
2024-06-01,U2G6B,0,497.036
2026-02-01,U2G6B,0,500.9820000000001
2021-10-01,U2G6B,0,455.946
2024-04-01,U2G6B,0,495.10499999999985
2025-11-01,U2G6B,0,503.55499999999995
2022-09-01,U2G6B,0,462.03
2024-07-01,U2G6B,0,497.32900000000006
2021-06-01,U2G6B,0,454.7250000000001
2026-04-01,U2G6B,0,499.84800000000007
2023-11-01,U2G6B,0,491.99600000000004
2025-07-01,U2G6B,0,503.0970000000001
2022-12-01,U2G6B,0,464.898
2021-11-01,U2G6B,0,456.4079999999999
2022-02-01,U2G6B,0,457.68000000000006
2022-05-01,U2G6B,0,458.92999999999984
2022-07-01,U2G6B,0,460.45400000000006
2022-04-01,U2G6B,0,458.0110000000001
2025-03-01,U2G6B,0,502.084
2024-02-01,U2G6B,0,493.96900000000005
2022-01-01,U2G6B,0,457.53400000000005
2021-12-01,U2G6B,0,457.016
2024-11-01,U2G6B,0,500.0730000000001
2025-09-01,U2G6B,0,503.77299999999997
2024-12-01,U2G6B,0,501.005
2024-09-01,U2G6B,0,498.33699999999993
2025-08-01,U2G6B,0,503.704
2026-03-01,U2G6B,0,500.1820000000001
2021-08-01,U2G6B,0,455.34500000000014
2022-10-01,U2G6B,0,462.9360000000001
2023-06-01,U2G6B,0,468.7879999999999
2025-12-01,U2G6B,0,503.0669999999999
2022-08-01,U2G6B,0,460.99
2023-12-01,U2G6B,0,492.74500000000006
2025-10-01,U2G6B,0,503.79400000000004
2022-06-01,U2G6B,0,459.74900000000014
2023-01-01,U2G6B,0,465.598
2023-03-01,U2G6B,0,467.15400000000005
2023-09-01,U2G6B,0,489.50499999999994
2022-11-01,U2G6B,0,463.82399999999996
2023-10-01,U2G6B,0,490.76599999999996
2024-05-01,U2G6B,0,496.3070000000001
2026-01-01,U2G6B,0,502.08000000000004
2023-09-01,W2U3Z,0,2851.012999999996
2023-06-01,W2U3Z,0,2839.250999999999
2026-06-01,W2U3Z,0,2893.0999999999995
2022-08-01,W2U3Z,0,2789.9219999999996
2024-09-01,W2U3Z,0,2899.4970000000008
2021-06-01,W2U3Z,0,2679.004999999999
2024-06-01,W2U3Z,0,2893.0960000000005
2025-09-01,W2U3Z,0,2921.908999999999
2025-07-01,X2C4Y,0,462.515
2021-08-01,X2C4Y,0,448.25499999999994
2021-06-01,X2C4Y,0,447.831
2024-05-01,X2C4Y,0,459.94699999999995
2025-01-01,X2C4Y,0,462.07699999999994
2025-03-01,X2C4Y,0,462.3960000000001
2025-04-01,X2C4Y,0,462.36600000000004
2025-11-01,X2C4Y,0,462.54999999999984
2023-11-01,X2C4Y,0,457.70200000000006
2024-06-01,X2C4Y,0,460.238
2025-08-01,X2C4Y,0,462.52399999999994
2021-12-01,X2C4Y,0,449.2809999999998
2024-12-01,X2C4Y,0,462.1150000000001
2025-10-01,X2C4Y,0,462.63300000000015
2023-07-01,X2C4Y,0,456.111
2026-02-01,X2C4Y,0,462.0619999999999
2021-11-01,X2C4Y,0,448.90600000000023
2024-02-01,X2C4Y,0,458.8870000000001
2024-01-01,X2C4Y,0,458.4240000000001
2024-08-01,X2C4Y,0,460.81
2025-02-01,X2C4Y,0,462.2179999999999
2023-12-01,X2C4Y,0,458.138
2022-02-01,X2C4Y,0,449.8720000000002
2023-01-01,X2C4Y,0,453.491
2022-12-01,X2C4Y,0,453.4080000000001
2023-05-01,X2C4Y,0,455.349
2021-07-01,X2C4Y,0,448.2400000000001
2025-06-01,X2C4Y,0,462.5209999999999
2023-03-01,X2C4Y,0,454.57099999999997
2025-12-01,X2C4Y,0,462.3520000000001
2025-05-01,X2C4Y,0,462.3919999999997
2022-09-01,X2C4Y,0,451.686
2022-01-01,X2C4Y,0,449.5729999999999
2024-12-01,00N,1,159.93
2023-05-01,00N,1,159.16799999999998
2024-06-01,00N,1,160.02400000000003
2024-05-01,00N,1,159.94400000000005
2025-05-01,00N,1,159.77500000000003
2025-07-01,00N,1,159.66799999999998
2023-10-01,00N,1,159.658
2021-06-01,00N,1,158.615
2022-04-01,00N,1,158.827
2025-09-01,00N,1,159.60000000000002
2024-08-01,00N,1,159.971
2025-11-01,00N,1,159.508
2022-07-01,00N,1,158.91799999999998
2021-10-01,00N,1,158.75499999999997
2025-10-01,00N,1,159.60100000000003
2024-01-01,00N,1,159.85399999999998
2024-09-01,00N,1,159.98899999999998
2025-01-01,00N,1,159.953
2022-05-01,00P,1,286.8549999999999
2025-08-01,00P,1,295.2990000000001
2024-04-01,00P,1,294.3540000000002
2022-06-01,00P,1,286.853
2026-05-01,00P,1,294.961
2025-07-01,00P,1,295.323
2024-12-01,00P,1,295.61500000000007
2021-07-01,00P,1,284.69
2025-11-01,00P,1,295.684
2024-05-01,00P,1,294.779
2025-04-01,00P,1,295.45899999999995
2023-02-01,00P,1,289.389
2025-02-01,00P,1,295.51900000000006
2022-11-01,00P,1,288.0969999999999
2026-03-01,00P,1,295.064
2022-08-01,00P,1,286.9819999999999
2023-01-01,00P,1,289.36100000000005
2024-08-01,00P,1,295.04999999999995
2025-12-01,00P,1,295.60600000000005
2025-09-01,00P,1,295.229
2023-06-01,00P,1,290.3810000000001
2021-06-01,00P,1,284.451
2023-08-01,00P,1,290.91800000000006
2023-12-01,00P,1,293.1290000000001
2023-05-01,00P,1,290.22400000000005
2025-03-01,00P,1,295.47900000000004
2022-01-01,00Q,1,180.95800000000003
2022-07-01,00Q,1,181.615
2024-11-01,00Q,1,187.528
2024-02-01,00Q,1,185.64199999999997
2024-06-01,00Q,1,186.94599999999997
2026-02-01,00Q,1,188.477
2023-08-01,00Q,1,183.93500000000006
2024-05-01,00Q,1,186.659
2022-06-01,00Q,1,181.45999999999995
2023-10-01,00Q,1,184.39299999999997
2024-03-01,00Q,1,185.74900000000002
2024-07-01,00Q,1,187.053
2025-08-01,00Q,1,188.393
2024-01-01,00Q,1,185.34899999999993
2025-12-01,00Q,1,188.48599999999993
2023-01-01,00Q,1,182.406
2021-11-01,00Q,1,180.71699999999998
2025-09-01,00Q,1,188.58199999999997
2024-08-01,00Q,1,186.79900000000004
2026-04-01,00Q,1,188.34400000000002
2022-03-01,00Q,1,181.242
2024-12-01,00Q,1,187.66200000000003
2023-04-01,00Q,1,183.00500000000002
2022-05-01,00Q,1,181.458
2023-06-01,00Q,1,183.412
2025-05-01,00Q,1,187.90400000000002
2024-10-01,00Q,1,187.28
2025-07-01,00Q,1,188.106
2022-12-01,00Q,1,182.31999999999996
2022-11-01,00Q,1,182.088
2022-04-01,00Q,1,181.34400000000005
2021-11-01,00R,1,175.469
2025-03-01,00R,1,178.79599999999996
2024-06-01,00R,1,178.797
2021-08-01,00R,1,175.083
2022-10-01,00R,1,176.731
2023-02-01,00R,1,177.04499999999996
2023-06-01,00R,1,177.711
2023-04-01,00T,1,323.801
2024-05-01,00T,1,331.1710000000001
2024-10-01,00T,1,333.248
2026-06-01,00T,1,334.43199999999996
2025-09-01,00T,1,334.77699999999993
2024-04-01,00T,1,329.9899999999999
2023-03-01,00T,1,323.64199999999994
2023-01-01,00T,1,323.16499999999996
2022-07-01,00T,1,321.154
2021-10-01,00T,1,318.64300000000003
2023-08-01,00T,1,326.26599999999996
2023-12-01,00T,1,328.45700000000005
2025-11-01,00T,1,335.18899999999996
2021-09-01,00V,1,208.284
2023-02-01,00V,1,209.63400000000001
2022-07-01,00V,1,209.209
2021-12-01,00V,1,208.399
2024-03-01,00V,1,211.58600000000004
2024-09-01,00V,1,212.35899999999998
2022-05-01,00V,1,209.01200000000003
2021-11-01,00V,1,208.245
2026-02-01,00V,1,212.13299999999998
2024-07-01,00V,1,212.09000000000003
2022-03-01,00V,1,208.67599999999996
2025-02-01,00V,1,212.77900000000005
2022-12-01,00V,1,209.40499999999997
2023-08-01,00V,1,210.29699999999997
2021-07-01,00V,1,208.017
2022-08-01,00V,1,209.35
2024-06-01,00V,1,211.94199999999998
2022-09-01,00V,1,209.43100000000004
2023-04-01,00V,1,209.71700000000004
2024-05-01,00V,1,211.79500000000002
2023-03-01,00X,1,189.64000000000004
2022-02-01,00X,1,187.935
2023-07-01,00X,1,190.29199999999997
2025-01-01,00X,1,193.52699999999993
2021-08-01,00Y,1,261.244
2024-10-01,00Y,1,269.627
2025-07-01,00Y,1,269.20300000000003
2023-01-01,00Y,1,263.73600000000005
2023-10-01,00Y,1,266.15799999999996
2024-12-01,00Y,1,269.381
2021-12-01,00Y,1,261.80699999999996
2025-02-01,00Y,1,269.409
2025-09-01,00Y,1,269.283
2022-04-01,00Y,1,262.406
2023-11-01,00Y,1,266.6760000000001
2022-05-01,00Y,1,262.551
2023-07-01,00Y,1,265.19399999999996
2024-02-01,00Y,1,267.823
2024-09-01,00Y,1,270.0
2025-08-01,00Y,1,269.276
2022-01-01,00Y,1,262.089
2021-11-01,00Y,1,261.62600000000003
2022-11-01,00Y,1,263.3770000000001
2022-09-01,00Y,1,263.06899999999996
2025-06-01,00Y,1,269.252
2022-11-01,01A,1,398.31300000000016
2024-03-01,01A,1,405.8110000000001
2025-02-01,01A,1,410.82400000000007
2025-07-01,01A,1,411.439
2022-05-01,01A,1,395.85000000000014
2025-06-01,01A,1,411.2110000000001
2026-02-01,01A,1,410.83999999999975
2025-05-01,01A,1,411.03799999999995
2025-04-01,01A,1,411.0130000000001
2026-05-01,01A,1,410.18399999999997
2023-04-01,01A,1,399.81100000000015
2022-07-01,01A,1,396.77700000000016
2026-03-01,01A,1,410.52200000000005
2022-03-01,01A,1,395.40399999999994
2021-08-01,01A,1,393.2620000000001
2023-06-01,01A,1,400.68399999999997
2021-11-01,01A,1,394.246
2022-06-01,01A,1,396.33200000000005
2022-09-01,01A,1,397.60900000000004
2021-06-01,01A,1,392.05500000000006
2022-04-01,01A,1,395.77799999999996
2024-12-01,01A,1,410.46599999999995
2022-10-01,01A,1,398.0379999999999
2024-11-01,01A,1,410.04699999999997
2026-06-01,01A,1,409.8920000000001
2022-08-01,01A,1,397.1059999999999
2021-09-01,01A,1,393.80300000000005
2021-10-01,01A,1,394.08700000000005
2023-11-01,01A,1,403.52500000000015
2024-07-01,01A,1,408.093
2025-01-01,01A,1,410.67900000000003
2024-01-01,01A,1,404.7
2024-06-01,01A,1,407.53599999999994
2021-12-01,01D,1,241.71700000000004
2021-11-01,01D,1,241.42199999999997
2023-07-01,01D,1,246.4060000000001
2022-06-01,01D,1,243.0619999999999
2025-02-01,01D,1,252.26699999999994
2025-04-01,01D,1,252.33900000000003
2022-08-01,01D,1,243.59300000000007
2023-01-01,01E,1,224.86399999999998
2021-06-01,01E,1,217.61599999999999
2024-11-01,01E,1,233.306
2024-04-01,01E,1,230.212
2022-01-01,01E,1,220.319
2023-08-01,01E,1,227.23100000000002
2024-02-01,01E,1,229.854
2022-02-01,01F,1,135.23299999999998
2022-05-01,01F,1,135.133
2022-01-01,01F,1,135.183
2022-10-01,01F,1,135.01399999999998
2021-08-01,01F,1,134.654
2021-12-01,01F,1,135.163
2023-09-01,01F,1,135.918
2025-03-01,01G,1,322.627
2024-08-01,01G,1,319.31600000000003
2024-12-01,01G,1,321.9309999999999
2026-03-01,01G,1,325.15400000000005
2022-03-01,01G,1,301.296
2026-06-01,01G,1,323.8700000000001
2023-02-01,01G,1,308.63599999999997
2023-08-01,01G,1,311.47000000000014
2021-11-01,01G,1,297.65999999999997
2022-08-01,01G,1,304.171
2024-06-01,01G,1,318.4279999999999
2023-11-01,01G,1,314.218
2025-04-01,01G,1,322.643
2024-01-01,01G,1,315.3659999999999
2021-10-01,01G,1,296.27399999999994
2023-04-01,01G,1,310.0769999999999
2021-08-01,01G,1,293.484
2026-06-01,01H,1,337.29400000000004
2026-01-01,01H,1,337.67899999999986
2026-03-01,01H,1,337.559
2025-07-01,01J,1,174.07799999999997
2024-01-01,01J,1,171.71900000000002
2025-12-01,01J,1,174.36
2025-10-01,01J,1,174.363
2025-11-01,01J,1,174.35700000000003
2026-01-01,01J,1,174.27200000000002
2023-07-01,01J,1,171.01999999999995
2023-10-01,01J,1,171.345
2024-06-01,01J,1,172.60499999999996
2021-10-01,01J,1,169.62900000000002
2023-08-01,01K,1,355.22300000000007
2023-05-01,01K,1,355.54699999999997
2024-01-01,01K,1,356.38599999999997
2023-01-01,01K,1,356.0100000000001
2022-04-01,01K,1,353.6900000000001
2021-06-01,01K,1,351.27000000000004
2023-07-01,01K,1,355.526
2021-07-01,01K,1,351.3790000000001
2022-07-01,01K,1,354.46999999999997
2023-11-01,01K,1,355.927
2021-08-01,01K,1,351.107
2022-05-01,01K,1,353.67800000000005
2025-06-01,01K,1,356.07300000000004
2022-12-01,01K,1,356.334
2023-10-01,01K,1,355.08799999999997
2022-03-01,01K,1,353.715
2023-02-01,01K,1,355.88500000000005
2022-09-01,01K,1,353.94900000000007
2021-08-01,01T,1,156.94799999999995
2022-01-01,01T,1,156.997
2022-10-01,01T,1,157.56099999999995
2025-12-01,01T,1,161.70199999999997
2025-07-01,01T,1,161.53399999999996
2023-04-01,01T,1,157.89299999999997
2022-12-01,01T,1,157.67800000000003
2024-07-01,01T,1,160.286
2025-01-01,01T,1,161.01899999999998
2025-11-01,01T,1,161.71899999999997
2022-09-01,01T,1,157.43299999999996
2025-02-01,01V,1,128.444
2025-03-01,01W,1,329.24999999999994
2026-05-01,01W,1,330.49800000000005
2022-07-01,01W,1,321.57499999999993
2021-11-01,01W,1,319.4699999999999
2025-08-01,01W,1,330.43399999999997
2023-09-01,01W,1,325.63899999999995
2024-12-01,01W,1,329.15399999999994
2025-06-01,01W,1,329.74600000000004
2022-12-01,01W,1,322.8780000000001
2026-04-01,01W,1,330.715
2024-03-01,01W,1,326.95699999999994
2022-01-01,01W,1,320.079
2023-12-01,01W,1,326.439
2022-08-01,01W,1,321.95500000000004
2024-04-01,01W,1,326.91099999999994
2025-11-01,01W,1,330.81100000000004
2025-09-01,01W,1,330.71199999999993
2022-11-01,01W,1,322.50700000000006
2022-04-01,01W,1,320.75699999999995
2022-09-01,01W,1,322.38100000000003
2025-12-01,01X,1,204.44600000000005
2024-06-01,01X,1,202.67100000000005
2023-07-01,01X,1,201.07
2025-05-01,01X,1,203.836
2023-06-01,01Y,1,222.39200000000002
2024-10-01,01Y,1,227.723
2025-09-01,01Y,1,228.835
2022-09-01,01Y,1,220.99499999999998
2025-12-01,01Y,1,228.896
2022-08-01,01Y,1,220.91600000000005
2025-02-01,01Y,1,228.512
2024-04-01,01Y,1,225.651
2025-11-01,01Y,1,228.83400000000003
2025-01-01,01Y,1,228.3170000000001
2023-09-01,01Y,1,223.39800000000002
2023-12-01,01Y,1,224.28599999999997
2024-01-01,01Y,1,224.44100000000003
2026-03-01,01Y,1,228.99200000000002
2022-06-01,01Y,1,220.71700000000004
2021-07-01,01Y,1,219.123
2022-11-01,01Y,1,221.09499999999997
2023-02-01,01Y,1,221.46100000000004
2022-04-01,02A,1,245.66000000000008
2021-10-01,02A,1,245.21399999999997
2021-06-01,02A,1,244.20400000000004
2022-03-01,02A,1,245.50900000000001
2025-04-01,02A,1,249.43999999999997
2021-11-01,02A,1,245.16600000000003
2023-06-01,02A,1,248.10999999999996
2025-02-01,02A,1,249.54700000000003
2023-04-01,02A,1,247.74200000000005
2021-09-01,02A,1,245.173
2022-06-01,02A,1,246.1579999999999
2022-01-01,02A,1,245.32999999999996
2022-08-01,02A,1,246.78700000000003
2021-07-01,02A,1,244.62300000000005
2022-07-01,02A,1,246.54599999999996
2022-09-01,02A,1,247.176
2023-03-01,02A,1,248.01399999999998
2021-10-01,02E,1,222.48300000000006
2023-07-01,02E,1,227.18299999999996
2023-02-01,02E,1,225.90099999999998
2023-01-01,02E,1,225.647
2022-05-01,02E,1,223.91299999999998
2024-02-01,02E,1,228.96600000000004
2022-08-01,02G,1,115.779
2021-12-01,02G,1,114.97299999999998
2023-02-01,02G,1,116.686
2024-11-01,02G,1,118.19200000000001
2021-11-01,02G,1,114.778
2022-07-01,02G,1,115.73500000000001
2021-08-01,02G,1,113.83100000000002
2022-10-01,02H,1,340.2010000000001
2024-04-01,02H,1,348.34899999999993
2025-11-01,02H,1,352.4390000000001
2025-12-01,02H,1,352.4529999999999
2026-03-01,02H,1,352.3090000000001
2024-10-01,02H,1,351.02200000000005
2025-05-01,02H,1,352.34100000000007
2023-07-01,02H,1,344.377
2022-02-01,02H,1,337.8270000000001
2021-11-01,02H,1,337.0030000000001
2024-11-01,02H,1,351.4219999999999
2025-10-01,02H,1,352.478
2026-01-01,02H,1,352.4629999999999
2026-02-01,02H,1,352.34999999999997
2025-04-01,02H,1,352.08
2025-01-01,02H,1,351.747
2025-02-01,02H,1,352.04200000000003
2025-09-01,02H,1,352.934
2025-06-01,02H,1,352.34600000000006
2021-07-01,02M,1,180.99
2024-02-01,02M,1,185.44400000000002
2024-09-01,02M,1,186.47199999999998
2022-09-01,02M,1,183.409
2022-03-01,02M,1,182.526
2023-02-01,02M,1,184.26699999999997
2024-07-01,02M,1,186.127
2023-08-01,02M,1,184.80299999999997
2025-02-01,02M,1,187.32500000000002
2023-01-01,02M,1,184.12099999999998
2021-10-01,02M,1,181.846
2024-04-01,02M,1,185.43900000000002
2023-03-01,02M,1,184.23800000000003
2023-05-01,02M,1,184.33499999999998
2023-09-01,02M,1,184.86999999999998
2024-11-01,02M,1,187.11800000000005
2023-12-01,02M,1,185.309
2024-01-01,02M,1,185.343
2024-11-01,02P,1,270.65
2026-01-01,02P,1,270.656
2025-12-01,02P,1,270.658
2026-06-01,02P,1,270.323
2025-11-01,02P,1,270.658
2022-07-01,02P,1,266.07099999999997
2022-10-01,02P,1,266.628
2025-08-01,02P,1,270.82399999999996
2025-05-01,02P,1,270.869
2021-06-01,02P,1,264.502
2026-03-01,02P,1,270.46899999999994
2022-05-01,02P,1,265.684
2024-12-01,02P,1,270.807
2022-09-01,02P,1,266.55499999999995
2024-07-01,02Q,1,126.94300000000001
2022-02-01,02Q,1,121.847
2024-01-01,02Q,1,125.869
2026-03-01,02T,1,225.426
2021-11-01,02T,1,222.32600000000002
2023-11-01,02T,1,224.23200000000003
2024-01-01,02T,1,224.233
2025-06-01,02X,1,340.525
2022-06-01,02X,1,328.79000000000013
2022-08-01,02X,1,329.48199999999997
2026-03-01,02X,1,340.74199999999996
2024-06-01,02X,1,337.82699999999994
2025-05-01,02X,1,340.42499999999995
2026-06-01,02X,1,340.4739999999998
2025-09-01,02X,1,341.35400000000004
2023-03-01,02X,1,331.60300000000007
2025-04-01,02X,1,340.2660000000001
2021-06-01,02X,1,326.1480000000001
2023-01-01,02X,1,330.94399999999996
2021-07-01,02X,1,326.629
2025-01-01,02X,1,339.92400000000004
2024-02-01,02X,1,336.06
2025-03-01,02X,1,340.02599999999995
2022-01-01,02X,1,327.561
2022-05-01,02X,1,328.283
2022-07-01,02X,1,329.03400000000005
2021-10-01,02X,1,327.1160000000001
2023-10-01,02X,1,334.53099999999995
2023-04-01,02X,1,331.898
2024-02-01,02Y,1,313.917
2026-01-01,02Y,1,320.25800000000004
2024-12-01,02Y,1,317.356
2025-07-01,02Y,1,318.867
2024-03-01,02Y,1,314.2320000000001
2023-04-01,02Y,1,311.3519999999999
2022-03-01,02Y,1,307.94599999999997
2025-10-01,02Y,1,319.909
2025-03-01,02Y,1,317.985
2025-08-01,02Y,1,319.40199999999993
2025-11-01,02Y,1,320.008
2024-05-01,02Y,1,314.90400000000005
2022-05-01,02Y,1,308.26
2024-08-01,02Y,1,316.1790000000001
2025-02-01,02Y,1,317.7469999999999
2021-07-01,02Y,1,307.347
2024-04-01,02Y,1,314.47399999999993
2023-10-01,02Y,1,312.946
2023-05-01,02Y,1,311.55199999999996
2023-08-01,03F,1,311.68100000000004
2022-09-01,03F,1,306.89199999999994
2022-10-01,03F,1,307.56899999999996
2024-11-01,03F,1,314.726
2024-10-01,03F,1,314.50700000000006
2021-07-01,03F,1,304.14200000000005
2022-02-01,03F,1,306.709
2021-11-01,03F,1,305.135
2021-12-01,03F,1,306.18399999999997
2026-02-01,03F,1,313.98900000000003
2021-08-01,03F,1,304.2989999999999
2022-05-01,03F,1,306.95900000000006
2023-02-01,03F,1,310.286
2022-01-01,03F,1,306.5899999999999
2023-03-01,03F,1,310.7699999999999
2021-09-01,03F,1,304.248
2023-10-01,03F,1,311.995
2022-03-01,03F,1,306.976
2024-02-01,03F,1,314.3279999999999
2023-04-01,03F,1,311.033
2022-12-01,03F,1,309.456
2025-01-01,03F,1,314.923
2022-08-01,03F,1,306.908
2023-06-01,03F,1,311.3949999999999
2021-06-01,03F,1,303.8460000000001
2022-07-01,03F,1,306.95399999999995
2023-05-01,03F,1,311.238
2022-11-01,03F,1,308.5180000000001
2023-01-01,03F,1,309.94799999999987
2024-11-01,03H,1,174.72
2024-08-01,03H,1,174.65200000000002
2022-10-01,03H,1,172.07099999999997
2022-06-01,03H,1,171.85299999999998
2022-04-01,03H,1,171.73499999999999
2021-11-01,03H,1,171.329
2025-03-01,03H,1,174.60100000000006
2022-08-01,03H,1,172.095
2025-05-01,03K,1,185.698
2024-12-01,03K,1,185.72499999999997
2025-01-01,03K,1,185.657
2026-02-01,03K,1,185.03300000000002
2024-07-01,03K,1,185.223
2023-08-01,03K,1,184.235
2022-11-01,03K,1,183.865
2023-01-01,03K,1,183.84799999999996
2025-09-01,03K,1,185.76100000000002
2022-07-01,03K,1,183.78900000000007
2023-06-01,03K,1,183.86699999999996
2024-04-01,03K,1,184.77700000000004
2025-03-01,03K,1,185.69800000000004
2025-11-01,03K,1,185.55
2021-10-01,03K,1,183.42299999999994
2022-03-01,03K,1,183.79100000000003
2022-05-01,03K,1,183.74900000000005
2021-09-01,03K,1,183.40600000000003
2024-05-01,03K,1,184.93200000000002
2022-04-01,03K,1,183.81599999999997
2023-03-01,03K,1,183.78599999999997
2022-10-01,03K,1,183.842
2023-09-01,03K,1,184.349
2024-08-01,03K,1,185.396
2025-04-01,03K,1,185.70200000000003
2026-01-01,03K,1,185.328
2022-01-01,03K,1,183.59300000000005
2025-07-01,03K,1,185.72200000000004
2022-06-01,03K,1,183.809
2021-11-01,03K,1,183.448
2023-10-01,03K,1,184.34599999999998
2024-01-01,03K,1,184.413
2021-08-01,03L,1,265.89799999999997
2024-12-01,03L,1,275.369
2021-10-01,03L,1,266.334
2025-05-01,03L,1,275.95799999999997
2023-03-01,03L,1,269.327
2023-05-01,03L,1,269.9599999999999
2025-08-01,03L,1,276.71700000000004
2021-11-01,03L,1,266.42600000000004
2022-12-01,03L,1,268.705
2026-03-01,03L,1,276.935
2026-01-01,03L,1,276.94399999999996
2023-06-01,03L,1,270.241
2024-02-01,03Q,1,252.96099999999998
2021-12-01,03Q,1,251.20000000000002
2022-07-01,03Q,1,248.02999999999997
2024-03-01,03Q,1,252.348
2024-06-01,03Q,1,251.56799999999996
2023-06-01,03Q,1,251.03300000000002
2024-01-01,03Q,1,253.00699999999998
2022-01-01,03Q,1,251.05800000000002
2023-08-01,03Q,1,250.31699999999998
2021-06-01,03Q,1,249.624
2023-04-01,03Q,1,251.062
2025-10-01,03Q,1,249.87099999999998
2024-10-01,03Q,1,251.27999999999997
2023-07-01,03Q,1,250.84400000000002
2025-07-01,03Q,1,250.08400000000006
2023-05-01,03Q,1,251.00900000000001
2023-12-01,03Q,1,252.75799999999998
2024-05-01,03Q,1,251.692
2021-09-01,03Q,1,248.17600000000004
2022-10-01,03Q,1,247.87200000000004
2022-02-01,03Q,1,251.166
2023-01-01,03Q,1,250.696
2023-03-01,03Q,1,251.104
2023-09-01,03Q,1,249.77499999999998
2023-06-01,03R,1,393.205
2021-10-01,03R,1,387.26500000000004
2022-02-01,03R,1,388.0829999999999
2023-03-01,03R,1,391.9720000000001
2023-05-01,03R,1,392.78799999999995
2025-02-01,03R,1,399.667
2022-06-01,03R,1,389.18699999999995
2024-08-01,03R,1,398.91999999999985
2024-04-01,03R,1,397.06899999999996
2024-10-01,03R,1,399.0409999999999
2023-08-01,03R,1,394.211
2022-09-01,03R,1,390.22999999999996
2024-09-01,03R,1,399.089
2023-11-01,03R,1,395.5749999999999
2024-05-01,03R,1,397.57600000000014
2022-12-01,03W,1,354.538
2023-10-01,03W,1,357.04099999999994
2022-11-01,04C,1,430.8229999999999
2023-12-01,04C,1,446.24799999999993
2026-04-01,04V,1,425.4019999999999
2021-07-01,04Y,1,135.72
2021-09-01,04Y,1,135.87300000000002
2021-10-01,04Y,1,135.84500000000003
2022-03-01,04Y,1,136.029
2026-01-01,04Y,1,140.754
2023-03-01,04Y,1,137.113
2022-04-01,05D,1,148.111
2022-10-01,05D,1,149.30700000000002
2024-02-01,05D,1,152.93699999999995
2025-12-01,05D,1,155.284
2023-05-01,05D,1,150.94899999999996
2021-10-01,05D,1,147.604
2021-06-01,05D,1,146.82
2024-04-01,05D,1,153.144
2024-10-01,05D,1,154.37500000000003
2023-06-01,05D,1,151.112
2023-08-01,05D,1,151.63700000000003
2021-07-01,05G,1,216.84500000000006
2023-07-01,05G,1,230.322
2024-06-01,05G,1,231.263
2024-08-01,05G,1,231.00699999999995
2025-08-01,05G,1,230.849
2025-12-01,05G,1,231.27
2025-03-01,05G,1,230.98000000000002
2024-05-01,05G,1,231.3609999999999
2026-03-01,05G,1,231.133
2023-12-01,05G,1,231.113
2022-09-01,05G,1,217.647
2022-06-01,05G,1,217.88199999999998
2024-09-01,05G,1,230.87
2025-04-01,05G,1,231.001
2026-05-01,05G,1,230.78000000000003
2026-06-01,05G,1,230.53899999999996
2023-05-01,05G,1,218.6
2026-02-01,05G,1,231.31800000000004
2026-04-01,05G,1,230.94300000000007
2021-08-01,05G,1,216.79500000000002
2024-12-01,05G,1,231.00799999999995
2024-02-01,05G,1,231.27700000000007
2025-02-01,05G,1,230.95700000000005
2025-06-01,05G,1,231.08100000000002
2026-01-01,05G,1,231.32100000000003
2023-02-01,05G,1,218.44099999999995
2025-01-01,05G,1,230.98599999999996
2023-03-01,05Q,1,220.548
2022-02-01,05Q,1,218.01800000000003
2023-01-01,05Q,1,219.933
2022-12-01,05Q,1,219.81999999999996
2023-06-01,05Q,1,220.988
2024-10-01,05Q,1,222.328
2023-04-01,05Q,1,220.76299999999998
2023-09-01,05Q,1,220.636
2022-01-01,05V,1,151.851
2025-11-01,05V,1,157.173
2026-02-01,05V,1,156.961
2026-06-01,05V,1,156.30300000000003
2023-04-01,05V,1,153.785
2025-02-01,05V,1,156.497
2023-10-01,05V,1,154.95800000000003
2025-05-01,05V,1,156.721
2025-06-01,05V,1,156.782
2023-08-01,05V,1,154.731
2023-01-01,05V,1,153.292
2022-02-01,05V,1,151.992
2025-07-01,05V,1,156.93599999999998
2025-08-01,05V,1,157.06799999999998
2026-05-01,05V,1,156.573
2025-05-01,05W,1,300.81699999999995
2025-11-01,05W,1,301.60200000000015
2022-02-01,05W,1,297.62
2022-04-01,05W,1,298.1139999999999
2022-12-01,05W,1,300.787
2021-10-01,05W,1,296.76099999999997
2024-08-01,05W,1,298.7299999999999
2021-11-01,05W,1,296.98300000000006
2022-08-01,05W,1,298.9099999999999
2021-06-01,05W,1,296.509
2025-09-01,05W,1,301.184
2021-12-01,05W,1,297.3620000000001
2022-03-01,05W,1,297.825
2022-05-01,05W,1,298.329
2022-10-01,05W,1,299.31500000000005
2022-11-01,05W,1,300.00500000000005
2021-07-01,05W,1,296.5489999999999
2021-08-01,05W,1,296.555
2025-08-01,05W,1,301.184
2023-10-01,06K,1,626.8349999999998
2024-09-01,06K,1,633.5459999999998
2024-03-01,06K,1,631.2529999999998
2025-08-01,06K,1,637.1390000000001
2023-07-01,06K,1,624.692
2024-04-01,06K,1,631.852
2026-01-01,06K,1,637.6220000000001
2024-08-01,06K,1,633.4149999999998
2025-12-01,06K,1,637.8419999999998
2022-07-01,06K,1,617.6839999999997
2022-01-01,06K,1,616.463
2025-01-01,06N,1,692.1920000000001
2025-09-01,06N,1,694.7259999999999
2024-09-01,06N,1,690.592
2024-02-01,06N,1,685.7780000000001
2023-02-01,06N,1,676.9580000000003
2024-06-01,06N,1,688.118
2025-04-01,06N,1,692.7930000000002
2024-11-01,06N,1,691.241
2026-04-01,06N,1,691.4770000000001
2025-10-01,06N,1,694.3330000000002
2025-02-01,06N,1,692.7379999999998
2024-04-01,06N,1,686.7740000000002
2021-07-01,06N,1,664.6010000000002
2021-08-01,06N,1,665.6909999999999
2023-04-01,06N,1,678.374
2023-07-01,06N,1,680.858
2024-03-01,06N,1,686.247
2026-01-01,06N,1,693.3909999999998
2022-12-01,06N,1,675.2439999999998
2025-11-01,06N,1,694.1579999999997
2026-02-01,06T,1,381.57399999999996
2025-01-01,06T,1,379.201
2025-06-01,06T,1,380.2519999999999
2023-10-01,06T,1,372.568
2022-11-01,06T,1,367.813
2023-05-01,06T,1,371.224
2024-01-01,06T,1,375.075
2022-02-01,06T,1,365.2899999999999
2025-09-01,06T,1,380.9320000000001
2025-10-01,06T,1,381.1230000000001
2024-10-01,06T,1,377.12800000000004
2024-05-01,06T,1,376.50199999999984
2025-02-01,06T,1,379.517
2025-03-01,06T,1,379.65700000000004
2022-05-01,06T,1,366.033
2021-08-01,06T,1,362.511
2023-02-01,06T,1,370.293
2026-05-01,06T,1,381.135
2023-02-01,07G,1,185.83200000000002
2024-05-01,07G,1,189.884
2026-05-01,07G,1,189.826
2025-02-01,07G,1,190.85299999999998
2022-12-01,07G,1,185.48199999999997
2024-03-01,07G,1,189.047
2022-10-01,07G,1,185.094
2021-06-01,07G,1,183.24300000000002
2022-06-01,07G,1,184.60899999999998
2026-01-01,07G,1,190.479
2025-11-01,07G,1,190.68399999999997
2025-12-01,07G,1,190.497
2024-04-01,07G,1,189.37999999999994
2022-04-01,07G,1,184.54099999999997
2023-08-01,07G,1,186.948
2024-09-01,07G,1,190.40999999999997
2023-01-01,07G,1,185.61099999999996
2025-03-01,07G,1,190.70300000000003
2024-11-01,07G,1,190.63900000000004
2021-11-01,07G,1,183.91799999999998
2021-08-01,07G,1,183.60999999999996
2021-12-01,07G,1,184.10100000000003
2022-03-01,07H,1,324.3569999999999
2026-02-01,07H,1,337.653
2023-03-01,07H,1,327.721
2025-12-01,07H,1,338.054
2023-04-01,07H,1,328.22299999999996
2023-10-01,07H,1,330.3120000000001
2023-11-01,07H,1,330.818
2022-01-01,07H,1,324.269
2025-01-01,07H,1,335.642
2023-12-01,07H,1,331.1700000000001
2022-12-01,07H,1,326.794
2021-08-01,07H,1,323.406
2021-07-01,07H,1,322.84799999999996
2025-02-01,07H,1,335.95599999999996
2023-10-01,09D,1,331.12700000000007
2023-11-01,09D,1,332.643
2025-04-01,09D,1,333.38100000000014
2024-12-01,09D,1,334.1600000000001
2023-06-01,09D,1,330.78899999999993
2025-12-01,09D,1,330.5909999999999
2025-02-01,09D,1,333.8230000000001
2021-12-01,09D,1,328.933
2024-03-01,09D,1,333.2160000000001
2025-03-01,09D,1,333.57800000000003
2024-04-01,09D,1,333.277
2024-02-01,09D,1,333.08
2024-07-01,09D,1,333.14000000000004
2025-11-01,09D,1,331.29500000000013
2021-09-01,09D,1,324.986
2022-01-01,09D,1,329.34600000000006
2025-08-01,10Q,1,827.9230000000001
2023-01-01,10Q,1,806.3330000000004
2021-11-01,10Q,1,790.6890000000001
2025-07-01,10Q,1,828.2089999999998
2025-09-01,10Q,1,828.648
2022-06-01,10Q,1,796.2599999999999
2022-09-01,10Q,1,797.5499999999997
2025-04-01,10Q,1,828.4530000000003
2022-01-01,10Q,1,792.9170000000003
2022-03-01,10Q,1,794.251
2022-11-01,10R,1,231.704
2023-03-01,10R,1,233.37599999999998
2022-03-01,10R,1,230.616
2022-12-01,10R,1,232.339
2023-01-01,10R,1,232.289
2023-06-01,10R,1,234.017
2023-09-01,10R,1,234.03699999999998
2022-10-01,10R,1,231.055
2021-10-01,10R,1,228.76199999999997
2025-09-01,10R,1,234.135
2021-07-01,10R,1,230.08499999999998
2023-08-01,10R,1,234.19699999999997
2021-12-01,10R,1,230.119
2023-02-01,10R,1,232.88600000000002
2023-04-01,10R,1,233.876
2022-02-01,10R,1,230.38900000000004
2024-04-01,10R,1,235.88400000000004
2024-10-01,11J,1,832.8300000000003
2022-11-01,11J,1,823.9890000000003
2025-07-01,11J,1,831.4899999999999
2025-11-01,11J,1,831.8509999999999
2024-07-01,11J,1,831.7800000000003
2025-02-01,11J,1,832.6649999999997
2021-12-01,11J,1,818.4670000000001
2025-01-01,11J,1,832.8080000000003
2025-10-01,11J,1,832.533
2025-09-01,11J,1,832.2950000000001
2021-08-01,11J,1,814.4029999999998
2026-06-01,11J,1,826.6599999999999
2024-06-01,11J,1,832.6139999999999
2022-04-01,11J,1,820.0510000000003
2024-03-01,11J,1,831.506
2024-08-01,11J,1,831.9480000000002
2024-11-01,11J,1,833.011
2024-05-01,11J,1,832.3589999999998
2022-06-01,11J,1,820.7419999999997
2025-05-01,11J,1,831.9090000000001
2022-08-01,11J,1,821.2909999999996
2026-01-01,11J,1,830.9859999999999
2024-02-01,11J,1,831.2410000000001
2025-06-01,11J,1,831.824
2023-09-01,11J,1,826.6139999999999
2026-01-01,11X,1,607.4079999999999
2025-01-01,11X,1,608.4480000000002
2025-05-01,11X,1,607.987
2026-05-01,11X,1,605.433
2023-09-01,11X,1,602.6079999999998
2025-07-01,11X,1,608.25
2021-11-01,11X,1,593.1440000000001
2026-02-01,11X,1,606.605
2025-02-01,11X,1,608.5960000000001
2026-06-01,13T,1,555.7020000000002
2022-10-01,13T,1,541.3929999999999
2024-01-01,14L,1,734.8000000000002
2023-10-01,14Y,1,586.5929999999998
2023-05-01,14Y,1,584.4409999999997
2026-01-01,14Y,1,597.752
2025-09-01,14Y,1,598.8180000000001
2025-03-01,14Y,1,595.9109999999998
2025-06-01,14Y,1,596.9820000000002
2024-02-01,14Y,1,589.6759999999999
2024-07-01,14Y,1,592.9050000000002
2025-01-01,14Y,1,595.5559999999999
2022-12-01,14Y,1,582.6999999999998
2024-04-01,14Y,1,590.285
2024-09-01,14Y,1,594.9140000000001
2024-08-01,14Y,1,593.9069999999999
2022-02-01,14Y,1,577.893
2024-06-01,14Y,1,591.9830000000002
2025-12-01,14Y,1,598.1229999999999
2021-09-01,14Y,1,576.5020000000001
2023-08-01,14Y,1,586.5290000000001
2023-07-01,14Y,1,585.6049999999999
2022-09-01,15A,1,572.4140000000001
2023-01-01,15A,1,577.0840000000002
2024-12-01,15A,1,589.2450000000002
2021-08-01,15A,1,560.5430000000002
2022-11-01,15A,1,575.7260000000001
2024-08-01,15A,1,586.8499999999999
2022-02-01,15A,1,568.0729999999999
2024-05-01,15A,1,585.6290000000001
2024-09-01,15E,1,1634.523
2026-05-01,15E,1,1639.3600000000006
2024-10-01,15E,1,1638.146
2025-11-01,15E,1,1650.3579999999997
2024-07-01,15E,1,1635.1929999999998
2026-01-01,15E,1,1648.8139999999994
2026-03-01,15E,1,1644.1079999999993
2023-03-01,15E,1,1592.3859999999997
2025-12-01,15E,1,1650.1680000000006
2024-05-01,15E,1,1632.4240000000007
2026-03-01,15F,1,941.9459999999999
2022-04-01,15M,1,1109.7640000000006
2025-12-01,15M,1,1145.0269999999998
2023-04-01,15M,1,1120.3690000000004
2022-07-01,15M,1,1112.125
2025-11-01,15M,1,1145.4599999999998
2026-05-01,15M,1,1143.4660000000001
2026-04-01,15M,1,1143.5180000000005
2026-06-01,15M,1,1142.9979999999998
2024-07-01,15M,1,1137.2830000000001
2024-04-01,15M,1,1133.8020000000004
2025-09-01,16C,1,740.343
2021-12-01,16C,1,715.7090000000003
2022-08-01,16C,1,719.8049999999997
2024-10-01,16C,1,737.3739999999996
2025-05-01,16C,1,739.7070000000002
2026-06-01,16C,1,738.2960000000002
2024-08-01,16C,1,735.9889999999999
2023-03-01,16C,1,725.0330000000002
2022-02-01,16C,1,716.7220000000004
2023-01-01,16C,1,722.946
2026-02-01,16C,1,740.87
2021-09-01,16C,1,713.4770000000002
2021-10-01,16C,1,713.7540000000002
2021-11-01,16C,1,714.6949999999999
2022-09-01,16C,1,720.2580000000004
2025-11-01,16C,1,741.3529999999997
2025-07-01,16C,1,739.895
2024-07-01,16C,1,735.2210000000001
2021-07-01,16C,1,712.5680000000002
2022-07-01,16C,1,719.5180000000004
2022-11-01,16C,1,722.1259999999997
2024-05-01,16C,1,734.5279999999997
2022-04-01,16C,1,718.3470000000002
2026-03-01,16C,1,740.4439999999995
2025-12-01,16C,1,741.3
2025-08-01,18C,1,834.4800000000001
2023-06-01,18C,1,823.6020000000003
2023-07-01,18C,1,824.1579999999999
2025-06-01,18C,1,833.6060000000002
2023-04-01,18C,1,822.5029999999999
2025-09-01,18C,1,835.136
2022-08-01,18C,1,818.533
2025-12-01,18C,1,835.238
2022-07-01,18C,1,817.7380000000002
2024-06-01,18C,1,830.2840000000001
2024-01-01,18C,1,827.6849999999998
2026-06-01,18C,1,832.6410000000001
2025-08-01,27D,1,824.1959999999999
2021-12-01,27D,1,794.0409999999999
2024-11-01,27D,1,820.8780000000002
2024-12-01,27D,1,821.498
2025-11-01,27D,1,824.6989999999995
2022-08-01,27D,1,800.5459999999998
2021-10-01,27D,1,792.353
2026-01-01,27D,1,824.7529999999999
2026-02-01,27D,1,824.7979999999998
2023-09-01,27D,1,810.3200000000002
2021-11-01,27D,1,793.1129999999997
2025-05-01,27D,1,822.88
2021-09-01,27D,1,791.9300000000001
2024-02-01,36J,1,664.9700000000001
2024-05-01,36J,1,667.1250000000001
2023-05-01,36J,1,657.9110000000002
2023-06-01,36J,1,658.601
2024-04-01,36J,1,665.7899999999998
2025-11-01,36J,1,669.5549999999998
2022-04-01,36J,1,650.0210000000001
2023-11-01,36J,1,662.0900000000003
2026-02-01,36J,1,668.1709999999999
2023-02-01,36J,1,656.3529999999998
2023-07-01,36J,1,659.3870000000001
2024-07-01,36J,1,668.167
2025-04-01,36J,1,669.5889999999997
2024-04-01,36L,1,1764.104
2025-07-01,42D,1,569.772
2024-06-01,42D,1,564.7030000000001
2024-03-01,42D,1,563.6000000000001
2021-12-01,52R,1,1116.5180000000003
2026-02-01,52R,1,1155.9090000000003
2024-10-01,52R,1,1152.7630000000008
2022-08-01,52R,1,1120.4669999999999
2021-07-01,52R,1,1104.0359999999998
2022-03-01,52R,1,1119.254
2025-08-01,52R,1,1152.4619999999995
2026-04-01,52R,1,1153.89
2021-06-01,52R,1,1104.3079999999998
2023-01-01,52R,1,1135.0670000000002
2025-01-01,52R,1,1155.0739999999998
2025-11-01,52R,1,1158.9860000000006
2026-03-01,52R,1,1154.7900000000002
2023-11-01,52R,1,1141.4659999999997
2021-09-01,52R,1,1102.1480000000001
2024-09-01,52R,1,1146.1090000000006
2022-09-01,52R,1,1120.8079999999998
2024-12-01,52R,1,1155.5860000000005
2025-09-01,52R,1,1152.0929999999998
2025-06-01,52R,1,1154.4740000000002
2025-10-01,52R,1,1158.3030000000003
2022-05-01,70F,1,923.4319999999999
2025-08-01,70F,1,950.8210000000001
2022-06-01,70F,1,924.5510000000002
2024-04-01,70F,1,939.7859999999998
2026-03-01,70F,1,950.024
2026-01-01,70F,1,951.1750000000003
2024-05-01,71E,1,821.5019999999997
2021-06-01,71E,1,799.6699999999995
2022-12-01,71E,1,812.4609999999997
2022-03-01,71E,1,805.2290000000006
2023-02-01,71E,1,813.1189999999999
2022-09-01,71E,1,809.2720000000002
2021-12-01,71E,1,803.7049999999999
2022-05-01,71E,1,805.821
2024-06-01,71E,1,821.4799999999998
2022-06-01,71E,1,806.5899999999999
2024-01-01,71E,1,819.3919999999998
2022-01-01,71E,1,804.3819999999995
2023-12-01,71E,1,819.135
2024-08-01,71E,1,822.3399999999999
2021-07-01,71E,1,800.3400000000004
2026-04-01,71E,1,824.69
2025-07-01,71E,1,826.094
2024-08-01,72Q,1,2115.456
2024-11-01,72Q,1,2121.697
2023-11-01,72Q,1,2094.9520000000007
2024-07-01,72Q,1,2114.930000000001
2025-09-01,84H,1,568.6310000000002
2025-06-01,84H,1,569.4589999999998
2025-08-01,84H,1,568.833
2026-01-01,84H,1,571.858
2026-02-01,92A,1,1300.572
2026-01-01,92A,1,1302.4359999999995
2025-04-01,92A,1,1303.7030000000002
2024-01-01,92G,1,1003.0160000000001
2025-08-01,92G,1,1012.5399999999996
2026-03-01,92G,1,1011.3759999999997
2022-05-01,92G,1,981.3499999999999
2022-11-01,92G,1,987.3340000000003
2025-07-01,92G,1,1012.5630000000002
2023-06-01,92G,1,994.1329999999999
2025-01-01,92G,1,1013.1029999999998
2026-02-01,92G,1,1012.3499999999999
2022-09-01,92G,1,985.3569999999999
2023-03-01,92G,1,992.0869999999999
2023-01-01,92G,1,990.3560000000001
2026-04-01,92G,1,1011.1840000000001
2022-07-01,97R,1,568.2620000000001
2026-02-01,97R,1,576.7340000000002
2022-04-01,97R,1,567.204
2025-09-01,97R,1,577.699
2025-06-01,97R,1,577.3400000000001
2025-07-01,97R,1,577.2659999999998
2026-06-01,97R,1,576.0240000000002
2025-10-01,97R,1,577.5380000000001
2025-12-01,99A,1,602.5209999999997
2024-09-01,99A,1,590.1699999999998
2026-06-01,99A,1,597.8460000000003
2023-09-01,99A,1,577.8149999999998
2023-10-01,99A,1,581.5340000000002
2023-04-01,99A,1,577.986
2024-08-01,99A,1,590.0969999999999
2024-12-01,99A,1,597.3089999999999
2025-02-01,99A,1,597.8240000000001
2025-06-01,99A,1,598.261
2024-06-01,99A,1,590.2949999999996
2024-07-01,99A,1,590.1709999999999
2025-09-01,99A,1,597.167
2025-04-01,99A,1,598.431
2023-04-01,99C,1,225.891
2026-02-01,99C,1,229.499
2023-09-01,99C,1,226.66199999999998
2023-02-01,99C,1,225.57600000000005
2021-09-01,99E,1,285.442
2024-02-01,99E,1,292.32499999999993
2025-09-01,99E,1,296.633
2025-02-01,99E,1,295.735
2024-01-01,99E,1,292.093
2025-11-01,99E,1,296.37499999999994
2024-11-01,99E,1,294.945
2024-05-01,99E,1,293.287
2024-04-01,99E,1,292.8329999999999
2023-07-01,99E,1,290.12399999999997
2025-08-01,99F,1,188.84500000000003
2022-10-01,99F,1,186.95500000000004
2023-08-01,99F,1,187.09600000000003
2023-06-01,99F,1,186.85100000000006
2025-06-01,99F,1,188.59400000000002
2022-12-01,99F,1,187.01
2024-03-01,99F,1,187.39600000000002
2022-03-01,99F,1,186.18400000000003
2022-07-01,99F,1,186.40599999999998
2023-03-01,99F,1,186.85799999999998
2025-03-01,99F,1,188.256
2022-02-01,99F,1,186.189
2025-01-01,99F,1,188.15699999999995
2023-12-01,99F,1,187.34700000000004
2024-12-01,99G,1,196.309
2026-01-01,99G,1,196.655
2021-07-01,99G,1,190.19300000000004
2022-11-01,99G,1,190.54499999999996
2022-01-01,99G,1,190.375
2024-08-01,99G,1,195.78500000000003
2023-12-01,99G,1,193.84500000000003
2025-07-01,99G,1,196.59400000000005
2025-11-01,99G,1,196.48400000000004
2022-05-01,99G,1,190.50299999999996
2024-06-01,99G,1,195.25200000000004
2025-09-01,99G,1,196.78300000000004
2025-12-01,99G,1,196.788
2023-11-01,99G,1,193.51300000000003
2023-01-01,99G,1,190.945
2024-01-01,99G,1,194.01300000000003
2021-12-01,99G,1,190.403
2022-10-01,B2M3M,1,1064.366999999999
2024-03-01,B2M3M,1,1102.4620000000002
2024-08-01,B2M3M,1,1110.0570000000002
2026-06-01,B2M3M,1,1115.2489999999996
2022-01-01,B2M3M,1,1048.5610000000004
2026-01-01,B2M3M,1,1124.5780000000002
2026-03-01,B2M3M,1,1120.3890000000001
2025-05-01,B2M3M,1,1118.283
2021-09-01,B2M3M,1,1035.4229999999995
2022-06-01,B2M3M,1,1054.3850000000002
2024-09-01,B2M3M,1,1111.2239999999997
2025-11-01,B2M3M,1,1125.456
2023-09-01,B2M3M,1,1085.8529999999992
2023-08-01,B2M3M,1,1083.8400000000004
2024-10-01,B2M3M,1,1115.9370000000001
2025-07-01,B2M3M,1,1117.3000000000004
2021-06-01,B2M3M,1,1030.693
2024-05-01,B2M3M,1,1105.909
2025-06-01,B2M3M,1,1117.8059999999996
2024-07-01,D2P2L,1,1336.0649999999998
2022-06-01,D2P2L,1,1290.5089999999996
2023-07-01,D2P2L,1,1311.5970000000004
2023-12-01,D2P2L,1,1322.989
2023-05-01,D2P2L,1,1307.1000000000004
2023-11-01,D2P2L,1,1319.7229999999995
2025-10-01,D2P2L,1,1343.4329999999995
2026-01-01,D2P2L,1,1341.472000000001
2022-05-01,D2P2L,1,1289.491
2024-02-01,D2P2L,1,1327.8809999999999
2023-01-01,D2P2L,1,1299.6389999999997
2024-09-01,D2P2L,1,1338.632
2024-12-01,D2P2L,1,1340.5559999999991
2026-06-01,D2P2L,1,1334.9620000000007
2022-11-01,D2P2L,1,1296.3830000000005
2026-02-01,D2P2L,1,1339.569
2025-08-01,D2P2L,1,1343.8220000000001
2024-04-01,D2P2L,1,1330.4699999999998
2024-11-01,D2P2L,1,1339.7869999999996
2022-02-01,D2P2L,1,1286.3599999999994
2025-06-01,D2P2L,1,1343.0700000000002
2022-08-01,D2P2L,1,1291.9270000000004
2022-03-01,D2P2L,1,1287.278
2024-03-01,D2P2L,1,1329.927
2022-10-01,D2P2L,1,1293.9119999999994
2025-03-01,M1J4Y,1,1146.9860000000006
2025-02-01,M1J4Y,1,1147.1440000000002
2026-05-01,M1J4Y,1,1145.824
2025-06-01,M1J4Y,1,1147.8790000000001
2025-01-01,M1J4Y,1,1145.9869999999996
2025-08-01,M2L0M,1,537.752
2023-10-01,M2L0M,1,528.348
2023-12-01,M2L0M,1,529.7579999999999
2025-01-01,M2L0M,1,536.35
2024-09-01,M2L0M,1,534.87
2026-06-01,M2L0M,1,536.819
2023-06-01,M2L0M,1,525.5010000000001
2026-03-01,M2L0M,1,537.6470000000002
2025-11-01,M2L0M,1,538.0040000000001
2025-06-01,M2L0M,1,536.9350000000003
2024-12-01,M2L0M,1,536.311
2025-05-01,M2L0M,1,536.716
2025-03-01,M2L0M,1,536.6049999999999
2023-04-01,U2G6B,1,467.48699999999997
2023-08-01,U2G6B,1,488.867
2022-03-01,U2G6B,1,457.9359999999999
2025-02-01,U2G6B,1,502.3630000000001
2025-06-01,U2G6B,1,502.65799999999984
2025-01-01,U2G6B,1,501.54200000000003
2025-04-01,U2G6B,1,502.40399999999994
2023-05-01,U2G6B,1,467.9900000000001
2023-07-01,U2G6B,1,469.7170000000001
2025-06-01,W2U3Z,1,2916.4849999999974
2022-01-01,W2U3Z,1,2751.8349999999987
2022-06-01,W2U3Z,1,2777.1019999999985
2026-04-01,W2U3Z,1,2916.6219999999976
2025-04-01,W2U3Z,1,2913.5470000000023
2025-12-01,W2U3Z,1,2943.5669999999977
2024-08-01,W2U3Z,1,2885.0360000000005
2024-07-01,W2U3Z,1,2892.2449999999985
2022-09-01,W2U3Z,1,2793.33
2025-07-01,W2U3Z,1,2918.913000000002
2023-02-01,W2U3Z,1,2830.2369999999987
2022-07-01,W2U3Z,1,2783.738999999999
2023-11-01,W2U3Z,1,2862.998
2023-05-01,W2U3Z,1,2835.637999999997
2022-06-01,X2C4Y,1,451.153
2022-11-01,X2C4Y,1,452.93899999999996
2023-02-01,X2C4Y,1,454.09999999999997
2021-10-01,X2C4Y,1,448.8200000000001
2025-09-01,X2C4Y,1,462.5150000000001
2026-03-01,X2C4Y,1,461.943
2022-05-01,X2C4Y,1,450.82300000000015
2024-07-01,X2C4Y,1,460.39200000000005
2022-07-01,X2C4Y,1,451.3460000000001
2024-04-01,X2C4Y,1,459.4710000000002
2023-10-01,X2C4Y,1,457.02999999999986
2022-08-01,X2C4Y,1,451.44800000000004
2023-09-01,X2C4Y,1,456.7580000000001
2022-04-01,X2C4Y,1,450.86199999999985
2022-10-01,X2C4Y,1,452.261
2021-09-01,X2C4Y,1,448.4429999999999
2026-06-01,X2C4Y,1,460.4759999999999
2026-04-01,X2C4Y,1,461.74300000000017
2022-03-01,X2C4Y,1,450.42900000000003
2024-09-01,00L,2,340.83700000000005
2023-05-01,00L,2,336.00299999999993
2024-05-01,00L,2,339.4289999999999
2022-09-01,00L,2,334.57499999999993
2026-01-01,00N,2,159.383
2023-11-01,00N,2,159.75200000000004
2026-04-01,00N,2,159.109
2024-11-01,00N,2,159.88800000000003
2024-07-01,00N,2,160.011
2022-03-01,00N,2,158.81899999999996
2024-02-01,00N,2,159.929
2026-03-01,00N,2,159.097
2024-04-01,00N,2,159.837
2026-05-01,00N,2,158.90699999999998
2025-02-01,00N,2,159.965
2023-12-01,00N,2,159.79299999999998
2023-11-01,00P,2,292.4450000000001
2025-05-01,00P,2,295.41299999999995
2023-09-01,00P,2,291.15399999999994
2022-04-01,00P,2,286.63800000000003
2024-06-01,00P,2,294.8710000000001
2021-11-01,00P,2,285.24800000000005
2022-10-01,00P,2,287.515
2022-02-01,00Q,2,181.088
2026-01-01,00Q,2,188.514
2021-06-01,00Q,2,179.871
2021-08-01,00Q,2,180.38699999999997
2021-12-01,00Q,2,180.82800000000003
2024-04-01,00Q,2,185.898
2022-09-01,00Q,2,181.92799999999994
2023-03-01,00Q,2,182.76
2023-09-01,00Q,2,184.244
2023-11-01,00Q,2,184.74800000000002
2023-05-01,00Q,2,183.18700000000004
2025-03-01,00Q,2,187.882
2026-03-01,00Q,2,188.288
2023-03-01,00R,2,177.302
2024-02-01,00T,2,329.22300000000007
2021-07-01,00T,2,317.939
2022-11-01,00T,2,322.63999999999993
2024-03-01,00T,2,329.7589999999999
2025-10-01,00T,2,335.0320000000001
2022-03-01,00T,2,319.77700000000004
2024-11-01,00T,2,333.308
2022-08-01,00T,2,321.46199999999993
2022-01-01,00T,2,319.3730000000001
2024-04-01,00V,2,211.59699999999998
2023-01-01,00V,2,209.53500000000003
2023-10-01,00V,2,210.503
2024-01-01,00V,2,211.05899999999994
2026-05-01,00X,2,195.35399999999998
2022-06-01,00Y,2,262.61100000000005
2024-07-01,00Y,2,269.549
2021-10-01,00Y,2,261.501
2023-05-01,00Y,2,264.602
2023-12-01,00Y,2,266.875
2022-03-01,00Y,2,262.3450000000001
2024-03-01,00Y,2,268.01000000000005
2025-04-01,00Y,2,269.25199999999995
2021-06-01,00Y,2,260.79799999999994
2023-09-01,00Y,2,265.7180000000001
2022-02-01,00Y,2,262.217
2023-04-01,00Y,2,264.386
2023-03-01,00Y,2,264.26500000000004
2022-08-01,00Y,2,262.92299999999994
2025-01-01,00Y,2,269.39300000000003
2024-01-01,00Y,2,267.243
2022-12-01,01A,2,398.55600000000015
2022-02-01,01A,2,395.10800000000006
2025-09-01,01A,2,411.9070000000001
2024-05-01,01A,2,406.9749999999999
2024-08-01,01A,2,408.72099999999995
2021-07-01,01A,2,392.621
2023-05-01,01A,2,400.209
2024-10-01,01A,2,409.6839999999998
2025-10-01,01A,2,411.7649999999999
2024-04-01,01A,2,406.1379999999998
2022-01-01,01A,2,394.894
2023-12-01,01A,2,404.1739999999999
2021-12-01,01A,2,394.53
2025-08-01,01A,2,411.884
2021-06-01,01F,2,134.327
2023-06-01,01G,2,310.73400000000004
2024-02-01,01G,2,316.0390000000001
2023-05-01,01G,2,310.11899999999997
2021-09-01,01G,2,294.36699999999996
2023-07-01,01G,2,311.038
2026-02-01,01G,2,325.64699999999993
2024-05-01,01G,2,318.044
2024-07-01,01G,2,318.89500000000004
2023-10-01,01G,2,312.845
2022-04-01,01G,2,301.87500000000006
2023-09-01,01G,2,311.8359999999999
2025-10-01,01H,2,337.61899999999997
2025-12-01,01H,2,337.70800000000014
2026-05-01,01H,2,337.44599999999997
2021-06-01,01H,2,327.514
2023-12-01,01H,2,334.108
2024-10-01,01H,2,335.93300000000005
2026-04-01,01H,2,337.6460000000001
2026-02-01,01H,2,337.63300000000004
2025-08-01,01H,2,337.553
2021-12-01,01J,2,169.801
2025-05-01,01J,2,174.04000000000002
2021-06-01,01J,2,168.955
2022-03-01,01J,2,170.26299999999995
2022-07-01,01J,2,170.35100000000003
2025-03-01,01J,2,173.88400000000004
2023-08-01,01J,2,171.175
2024-09-01,01J,2,173.35200000000003
2024-02-01,01J,2,171.864
2026-06-01,01J,2,174.30100000000002
2023-12-01,01J,2,171.67999999999998
2026-02-01,01J,2,174.29800000000003
2026-04-01,01J,2,174.285
2023-11-01,01J,2,171.49899999999997
2023-03-01,01J,2,170.587
2022-06-01,01K,2,354.3799999999999
2023-06-01,01K,2,355.53599999999994
2023-03-01,01K,2,355.67900000000003
2023-09-01,01T,2,158.636
2025-08-01,01V,2,128.947
2026-02-01,01W,2,330.7130000000001
2022-05-01,01W,2,320.8019999999999
2024-05-01,01W,2,327.4310000000001
2025-05-01,01W,2,329.466
2022-03-01,01W,2,320.64700000000005
2021-09-01,01W,2,319.2829999999999
2023-02-01,01W,2,323.406
2025-01-01,01W,2,329.2300000000001
2021-12-01,01W,2,319.76700000000005
2024-02-01,01W,2,326.8260000000001
2026-03-01,01W,2,330.7579999999999
2023-06-01,01X,2,200.87700000000004
2021-06-01,01X,2,199.67000000000002
2025-01-01,01X,2,203.547
2024-12-01,01X,2,203.511
2026-01-01,01X,2,204.47000000000006
2026-05-01,01X,2,204.512
2021-08-01,01Y,2,219.35700000000003
2025-10-01,01Y,2,228.807
2023-07-01,01Y,2,222.89400000000003
2023-03-01,01Y,2,221.58900000000003
2025-04-01,01Y,2,228.77100000000002
2024-08-01,01Y,2,227.29699999999997
2021-11-01,01Y,2,219.637
2022-02-01,01Y,2,220.181
2021-12-01,02A,2,245.23200000000003
2022-06-01,02E,2,224.16500000000002
2022-02-01,02E,2,223.40699999999998
2024-04-01,02E,2,229.12500000000006
2023-10-01,02E,2,228.19400000000002
2022-01-01,02H,2,337.6500000000001
2025-07-01,02H,2,352.62399999999985
2023-05-01,02H,2,343.1949999999998
2021-10-01,02H,2,336.81799999999987
2026-05-01,02H,2,352.4719999999999
2025-08-01,02H,2,352.871
2024-01-01,02H,2,347.5220000000002
2024-03-01,02H,2,348.31399999999996
2023-09-01,02H,2,345.4640000000001
2024-05-01,02H,2,349.1879999999999
2024-06-01,02H,2,349.463
2021-08-01,02H,2,336.20500000000004
2023-11-01,02M,2,185.331
2023-06-01,02M,2,184.35299999999998
2022-10-01,02M,2,183.66599999999997
2021-09-01,02M,2,181.58700000000005
2026-01-01,02M,2,187.98299999999995
2023-10-01,02M,2,185.14400000000003
2026-04-01,02P,2,270.51899999999995
2024-10-01,02P,2,270.68199999999996
2022-04-01,02P,2,265.57700000000006
2024-02-01,02P,2,269.44
2022-03-01,02P,2,265.401
2025-03-01,02P,2,270.74100000000004
2026-05-01,02P,2,270.53
2021-07-01,02P,2,264.767
2023-12-01,02P,2,269.11500000000007
2022-06-01,02P,2,265.96999999999997
2021-12-01,02P,2,265.10300000000007
2024-09-01,02P,2,270.494
2024-03-01,02P,2,269.50200000000007
2025-02-01,02P,2,270.83699999999993
2022-02-01,02P,2,265.22400000000005
2023-10-01,02P,2,268.68999999999994
2024-04-01,02P,2,269.576
2024-07-01,02P,2,270.072
2023-01-01,02P,2,267.00700000000006
2023-05-01,02T,2,223.57000000000002
2024-12-01,02X,2,339.813
2024-11-01,02X,2,339.56100000000004
2025-08-01,02X,2,341.08099999999996
2025-12-01,02X,2,341.433
2025-02-01,02X,2,340.052
2025-07-01,02X,2,340.736
2025-10-01,02X,2,341.336
2022-06-01,02Y,2,308.38500000000005
2024-07-01,02Y,2,315.5630000000001
2021-10-01,02Y,2,307.555
2025-09-01,02Y,2,319.68500000000006
2023-03-01,02Y,2,311.08400000000006
2021-08-01,02Y,2,307.521
2022-02-01,02Y,2,307.85699999999997
2022-04-01,02Y,2,308.07800000000003
2023-12-01,02Y,2,313.514
2026-02-01,02Y,2,320.215
2022-09-01,02Y,2,309.555
2022-08-01,02Y,2,308.988
2025-06-01,02Y,2,318.57000000000005
2023-06-01,02Y,2,311.776
2024-09-01,02Y,2,316.68500000000006
2024-11-01,02Y,2,317.26499999999993
2026-06-01,02Y,2,320.60699999999997
2024-06-01,02Y,2,315.16299999999995
2024-06-01,03F,2,314.656
2025-02-01,03F,2,314.91499999999996
2023-09-01,03F,2,311.53999999999996
2025-03-01,03F,2,314.82199999999995
2022-06-01,03F,2,306.828
2023-07-01,03F,2,311.58400000000006
2024-01-01,03F,2,314.1190000000001
2024-07-01,03F,2,314.498
2025-08-01,03F,2,314.316
2024-09-01,03F,2,314.35
2023-11-01,03F,2,313.1249999999999
2024-05-01,03F,2,314.6770000000001
2021-10-01,03F,2,304.48500000000007
2023-12-01,03F,2,313.7730000000001
2022-04-01,03F,2,307.14599999999996
2024-03-01,03F,2,314.57699999999994
2023-09-01,03H,2,173.15599999999995
2024-02-01,03K,2,184.641
2023-07-01,03K,2,184.00099999999995
2023-04-01,03K,2,183.812
2021-07-01,03K,2,182.97699999999998
2024-11-01,03L,2,275.17900000000003
2024-09-01,03L,2,274.59599999999995
2026-02-01,03L,2,277.002
2025-10-01,03L,2,276.894
2022-04-01,03L,2,267.03800000000007
2022-06-01,03L,2,267.346
2025-01-01,03L,2,275.61
2024-07-01,03L,2,274.09900000000005
2025-02-01,03L,2,275.809
2026-05-01,03L,2,276.81800000000004
2026-06-01,03L,2,276.654
2023-07-01,03L,2,270.568
2023-10-01,03L,2,271.604
2022-04-01,03Q,2,251.03199999999995
2023-02-01,03Q,2,250.97899999999998
2025-01-01,03Q,2,253.161
2022-12-01,03Q,2,250.13299999999995
2021-10-01,03Q,2,248.024
2022-09-01,03Q,2,247.524
2022-05-01,03Q,2,250.85700000000003
2021-11-01,03Q,2,250.07999999999996
2024-04-01,03Q,2,251.81900000000002
2026-06-01,03R,2,399.4540000000001
2022-12-01,03R,2,391.1399999999999
2026-04-01,03R,2,399.787
2021-11-01,03R,2,387.3299999999999
2022-01-01,03R,2,387.856
2024-12-01,03R,2,399.36199999999997
2025-08-01,03R,2,400.40399999999994
2025-01-01,03R,2,399.51199999999994
2026-02-01,03R,2,400.156
2022-11-01,03R,2,390.888
2024-02-01,03R,2,396.4449999999999
2025-04-01,03R,2,399.8589999999999
2025-06-01,03R,2,400.025
2025-05-01,03R,2,399.9269999999999
2024-03-01,03W,2,358.009
2026-04-01,03W,2,361.90700000000004
2023-12-01,03W,2,357.598
2025-01-01,03W,2,359.9420000000001
2023-05-01,04C,2,437.42100000000005
2025-08-01,04C,2,448.6
2024-09-01,04C,2,449.012
2026-02-01,04C,2,446.68200000000013
2025-07-01,04C,2,449.18400000000014
2022-12-01,04C,2,433.7409999999998
2024-11-01,04C,2,450.01199999999994
2024-08-01,04C,2,449.36999999999995
2025-09-01,04C,2,447.786
2023-04-01,04C,2,437.21699999999987
2024-04-01,04V,2,419.91700000000003
2026-05-01,04V,2,425.257
2026-01-01,04V,2,425.4359999999999
2025-12-01,04V,2,425.392
2025-08-01,04V,2,423.58699999999993
2022-02-01,04V,2,408.52299999999997
2021-06-01,04Y,2,135.64800000000002
2022-05-01,05D,2,148.241
2021-07-01,05D,2,147.16300000000004
2023-07-01,05D,2,151.428
2025-09-01,05G,2,230.98899999999995
2021-09-01,05G,2,216.93300000000005
2025-11-01,05G,2,231.381
2024-11-01,05G,2,231.41200000000006
2024-04-01,05G,2,231.25100000000003
2021-08-01,05Q,2,217.05800000000002
2023-02-01,05Q,2,220.22899999999996
2024-11-01,05V,2,156.394
2022-09-01,05W,2,298.98999999999995
2021-09-01,05W,2,296.59800000000007
2025-10-01,05W,2,301.58000000000004
2025-06-01,05W,2,300.851
2024-06-01,06K,2,632.5630000000002
2021-07-01,06K,2,614.7159999999998
2026-03-01,06K,2,636.3859999999999
2025-10-01,06K,2,637.9460000000004
2022-11-01,06K,2,619.5289999999999
2023-04-01,06K,2,622.9799999999999
2025-05-01,06K,2,636.262
2021-12-01,06K,2,616.2349999999999
2022-03-01,06K,2,617.1599999999999
2023-12-01,06K,2,629.066
2024-05-01,06K,2,632.4429999999999
2026-03-01,06L,2,418.79099999999977
2021-10-01,06L,2,409.15400000000005
2026-05-01,06L,2,418.1769999999999
2022-07-01,06L,2,411.236
2023-11-01,06L,2,415.4269999999999
2025-11-01,06L,2,419.92300000000006
2022-01-01,06N,2,668.49
2024-07-01,06N,2,689.4990000000001
2025-05-01,06N,2,692.997
2022-06-01,06N,2,670.7200000000001
2024-08-01,06N,2,690.3619999999999
2023-08-01,06N,2,682.1170000000001
2022-02-01,06N,2,669.0080000000002
2024-10-01,06N,2,690.5760000000001
2021-06-01,06N,2,663.038
2021-12-01,06N,2,667.79
2022-10-01,06N,2,674.0870000000001
2025-03-01,06N,2,692.5960000000002
2022-11-01,06N,2,674.6469999999999
2025-07-01,06N,2,693.7500000000002
2023-10-01,06N,2,683.1969999999999
2023-06-01,06N,2,679.9789999999999
2024-01-01,06N,2,685.3440000000002
2022-09-01,06N,2,673.8740000000003
2023-12-01,06N,2,684.8830000000004
2026-01-01,06T,2,382.03299999999996
2021-06-01,06T,2,361.98099999999994
2023-12-01,06T,2,374.71099999999996
2024-07-01,06T,2,377.0210000000001
2023-03-01,06T,2,370.58900000000006
2022-12-01,06T,2,369.02599999999995
2021-12-01,06T,2,364.58199999999994
2024-11-01,06T,2,378.423
2021-11-01,06T,2,363.51899999999995
2022-09-01,06T,2,366.7950000000001
2023-01-01,06T,2,369.5190000000001
2022-07-01,06T,2,366.602
2024-04-01,06T,2,375.99099999999993
2026-04-01,06T,2,381.471
2023-06-01,06T,2,371.62800000000004
2023-05-01,07G,2,186.04699999999997
2024-07-01,07G,2,190.24
2022-02-01,07G,2,184.31600000000003
2022-08-01,07G,2,184.88000000000002
2023-10-01,07G,2,187.531
2022-11-01,07G,2,185.32100000000003
2024-05-01,07H,2,333.083
2022-09-01,07H,2,326.08199999999994
2025-11-01,07H,2,338.063
2026-01-01,07H,2,337.92400000000015
2024-12-01,07H,2,335.5329999999999
2023-06-01,07H,2,328.7649999999999
2022-05-01,07H,2,324.617
2026-04-01,07H,2,337.29600000000005
2026-03-01,07H,2,337.464
2021-11-01,07H,2,323.78099999999995
2025-05-01,07K,2,280.28599999999994
2022-03-01,09D,2,329.50100000000003
2022-11-01,09D,2,331.37399999999997
2022-07-01,10Q,2,797.2179999999998
2025-10-01,10Q,2,831.8580000000003
2026-03-01,10Q,2,826.7789999999997
2024-05-01,10Q,2,819.4230000000003
2025-02-01,10Q,2,828.913
2026-05-01,10Q,2,824.4100000000001
2022-02-01,10Q,2,794.1309999999999
2023-10-01,10Q,2,813.1830000000001
2021-07-01,10Q,2,782.639
2022-08-01,10Q,2,797.4539999999998
2021-09-01,10Q,2,783.8799999999999
2024-10-01,10Q,2,824.3900000000002
2024-01-01,10Q,2,817.6030000000002
2025-06-01,10Q,2,828.298
2022-08-01,10R,2,230.82799999999997
2023-05-01,10R,2,233.97200000000004
2021-06-01,10R,2,230.16199999999998
2022-06-01,10R,2,231.044
2023-07-01,10R,2,234.19
2021-08-01,10R,2,229.916
2022-05-01,10R,2,231.03899999999996
2022-07-01,10R,2,230.922
2025-08-01,11J,2,831.7530000000004
2022-03-01,11J,2,819.7380000000003
2023-04-01,11J,2,825.438
2024-12-01,11J,2,833.1379999999996
2022-12-01,11J,2,824.5979999999997
2024-09-01,11J,2,831.8719999999996
2022-07-01,11J,2,821.0820000000001
2025-04-01,11J,2,831.975
2022-10-01,11J,2,823.3149999999998
2023-10-01,11J,2,828.2329999999997
2022-02-01,11J,2,819.5670000000001
2023-05-01,11J,2,825.652
2026-03-01,11J,2,828.6720000000003
2025-12-01,11J,2,831.4890000000003
2025-11-01,11M,2,699.1159999999999
2026-02-01,11M,2,698.6719999999998
2025-02-01,11M,2,696.3629999999998
2026-06-01,11M,2,698.3229999999996
2024-12-01,11M,2,695.7289999999999
2024-06-01,11M,2,692.0199999999995
2023-10-01,11N,2,602.3859999999999
2025-02-01,11N,2,606.1039999999999
2026-06-01,11N,2,604.8890000000004
2025-03-01,11X,2,608.0279999999999
2023-01-01,11X,2,599.2420000000004
2023-02-01,11X,2,599.7269999999999
2021-06-01,11X,2,589.6770000000001
2021-09-01,11X,2,592.3360000000001
2021-08-01,11X,2,591.3429999999997
2025-06-01,11X,2,608.167
2022-02-01,11X,2,594.0310000000002
2024-11-01,11X,2,607.936
2025-10-01,11X,2,608.5539999999997
2024-10-01,11X,2,607.5769999999997
2024-09-01,12F,2,345.62699999999995
2021-08-01,13T,2,531.3720000000003
2024-09-01,13T,2,555.8509999999998
2023-09-01,14L,2,720.113
2022-06-01,14Y,2,579.749
2021-11-01,14Y,2,576.059
2026-02-01,14Y,2,597.1600000000001
2025-10-01,14Y,2,598.459
2021-12-01,14Y,2,576.819
2025-07-01,14Y,2,597.5709999999998
2024-03-01,14Y,2,590.1120000000002
2025-04-01,14Y,2,596.175
2025-02-01,14Y,2,596.027
2021-06-01,14Y,2,574.3239999999997
2021-08-01,14Y,2,575.9740000000003
2026-03-01,14Y,2,596.6419999999999
2025-06-01,15A,2,590.206
2021-09-01,15A,2,561.584
2025-04-01,15A,2,590.0149999999999
2022-06-01,15A,2,569.984
2024-04-01,15A,2,585.1129999999999
2021-07-01,15A,2,559.635
2025-02-01,15A,2,589.7080000000001
2021-06-01,15A,2,558.3430000000002
2025-05-01,15A,2,590.0099999999999
2025-07-01,15A,2,589.917
2021-12-01,15A,2,566.2399999999999
2023-08-01,15A,2,579.9430000000002
2023-10-01,15A,2,583.1089999999999
2022-01-01,15A,2,567.2469999999998
2024-09-01,15A,2,586.84
2023-09-01,15A,2,580.743
2024-11-01,15A,2,588.782
2022-05-01,15E,2,1570.3419999999999
2026-04-01,15E,2,1641.392000000001
2024-04-01,15E,2,1628.9720000000004
2023-06-01,15E,2,1598.8939999999993
2022-01-01,15E,2,1566.2939999999994
2022-09-01,15E,2,1573.9099999999992
2023-07-01,15E,2,1601.6879999999994
2023-11-01,15E,2,1617.3319999999999
2025-05-01,15E,2,1647.7829999999997
2023-08-01,15E,2,1604.871000000001
2024-12-01,15E,2,1644.756
2022-08-01,15E,2,1571.9100000000003
2025-04-01,15E,2,1647.6929999999998
2023-10-01,15E,2,1611.2979999999995
2021-11-01,15E,2,1560.8339999999996
2022-10-01,15E,2,1575.2250000000006
2023-12-01,15E,2,1621.371
2024-03-01,15E,2,1627.4219999999996
2023-04-01,15E,2,1595.0140000000004
2025-02-01,15E,2,1646.9750000000013
2026-04-01,15F,2,941.1029999999998
2025-05-01,15F,2,943.2420000000001
2026-01-01,15F,2,945.4240000000003
2025-08-01,15F,2,939.9489999999998
2022-08-01,15M,2,1112.8839999999996
2024-11-01,15M,2,1140.5849999999996
2022-10-01,15M,2,1114.9459999999997
2023-07-01,15M,2,1123.5530000000003
2025-08-01,15M,2,1144.6179999999993
2024-12-01,15M,2,1141.0009999999993
2026-02-01,15M,2,1144.026000000001
2023-09-01,15M,2,1126.3380000000004
2024-01-01,15M,2,1131.412
2022-12-01,15M,2,1117.511
2024-04-01,16C,2,733.6530000000001
2022-05-01,16C,2,718.5419999999999
2023-09-01,16C,2,727.7520000000002
2022-01-01,16C,2,716.2
2022-12-01,16C,2,722.8800000000002
2022-06-01,16C,2,719.2449999999998
2023-11-01,16C,2,730.2899999999997
2023-06-01,16C,2,726.3620000000002
2022-10-01,16C,2,721.0209999999997
2023-08-01,16C,2,727.2460000000001
2025-01-01,16C,2,738.163
2023-02-01,16C,2,723.9069999999999
2025-02-01,18C,2,832.6870000000001
2021-12-01,18C,2,813.7509999999999
2022-12-01,18C,2,820.9810000000001
2024-02-01,18C,2,828.1549999999999
2024-12-01,18C,2,833.1869999999999
2022-06-01,18C,2,816.7940000000001
2024-04-01,18C,2,828.7639999999997
2025-04-01,18C,2,833.1279999999998
2026-01-01,18C,2,834.8949999999998
2026-04-01,18C,2,833.5729999999999
2022-09-01,18C,2,819.6100000000002
2023-05-01,18C,2,822.7900000000001
2025-07-01,18C,2,834.0840000000001
2024-07-01,18C,2,831.1060000000001
2026-02-01,18C,2,834.3070000000002
2023-12-01,18C,2,827.3849999999999
2024-08-01,18C,2,831.844
2024-10-01,18C,2,832.9029999999997
2024-09-01,27D,2,819.7340000000002
2024-10-01,27D,2,820.0170000000002
2022-02-01,27D,2,795.7109999999999
2022-01-01,27D,2,795.1669999999999
2025-04-01,27D,2,822.6160000000001
2023-03-01,27D,2,805.9350000000002
2024-07-01,27D,2,818.0970000000001
2024-06-01,27D,2,817.3149999999998
2021-07-01,27D,2,789.7390000000001
2024-02-01,27D,2,814.1169999999997
2025-10-01,27D,2,824.5599999999995
2025-09-01,27D,2,824.5639999999997
2024-03-01,27D,2,814.7510000000001
2023-08-01,36J,2,660.0479999999999
2024-09-01,36J,2,669.2570000000001
2024-03-01,36J,2,665.3260000000001
2022-05-01,36J,2,650.2900000000002
2022-06-01,36J,2,650.982
2022-07-01,36J,2,651.538
2024-08-01,36J,2,668.9859999999999
2024-06-01,36J,2,667.7529999999998
2026-03-01,36J,2,667.4840000000003
2023-03-01,36J,2,657.0579999999999
2025-05-01,36L,2,1774.3820000000003
2024-02-01,36L,2,1764.2690000000005
2023-11-01,36L,2,1758.7240000000008
2025-02-01,36L,2,1776.4790000000005
2023-02-01,36L,2,1745.4370000000004
2023-09-01,36L,2,1756.11
2025-09-01,36L,2,1778.3350000000007
2025-01-01,36L,2,1775.307
2023-06-01,36L,2,1749.0460000000003
2025-07-01,36L,2,1776.8009999999997
2025-03-01,36L,2,1775.395999999999
2023-03-01,36L,2,1747.35
2025-04-01,36L,2,1774.4360000000017
2023-09-01,42D,2,562.2379999999999
2022-01-01,42D,2,553.8369999999998
2022-09-01,42D,2,557.5719999999999
2025-08-01,42D,2,570.4370000000001
2023-10-01,52R,2,1137.6930000000002
2024-05-01,52R,2,1147.1669999999995
2024-03-01,52R,2,1145.618
2023-04-01,52R,2,1137.2349999999994
2024-07-01,52R,2,1146.7149999999995
2021-08-01,52R,2,1101.9809999999998
2022-04-01,52R,2,1120.289
2021-08-01,70F,2,916.634
2022-09-01,70F,2,927.3549999999999
2025-05-01,70F,2,949.5000000000002
2023-04-01,70F,2,931.125
2023-05-01,70F,2,931.3789999999999
2025-10-01,70F,2,951.694
2023-03-01,71E,2,813.4650000000003
2023-04-01,71E,2,814.1730000000002
2021-09-01,71E,2,801.218
2025-01-01,71E,2,824.5690000000002
2025-10-01,71E,2,826.0650000000003
2025-12-01,71E,2,825.306
2023-06-01,71E,2,815.0959999999999
2022-02-01,71E,2,804.7289999999998
2021-10-01,71E,2,801.457
2024-07-01,71E,2,821.8909999999998
2021-08-01,71E,2,800.5260000000003
2022-07-01,71E,2,807.4269999999997
2024-03-01,71E,2,820.1739999999999
2022-08-01,71E,2,808.2810000000003
2025-05-01,72Q,2,2122.971999999999
2024-09-01,72Q,2,2115.723
2025-01-01,72Q,2,2123.937000000001
2023-10-01,72Q,2,2089.44
2025-10-01,72Q,2,2126.227999999999
2024-06-01,72Q,2,2113.039999999999
2024-02-01,72Q,2,2103.420000000001
2025-08-01,72Q,2,2124.282
2022-06-01,78H,2,814.9129999999998
2023-05-01,78H,2,826.4250000000001
2023-08-01,78H,2,830.5099999999999
2025-10-01,78H,2,852.894
2026-02-01,78H,2,851.1250000000002
2026-06-01,78H,2,849.24
2024-09-01,84H,2,566.2069999999999
2025-12-01,84H,2,572.1309999999999
2025-10-01,84H,2,570.736
2022-03-01,84H,2,560.811
2025-11-01,84H,2,571.9810000000001
2023-06-01,84H,2,563.9939999999999
2023-10-01,92G,2,997.4819999999999
2023-08-01,92G,2,995.9160000000005
2021-08-01,92G,2,972.9230000000007
2022-10-01,92G,2,985.8539999999994
2021-07-01,92G,2,971.8130000000002
2025-10-01,92G,2,1012.6560000000004
2022-04-01,92G,2,980.7580000000005
2024-02-01,92G,2,1003.4889999999999
2024-08-01,92G,2,1008.0369999999997
2026-01-01,92G,2,1013.4250000000002
2025-12-01,92G,2,1013.464
2026-05-01,92G,2,1010.9590000000003
2024-03-01,92G,2,1003.9649999999997
2024-05-01,92G,2,1005.5919999999998
2023-12-01,92G,2,1001.1499999999996
2024-04-01,92G,2,1004.3739999999995
2026-04-01,97R,2,576.49
2025-02-01,97R,2,577.4440000000001
2022-08-01,97R,2,568.871
2025-03-01,97R,2,577.0919999999998
2026-03-01,97R,2,576.5210000000002
2025-04-01,97R,2,577.258
2025-08-01,97R,2,577.4789999999999
2022-06-01,97R,2,567.782
2024-11-01,97R,2,577.0649999999999
2025-11-01,97R,2,577.3729999999999
2025-05-01,97R,2,577.2390000000003
2026-05-01,97R,2,576.3180000000002
2022-12-01,97R,2,570.4779999999998
2023-12-01,99A,2,586.0979999999997
2022-04-01,99A,2,567.5660000000001
2022-09-01,99A,2,567.6490000000003
2025-07-01,99A,2,597.8290000000001
2026-04-01,99A,2,599.3449999999999
2025-01-01,99A,2,597.2599999999999
2023-01-01,99A,2,575.4420000000001
2023-03-01,99A,2,577.32
2024-11-01,99A,2,596.6610000000002
2025-09-01,99C,2,229.18899999999996
2023-01-01,99C,2,225.44599999999997
2025-02-01,99C,2,228.713
2023-05-01,99C,2,225.93699999999998
2025-12-01,99C,2,229.326
2021-06-01,99C,2,223.413
2024-12-01,99C,2,228.52499999999998
2026-05-01,99E,2,295.894
2022-03-01,99E,2,285.655
2026-01-01,99E,2,296.22299999999996
2022-09-01,99E,2,287.269
2025-05-01,99E,2,295.904
2023-09-01,99E,2,291.046
2024-09-01,99E,2,294.45699999999994
2025-03-01,99E,2,295.75199999999995
2023-05-01,99E,2,289.34999999999997
2024-12-01,99E,2,295.1
2024-06-01,99E,2,293.563
2022-06-01,99E,2,286.35699999999997
2023-01-01,99E,2,287.97
2025-10-01,99E,2,296.466
2024-02-01,99F,2,187.39599999999996
2023-10-01,99F,2,187.24900000000002
2021-06-01,99F,2,185.65399999999994
2023-01-01,99F,2,186.93999999999997
2022-07-01,99G,2,190.58999999999995
2021-06-01,99G,2,190.12
2024-11-01,B2M3M,2,1117.407
2024-06-01,B2M3M,2,1107.3750000000002
2025-03-01,B2M3M,2,1119.538
2023-05-01,B2M3M,2,1077.681
2023-10-01,B2M3M,2,1091.9499999999998
2026-04-01,B2M3M,2,1119.4290000000005
2023-04-01,B2M3M,2,1076.256
2023-12-01,B2M3M,2,1097.8700000000006
2025-02-01,B2M3M,2,1119.6370000000002
2021-11-01,B2M3M,2,1045.0520000000004
2021-10-01,B2M3M,2,1042.097000000001
2023-07-01,B2M3M,2,1081.87
2024-12-01,B2M3M,2,1118.4750000000006
2022-07-01,B2M3M,2,1055.6770000000001
2025-12-01,B2M3M,2,1125.3630000000003
2024-07-01,B2M3M,2,1108.877
2022-09-01,B2M3M,2,1057.9759999999999
2023-02-01,B2M3M,2,1071.7979999999998
2021-08-01,D2P2L,2,1281.6949999999993
2021-11-01,D2P2L,2,1282.8179999999995
2025-01-01,D2P2L,2,1341.002
2023-06-01,D2P2L,2,1309.4059999999997
2024-01-01,D2P2L,2,1324.9989999999991
2023-08-01,D2P2L,2,1313.4239999999995
2026-05-01,D2P2L,2,1336.7079999999999
2025-05-01,D2P2L,2,1342.6309999999994
2022-09-01,D2P2L,2,1293.0970000000013
2023-04-01,D2P2L,2,1305.3070000000007
2025-02-01,D2P2L,2,1341.4729999999997
2024-06-01,D2P2L,2,1334.8909999999998
2023-02-01,D2P2L,2,1301.5100000000004
2022-01-01,D2P2L,2,1285.3909999999998
2023-05-01,M1J4Y,2,1104.4859999999999
2024-11-01,M1J4Y,2,1143.87
2023-02-01,M1J4Y,2,1097.682
2026-02-01,M1J4Y,2,1147.8780000000004
2026-06-01,M1J4Y,2,1144.5660000000003
2025-05-01,M1J4Y,2,1147.33
2026-01-01,M1J4Y,2,1148.5810000000006
2024-06-01,M2L0M,2,533.0740000000001
2023-11-01,M2L0M,2,529.0580000000001
2023-05-01,M2L0M,2,525.1570000000003
2022-06-01,M2L0M,2,520.1959999999999
2025-10-01,M2L0M,2,538.218
2024-03-01,M2L0M,2,531.6229999999999
2025-02-01,M2L0M,2,536.7110000000001
2021-09-01,M2L0M,2,515.6949999999999
2024-05-01,M2L0M,2,532.793
2023-03-01,M2L0M,2,524.308
2024-01-01,M2L0M,2,530.5400000000001
2024-04-01,M2L0M,2,531.951
2023-02-01,U2G6B,2,466.5430000000001
2025-05-01,U2G6B,2,502.392
2025-05-01,W2U3Z,2,2912.14
2026-01-01,W2U3Z,2,2941.5379999999977
2025-03-01,W2U3Z,2,2906.2779999999993
2023-12-01,W2U3Z,2,2874.508
2021-09-01,W2U3Z,2,2709.515000000003
2025-10-01,W2U3Z,2,2932.5699999999993
2023-10-01,W2U3Z,2,2854.1740000000004
2025-11-01,W2U3Z,2,2940.9680000000026
2026-05-01,W2U3Z,2,2907.492999999998
2023-08-01,W2U3Z,2,2848.0269999999987
2022-11-01,W2U3Z,2,2809.4049999999997
2024-02-01,W2U3Z,2,2885.324
2023-03-01,W2U3Z,2,2831.613999999998
2023-04-01,X2C4Y,2,454.90199999999993
2023-06-01,X2C4Y,2,455.70199999999994
2026-05-01,X2C4Y,2,461.3500000000002
2023-08-01,X2C4Y,2,456.3679999999998
2024-09-01,X2C4Y,2,461.1519999999998
2024-10-01,X2C4Y,2,461.6400000000001
2024-11-01,X2C4Y,2,461.9350000000001
2024-03-01,X2C4Y,2,459.22499999999997
2026-01-01,X2C4Y,2,462.28799999999995
2024-08-01,00L,3,340.36100000000005
2025-11-01,00L,3,343.9239999999999
2022-06-01,00L,3,333.64
2024-11-01,00L,3,341.329
2024-02-01,00L,3,338.333
2021-10-01,00L,3,332.816
2024-06-01,00L,3,339.6300000000001
2022-04-01,00L,3,333.34599999999995
2025-02-01,00L,3,341.746
2024-10-01,00L,3,341.04300000000006
2025-06-01,00N,3,159.684
2025-03-01,00N,3,159.909
2026-06-01,00N,3,158.71799999999996
2024-10-01,00P,3,295.26599999999996
2023-04-01,00P,3,290.14
2022-03-01,00P,3,286.16
2022-01-01,00P,3,285.825
2024-01-01,00P,3,293.52199999999993
2024-09-01,00P,3,295.09099999999995
2023-07-01,00P,3,290.57300000000004
2024-07-01,00P,3,294.92
2025-01-01,00P,3,295.55
2024-03-01,00P,3,294.15900000000005
2022-08-01,00Q,3,181.67400000000004
2022-10-01,00Q,3,181.97700000000003
2024-09-01,00Q,3,187.09600000000003
2025-01-01,00Q,3,187.81599999999997
2021-07-01,00Q,3,180.112
2021-11-01,00T,3,318.7969999999999
2025-08-01,00T,3,334.61500000000007
2023-11-01,00T,3,327.84800000000007
2023-07-01,00T,3,325.7149999999999
2022-04-01,00T,3,320.31800000000004
2022-10-01,00Y,3,263.05800000000005
2023-06-01,00Y,3,264.954
2024-05-01,00Y,3,268.86500000000007
2021-07-01,00Y,3,260.989
2023-08-01,00Y,3,265.40299999999996
2023-08-01,01A,3,402.059
2024-02-01,01A,3,405.205
2023-02-01,01A,3,399.0140000000001
2023-03-01,01A,3,399.4299999999999
2023-07-01,01A,3,401.34099999999995
2021-07-01,01G,3,292.514
2022-01-01,01G,3,299.60300000000007
2024-10-01,01G,3,320.9239999999999
2025-01-01,01G,3,322.0349999999999
2023-01-01,01G,3,308.17699999999996
2024-04-01,01G,3,316.8680000000001
2022-02-01,01G,3,300.515
2025-02-01,01G,3,322.57399999999984
2022-09-01,01G,3,304.85000000000014
2023-03-01,01G,3,309.29699999999997
2023-12-01,01G,3,314.937
2025-12-01,01G,3,326.413
2022-10-01,01G,3,305.56000000000006
2021-12-01,01G,3,298.92100000000005
2024-03-01,01G,3,316.4049999999999
2023-09-01,01H,3,333.51800000000014
2021-07-01,01H,3,327.77599999999995
2023-08-01,01H,3,333.19800000000004
2023-01-01,01H,3,331.621
2025-05-01,01H,3,336.9620000000001
2025-07-01,01H,3,337.23499999999996
2025-09-01,01H,3,337.6139999999999
2025-11-01,01H,3,337.64599999999996
2022-06-01,01H,3,329.66999999999996
2023-06-01,01H,3,332.4320000000001
2021-11-01,01J,3,169.71099999999998
2025-08-01,01J,3,174.17000000000002
2024-11-01,01J,3,173.679
2022-08-01,01J,3,170.294
2022-02-01,01J,3,170.148
2024-12-01,01J,3,173.69600000000003
2021-09-01,01J,3,169.47200000000004
2024-08-01,01J,3,173.10100000000006
2024-10-01,01J,3,173.49999999999994
2025-07-01,01W,3,330.0300000000001
2024-10-01,01W,3,328.60500000000013
2023-08-01,01W,3,325.233
2021-08-01,01W,3,318.94399999999996
2024-08-01,01W,3,328.1160000000001
2023-04-01,01W,3,323.883
2023-11-01,01W,3,326.144
2025-12-01,01W,3,330.86499999999995
2022-02-01,01W,3,320.6120000000001
2024-01-01,01W,3,326.489
2025-10-01,01W,3,330.71400000000006
2024-06-01,01W,3,327.493
2023-06-01,01W,3,324.504
2025-06-01,01X,3,203.946
2023-04-01,01X,3,200.66099999999997
2026-03-01,01X,3,204.49200000000002
2024-03-01,01X,3,201.94000000000003
2023-03-01,01X,3,200.72
2023-02-01,01X,3,200.51899999999998
2024-04-01,01X,3,201.93699999999995
2022-10-01,01X,3,200.67899999999997
2022-09-01,01X,3,200.636
2024-09-01,01Y,3,227.61800000000002
2023-12-01,02H,3,347.07399999999996
2023-08-01,02H,3,345.0129999999999
2021-09-01,02H,3,336.547
2024-12-01,02H,3,351.62699999999995
2023-06-01,02H,3,343.6589999999999
2021-06-01,02H,3,335.58299999999997
2023-10-01,02H,3,345.9989999999999
2024-07-01,02H,3,349.9400000000001
2024-01-01,02P,3,269.198
2021-09-01,02P,3,264.889
2025-10-01,02P,3,270.7730000000001
2026-02-01,02P,3,270.57399999999996
2023-05-01,02P,3,267.70799999999997
2022-01-01,02P,3,265.17
2023-04-01,02P,3,267.54
2025-04-01,02P,3,270.811
2021-08-01,02P,3,264.8930000000001
2023-06-01,02P,3,267.858
2026-01-01,02X,3,341.429
2024-09-01,02X,3,339.0310000000001
2025-12-01,02Y,3,320.127
2025-04-01,02Y,3,318.2169999999999
2025-01-01,02Y,3,317.465
2022-12-01,02Y,3,310.488
2023-02-01,02Y,3,310.793
2022-10-01,02Y,3,309.7930000000001
2023-08-01,02Y,3,312.526
2024-10-01,02Y,3,316.916
2026-04-01,02Y,3,320.517
2021-06-01,02Y,3,307.351
2024-01-01,02Y,3,313.64400000000006
2022-07-01,02Y,3,308.6400000000001
2023-01-01,03H,3,172.364
2022-09-01,03L,3,267.856
2023-12-01,03L,3,272.11899999999997
2024-04-01,03L,3,273.03799999999995
2021-06-01,03L,3,265.2700000000001
2021-07-01,03L,3,265.688
2024-05-01,03L,3,273.36300000000006
2022-02-01,03L,3,266.744
2023-08-01,03L,3,271.013
2024-02-01,03L,3,272.684
2025-12-01,03L,3,276.969
2023-01-01,03L,3,268.77000000000004
2022-10-01,03L,3,268.19100000000003
2021-09-01,03L,3,266.06300000000005
2024-10-01,03L,3,274.798
2026-04-01,03L,3,276.93899999999996
2022-03-01,03Q,3,251.235
2021-07-01,03Q,3,249.47899999999998
2023-12-01,03R,3,395.78499999999997
2025-07-01,03R,3,400.16200000000015
2024-11-01,03R,3,399.17600000000004
2021-09-01,03R,3,387.06600000000003
2026-01-01,03R,3,400.41999999999996
2024-06-01,03R,3,398.10399999999987
2024-01-01,03R,3,396.08899999999994
2022-03-01,03R,3,388.365
2025-03-01,03R,3,399.718
2022-07-01,03R,3,389.5270000000001
2024-10-01,03W,3,360.5860000000001
2025-03-01,03W,3,360.231
2023-08-01,03W,3,356.10000000000014
2022-04-01,03W,3,352.25800000000004
2026-06-01,03W,3,361.90299999999996
2024-06-01,04C,3,449.74899999999997
2022-08-01,04C,3,426.863
2024-03-01,04C,3,449.261
2021-10-01,04C,3,422.1039999999999
2026-06-01,04C,3,442.39300000000003
2025-03-01,04V,3,423.8259999999999
2024-01-01,04V,3,418.43000000000006
2023-02-01,04V,3,414.18799999999993
2021-08-01,05D,3,147.399
2026-04-01,05V,3,156.63799999999998
2025-12-01,05V,3,157.12300000000002
2022-07-01,05W,3,298.6180000000001
2025-07-01,06K,3,636.785
2021-06-01,06K,3,613.543
2023-09-01,06K,3,626.4469999999999
2023-11-01,06K,3,628.224
2022-12-01,06K,3,620.216
2025-11-01,06K,3,638.117
2026-02-01,06L,3,419.233
2024-01-01,06L,3,415.893
2025-07-01,06L,3,419.942
2026-04-01,06L,3,418.5600000000001
2023-09-01,06L,3,415.03000000000003
2025-01-01,06L,3,418.53000000000014
2025-03-01,06L,3,418.90599999999995
2024-06-01,06L,3,416.9869999999998
2024-02-01,06L,3,416.074
2023-11-01,06N,3,684.1589999999997
2023-01-01,06N,3,676.0409999999999
2022-08-01,06N,3,672.439
2021-10-01,06N,3,666.9889999999999
2023-05-01,06N,3,679.066
2022-10-01,06T,3,366.92700000000013
2024-09-01,06T,3,377.21999999999997
2021-07-01,06T,3,362.147
2021-10-01,06T,3,362.83199999999994
2025-04-01,06T,3,379.9320000000001
2024-12-01,06T,3,379.07400000000007
2024-03-01,06T,3,375.64300000000014
2023-06-01,07G,3,186.32699999999997
2021-12-01,07H,3,324.0670000000001
2024-11-01,07H,3,335.23300000000006
2024-08-01,07H,3,334.48599999999993
2025-03-01,07H,3,336.02700000000004
2025-07-01,07H,3,337.282
2022-11-01,07H,3,326.32
2023-02-01,07H,3,327.248
2025-05-01,07H,3,336.57300000000004
2021-06-01,07H,3,322.273
2025-09-01,07H,3,338.09899999999993
2026-05-01,07H,3,337.12600000000003
2022-08-01,07H,3,325.797
2026-06-01,07K,3,280.438
2026-05-01,07K,3,280.67
2021-06-01,07K,3,268.81200000000007
2023-05-01,09D,3,330.84200000000004
2023-12-01,09D,3,333.08200000000005
2023-03-01,09D,3,331.566
2023-02-01,09D,3,331.8310000000001
2022-12-01,09D,3,331.759
2021-06-01,09D,3,324.74299999999994
2024-03-01,10Q,3,818.3839999999999
2023-09-01,10Q,3,809.5409999999997
2025-01-01,10Q,3,828.2359999999998
2024-06-01,10Q,3,819.5509999999998
2021-10-01,10Q,3,788.0739999999998
2024-09-01,10Q,3,820.9699999999999
2021-06-01,10Q,3,781.1040000000002
2026-04-01,10Q,3,825.9930000000002
2022-10-01,10Q,3,801.0890000000002
2024-08-01,10Q,3,820.1370000000002
2023-03-01,10Q,3,806.683
2025-05-01,10Q,3,828.2609999999997
2021-12-01,10Q,3,792.0729999999999
2021-08-01,10Q,3,782.8509999999998
2024-04-01,10Q,3,818.43
2026-01-01,10Q,3,830.7590000000002
2022-01-01,10R,3,230.395
2021-11-01,10R,3,229.54399999999998
2022-04-01,10R,3,231.11900000000003
2023-06-01,11J,3,825.684
2025-03-01,11J,3,832.2550000000003
2021-10-01,11J,3,816.948
2026-02-01,11J,3,829.7140000000002
2023-01-01,11J,3,824.754
2024-01-01,11J,3,830.7099999999999
2021-09-01,11J,3,814.8310000000004
2026-05-01,11J,3,827.5130000000001
2025-12-01,11M,3,699.334
2024-07-01,11M,3,692.7919999999999
2025-07-01,11M,3,697.3359999999994
2024-10-01,11M,3,694.8179999999999
2025-09-01,11M,3,698.383
2024-01-01,11N,3,603.328
2023-11-01,11N,3,602.8919999999999
2024-02-01,11N,3,603.456
2024-02-01,11X,3,604.4710000000001
2025-11-01,11X,3,608.2270000000001
2022-08-01,11X,3,596.7930000000001
2024-08-01,11X,3,606.8530000000002
2023-11-01,11X,3,603.326
2026-06-01,11X,3,605.0620000000001
2024-09-01,11X,3,607.3039999999999
2022-09-01,11X,3,597.4799999999999
2022-01-01,11X,3,593.9329999999999
2022-04-01,11X,3,594.5270000000002
2026-03-01,11X,3,606.2100000000003
2024-12-01,11X,3,608.175
2023-03-01,11X,3,600.0259999999998
2024-01-01,11X,3,604.0309999999998
2021-12-01,11X,3,593.37
2024-05-01,11X,3,605.2850000000002
2025-08-01,11X,3,608.7059999999997
2022-07-01,11X,3,596.3710000000001
2021-10-01,11X,3,592.8629999999999
2022-02-01,13T,3,538.5199999999999
2022-04-01,13T,3,539.4100000000001
2022-08-01,13T,3,539.1500000000001
2022-09-01,13T,3,538.584
2022-01-01,13T,3,538.2150000000001
2026-04-01,13T,3,558.9799999999999
2026-02-01,13T,3,561.062
2025-12-01,13T,3,563.113
2026-01-01,13T,3,562.1839999999999
2021-06-01,13T,3,531.981
2024-05-01,13T,3,556.7229999999998
2023-07-01,13T,3,547.6610000000001
2023-07-01,14L,3,719.1780000000001
2024-04-01,14L,3,738.2629999999999
2023-08-01,14L,3,719.4660000000001
2023-01-01,14L,3,713.3999999999999
2021-11-01,14L,3,689.1789999999999
2022-05-01,14L,3,699.5999999999998
2022-09-01,14L,3,700.9100000000002
2022-03-01,14L,3,697.3800000000005
2024-02-01,14L,3,736.4680000000001
2024-11-01,14Y,3,594.9020000000002
2022-10-01,14Y,3,581.6019999999999
2025-05-01,14Y,3,596.333
2021-07-01,14Y,3,575.1370000000002
2023-11-01,15A,3,583.938
2023-03-01,15A,3,578.05
2025-09-01,15A,3,590.1750000000001
2024-02-01,15A,3,584.197
2024-03-01,15A,3,584.9259999999999
2024-07-01,15A,3,586.2930000000001
2026-01-01,15A,3,589.5559999999999
2023-07-01,15A,3,579.425
2024-06-01,15A,3,585.9879999999999
2026-04-01,15A,3,586.8720000000001
2022-03-01,15A,3,568.374
2025-12-01,15A,3,590.2170000000001
2024-10-01,15A,3,587.372
2022-12-01,15A,3,576.849
2021-10-01,15A,3,564.073
2025-11-01,15A,3,590.588
2025-03-01,15A,3,589.7340000000002
2022-07-01,15C,3,1062.335
2023-05-01,15E,3,1596.445
2021-08-01,15E,3,1555.961
2026-02-01,15E,3,1646.2569999999996
2022-06-01,15E,3,1570.2779999999993
2024-01-01,15E,3,1623.3689999999992
2025-03-01,15E,3,1647.323000000001
2021-12-01,15E,3,1564.5250000000005
2023-09-01,15E,3,1607.275
2021-06-01,15E,3,1554.071999999999
2022-04-01,15E,3,1570.9020000000003
2025-01-01,15F,3,944.391
2023-11-01,15F,3,930.9919999999998
2025-10-01,15F,3,945.0990000000002
2026-05-01,15F,3,938.9430000000001
2023-04-01,15F,3,920.638
2025-07-01,15F,3,941.075
2026-03-01,15M,3,1143.5270000000003
2021-11-01,15M,3,1105.868
2023-03-01,15M,3,1119.6940000000006
2025-09-01,15M,3,1145.059
2023-10-01,15M,3,1127.4319999999998
2025-04-01,15M,3,1142.546000000001
2024-08-01,15M,3,1138.46
2024-03-01,15M,3,1133.1200000000001
2025-06-01,15M,3,1143.3340000000005
2023-08-01,15M,3,1125.1159999999995
2023-05-01,15M,3,1121.1429999999996
2024-10-01,15M,3,1140.1630000000007
2025-03-01,15M,3,1142.1699999999996
2022-03-01,15M,3,1108.635
2024-03-01,16C,3,733.3899999999998
2023-10-01,16C,3,728.6809999999999
2024-01-01,16C,3,731.5440000000001
2025-04-01,16C,3,739.5689999999996
2023-12-01,16C,3,731.1039999999999
2024-12-01,16C,3,738.1239999999999
2024-02-01,16C,3,732.833
2025-03-01,16C,3,739.3200000000002
2024-06-01,16C,3,734.8099999999998
2024-11-01,16C,3,737.893
2023-02-01,18C,3,821.7440000000004
2023-09-01,18C,3,826.0649999999999
2026-05-01,18C,3,833.0809999999999
2023-08-01,18C,3,825.259
2021-11-01,18C,3,812.9740000000002
2022-11-01,18C,3,820.3800000000003
2024-03-01,18C,3,828.525
2024-07-01,26A,3,1096.3080000000004
2026-06-01,26A,3,1097.37
2025-06-01,26A,3,1100.2780000000002
2025-01-01,27D,3,821.6050000000006
2023-12-01,27D,3,812.9219999999998
2023-07-01,27D,3,808.6080000000003
2025-02-01,27D,3,822.214
2023-01-01,27D,3,804.6949999999998
2025-12-01,27D,3,825.0900000000005
2023-11-01,27D,3,812.035
2026-03-01,27D,3,824.494
2024-08-01,27D,3,818.9799999999998
2025-07-01,27D,3,823.4280000000002
2023-08-01,27D,3,809.343
2025-03-01,27D,3,822.074
2026-05-01,27D,3,824.1919999999996
2022-11-01,27D,3,803.1750000000003
2024-05-01,27D,3,816.722
2023-05-01,27D,3,806.809
2022-03-01,36J,3,649.1300000000001
2023-10-01,36J,3,661.0849999999998
2022-09-01,36J,3,652.5390000000002
2021-09-01,36J,3,645.4900000000002
2021-12-01,36J,3,647.3159999999999
2022-08-01,36J,3,651.895
2022-10-01,36J,3,653.2369999999999
2022-01-01,36J,3,647.9700000000001
2021-10-01,36J,3,645.7120000000003
2021-08-01,36J,3,647.173
2021-09-01,36L,3,1719.1129999999998
2024-01-01,36L,3,1762.8890000000006
2025-06-01,36L,3,1775.612000000001
2024-05-01,36L,3,1767.9169999999997
2025-08-01,36L,3,1777.861
2024-10-01,36L,3,1771.832
2025-10-01,36L,3,1778.7450000000001
2023-12-01,36L,3,1761.2069999999999
2026-04-01,36L,3,1763.3670000000002
2025-12-01,36L,3,1778.0950000000005
2024-03-01,36L,3,1763.761
2024-08-01,42D,3,566.0870000000002
2025-12-01,42D,3,570.8230000000002
2024-12-01,42D,3,567.598
2025-06-01,42D,3,569.307
2025-05-01,42D,3,569.1190000000001
2022-08-01,42D,3,556.785
2023-12-01,42D,3,562.8640000000001
2022-02-01,42D,3,554.0569999999999
2024-11-01,42D,3,567.3139999999999
2022-11-01,52R,3,1132.6909999999998
2021-10-01,52R,3,1111.7540000000004
2023-03-01,52R,3,1136.4169999999997
2022-12-01,52R,3,1134.377
2024-06-01,52R,3,1147.1430000000003
2026-01-01,52R,3,1157.5079999999996
2022-02-01,52R,3,1118.4979999999996
2024-08-01,52R,3,1146.5739999999996
2022-01-01,52R,3,1117.7189999999998
2023-09-01,52R,3,1131.8509999999994
2023-08-01,52R,3,1135.294
2022-10-01,52R,3,1129.007
2025-02-01,52R,3,1155.3
2025-09-01,70F,3,951.5529999999994
2023-07-01,70F,3,933.2260000000002
2026-06-01,70F,3,948.8779999999997
2026-05-01,70F,3,949.5979999999996
2025-11-01,70F,3,951.5470000000001
2024-11-01,71E,3,823.229
2025-05-01,71E,3,825.3190000000003
2024-02-01,71E,3,819.6009999999998
2021-11-01,71E,3,802.8169999999999
2025-03-01,71E,3,825.1559999999997
2022-04-01,71E,3,805.536
2022-11-01,71E,3,811.6769999999997
2023-01-01,71E,3,812.8149999999998
2026-05-01,71E,3,824.385
2026-06-01,71E,3,823.6619999999997
2023-11-01,71E,3,818.1640000000002
2025-11-01,71E,3,825.0329999999999
2025-09-01,71E,3,826.7410000000001
2023-10-01,71E,3,817.1840000000001
2025-06-01,71E,3,825.5550000000002
2025-02-01,71E,3,824.9879999999999
2024-09-01,71E,3,822.859
2023-06-01,72Q,3,2078.4700000000003
2025-02-01,72Q,3,2125.2100000000005
2025-09-01,72Q,3,2125.3009999999995
2026-03-01,72Q,3,2108.153
2025-11-01,72Q,3,2125.2290000000003
2023-07-01,72Q,3,2082.1370000000015
2021-12-01,72Q,3,2044.8999999999992
2024-12-01,72Q,3,2123.213
2026-04-01,72Q,3,2106.753
2023-04-01,72Q,3,2075.835
2023-01-01,72Q,3,2069.4820000000004
2023-02-01,72Q,3,2072.7059999999997
2023-12-01,78H,3,835.8909999999998
2024-09-01,78H,3,846.3040000000002
2026-01-01,78H,3,852.317
2022-07-01,78H,3,815.6090000000002
2023-10-01,78H,3,832.5409999999999
2025-04-01,78H,3,849.8109999999999
2022-10-01,78H,3,818.4859999999999
2026-04-01,78H,3,850.5980000000002
2022-12-01,84H,3,563.5100000000002
2025-04-01,84H,3,569.6130000000004
2025-07-01,84H,3,569.2950000000001
2026-06-01,84H,3,569.6069999999999
2021-12-01,84H,3,560.7709999999998
2021-11-01,84H,3,559.3550000000001
2026-05-01,84H,3,570.5140000000001
2026-04-01,84H,3,571.0409999999999
2025-05-01,84H,3,569.3660000000001
2021-09-01,84H,3,556.9390000000002
2024-03-01,84H,3,566.7500000000001
2025-08-01,91Q,3,2041.7639999999994
2021-10-01,91Q,3,1952.1199999999994
2022-11-01,91Q,3,1978.6739999999984
2026-01-01,91Q,3,2043.7780000000002
2025-12-01,92A,3,1303.1779999999999
2026-06-01,92A,3,1295.166
2022-01-01,92G,3,978.4149999999998
2023-09-01,92G,3,996.7719999999995
2025-02-01,92G,3,1012.812
2023-05-01,92G,3,993.4310000000003
2023-04-01,92G,3,992.647
2024-06-01,92G,3,1006.4449999999995
2025-05-01,92G,3,1012.4049999999999
2023-11-01,92G,3,999.0650000000002
2023-07-01,92G,3,995.2860000000001
2022-08-01,92G,3,984.2129999999997
2024-12-01,92G,3,1012.5479999999999
2025-09-01,92G,3,1012.5199999999999
2025-11-01,92G,3,1013.1539999999999
2024-09-01,92G,3,1008.6919999999998
2026-06-01,92G,3,1010.6510000000001
2021-08-01,97R,3,564.988
2024-10-01,97R,3,576.978
2022-05-01,97R,3,567.3090000000001
2023-05-01,97R,3,571.5849999999998
2022-09-01,97R,3,569.414
2025-12-01,97R,3,577.3349999999999
2025-01-01,97R,3,577.2199999999999
2026-05-01,99A,3,599.0540000000003
2022-01-01,99A,3,564.6349999999998
2022-06-01,99A,3,567.5759999999999
2022-07-01,99A,3,567.889
2026-03-01,99A,3,599.4830000000003
2022-05-01,99A,3,567.521
2023-07-01,99A,3,578.5630000000001
2024-02-01,99A,3,587.7070000000001
2025-04-01,99C,3,228.79000000000002
2021-08-01,99C,3,223.62699999999995
2022-05-01,99C,3,224.376
2026-04-01,99C,3,229.367
2025-05-01,99C,3,228.83500000000006
2026-01-01,99C,3,229.42199999999997
2026-05-01,99C,3,229.23000000000005
2023-03-01,99C,3,225.701
2023-07-01,99C,3,226.30600000000004
2026-03-01,99C,3,229.39200000000002
2025-10-01,99C,3,229.378
2025-06-01,99C,3,228.90300000000002
2024-01-01,99C,3,227.14300000000003
2021-10-01,99C,3,223.819
2021-10-01,99E,3,285.167
2023-10-01,99E,3,291.22200000000004
2022-12-01,99E,3,287.933
2021-06-01,99E,3,284.55300000000005
2024-03-01,99E,3,292.719
2023-12-01,99E,3,291.89399999999995
2023-04-01,99E,3,288.95699999999994
2023-06-01,99E,3,289.735
2021-07-01,99E,3,284.681
2025-08-01,99E,3,296.521
2025-07-01,99E,3,296.251
2026-03-01,99E,3,295.8269999999999
2022-04-01,99F,3,186.227
2024-09-01,99F,3,187.96200000000005
2023-10-01,99G,3,193.15300000000002
2021-08-01,99G,3,190.35900000000004
2025-10-01,99G,3,196.63000000000005
2021-09-01,99G,3,190.37699999999995
2021-07-01,B2M3M,3,1032.9160000000002
2021-08-01,B2M3M,3,1034.2740000000003
2026-05-01,B2M3M,3,1117.8249999999996
2023-01-01,B2M3M,3,1070.3129999999999
2022-04-01,B2M3M,3,1051.85
2022-11-01,B2M3M,3,1068.341
2024-04-01,B2M3M,3,1103.144999999999
2025-12-01,D2P2L,3,1342.5359999999994
2022-07-01,D2P2L,3,1291.0820000000015
2024-08-01,D2P2L,3,1337.2649999999999
2025-08-01,M1J4Y,3,1149.758
2024-09-01,M1J4Y,3,1140.9940000000001
2022-01-01,M1J4Y,3,1072.1619999999998
2023-08-01,M1J4Y,3,1112.1719999999996
2024-05-01,M1J4Y,3,1134.774
2024-12-01,M1J4Y,3,1145.2040000000002
2025-04-01,M1J4Y,3,1146.9699999999998
2023-04-01,M1J4Y,3,1103.136
2024-10-01,M1J4Y,3,1141.8749999999998
2023-09-01,M2L0M,3,527.461
2026-01-01,M2L0M,3,538.095
2021-12-01,M2L0M,3,517.7279999999998
2021-11-01,M2L0M,3,517.0229999999998
2022-11-01,M2L0M,3,522.8049999999998
2023-08-01,M2L0M,3,526.954
2023-07-01,M2L0M,3,526.177
2021-07-01,M2L0M,3,514.5230000000001
2024-10-01,M2L0M,3,535.7470000000001
2023-04-01,W2U3Z,3,2834.081999999998
2024-05-01,W2U3Z,3,2889.027
2024-03-01,W2U3Z,3,2883.4759999999965
2025-08-01,W2U3Z,3,2921.0639999999985
2024-01-01,W2U3Z,3,2880.7480000000014
2024-12-01,W2U3Z,3,2903.968999999999
2023-01-01,W2U3Z,3,2825.894999999999
2022-10-01,W2U3Z,3,2798.1679999999988
2025-02-01,W2U3Z,3,2902.266
2024-04-01,W2U3Z,3,2879.1510000000003
2026-03-01,W2U3Z,3,2919.3159999999993
2024-10-01,W2U3Z,3,2906.679000000003
2022-02-01,W2U3Z,3,2757.5840000000003
2022-03-01,W2U3Z,3,2765.2170000000037
2022-02-01,00L,4,333.16300000000007
2026-01-01,00L,4,344.235
2021-06-01,00L,4,331.6259999999999
2024-04-01,00L,4,338.7289999999999
2023-10-01,00L,4,337.24599999999987
2025-07-01,00L,4,342.705
2021-08-01,00L,4,332.393
2025-08-01,00L,4,343.19199999999995
2023-12-01,00L,4,337.824
2023-04-01,00L,4,335.8760000000001
2025-04-01,00N,4,159.82
2021-12-01,00P,4,285.70699999999994
2025-10-01,00P,4,295.469
2022-09-01,00P,4,287.16400000000004
2021-09-01,00P,4,284.68700000000007
2021-08-01,00P,4,284.68
2021-09-01,00Q,4,180.55299999999997
2023-10-01,00T,4,327.196
2025-03-01,00T,4,333.87399999999997
2023-06-01,00T,4,325.22200000000004
2022-12-01,00Y,4,263.5939999999999
2023-10-01,01A,4,402.95799999999997
2023-09-01,01A,4,402.54999999999995
2022-12-01,01G,4,307.73099999999994
2024-09-01,01G,4,319.609
2022-01-01,01H,4,329.0159999999999
2024-02-01,01H,4,334.31600000000003
2024-06-01,01H,4,335.14
2022-07-01,01H,4,329.97299999999996
2021-11-01,01H,4,328.48300000000006
2024-08-01,01H,4,335.76200000000006
2025-06-01,01H,4,337.20200000000006
2024-11-01,01H,4,336.215
2022-09-01,01H,4,330.8640000000001
2024-03-01,01H,4,334.45399999999995
2025-01-01,01H,4,336.52099999999996
2023-03-01,01H,4,332.026
2024-04-01,01H,4,334.49600000000004
2021-08-01,01H,4,328.03200000000004
2023-02-01,01J,4,170.515
2025-04-01,01J,4,173.973
2023-05-01,01J,4,170.776
2022-05-01,01J,4,170.23999999999998
2025-01-01,01J,4,173.74800000000002
2023-06-01,01J,4,170.95400000000004
2022-01-01,01J,4,169.84600000000006
2022-10-01,01J,4,170.427
2021-12-01,01K,4,353.573
2024-04-01,01K,4,355.83399999999995
2021-07-01,01W,4,318.6359999999999
2025-04-01,01W,4,329.2829999999999
2024-09-01,01W,4,328.5379999999999
2023-07-01,01W,4,324.807
2023-01-01,01W,4,322.984
2025-02-01,01W,4,329.24300000000005
2024-07-01,01W,4,327.72599999999994
2026-06-01,01X,4,204.60999999999999
2025-03-01,01X,4,203.659
2026-04-01,01X,4,204.45999999999998
2023-10-01,01X,4,201.35400000000004
2024-05-01,01X,4,202.57799999999997
2025-08-01,01X,4,204.15499999999994
2023-01-01,01X,4,200.53400000000002
2023-08-01,01X,4,201.20199999999997
2021-06-01,01Y,4,218.82899999999998
2024-09-01,02H,4,350.6890000000001
2022-07-01,02H,4,339.26500000000004
2022-05-01,02H,4,338.64900000000017
2022-09-01,02H,4,340.00899999999984
2023-03-01,02H,4,342.2150000000001
2023-02-01,02H,4,341.7330000000002
2021-07-01,02H,4,335.862
2023-04-01,02H,4,342.6009999999999
2022-03-01,02H,4,338.179
2025-03-01,02H,4,352.09200000000016
2023-07-01,02M,4,184.58799999999997
2021-10-01,02P,4,264.88700000000006
2023-02-01,02P,4,267.192
2023-03-01,02P,4,267.317
2023-07-01,02P,4,268.1910000000001
2024-05-01,02P,4,269.92199999999997
2025-09-01,02P,4,270.7180000000001
2021-11-01,02P,4,265.01099999999997
2025-01-01,02P,4,270.712
2023-09-01,02P,4,268.62100000000004
2026-05-01,02Y,4,320.752
2021-11-01,02Y,4,307.55600000000004
2023-01-01,02Y,4,310.597
2022-11-01,02Y,4,310.174
2025-07-01,03L,4,276.42600000000004
2022-08-01,03L,4,267.572
2024-08-01,03L,4,274.34400000000005
2023-09-01,03L,4,271.26099999999997
2022-07-01,03L,4,267.57300000000004
2025-04-01,03L,4,276.06199999999995
2024-01-01,03L,4,272.34299999999996
2023-04-01,03L,4,269.67
2024-03-01,03L,4,272.814
2022-01-01,03L,4,266.59400000000005
2024-05-01,03N,4,638.6130000000002
2025-02-01,03N,4,641.02
2021-06-01,03R,4,385.87199999999996
2021-07-01,03R,4,386.438
2025-12-01,03R,4,400.61999999999995
2023-02-01,03R,4,391.67800000000005
2026-05-01,03R,4,399.74599999999987
2025-11-01,03R,4,400.829
2023-10-01,03R,4,395.06700000000006
2026-05-01,03W,4,361.925
2024-11-01,03W,4,360.87399999999997
2023-01-01,03W,4,354.74100000000004
2025-11-01,03W,4,362.09799999999996
2024-06-01,03W,4,359.2009999999999
2024-12-01,03W,4,359.783
2025-11-01,04C,4,449.414
2026-01-01,04C,4,448.211
2022-04-01,04C,4,427.1430000000001
2021-06-01,04C,4,422.20300000000003
2023-03-01,04C,4,436.583
2024-12-01,04C,4,450.36299999999983
2025-04-01,04C,4,450.159
2023-05-01,04V,4,414.8370000000003
2025-04-01,04V,4,423.92500000000007
2024-07-01,04V,4,420.532
2024-11-01,04V,4,422.552
2024-04-01,06H,4,1047.011
2023-06-01,06K,4,624.2079999999999
2023-01-01,06K,4,620.6190000000001
2026-04-01,06K,4,636.2700000000002
2025-04-01,06K,4,635.935
2024-02-01,06K,4,630.2640000000001
2021-09-01,06K,4,615.7130000000002
2022-09-01,06K,4,618.0550000000003
2022-06-01,06K,4,617.2060000000002
2023-08-01,06K,4,625.6500000000001
2026-02-01,06K,4,636.8999999999999
2024-11-01,06K,4,635.1719999999998
2022-08-01,06L,4,411.56299999999993
2023-12-01,06L,4,415.60100000000006
2023-03-01,06L,4,413.1880000000001
2024-09-01,06L,4,418.01300000000003
2024-04-01,06L,4,416.36
2025-09-01,06L,4,420.484
2025-02-01,06L,4,418.8
2022-12-01,06L,4,412.38100000000003
2024-11-01,06L,4,418.25800000000004
2023-10-01,06L,4,415.239
2024-08-01,06L,4,417.71099999999996
2026-01-01,06L,4,419.5739999999999
2025-08-01,06L,4,420.3840000000002
2023-03-01,06N,4,677.7799999999997
2023-09-01,06N,4,683.1749999999998
2022-03-01,06N,4,669.1230000000002
2024-12-01,06N,4,691.748
2022-05-01,06N,4,670.0010000000002
2022-07-01,06N,4,671.7159999999999
2022-01-01,06T,4,365.0259999999999
2022-08-01,06T,4,366.669
2022-02-01,07H,4,324.3629999999999
2025-04-01,07H,4,336.23800000000006
2025-06-01,07H,4,336.956
2024-01-01,07H,4,331.363
2021-10-01,07H,4,323.75999999999993
2025-10-01,07H,4,338.09299999999985
2022-07-01,07H,4,325.37600000000003
2024-10-01,07H,4,334.80799999999994
2025-09-01,07K,4,280.9270000000001
2023-05-01,07K,4,274.453
2024-09-01,07K,4,279.49600000000004
2025-02-01,07K,4,280.09900000000005
2021-09-01,07K,4,270.163
2022-02-01,09D,4,329.36
2023-09-01,09D,4,329.45200000000006
2023-05-01,10Q,4,807.6209999999999
2023-11-01,10Q,4,816.2529999999999
2023-04-01,10Q,4,807.3140000000001
2024-02-01,10Q,4,818.6979999999996
2024-11-01,10Q,4,827.1999999999998
2025-03-01,10Q,4,828.6360000000004
2025-11-01,10Q,4,833.1869999999999
2023-02-01,10Q,4,807.522
2021-09-01,10R,4,229.513
2022-05-01,11J,4,820.1639999999998
2023-08-01,11J,4,826.0639999999999
2021-11-01,11J,4,817.6070000000002
2021-06-01,11J,4,812.9410000000004
2026-04-01,11J,4,828.363
2023-03-01,11J,4,824.944
2025-03-01,11M,4,696.41
2021-11-01,11M,4,672.1949999999999
2026-04-01,11M,4,698.3459999999999
2021-10-01,11M,4,671.7200000000001
2023-02-01,11M,4,681.8290000000003
2022-11-01,11M,4,679.9170000000001
2025-10-01,11M,4,698.933
2025-08-01,11M,4,697.7499999999999
2023-11-01,11M,4,687.3410000000001
2023-10-01,11M,4,686.7200000000001
2025-06-01,11M,4,697.1629999999999
2022-07-01,11M,4,676.8079999999999
2024-04-01,11M,4,690.6050000000002
2022-06-01,11N,4,597.829
2022-10-01,11N,4,599.3459999999998
2025-04-01,11N,4,605.8719999999998
2022-12-01,11N,4,600.3249999999997
2021-09-01,11N,4,595.4230000000001
2026-05-01,11N,4,604.8919999999998
2023-03-01,11N,4,600.265
2025-03-01,11N,4,605.9739999999998
2022-09-01,11N,4,598.7149999999998
2025-01-01,11N,4,606.1039999999999
2024-10-01,11N,4,605.8910000000001
2025-10-01,11N,4,606.128
2022-12-01,11X,4,599.259
2024-04-01,11X,4,604.6129999999998
2022-06-01,11X,4,595.5889999999999
2023-08-01,11X,4,601.8949999999999
2023-12-01,11X,4,603.8649999999997
2022-10-01,11X,4,598.1410000000002
2022-11-01,11X,4,598.8679999999997
2021-07-01,11X,4,590.647
2022-05-01,13T,4,539.6890000000001
2026-03-01,13T,4,559.8559999999999
2023-11-01,13T,4,553.495
2022-12-01,13T,4,545.971
2021-11-01,13T,4,536.189
2025-05-01,13T,4,561.089
2025-06-01,13T,4,560.646
2022-11-01,13T,4,544.6679999999999
2022-03-01,13T,4,539.2219999999999
2025-10-01,13T,4,562.206
2023-09-01,13T,4,547.6269999999998
2024-04-01,13T,4,556.3249999999999
2023-02-01,13T,4,546.5979999999998
2023-06-01,13T,4,547.9200000000002
2022-07-01,13T,4,539.4649999999998
2025-03-01,13T,4,561.3240000000003
2023-03-01,13T,4,547.316
2026-05-01,13T,4,557.991
2024-01-01,13T,4,554.982
2021-07-01,13T,4,531.6570000000002
2023-02-01,14L,4,715.155
2022-04-01,14L,4,699.0270000000002
2023-12-01,14L,4,733.632
2022-01-01,14L,4,694.2699999999999
2023-05-01,14L,4,717.6579999999998
2022-07-01,14L,4,701.0679999999998
2021-11-01,15A,4,564.9519999999999
2022-04-01,15A,4,568.752
2023-05-01,15A,4,578.6739999999999
2026-05-01,15A,4,585.9200000000001
2026-03-01,15A,4,587.165
2025-08-01,15A,4,590.2300000000001
2024-10-01,15C,4,1090.7500000000005
2021-09-01,15E,4,1557.8909999999994
2025-10-01,15E,4,1649.469
2021-07-01,15E,4,1555.2590000000002
2022-02-01,15E,4,1568.0060000000003
2023-02-01,15E,4,1588.9350000000015
2024-06-01,15E,4,1634.57
2023-08-01,15F,4,921.3679999999999
2025-03-01,15F,4,944.5230000000003
2025-09-01,15F,4,938.9560000000002
2023-06-01,15M,4,1122.2149999999992
2025-05-01,15M,4,1142.8430000000003
2024-09-01,15M,4,1139.3849999999995
2025-02-01,15M,4,1142.2220000000002
2025-07-01,15M,4,1143.8440000000003
2024-05-01,15M,4,1135.1779999999997
2024-02-01,15M,4,1132.3290000000002
2025-10-01,15M,4,1145.5970000000007
2025-02-01,16C,4,739.045
2022-03-01,16C,4,717.4539999999997
2023-10-01,18C,4,826.5160000000002
2022-03-01,18C,4,815.213
2022-05-01,18C,4,815.8049999999994
2023-01-01,18C,4,821.3259999999998
2021-07-01,18C,4,809.6890000000002
2022-02-01,18C,4,814.745
2022-10-01,18C,4,819.991
2026-01-01,26A,4,1102.188
2026-04-01,26A,4,1099.904
2022-10-01,26A,4,1085.36
2026-03-01,26A,4,1100.1989999999998
2024-06-01,26A,4,1095.9410000000005
2025-12-01,26A,4,1102.829
2026-02-01,26A,4,1101.0689999999997
2026-05-01,26A,4,1098.9649999999995
2024-11-01,26A,4,1099.8440000000005
2023-04-01,27D,4,806.4380000000001
2023-10-01,27D,4,810.74
2021-06-01,27D,4,788.1630000000001
2022-03-01,27D,4,796.098
2022-05-01,27D,4,797.4550000000003
2021-08-01,27D,4,790.6439999999999
2022-12-01,27D,4,804.1329999999999
2021-11-01,36J,4,646.851
2022-02-01,36J,4,648.484
2024-11-01,36L,4,1774.8349999999991
2022-06-01,36L,4,1732.3809999999996
2026-03-01,36L,4,1766.356999999999
2021-11-01,36L,4,1721.2460000000015
2026-05-01,36L,4,1759.3770000000002
2022-12-01,36L,4,1742.2719999999993
2023-08-01,36L,4,1753.7620000000015
2024-08-01,36L,4,1769.8450000000005
2026-01-01,36L,4,1776.5230000000001
2024-09-01,36L,4,1771.321
2022-01-01,36L,4,1726.2479999999998
2024-07-01,36L,4,1769.7909999999993
2026-02-01,36L,4,1770.5239999999997
2022-11-01,36L,4,1740.3489999999993
2023-05-01,36L,4,1748.1730000000007
2026-06-01,36L,4,1751.6509999999994
2023-08-01,42D,4,561.7499999999999
2024-05-01,42D,4,564.2879999999998
2024-04-01,42D,4,563.7310000000002
2023-02-01,42D,4,559.3559999999999
2025-11-01,42D,4,570.781
2024-09-01,42D,4,566.4650000000001
2021-07-01,42D,4,551.0760000000001
2025-01-01,42D,4,567.9029999999997
2021-08-01,42D,4,551.9480000000001
2024-10-01,42D,4,567.0070000000002
2021-09-01,42D,4,552.4350000000001
2026-02-01,42D,4,570.3190000000002
2026-01-01,42D,4,570.5830000000001
2021-10-01,42D,4,552.7389999999999
2022-07-01,52R,4,1120.9279999999997
2023-02-01,52R,4,1135.8259999999996
2023-06-01,52R,4,1137.6909999999998
2025-04-01,52R,4,1155.1560000000009
2021-11-01,52R,4,1114.747
2023-12-01,52R,4,1143.21
2024-05-01,70F,4,940.7039999999996
2025-04-01,70F,4,948.737
2026-04-01,70F,4,950.0680000000003
2025-12-01,70F,4,951.6940000000001
2022-02-01,70F,4,921.984
2024-01-01,70F,4,937.7959999999996
2024-11-01,70F,4,945.8090000000004
2025-03-01,70F,4,947.8670000000003
2022-10-01,70F,4,927.9190000000004
2022-03-01,70F,4,922.227
2025-07-01,70F,4,950.3009999999998
2024-08-01,70F,4,943.8529999999995
2024-09-01,70F,4,944.435
2025-08-01,71E,4,826.7189999999999
2023-07-01,71E,4,815.413
2023-09-01,71E,4,816.6649999999998
2022-10-01,71E,4,809.744
2024-04-01,71E,4,820.5409999999999
2023-05-01,71E,4,814.481
2025-06-01,72Q,4,2123.136000000001
2024-10-01,72Q,4,2118.142
2024-03-01,72Q,4,2105.8709999999996
2023-08-01,72Q,4,2085.116999999999
2023-03-01,72Q,4,2074.556000000001
2025-03-01,72Q,4,2124.7260000000006
2026-06-01,72Q,4,2094.8020000000006
2024-11-01,78H,4,847.576
2023-06-01,78H,4,827.666
2024-05-01,78H,4,842.1319999999998
2022-01-01,78H,4,809.7560000000001
2021-09-01,78H,4,806.9480000000001
2022-09-01,78H,4,817.855
2022-02-01,78H,4,810.9250000000002
2025-02-01,78H,4,849.5970000000003
2021-11-01,78H,4,808.0710000000001
2023-09-01,78H,4,831.7210000000001
2023-07-01,78H,4,829.323
2024-03-01,78H,4,839.7130000000001
2024-12-01,78H,4,848.303
2022-04-01,78H,4,812.4409999999998
2026-03-01,84H,4,571.4910000000001
2023-01-01,84H,4,563.4680000000002
2023-08-01,84H,4,563.1549999999997
2024-06-01,84H,4,566.9719999999999
2022-07-01,84H,4,560.5239999999998
2022-02-01,84H,4,561.3000000000002
2024-10-01,84H,4,567.1020000000001
2023-02-01,84H,4,563.5759999999999
2021-09-01,91Q,4,1950.284
2024-05-01,91Q,4,2020.5739999999992
2024-09-01,91Q,4,2029.014
2025-09-01,92A,4,1304.9850000000004
2025-11-01,92A,4,1303.6379999999997
2024-11-01,92G,4,1010.9769999999999
2022-07-01,92G,4,983.5339999999998
2022-12-01,92G,4,988.993
2024-10-01,92G,4,1009.314
2023-02-01,92G,4,991.548
2021-12-01,93C,4,1737.5200000000004
2023-04-01,93C,4,1781.5149999999992
2024-09-01,97R,4,577.002
2024-06-01,97R,4,576.019
2021-12-01,97R,4,566.0369999999999
2026-02-01,99A,4,600.681
2022-02-01,99A,4,564.7820000000002
2021-09-01,99A,4,557.2099999999998
2022-10-01,99A,4,570.0760000000002
2023-05-01,99A,4,578.3139999999999
2022-08-01,99A,4,567.767
2022-12-01,99A,4,575.222
2021-11-01,99A,4,562.796
2025-10-01,99A,4,602.1360000000001
2022-11-01,99A,4,573.616
2024-05-01,99C,4,227.69900000000004
2024-10-01,99C,4,228.299
2023-12-01,99C,4,227.12399999999997
2022-02-01,99C,4,224.20299999999997
2025-08-01,99C,4,229.16200000000003
2024-04-01,99C,4,227.476
2024-06-01,99C,4,227.761
2025-11-01,99C,4,229.306
2021-11-01,99E,4,285.09799999999996
2023-03-01,99E,4,288.48999999999995
2025-12-01,99E,4,296.234
2022-01-01,99E,4,285.3270000000001
2022-11-01,99E,4,287.6929999999999
2026-04-01,99E,4,295.87200000000007
2025-04-01,99E,4,295.88400000000007
2022-08-01,B2M3M,4,1056.6419999999998
2025-04-01,B2M3M,4,1118.741
2022-05-01,B2M3M,4,1052.9709999999998
2023-03-01,B2M3M,4,1073.7839999999997
2025-01-01,B2M3M,4,1118.5240000000001
2021-06-01,D2P2L,4,1278.9480000000005
2021-12-01,D2P2L,4,1284.0850000000005
2021-10-01,D2P2L,4,1282.0680000000004
2025-05-01,D9Y0V,4,1930.510999999999
2024-03-01,M1J4Y,4,1129.895
2024-06-01,M1J4Y,4,1136.321
2024-08-01,M1J4Y,4,1140.1130000000003
2021-10-01,M1J4Y,4,1065.7590000000005
2021-12-01,M1J4Y,4,1069.4649999999997
2022-08-01,M1J4Y,4,1084.959
2022-09-01,M1J4Y,4,1086.8439999999996
2025-09-01,M1J4Y,4,1149.3099999999997
2022-06-01,M1J4Y,4,1081.0540000000003
2021-11-01,M1J4Y,4,1067.2740000000008
2022-11-01,M1J4Y,4,1090.3809999999999
2025-11-01,M1J4Y,4,1149.5929999999994
2022-07-01,M1J4Y,4,1083.26
2022-10-01,M1J4Y,4,1087.5520000000004
2023-01-01,M1J4Y,4,1094.9449999999997
2024-04-01,M1J4Y,4,1131.2379999999998
2022-03-01,M1J4Y,4,1075.763
2023-01-01,M2L0M,4,523.5310000000002
2022-09-01,M2L0M,4,521.6659999999998
2022-01-01,M2L0M,4,518.272
2022-02-01,M2L0M,4,518.6579999999999
2022-10-01,M2L0M,4,522.3889999999999
2025-01-01,W2U3Z,4,2902.240000000003
2021-12-01,W2U3Z,4,2741.3750000000014
2021-11-01,W2U3Z,4,2731.5100000000007
2022-05-01,W2U3Z,4,2773.2240000000006
2024-12-01,00L,5,341.423
2021-11-01,00L,5,332.846
2022-10-01,00L,5,334.685
2022-03-01,00L,5,333.252
2022-01-01,00L,5,333.05
2022-11-01,00L,5,334.9599999999999
2026-03-01,00L,5,344.60400000000004
2021-09-01,00L,5,332.718
2026-05-01,00L,5,345.01599999999996
2022-12-01,00P,5,288.8639999999999
2022-05-01,00T,5,320.4940000000001
2022-02-01,00T,5,319.58099999999996
2021-09-01,00T,5,318.6730000000001
2023-09-01,00T,5,326.84900000000005
2022-10-01,01H,5,331.00800000000004
2023-05-01,01H,5,332.23900000000003
2024-09-01,01H,5,335.8789999999999
2021-09-01,01H,5,328.3589999999999
2024-05-01,01H,5,334.8819999999999
2025-02-01,01H,5,336.639
2025-03-01,01H,5,336.64300000000003
2021-10-01,01H,5,328.4839999999999
2023-02-01,01H,5,331.8209999999999
2022-05-01,01H,5,329.33200000000016
2023-04-01,01H,5,332.06499999999994
2021-08-01,01J,5,169.23299999999995
2024-04-01,01J,5,172.07000000000002
2026-03-01,01J,5,174.26899999999998
2023-09-01,01J,5,171.33100000000002
2021-06-01,01W,5,318.39200000000005
2024-11-01,01W,5,328.96199999999993
2026-02-01,01X,5,204.529
2022-03-01,01X,5,200.31600000000006
2025-11-01,01X,5,204.37800000000001
2023-05-01,01X,5,200.7
2025-10-01,01X,5,204.37499999999997
2022-06-01,01X,5,200.49299999999997
2025-07-01,01X,5,204.108
2021-12-01,02H,5,337.3219999999999
2026-04-01,02H,5,352.2050000000003
2022-08-01,02H,5,339.61799999999994
2022-11-01,02H,5,340.59399999999994
2023-01-01,02H,5,341.35999999999996
2022-08-01,02P,5,266.36699999999996
2024-08-01,02P,5,270.35799999999995
2022-12-01,02P,5,267.05400000000003
2023-08-01,02P,5,268.42299999999994
2022-01-01,02Y,5,307.7739999999999
2022-11-01,03L,5,268.48
2023-11-01,03L,5,271.801
2024-06-01,03L,5,273.819
2025-10-01,03R,5,400.73599999999993
2026-03-01,03R,5,399.969
2024-09-01,03W,5,360.42299999999994
2025-12-01,03W,5,362.05299999999994
2024-07-01,03W,5,359.548
2021-06-01,03W,5,344.76000000000005
2026-01-01,03W,5,362.0800000000001
2021-10-01,03W,5,346.45300000000003
2021-09-01,03W,5,346.015
2023-09-01,04C,5,439.61599999999993
2023-11-01,04C,5,444.56699999999995
2025-10-01,04C,5,448.51699999999994
2025-12-01,04C,5,449.0040000000001
2025-05-01,04C,5,449.503
2022-06-01,04C,5,427.21900000000005
2026-04-01,04C,5,444.86
2026-06-01,04V,5,424.822
2021-08-01,06H,5,1001.6300000000005
2025-09-01,06K,5,637.2790000000002
2021-10-01,06K,5,615.5160000000002
2022-08-01,06K,5,617.9390000000002
2023-02-01,06K,5,621.4169999999998
2026-06-01,06K,5,635.4970000000001
2022-05-01,06K,5,616.8030000000003
2025-06-01,06L,5,419.64300000000003
2021-07-01,06L,5,408.028
2022-10-01,06L,5,411.77
2023-06-01,06L,5,413.74399999999997
2023-02-01,06L,5,413.09200000000004
2025-12-01,06L,5,419.84600000000006
2021-11-01,06L,5,409.1799999999999
2024-03-01,06L,5,416.2700000000001
2023-08-01,06L,5,414.61600000000004
2024-07-01,06L,5,417.33
2024-10-01,06L,5,418.014
2024-12-01,06L,5,418.37499999999994
2025-04-01,06L,5,419.158
2026-06-01,06L,5,417.62999999999994
2022-01-01,06Q,5,404.251
2022-06-01,06T,5,366.277
2023-09-01,06T,5,372.74
2022-04-01,07H,5,324.52099999999996
2024-09-01,07H,5,334.81000000000006
2023-01-01,07H,5,326.8770000000001
2024-12-01,07K,5,279.99100000000004
2025-12-01,07K,5,280.96199999999993
2022-02-01,07K,5,271.036
2023-01-01,07K,5,274.244
2024-03-01,07K,5,277.48199999999997
2025-07-01,07K,5,280.608
2024-07-01,07K,5,278.82399999999996
2023-07-01,09D,5,330.4590000000001
2022-05-01,09D,5,329.65299999999996
2024-07-01,10Q,5,820.0399999999996
2022-12-01,10Q,5,806.1120000000004
2022-05-01,10Q,5,795.119
2023-07-01,10Q,5,808.5239999999999
2026-06-01,10Q,5,821.9699999999997
2025-12-01,10Q,5,832.3339999999997
2026-02-01,10Q,5,828.5749999999998
2023-12-01,11J,5,830.2470000000002
2022-01-01,11J,5,819.004
2021-07-01,11M,5,669.452
2022-09-01,11M,5,678.4499999999999
2022-05-01,11M,5,675.2130000000004
2023-04-01,11M,5,682.8219999999999
2024-01-01,11M,5,688.6809999999999
2023-12-01,11M,5,688.0950000000001
2026-05-01,11M,5,698.4509999999997
2024-03-01,11M,5,690.1959999999998
2023-08-01,11M,5,685.316
2021-12-01,11M,5,672.783
2021-09-01,11M,5,670.6339999999999
2025-01-01,11M,5,696.009
2022-12-01,11M,5,680.8140000000001
2024-08-01,11M,5,693.5690000000001
2026-03-01,11M,5,698.235
2021-12-01,11N,5,596.995
2024-05-01,11N,5,603.924
2024-03-01,11N,5,603.3999999999999
2024-08-01,11N,5,604.7000000000002
2026-01-01,11N,5,605.6610000000001
2024-09-01,11N,5,604.9469999999999
2024-06-01,11N,5,604.1230000000002
2023-02-01,11N,5,600.3040000000001
2024-12-01,11N,5,606.1829999999999
2021-11-01,11N,5,596.4180000000001
2022-02-01,11N,5,597.5030000000002
2025-04-01,11X,5,607.8870000000001
2022-05-01,11X,5,594.8399999999998
2024-07-01,11X,5,606.1650000000003
2023-04-01,11X,5,600.313
2023-12-01,13T,5,554.5169999999999
2025-09-01,13T,5,559.165
2025-08-01,13T,5,559.347
2021-10-01,13T,5,533.536
2024-02-01,13T,5,555.424
2024-10-01,13T,5,558.8140000000002
2024-06-01,13T,5,556.672
2023-10-01,14L,5,725.719
2023-03-01,14L,5,716.212
2021-09-01,14L,5,679.659
2023-06-01,14L,5,718.7399999999998
2024-05-01,14L,5,740.1680000000002
2023-06-01,15A,5,579.1000000000001
2026-02-01,15A,5,588.2539999999999
2023-12-01,15A,5,583.5749999999999
2022-10-01,15A,5,574.1030000000001
2024-01-01,15A,5,583.5060000000001
2024-02-01,15E,5,1625.5549999999996
2022-03-01,15E,5,1569.737
2022-12-01,15E,5,1583.927000000001
2022-07-01,15E,5,1571.8589999999997
2023-01-01,15E,5,1586.5619999999997
2026-06-01,15F,5,935.759
2025-04-01,15F,5,944.1180000000003
2024-09-01,15F,5,936.206
2022-10-01,15F,5,911.9670000000002
2024-11-01,15F,5,943.3670000000004
2025-11-01,15F,5,946.566
2025-12-01,15F,5,946.388
2021-06-01,15M,5,1102.1600000000008
2022-06-01,15M,5,1111.5359999999998
2026-01-01,15M,5,1144.5980000000002
2024-09-01,16C,5,736.404
2021-06-01,16C,5,711.9910000000001
2023-07-01,16C,5,726.8629999999999
2024-09-01,18C,5,832.4409999999998
2021-06-01,18C,5,808.5459999999998
2025-08-01,26A,5,1100.9909999999995
2024-01-01,26A,5,1093.9679999999996
2025-11-01,26A,5,1103.3920000000005
2023-11-01,26A,5,1092.966
2025-02-01,26A,5,1100.4140000000004
2024-04-01,26A,5,1094.6060000000002
2024-04-01,27D,5,815.382
2022-07-01,27D,5,799.4229999999998
2022-06-01,27D,5,798.4519999999999
2025-06-01,27D,5,823.2050000000002
2023-02-01,27D,5,805.4759999999999
2023-01-01,36J,5,655.9090000000003
2024-06-01,36L,5,1769.454999999999
2021-12-01,36L,5,1724.1040000000005
2022-03-01,36L,5,1728.7779999999998
2022-07-01,36L,5,1734.1569999999986
2023-01-01,36L,5,1743.2730000000006
2023-04-01,42D,5,559.961
2023-05-01,42D,5,560.2339999999999
2022-05-01,42D,5,554.8599999999998
2022-07-01,42D,5,556.0930000000001
2026-06-01,42D,5,569.392
2022-11-01,42D,5,558.3919999999999
2025-02-01,42D,5,568.3359999999999
2023-10-01,42D,5,562.3089999999999
2025-04-01,42D,5,568.8029999999999
2025-10-01,42D,5,570.8609999999999
2023-07-01,52R,5,1136.999
2023-12-01,70F,5,937.3699999999997
2021-09-01,70F,5,917.7449999999999
2021-12-01,70F,5,919.8189999999997
2023-10-01,70F,5,935.4229999999999
2022-08-01,70F,5,926.363
2026-02-01,70F,5,950.569
2021-07-01,70F,5,915.1800000000001
2021-06-01,70F,5,913.617
2023-11-01,70F,5,936.2859999999998
2024-12-01,70F,5,946.6860000000001
2024-02-01,70F,5,938.4639999999998
2026-01-01,71E,5,825.4580000000003
2026-01-01,72Q,5,2121.044000000001
2022-06-01,72Q,5,2055.0280000000007
2022-03-01,72Q,5,2050.9350000000013
2024-01-01,72Q,5,2099.9360000000006
2025-07-01,72Q,5,2123.712
2021-11-01,72Q,5,2041.6589999999999
2022-11-01,72Q,5,2065.2409999999995
2026-02-01,72Q,5,2113.563
2026-05-01,72Q,5,2100.8510000000006
2025-04-01,72Q,5,2123.3689999999983
2023-09-01,72Q,5,2087.0499999999997
2021-08-01,72Q,5,2035.2330000000006
2024-04-01,78H,5,840.7769999999999
2025-05-01,78H,5,850.1509999999997
2024-06-01,78H,5,843.175
2024-02-01,78H,5,838.3659999999999
2025-06-01,78H,5,850.6429999999999
2023-03-01,78H,5,823.7620000000002
2024-08-01,78H,5,845.227
2021-12-01,78H,5,808.8779999999999
2025-01-01,78H,5,848.8299999999998
2024-12-01,84H,5,569.673
2023-03-01,84H,5,563.7229999999997
2024-08-01,84H,5,566.4179999999999
2022-05-01,84H,5,560.5749999999999
2022-11-01,84H,5,563.0860000000001
2022-08-01,84H,5,560.2040000000001
2023-12-01,84H,5,566.783
2022-09-01,84H,5,560.2070000000001
2021-08-01,84H,5,557.0980000000002
2022-10-01,84H,5,561.256
2024-07-01,84H,5,566.7419999999998
2022-04-01,84H,5,560.7200000000001
2024-01-01,84H,5,566.788
2024-02-01,91Q,5,2013.471
2026-04-01,91Q,5,2041.903
2025-09-01,91Q,5,2042.692999999999
2026-06-01,91Q,5,2039.5219999999993
2021-08-01,91Q,5,1947.8650000000014
2022-09-01,91Q,5,1974.2230000000002
2023-01-01,91Q,5,1983.3319999999997
2024-04-01,92A,5,1296.1800000000005
2026-04-01,92A,5,1298.222
2025-07-01,92A,5,1304.422
2022-06-01,92G,5,982.5370000000005
2022-03-01,92G,5,979.9529999999999
2025-03-01,92G,5,1012.3830000000003
2021-12-01,92G,5,976.8819999999997
2021-09-01,92G,5,974.0820000000002
2024-08-01,93C,5,1814.8829999999998
2022-01-01,93C,5,1742.484
2024-02-01,97R,5,574.72
2024-08-01,97R,5,576.8529999999998
2021-07-01,97R,5,564.6419999999999
2026-01-01,97R,5,576.9879999999999
2023-01-01,97R,5,570.7800000000001
2022-11-01,97R,5,569.9859999999999
2021-06-01,97R,5,563.785
2021-07-01,99A,5,556.8169999999997
2021-12-01,99A,5,564.4279999999999
2023-02-01,99A,5,576.2900000000001
2021-10-01,99A,5,559.776
2026-01-01,99A,5,602.0160000000001
2022-12-01,99C,5,225.30300000000003
2021-11-01,99C,5,223.88300000000004
2024-07-01,99C,5,227.93500000000003
2022-04-01,99C,5,224.31300000000002
2024-11-01,99C,5,228.42200000000003
2026-06-01,99C,5,229.15200000000002
2022-09-01,99C,5,225.05499999999998
2023-11-01,99C,5,227.10099999999997
2021-09-01,99C,5,223.829
2022-08-01,99C,5,224.96200000000005
2024-09-01,99C,5,228.289
2023-02-01,99E,5,288.25899999999996
2022-08-01,99E,5,287.0380000000001
2023-08-01,99E,5,290.565
2024-10-01,99E,5,294.599
2022-02-01,99E,5,285.523
2022-10-01,99E,5,287.40200000000004
2026-03-01,A3A8R,5,2472.3239999999987
2022-12-01,B2M3M,5,1069.685
2022-03-01,B2M3M,5,1049.9750000000001
2023-10-01,D2P2L,5,1316.4819999999993
2021-07-01,D2P2L,5,1280.7259999999992
2024-06-01,D9Y0V,5,1921.6680000000001
2023-07-01,M1J4Y,5,1109.1219999999998
2023-06-01,M1J4Y,5,1106.8349999999998
2022-02-01,M1J4Y,5,1074.08
2021-07-01,M1J4Y,5,1059.776
2022-05-01,M1J4Y,5,1078.9919999999995
2023-10-01,M1J4Y,5,1115.7940000000003
2021-08-01,M1J4Y,5,1062.4439999999993
2025-10-01,M1J4Y,5,1149.79
2021-09-01,M1J4Y,5,1064.6489999999997
2026-03-01,M1J4Y,5,1146.8819999999998
2025-07-01,M1J4Y,5,1148.4919999999997
2023-11-01,M1J4Y,5,1119.1029999999998
2026-04-01,M1J4Y,5,1146.928
2024-07-01,M1J4Y,5,1137.905
2022-04-01,M2L0M,5,519.467
2023-02-01,M2L0M,5,523.9739999999999
2024-11-01,W2U3Z,5,2906.9130000000014
2021-07-01,W2U3Z,5,2694.378999999999
2022-04-01,W2U3Z,5,2771.163999999998
2021-12-01,00L,6,332.99399999999997
2024-01-01,00L,6,338.04099999999994
2022-05-01,00L,6,333.508
2022-12-01,00L,6,335.1209999999999
2021-07-01,00L,6,332.0899999999999
2023-03-01,00L,6,335.5460000000001
2023-09-01,00L,6,337.174
2025-09-01,00L,6,343.5819999999998
2025-12-01,00L,6,344.043
2023-06-01,00L,6,336.17799999999994
2025-01-01,00L,6,341.5369999999999
2023-02-01,00L,6,335.363
2026-02-01,00L,6,344.39200000000005
2024-02-01,00P,6,293.932
2023-10-01,00P,6,291.58500000000004
2021-12-01,00T,6,319.02700000000016
2023-11-01,01H,6,333.833
2024-01-01,01H,6,334.184
2023-07-01,01H,6,332.772
2022-12-01,01H,6,331.453
2023-10-01,01H,6,333.66300000000007
2022-09-01,01J,6,170.31699999999998
2024-07-01,01J,6,172.83599999999998
2023-01-01,01J,6,170.42000000000004
2022-06-01,01J,6,170.27399999999997
2021-11-01,01X,6,200.05200000000005
2022-08-01,01X,6,200.62100000000004
2025-02-01,01X,6,203.61999999999998
2025-09-01,01X,6,204.314
2024-09-01,01X,6,203.22300000000004
2021-10-01,01X,6,200.083
2022-12-01,01X,6,200.58399999999997
2024-08-01,01X,6,202.991
2022-11-01,02P,6,266.78800000000007
2022-05-01,03L,6,267.087
2023-02-01,03L,6,269.06000000000006
2026-06-01,03N,6,631.0159999999998
2024-02-01,03N,6,639.064
2023-07-01,03W,6,355.5550000000001
2023-02-01,03W,6,355.10599999999994
2025-02-01,03W,6,360.11899999999997
2022-11-01,03W,6,354.6390000000001
2025-04-01,03W,6,360.34200000000004
2024-01-01,03W,6,357.5039999999999
2024-05-01,03W,6,358.73499999999996
2023-06-01,03W,6,355.91299999999995
2025-09-01,03W,6,362.00200000000007
2021-12-01,04C,6,424.6099999999999
2025-03-01,04C,6,449.9789999999999
2023-01-01,04C,6,434.452
2024-05-01,04C,6,449.85599999999994
2024-06-01,04V,6,420.30799999999994
2024-05-01,04V,6,420.346
2022-04-01,04V,6,409.216
2024-03-01,04V,6,419.5489999999999
2021-11-01,04V,6,407.41799999999984
2023-12-01,04V,6,418.1500000000001
2021-06-01,05Q,6,216.55300000000003
2022-07-01,06H,6,1018.1569999999999
2025-06-01,06H,6,1057.448
2023-09-01,06H,6,1038.3509999999997
2022-04-01,06K,6,616.908
2024-01-01,06K,6,629.4630000000002
2023-05-01,06L,6,413.45500000000004
2022-05-01,06L,6,410.46
2022-01-01,06L,6,409.801
2022-09-01,06L,6,411.82800000000003
2023-07-01,06L,6,414.263
2021-12-01,06L,6,409.41099999999994
2023-01-01,06L,6,412.7920000000001
2022-04-01,06Q,6,405.36100000000005
2026-05-01,06Q,6,426.591
2024-07-01,07H,6,333.80799999999994
2022-06-01,07H,6,324.8940000000001
2025-08-01,07H,6,337.67699999999996
2021-12-01,07K,6,270.4770000000001
2024-01-01,07K,6,277.077
2025-03-01,07K,6,280.0859999999999
2022-03-01,07K,6,271.2630000000001
2022-09-01,07K,6,273.097
2022-10-01,07K,6,273.317
2022-05-01,07K,6,271.575
2023-09-01,07K,6,275.94900000000007
2023-10-01,07K,6,276.10499999999996
2023-04-01,07K,6,274.982
2025-11-01,07K,6,280.955
2025-01-01,07K,6,280.077
2022-01-01,07K,6,270.79900000000004
2023-06-01,07K,6,274.81700000000006
2024-02-01,07K,6,277.20899999999995
2024-06-01,07K,6,278.422
2025-10-01,07K,6,280.966
2021-07-01,07K,6,269.39
2026-03-01,07K,6,280.73
2021-07-01,09D,6,325.2989999999999
2021-08-01,09D,6,325.2200000000001
2022-04-01,09D,6,329.6550000000001
2023-08-01,09D,6,329.913
2023-08-01,10Q,6,808.443
2022-11-01,10Q,6,804.679
2023-02-01,11J,6,824.8330000000001
2021-07-01,11J,6,813.7859999999998
2023-07-01,11M,6,684.5840000000001
2024-02-01,11M,6,689.4220000000001
2022-01-01,11M,6,673.5409999999998
2022-06-01,11M,6,675.9929999999997
2022-03-01,11M,6,674.3670000000001
2023-12-01,11N,6,603.3649999999999
2024-04-01,11N,6,603.523
2021-10-01,11N,6,596.0079999999999
2023-06-01,11N,6,600.627
2026-02-01,11N,6,605.1610000000003
2022-05-01,11N,6,597.524
2023-05-01,11N,6,600.3840000000001
2022-01-01,11N,6,597.0159999999998
2025-07-01,11N,6,605.561
2025-09-01,11N,6,605.6220000000004
2024-06-01,11X,6,605.6790000000001
2023-10-01,11X,6,602.679
2022-03-01,11X,6,594.2509999999996
2023-06-01,11X,6,600.9720000000001
2023-05-01,11X,6,600.5979999999997
2024-01-01,12F,6,343.548
2024-11-01,13T,6,560.8220000000002
2024-03-01,13T,6,556.185
2025-11-01,13T,6,563.0729999999998
2025-07-01,13T,6,560.0849999999999
2026-01-01,14L,6,758.3649999999998
2021-12-01,14L,6,692.214
2025-02-01,14L,6,750.6150000000002
2022-12-01,14L,6,712.1559999999998
2025-10-01,15A,6,590.182
2022-04-01,15C,6,1060.5900000000004
2024-12-01,15C,6,1094.9759999999999
2024-03-01,15C,6,1087.1160000000002
2021-07-01,15C,6,1046.0829999999999
2023-09-01,15F,6,921.5989999999998
2023-12-01,15F,6,933.8000000000002
2025-02-01,15F,6,944.7940000000002
2025-06-01,15F,6,942.8490000000003
2023-02-01,15F,6,919.126
2022-09-01,15M,6,1114.0569999999989
2022-02-01,15M,6,1108.0530000000003
2025-01-01,15M,6,1141.4220000000005
2022-11-01,15M,6,1116.0570000000002
2023-02-01,15M,6,1118.8899999999996
2023-11-01,15M,6,1129.2740000000003
2021-07-01,15M,6,1103.1930000000002
2023-01-01,15M,6,1118.0339999999997
2024-06-01,15M,6,1136.0790000000004
2022-04-01,18C,6,815.3910000000001
2021-08-01,18C,6,811.2430000000005
2025-10-01,18C,6,835.4689999999999
2021-09-01,18C,6,812.1539999999997
2022-01-01,18C,6,814.3559999999999
2023-03-01,18C,6,822.3580000000002
2025-05-01,26A,6,1100.0860000000002
2023-04-01,26A,6,1088.169
2025-07-01,26A,6,1100.529
2023-06-01,26A,6,1088.6960000000004
2023-07-01,26A,6,1089.2830000000001
2025-03-01,26A,6,1100.1560000000004
2022-02-01,26A,6,1081.121
2024-10-01,26A,6,1099.1110000000003
2021-09-01,26A,6,1077.9399999999996
2022-10-01,27D,6,802.3389999999999
2022-09-01,27D,6,801.703
2021-06-01,36J,6,646.063
2022-04-01,36L,6,1729.593999999999
2022-05-01,36L,6,1730.5729999999999
2023-10-01,36L,6,1756.5039999999995
2024-12-01,36L,6,1775.237
2022-08-01,36L,6,1735.3249999999991
2021-07-01,36L,6,1715.7060000000004
2023-07-01,36L,6,1751.464
2026-03-01,42D,6,570.0450000000002
2022-10-01,42D,6,557.9050000000001
2024-02-01,42D,6,563.3770000000002
2026-04-01,42D,6,569.9679999999997
2021-12-01,42D,6,553.508
2025-09-01,42D,6,570.7510000000001
2023-07-01,42D,6,561.1410000000001
2023-03-01,70F,6,930.7539999999999
2025-02-01,70F,6,947.5749999999997
2023-09-01,70F,6,935.3259999999999
2024-07-01,70F,6,942.6960000000003
2023-08-01,70F,6,934.1580000000001
2025-01-01,70F,6,947.1729999999997
2024-06-01,70F,6,941.7530000000006
2022-04-01,70F,6,922.725
2022-11-01,70F,6,928.8750000000001
2024-10-01,71E,6,823.0600000000002
2026-03-01,71E,6,824.2729999999999
2021-06-01,72Q,6,2024.342
2025-12-01,72Q,6,2123.9830000000006
2022-10-01,72Q,6,2061.218000000001
2022-08-01,72Q,6,2057.798999999999
2023-04-01,78H,6,825.507
2023-02-01,78H,6,822.9590000000001
2025-07-01,78H,6,851.219
2021-06-01,78H,6,803.3610000000001
2024-01-01,78H,6,836.803
2021-08-01,78H,6,806.372
2026-03-01,78H,6,850.6129999999999
2021-06-01,84H,6,558.062
2021-07-01,84H,6,558.1020000000001
2023-09-01,84H,6,562.9479999999999
2024-02-01,84H,6,566.9379999999998
2021-10-01,84H,6,557.1760000000002
2022-01-01,84H,6,561.0389999999996
2022-06-01,84H,6,560.917
2025-03-01,84H,6,569.5980000000001
2026-02-01,84H,6,571.6019999999999
2023-10-01,84H,6,564.7650000000002
2024-05-01,84H,6,566.668
2024-04-01,84H,6,566.4920000000001
2025-02-01,84H,6,569.724
2023-05-01,84H,6,563.8929999999999
2024-11-01,84H,6,568.8180000000001
2023-04-01,91Q,6,1988.3770000000006
2025-01-01,91Q,6,2035.0990000000004
2025-06-01,91Q,6,2039.6910000000014
2025-11-01,91Q,6,2043.4010000000005
2023-12-01,91Q,6,2008.528
2023-07-01,91Q,6,1994.9920000000002
2023-11-01,91Q,6,2005.6420000000007
2026-02-01,91Q,6,2043.0900000000001
2023-09-01,91Q,6,1999.8980000000015
2026-05-01,91Q,6,2041.5039999999995
2023-08-01,91Q,6,1997.7399999999993
2026-03-01,91Q,6,2041.8410000000001
2025-03-01,91Q,6,2037.2010000000016
2023-06-01,91Q,6,1992.7890000000014
2026-05-01,92A,6,1297.1710000000003
2025-08-01,92A,6,1304.6740000000004
2021-06-01,92G,6,970.157
2024-07-01,92G,6,1007.1
2021-11-01,92G,6,975.6350000000001
2022-09-01,93C,6,1756.6619999999998
2025-02-01,93C,6,1839.0690000000004
2024-07-01,97R,6,576.3869999999997
2021-10-01,97R,6,565.5230000000001
2023-06-01,97R,6,572.1630000000001
2023-10-01,97R,6,573.793
2022-03-01,97R,6,566.6969999999999
2021-09-01,97R,6,565.445
2021-11-01,97R,6,565.6170000000001
2022-01-01,97R,6,566.5409999999998
2023-04-01,97R,6,571.3290000000001
2023-03-01,97R,6,571.151
2021-06-01,99A,6,556.6040000000002
2022-03-01,99C,6,224.313
2022-10-01,99C,6,225.094
2022-11-01,99C,6,225.27
2024-03-01,99C,6,227.24800000000005
2025-03-01,99C,6,228.647
2023-10-01,99C,6,226.932
2022-07-01,99C,6,224.776
2025-01-01,99C,6,228.674
2023-08-01,99C,6,226.483
2022-01-01,99C,6,224.094
2024-02-01,99C,6,227.205
2021-12-01,99E,6,285.28599999999994
2026-06-01,99E,6,295.88200000000006
2026-02-01,99E,6,296.032
2021-12-01,99F,6,186.07700000000003
2025-02-01,A3A8R,6,2473.957000000001
2022-11-01,A3A8R,6,2386.215
2024-12-01,A3A8R,6,2466.006
2025-03-01,A3A8R,6,2476.1989999999987
2022-03-01,A3A8R,6,2355.2460000000005
2022-02-01,A3A8R,6,2350.561000000001
2025-09-01,A3A8R,6,2484.006000000001
2023-04-01,D9Y0V,6,1915.9319999999998
2026-02-01,D9Y0V,6,1928.1189999999997
2026-01-01,D9Y0V,6,1930.326
2023-03-01,M1J4Y,6,1100.7240000000002
2022-04-01,M1J4Y,6,1077.3819999999998
2021-06-01,M1J4Y,6,1056.6159999999995
2025-12-01,M1J4Y,6,1149.5500000000004
2023-09-01,M1J4Y,6,1114.1559999999997
2024-01-01,M1J4Y,6,1124.541
2024-02-01,M1J4Y,6,1127.8790000000001
2022-12-01,M2L0M,6,523.3190000000001
2022-03-01,M2L0M,6,519.0140000000001
2021-08-01,M2L0M,6,515.0760000000001
2022-08-01,M2L0M,6,521.023
2024-02-01,M2L0M,6,531.1429999999999
2021-08-01,W2U3Z,6,2702.273999999999
2026-02-01,W2U3Z,6,2926.9190000000003
2021-10-01,W2U3Z,6,2719.506000000003
2025-05-01,00L,7,342.13900000000007
2022-07-01,00L,7,333.92800000000005
2025-06-01,00L,7,342.4629999999999
2025-04-01,00L,7,341.899
2024-03-01,00L,7,338.532
2023-01-01,00L,7,335.145
2026-04-01,00L,7,344.837
2025-03-01,00L,7,341.8359999999999
2025-10-01,00L,7,343.72900000000004
2024-07-01,00L,7,339.9340000000001
2021-08-01,00T,7,318.181
2021-06-01,00T,7,317.644
2023-02-01,00Y,7,264.12399999999997
2024-07-01,01H,7,335.407
2024-12-01,01H,7,336.4049999999999
2021-12-01,01H,7,328.6980000000001
2025-02-01,01J,7,173.873
2024-05-01,01J,7,172.54900000000006
2021-07-01,01X,7,199.87700000000004
2023-12-01,01X,7,201.61
2022-02-01,01X,7,200.19399999999993
2022-07-01,01X,7,200.566
2022-05-01,01X,7,200.37199999999999
2022-04-01,01X,7,200.34900000000002
2021-08-01,01X,7,200.04700000000003
2024-11-01,01X,7,203.421
2024-06-01,02P,7,269.887
2021-12-01,03L,7,266.48700000000014
2025-11-01,03N,7,639.9080000000002
2026-02-01,03N,7,636.7959999999998
2024-11-01,03N,7,641.6260000000001
2025-09-01,03R,7,400.655
2021-12-01,03W,7,347.225
2022-06-01,03W,7,353.287
2022-09-01,03W,7,354.6530000000001
2025-07-01,03W,7,361.18600000000004
2023-11-01,03W,7,357.399
2024-02-01,03W,7,357.8289999999999
2021-11-01,04C,7,423.7680000000001
2022-05-01,04C,7,426.9329999999999
2023-02-01,04C,7,435.4910000000001
2023-06-01,04C,7,438.43100000000004
2022-07-01,04C,7,427.0560000000001
2025-01-01,04C,7,450.4170000000001
2024-04-01,04C,7,449.45599999999996
2023-10-01,04V,7,416.24
2022-10-01,04V,7,411.98
2023-03-01,04V,7,414.454
2025-02-01,04V,7,423.585
2026-03-01,04V,7,425.409
2024-10-01,04V,7,421.526
2025-11-01,04V,7,425.4220000000001
2026-06-01,06H,7,1050.3110000000004
2022-09-01,06H,7,1020.9880000000004
2021-08-01,06K,7,615.246
2021-11-01,06K,7,616.0049999999997
2022-02-01,06K,7,617.038
2021-09-01,06T,7,362.78
2024-10-01,07K,7,279.582
2022-12-01,07K,7,273.92999999999995
2023-11-01,07K,7,276.437
2023-07-01,07K,7,275.148
2023-08-01,07K,7,275.57699999999994
2023-12-01,07K,7,276.847
2022-06-01,07K,7,272.00600000000003
2025-04-01,07K,7,280.117
2026-04-01,07K,7,280.62699999999995
2024-05-01,07K,7,278.111
2023-01-01,09D,7,331.82400000000007
2022-08-01,09D,7,328.8540000000001
2022-07-01,09D,7,329.5779999999999
2022-04-01,10Q,7,794.786
2023-06-01,10Q,7,807.886
2024-05-01,11M,7,691.4489999999996
2026-01-01,11M,7,699.2999999999998
2022-10-01,11M,7,679.3220000000001
2025-04-01,11M,7,696.5379999999998
2022-08-01,11M,7,677.6150000000001
2023-04-01,11N,7,600.327
2025-12-01,11N,7,605.8
2022-11-01,11N,7,599.7670000000002
2022-08-01,11N,7,598.4119999999999
2025-06-01,11N,7,605.8489999999998
2023-01-01,11N,7,600.1439999999999
2023-09-01,11N,7,601.7030000000001
2023-11-01,12F,7,343.10599999999994
2021-09-01,13T,7,531.153
2023-05-01,13T,7,547.764
2024-08-01,13T,7,556.148
2022-10-01,14L,7,705.4440000000005
2024-12-01,14L,7,750.6930000000003
2021-10-01,14L,7,684.5420000000001
2025-09-01,14L,7,749.2010000000002
2025-01-01,15A,7,589.5330000000001
2023-10-01,15C,7,1079.1479999999997
2024-04-01,15C,7,1087.863
2022-11-01,15C,7,1066.6909999999998
2024-07-01,15C,7,1089.7730000000001
2024-06-01,15F,7,937.1720000000003
2024-01-01,15F,7,934.8530000000006
2026-02-01,15F,7,943.6490000000005
2024-02-01,15F,7,935.9100000000002
2024-12-01,15F,7,944.579
2023-10-01,15F,7,926.2859999999998
2022-05-01,15M,7,1110.3920000000003
2023-12-01,15M,7,1130.676
2021-08-01,15M,7,1103.9910000000007
2021-10-01,18C,7,812.7119999999998
2022-03-01,26A,7,1080.8410000000001
2024-12-01,26A,7,1099.9460000000004
2024-02-01,26A,7,1094.429
2023-09-01,26A,7,1090.508
2025-10-01,26A,7,1103.425
2024-08-01,26A,7,1096.9880000000003
2023-06-01,27D,7,807.4869999999997
2022-04-01,27D,7,797.0559999999997
2025-11-01,36L,7,1778.5960000000011
2022-09-01,36L,7,1736.8979999999995
2021-08-01,36L,7,1718.5239999999985
2021-06-01,36L,7,1711.6490000000001
2022-02-01,36L,7,1727.7179999999994
2022-04-01,42D,7,554.4139999999999
2021-11-01,42D,7,552.8249999999999
2022-03-01,42D,7,554.328
2024-07-01,42D,7,565.3130000000001
2026-05-01,42D,7,569.7950000000001
2021-10-01,70F,7,918.077
2023-06-01,70F,7,932.2130000000003
2022-01-01,70F,7,921.366
2021-11-01,70F,7,918.7299999999999
2022-07-01,70F,7,925.589
2025-06-01,70F,7,949.6909999999997
2024-10-01,70F,7,945.1
2022-05-01,72Q,7,2053.3930000000005
2021-09-01,72Q,7,2036.605
2024-05-01,72Q,7,2111.416
2021-10-01,72Q,7,2038.7539999999997
2022-04-01,72Q,7,2052.5589999999997
2022-07-01,72Q,7,2055.9700000000016
2025-08-01,78H,7,851.9110000000002
2022-05-01,78H,7,813.524
2022-11-01,78H,7,819.557
2021-10-01,78H,7,807.4469999999998
2025-03-01,78H,7,849.6169999999995
2025-11-01,78H,7,852.8559999999995
2025-12-01,78H,7,852.5679999999998
2022-03-01,78H,7,811.3800000000001
2021-07-01,78H,7,804.5539999999999
2023-11-01,84H,7,566.3200000000002
2025-01-01,84H,7,569.7379999999998
2023-07-01,84H,7,563.4459999999999
2024-04-01,91Q,7,2017.4770000000005
2025-05-01,91Q,7,2038.5830000000008
2024-06-01,91Q,7,2022.342
2022-07-01,91Q,7,1970.9130000000002
2021-06-01,91Q,7,1942.24
2023-10-01,91Q,7,2002.4710000000002
2022-03-01,91Q,7,1962.4060000000004
2025-10-01,92A,7,1304.655
2025-06-01,92A,7,1304.1440000000005
2022-04-01,93C,7,1748.337
2022-08-01,93C,7,1754.8839999999993
2024-04-01,93C,7,1806.8579999999988
2024-12-01,93C,7,1834.7040000000002
2025-07-01,93C,7,1836.0500000000004
2023-12-01,93C,7,1803.967
2022-11-01,93C,7,1768.9229999999989
2023-12-01,97R,7,574.5459999999999
2022-10-01,97R,7,569.835
2023-08-01,97R,7,573.1079999999998
2022-02-01,97R,7,566.532
2021-12-01,99C,7,224.01299999999998
2024-08-01,99C,7,228.22899999999998
2023-06-01,99C,7,226.038
2022-06-01,99C,7,224.577
2025-07-01,99C,7,228.971
2024-08-01,99E,7,294.1119999999999
2025-01-01,99E,7,295.33299999999997
2022-07-01,99E,7,286.6530000000001
2025-01-01,A3A8R,7,2469.804999999999
2025-04-01,A3A8R,7,2476.03
2026-05-01,A3A8R,7,2464.959
2022-01-01,A3A8R,7,2346.0089999999987
2021-10-01,A3A8R,7,2325.553000000002
2024-02-01,A3A8R,7,2455.1849999999995
2024-06-01,A3A8R,7,2457.5799999999995
2026-04-01,D9Y0V,7,1925.6390000000001
2022-07-01,D9Y0V,7,1898.1010000000003
2024-02-01,D9Y0V,7,1917.2589999999998
2025-11-01,D9Y0V,7,1932.5370000000005
2021-11-01,D9Y0V,7,1886.8039999999992
2026-05-01,D9Y0V,7,1925.1510000000005
2022-10-01,D9Y0V,7,1904.8179999999988
2026-06-01,D9Y0V,7,1923.1629999999998
2025-07-01,D9Y0V,7,1930.641000000001
2023-12-01,M1J4Y,7,1122.3220000000001
2022-12-01,M1J4Y,7,1093.188
2022-05-01,M2L0M,7,519.7189999999999
2022-07-01,M2L0M,7,520.624
2022-12-01,W2U3Z,7,2820.548
2023-07-01,W2U3Z,7,2842.1490000000003
2023-11-01,00L,8,337.59799999999996
2023-08-01,00L,8,336.76199999999994
2022-02-01,01H,8,329.11000000000007
2022-08-01,01H,8,330.32900000000006
2025-04-01,01H,8,336.77900000000005
2022-04-01,01J,8,170.20700000000002
2024-10-01,01X,8,203.36099999999993
2022-01-01,01X,8,200.08599999999998
2024-01-01,01X,8,201.71099999999998
2023-11-01,02H,8,346.484
2022-04-01,02H,8,338.5159999999999
2023-11-01,02P,8,268.911
2025-08-01,03N,8,635.4820000000002
2026-05-01,03N,8,632.6500000000002
2025-12-01,03N,8,639.2650000000001
2025-10-01,03N,8,640.1659999999998
2025-06-01,03N,8,637.1809999999999
2023-04-01,03W,8,355.6239999999999
2025-05-01,03W,8,360.68699999999995
2026-03-01,03W,8,361.8090000000001
2022-05-01,03W,8,352.67800000000005
2024-04-01,03W,8,358.325
2025-08-01,03W,8,361.637
2022-03-01,04C,8,426.727
2023-10-01,04C,8,441.2629999999999
2022-09-01,04C,8,427.12500000000006
2026-05-01,04C,8,443.49299999999994
2021-08-01,04C,8,422.1400000000001
2022-04-01,06H,8,1013.9850000000004
2023-04-01,06H,8,1032.874
2025-09-01,06H,8,1058.0279999999996
2025-05-01,06L,8,419.41499999999996
2022-03-01,06L,8,410.1249999999999
2022-11-01,06L,8,411.969
2025-10-01,06L,8,420.0979999999999
2021-09-01,06L,8,409.1890000000001
2023-04-01,06L,8,413.362
2022-02-01,06L,8,409.982
2024-06-01,06Q,8,418.66799999999995
2026-04-01,06Q,8,426.7460000000001
2023-11-01,06Q,8,414.944
2022-07-01,06Q,8,406.9510000000001
2025-05-01,06Q,8,423.888
2026-02-01,06Q,8,426.248
2022-04-01,06T,8,365.777
2022-03-01,06T,8,365.5180000000001
2021-08-01,07K,8,269.837
2025-08-01,07K,8,280.76899999999995
2022-07-01,07K,8,272.283
2022-08-01,07K,8,272.72
2023-02-01,07K,8,274.4839999999999
2024-08-01,07K,8,279.094
2022-04-01,11M,8,675.0490000000002
2023-05-01,11M,8,683.2960000000002
2021-06-01,11M,8,668.3589999999999
2022-02-01,11M,8,674.027
2026-04-01,11N,8,605.0569999999999
2022-03-01,11N,8,597.4269999999999
2023-08-01,11N,8,601.3709999999999
2024-07-01,11N,8,604.377
2025-11-01,11N,8,605.9109999999998
2021-06-01,11N,8,593.23
2024-03-01,11X,8,604.3870000000003
2024-07-01,12F,8,344.96899999999994
2023-12-01,12F,8,343.35
2023-04-01,13T,8,547.5899999999999
2023-08-01,13T,8,547.618
2021-12-01,13T,8,537.594
2023-01-01,13T,8,546.319
2025-12-01,14L,8,759.3249999999998
2025-07-01,14L,8,750.068
2021-07-01,14L,8,679.2840000000001
2023-04-01,14L,8,716.787
2025-10-01,14L,8,756.4609999999998
2026-06-01,15A,8,584.7649999999999
2022-12-01,15C,8,1067.5890000000004
2023-04-01,15C,8,1071.952
2022-02-01,15C,8,1059.117
2022-12-01,15F,8,917.7000000000003
2023-07-01,15F,8,921.3119999999998
2024-09-01,26A,8,1097.651
2021-06-01,26A,8,1075.3229999999999
2021-08-01,26A,8,1077.0720000000006
2023-05-01,26A,8,1088.3080000000002
2022-10-01,36L,8,1737.8760000000002
2023-04-01,36L,8,1748.8529999999998
2023-11-01,42D,8,562.7230000000001
2022-06-01,42D,8,555.656
2024-01-01,42D,8,563.0430000000001
2023-01-01,42D,8,558.8840000000001
2024-03-01,70F,8,939.249
2023-02-01,70F,8,930.4859999999998
2022-02-01,72Q,8,2049.91
2023-05-01,72Q,8,2075.9279999999994
2024-07-01,78H,8,844.1590000000001
2024-10-01,78H,8,846.5939999999998
2023-01-01,78H,8,821.9170000000003
2022-08-01,78H,8,816.5999999999997
2022-12-01,78H,8,821.0969999999996
2025-09-01,78H,8,852.5450000000001
2023-11-01,78H,8,834.467
2023-04-01,84H,8,563.7950000000001
2023-02-01,91Q,8,1985.645
2021-12-01,91Q,8,1956.9129999999989
2022-06-01,91Q,8,1968.695
2025-10-01,91Q,8,2043.1479999999992
2025-04-01,91Q,8,2037.859
2022-10-01,91Q,8,1976.0999999999992
2024-10-01,91Q,8,2030.8719999999996
2025-12-01,91Q,8,2044.0500000000006
2024-12-01,91Q,8,2034.4020000000012
2025-02-01,92A,8,1303.8009999999997
2026-03-01,92A,8,1299.0510000000004
2023-06-01,92A,8,1286.572
2023-02-01,93C,8,1778.583
2026-03-01,93C,8,1818.1749999999993
2026-04-01,93C,8,1815.2210000000007
2023-03-01,93C,8,1780.6440000000014
2023-11-01,93C,8,1800.0220000000006
2024-03-01,97R,8,574.9700000000003
2024-12-01,97R,8,577.1909999999998
2024-05-01,97R,8,575.672
2022-03-01,99A,8,566.7900000000001
2021-08-01,99A,8,556.8330000000001
2025-07-01,A3A8R,8,2482.4170000000013
2022-05-01,A3A8R,8,2362.4690000000023
2022-10-01,A3A8R,8,2379.7109999999975
2021-11-01,A3A8R,8,2333.3590000000004
2026-02-01,A3A8R,8,2479.616
2025-12-01,A3A8R,8,2490.2749999999987
2026-01-01,A3A8R,8,2488.858000000001
2026-04-01,A3A8R,8,2468.9070000000006
2021-12-01,A3A8R,8,2339.5660000000007
2024-09-01,A3A8R,8,2449.8340000000026
2025-05-01,A3A8R,8,2477.1849999999986
2024-03-01,D9Y0V,8,1917.8349999999987
2021-10-01,M2L0M,8,516.4519999999999
2022-08-01,00L,9,334.2319999999999
2026-06-01,00L,9,345.0369999999999
2022-03-01,01H,9,329.142
2022-12-01,01J,9,170.506
2023-09-01,01X,9,201.28900000000004
2021-11-01,03N,9,620.3229999999996
2024-04-01,03N,9,638.4350000000001
2023-01-01,03N,9,629.465
2025-04-01,03N,9,639.9900000000001
2024-09-01,03N,9,636.703
2026-01-01,03N,9,638.3969999999999
2022-08-01,03W,9,354.15999999999985
2025-06-01,03W,9,360.8950000000001
2022-07-01,03W,9,353.828
2024-02-01,04C,9,448.75700000000006
2024-07-01,04C,9,449.79000000000013
2025-06-01,04C,9,449.3739999999999
2022-01-01,04C,9,425.86300000000006
2024-02-01,04V,9,419.128
2026-02-01,04V,9,425.299
2025-09-01,04V,9,423.857
2023-01-01,04V,9,413.86
2022-01-01,04V,9,408.253
2024-07-01,06H,9,1049.422
2022-03-01,06H,9,1013.211
2023-01-01,06H,9,1029.6439999999998
2022-06-01,06L,9,410.77
2022-04-01,06L,9,410.28099999999995
2021-08-01,06L,9,408.66800000000006
2023-01-01,06Q,9,409.75100000000003
2024-11-01,06Q,9,421.26700000000005
2022-05-01,06Q,9,405.78900000000004
2022-04-01,07K,9,271.35400000000004
2021-10-01,07K,9,270.20199999999994
2024-04-01,07K,9,277.84
2024-11-01,07K,9,279.901
2025-06-01,07K,9,280.3949999999999
2026-01-01,07K,9,280.97600000000006
2021-11-01,07K,9,270.23499999999996
2023-03-01,07K,9,274.7829999999999
2021-08-01,11M,9,669.8750000000001
2025-05-01,11M,9,696.8439999999999
2021-07-01,11N,9,594.3699999999999
2025-05-01,11N,9,605.9250000000001
2023-04-01,12F,9,341.5810000000001
2024-12-01,13T,9,561.1750000000001
2025-01-01,13T,9,561.1360000000001
2024-07-01,13T,9,556.4499999999999
2025-02-01,13T,9,561.2460000000003
2025-11-01,14L,9,759.723
2026-06-01,14L,9,747.439
2026-04-01,14L,9,752.5560000000004
2022-02-01,14L,9,696.1479999999999
2026-01-01,15C,9,1098.7140000000002
2023-07-01,15C,9,1074.8059999999998
2022-01-01,15C,9,1057.2500000000002
2021-10-01,15C,9,1049.89
2025-02-01,15C,9,1096.0049999999999
2023-03-01,15F,9,920.5380000000002
2022-04-01,15F,9,910.1160000000004
2021-12-01,15M,9,1106.7410000000002
2022-01-01,15M,9,1107.3199999999997
2025-01-01,26A,9,1100.2599999999993
2025-09-01,26A,9,1101.5460000000005
2023-02-01,26A,9,1087.9650000000001
2021-07-01,36J,9,646.9099999999997
2023-03-01,42D,9,559.6870000000002
2023-01-01,70F,9,930.0709999999999
2024-12-01,71E,9,823.8989999999998
2022-09-01,72Q,9,2059.36
2021-07-01,72Q,9,2030.7189999999994
2024-11-01,91Q,9,2032.9040000000007
2025-02-01,91Q,9,2036.8
2024-01-01,91Q,9,2010.2990000000002
2022-05-01,91Q,9,1966.316
2024-07-01,91Q,9,2024.5870000000011
2022-01-01,91Q,9,1958.8650000000007
2025-07-01,91Q,9,2040.391
2025-03-01,92A,9,1303.446
2024-09-01,92A,9,1301.724
2024-12-01,92A,9,1303.1709999999998
2023-02-01,92A,9,1284.503
2024-08-01,92A,9,1301.3270000000005
2025-03-01,93C,9,1837.5380000000016
2023-08-01,93C,9,1788.0330000000013
2024-05-01,93C,9,1811.2090000000003
2022-06-01,93C,9,1751.8549999999993
2022-03-01,93C,9,1747.3590000000002
2022-04-01,99E,9,285.888
2021-10-01,99F,9,185.98100000000005
2022-01-01,99F,9,186.104
2021-06-01,A3A8R,9,2296.859
2025-10-01,A3A8R,9,2487.406000000001
2024-12-01,D9Y0V,9,1930.5609999999995
2024-08-01,D9Y0V,9,1923.971000000001
2023-06-01,D9Y0V,9,1918.7520000000002
2023-07-01,D9Y0V,9,1920.5299999999995
2025-02-01,D9Y0V,9,1930.7220000000007
2022-01-01,D9Y0V,9,1891.3889999999994
2025-08-01,D9Y0V,9,1930.6960000000008
2023-07-01,00L,10,336.46399999999994
2022-11-01,01H,10,331.29299999999995
2021-12-01,01X,10,200.11599999999999
2021-09-01,01X,10,200.107
2024-07-01,01X,10,202.84099999999998
2023-03-01,03N,10,630.686
2024-06-01,03N,10,638.2619999999998
2024-03-01,03N,10,638.734
2025-07-01,03N,10,636.407
2023-11-01,03N,10,638.7479999999999
2022-04-01,03N,10,618.8539999999999
2023-12-01,03N,10,639.1620000000004
2023-10-01,03N,10,638.0750000000002
2026-04-01,03N,10,634.2800000000001
2022-03-01,03N,10,618.415
2025-05-01,03N,10,639.378
2025-10-01,03W,10,362.0410000000001
2022-01-01,03W,10,348.59400000000005
2021-07-01,03W,10,345.213
2022-02-01,04C,10,426.303
2025-02-01,04C,10,450.43899999999996
2022-10-01,04C,10,427.776
2025-05-01,04V,10,423.79499999999996
2022-08-01,04V,10,409.89
2022-06-01,04V,10,409.902
2023-08-01,04V,10,415.41800000000006
2023-06-01,04V,10,415.08700000000005
2026-03-01,06H,10,1056.0469999999996
2023-07-01,06H,10,1037.018
2025-04-01,06H,10,1056.5549999999998
2021-10-01,06H,10,1004.3230000000001
2024-01-01,06H,10,1045.0999999999997
2025-07-01,06Q,10,424.55199999999996
2023-03-01,06Q,10,410.6530000000001
2026-06-01,06Q,10,426.472
2021-06-01,06Q,10,401.5809999999999
2024-10-01,06Q,10,420.827
2023-04-01,06Q,10,411.038
2023-02-01,06Q,10,410.2250000000001
2022-11-01,07K,10,273.566
2026-02-01,07K,10,280.71000000000004
2023-03-01,11M,10,682.2620000000001
2023-01-01,11M,10,681.0460000000002
2021-08-01,11N,10,594.8170000000001
2025-08-01,11N,10,605.5049999999999
2022-07-01,11N,10,598.2090000000001
2023-07-01,11X,10,601.286
2022-06-01,12F,10,339.824
2023-02-01,12F,10,341.20799999999997
2025-12-01,12F,10,346.511
2025-04-01,13T,10,561.234
2024-11-01,14L,10,750.3149999999998
2025-08-01,14L,10,749.1120000000002
2025-09-01,15C,10,1095.7540000000006
2025-11-01,15C,10,1099.258
2024-06-01,15C,10,1089.5110000000002
2023-09-01,15C,10,1076.422
2024-01-01,15C,10,1084.838
2024-09-01,15C,10,1089.0959999999998
2022-06-01,15C,10,1061.5400000000002
2023-08-01,15C,10,1075.355
2025-01-01,15C,10,1095.435
2024-08-01,15C,10,1089.6409999999998
2021-10-01,15F,10,903.2970000000003
2022-08-01,15F,10,908.742
2024-10-01,15F,10,940.7559999999997
2024-08-01,15F,10,936.3109999999999
2021-07-01,26A,10,1076.3609999999996
2023-12-01,26A,10,1094.091
2022-07-01,26A,10,1082.501
2021-12-01,26A,10,1080.9429999999998
2023-03-01,26A,10,1088.2580000000005
2021-10-01,26A,10,1079.4829999999997
2023-08-01,26A,10,1089.9619999999998
2024-03-01,26A,10,1094.494
2021-06-01,42D,10,550.2469999999998
2022-12-01,70F,10,929.6410000000001
2022-12-01,72Q,10,2068.752000000001
2021-07-01,91Q,10,1946.0659999999998
2024-03-01,91Q,10,2015.137
2021-11-01,91Q,10,1954.8540000000003
2022-12-01,91Q,10,1981.6249999999984
2025-05-01,92A,10,1303.8809999999994
2022-12-01,92A,10,1283.4119999999994
2023-07-01,92A,10,1287.7560000000003
2022-09-01,92A,10,1280.535
2024-02-01,92A,10,1294.973
2022-01-01,92A,10,1270.6660000000006
2022-10-01,92A,10,1280.9909999999998
2023-05-01,92A,10,1286.2119999999995
2025-06-01,93C,10,1836.133
2026-06-01,93C,10,1802.0289999999998
2025-04-01,93C,10,1836.8810000000005
2022-12-01,93C,10,1773.024
2022-07-01,93C,10,1753.7250000000001
2024-04-01,97R,10,575.206
2023-02-01,97R,10,571.0150000000001
2023-07-01,97R,10,572.8580000000001
2021-07-01,99C,10,223.46200000000002
2021-08-01,99E,10,285.0569999999999
2022-12-01,A3A8R,10,2392.4249999999993
2026-06-01,A3A8R,10,2454.659
2025-11-01,A3A8R,10,2489.8790000000004
2024-01-01,A3A8R,10,2451.5260000000003
2025-06-01,A3A8R,10,2479.3369999999995
2024-10-01,D9Y0V,10,1928.1779999999992
2025-09-01,D9Y0V,10,1930.2369999999992
2023-10-01,D9Y0V,10,1908.7519999999997
2025-10-01,D9Y0V,10,1932.8149999999996
2022-08-01,D9Y0V,10,1899.5689999999993
2025-04-01,D9Y0V,10,1930.226
2024-04-01,D9Y0V,10,1918.6510000000003
2023-02-01,D9Y0V,10,1912.8150000000003
2022-09-01,D9Y0V,10,1901.2479999999996
2023-05-01,D9Y0V,10,1917.1419999999994
2021-06-01,M2L0M,10,513.8759999999999
2022-04-01,01H,11,329.1710000000001
2021-07-01,01J,11,169.221
2025-03-01,03N,11,640.6110000000003
2024-10-01,03N,11,640.972
2022-10-01,03N,11,624.993
2024-12-01,03N,11,641.7210000000002
2021-06-01,03N,11,613.4869999999999
2024-07-01,03N,11,637.616
2024-08-01,03N,11,636.9499999999999
2023-03-01,03W,11,355.3469999999999
2022-10-01,03W,11,354.81300000000005
2023-05-01,03W,11,355.746
2023-08-01,04C,11,439.37299999999993
2025-01-01,04V,11,423.1669999999999
2025-10-01,04V,11,424.86899999999997
2022-11-01,04V,11,412.86299999999994
2025-07-01,04V,11,423.863
2023-04-01,04V,11,414.656
2022-01-01,06H,11,1011.6809999999999
2026-02-01,06H,11,1057.3399999999997
2025-02-01,06H,11,1056.5639999999999
2021-06-01,06H,11,996.965
2021-11-01,06H,11,1008.074
2022-11-01,06H,11,1026.88
2022-06-01,06H,11,1016.6010000000001
2022-05-01,06H,11,1014.8039999999997
2023-05-01,06H,11,1033.643
2023-02-01,06H,11,1031.469
2023-08-01,06H,11,1038.1129999999998
2024-03-01,06H,11,1046.3629999999998
2022-10-01,06H,11,1023.0810000000002
2022-10-01,06K,11,618.4049999999999
2024-12-01,06Q,11,421.95899999999995
2022-06-01,06Q,11,406.2540000000001
2024-05-01,06Q,11,418.6059999999998
2024-03-01,06Q,11,417.66
2022-09-01,06Q,11,407.97100000000006
2022-02-01,06Q,11,404.62199999999984
2024-02-01,06Q,11,417.176
2022-10-01,06Q,11,408.263
2025-09-01,06Q,11,426.104
2025-12-01,06Q,11,426.36300000000006
2022-12-01,06Q,11,409.50800000000004
2023-06-01,11M,11,683.8249999999999
2023-09-01,11M,11,685.9449999999996
2024-11-01,11N,11,606.1490000000001
2024-06-01,12F,11,344.7660000000001
2022-12-01,12F,11,341.22300000000007
2021-10-01,12F,11,339.3120000000001
2023-10-01,13T,11,550.477
2023-11-01,14L,11,730.9260000000002
2021-08-01,14L,11,679.5469999999998
2024-08-01,14L,11,740.369
2025-03-01,14L,11,750.9789999999999
2022-05-01,15C,11,1060.5840000000003
2023-05-01,15C,11,1072.5930000000003
2025-10-01,15C,11,1098.28
2022-08-01,15C,11,1062.333
2026-04-01,15C,11,1094.8769999999997
2022-09-01,15C,11,1062.723
2025-06-01,15C,11,1096.8319999999999
2021-12-01,15C,11,1055.0399999999993
2021-11-01,15F,11,906.3040000000007
2022-09-01,15F,11,908.423
2024-04-01,15F,11,936.1149999999997
2022-05-01,15F,11,909.8860000000005
2022-01-01,15F,11,908.8750000000002
2023-05-01,15F,11,920.9399999999998
2023-06-01,15F,11,921.8520000000004
2022-08-01,26A,11,1083.0659999999996
2022-12-01,42D,11,558.8129999999999
2024-08-01,91Q,11,2027.127
2022-08-01,91Q,11,1972.0119999999997
2023-05-01,91Q,11,1990.597999999998
2022-02-01,91Q,11,1960.701000000001
2022-06-01,92A,11,1275.7410000000002
2023-10-01,92A,11,1290.201000000001
2023-11-01,92A,11,1292.1060000000002
2024-06-01,92A,11,1298.7489999999996
2024-10-01,92A,11,1302.1989999999994
2023-12-01,92A,11,1293.7029999999997
2025-10-01,93C,11,1839.7900000000006
2026-02-01,93C,11,1826.5869999999998
2024-10-01,93C,11,1821.3810000000003
2024-02-01,93C,11,1806.6809999999998
2023-11-01,97R,11,574.3480000000001
2024-11-01,A3A8R,11,2464.459000000002
2023-12-01,A3A8R,11,2447.611
2025-06-01,D9Y0V,11,1930.46
2023-12-01,D9Y0V,11,1915.254999999999
2023-01-01,D9Y0V,11,1911.7819999999997
2022-05-01,D9Y0V,11,1894.9070000000006
2021-10-01,D9Y0V,11,1883.5419999999997
2025-04-01,01X,12,203.721
2025-01-01,03N,12,641.4480000000001
2023-08-01,03N,12,630.3169999999997
2026-03-01,03N,12,635.6519999999995
2021-09-01,03N,12,612.4729999999998
2023-09-01,03N,12,630.002
2021-08-01,03W,12,345.59600000000006
2026-02-01,03W,12,361.9029999999999
2022-03-01,03W,12,351.707
2024-10-01,04C,12,448.72799999999995
2023-11-01,04V,12,417.489
2025-06-01,04V,12,423.96400000000006
2021-12-01,04V,12,408.12300000000005
2022-05-01,04V,12,409.4409999999999
2024-12-01,06H,12,1055.1680000000001
2023-06-01,06H,12,1035.1440000000002
2026-05-01,06H,12,1053.3840000000002
2026-04-01,06H,12,1055.087
2025-11-01,06H,12,1059.8760000000002
2022-02-01,06H,12,1012.3840000000002
2025-03-01,06H,12,1056.5620000000001
2025-10-01,06Q,12,426.288
2021-08-01,06Q,12,402.89399999999995
2024-01-01,06Q,12,416.447
2025-08-01,06Q,12,425.38100000000014
2024-07-01,06Q,12,419.201
2021-10-01,06Q,12,403.70700000000005
2022-04-01,11N,12,597.6119999999999
2024-08-01,12F,12,345.355
2025-11-01,12F,12,346.5650000000001
2021-06-01,12F,12,338.5259999999999
2024-10-01,14L,12,747.2820000000003
2025-01-01,14L,12,750.3949999999998
2024-05-01,15C,12,1089.4369999999997
2025-07-01,15C,12,1096.382
2024-02-01,15C,12,1085.9420000000002
2025-03-01,15C,12,1096.5280000000005
2026-06-01,15C,12,1092.5770000000002
2025-04-01,15C,12,1096.733
2023-01-01,15F,12,918.2699999999998
2021-06-01,15F,12,898.0770000000006
2022-06-01,15F,12,909.7789999999999
2023-10-01,26A,12,1091.784
2022-05-01,26A,12,1081.0169999999998
2021-10-01,36L,12,1719.921999999999
2024-07-01,92A,12,1299.9450000000004
2023-09-01,92A,12,1289.7060000000001
2024-03-01,92A,12,1295.5599999999995
2024-05-01,92A,12,1298.0800000000002
2021-10-01,92G,12,974.5060000000002
2021-08-01,93C,12,1715.5540000000003
2026-01-01,93C,12,1836.9739999999986
2025-12-01,93C,12,1840.8040000000005
2024-09-01,93C,12,1814.9600000000005
2024-07-01,93C,12,1813.2949999999996
2025-09-01,93C,12,1835.239999999999
2023-09-01,93C,12,1789.5740000000005
2023-10-01,93C,12,1793.3720000000008
2023-07-01,A3A8R,12,2423.9399999999996
2022-06-01,A3A8R,12,2366.432000000001
2024-04-01,A3A8R,12,2449.106999999998
2022-04-01,A3A8R,12,2359.737000000001
2021-06-01,D9Y0V,12,1877.7469999999996
2022-03-01,D9Y0V,12,1893.6409999999994
2025-12-01,D9Y0V,12,1931.6560000000006
2024-01-01,D9Y0V,12,1915.8120000000001
2024-09-01,D9Y0V,12,1924.762
2026-03-01,D9Y0V,12,1926.6080000000002
2024-05-01,D9Y0V,12,1920.4890000000005
2024-02-01,01X,13,201.88000000000002
2023-07-01,03N,13,630.5580000000001
2022-09-01,03N,13,618.6660000000003
2022-06-01,03N,13,619.076
2022-02-01,03W,13,351.10200000000003
2021-07-01,04C,13,422.43699999999995
2022-09-01,04V,13,410.12300000000005
2021-10-01,04V,13,406.86300000000006
2024-12-01,04V,13,422.936
2023-09-01,04V,13,415.6009999999999
2021-09-01,04V,13,404.5630000000003
2023-12-01,06H,13,1044.688
2025-05-01,06H,13,1056.8869999999997
2022-12-01,06H,13,1028.7049999999995
2023-10-01,06H,13,1039.4800000000002
2025-08-01,06H,13,1058.4060000000002
2025-07-01,06H,13,1058.018
2026-01-01,06H,13,1059.4200000000003
2023-11-01,06H,13,1042.8670000000004
2021-06-01,06L,13,407.547
2021-09-01,06Q,13,403.4480000000001
2023-12-01,06Q,13,415.908
2025-06-01,06Q,13,424.2869999999999
2022-03-01,06Q,13,404.8819999999999
2023-05-01,06Q,13,411.36200000000014
2023-07-01,06Q,13,412.60199999999986
2023-07-01,11N,13,600.9930000000003
2023-09-01,12F,13,342.7960000000001
2023-07-01,12F,13,342.12699999999995
2022-04-01,12F,13,339.5439999999999
2022-08-01,12F,13,340.415
2022-07-01,12F,13,340.073
2024-11-01,12F,13,345.66999999999996
2023-01-01,12F,13,341.229
2025-08-01,12F,13,346.65199999999993
2025-04-01,14L,13,751.0260000000001
2026-05-01,14L,13,751.0799999999998
2026-03-01,14L,13,753.785
2025-05-01,15C,13,1096.876
2021-11-01,15C,13,1052.374
2023-12-01,15C,13,1084.363
2023-03-01,15C,13,1071.161
2025-12-01,15C,13,1099.7969999999998
2026-05-01,15C,13,1094.2689999999998
2022-03-01,15F,13,909.6160000000001
2022-07-01,15F,13,909.4680000000002
2024-03-01,15F,13,936.2070000000002
2024-07-01,15F,13,936.6619999999996
2022-01-01,26A,13,1081.2279999999998
2022-06-01,26A,13,1081.7359999999999
2025-04-01,26A,13,1100.1140000000003
2024-05-01,26A,13,1095.702
2023-01-01,26A,13,1087.8419999999999
2024-11-01,92A,13,1302.9829999999995
2022-02-01,92A,13,1271.8889999999997
2022-11-01,92A,13,1282.2389999999994
2023-06-01,93C,13,1784.3000000000004
2021-09-01,93C,13,1717.4509999999993
2022-10-01,93C,13,1760.5159999999992
2024-01-01,97R,13,574.5030000000002
2021-08-01,A3A8R,13,2313.394
2022-07-01,A3A8R,13,2369.6240000000007
2023-04-01,A3A8R,13,2409.865
2024-08-01,A3A8R,13,2445.8270000000007
2025-08-01,A3A8R,13,2483.936999999999
2023-11-01,D9Y0V,13,1913.4399999999998
2024-11-01,D9Y0V,13,1930.2030000000002
2021-07-01,D9Y0V,13,1880.541
2021-12-01,D9Y0V,13,1889.4460000000004
