"","name","is.nbreak","is.tfirst","is.tfirst.pknown","is.tfirst.pknown.offs","is.tfirst.offs","is.tfirst.big","is.slope.ma","is.slope.ma.prop","is.slope.ma.prop.lev","is.intlev.initlev","is.intlev.finallev","is.intlev.levd","is.intlev.levdprop"
"1","ratio_quantity.01D",0,NA,NA,NA,NA,NA,NA,NA,NA,NA,NA,NA,NA
"2","ratio_quantity.01E",6,26,26,26,26,26,0.200000000000001,75059993789508.7,41175768021673.3,1.77635683940025e-15,3.5527136788005e-15,-1.77635683940025e-15,-1
"3","ratio_quantity.01W",3,12,12,13,13,12,0.0147058823529412,1,156988222304854,0,2.22044604925031e-16,-2.22044604925031e-16,-Inf
"4","ratio_quantity.02H",5,2,2,2,2,13,-0.0114942528735632,-1.00000000000001,1.03448275862076,0.0111111111111105,2.22044604925031e-16,0.0111111111111103,0.99999999999998
"5","ratio_quantity.02Q",3,29,29,30,30,30,-0.125,-0.999999999999995,55258891133380.3,6.82317562092805e-16,0,6.82317562092805e-16,1
"6","ratio_quantity.06H",3,22,22,23,23,23,-0.0232558139534884,-1,72859043516610.7,0,0.0232558139534883,-0.0232558139534883,-Inf
