"","name","is.nbreak","is.tfirst","is.tfirst.pknown","is.tfirst.pknown.offs","is.tfirst.offs","is.tfirst.big","is.slope.ma","is.slope.ma.prop","is.slope.ma.prop.lev","is.intlev.initlev","is.intlev.finallev","is.intlev.levd","is.intlev.levdprop"
"1","ratio_quantity.15N",0,NA,NA,NA,NA,NA,NA,NA,NA,NA,NA,NA,NA
"2","ratio_quantity.36L",0,NA,NA,NA,NA,NA,NA,NA,NA,NA,NA,NA,NA
"3","ratio_quantity.72Q",5,52,52,55,55,54,0.0465116279069768,1.02325581395349,6.21170028504691,0.000953813416425572,0.00844155844155847,-0.0074877450251329,-7.85032470311995
"4","ratio_quantity.91Q",2,11,11,12,12,12,-0.000725620737679331,-0.0314564032820958,0.609015614183536,0.0237931256641671,0.000573262058428448,0.0232198636057387,0.975906399750925
"5","ratio_quantity.92A",4,35,35,35,35,41,-0.0495427540464354,-1.54648260785739,58.9558773152337,0.000840336134453875,0.0495427540464353,-0.0487024179119815,-57.9558773152515
