"","name","is.nbreak","is.tfirst","is.tfirst.pknown","is.tfirst.pknown.offs","is.tfirst.offs","is.tfirst.big","is.slope.ma","is.slope.ma.prop","is.slope.ma.prop.lev","is.intlev.initlev","is.intlev.finallev","is.intlev.levd","is.intlev.levdprop"
"1","ratio_quantity.93C",3,35,35,36,36,36,-0.0519820519820521,-0.961667961667961,30.7066978668294,0.00078635620915056,4.66200466194833e-05,0.000739736162531076,0.940713831623657
"2","ratio_quantity.97R",7,6,6,6,6,6,0.133333333333333,0.999999999999997,9607679205057014,4.54878374728537e-16,0,4.54878374728537e-16,1
"3","ratio_quantity.99E",3,34,34,36,36,36,-0.922386640685448,-248.786365872506,29.5518545974226,0.00396268785519904,0.000135544655005759,0.00382714320019328,0.965794768611935
"4","ratio_quantity.A3A8R",0,NA,NA,NA,NA,NA,NA,NA,NA,NA,NA,NA,NA
"5","ratio_quantity.B2M3M",0,NA,NA,NA,NA,NA,NA,NA,NA,NA,NA,NA,NA
