"","name","is.nbreak","is.tfirst","is.tfirst.pknown","is.tfirst.pknown.offs","is.tfirst.offs","is.tfirst.big","is.slope.ma","is.slope.ma.prop","is.slope.ma.prop.lev","is.intlev.initlev","is.intlev.finallev","is.intlev.levd","is.intlev.levdprop"
"1","ratio_quantity.11M",8,2,2,2,2,7,-0.0454545454545451,-14557089704631.8,1.36363636363634,0.0333333333333329,0,0.0333333333333329,1
"2","ratio_quantity.11X",0,NA,NA,NA,NA,NA,NA,NA,NA,NA,NA,NA,NA
"3","ratio_quantity.12F",6,8,8,9,9,54,0.12554977779814,1.39682698609189,1130851865016302,4.54878374728537e-16,8.88178419700125e-16,-4.33300044971588e-16,-0.952562418976664
"4","ratio_quantity.14L",15,2,2,3,3,3,-0.0333333333333311,-1.00000000000001,27588505532284.2,1.25091553050348e-15,2.76690638747867e-16,9.74224891755609e-16,0.778809494325726
"5","ratio_quantity.14Y",3,29,29,30,30,30,-0.0821805006587616,-0.903985507246373,27.0775193798276,4.54878374728537e-16,7.58941852030404e-07,-7.58941851575525e-07,-1668450059.92744
