"","name","is.nbreak","is.tfirst","is.tfirst.pknown","is.tfirst.pknown.offs","is.tfirst.offs","is.tfirst.big","is.slope.ma","is.slope.ma.prop","is.slope.ma.prop.lev","is.intlev.initlev","is.intlev.finallev","is.intlev.levd","is.intlev.levdprop"
"1","ratio_quantity.15A",1,19,19,19,19,19,-0.00090113512019102,-0.0277830621867857,0.511627906976744,0.0333358291122601,0.000894964785383361,0.0324408643268767,0.973153066558821
"2","ratio_quantity.15C",3,36,36,37,37,37,-0.0149253731343284,-0.999999999999999,159331330100449,2.84298984205336e-17,0,2.84298984205336e-17,1
"3","ratio_quantity.15E",3,4,4,5,5,5,-0.0372516171064266,-0.968542044767084,142.396634614817,9.09756749457074e-16,1.16787775561455e-06,-1.1678777547048e-06,-1283725298.44023
"4","ratio_quantity.15F",6,35,35,36,36,36,-0.0158730158730159,-1,43161182412655.3,9.95046444718675e-17,0.0147058823529411,-0.014705882352941,-147790913991946
"5","ratio_quantity.15M",15,2,2,3,3,5,0.0277777777777779,0.666666666666672,44033659810321.7,0.0277777777777777,3.93508857501125e-16,0.0277777777777773,0.999999999999986
