month,code,numerator,denominator
2026-06-01,11J,2867,30194
2024-11-01,11J,2752,36003
2025-05-01,11J,2575,30134
2022-07-01,11J,3004,33786
2021-10-01,11J,2867,34950
2023-06-01,11J,3103,34376
2023-02-01,11J,3075,38760
2025-04-01,11J,2502,30724
2025-06-01,11J,2601,29356
2021-09-01,11J,2980,33239
2025-08-01,11J,2578,27812
2024-07-01,11J,3037,34148
2023-05-01,11J,2944,34999
2021-08-01,11J,2945,29710
2026-04-01,11J,2707,31003
2022-01-01,11J,2864,32535
2026-01-01,11J,3010,37249
2021-11-01,11J,3117,36918
2022-04-01,11J,2842,32386
2024-01-01,11J,3138,44358
2021-12-01,11J,3195,38871
2025-11-01,11J,2655,32075
2025-12-01,11J,2946,37998
2026-05-01,11J,2663,29020
2025-10-01,11J,2935,34793
2022-06-01,11J,2868,32454
2024-12-01,11J,2848,40160
2024-09-01,11J,2733,30919
2025-01-01,11J,2938,39416
2025-07-01,11J,2775,30830
2022-11-01,11J,3285,40142
2024-10-01,11J,3047,36009
2025-09-01,11J,2969,30976
2022-02-01,11J,2799,30624
2022-10-01,11J,3204,37786
2023-03-01,11J,3373,41610
2021-06-01,11J,2915,29591
2023-04-01,11J,3006,35422
2026-02-01,11J,2783,32472
2024-06-01,11J,2656,32168
2021-07-01,11J,3147,31432
2022-08-01,11J,3213,32844
2022-12-01,11J,3661,57123
2023-10-01,11J,3128,37408
2025-03-01,11J,2619,33882
2024-03-01,11J,2845,39398
2025-02-01,11J,2559,32682
2023-07-01,11J,3045,32900
2022-03-01,11J,3078,35719
2023-01-01,11J,3461,45283
2024-08-01,11J,2731,30300
2023-09-01,11J,2847,32885
2023-08-01,11J,3128,34203
2024-02-01,11J,2886,38429
2024-05-01,11J,2989,37896
2024-04-01,11J,2775,37532
2022-05-01,11J,2907,32418
2023-11-01,11J,3001,39977
2022-09-01,11J,3150,33426
2023-12-01,11J,2977,40905
2026-03-01,11J,2912,34198
2023-10-01,11M,2547,28549
2025-03-01,11M,2134,24896
2025-12-01,11M,2229,29180
2023-11-01,11M,2376,30460
2024-10-01,11M,2334,27068
2024-08-01,11M,2132,21734
2024-11-01,11M,2194,26759
2022-01-01,11M,2375,25470
2024-12-01,11M,2297,30208
2026-04-01,11M,1895,22296
2026-05-01,11M,1925,21479
2022-02-01,11M,2203,24057
2023-01-01,11M,2737,35452
2022-05-01,11M,2337,25402
2021-12-01,11M,2650,29765
2022-10-01,11M,2580,29053
2024-04-01,11M,2388,27406
2022-04-01,11M,2409,26758
2025-08-01,11M,2004,20773
2022-12-01,11M,2790,44152
2023-02-01,11M,2501,29624
2023-09-01,11M,2573,24725
2025-07-01,11M,2190,22668
2021-06-01,11M,2183,22959
2024-01-01,11M,2614,32552
2024-03-01,11M,2286,28505
2025-11-01,11M,2066,23972
2025-06-01,11M,2067,21946
2022-08-01,11M,2382,25242
2022-09-01,11M,2505,25609
2023-12-01,11M,2432,30710
2024-06-01,11M,2079,23720
2024-07-01,11M,2426,25718
2023-03-01,11M,2631,31277
2023-05-01,11M,2354,26086
2024-02-01,11M,2442,28733
2025-02-01,11M,2046,24842
2022-11-01,11M,2741,31485
2023-06-01,11M,2441,25520
2025-09-01,11M,2139,22839
2026-01-01,11M,2182,27753
2023-07-01,11M,2418,25075
2021-08-01,11M,2289,23027
2022-03-01,11M,2547,27667
2023-08-01,11M,2656,25715
2024-05-01,11M,2207,26819
2025-05-01,11M,2098,22295
2022-07-01,11M,2275,25388
2021-10-01,11M,2439,27535
2021-11-01,11M,2540,29736
2024-09-01,11M,2203,22833
2025-10-01,11M,2297,26000
2026-02-01,11M,1929,24127
2022-06-01,11M,2253,25720
2023-04-01,11M,2293,24801
2026-03-01,11M,2029,25295
2025-04-01,11M,2084,23420
2021-09-01,11M,2438,25940
2021-07-01,11M,2250,23743
2026-06-01,11M,1999,22347
2025-01-01,11M,2348,29251
2023-06-01,11N,2250,25080
2026-01-01,11N,2201,29094
2021-10-01,11N,2280,25241
2022-01-01,11N,2164,24093
2025-09-01,11N,2379,23912
2021-11-01,11N,2278,27686
2026-06-01,11N,2270,23583
2022-09-01,11N,2334,25039
2023-09-01,11N,2304,24923
2022-12-01,11N,2454,43609
2023-01-01,11N,2575,34847
2024-02-01,11N,2117,28956
2025-07-01,11N,2193,24084
2026-02-01,11N,2062,24195
2023-05-01,11N,2169,25457
2023-12-01,11N,2121,30325
2025-01-01,11N,2230,30781
2025-11-01,11N,2104,24073
2025-08-01,11N,2128,21744
2021-08-01,11N,2209,21479
2025-04-01,11N,1952,23788
2022-05-01,11N,2115,23774
2022-07-01,11N,2160,25096
2026-03-01,11N,2227,26048
2025-03-01,11N,2002,26167
2022-06-01,11N,2092,23795
2023-10-01,11N,2205,27031
2021-06-01,11N,2189,22213
2021-12-01,11N,2373,28680
2022-02-01,11N,2106,23151
2024-12-01,11N,2181,29855
2022-10-01,11N,2286,27310
2024-05-01,11N,2093,27707
2025-05-01,11N,1950,23453
2026-04-01,11N,2036,23524
2024-03-01,11N,2217,29820
2023-11-01,11N,2257,29238
2024-01-01,11N,2386,32316
2025-02-01,11N,2007,25681
2024-08-01,11N,2224,23627
2023-02-01,11N,2195,29685
2023-04-01,11N,2215,25092
2021-07-01,11N,2234,22849
2021-09-01,11N,2258,24117
2026-05-01,11N,2104,21902
2023-07-01,11N,2370,25315
2023-08-01,11N,2343,25498
2023-03-01,11N,2598,32346
2025-12-01,11N,2311,29494
2024-09-01,11N,2087,23131
2022-04-01,11N,2085,23839
2024-04-01,11N,2156,28756
2025-06-01,11N,2129,23403
2022-03-01,11N,2309,26523
2022-08-01,11N,2315,24621
2024-06-01,11N,2144,25595
2024-07-01,11N,2196,26533
2025-10-01,11N,2382,25795
2024-11-01,11N,2122,26763
2024-10-01,11N,2263,27379
2022-11-01,11N,2373,29259
2023-07-01,11X,1029,20804
2022-01-01,11X,1059,21594
2023-01-01,11X,1174,30660
2024-06-01,11X,990,20747
2026-03-01,11X,972,21315
2023-04-01,11X,954,21718
2023-08-01,11X,1078,21313
2021-09-01,11X,1044,21445
2024-04-01,11X,991,24537
2026-01-01,11X,1043,23971
2022-06-01,11X,1007,20851
2022-11-01,11X,1157,25057
2024-05-01,11X,1001,23551
2025-06-01,11X,901,18040
2023-03-01,11X,1181,27679
2023-06-01,11X,1058,21289
2021-06-01,11X,989,19775
2023-02-01,11X,1036,25380
2026-02-01,11X,972,20474
2025-07-01,11X,958,18862
2022-10-01,11X,1062,23647
2024-08-01,11X,958,18759
2021-10-01,11X,1007,22555
2023-10-01,11X,1003,23369
2026-06-01,11X,959,18765
2025-10-01,11X,993,21537
2025-12-01,11X,1068,24358
2022-07-01,11X,1020,21898
2022-09-01,11X,1049,20883
2023-11-01,11X,1040,24918
2025-01-01,11X,1063,25760
2025-11-01,11X,951,19697
2021-11-01,11X,1045,23933
2024-01-01,11X,1088,27604
2022-02-01,11X,970,19673
2022-04-01,11X,1041,21101
2021-08-01,11X,1014,19003
2022-03-01,11X,1054,23137
2024-09-01,11X,930,19414
2021-07-01,11X,980,20884
2024-07-01,11X,957,21028
2024-12-01,11X,978,25725
2023-12-01,11X,1083,25620
2021-12-01,11X,1150,25508
2025-04-01,11X,785,19052
2022-08-01,11X,1046,20966
2026-05-01,11X,976,18338
2024-03-01,11X,998,24688
2024-11-01,11X,974,22687
2025-03-01,11X,898,21213
2025-09-01,11X,948,19148
2022-12-01,11X,1218,35902
2024-02-01,11X,1046,24908
2023-05-01,11X,1053,22254
2023-09-01,11X,1053,21145
2025-02-01,11X,909,20947
2026-04-01,11X,941,19418
2022-05-01,11X,1082,21653
2025-08-01,11X,837,16792
2025-05-01,11X,868,18711
2024-10-01,11X,999,22673
2023-06-01,15C,2910,32010
2025-06-01,15C,2547,27624
2022-02-01,15C,2828,30392
2022-07-01,15C,2868,32631
2026-04-01,15C,2357,28088
2023-05-01,15C,2745,32594
2021-08-01,15C,2950,29502
2025-05-01,15C,2519,28118
2023-03-01,15C,3254,40718
2024-01-01,15C,2976,41014
2024-09-01,15C,2673,29567
2024-10-01,15C,2848,35071
2025-12-01,15C,2890,37011
2026-05-01,15C,2405,26511
2025-09-01,15C,2810,29521
2021-09-01,15C,3069,32745
2021-10-01,15C,3120,35431
2021-11-01,15C,3274,37503
2025-04-01,15C,2604,29813
2021-07-01,15C,3060,31438
2023-01-01,15C,3242,43393
2022-04-01,15C,2650,31501
2026-03-01,15C,2685,32067
2022-03-01,15C,3127,35883
2024-12-01,15C,2722,37586
2024-08-01,15C,2743,28453
2022-01-01,15C,2964,32476
2022-08-01,15C,2857,31126
2023-07-01,15C,2964,31915
2025-08-01,15C,2407,25439
2023-02-01,15C,3071,38162
2025-07-01,15C,2626,28634
2022-12-01,15C,3142,52883
2024-07-01,15C,2896,32082
2026-02-01,15C,2507,30117
2024-02-01,15C,2874,38069
2026-06-01,15C,2607,28534
2023-10-01,15C,3124,36009
2025-02-01,15C,2547,30921
2021-06-01,15C,2991,29616
2023-09-01,15C,2820,31452
2024-04-01,15C,2791,35970
2024-11-01,15C,2688,35126
2025-11-01,15C,2654,30874
2024-03-01,15C,2832,37506
2024-06-01,15C,2605,30455
2022-11-01,15C,2953,38424
2025-10-01,15C,2810,33127
2022-05-01,15C,2901,31982
2023-04-01,15C,2723,32012
2021-12-01,15C,3252,37149
2022-09-01,15C,2787,31385
2023-08-01,15C,2960,32016
2026-01-01,15C,2832,34726
2025-01-01,15C,2779,36932
2025-03-01,15C,2533,31760
2022-06-01,15C,2731,31442
2023-11-01,15C,2993,38070
2022-10-01,15C,2996,35990
2023-12-01,15C,2942,38511
2024-05-01,15C,2758,35246
2022-04-01,15E,3929,53055
2022-07-01,15E,3978,55632
2023-04-01,15E,3837,53601
2021-12-01,15E,4590,60625
2023-08-01,15E,4379,53425
2026-04-01,15E,4054,53090
2022-08-01,15E,4209,51748
2023-09-01,15E,4238,54156
2025-02-01,15E,3955,58035
2025-12-01,15E,4475,67435
2024-07-01,15E,4158,59244
2026-03-01,15E,4333,58567
2022-01-01,15E,4376,55150
2022-06-01,15E,3924,53790
2024-09-01,15E,4001,52703
2025-06-01,15E,3926,50004
2026-02-01,15E,4102,55616
2021-07-01,15E,4221,52240
2025-01-01,15E,4551,67252
2024-03-01,15E,3999,65403
2026-06-01,15E,4294,52330
2024-06-01,15E,3963,56084
2021-06-01,15E,3947,50727
2022-02-01,15E,3881,49862
2023-05-01,15E,4202,57712
2025-11-01,15E,4084,60437
2026-05-01,15E,4051,49771
2023-02-01,15E,4365,66239
2024-02-01,15E,4230,65436
2025-08-01,15E,3789,44137
2021-10-01,15E,4329,61623
2022-05-01,15E,4077,54174
2022-12-01,15E,5136,96123
2024-10-01,15E,4445,64799
2023-03-01,15E,4690,69338
2023-06-01,15E,4226,56218
2024-12-01,15E,4381,70932
2025-05-01,15E,3835,50589
2023-10-01,15E,4431,65193
2021-08-01,15E,4091,48040
2022-10-01,15E,4222,61426
2023-07-01,15E,4279,55481
2023-11-01,15E,4272,68684
2024-04-01,15E,4274,63615
2025-09-01,15E,4204,53529
2021-09-01,15E,4330,55209
2024-01-01,15E,4645,73002
2024-05-01,15E,4196,60931
2024-08-01,15E,3907,48614
2023-12-01,15E,4302,69922
2025-03-01,15E,4070,57298
2022-11-01,15E,4386,70444
2025-04-01,15E,3718,53292
2025-07-01,15E,4301,51148
2026-01-01,15E,4321,60192
2022-09-01,15E,4300,54064
2022-03-01,15E,4456,60809
2023-01-01,15E,4898,76551
2024-11-01,15E,4317,67103
2021-11-01,15E,4568,62336
2025-10-01,15E,4635,63876
2022-09-01,15M,3377,40279
2026-04-01,15M,3165,36467
2023-05-01,15M,3305,41477
2022-06-01,15M,3100,40225
2025-11-01,15M,3357,40069
2022-02-01,15M,3108,37808
2025-08-01,15M,3064,32556
2021-06-01,15M,3116,36483
2024-02-01,15M,3501,48059
2026-02-01,15M,3310,38909
2022-08-01,15M,3445,39657
2021-12-01,15M,3458,46321
2024-01-01,15M,3853,54459
2025-12-01,15M,3809,48574
2022-01-01,15M,3374,41090
2022-10-01,15M,3417,45685
2021-07-01,15M,3235,38239
2021-10-01,15M,3210,43845
2022-05-01,15M,3287,41971
2024-03-01,15M,3370,45700
2025-01-01,15M,3646,47414
2023-07-01,15M,3446,39580
2025-04-01,15M,3225,37300
2026-03-01,15M,3680,41525
2024-11-01,15M,3284,42735
2023-10-01,15M,3652,46251
2022-11-01,15M,3704,51722
2024-06-01,15M,3174,38982
2021-09-01,15M,3316,41646
2025-03-01,15M,3214,40644
2025-06-01,15M,3175,35091
2026-01-01,15M,3764,44642
2022-04-01,15M,3122,39886
2022-07-01,15M,3285,41887
2025-09-01,15M,3475,36869
2024-09-01,15M,3373,36955
2021-11-01,15M,3486,46465
2024-07-01,15M,3591,41312
2023-01-01,15M,4093,57809
2023-12-01,15M,3566,49704
2023-11-01,15M,3559,48951
2022-12-01,15M,3998,70893
2023-06-01,15M,3480,41400
2024-12-01,15M,3535,48521
2023-08-01,15M,3460,40924
2026-05-01,15M,3130,34283
2023-02-01,15M,3592,48425
2023-04-01,15M,3096,38946
2025-05-01,15M,3281,36805
2026-06-01,15M,3428,36590
2023-09-01,15M,3401,39160
2024-05-01,15M,3398,42774
2025-07-01,15M,3518,36934
2025-02-01,15M,3123,39252
2023-03-01,15M,3874,50272
2022-03-01,15M,3567,45059
2021-08-01,15M,3175,36016
2024-04-01,15M,3408,44636
2025-10-01,15M,3714,42918
2024-08-01,15M,3335,36247
2024-10-01,15M,3590,44652
2024-01-01,15N,4615,64665
2022-02-01,15N,4181,46645
2022-09-01,15N,4607,49762
2025-07-01,15N,3990,45249
2023-02-01,15N,4564,59984
2025-08-01,15N,3738,40806
2026-04-01,15N,3713,45181
2024-11-01,15N,4188,54248
2026-01-01,15N,4188,54852
2026-06-01,15N,3869,44532
2021-09-01,15N,4525,49727
2026-02-01,15N,3854,47118
2022-08-01,15N,4506,49783
2025-11-01,15N,3938,47339
2022-01-01,15N,4404,49850
2025-06-01,15N,3921,43831
2022-10-01,15N,4573,55930
2025-12-01,15N,4381,56269
2024-09-01,15N,3973,46505
2025-02-01,15N,3769,48628
2022-07-01,15N,4344,51219
2024-06-01,15N,3957,48713
2023-09-01,15N,4237,48613
2021-07-01,15N,4347,46931
2024-07-01,15N,4217,50946
2022-11-01,15N,4741,60248
2024-08-01,15N,3998,45193
2023-05-01,15N,4405,51587
2024-04-01,15N,4346,58407
2022-12-01,15N,5346,88216
2023-04-01,15N,4235,51781
2026-03-01,15N,4188,50688
2022-04-01,15N,4291,49827
2024-03-01,15N,4286,59827
2025-05-01,15N,3770,44341
2023-12-01,15N,4503,60637
2023-10-01,15N,4279,54489
2022-05-01,15N,4436,50195
2022-06-01,15N,4168,48915
2025-04-01,15N,3791,46585
2023-06-01,15N,4321,49590
2024-12-01,15N,4295,60994
2024-02-01,15N,4189,58931
2023-01-01,15N,5157,69385
2025-10-01,15N,4245,50773
2021-08-01,15N,4315,44517
2023-07-01,15N,4462,50465
2024-10-01,15N,4222,53720
2025-01-01,15N,4274,60169
2022-03-01,15N,4592,54494
2023-03-01,15N,5044,65527
2021-11-01,15N,4747,56789
2021-06-01,15N,4309,46228
2024-05-01,15N,4239,55016
2025-03-01,15N,3899,50589
2021-12-01,15N,4781,58184
2025-09-01,15N,4169,45113
2026-05-01,15N,3597,41596
2021-10-01,15N,4525,54119
2023-11-01,15N,4370,58494
2023-08-01,15N,4536,51018
2024-05-01,18C,2946,40690
2023-08-01,18C,3078,36127
2022-03-01,18C,3404,39209
2022-07-01,18C,3002,36014
2025-03-01,18C,2549,35363
2025-04-01,18C,2426,33274
2022-06-01,18C,2965,34636
2025-02-01,18C,2509,34487
2024-08-01,18C,2654,32672
2021-07-01,18C,3214,34760
2025-06-01,18C,2510,30913
2021-06-01,18C,3075,33952
2022-09-01,18C,3151,35077
2026-03-01,18C,2670,35451
2023-05-01,18C,2805,35685
2023-04-01,18C,2741,34418
2021-10-01,18C,3430,40207
2023-10-01,18C,3152,40112
2024-12-01,18C,2830,43833
2025-05-01,18C,2425,30954
2023-03-01,18C,3473,44705
2024-04-01,18C,2857,41507
2023-01-01,18C,3490,49546
2022-12-01,18C,3723,62415
2022-01-01,18C,3293,36987
2023-06-01,18C,2905,36304
2025-12-01,18C,2874,39890
2021-09-01,18C,3386,38331
2024-09-01,18C,2660,33168
2026-05-01,18C,2395,29652
2024-10-01,18C,3005,40291
2025-09-01,18C,2667,31863
2023-09-01,18C,2967,34407
2024-02-01,18C,2977,41124
2024-07-01,18C,2887,37405
2022-04-01,18C,3037,35332
2022-11-01,18C,3399,44649
2024-03-01,18C,2845,41453
2024-06-01,18C,2693,35260
2021-11-01,18C,3493,41571
2026-02-01,18C,2651,33632
2022-05-01,18C,3265,36282
2026-04-01,18C,2503,31547
2022-10-01,18C,3218,40609
2023-07-01,18C,3001,34978
2025-11-01,18C,2587,33884
2022-08-01,18C,3058,34451
2026-01-01,18C,2869,38153
2024-01-01,18C,3318,46575
2025-08-01,18C,2467,28005
2021-12-01,18C,3657,44129
2023-02-01,18C,3060,41438
2024-11-01,18C,2752,39760
2025-07-01,18C,2602,31512
2026-06-01,18C,2586,31540
2022-02-01,18C,3028,34179
2025-01-01,18C,2747,41095
2023-11-01,18C,3140,42647
2023-12-01,18C,3042,43931
2025-10-01,18C,2903,36464
2021-08-01,18C,3127,32718
2021-09-01,36L,4800,51595
2022-06-01,36L,4337,51241
2022-11-01,36L,4924,64697
2024-12-01,36L,4276,62594
2023-10-01,36L,4681,56079
2022-05-01,36L,4478,50688
2023-07-01,36L,4340,50934
2024-03-01,36L,4292,60077
2025-08-01,36L,3649,40792
2026-04-01,36L,3778,48449
2025-11-01,36L,3824,51471
2026-01-01,36L,3965,55100
2021-08-01,36L,4585,45418
2021-10-01,36L,4666,56243
2022-12-01,36L,5682,94037
2025-07-01,36L,3953,45800
2022-01-01,36L,4470,49182
2023-02-01,36L,4696,60161
2024-04-01,36L,4288,57996
2021-11-01,36L,4832,57113
2022-03-01,36L,4850,55555
2026-06-01,36L,3935,46277
2022-08-01,36L,4517,47849
2023-08-01,36L,4440,50108
2025-03-01,36L,3808,51633
2023-11-01,36L,4492,61814
2025-01-01,36L,4173,60821
2026-05-01,36L,3600,44110
2022-04-01,36L,4319,49783
2024-10-01,36L,4154,55333
2025-06-01,36L,3671,44683
2021-07-01,36L,4696,48756
2022-07-01,36L,4425,52548
2025-12-01,36L,4206,61128
2026-03-01,36L,4005,53848
2023-12-01,36L,4520,65467
2024-05-01,36L,4297,55948
2024-02-01,36L,4256,59392
2025-04-01,36L,3731,47606
2024-08-01,36L,3889,44860
2021-12-01,36L,5147,59549
2023-06-01,36L,4433,53257
2022-02-01,36L,4221,46594
2023-03-01,36L,4989,65574
2025-02-01,36L,3798,52137
2024-07-01,36L,4179,51721
2025-10-01,36L,4275,53054
2024-09-01,36L,3972,46785
2024-11-01,36L,4136,56478
2021-06-01,36L,4401,46213
2022-09-01,36L,4555,51053
2023-04-01,36L,4172,50918
2023-05-01,36L,4493,53661
2024-06-01,36L,3950,50023
2025-05-01,36L,3836,45879
2023-01-01,36L,5154,68444
2024-01-01,36L,4676,66203
2025-09-01,36L,4016,46463
2022-10-01,36L,4602,57844
2023-09-01,36L,4419,49660
2026-02-01,36L,3720,50042
2021-08-01,71E,4412,36009
2022-09-01,71E,4813,39903
2025-03-01,71E,4625,40720
2021-12-01,71E,5114,47932
2022-07-01,71E,4569,40627
2021-10-01,71E,4658,43736
2024-07-01,71E,4871,41937
2025-01-01,71E,5328,48582
2021-07-01,71E,4538,38202
2025-10-01,71E,4859,41663
2026-03-01,71E,4707,42070
2023-05-01,71E,5088,42197
2022-01-01,71E,4781,41096
2022-08-01,71E,4696,38731
2022-05-01,71E,4590,40802
2024-05-01,71E,4870,43273
2024-06-01,71E,4616,39890
2023-03-01,71E,5634,51458
2022-03-01,71E,5002,44343
2025-06-01,71E,4589,35867
2025-12-01,71E,4872,45704
2022-11-01,71E,5115,49664
2025-11-01,71E,4389,38923
2026-06-01,71E,4153,35154
2022-06-01,71E,4517,40216
2026-05-01,71E,4277,35071
2022-04-01,71E,4430,38533
2024-03-01,71E,5113,47738
2024-08-01,71E,4465,36093
2023-12-01,71E,5396,49262
2025-04-01,71E,4369,36825
2026-01-01,71E,4986,44996
2021-09-01,71E,4784,41565
2025-09-01,71E,4561,36487
2023-06-01,71E,5300,41553
2023-09-01,71E,5293,40219
2023-10-01,71E,5231,44317
2023-08-01,71E,5050,39886
2024-10-01,71E,4968,43955
2023-11-01,71E,5164,47301
2024-01-01,71E,5498,52602
2024-04-01,71E,4865,46260
2021-06-01,71E,4403,37916
2022-10-01,71E,4925,44603
2023-04-01,71E,4808,40672
2022-12-01,71E,6025,66909
2024-02-01,71E,5068,47570
2026-04-01,71E,4198,37444
2025-08-01,71E,4310,32155
2023-02-01,71E,5001,46996
2021-11-01,71E,4811,45411
2022-02-01,71E,4349,37332
2024-09-01,71E,4668,37468
2025-07-01,71E,4560,35969
2024-12-01,71E,4997,49255
2025-05-01,71E,4574,36450
2023-01-01,71E,5791,56862
2024-11-01,71E,4650,43659
2026-02-01,71E,4407,40062
2025-02-01,71E,4594,41043
2023-07-01,71E,4993,39599
2025-06-01,72Q,4194,49156
2025-12-01,72Q,4706,63387
2025-09-01,72Q,4374,50436
2023-06-01,72Q,4665,56003
2024-06-01,72Q,4175,54515
2026-05-01,72Q,4046,47933
2021-11-01,72Q,4915,61406
2025-01-01,72Q,4755,65828
2022-05-01,72Q,4341,52662
2023-01-01,72Q,5293,73428
2023-08-01,72Q,4711,53390
2023-04-01,72Q,4325,53502
2024-11-01,72Q,4625,62002
2026-01-01,72Q,4689,59175
2026-06-01,72Q,4415,50191
2022-07-01,72Q,4461,53323
2023-02-01,72Q,4587,63228
2024-09-01,72Q,4364,52007
2025-11-01,72Q,4341,55034
2022-08-01,72Q,4628,49796
2022-06-01,72Q,4368,52956
2024-05-01,72Q,4467,61093
2025-04-01,72Q,4151,51652
2022-09-01,72Q,4308,51139
2023-05-01,72Q,4534,55932
2025-03-01,72Q,4271,56431
2021-09-01,72Q,4751,53973
2023-10-01,72Q,4675,59657
2024-02-01,72Q,4634,63524
2024-12-01,72Q,4652,68304
2024-01-01,72Q,4958,72355
2021-12-01,72Q,5075,61851
2025-02-01,72Q,3968,56261
2023-11-01,72Q,4720,66150
2023-12-01,72Q,4799,70154
2024-04-01,72Q,4567,62289
2025-05-01,72Q,4141,50480
2022-02-01,72Q,4250,48646
2025-10-01,72Q,4762,57766
2026-03-01,72Q,4730,58171
2021-08-01,72Q,4440,47350
2022-12-01,72Q,5810,95715
2023-07-01,72Q,4690,54245
2026-02-01,72Q,4277,54113
2026-04-01,72Q,4307,52727
2025-07-01,72Q,4643,50563
2022-11-01,72Q,4848,66201
2023-03-01,72Q,5018,67647
2021-10-01,72Q,4772,59215
2023-09-01,72Q,4322,52236
2024-07-01,72Q,4563,56873
2021-07-01,72Q,4549,50481
2022-01-01,72Q,4541,53457
2022-03-01,72Q,4892,58317
2024-08-01,72Q,4215,48814
2024-10-01,72Q,4810,62180
2025-08-01,72Q,4071,44524
2022-04-01,72Q,4207,50870
2022-10-01,72Q,4709,61075
2021-06-01,72Q,4596,49935
2024-03-01,72Q,4434,63260
2024-05-01,78H,2366,33305
2024-12-01,78H,2397,37159
2025-11-01,78H,2241,29344
2025-04-01,78H,2208,28416
2023-12-01,78H,2619,36550
2024-03-01,78H,2464,34853
2021-06-01,78H,2450,29622
2023-01-01,78H,2869,41547
2024-08-01,78H,2323,27748
2022-09-01,78H,2572,30627
2026-02-01,78H,2132,29418
2025-09-01,78H,2476,27883
2021-11-01,78H,2702,36074
2025-05-01,78H,2244,27448
2023-08-01,78H,2692,30928
2021-08-01,78H,2483,28557
2023-07-01,78H,2504,31101
2025-06-01,78H,2251,27024
2025-08-01,78H,2252,25056
2024-02-01,78H,2567,35808
2024-10-01,78H,2567,34084
2022-02-01,78H,2448,29457
2024-04-01,78H,2460,34453
2022-06-01,78H,2408,29681
2026-04-01,78H,2158,28323
2026-05-01,78H,2044,26668
2021-10-01,78H,2641,34890
2023-09-01,78H,2470,30105
2023-06-01,78H,2630,32386
2021-09-01,78H,2658,32847
2022-01-01,78H,2493,31727
2022-05-01,78H,2552,31417
2022-07-01,78H,2375,30728
2023-11-01,78H,2564,35952
2024-07-01,78H,2493,32697
2025-03-01,78H,2171,30066
2021-12-01,78H,2688,36879
2025-01-01,78H,2531,35611
2022-12-01,78H,2982,51091
2021-07-01,78H,2613,30463
2025-02-01,78H,2053,29369
2026-01-01,78H,2335,32489
2024-11-01,78H,2333,33973
2026-03-01,78H,2415,31763
2022-03-01,78H,2634,34562
2022-04-01,78H,2346,30276
2025-07-01,78H,2397,27848
2022-08-01,78H,2546,30064
2025-10-01,78H,2529,31902
2024-01-01,78H,2674,38639
2024-06-01,78H,2256,29827
2025-12-01,78H,2492,34492
2023-03-01,78H,2913,38807
2026-06-01,78H,2222,27737
2023-10-01,78H,2574,32944
2022-10-01,78H,2507,33545
2023-02-01,78H,2649,35604
2023-05-01,78H,2579,32081
2022-11-01,78H,2588,36916
2024-09-01,78H,2406,28950
2023-04-01,78H,2373,30088
2023-04-01,91Q,5948,75728
2022-05-01,91Q,6538,76876
2024-01-01,91Q,6628,101272
2022-10-01,91Q,6489,86954
2026-03-01,91Q,6421,79323
2025-04-01,91Q,5254,70037
2021-12-01,91Q,7893,93389
2021-10-01,91Q,7467,88569
2022-01-01,91Q,7109,79337
2022-03-01,91Q,7139,85900
2024-06-01,91Q,5287,71167
2025-07-01,91Q,5608,66768
2026-05-01,91Q,5136,64909
2025-12-01,91Q,6274,91406
2023-02-01,91Q,6318,87970
2023-11-01,91Q,6351,89863
2024-10-01,91Q,5958,81848
2025-09-01,91Q,5662,68328
2022-02-01,91Q,6308,73546
2023-09-01,91Q,6166,73635
2021-06-01,91Q,6891,70915
2021-08-01,91Q,6847,67901
2023-12-01,91Q,6582,99413
2022-12-01,91Q,8265,130648
2025-02-01,91Q,5555,78020
2025-05-01,91Q,5211,66890
2023-08-01,91Q,6315,73966
2024-05-01,91Q,5778,81290
2026-01-01,91Q,5861,84642
2023-01-01,91Q,7367,102796
2021-09-01,91Q,7339,79920
2024-04-01,91Q,5976,84035
2026-02-01,91Q,5280,74065
2026-06-01,91Q,5499,67910
2023-10-01,91Q,6271,82958
2025-10-01,91Q,5989,78008
2024-02-01,91Q,5806,89319
2024-11-01,91Q,5475,82706
2025-11-01,91Q,5408,73094
2021-11-01,91Q,7680,89741
2024-07-01,91Q,5770,75896
2025-01-01,91Q,6295,92287
2025-06-01,91Q,5351,64397
2024-09-01,91Q,5418,69251
2022-07-01,91Q,6266,75233
2022-08-01,91Q,6469,72125
2022-09-01,91Q,6267,73726
2023-05-01,91Q,6321,78403
2021-07-01,91Q,7340,74967
2025-03-01,91Q,5669,77542
2026-04-01,91Q,5333,69478
2022-06-01,91Q,6245,74788
2024-08-01,91Q,5531,65089
2025-08-01,91Q,5229,59966
2022-11-01,91Q,6671,91635
2023-07-01,91Q,5957,72462
2024-03-01,91Q,5752,87707
2023-03-01,91Q,7121,96025
2024-12-01,91Q,6159,92849
2023-06-01,91Q,6105,75842
2022-04-01,91Q,6309,74744
2023-02-01,92G,3689,41974
2024-12-01,92G,3603,43957
2022-04-01,92G,3263,33667
2025-07-01,92G,3653,33350
2021-07-01,92G,3493,33274
2023-08-01,92G,3664,35583
2025-11-01,92G,3666,34926
2022-11-01,92G,3694,42588
2021-06-01,92G,3184,30330
2024-02-01,92G,3593,42593
2024-10-01,92G,3740,40690
2026-06-01,92G,3728,33447
2024-01-01,92G,3865,46605
2024-11-01,92G,3453,39805
2022-10-01,92G,3586,39036
2023-09-01,92G,3556,35131
2025-10-01,92G,3886,38294
2023-05-01,92G,3575,37498
2025-01-01,92G,3725,43165
2021-10-01,92G,3396,36598
2024-08-01,92G,3229,32369
2025-03-01,92G,3409,37400
2025-05-01,92G,3297,33328
2025-06-01,92G,3319,32516
2025-12-01,92G,3809,41504
2023-11-01,92G,3680,42340
2021-09-01,92G,3335,34566
2024-04-01,92G,3499,40558
2022-05-01,92G,3470,34278
2022-08-01,92G,3446,34784
2025-04-01,92G,3358,34829
2024-03-01,92G,3516,42777
2026-05-01,92G,3388,31323
2023-04-01,92G,3345,36034
2021-12-01,92G,3703,40164
2022-09-01,92G,3506,35072
2025-08-01,92G,3462,30256
2024-09-01,92G,3366,34050
2026-04-01,92G,3522,33117
2023-10-01,92G,3693,39211
2022-12-01,92G,3991,59678
2022-07-01,92G,3334,35115
2024-06-01,92G,3326,35117
2023-01-01,92G,3948,48317
2025-09-01,92G,3672,33770
2022-02-01,92G,3053,31725
2022-03-01,92G,3707,37362
2026-02-01,92G,3498,35493
2023-03-01,92G,4035,45423
2024-05-01,92G,3582,40080
2024-07-01,92G,3499,37260
2021-11-01,92G,3562,37958
2026-01-01,92G,3943,40717
2022-06-01,92G,3306,33323
2023-06-01,92G,3607,36285
2025-02-01,92G,3245,36704
2021-08-01,92G,3230,30445
2026-03-01,92G,3754,37116
2023-12-01,92G,3740,44734
2022-01-01,92G,3366,34431
2023-07-01,92G,3646,35662
2021-11-01,A3A8R,6024,69834
2024-08-01,A3A8R,5031,54414
2024-11-01,A3A8R,5518,72907
2023-06-01,A3A8R,5526,62837
2023-11-01,A3A8R,5747,78021
2024-12-01,A3A8R,5611,77814
2025-09-01,A3A8R,5247,57148
2024-07-01,A3A8R,5580,65820
2023-04-01,A3A8R,5145,59696
2025-08-01,A3A8R,4826,49205
2021-09-01,A3A8R,5597,58421
2022-04-01,A3A8R,5231,56800
2023-08-01,A3A8R,5486,58312
2025-10-01,A3A8R,5632,67907
2021-07-01,A3A8R,5516,57469
2024-02-01,A3A8R,5482,72926
2024-05-01,A3A8R,5575,68987
2024-06-01,A3A8R,5168,62442
2021-10-01,A3A8R,5793,67724
2022-11-01,A3A8R,5889,76127
2023-02-01,A3A8R,5773,71780
2023-03-01,A3A8R,6390,77362
2025-03-01,A3A8R,5474,67791
2024-04-01,A3A8R,5498,71281
2022-09-01,A3A8R,5574,58131
2024-10-01,A3A8R,5634,71020
2025-12-01,A3A8R,5657,76111
2022-07-01,A3A8R,5357,61146
2023-07-01,A3A8R,5596,60701
2026-03-01,A3A8R,5297,65057
2026-05-01,A3A8R,4626,53727
2021-08-01,A3A8R,5123,50650
2022-01-01,A3A8R,5582,58945
2025-05-01,A3A8R,4910,57383
2026-04-01,A3A8R,4984,58362
2022-08-01,A3A8R,5358,54385
2023-01-01,A3A8R,6406,80223
2023-12-01,A3A8R,5859,82108
2025-11-01,A3A8R,5195,66140
2021-06-01,A3A8R,5221,54865
2022-05-01,A3A8R,5525,60281
2024-01-01,A3A8R,5976,81996
2026-02-01,A3A8R,4984,62966
2025-04-01,A3A8R,5005,61451
2022-03-01,A3A8R,5829,64861
2022-06-01,A3A8R,5175,58864
2024-03-01,A3A8R,5540,71643
2024-09-01,A3A8R,5171,58948
2025-06-01,A3A8R,5116,55821
2022-10-01,A3A8R,5659,69448
2023-05-01,A3A8R,5666,64266
2022-12-01,A3A8R,6790,106350
2022-02-01,A3A8R,5071,54635
2026-06-01,A3A8R,5278,59030
2025-01-01,A3A8R,5952,78318
2023-10-01,A3A8R,5623,68736
2025-07-01,A3A8R,5348,56688
2026-01-01,A3A8R,5467,69078
2023-09-01,A3A8R,5350,58909
2025-02-01,A3A8R,5233,69325
2021-12-01,A3A8R,6129,68885
2021-06-01,B2M3M,3667,36656
2021-11-01,B2M3M,3995,46435
2022-10-01,B2M3M,3888,45034
2026-04-01,B2M3M,3059,38465
2025-04-01,B2M3M,3137,40361
2023-06-01,B2M3M,3657,42194
2025-01-01,B2M3M,3567,50312
2025-08-01,B2M3M,2948,33625
2021-12-01,B2M3M,4328,46788
2022-05-01,B2M3M,3714,39573
2023-08-01,B2M3M,3581,40378
2021-10-01,B2M3M,4029,44679
2022-07-01,B2M3M,3530,40427
2024-10-01,B2M3M,3422,46594
2025-07-01,B2M3M,3285,38587
2023-01-01,B2M3M,4305,55946
2021-07-01,B2M3M,3694,38108
2025-03-01,B2M3M,3142,41233
2022-11-01,B2M3M,3949,49960
2023-03-01,B2M3M,4163,51567
2023-09-01,B2M3M,3453,39692
2025-02-01,B2M3M,3135,42248
2025-09-01,B2M3M,3186,38132
2022-06-01,B2M3M,3589,38919
2024-05-01,B2M3M,3299,45856
2022-02-01,B2M3M,3593,37570
2023-05-01,B2M3M,3683,42520
2025-12-01,B2M3M,3605,51226
2024-01-01,B2M3M,3669,53082
2021-09-01,B2M3M,3827,40728
2023-04-01,B2M3M,3346,40179
2024-11-01,B2M3M,3223,46602
2024-08-01,B2M3M,3204,36708
2023-10-01,B2M3M,3593,46910
2024-07-01,B2M3M,3413,42750
2023-12-01,B2M3M,3646,51113
2024-02-01,B2M3M,3332,48324
2026-05-01,B2M3M,3007,36741
2022-01-01,B2M3M,3790,40689
2025-10-01,B2M3M,3449,44771
2025-11-01,B2M3M,3122,42378
2026-06-01,B2M3M,3351,38161
2021-08-01,B2M3M,3718,36135
2024-09-01,B2M3M,3241,37867
2026-02-01,B2M3M,3130,41855
2023-02-01,B2M3M,3897,48177
2025-06-01,B2M3M,3001,36705
2023-11-01,B2M3M,3561,49971
2022-08-01,B2M3M,3680,38404
2024-03-01,B2M3M,3214,48280
2026-03-01,B2M3M,3338,43467
2024-12-01,B2M3M,3474,52330
2023-07-01,B2M3M,3676,40773
2022-03-01,B2M3M,4125,44714
2022-04-01,B2M3M,3723,40633
2026-01-01,B2M3M,3357,46898
2022-12-01,B2M3M,4650,71535
2024-04-01,B2M3M,3466,47931
2024-06-01,B2M3M,3134,40802
2022-09-01,B2M3M,3531,38702
2025-05-01,B2M3M,3039,37701
2025-10-01,D2P2L,3157,51287
2021-10-01,D2P2L,3232,57115
2023-12-01,D2P2L,3212,61757
2025-06-01,D2P2L,2715,42207
2022-10-01,D2P2L,3088,54393
2025-05-01,D2P2L,2950,43608
2023-06-01,D2P2L,3320,50208
2022-01-01,D2P2L,3205,51517
2024-11-01,D2P2L,3041,55859
2023-02-01,D2P2L,3235,58663
2023-07-01,D2P2L,3280,47598
2025-12-01,D2P2L,3166,56778
2022-04-01,D2P2L,2806,47499
2024-12-01,D2P2L,3133,62188
2023-05-01,D2P2L,3266,51924
2024-01-01,D2P2L,3450,64388
2023-04-01,D2P2L,2917,47469
2023-09-01,D2P2L,3233,47738
2025-01-01,D2P2L,3211,58637
2025-07-01,D2P2L,3093,43740
2022-08-01,D2P2L,3173,46458
2025-03-01,D2P2L,2879,47611
2024-09-01,D2P2L,2888,44929
2021-12-01,D2P2L,3429,58779
2022-03-01,D2P2L,3291,54373
2024-04-01,D2P2L,3081,55074
2021-08-01,D2P2L,3002,43350
2021-09-01,D2P2L,3262,51630
2024-02-01,D2P2L,3258,57676
2021-07-01,D2P2L,3120,46479
2024-10-01,D2P2L,3061,54686
2026-04-01,D2P2L,2930,43055
2021-11-01,D2P2L,3396,58990
2025-08-01,D2P2L,2786,39525
2025-11-01,D2P2L,2916,49002
2026-03-01,D2P2L,3070,49250
2026-05-01,D2P2L,2765,41550
2022-11-01,D2P2L,3302,62688
2022-02-01,D2P2L,2785,45264
2021-06-01,D2P2L,2912,45920
2022-12-01,D2P2L,3936,87427
2023-01-01,D2P2L,3640,68482
2023-11-01,D2P2L,3339,61344
2026-02-01,D2P2L,2954,47608
2025-02-01,D2P2L,2862,48258
2025-04-01,D2P2L,2832,46439
2026-06-01,D2P2L,3057,44256
2023-10-01,D2P2L,3353,57608
2023-03-01,D2P2L,3656,62370
2024-08-01,D2P2L,2930,42217
2022-05-01,D2P2L,3090,49737
2025-09-01,D2P2L,3132,45450
2022-07-01,D2P2L,2936,49894
2022-09-01,D2P2L,3082,47091
2024-03-01,D2P2L,3050,55897
2024-05-01,D2P2L,3127,53941
2026-01-01,D2P2L,3023,51691
2024-06-01,D2P2L,2884,48165
2022-06-01,D2P2L,2975,48037
2023-08-01,D2P2L,3318,47566
2024-07-01,D2P2L,3047,51259
2025-01-01,M2L0M,1542,25517
2025-12-01,M2L0M,1529,25199
2023-05-01,M2L0M,1622,22158
2023-06-01,M2L0M,1595,21698
2021-10-01,M2L0M,1516,22634
2022-12-01,M2L0M,2118,37989
2023-12-01,M2L0M,1656,26421
2025-02-01,M2L0M,1390,21399
2024-03-01,M2L0M,1473,25652
2022-09-01,M2L0M,1570,20545
2022-10-01,M2L0M,1725,24494
2023-04-01,M2L0M,1533,21359
2023-07-01,M2L0M,1606,21024
2024-10-01,M2L0M,1464,23527
2022-05-01,M2L0M,1560,20943
2024-12-01,M2L0M,1642,26408
2025-07-01,M2L0M,1434,19553
2026-02-01,M2L0M,1357,21134
2021-06-01,M2L0M,1422,18718
2023-09-01,M2L0M,1624,21118
2021-07-01,M2L0M,1492,19274
2022-03-01,M2L0M,1719,22696
2024-08-01,M2L0M,1413,20045
2021-11-01,M2L0M,1616,23072
2023-03-01,M2L0M,1789,25941
2024-06-01,M2L0M,1403,21765
2021-12-01,M2L0M,1689,24236
2024-09-01,M2L0M,1361,20026
2024-11-01,M2L0M,1378,23167
2026-06-01,M2L0M,1451,20244
2023-01-01,M2L0M,1891,29791
2024-01-01,M2L0M,1777,28059
2026-01-01,M2L0M,1398,23913
2022-02-01,M2L0M,1502,19449
2025-09-01,M2L0M,1467,19837
2022-08-01,M2L0M,1749,21518
2024-07-01,M2L0M,1523,22909
2022-06-01,M2L0M,1471,20349
2025-10-01,M2L0M,1510,22373
2024-02-01,M2L0M,1579,25849
2022-01-01,M2L0M,1553,21051
2022-07-01,M2L0M,1577,22050
2023-11-01,M2L0M,1647,25757
2025-08-01,M2L0M,1304,17645
2023-10-01,M2L0M,1626,24494
2025-06-01,M2L0M,1432,18819
2026-03-01,M2L0M,1491,22002
2021-08-01,M2L0M,1450,18331
2022-11-01,M2L0M,1660,25492
2026-05-01,M2L0M,1292,19205
2026-04-01,M2L0M,1350,20212
2023-08-01,M2L0M,1634,21033
2022-04-01,M2L0M,1566,20199
2024-04-01,M2L0M,1536,25413
2025-05-01,M2L0M,1370,19485
2025-11-01,M2L0M,1392,20996
2021-09-01,M2L0M,1541,21431
2025-03-01,M2L0M,1439,21560
2025-04-01,M2L0M,1316,20312
2023-02-01,M2L0M,1636,24457
2024-05-01,M2L0M,1520,24562
2026-04-01,00D,0,0
2021-06-01,00D,0,0
2024-11-01,00D,0,0
2026-02-01,00D,0,0
2022-01-01,00D,0,0
2023-10-01,00D,0,0
2022-11-01,00D,0,0
2023-08-01,00D,0,0
2023-06-01,00D,0,0
2023-03-01,00D,0,0
2023-11-01,00D,0,0
2021-09-01,00D,0,0
2024-12-01,00D,0,0
2023-01-01,00D,0,0
2025-03-01,00D,0,0
2026-03-01,00D,0,0
2024-07-01,00D,0,0
2025-09-01,00D,0,0
2022-10-01,00D,0,0
2023-02-01,00D,0,0
2021-10-01,00D,0,0
2022-05-01,00D,0,0
2022-06-01,00D,0,0
2025-08-01,00D,0,0
2026-06-01,00D,0,0
2024-04-01,00D,0,0
2025-04-01,00D,0,0
2022-07-01,00D,0,0
2024-05-01,00D,0,0
2023-12-01,00D,0,0
2021-08-01,00D,0,0
2023-05-01,00D,0,0
2024-02-01,00D,0,0
2022-12-01,00D,0,0
2024-09-01,00D,0,0
2025-10-01,00D,0,0
2026-01-01,00D,0,0
2024-03-01,00D,0,0
2024-10-01,00D,0,0
2025-02-01,00D,0,0
2025-01-01,00D,0,0
2021-11-01,00D,0,0
2023-09-01,00D,0,0
2025-11-01,00D,0,0
2024-01-01,00D,0,0
2025-06-01,00D,0,0
2026-05-01,00D,0,0
2022-08-01,00D,0,0
2024-08-01,00D,0,0
2025-12-01,00D,0,0
2025-07-01,00D,0,0
2022-02-01,00D,0,0
2025-05-01,00D,0,0
2022-09-01,00D,0,0
2023-07-01,00D,0,0
2022-04-01,00D,0,0
2023-04-01,00D,0,0
2024-06-01,00D,0,0
2021-07-01,00D,0,0
2022-03-01,00D,0,0
2021-12-01,00D,0,0
2023-08-01,00J,0,0
2022-12-01,00J,0,0
2021-10-01,00J,0,0
2022-10-01,00J,0,0
2024-11-01,00J,0,0
2025-08-01,00J,0,0
2025-11-01,00J,0,0
2024-12-01,00J,0,0
2025-07-01,00J,0,0
2022-06-01,00J,0,0
2023-10-01,00J,0,0
2021-06-01,00J,0,0
2021-11-01,00J,0,0
2023-12-01,00J,0,0
2022-01-01,00J,0,0
2022-11-01,00J,0,0
2023-01-01,00J,0,0
2024-10-01,00J,0,0
2022-08-01,00J,0,0
2023-06-01,00J,0,0
2024-04-01,00J,0,0
2025-05-01,00J,0,0
2022-03-01,00J,0,0
2023-02-01,00J,0,0
2025-03-01,00J,0,0
2022-07-01,00J,0,0
2022-02-01,00J,0,0
2026-04-01,00J,0,0
2024-07-01,00J,0,0
2023-09-01,00J,0,0
2021-09-01,00J,0,0
2023-07-01,00J,0,0
2025-02-01,00J,0,0
2025-04-01,00J,0,0
2021-07-01,00J,0,0
2025-10-01,00J,0,0
2024-02-01,00J,0,0
2023-05-01,00J,0,0
2021-12-01,00J,0,0
2023-04-01,00J,0,0
2025-09-01,00J,0,0
2024-01-01,00J,0,0
2025-06-01,00J,0,0
2022-05-01,00J,0,0
2023-11-01,00J,0,0
2023-03-01,00J,0,0
2024-03-01,00J,0,0
2024-08-01,00J,0,0
2025-01-01,00J,0,0
2024-05-01,00J,0,0
2024-09-01,00J,0,0
2025-12-01,00J,0,0
2026-03-01,00J,0,0
2021-08-01,00J,0,0
2026-06-01,00J,0,0
2022-04-01,00J,0,0
2022-09-01,00J,0,0
2026-01-01,00J,0,0
2026-02-01,00J,0,0
2026-05-01,00J,0,0
2024-06-01,00J,0,0
2023-11-01,00K,0,0
2026-03-01,00K,0,0
2022-04-01,00K,0,0
2021-11-01,00K,0,0
2022-03-01,00K,0,0
2023-06-01,00K,0,0
2025-01-01,00K,0,0
2025-09-01,00K,0,0
2021-07-01,00K,0,0
2023-07-01,00K,0,0
2022-08-01,00K,0,0
2024-01-01,00K,0,0
2026-01-01,00K,0,0
2023-09-01,00K,0,0
2021-09-01,00K,0,0
2021-12-01,00K,0,0
2025-10-01,00K,0,0
2022-09-01,00K,0,0
2025-11-01,00K,0,0
2022-06-01,00K,0,0
2023-03-01,00K,0,0
2023-05-01,00K,0,0
2024-07-01,00K,0,0
2026-02-01,00K,0,0
2024-11-01,00K,0,0
2026-04-01,00K,0,0
2023-08-01,00K,0,0
2023-10-01,00K,0,0
2024-09-01,00K,0,0
2021-06-01,00K,0,0
2022-10-01,00K,0,0
2025-12-01,00K,0,0
2024-12-01,00K,0,0
2025-04-01,00K,0,0
2024-02-01,00K,0,0
2025-03-01,00K,0,0
2023-01-01,00K,0,0
2025-06-01,00K,0,0
2022-01-01,00K,0,0
2026-05-01,00K,0,0
2022-11-01,00K,0,0
2024-04-01,00K,0,0
2025-02-01,00K,0,0
2022-07-01,00K,0,0
2024-03-01,00K,0,0
2026-06-01,00K,0,0
2021-10-01,00K,0,0
2022-05-01,00K,0,0
2023-12-01,00K,0,0
2022-02-01,00K,0,0
2022-12-01,00K,0,0
2021-08-01,00K,0,0
2024-06-01,00K,0,0
2025-08-01,00K,0,0
2023-02-01,00K,0,0
2025-05-01,00K,0,0
2024-10-01,00K,0,0
2024-08-01,00K,0,0
2024-05-01,00K,0,0
2025-07-01,00K,0,0
2023-04-01,00K,0,0
2023-07-01,00M,0,0
2022-01-01,00M,0,0
2023-09-01,00M,0,0
2024-01-01,00M,0,0
2024-06-01,00M,0,0
2025-05-01,00M,0,0
2026-06-01,00M,0,0
2022-06-01,00M,0,0
2023-03-01,00M,0,0
2025-07-01,00M,0,0
2025-01-01,00M,0,0
2022-05-01,00M,0,0
2024-05-01,00M,0,0
2023-04-01,00M,0,0
2025-11-01,00M,0,0
2024-04-01,00M,0,0
2021-09-01,00M,0,0
2023-02-01,00M,0,0
2024-10-01,00M,0,0
2026-02-01,00M,0,0
2021-10-01,00M,0,0
2023-11-01,00M,0,0
2025-02-01,00M,0,0
2021-07-01,00M,0,0
2023-12-01,00M,0,0
2023-05-01,00M,0,0
2025-10-01,00M,0,0
2021-06-01,00M,0,0
2026-04-01,00M,0,0
2024-03-01,00M,0,0
2026-05-01,00M,0,0
2024-09-01,00M,0,0
2025-03-01,00M,0,0
2022-11-01,00M,0,0
2024-08-01,00M,0,0
2021-08-01,00M,0,0
2021-11-01,00M,0,0
2025-12-01,00M,0,0
2024-07-01,00M,0,0
2022-10-01,00M,0,0
2023-06-01,00M,0,0
2023-10-01,00M,0,0
2026-03-01,00M,0,0
2023-01-01,00M,0,0
2024-02-01,00M,0,0
2024-12-01,00M,0,0
2022-04-01,00M,0,0
2025-06-01,00M,0,0
2022-07-01,00M,0,0
2025-04-01,00M,0,0
2022-03-01,00M,0,0
2026-01-01,00M,0,0
2025-08-01,00M,0,0
2021-12-01,00M,0,0
2023-08-01,00M,0,0
2024-11-01,00M,0,0
2022-02-01,00M,0,0
2022-09-01,00M,0,0
2022-08-01,00M,0,0
2025-09-01,00M,0,0
2022-12-01,00M,0,0
2025-11-01,01R,0,0
2022-05-01,01R,0,0
2025-05-01,01R,0,0
2022-11-01,01R,0,0
2022-10-01,01R,0,0
2021-11-01,01R,0,0
2024-04-01,01R,0,0
2024-03-01,01R,0,0
2022-12-01,01R,0,0
2025-06-01,01R,0,0
2025-01-01,01R,0,0
2022-08-01,01R,0,0
2023-04-01,01R,0,0
2024-11-01,01R,0,0
2025-10-01,01R,0,0
2023-08-01,01R,0,0
2024-01-01,01R,0,0
2022-01-01,01R,0,0
2023-09-01,01R,0,0
2024-07-01,01R,0,0
2025-04-01,01R,0,0
2026-06-01,01R,0,0
2021-06-01,01R,0,0
2026-01-01,01R,0,0
2026-05-01,01R,0,0
2023-01-01,01R,0,0
2024-09-01,01R,0,0
2023-06-01,01R,0,0
2025-07-01,01R,0,0
2022-03-01,01R,0,0
2021-09-01,01R,0,0
2022-06-01,01R,0,0
2023-12-01,01R,0,0
2026-02-01,01R,0,0
2025-08-01,01R,0,0
2023-03-01,01R,0,0
2022-04-01,01R,0,0
2022-09-01,01R,0,0
2023-10-01,01R,0,0
2024-10-01,01R,0,0
2024-12-01,01R,0,0
2021-07-01,01R,0,0
2025-02-01,01R,0,0
2023-11-01,01R,0,0
2024-05-01,01R,0,0
2021-10-01,01R,0,0
2024-06-01,01R,0,0
2026-03-01,01R,0,0
2023-05-01,01R,0,0
2024-02-01,01R,0,0
2021-12-01,01R,0,0
2024-08-01,01R,0,0
2022-07-01,01R,0,0
2025-12-01,01R,0,0
2021-08-01,01R,0,0
2023-02-01,01R,0,0
2023-07-01,01R,0,0
2026-04-01,01R,0,0
2022-02-01,01R,0,0
2025-03-01,01R,0,0
2025-09-01,01R,0,0
2024-12-01,02F,0,0
2022-03-01,02F,0,0
2022-06-01,02F,0,0
2023-01-01,02F,0,0
2022-11-01,02F,0,0
2023-03-01,02F,0,0
2025-05-01,02F,0,0
2025-07-01,02F,0,0
2026-03-01,02F,0,0
2021-07-01,02F,0,0
2022-08-01,02F,0,0
2025-01-01,02F,0,0
2023-09-01,02F,0,0
2026-06-01,02F,0,0
2025-10-01,02F,0,0
2022-10-01,02F,0,0
2021-08-01,02F,0,0
2023-10-01,02F,0,0
2023-05-01,02F,0,0
2026-01-01,02F,0,0
2024-01-01,02F,0,0
2026-05-01,02F,0,0
2025-08-01,02F,0,0
2022-04-01,02F,0,0
2025-12-01,02F,0,0
2026-02-01,02F,0,0
2021-10-01,02F,0,0
2025-06-01,02F,0,0
2022-05-01,02F,0,0
2023-11-01,02F,0,0
2024-05-01,02F,0,0
2023-04-01,02F,0,0
2024-10-01,02F,0,0
2024-04-01,02F,0,0
2021-06-01,02F,0,0
2023-02-01,02F,0,0
2023-08-01,02F,0,0
2024-06-01,02F,0,0
2025-04-01,02F,0,0
2021-09-01,02F,0,0
2023-12-01,02F,0,0
2022-01-01,02F,0,0
2025-11-01,02F,0,0
2025-03-01,02F,0,0
2024-07-01,02F,0,0
2026-04-01,02F,0,0
2021-11-01,02F,0,0
2024-02-01,02F,0,0
2025-09-01,02F,0,0
2021-12-01,02F,0,0
2022-02-01,02F,0,0
2022-07-01,02F,0,0
2023-06-01,02F,0,0
2025-02-01,02F,0,0
2024-03-01,02F,0,0
2024-11-01,02F,0,0
2024-08-01,02F,0,0
2022-12-01,02F,0,0
2023-07-01,02F,0,0
2022-09-01,02F,0,0
2024-09-01,02F,0,0
2021-07-01,02R,0,0
2022-04-01,02R,0,0
2024-01-01,02R,0,0
2021-09-01,02R,0,0
2023-11-01,02R,0,0
2023-03-01,02R,0,0
2021-10-01,02R,0,0
2026-01-01,02R,0,0
2025-03-01,02R,0,0
2025-04-01,02R,0,0
2025-09-01,02R,0,0
2026-04-01,02R,0,0
2021-11-01,02R,0,0
2022-02-01,02R,0,0
2023-08-01,02R,0,0
2022-07-01,02R,0,0
2022-10-01,02R,0,0
2024-09-01,02R,0,0
2026-05-01,02R,0,0
2024-07-01,02R,0,0
2026-02-01,02R,0,0
2023-04-01,02R,0,0
2023-02-01,02R,0,0
2025-01-01,02R,0,0
2025-07-01,02R,0,0
2024-06-01,02R,0,0
2022-08-01,02R,0,0
2022-12-01,02R,0,0
2022-05-01,02R,0,0
2023-01-01,02R,0,0
2024-12-01,02R,0,0
2023-12-01,02R,0,0
2024-11-01,02R,0,0
2024-05-01,02R,0,0
2025-12-01,02R,0,0
2025-05-01,02R,0,0
2022-06-01,02R,0,0
2022-09-01,02R,0,0
2025-10-01,02R,0,0
2024-03-01,02R,0,0
2026-03-01,02R,0,0
2021-12-01,02R,0,0
2023-09-01,02R,0,0
2024-04-01,02R,0,0
2025-02-01,02R,0,0
2023-10-01,02R,0,0
2021-08-01,02R,0,0
2021-06-01,02R,0,0
2022-11-01,02R,0,0
2025-11-01,02R,0,0
2022-01-01,02R,0,0
2024-08-01,02R,0,0
2025-08-01,02R,0,0
2024-02-01,02R,0,0
2025-06-01,02R,0,0
2024-10-01,02R,0,0
2023-06-01,02R,0,0
2023-07-01,02R,0,0
2023-05-01,02R,0,0
2022-03-01,02R,0,0
2026-06-01,02R,0,0
2023-08-01,02V,0,0
2021-12-01,02V,0,0
2022-09-01,02V,0,0
2024-11-01,02V,0,0
2022-07-01,02V,0,0
2024-10-01,02V,0,0
2025-06-01,02V,0,0
2025-11-01,02V,0,0
2025-07-01,02V,0,0
2023-02-01,02V,0,0
2022-11-01,02V,0,0
2021-10-01,02V,0,0
2022-08-01,02V,0,0
2025-05-01,02V,0,0
2025-08-01,02V,0,0
2022-05-01,02V,0,0
2023-01-01,02V,0,0
2026-03-01,02V,0,0
2024-01-01,02V,0,0
2024-05-01,02V,0,0
2025-03-01,02V,0,0
2021-11-01,02V,0,0
2022-06-01,02V,0,0
2023-10-01,02V,0,0
2025-09-01,02V,0,0
2026-06-01,02V,0,0
2024-12-01,02V,0,0
2024-07-01,02V,0,0
2026-01-01,02V,0,0
2026-04-01,02V,0,0
2024-03-01,02V,0,0
2023-05-01,02V,0,0
2021-06-01,02V,0,0
2023-07-01,02V,0,0
2022-12-01,02V,0,0
2023-11-01,02V,0,0
2024-08-01,02V,0,0
2024-09-01,02V,0,0
2025-04-01,02V,0,0
2023-04-01,02V,0,0
2023-12-01,02V,0,0
2024-02-01,02V,0,0
2025-01-01,02V,0,0
2022-01-01,02V,0,0
2022-03-01,02V,0,0
2021-09-01,02V,0,0
2024-06-01,02V,0,0
2026-02-01,02V,0,0
2023-03-01,02V,0,0
2025-10-01,02V,0,0
2022-02-01,02V,0,0
2021-07-01,02V,0,0
2024-04-01,02V,0,0
2023-06-01,02V,0,0
2023-09-01,02V,0,0
2026-05-01,02V,0,0
2022-04-01,02V,0,0
2022-10-01,02V,0,0
2021-08-01,02V,0,0
2025-12-01,02V,0,0
2025-02-01,02V,0,0
2022-07-01,02W,0,0
2023-02-01,02W,0,0
2024-12-01,02W,0,0
2024-08-01,02W,0,0
2024-02-01,02W,0,0
2026-03-01,02W,0,0
2022-01-01,02W,0,0
2022-12-01,02W,0,0
2023-11-01,02W,0,0
2021-10-01,02W,0,0
2022-08-01,02W,0,0
2024-11-01,02W,0,0
2025-12-01,02W,0,0
2022-09-01,02W,0,0
2021-11-01,02W,0,0
2021-12-01,02W,0,0
2026-04-01,02W,0,0
2023-08-01,02W,0,0
2025-01-01,02W,0,0
2022-04-01,02W,0,0
2025-08-01,02W,0,0
2024-03-01,02W,0,0
2024-05-01,02W,0,0
2022-03-01,02W,0,0
2022-11-01,02W,0,0
2021-07-01,02W,0,0
2023-04-01,02W,0,0
2026-06-01,02W,0,0
2023-06-01,02W,0,0
2022-06-01,02W,0,0
2025-02-01,02W,0,0
2025-09-01,02W,0,0
2023-05-01,02W,0,0
2025-04-01,02W,0,0
2021-06-01,02W,0,0
2021-09-01,02W,0,0
2025-11-01,02W,0,0
2023-12-01,02W,0,0
2024-04-01,02W,0,0
2025-10-01,02W,0,0
2023-01-01,02W,0,0
2023-09-01,02W,0,0
2026-05-01,02W,0,0
2023-03-01,02W,0,0
2026-01-01,02W,0,0
2023-07-01,02W,0,0
2024-10-01,02W,0,0
2022-02-01,02W,0,0
2024-09-01,02W,0,0
2025-07-01,02W,0,0
2021-08-01,02W,0,0
2024-01-01,02W,0,0
2024-06-01,02W,0,0
2022-05-01,02W,0,0
2025-05-01,02W,0,0
2024-07-01,02W,0,0
2025-06-01,02W,0,0
2022-10-01,02W,0,0
2023-10-01,02W,0,0
2026-02-01,02W,0,0
2025-03-01,02W,0,0
2024-08-01,03A,0,0
2023-09-01,03A,0,0
2021-06-01,03A,0,0
2025-01-01,03A,0,0
2021-12-01,03A,0,0
2024-05-01,03A,0,0
2025-06-01,03A,0,0
2021-09-01,03A,0,0
2024-12-01,03A,0,0
2025-08-01,03A,0,0
2024-10-01,03A,0,0
2025-11-01,03A,0,0
2025-04-01,03A,0,0
2021-07-01,03A,0,0
2022-11-01,03A,0,0
2025-02-01,03A,0,0
2026-04-01,03A,0,0
2023-03-01,03A,0,0
2023-12-01,03A,0,0
2025-05-01,03A,0,0
2025-10-01,03A,0,0
2023-10-01,03A,0,0
2021-10-01,03A,0,0
2022-02-01,03A,0,0
2022-12-01,03A,0,0
2024-01-01,03A,0,0
2024-11-01,03A,0,0
2023-07-01,03A,0,0
2023-08-01,03A,0,0
2023-06-01,03A,0,0
2024-03-01,03A,0,0
2022-08-01,03A,0,0
2025-03-01,03A,0,0
2024-02-01,03A,0,0
2026-05-01,03A,0,0
2022-01-01,03A,0,0
2022-06-01,03A,0,0
2022-04-01,03A,0,0
2026-03-01,03A,0,0
2023-04-01,03A,0,0
2025-07-01,03A,0,0
2024-04-01,03A,0,0
2024-06-01,03A,0,0
2026-02-01,03A,0,0
2022-07-01,03A,0,0
2023-01-01,03A,0,0
2023-05-01,03A,0,0
2025-09-01,03A,0,0
2025-12-01,03A,0,0
2024-09-01,03A,0,0
2026-01-01,03A,0,0
2026-06-01,03A,0,0
2021-11-01,03A,0,0
2023-02-01,03A,0,0
2022-10-01,03A,0,0
2022-09-01,03A,0,0
2022-05-01,03A,0,0
2023-11-01,03A,0,0
2024-07-01,03A,0,0
2021-08-01,03A,0,0
2022-03-01,03A,0,0
2026-01-01,03J,0,0
2025-02-01,03J,0,0
2022-10-01,03J,0,0
2024-06-01,03J,0,0
2026-04-01,03J,0,0
2021-12-01,03J,0,0
2023-03-01,03J,0,0
2023-12-01,03J,0,0
2021-06-01,03J,0,0
2021-07-01,03J,0,0
2026-03-01,03J,0,0
2021-08-01,03J,0,0
2022-07-01,03J,0,0
2024-03-01,03J,0,0
2023-02-01,03J,0,0
2025-11-01,03J,0,0
2021-10-01,03J,0,0
2022-03-01,03J,0,0
2023-11-01,03J,0,0
2024-08-01,03J,0,0
2026-02-01,03J,0,0
2025-09-01,03J,0,0
2023-01-01,03J,0,0
2023-07-01,03J,0,0
2023-10-01,03J,0,0
2025-04-01,03J,0,0
2021-11-01,03J,0,0
2022-04-01,03J,0,0
2022-09-01,03J,0,0
2024-05-01,03J,0,0
2025-06-01,03J,0,0
2023-06-01,03J,0,0
2025-10-01,03J,0,0
2022-06-01,03J,0,0
2024-04-01,03J,0,0
2023-08-01,03J,0,0
2025-08-01,03J,0,0
2024-12-01,03J,0,0
2025-03-01,03J,0,0
2026-06-01,03J,0,0
2025-01-01,03J,0,0
2021-09-01,03J,0,0
2024-02-01,03J,0,0
2022-02-01,03J,0,0
2024-10-01,03J,0,0
2025-05-01,03J,0,0
2025-12-01,03J,0,0
2024-11-01,03J,0,0
2022-05-01,03J,0,0
2022-11-01,03J,0,0
2022-08-01,03J,0,0
2024-01-01,03J,0,0
2025-07-01,03J,0,0
2023-04-01,03J,0,0
2023-05-01,03J,0,0
2022-01-01,03J,0,0
2026-05-01,03J,0,0
2024-09-01,03J,0,0
2023-09-01,03J,0,0
2024-07-01,03J,0,0
2022-12-01,03J,0,0
2022-06-01,03M,0,0
2024-10-01,03M,0,0
2025-04-01,03M,0,0
2023-03-01,03M,0,0
2023-06-01,03M,0,0
2023-07-01,03M,0,0
2021-10-01,03M,0,0
2023-04-01,03M,0,0
2022-10-01,03M,0,0
2025-10-01,03M,0,0
2022-09-01,03M,0,0
2022-11-01,03M,0,0
2026-06-01,03M,0,0
2025-09-01,03M,0,0
2026-02-01,03M,0,0
2023-09-01,03M,0,0
2025-02-01,03M,0,0
2025-07-01,03M,0,0
2024-04-01,03M,0,0
2024-09-01,03M,0,0
2025-03-01,03M,0,0
2025-06-01,03M,0,0
2023-12-01,03M,0,0
2024-12-01,03M,0,0
2025-08-01,03M,0,0
2023-11-01,03M,0,0
2024-06-01,03M,0,0
2025-05-01,03M,0,0
2022-03-01,03M,0,0
2022-07-01,03M,0,0
2024-05-01,03M,0,0
2023-02-01,03M,0,0
2024-03-01,03M,0,0
2021-08-01,03M,0,0
2022-08-01,03M,0,0
2021-06-01,03M,0,0
2023-08-01,03M,0,0
2026-01-01,03M,0,0
2021-12-01,03M,0,0
2023-05-01,03M,0,0
2026-03-01,03M,0,0
2023-10-01,03M,0,0
2025-11-01,03M,0,0
2021-07-01,03M,0,0
2024-11-01,03M,0,0
2025-01-01,03M,0,0
2025-12-01,03M,0,0
2021-11-01,03M,0,0
2022-01-01,03M,0,0
2022-12-01,03M,0,0
2024-08-01,03M,0,0
2024-07-01,03M,0,0
2026-04-01,03M,0,0
2024-02-01,03M,0,0
2022-02-01,03M,0,0
2023-01-01,03M,0,0
2022-04-01,03M,0,0
2022-05-01,03M,0,0
2024-01-01,03M,0,0
2026-05-01,03M,0,0
2021-09-01,03M,0,0
2022-07-01,03T,0,0
2022-12-01,03T,0,0
2023-01-01,03T,0,0
2023-08-01,03T,0,0
2023-10-01,03T,0,0
2021-12-01,03T,0,0
2022-02-01,03T,0,0
2025-09-01,03T,0,0
2026-05-01,03T,0,0
2023-02-01,03T,0,0
2023-03-01,03T,0,0
2021-08-01,03T,0,0
2022-03-01,03T,0,0
2021-06-01,03T,0,0
2023-09-01,03T,0,0
2025-08-01,03T,0,0
2026-04-01,03T,0,0
2023-06-01,03T,0,0
2022-08-01,03T,0,0
2024-06-01,03T,0,0
2025-06-01,03T,0,0
2021-10-01,03T,0,0
2024-07-01,03T,0,0
2026-01-01,03T,0,0
2026-06-01,03T,0,0
2022-04-01,03T,0,0
2024-01-01,03T,0,0
2025-10-01,03T,0,0
2024-10-01,03T,0,0
2025-02-01,03T,0,0
2021-09-01,03T,0,0
2025-05-01,03T,0,0
2025-03-01,03T,0,0
2025-07-01,03T,0,0
2024-05-01,03T,0,0
2024-11-01,03T,0,0
2023-12-01,03T,0,0
2021-07-01,03T,0,0
2024-08-01,03T,0,0
2024-04-01,03T,0,0
2022-05-01,03T,0,0
2023-11-01,03T,0,0
2025-12-01,03T,0,0
2023-07-01,03T,0,0
2022-01-01,03T,0,0
2023-05-01,03T,0,0
2024-02-01,03T,0,0
2026-03-01,03T,0,0
2026-02-01,03T,0,0
2022-09-01,03T,0,0
2024-03-01,03T,0,0
2023-04-01,03T,0,0
2024-12-01,03T,0,0
2022-10-01,03T,0,0
2024-09-01,03T,0,0
2025-04-01,03T,0,0
2021-11-01,03T,0,0
2022-06-01,03T,0,0
2022-11-01,03T,0,0
2025-01-01,03T,0,0
2025-11-01,03T,0,0
2026-02-01,03Y,0,0
2021-11-01,03Y,0,0
2022-05-01,03Y,0,0
2022-09-01,03Y,0,0
2023-04-01,03Y,0,0
2023-12-01,03Y,0,0
2024-01-01,03Y,0,0
2022-10-01,03Y,0,0
2022-02-01,03Y,0,0
2025-05-01,03Y,0,0
2022-08-01,03Y,0,0
2023-02-01,03Y,0,0
2025-01-01,03Y,0,0
2026-05-01,03Y,0,0
2023-09-01,03Y,0,0
2026-06-01,03Y,0,0
2025-02-01,03Y,0,0
2025-04-01,03Y,0,0
2025-10-01,03Y,0,0
2024-08-01,03Y,0,0
2023-05-01,03Y,0,0
2025-07-01,03Y,0,0
2026-03-01,03Y,0,0
2021-06-01,03Y,0,0
2021-12-01,03Y,0,0
2021-07-01,03Y,0,0
2022-07-01,03Y,0,0
2022-12-01,03Y,0,0
2023-06-01,03Y,0,0
2025-09-01,03Y,0,0
2025-06-01,03Y,0,0
2022-11-01,03Y,0,0
2021-09-01,03Y,0,0
2021-10-01,03Y,0,0
2023-03-01,03Y,0,0
2025-11-01,03Y,0,0
2023-01-01,03Y,0,0
2023-10-01,03Y,0,0
2023-08-01,03Y,0,0
2024-04-01,03Y,0,0
2024-06-01,03Y,0,0
2022-04-01,03Y,0,0
2025-03-01,03Y,0,0
2025-08-01,03Y,0,0
2024-07-01,03Y,0,0
2022-03-01,03Y,0,0
2022-06-01,03Y,0,0
2026-04-01,03Y,0,0
2024-02-01,03Y,0,0
2024-05-01,03Y,0,0
2023-11-01,03Y,0,0
2024-09-01,03Y,0,0
2023-07-01,03Y,0,0
2025-12-01,03Y,0,0
2022-01-01,03Y,0,0
2026-01-01,03Y,0,0
2024-03-01,03Y,0,0
2024-11-01,03Y,0,0
2024-12-01,03Y,0,0
2021-08-01,03Y,0,0
2024-10-01,03Y,0,0
2021-08-01,04D,0,0
2022-06-01,04D,0,0
2022-07-01,04D,0,0
2022-08-01,04D,0,0
2025-10-01,04D,0,0
2021-10-01,04D,0,0
2022-10-01,04D,0,0
2021-09-01,04D,0,0
2025-01-01,04D,0,0
2023-11-01,04D,0,0
2022-12-01,04D,0,0
2024-07-01,04D,0,0
2026-05-01,04D,0,0
2022-03-01,04D,0,0
2025-11-01,04D,0,0
2026-03-01,04D,0,0
2024-05-01,04D,0,0
2025-06-01,04D,0,0
2026-01-01,04D,0,0
2023-06-01,04D,0,0
2023-09-01,04D,0,0
2024-11-01,04D,0,0
2021-07-01,04D,0,0
2023-12-01,04D,0,0
2023-05-01,04D,0,0
2026-02-01,04D,0,0
2023-08-01,04D,0,0
2022-01-01,04D,0,0
2021-11-01,04D,0,0
2025-08-01,04D,0,0
2026-04-01,04D,0,0
2024-08-01,04D,0,0
2024-10-01,04D,0,0
2025-09-01,04D,0,0
2023-02-01,04D,0,0
2024-02-01,04D,0,0
2024-06-01,04D,0,0
2022-11-01,04D,0,0
2022-05-01,04D,0,0
2022-09-01,04D,0,0
2025-02-01,04D,0,0
2021-06-01,04D,0,0
2023-04-01,04D,0,0
2022-04-01,04D,0,0
2024-04-01,04D,0,0
2023-01-01,04D,0,0
2023-10-01,04D,0,0
2024-12-01,04D,0,0
2021-12-01,04D,0,0
2023-07-01,04D,0,0
2025-03-01,04D,0,0
2024-09-01,04D,0,0
2025-12-01,04D,0,0
2022-02-01,04D,0,0
2025-05-01,04D,0,0
2026-06-01,04D,0,0
2023-03-01,04D,0,0
2024-01-01,04D,0,0
2025-04-01,04D,0,0
2024-03-01,04D,0,0
2025-07-01,04D,0,0
2024-03-01,04E,0,0
2024-06-01,04E,0,0
2025-01-01,04E,0,0
2025-10-01,04E,0,0
2023-12-01,04E,0,0
2026-03-01,04E,0,0
2022-05-01,04E,0,0
2022-09-01,04E,0,0
2023-08-01,04E,0,0
2023-05-01,04E,0,0
2025-04-01,04E,0,0
2024-11-01,04E,0,0
2023-03-01,04E,0,0
2024-09-01,04E,0,0
2021-09-01,04E,0,0
2024-12-01,04E,0,0
2025-09-01,04E,0,0
2021-06-01,04E,0,0
2023-06-01,04E,0,0
2023-09-01,04E,0,0
2024-02-01,04E,0,0
2024-05-01,04E,0,0
2022-07-01,04E,0,0
2025-03-01,04E,0,0
2026-02-01,04E,0,0
2021-11-01,04E,0,0
2024-07-01,04E,0,0
2022-02-01,04E,0,0
2026-04-01,04E,0,0
2024-04-01,04E,0,0
2021-10-01,04E,0,0
2022-11-01,04E,0,0
2023-01-01,04E,0,0
2023-04-01,04E,0,0
2025-12-01,04E,0,0
2022-04-01,04E,0,0
2025-06-01,04E,0,0
2022-03-01,04E,0,0
2022-10-01,04E,0,0
2024-01-01,04E,0,0
2025-11-01,04E,0,0
2022-08-01,04E,0,0
2022-06-01,04E,0,0
2023-07-01,04E,0,0
2024-08-01,04E,0,0
2025-02-01,04E,0,0
2021-08-01,04E,0,0
2025-07-01,04E,0,0
2022-12-01,04E,0,0
2023-10-01,04E,0,0
2023-11-01,04E,0,0
2025-05-01,04E,0,0
2026-01-01,04E,0,0
2023-02-01,04E,0,0
2021-12-01,04E,0,0
2025-08-01,04E,0,0
2026-06-01,04E,0,0
2022-01-01,04E,0,0
2024-10-01,04E,0,0
2026-05-01,04E,0,0
2021-07-01,04E,0,0
2021-07-01,04F,0,0
2023-12-01,04F,0,0
2023-07-01,04F,0,0
2023-06-01,04F,0,0
2024-03-01,04F,0,0
2025-11-01,04F,0,0
2022-05-01,04F,0,0
2025-05-01,04F,0,0
2026-04-01,04F,0,0
2023-08-01,04F,0,0
2021-08-01,04F,0,0
2022-03-01,04F,0,0
2024-04-01,04F,0,0
2024-06-01,04F,0,0
2024-07-01,04F,0,0
2024-10-01,04F,0,0
2022-07-01,04F,0,0
2024-08-01,04F,0,0
2025-02-01,04F,0,0
2022-04-01,04F,0,0
2026-02-01,04F,0,0
2025-01-01,04F,0,0
2023-10-01,04F,0,0
2021-11-01,04F,0,0
2023-01-01,04F,0,0
2023-04-01,04F,0,0
2024-01-01,04F,0,0
2024-02-01,04F,0,0
2021-10-01,04F,0,0
2024-11-01,04F,0,0
2025-06-01,04F,0,0
2025-12-01,04F,0,0
2022-09-01,04F,0,0
2023-02-01,04F,0,0
2025-10-01,04F,0,0
2021-09-01,04F,0,0
2022-08-01,04F,0,0
2024-05-01,04F,0,0
2025-03-01,04F,0,0
2022-01-01,04F,0,0
2023-05-01,04F,0,0
2026-06-01,04F,0,0
2022-06-01,04F,0,0
2025-08-01,04F,0,0
2022-11-01,04F,0,0
2023-09-01,04F,0,0
2024-12-01,04F,0,0
2022-12-01,04F,0,0
2026-01-01,04F,0,0
2022-02-01,04F,0,0
2026-03-01,04F,0,0
2025-09-01,04F,0,0
2022-10-01,04F,0,0
2025-04-01,04F,0,0
2025-07-01,04F,0,0
2021-12-01,04F,0,0
2021-06-01,04F,0,0
2023-03-01,04F,0,0
2023-11-01,04F,0,0
2024-09-01,04F,0,0
2026-05-01,04F,0,0
2024-09-01,04G,0,0
2021-12-01,04G,0,0
2025-10-01,04G,0,0
2021-08-01,04G,0,0
2023-05-01,04G,0,0
2024-04-01,04G,0,0
2025-06-01,04G,0,0
2021-11-01,04G,0,0
2022-05-01,04G,0,0
2024-11-01,04G,0,0
2021-10-01,04G,0,0
2025-09-01,04G,0,0
2023-07-01,04G,0,0
2024-07-01,04G,0,0
2022-01-01,04G,0,0
2023-11-01,04G,0,0
2026-02-01,04G,0,0
2023-10-01,04G,0,0
2022-10-01,04G,0,0
2023-03-01,04G,0,0
2024-02-01,04G,0,0
2025-12-01,04G,0,0
2024-05-01,04G,0,0
2023-06-01,04G,0,0
2026-03-01,04G,0,0
2025-11-01,04G,0,0
2024-10-01,04G,0,0
2023-02-01,04G,0,0
2026-06-01,04G,0,0
2022-03-01,04G,0,0
2023-04-01,04G,0,0
2026-05-01,04G,0,0
2021-07-01,04G,0,0
2025-01-01,04G,0,0
2022-08-01,04G,0,0
2022-12-01,04G,0,0
2026-01-01,04G,0,0
2023-01-01,04G,0,0
2025-03-01,04G,0,0
2022-02-01,04G,0,0
2022-09-01,04G,0,0
2022-07-01,04G,0,0
2025-05-01,04G,0,0
2022-11-01,04G,0,0
2024-03-01,04G,0,0
2026-04-01,04G,0,0
2023-12-01,04G,0,0
2025-04-01,04G,0,0
2022-04-01,04G,0,0
2022-06-01,04G,0,0
2024-01-01,04G,0,0
2024-08-01,04G,0,0
2025-07-01,04G,0,0
2021-09-01,04G,0,0
2023-09-01,04G,0,0
2025-08-01,04G,0,0
2023-08-01,04G,0,0
2024-06-01,04G,0,0
2024-12-01,04G,0,0
2025-02-01,04G,0,0
2021-06-01,04G,0,0
2025-06-01,04H,0,0
2023-04-01,04H,0,0
2024-03-01,04H,0,0
2026-01-01,04H,0,0
2024-11-01,04H,0,0
2022-12-01,04H,0,0
2023-10-01,04H,0,0
2021-10-01,04H,0,0
2025-12-01,04H,0,0
2024-06-01,04H,0,0
2024-08-01,04H,0,0
2021-06-01,04H,0,0
2022-05-01,04H,0,0
2022-10-01,04H,0,0
2024-05-01,04H,0,0
2024-12-01,04H,0,0
2025-02-01,04H,0,0
2022-01-01,04H,0,0
2025-09-01,04H,0,0
2022-02-01,04H,0,0
2022-09-01,04H,0,0
2025-03-01,04H,0,0
2026-02-01,04H,0,0
2023-03-01,04H,0,0
2023-02-01,04H,0,0
2025-11-01,04H,0,0
2025-10-01,04H,0,0
2026-04-01,04H,0,0
2023-07-01,04H,0,0
2023-11-01,04H,0,0
2024-10-01,04H,0,0
2021-07-01,04H,0,0
2026-05-01,04H,0,0
2024-01-01,04H,0,0
2025-07-01,04H,0,0
2024-04-01,04H,0,0
2025-05-01,04H,0,0
2022-04-01,04H,0,0
2025-08-01,04H,0,0
2022-11-01,04H,0,0
2024-02-01,04H,0,0
2024-09-01,04H,0,0
2026-06-01,04H,0,0
2025-04-01,04H,0,0
2022-03-01,04H,0,0
2022-06-01,04H,0,0
2023-12-01,04H,0,0
2023-08-01,04H,0,0
2025-01-01,04H,0,0
2021-12-01,04H,0,0
2023-01-01,04H,0,0
2026-03-01,04H,0,0
2022-07-01,04H,0,0
2023-05-01,04H,0,0
2023-06-01,04H,0,0
2023-09-01,04H,0,0
2024-07-01,04H,0,0
2021-08-01,04H,0,0
2021-11-01,04H,0,0
2022-08-01,04H,0,0
2021-09-01,04H,0,0
2025-04-01,04J,0,0
2025-08-01,04J,0,0
2024-08-01,04J,0,0
2023-03-01,04J,0,0
2025-02-01,04J,0,0
2025-10-01,04J,0,0
2021-06-01,04J,0,0
2025-01-01,04J,0,0
2021-10-01,04J,0,0
2026-06-01,04J,0,0
2024-10-01,04J,0,0
2022-10-01,04J,0,0
2023-07-01,04J,0,0
2021-07-01,04J,0,0
2025-07-01,04J,0,0
2022-03-01,04J,0,0
2022-11-01,04J,0,0
2024-05-01,04J,0,0
2023-06-01,04J,0,0
2023-10-01,04J,0,0
2022-04-01,04J,0,0
2022-07-01,04J,0,0
2024-11-01,04J,0,0
2023-01-01,04J,0,0
2023-11-01,04J,0,0
2023-08-01,04J,0,0
2026-04-01,04J,0,0
2021-08-01,04J,0,0
2021-09-01,04J,0,0
2022-01-01,04J,0,0
2023-09-01,04J,0,0
2026-02-01,04J,0,0
2023-12-01,04J,0,0
2026-05-01,04J,0,0
2021-12-01,04J,0,0
2025-05-01,04J,0,0
2025-03-01,04J,0,0
2024-03-01,04J,0,0
2022-06-01,04J,0,0
2024-09-01,04J,0,0
2022-09-01,04J,0,0
2024-01-01,04J,0,0
2024-04-01,04J,0,0
2025-11-01,04J,0,0
2022-08-01,04J,0,0
2022-12-01,04J,0,0
2024-06-01,04J,0,0
2024-07-01,04J,0,0
2025-06-01,04J,0,0
2026-01-01,04J,0,0
2022-05-01,04J,0,0
2025-09-01,04J,0,0
2026-03-01,04J,0,0
2023-05-01,04J,0,0
2025-12-01,04J,0,0
2023-02-01,04J,0,0
2023-04-01,04J,0,0
2024-12-01,04J,0,0
2021-11-01,04J,0,0
2024-02-01,04J,0,0
2022-02-01,04J,0,0
2026-06-01,04K,0,0
2023-01-01,04K,0,0
2022-01-01,04K,0,0
2022-08-01,04K,0,0
2025-08-01,04K,0,0
2025-12-01,04K,0,0
2024-02-01,04K,0,0
2024-11-01,04K,0,0
2022-04-01,04K,0,0
2022-06-01,04K,0,0
2024-09-01,04K,0,0
2024-03-01,04K,0,0
2023-08-01,04K,0,0
2025-02-01,04K,0,0
2023-12-01,04K,0,0
2023-03-01,04K,0,0
2024-10-01,04K,0,0
2024-07-01,04K,0,0
2024-01-01,04K,0,0
2024-04-01,04K,0,0
2021-09-01,04K,0,0
2022-12-01,04K,0,0
2024-12-01,04K,0,0
2025-11-01,04K,0,0
2023-07-01,04K,0,0
2021-11-01,04K,0,0
2022-09-01,04K,0,0
2026-01-01,04K,0,0
2023-05-01,04K,0,0
2023-11-01,04K,0,0
2025-09-01,04K,0,0
2024-08-01,04K,0,0
2021-12-01,04K,0,0
2022-02-01,04K,0,0
2024-05-01,04K,0,0
2025-10-01,04K,0,0
2025-06-01,04K,0,0
2023-09-01,04K,0,0
2025-04-01,04K,0,0
2022-03-01,04K,0,0
2022-10-01,04K,0,0
2023-06-01,04K,0,0
2026-02-01,04K,0,0
2022-05-01,04K,0,0
2026-04-01,04K,0,0
2021-08-01,04K,0,0
2025-01-01,04K,0,0
2021-10-01,04K,0,0
2024-06-01,04K,0,0
2026-05-01,04K,0,0
2021-06-01,04K,0,0
2021-07-01,04K,0,0
2023-04-01,04K,0,0
2023-10-01,04K,0,0
2025-05-01,04K,0,0
2026-03-01,04K,0,0
2022-07-01,04K,0,0
2022-11-01,04K,0,0
2025-07-01,04K,0,0
2023-02-01,04K,0,0
2025-03-01,04K,0,0
2022-11-01,04L,0,0
2021-11-01,04L,0,0
2026-06-01,04L,0,0
2023-11-01,04L,0,0
2022-01-01,04L,0,0
2022-03-01,04L,0,0
2025-05-01,04L,0,0
2025-10-01,04L,0,0
2024-12-01,04L,0,0
2022-08-01,04L,0,0
2025-01-01,04L,0,0
2025-12-01,04L,0,0
2022-04-01,04L,0,0
2024-01-01,04L,0,0
2026-05-01,04L,0,0
2022-09-01,04L,0,0
2025-11-01,04L,0,0
2026-02-01,04L,0,0
2025-04-01,04L,0,0
2024-07-01,04L,0,0
2021-12-01,04L,0,0
2023-02-01,04L,0,0
2024-10-01,04L,0,0
2021-09-01,04L,0,0
2022-02-01,04L,0,0
2023-04-01,04L,0,0
2026-01-01,04L,0,0
2025-08-01,04L,0,0
2021-08-01,04L,0,0
2022-07-01,04L,0,0
2021-06-01,04L,0,0
2024-04-01,04L,0,0
2024-08-01,04L,0,0
2021-10-01,04L,0,0
2022-12-01,04L,0,0
2024-11-01,04L,0,0
2021-07-01,04L,0,0
2023-08-01,04L,0,0
2022-06-01,04L,0,0
2024-09-01,04L,0,0
2023-09-01,04L,0,0
2023-10-01,04L,0,0
2026-03-01,04L,0,0
2024-03-01,04L,0,0
2026-04-01,04L,0,0
2023-01-01,04L,0,0
2023-06-01,04L,0,0
2023-12-01,04L,0,0
2025-09-01,04L,0,0
2024-05-01,04L,0,0
2025-06-01,04L,0,0
2024-06-01,04L,0,0
2023-05-01,04L,0,0
2023-07-01,04L,0,0
2025-02-01,04L,0,0
2025-03-01,04L,0,0
2022-10-01,04L,0,0
2024-02-01,04L,0,0
2025-07-01,04L,0,0
2022-05-01,04L,0,0
2023-03-01,04L,0,0
2024-02-01,04M,0,0
2024-12-01,04M,0,0
2022-05-01,04M,0,0
2022-07-01,04M,0,0
2022-10-01,04M,0,0
2023-02-01,04M,0,0
2024-01-01,04M,0,0
2023-12-01,04M,0,0
2025-07-01,04M,0,0
2022-08-01,04M,0,0
2022-06-01,04M,0,0
2022-11-01,04M,0,0
2024-09-01,04M,0,0
2026-04-01,04M,0,0
2024-11-01,04M,0,0
2022-09-01,04M,0,0
2023-03-01,04M,0,0
2025-08-01,04M,0,0
2021-07-01,04M,0,0
2025-01-01,04M,0,0
2022-12-01,04M,0,0
2025-06-01,04M,0,0
2024-08-01,04M,0,0
2021-09-01,04M,0,0
2021-10-01,04M,0,0
2023-06-01,04M,0,0
2024-04-01,04M,0,0
2024-07-01,04M,0,0
2023-05-01,04M,0,0
2024-10-01,04M,0,0
2025-03-01,04M,0,0
2025-04-01,04M,0,0
2021-08-01,04M,0,0
2023-07-01,04M,0,0
2021-12-01,04M,0,0
2025-02-01,04M,0,0
2022-01-01,04M,0,0
2026-06-01,04M,0,0
2023-08-01,04M,0,0
2024-03-01,04M,0,0
2022-02-01,04M,0,0
2026-02-01,04M,0,0
2026-05-01,04M,0,0
2021-06-01,04M,0,0
2022-03-01,04M,0,0
2023-09-01,04M,0,0
2023-01-01,04M,0,0
2025-11-01,04M,0,0
2023-10-01,04M,0,0
2024-06-01,04M,0,0
2025-09-01,04M,0,0
2026-03-01,04M,0,0
2025-12-01,04M,0,0
2023-11-01,04M,0,0
2024-05-01,04M,0,0
2025-10-01,04M,0,0
2025-05-01,04M,0,0
2022-04-01,04M,0,0
2026-01-01,04M,0,0
2021-11-01,04M,0,0
2023-04-01,04M,0,0
2023-08-01,04Q,0,0
2023-12-01,04Q,0,0
2025-09-01,04Q,0,0
2026-03-01,04Q,0,0
2021-10-01,04Q,0,0
2021-09-01,04Q,0,0
2022-06-01,04Q,0,0
2023-03-01,04Q,0,0
2023-05-01,04Q,0,0
2024-02-01,04Q,0,0
2026-04-01,04Q,0,0
2022-02-01,04Q,0,0
2022-04-01,04Q,0,0
2023-11-01,04Q,0,0
2025-03-01,04Q,0,0
2022-12-01,04Q,0,0
2025-01-01,04Q,0,0
2023-10-01,04Q,0,0
2025-12-01,04Q,0,0
2026-02-01,04Q,0,0
2021-12-01,04Q,0,0
2022-08-01,04Q,0,0
2023-06-01,04Q,0,0
2024-12-01,04Q,0,0
2024-09-01,04Q,0,0
2021-11-01,04Q,0,0
2024-08-01,04Q,0,0
2026-06-01,04Q,0,0
2025-05-01,04Q,0,0
2022-11-01,04Q,0,0
2024-11-01,04Q,0,0
2021-07-01,04Q,0,0
2022-01-01,04Q,0,0
2024-10-01,04Q,0,0
2023-09-01,04Q,0,0
2022-05-01,04Q,0,0
2022-10-01,04Q,0,0
2025-04-01,04Q,0,0
2026-05-01,04Q,0,0
2025-08-01,04Q,0,0
2025-11-01,04Q,0,0
2022-07-01,04Q,0,0
2023-04-01,04Q,0,0
2022-09-01,04Q,0,0
2024-04-01,04Q,0,0
2025-06-01,04Q,0,0
2023-02-01,04Q,0,0
2024-06-01,04Q,0,0
2021-06-01,04Q,0,0
2024-01-01,04Q,0,0
2024-05-01,04Q,0,0
2025-02-01,04Q,0,0
2023-01-01,04Q,0,0
2023-07-01,04Q,0,0
2025-07-01,04Q,0,0
2024-07-01,04Q,0,0
2024-03-01,04Q,0,0
2026-01-01,04Q,0,0
2021-08-01,04Q,0,0
2022-03-01,04Q,0,0
2025-10-01,04Q,0,0
2022-08-01,04R,0,0
2025-10-01,04R,0,0
2021-07-01,04R,0,0
2022-01-01,04R,0,0
2023-11-01,04R,0,0
2024-05-01,04R,0,0
2022-02-01,04R,0,0
2022-12-01,04R,0,0
2024-08-01,04R,0,0
2024-11-01,04R,0,0
2025-02-01,04R,0,0
2022-03-01,04R,0,0
2022-10-01,04R,0,0
2025-01-01,04R,0,0
2021-06-01,04R,0,0
2023-09-01,04R,0,0
2024-06-01,04R,0,0
2023-06-01,04R,0,0
2022-05-01,04R,0,0
2022-07-01,04R,0,0
2023-01-01,04R,0,0
2023-10-01,04R,0,0
2025-04-01,04R,0,0
2025-05-01,04R,0,0
2022-09-01,04R,0,0
2024-12-01,04R,0,0
2025-09-01,04R,0,0
2021-11-01,04R,0,0
2022-04-01,04R,0,0
2024-02-01,04R,0,0
2021-10-01,04R,0,0
2024-01-01,04R,0,0
2021-08-01,04R,0,0
2024-10-01,04R,0,0
2023-04-01,04R,0,0
2023-12-01,04R,0,0
2026-02-01,04R,0,0
2025-12-01,04R,0,0
2026-03-01,04R,0,0
2022-06-01,04R,0,0
2026-04-01,04R,0,0
2023-05-01,04R,0,0
2025-03-01,04R,0,0
2025-11-01,04R,0,0
2024-09-01,04R,0,0
2026-01-01,04R,0,0
2022-11-01,04R,0,0
2023-08-01,04R,0,0
2026-06-01,04R,0,0
2024-04-01,04R,0,0
2023-02-01,04R,0,0
2021-09-01,04R,0,0
2024-07-01,04R,0,0
2021-12-01,04R,0,0
2023-07-01,04R,0,0
2025-07-01,04R,0,0
2025-06-01,04R,0,0
2026-05-01,04R,0,0
2023-03-01,04R,0,0
2025-08-01,04R,0,0
2024-03-01,04R,0,0
2021-09-01,04X,0,0
2023-01-01,04X,0,0
2023-02-01,04X,0,0
2025-12-01,04X,0,0
2022-12-01,04X,0,0
2023-04-01,04X,0,0
2024-10-01,04X,0,0
2022-07-01,04X,0,0
2023-10-01,04X,0,0
2023-11-01,04X,0,0
2025-01-01,04X,0,0
2026-06-01,04X,0,0
2025-03-01,04X,0,0
2022-01-01,04X,0,0
2025-08-01,04X,0,0
2024-04-01,04X,0,0
2023-05-01,04X,0,0
2024-09-01,04X,0,0
2022-04-01,04X,0,0
2025-10-01,04X,0,0
2024-02-01,04X,0,0
2026-04-01,04X,0,0
2026-05-01,04X,0,0
2025-05-01,04X,0,0
2024-08-01,04X,0,0
2022-08-01,04X,0,0
2023-08-01,04X,0,0
2021-07-01,04X,0,0
2021-08-01,04X,0,0
2025-04-01,04X,0,0
2024-12-01,04X,0,0
2022-09-01,04X,0,0
2026-02-01,04X,0,0
2022-11-01,04X,0,0
2024-01-01,04X,0,0
2024-03-01,04X,0,0
2024-06-01,04X,0,0
2026-01-01,04X,0,0
2025-09-01,04X,0,0
2025-11-01,04X,0,0
2021-11-01,04X,0,0
2022-02-01,04X,0,0
2022-10-01,04X,0,0
2023-07-01,04X,0,0
2024-05-01,04X,0,0
2023-09-01,04X,0,0
2023-03-01,04X,0,0
2023-12-01,04X,0,0
2023-06-01,04X,0,0
2026-03-01,04X,0,0
2021-10-01,04X,0,0
2025-06-01,04X,0,0
2021-06-01,04X,0,0
2024-07-01,04X,0,0
2022-03-01,04X,0,0
2022-06-01,04X,0,0
2025-07-01,04X,0,0
2021-12-01,04X,0,0
2022-05-01,04X,0,0
2024-11-01,04X,0,0
2025-02-01,04X,0,0
2022-09-01,05A,0,0
2023-02-01,05A,0,0
2023-04-01,05A,0,0
2025-07-01,05A,0,0
2022-06-01,05A,0,0
2022-11-01,05A,0,0
2023-05-01,05A,0,0
2023-07-01,05A,0,0
2024-11-01,05A,0,0
2021-11-01,05A,0,0
2024-12-01,05A,0,0
2025-02-01,05A,0,0
2024-03-01,05A,0,0
2024-02-01,05A,0,0
2025-12-01,05A,0,0
2022-04-01,05A,0,0
2021-06-01,05A,0,0
2026-05-01,05A,0,0
2025-04-01,05A,0,0
2025-06-01,05A,0,0
2026-02-01,05A,0,0
2022-05-01,05A,0,0
2024-01-01,05A,0,0
2022-10-01,05A,0,0
2024-04-01,05A,0,0
2022-02-01,05A,0,0
2024-05-01,05A,0,0
2022-01-01,05A,0,0
2021-07-01,05A,0,0
2022-07-01,05A,0,0
2025-03-01,05A,0,0
2023-03-01,05A,0,0
2022-08-01,05A,0,0
2022-03-01,05A,0,0
2023-09-01,05A,0,0
2025-11-01,05A,0,0
2023-06-01,05A,0,0
2023-11-01,05A,0,0
2024-10-01,05A,0,0
2024-08-01,05A,0,0
2025-01-01,05A,0,0
2023-01-01,05A,0,0
2024-07-01,05A,0,0
2023-12-01,05A,0,0
2021-09-01,05A,0,0
2021-12-01,05A,0,0
2025-05-01,05A,0,0
2024-09-01,05A,0,0
2021-08-01,05A,0,0
2022-12-01,05A,0,0
2025-08-01,05A,0,0
2023-08-01,05A,0,0
2026-01-01,05A,0,0
2021-10-01,05A,0,0
2025-09-01,05A,0,0
2026-03-01,05A,0,0
2026-06-01,05A,0,0
2023-10-01,05A,0,0
2024-06-01,05A,0,0
2025-10-01,05A,0,0
2026-04-01,05A,0,0
2022-08-01,05C,0,0
2024-03-01,05C,0,0
2024-04-01,05C,0,0
2025-11-01,05C,0,0
2025-10-01,05C,0,0
2025-12-01,05C,0,0
2024-01-01,05C,0,0
2024-02-01,05C,0,0
2025-08-01,05C,0,0
2023-06-01,05C,0,0
2025-01-01,05C,0,0
2025-03-01,05C,0,0
2024-11-01,05C,0,0
2025-04-01,05C,0,0
2024-12-01,05C,0,0
2026-03-01,05C,0,0
2022-11-01,05C,0,0
2023-11-01,05C,0,0
2022-04-01,05C,0,0
2022-05-01,05C,0,0
2024-07-01,05C,0,0
2025-02-01,05C,0,0
2023-12-01,05C,0,0
2025-09-01,05C,0,0
2022-01-01,05C,0,0
2024-08-01,05C,0,0
2021-08-01,05C,0,0
2022-07-01,05C,0,0
2021-07-01,05C,0,0
2021-10-01,05C,0,0
2025-06-01,05C,0,0
2026-05-01,05C,0,0
2023-05-01,05C,0,0
2023-04-01,05C,0,0
2023-07-01,05C,0,0
2025-05-01,05C,0,0
2023-01-01,05C,0,0
2021-12-01,05C,0,0
2024-09-01,05C,0,0
2026-01-01,05C,0,0
2022-12-01,05C,0,0
2021-11-01,05C,0,0
2022-06-01,05C,0,0
2024-05-01,05C,0,0
2023-09-01,05C,0,0
2025-07-01,05C,0,0
2026-02-01,05C,0,0
2022-02-01,05C,0,0
2021-09-01,05C,0,0
2024-06-01,05C,0,0
2026-06-01,05C,0,0
2022-03-01,05C,0,0
2026-04-01,05C,0,0
2021-06-01,05C,0,0
2023-02-01,05C,0,0
2023-08-01,05C,0,0
2022-09-01,05C,0,0
2023-10-01,05C,0,0
2024-10-01,05C,0,0
2022-10-01,05C,0,0
2023-03-01,05C,0,0
2023-01-01,05F,0,0
2021-12-01,05F,0,0
2022-01-01,05F,0,0
2022-05-01,05F,0,0
2024-08-01,05F,0,0
2021-09-01,05F,0,0
2024-02-01,05F,0,0
2022-04-01,05F,0,0
2024-04-01,05F,0,0
2025-08-01,05F,0,0
2022-10-01,05F,0,0
2024-01-01,05F,0,0
2024-05-01,05F,0,0
2025-05-01,05F,0,0
2025-02-01,05F,0,0
2025-07-01,05F,0,0
2023-05-01,05F,0,0
2024-03-01,05F,0,0
2025-01-01,05F,0,0
2026-03-01,05F,0,0
2022-09-01,05F,0,0
2023-09-01,05F,0,0
2025-03-01,05F,0,0
2026-05-01,05F,0,0
2023-04-01,05F,0,0
2022-03-01,05F,0,0
2023-12-01,05F,0,0
2022-02-01,05F,0,0
2023-11-01,05F,0,0
2024-07-01,05F,0,0
2021-11-01,05F,0,0
2022-06-01,05F,0,0
2023-08-01,05F,0,0
2021-10-01,05F,0,0
2021-06-01,05F,0,0
2025-04-01,05F,0,0
2023-07-01,05F,0,0
2022-08-01,05F,0,0
2024-06-01,05F,0,0
2023-10-01,05F,0,0
2025-06-01,05F,0,0
2023-03-01,05F,0,0
2022-11-01,05F,0,0
2023-06-01,05F,0,0
2021-08-01,05F,0,0
2025-12-01,05F,0,0
2026-01-01,05F,0,0
2026-04-01,05F,0,0
2022-07-01,05F,0,0
2024-10-01,05F,0,0
2026-02-01,05F,0,0
2021-07-01,05F,0,0
2025-09-01,05F,0,0
2025-10-01,05F,0,0
2024-11-01,05F,0,0
2024-12-01,05F,0,0
2023-02-01,05F,0,0
2025-11-01,05F,0,0
2024-09-01,05F,0,0
2026-06-01,05F,0,0
2022-12-01,05F,0,0
2021-11-01,05H,0,0
2024-02-01,05H,0,0
2024-06-01,05H,0,0
2025-10-01,05H,0,0
2021-08-01,05H,0,0
2025-12-01,05H,0,0
2021-12-01,05H,0,0
2024-09-01,05H,0,0
2024-10-01,05H,0,0
2022-06-01,05H,0,0
2023-11-01,05H,0,0
2024-12-01,05H,0,0
2024-04-01,05H,0,0
2025-04-01,05H,0,0
2024-07-01,05H,0,0
2023-04-01,05H,0,0
2026-05-01,05H,0,0
2023-07-01,05H,0,0
2024-11-01,05H,0,0
2025-05-01,05H,0,0
2025-07-01,05H,0,0
2022-11-01,05H,0,0
2024-01-01,05H,0,0
2022-05-01,05H,0,0
2022-08-01,05H,0,0
2022-09-01,05H,0,0
2026-03-01,05H,0,0
2022-07-01,05H,0,0
2023-08-01,05H,0,0
2023-12-01,05H,0,0
2025-08-01,05H,0,0
2022-04-01,05H,0,0
2026-06-01,05H,0,0
2021-10-01,05H,0,0
2025-11-01,05H,0,0
2023-01-01,05H,0,0
2025-01-01,05H,0,0
2025-09-01,05H,0,0
2022-02-01,05H,0,0
2022-03-01,05H,0,0
2022-12-01,05H,0,0
2025-03-01,05H,0,0
2023-05-01,05H,0,0
2023-06-01,05H,0,0
2023-03-01,05H,0,0
2021-07-01,05H,0,0
2022-10-01,05H,0,0
2025-02-01,05H,0,0
2021-06-01,05H,0,0
2023-10-01,05H,0,0
2023-09-01,05H,0,0
2025-06-01,05H,0,0
2022-01-01,05H,0,0
2024-03-01,05H,0,0
2026-01-01,05H,0,0
2023-02-01,05H,0,0
2026-02-01,05H,0,0
2021-09-01,05H,0,0
2026-04-01,05H,0,0
2024-05-01,05H,0,0
2024-08-01,05H,0,0
2026-03-01,05L,0,0
2021-12-01,05L,0,0
2024-09-01,05L,0,0
2022-11-01,05L,0,0
2022-06-01,05L,0,0
2024-01-01,05L,0,0
2024-07-01,05L,0,0
2025-07-01,05L,0,0
2022-10-01,05L,0,0
2022-01-01,05L,0,0
2024-03-01,05L,0,0
2024-06-01,05L,0,0
2021-06-01,05L,0,0
2022-07-01,05L,0,0
2025-06-01,05L,0,0
2026-04-01,05L,0,0
2024-11-01,05L,0,0
2024-04-01,05L,0,0
2025-11-01,05L,0,0
2022-05-01,05L,0,0
2023-12-01,05L,0,0
2023-03-01,05L,0,0
2025-03-01,05L,0,0
2022-04-01,05L,0,0
2024-12-01,05L,0,0
2022-09-01,05L,0,0
2024-10-01,05L,0,0
2021-11-01,05L,0,0
2022-03-01,05L,0,0
2023-05-01,05L,0,0
2024-05-01,05L,0,0
2025-02-01,05L,0,0
2023-04-01,05L,0,0
2025-12-01,05L,0,0
2023-06-01,05L,0,0
2021-07-01,05L,0,0
2022-02-01,05L,0,0
2023-09-01,05L,0,0
2023-02-01,05L,0,0
2026-06-01,05L,0,0
2023-10-01,05L,0,0
2026-02-01,05L,0,0
2026-05-01,05L,0,0
2023-11-01,05L,0,0
2024-02-01,05L,0,0
2025-05-01,05L,0,0
2025-10-01,05L,0,0
2022-12-01,05L,0,0
2025-09-01,05L,0,0
2023-08-01,05L,0,0
2023-07-01,05L,0,0
2022-08-01,05L,0,0
2026-01-01,05L,0,0
2021-10-01,05L,0,0
2025-08-01,05L,0,0
2024-08-01,05L,0,0
2021-08-01,05L,0,0
2021-09-01,05L,0,0
2025-04-01,05L,0,0
2025-01-01,05L,0,0
2023-01-01,05L,0,0
2022-10-01,05N,0,0
2024-03-01,05N,0,0
2025-03-01,05N,0,0
2026-02-01,05N,0,0
2026-06-01,05N,0,0
2023-03-01,05N,0,0
2022-07-01,05N,0,0
2025-12-01,05N,0,0
2026-03-01,05N,0,0
2026-05-01,05N,0,0
2024-06-01,05N,0,0
2022-01-01,05N,0,0
2022-09-01,05N,0,0
2022-03-01,05N,0,0
2024-04-01,05N,0,0
2024-11-01,05N,0,0
2022-11-01,05N,0,0
2021-09-01,05N,0,0
2022-04-01,05N,0,0
2025-05-01,05N,0,0
2025-10-01,05N,0,0
2023-07-01,05N,0,0
2023-10-01,05N,0,0
2024-08-01,05N,0,0
2025-04-01,05N,0,0
2021-12-01,05N,0,0
2022-06-01,05N,0,0
2023-02-01,05N,0,0
2022-08-01,05N,0,0
2024-01-01,05N,0,0
2025-11-01,05N,0,0
2022-12-01,05N,0,0
2021-11-01,05N,0,0
2023-01-01,05N,0,0
2026-01-01,05N,0,0
2024-12-01,05N,0,0
2025-06-01,05N,0,0
2023-08-01,05N,0,0
2024-09-01,05N,0,0
2024-05-01,05N,0,0
2024-07-01,05N,0,0
2023-05-01,05N,0,0
2021-07-01,05N,0,0
2022-02-01,05N,0,0
2025-07-01,05N,0,0
2024-02-01,05N,0,0
2022-05-01,05N,0,0
2026-04-01,05N,0,0
2024-10-01,05N,0,0
2023-09-01,05N,0,0
2021-08-01,05N,0,0
2021-10-01,05N,0,0
2025-09-01,05N,0,0
2023-04-01,05N,0,0
2023-06-01,05N,0,0
2025-08-01,05N,0,0
2021-06-01,05N,0,0
2025-01-01,05N,0,0
2023-11-01,05N,0,0
2023-12-01,05N,0,0
2025-02-01,05N,0,0
2024-06-01,05R,0,0
2026-06-01,05R,0,0
2022-07-01,05R,0,0
2025-01-01,05R,0,0
2021-12-01,05R,0,0
2023-01-01,05R,0,0
2024-12-01,05R,0,0
2024-09-01,05R,0,0
2025-03-01,05R,0,0
2021-10-01,05R,0,0
2026-05-01,05R,0,0
2023-09-01,05R,0,0
2022-06-01,05R,0,0
2022-08-01,05R,0,0
2023-07-01,05R,0,0
2022-10-01,05R,0,0
2025-09-01,05R,0,0
2022-09-01,05R,0,0
2023-08-01,05R,0,0
2025-07-01,05R,0,0
2023-12-01,05R,0,0
2024-02-01,05R,0,0
2023-04-01,05R,0,0
2022-04-01,05R,0,0
2023-02-01,05R,0,0
2026-03-01,05R,0,0
2024-03-01,05R,0,0
2024-05-01,05R,0,0
2021-07-01,05R,0,0
2025-04-01,05R,0,0
2021-11-01,05R,0,0
2025-08-01,05R,0,0
2022-11-01,05R,0,0
2026-02-01,05R,0,0
2022-02-01,05R,0,0
2023-05-01,05R,0,0
2024-07-01,05R,0,0
2024-01-01,05R,0,0
2024-04-01,05R,0,0
2025-02-01,05R,0,0
2025-10-01,05R,0,0
2025-11-01,05R,0,0
2023-11-01,05R,0,0
2023-10-01,05R,0,0
2023-06-01,05R,0,0
2024-08-01,05R,0,0
2024-10-01,05R,0,0
2025-12-01,05R,0,0
2024-11-01,05R,0,0
2026-04-01,05R,0,0
2026-01-01,05R,0,0
2021-06-01,05R,0,0
2022-12-01,05R,0,0
2023-03-01,05R,0,0
2025-06-01,05R,0,0
2021-08-01,05R,0,0
2022-01-01,05R,0,0
2025-05-01,05R,0,0
2022-05-01,05R,0,0
2021-09-01,05R,0,0
2022-03-01,05R,0,0
2023-10-01,05T,0,0
2022-08-01,05T,0,0
2023-06-01,05T,0,0
2022-10-01,05T,0,0
2025-02-01,05T,0,0
2025-09-01,05T,0,0
2024-03-01,05T,0,0
2024-11-01,05T,0,0
2026-03-01,05T,0,0
2024-02-01,05T,0,0
2021-12-01,05T,0,0
2022-04-01,05T,0,0
2024-08-01,05T,0,0
2021-06-01,05T,0,0
2024-09-01,05T,0,0
2022-11-01,05T,0,0
2026-02-01,05T,0,0
2026-06-01,05T,0,0
2023-12-01,05T,0,0
2024-12-01,05T,0,0
2022-09-01,05T,0,0
2024-05-01,05T,0,0
2024-10-01,05T,0,0
2023-09-01,05T,0,0
2025-08-01,05T,0,0
2025-11-01,05T,0,0
2023-02-01,05T,0,0
2024-06-01,05T,0,0
2025-04-01,05T,0,0
2025-01-01,05T,0,0
2025-05-01,05T,0,0
2025-12-01,05T,0,0
2023-03-01,05T,0,0
2023-04-01,05T,0,0
2023-07-01,05T,0,0
2025-07-01,05T,0,0
2023-05-01,05T,0,0
2022-06-01,05T,0,0
2024-04-01,05T,0,0
2025-06-01,05T,0,0
2025-10-01,05T,0,0
2023-08-01,05T,0,0
2021-09-01,05T,0,0
2022-07-01,05T,0,0
2022-05-01,05T,0,0
2022-12-01,05T,0,0
2021-08-01,05T,0,0
2023-11-01,05T,0,0
2026-05-01,05T,0,0
2022-03-01,05T,0,0
2021-10-01,05T,0,0
2022-01-01,05T,0,0
2026-01-01,05T,0,0
2021-07-01,05T,0,0
2026-04-01,05T,0,0
2022-02-01,05T,0,0
2021-11-01,05T,0,0
2024-01-01,05T,0,0
2023-01-01,05T,0,0
2024-07-01,05T,0,0
2025-03-01,05T,0,0
2025-12-01,05X,0,0
2021-07-01,05X,0,0
2024-08-01,05X,0,0
2025-05-01,05X,0,0
2023-08-01,05X,0,0
2026-03-01,05X,0,0
2026-04-01,05X,0,0
2026-01-01,05X,0,0
2022-02-01,05X,0,0
2022-10-01,05X,0,0
2023-04-01,05X,0,0
2023-09-01,05X,0,0
2021-10-01,05X,0,0
2023-12-01,05X,0,0
2024-10-01,05X,0,0
2025-09-01,05X,0,0
2023-02-01,05X,0,0
2023-07-01,05X,0,0
2021-09-01,05X,0,0
2025-07-01,05X,0,0
2026-06-01,05X,0,0
2022-09-01,05X,0,0
2022-12-01,05X,0,0
2021-08-01,05X,0,0
2024-05-01,05X,0,0
2025-02-01,05X,0,0
2022-03-01,05X,0,0
2022-04-01,05X,0,0
2022-11-01,05X,0,0
2025-01-01,05X,0,0
2025-10-01,05X,0,0
2024-06-01,05X,0,0
2022-08-01,05X,0,0
2026-05-01,05X,0,0
2025-03-01,05X,0,0
2023-01-01,05X,0,0
2023-03-01,05X,0,0
2024-07-01,05X,0,0
2024-09-01,05X,0,0
2023-05-01,05X,0,0
2024-04-01,05X,0,0
2025-08-01,05X,0,0
2021-11-01,05X,0,0
2023-06-01,05X,0,0
2024-01-01,05X,0,0
2024-02-01,05X,0,0
2021-06-01,05X,0,0
2025-11-01,05X,0,0
2022-06-01,05X,0,0
2024-03-01,05X,0,0
2022-07-01,05X,0,0
2024-11-01,05X,0,0
2025-06-01,05X,0,0
2022-05-01,05X,0,0
2023-10-01,05X,0,0
2024-12-01,05X,0,0
2025-04-01,05X,0,0
2021-12-01,05X,0,0
2026-02-01,05X,0,0
2022-01-01,05X,0,0
2023-11-01,05X,0,0
2022-06-01,05Y,0,0
2024-05-01,05Y,0,0
2026-06-01,05Y,0,0
2025-08-01,05Y,0,0
2022-09-01,05Y,0,0
2023-01-01,05Y,0,0
2026-03-01,05Y,0,0
2022-04-01,05Y,0,0
2022-12-01,05Y,0,0
2023-03-01,05Y,0,0
2024-10-01,05Y,0,0
2023-05-01,05Y,0,0
2021-12-01,05Y,0,0
2025-04-01,05Y,0,0
2025-03-01,05Y,0,0
2021-06-01,05Y,0,0
2025-05-01,05Y,0,0
2021-10-01,05Y,0,0
2023-10-01,05Y,0,0
2024-02-01,05Y,0,0
2022-01-01,05Y,0,0
2022-11-01,05Y,0,0
2024-03-01,05Y,0,0
2025-12-01,05Y,0,0
2022-02-01,05Y,0,0
2022-07-01,05Y,0,0
2023-02-01,05Y,0,0
2023-12-01,05Y,0,0
2025-02-01,05Y,0,0
2022-10-01,05Y,0,0
2023-09-01,05Y,0,0
2023-11-01,05Y,0,0
2021-09-01,05Y,0,0
2025-06-01,05Y,0,0
2025-10-01,05Y,0,0
2022-05-01,05Y,0,0
2023-06-01,05Y,0,0
2025-01-01,05Y,0,0
2021-08-01,05Y,0,0
2021-11-01,05Y,0,0
2022-03-01,05Y,0,0
2024-09-01,05Y,0,0
2026-01-01,05Y,0,0
2026-02-01,05Y,0,0
2021-07-01,05Y,0,0
2024-01-01,05Y,0,0
2024-08-01,05Y,0,0
2023-07-01,05Y,0,0
2024-07-01,05Y,0,0
2024-04-01,05Y,0,0
2022-08-01,05Y,0,0
2024-12-01,05Y,0,0
2023-08-01,05Y,0,0
2025-09-01,05Y,0,0
2024-06-01,05Y,0,0
2025-07-01,05Y,0,0
2025-11-01,05Y,0,0
2026-04-01,05Y,0,0
2026-05-01,05Y,0,0
2023-04-01,05Y,0,0
2024-11-01,05Y,0,0
2023-03-01,06A,0,0
2021-12-01,06A,0,0
2025-06-01,06A,0,0
2025-08-01,06A,0,0
2025-02-01,06A,0,0
2025-12-01,06A,0,0
2022-08-01,06A,0,0
2024-03-01,06A,0,0
2022-02-01,06A,0,0
2023-02-01,06A,0,0
2025-04-01,06A,0,0
2026-01-01,06A,0,0
2022-12-01,06A,0,0
2023-01-01,06A,0,0
2025-03-01,06A,0,0
2025-05-01,06A,0,0
2021-06-01,06A,0,0
2021-08-01,06A,0,0
2022-10-01,06A,0,0
2024-01-01,06A,0,0
2026-04-01,06A,0,0
2021-07-01,06A,0,0
2025-01-01,06A,0,0
2022-04-01,06A,0,0
2023-10-01,06A,0,0
2022-03-01,06A,0,0
2023-08-01,06A,0,0
2023-12-01,06A,0,0
2024-08-01,06A,0,0
2024-09-01,06A,0,0
2025-07-01,06A,0,0
2023-06-01,06A,0,0
2022-09-01,06A,0,0
2024-10-01,06A,0,0
2021-10-01,06A,0,0
2025-09-01,06A,0,0
2021-11-01,06A,0,0
2022-06-01,06A,0,0
2024-11-01,06A,0,0
2024-07-01,06A,0,0
2024-12-01,06A,0,0
2026-06-01,06A,0,0
2022-07-01,06A,0,0
2022-11-01,06A,0,0
2023-05-01,06A,0,0
2024-06-01,06A,0,0
2023-09-01,06A,0,0
2022-05-01,06A,0,0
2023-07-01,06A,0,0
2024-02-01,06A,0,0
2024-05-01,06A,0,0
2024-04-01,06A,0,0
2026-03-01,06A,0,0
2021-09-01,06A,0,0
2023-04-01,06A,0,0
2023-11-01,06A,0,0
2025-10-01,06A,0,0
2026-02-01,06A,0,0
2026-05-01,06A,0,0
2025-11-01,06A,0,0
2022-01-01,06A,0,0
2021-11-01,06D,0,0
2022-06-01,06D,0,0
2024-05-01,06D,0,0
2025-05-01,06D,0,0
2026-04-01,06D,0,0
2021-08-01,06D,0,0
2023-05-01,06D,0,0
2023-11-01,06D,0,0
2023-12-01,06D,0,0
2022-05-01,06D,0,0
2023-08-01,06D,0,0
2021-10-01,06D,0,0
2023-01-01,06D,0,0
2024-01-01,06D,0,0
2025-12-01,06D,0,0
2024-12-01,06D,0,0
2024-08-01,06D,0,0
2022-10-01,06D,0,0
2024-03-01,06D,0,0
2025-04-01,06D,0,0
2023-02-01,06D,0,0
2022-03-01,06D,0,0
2025-03-01,06D,0,0
2024-09-01,06D,0,0
2022-08-01,06D,0,0
2023-04-01,06D,0,0
2024-04-01,06D,0,0
2023-07-01,06D,0,0
2025-01-01,06D,0,0
2026-02-01,06D,0,0
2023-06-01,06D,0,0
2022-11-01,06D,0,0
2024-11-01,06D,0,0
2025-07-01,06D,0,0
2022-02-01,06D,0,0
2022-09-01,06D,0,0
2025-06-01,06D,0,0
2021-06-01,06D,0,0
2026-03-01,06D,0,0
2025-08-01,06D,0,0
2025-02-01,06D,0,0
2025-09-01,06D,0,0
2026-05-01,06D,0,0
2021-09-01,06D,0,0
2023-10-01,06D,0,0
2021-12-01,06D,0,0
2023-09-01,06D,0,0
2026-01-01,06D,0,0
2021-07-01,06D,0,0
2024-06-01,06D,0,0
2023-03-01,06D,0,0
2024-02-01,06D,0,0
2024-07-01,06D,0,0
2024-10-01,06D,0,0
2022-04-01,06D,0,0
2022-07-01,06D,0,0
2022-12-01,06D,0,0
2025-10-01,06D,0,0
2022-01-01,06D,0,0
2025-11-01,06D,0,0
2026-06-01,06D,0,0
2025-08-01,06F,0,0
2021-06-01,06F,0,0
2022-04-01,06F,0,0
2024-12-01,06F,0,0
2025-06-01,06F,0,0
2021-10-01,06F,0,0
2022-11-01,06F,0,0
2025-03-01,06F,0,0
2024-05-01,06F,0,0
2022-09-01,06F,0,0
2026-06-01,06F,0,0
2024-01-01,06F,0,0
2024-07-01,06F,0,0
2026-03-01,06F,0,0
2021-09-01,06F,0,0
2021-11-01,06F,0,0
2022-03-01,06F,0,0
2023-09-01,06F,0,0
2023-11-01,06F,0,0
2021-07-01,06F,0,0
2023-04-01,06F,0,0
2022-01-01,06F,0,0
2024-11-01,06F,0,0
2025-11-01,06F,0,0
2024-06-01,06F,0,0
2022-12-01,06F,0,0
2023-12-01,06F,0,0
2025-12-01,06F,0,0
2025-05-01,06F,0,0
2023-03-01,06F,0,0
2024-09-01,06F,0,0
2026-02-01,06F,0,0
2023-05-01,06F,0,0
2023-10-01,06F,0,0
2024-02-01,06F,0,0
2024-04-01,06F,0,0
2025-02-01,06F,0,0
2022-07-01,06F,0,0
2021-08-01,06F,0,0
2023-02-01,06F,0,0
2024-10-01,06F,0,0
2025-09-01,06F,0,0
2024-08-01,06F,0,0
2025-07-01,06F,0,0
2022-02-01,06F,0,0
2023-07-01,06F,0,0
2022-08-01,06F,0,0
2023-01-01,06F,0,0
2023-08-01,06F,0,0
2026-05-01,06F,0,0
2022-06-01,06F,0,0
2026-04-01,06F,0,0
2021-12-01,06F,0,0
2023-06-01,06F,0,0
2024-03-01,06F,0,0
2025-01-01,06F,0,0
2022-10-01,06F,0,0
2026-01-01,06F,0,0
2025-04-01,06F,0,0
2025-10-01,06F,0,0
2022-05-01,06F,0,0
2021-06-01,06M,0,0
2022-06-01,06M,0,0
2022-12-01,06M,0,0
2024-03-01,06M,0,0
2024-05-01,06M,0,0
2025-11-01,06M,0,0
2025-12-01,06M,0,0
2024-08-01,06M,0,0
2022-07-01,06M,0,0
2024-02-01,06M,0,0
2025-10-01,06M,0,0
2026-06-01,06M,0,0
2024-12-01,06M,0,0
2025-09-01,06M,0,0
2025-02-01,06M,0,0
2026-05-01,06M,0,0
2021-10-01,06M,0,0
2023-04-01,06M,0,0
2023-08-01,06M,0,0
2021-07-01,06M,0,0
2021-11-01,06M,0,0
2022-04-01,06M,0,0
2023-02-01,06M,0,0
2025-05-01,06M,0,0
2021-08-01,06M,0,0
2021-12-01,06M,0,0
2023-10-01,06M,0,0
2024-04-01,06M,0,0
2026-01-01,06M,0,0
2022-08-01,06M,0,0
2022-10-01,06M,0,0
2026-02-01,06M,0,0
2023-05-01,06M,0,0
2023-06-01,06M,0,0
2023-09-01,06M,0,0
2023-11-01,06M,0,0
2024-09-01,06M,0,0
2021-09-01,06M,0,0
2023-07-01,06M,0,0
2022-05-01,06M,0,0
2022-01-01,06M,0,0
2023-03-01,06M,0,0
2026-03-01,06M,0,0
2022-02-01,06M,0,0
2024-11-01,06M,0,0
2022-03-01,06M,0,0
2023-12-01,06M,0,0
2022-09-01,06M,0,0
2025-06-01,06M,0,0
2025-08-01,06M,0,0
2024-06-01,06M,0,0
2024-10-01,06M,0,0
2025-01-01,06M,0,0
2022-11-01,06M,0,0
2023-01-01,06M,0,0
2024-07-01,06M,0,0
2026-04-01,06M,0,0
2025-07-01,06M,0,0
2025-03-01,06M,0,0
2024-01-01,06M,0,0
2025-04-01,06M,0,0
2025-04-01,06P,0,0
2025-09-01,06P,0,0
2022-02-01,06P,0,0
2023-03-01,06P,0,0
2024-06-01,06P,0,0
2026-06-01,06P,0,0
2025-03-01,06P,0,0
2025-10-01,06P,0,0
2026-02-01,06P,0,0
2022-08-01,06P,0,0
2025-01-01,06P,0,0
2023-04-01,06P,0,0
2026-01-01,06P,0,0
2021-12-01,06P,0,0
2022-11-01,06P,0,0
2023-10-01,06P,0,0
2025-12-01,06P,0,0
2023-08-01,06P,0,0
2022-03-01,06P,0,0
2023-06-01,06P,0,0
2025-05-01,06P,0,0
2022-04-01,06P,0,0
2024-07-01,06P,0,0
2021-11-01,06P,0,0
2023-02-01,06P,0,0
2024-02-01,06P,0,0
2025-06-01,06P,0,0
2024-09-01,06P,0,0
2024-12-01,06P,0,0
2021-09-01,06P,0,0
2026-05-01,06P,0,0
2024-10-01,06P,0,0
2025-08-01,06P,0,0
2024-01-01,06P,0,0
2021-08-01,06P,0,0
2022-06-01,06P,0,0
2023-07-01,06P,0,0
2023-09-01,06P,0,0
2024-11-01,06P,0,0
2026-03-01,06P,0,0
2022-12-01,06P,0,0
2024-04-01,06P,0,0
2022-05-01,06P,0,0
2022-07-01,06P,0,0
2024-03-01,06P,0,0
2025-02-01,06P,0,0
2022-10-01,06P,0,0
2022-09-01,06P,0,0
2024-05-01,06P,0,0
2023-05-01,06P,0,0
2023-11-01,06P,0,0
2021-07-01,06P,0,0
2022-01-01,06P,0,0
2025-07-01,06P,0,0
2025-11-01,06P,0,0
2026-04-01,06P,0,0
2023-12-01,06P,0,0
2024-08-01,06P,0,0
2023-01-01,06P,0,0
2021-06-01,06P,0,0
2021-10-01,06P,0,0
2024-05-01,06W,0,0
2022-02-01,06W,0,0
2025-06-01,06W,0,0
2024-04-01,06W,0,0
2026-03-01,06W,0,0
2022-10-01,06W,0,0
2025-05-01,06W,0,0
2022-11-01,06W,0,0
2023-06-01,06W,0,0
2021-09-01,06W,0,0
2023-05-01,06W,0,0
2021-06-01,06W,0,0
2025-04-01,06W,0,0
2021-12-01,06W,0,0
2025-01-01,06W,0,0
2026-05-01,06W,0,0
2023-10-01,06W,0,0
2024-12-01,06W,0,0
2023-03-01,06W,0,0
2023-04-01,06W,0,0
2025-11-01,06W,0,0
2021-10-01,06W,0,0
2022-04-01,06W,0,0
2023-08-01,06W,0,0
2025-12-01,06W,0,0
2023-12-01,06W,0,0
2024-03-01,06W,0,0
2024-08-01,06W,0,0
2022-01-01,06W,0,0
2022-05-01,06W,0,0
2024-01-01,06W,0,0
2022-03-01,06W,0,0
2023-11-01,06W,0,0
2022-08-01,06W,0,0
2021-07-01,06W,0,0
2026-04-01,06W,0,0
2021-08-01,06W,0,0
2023-02-01,06W,0,0
2024-10-01,06W,0,0
2024-02-01,06W,0,0
2022-12-01,06W,0,0
2023-01-01,06W,0,0
2025-03-01,06W,0,0
2026-01-01,06W,0,0
2022-07-01,06W,0,0
2023-07-01,06W,0,0
2026-06-01,06W,0,0
2023-09-01,06W,0,0
2025-08-01,06W,0,0
2021-11-01,06W,0,0
2025-09-01,06W,0,0
2022-09-01,06W,0,0
2024-06-01,06W,0,0
2024-11-01,06W,0,0
2022-06-01,06W,0,0
2025-10-01,06W,0,0
2024-09-01,06W,0,0
2024-07-01,06W,0,0
2025-02-01,06W,0,0
2026-02-01,06W,0,0
2025-07-01,06W,0,0
2021-10-01,06Y,0,0
2023-01-01,06Y,0,0
2025-10-01,06Y,0,0
2023-11-01,06Y,0,0
2024-07-01,06Y,0,0
2024-10-01,06Y,0,0
2023-03-01,06Y,0,0
2024-04-01,06Y,0,0
2025-11-01,06Y,0,0
2026-05-01,06Y,0,0
2026-04-01,06Y,0,0
2023-06-01,06Y,0,0
2023-12-01,06Y,0,0
2026-01-01,06Y,0,0
2026-03-01,06Y,0,0
2022-07-01,06Y,0,0
2024-05-01,06Y,0,0
2026-02-01,06Y,0,0
2022-08-01,06Y,0,0
2022-03-01,06Y,0,0
2022-11-01,06Y,0,0
2022-10-01,06Y,0,0
2025-06-01,06Y,0,0
2024-09-01,06Y,0,0
2024-12-01,06Y,0,0
2025-07-01,06Y,0,0
2021-07-01,06Y,0,0
2024-11-01,06Y,0,0
2021-11-01,06Y,0,0
2024-03-01,06Y,0,0
2025-04-01,06Y,0,0
2025-05-01,06Y,0,0
2022-06-01,06Y,0,0
2021-06-01,06Y,0,0
2022-04-01,06Y,0,0
2022-05-01,06Y,0,0
2023-02-01,06Y,0,0
2025-12-01,06Y,0,0
2023-05-01,06Y,0,0
2025-09-01,06Y,0,0
2021-09-01,06Y,0,0
2025-01-01,06Y,0,0
2021-12-01,06Y,0,0
2023-08-01,06Y,0,0
2021-08-01,06Y,0,0
2026-06-01,06Y,0,0
2025-08-01,06Y,0,0
2024-01-01,06Y,0,0
2023-04-01,06Y,0,0
2024-02-01,06Y,0,0
2025-02-01,06Y,0,0
2022-02-01,06Y,0,0
2025-03-01,06Y,0,0
2023-07-01,06Y,0,0
2024-06-01,06Y,0,0
2022-12-01,06Y,0,0
2023-09-01,06Y,0,0
2024-08-01,06Y,0,0
2022-01-01,06Y,0,0
2022-09-01,06Y,0,0
2023-10-01,06Y,0,0
2026-06-01,07L,0,0
2021-12-01,07L,0,0
2026-02-01,07L,0,0
2022-06-01,07L,0,0
2023-08-01,07L,0,0
2026-03-01,07L,0,0
2023-07-01,07L,0,0
2025-07-01,07L,0,0
2021-09-01,07L,0,0
2024-12-01,07L,0,0
2025-12-01,07L,0,0
2024-01-01,07L,0,0
2025-04-01,07L,0,0
2022-11-01,07L,0,0
2022-12-01,07L,0,0
2024-04-01,07L,0,0
2026-01-01,07L,0,0
2025-09-01,07L,0,0
2023-03-01,07L,0,0
2023-11-01,07L,0,0
2026-04-01,07L,0,0
2023-12-01,07L,0,0
2024-03-01,07L,0,0
2024-11-01,07L,0,0
2023-10-01,07L,0,0
2024-02-01,07L,0,0
2024-05-01,07L,0,0
2024-07-01,07L,0,0
2024-06-01,07L,0,0
2021-08-01,07L,0,0
2022-09-01,07L,0,0
2025-05-01,07L,0,0
2023-05-01,07L,0,0
2023-01-01,07L,0,0
2025-08-01,07L,0,0
2021-11-01,07L,0,0
2024-08-01,07L,0,0
2026-05-01,07L,0,0
2022-03-01,07L,0,0
2023-02-01,07L,0,0
2022-02-01,07L,0,0
2025-06-01,07L,0,0
2021-10-01,07L,0,0
2023-06-01,07L,0,0
2024-10-01,07L,0,0
2022-01-01,07L,0,0
2023-09-01,07L,0,0
2025-01-01,07L,0,0
2022-05-01,07L,0,0
2022-10-01,07L,0,0
2021-06-01,07L,0,0
2022-07-01,07L,0,0
2025-10-01,07L,0,0
2021-07-01,07L,0,0
2023-04-01,07L,0,0
2025-11-01,07L,0,0
2025-03-01,07L,0,0
2022-08-01,07L,0,0
2024-09-01,07L,0,0
2022-04-01,07L,0,0
2025-02-01,07L,0,0
2024-04-01,07M,0,0
2024-08-01,07M,0,0
2022-02-01,07M,0,0
2022-12-01,07M,0,0
2026-02-01,07M,0,0
2025-02-01,07M,0,0
2026-05-01,07M,0,0
2022-11-01,07M,0,0
2024-05-01,07M,0,0
2024-03-01,07M,0,0
2026-01-01,07M,0,0
2026-06-01,07M,0,0
2023-09-01,07M,0,0
2026-03-01,07M,0,0
2022-10-01,07M,0,0
2023-11-01,07M,0,0
2023-12-01,07M,0,0
2024-07-01,07M,0,0
2024-12-01,07M,0,0
2023-02-01,07M,0,0
2024-11-01,07M,0,0
2025-01-01,07M,0,0
2021-10-01,07M,0,0
2025-03-01,07M,0,0
2025-10-01,07M,0,0
2023-04-01,07M,0,0
2023-10-01,07M,0,0
2022-03-01,07M,0,0
2023-01-01,07M,0,0
2024-09-01,07M,0,0
2025-05-01,07M,0,0
2023-07-01,07M,0,0
2025-08-01,07M,0,0
2025-11-01,07M,0,0
2024-02-01,07M,0,0
2022-04-01,07M,0,0
2022-06-01,07M,0,0
2022-07-01,07M,0,0
2023-05-01,07M,0,0
2023-06-01,07M,0,0
2023-03-01,07M,0,0
2025-09-01,07M,0,0
2022-08-01,07M,0,0
2025-12-01,07M,0,0
2021-07-01,07M,0,0
2024-10-01,07M,0,0
2021-12-01,07M,0,0
2024-01-01,07M,0,0
2025-07-01,07M,0,0
2026-04-01,07M,0,0
2021-06-01,07M,0,0
2021-11-01,07M,0,0
2024-06-01,07M,0,0
2022-09-01,07M,0,0
2023-08-01,07M,0,0
2022-01-01,07M,0,0
2025-04-01,07M,0,0
2022-05-01,07M,0,0
2021-08-01,07M,0,0
2021-09-01,07M,0,0
2025-06-01,07M,0,0
2022-02-01,07N,0,0
2022-12-01,07N,0,0
2023-03-01,07N,0,0
2024-01-01,07N,0,0
2024-02-01,07N,0,0
2023-01-01,07N,0,0
2025-02-01,07N,0,0
2022-06-01,07N,0,0
2024-12-01,07N,0,0
2022-08-01,07N,0,0
2021-11-01,07N,0,0
2025-03-01,07N,0,0
2026-02-01,07N,0,0
2025-07-01,07N,0,0
2023-10-01,07N,0,0
2025-01-01,07N,0,0
2026-01-01,07N,0,0
2025-12-01,07N,0,0
2023-12-01,07N,0,0
2022-01-01,07N,0,0
2024-10-01,07N,0,0
2025-04-01,07N,0,0
2024-09-01,07N,0,0
2021-12-01,07N,0,0
2024-04-01,07N,0,0
2024-11-01,07N,0,0
2025-08-01,07N,0,0
2023-04-01,07N,0,0
2025-10-01,07N,0,0
2023-05-01,07N,0,0
2022-03-01,07N,0,0
2023-08-01,07N,0,0
2021-09-01,07N,0,0
2022-04-01,07N,0,0
2024-05-01,07N,0,0
2026-03-01,07N,0,0
2021-07-01,07N,0,0
2024-06-01,07N,0,0
2025-09-01,07N,0,0
2026-05-01,07N,0,0
2021-10-01,07N,0,0
2022-05-01,07N,0,0
2022-11-01,07N,0,0
2026-06-01,07N,0,0
2023-11-01,07N,0,0
2024-03-01,07N,0,0
2022-10-01,07N,0,0
2023-06-01,07N,0,0
2023-07-01,07N,0,0
2023-02-01,07N,0,0
2023-09-01,07N,0,0
2024-08-01,07N,0,0
2021-08-01,07N,0,0
2021-06-01,07N,0,0
2022-07-01,07N,0,0
2022-09-01,07N,0,0
2025-06-01,07N,0,0
2024-07-01,07N,0,0
2025-05-01,07N,0,0
2025-11-01,07N,0,0
2026-04-01,07N,0,0
2025-02-01,07P,0,0
2022-01-01,07P,0,0
2022-03-01,07P,0,0
2023-08-01,07P,0,0
2023-12-01,07P,0,0
2024-01-01,07P,0,0
2024-04-01,07P,0,0
2025-12-01,07P,0,0
2022-09-01,07P,0,0
2022-07-01,07P,0,0
2024-10-01,07P,0,0
2023-04-01,07P,0,0
2024-07-01,07P,0,0
2022-02-01,07P,0,0
2023-03-01,07P,0,0
2024-06-01,07P,0,0
2024-09-01,07P,0,0
2023-05-01,07P,0,0
2026-02-01,07P,0,0
2024-03-01,07P,0,0
2022-12-01,07P,0,0
2024-11-01,07P,0,0
2025-10-01,07P,0,0
2021-06-01,07P,0,0
2025-08-01,07P,0,0
2021-10-01,07P,0,0
2025-03-01,07P,0,0
2025-06-01,07P,0,0
2026-01-01,07P,0,0
2026-06-01,07P,0,0
2023-01-01,07P,0,0
2025-01-01,07P,0,0
2025-11-01,07P,0,0
2022-05-01,07P,0,0
2023-02-01,07P,0,0
2023-07-01,07P,0,0
2026-04-01,07P,0,0
2026-05-01,07P,0,0
2024-12-01,07P,0,0
2022-10-01,07P,0,0
2023-11-01,07P,0,0
2024-05-01,07P,0,0
2025-07-01,07P,0,0
2022-06-01,07P,0,0
2023-10-01,07P,0,0
2025-09-01,07P,0,0
2025-05-01,07P,0,0
2026-03-01,07P,0,0
2021-09-01,07P,0,0
2022-11-01,07P,0,0
2023-06-01,07P,0,0
2023-09-01,07P,0,0
2021-07-01,07P,0,0
2022-08-01,07P,0,0
2025-04-01,07P,0,0
2021-11-01,07P,0,0
2024-08-01,07P,0,0
2021-08-01,07P,0,0
2024-02-01,07P,0,0
2021-12-01,07P,0,0
2022-04-01,07P,0,0
2025-02-01,07R,0,0
2021-08-01,07R,0,0
2022-05-01,07R,0,0
2023-01-01,07R,0,0
2022-02-01,07R,0,0
2025-11-01,07R,0,0
2023-04-01,07R,0,0
2024-05-01,07R,0,0
2024-03-01,07R,0,0
2026-05-01,07R,0,0
2024-12-01,07R,0,0
2022-09-01,07R,0,0
2022-04-01,07R,0,0
2023-05-01,07R,0,0
2023-11-01,07R,0,0
2022-08-01,07R,0,0
2024-02-01,07R,0,0
2021-09-01,07R,0,0
2023-06-01,07R,0,0
2025-04-01,07R,0,0
2021-10-01,07R,0,0
2023-07-01,07R,0,0
2021-11-01,07R,0,0
2024-11-01,07R,0,0
2023-08-01,07R,0,0
2024-08-01,07R,0,0
2025-07-01,07R,0,0
2026-02-01,07R,0,0
2021-06-01,07R,0,0
2022-12-01,07R,0,0
2025-05-01,07R,0,0
2022-10-01,07R,0,0
2026-06-01,07R,0,0
2023-03-01,07R,0,0
2025-01-01,07R,0,0
2025-12-01,07R,0,0
2026-01-01,07R,0,0
2023-10-01,07R,0,0
2026-03-01,07R,0,0
2022-03-01,07R,0,0
2022-11-01,07R,0,0
2021-12-01,07R,0,0
2022-01-01,07R,0,0
2023-02-01,07R,0,0
2024-07-01,07R,0,0
2022-07-01,07R,0,0
2025-09-01,07R,0,0
2024-09-01,07R,0,0
2025-10-01,07R,0,0
2023-09-01,07R,0,0
2024-06-01,07R,0,0
2025-08-01,07R,0,0
2022-06-01,07R,0,0
2024-04-01,07R,0,0
2021-07-01,07R,0,0
2024-01-01,07R,0,0
2025-03-01,07R,0,0
2025-06-01,07R,0,0
2023-12-01,07R,0,0
2024-10-01,07R,0,0
2026-04-01,07R,0,0
2023-09-01,07T,0,0
2025-03-01,07T,0,0
2022-07-01,07T,0,0
2023-11-01,07T,0,0
2021-12-01,07T,0,0
2023-10-01,07T,0,0
2022-02-01,07T,0,0
2026-06-01,07T,0,0
2025-01-01,07T,0,0
2021-06-01,07T,0,0
2021-11-01,07T,0,0
2022-12-01,07T,0,0
2023-04-01,07T,0,0
2022-01-01,07T,0,0
2021-08-01,07T,0,0
2022-05-01,07T,0,0
2023-02-01,07T,0,0
2022-03-01,07T,0,0
2022-08-01,07T,0,0
2022-11-01,07T,0,0
2023-01-01,07T,0,0
2025-12-01,07T,0,0
2024-07-01,07T,0,0
2025-10-01,07T,0,0
2026-03-01,07T,0,0
2024-04-01,07T,0,0
2024-12-01,07T,0,0
2025-06-01,07T,0,0
2025-07-01,07T,0,0
2026-05-01,07T,0,0
2024-02-01,07T,0,0
2025-05-01,07T,0,0
2023-05-01,07T,0,0
2025-11-01,07T,0,0
2022-09-01,07T,0,0
2024-10-01,07T,0,0
2026-01-01,07T,0,0
2022-10-01,07T,0,0
2025-02-01,07T,0,0
2022-04-01,07T,0,0
2024-08-01,07T,0,0
2025-09-01,07T,0,0
2024-05-01,07T,0,0
2023-08-01,07T,0,0
2024-11-01,07T,0,0
2021-09-01,07T,0,0
2021-10-01,07T,0,0
2025-04-01,07T,0,0
2026-02-01,07T,0,0
2023-07-01,07T,0,0
2026-04-01,07T,0,0
2024-01-01,07T,0,0
2021-07-01,07T,0,0
2024-06-01,07T,0,0
2022-06-01,07T,0,0
2023-03-01,07T,0,0
2023-06-01,07T,0,0
2023-12-01,07T,0,0
2025-08-01,07T,0,0
2024-09-01,07T,0,0
2024-03-01,07T,0,0
2021-09-01,07V,0,0
2023-12-01,07V,0,0
2025-05-01,07V,0,0
2025-01-01,07V,0,0
2025-02-01,07V,0,0
2022-03-01,07V,0,0
2022-12-01,07V,0,0
2025-06-01,07V,0,0
2026-01-01,07V,0,0
2022-02-01,07V,0,0
2024-12-01,07V,0,0
2025-04-01,07V,0,0
2025-09-01,07V,0,0
2023-07-01,07V,0,0
2026-03-01,07V,0,0
2021-12-01,07V,0,0
2023-11-01,07V,0,0
2024-09-01,07V,0,0
2025-08-01,07V,0,0
2023-09-01,07V,0,0
2024-01-01,07V,0,0
2025-12-01,07V,0,0
2022-07-01,07V,0,0
2024-07-01,07V,0,0
2021-10-01,07V,0,0
2022-08-01,07V,0,0
2024-05-01,07V,0,0
2022-10-01,07V,0,0
2024-10-01,07V,0,0
2021-07-01,07V,0,0
2023-02-01,07V,0,0
2024-06-01,07V,0,0
2026-05-01,07V,0,0
2022-04-01,07V,0,0
2023-06-01,07V,0,0
2021-08-01,07V,0,0
2026-02-01,07V,0,0
2024-04-01,07V,0,0
2025-03-01,07V,0,0
2023-01-01,07V,0,0
2023-05-01,07V,0,0
2025-11-01,07V,0,0
2023-03-01,07V,0,0
2023-08-01,07V,0,0
2025-10-01,07V,0,0
2022-09-01,07V,0,0
2022-06-01,07V,0,0
2025-07-01,07V,0,0
2022-05-01,07V,0,0
2024-08-01,07V,0,0
2026-04-01,07V,0,0
2021-06-01,07V,0,0
2022-01-01,07V,0,0
2026-06-01,07V,0,0
2024-02-01,07V,0,0
2022-11-01,07V,0,0
2023-04-01,07V,0,0
2024-03-01,07V,0,0
2021-11-01,07V,0,0
2023-10-01,07V,0,0
2024-11-01,07V,0,0
2026-01-01,07W,0,0
2024-05-01,07W,0,0
2021-06-01,07W,0,0
2026-04-01,07W,0,0
2025-02-01,07W,0,0
2023-05-01,07W,0,0
2025-04-01,07W,0,0
2023-06-01,07W,0,0
2022-11-01,07W,0,0
2026-05-01,07W,0,0
2024-12-01,07W,0,0
2022-04-01,07W,0,0
2023-02-01,07W,0,0
2023-07-01,07W,0,0
2024-02-01,07W,0,0
2021-12-01,07W,0,0
2023-11-01,07W,0,0
2024-03-01,07W,0,0
2025-07-01,07W,0,0
2026-02-01,07W,0,0
2022-12-01,07W,0,0
2024-01-01,07W,0,0
2024-07-01,07W,0,0
2023-08-01,07W,0,0
2024-06-01,07W,0,0
2023-12-01,07W,0,0
2022-05-01,07W,0,0
2025-08-01,07W,0,0
2021-07-01,07W,0,0
2022-09-01,07W,0,0
2025-05-01,07W,0,0
2021-09-01,07W,0,0
2022-01-01,07W,0,0
2022-06-01,07W,0,0
2023-09-01,07W,0,0
2021-11-01,07W,0,0
2022-03-01,07W,0,0
2023-03-01,07W,0,0
2023-10-01,07W,0,0
2025-01-01,07W,0,0
2025-11-01,07W,0,0
2026-06-01,07W,0,0
2022-07-01,07W,0,0
2025-03-01,07W,0,0
2025-12-01,07W,0,0
2022-02-01,07W,0,0
2024-04-01,07W,0,0
2022-08-01,07W,0,0
2025-06-01,07W,0,0
2021-10-01,07W,0,0
2024-09-01,07W,0,0
2024-10-01,07W,0,0
2023-01-01,07W,0,0
2025-10-01,07W,0,0
2022-10-01,07W,0,0
2025-09-01,07W,0,0
2026-03-01,07W,0,0
2023-04-01,07W,0,0
2024-08-01,07W,0,0
2024-11-01,07W,0,0
2021-08-01,07W,0,0
2021-06-01,07X,0,0
2025-03-01,07X,0,0
2022-07-01,07X,0,0
2026-01-01,07X,0,0
2024-01-01,07X,0,0
2022-03-01,07X,0,0
2023-04-01,07X,0,0
2025-02-01,07X,0,0
2021-08-01,07X,0,0
2023-12-01,07X,0,0
2025-06-01,07X,0,0
2024-07-01,07X,0,0
2022-06-01,07X,0,0
2023-08-01,07X,0,0
2024-04-01,07X,0,0
2024-09-01,07X,0,0
2025-11-01,07X,0,0
2026-04-01,07X,0,0
2026-05-01,07X,0,0
2022-08-01,07X,0,0
2024-08-01,07X,0,0
2021-07-01,07X,0,0
2022-11-01,07X,0,0
2025-04-01,07X,0,0
2021-12-01,07X,0,0
2023-06-01,07X,0,0
2024-10-01,07X,0,0
2024-03-01,07X,0,0
2022-12-01,07X,0,0
2025-12-01,07X,0,0
2024-12-01,07X,0,0
2022-01-01,07X,0,0
2024-05-01,07X,0,0
2024-11-01,07X,0,0
2023-07-01,07X,0,0
2025-05-01,07X,0,0
2022-04-01,07X,0,0
2023-03-01,07X,0,0
2022-02-01,07X,0,0
2023-05-01,07X,0,0
2026-06-01,07X,0,0
2023-10-01,07X,0,0
2021-11-01,07X,0,0
2023-11-01,07X,0,0
2021-10-01,07X,0,0
2022-09-01,07X,0,0
2023-01-01,07X,0,0
2025-09-01,07X,0,0
2026-03-01,07X,0,0
2022-10-01,07X,0,0
2026-02-01,07X,0,0
2022-05-01,07X,0,0
2023-02-01,07X,0,0
2023-09-01,07X,0,0
2021-09-01,07X,0,0
2025-07-01,07X,0,0
2025-08-01,07X,0,0
2025-10-01,07X,0,0
2024-02-01,07X,0,0
2024-06-01,07X,0,0
2025-01-01,07X,0,0
2023-03-01,07Y,0,0
2023-09-01,07Y,0,0
2023-11-01,07Y,0,0
2022-11-01,07Y,0,0
2022-10-01,07Y,0,0
2023-12-01,07Y,0,0
2025-06-01,07Y,0,0
2025-08-01,07Y,0,0
2023-07-01,07Y,0,0
2024-04-01,07Y,0,0
2022-04-01,07Y,0,0
2025-11-01,07Y,0,0
2026-04-01,07Y,0,0
2022-03-01,07Y,0,0
2023-02-01,07Y,0,0
2021-08-01,07Y,0,0
2025-02-01,07Y,0,0
2021-06-01,07Y,0,0
2025-04-01,07Y,0,0
2023-08-01,07Y,0,0
2022-06-01,07Y,0,0
2023-10-01,07Y,0,0
2026-03-01,07Y,0,0
2022-12-01,07Y,0,0
2026-01-01,07Y,0,0
2025-05-01,07Y,0,0
2022-02-01,07Y,0,0
2025-01-01,07Y,0,0
2026-06-01,07Y,0,0
2021-09-01,07Y,0,0
2021-10-01,07Y,0,0
2022-08-01,07Y,0,0
2023-01-01,07Y,0,0
2024-01-01,07Y,0,0
2024-05-01,07Y,0,0
2024-12-01,07Y,0,0
2025-03-01,07Y,0,0
2022-09-01,07Y,0,0
2021-11-01,07Y,0,0
2022-01-01,07Y,0,0
2024-10-01,07Y,0,0
2025-07-01,07Y,0,0
2025-10-01,07Y,0,0
2021-12-01,07Y,0,0
2023-06-01,07Y,0,0
2026-05-01,07Y,0,0
2023-04-01,07Y,0,0
2024-03-01,07Y,0,0
2024-09-01,07Y,0,0
2024-06-01,07Y,0,0
2026-02-01,07Y,0,0
2022-07-01,07Y,0,0
2024-02-01,07Y,0,0
2021-07-01,07Y,0,0
2022-05-01,07Y,0,0
2024-08-01,07Y,0,0
2025-09-01,07Y,0,0
2024-07-01,07Y,0,0
2023-05-01,07Y,0,0
2024-11-01,07Y,0,0
2025-12-01,07Y,0,0
2021-06-01,08A,0,0
2021-11-01,08A,0,0
2021-07-01,08A,0,0
2024-10-01,08A,0,0
2025-11-01,08A,0,0
2026-04-01,08A,0,0
2025-07-01,08A,0,0
2024-04-01,08A,0,0
2026-06-01,08A,0,0
2023-04-01,08A,0,0
2025-05-01,08A,0,0
2022-03-01,08A,0,0
2022-10-01,08A,0,0
2024-06-01,08A,0,0
2021-12-01,08A,0,0
2023-02-01,08A,0,0
2023-05-01,08A,0,0
2026-01-01,08A,0,0
2021-09-01,08A,0,0
2024-03-01,08A,0,0
2023-03-01,08A,0,0
2022-04-01,08A,0,0
2023-09-01,08A,0,0
2026-02-01,08A,0,0
2025-08-01,08A,0,0
2025-10-01,08A,0,0
2023-12-01,08A,0,0
2022-12-01,08A,0,0
2023-01-01,08A,0,0
2023-07-01,08A,0,0
2023-10-01,08A,0,0
2024-01-01,08A,0,0
2024-07-01,08A,0,0
2023-11-01,08A,0,0
2025-03-01,08A,0,0
2022-08-01,08A,0,0
2022-01-01,08A,0,0
2025-04-01,08A,0,0
2026-03-01,08A,0,0
2022-07-01,08A,0,0
2021-10-01,08A,0,0
2022-11-01,08A,0,0
2022-02-01,08A,0,0
2026-05-01,08A,0,0
2024-05-01,08A,0,0
2024-12-01,08A,0,0
2023-08-01,08A,0,0
2023-06-01,08A,0,0
2022-09-01,08A,0,0
2024-09-01,08A,0,0
2022-05-01,08A,0,0
2022-06-01,08A,0,0
2024-11-01,08A,0,0
2024-02-01,08A,0,0
2024-08-01,08A,0,0
2021-08-01,08A,0,0
2025-06-01,08A,0,0
2025-09-01,08A,0,0
2025-12-01,08A,0,0
2025-01-01,08A,0,0
2025-02-01,08A,0,0
2024-01-01,08C,0,0
2024-05-01,08C,0,0
2024-09-01,08C,0,0
2024-08-01,08C,0,0
2025-08-01,08C,0,0
2026-01-01,08C,0,0
2026-05-01,08C,0,0
2023-05-01,08C,0,0
2025-06-01,08C,0,0
2022-01-01,08C,0,0
2025-09-01,08C,0,0
2022-04-01,08C,0,0
2021-10-01,08C,0,0
2026-04-01,08C,0,0
2025-11-01,08C,0,0
2024-12-01,08C,0,0
2022-06-01,08C,0,0
2025-02-01,08C,0,0
2024-10-01,08C,0,0
2021-06-01,08C,0,0
2022-10-01,08C,0,0
2022-12-01,08C,0,0
2022-03-01,08C,0,0
2024-02-01,08C,0,0
2022-02-01,08C,0,0
2022-07-01,08C,0,0
2023-03-01,08C,0,0
2022-09-01,08C,0,0
2025-12-01,08C,0,0
2026-03-01,08C,0,0
2025-04-01,08C,0,0
2025-03-01,08C,0,0
2025-05-01,08C,0,0
2021-09-01,08C,0,0
2022-08-01,08C,0,0
2023-07-01,08C,0,0
2026-06-01,08C,0,0
2023-04-01,08C,0,0
2023-09-01,08C,0,0
2021-11-01,08C,0,0
2023-10-01,08C,0,0
2021-08-01,08C,0,0
2023-01-01,08C,0,0
2023-12-01,08C,0,0
2024-11-01,08C,0,0
2026-02-01,08C,0,0
2023-02-01,08C,0,0
2023-11-01,08C,0,0
2024-03-01,08C,0,0
2022-05-01,08C,0,0
2024-04-01,08C,0,0
2021-07-01,08C,0,0
2023-06-01,08C,0,0
2024-07-01,08C,0,0
2023-08-01,08C,0,0
2025-07-01,08C,0,0
2025-01-01,08C,0,0
2024-06-01,08C,0,0
2025-10-01,08C,0,0
2021-12-01,08C,0,0
2022-11-01,08C,0,0
2025-12-01,08D,0,0
2025-07-01,08D,0,0
2023-11-01,08D,0,0
2022-07-01,08D,0,0
2024-03-01,08D,0,0
2024-09-01,08D,0,0
2022-08-01,08D,0,0
2024-11-01,08D,0,0
2021-09-01,08D,0,0
2022-09-01,08D,0,0
2025-02-01,08D,0,0
2023-04-01,08D,0,0
2025-05-01,08D,0,0
2026-03-01,08D,0,0
2023-07-01,08D,0,0
2022-01-01,08D,0,0
2022-02-01,08D,0,0
2023-02-01,08D,0,0
2024-08-01,08D,0,0
2024-12-01,08D,0,0
2022-05-01,08D,0,0
2023-06-01,08D,0,0
2024-10-01,08D,0,0
2021-11-01,08D,0,0
2024-05-01,08D,0,0
2021-06-01,08D,0,0
2022-11-01,08D,0,0
2025-03-01,08D,0,0
2022-04-01,08D,0,0
2023-08-01,08D,0,0
2021-12-01,08D,0,0
2022-03-01,08D,0,0
2024-07-01,08D,0,0
2026-04-01,08D,0,0
2025-06-01,08D,0,0
2023-09-01,08D,0,0
2024-02-01,08D,0,0
2025-01-01,08D,0,0
2025-08-01,08D,0,0
2025-10-01,08D,0,0
2022-06-01,08D,0,0
2022-12-01,08D,0,0
2023-03-01,08D,0,0
2021-10-01,08D,0,0
2023-05-01,08D,0,0
2025-09-01,08D,0,0
2025-04-01,08D,0,0
2023-01-01,08D,0,0
2024-06-01,08D,0,0
2023-10-01,08D,0,0
2026-05-01,08D,0,0
2023-12-01,08D,0,0
2026-02-01,08D,0,0
2024-01-01,08D,0,0
2024-04-01,08D,0,0
2025-11-01,08D,0,0
2026-01-01,08D,0,0
2026-06-01,08D,0,0
2021-08-01,08D,0,0
2022-10-01,08D,0,0
2021-07-01,08D,0,0
2022-07-01,08E,0,0
2025-07-01,08E,0,0
2021-10-01,08E,0,0
2022-01-01,08E,0,0
2025-04-01,08E,0,0
2021-11-01,08E,0,0
2023-05-01,08E,0,0
2024-09-01,08E,0,0
2022-08-01,08E,0,0
2021-07-01,08E,0,0
2024-07-01,08E,0,0
2023-09-01,08E,0,0
2024-01-01,08E,0,0
2023-02-01,08E,0,0
2025-01-01,08E,0,0
2026-02-01,08E,0,0
2022-03-01,08E,0,0
2023-11-01,08E,0,0
2022-04-01,08E,0,0
2024-10-01,08E,0,0
2025-06-01,08E,0,0
2022-05-01,08E,0,0
2024-08-01,08E,0,0
2023-08-01,08E,0,0
2022-06-01,08E,0,0
2025-05-01,08E,0,0
2024-12-01,08E,0,0
2023-04-01,08E,0,0
2021-09-01,08E,0,0
2024-06-01,08E,0,0
2024-04-01,08E,0,0
2025-03-01,08E,0,0
2022-11-01,08E,0,0
2022-12-01,08E,0,0
2026-03-01,08E,0,0
2022-10-01,08E,0,0
2024-02-01,08E,0,0
2025-10-01,08E,0,0
2024-03-01,08E,0,0
2021-08-01,08E,0,0
2023-06-01,08E,0,0
2022-09-01,08E,0,0
2023-10-01,08E,0,0
2023-01-01,08E,0,0
2024-11-01,08E,0,0
2026-04-01,08E,0,0
2025-12-01,08E,0,0
2026-06-01,08E,0,0
2021-12-01,08E,0,0
2023-03-01,08E,0,0
2023-07-01,08E,0,0
2026-01-01,08E,0,0
2024-05-01,08E,0,0
2025-11-01,08E,0,0
2021-06-01,08E,0,0
2022-02-01,08E,0,0
2023-12-01,08E,0,0
2025-08-01,08E,0,0
2025-02-01,08E,0,0
2025-09-01,08E,0,0
2026-05-01,08E,0,0
2026-02-01,08F,0,0
2023-02-01,08F,0,0
2023-05-01,08F,0,0
2024-11-01,08F,0,0
2022-05-01,08F,0,0
2024-09-01,08F,0,0
2024-12-01,08F,0,0
2024-05-01,08F,0,0
2023-11-01,08F,0,0
2022-12-01,08F,0,0
2025-10-01,08F,0,0
2021-06-01,08F,0,0
2022-10-01,08F,0,0
2025-05-01,08F,0,0
2023-03-01,08F,0,0
2025-12-01,08F,0,0
2023-12-01,08F,0,0
2025-08-01,08F,0,0
2022-07-01,08F,0,0
2022-03-01,08F,0,0
2023-07-01,08F,0,0
2024-06-01,08F,0,0
2024-08-01,08F,0,0
2025-03-01,08F,0,0
2026-06-01,08F,0,0
2025-01-01,08F,0,0
2022-04-01,08F,0,0
2026-05-01,08F,0,0
2021-07-01,08F,0,0
2022-02-01,08F,0,0
2026-01-01,08F,0,0
2023-08-01,08F,0,0
2025-09-01,08F,0,0
2021-09-01,08F,0,0
2023-06-01,08F,0,0
2024-03-01,08F,0,0
2021-10-01,08F,0,0
2024-01-01,08F,0,0
2024-04-01,08F,0,0
2024-10-01,08F,0,0
2021-11-01,08F,0,0
2022-11-01,08F,0,0
2023-10-01,08F,0,0
2026-03-01,08F,0,0
2023-04-01,08F,0,0
2022-01-01,08F,0,0
2023-09-01,08F,0,0
2023-01-01,08F,0,0
2025-07-01,08F,0,0
2022-06-01,08F,0,0
2024-02-01,08F,0,0
2024-07-01,08F,0,0
2025-04-01,08F,0,0
2021-08-01,08F,0,0
2021-12-01,08F,0,0
2022-09-01,08F,0,0
2025-06-01,08F,0,0
2022-08-01,08F,0,0
2025-11-01,08F,0,0
2026-04-01,08F,0,0
2025-02-01,08F,0,0
2022-05-01,08G,0,0
2024-09-01,08G,0,0
2023-02-01,08G,0,0
2023-03-01,08G,0,0
2023-05-01,08G,0,0
2026-04-01,08G,0,0
2026-06-01,08G,0,0
2024-03-01,08G,0,0
2023-11-01,08G,0,0
2021-09-01,08G,0,0
2024-10-01,08G,0,0
2024-08-01,08G,0,0
2023-09-01,08G,0,0
2025-12-01,08G,0,0
2026-05-01,08G,0,0
2022-09-01,08G,0,0
2025-10-01,08G,0,0
2022-04-01,08G,0,0
2023-10-01,08G,0,0
2021-11-01,08G,0,0
2022-08-01,08G,0,0
2023-04-01,08G,0,0
2024-05-01,08G,0,0
2024-12-01,08G,0,0
2023-12-01,08G,0,0
2021-06-01,08G,0,0
2023-08-01,08G,0,0
2025-04-01,08G,0,0
2022-03-01,08G,0,0
2025-03-01,08G,0,0
2022-12-01,08G,0,0
2025-08-01,08G,0,0
2025-11-01,08G,0,0
2023-01-01,08G,0,0
2024-04-01,08G,0,0
2025-01-01,08G,0,0
2022-11-01,08G,0,0
2021-12-01,08G,0,0
2022-01-01,08G,0,0
2024-01-01,08G,0,0
2024-06-01,08G,0,0
2021-07-01,08G,0,0
2026-01-01,08G,0,0
2026-03-01,08G,0,0
2026-02-01,08G,0,0
2022-07-01,08G,0,0
2024-07-01,08G,0,0
2025-09-01,08G,0,0
2024-11-01,08G,0,0
2022-02-01,08G,0,0
2022-10-01,08G,0,0
2024-02-01,08G,0,0
2021-08-01,08G,0,0
2022-06-01,08G,0,0
2025-06-01,08G,0,0
2025-05-01,08G,0,0
2023-07-01,08G,0,0
2025-02-01,08G,0,0
2021-10-01,08G,0,0
2023-06-01,08G,0,0
2025-07-01,08G,0,0
2022-06-01,08H,0,0
2025-09-01,08H,0,0
2024-03-01,08H,0,0
2023-12-01,08H,0,0
2023-05-01,08H,0,0
2025-01-01,08H,0,0
2026-05-01,08H,0,0
2023-06-01,08H,0,0
2025-03-01,08H,0,0
2021-06-01,08H,0,0
2023-08-01,08H,0,0
2023-02-01,08H,0,0
2024-06-01,08H,0,0
2025-04-01,08H,0,0
2025-05-01,08H,0,0
2025-12-01,08H,0,0
2023-03-01,08H,0,0
2022-12-01,08H,0,0
2024-09-01,08H,0,0
2023-01-01,08H,0,0
2022-11-01,08H,0,0
2021-09-01,08H,0,0
2023-11-01,08H,0,0
2026-06-01,08H,0,0
2021-12-01,08H,0,0
2026-01-01,08H,0,0
2022-01-01,08H,0,0
2024-07-01,08H,0,0
2025-06-01,08H,0,0
2022-02-01,08H,0,0
2022-03-01,08H,0,0
2026-03-01,08H,0,0
2025-08-01,08H,0,0
2024-04-01,08H,0,0
2024-02-01,08H,0,0
2024-11-01,08H,0,0
2025-10-01,08H,0,0
2023-10-01,08H,0,0
2022-10-01,08H,0,0
2024-12-01,08H,0,0
2026-02-01,08H,0,0
2024-08-01,08H,0,0
2021-10-01,08H,0,0
2022-04-01,08H,0,0
2022-07-01,08H,0,0
2024-05-01,08H,0,0
2022-05-01,08H,0,0
2024-01-01,08H,0,0
2026-04-01,08H,0,0
2021-08-01,08H,0,0
2021-11-01,08H,0,0
2023-04-01,08H,0,0
2021-07-01,08H,0,0
2023-07-01,08H,0,0
2023-09-01,08H,0,0
2024-10-01,08H,0,0
2022-09-01,08H,0,0
2025-02-01,08H,0,0
2022-08-01,08H,0,0
2025-07-01,08H,0,0
2025-11-01,08H,0,0
2022-04-01,08J,0,0
2023-01-01,08J,0,0
2024-03-01,08J,0,0
2023-10-01,08J,0,0
2024-01-01,08J,0,0
2023-08-01,08J,0,0
2025-03-01,08J,0,0
2022-03-01,08J,0,0
2024-06-01,08J,0,0
2025-10-01,08J,0,0
2024-11-01,08J,0,0
2022-07-01,08J,0,0
2022-11-01,08J,0,0
2023-06-01,08J,0,0
2021-06-01,08J,0,0
2023-07-01,08J,0,0
2021-11-01,08J,0,0
2023-05-01,08J,0,0
2021-12-01,08J,0,0
2023-09-01,08J,0,0
2021-09-01,08J,0,0
2021-10-01,08J,0,0
2024-04-01,08J,0,0
2026-01-01,08J,0,0
2021-07-01,08J,0,0
2024-07-01,08J,0,0
2025-08-01,08J,0,0
2025-09-01,08J,0,0
2023-03-01,08J,0,0
2025-06-01,08J,0,0
2024-08-01,08J,0,0
2022-02-01,08J,0,0
2024-02-01,08J,0,0
2025-05-01,08J,0,0
2025-12-01,08J,0,0
2022-08-01,08J,0,0
2022-09-01,08J,0,0
2026-04-01,08J,0,0
2021-08-01,08J,0,0
2023-04-01,08J,0,0
2026-03-01,08J,0,0
2022-12-01,08J,0,0
2024-09-01,08J,0,0
2022-10-01,08J,0,0
2025-04-01,08J,0,0
2022-06-01,08J,0,0
2024-05-01,08J,0,0
2026-02-01,08J,0,0
2026-06-01,08J,0,0
2024-10-01,08J,0,0
2026-05-01,08J,0,0
2022-01-01,08J,0,0
2023-11-01,08J,0,0
2025-07-01,08J,0,0
2024-12-01,08J,0,0
2023-02-01,08J,0,0
2023-12-01,08J,0,0
2025-11-01,08J,0,0
2025-01-01,08J,0,0
2022-05-01,08J,0,0
2025-02-01,08J,0,0
2024-04-01,08K,0,0
2021-11-01,08K,0,0
2022-09-01,08K,0,0
2023-01-01,08K,0,0
2023-12-01,08K,0,0
2021-10-01,08K,0,0
2026-01-01,08K,0,0
2023-02-01,08K,0,0
2024-03-01,08K,0,0
2024-09-01,08K,0,0
2026-02-01,08K,0,0
2021-12-01,08K,0,0
2022-08-01,08K,0,0
2022-12-01,08K,0,0
2025-02-01,08K,0,0
2023-09-01,08K,0,0
2023-06-01,08K,0,0
2022-10-01,08K,0,0
2025-03-01,08K,0,0
2025-07-01,08K,0,0
2024-07-01,08K,0,0
2023-04-01,08K,0,0
2023-10-01,08K,0,0
2021-09-01,08K,0,0
2025-01-01,08K,0,0
2025-04-01,08K,0,0
2025-10-01,08K,0,0
2023-05-01,08K,0,0
2024-08-01,08K,0,0
2024-12-01,08K,0,0
2026-03-01,08K,0,0
2025-11-01,08K,0,0
2024-06-01,08K,0,0
2023-03-01,08K,0,0
2025-06-01,08K,0,0
2022-04-01,08K,0,0
2025-08-01,08K,0,0
2023-07-01,08K,0,0
2024-02-01,08K,0,0
2024-01-01,08K,0,0
2025-09-01,08K,0,0
2022-03-01,08K,0,0
2022-07-01,08K,0,0
2026-04-01,08K,0,0
2021-08-01,08K,0,0
2022-05-01,08K,0,0
2023-11-01,08K,0,0
2022-11-01,08K,0,0
2023-08-01,08K,0,0
2024-05-01,08K,0,0
2025-12-01,08K,0,0
2024-10-01,08K,0,0
2021-07-01,08K,0,0
2025-05-01,08K,0,0
2024-11-01,08K,0,0
2021-06-01,08K,0,0
2022-01-01,08K,0,0
2022-02-01,08K,0,0
2026-06-01,08K,0,0
2026-05-01,08K,0,0
2022-06-01,08K,0,0
2023-12-01,08L,0,0
2024-01-01,08L,0,0
2023-03-01,08L,0,0
2025-11-01,08L,0,0
2025-01-01,08L,0,0
2025-02-01,08L,0,0
2022-08-01,08L,0,0
2023-07-01,08L,0,0
2024-04-01,08L,0,0
2021-06-01,08L,0,0
2022-06-01,08L,0,0
2021-07-01,08L,0,0
2023-09-01,08L,0,0
2026-06-01,08L,0,0
2022-02-01,08L,0,0
2025-09-01,08L,0,0
2024-09-01,08L,0,0
2022-10-01,08L,0,0
2024-11-01,08L,0,0
2022-01-01,08L,0,0
2025-05-01,08L,0,0
2025-08-01,08L,0,0
2024-07-01,08L,0,0
2022-03-01,08L,0,0
2025-07-01,08L,0,0
2021-09-01,08L,0,0
2025-03-01,08L,0,0
2023-02-01,08L,0,0
2026-02-01,08L,0,0
2024-06-01,08L,0,0
2022-12-01,08L,0,0
2024-03-01,08L,0,0
2024-05-01,08L,0,0
2025-06-01,08L,0,0
2022-04-01,08L,0,0
2022-05-01,08L,0,0
2024-02-01,08L,0,0
2026-03-01,08L,0,0
2021-12-01,08L,0,0
2023-05-01,08L,0,0
2025-12-01,08L,0,0
2023-04-01,08L,0,0
2026-04-01,08L,0,0
2023-10-01,08L,0,0
2021-11-01,08L,0,0
2022-11-01,08L,0,0
2025-04-01,08L,0,0
2023-06-01,08L,0,0
2024-08-01,08L,0,0
2021-10-01,08L,0,0
2024-10-01,08L,0,0
2021-08-01,08L,0,0
2023-08-01,08L,0,0
2022-09-01,08L,0,0
2023-01-01,08L,0,0
2025-10-01,08L,0,0
2026-01-01,08L,0,0
2026-05-01,08L,0,0
2022-07-01,08L,0,0
2024-12-01,08L,0,0
2023-11-01,08L,0,0
2021-12-01,08M,0,0
2025-07-01,08M,0,0
2025-11-01,08M,0,0
2021-08-01,08M,0,0
2021-07-01,08M,0,0
2022-02-01,08M,0,0
2024-10-01,08M,0,0
2023-01-01,08M,0,0
2022-12-01,08M,0,0
2026-01-01,08M,0,0
2022-01-01,08M,0,0
2024-03-01,08M,0,0
2026-06-01,08M,0,0
2025-03-01,08M,0,0
2024-09-01,08M,0,0
2024-11-01,08M,0,0
2022-05-01,08M,0,0
2022-11-01,08M,0,0
2023-10-01,08M,0,0
2024-12-01,08M,0,0
2025-06-01,08M,0,0
2021-06-01,08M,0,0
2022-03-01,08M,0,0
2023-04-01,08M,0,0
2025-05-01,08M,0,0
2025-10-01,08M,0,0
2022-10-01,08M,0,0
2021-10-01,08M,0,0
2023-12-01,08M,0,0
2022-06-01,08M,0,0
2022-08-01,08M,0,0
2026-02-01,08M,0,0
2023-03-01,08M,0,0
2025-09-01,08M,0,0
2024-02-01,08M,0,0
2024-04-01,08M,0,0
2024-06-01,08M,0,0
2025-02-01,08M,0,0
2023-11-01,08M,0,0
2024-08-01,08M,0,0
2026-03-01,08M,0,0
2023-08-01,08M,0,0
2025-12-01,08M,0,0
2022-09-01,08M,0,0
2023-05-01,08M,0,0
2021-11-01,08M,0,0
2022-04-01,08M,0,0
2024-07-01,08M,0,0
2023-06-01,08M,0,0
2021-09-01,08M,0,0
2023-07-01,08M,0,0
2024-05-01,08M,0,0
2025-01-01,08M,0,0
2024-01-01,08M,0,0
2025-04-01,08M,0,0
2023-02-01,08M,0,0
2023-09-01,08M,0,0
2026-04-01,08M,0,0
2025-08-01,08M,0,0
2026-05-01,08M,0,0
2022-07-01,08M,0,0
2023-04-01,08N,0,0
2025-09-01,08N,0,0
2026-04-01,08N,0,0
2023-06-01,08N,0,0
2023-12-01,08N,0,0
2023-03-01,08N,0,0
2026-05-01,08N,0,0
2021-08-01,08N,0,0
2024-02-01,08N,0,0
2026-01-01,08N,0,0
2022-12-01,08N,0,0
2024-06-01,08N,0,0
2025-08-01,08N,0,0
2026-02-01,08N,0,0
2021-06-01,08N,0,0
2022-07-01,08N,0,0
2023-11-01,08N,0,0
2024-09-01,08N,0,0
2025-05-01,08N,0,0
2023-02-01,08N,0,0
2023-05-01,08N,0,0
2023-07-01,08N,0,0
2024-05-01,08N,0,0
2024-07-01,08N,0,0
2021-11-01,08N,0,0
2024-08-01,08N,0,0
2024-03-01,08N,0,0
2024-12-01,08N,0,0
2025-07-01,08N,0,0
2021-07-01,08N,0,0
2022-03-01,08N,0,0
2022-06-01,08N,0,0
2022-10-01,08N,0,0
2025-03-01,08N,0,0
2023-10-01,08N,0,0
2025-02-01,08N,0,0
2023-09-01,08N,0,0
2025-11-01,08N,0,0
2023-01-01,08N,0,0
2026-03-01,08N,0,0
2021-12-01,08N,0,0
2025-06-01,08N,0,0
2022-05-01,08N,0,0
2024-01-01,08N,0,0
2025-12-01,08N,0,0
2025-04-01,08N,0,0
2024-04-01,08N,0,0
2021-09-01,08N,0,0
2025-10-01,08N,0,0
2022-01-01,08N,0,0
2021-10-01,08N,0,0
2022-02-01,08N,0,0
2022-11-01,08N,0,0
2025-01-01,08N,0,0
2024-10-01,08N,0,0
2023-08-01,08N,0,0
2026-06-01,08N,0,0
2022-09-01,08N,0,0
2022-04-01,08N,0,0
2022-08-01,08N,0,0
2024-11-01,08N,0,0
2026-04-01,08Q,0,0
2021-10-01,08Q,0,0
2024-12-01,08Q,0,0
2023-09-01,08Q,0,0
2025-06-01,08Q,0,0
2022-05-01,08Q,0,0
2022-06-01,08Q,0,0
2022-09-01,08Q,0,0
2024-06-01,08Q,0,0
2025-11-01,08Q,0,0
2026-03-01,08Q,0,0
2023-01-01,08Q,0,0
2023-05-01,08Q,0,0
2025-09-01,08Q,0,0
2025-12-01,08Q,0,0
2022-03-01,08Q,0,0
2026-01-01,08Q,0,0
2026-02-01,08Q,0,0
2025-03-01,08Q,0,0
2025-08-01,08Q,0,0
2024-11-01,08Q,0,0
2022-10-01,08Q,0,0
2023-03-01,08Q,0,0
2025-02-01,08Q,0,0
2025-10-01,08Q,0,0
2023-10-01,08Q,0,0
2021-09-01,08Q,0,0
2025-07-01,08Q,0,0
2026-06-01,08Q,0,0
2024-01-01,08Q,0,0
2021-08-01,08Q,0,0
2021-11-01,08Q,0,0
2023-02-01,08Q,0,0
2024-10-01,08Q,0,0
2025-01-01,08Q,0,0
2023-07-01,08Q,0,0
2022-12-01,08Q,0,0
2023-08-01,08Q,0,0
2024-08-01,08Q,0,0
2024-09-01,08Q,0,0
2022-01-01,08Q,0,0
2023-04-01,08Q,0,0
2024-04-01,08Q,0,0
2025-04-01,08Q,0,0
2026-05-01,08Q,0,0
2022-07-01,08Q,0,0
2023-06-01,08Q,0,0
2022-08-01,08Q,0,0
2022-02-01,08Q,0,0
2025-05-01,08Q,0,0
2022-11-01,08Q,0,0
2021-07-01,08Q,0,0
2024-03-01,08Q,0,0
2024-07-01,08Q,0,0
2024-02-01,08Q,0,0
2021-06-01,08Q,0,0
2021-12-01,08Q,0,0
2023-11-01,08Q,0,0
2023-12-01,08Q,0,0
2022-04-01,08Q,0,0
2024-05-01,08Q,0,0
2025-02-01,08R,0,0
2024-10-01,08R,0,0
2023-10-01,08R,0,0
2023-12-01,08R,0,0
2025-12-01,08R,0,0
2022-10-01,08R,0,0
2026-06-01,08R,0,0
2021-07-01,08R,0,0
2021-10-01,08R,0,0
2022-05-01,08R,0,0
2023-11-01,08R,0,0
2024-05-01,08R,0,0
2025-09-01,08R,0,0
2024-08-01,08R,0,0
2026-03-01,08R,0,0
2022-04-01,08R,0,0
2021-08-01,08R,0,0
2021-12-01,08R,0,0
2023-03-01,08R,0,0
2023-05-01,08R,0,0
2025-08-01,08R,0,0
2025-11-01,08R,0,0
2022-06-01,08R,0,0
2024-09-01,08R,0,0
2025-03-01,08R,0,0
2022-08-01,08R,0,0
2026-05-01,08R,0,0
2022-01-01,08R,0,0
2024-07-01,08R,0,0
2024-12-01,08R,0,0
2023-01-01,08R,0,0
2024-02-01,08R,0,0
2021-11-01,08R,0,0
2022-09-01,08R,0,0
2023-09-01,08R,0,0
2025-07-01,08R,0,0
2025-10-01,08R,0,0
2026-02-01,08R,0,0
2025-04-01,08R,0,0
2025-06-01,08R,0,0
2022-11-01,08R,0,0
2021-09-01,08R,0,0
2022-12-01,08R,0,0
2023-07-01,08R,0,0
2022-02-01,08R,0,0
2021-06-01,08R,0,0
2025-05-01,08R,0,0
2023-02-01,08R,0,0
2026-04-01,08R,0,0
2022-07-01,08R,0,0
2023-06-01,08R,0,0
2024-03-01,08R,0,0
2024-06-01,08R,0,0
2025-01-01,08R,0,0
2026-01-01,08R,0,0
2023-04-01,08R,0,0
2024-01-01,08R,0,0
2024-04-01,08R,0,0
2023-08-01,08R,0,0
2022-03-01,08R,0,0
2024-11-01,08R,0,0
2021-07-01,08T,0,0
2021-12-01,08T,0,0
2025-08-01,08T,0,0
2021-06-01,08T,0,0
2023-04-01,08T,0,0
2023-07-01,08T,0,0
2024-11-01,08T,0,0
2024-06-01,08T,0,0
2025-11-01,08T,0,0
2025-06-01,08T,0,0
2025-12-01,08T,0,0
2022-03-01,08T,0,0
2022-10-01,08T,0,0
2023-09-01,08T,0,0
2025-07-01,08T,0,0
2023-03-01,08T,0,0
2024-01-01,08T,0,0
2025-05-01,08T,0,0
2024-04-01,08T,0,0
2025-10-01,08T,0,0
2026-06-01,08T,0,0
2023-10-01,08T,0,0
2023-12-01,08T,0,0
2024-02-01,08T,0,0
2024-12-01,08T,0,0
2025-04-01,08T,0,0
2022-02-01,08T,0,0
2024-08-01,08T,0,0
2026-05-01,08T,0,0
2022-11-01,08T,0,0
2024-07-01,08T,0,0
2023-02-01,08T,0,0
2023-05-01,08T,0,0
2025-03-01,08T,0,0
2021-10-01,08T,0,0
2022-06-01,08T,0,0
2022-07-01,08T,0,0
2025-02-01,08T,0,0
2026-01-01,08T,0,0
2023-01-01,08T,0,0
2024-03-01,08T,0,0
2026-04-01,08T,0,0
2021-11-01,08T,0,0
2024-05-01,08T,0,0
2026-03-01,08T,0,0
2022-05-01,08T,0,0
2022-09-01,08T,0,0
2023-11-01,08T,0,0
2025-09-01,08T,0,0
2025-01-01,08T,0,0
2023-08-01,08T,0,0
2026-02-01,08T,0,0
2022-01-01,08T,0,0
2022-08-01,08T,0,0
2022-12-01,08T,0,0
2023-06-01,08T,0,0
2021-09-01,08T,0,0
2024-10-01,08T,0,0
2022-04-01,08T,0,0
2021-08-01,08T,0,0
2024-09-01,08T,0,0
2023-11-01,08V,0,0
2025-10-01,08V,0,0
2021-10-01,08V,0,0
2022-09-01,08V,0,0
2022-11-01,08V,0,0
2023-01-01,08V,0,0
2024-11-01,08V,0,0
2022-10-01,08V,0,0
2024-03-01,08V,0,0
2024-10-01,08V,0,0
2021-07-01,08V,0,0
2024-06-01,08V,0,0
2026-03-01,08V,0,0
2023-04-01,08V,0,0
2025-02-01,08V,0,0
2023-12-01,08V,0,0
2025-11-01,08V,0,0
2021-09-01,08V,0,0
2026-02-01,08V,0,0
2026-06-01,08V,0,0
2021-08-01,08V,0,0
2023-10-01,08V,0,0
2022-06-01,08V,0,0
2023-05-01,08V,0,0
2023-03-01,08V,0,0
2025-08-01,08V,0,0
2024-02-01,08V,0,0
2025-09-01,08V,0,0
2023-06-01,08V,0,0
2023-07-01,08V,0,0
2026-04-01,08V,0,0
2025-07-01,08V,0,0
2022-08-01,08V,0,0
2024-07-01,08V,0,0
2024-04-01,08V,0,0
2024-05-01,08V,0,0
2024-12-01,08V,0,0
2023-09-01,08V,0,0
2025-06-01,08V,0,0
2026-01-01,08V,0,0
2025-12-01,08V,0,0
2022-03-01,08V,0,0
2025-03-01,08V,0,0
2022-05-01,08V,0,0
2023-08-01,08V,0,0
2021-11-01,08V,0,0
2022-04-01,08V,0,0
2022-12-01,08V,0,0
2023-02-01,08V,0,0
2024-01-01,08V,0,0
2022-02-01,08V,0,0
2024-08-01,08V,0,0
2021-06-01,08V,0,0
2021-12-01,08V,0,0
2022-07-01,08V,0,0
2025-04-01,08V,0,0
2025-05-01,08V,0,0
2025-01-01,08V,0,0
2026-05-01,08V,0,0
2022-01-01,08V,0,0
2024-09-01,08V,0,0
2023-02-01,08W,0,0
2025-07-01,08W,0,0
2022-02-01,08W,0,0
2022-07-01,08W,0,0
2021-07-01,08W,0,0
2022-06-01,08W,0,0
2026-03-01,08W,0,0
2023-05-01,08W,0,0
2023-10-01,08W,0,0
2024-02-01,08W,0,0
2022-10-01,08W,0,0
2025-06-01,08W,0,0
2026-06-01,08W,0,0
2024-03-01,08W,0,0
2023-03-01,08W,0,0
2025-02-01,08W,0,0
2025-08-01,08W,0,0
2024-12-01,08W,0,0
2022-05-01,08W,0,0
2025-05-01,08W,0,0
2025-01-01,08W,0,0
2021-12-01,08W,0,0
2023-12-01,08W,0,0
2024-11-01,08W,0,0
2025-10-01,08W,0,0
2026-01-01,08W,0,0
2025-03-01,08W,0,0
2022-01-01,08W,0,0
2022-12-01,08W,0,0
2024-09-01,08W,0,0
2026-04-01,08W,0,0
2025-12-01,08W,0,0
2022-04-01,08W,0,0
2026-05-01,08W,0,0
2022-03-01,08W,0,0
2024-10-01,08W,0,0
2021-11-01,08W,0,0
2023-06-01,08W,0,0
2024-07-01,08W,0,0
2024-04-01,08W,0,0
2024-05-01,08W,0,0
2024-06-01,08W,0,0
2022-08-01,08W,0,0
2023-01-01,08W,0,0
2023-08-01,08W,0,0
2024-01-01,08W,0,0
2022-11-01,08W,0,0
2023-09-01,08W,0,0
2021-10-01,08W,0,0
2024-08-01,08W,0,0
2022-09-01,08W,0,0
2025-11-01,08W,0,0
2025-04-01,08W,0,0
2026-02-01,08W,0,0
2021-08-01,08W,0,0
2023-04-01,08W,0,0
2021-06-01,08W,0,0
2023-11-01,08W,0,0
2021-09-01,08W,0,0
2023-07-01,08W,0,0
2025-09-01,08W,0,0
2021-07-01,08X,0,0
2026-05-01,08X,0,0
2023-10-01,08X,0,0
2025-04-01,08X,0,0
2023-08-01,08X,0,0
2022-07-01,08X,0,0
2023-03-01,08X,0,0
2024-10-01,08X,0,0
2026-03-01,08X,0,0
2022-11-01,08X,0,0
2021-09-01,08X,0,0
2023-05-01,08X,0,0
2023-09-01,08X,0,0
2024-08-01,08X,0,0
2025-01-01,08X,0,0
2024-09-01,08X,0,0
2022-08-01,08X,0,0
2026-06-01,08X,0,0
2024-04-01,08X,0,0
2024-06-01,08X,0,0
2025-06-01,08X,0,0
2025-07-01,08X,0,0
2024-03-01,08X,0,0
2025-12-01,08X,0,0
2021-11-01,08X,0,0
2024-12-01,08X,0,0
2025-03-01,08X,0,0
2025-05-01,08X,0,0
2021-12-01,08X,0,0
2023-12-01,08X,0,0
2024-07-01,08X,0,0
2025-08-01,08X,0,0
2026-01-01,08X,0,0
2025-09-01,08X,0,0
2024-11-01,08X,0,0
2022-03-01,08X,0,0
2022-12-01,08X,0,0
2021-06-01,08X,0,0
2026-02-01,08X,0,0
2023-02-01,08X,0,0
2023-04-01,08X,0,0
2026-04-01,08X,0,0
2021-10-01,08X,0,0
2022-01-01,08X,0,0
2023-01-01,08X,0,0
2023-07-01,08X,0,0
2022-06-01,08X,0,0
2023-11-01,08X,0,0
2024-05-01,08X,0,0
2022-05-01,08X,0,0
2022-02-01,08X,0,0
2022-04-01,08X,0,0
2022-10-01,08X,0,0
2023-06-01,08X,0,0
2022-09-01,08X,0,0
2024-01-01,08X,0,0
2024-02-01,08X,0,0
2025-02-01,08X,0,0
2025-10-01,08X,0,0
2021-08-01,08X,0,0
2025-11-01,08X,0,0
2023-03-01,08Y,0,0
2023-08-01,08Y,0,0
2024-07-01,08Y,0,0
2024-11-01,08Y,0,0
2024-04-01,08Y,0,0
2026-06-01,08Y,0,0
2021-12-01,08Y,0,0
2022-10-01,08Y,0,0
2025-09-01,08Y,0,0
2022-03-01,08Y,0,0
2021-11-01,08Y,0,0
2025-05-01,08Y,0,0
2023-06-01,08Y,0,0
2023-07-01,08Y,0,0
2024-06-01,08Y,0,0
2025-08-01,08Y,0,0
2023-12-01,08Y,0,0
2024-03-01,08Y,0,0
2025-04-01,08Y,0,0
2023-05-01,08Y,0,0
2022-04-01,08Y,0,0
2024-12-01,08Y,0,0
2025-07-01,08Y,0,0
2022-08-01,08Y,0,0
2021-07-01,08Y,0,0
2022-01-01,08Y,0,0
2024-01-01,08Y,0,0
2025-10-01,08Y,0,0
2025-03-01,08Y,0,0
2023-02-01,08Y,0,0
2026-02-01,08Y,0,0
2026-05-01,08Y,0,0
2022-02-01,08Y,0,0
2026-04-01,08Y,0,0
2023-04-01,08Y,0,0
2025-02-01,08Y,0,0
2022-05-01,08Y,0,0
2023-10-01,08Y,0,0
2025-01-01,08Y,0,0
2025-12-01,08Y,0,0
2023-01-01,08Y,0,0
2021-06-01,08Y,0,0
2024-08-01,08Y,0,0
2021-08-01,08Y,0,0
2022-07-01,08Y,0,0
2026-03-01,08Y,0,0
2021-10-01,08Y,0,0
2026-01-01,08Y,0,0
2022-06-01,08Y,0,0
2022-11-01,08Y,0,0
2021-09-01,08Y,0,0
2024-10-01,08Y,0,0
2022-12-01,08Y,0,0
2023-09-01,08Y,0,0
2023-11-01,08Y,0,0
2024-02-01,08Y,0,0
2024-05-01,08Y,0,0
2025-06-01,08Y,0,0
2024-09-01,08Y,0,0
2022-09-01,08Y,0,0
2025-11-01,08Y,0,0
2024-05-01,09A,0,0
2023-04-01,09A,0,0
2026-04-01,09A,0,0
2025-05-01,09A,0,0
2025-08-01,09A,0,0
2021-08-01,09A,0,0
2022-04-01,09A,0,0
2024-03-01,09A,0,0
2022-09-01,09A,0,0
2025-02-01,09A,0,0
2024-07-01,09A,0,0
2024-10-01,09A,0,0
2025-03-01,09A,0,0
2025-12-01,09A,0,0
2023-10-01,09A,0,0
2022-07-01,09A,0,0
2022-01-01,09A,0,0
2023-06-01,09A,0,0
2025-01-01,09A,0,0
2022-03-01,09A,0,0
2023-05-01,09A,0,0
2026-06-01,09A,0,0
2023-03-01,09A,0,0
2024-09-01,09A,0,0
2026-03-01,09A,0,0
2022-05-01,09A,0,0
2022-06-01,09A,0,0
2021-06-01,09A,0,0
2024-04-01,09A,0,0
2026-05-01,09A,0,0
2023-01-01,09A,0,0
2023-07-01,09A,0,0
2024-08-01,09A,0,0
2025-07-01,09A,0,0
2021-11-01,09A,0,0
2022-12-01,09A,0,0
2023-12-01,09A,0,0
2023-11-01,09A,0,0
2024-02-01,09A,0,0
2025-09-01,09A,0,0
2021-09-01,09A,0,0
2021-12-01,09A,0,0
2021-07-01,09A,0,0
2025-04-01,09A,0,0
2022-11-01,09A,0,0
2021-10-01,09A,0,0
2023-09-01,09A,0,0
2023-02-01,09A,0,0
2024-11-01,09A,0,0
2025-11-01,09A,0,0
2022-08-01,09A,0,0
2024-01-01,09A,0,0
2026-01-01,09A,0,0
2022-02-01,09A,0,0
2026-02-01,09A,0,0
2025-06-01,09A,0,0
2024-12-01,09A,0,0
2022-10-01,09A,0,0
2024-06-01,09A,0,0
2023-08-01,09A,0,0
2025-10-01,09A,0,0
2023-10-01,09C,0,0
2026-01-01,09C,0,0
2023-02-01,09C,0,0
2025-01-01,09C,0,0
2022-05-01,09C,0,0
2024-05-01,09C,0,0
2021-06-01,09C,0,0
2021-09-01,09C,0,0
2023-03-01,09C,0,0
2024-12-01,09C,0,0
2023-05-01,09C,0,0
2021-10-01,09C,0,0
2025-04-01,09C,0,0
2025-09-01,09C,0,0
2026-03-01,09C,0,0
2025-07-01,09C,0,0
2025-10-01,09C,0,0
2022-01-01,09C,0,0
2021-11-01,09C,0,0
2025-08-01,09C,0,0
2023-12-01,09C,0,0
2022-10-01,09C,0,0
2023-01-01,09C,0,0
2023-09-01,09C,0,0
2026-02-01,09C,0,0
2022-06-01,09C,0,0
2023-07-01,09C,0,0
2024-11-01,09C,0,0
2022-04-01,09C,0,0
2023-11-01,09C,0,0
2022-12-01,09C,0,0
2025-03-01,09C,0,0
2024-07-01,09C,0,0
2025-05-01,09C,0,0
2026-04-01,09C,0,0
2024-03-01,09C,0,0
2021-08-01,09C,0,0
2022-08-01,09C,0,0
2024-01-01,09C,0,0
2024-02-01,09C,0,0
2024-04-01,09C,0,0
2021-12-01,09C,0,0
2024-08-01,09C,0,0
2022-03-01,09C,0,0
2024-06-01,09C,0,0
2023-06-01,09C,0,0
2024-09-01,09C,0,0
2022-02-01,09C,0,0
2022-07-01,09C,0,0
2022-11-01,09C,0,0
2023-08-01,09C,0,0
2026-05-01,09C,0,0
2021-07-01,09C,0,0
2026-06-01,09C,0,0
2022-09-01,09C,0,0
2025-06-01,09C,0,0
2023-04-01,09C,0,0
2025-02-01,09C,0,0
2025-11-01,09C,0,0
2024-10-01,09C,0,0
2025-12-01,09C,0,0
2023-01-01,09E,0,0
2024-10-01,09E,0,0
2023-06-01,09E,0,0
2023-05-01,09E,0,0
2023-08-01,09E,0,0
2021-10-01,09E,0,0
2021-09-01,09E,0,0
2022-10-01,09E,0,0
2024-01-01,09E,0,0
2026-02-01,09E,0,0
2026-04-01,09E,0,0
2026-05-01,09E,0,0
2021-11-01,09E,0,0
2022-09-01,09E,0,0
2024-02-01,09E,0,0
2021-12-01,09E,0,0
2023-03-01,09E,0,0
2022-01-01,09E,0,0
2021-07-01,09E,0,0
2021-06-01,09E,0,0
2025-02-01,09E,0,0
2025-01-01,09E,0,0
2025-11-01,09E,0,0
2025-04-01,09E,0,0
2023-11-01,09E,0,0
2022-08-01,09E,0,0
2022-11-01,09E,0,0
2026-01-01,09E,0,0
2022-03-01,09E,0,0
2024-03-01,09E,0,0
2022-07-01,09E,0,0
2023-10-01,09E,0,0
2024-04-01,09E,0,0
2026-06-01,09E,0,0
2025-08-01,09E,0,0
2025-10-01,09E,0,0
2023-04-01,09E,0,0
2024-11-01,09E,0,0
2024-07-01,09E,0,0
2024-09-01,09E,0,0
2023-09-01,09E,0,0
2025-09-01,09E,0,0
2026-03-01,09E,0,0
2022-05-01,09E,0,0
2024-08-01,09E,0,0
2021-08-01,09E,0,0
2023-12-01,09E,0,0
2024-12-01,09E,0,0
2023-07-01,09E,0,0
2022-02-01,09E,0,0
2022-04-01,09E,0,0
2024-05-01,09E,0,0
2025-12-01,09E,0,0
2025-03-01,09E,0,0
2025-05-01,09E,0,0
2022-06-01,09E,0,0
2022-12-01,09E,0,0
2023-02-01,09E,0,0
2024-06-01,09E,0,0
2025-07-01,09E,0,0
2025-06-01,09E,0,0
2026-06-01,09F,0,0
2022-02-01,09F,0,0
2026-05-01,09F,0,0
2024-06-01,09F,0,0
2024-08-01,09F,0,0
2021-10-01,09F,0,0
2023-07-01,09F,0,0
2024-01-01,09F,0,0
2024-09-01,09F,0,0
2025-09-01,09F,0,0
2022-06-01,09F,0,0
2024-03-01,09F,0,0
2024-02-01,09F,0,0
2025-02-01,09F,0,0
2025-06-01,09F,0,0
2024-12-01,09F,0,0
2021-08-01,09F,0,0
2023-02-01,09F,0,0
2025-10-01,09F,0,0
2024-07-01,09F,0,0
2021-12-01,09F,0,0
2022-09-01,09F,0,0
2023-09-01,09F,0,0
2023-12-01,09F,0,0
2025-11-01,09F,0,0
2021-06-01,09F,0,0
2021-07-01,09F,0,0
2025-12-01,09F,0,0
2026-01-01,09F,0,0
2022-07-01,09F,0,0
2023-04-01,09F,0,0
2025-04-01,09F,0,0
2022-04-01,09F,0,0
2022-11-01,09F,0,0
2022-08-01,09F,0,0
2023-01-01,09F,0,0
2023-08-01,09F,0,0
2025-07-01,09F,0,0
2026-02-01,09F,0,0
2022-03-01,09F,0,0
2025-08-01,09F,0,0
2021-09-01,09F,0,0
2022-12-01,09F,0,0
2022-01-01,09F,0,0
2025-05-01,09F,0,0
2023-03-01,09F,0,0
2022-05-01,09F,0,0
2022-10-01,09F,0,0
2023-05-01,09F,0,0
2023-06-01,09F,0,0
2024-10-01,09F,0,0
2021-11-01,09F,0,0
2023-10-01,09F,0,0
2024-11-01,09F,0,0
2023-11-01,09F,0,0
2026-04-01,09F,0,0
2024-05-01,09F,0,0
2025-01-01,09F,0,0
2025-03-01,09F,0,0
2026-03-01,09F,0,0
2024-04-01,09F,0,0
2026-02-01,09G,0,0
2023-06-01,09G,0,0
2026-03-01,09G,0,0
2022-11-01,09G,0,0
2023-03-01,09G,0,0
2023-07-01,09G,0,0
2026-01-01,09G,0,0
2023-11-01,09G,0,0
2024-01-01,09G,0,0
2021-10-01,09G,0,0
2021-11-01,09G,0,0
2022-02-01,09G,0,0
2025-01-01,09G,0,0
2024-02-01,09G,0,0
2024-10-01,09G,0,0
2025-11-01,09G,0,0
2023-04-01,09G,0,0
2024-07-01,09G,0,0
2025-07-01,09G,0,0
2021-12-01,09G,0,0
2022-03-01,09G,0,0
2022-06-01,09G,0,0
2023-12-01,09G,0,0
2022-07-01,09G,0,0
2023-05-01,09G,0,0
2023-10-01,09G,0,0
2025-12-01,09G,0,0
2026-06-01,09G,0,0
2022-01-01,09G,0,0
2025-10-01,09G,0,0
2024-05-01,09G,0,0
2025-03-01,09G,0,0
2021-09-01,09G,0,0
2024-09-01,09G,0,0
2025-09-01,09G,0,0
2024-08-01,09G,0,0
2024-03-01,09G,0,0
2025-06-01,09G,0,0
2021-06-01,09G,0,0
2025-05-01,09G,0,0
2021-07-01,09G,0,0
2022-10-01,09G,0,0
2025-04-01,09G,0,0
2023-08-01,09G,0,0
2025-08-01,09G,0,0
2021-08-01,09G,0,0
2022-05-01,09G,0,0
2022-04-01,09G,0,0
2022-08-01,09G,0,0
2022-09-01,09G,0,0
2024-04-01,09G,0,0
2024-12-01,09G,0,0
2022-12-01,09G,0,0
2026-04-01,09G,0,0
2023-02-01,09G,0,0
2023-09-01,09G,0,0
2023-01-01,09G,0,0
2024-06-01,09G,0,0
2026-05-01,09G,0,0
2024-11-01,09G,0,0
2025-02-01,09G,0,0
2022-02-01,09J,0,0
2025-02-01,09J,0,0
2025-05-01,09J,0,0
2025-09-01,09J,0,0
2022-01-01,09J,0,0
2023-10-01,09J,0,0
2023-11-01,09J,0,0
2024-05-01,09J,0,0
2022-07-01,09J,0,0
2024-06-01,09J,0,0
2025-12-01,09J,0,0
2021-06-01,09J,0,0
2022-05-01,09J,0,0
2025-10-01,09J,0,0
2024-12-01,09J,0,0
2026-04-01,09J,0,0
2024-02-01,09J,0,0
2024-01-01,09J,0,0
2021-12-01,09J,0,0
2025-04-01,09J,0,0
2025-01-01,09J,0,0
2024-08-01,09J,0,0
2023-09-01,09J,0,0
2024-07-01,09J,0,0
2022-09-01,09J,0,0
2026-05-01,09J,0,0
2022-11-01,09J,0,0
2022-03-01,09J,0,0
2026-01-01,09J,0,0
2023-04-01,09J,0,0
2024-10-01,09J,0,0
2025-11-01,09J,0,0
2024-04-01,09J,0,0
2022-06-01,09J,0,0
2026-03-01,09J,0,0
2022-08-01,09J,0,0
2025-07-01,09J,0,0
2023-08-01,09J,0,0
2024-11-01,09J,0,0
2025-03-01,09J,0,0
2022-10-01,09J,0,0
2021-09-01,09J,0,0
2023-01-01,09J,0,0
2023-02-01,09J,0,0
2024-09-01,09J,0,0
2022-04-01,09J,0,0
2026-06-01,09J,0,0
2025-06-01,09J,0,0
2026-02-01,09J,0,0
2023-06-01,09J,0,0
2021-10-01,09J,0,0
2021-08-01,09J,0,0
2024-03-01,09J,0,0
2022-12-01,09J,0,0
2023-07-01,09J,0,0
2025-08-01,09J,0,0
2021-11-01,09J,0,0
2023-03-01,09J,0,0
2023-05-01,09J,0,0
2023-12-01,09J,0,0
2021-07-01,09J,0,0
2025-07-01,09L,0,0
2022-03-01,09L,0,0
2022-05-01,09L,0,0
2024-12-01,09L,0,0
2023-09-01,09L,0,0
2024-01-01,09L,0,0
2026-02-01,09L,0,0
2021-10-01,09L,0,0
2025-09-01,09L,0,0
2023-01-01,09L,0,0
2023-10-01,09L,0,0
2022-09-01,09L,0,0
2022-07-01,09L,0,0
2023-07-01,09L,0,0
2022-04-01,09L,0,0
2025-10-01,09L,0,0
2023-04-01,09L,0,0
2026-05-01,09L,0,0
2022-02-01,09L,0,0
2026-01-01,09L,0,0
2022-11-01,09L,0,0
2024-04-01,09L,0,0
2025-02-01,09L,0,0
2026-04-01,09L,0,0
2022-01-01,09L,0,0
2025-01-01,09L,0,0
2021-08-01,09L,0,0
2023-02-01,09L,0,0
2021-07-01,09L,0,0
2023-06-01,09L,0,0
2023-08-01,09L,0,0
2021-09-01,09L,0,0
2021-12-01,09L,0,0
2024-09-01,09L,0,0
2025-12-01,09L,0,0
2023-11-01,09L,0,0
2022-08-01,09L,0,0
2022-12-01,09L,0,0
2025-05-01,09L,0,0
2024-02-01,09L,0,0
2026-03-01,09L,0,0
2021-06-01,09L,0,0
2022-06-01,09L,0,0
2025-06-01,09L,0,0
2024-03-01,09L,0,0
2024-10-01,09L,0,0
2024-07-01,09L,0,0
2025-04-01,09L,0,0
2025-08-01,09L,0,0
2025-11-01,09L,0,0
2026-06-01,09L,0,0
2021-11-01,09L,0,0
2025-03-01,09L,0,0
2023-03-01,09L,0,0
2024-05-01,09L,0,0
2024-11-01,09L,0,0
2023-12-01,09L,0,0
2022-10-01,09L,0,0
2024-06-01,09L,0,0
2024-08-01,09L,0,0
2023-05-01,09L,0,0
2022-11-01,09P,0,0
2023-11-01,09P,0,0
2024-05-01,09P,0,0
2025-09-01,09P,0,0
2026-06-01,09P,0,0
2023-04-01,09P,0,0
2025-02-01,09P,0,0
2021-11-01,09P,0,0
2024-01-01,09P,0,0
2021-07-01,09P,0,0
2024-02-01,09P,0,0
2021-10-01,09P,0,0
2024-03-01,09P,0,0
2026-02-01,09P,0,0
2022-08-01,09P,0,0
2023-01-01,09P,0,0
2024-08-01,09P,0,0
2024-11-01,09P,0,0
2025-06-01,09P,0,0
2025-10-01,09P,0,0
2025-11-01,09P,0,0
2021-06-01,09P,0,0
2022-12-01,09P,0,0
2023-03-01,09P,0,0
2025-01-01,09P,0,0
2022-05-01,09P,0,0
2022-09-01,09P,0,0
2026-03-01,09P,0,0
2021-12-01,09P,0,0
2024-06-01,09P,0,0
2025-04-01,09P,0,0
2022-10-01,09P,0,0
2023-07-01,09P,0,0
2022-07-01,09P,0,0
2025-07-01,09P,0,0
2023-08-01,09P,0,0
2026-01-01,09P,0,0
2025-03-01,09P,0,0
2024-12-01,09P,0,0
2023-05-01,09P,0,0
2023-10-01,09P,0,0
2024-09-01,09P,0,0
2025-05-01,09P,0,0
2024-10-01,09P,0,0
2021-08-01,09P,0,0
2022-02-01,09P,0,0
2021-09-01,09P,0,0
2022-01-01,09P,0,0
2023-06-01,09P,0,0
2026-05-01,09P,0,0
2025-12-01,09P,0,0
2026-04-01,09P,0,0
2023-12-01,09P,0,0
2022-06-01,09P,0,0
2024-07-01,09P,0,0
2025-08-01,09P,0,0
2022-03-01,09P,0,0
2022-04-01,09P,0,0
2023-02-01,09P,0,0
2023-09-01,09P,0,0
2024-04-01,09P,0,0
2022-11-01,09W,0,0
2022-01-01,09W,0,0
2022-03-01,09W,0,0
2024-11-01,09W,0,0
2026-05-01,09W,0,0
2025-01-01,09W,0,0
2023-09-01,09W,0,0
2023-10-01,09W,0,0
2024-07-01,09W,0,0
2024-06-01,09W,0,0
2022-07-01,09W,0,0
2021-07-01,09W,0,0
2023-05-01,09W,0,0
2024-08-01,09W,0,0
2024-09-01,09W,0,0
2025-06-01,09W,0,0
2023-11-01,09W,0,0
2025-12-01,09W,0,0
2026-02-01,09W,0,0
2025-07-01,09W,0,0
2023-08-01,09W,0,0
2021-06-01,09W,0,0
2025-09-01,09W,0,0
2024-03-01,09W,0,0
2022-12-01,09W,0,0
2024-12-01,09W,0,0
2022-04-01,09W,0,0
2022-09-01,09W,0,0
2023-01-01,09W,0,0
2024-04-01,09W,0,0
2024-10-01,09W,0,0
2026-04-01,09W,0,0
2022-06-01,09W,0,0
2023-06-01,09W,0,0
2025-04-01,09W,0,0
2025-05-01,09W,0,0
2025-10-01,09W,0,0
2023-03-01,09W,0,0
2023-07-01,09W,0,0
2023-12-01,09W,0,0
2024-02-01,09W,0,0
2025-08-01,09W,0,0
2021-08-01,09W,0,0
2022-05-01,09W,0,0
2021-10-01,09W,0,0
2022-02-01,09W,0,0
2021-12-01,09W,0,0
2026-01-01,09W,0,0
2026-06-01,09W,0,0
2022-10-01,09W,0,0
2025-11-01,09W,0,0
2021-09-01,09W,0,0
2021-11-01,09W,0,0
2023-04-01,09W,0,0
2026-03-01,09W,0,0
2022-08-01,09W,0,0
2024-05-01,09W,0,0
2023-02-01,09W,0,0
2025-03-01,09W,0,0
2024-01-01,09W,0,0
2025-02-01,09W,0,0
2023-07-01,09Y,0,0
2021-10-01,09Y,0,0
2022-04-01,09Y,0,0
2024-04-01,09Y,0,0
2025-10-01,09Y,0,0
2026-06-01,09Y,0,0
2021-07-01,09Y,0,0
2025-09-01,09Y,0,0
2024-09-01,09Y,0,0
2023-11-01,09Y,0,0
2024-06-01,09Y,0,0
2025-07-01,09Y,0,0
2022-12-01,09Y,0,0
2023-09-01,09Y,0,0
2022-09-01,09Y,0,0
2023-04-01,09Y,0,0
2024-12-01,09Y,0,0
2026-05-01,09Y,0,0
2022-08-01,09Y,0,0
2025-02-01,09Y,0,0
2026-01-01,09Y,0,0
2024-03-01,09Y,0,0
2021-11-01,09Y,0,0
2024-10-01,09Y,0,0
2022-07-01,09Y,0,0
2026-04-01,09Y,0,0
2025-04-01,09Y,0,0
2024-11-01,09Y,0,0
2025-11-01,09Y,0,0
2021-08-01,09Y,0,0
2023-10-01,09Y,0,0
2022-03-01,09Y,0,0
2021-09-01,09Y,0,0
2024-05-01,09Y,0,0
2025-03-01,09Y,0,0
2026-03-01,09Y,0,0
2023-12-01,09Y,0,0
2022-01-01,09Y,0,0
2023-01-01,09Y,0,0
2024-01-01,09Y,0,0
2023-06-01,09Y,0,0
2024-07-01,09Y,0,0
2025-06-01,09Y,0,0
2025-08-01,09Y,0,0
2024-08-01,09Y,0,0
2025-01-01,09Y,0,0
2026-02-01,09Y,0,0
2021-06-01,09Y,0,0
2022-10-01,09Y,0,0
2022-05-01,09Y,0,0
2023-02-01,09Y,0,0
2023-03-01,09Y,0,0
2024-02-01,09Y,0,0
2025-05-01,09Y,0,0
2025-12-01,09Y,0,0
2023-08-01,09Y,0,0
2022-06-01,09Y,0,0
2022-02-01,09Y,0,0
2022-11-01,09Y,0,0
2021-12-01,09Y,0,0
2023-05-01,09Y,0,0
2021-09-01,10A,0,0
2022-03-01,10A,0,0
2022-12-01,10A,0,0
2023-07-01,10A,0,0
2025-02-01,10A,0,0
2022-01-01,10A,0,0
2022-08-01,10A,0,0
2022-04-01,10A,0,0
2023-01-01,10A,0,0
2022-06-01,10A,0,0
2024-03-01,10A,0,0
2022-07-01,10A,0,0
2025-06-01,10A,0,0
2024-12-01,10A,0,0
2025-09-01,10A,0,0
2025-11-01,10A,0,0
2021-07-01,10A,0,0
2023-06-01,10A,0,0
2021-11-01,10A,0,0
2025-05-01,10A,0,0
2026-06-01,10A,0,0
2021-08-01,10A,0,0
2021-10-01,10A,0,0
2024-06-01,10A,0,0
2024-07-01,10A,0,0
2025-03-01,10A,0,0
2024-09-01,10A,0,0
2023-05-01,10A,0,0
2021-12-01,10A,0,0
2023-02-01,10A,0,0
2024-08-01,10A,0,0
2026-02-01,10A,0,0
2026-03-01,10A,0,0
2023-11-01,10A,0,0
2023-12-01,10A,0,0
2026-01-01,10A,0,0
2022-05-01,10A,0,0
2024-05-01,10A,0,0
2023-10-01,10A,0,0
2024-10-01,10A,0,0
2025-07-01,10A,0,0
2025-01-01,10A,0,0
2023-04-01,10A,0,0
2023-03-01,10A,0,0
2024-11-01,10A,0,0
2024-01-01,10A,0,0
2026-05-01,10A,0,0
2022-11-01,10A,0,0
2024-02-01,10A,0,0
2025-10-01,10A,0,0
2026-04-01,10A,0,0
2022-10-01,10A,0,0
2023-09-01,10A,0,0
2022-02-01,10A,0,0
2023-08-01,10A,0,0
2024-04-01,10A,0,0
2022-09-01,10A,0,0
2025-08-01,10A,0,0
2025-12-01,10A,0,0
2021-06-01,10A,0,0
2025-04-01,10A,0,0
2023-07-01,10C,0,0
2025-03-01,10C,0,0
2023-05-01,10C,0,0
2025-02-01,10C,0,0
2022-12-01,10C,0,0
2023-08-01,10C,0,0
2024-06-01,10C,0,0
2025-10-01,10C,0,0
2022-07-01,10C,0,0
2023-09-01,10C,0,0
2024-01-01,10C,0,0
2025-07-01,10C,0,0
2023-02-01,10C,0,0
2023-11-01,10C,0,0
2024-07-01,10C,0,0
2026-05-01,10C,0,0
2021-06-01,10C,0,0
2022-02-01,10C,0,0
2021-11-01,10C,0,0
2022-04-01,10C,0,0
2022-11-01,10C,0,0
2021-10-01,10C,0,0
2025-12-01,10C,0,0
2025-06-01,10C,0,0
2023-03-01,10C,0,0
2023-12-01,10C,0,0
2026-01-01,10C,0,0
2022-03-01,10C,0,0
2024-09-01,10C,0,0
2025-04-01,10C,0,0
2023-10-01,10C,0,0
2025-09-01,10C,0,0
2026-03-01,10C,0,0
2021-08-01,10C,0,0
2022-09-01,10C,0,0
2025-08-01,10C,0,0
2023-06-01,10C,0,0
2026-02-01,10C,0,0
2024-11-01,10C,0,0
2022-08-01,10C,0,0
2024-03-01,10C,0,0
2026-06-01,10C,0,0
2021-09-01,10C,0,0
2023-04-01,10C,0,0
2024-10-01,10C,0,0
2022-05-01,10C,0,0
2024-05-01,10C,0,0
2025-11-01,10C,0,0
2024-08-01,10C,0,0
2022-06-01,10C,0,0
2021-12-01,10C,0,0
2023-01-01,10C,0,0
2024-04-01,10C,0,0
2025-05-01,10C,0,0
2024-12-01,10C,0,0
2025-01-01,10C,0,0
2021-07-01,10C,0,0
2026-04-01,10C,0,0
2022-01-01,10C,0,0
2022-10-01,10C,0,0
2024-02-01,10C,0,0
2023-04-01,10D,0,0
2024-08-01,10D,0,0
2025-09-01,10D,0,0
2024-03-01,10D,0,0
2025-12-01,10D,0,0
2023-03-01,10D,0,0
2022-08-01,10D,0,0
2025-04-01,10D,0,0
2023-09-01,10D,0,0
2026-04-01,10D,0,0
2023-08-01,10D,0,0
2022-04-01,10D,0,0
2022-10-01,10D,0,0
2021-08-01,10D,0,0
2022-09-01,10D,0,0
2024-04-01,10D,0,0
2024-11-01,10D,0,0
2021-06-01,10D,0,0
2021-09-01,10D,0,0
2025-02-01,10D,0,0
2023-01-01,10D,0,0
2023-06-01,10D,0,0
2026-02-01,10D,0,0
2022-05-01,10D,0,0
2022-07-01,10D,0,0
2024-07-01,10D,0,0
2025-03-01,10D,0,0
2022-11-01,10D,0,0
2025-05-01,10D,0,0
2023-10-01,10D,0,0
2024-01-01,10D,0,0
2023-05-01,10D,0,0
2026-06-01,10D,0,0
2023-07-01,10D,0,0
2024-06-01,10D,0,0
2025-07-01,10D,0,0
2021-07-01,10D,0,0
2024-02-01,10D,0,0
2025-01-01,10D,0,0
2026-03-01,10D,0,0
2026-05-01,10D,0,0
2024-10-01,10D,0,0
2025-10-01,10D,0,0
2022-03-01,10D,0,0
2022-02-01,10D,0,0
2025-08-01,10D,0,0
2025-11-01,10D,0,0
2024-09-01,10D,0,0
2024-12-01,10D,0,0
2021-10-01,10D,0,0
2024-05-01,10D,0,0
2022-06-01,10D,0,0
2025-06-01,10D,0,0
2021-12-01,10D,0,0
2023-02-01,10D,0,0
2022-01-01,10D,0,0
2023-12-01,10D,0,0
2021-11-01,10D,0,0
2022-12-01,10D,0,0
2023-11-01,10D,0,0
2026-01-01,10D,0,0
2023-06-01,10E,0,0
2022-03-01,10E,0,0
2026-01-01,10E,0,0
2023-01-01,10E,0,0
2023-07-01,10E,0,0
2022-04-01,10E,0,0
2026-06-01,10E,0,0
2022-09-01,10E,0,0
2024-12-01,10E,0,0
2022-02-01,10E,0,0
2023-02-01,10E,0,0
2023-10-01,10E,0,0
2025-07-01,10E,0,0
2023-12-01,10E,0,0
2024-04-01,10E,0,0
2021-07-01,10E,0,0
2024-06-01,10E,0,0
2022-12-01,10E,0,0
2025-06-01,10E,0,0
2023-11-01,10E,0,0
2026-02-01,10E,0,0
2024-11-01,10E,0,0
2025-12-01,10E,0,0
2021-08-01,10E,0,0
2024-07-01,10E,0,0
2021-10-01,10E,0,0
2025-08-01,10E,0,0
2025-04-01,10E,0,0
2025-05-01,10E,0,0
2024-03-01,10E,0,0
2025-02-01,10E,0,0
2025-11-01,10E,0,0
2025-01-01,10E,0,0
2021-12-01,10E,0,0
2024-10-01,10E,0,0
2021-06-01,10E,0,0
2023-03-01,10E,0,0
2025-09-01,10E,0,0
2021-11-01,10E,0,0
2023-04-01,10E,0,0
2025-10-01,10E,0,0
2024-08-01,10E,0,0
2026-03-01,10E,0,0
2023-08-01,10E,0,0
2026-05-01,10E,0,0
2022-08-01,10E,0,0
2022-10-01,10E,0,0
2022-11-01,10E,0,0
2023-09-01,10E,0,0
2024-02-01,10E,0,0
2022-06-01,10E,0,0
2024-05-01,10E,0,0
2022-01-01,10E,0,0
2022-07-01,10E,0,0
2026-04-01,10E,0,0
2021-09-01,10E,0,0
2022-05-01,10E,0,0
2024-01-01,10E,0,0
2023-05-01,10E,0,0
2024-09-01,10E,0,0
2025-03-01,10E,0,0
2024-02-01,10J,0,0
2021-09-01,10J,0,0
2025-06-01,10J,0,0
2025-07-01,10J,0,0
2024-04-01,10J,0,0
2022-02-01,10J,0,0
2025-10-01,10J,0,0
2022-05-01,10J,0,0
2023-02-01,10J,0,0
2025-08-01,10J,0,0
2025-11-01,10J,0,0
2023-11-01,10J,0,0
2021-12-01,10J,0,0
2022-10-01,10J,0,0
2022-06-01,10J,0,0
2021-11-01,10J,0,0
2023-06-01,10J,0,0
2022-09-01,10J,0,0
2022-11-01,10J,0,0
2023-08-01,10J,0,0
2021-07-01,10J,0,0
2026-03-01,10J,0,0
2025-04-01,10J,0,0
2026-04-01,10J,0,0
2026-06-01,10J,0,0
2022-04-01,10J,0,0
2024-01-01,10J,0,0
2023-10-01,10J,0,0
2026-01-01,10J,0,0
2021-10-01,10J,0,0
2022-01-01,10J,0,0
2025-05-01,10J,0,0
2023-07-01,10J,0,0
2023-01-01,10J,0,0
2022-12-01,10J,0,0
2025-01-01,10J,0,0
2022-08-01,10J,0,0
2023-05-01,10J,0,0
2024-08-01,10J,0,0
2023-04-01,10J,0,0
2023-09-01,10J,0,0
2024-03-01,10J,0,0
2024-10-01,10J,0,0
2025-03-01,10J,0,0
2025-09-01,10J,0,0
2022-03-01,10J,0,0
2024-05-01,10J,0,0
2025-02-01,10J,0,0
2024-11-01,10J,0,0
2024-12-01,10J,0,0
2026-05-01,10J,0,0
2024-09-01,10J,0,0
2025-12-01,10J,0,0
2024-06-01,10J,0,0
2026-02-01,10J,0,0
2021-06-01,10J,0,0
2023-12-01,10J,0,0
2021-08-01,10J,0,0
2022-07-01,10J,0,0
2023-03-01,10J,0,0
2024-07-01,10J,0,0
2022-05-01,10K,0,0
2024-06-01,10K,0,0
2024-02-01,10K,0,0
2025-05-01,10K,0,0
2023-02-01,10K,0,0
2025-01-01,10K,0,0
2024-12-01,10K,0,0
2026-03-01,10K,0,0
2025-09-01,10K,0,0
2021-11-01,10K,0,0
2023-12-01,10K,0,0
2023-11-01,10K,0,0
2021-08-01,10K,0,0
2024-05-01,10K,0,0
2023-07-01,10K,0,0
2022-07-01,10K,0,0
2025-08-01,10K,0,0
2026-05-01,10K,0,0
2024-03-01,10K,0,0
2025-03-01,10K,0,0
2025-10-01,10K,0,0
2023-04-01,10K,0,0
2024-11-01,10K,0,0
2023-05-01,10K,0,0
2022-11-01,10K,0,0
2022-03-01,10K,0,0
2023-10-01,10K,0,0
2021-07-01,10K,0,0
2024-08-01,10K,0,0
2026-01-01,10K,0,0
2021-06-01,10K,0,0
2022-06-01,10K,0,0
2022-08-01,10K,0,0
2025-11-01,10K,0,0
2025-07-01,10K,0,0
2022-09-01,10K,0,0
2023-03-01,10K,0,0
2023-09-01,10K,0,0
2022-10-01,10K,0,0
2021-09-01,10K,0,0
2024-07-01,10K,0,0
2024-09-01,10K,0,0
2023-06-01,10K,0,0
2021-12-01,10K,0,0
2022-01-01,10K,0,0
2024-01-01,10K,0,0
2023-01-01,10K,0,0
2025-02-01,10K,0,0
2022-04-01,10K,0,0
2023-08-01,10K,0,0
2022-12-01,10K,0,0
2022-02-01,10K,0,0
2025-06-01,10K,0,0
2024-10-01,10K,0,0
2024-04-01,10K,0,0
2026-06-01,10K,0,0
2021-10-01,10K,0,0
2025-12-01,10K,0,0
2026-02-01,10K,0,0
2025-04-01,10K,0,0
2026-04-01,10K,0,0
2024-04-01,10L,0,0
2026-03-01,10L,0,0
2022-10-01,10L,0,0
2023-01-01,10L,0,0
2025-08-01,10L,0,0
2022-04-01,10L,0,0
2023-04-01,10L,0,0
2024-08-01,10L,0,0
2025-10-01,10L,0,0
2022-03-01,10L,0,0
2022-11-01,10L,0,0
2024-09-01,10L,0,0
2025-09-01,10L,0,0
2024-02-01,10L,0,0
2026-04-01,10L,0,0
2025-01-01,10L,0,0
2021-07-01,10L,0,0
2026-02-01,10L,0,0
2022-02-01,10L,0,0
2022-05-01,10L,0,0
2021-08-01,10L,0,0
2023-05-01,10L,0,0
2021-06-01,10L,0,0
2025-07-01,10L,0,0
2023-10-01,10L,0,0
2022-01-01,10L,0,0
2022-12-01,10L,0,0
2024-05-01,10L,0,0
2021-09-01,10L,0,0
2021-11-01,10L,0,0
2023-06-01,10L,0,0
2022-06-01,10L,0,0
2023-09-01,10L,0,0
2023-07-01,10L,0,0
2021-12-01,10L,0,0
2023-12-01,10L,0,0
2023-03-01,10L,0,0
2023-11-01,10L,0,0
2024-06-01,10L,0,0
2026-05-01,10L,0,0
2025-04-01,10L,0,0
2026-06-01,10L,0,0
2024-11-01,10L,0,0
2025-06-01,10L,0,0
2023-02-01,10L,0,0
2024-10-01,10L,0,0
2023-08-01,10L,0,0
2024-07-01,10L,0,0
2022-08-01,10L,0,0
2024-03-01,10L,0,0
2025-11-01,10L,0,0
2022-07-01,10L,0,0
2026-01-01,10L,0,0
2021-10-01,10L,0,0
2022-09-01,10L,0,0
2024-01-01,10L,0,0
2025-05-01,10L,0,0
2025-12-01,10L,0,0
2024-12-01,10L,0,0
2025-02-01,10L,0,0
2025-03-01,10L,0,0
2025-06-01,10M,0,0
2023-03-01,10M,0,0
2024-12-01,10M,0,0
2022-07-01,10M,0,0
2023-01-01,10M,0,0
2025-03-01,10M,0,0
2022-03-01,10M,0,0
2023-12-01,10M,0,0
2026-06-01,10M,0,0
2024-07-01,10M,0,0
2026-05-01,10M,0,0
2021-12-01,10M,0,0
2022-10-01,10M,0,0
2023-07-01,10M,0,0
2024-02-01,10M,0,0
2023-05-01,10M,0,0
2022-01-01,10M,0,0
2023-09-01,10M,0,0
2025-08-01,10M,0,0
2022-09-01,10M,0,0
2022-12-01,10M,0,0
2023-06-01,10M,0,0
2026-01-01,10M,0,0
2024-03-01,10M,0,0
2026-04-01,10M,0,0
2023-04-01,10M,0,0
2021-07-01,10M,0,0
2025-02-01,10M,0,0
2022-08-01,10M,0,0
2024-06-01,10M,0,0
2024-08-01,10M,0,0
2025-01-01,10M,0,0
2026-03-01,10M,0,0
2026-02-01,10M,0,0
2022-11-01,10M,0,0
2023-08-01,10M,0,0
2023-11-01,10M,0,0
2025-04-01,10M,0,0
2024-04-01,10M,0,0
2023-10-01,10M,0,0
2024-09-01,10M,0,0
2024-11-01,10M,0,0
2025-10-01,10M,0,0
2022-06-01,10M,0,0
2025-07-01,10M,0,0
2025-11-01,10M,0,0
2024-01-01,10M,0,0
2024-05-01,10M,0,0
2022-05-01,10M,0,0
2024-10-01,10M,0,0
2025-05-01,10M,0,0
2023-02-01,10M,0,0
2025-12-01,10M,0,0
2021-08-01,10M,0,0
2021-11-01,10M,0,0
2021-09-01,10M,0,0
2021-06-01,10M,0,0
2021-10-01,10M,0,0
2022-02-01,10M,0,0
2022-04-01,10M,0,0
2025-09-01,10M,0,0
2024-02-01,10V,0,0
2022-09-01,10V,0,0
2025-11-01,10V,0,0
2021-12-01,10V,0,0
2023-03-01,10V,0,0
2021-07-01,10V,0,0
2022-08-01,10V,0,0
2023-06-01,10V,0,0
2025-06-01,10V,0,0
2023-02-01,10V,0,0
2025-09-01,10V,0,0
2021-11-01,10V,0,0
2021-06-01,10V,0,0
2023-01-01,10V,0,0
2026-01-01,10V,0,0
2024-08-01,10V,0,0
2021-10-01,10V,0,0
2022-10-01,10V,0,0
2022-11-01,10V,0,0
2023-08-01,10V,0,0
2022-05-01,10V,0,0
2022-12-01,10V,0,0
2025-03-01,10V,0,0
2024-07-01,10V,0,0
2025-08-01,10V,0,0
2022-07-01,10V,0,0
2026-04-01,10V,0,0
2023-05-01,10V,0,0
2025-01-01,10V,0,0
2024-10-01,10V,0,0
2022-04-01,10V,0,0
2025-02-01,10V,0,0
2023-04-01,10V,0,0
2023-10-01,10V,0,0
2023-12-01,10V,0,0
2024-01-01,10V,0,0
2024-04-01,10V,0,0
2024-11-01,10V,0,0
2021-08-01,10V,0,0
2026-05-01,10V,0,0
2024-06-01,10V,0,0
2024-12-01,10V,0,0
2022-02-01,10V,0,0
2026-03-01,10V,0,0
2022-06-01,10V,0,0
2023-07-01,10V,0,0
2025-05-01,10V,0,0
2025-04-01,10V,0,0
2026-02-01,10V,0,0
2024-05-01,10V,0,0
2023-11-01,10V,0,0
2024-03-01,10V,0,0
2022-03-01,10V,0,0
2023-09-01,10V,0,0
2025-10-01,10V,0,0
2025-12-01,10V,0,0
2024-09-01,10V,0,0
2022-01-01,10V,0,0
2025-07-01,10V,0,0
2021-09-01,10V,0,0
2026-06-01,10V,0,0
2023-10-01,10W,0,0
2024-02-01,10W,0,0
2024-04-01,10W,0,0
2025-05-01,10W,0,0
2026-04-01,10W,0,0
2023-09-01,10W,0,0
2026-03-01,10W,0,0
2023-04-01,10W,0,0
2024-12-01,10W,0,0
2021-08-01,10W,0,0
2023-05-01,10W,0,0
2024-11-01,10W,0,0
2025-03-01,10W,0,0
2022-02-01,10W,0,0
2022-05-01,10W,0,0
2022-08-01,10W,0,0
2022-10-01,10W,0,0
2025-11-01,10W,0,0
2021-07-01,10W,0,0
2023-06-01,10W,0,0
2024-09-01,10W,0,0
2026-05-01,10W,0,0
2022-11-01,10W,0,0
2026-02-01,10W,0,0
2024-01-01,10W,0,0
2024-06-01,10W,0,0
2023-07-01,10W,0,0
2024-07-01,10W,0,0
2024-08-01,10W,0,0
2025-08-01,10W,0,0
2021-09-01,10W,0,0
2026-01-01,10W,0,0
2022-12-01,10W,0,0
2025-12-01,10W,0,0
2021-06-01,10W,0,0
2025-02-01,10W,0,0
2021-12-01,10W,0,0
2025-07-01,10W,0,0
2024-05-01,10W,0,0
2023-03-01,10W,0,0
2021-11-01,10W,0,0
2023-01-01,10W,0,0
2022-04-01,10W,0,0
2025-06-01,10W,0,0
2025-09-01,10W,0,0
2021-10-01,10W,0,0
2023-08-01,10W,0,0
2023-02-01,10W,0,0
2022-07-01,10W,0,0
2025-04-01,10W,0,0
2024-10-01,10W,0,0
2026-06-01,10W,0,0
2022-09-01,10W,0,0
2024-03-01,10W,0,0
2022-06-01,10W,0,0
2023-12-01,10W,0,0
2022-03-01,10W,0,0
2023-11-01,10W,0,0
2022-01-01,10W,0,0
2025-01-01,10W,0,0
2025-10-01,10W,0,0
2024-02-01,10X,0,0
2025-01-01,10X,0,0
2022-11-01,10X,0,0
2025-05-01,10X,0,0
2022-09-01,10X,0,0
2023-05-01,10X,0,0
2025-04-01,10X,0,0
2021-08-01,10X,0,0
2021-09-01,10X,0,0
2022-08-01,10X,0,0
2022-02-01,10X,0,0
2024-11-01,10X,0,0
2025-02-01,10X,0,0
2022-04-01,10X,0,0
2025-07-01,10X,0,0
2022-01-01,10X,0,0
2023-02-01,10X,0,0
2026-06-01,10X,0,0
2022-03-01,10X,0,0
2023-12-01,10X,0,0
2025-06-01,10X,0,0
2025-09-01,10X,0,0
2023-03-01,10X,0,0
2023-08-01,10X,0,0
2022-07-01,10X,0,0
2026-04-01,10X,0,0
2024-08-01,10X,0,0
2026-01-01,10X,0,0
2021-06-01,10X,0,0
2025-03-01,10X,0,0
2023-09-01,10X,0,0
2024-01-01,10X,0,0
2024-06-01,10X,0,0
2024-05-01,10X,0,0
2025-11-01,10X,0,0
2026-03-01,10X,0,0
2022-05-01,10X,0,0
2025-10-01,10X,0,0
2026-05-01,10X,0,0
2023-10-01,10X,0,0
2024-04-01,10X,0,0
2021-07-01,10X,0,0
2021-12-01,10X,0,0
2026-02-01,10X,0,0
2024-09-01,10X,0,0
2024-12-01,10X,0,0
2024-07-01,10X,0,0
2025-08-01,10X,0,0
2021-10-01,10X,0,0
2023-01-01,10X,0,0
2023-07-01,10X,0,0
2025-12-01,10X,0,0
2021-11-01,10X,0,0
2024-10-01,10X,0,0
2022-10-01,10X,0,0
2023-04-01,10X,0,0
2023-11-01,10X,0,0
2024-03-01,10X,0,0
2022-06-01,10X,0,0
2023-06-01,10X,0,0
2022-12-01,10X,0,0
2023-10-01,11A,0,0
2022-02-01,11A,0,0
2022-08-01,11A,0,0
2023-03-01,11A,0,0
2023-11-01,11A,0,0
2025-04-01,11A,0,0
2024-06-01,11A,0,0
2024-11-01,11A,0,0
2025-09-01,11A,0,0
2025-10-01,11A,0,0
2025-01-01,11A,0,0
2024-03-01,11A,0,0
2026-04-01,11A,0,0
2023-05-01,11A,0,0
2021-10-01,11A,0,0
2022-05-01,11A,0,0
2023-08-01,11A,0,0
2025-02-01,11A,0,0
2022-04-01,11A,0,0
2023-01-01,11A,0,0
2023-04-01,11A,0,0
2026-02-01,11A,0,0
2021-09-01,11A,0,0
2024-04-01,11A,0,0
2024-07-01,11A,0,0
2023-02-01,11A,0,0
2023-12-01,11A,0,0
2024-05-01,11A,0,0
2024-08-01,11A,0,0
2021-08-01,11A,0,0
2022-09-01,11A,0,0
2025-06-01,11A,0,0
2021-12-01,11A,0,0
2024-10-01,11A,0,0
2022-03-01,11A,0,0
2022-07-01,11A,0,0
2022-11-01,11A,0,0
2025-12-01,11A,0,0
2021-07-01,11A,0,0
2025-05-01,11A,0,0
2024-02-01,11A,0,0
2025-11-01,11A,0,0
2026-05-01,11A,0,0
2021-06-01,11A,0,0
2021-11-01,11A,0,0
2024-12-01,11A,0,0
2025-08-01,11A,0,0
2026-01-01,11A,0,0
2022-01-01,11A,0,0
2026-06-01,11A,0,0
2022-06-01,11A,0,0
2025-07-01,11A,0,0
2024-09-01,11A,0,0
2023-06-01,11A,0,0
2023-07-01,11A,0,0
2022-10-01,11A,0,0
2025-03-01,11A,0,0
2026-03-01,11A,0,0
2023-09-01,11A,0,0
2024-01-01,11A,0,0
2022-12-01,11A,0,0
2025-02-01,11E,0,0
2021-09-01,11E,0,0
2023-03-01,11E,0,0
2025-08-01,11E,0,0
2023-01-01,11E,0,0
2025-07-01,11E,0,0
2023-04-01,11E,0,0
2023-05-01,11E,0,0
2023-12-01,11E,0,0
2024-03-01,11E,0,0
2024-06-01,11E,0,0
2026-04-01,11E,0,0
2021-11-01,11E,0,0
2021-10-01,11E,0,0
2021-12-01,11E,0,0
2024-08-01,11E,0,0
2024-09-01,11E,0,0
2024-02-01,11E,0,0
2026-05-01,11E,0,0
2023-10-01,11E,0,0
2021-07-01,11E,0,0
2021-08-01,11E,0,0
2022-09-01,11E,0,0
2026-06-01,11E,0,0
2025-09-01,11E,0,0
2024-07-01,11E,0,0
2025-01-01,11E,0,0
2022-01-01,11E,0,0
2025-06-01,11E,0,0
2022-07-01,11E,0,0
2025-03-01,11E,0,0
2026-01-01,11E,0,0
2022-04-01,11E,0,0
2024-11-01,11E,0,0
2024-12-01,11E,0,0
2023-07-01,11E,0,0
2022-11-01,11E,0,0
2024-04-01,11E,0,0
2022-03-01,11E,0,0
2025-11-01,11E,0,0
2022-02-01,11E,0,0
2022-05-01,11E,0,0
2022-08-01,11E,0,0
2022-10-01,11E,0,0
2026-02-01,11E,0,0
2024-01-01,11E,0,0
2022-06-01,11E,0,0
2025-12-01,11E,0,0
2023-02-01,11E,0,0
2023-09-01,11E,0,0
2023-11-01,11E,0,0
2024-10-01,11E,0,0
2025-10-01,11E,0,0
2021-06-01,11E,0,0
2024-05-01,11E,0,0
2023-08-01,11E,0,0
2025-04-01,11E,0,0
2025-05-01,11E,0,0
2026-03-01,11E,0,0
2022-12-01,11E,0,0
2023-06-01,11E,0,0
2025-05-01,11H,0,0
2025-08-01,11H,0,0
2025-12-01,11H,0,0
2021-08-01,11H,0,0
2023-05-01,11H,0,0
2024-06-01,11H,0,0
2026-02-01,11H,0,0
2026-04-01,11H,0,0
2021-07-01,11H,0,0
2024-08-01,11H,0,0
2026-05-01,11H,0,0
2023-11-01,11H,0,0
2024-11-01,11H,0,0
2022-01-01,11H,0,0
2022-03-01,11H,0,0
2023-12-01,11H,0,0
2022-06-01,11H,0,0
2023-02-01,11H,0,0
2022-11-01,11H,0,0
2026-06-01,11H,0,0
2021-12-01,11H,0,0
2022-07-01,11H,0,0
2023-03-01,11H,0,0
2024-05-01,11H,0,0
2022-02-01,11H,0,0
2023-09-01,11H,0,0
2024-02-01,11H,0,0
2026-03-01,11H,0,0
2023-06-01,11H,0,0
2023-10-01,11H,0,0
2024-10-01,11H,0,0
2025-10-01,11H,0,0
2021-11-01,11H,0,0
2023-01-01,11H,0,0
2024-09-01,11H,0,0
2024-01-01,11H,0,0
2024-04-01,11H,0,0
2025-01-01,11H,0,0
2025-11-01,11H,0,0
2025-03-01,11H,0,0
2025-09-01,11H,0,0
2023-07-01,11H,0,0
2024-03-01,11H,0,0
2025-07-01,11H,0,0
2023-08-01,11H,0,0
2022-12-01,11H,0,0
2022-08-01,11H,0,0
2022-10-01,11H,0,0
2023-04-01,11H,0,0
2022-04-01,11H,0,0
2021-06-01,11H,0,0
2021-09-01,11H,0,0
2025-06-01,11H,0,0
2026-01-01,11H,0,0
2022-05-01,11H,0,0
2024-07-01,11H,0,0
2022-09-01,11H,0,0
2024-12-01,11H,0,0
2025-04-01,11H,0,0
2021-10-01,11H,0,0
2025-02-01,11H,0,0
2025-03-01,11T,0,0
2026-02-01,11T,0,0
2026-04-01,11T,0,0
2023-10-01,11T,0,0
2021-08-01,11T,0,0
2025-12-01,11T,0,0
2022-05-01,11T,0,0
2024-08-01,11T,0,0
2022-09-01,11T,0,0
2023-07-01,11T,0,0
2026-03-01,11T,0,0
2021-09-01,11T,0,0
2024-05-01,11T,0,0
2025-04-01,11T,0,0
2022-11-01,11T,0,0
2023-09-01,11T,0,0
2024-11-01,11T,0,0
2021-06-01,11T,0,0
2025-01-01,11T,0,0
2025-10-01,11T,0,0
2022-01-01,11T,0,0
2023-05-01,11T,0,0
2023-12-01,11T,0,0
2023-04-01,11T,0,0
2023-06-01,11T,0,0
2024-02-01,11T,0,0
2024-07-01,11T,0,0
2025-07-01,11T,0,0
2025-08-01,11T,0,0
2026-01-01,11T,0,0
2026-05-01,11T,0,0
2022-06-01,11T,0,0
2024-10-01,11T,0,0
2021-10-01,11T,0,0
2022-08-01,11T,0,0
2023-02-01,11T,0,0
2024-09-01,11T,0,0
2024-03-01,11T,0,0
2021-11-01,11T,0,0
2023-03-01,11T,0,0
2022-04-01,11T,0,0
2025-06-01,11T,0,0
2025-09-01,11T,0,0
2023-01-01,11T,0,0
2022-10-01,11T,0,0
2023-11-01,11T,0,0
2022-02-01,11T,0,0
2024-06-01,11T,0,0
2025-11-01,11T,0,0
2022-03-01,11T,0,0
2021-12-01,11T,0,0
2022-07-01,11T,0,0
2022-12-01,11T,0,0
2024-01-01,11T,0,0
2025-02-01,11T,0,0
2024-04-01,11T,0,0
2023-08-01,11T,0,0
2025-05-01,11T,0,0
2026-06-01,11T,0,0
2024-12-01,11T,0,0
2021-07-01,11T,0,0
2024-04-01,12D,0,0
2024-12-01,12D,0,0
2026-06-01,12D,0,0
2021-06-01,12D,0,0
2021-08-01,12D,0,0
2022-11-01,12D,0,0
2023-10-01,12D,0,0
2023-02-01,12D,0,0
2024-06-01,12D,0,0
2026-02-01,12D,0,0
2022-03-01,12D,0,0
2022-05-01,12D,0,0
2022-06-01,12D,0,0
2021-11-01,12D,0,0
2024-01-01,12D,0,0
2021-07-01,12D,0,0
2023-01-01,12D,0,0
2025-08-01,12D,0,0
2024-11-01,12D,0,0
2022-12-01,12D,0,0
2025-06-01,12D,0,0
2025-09-01,12D,0,0
2022-09-01,12D,0,0
2022-02-01,12D,0,0
2022-04-01,12D,0,0
2025-11-01,12D,0,0
2023-04-01,12D,0,0
2023-11-01,12D,0,0
2024-05-01,12D,0,0
2024-08-01,12D,0,0
2025-07-01,12D,0,0
2022-08-01,12D,0,0
2023-06-01,12D,0,0
2024-03-01,12D,0,0
2026-04-01,12D,0,0
2022-10-01,12D,0,0
2024-10-01,12D,0,0
2025-02-01,12D,0,0
2025-05-01,12D,0,0
2023-07-01,12D,0,0
2025-12-01,12D,0,0
2021-10-01,12D,0,0
2026-05-01,12D,0,0
2026-01-01,12D,0,0
2021-12-01,12D,0,0
2025-10-01,12D,0,0
2023-09-01,12D,0,0
2025-01-01,12D,0,0
2023-05-01,12D,0,0
2023-12-01,12D,0,0
2025-03-01,12D,0,0
2022-01-01,12D,0,0
2024-07-01,12D,0,0
2024-09-01,12D,0,0
2022-07-01,12D,0,0
2026-03-01,12D,0,0
2023-08-01,12D,0,0
2024-02-01,12D,0,0
2025-04-01,12D,0,0
2021-09-01,12D,0,0
2023-03-01,12D,0,0
2022-07-01,13P,0,0
2021-12-01,13P,0,0
2023-06-01,13P,0,0
2025-12-01,13P,0,0
2022-10-01,13P,0,0
2023-07-01,13P,0,0
2021-08-01,13P,0,0
2022-11-01,13P,0,0
2023-09-01,13P,0,0
2023-03-01,13P,0,0
2022-09-01,13P,0,0
2024-09-01,13P,0,0
2024-11-01,13P,0,0
2025-07-01,13P,0,0
2023-08-01,13P,0,0
2026-04-01,13P,0,0
2021-11-01,13P,0,0
2023-04-01,13P,0,0
2023-11-01,13P,0,0
2025-04-01,13P,0,0
2023-10-01,13P,0,0
2024-05-01,13P,0,0
2025-02-01,13P,0,0
2026-03-01,13P,0,0
2021-09-01,13P,0,0
2024-08-01,13P,0,0
2026-01-01,13P,0,0
2026-06-01,13P,0,0
2021-06-01,13P,0,0
2021-07-01,13P,0,0
2026-02-01,13P,0,0
2025-01-01,13P,0,0
2022-12-01,13P,0,0
2022-08-01,13P,0,0
2023-05-01,13P,0,0
2024-02-01,13P,0,0
2024-04-01,13P,0,0
2025-03-01,13P,0,0
2022-01-01,13P,0,0
2024-06-01,13P,0,0
2025-08-01,13P,0,0
2022-04-01,13P,0,0
2022-02-01,13P,0,0
2024-01-01,13P,0,0
2024-10-01,13P,0,0
2025-09-01,13P,0,0
2023-01-01,13P,0,0
2023-12-01,13P,0,0
2024-12-01,13P,0,0
2024-07-01,13P,0,0
2025-11-01,13P,0,0
2026-05-01,13P,0,0
2022-06-01,13P,0,0
2024-03-01,13P,0,0
2025-06-01,13P,0,0
2022-05-01,13P,0,0
2022-03-01,13P,0,0
2023-02-01,13P,0,0
2021-10-01,13P,0,0
2025-10-01,13P,0,0
2025-05-01,13P,0,0
2022-11-01,15D,0,0
2022-02-01,15D,0,0
2025-06-01,15D,0,0
2025-09-01,15D,0,0
2023-11-01,15D,0,0
2025-01-01,15D,0,0
2026-01-01,15D,0,0
2021-07-01,15D,0,0
2024-02-01,15D,0,0
2025-02-01,15D,0,0
2025-11-01,15D,0,0
2022-01-01,15D,0,0
2026-06-01,15D,0,0
2021-12-01,15D,0,0
2025-08-01,15D,0,0
2026-05-01,15D,0,0
2024-04-01,15D,0,0
2024-01-01,15D,0,0
2021-10-01,15D,0,0
2023-01-01,15D,0,0
2022-08-01,15D,0,0
2025-05-01,15D,0,0
2025-04-01,15D,0,0
2026-04-01,15D,0,0
2022-07-01,15D,0,0
2025-10-01,15D,0,0
2021-09-01,15D,0,0
2025-12-01,15D,0,0
2022-05-01,15D,0,0
2023-06-01,15D,0,0
2024-03-01,15D,0,0
2025-03-01,15D,0,0
2025-07-01,15D,0,0
2024-06-01,15D,0,0
2022-04-01,15D,0,0
2022-12-01,15D,0,0
2024-11-01,15D,0,0
2023-10-01,15D,0,0
2024-05-01,15D,0,0
2023-09-01,15D,0,0
2023-08-01,15D,0,0
2021-06-01,15D,0,0
2024-09-01,15D,0,0
2023-02-01,15D,0,0
2023-05-01,15D,0,0
2022-06-01,15D,0,0
2022-09-01,15D,0,0
2026-02-01,15D,0,0
2021-11-01,15D,0,0
2022-10-01,15D,0,0
2024-08-01,15D,0,0
2023-03-01,15D,0,0
2022-03-01,15D,0,0
2026-03-01,15D,0,0
2024-07-01,15D,0,0
2024-10-01,15D,0,0
2021-08-01,15D,0,0
2023-07-01,15D,0,0
2024-12-01,15D,0,0
2023-12-01,15D,0,0
2023-04-01,15D,0,0
2023-08-01,99D,0,0
2023-09-01,99D,0,0
2022-03-01,99D,0,0
2023-02-01,99D,0,0
2021-10-01,99D,0,0
2022-02-01,99D,0,0
2022-09-01,99D,0,0
2023-10-01,99D,0,0
2024-05-01,99D,0,0
2024-09-01,99D,0,0
2025-07-01,99D,0,0
2025-08-01,99D,0,0
2025-12-01,99D,0,0
2023-01-01,99D,0,0
2023-04-01,99D,0,0
2024-03-01,99D,0,0
2024-06-01,99D,0,0
2025-02-01,99D,0,0
2024-01-01,99D,0,0
2025-11-01,99D,0,0
2021-07-01,99D,0,0
2021-12-01,99D,0,0
2022-06-01,99D,0,0
2025-10-01,99D,0,0
2023-03-01,99D,0,0
2024-02-01,99D,0,0
2022-01-01,99D,0,0
2025-03-01,99D,0,0
2025-06-01,99D,0,0
2025-09-01,99D,0,0
2026-03-01,99D,0,0
2024-10-01,99D,0,0
2025-01-01,99D,0,0
2026-04-01,99D,0,0
2022-08-01,99D,0,0
2026-05-01,99D,0,0
2022-12-01,99D,0,0
2024-07-01,99D,0,0
2022-10-01,99D,0,0
2022-11-01,99D,0,0
2026-06-01,99D,0,0
2021-11-01,99D,0,0
2022-05-01,99D,0,0
2024-04-01,99D,0,0
2022-07-01,99D,0,0
2023-07-01,99D,0,0
2025-05-01,99D,0,0
2023-06-01,99D,0,0
2023-05-01,99D,0,0
2024-12-01,99D,0,0
2021-09-01,99D,0,0
2022-04-01,99D,0,0
2026-02-01,99D,0,0
2025-04-01,99D,0,0
2023-12-01,99D,0,0
2024-11-01,99D,0,0
2021-06-01,99D,0,0
2024-08-01,99D,0,0
2026-01-01,99D,0,0
2021-08-01,99D,0,0
2023-11-01,99D,0,0
2022-01-01,99H,0,0
2024-01-01,99H,0,0
2025-07-01,99H,0,0
2023-06-01,99H,0,0
2023-01-01,99H,0,0
2025-03-01,99H,0,0
2021-11-01,99H,0,0
2024-04-01,99H,0,0
2021-07-01,99H,0,0
2022-03-01,99H,0,0
2023-09-01,99H,0,0
2023-11-01,99H,0,0
2021-08-01,99H,0,0
2025-06-01,99H,0,0
2025-11-01,99H,0,0
2026-04-01,99H,0,0
2022-06-01,99H,0,0
2025-01-01,99H,0,0
2024-11-01,99H,0,0
2022-11-01,99H,0,0
2026-03-01,99H,0,0
2024-05-01,99H,0,0
2026-02-01,99H,0,0
2021-06-01,99H,0,0
2022-05-01,99H,0,0
2024-12-01,99H,0,0
2021-09-01,99H,0,0
2022-12-01,99H,0,0
2025-12-01,99H,0,0
2024-10-01,99H,0,0
2022-09-01,99H,0,0
2023-10-01,99H,0,0
2025-08-01,99H,0,0
2024-07-01,99H,0,0
2023-03-01,99H,0,0
2025-05-01,99H,0,0
2024-02-01,99H,0,0
2021-12-01,99H,0,0
2022-08-01,99H,0,0
2025-09-01,99H,0,0
2026-06-01,99H,0,0
2023-02-01,99H,0,0
2026-01-01,99H,0,0
2022-02-01,99H,0,0
2022-10-01,99H,0,0
2021-10-01,99H,0,0
2022-04-01,99H,0,0
2025-04-01,99H,0,0
2025-10-01,99H,0,0
2023-12-01,99H,0,0
2026-05-01,99H,0,0
2024-06-01,99H,0,0
2023-07-01,99H,0,0
2023-08-01,99H,0,0
2024-03-01,99H,0,0
2023-04-01,99H,0,0
2023-05-01,99H,0,0
2022-07-01,99H,0,0
2024-09-01,99H,0,0
2024-08-01,99H,0,0
2025-02-01,99H,0,0
2021-06-01,99J,0,0
2026-06-01,99J,0,0
2025-10-01,99J,0,0
2022-10-01,99J,0,0
2025-03-01,99J,0,0
2021-07-01,99J,0,0
2023-06-01,99J,0,0
2022-02-01,99J,0,0
2025-02-01,99J,0,0
2026-01-01,99J,0,0
2023-01-01,99J,0,0
2021-11-01,99J,0,0
2022-01-01,99J,0,0
2024-06-01,99J,0,0
2022-08-01,99J,0,0
2025-11-01,99J,0,0
2021-09-01,99J,0,0
2023-12-01,99J,0,0
2023-04-01,99J,0,0
2024-07-01,99J,0,0
2025-09-01,99J,0,0
2021-12-01,99J,0,0
2024-01-01,99J,0,0
2025-07-01,99J,0,0
2022-12-01,99J,0,0
2023-09-01,99J,0,0
2024-02-01,99J,0,0
2025-05-01,99J,0,0
2024-03-01,99J,0,0
2023-02-01,99J,0,0
2022-04-01,99J,0,0
2022-05-01,99J,0,0
2022-11-01,99J,0,0
2024-11-01,99J,0,0
2026-03-01,99J,0,0
2024-05-01,99J,0,0
2024-10-01,99J,0,0
2026-02-01,99J,0,0
2022-07-01,99J,0,0
2024-04-01,99J,0,0
2025-12-01,99J,0,0
2026-04-01,99J,0,0
2023-11-01,99J,0,0
2024-08-01,99J,0,0
2022-09-01,99J,0,0
2023-05-01,99J,0,0
2021-10-01,99J,0,0
2025-08-01,99J,0,0
2022-03-01,99J,0,0
2023-03-01,99J,0,0
2025-06-01,99J,0,0
2022-06-01,99J,0,0
2025-01-01,99J,0,0
2024-12-01,99J,0,0
2023-10-01,99J,0,0
2021-08-01,99J,0,0
2023-07-01,99J,0,0
2024-09-01,99J,0,0
2025-04-01,99J,0,0
2026-05-01,99J,0,0
2023-08-01,99J,0,0
2021-07-01,99K,0,0
2023-03-01,99K,0,0
2024-04-01,99K,0,0
2025-01-01,99K,0,0
2022-02-01,99K,0,0
2024-10-01,99K,0,0
2022-10-01,99K,0,0
2026-04-01,99K,0,0
2024-03-01,99K,0,0
2023-09-01,99K,0,0
2024-09-01,99K,0,0
2022-01-01,99K,0,0
2022-08-01,99K,0,0
2024-01-01,99K,0,0
2025-07-01,99K,0,0
2021-06-01,99K,0,0
2024-06-01,99K,0,0
2023-06-01,99K,0,0
2023-08-01,99K,0,0
2025-06-01,99K,0,0
2025-11-01,99K,0,0
2023-07-01,99K,0,0
2025-05-01,99K,0,0
2026-06-01,99K,0,0
2021-12-01,99K,0,0
2023-02-01,99K,0,0
2025-10-01,99K,0,0
2022-03-01,99K,0,0
2021-11-01,99K,0,0
2023-04-01,99K,0,0
2023-10-01,99K,0,0
2024-05-01,99K,0,0
2023-05-01,99K,0,0
2026-01-01,99K,0,0
2022-07-01,99K,0,0
2024-07-01,99K,0,0
2024-02-01,99K,0,0
2022-09-01,99K,0,0
2025-08-01,99K,0,0
2024-08-01,99K,0,0
2025-04-01,99K,0,0
2022-12-01,99K,0,0
2023-01-01,99K,0,0
2022-11-01,99K,0,0
2025-12-01,99K,0,0
2022-04-01,99K,0,0
2023-11-01,99K,0,0
2023-12-01,99K,0,0
2021-09-01,99K,0,0
2025-09-01,99K,0,0
2026-05-01,99K,0,0
2022-05-01,99K,0,0
2024-11-01,99K,0,0
2024-12-01,99K,0,0
2025-03-01,99K,0,0
2022-06-01,99K,0,0
2021-10-01,99K,0,0
2026-02-01,99K,0,0
2021-08-01,99K,0,0
2025-02-01,99K,0,0
2026-03-01,99K,0,0
2024-12-01,99M,0,0
2022-11-01,99M,0,0
2024-06-01,99M,0,0
2023-04-01,99M,0,0
2025-11-01,99M,0,0
2025-12-01,99M,0,0
2023-09-01,99M,0,0
2024-03-01,99M,0,0
2026-04-01,99M,0,0
2021-06-01,99M,0,0
2024-01-01,99M,0,0
2021-12-01,99M,0,0
2026-03-01,99M,0,0
2025-07-01,99M,0,0
2023-06-01,99M,0,0
2025-01-01,99M,0,0
2021-11-01,99M,0,0
2024-08-01,99M,0,0
2024-09-01,99M,0,0
2022-05-01,99M,0,0
2023-01-01,99M,0,0
2025-10-01,99M,0,0
2021-08-01,99M,0,0
2022-09-01,99M,0,0
2023-07-01,99M,0,0
2024-05-01,99M,0,0
2024-02-01,99M,0,0
2026-05-01,99M,0,0
2021-09-01,99M,0,0
2025-05-01,99M,0,0
2022-04-01,99M,0,0
2022-01-01,99M,0,0
2021-10-01,99M,0,0
2025-09-01,99M,0,0
2026-01-01,99M,0,0
2025-08-01,99M,0,0
2021-07-01,99M,0,0
2022-02-01,99M,0,0
2022-12-01,99M,0,0
2023-03-01,99M,0,0
2025-06-01,99M,0,0
2026-06-01,99M,0,0
2023-02-01,99M,0,0
2023-10-01,99M,0,0
2024-10-01,99M,0,0
2023-12-01,99M,0,0
2022-06-01,99M,0,0
2022-08-01,99M,0,0
2024-04-01,99M,0,0
2022-03-01,99M,0,0
2023-05-01,99M,0,0
2023-11-01,99M,0,0
2023-08-01,99M,0,0
2025-02-01,99M,0,0
2025-03-01,99M,0,0
2022-07-01,99M,0,0
2024-11-01,99M,0,0
2025-04-01,99M,0,0
2026-02-01,99M,0,0
2022-10-01,99M,0,0
2024-07-01,99M,0,0
2022-09-01,99N,0,0
2023-09-01,99N,0,0
2022-12-01,99N,0,0
2025-12-01,99N,0,0
2023-10-01,99N,0,0
2025-07-01,99N,0,0
2021-09-01,99N,0,0
2024-12-01,99N,0,0
2026-05-01,99N,0,0
2024-09-01,99N,0,0
2025-05-01,99N,0,0
2025-10-01,99N,0,0
2024-08-01,99N,0,0
2023-02-01,99N,0,0
2024-03-01,99N,0,0
2024-10-01,99N,0,0
2022-08-01,99N,0,0
2023-03-01,99N,0,0
2023-07-01,99N,0,0
2025-09-01,99N,0,0
2021-07-01,99N,0,0
2022-02-01,99N,0,0
2023-12-01,99N,0,0
2021-12-01,99N,0,0
2025-02-01,99N,0,0
2026-03-01,99N,0,0
2026-04-01,99N,0,0
2022-03-01,99N,0,0
2023-06-01,99N,0,0
2024-01-01,99N,0,0
2022-11-01,99N,0,0
2022-07-01,99N,0,0
2024-07-01,99N,0,0
2024-04-01,99N,0,0
2021-08-01,99N,0,0
2025-08-01,99N,0,0
2026-01-01,99N,0,0
2021-11-01,99N,0,0
2022-06-01,99N,0,0
2024-02-01,99N,0,0
2025-04-01,99N,0,0
2026-02-01,99N,0,0
2026-06-01,99N,0,0
2022-10-01,99N,0,0
2024-06-01,99N,0,0
2021-10-01,99N,0,0
2021-06-01,99N,0,0
2025-01-01,99N,0,0
2024-11-01,99N,0,0
2025-06-01,99N,0,0
2023-08-01,99N,0,0
2022-01-01,99N,0,0
2023-04-01,99N,0,0
2023-11-01,99N,0,0
2024-05-01,99N,0,0
2022-05-01,99N,0,0
2022-04-01,99N,0,0
2025-03-01,99N,0,0
2023-01-01,99N,0,0
2023-05-01,99N,0,0
2025-11-01,99N,0,0
2024-06-01,99P,0,0
2025-08-01,99P,0,0
2023-10-01,99P,0,0
2026-02-01,99P,0,0
2022-02-01,99P,0,0
2025-12-01,99P,0,0
2022-06-01,99P,0,0
2024-07-01,99P,0,0
2025-03-01,99P,0,0
2022-01-01,99P,0,0
2022-09-01,99P,0,0
2021-09-01,99P,0,0
2023-05-01,99P,0,0
2023-02-01,99P,0,0
2021-12-01,99P,0,0
2025-07-01,99P,0,0
2022-07-01,99P,0,0
2024-11-01,99P,0,0
2025-10-01,99P,0,0
2021-10-01,99P,0,0
2021-11-01,99P,0,0
2022-03-01,99P,0,0
2023-07-01,99P,0,0
2023-12-01,99P,0,0
2024-01-01,99P,0,0
2024-03-01,99P,0,0
2024-12-01,99P,0,0
2021-07-01,99P,0,0
2022-11-01,99P,0,0
2024-10-01,99P,0,0
2025-06-01,99P,0,0
2026-04-01,99P,0,0
2021-08-01,99P,0,0
2024-08-01,99P,0,0
2025-02-01,99P,0,0
2022-10-01,99P,0,0
2023-11-01,99P,0,0
2026-03-01,99P,0,0
2024-09-01,99P,0,0
2025-11-01,99P,0,0
2022-05-01,99P,0,0
2022-12-01,99P,0,0
2026-05-01,99P,0,0
2022-08-01,99P,0,0
2023-09-01,99P,0,0
2024-05-01,99P,0,0
2025-01-01,99P,0,0
2024-04-01,99P,0,0
2024-02-01,99P,0,0
2026-06-01,99P,0,0
2025-04-01,99P,0,0
2023-04-01,99P,0,0
2023-06-01,99P,0,0
2023-01-01,99P,0,0
2025-05-01,99P,0,0
2021-06-01,99P,0,0
2022-04-01,99P,0,0
2023-08-01,99P,0,0
2026-01-01,99P,0,0
2023-03-01,99P,0,0
2025-09-01,99P,0,0
2022-06-01,99Q,0,0
2024-05-01,99Q,0,0
2026-04-01,99Q,0,0
2023-08-01,99Q,0,0
2024-07-01,99Q,0,0
2024-08-01,99Q,0,0
2025-01-01,99Q,0,0
2022-08-01,99Q,0,0
2022-12-01,99Q,0,0
2024-12-01,99Q,0,0
2024-04-01,99Q,0,0
2025-05-01,99Q,0,0
2021-11-01,99Q,0,0
2024-11-01,99Q,0,0
2023-05-01,99Q,0,0
2024-01-01,99Q,0,0
2024-03-01,99Q,0,0
2021-12-01,99Q,0,0
2022-05-01,99Q,0,0
2024-06-01,99Q,0,0
2025-06-01,99Q,0,0
2021-08-01,99Q,0,0
2023-03-01,99Q,0,0
2024-10-01,99Q,0,0
2025-09-01,99Q,0,0
2025-12-01,99Q,0,0
2022-01-01,99Q,0,0
2023-12-01,99Q,0,0
2022-03-01,99Q,0,0
2025-04-01,99Q,0,0
2022-10-01,99Q,0,0
2026-05-01,99Q,0,0
2023-01-01,99Q,0,0
2021-06-01,99Q,0,0
2023-02-01,99Q,0,0
2022-11-01,99Q,0,0
2023-04-01,99Q,0,0
2025-02-01,99Q,0,0
2021-07-01,99Q,0,0
2022-02-01,99Q,0,0
2024-02-01,99Q,0,0
2023-06-01,99Q,0,0
2026-02-01,99Q,0,0
2022-07-01,99Q,0,0
2021-10-01,99Q,0,0
2023-07-01,99Q,0,0
2023-09-01,99Q,0,0
2025-11-01,99Q,0,0
2026-06-01,99Q,0,0
2023-10-01,99Q,0,0
2021-09-01,99Q,0,0
2022-09-01,99Q,0,0
2025-03-01,99Q,0,0
2025-10-01,99Q,0,0
2026-01-01,99Q,0,0
2022-04-01,99Q,0,0
2023-11-01,99Q,0,0
2026-03-01,99Q,0,0
2024-09-01,99Q,0,0
2025-07-01,99Q,0,0
2025-08-01,99Q,0,0
2021-10-01,06Q,1731,19286
2021-09-01,06Q,1825,18368
2026-04-01,06Q,1746,17151
2022-09-01,06Q,1721,17139
2023-12-01,06Q,1731,23804
2025-11-01,06Q,1720,17716
2022-10-01,06Q,1757,20181
2021-07-01,06Q,1639,16129
2022-08-01,06Q,1743,16527
2022-12-01,06Q,2268,31794
2023-01-01,06Q,2027,25070
2023-05-01,06Q,1725,18369
2021-12-01,06Q,1927,20867
2023-03-01,06Q,2204,23722
2026-02-01,06Q,1614,18075
2022-07-01,06Q,1642,17767
2024-02-01,06Q,1738,22183
2021-06-01,06Q,1597,16152
2024-04-01,06Q,1569,20146
2026-06-01,06Q,1877,16616
2025-04-01,06Q,1629,16949
2021-11-01,06Q,1741,19420
2022-11-01,06Q,1842,21978
2026-03-01,06Q,1820,18736
2023-06-01,06Q,1664,18272
2022-01-01,06Q,1792,17990
2024-03-01,06Q,1566,21218
2024-06-01,06Q,1502,17214
2022-03-01,06Q,1842,19548
2023-02-01,06Q,1815,20879
2023-09-01,06Q,1701,17398
2023-07-01,06Q,1690,17603
2023-11-01,06Q,1785,22064
2022-04-01,06Q,1639,17003
2025-02-01,06Q,1687,18589
2023-04-01,06Q,1760,18221
2025-12-01,06Q,1888,21576
2024-01-01,06Q,1826,24068
2025-08-01,06Q,1613,14600
2025-09-01,06Q,1770,16335
2022-02-01,06Q,1587,16388
2025-06-01,06Q,1620,15553
2023-08-01,06Q,1722,18022
2022-06-01,06Q,1613,17280
2024-10-01,06Q,1876,19662
2025-07-01,06Q,1710,16703
2021-08-01,06Q,1666,15991
2024-07-01,06Q,1782,18116
2025-10-01,06Q,1847,18626
2024-11-01,06Q,1690,19569
2023-10-01,06Q,1758,19698
2024-05-01,06Q,1590,19398
2024-08-01,06Q,1712,15477
2024-09-01,06Q,1663,16493
2024-12-01,06Q,1888,23150
2025-03-01,06Q,1654,18242
2026-05-01,06Q,1673,15938
2025-01-01,06Q,1799,22173
2025-05-01,06Q,1655,15888
2026-01-01,06Q,1866,20616
2022-05-01,06Q,1695,18068
2023-07-01,06T,1472,16482
2024-06-01,06T,1380,16560
2021-06-01,06T,1408,15243
2022-12-01,06T,1888,29002
2024-12-01,06T,1483,21741
2025-03-01,06T,1400,17755
2021-08-01,06T,1343,14178
2022-11-01,06T,1586,21389
2025-08-01,06T,1384,14490
2023-06-01,06T,1463,16886
2026-03-01,06T,1555,18996
2024-05-01,06T,1418,18192
2025-12-01,06T,1685,21120
2024-07-01,06T,1421,17244
2022-10-01,06T,1487,19464
2024-03-01,06T,1487,20143
2025-01-01,06T,1656,21835
2022-03-01,06T,1466,17883
2023-01-01,06T,1683,23037
2026-04-01,06T,1468,16593
2021-07-01,06T,1447,15318
2022-01-01,06T,1468,16556
2021-11-01,06T,1434,18692
2024-09-01,06T,1433,16166
2025-05-01,06T,1366,15853
2023-08-01,06T,1459,16117
2024-10-01,06T,1475,18847
2026-02-01,06T,1447,17759
2025-11-01,06T,1433,17140
2022-07-01,06T,1394,16719
2022-05-01,06T,1405,16986
2023-10-01,06T,1481,18257
2021-09-01,06T,1553,16797
2022-06-01,06T,1399,16661
2026-05-01,06T,1386,15069
2023-03-01,06T,1718,21990
2025-09-01,06T,1468,16146
2021-12-01,06T,1580,19507
2024-02-01,06T,1447,19791
2022-04-01,06T,1327,15910
2022-09-01,06T,1476,16768
2023-05-01,06T,1420,17098
2022-02-01,06T,1346,15711
2026-01-01,06T,1673,20130
2025-07-01,06T,1412,15474
2024-11-01,06T,1368,19690
2023-04-01,06T,1433,16629
2024-01-01,06T,1733,22630
2025-02-01,06T,1409,17914
2024-04-01,06T,1492,19179
2024-08-01,06T,1393,14976
2023-11-01,06T,1570,20470
2025-04-01,06T,1289,15577
2021-10-01,06T,1434,17709
2025-06-01,06T,1316,15086
2023-12-01,06T,1603,21310
2023-09-01,06T,1430,16266
2022-08-01,06T,1427,15828
2023-02-01,06T,1531,19795
2025-10-01,06T,1490,18520
2026-06-01,06T,1516,16031
2023-02-01,07G,414,7583
2024-05-01,07G,422,7569
2024-03-01,07G,406,8178
2021-08-01,07G,336,5581
2022-08-01,07G,346,5888
2025-08-01,07G,408,5466
2025-09-01,07G,459,6416
2023-03-01,07G,511,8255
2026-02-01,07G,413,7070
2025-06-01,07G,398,6216
2022-04-01,07G,356,6572
2023-12-01,07G,427,9614
2025-07-01,07G,445,6341
2025-10-01,07G,446,7338
2023-05-01,07G,454,6676
2026-05-01,07G,414,5943
2021-11-01,07G,397,7546
2024-08-01,07G,393,5937
2024-09-01,07G,417,6608
2025-01-01,07G,486,9093
2026-06-01,07G,444,5989
2022-01-01,07G,364,6255
2023-04-01,07G,421,6455
2021-10-01,07G,383,7788
2022-12-01,07G,586,12896
2022-03-01,07G,354,7078
2022-10-01,07G,345,7578
2025-03-01,07G,415,7669
2022-09-01,07G,351,6457
2025-11-01,07G,414,6656
2023-09-01,07G,360,6655
2024-10-01,07G,427,7987
2023-01-01,07G,446,9347
2021-06-01,07G,328,5773
2023-08-01,07G,433,6520
2021-09-01,07G,376,6574
2022-05-01,07G,318,6939
2024-11-01,07G,447,8000
2023-11-01,07G,422,8755
2026-01-01,07G,481,8089
2024-02-01,07G,403,8401
2024-12-01,07G,446,9434
2026-04-01,07G,465,6483
2022-02-01,07G,325,5842
2022-06-01,07G,373,6579
2024-06-01,07G,350,6727
2025-05-01,07G,438,6503
2022-11-01,07G,433,8576
2024-04-01,07G,431,7533
2024-01-01,07G,430,9534
2021-07-01,07G,346,6044
2023-07-01,07G,402,6491
2025-02-01,07G,436,7860
2026-03-01,07G,502,7695
2021-12-01,07G,395,8037
2023-10-01,07G,440,7728
2022-07-01,07G,358,6770
2025-12-01,07G,493,8917
2023-06-01,07G,444,6777
2024-07-01,07G,422,7282
2025-04-01,07G,440,6585
2026-04-01,07H,1210,12730
2022-03-01,07H,1420,16222
2022-11-01,07H,1393,18125
2025-12-01,07H,1258,16177
2022-06-01,07H,1263,14197
2022-09-01,07H,1445,14911
2023-10-01,07H,1270,14879
2023-06-01,07H,1218,13778
2022-10-01,07H,1379,16859
2021-11-01,07H,1370,16637
2025-01-01,07H,1309,17162
2021-06-01,07H,1243,13256
2024-01-01,07H,1422,18233
2025-05-01,07H,1193,12311
2026-06-01,07H,1159,12056
2024-10-01,07H,1371,15298
2023-05-01,07H,1302,14082
2022-05-01,07H,1304,14650
2026-02-01,07H,1162,13833
2023-09-01,07H,1157,13066
2025-08-01,07H,1073,10888
2026-05-01,07H,1115,11771
2022-01-01,07H,1460,14664
2023-03-01,07H,1488,18044
2024-05-01,07H,1275,14764
2023-12-01,07H,1292,18441
2025-06-01,07H,1099,11600
2023-08-01,07H,1305,13395
2022-02-01,07H,1295,13556
2025-10-01,07H,1325,14089
2026-03-01,07H,1209,14071
2022-07-01,07H,1334,15288
2025-07-01,07H,1143,11981
2021-08-01,07H,1168,12543
2026-01-01,07H,1225,15064
2023-07-01,07H,1282,13501
2023-04-01,07H,1152,13728
2022-08-01,07H,1359,14026
2023-01-01,07H,1413,19335
2021-07-01,07H,1283,13431
2024-08-01,07H,1152,11746
2021-10-01,07H,1359,16576
2024-11-01,07H,1249,15333
2024-12-01,07H,1315,18098
2022-12-01,07H,1501,25874
2024-03-01,07H,1168,16117
2024-02-01,07H,1194,16537
2025-04-01,07H,1202,13276
2024-06-01,07H,1190,13194
2025-11-01,07H,1180,13378
2025-02-01,07H,1195,14705
2021-12-01,07H,1480,17776
2022-04-01,07H,1237,14296
2024-04-01,07H,1266,15087
2021-09-01,07H,1342,14722
2023-02-01,07H,1363,16970
2024-09-01,07H,1202,12459
2025-09-01,07H,1144,12150
2023-11-01,07H,1237,16920
2025-03-01,07H,1116,14148
2024-07-01,07H,1237,14194
2026-02-01,99E,791,11018
2024-08-01,99E,770,8992
2024-01-01,99E,941,15673
2022-03-01,99E,930,12964
2024-02-01,99E,883,13851
2023-07-01,99E,905,11120
2021-12-01,99E,964,13796
2022-06-01,99E,819,11336
2026-01-01,99E,944,12908
2026-04-01,99E,786,10282
2025-12-01,99E,991,14339
2022-04-01,99E,794,10974
2022-09-01,99E,850,10864
2025-06-01,99E,828,9759
2021-06-01,99E,832,10135
2023-04-01,99E,867,11363
2023-06-01,99E,876,11810
2025-03-01,99E,812,11400
2022-02-01,99E,795,10080
2022-11-01,99E,943,13976
2022-10-01,99E,952,13052
2023-02-01,99E,980,13565
2023-03-01,99E,1107,15008
2023-12-01,99E,905,15114
2024-03-01,99E,823,13662
2024-07-01,99E,882,11065
2023-01-01,99E,1024,14916
2023-09-01,99E,883,10704
2024-04-01,99E,818,11840
2021-08-01,99E,783,9614
2021-10-01,99E,882,13224
2022-05-01,99E,853,11684
2022-12-01,99E,1121,21675
2025-04-01,99E,821,10618
2021-07-01,99E,829,10730
2023-10-01,99E,882,12998
2023-11-01,99E,891,14493
2025-10-01,99E,949,12255
2024-12-01,99E,869,14622
2024-11-01,99E,821,12300
2025-09-01,99E,870,10120
2024-05-01,99E,798,11643
2021-11-01,99E,906,13568
2023-08-01,99E,905,11278
2023-05-01,99E,1012,12535
2025-08-01,99E,838,8978
2024-06-01,99E,738,10076
2026-03-01,99E,950,12206
2026-05-01,99E,727,9385
2021-09-01,99E,890,11934
2025-11-01,99E,811,10903
2022-08-01,99E,919,10719
2026-06-01,99E,821,10088
2025-07-01,99E,945,10285
2025-05-01,99E,848,10039
2024-10-01,99E,939,12794
2022-07-01,99E,816,10818
2024-09-01,99E,773,9777
2025-01-01,99E,920,13930
2025-02-01,99E,771,11329
2022-01-01,99E,899,11628
2021-06-01,99F,725,7546
2021-10-01,99F,884,9576
2026-06-01,99F,901,7568
2025-06-01,99F,873,7329
2022-01-01,99F,854,8776
2024-06-01,99F,783,7877
2021-12-01,99F,936,11149
2024-08-01,99F,844,7478
2022-08-01,99F,894,8217
2022-11-01,99F,909,10883
2026-05-01,99F,827,7076
2026-02-01,99F,865,8406
2025-10-01,99F,1077,9258
2024-02-01,99F,917,10356
2025-07-01,99F,921,7843
2025-04-01,99F,877,7961
2022-07-01,99F,840,8847
2022-09-01,99F,879,8938
2023-06-01,99F,917,9041
2023-10-01,99F,972,9888
2023-07-01,99F,858,8648
2023-11-01,99F,932,10828
2021-08-01,99F,751,7410
2022-02-01,99F,751,8095
2024-01-01,99F,1004,11894
2024-11-01,99F,970,9701
2025-09-01,99F,911,7699
2026-03-01,99F,1002,8983
2021-09-01,99F,840,8912
2024-10-01,99F,1005,9603
2025-08-01,99F,928,7140
2022-03-01,99F,876,9580
2026-01-01,99F,952,9866
2022-04-01,99F,781,8513
2025-05-01,99F,876,7615
2025-11-01,99F,865,8132
2023-03-01,99F,1084,11176
2025-02-01,99F,835,8747
2022-12-01,99F,1132,16231
2024-05-01,99F,858,9206
2023-02-01,99F,959,10139
2024-12-01,99F,1020,10998
2025-01-01,99F,978,10797
2023-08-01,99F,857,8762
2024-04-01,99F,856,9599
2023-09-01,99F,867,8769
2021-07-01,99F,766,7643
2021-11-01,99F,864,9611
2022-06-01,99F,823,8626
2024-03-01,99F,915,10077
2022-05-01,99F,801,9133
2023-04-01,99F,874,8692
2026-04-01,99F,868,7714
2023-05-01,99F,889,9311
2025-12-01,99F,987,10624
2022-10-01,99F,874,9459
2023-12-01,99F,1012,11611
2024-07-01,99F,867,8498
2024-09-01,99F,896,8014
2023-01-01,99F,1033,12293
2025-03-01,99F,893,8638
2022-07-01,99G,767,7604
2025-06-01,99G,690,6604
2023-01-01,99G,949,11188
2025-04-01,99G,701,7024
2025-11-01,99G,687,7224
2023-12-01,99G,843,10890
2023-05-01,99G,814,8359
2021-06-01,99G,698,7339
2023-10-01,99G,853,8704
2025-08-01,99G,734,6149
2026-01-01,99G,717,8474
2023-03-01,99G,965,10626
2024-04-01,99G,775,8910
2021-09-01,99G,763,7963
2022-09-01,99G,844,8058
2022-03-01,99G,866,9166
2024-03-01,99G,850,9364
2024-05-01,99G,802,8725
2023-11-01,99G,868,9620
2025-12-01,99G,898,9771
2026-02-01,99G,686,7526
2024-01-01,99G,901,11123
2022-02-01,99G,761,7691
2021-07-01,99G,757,7214
2021-08-01,99G,790,6779
2023-06-01,99G,783,8002
2024-02-01,99G,852,9799
2024-11-01,99G,739,8611
2022-06-01,99G,747,7636
2022-12-01,99G,1030,15374
2023-02-01,99G,809,9150
2024-06-01,99G,728,7477
2026-03-01,99G,819,8020
2024-07-01,99G,818,8105
2022-11-01,99G,791,9858
2021-12-01,99G,881,9681
2025-02-01,99G,725,7944
2022-10-01,99G,794,9072
2025-03-01,99G,701,7952
2023-09-01,99G,802,7824
2025-09-01,99G,759,6941
2024-12-01,99G,900,10699
2025-05-01,99G,673,6627
2025-10-01,99G,818,7989
2023-08-01,99G,782,7734
2021-10-01,99G,791,9127
2025-01-01,99G,862,9718
2026-05-01,99G,690,6353
2022-04-01,99G,772,7957
2023-04-01,99G,754,7746
2024-08-01,99G,794,6840
2022-08-01,99G,787,7151
2025-07-01,99G,749,6768
2023-07-01,99G,812,7823
2024-09-01,99G,801,7211
2024-10-01,99G,830,8592
2026-06-01,99G,744,6711
2021-11-01,99G,836,9375
2022-05-01,99G,818,8040
2022-01-01,99G,827,7715
2026-04-01,99G,704,7136
2022-01-01,00Q,467,8006
2026-02-01,00Q,453,6944
2022-03-01,00Q,513,8687
2024-07-01,00Q,410,7391
2021-09-01,00Q,549,8179
2023-04-01,00Q,432,7493
2024-03-01,00Q,415,8835
2026-03-01,00Q,480,7308
2021-10-01,00Q,525,9504
2022-04-01,00Q,502,8006
2022-10-01,00Q,497,8664
2021-12-01,00Q,516,9146
2022-12-01,00Q,516,14044
2025-03-01,00Q,431,7478
2024-01-01,00Q,527,10657
2021-06-01,00Q,528,7440
2023-01-01,00Q,548,10834
2024-02-01,00Q,460,8904
2026-04-01,00Q,465,6543
2023-10-01,00Q,497,9472
2023-03-01,00Q,491,9728
2023-05-01,00Q,495,7922
2023-09-01,00Q,466,7382
2023-08-01,00Q,509,7355
2025-12-01,00Q,548,9022
2022-08-01,00Q,538,7463
2025-11-01,00Q,463,7904
2025-09-01,00Q,505,7004
2023-07-01,00Q,455,7497
2024-06-01,00Q,426,7175
2024-10-01,00Q,447,7929
2025-06-01,00Q,404,6258
2024-09-01,00Q,412,6811
2023-12-01,00Q,478,9324
2026-05-01,00Q,419,5982
2024-04-01,00Q,431,7980
2025-07-01,00Q,451,6570
2022-05-01,00Q,475,7911
2025-08-01,00Q,418,5813
2021-07-01,00Q,550,7411
2024-08-01,00Q,431,6837
2021-11-01,00Q,539,9232
2024-11-01,00Q,423,7789
2024-12-01,00Q,435,8682
2025-01-01,00Q,417,8458
2025-05-01,00Q,461,6969
2022-07-01,00Q,471,8169
2022-02-01,00Q,451,7336
2022-09-01,00Q,512,7522
2025-04-01,00Q,380,6837
2025-10-01,00Q,509,8094
2022-06-01,00Q,489,7797
2026-01-01,00Q,498,7963
2021-08-01,00Q,506,6706
2025-02-01,00Q,414,7786
2024-05-01,00Q,464,7717
2026-06-01,00Q,437,6626
2023-11-01,00Q,503,9756
2022-11-01,00Q,544,10740
2023-02-01,00Q,416,8541
2023-06-01,00Q,481,7840
2024-05-01,00R,678,8690
2024-08-01,00R,710,7363
2025-10-01,00R,740,8947
2023-11-01,00R,757,10084
2022-02-01,00R,629,7528
2023-05-01,00R,734,9055
2023-10-01,00R,761,9545
2022-04-01,00R,692,8431
2025-11-01,00R,610,8271
2025-01-01,00R,768,9059
2022-03-01,00R,727,9625
2023-04-01,00R,649,8684
2024-02-01,00R,667,10175
2021-06-01,00R,779,8274
2025-04-01,00R,662,7819
2025-12-01,00R,731,9612
2021-08-01,00R,661,7658
2024-07-01,00R,684,8479
2021-10-01,00R,708,10241
2023-06-01,00R,764,8791
2025-08-01,00R,651,6782
2026-05-01,00R,599,7111
2023-07-01,00R,774,8929
2024-01-01,00R,761,11239
2023-02-01,00R,739,9658
2024-11-01,00R,676,8781
2024-12-01,00R,783,9308
2025-03-01,00R,674,8216
2023-03-01,00R,825,10832
2023-08-01,00R,778,8965
2023-09-01,00R,707,8594
2021-09-01,00R,755,9637
2025-09-01,00R,693,7346
2021-11-01,00R,737,10454
2024-06-01,00R,627,7899
2022-11-01,00R,736,10294
2023-01-01,00R,797,11478
2022-01-01,00R,685,8696
2022-08-01,00R,683,8182
2022-10-01,00R,668,9622
2023-12-01,00R,734,10361
2025-02-01,00R,750,7869
2026-03-01,00R,685,8175
2021-12-01,00R,716,9896
2022-05-01,00R,713,9537
2026-06-01,00R,661,7378
2025-06-01,00R,654,7407
2024-09-01,00R,696,7909
2022-12-01,00R,796,13925
2025-05-01,00R,667,7618
2025-07-01,00R,730,7594
2022-06-01,00R,652,8374
2024-03-01,00R,710,9611
2026-01-01,00R,672,8815
2024-10-01,00R,728,8989
2026-02-01,00R,629,7710
2024-04-01,00R,663,9314
2021-07-01,00R,721,8375
2022-07-01,00R,705,8858
2022-09-01,00R,686,8492
2026-04-01,00R,664,7894
2022-03-01,00X,787,9109
2023-03-01,00X,757,10047
2024-06-01,00X,592,7471
2025-08-01,00X,518,6438
2022-02-01,00X,697,7394
2025-04-01,00X,578,7664
2025-12-01,00X,608,9620
2023-08-01,00X,618,8034
2026-02-01,00X,553,7445
2023-06-01,00X,623,7874
2023-11-01,00X,626,9678
2024-10-01,00X,620,9007
2026-05-01,00X,534,6771
2022-05-01,00X,674,8299
2022-09-01,00X,638,7871
2024-03-01,00X,629,9376
2025-10-01,00X,635,8760
2025-11-01,00X,552,8002
2022-06-01,00X,663,8154
2022-11-01,00X,692,9575
2023-01-01,00X,760,11163
2026-03-01,00X,603,7822
2024-02-01,00X,594,9797
2024-04-01,00X,622,9024
2025-02-01,00X,581,8038
2025-06-01,00X,576,7124
2022-08-01,00X,702,7945
2021-10-01,00X,755,9187
2026-01-01,00X,606,9033
2024-01-01,00X,712,11311
2023-04-01,00X,677,7918
2023-12-01,00X,662,10297
2024-07-01,00X,608,8094
2024-08-01,00X,608,6947
2022-12-01,00X,788,14252
2023-10-01,00X,704,9141
2024-12-01,00X,668,9813
2021-12-01,00X,788,9838
2023-09-01,00X,638,7678
2021-08-01,00X,679,7051
2024-05-01,00X,634,8373
2022-01-01,00X,716,8284
2025-07-01,00X,607,7414
2022-10-01,00X,691,9177
2021-06-01,00X,710,7543
2021-09-01,00X,749,8519
2023-07-01,00X,652,7850
2025-01-01,00X,606,9658
2025-05-01,00X,577,7240
2025-09-01,00X,561,7392
2021-07-01,00X,691,7517
2022-07-01,00X,623,8299
2021-11-01,00X,804,9766
2026-04-01,00X,578,7356
2025-03-01,00X,539,8136
2024-11-01,00X,613,8676
2026-06-01,00X,578,7068
2022-04-01,00X,658,8106
2023-05-01,00X,666,7983
2024-09-01,00X,612,7490
2023-02-01,00X,689,9176
2022-01-01,01A,960,16220
2025-11-01,01A,919,16343
2023-09-01,01A,942,15825
2024-02-01,01A,921,18387
2023-02-01,01A,897,16410
2025-07-01,01A,907,14089
2022-09-01,01A,903,15288
2022-06-01,01A,910,15832
2022-07-01,01A,885,16163
2022-11-01,01A,1030,20263
2024-06-01,01A,907,15014
2025-03-01,01A,867,15141
2025-04-01,01A,783,14026
2021-11-01,01A,1057,19426
2022-05-01,01A,922,16652
2023-10-01,01A,999,18822
2024-05-01,01A,903,16360
2023-04-01,01A,854,14847
2025-10-01,01A,985,17237
2022-10-01,01A,993,18237
2024-09-01,01A,863,14316
2024-12-01,01A,950,17432
2022-03-01,01A,947,17422
2022-12-01,01A,1013,26823
2023-07-01,01A,952,15413
2021-07-01,01A,955,14829
2022-04-01,01A,894,15855
2023-01-01,01A,1016,20169
2023-06-01,01A,950,16013
2021-10-01,01A,971,18650
2025-02-01,01A,831,14895
2021-12-01,01A,894,18504
2023-11-01,01A,946,18877
2022-02-01,01A,849,14755
2022-08-01,01A,916,14873
2021-06-01,01A,939,15133
2021-09-01,01A,1035,16821
2025-05-01,01A,851,13911
2025-06-01,01A,849,13395
2025-12-01,01A,945,16988
2021-08-01,01A,933,13083
2024-10-01,01A,957,16429
2026-02-01,01A,833,13479
2025-01-01,01A,1009,17681
2023-03-01,01A,1005,18291
2025-09-01,01A,997,14797
2026-03-01,01A,903,14683
2024-03-01,01A,807,17701
2026-06-01,01A,963,13967
2024-01-01,01A,991,20180
2026-05-01,01A,870,13447
2025-08-01,01A,884,12453
2026-04-01,01A,908,14036
2024-07-01,01A,956,15747
2023-12-01,01A,902,18601
2023-05-01,01A,937,15896
2024-11-01,01A,923,15579
2026-01-01,01A,876,15705
2023-08-01,01A,987,15654
2024-04-01,01A,873,17238
2024-08-01,01A,832,13329
2022-02-01,01E,779,9125
2026-01-01,01E,845,11632
2024-04-01,01E,850,11556
2025-03-01,01E,794,10691
2022-11-01,01E,951,12550
2025-02-01,01E,816,10860
2023-11-01,01E,880,12590
2021-06-01,01E,847,9217
2022-12-01,01E,1095,16988
2025-10-01,01E,817,11329
2024-03-01,01E,932,12461
2024-07-01,01E,871,9923
2023-05-01,01E,878,10211
2023-12-01,01E,916,12947
2024-02-01,01E,933,12814
2023-08-01,01E,851,9689
2024-08-01,01E,841,8848
2024-09-01,01E,783,9167
2024-10-01,01E,894,11188
2023-09-01,01E,844,9927
2022-09-01,01E,831,9648
2023-04-01,01E,851,9934
2024-11-01,01E,823,11467
2025-04-01,01E,784,9647
2026-04-01,01E,819,9370
2025-06-01,01E,767,8892
2025-09-01,01E,745,9354
2021-10-01,01E,981,11492
2026-02-01,01E,731,9787
2022-07-01,01E,858,10562
2022-03-01,01E,912,11275
2025-01-01,01E,910,12358
2022-01-01,01E,857,10026
2022-05-01,01E,887,10382
2022-10-01,01E,842,11478
2025-08-01,01E,700,7902
2025-12-01,01E,855,12084
2023-03-01,01E,1057,13234
2025-05-01,01E,754,8924
2025-07-01,01E,803,9056
2022-06-01,01E,812,9957
2023-01-01,01E,1071,14641
2022-08-01,01E,884,9649
2024-05-01,01E,889,11159
2022-04-01,01E,820,9820
2021-07-01,01E,853,9196
2021-11-01,01E,1030,12232
2026-06-01,01E,757,8985
2025-11-01,01E,757,10601
2021-08-01,01E,855,8581
2026-05-01,01E,706,8644
2021-12-01,01E,1026,12112
2023-06-01,01E,853,10043
2023-10-01,01E,882,11848
2023-07-01,01E,842,9753
2021-09-01,01E,908,10658
2024-06-01,01E,762,9339
2023-02-01,01E,944,12004
2024-01-01,01E,1006,14684
2024-12-01,01E,848,12696
2026-03-01,01E,823,10151
2022-09-01,01K,1541,14130
2024-09-01,01K,1246,12623
2025-12-01,01K,1353,15478
2026-04-01,01K,1273,12243
2025-06-01,01K,1179,11762
2024-12-01,01K,1403,16056
2025-03-01,01K,1241,13357
2026-06-01,01K,1225,12085
2025-05-01,01K,1182,11679
2023-07-01,01K,1450,13683
2024-07-01,01K,1420,13486
2025-07-01,01K,1250,12380
2025-04-01,01K,1177,12526
2024-01-01,01K,1549,18101
2021-11-01,01K,1668,16288
2021-12-01,01K,1781,16667
2022-12-01,01K,1859,24605
2024-08-01,01K,1304,11998
2021-07-01,01K,1495,12898
2021-09-01,01K,1549,14759
2023-03-01,01K,1660,18096
2024-05-01,01K,1393,14105
2024-06-01,01K,1246,12804
2025-11-01,01K,1216,12754
2021-08-01,01K,1424,12528
2022-06-01,01K,1450,13959
2026-01-01,01K,1297,14863
2021-06-01,01K,1474,12810
2023-09-01,01K,1456,13446
2024-11-01,01K,1375,14174
2022-11-01,01K,1489,16630
2023-01-01,01K,1807,20092
2023-08-01,01K,1570,14115
2024-03-01,01K,1408,15766
2022-01-01,01K,1521,13964
2022-04-01,01K,1440,13552
2025-09-01,01K,1239,12177
2023-02-01,01K,1563,16458
2023-10-01,01K,1585,15393
2025-01-01,01K,1447,16245
2022-02-01,01K,1363,12870
2025-08-01,01K,1146,10743
2026-03-01,01K,1283,13270
2024-02-01,01K,1401,16108
2024-04-01,01K,1403,14988
2023-12-01,01K,1428,16822
2025-02-01,01K,1186,13131
2026-05-01,01K,1093,11113
2023-11-01,01K,1449,16205
2024-10-01,01K,1329,14484
2025-10-01,01K,1345,13962
2022-03-01,01K,1679,15555
2022-07-01,01K,1398,14702
2022-10-01,01K,1503,15731
2022-05-01,01K,1631,14508
2021-10-01,01K,1553,15788
2022-08-01,01K,1444,14371
2023-05-01,01K,1459,14678
2023-04-01,01K,1385,13746
2023-06-01,01K,1444,14048
2026-02-01,01K,1163,12494
2023-03-01,02G,482,5244
2026-01-01,02G,339,4809
2025-03-01,02G,367,4378
2025-09-01,02G,301,3983
2022-10-01,02G,399,5020
2024-08-01,02G,394,4249
2026-02-01,02G,298,3941
2023-02-01,02G,397,4813
2023-07-01,02G,441,4442
2024-04-01,02G,414,5035
2024-10-01,02G,382,4894
2024-11-01,02G,386,4715
2026-04-01,02G,330,4039
2022-02-01,02G,378,4103
2022-11-01,02G,445,5482
2021-08-01,02G,417,3891
2026-06-01,02G,328,3897
2023-08-01,02G,401,4559
2023-10-01,02G,448,5184
2022-12-01,02G,567,7409
2024-03-01,02G,407,5217
2025-10-01,02G,345,4530
2025-04-01,02G,364,4356
2026-03-01,02G,358,4352
2021-12-01,02G,453,5276
2021-11-01,02G,467,5289
2022-07-01,02G,414,4490
2025-01-01,02G,398,5412
2025-07-01,02G,379,4043
2026-05-01,02G,296,3745
2022-06-01,02G,342,4116
2022-08-01,02G,366,4150
2025-08-01,02G,334,3680
2025-12-01,02G,376,5219
2023-11-01,02G,445,5457
2024-07-01,02G,434,4689
2024-05-01,02G,395,4774
2024-09-01,02G,394,4275
2021-06-01,02G,376,4094
2023-04-01,02G,386,4320
2024-12-01,02G,371,5266
2022-04-01,02G,379,4448
2023-09-01,02G,416,4483
2025-02-01,02G,373,4432
2023-12-01,02G,445,5713
2025-05-01,02G,352,4069
2022-01-01,02G,406,4541
2023-05-01,02G,430,4468
2022-09-01,02G,382,4329
2024-02-01,02G,397,5479
2021-10-01,02G,413,5113
2022-05-01,02G,406,4693
2023-06-01,02G,423,4538
2024-06-01,02G,383,4367
2023-01-01,02G,483,6173
2021-07-01,02G,452,4455
2022-03-01,02G,454,5092
2024-01-01,02G,473,6292
2025-06-01,02G,327,3967
2021-09-01,02G,442,4579
2025-11-01,02G,348,4264
2023-01-01,02M,915,11538
2023-02-01,02M,817,9628
2022-06-01,02M,744,8136
2023-12-01,02M,762,9996
2026-05-01,02M,673,7407
2023-05-01,02M,789,8111
2021-06-01,02M,738,7801
2023-07-01,02M,806,8290
2025-08-01,02M,699,6983
2026-03-01,02M,769,8970
2022-03-01,02M,823,9414
2024-08-01,02M,744,7388
2021-08-01,02M,691,7603
2023-11-01,02M,776,9569
2024-11-01,02M,769,8662
2025-04-01,02M,698,7885
2022-01-01,02M,809,8484
2021-09-01,02M,822,9186
2022-07-01,02M,829,8640
2022-08-01,02M,818,8127
2024-12-01,02M,768,9866
2022-11-01,02M,928,10326
2023-10-01,02M,880,9421
2025-09-01,02M,721,7963
2025-01-01,02M,831,9964
2022-02-01,02M,745,7765
2024-04-01,02M,765,9468
2024-06-01,02M,700,7611
2024-07-01,02M,707,8155
2021-10-01,02M,786,9316
2025-12-01,02M,818,9984
2026-02-01,02M,748,8357
2023-04-01,02M,726,8124
2022-12-01,02M,982,13851
2023-09-01,02M,825,8338
2024-09-01,02M,728,7643
2024-01-01,02M,865,11383
2025-03-01,02M,767,8274
2025-05-01,02M,702,7703
2021-12-01,02M,941,10106
2021-07-01,02M,669,7859
2024-10-01,02M,775,8614
2025-02-01,02M,738,8081
2022-05-01,02M,790,8540
2025-06-01,02M,667,7254
2026-04-01,02M,761,8071
2021-11-01,02M,873,10389
2025-11-01,02M,713,8520
2026-01-01,02M,783,9911
2024-05-01,02M,760,8532
2022-04-01,02M,747,8440
2022-09-01,02M,755,8076
2022-10-01,02M,761,8707
2024-02-01,02M,749,9995
2024-03-01,02M,740,9815
2025-10-01,02M,831,9341
2023-06-01,02M,795,7924
2025-07-01,02M,750,7879
2023-03-01,02M,950,10804
2023-08-01,02M,924,8882
2026-06-01,02M,738,7778
2025-08-01,02P,507,9283
2021-12-01,02P,697,13351
2025-10-01,02P,581,11653
2026-04-01,02P,569,10287
2022-10-01,02P,710,12382
2023-08-01,02P,638,11244
2021-09-01,02P,709,11917
2023-03-01,02P,783,14046
2025-02-01,02P,619,11018
2021-06-01,02P,653,10609
2021-08-01,02P,663,10401
2023-07-01,02P,628,11068
2023-10-01,02P,685,12580
2023-11-01,02P,638,13086
2024-03-01,02P,620,12402
2025-06-01,02P,550,9868
2025-04-01,02P,542,10538
2026-01-01,02P,655,12315
2023-06-01,02P,650,11709
2023-02-01,02P,636,12338
2024-10-01,02P,622,11815
2022-03-01,02P,693,12670
2023-04-01,02P,578,10928
2026-02-01,02P,537,10587
2021-10-01,02P,766,12955
2022-05-01,02P,695,11579
2025-05-01,02P,542,9867
2025-07-01,02P,609,10353
2025-03-01,02P,559,10702
2025-09-01,02P,614,10349
2022-11-01,02P,733,13953
2024-05-01,02P,582,11673
2022-06-01,02P,627,11432
2023-09-01,02P,572,10791
2024-09-01,02P,551,10084
2024-12-01,02P,620,13334
2023-05-01,02P,636,11593
2025-11-01,02P,576,10787
2024-06-01,02P,524,10735
2024-11-01,02P,611,11970
2021-07-01,02P,716,11154
2023-01-01,02P,743,14989
2022-09-01,02P,635,10879
2025-12-01,02P,679,13057
2026-05-01,02P,587,9700
2026-03-01,02P,627,11114
2022-08-01,02P,628,11097
2023-12-01,02P,644,13424
2024-01-01,02P,686,14690
2022-07-01,02P,605,11676
2024-07-01,02P,604,11631
2024-08-01,02P,553,9927
2021-11-01,02P,726,13384
2022-04-01,02P,644,11824
2024-02-01,02P,657,12480
2022-12-01,02P,783,18473
2024-04-01,02P,607,12260
2022-01-01,02P,653,11556
2022-02-01,02P,631,10702
2026-06-01,02P,636,10341
2025-01-01,02P,623,12970
2023-09-01,02X,899,12970
2025-02-01,02X,756,13011
2022-09-01,02X,876,12431
2022-04-01,02X,753,12420
2024-07-01,02X,833,13424
2024-08-01,02X,799,11422
2025-05-01,02X,785,12103
2025-09-01,02X,799,12058
2024-05-01,02X,808,13903
2021-08-01,02X,736,11340
2025-10-01,02X,874,13845
2022-01-01,02X,764,12553
2023-01-01,02X,977,18611
2026-01-01,02X,811,14359
2021-07-01,02X,807,11994
2021-09-01,02X,774,12970
2023-12-01,02X,835,16631
2025-06-01,02X,828,11543
2024-12-01,02X,863,16266
2022-02-01,02X,761,11475
2021-12-01,02X,908,15074
2023-02-01,02X,883,15226
2022-07-01,02X,862,13205
2023-03-01,02X,915,16834
2025-12-01,02X,858,16224
2022-06-01,02X,715,12344
2025-11-01,02X,811,13046
2026-03-01,02X,830,13069
2021-06-01,02X,800,11765
2024-02-01,02X,825,15319
2023-10-01,02X,865,14834
2023-08-01,02X,813,12593
2023-04-01,02X,796,12937
2021-11-01,02X,805,14674
2022-03-01,02X,747,13764
2022-11-01,02X,897,16098
2026-04-01,02X,776,11548
2024-01-01,02X,961,17976
2024-06-01,02X,759,12427
2025-03-01,02X,802,13251
2024-03-01,02X,762,14789
2025-01-01,02X,847,15312
2026-02-01,02X,740,12545
2026-05-01,02X,731,11115
2025-04-01,02X,745,12387
2023-07-01,02X,859,13215
2026-06-01,02X,782,11433
2024-10-01,02X,863,14272
2023-11-01,02X,899,16157
2022-12-01,02X,1161,22973
2023-05-01,02X,812,13458
2022-05-01,02X,752,12897
2023-06-01,02X,913,13599
2022-10-01,02X,888,14460
2025-08-01,02X,818,10326
2025-07-01,02X,841,11700
2024-04-01,02X,806,14397
2024-11-01,02X,786,13838
2022-08-01,02X,867,12495
2021-10-01,02X,826,14336
2024-09-01,02X,775,12052
2021-11-01,03L,728,12385
2022-05-01,03L,698,11042
2023-07-01,03L,777,11677
2022-09-01,03L,717,10884
2025-11-01,03L,679,11027
2022-11-01,03L,770,13981
2024-07-01,03L,812,11498
2025-01-01,03L,753,12992
2022-01-01,03L,678,10821
2023-09-01,03L,735,10881
2024-09-01,03L,699,10142
2024-05-01,03L,715,11482
2024-08-01,03L,674,9490
2021-07-01,03L,743,10897
2024-10-01,03L,745,12165
2023-11-01,03L,803,13701
2026-01-01,03L,799,12542
2022-06-01,03L,645,11080
2026-02-01,03L,674,10474
2022-02-01,03L,653,9956
2025-06-01,03L,668,9750
2022-07-01,03L,657,10970
2023-04-01,03L,730,11528
2025-07-01,03L,726,10030
2022-03-01,03L,729,11782
2026-05-01,03L,727,9294
2025-04-01,03L,668,10065
2023-08-01,03L,797,11386
2023-06-01,03L,737,11914
2022-04-01,03L,649,10931
2025-10-01,03L,737,11938
2023-10-01,03L,799,12928
2021-09-01,03L,726,11452
2025-05-01,03L,630,10084
2025-08-01,03L,573,8685
2026-04-01,03L,717,10164
2024-02-01,03L,832,12679
2023-03-01,03L,858,14339
2024-06-01,03L,745,10951
2023-01-01,03L,880,15793
2025-12-01,03L,804,13038
2026-06-01,03L,704,9788
2021-08-01,03L,671,9831
2023-05-01,03L,737,12207
2024-03-01,03L,748,12485
2024-04-01,03L,822,12115
2022-10-01,03L,770,12489
2024-11-01,03L,721,12163
2024-12-01,03L,756,13454
2021-06-01,03L,654,10133
2021-10-01,03L,753,11987
2022-12-01,03L,985,19519
2023-02-01,03L,830,13173
2025-02-01,03L,700,11029
2024-01-01,03L,865,14935
2025-03-01,03L,630,11381
2023-12-01,03L,785,13690
2025-09-01,03L,709,10057
2021-12-01,03L,790,12843
2022-08-01,03L,660,10807
2026-03-01,03L,787,11305
2021-12-01,03N,2027,25141
2022-07-01,03N,1703,20926
2024-11-01,03N,1738,22801
2022-04-01,03N,1568,20056
2022-03-01,03N,1704,22191
2025-02-01,03N,1662,20691
2021-08-01,03N,1646,18906
2025-12-01,03N,2025,24875
2026-03-01,03N,1895,21433
2025-01-01,03N,1825,23701
2024-05-01,03N,1764,23354
2025-04-01,03N,1713,19861
2024-12-01,03N,1846,25436
2022-10-01,03N,1757,23837
2022-11-01,03N,1840,26133
2023-07-01,03N,1718,21640
2024-07-01,03N,1782,22343
2021-10-01,03N,1787,22764
2022-06-01,03N,1611,20627
2021-11-01,03N,1871,24082
2022-02-01,03N,1646,19017
2023-04-01,03N,1564,21046
2024-09-01,03N,1677,20001
2023-11-01,03N,1761,25110
2024-06-01,03N,1700,20775
2021-07-01,03N,1822,20969
2025-08-01,03N,1678,17752
2022-01-01,03N,1792,21355
2023-09-01,03N,1614,20420
2022-05-01,03N,1752,21624
2025-03-01,03N,1706,20919
2026-01-01,03N,2046,23268
2025-06-01,03N,1772,19095
2025-07-01,03N,1933,20053
2023-05-01,03N,1675,22772
2024-04-01,03N,1741,23796
2023-12-01,03N,1683,25597
2025-09-01,03N,1832,20022
2024-10-01,03N,1758,23175
2025-10-01,03N,2068,22637
2026-02-01,03N,1791,20282
2024-08-01,03N,1676,19321
2026-06-01,03N,1888,19760
2023-10-01,03N,1778,23901
2025-05-01,03N,1760,19743
2022-08-01,03N,1699,20613
2022-09-01,03N,1571,20131
2023-01-01,03N,1906,28323
2025-11-01,03N,1866,21420
2023-02-01,03N,1707,24571
2024-01-01,03N,1840,27031
2026-05-01,03N,1750,18223
2022-12-01,03N,2000,33721
2023-03-01,03N,1864,26335
2021-09-01,03N,1697,21332
2023-06-01,03N,1672,22195
2024-02-01,03N,1687,23605
2024-03-01,03N,1732,23739
2021-06-01,03N,1622,19918
2023-08-01,03N,1735,21556
2026-04-01,03N,1852,19812
2022-10-01,00L,1165,17088
2022-12-01,00L,1385,24236
2025-09-01,00L,1055,15058
2025-10-01,00L,1134,17187
2024-08-01,00L,967,14872
2024-07-01,00L,1031,16426
2026-03-01,00L,1106,16069
2023-07-01,00L,1042,15498
2025-05-01,00L,1005,14896
2021-07-01,00L,1204,15006
2025-06-01,00L,978,14698
2023-01-01,00L,1296,20834
2024-05-01,00L,1071,17537
2023-05-01,00L,1106,16160
2023-12-01,00L,1223,20380
2025-03-01,00L,950,16211
2024-04-01,00L,1124,18170
2025-11-01,00L,1013,16073
2023-10-01,00L,1122,18125
2024-03-01,00L,1088,18365
2024-06-01,00L,959,15188
2022-09-01,00L,1153,15902
2022-05-01,00L,1167,16717
2022-06-01,00L,1100,15734
2025-04-01,00L,1026,16121
2025-01-01,00L,1069,18419
2021-10-01,00L,1177,16907
2023-04-01,00L,1059,16088
2025-02-01,00L,979,16001
2022-03-01,00L,1240,17422
2021-11-01,00L,1236,18029
2021-12-01,00L,1381,18804
2023-09-01,00L,1096,16078
2021-08-01,00L,1177,14609
2024-11-01,00L,1027,16800
2024-02-01,00L,1079,18562
2022-02-01,00L,1139,14686
2022-07-01,00L,1136,15813
2025-12-01,00L,1142,18082
2026-04-01,00L,1049,15713
2026-05-01,00L,1044,14750
2023-06-01,00L,1130,16485
2024-09-01,00L,928,15089
2024-10-01,00L,1078,17678
2024-12-01,00L,1052,19298
2023-02-01,00L,1128,17403
2026-01-01,00L,1060,17211
2023-11-01,00L,1162,19118
2022-01-01,00L,1259,16474
2022-08-01,00L,1205,15840
2025-07-01,00L,993,14892
2026-02-01,00L,1032,15530
2022-04-01,00L,1091,15637
2025-08-01,00L,886,13423
2023-03-01,00L,1246,18766
2024-01-01,00L,1280,21413
2021-09-01,00L,1172,16481
2022-11-01,00L,1209,18296
2026-06-01,00L,1085,15211
2021-06-01,00L,1175,14881
2023-08-01,00L,1100,16189
2021-09-01,00N,459,7060
2022-02-01,00N,471,6905
2023-04-01,00N,402,6676
2021-11-01,00N,527,8094
2023-02-01,00N,429,7325
2025-01-01,00N,466,7540
2025-04-01,00N,414,6844
2022-11-01,00N,449,8373
2026-02-01,00N,379,6633
2023-08-01,00N,432,6552
2022-08-01,00N,445,6490
2024-06-01,00N,411,6387
2023-07-01,00N,424,6531
2025-05-01,00N,406,6026
2025-10-01,00N,434,7122
2022-04-01,00N,475,7195
2024-05-01,00N,394,6828
2026-01-01,00N,451,7336
2022-03-01,00N,543,7926
2023-10-01,00N,440,7824
2023-09-01,00N,465,7162
2025-09-01,00N,390,6196
2021-08-01,00N,438,6313
2024-02-01,00N,441,7712
2024-03-01,00N,407,7485
2022-10-01,00N,427,7185
2025-07-01,00N,420,5984
2023-11-01,00N,452,8283
2024-11-01,00N,426,6929
2026-06-01,00N,419,6367
2024-09-01,00N,367,6026
2024-10-01,00N,407,7016
2025-03-01,00N,402,6392
2022-01-01,00N,456,7419
2022-05-01,00N,452,7047
2022-07-01,00N,441,6859
2026-05-01,00N,413,6029
2023-12-01,00N,427,8880
2025-08-01,00N,390,5432
2021-12-01,00N,511,8485
2022-09-01,00N,459,6678
2023-03-01,00N,499,7783
2023-01-01,00N,506,9191
2021-10-01,00N,506,8193
2024-08-01,00N,401,5974
2021-07-01,00N,501,6715
2024-01-01,00N,467,9252
2024-07-01,00N,407,6875
2025-12-01,00N,468,7687
2026-03-01,00N,405,6873
2025-06-01,00N,419,5989
2024-12-01,00N,422,7709
2026-04-01,00N,428,6729
2023-05-01,00N,486,7057
2024-04-01,00N,412,7440
2025-02-01,00N,379,6413
2022-06-01,00N,443,6834
2023-06-01,00N,450,7233
2025-11-01,00N,398,6695
2021-06-01,00N,478,6355
2022-12-01,00N,506,10581
2021-11-01,00P,1079,14691
2022-06-01,00P,859,12339
2022-07-01,00P,919,12648
2021-07-01,00P,1054,12165
2023-09-01,00P,917,12350
2023-11-01,00P,888,15005
2025-02-01,00P,792,12710
2022-04-01,00P,843,12398
2022-08-01,00P,933,12074
2023-07-01,00P,919,12481
2024-07-01,00P,891,13130
2025-01-01,00P,912,14561
2023-10-01,00P,913,14210
2025-05-01,00P,893,12000
2022-03-01,00P,1070,14189
2024-03-01,00P,870,13750
2025-11-01,00P,796,12593
2026-04-01,00P,776,12142
2024-02-01,00P,877,14556
2024-06-01,00P,786,11979
2021-06-01,00P,997,12331
2025-06-01,00P,843,11855
2022-12-01,00P,1046,19014
2024-05-01,00P,853,13279
2022-02-01,00P,894,12292
2026-06-01,00P,832,12181
2021-08-01,00P,952,11077
2022-10-01,00P,905,13806
2023-04-01,00P,860,12250
2024-11-01,00P,847,13711
2025-08-01,00P,827,10662
2022-09-01,00P,890,12371
2024-04-01,00P,927,14269
2023-05-01,00P,877,13202
2025-12-01,00P,853,15046
2023-03-01,00P,1058,15290
2021-09-01,00P,1137,13602
2021-10-01,00P,1108,14155
2025-04-01,00P,850,12823
2022-05-01,00P,996,13210
2022-01-01,00P,1030,13184
2025-10-01,00P,925,13603
2023-06-01,00P,980,13281
2024-08-01,00P,814,11188
2024-01-01,00P,1017,16772
2025-07-01,00P,811,12387
2023-01-01,00P,1086,16806
2024-09-01,00P,777,11710
2024-10-01,00P,889,13896
2026-03-01,00P,826,13707
2026-02-01,00P,730,12227
2025-09-01,00P,813,12135
2022-11-01,00P,939,14051
2023-12-01,00P,914,15460
2023-02-01,00P,943,13742
2024-12-01,00P,881,15587
2025-03-01,00P,818,12637
2026-01-01,00P,854,14105
2023-08-01,00P,900,12544
2021-12-01,00P,1138,14950
2026-05-01,00P,754,11352
2026-06-01,01H,1069,14014
2021-10-01,01H,1355,16768
2023-08-01,01H,1162,14384
2024-04-01,01H,1136,16425
2023-09-01,01H,1154,14020
2024-09-01,01H,1025,13457
2025-01-01,01H,1156,17464
2023-04-01,01H,1102,14118
2023-10-01,01H,1156,16037
2024-08-01,01H,1043,13176
2024-11-01,01H,1079,15856
2025-07-01,01H,1207,14776
2022-06-01,01H,1163,14060
2024-12-01,01H,1057,17429
2021-09-01,01H,1286,15471
2021-08-01,01H,1220,13017
2021-11-01,01H,1213,17087
2022-08-01,01H,1211,14123
2023-03-01,01H,1379,17351
2026-01-01,01H,1126,16932
2021-07-01,01H,1293,14163
2025-02-01,01H,1092,14634
2022-09-01,01H,1118,14153
2023-06-01,01H,1186,14580
2025-09-01,01H,1130,14301
2022-01-01,01H,1205,15418
2022-07-01,01H,1138,14306
2024-01-01,01H,1167,18971
2024-03-01,01H,1106,16621
2024-07-01,01H,1152,15640
2023-05-01,01H,1236,14504
2026-05-01,01H,1035,13337
2025-04-01,01H,1057,14306
2022-10-01,01H,1210,15902
2025-06-01,01H,1112,13332
2024-02-01,01H,1178,16917
2022-04-01,01H,1251,14998
2023-07-01,01H,1120,14209
2025-10-01,01H,1230,15820
2025-11-01,01H,1120,15172
2026-04-01,01H,1084,14220
2025-05-01,01H,1084,13770
2021-06-01,01H,1248,13932
2024-10-01,01H,1160,15984
2026-02-01,01H,1013,14429
2022-11-01,01H,1238,16860
2024-06-01,01H,1044,14147
2023-01-01,01H,1311,19829
2024-05-01,01H,1051,15374
2026-03-01,01H,1159,15586
2025-03-01,01H,1071,15058
2021-12-01,01H,1382,17971
2023-12-01,01H,1156,17798
2023-02-01,01H,1273,16477
2025-12-01,01H,1184,17081
2022-12-01,01H,1463,22984
2023-11-01,01H,1135,16506
2022-02-01,01H,1136,13743
2022-03-01,01H,1274,16407
2022-05-01,01H,1285,15035
2025-08-01,01H,1047,12367
2024-03-01,13T,1471,22692
2022-01-01,13T,1691,21471
2022-06-01,13T,1577,20860
2023-11-01,13T,1514,24091
2024-12-01,13T,1467,23132
2024-07-01,13T,1574,21188
2025-07-01,13T,1403,18308
2021-08-01,13T,1497,18478
2025-02-01,13T,1359,19783
2026-01-01,13T,1489,21740
2025-03-01,13T,1358,19705
2021-07-01,13T,1643,20088
2024-05-01,13T,1573,22123
2024-10-01,13T,1580,22033
2025-04-01,13T,1389,19555
2024-08-01,13T,1467,17968
2024-09-01,13T,1428,18753
2023-10-01,13T,1597,22543
2026-06-01,13T,1425,18796
2025-09-01,13T,1375,18915
2022-02-01,13T,1466,19287
2021-10-01,13T,1713,23267
2023-03-01,13T,1741,24728
2023-08-01,13T,1603,20097
2026-05-01,13T,1301,17920
2022-07-01,13T,1510,20605
2022-12-01,13T,1755,31531
2025-01-01,13T,1502,22674
2026-03-01,13T,1439,20580
2024-02-01,13T,1490,23409
2022-04-01,13T,1535,20743
2022-09-01,13T,1558,20297
2022-10-01,13T,1685,22548
2024-01-01,13T,1630,25777
2023-05-01,13T,1492,20921
2023-06-01,13T,1558,20960
2021-09-01,13T,1695,21329
2025-10-01,13T,1520,21394
2022-05-01,13T,1551,21013
2025-08-01,13T,1356,16284
2024-11-01,13T,1494,21497
2022-03-01,13T,1684,22739
2022-11-01,13T,1512,23779
2025-11-01,13T,1382,19895
2026-04-01,13T,1354,19151
2026-02-01,13T,1363,19484
2021-11-01,13T,1707,24079
2023-09-01,13T,1518,20414
2023-07-01,13T,1502,19902
2025-05-01,13T,1374,18509
2025-12-01,13T,1537,22782
2023-01-01,13T,1707,26608
2023-02-01,13T,1477,22367
2025-06-01,13T,1368,17992
2022-08-01,13T,1641,20313
2023-04-01,13T,1465,20187
2023-12-01,13T,1548,24720
2021-06-01,13T,1573,18973
2021-12-01,13T,1849,24810
2024-06-01,13T,1373,19802
2024-04-01,13T,1525,22365
2024-10-01,16C,2771,35017
2023-03-01,16C,3213,40208
2022-04-01,16C,2740,33570
2024-03-01,16C,2804,36970
2025-01-01,16C,2664,34959
2026-01-01,16C,2486,33994
2021-08-01,16C,2784,30455
2025-08-01,16C,2451,26775
2021-06-01,16C,2932,31380
2023-01-01,16C,3249,44264
2025-12-01,16C,2696,36294
2022-10-01,16C,2943,37182
2024-01-01,16C,3085,42305
2024-11-01,16C,2641,33894
2025-04-01,16C,2431,31383
2021-09-01,16C,2907,35089
2022-07-01,16C,2847,33848
2022-03-01,16C,3059,37090
2025-05-01,16C,2415,29183
2022-09-01,16C,2819,32062
2021-10-01,16C,2950,37486
2023-06-01,16C,2944,33631
2024-06-01,16C,2417,30273
2025-10-01,16C,2789,33998
2026-03-01,16C,2615,33655
2025-03-01,16C,2452,31697
2023-10-01,16C,2972,36879
2023-12-01,16C,2871,39953
2024-02-01,16C,2874,37904
2022-01-01,16C,2914,34826
2025-02-01,16C,2349,30457
2022-02-01,16C,2710,31169
2023-02-01,16C,2841,37456
2023-05-01,16C,3031,34469
2024-12-01,16C,2702,36964
2026-06-01,16C,2473,30241
2022-11-01,16C,2997,39533
2024-09-01,16C,2614,29622
2024-07-01,16C,2709,33046
2025-06-01,16C,2532,28990
2026-04-01,16C,2370,30815
2023-04-01,16C,2682,31722
2021-11-01,16C,2950,38326
2023-11-01,16C,2885,39414
2025-07-01,16C,2749,30289
2022-06-01,16C,2786,33307
2026-05-01,16C,2317,28419
2026-02-01,16C,2262,30635
2023-07-01,16C,3006,32483
2025-09-01,16C,2566,30305
2024-05-01,16C,2746,34185
2022-08-01,16C,2919,31662
2023-08-01,16C,3032,32603
2024-08-01,16C,2603,28726
2025-11-01,16C,2387,31344
2021-12-01,16C,3229,39789
2022-12-01,16C,3255,51271
2021-07-01,16C,2879,31681
2022-05-01,16C,2839,34284
2024-04-01,16C,2853,36590
2023-09-01,16C,2943,33089
2023-02-01,84H,1815,29125
2025-11-01,84H,1855,26179
2024-07-01,84H,1756,26646
2026-06-01,84H,1929,24770
2021-07-01,84H,1946,25412
2022-04-01,84H,1733,25674
2022-08-01,84H,1907,25936
2023-03-01,84H,2061,32193
2023-01-01,84H,2112,34682
2025-01-01,84H,1935,28988
2024-01-01,84H,2142,34066
2024-06-01,84H,1740,25190
2023-12-01,84H,1818,31335
2026-05-01,84H,1750,22933
2023-09-01,84H,1919,26100
2023-07-01,84H,1966,26414
2024-08-01,84H,1719,23313
2024-10-01,84H,1859,28992
2025-02-01,84H,1657,24089
2025-09-01,84H,1855,23676
2022-12-01,84H,2184,41843
2024-09-01,84H,1760,23803
2025-08-01,84H,1750,21596
2026-01-01,84H,1970,27600
2021-12-01,84H,2017,30335
2024-12-01,84H,1893,30200
2022-11-01,84H,1947,30889
2024-05-01,84H,1957,28148
2025-07-01,84H,1884,24531
2021-08-01,84H,1810,23762
2023-08-01,84H,1949,26059
2025-05-01,84H,1691,23816
2023-04-01,84H,1767,25181
2021-10-01,84H,1928,29846
2022-07-01,84H,1739,26843
2021-06-01,84H,2015,25797
2023-06-01,84H,1947,27483
2024-04-01,84H,1886,29024
2022-06-01,84H,1802,25776
2026-04-01,84H,1809,24348
2022-10-01,84H,1953,28851
2024-02-01,84H,1979,30900
2026-03-01,84H,1863,26919
2023-05-01,84H,1829,26860
2026-02-01,84H,1725,24674
2025-12-01,84H,1941,29805
2022-03-01,84H,1961,28531
2023-11-01,84H,2003,30659
2025-06-01,84H,1723,23629
2021-11-01,84H,2004,31160
2024-03-01,84H,1867,29472
2024-11-01,84H,1772,27219
2022-01-01,84H,1939,26905
2021-09-01,84H,2074,28830
2022-09-01,84H,1866,26257
2022-02-01,84H,1724,24156
2025-10-01,84H,1936,27204
2023-10-01,84H,1921,29472
2025-03-01,84H,1760,25772
2022-05-01,84H,1884,26895
2025-04-01,84H,1631,24956
2021-11-01,99C,923,11960
2025-10-01,99C,639,10078
2022-03-01,99C,856,11462
2022-05-01,99C,816,11129
2023-07-01,99C,692,9818
2024-10-01,99C,627,10071
2023-05-01,99C,716,10122
2024-05-01,99C,696,10776
2022-07-01,99C,738,10165
2023-08-01,99C,697,9747
2023-06-01,99C,673,9942
2024-02-01,99C,668,11233
2026-01-01,99C,721,10289
2024-01-01,99C,782,12307
2022-10-01,99C,783,11105
2025-01-01,99C,686,10853
2021-12-01,99C,974,12263
2023-12-01,99C,732,12488
2025-07-01,99C,621,8986
2021-06-01,99C,864,9661
2026-06-01,99C,660,9229
2021-08-01,99C,791,9666
2021-07-01,99C,930,10163
2023-02-01,99C,697,10545
2024-03-01,99C,715,11346
2023-01-01,99C,827,13251
2026-04-01,99C,661,9221
2024-07-01,99C,653,9842
2022-08-01,99C,709,9916
2022-09-01,99C,791,9798
2023-09-01,99C,650,9555
2025-12-01,99C,694,11141
2024-09-01,99C,584,8937
2021-10-01,99C,850,11481
2025-11-01,99C,617,9435
2023-10-01,99C,728,10939
2023-11-01,99C,679,11454
2022-04-01,99C,789,10397
2022-11-01,99C,767,11413
2025-05-01,99C,600,9088
2023-04-01,99C,641,9547
2025-06-01,99C,555,8466
2022-02-01,99C,764,9801
2024-04-01,99C,682,11052
2022-06-01,99C,728,9893
2023-03-01,99C,862,11810
2025-08-01,99C,515,8013
2024-08-01,99C,654,8935
2024-12-01,99C,723,11490
2024-06-01,99C,620,9299
2025-04-01,99C,625,9568
2026-02-01,99C,607,9393
2022-12-01,99C,932,15245
2025-02-01,99C,616,9371
2026-05-01,99C,598,8776
2025-03-01,99C,647,9581
2022-01-01,99C,805,10778
2026-03-01,99C,646,10177
2021-09-01,99C,917,10975
2024-11-01,99C,639,9870
2025-09-01,99C,554,8790
2024-01-01,03W,1584,16997
2026-03-01,03W,1271,13258
2022-03-01,03W,1580,15031
2024-11-01,03W,1335,14816
2023-02-01,03W,1438,15121
2022-05-01,03W,1411,13413
2025-02-01,03W,1210,12980
2025-03-01,03W,1272,13393
2022-04-01,03W,1343,12934
2024-12-01,03W,1431,16184
2025-11-01,03W,1288,12850
2024-08-01,03W,1193,11568
2025-08-01,03W,1068,10578
2026-02-01,03W,1234,12706
2022-02-01,03W,1315,12357
2024-04-01,03W,1372,14242
2022-12-01,03W,1751,22158
2023-04-01,03W,1225,12915
2023-10-01,03W,1452,14371
2025-07-01,03W,1268,11699
2021-11-01,03W,1494,15239
2024-05-01,03W,1375,14404
2023-07-01,03W,1324,12758
2025-04-01,03W,1207,12120
2025-01-01,03W,1422,15782
2025-06-01,03W,1231,11567
2022-11-01,03W,1405,15774
2026-05-01,03W,1104,11021
2023-03-01,03W,1515,15605
2025-12-01,03W,1360,14953
2022-07-01,03W,1375,13163
2021-06-01,03W,1249,12289
2021-10-01,03W,1358,14106
2022-10-01,03W,1441,14432
2026-06-01,03W,1127,11512
2024-07-01,03W,1326,12985
2026-01-01,03W,1343,13986
2022-09-01,03W,1368,12788
2022-06-01,03W,1255,12599
2024-03-01,03W,1374,14672
2025-10-01,03W,1407,13610
2023-06-01,03W,1308,13502
2023-08-01,03W,1453,13150
2024-02-01,03W,1408,14874
2023-01-01,03W,1563,17657
2023-12-01,03W,1440,16243
2024-10-01,03W,1448,14548
2025-09-01,03W,1274,12022
2021-08-01,03W,1289,11834
2024-06-01,03W,1232,12620
2021-07-01,03W,1355,12191
2026-04-01,03W,1126,11646
2023-05-01,03W,1394,13523
2023-09-01,03W,1368,12868
2024-09-01,03W,1252,12157
2022-08-01,03W,1346,12544
2023-11-01,03W,1568,16260
2025-05-01,03W,1234,12070
2021-09-01,03W,1510,14449
2021-12-01,03W,1494,15532
2022-01-01,03W,1398,13450
2022-03-01,04C,1162,13922
2026-02-01,04C,1010,11260
2023-02-01,04C,1187,15695
2024-08-01,04C,1039,10871
2021-11-01,04C,1306,15505
2022-07-01,04C,992,12147
2022-10-01,04C,1195,14957
2023-07-01,04C,1140,12244
2023-06-01,04C,1232,12946
2024-02-01,04C,1125,14104
2024-05-01,04C,1132,13520
2023-04-01,04C,1130,12423
2023-01-01,04C,1292,16901
2023-12-01,04C,1190,15252
2025-03-01,04C,1036,12433
2025-09-01,04C,1106,11261
2022-08-01,04C,1024,11332
2024-04-01,04C,1141,13206
2022-04-01,04C,1048,12062
2022-09-01,04C,1115,12423
2023-11-01,04C,1273,16392
2025-01-01,04C,1173,14479
2026-05-01,04C,858,10185
2025-07-01,04C,1060,10816
2023-09-01,04C,1094,12173
2026-01-01,04C,1057,12979
2021-10-01,04C,1240,15072
2025-11-01,04C,1096,12292
2024-10-01,04C,1189,14244
2024-11-01,04C,1159,15219
2023-08-01,04C,1137,11840
2024-06-01,04C,1057,12364
2024-07-01,04C,1083,12865
2024-03-01,04C,1139,13513
2023-05-01,04C,1205,12754
2023-10-01,04C,1131,14407
2025-12-01,04C,1146,13669
2021-07-01,04C,1006,11336
2022-02-01,04C,1061,11619
2022-05-01,04C,1034,11822
2026-06-01,04C,974,10798
2021-09-01,04C,1144,14076
2026-03-01,04C,977,12086
2022-01-01,04C,1173,12694
2025-05-01,04C,964,10775
2025-08-01,04C,870,9372
2021-06-01,04C,1053,11848
2021-08-01,04C,1069,10823
2021-12-01,04C,1214,14705
2024-09-01,04C,1032,11908
2025-10-01,04C,1224,14271
2024-01-01,04C,1322,15942
2026-04-01,04C,962,11069
2025-02-01,04C,1064,12833
2023-03-01,04C,1396,16376
2024-12-01,04C,1145,15823
2025-06-01,04C,847,10024
2022-12-01,04C,1530,21522
2022-11-01,04C,1144,16058
2025-04-01,04C,893,11387
2022-06-01,04C,1072,12268
2024-02-01,04V,1766,18502
2024-08-01,04V,1530,14113
2025-12-01,04V,1804,18269
2021-09-01,04V,1952,17252
2022-06-01,04V,1600,15712
2023-06-01,04V,1736,16334
2021-10-01,04V,1874,17515
2025-02-01,04V,1598,15748
2022-12-01,04V,2037,26905
2023-09-01,04V,1658,15499
2025-08-01,04V,1497,12666
2022-11-01,04V,1808,20371
2024-09-01,04V,1594,14645
2024-07-01,04V,1638,15849
2025-11-01,04V,1670,15621
2023-12-01,04V,1876,19611
2023-01-01,04V,1880,21146
2025-09-01,04V,1665,14574
2021-12-01,04V,1919,18579
2024-10-01,04V,1681,17262
2021-08-01,04V,1769,14761
2022-10-01,04V,1660,17482
2023-04-01,04V,1579,15203
2025-04-01,04V,1614,14531
2021-11-01,04V,1983,18212
2025-01-01,04V,1720,18348
2022-05-01,04V,1632,15654
2023-05-01,04V,1657,16048
2022-03-01,04V,1890,17822
2026-06-01,04V,1618,14320
2021-07-01,04V,1646,14755
2023-07-01,04V,1634,15051
2021-06-01,04V,1523,14116
2024-01-01,04V,1947,19992
2022-09-01,04V,1708,15782
2025-06-01,04V,1477,13269
2022-08-01,04V,1663,15096
2023-11-01,04V,1871,19435
2025-05-01,04V,1593,14031
2025-10-01,04V,1851,16920
2026-02-01,04V,1601,15081
2026-05-01,04V,1540,13434
2023-02-01,04V,1707,17509
2024-11-01,04V,1729,17618
2024-12-01,04V,1782,19282
2023-08-01,04V,1733,15560
2026-03-01,04V,1725,16310
2026-01-01,04V,1794,17139
2022-02-01,04V,1612,14860
2022-04-01,04V,1616,15472
2024-03-01,04V,1756,17660
2024-05-01,04V,1670,16912
2025-03-01,04V,1630,15780
2022-07-01,04V,1648,15607
2023-10-01,04V,1770,17564
2022-01-01,04V,1793,15670
2025-07-01,04V,1639,14171
2023-03-01,04V,1901,19109
2026-04-01,04V,1617,14483
2024-04-01,04V,1717,17276
2024-06-01,04V,1486,15093
2024-10-01,04Y,590,7401
2026-04-01,04Y,487,5973
2025-01-01,04Y,566,8856
2025-08-01,04Y,454,5269
2022-03-01,04Y,594,7211
2021-12-01,04Y,643,7984
2025-12-01,04Y,579,8664
2023-03-01,04Y,641,8294
2026-06-01,04Y,526,6045
2022-12-01,04Y,764,11924
2023-07-01,04Y,565,6510
2023-08-01,04Y,606,6543
2026-01-01,04Y,539,8017
2026-05-01,04Y,523,6062
2026-02-01,04Y,505,6938
2024-01-01,04Y,637,9246
2024-04-01,04Y,592,8446
2024-12-01,04Y,577,9393
2026-03-01,04Y,551,7693
2021-11-01,04Y,674,7690
2023-06-01,04Y,573,6910
2022-05-01,04Y,541,6499
2023-05-01,04Y,572,6801
2021-10-01,04Y,634,7548
2022-06-01,04Y,578,6593
2024-11-01,04Y,567,7587
2024-08-01,04Y,512,5838
2025-09-01,04Y,550,6127
2021-07-01,04Y,638,6148
2022-08-01,04Y,603,6282
2022-01-01,04Y,592,6868
2021-06-01,04Y,613,5871
2025-07-01,04Y,506,5979
2024-06-01,04Y,516,6721
2024-09-01,04Y,524,6264
2023-02-01,04Y,608,7743
2023-10-01,04Y,570,7512
2024-02-01,04Y,539,8513
2022-07-01,04Y,552,6755
2022-10-01,04Y,588,7393
2024-05-01,04Y,597,8057
2022-09-01,04Y,614,6065
2023-12-01,04Y,645,8988
2025-02-01,04Y,510,7270
2021-08-01,04Y,603,5658
2021-09-01,04Y,617,7026
2023-09-01,04Y,604,6504
2024-07-01,04Y,481,6969
2022-02-01,04Y,615,6166
2022-04-01,04Y,557,6561
2023-04-01,04Y,570,6683
2025-06-01,04Y,530,6113
2025-04-01,04Y,493,6224
2023-11-01,04Y,606,7918
2025-05-01,04Y,519,6336
2025-03-01,04Y,515,7445
2022-11-01,04Y,625,8458
2025-10-01,04Y,526,7184
2025-11-01,04Y,506,6946
2023-01-01,04Y,645,9068
2024-03-01,04Y,566,8452
2022-03-01,05D,720,6945
2025-08-01,05D,615,5118
2025-12-01,05D,844,8139
2026-02-01,05D,692,6340
2025-02-01,05D,741,6592
2026-01-01,05D,736,7473
2025-09-01,05D,773,6207
2022-02-01,05D,624,5782
2026-05-01,05D,595,5602
2025-06-01,05D,660,5790
2026-06-01,05D,657,5982
2024-01-01,05D,844,8660
2022-05-01,05D,731,6445
2022-11-01,05D,801,8276
2024-03-01,05D,787,7867
2025-11-01,05D,686,6925
2023-12-01,05D,794,8076
2022-10-01,05D,710,6806
2025-03-01,05D,727,6091
2023-08-01,05D,778,6118
2022-12-01,05D,1059,10915
2024-11-01,05D,778,7006
2022-09-01,05D,691,6004
2024-10-01,05D,848,7472
2026-04-01,05D,664,5991
2026-03-01,05D,770,6891
2022-06-01,05D,689,6044
2023-02-01,05D,798,7489
2023-07-01,05D,757,6252
2024-06-01,05D,627,6148
2023-01-01,05D,933,8746
2024-02-01,05D,703,7065
2025-04-01,05D,718,6342
2023-05-01,05D,752,6503
2025-05-01,05D,688,5530
2021-07-01,05D,579,5860
2021-09-01,05D,614,6431
2024-04-01,05D,748,7302
2024-07-01,05D,757,6751
2023-10-01,05D,738,7347
2023-11-01,05D,718,7550
2024-08-01,05D,700,5725
2021-10-01,05D,686,6887
2021-08-01,05D,606,5653
2023-03-01,05D,877,7962
2023-04-01,05D,657,6169
2025-01-01,05D,838,7654
2025-07-01,05D,679,5844
2025-10-01,05D,771,7260
2021-12-01,05D,715,7366
2023-09-01,05D,642,6200
2024-09-01,05D,711,6175
2021-11-01,05D,715,7318
2022-01-01,05D,635,6300
2024-12-01,05D,818,7799
2022-08-01,05D,674,5905
2024-05-01,05D,742,7040
2021-06-01,05D,585,5815
2022-04-01,05D,681,6379
2022-07-01,05D,639,6240
2023-06-01,05D,734,6270
2022-05-01,05G,841,10018
2022-03-01,05G,906,10925
2024-09-01,05G,645,9531
2022-02-01,05G,845,9335
2026-04-01,05G,637,9208
2023-03-01,05G,856,11232
2026-05-01,05G,608,9042
2025-04-01,05G,621,9750
2023-04-01,05G,725,9332
2024-10-01,05G,710,11063
2024-12-01,05G,715,12446
2021-07-01,05G,859,9315
2022-01-01,05G,877,10017
2023-09-01,05G,756,9909
2025-07-01,05G,625,8989
2026-06-01,05G,587,9257
2024-05-01,05G,740,11190
2026-02-01,05G,667,9502
2023-08-01,05G,833,9971
2022-10-01,05G,889,11301
2023-02-01,05G,814,10875
2025-06-01,05G,570,8988
2024-02-01,05G,739,11561
2025-02-01,05G,590,9821
2023-11-01,05G,765,12274
2024-11-01,05G,688,11258
2022-09-01,05G,792,9504
2024-03-01,05G,721,11295
2021-09-01,05G,896,10093
2025-05-01,05G,590,8891
2025-11-01,05G,646,10434
2025-12-01,05G,718,12066
2021-08-01,05G,866,8795
2024-07-01,05G,695,10594
2022-04-01,05G,784,10011
2025-08-01,05G,582,7924
2022-07-01,05G,830,10008
2022-08-01,05G,785,9470
2023-05-01,05G,750,9998
2025-09-01,05G,660,9200
2023-12-01,05G,801,12524
2024-06-01,05G,656,10044
2025-10-01,05G,707,11019
2024-04-01,05G,762,11652
2024-08-01,05G,620,8942
2021-11-01,05G,950,11857
2023-10-01,05G,756,11916
2021-10-01,05G,945,11276
2022-11-01,05G,891,12229
2022-12-01,05G,1031,17137
2024-01-01,05G,831,13295
2026-03-01,05G,685,9894
2021-12-01,05G,965,11646
2022-06-01,05G,791,9622
2023-01-01,05G,884,13155
2023-07-01,05G,777,10054
2023-06-01,05G,776,10120
2026-01-01,05G,635,10854
2021-06-01,05G,871,9184
2025-01-01,05G,714,11521
2025-03-01,05G,635,10024
2022-07-01,05Q,900,9895
2025-08-01,05Q,787,7358
2025-10-01,05Q,938,9367
2021-10-01,05Q,908,10535
2022-10-01,05Q,964,10566
2023-05-01,05Q,916,9388
2025-04-01,05Q,841,8786
2022-02-01,05Q,898,8908
2026-03-01,05Q,846,8837
2022-03-01,05Q,953,10738
2025-01-01,05Q,948,10648
2025-06-01,05Q,837,7855
2026-02-01,05Q,810,8416
2023-10-01,05Q,954,9991
2024-12-01,05Q,906,11441
2023-01-01,05Q,1049,13039
2022-06-01,05Q,888,9388
2024-08-01,05Q,842,8124
2022-04-01,05Q,846,9515
2022-05-01,05Q,870,9696
2022-11-01,05Q,982,12023
2023-02-01,05Q,902,10889
2022-09-01,05Q,887,9288
2023-06-01,05Q,890,9188
2024-05-01,05Q,928,10501
2021-09-01,05Q,961,10573
2021-07-01,05Q,942,9284
2024-06-01,05Q,860,9261
2022-08-01,05Q,920,9228
2021-08-01,05Q,942,8895
2022-12-01,05Q,1184,16720
2025-12-01,05Q,895,10743
2023-12-01,05Q,908,11187
2023-08-01,05Q,963,9109
2023-11-01,05Q,947,10911
2021-11-01,05Q,955,11226
2025-03-01,05Q,815,8965
2025-11-01,05Q,821,9037
2026-06-01,05Q,799,8009
2023-07-01,05Q,881,8980
2021-06-01,05Q,897,9016
2022-01-01,05Q,886,9458
2026-05-01,05Q,791,7629
2024-07-01,05Q,877,9581
2024-11-01,05Q,886,10460
2025-05-01,05Q,865,8249
2024-02-01,05Q,913,10846
2025-07-01,05Q,941,8311
2024-01-01,05Q,988,12371
2024-09-01,05Q,864,8733
2025-02-01,05Q,854,9045
2024-10-01,05Q,936,10195
2026-04-01,05Q,796,8112
2021-12-01,05Q,1025,11701
2023-03-01,05Q,1019,11790
2023-09-01,05Q,861,8719
2024-04-01,05Q,936,10259
2023-04-01,05Q,830,8818
2024-03-01,05Q,864,10981
2026-01-01,05Q,798,9319
2025-09-01,05Q,925,8264
2021-09-01,05V,771,7043
2024-01-01,05V,621,9022
2023-12-01,05V,618,8511
2022-01-01,05V,691,6804
2024-10-01,05V,577,7460
2026-02-01,05V,457,6042
2026-03-01,05V,502,6393
2021-10-01,05V,765,7417
2022-09-01,05V,699,6769
2021-07-01,05V,771,6485
2023-06-01,05V,652,6660
2024-08-01,05V,490,5804
2021-11-01,05V,756,7603
2025-08-01,05V,451,5149
2024-12-01,05V,540,8243
2025-05-01,05V,451,5766
2025-02-01,05V,463,6856
2021-12-01,05V,764,7944
2022-06-01,05V,608,6470
2022-08-01,05V,642,6373
2022-02-01,05V,676,6263
2022-03-01,05V,725,7420
2021-08-01,05V,638,5842
2022-04-01,05V,678,6752
2022-05-01,05V,711,6868
2025-10-01,05V,513,6730
2022-11-01,05V,760,8330
2024-02-01,05V,607,8063
2024-11-01,05V,489,7505
2025-06-01,05V,492,5769
2024-09-01,05V,523,6169
2025-04-01,05V,487,6109
2025-07-01,05V,543,5932
2026-05-01,05V,423,5599
2022-10-01,05V,736,7505
2023-02-01,05V,660,7733
2024-03-01,05V,545,7834
2025-03-01,05V,459,6722
2023-08-01,05V,575,6543
2023-11-01,05V,605,8025
2025-11-01,05V,471,6429
2026-06-01,05V,446,5728
2022-12-01,05V,857,12086
2023-07-01,05V,610,6598
2023-03-01,05V,734,8139
2025-09-01,05V,470,5971
2023-05-01,05V,634,6885
2024-04-01,05V,567,7694
2024-05-01,05V,587,7545
2026-01-01,05V,485,7011
2024-06-01,05V,534,6546
2024-07-01,05V,550,7067
2025-12-01,05V,504,7762
2026-04-01,05V,466,5850
2023-01-01,05V,843,9491
2023-04-01,05V,568,6434
2023-09-01,05V,581,6509
2022-07-01,05V,670,6686
2023-10-01,05V,619,7629
2021-06-01,05V,648,5979
2025-01-01,05V,590,8156
2022-01-01,05W,932,12541
2026-01-01,05W,787,14030
2025-03-01,05W,672,12667
2025-11-01,05W,730,13419
2024-12-01,05W,748,16070
2026-02-01,05W,663,12256
2023-06-01,05W,838,12604
2023-09-01,05W,788,12181
2024-07-01,05W,813,13909
2023-11-01,05W,845,14900
2022-02-01,05W,790,11401
2022-06-01,05W,780,12210
2025-08-01,05W,686,10210
2022-07-01,05W,861,12621
2022-03-01,05W,874,13891
2022-04-01,05W,794,12079
2023-04-01,05W,724,11477
2024-04-01,05W,821,14742
2025-07-01,05W,713,11895
2025-12-01,05W,749,15494
2021-08-01,05W,792,10311
2023-10-01,05W,792,14918
2025-09-01,05W,796,12647
2024-11-01,05W,756,14849
2024-05-01,05W,786,14192
2023-12-01,05W,750,14618
2025-02-01,05W,706,13445
2024-02-01,05W,736,14233
2021-10-01,05W,838,13594
2023-05-01,05W,777,13006
2022-09-01,05W,824,11684
2024-01-01,05W,926,16643
2024-06-01,05W,707,12496
2021-11-01,05W,900,13952
2022-08-01,05W,805,11667
2024-08-01,05W,736,11261
2025-10-01,05W,784,14905
2026-04-01,05W,740,12297
2025-04-01,05W,715,12360
2023-03-01,05W,923,14865
2022-10-01,05W,851,13828
2024-03-01,05W,758,14163
2021-06-01,05W,824,11029
2024-10-01,05W,773,14253
2026-06-01,05W,717,12089
2022-12-01,05W,1039,20767
2024-09-01,05W,767,12112
2025-05-01,05W,699,11490
2025-06-01,05W,710,11578
2023-07-01,05W,793,12248
2022-05-01,05W,760,11853
2023-02-01,05W,821,13999
2021-07-01,05W,773,11104
2023-01-01,05W,938,16789
2021-12-01,05W,940,13866
2026-05-01,05W,690,11357
2022-11-01,05W,935,15873
2023-08-01,05W,857,12382
2025-01-01,05W,769,15504
2026-03-01,05W,712,12735
2021-09-01,05W,884,12703
2021-07-01,00T,784,12092
2021-09-01,00T,832,12798
2022-11-01,00T,855,16093
2026-05-01,00T,614,9657
2024-05-01,00T,709,12598
2022-04-01,00T,801,12794
2026-02-01,00T,632,11265
2021-08-01,00T,820,11162
2023-09-01,00T,709,11825
2025-06-01,00T,592,10299
2025-11-01,00T,621,12647
2025-10-01,00T,692,13068
2025-12-01,00T,640,13505
2023-06-01,00T,695,11787
2024-03-01,00T,695,13808
2024-10-01,00T,653,13120
2025-02-01,00T,613,12225
2026-04-01,00T,627,10581
2023-04-01,00T,659,12192
2026-01-01,00T,597,12343
2021-12-01,00T,863,14384
2022-07-01,00T,797,12770
2022-02-01,00T,732,11264
2022-10-01,00T,802,14606
2024-02-01,00T,750,14794
2021-11-01,00T,904,15015
2024-01-01,00T,793,16766
2025-01-01,00T,749,14341
2022-06-01,00T,789,12514
2025-04-01,00T,619,11033
2022-08-01,00T,848,11921
2023-11-01,00T,725,15156
2022-05-01,00T,798,13142
2023-03-01,00T,778,14811
2023-12-01,00T,704,15893
2021-06-01,00T,857,11785
2025-03-01,00T,651,12173
2023-02-01,00T,762,14003
2023-07-01,00T,757,11999
2025-05-01,00T,647,10746
2023-01-01,00T,866,17231
2024-11-01,00T,663,13151
2024-06-01,00T,583,10910
2021-10-01,00T,846,14702
2024-08-01,00T,614,10222
2024-09-01,00T,700,11008
2025-07-01,00T,629,10488
2024-12-01,00T,709,13916
2025-08-01,00T,595,9234
2022-12-01,00T,841,21979
2023-10-01,00T,761,14665
2024-04-01,00T,682,13120
2023-08-01,00T,700,11911
2022-01-01,00T,841,12773
2023-05-01,00T,741,12320
2024-07-01,00T,660,11922
2022-09-01,00T,775,11936
2026-03-01,00T,687,11955
2026-06-01,00T,649,10402
2025-09-01,00T,678,10881
2022-03-01,00T,900,14865
2026-06-01,00V,366,6149
2023-04-01,00V,526,8320
2022-10-01,00V,582,9781
2023-05-01,00V,547,8312
2025-11-01,00V,355,6232
2022-03-01,00V,553,9458
2025-01-01,00V,385,7220
2022-02-01,00V,471,7773
2022-11-01,00V,624,10765
2024-07-01,00V,447,7448
2021-07-01,00V,532,8254
2021-09-01,00V,578,8962
2022-06-01,00V,483,8387
2026-02-01,00V,322,5641
2023-02-01,00V,581,9895
2024-02-01,00V,515,8929
2024-05-01,00V,477,7938
2026-04-01,00V,335,5781
2023-01-01,00V,696,11717
2022-08-01,00V,495,8144
2024-09-01,00V,415,6606
2024-06-01,00V,420,7031
2024-01-01,00V,552,10302
2022-05-01,00V,511,8924
2026-01-01,00V,344,6330
2023-10-01,00V,520,8958
2023-03-01,00V,637,10556
2025-09-01,00V,408,6550
2023-07-01,00V,516,7770
2023-11-01,00V,588,9669
2021-11-01,00V,606,10222
2024-10-01,00V,404,7791
2025-07-01,00V,349,6349
2026-03-01,00V,353,6050
2026-05-01,00V,348,5737
2025-10-01,00V,397,7747
2023-09-01,00V,512,7870
2022-04-01,00V,487,8567
2022-09-01,00V,531,8388
2025-03-01,00V,380,6290
2021-10-01,00V,590,9985
2024-08-01,00V,371,6283
2025-08-01,00V,353,5796
2023-08-01,00V,541,7880
2025-04-01,00V,341,6325
2023-06-01,00V,544,8317
2023-12-01,00V,496,9607
2024-03-01,00V,571,8770
2024-12-01,00V,396,7530
2022-07-01,00V,520,8524
2025-05-01,00V,345,6161
2022-01-01,00V,522,8679
2021-12-01,00V,575,10478
2021-06-01,00V,512,8229
2021-08-01,00V,502,7406
2022-12-01,00V,675,14802
2024-04-01,00V,504,8515
2025-12-01,00V,380,7034
2024-11-01,00V,441,7238
2025-02-01,00V,360,6362
2025-06-01,00V,367,5965
2022-02-01,00Y,755,9975
2024-04-01,00Y,605,10966
2024-09-01,00Y,565,9357
2026-01-01,00Y,551,11155
2025-07-01,00Y,515,9259
2025-05-01,00Y,503,9170
2023-03-01,00Y,753,13434
2026-04-01,00Y,515,8654
2022-05-01,00Y,767,11104
2023-07-01,00Y,656,10476
2024-08-01,00Y,539,9023
2024-10-01,00Y,580,11335
2026-06-01,00Y,560,9062
2024-02-01,00Y,654,12170
2024-06-01,00Y,589,9819
2022-09-01,00Y,726,10356
2022-11-01,00Y,743,13687
2025-09-01,00Y,526,9083
2021-11-01,00Y,841,12855
2024-07-01,00Y,611,10600
2024-12-01,00Y,601,11744
2021-06-01,00Y,683,9595
2022-08-01,00Y,777,10265
2023-02-01,00Y,725,12489
2026-02-01,00Y,469,9115
2021-12-01,00Y,856,12474
2022-01-01,00Y,744,10637
2022-04-01,00Y,716,10705
2023-08-01,00Y,671,10314
2021-07-01,00Y,764,10051
2022-07-01,00Y,808,11241
2022-12-01,00Y,930,17876
2025-04-01,00Y,494,9394
2023-06-01,00Y,642,10492
2023-12-01,00Y,643,13363
2022-10-01,00Y,727,12647
2023-11-01,00Y,656,12801
2023-09-01,00Y,609,10356
2021-08-01,00Y,728,9120
2022-06-01,00Y,685,10699
2024-03-01,00Y,598,11559
2024-05-01,00Y,607,10882
2025-03-01,00Y,542,10080
2023-04-01,00Y,598,10394
2025-11-01,00Y,520,10523
2026-03-01,00Y,515,9850
2025-08-01,00Y,514,8100
2025-02-01,00Y,516,10003
2023-10-01,00Y,647,12233
2024-01-01,00Y,727,14361
2025-06-01,00Y,548,8929
2026-05-01,00Y,533,9170
2023-05-01,00Y,666,10866
2022-03-01,00Y,796,12151
2021-09-01,00Y,818,11449
2025-10-01,00Y,578,10656
2021-10-01,00Y,807,12166
2025-12-01,00Y,545,12024
2023-01-01,00Y,787,14502
2025-01-01,00Y,616,12531
2024-11-01,00Y,597,11159
2025-10-01,01D,543,9114
2025-11-01,01D,463,8733
2026-02-01,01D,479,8111
2021-12-01,01D,781,10841
2023-11-01,01D,615,11474
2022-06-01,01D,686,9547
2024-01-01,01D,647,12421
2023-03-01,01D,742,12220
2025-06-01,01D,523,7447
2024-09-01,01D,498,7893
2023-08-01,01D,680,9402
2022-07-01,01D,693,9775
2023-01-01,01D,789,14004
2023-07-01,01D,696,9873
2022-02-01,01D,649,8745
2021-10-01,01D,762,10537
2024-08-01,01D,564,7616
2024-04-01,01D,569,9844
2022-05-01,01D,723,10249
2024-12-01,01D,557,10170
2021-06-01,01D,698,8353
2026-03-01,01D,557,8718
2025-02-01,01D,466,8143
2021-09-01,01D,748,9734
2026-01-01,01D,523,9637
2026-04-01,01D,501,7770
2026-06-01,01D,547,7741
2023-06-01,01D,743,10150
2024-06-01,01D,531,8507
2025-04-01,01D,500,7745
2022-08-01,01D,685,9315
2021-08-01,01D,697,8133
2023-09-01,01D,649,9516
2023-12-01,01D,635,11814
2025-01-01,01D,547,9675
2024-07-01,01D,555,8741
2024-10-01,01D,576,9484
2021-11-01,01D,814,11469
2024-05-01,01D,588,9580
2026-05-01,01D,545,7444
2023-10-01,01D,617,11160
2025-05-01,01D,492,7565
2022-01-01,01D,722,9475
2022-03-01,01D,755,10853
2021-07-01,01D,763,9186
2025-09-01,01D,543,8082
2022-04-01,01D,691,9508
2022-09-01,01D,703,9469
2023-02-01,01D,688,11844
2024-11-01,01D,528,9215
2024-02-01,01D,637,10915
2024-03-01,01D,582,10267
2025-12-01,01D,536,10100
2023-04-01,01D,634,9398
2022-11-01,01D,691,12166
2023-05-01,01D,650,10025
2025-08-01,01D,483,6657
2022-12-01,01D,880,16693
2022-10-01,01D,689,11058
2025-03-01,01D,488,8436
2025-07-01,01D,524,7748
2022-05-01,01G,1150,11594
2024-08-01,01G,922,9564
2024-11-01,01G,893,11408
2022-02-01,01G,1079,10265
2023-08-01,01G,1022,11504
2022-12-01,01G,1267,18922
2025-05-01,01G,896,9610
2026-02-01,01G,820,10188
2022-09-01,01G,1177,11212
2026-01-01,01G,952,11854
2022-10-01,01G,1137,12505
2023-03-01,01G,1150,14109
2021-11-01,01G,1159,13168
2022-06-01,01G,1032,11197
2025-07-01,01G,938,9665
2023-07-01,01G,1026,11505
2025-02-01,01G,846,10186
2023-10-01,01G,1050,13084
2026-06-01,01G,784,9676
2026-03-01,01G,895,10858
2023-01-01,01G,1169,15360
2023-09-01,01G,1026,11342
2024-02-01,01G,1005,13224
2024-09-01,01G,960,9951
2023-02-01,01G,1098,13195
2024-01-01,01G,1152,14777
2022-08-01,01G,1119,10876
2023-12-01,01G,1015,13908
2024-04-01,01G,973,12437
2025-01-01,01G,952,12044
2022-04-01,01G,1057,10771
2023-05-01,01G,1063,12058
2025-10-01,01G,922,11352
2021-12-01,01G,1260,13040
2025-12-01,01G,954,12196
2025-04-01,01G,881,10093
2025-11-01,01G,835,10610
2026-04-01,01G,838,9661
2026-05-01,01G,789,9185
2021-08-01,01G,1065,9929
2023-04-01,01G,975,10938
2023-06-01,01G,1001,11766
2025-09-01,01G,883,9852
2025-03-01,01G,890,10351
2023-11-01,01G,1030,13792
2024-03-01,01G,998,12398
2024-06-01,01G,943,10597
2021-06-01,01G,1074,10300
2024-10-01,01G,970,11722
2024-05-01,01G,1027,11872
2022-03-01,01G,1196,12163
2025-08-01,01G,807,8642
2021-09-01,01G,1215,11567
2025-06-01,01G,862,9405
2021-07-01,01G,1152,10808
2022-11-01,01G,1180,14577
2024-07-01,01G,1026,11410
2021-10-01,01G,1163,12486
2022-01-01,01G,1156,11447
2022-07-01,01G,1077,11404
2024-12-01,01G,921,12189
2022-11-01,01W,1136,17453
2023-07-01,01W,1107,14352
2023-12-01,01W,1161,18314
2024-12-01,01W,1026,16451
2026-05-01,01W,982,11434
2022-07-01,01W,1102,14717
2024-11-01,01W,1090,15193
2023-09-01,01W,1160,14241
2025-02-01,01W,1020,13362
2022-01-01,01W,1083,14346
2024-08-01,01W,1034,12761
2022-02-01,01W,1057,12652
2024-05-01,01W,1160,15412
2021-06-01,01W,1036,12709
2024-09-01,01W,1118,13046
2022-10-01,01W,1181,16076
2025-03-01,01W,1019,13882
2023-06-01,01W,1127,14252
2023-11-01,01W,1208,17876
2025-08-01,01W,895,10864
2025-05-01,01W,938,11968
2025-06-01,01W,962,11445
2026-02-01,01W,960,12776
2021-11-01,01W,1190,16339
2021-07-01,01W,1072,13503
2021-09-01,01W,1128,14597
2024-10-01,01W,1147,15787
2022-06-01,01W,1045,13874
2022-08-01,01W,1069,13908
2024-07-01,01W,1194,14441
2026-04-01,01W,1045,12328
2024-03-01,01W,1174,16032
2026-01-01,01W,1079,14474
2022-04-01,01W,1004,13483
2022-03-01,01W,1098,15423
2023-08-01,01W,1173,14747
2022-12-01,01W,1312,24415
2023-02-01,01W,1124,15784
2022-09-01,01W,1115,13923
2023-04-01,01W,1062,13966
2025-04-01,01W,962,12731
2025-09-01,01W,1053,12171
2025-11-01,01W,1039,13416
2025-12-01,01W,1127,15831
2023-01-01,01W,1249,19682
2025-01-01,01W,1104,16239
2023-05-01,01W,1070,14247
2024-06-01,01W,978,13122
2026-03-01,01W,1031,13292
2022-05-01,01W,1147,14814
2023-10-01,01W,1166,16782
2024-04-01,01W,1182,15357
2025-07-01,01W,1043,12312
2021-10-01,01W,1163,15844
2021-08-01,01W,1045,12646
2024-01-01,01W,1228,19273
2026-06-01,01W,1030,11837
2024-02-01,01W,1147,16583
2023-03-01,01W,1238,17705
2021-12-01,01W,1215,16804
2025-10-01,01W,1141,14047
2023-03-01,01Y,775,11233
2023-10-01,01Y,586,9344
2025-03-01,01Y,442,8001
2022-02-01,01Y,624,7904
2024-01-01,01Y,644,11165
2023-07-01,01Y,643,8991
2025-04-01,01Y,426,7311
2022-03-01,01Y,681,9777
2024-07-01,01Y,528,8365
2025-08-01,01Y,459,6492
2024-03-01,01Y,611,9339
2025-01-01,01Y,563,9594
2022-12-01,01Y,724,13880
2023-09-01,01Y,621,8057
2024-04-01,01Y,592,8609
2022-04-01,01Y,623,8629
2021-07-01,01Y,650,8279
2021-12-01,01Y,676,10177
2023-01-01,01Y,738,12549
2024-09-01,01Y,504,7639
2025-09-01,01Y,519,7647
2025-10-01,01Y,554,8733
2025-05-01,01Y,475,7438
2023-12-01,01Y,660,10593
2025-02-01,01Y,481,7925
2021-06-01,01Y,634,7962
2024-11-01,01Y,480,8772
2026-05-01,01Y,447,6886
2026-06-01,01Y,479,7191
2022-06-01,01Y,636,8335
2021-08-01,01Y,665,7584
2025-06-01,01Y,473,6978
2025-12-01,01Y,572,9882
2023-11-01,01Y,640,10493
2022-07-01,01Y,629,8808
2023-06-01,01Y,629,8831
2024-02-01,01Y,593,9277
2024-12-01,01Y,520,9785
2023-04-01,01Y,566,8255
2024-10-01,01Y,562,9111
2026-03-01,01Y,550,8330
2022-05-01,01Y,573,8839
2023-05-01,01Y,622,8760
2024-08-01,01Y,509,7270
2021-11-01,01Y,673,10427
2022-09-01,01Y,605,8208
2023-08-01,01Y,586,8410
2022-10-01,01Y,677,9519
2022-11-01,01Y,670,10583
2025-11-01,01Y,484,8564
2022-08-01,01Y,642,8010
2024-06-01,01Y,543,7854
2023-02-01,01Y,584,9532
2022-01-01,01Y,652,8716
2024-05-01,01Y,631,8631
2026-01-01,01Y,544,9207
2021-09-01,01Y,654,8937
2021-10-01,01Y,636,9668
2025-07-01,01Y,507,7495
2026-02-01,01Y,478,7870
2026-04-01,01Y,527,7413
2024-08-01,02A,808,8490
2024-12-01,02A,836,11043
2025-03-01,02A,780,8957
2024-06-01,02A,759,8872
2022-06-01,02A,1172,10120
2025-05-01,02A,750,8173
2026-05-01,02A,662,7636
2021-10-01,02A,1156,11291
2025-08-01,02A,719,7268
2024-07-01,02A,855,9900
2022-02-01,02A,1144,9558
2023-10-01,02A,1003,11144
2025-06-01,02A,777,8012
2025-11-01,02A,668,8607
2025-04-01,02A,736,8584
2024-01-01,02A,876,12200
2024-05-01,02A,855,10013
2025-09-01,02A,715,8038
2023-01-01,02A,1409,13835
2023-02-01,02A,1200,11747
2022-05-01,02A,1199,10535
2026-04-01,02A,736,8125
2025-01-01,02A,811,10697
2025-02-01,02A,678,8983
2025-07-01,02A,732,8223
2021-12-01,02A,1348,12360
2023-12-01,02A,909,12117
2024-11-01,02A,797,10050
2021-09-01,02A,1307,10701
2023-04-01,02A,1104,9549
2022-07-01,02A,1181,10685
2026-03-01,02A,739,8939
2022-09-01,02A,1213,10079
2023-11-01,02A,946,11322
2024-04-01,02A,817,9983
2021-07-01,02A,1245,9887
2024-02-01,02A,891,11002
2024-09-01,02A,800,8802
2025-12-01,02A,786,10405
2022-08-01,02A,1256,9907
2024-10-01,02A,790,10322
2023-08-01,02A,1051,9658
2023-03-01,02A,1404,12687
2026-06-01,02A,701,7998
2023-07-01,02A,1090,9653
2023-09-01,02A,986,9646
2026-01-01,02A,742,9681
2021-06-01,02A,1176,9399
2022-03-01,02A,1309,11217
2022-10-01,02A,1330,11801
2021-11-01,02A,1316,12285
2023-05-01,02A,1167,10202
2022-12-01,02A,1491,17850
2026-02-01,02A,656,8229
2021-08-01,02A,1188,9199
2022-01-01,02A,1215,10255
2022-11-01,02A,1362,13144
2022-04-01,02A,1240,10157
2023-06-01,02A,1125,9564
2024-03-01,02A,764,10089
2025-10-01,02A,809,9818
2024-08-01,02H,1308,14193
2025-08-01,02H,1119,12744
2024-12-01,02H,1192,19142
2021-07-01,02H,1430,15230
2024-05-01,02H,1378,16979
2024-06-01,02H,1318,15834
2021-09-01,02H,1555,16809
2022-07-01,02H,1356,15940
2024-10-01,02H,1226,17642
2023-04-01,02H,1317,16282
2024-03-01,02H,1393,18989
2025-06-01,02H,1100,13787
2024-04-01,02H,1429,18221
2024-07-01,02H,1422,16676
2025-09-01,02H,1166,14944
2026-03-01,02H,1223,16756
2022-03-01,02H,1501,18497
2025-03-01,02H,1126,16788
2025-05-01,02H,1117,14689
2025-07-01,02H,1153,14717
2026-06-01,02H,1138,14443
2025-04-01,02H,1056,15029
2023-05-01,02H,1414,16929
2022-01-01,02H,1450,16493
2025-02-01,02H,1135,16080
2025-11-01,02H,1100,16536
2023-08-01,02H,1467,16011
2023-12-01,02H,1562,21113
2023-02-01,02H,1548,19209
2024-01-01,02H,1579,22225
2025-12-01,02H,1325,19798
2023-07-01,02H,1400,16091
2023-11-01,02H,1468,19579
2025-10-01,02H,1268,17134
2024-11-01,02H,1193,17288
2026-01-01,02H,1277,17930
2021-10-01,02H,1500,18361
2025-01-01,02H,1241,19186
2022-06-01,02H,1471,16911
2022-12-01,02H,1731,28228
2023-09-01,02H,1472,16075
2022-04-01,02H,1426,16545
2023-06-01,02H,1477,16473
2024-02-01,02H,1424,20306
2026-02-01,02H,1199,15459
2021-06-01,02H,1380,14687
2022-05-01,02H,1397,16400
2021-11-01,02H,1627,19739
2023-01-01,02H,1698,23554
2024-09-01,02H,1259,14659
2021-08-01,02H,1420,13993
2022-09-01,02H,1454,15774
2026-04-01,02H,1165,14699
2021-12-01,02H,1653,19647
2022-08-01,02H,1468,15470
2022-10-01,02H,1433,18161
2023-03-01,02H,1646,20681
2023-10-01,02H,1517,18735
2022-02-01,02H,1327,14903
2022-11-01,02H,1576,20344
2026-05-01,02H,1060,13671
2025-09-01,14L,1738,21876
2022-05-01,14L,2064,25433
2022-12-01,14L,2552,41372
2023-11-01,14L,2329,31924
2024-04-01,14L,1975,27405
2025-12-01,14L,1806,27487
2024-02-01,14L,2063,29791
2024-07-01,14L,2027,25634
2022-04-01,14L,2001,25053
2025-03-01,14L,1696,23831
2023-07-01,14L,2182,25382
2025-11-01,14L,1651,24435
2023-04-01,14L,2018,24303
2025-02-01,14L,1601,23717
2023-10-01,14L,2361,29657
2024-08-01,14L,1818,21939
2023-12-01,14L,2167,30715
2026-01-01,14L,1787,25461
2026-03-01,14L,1738,24283
2024-09-01,14L,1881,22991
2022-01-01,14L,2199,25739
2022-02-01,14L,1969,22953
2024-11-01,14L,1808,27067
2022-03-01,14L,2224,27691
2025-08-01,14L,1585,18633
2026-02-01,14L,1568,23042
2026-05-01,14L,1598,20359
2023-02-01,14L,2163,29671
2025-07-01,14L,1743,21944
2021-10-01,14L,2215,29319
2025-06-01,14L,1649,20839
2023-01-01,14L,2445,33901
2025-05-01,14L,1690,21308
2025-10-01,14L,1886,26361
2022-06-01,14L,2040,24975
2022-11-01,14L,2356,31723
2025-01-01,14L,1929,28083
2021-12-01,14L,2405,29579
2022-08-01,14L,2082,24008
2023-03-01,14L,2530,31576
2023-06-01,14L,2168,25391
2024-03-01,14L,2085,28681
2024-05-01,14L,1954,26881
2024-06-01,14L,1868,24200
2023-05-01,14L,2180,26427
2023-09-01,14L,2145,25005
2021-06-01,14L,2052,23857
2021-07-01,14L,2150,24042
2021-08-01,14L,2033,22088
2024-12-01,14L,1891,28580
2024-10-01,14L,2001,27547
2021-11-01,14L,2324,30525
2026-06-01,14L,1699,21566
2023-08-01,14L,2285,25001
2024-01-01,14L,2199,32453
2025-04-01,14L,1598,22222
2021-09-01,14L,2163,25406
2022-09-01,14L,2134,24196
2026-04-01,14L,1645,21809
2022-07-01,14L,2011,25211
2022-10-01,14L,2279,29858
2022-10-01,02Y,671,14456
2026-02-01,02Y,695,13956
2022-01-01,02Y,640,13521
2022-05-01,02Y,578,13172
2022-07-01,02Y,591,13004
2025-06-01,02Y,659,12311
2025-10-01,02Y,748,14759
2025-09-01,02Y,704,12804
2023-03-01,02Y,636,16143
2024-04-01,02Y,623,14845
2023-10-01,02Y,633,14727
2026-05-01,02Y,711,13018
2021-12-01,02Y,720,15678
2022-02-01,02Y,569,12476
2025-07-01,02Y,704,13009
2023-08-01,02Y,651,13505
2025-08-01,02Y,685,11667
2021-09-01,02Y,626,13650
2024-05-01,02Y,613,14574
2023-06-01,02Y,614,13202
2023-07-01,02Y,632,13037
2023-11-01,02Y,606,16029
2021-06-01,02Y,626,12207
2021-07-01,02Y,625,12147
2024-01-01,02Y,648,17834
2021-10-01,02Y,620,14170
2022-09-01,02Y,626,12952
2022-12-01,02Y,744,20591
2023-09-01,02Y,611,13056
2024-02-01,02Y,560,15598
2026-01-01,02Y,746,16035
2025-04-01,02Y,629,13436
2022-11-01,02Y,742,15821
2025-02-01,02Y,644,13928
2021-11-01,02Y,650,14995
2025-05-01,02Y,676,12791
2023-12-01,02Y,586,16261
2024-08-01,02Y,550,11859
2026-04-01,02Y,654,13515
2022-04-01,02Y,532,13011
2025-01-01,02Y,684,16584
2024-10-01,02Y,688,14623
2024-11-01,02Y,677,15519
2025-03-01,02Y,645,14419
2021-08-01,02Y,607,11808
2023-01-01,02Y,729,18163
2024-09-01,02Y,635,12475
2024-12-01,02Y,673,17149
2022-03-01,02Y,577,14347
2024-07-01,02Y,683,14312
2025-11-01,02Y,665,13810
2022-08-01,02Y,657,12980
2023-05-01,02Y,640,13662
2023-02-01,02Y,646,15083
2024-03-01,02Y,645,15001
2022-06-01,02Y,574,13080
2023-04-01,02Y,552,13385
2026-06-01,02Y,676,13141
2025-12-01,02Y,836,17004
2024-06-01,02Y,538,12852
2026-03-01,02Y,780,14578
2022-04-01,03F,454,11674
2023-01-01,03F,531,15555
2021-11-01,03F,497,14493
2022-08-01,03F,476,11286
2022-02-01,03F,438,11126
2024-05-01,03F,427,12813
2024-06-01,03F,400,11495
2022-01-01,03F,434,12340
2022-12-01,03F,584,19518
2025-12-01,03F,475,14428
2022-11-01,03F,461,14576
2024-01-01,03F,467,14938
2025-01-01,03F,512,13485
2024-02-01,03F,409,12884
2024-11-01,03F,456,12870
2021-10-01,03F,509,14077
2024-07-01,03F,441,12076
2022-07-01,03F,451,12169
2023-09-01,03F,466,11035
2026-03-01,03F,493,12453
2024-08-01,03F,398,9977
2021-06-01,03F,461,11164
2025-08-01,03F,406,9519
2026-02-01,03F,433,11646
2021-12-01,03F,474,13626
2021-09-01,03F,481,12405
2022-09-01,03F,420,11257
2025-02-01,03F,404,11321
2025-04-01,03F,405,11194
2023-04-01,03F,403,11456
2023-07-01,03F,455,11140
2023-12-01,03F,443,14034
2024-12-01,03F,413,14009
2025-09-01,03F,434,10911
2023-10-01,03F,428,12730
2026-06-01,03F,451,11183
2024-03-01,03F,424,13285
2021-07-01,03F,499,11273
2022-03-01,03F,467,13286
2026-01-01,03F,475,13615
2021-08-01,03F,490,10533
2024-10-01,03F,473,13242
2025-03-01,03F,470,12025
2023-11-01,03F,441,13588
2022-10-01,03F,458,12896
2024-09-01,03F,409,10758
2025-05-01,03F,436,11024
2026-05-01,03F,436,10863
2022-06-01,03F,421,11352
2024-04-01,03F,436,12904
2025-06-01,03F,470,11045
2025-10-01,03F,472,12730
2022-05-01,03F,432,11213
2023-02-01,03F,467,12986
2023-03-01,03F,545,14767
2023-05-01,03F,450,11418
2023-06-01,03F,464,11712
2023-08-01,03F,427,11127
2025-07-01,03F,432,10789
2026-04-01,03F,386,11096
2025-11-01,03F,429,12059
2021-06-01,03H,615,6861
2021-07-01,03H,636,7242
2021-11-01,03H,704,9052
2024-01-01,03H,689,9877
2024-06-01,03H,595,6923
2025-08-01,03H,637,5695
2025-02-01,03H,634,7223
2021-08-01,03H,610,6782
2023-09-01,03H,632,7525
2024-11-01,03H,675,7938
2024-12-01,03H,699,9039
2025-03-01,03H,649,7528
2023-06-01,03H,633,7866
2022-11-01,03H,670,9220
2025-06-01,03H,635,6444
2025-11-01,03H,696,7482
2024-02-01,03H,586,8720
2024-04-01,03H,598,8297
2021-12-01,03H,734,9550
2023-07-01,03H,618,7336
2023-08-01,03H,618,7364
2023-11-01,03H,602,8678
2023-12-01,03H,682,9013
2021-09-01,03H,694,8260
2023-05-01,03H,610,7465
2025-09-01,03H,713,7135
2026-04-01,03H,693,6995
2023-10-01,03H,679,8735
2024-07-01,03H,647,7797
2026-02-01,03H,658,7375
2026-01-01,03H,786,8456
2025-01-01,03H,684,8585
2022-01-01,03H,645,7636
2024-03-01,03H,587,8895
2022-04-01,03H,595,7525
2024-05-01,03H,643,8217
2025-07-01,03H,685,6664
2025-05-01,03H,637,6769
2022-12-01,03H,825,12597
2025-12-01,03H,755,8817
2023-03-01,03H,680,9529
2022-05-01,03H,601,7865
2023-04-01,03H,591,7298
2021-10-01,03H,624,8664
2024-10-01,03H,670,8161
2022-06-01,03H,623,7330
2023-01-01,03H,752,10517
2024-08-01,03H,587,6393
2022-09-01,03H,614,7634
2022-10-01,03H,652,8776
2022-07-01,03H,602,7701
2023-02-01,03H,680,8688
2025-04-01,03H,612,7004
2026-05-01,03H,634,6460
2022-08-01,03H,623,7488
2022-03-01,03H,694,8349
2026-03-01,03H,727,8071
2022-02-01,03H,609,7063
2024-09-01,03H,614,6872
2026-06-01,03H,662,6619
2025-10-01,03H,770,7832
2025-01-01,03K,772,8510
2023-03-01,03K,825,9313
2022-04-01,03K,674,7200
2023-04-01,03K,644,7418
2024-02-01,03K,737,8821
2021-06-01,03K,717,6902
2022-09-01,03K,726,7196
2024-06-01,03K,663,7458
2023-05-01,03K,663,7778
2024-12-01,03K,733,8686
2025-03-01,03K,692,7409
2026-04-01,03K,675,7172
2022-06-01,03K,631,6991
2025-08-01,03K,698,6034
2021-09-01,03K,735,7508
2023-12-01,03K,709,9247
2025-02-01,03K,646,7407
2023-08-01,03K,666,7307
2022-12-01,03K,969,12053
2025-10-01,03K,780,7885
2024-03-01,03K,768,8672
2022-02-01,03K,623,6952
2024-09-01,03K,660,7032
2023-01-01,03K,816,10089
2022-08-01,03K,788,7400
2026-01-01,03K,741,8547
2024-05-01,03K,743,8488
2023-02-01,03K,716,8494
2024-10-01,03K,712,8017
2024-11-01,03K,723,8161
2025-05-01,03K,652,6769
2025-07-01,03K,689,6854
2022-03-01,03K,715,7822
2022-05-01,03K,669,7136
2021-12-01,03K,808,8897
2025-12-01,03K,763,8893
2023-07-01,03K,665,7413
2023-10-01,03K,688,8479
2023-11-01,03K,660,9132
2025-09-01,03K,699,6925
2021-10-01,03K,735,8090
2022-10-01,03K,799,8879
2021-07-01,03K,766,7292
2025-11-01,03K,696,7610
2025-06-01,03K,692,6900
2026-02-01,03K,641,7369
2023-09-01,03K,635,7328
2024-08-01,03K,687,6682
2021-08-01,03K,760,6888
2024-07-01,03K,688,7774
2026-03-01,03K,762,8088
2022-01-01,03K,705,7406
2025-04-01,03K,667,6922
2021-11-01,03K,710,8274
2022-07-01,03K,696,7734
2023-06-01,03K,644,7487
2026-05-01,03K,696,6636
2026-06-01,03K,725,6977
2022-11-01,03K,759,9070
2024-04-01,03K,666,8108
2024-01-01,03K,802,9984
2021-08-01,03Q,390,7700
2022-01-01,03Q,422,8517
2022-05-01,03Q,396,8377
2024-06-01,03Q,438,9071
2026-06-01,03Q,423,7514
2021-10-01,03Q,459,9698
2021-12-01,03Q,433,9693
2024-02-01,03Q,361,9723
2022-02-01,03Q,402,8076
2021-11-01,03Q,445,10367
2023-09-01,03Q,391,8373
2025-02-01,03Q,325,8014
2022-07-01,03Q,416,8585
2023-01-01,03Q,454,11516
2024-07-01,03Q,444,9343
2026-04-01,03Q,427,7745
2022-06-01,03Q,404,8422
2022-10-01,03Q,421,10125
2023-11-01,03Q,424,10608
2024-01-01,03Q,436,11414
2025-10-01,03Q,384,8674
2024-05-01,03Q,428,9382
2024-10-01,03Q,412,9302
2025-11-01,03Q,365,8107
2024-08-01,03Q,452,8001
2022-03-01,03Q,444,9688
2022-11-01,03Q,441,10791
2024-11-01,03Q,415,9487
2025-06-01,03Q,351,7325
2024-04-01,03Q,408,10140
2023-07-01,03Q,348,8312
2022-04-01,03Q,375,8437
2023-03-01,03Q,449,11027
2024-12-01,03Q,373,9946
2025-09-01,03Q,391,7552
2022-08-01,03Q,486,9066
2025-01-01,03Q,357,9406
2025-04-01,03Q,394,7827
2021-06-01,03Q,405,7514
2026-05-01,03Q,385,7398
2021-07-01,03Q,404,7940
2024-09-01,03Q,420,7956
2025-03-01,03Q,327,8259
2022-09-01,03Q,408,8198
2023-08-01,03Q,408,8782
2023-10-01,03Q,382,9686
2026-03-01,03Q,443,8507
2025-07-01,03Q,378,7482
2026-02-01,03Q,371,7749
2023-02-01,03Q,402,9999
2021-09-01,03Q,448,8665
2023-12-01,03Q,412,10881
2025-12-01,03Q,430,9600
2022-12-01,03Q,516,14392
2025-05-01,03Q,426,7566
2026-01-01,03Q,419,8992
2025-08-01,03Q,383,6731
2023-04-01,03Q,373,8745
2023-06-01,03Q,420,8710
2023-05-01,03Q,385,8850
2024-03-01,03Q,430,9741
2023-11-01,42D,1480,27025
2022-05-01,42D,1489,23145
2022-06-01,42D,1373,22249
2026-02-01,42D,1346,21355
2023-06-01,42D,1477,22846
2022-11-01,42D,1512,27165
2024-03-01,42D,1324,25098
2025-04-01,42D,1237,20318
2026-01-01,42D,1462,24719
2023-10-01,42D,1528,25199
2024-09-01,42D,1265,20324
2026-04-01,42D,1314,20652
2026-05-01,42D,1334,19120
2021-06-01,42D,1447,20848
2023-01-01,42D,1708,31324
2025-03-01,42D,1251,21499
2022-04-01,42D,1466,22665
2025-09-01,42D,1383,20437
2025-10-01,42D,1517,23054
2026-06-01,42D,1355,19782
2023-05-01,42D,1412,23517
2021-08-01,42D,1486,20386
2023-12-01,42D,1423,27596
2024-08-01,42D,1195,19543
2025-07-01,42D,1361,20069
2021-11-01,42D,1607,26437
2022-10-01,42D,1636,25503
2024-07-01,42D,1426,23004
2025-01-01,42D,1440,25119
2021-09-01,42D,1598,23080
2022-09-01,42D,1511,21897
2023-02-01,42D,1460,25821
2025-12-01,42D,1463,25787
2022-02-01,42D,1402,20714
2023-08-01,42D,1487,22898
2024-10-01,42D,1426,23746
2022-01-01,42D,1537,22968
2024-01-01,42D,1561,29558
2021-07-01,42D,1460,21356
2023-07-01,42D,1440,22068
2024-04-01,42D,1429,25193
2024-12-01,42D,1367,26857
2024-05-01,42D,1397,23567
2025-06-01,42D,1223,19530
2026-03-01,42D,1441,22774
2023-04-01,42D,1364,22143
2022-03-01,42D,1555,24313
2024-11-01,42D,1339,23803
2025-02-01,42D,1239,22115
2025-08-01,42D,1287,18174
2025-11-01,42D,1250,21419
2021-10-01,42D,1526,24178
2022-12-01,42D,1731,36715
2025-05-01,42D,1227,19779
2021-12-01,42D,1657,26224
2023-09-01,42D,1492,21938
2024-06-01,42D,1279,21662
2022-07-01,42D,1419,22509
2022-08-01,42D,1578,22519
2024-02-01,42D,1360,25470
2023-03-01,42D,1664,28525
2022-12-01,10R,897,12738
2022-03-01,10R,721,8365
2025-11-01,10R,618,6901
2022-05-01,10R,680,7731
2025-09-01,10R,678,6206
2025-12-01,10R,679,8127
2023-12-01,10R,666,8297
2023-01-01,10R,770,9891
2021-07-01,10R,641,7011
2025-05-01,10R,608,6339
2025-06-01,10R,614,6289
2026-03-01,10R,663,7423
2024-06-01,10R,612,6772
2021-08-01,10R,675,6683
2023-03-01,10R,798,9136
2024-02-01,10R,705,7986
2022-06-01,10R,671,7500
2021-10-01,10R,684,8427
2023-11-01,10R,699,8506
2025-08-01,10R,606,5609
2023-09-01,10R,683,7098
2024-09-01,10R,661,6652
2026-06-01,10R,640,6652
2023-05-01,10R,704,7489
2024-01-01,10R,763,8918
2025-03-01,10R,642,7399
2021-12-01,10R,689,8635
2024-11-01,10R,622,7806
2024-04-01,10R,699,8158
2024-10-01,10R,680,7979
2025-10-01,10R,686,7652
2026-01-01,10R,632,7954
2021-06-01,10R,627,6915
2022-02-01,10R,657,7288
2022-09-01,10R,667,7317
2023-06-01,10R,706,7162
2026-02-01,10R,639,6754
2021-09-01,10R,678,7523
2023-02-01,10R,698,8491
2023-07-01,10R,711,7051
2021-11-01,10R,663,8894
2025-02-01,10R,632,7026
2022-07-01,10R,633,7549
2022-10-01,10R,672,8305
2024-12-01,10R,729,8724
2022-11-01,10R,708,8887
2023-04-01,10R,623,7024
2024-08-01,10R,652,6226
2022-01-01,10R,663,7533
2025-01-01,10R,765,8563
2022-08-01,10R,701,7239
2024-05-01,10R,690,7730
2025-04-01,10R,666,6915
2025-07-01,10R,695,6492
2023-08-01,10R,773,7347
2026-05-01,10R,632,6355
2024-07-01,10R,765,7667
2026-04-01,10R,608,6754
2023-10-01,10R,736,8187
2022-04-01,10R,612,7215
2024-03-01,10R,641,8163
2024-10-01,D4U1Y,0,0
2026-03-01,D4U1Y,0,0
2023-07-01,D4U1Y,0,0
2021-06-01,D4U1Y,0,0
2022-09-01,D4U1Y,0,0
2025-07-01,D4U1Y,0,0
2022-02-01,D4U1Y,0,0
2023-11-01,D4U1Y,0,0
2026-02-01,D4U1Y,0,0
2025-02-01,D4U1Y,0,0
2021-11-01,D4U1Y,0,0
2024-01-01,D4U1Y,0,0
2022-07-01,D4U1Y,0,0
2025-10-01,D4U1Y,0,0
2025-11-01,D4U1Y,0,0
2023-02-01,D4U1Y,0,0
2024-03-01,D4U1Y,0,0
2026-01-01,D4U1Y,0,0
2024-11-01,D4U1Y,0,0
2025-04-01,D4U1Y,0,0
2022-05-01,D4U1Y,0,0
2023-04-01,D4U1Y,0,0
2023-10-01,D4U1Y,0,0
2022-11-01,D4U1Y,0,0
2025-03-01,D4U1Y,0,0
2021-10-01,D4U1Y,0,0
2024-05-01,D4U1Y,0,0
2024-02-01,D4U1Y,0,0
2024-09-01,D4U1Y,0,0
2021-08-01,D4U1Y,0,0
2025-01-01,D4U1Y,0,0
2023-03-01,D4U1Y,0,0
2025-08-01,D4U1Y,0,0
2025-05-01,D4U1Y,0,0
2025-06-01,D4U1Y,0,0
2022-04-01,D4U1Y,0,0
2023-08-01,D4U1Y,0,0
2024-12-01,D4U1Y,0,0
2023-05-01,D4U1Y,0,0
2026-04-01,D4U1Y,0,0
2024-04-01,D4U1Y,0,0
2022-01-01,D4U1Y,0,0
2022-03-01,D4U1Y,0,0
2023-12-01,D4U1Y,0,0
2023-01-01,D4U1Y,0,0
2024-07-01,D4U1Y,0,0
2025-09-01,D4U1Y,0,0
2023-09-01,D4U1Y,0,0
2025-12-01,D4U1Y,0,0
2022-12-01,D4U1Y,0,0
2023-06-01,D4U1Y,0,0
2021-07-01,D4U1Y,0,0
2024-06-01,D4U1Y,0,0
2026-06-01,D4U1Y,0,0
2021-09-01,D4U1Y,0,0
2021-12-01,D4U1Y,0,0
2022-06-01,D4U1Y,0,0
2022-10-01,D4U1Y,0,0
2022-08-01,D4U1Y,0,0
2026-05-01,D4U1Y,0,0
2024-08-01,D4U1Y,0,0
2024-06-01,D9Y0V,5703,63451
2023-03-01,D9Y0V,7241,83260
2021-07-01,D9Y0V,6856,65008
2021-12-01,D9Y0V,7210,79116
2021-09-01,D9Y0V,6740,67902
2023-08-01,D9Y0V,6781,67137
2022-11-01,D9Y0V,7258,82273
2022-10-01,D9Y0V,7012,76341
2025-05-01,D9Y0V,5459,59806
2022-07-01,D9Y0V,6529,68232
2025-07-01,D9Y0V,5931,60422
2023-05-01,D9Y0V,6511,69414
2023-04-01,D9Y0V,6029,65492
2023-07-01,D9Y0V,6422,65155
2022-01-01,D9Y0V,6468,65568
2021-06-01,D9Y0V,6423,62348
2023-12-01,D9Y0V,6624,83267
2022-12-01,D9Y0V,9541,122099
2024-02-01,D9Y0V,6230,76802
2024-07-01,D9Y0V,6150,66775
2025-01-01,D9Y0V,6292,78981
2022-02-01,D9Y0V,6322,64040
2025-03-01,D9Y0V,5667,67345
2021-08-01,D9Y0V,6479,60686
2023-10-01,D9Y0V,6627,72663
2026-01-01,D9Y0V,6027,72943
2022-09-01,D9Y0V,6796,67624
2024-09-01,D9Y0V,5858,61708
2021-10-01,D9Y0V,6760,72810
2022-06-01,D9Y0V,6226,65195
2024-01-01,D9Y0V,7087,86465
2024-04-01,D9Y0V,6138,74572
2026-05-01,D9Y0V,5413,56836
2023-11-01,D9Y0V,6724,78585
2024-05-01,D9Y0V,6284,73958
2024-12-01,D9Y0V,5945,78538
2025-11-01,D9Y0V,5721,63862
2026-02-01,D9Y0V,5559,63097
2022-04-01,D9Y0V,6220,66017
2022-05-01,D9Y0V,6670,67051
2024-11-01,D9Y0V,5954,71776
2025-02-01,D9Y0V,5274,65934
2022-03-01,D9Y0V,6970,72569
2025-12-01,D9Y0V,6359,76282
2025-04-01,D9Y0V,5392,61039
2026-04-01,D9Y0V,5679,62066
2025-10-01,D9Y0V,6217,69071
2026-03-01,D9Y0V,6144,68879
2022-08-01,D9Y0V,6550,65175
2023-09-01,D9Y0V,6411,65548
2024-03-01,D9Y0V,6128,77535
2024-10-01,D9Y0V,6268,72364
2023-02-01,D9Y0V,6818,78917
2025-06-01,D9Y0V,5683,58626
2023-01-01,D9Y0V,7810,92854
2023-06-01,D9Y0V,6560,68297
2024-08-01,D9Y0V,5794,59455
2025-08-01,D9Y0V,5552,54564
2021-11-01,D9Y0V,6759,75191
2025-09-01,D9Y0V,6101,63261
2026-06-01,D9Y0V,5783,60916
2022-04-01,02Q,301,5622
2024-01-01,02Q,392,7766
2024-03-01,02Q,384,6517
2022-07-01,02Q,291,5410
2024-09-01,02Q,369,5224
2022-05-01,02Q,332,5345
2022-03-01,02Q,325,5724
2022-09-01,02Q,337,5643
2025-03-01,02Q,394,5505
2022-08-01,02Q,404,5785
2022-06-01,02Q,330,5596
2025-05-01,02Q,387,5022
2023-11-01,02Q,386,6619
2025-06-01,02Q,389,5074
2026-03-01,02Q,411,5783
2022-02-01,02Q,325,4818
2024-10-01,02Q,406,6136
2025-09-01,02Q,440,5138
2025-10-01,02Q,430,5741
2024-02-01,02Q,388,6632
2024-11-01,02Q,389,5831
2026-06-01,02Q,413,5120
2023-04-01,02Q,356,5727
2023-08-01,02Q,413,5768
2026-01-01,02Q,420,6196
2026-05-01,02Q,404,5031
2022-12-01,02Q,474,9884
2024-08-01,02Q,373,4987
2023-03-01,02Q,409,6832
2025-12-01,02Q,378,6759
2025-08-01,02Q,361,4497
2021-09-01,02Q,324,5321
2024-06-01,02Q,356,5395
2023-02-01,02Q,370,6811
2025-07-01,02Q,443,5074
2021-06-01,02Q,297,4802
2021-12-01,02Q,363,6420
2025-02-01,02Q,350,5427
2026-02-01,02Q,409,5443
2021-07-01,02Q,307,4850
2021-11-01,02Q,331,5928
2025-01-01,02Q,415,6730
2024-05-01,02Q,375,6263
2023-12-01,02Q,366,7031
2024-07-01,02Q,415,6022
2022-10-01,02Q,377,6253
2023-09-01,02Q,337,5022
2025-04-01,02Q,383,5193
2021-08-01,02Q,302,4499
2022-01-01,02Q,325,5332
2023-01-01,02Q,494,8310
2023-06-01,02Q,354,5589
2023-07-01,02Q,353,5267
2024-04-01,02Q,403,6629
2021-10-01,02Q,314,5565
2023-10-01,02Q,425,6181
2026-04-01,02Q,429,5349
2022-11-01,02Q,372,7041
2023-05-01,02Q,357,5621
2024-12-01,02Q,391,6755
2025-11-01,02Q,364,5342
2025-07-01,52R,3175,37117
2021-09-01,52R,3505,43485
2025-03-01,52R,3080,42095
2022-12-01,52R,4136,72366
2024-11-01,52R,3315,44558
2021-12-01,52R,3598,48223
2024-03-01,52R,3070,48077
2022-11-01,52R,3364,50814
2021-11-01,52R,3613,46845
2026-04-01,52R,2917,37590
2024-08-01,52R,2967,36398
2023-02-01,52R,3422,48953
2025-06-01,52R,2939,35606
2025-08-01,52R,2848,32793
2026-01-01,52R,3504,45562
2023-11-01,52R,3388,49757
2024-10-01,52R,3329,45716
2023-08-01,52R,3325,41381
2022-07-01,52R,3125,41367
2023-03-01,52R,3692,52738
2024-01-01,52R,3574,55112
2026-06-01,52R,3172,37060
2025-12-01,52R,3430,48621
2022-02-01,52R,3078,38790
2024-12-01,52R,3188,49634
2022-05-01,52R,3318,41804
2024-02-01,52R,3309,48328
2025-05-01,52R,2893,36877
2022-06-01,52R,3172,40832
2022-08-01,52R,3164,39964
2023-10-01,52R,3211,47074
2026-02-01,52R,3081,40386
2025-10-01,52R,3409,44262
2023-07-01,52R,3165,40351
2025-01-01,52R,3444,49217
2026-03-01,52R,3179,42468
2021-10-01,52R,3466,46688
2023-05-01,52R,3153,42690
2023-04-01,52R,3047,40586
2024-04-01,52R,3100,45148
2024-05-01,52R,3171,43224
2024-07-01,52R,3078,41654
2023-01-01,52R,3777,58752
2025-09-01,52R,3229,37493
2021-08-01,52R,3154,37294
2022-04-01,52R,3054,39495
2026-05-01,52R,2892,35785
2021-06-01,52R,3175,38457
2023-09-01,52R,3269,40285
2022-10-01,52R,3422,46152
2023-12-01,52R,3224,52283
2022-01-01,52R,3293,42088
2022-09-01,52R,3284,40163
2024-06-01,52R,2913,38979
2025-02-01,52R,2858,41173
2025-11-01,52R,3078,40667
2023-06-01,52R,3241,42556
2024-09-01,52R,2903,37265
2025-04-01,52R,2820,38926
2021-07-01,52R,3274,38910
2022-03-01,52R,3456,45724
2023-04-01,02T,553,9023
2024-10-01,02T,543,9563
2025-10-01,02T,583,9244
2023-05-01,02T,587,9785
2022-12-01,02T,741,16762
2025-08-01,02T,486,7616
2023-02-01,02T,590,10671
2026-03-01,02T,521,8688
2024-01-01,02T,551,11670
2025-01-01,02T,584,9642
2025-03-01,02T,509,8190
2022-10-01,02T,574,11339
2023-10-01,02T,592,10489
2024-06-01,02T,512,9104
2023-08-01,02T,624,9854
2025-04-01,02T,491,7910
2025-06-01,02T,478,8376
2026-02-01,02T,464,7804
2022-06-01,02T,536,9276
2022-09-01,02T,615,9791
2024-09-01,02T,484,8954
2021-10-01,02T,599,11086
2023-01-01,02T,664,13153
2023-07-01,02T,617,9266
2026-06-01,02T,550,8788
2024-08-01,02T,501,8446
2021-06-01,02T,543,8837
2023-06-01,02T,641,9886
2024-12-01,02T,559,10813
2025-12-01,02T,576,9717
2024-02-01,02T,577,10187
2025-02-01,02T,496,7819
2022-02-01,02T,514,8786
2022-03-01,02T,580,10230
2023-09-01,02T,602,8817
2026-05-01,02T,524,8218
2022-01-01,02T,538,9877
2026-04-01,02T,508,7864
2021-11-01,02T,588,11191
2024-05-01,02T,524,10100
2023-12-01,02T,541,11036
2024-11-01,02T,529,9506
2023-11-01,02T,618,10817
2024-04-01,02T,545,9973
2022-07-01,02T,575,10404
2025-07-01,02T,535,8700
2022-05-01,02T,580,9940
2025-05-01,02T,509,8474
2024-03-01,02T,510,9632
2024-07-01,02T,543,9920
2025-09-01,02T,563,8923
2021-09-01,02T,617,10188
2022-08-01,02T,584,9092
2022-11-01,02T,665,11936
2021-07-01,02T,558,9040
2021-12-01,02T,617,11149
2022-04-01,02T,565,9766
2023-03-01,02T,634,11353
2021-08-01,02T,580,9048
2026-01-01,02T,539,8925
2025-11-01,02T,537,8850
2025-03-01,03R,1057,16064
2025-11-01,03R,1074,16700
2026-03-01,03R,1226,17190
2022-12-01,03R,1294,28382
2022-10-01,03R,1104,19137
2026-05-01,03R,1035,13943
2022-11-01,03R,1148,21257
2024-08-01,03R,1045,13957
2025-01-01,03R,1270,19026
2025-05-01,03R,1064,14825
2024-03-01,03R,1083,17919
2023-07-01,03R,1046,16305
2022-09-01,03R,1176,16459
2023-06-01,03R,1117,17186
2021-10-01,03R,1114,18647
2023-02-01,03R,1078,18240
2024-07-01,03R,1048,16854
2025-04-01,03R,1080,14838
2025-12-01,03R,1270,19700
2023-01-01,03R,1305,22809
2024-10-01,03R,1166,17990
2024-12-01,03R,1112,19543
2024-04-01,03R,1149,17658
2024-05-01,03R,1098,16858
2023-12-01,03R,1120,19696
2024-02-01,03R,1070,18333
2021-11-01,03R,1177,19643
2025-08-01,03R,1002,12295
2021-06-01,03R,1039,15845
2022-05-01,03R,1102,16404
2021-07-01,03R,1099,16496
2023-04-01,03R,929,15286
2023-05-01,03R,1072,16422
2021-12-01,03R,1200,20047
2022-02-01,03R,968,14777
2023-09-01,03R,1093,16712
2022-08-01,03R,1147,16616
2023-08-01,03R,1088,16501
2024-06-01,03R,973,15440
2024-11-01,03R,1120,17874
2025-02-01,03R,1051,15574
2025-06-01,03R,916,14222
2026-02-01,03R,1076,15758
2024-09-01,03R,1020,14378
2025-07-01,03R,1029,14427
2026-04-01,03R,1079,14872
2021-09-01,03R,1098,17153
2022-06-01,03R,1057,16460
2025-09-01,03R,1154,15509
2023-10-01,03R,1109,18836
2026-06-01,03R,1176,14862
2021-08-01,03R,1129,15538
2026-01-01,03R,1266,17840
2022-03-01,03R,1122,18259
2022-01-01,03R,1171,17337
2023-11-01,03R,1079,19403
2025-10-01,03R,1255,17378
2022-07-01,03R,1076,16639
2023-03-01,03R,1236,19857
2022-04-01,03R,1022,16344
2024-01-01,03R,1217,21479
2022-06-01,15F,2225,33319
2021-12-01,15F,2455,39028
2024-02-01,15F,2150,36914
2025-10-01,15F,2318,33026
2021-07-01,15F,2259,32862
2024-06-01,15F,1853,29467
2023-06-01,15F,2146,32283
2025-11-01,15F,1975,31222
2025-02-01,15F,1848,30213
2021-11-01,15F,2438,39979
2022-05-01,15F,2269,34633
2022-11-01,15F,2581,43674
2025-09-01,15F,2152,27760
2022-09-01,15F,2269,32911
2024-09-01,15F,1971,28851
2023-07-01,15F,2202,31446
2025-12-01,15F,2152,36213
2025-01-01,15F,2251,35368
2022-03-01,15F,2370,37543
2021-06-01,15F,2057,30703
2022-12-01,15F,2659,55759
2023-08-01,15F,2109,31362
2026-02-01,15F,2014,29706
2023-02-01,15F,2259,37522
2023-05-01,15F,2278,33878
2023-10-01,15F,2129,35745
2021-10-01,15F,2259,37552
2025-06-01,15F,1888,26662
2024-12-01,15F,2055,37142
2023-04-01,15F,2158,32209
2022-08-01,15F,2325,32900
2025-04-01,15F,1857,27607
2026-01-01,15F,2240,34263
2024-05-01,15F,2137,33025
2024-10-01,15F,2109,34280
2026-04-01,15F,1990,28426
2023-12-01,15F,2175,39116
2024-08-01,15F,1939,27421
2024-11-01,15F,2133,33761
2024-03-01,15F,2065,34940
2025-03-01,15F,1988,30480
2023-03-01,15F,2673,41646
2024-04-01,15F,2061,33759
2025-07-01,15F,2041,27629
2023-09-01,15F,2045,30831
2025-05-01,15F,1899,27445
2025-08-01,15F,1888,24691
2021-08-01,15F,2099,30213
2021-09-01,15F,2265,34485
2026-06-01,15F,2035,27409
2022-04-01,15F,2210,33381
2024-07-01,15F,2214,32202
2022-02-01,15F,2117,30757
2024-01-01,15F,2308,41022
2026-05-01,15F,1847,25710
2022-01-01,15F,2281,33668
2022-07-01,15F,2203,33911
2023-01-01,15F,2616,45706
2026-03-01,15F,2042,31565
2023-11-01,15F,2161,37199
2022-10-01,15F,2361,38124
2022-09-01,36J,1465,25962
2022-10-01,36J,1555,29480
2025-05-01,36J,1267,23012
2026-06-01,36J,1391,24032
2024-06-01,36J,1301,24745
2023-09-01,36J,1496,26034
2022-08-01,36J,1476,25405
2021-08-01,36J,1413,23210
2023-05-01,36J,1477,26889
2024-08-01,36J,1448,23621
2025-12-01,36J,1465,29659
2021-07-01,36J,1391,25431
2022-12-01,36J,1674,44644
2023-03-01,36J,1571,32115
2024-11-01,36J,1419,28984
2025-08-01,36J,1378,20579
2022-04-01,36J,1355,25742
2025-11-01,36J,1341,26480
2022-03-01,36J,1550,29636
2022-05-01,36J,1475,26845
2023-11-01,36J,1526,31608
2022-07-01,36J,1549,27180
2023-07-01,36J,1536,26345
2021-10-01,36J,1420,28817
2024-04-01,36J,1381,28648
2026-04-01,36J,1391,23765
2022-11-01,36J,1600,33991
2026-02-01,36J,1340,24545
2023-01-01,36J,1723,34440
2025-02-01,36J,1222,25253
2022-02-01,36J,1309,23915
2022-06-01,36J,1468,25425
2023-06-01,36J,1617,26741
2024-02-01,36J,1512,30125
2023-02-01,36J,1494,28993
2024-05-01,36J,1417,28099
2026-05-01,36J,1274,22239
2022-01-01,36J,1429,26214
2023-08-01,36J,1514,26021
2024-10-01,36J,1534,28784
2026-01-01,36J,1435,27157
2024-03-01,36J,1378,29797
2025-07-01,36J,1446,23240
2025-06-01,36J,1311,22845
2021-12-01,36J,1535,30335
2024-12-01,36J,1451,31291
2025-04-01,36J,1268,23442
2025-09-01,36J,1419,24142
2026-03-01,36J,1482,25670
2023-10-01,36J,1575,30305
2021-06-01,36J,1383,23343
2024-01-01,36J,1569,34287
2024-09-01,36J,1358,24700
2025-01-01,36J,1502,28246
2023-04-01,36J,1357,25021
2023-12-01,36J,1462,31616
2021-09-01,36J,1425,25967
2025-10-01,36J,1528,27710
2024-07-01,36J,1492,27474
2021-11-01,36J,1473,30057
2025-03-01,36J,1326,25786
2023-08-01,X2C4Y,1136,18846
2023-03-01,X2C4Y,1298,24336
2025-10-01,X2C4Y,1145,20446
2026-02-01,X2C4Y,1038,17833
2023-07-01,X2C4Y,1112,19523
2023-01-01,X2C4Y,1325,26903
2024-02-01,X2C4Y,1097,22342
2021-08-01,X2C4Y,1205,17719
2023-09-01,X2C4Y,1074,19364
2025-08-01,X2C4Y,997,15056
2022-08-01,X2C4Y,1052,17981
2022-12-01,X2C4Y,1402,34578
2023-11-01,X2C4Y,1106,23964
2024-08-01,X2C4Y,1069,17046
2023-06-01,X2C4Y,1141,19773
2026-04-01,X2C4Y,1021,17366
2023-10-01,X2C4Y,1163,23160
2022-02-01,X2C4Y,1111,18733
2024-01-01,X2C4Y,1235,26355
2021-10-01,X2C4Y,1225,22150
2025-04-01,X2C4Y,1025,18200
2026-01-01,X2C4Y,1072,20236
2022-05-01,X2C4Y,1196,20180
2025-06-01,X2C4Y,1038,17400
2025-11-01,X2C4Y,1063,19374
2022-03-01,X2C4Y,1272,22508
2024-03-01,X2C4Y,1059,21187
2024-07-01,X2C4Y,1110,20293
2023-04-01,X2C4Y,1068,18688
2023-02-01,X2C4Y,1116,22280
2026-03-01,X2C4Y,1075,18688
2021-07-01,X2C4Y,1140,18286
2022-01-01,X2C4Y,1150,19986
2024-06-01,X2C4Y,1010,18794
2024-10-01,X2C4Y,1145,21538
2025-07-01,X2C4Y,1006,17066
2022-06-01,X2C4Y,1107,20160
2022-11-01,X2C4Y,1150,25698
2024-11-01,X2C4Y,1094,21158
2025-02-01,X2C4Y,981,19105
2021-06-01,X2C4Y,1143,18402
2022-07-01,X2C4Y,1083,19120
2026-05-01,X2C4Y,1006,16568
2022-09-01,X2C4Y,1138,18672
2025-12-01,X2C4Y,1150,22029
2023-05-01,X2C4Y,1156,20507
2025-05-01,X2C4Y,956,17119
2021-09-01,X2C4Y,1281,20289
2021-12-01,X2C4Y,1313,23364
2024-05-01,X2C4Y,1080,20938
2025-03-01,X2C4Y,1089,20514
2021-11-01,X2C4Y,1234,23451
2025-09-01,X2C4Y,982,17969
2024-04-01,X2C4Y,1041,21791
2022-10-01,X2C4Y,1116,21923
2022-04-01,X2C4Y,1055,19889
2023-12-01,X2C4Y,1173,24943
2024-12-01,X2C4Y,1097,23751
2026-06-01,X2C4Y,1058,17145
2025-01-01,X2C4Y,1040,21224
2024-09-01,X2C4Y,1087,18340
2023-02-01,01F,338,6242
2023-06-01,01F,347,5279
2025-08-01,01F,289,4241
2021-08-01,01F,353,5020
2024-01-01,01F,354,6867
2021-09-01,01F,359,5854
2023-10-01,01F,292,5614
2021-10-01,01F,377,6239
2023-03-01,01F,405,6638
2023-04-01,01F,333,5271
2024-07-01,01F,325,5462
2026-03-01,01F,338,5096
2022-10-01,01F,377,5977
2023-08-01,01F,383,5280
2022-09-01,01F,338,5347
2024-02-01,01F,316,6434
2024-09-01,01F,302,5105
2025-11-01,01F,317,5288
2026-05-01,01F,295,4311
2023-09-01,01F,373,5108
2024-12-01,01F,348,6086
2025-07-01,01F,306,4793
2026-02-01,01F,286,4838
2025-06-01,01F,307,4727
2021-06-01,01F,359,5127
2022-06-01,01F,363,5394
2022-08-01,01F,385,5271
2024-03-01,01F,313,6109
2024-04-01,01F,337,5900
2025-03-01,01F,303,5374
2023-11-01,01F,376,6405
2022-04-01,01F,369,5679
2024-11-01,01F,313,5487
2024-05-01,01F,299,5503
2025-09-01,01F,332,4910
2022-01-01,01F,401,6062
2023-05-01,01F,314,5382
2025-05-01,01F,273,4725
2021-07-01,01F,379,5271
2021-12-01,01F,408,6745
2022-11-01,01F,379,6681
2024-08-01,01F,313,4736
2025-02-01,01F,309,5115
2022-07-01,01F,365,5564
2026-06-01,01F,322,4707
2024-10-01,01F,342,5823
2025-12-01,01F,318,5914
2023-07-01,01F,340,5216
2024-06-01,01F,301,4876
2025-01-01,01F,344,6251
2022-02-01,01F,332,5251
2025-10-01,01F,350,5516
2023-01-01,01F,404,7488
2021-11-01,01F,446,6909
2022-12-01,01F,429,9793
2026-04-01,01F,322,4625
2022-03-01,01F,393,6341
2023-12-01,01F,353,6336
2022-05-01,01F,370,5778
2025-04-01,01F,316,4989
2026-01-01,01F,366,5775
2024-10-01,01J,500,7643
2024-11-01,01J,454,7790
2021-07-01,01J,561,6852
2025-04-01,01J,427,6696
2025-03-01,01J,485,7259
2024-07-01,01J,512,6943
2021-08-01,01J,573,6059
2024-08-01,01J,478,6009
2023-11-01,01J,511,8491
2026-05-01,01J,411,6083
2024-01-01,01J,574,9596
2025-07-01,01J,528,6544
2022-03-01,01J,574,7954
2025-09-01,01J,481,6462
2026-01-01,01J,534,7706
2022-05-01,01J,529,6915
2024-09-01,01J,441,6193
2022-12-01,01J,569,11109
2025-08-01,01J,409,5620
2022-07-01,01J,524,6451
2023-02-01,01J,575,8000
2025-05-01,01J,484,6450
2025-06-01,01J,481,6160
2026-04-01,01J,453,6413
2025-11-01,01J,439,6836
2024-02-01,01J,515,8433
2023-06-01,01J,519,6709
2022-01-01,01J,554,7234
2021-12-01,01J,600,8251
2023-10-01,01J,523,7937
2026-03-01,01J,470,6997
2021-10-01,01J,572,7982
2022-08-01,01J,532,6056
2022-06-01,01J,507,6669
2024-03-01,01J,487,7873
2026-06-01,01J,442,6305
2022-04-01,01J,469,6674
2025-02-01,01J,452,6975
2023-07-01,01J,550,6612
2024-06-01,01J,427,6525
2025-01-01,01J,508,8238
2024-12-01,01J,480,8210
2026-02-01,01J,442,6826
2024-04-01,01J,519,7644
2023-01-01,01J,595,9354
2022-10-01,01J,531,7292
2021-06-01,01J,491,6235
2023-09-01,01J,505,6584
2023-12-01,01J,525,8973
2024-05-01,01J,480,7039
2021-09-01,01J,598,7488
2022-11-01,01J,592,8189
2023-03-01,01J,617,8448
2023-08-01,01J,523,6723
2022-09-01,01J,538,6452
2025-10-01,01J,495,7523
2023-04-01,01J,502,6335
2023-05-01,01J,527,7109
2025-12-01,01J,492,8305
2022-02-01,01J,498,6369
2021-11-01,01J,601,8232
2024-02-01,01T,649,8063
2025-12-01,01T,595,7629
2026-01-01,01T,557,6896
2023-09-01,01T,712,6842
2024-04-01,01T,631,7719
2023-03-01,01T,739,9197
2025-05-01,01T,540,5653
2025-07-01,01T,575,5657
2023-12-01,01T,683,9142
2026-03-01,01T,528,6046
2025-06-01,01T,571,5542
2026-06-01,01T,563,5422
2023-02-01,01T,651,8493
2025-08-01,01T,537,4965
2025-10-01,01T,605,6545
2025-03-01,01T,565,6730
2021-07-01,01T,732,7460
2022-06-01,01T,712,7769
2022-07-01,01T,704,7625
2022-09-01,01T,693,7525
2024-12-01,01T,601,8004
2025-11-01,01T,557,6180
2024-03-01,01T,571,7950
2026-02-01,01T,500,5783
2026-05-01,01T,469,5219
2022-04-01,01T,680,7878
2023-04-01,01T,668,7603
2025-09-01,01T,621,5967
2021-06-01,01T,719,7346
2021-08-01,01T,728,6882
2025-02-01,01T,537,6517
2022-01-01,01T,796,8112
2023-06-01,01T,730,7105
2024-07-01,01T,609,6411
2024-09-01,01T,587,5931
2021-12-01,01T,883,9794
2023-08-01,01T,699,6788
2025-04-01,01T,528,6134
2022-08-01,01T,730,7141
2024-08-01,01T,593,5767
2023-05-01,01T,730,7515
2022-12-01,01T,830,13505
2021-11-01,01T,810,9475
2022-11-01,01T,750,9635
2024-05-01,01T,576,6856
2024-10-01,01T,597,7173
2021-09-01,01T,848,8497
2024-01-01,01T,697,9504
2024-06-01,01T,561,6171
2023-10-01,01T,723,7928
2025-01-01,01T,589,7453
2021-10-01,01T,724,8750
2022-05-01,01T,689,8202
2023-07-01,01T,685,6980
2026-04-01,01T,508,5522
2022-02-01,01T,657,7077
2022-10-01,01T,698,8714
2023-01-01,01T,777,10525
2023-11-01,01T,674,8177
2022-03-01,01T,773,8980
2024-11-01,01T,573,7123
2021-06-01,01V,567,5408
2023-07-01,01V,480,5691
2025-04-01,01V,419,5575
2026-05-01,01V,410,5126
2025-02-01,01V,449,6016
2026-02-01,01V,457,5881
2023-02-01,01V,564,6611
2022-08-01,01V,516,5368
2023-11-01,01V,533,7063
2024-01-01,01V,564,8121
2024-03-01,01V,509,6656
2023-05-01,01V,493,5728
2025-05-01,01V,411,5357
2021-08-01,01V,537,5119
2023-12-01,01V,552,7769
2023-01-01,01V,587,8270
2024-04-01,01V,495,6372
2025-01-01,01V,470,6689
2023-08-01,01V,481,5870
2025-12-01,01V,463,7152
2023-10-01,01V,527,6858
2025-10-01,01V,466,6400
2021-07-01,01V,586,5527
2024-05-01,01V,487,6172
2026-03-01,01V,413,5854
2021-10-01,01V,634,6945
2024-09-01,01V,462,5420
2024-11-01,01V,471,6039
2022-01-01,01V,610,5937
2024-07-01,01V,469,5760
2025-03-01,01V,404,6090
2023-03-01,01V,556,6662
2025-06-01,01V,437,5124
2024-02-01,01V,504,6832
2021-11-01,01V,606,6765
2022-12-01,01V,612,10248
2022-06-01,01V,518,5427
2024-06-01,01V,469,5628
2024-12-01,01V,497,6643
2025-09-01,01V,474,5757
2021-09-01,01V,619,6075
2021-12-01,01V,608,6864
2022-02-01,01V,478,5202
2025-11-01,01V,448,5880
2022-05-01,01V,578,5716
2022-09-01,01V,494,5620
2026-06-01,01V,449,5204
2025-08-01,01V,452,4738
2026-01-01,01V,475,6737
2022-07-01,01V,503,5494
2022-10-01,01V,558,6413
2022-11-01,01V,512,7070
2023-09-01,01V,480,5701
2024-10-01,01V,501,6649
2022-04-01,01V,496,5424
2023-04-01,01V,433,5433
2026-04-01,01V,480,5773
2022-03-01,01V,579,6445
2023-06-01,01V,527,5699
2024-08-01,01V,449,5184
2025-07-01,01V,477,5344
2025-12-01,01X,492,9854
2023-12-01,01X,521,10815
2021-11-01,01X,571,10230
2022-04-01,01X,525,8602
2023-05-01,01X,512,8683
2023-09-01,01X,531,8333
2026-06-01,01X,461,7205
2022-08-01,01X,482,8220
2023-06-01,01X,538,8406
2022-05-01,01X,540,8769
2022-10-01,01X,525,9438
2021-06-01,01X,511,7515
2024-02-01,01X,448,9617
2021-09-01,01X,558,8866
2024-12-01,01X,542,10021
2025-04-01,01X,482,7556
2023-04-01,01X,449,8135
2024-09-01,01X,510,7814
2026-01-01,01X,522,8860
2024-07-01,01X,504,8440
2022-03-01,01X,611,10014
2023-02-01,01X,541,9600
2024-05-01,01X,514,8728
2025-10-01,01X,499,8568
2023-01-01,01X,616,11714
2023-08-01,01X,537,8440
2024-08-01,01X,516,7423
2021-07-01,01X,554,8042
2021-12-01,01X,554,9918
2023-03-01,01X,594,10616
2025-11-01,01X,444,8037
2025-05-01,01X,496,7289
2026-03-01,01X,457,8013
2022-09-01,01X,529,8408
2024-10-01,01X,563,9292
2025-03-01,01X,520,8114
2023-10-01,01X,580,10080
2024-11-01,01X,470,8760
2025-01-01,01X,533,9637
2024-06-01,01X,481,7984
2023-11-01,01X,552,10366
2023-07-01,01X,514,8075
2024-01-01,01X,540,11002
2025-09-01,01X,482,7312
2021-08-01,01X,504,7316
2022-11-01,01X,494,9944
2022-02-01,01X,523,8102
2022-07-01,01X,523,8855
2026-05-01,01X,405,6738
2021-10-01,01X,520,9441
2025-02-01,01X,500,8034
2022-06-01,01X,501,8342
2025-07-01,01X,521,7550
2025-08-01,01X,460,6521
2022-01-01,01X,486,8646
2024-03-01,01X,444,9265
2022-12-01,01X,725,14487
2024-04-01,01X,477,9320
2025-06-01,01X,483,7255
2026-04-01,01X,425,7106
2026-02-01,01X,430,7559
2023-06-01,02E,563,8485
2025-04-01,02E,487,7211
2024-07-01,02E,597,8586
2024-10-01,02E,613,8998
2022-05-01,02E,561,9235
2024-12-01,02E,558,10104
2025-12-01,02E,560,9370
2023-01-01,02E,741,12800
2025-02-01,02E,512,8115
2022-02-01,02E,577,8265
2021-08-01,02E,590,8106
2022-01-01,02E,620,9148
2024-03-01,02E,560,9918
2022-07-01,02E,601,9100
2022-09-01,02E,595,8342
2021-09-01,02E,596,9404
2024-02-01,02E,610,10701
2025-01-01,02E,633,10137
2025-05-01,02E,443,7017
2023-12-01,02E,564,10467
2026-03-01,02E,558,8041
2026-06-01,02E,510,6800
2024-09-01,02E,533,7764
2021-07-01,02E,614,8273
2021-10-01,02E,672,10252
2026-01-01,02E,539,8937
2023-05-01,02E,610,8962
2023-10-01,02E,651,10200
2025-06-01,02E,469,6575
2026-04-01,02E,518,7106
2021-11-01,02E,661,10836
2022-08-01,02E,616,8422
2022-03-01,02E,659,10112
2024-08-01,02E,528,7098
2023-11-01,02E,558,9843
2023-04-01,02E,519,8781
2024-04-01,02E,568,9454
2026-02-01,02E,540,7682
2023-02-01,02E,572,10183
2026-05-01,02E,452,6664
2023-08-01,02E,593,8849
2023-03-01,02E,672,11162
2024-06-01,02E,532,7829
2022-10-01,02E,652,9651
2024-11-01,02E,553,9022
2025-03-01,02E,541,8080
2023-07-01,02E,594,8546
2025-07-01,02E,585,7222
2021-06-01,02E,571,8141
2022-06-01,02E,517,8518
2025-09-01,02E,518,7197
2023-09-01,02E,594,8661
2025-10-01,02E,525,8599
2022-04-01,02E,538,8764
2024-05-01,02E,634,9131
2022-11-01,02E,627,10833
2025-08-01,02E,503,6518
2022-12-01,02E,980,16175
2024-01-01,02E,662,11657
2025-11-01,02E,506,8161
2021-12-01,02E,635,10509
2021-10-01,12F,1957,18379
2025-04-01,12F,1416,14816
2025-05-01,12F,1464,14542
2023-10-01,12F,1584,17703
2024-06-01,12F,1493,14707
2023-02-01,12F,1562,17722
2022-05-01,12F,1762,16536
2023-04-01,12F,1404,15372
2025-12-01,12F,1551,19029
2023-01-01,12F,1729,20996
2025-03-01,12F,1452,15991
2021-12-01,12F,1927,18593
2022-11-01,12F,1827,19321
2022-06-01,12F,1701,15775
2024-10-01,12F,1521,17353
2024-07-01,12F,1504,15517
2024-11-01,12F,1526,17223
2026-06-01,12F,1479,14126
2021-08-01,12F,1859,14864
2023-07-01,12F,1454,14899
2022-03-01,12F,1945,18513
2023-05-01,12F,1503,15640
2023-09-01,12F,1444,15235
2022-02-01,12F,1708,15347
2023-06-01,12F,1519,15494
2024-03-01,12F,1373,17312
2022-07-01,12F,1670,16465
2023-08-01,12F,1550,15748
2026-02-01,12F,1375,15656
2022-08-01,12F,1590,14811
2025-10-01,12F,1597,17511
2024-08-01,12F,1426,13454
2021-11-01,12F,1922,19142
2024-05-01,12F,1472,16358
2025-01-01,12F,1467,17900
2025-09-01,12F,1577,15005
2022-09-01,12F,1709,15351
2025-06-01,12F,1335,13615
2025-11-01,12F,1393,15781
2026-04-01,12F,1302,14400
2021-09-01,12F,1944,16980
2023-12-01,12F,1588,19916
2023-11-01,12F,1575,19033
2026-05-01,12F,1350,13762
2023-03-01,12F,1687,18930
2026-03-01,12F,1573,17008
2022-01-01,12F,1805,17019
2024-12-01,12F,1539,18636
2021-07-01,12F,1835,15113
2024-01-01,12F,1549,20719
2025-02-01,12F,1388,15866
2025-07-01,12F,1553,15179
2024-04-01,12F,1487,17168
2021-06-01,12F,1812,14426
2024-02-01,12F,1475,18388
2025-08-01,12F,1392,12729
2022-10-01,12F,1729,17396
2022-04-01,12F,1731,16995
2024-09-01,12F,1492,14548
2022-12-01,12F,1764,26961
2026-01-01,12F,1464,18142
2025-07-01,27D,2213,27585
2023-10-01,27D,2444,35187
2025-04-01,27D,2021,28645
2022-04-01,27D,2263,31026
2023-09-01,27D,2400,31205
2025-03-01,27D,2032,30941
2022-08-01,27D,2421,30834
2026-06-01,27D,2039,27505
2022-09-01,27D,2446,31544
2021-07-01,27D,2454,30122
2024-04-01,27D,2198,33990
2024-08-01,27D,1980,27216
2021-08-01,27D,2400,28510
2023-12-01,27D,2432,39340
2026-02-01,27D,2023,29769
2022-12-01,27D,2959,54719
2026-05-01,27D,1960,26400
2023-04-01,27D,2274,30608
2025-06-01,27D,2058,26888
2021-11-01,27D,2738,37398
2021-12-01,27D,2753,37242
2022-11-01,27D,2593,38991
2024-07-01,27D,2156,31028
2026-01-01,27D,2254,34291
2021-06-01,27D,2480,28859
2025-01-01,27D,2219,36686
2022-05-01,27D,2418,32057
2022-02-01,27D,2253,29022
2023-03-01,27D,2604,38752
2025-09-01,27D,2087,27950
2022-10-01,27D,2446,35375
2021-09-01,27D,2498,32505
2021-10-01,27D,2656,35482
2023-05-01,27D,2289,32217
2024-09-01,27D,2116,27902
2025-02-01,27D,1932,30696
2024-02-01,27D,2245,37115
2023-08-01,27D,2476,32080
2024-11-01,27D,2107,33222
2022-03-01,27D,2566,34855
2024-06-01,27D,1989,28982
2024-10-01,27D,2208,33755
2025-08-01,27D,1989,24756
2026-03-01,27D,2163,30955
2022-01-01,27D,2450,32051
2023-06-01,27D,2381,31291
2024-12-01,27D,2220,37431
2023-01-01,27D,2722,43975
2025-05-01,27D,1961,26869
2023-07-01,27D,2496,30971
2024-01-01,27D,2601,42699
2025-10-01,27D,2200,31975
2022-06-01,27D,2284,31128
2022-07-01,27D,2337,31807
2023-02-01,27D,2431,36110
2025-12-01,27D,2287,36813
2023-11-01,27D,2458,37832
2026-04-01,27D,2007,28136
2024-03-01,27D,2154,35086
2024-05-01,27D,2184,32471
2025-11-01,27D,1992,30195
2023-12-01,99A,1622,27302
2022-03-01,99A,2052,25398
2023-04-01,99A,1558,20168
2023-06-01,99A,1706,20815
2026-01-01,99A,1536,22532
2025-10-01,99A,1637,22484
2021-08-01,99A,1760,19678
2022-07-01,99A,1745,21048
2024-06-01,99A,1467,20123
2023-01-01,99A,1941,29435
2024-01-01,99A,1815,28665
2024-02-01,99A,1798,25632
2024-07-01,99A,1630,21709
2022-12-01,99A,2007,37732
2021-09-01,99A,1903,23615
2023-05-01,99A,1680,21008
2021-12-01,99A,2087,26852
2025-08-01,99A,1291,16513
2021-11-01,99A,1923,26920
2024-10-01,99A,1608,23811
2025-07-01,99A,1518,18359
2025-06-01,99A,1368,18254
2023-02-01,99A,1717,23634
2025-02-01,99A,1389,20847
2022-04-01,99A,1768,22299
2022-11-01,99A,1868,27056
2024-09-01,99A,1530,19220
2025-09-01,99A,1562,19546
2022-02-01,99A,1757,20461
2023-03-01,99A,1947,26077
2021-06-01,99A,1729,20006
2026-04-01,99A,1388,18873
2022-08-01,99A,1866,20309
2026-03-01,99A,1491,20709
2023-08-01,99A,1722,20334
2022-06-01,99A,1736,21521
2022-10-01,99A,1839,25001
2022-09-01,99A,1754,20679
2023-11-01,99A,1628,25813
2021-07-01,99A,1866,21089
2024-03-01,99A,1494,25110
2025-12-01,99A,1597,24820
2022-05-01,99A,1832,22365
2025-03-01,99A,1376,21030
2022-01-01,99A,1965,22972
2023-07-01,99A,1681,20118
2023-09-01,99A,1656,20521
2024-11-01,99A,1546,23405
2024-08-01,99A,1516,18323
2024-04-01,99A,1504,23159
2024-05-01,99A,1578,22564
2024-12-01,99A,1573,25689
2025-05-01,99A,1366,18640
2026-05-01,99A,1282,17559
2025-01-01,99A,1564,25151
2023-10-01,99A,1750,24860
2025-04-01,99A,1349,19366
2025-11-01,99A,1479,20830
2026-06-01,99A,1414,18104
2021-10-01,99A,1919,25639
2026-02-01,99A,1340,19535
2025-10-01,10Q,2683,26462
2021-06-01,10Q,2656,22922
2024-10-01,10Q,2670,28268
2024-07-01,10Q,2472,26105
2022-11-01,10Q,2874,30937
2023-12-01,10Q,2589,31275
2025-03-01,10Q,2281,25239
2022-04-01,10Q,2415,24476
2024-01-01,10Q,2699,32302
2024-05-01,10Q,2530,27663
2026-03-01,10Q,2498,26043
2024-08-01,10Q,2348,22430
2022-01-01,10Q,2628,25086
2021-11-01,10Q,2872,28447
2023-07-01,10Q,2626,25791
2026-05-01,10Q,2324,21861
2025-06-01,10Q,2354,21760
2021-07-01,10Q,2826,25061
2021-08-01,10Q,2604,22621
2023-02-01,10Q,2644,28932
2024-03-01,10Q,2510,29163
2022-08-01,10Q,2708,24559
2021-12-01,10Q,2894,29190
2023-06-01,10Q,2563,26589
2026-04-01,10Q,2405,24104
2025-01-01,10Q,2620,29295
2025-07-01,10Q,2509,23271
2025-05-01,10Q,2490,23061
2024-02-01,10Q,2592,29022
2022-03-01,10Q,2768,27476
2023-03-01,10Q,2831,30374
2024-12-01,10Q,2613,29944
2022-09-01,10Q,2655,25011
2022-02-01,10Q,2510,24006
2023-01-01,10Q,2966,34038
2025-02-01,10Q,2301,25013
2022-06-01,10Q,2529,24696
2022-10-01,10Q,2813,28307
2023-04-01,10Q,2476,25646
2024-11-01,10Q,2567,27490
2022-12-01,10Q,3103,41058
2026-06-01,10Q,2457,23519
2021-09-01,10Q,2772,26244
2021-10-01,10Q,2746,27459
2024-04-01,10Q,2523,28242
2025-08-01,10Q,2257,20609
2025-09-01,10Q,2512,22953
2025-12-01,10Q,2772,29346
2023-09-01,10Q,2524,24964
2024-09-01,10Q,2295,23110
2026-01-01,10Q,2754,28381
2022-05-01,10Q,2481,24519
2022-07-01,10Q,2606,25686
2025-04-01,10Q,2423,23234
2025-11-01,10Q,2530,25124
2026-02-01,10Q,2365,24457
2023-05-01,10Q,2619,26769
2023-11-01,10Q,2631,29799
2024-06-01,10Q,2266,24317
2023-08-01,10Q,2585,25186
2023-10-01,10Q,2668,28151
2022-12-01,14Y,2281,37514
2025-02-01,14Y,1595,21823
2026-03-01,14Y,1879,22627
2023-01-01,14Y,2238,29718
2022-05-01,14Y,1706,21689
2025-06-01,14Y,1619,18667
2022-11-01,14Y,1938,26510
2024-04-01,14Y,1592,23176
2025-10-01,14Y,1883,22432
2023-07-01,14Y,1742,21635
2025-05-01,14Y,1592,19695
2022-01-01,14Y,1703,20830
2024-08-01,14Y,1660,19025
2024-09-01,14Y,1582,19430
2024-10-01,14Y,1694,22893
2023-06-01,14Y,1660,22068
2022-09-01,14Y,1893,21166
2024-06-01,14Y,1648,20454
2021-09-01,14Y,1897,22455
2021-11-01,14Y,2011,24153
2026-05-01,14Y,1691,18689
2023-09-01,14Y,1720,20805
2021-12-01,14Y,2089,24380
2023-05-01,14Y,1709,22686
2025-11-01,14Y,1692,21284
2021-10-01,14Y,1825,22701
2023-03-01,14Y,2106,27798
2025-12-01,14Y,1974,25412
2023-02-01,14Y,1834,26058
2026-01-01,14Y,1884,23451
2024-11-01,14Y,1655,22946
2026-04-01,14Y,1676,19589
2022-04-01,14Y,1625,20103
2024-02-01,14Y,1607,24708
2026-02-01,14Y,1685,21184
2022-06-01,14Y,1732,21078
2022-10-01,14Y,1951,24741
2024-01-01,14Y,1768,27723
2024-05-01,14Y,1595,22975
2025-04-01,14Y,1506,19563
2022-07-01,14Y,1868,22777
2021-08-01,14Y,1737,18807
2026-06-01,14Y,1764,19081
2025-08-01,14Y,1658,16657
2022-08-01,14Y,1923,21096
2023-04-01,14Y,1637,20926
2025-03-01,14Y,1664,21280
2022-02-01,14Y,1690,19957
2022-03-01,14Y,1824,22530
2025-09-01,14Y,1738,19643
2024-07-01,14Y,1788,21733
2025-01-01,14Y,1810,25333
2021-06-01,14Y,1852,19984
2024-12-01,14Y,1835,25817
2024-03-01,14Y,1637,24792
2025-07-01,14Y,1823,19249
2023-10-01,14Y,1824,24012
2021-07-01,14Y,1918,20315
2023-12-01,14Y,1816,27148
2023-08-01,14Y,1797,21269
2023-11-01,14Y,1751,25443
2025-02-01,15A,1453,18441
2023-03-01,15A,1863,22773
2023-09-01,15A,1650,17977
2026-02-01,15A,1433,17228
2023-10-01,15A,1671,20329
2025-06-01,15A,1465,16429
2021-08-01,15A,1718,16193
2021-10-01,15A,1754,20469
2022-05-01,15A,1625,18422
2022-07-01,15A,1486,18773
2022-12-01,15A,2022,31972
2023-01-01,15A,2002,25408
2023-05-01,15A,1577,18910
2025-09-01,15A,1638,16632
2021-06-01,15A,1696,16939
2024-09-01,15A,1380,16374
2024-10-01,15A,1626,20315
2026-03-01,15A,1548,18722
2022-02-01,15A,1547,17087
2025-07-01,15A,1547,16744
2023-02-01,15A,1671,21365
2024-05-01,15A,1572,19858
2025-10-01,15A,1575,18910
2023-04-01,15A,1606,18589
2024-02-01,15A,1681,21090
2024-11-01,15A,1486,20083
2023-11-01,15A,1757,21701
2024-07-01,15A,1640,18031
2021-07-01,15A,1698,17799
2025-05-01,15A,1426,16322
2026-05-01,15A,1480,15644
2021-12-01,15A,1810,21349
2022-01-01,15A,1678,18119
2023-07-01,15A,1650,18207
2024-01-01,15A,1766,23335
2023-08-01,15A,1712,17858
2026-04-01,15A,1420,16245
2025-11-01,15A,1458,17589
2026-06-01,15A,1463,16118
2024-08-01,15A,1441,15879
2025-08-01,15A,1369,14604
2025-04-01,15A,1350,16664
2026-01-01,15A,1630,20265
2024-04-01,15A,1607,20708
2023-12-01,15A,1755,23112
2025-03-01,15A,1522,18707
2022-09-01,15A,1658,18872
2022-10-01,15A,1647,21257
2024-03-01,15A,1601,20731
2025-12-01,15A,1645,20505
2022-03-01,15A,1723,19569
2024-12-01,15A,1597,22234
2022-04-01,15A,1554,18222
2021-09-01,15A,1741,18777
2023-06-01,15A,1645,18666
2022-08-01,15A,1717,17932
2022-11-01,15A,1785,22717
2025-01-01,15A,1650,21900
2024-06-01,15A,1410,17403
2021-11-01,15A,1669,20053
2022-06-01,15A,1503,18076
2024-03-01,U2G6B,1163,17461
2024-10-01,U2G6B,1232,16668
2023-03-01,U2G6B,1353,18524
2025-10-01,U2G6B,1190,15425
2024-11-01,U2G6B,1160,17086
2024-12-01,U2G6B,1157,18489
2024-04-01,U2G6B,1162,16929
2021-10-01,U2G6B,1327,16600
2023-11-01,U2G6B,1164,18089
2024-08-01,U2G6B,1110,12245
2025-02-01,U2G6B,1127,15928
2026-04-01,U2G6B,1153,13577
2021-12-01,U2G6B,1408,18042
2025-08-01,U2G6B,966,11392
2026-02-01,U2G6B,1191,14941
2023-07-01,U2G6B,1304,14639
2025-07-01,U2G6B,1143,12847
2021-07-01,U2G6B,1293,13816
2023-05-01,U2G6B,1169,14994
2026-05-01,U2G6B,1153,12823
2022-06-01,U2G6B,1123,14243
2023-04-01,U2G6B,1162,13983
2022-03-01,U2G6B,1362,16156
2021-06-01,U2G6B,1227,13620
2024-07-01,U2G6B,1155,14890
2022-09-01,U2G6B,1189,13884
2024-01-01,U2G6B,1275,19240
2025-09-01,U2G6B,1157,13637
2022-04-01,U2G6B,1140,14464
2023-08-01,U2G6B,1310,14179
2021-08-01,U2G6B,1244,12415
2022-02-01,U2G6B,1203,13941
2023-02-01,U2G6B,1298,16860
2026-01-01,U2G6B,1249,16510
2022-11-01,U2G6B,1353,18438
2023-10-01,U2G6B,1228,15899
2022-01-01,U2G6B,1237,14108
2025-01-01,U2G6B,1238,18180
2025-06-01,U2G6B,1122,12854
2025-12-01,U2G6B,1294,17965
2023-12-01,U2G6B,1266,18860
2026-03-01,U2G6B,1265,16006
2022-12-01,U2G6B,1737,27549
2024-09-01,U2G6B,1127,13465
2022-10-01,U2G6B,1194,16635
2023-09-01,U2G6B,1289,14204
2025-03-01,U2G6B,1174,15419
2025-11-01,U2G6B,1052,14601
2022-08-01,U2G6B,1228,13527
2022-07-01,U2G6B,1154,14475
2022-05-01,U2G6B,1164,14250
2023-01-01,U2G6B,1415,18794
2024-06-01,U2G6B,1049,14093
2025-04-01,U2G6B,1069,13880
2024-02-01,U2G6B,1232,17426
2024-05-01,U2G6B,1127,15565
2021-11-01,U2G6B,1386,17326
2023-06-01,U2G6B,1157,14385
2026-06-01,U2G6B,1193,13307
2021-09-01,U2G6B,1225,14383
2025-05-01,U2G6B,1071,12923
2025-10-01,06H,4076,40998
2025-01-01,06H,4172,47332
2023-06-01,06H,4194,39521
2024-11-01,06H,3973,43391
2023-01-01,06H,4724,52698
2024-05-01,06H,3984,42703
2022-05-01,06H,4158,38801
2022-06-01,06H,3969,37202
2026-04-01,06H,3632,36399
2023-04-01,06H,3883,37360
2025-11-01,06H,3593,37750
2022-04-01,06H,3882,36668
2023-09-01,06H,4130,37447
2024-06-01,06H,3766,38710
2024-04-01,06H,4080,44089
2022-10-01,06H,4440,44040
2024-08-01,06H,3768,34920
2026-05-01,06H,3535,34213
2024-10-01,06H,4086,42784
2024-02-01,06H,4088,46637
2025-08-01,06H,3624,32269
2021-06-01,06H,3921,35692
2022-07-01,06H,4084,39083
2024-03-01,06H,4076,45968
2021-10-01,06H,4191,42716
2022-08-01,06H,4017,36572
2022-09-01,06H,4174,38306
2023-03-01,06H,4713,48232
2024-01-01,06H,4550,50725
2024-07-01,06H,4068,40920
2025-06-01,06H,3575,34233
2026-03-01,06H,3895,41048
2024-12-01,06H,4160,48812
2025-07-01,06H,3956,35957
2025-12-01,06H,4087,45546
2021-11-01,06H,4403,44198
2025-09-01,06H,3894,36272
2022-02-01,06H,3864,36053
2023-10-01,06H,4263,41916
2022-03-01,06H,4388,42486
2025-02-01,06H,3669,39897
2022-01-01,06H,4198,39320
2023-05-01,06H,4087,38984
2023-08-01,06H,4176,37389
2023-11-01,06H,4288,45796
2025-03-01,06H,3643,40213
2026-01-01,06H,4040,43509
2023-07-01,06H,4098,37481
2023-12-01,06H,4371,48056
2025-05-01,06H,3705,36010
2026-06-01,06H,3739,35892
2021-12-01,06H,4408,44368
2023-02-01,06H,4326,44590
2021-07-01,06H,4063,37046
2022-12-01,06H,5087,64206
2021-08-01,06H,3955,34340
2021-09-01,06H,3993,38826
2022-11-01,06H,4412,47610
2026-02-01,06H,3691,39040
2024-09-01,06H,3729,36007
2025-04-01,06H,3657,36513
2023-10-01,06K,2424,26631
2025-04-01,06K,2035,21635
2023-05-01,06K,2271,24880
2023-08-01,06K,2311,23430
2026-06-01,06K,2024,20598
2026-02-01,06K,1936,23079
2021-06-01,06K,2057,21940
2022-02-01,06K,2053,22941
2021-10-01,06K,2154,26783
2024-09-01,06K,2174,21282
2025-05-01,06K,2080,20569
2021-11-01,06K,2139,27271
2026-03-01,06K,2133,24063
2024-02-01,06K,2199,27913
2024-11-01,06K,2224,25845
2025-10-01,06K,2221,23584
2023-04-01,06K,2079,23608
2024-12-01,06K,2319,29051
2022-10-01,06K,2354,28352
2024-01-01,06K,2433,31151
2023-01-01,06K,2472,32467
2025-07-01,06K,2172,20485
2024-10-01,06K,2279,25192
2025-09-01,06K,2112,21103
2023-03-01,06K,2541,30778
2022-11-01,06K,2287,30741
2024-04-01,06K,2313,26115
2025-02-01,06K,2070,23687
2021-09-01,06K,2112,24788
2026-01-01,06K,2193,25620
2024-05-01,06K,2225,25226
2024-07-01,06K,2244,24149
2024-03-01,06K,2237,28042
2022-01-01,06K,2127,24205
2022-05-01,06K,2188,24676
2025-12-01,06K,2308,27158
2022-06-01,06K,2163,24759
2022-03-01,06K,2280,27068
2022-12-01,06K,2622,41601
2023-02-01,06K,2323,29067
2023-07-01,06K,2193,22931
2023-11-01,06K,2439,28999
2025-11-01,06K,2009,22058
2021-08-01,06K,1979,21402
2022-04-01,06K,2102,23322
2025-01-01,06K,2263,28190
2021-12-01,06K,2337,28714
2024-06-01,06K,2049,22490
2024-08-01,06K,2106,20267
2022-09-01,06K,2289,24239
2023-06-01,06K,2221,24147
2026-04-01,06K,1980,21139
2022-07-01,06K,2146,24888
2025-03-01,06K,2190,24259
2026-05-01,06K,1869,19987
2023-12-01,06K,2526,31074
2025-08-01,06K,1919,18264
2021-07-01,06K,2115,22928
2022-08-01,06K,2109,23065
2023-09-01,06K,2170,22413
2025-06-01,06K,2033,20142
2024-06-01,06N,2184,23364
2021-08-01,06N,2093,21377
2025-06-01,06N,2141,20739
2026-04-01,06N,2226,21987
2023-06-01,06N,2198,24217
2025-10-01,06N,2448,24840
2025-02-01,06N,2126,24723
2023-07-01,06N,2312,23359
2025-01-01,06N,2473,29104
2021-06-01,06N,2237,22220
2023-04-01,06N,2148,23659
2024-09-01,06N,2178,22002
2022-01-01,06N,2233,23590
2023-08-01,06N,2409,23650
2024-10-01,06N,2401,26506
2022-03-01,06N,2580,27143
2022-11-01,06N,2570,30322
2023-10-01,06N,2350,25901
2023-11-01,06N,2296,28669
2024-07-01,06N,2417,24801
2026-02-01,06N,2139,24210
2022-05-01,06N,2302,25205
2022-07-01,06N,2243,24704
2023-12-01,06N,2489,30775
2023-03-01,06N,2624,30948
2023-05-01,06N,2204,24189
2024-02-01,06N,2351,28512
2026-05-01,06N,2166,20490
2021-09-01,06N,2422,24731
2024-05-01,06N,2296,26000
2026-03-01,06N,2404,25424
2024-01-01,06N,2436,30825
2022-08-01,06N,2336,23054
2022-10-01,06N,2434,27116
2024-11-01,06N,2406,26823
2025-07-01,06N,2353,21809
2021-11-01,06N,2303,27122
2025-09-01,06N,2245,21807
2022-06-01,06N,2199,23745
2026-01-01,06N,2308,26286
2026-06-01,06N,2203,21492
2024-08-01,06N,2215,21104
2021-10-01,06N,2208,25981
2022-04-01,06N,2226,23460
2022-09-01,06N,2421,24173
2022-02-01,06N,2143,22488
2023-02-01,06N,2294,27765
2025-03-01,06N,2167,24396
2025-11-01,06N,2140,23634
2024-12-01,06N,2442,29565
2022-12-01,06N,2923,43462
2024-03-01,06N,2373,27941
2021-12-01,06N,2357,28130
2025-05-01,06N,2038,21194
2025-12-01,06N,2549,28905
2025-04-01,06N,2098,22518
2024-04-01,06N,2329,26483
2025-08-01,06N,2194,19586
2023-01-01,06N,2731,32306
2021-07-01,06N,2314,23681
2023-09-01,06N,2343,23624
2025-04-01,M1J4Y,3254,38713
2022-04-01,M1J4Y,3199,37505
2025-05-01,M1J4Y,3071,35358
2026-01-01,M1J4Y,3822,46139
2022-01-01,M1J4Y,3496,38806
2022-05-01,M1J4Y,3372,39389
2023-02-01,M1J4Y,3385,46562
2025-01-01,M1J4Y,3802,49291
2023-01-01,M1J4Y,3780,54046
2024-08-01,M1J4Y,3220,35000
2024-09-01,M1J4Y,3342,36579
2022-08-01,M1J4Y,3365,36376
2023-09-01,M1J4Y,3486,38495
2023-04-01,M1J4Y,3254,39371
2026-03-01,M1J4Y,3713,43161
2025-06-01,M1J4Y,3236,34396
2026-05-01,M1J4Y,3302,35669
2022-11-01,M1J4Y,3536,49647
2023-07-01,M1J4Y,3379,39249
2021-09-01,M1J4Y,3295,37324
2021-08-01,M1J4Y,3136,32938
2022-03-01,M1J4Y,3698,42785
2021-06-01,M1J4Y,3034,34430
2025-12-01,M1J4Y,4075,49806
2025-08-01,M1J4Y,3320,31682
2023-08-01,M1J4Y,3531,38646
2026-02-01,M1J4Y,3532,41849
2022-06-01,M1J4Y,3250,39047
2023-05-01,M1J4Y,3460,41952
2023-10-01,M1J4Y,3677,43895
2023-11-01,M1J4Y,3506,48659
2024-01-01,M1J4Y,3639,51528
2022-02-01,M1J4Y,3132,35773
2024-06-01,M1J4Y,3277,40124
2025-11-01,M1J4Y,3512,41090
2022-07-01,M1J4Y,3347,40237
2023-03-01,M1J4Y,3864,51684
2025-03-01,M1J4Y,3378,41230
2021-11-01,M1J4Y,3600,44017
2023-12-01,M1J4Y,3582,50313
2025-02-01,M1J4Y,3317,42811
2024-02-01,M1J4Y,3392,47797
2024-10-01,M1J4Y,3522,44154
2022-10-01,M1J4Y,3321,44421
2022-12-01,M1J4Y,4122,68736
2023-06-01,M1J4Y,3279,40468
2024-07-01,M1J4Y,3589,42556
2021-10-01,M1J4Y,3553,44047
2025-09-01,M1J4Y,3585,36034
2026-04-01,M1J4Y,3425,38420
2025-10-01,M1J4Y,3922,43297
2024-11-01,M1J4Y,3370,45240
2024-04-01,M1J4Y,3339,45672
2021-07-01,M1J4Y,3332,36467
2024-03-01,M1J4Y,3404,46693
2024-05-01,M1J4Y,3499,44385
2024-12-01,M1J4Y,3567,49317
2025-07-01,M1J4Y,3471,36367
2026-06-01,M1J4Y,3689,37737
2021-12-01,M1J4Y,3755,46220
2022-09-01,M1J4Y,3269,36996
2023-06-01,09D,919,9601
2023-08-01,09D,973,9744
2022-06-01,09D,931,9585
2024-07-01,09D,905,9431
2025-06-01,09D,821,8428
2022-08-01,09D,952,9608
2024-03-01,09D,849,10787
2025-04-01,09D,800,8969
2022-12-01,09D,1096,15692
2024-04-01,09D,890,10460
2024-08-01,09D,887,8884
2023-01-01,09D,963,12899
2021-06-01,09D,958,8704
2021-11-01,09D,999,11276
2025-03-01,09D,824,9459
2024-05-01,09D,917,10382
2023-07-01,09D,837,8393
2023-10-01,09D,1000,10355
2025-02-01,09D,844,9711
2025-11-01,09D,821,8954
2022-04-01,09D,855,9284
2024-11-01,09D,903,10282
2022-10-01,09D,996,11385
2026-01-01,09D,914,10036
2026-03-01,09D,875,9424
2021-07-01,09D,941,8941
2022-09-01,09D,935,9459
2023-03-01,09D,1060,11700
2024-06-01,09D,851,8884
2022-11-01,09D,985,11577
2025-07-01,09D,937,8574
2022-01-01,09D,856,9390
2026-02-01,09D,893,8832
2026-05-01,09D,837,8434
2021-09-01,09D,955,9693
2024-01-01,09D,946,11830
2024-12-01,09D,936,11103
2025-01-01,09D,888,11344
2025-09-01,09D,838,8464
2026-04-01,09D,817,8660
2022-02-01,09D,881,8958
2022-05-01,09D,944,9749
2021-10-01,09D,980,10763
2021-12-01,09D,962,11148
2023-12-01,09D,932,11588
2024-09-01,09D,877,9053
2025-05-01,09D,827,8611
2021-08-01,09D,874,8546
2025-08-01,09D,805,7830
2026-06-01,09D,844,8592
2024-10-01,09D,954,10184
2023-02-01,09D,933,11282
2024-02-01,09D,900,10681
2022-07-01,09D,975,9842
2023-09-01,09D,868,9192
2025-12-01,09D,867,10345
2023-04-01,09D,894,9459
2023-05-01,09D,864,9550
2022-03-01,09D,1080,10780
2023-11-01,09D,898,11166
2025-10-01,09D,875,9813
2024-08-01,70F,3780,32841
2023-08-01,70F,4109,35922
2026-05-01,70F,3561,30992
2023-12-01,70F,4105,46205
2025-05-01,70F,3673,33293
2023-04-01,70F,3671,36169
2024-03-01,70F,3986,43008
2022-09-01,70F,3865,35090
2023-11-01,70F,4052,43394
2025-06-01,70F,3586,31870
2023-05-01,70F,3854,37473
2025-12-01,70F,4290,43845
2021-09-01,70F,3805,33940
2021-11-01,70F,4097,39563
2025-08-01,70F,3582,29732
2024-07-01,70F,3946,36549
2021-07-01,70F,3938,32276
2022-12-01,70F,4944,63002
2023-03-01,70F,4601,46681
2024-09-01,70F,3786,34098
2025-04-01,70F,3452,33859
2026-04-01,70F,3680,33635
2026-06-01,70F,3901,32840
2023-09-01,70F,3963,35070
2023-07-01,70F,3970,34690
2025-03-01,70F,3735,37379
2025-10-01,70F,4053,37849
2021-12-01,70F,4263,41193
2022-08-01,70F,4051,34591
2024-10-01,70F,4001,40012
2024-01-01,70F,4284,47857
2026-01-01,70F,3930,40787
2022-07-01,70F,3711,34703
2024-04-01,70F,4113,41761
2025-07-01,70F,3732,32556
2026-02-01,70F,3733,35743
2022-05-01,70F,3767,34822
2025-02-01,70F,3734,37994
2025-11-01,70F,3659,35444
2023-06-01,70F,3863,35987
2022-01-01,70F,3984,34993
2022-06-01,70F,3721,34832
2023-10-01,70F,3794,38698
2024-12-01,70F,4063,44158
2022-04-01,70F,3671,33959
2026-03-01,70F,3994,37922
2022-11-01,70F,4200,43709
2023-01-01,70F,4557,50868
2025-09-01,70F,3838,33446
2024-02-01,70F,4035,43401
2025-01-01,70F,4221,44704
2021-06-01,70F,3828,31253
2024-11-01,70F,3945,41122
2021-08-01,70F,3758,30858
2022-03-01,70F,4195,37877
2022-10-01,70F,4066,40897
2024-05-01,70F,3933,40005
2021-10-01,70F,3925,37570
2023-02-01,70F,4173,43297
2022-02-01,70F,3587,32328
2024-06-01,70F,3675,35067
2022-09-01,92A,4084,43256
2024-10-01,92A,3667,46657
2024-06-01,92A,3352,41082
2023-11-01,92A,4025,52310
2025-07-01,92A,3538,38561
2025-05-01,92A,3287,37448
2023-01-01,92A,4806,59900
2023-12-01,92A,4039,55330
2022-06-01,92A,3954,42365
2024-08-01,92A,3401,37801
2026-01-01,92A,3782,46919
2022-03-01,92A,4364,46958
2026-05-01,92A,3268,36143
2022-08-01,92A,4074,41399
2025-01-01,92A,3787,51178
2021-09-01,92A,4478,43182
2023-04-01,92A,3787,43238
2024-11-01,92A,3438,46371
2026-04-01,92A,3522,39112
2022-11-01,92A,4251,55363
2022-02-01,92A,4051,40540
2022-07-01,92A,3961,44082
2021-07-01,92A,4467,41820
2022-01-01,92A,4271,42489
2026-02-01,92A,3261,41598
2025-12-01,92A,3791,50259
2022-05-01,92A,4003,43109
2023-09-01,92A,3914,41241
2026-03-01,92A,3666,43997
2023-08-01,92A,4083,43849
2025-10-01,92A,3769,44675
2024-12-01,92A,3743,52457
2022-12-01,92A,5459,81416
2025-03-01,92A,3360,42847
2021-12-01,92A,4766,50915
2024-05-01,92A,3597,45907
2024-07-01,92A,3689,43180
2021-06-01,92A,4217,39505
2023-05-01,92A,3989,45896
2021-11-01,92A,4718,50041
2025-04-01,92A,3223,38869
2022-10-01,92A,4211,50451
2023-06-01,92A,3941,43551
2024-02-01,92A,3866,51518
2026-06-01,92A,3469,38655
2023-10-01,92A,4005,47712
2025-02-01,92A,3297,43267
2023-03-01,92A,4706,54594
2023-02-01,92A,4148,50495
2023-07-01,92A,3916,43013
2021-08-01,92A,4196,39142
2024-01-01,92A,4178,57293
2025-06-01,92A,3177,37237
2024-03-01,92A,3660,51164
2025-09-01,92A,3516,39457
2025-08-01,92A,3194,34240
2024-09-01,92A,3587,40221
2022-04-01,92A,4086,42121
2024-04-01,92A,3854,49754
2025-11-01,92A,3469,41845
2021-10-01,92A,4566,47972
2026-03-01,97R,1852,24086
2024-10-01,97R,1925,25423
2023-04-01,97R,1970,23601
2022-07-01,97R,2024,23279
2021-09-01,97R,2215,23495
2026-04-01,97R,1738,21337
2022-04-01,97R,2056,22303
2026-01-01,97R,1870,25728
2023-03-01,97R,2318,30101
2025-03-01,97R,1925,24609
2022-12-01,97R,2488,39354
2025-12-01,97R,2035,28028
2023-08-01,97R,2213,23521
2026-06-01,97R,1862,20851
2022-05-01,97R,2076,22734
2025-07-01,97R,1865,20845
2021-07-01,97R,2268,22477
2023-11-01,97R,2055,27485
2023-12-01,97R,2167,29844
2022-06-01,97R,2065,22505
2021-08-01,97R,2138,20877
2025-06-01,97R,1710,20541
2026-05-01,97R,1713,20259
2021-12-01,97R,2409,27808
2023-07-01,97R,2118,22255
2025-10-01,97R,1897,23933
2024-06-01,97R,1715,22192
2024-11-01,97R,1894,25799
2024-09-01,97R,1833,21621
2025-01-01,97R,2048,28699
2025-09-01,97R,1888,21568
2021-10-01,97R,2199,25518
2022-01-01,97R,2151,23340
2022-09-01,97R,2104,23394
2022-10-01,97R,2131,26803
2022-02-01,97R,1916,21536
2024-12-01,97R,1997,29002
2024-02-01,97R,1979,27235
2022-08-01,97R,2128,21830
2023-01-01,97R,2377,31968
2024-05-01,97R,1984,25575
2024-08-01,97R,1853,20655
2025-11-01,97R,1704,22336
2025-05-01,97R,1709,20813
2024-03-01,97R,1967,27538
2024-04-01,97R,1959,26609
2025-08-01,97R,1678,18786
2025-02-01,97R,1741,23643
2021-06-01,97R,2235,21305
2022-11-01,97R,2171,28445
2024-01-01,97R,2185,30426
2021-11-01,97R,2282,26271
2025-04-01,97R,1812,22014
2023-02-01,97R,2188,28131
2023-05-01,97R,2080,24797
2023-10-01,97R,2137,25631
2023-06-01,97R,2174,23629
2023-09-01,97R,2072,23313
2024-07-01,97R,1900,22972
2026-02-01,97R,1719,22406
2022-03-01,97R,2117,25253
2021-10-01,06L,1305,18290
2026-04-01,06L,1656,16489
2021-07-01,06L,1419,16662
2024-02-01,06L,1563,21443
2023-12-01,06L,1667,22447
2024-11-01,06L,1699,20010
2022-10-01,06L,1582,20396
2024-04-01,06L,1586,20267
2024-05-01,06L,1594,19523
2025-02-01,06L,1556,18739
2022-06-01,06L,1447,17514
2024-09-01,06L,1551,16545
2023-04-01,06L,1424,17827
2025-11-01,06L,1678,17270
2026-02-01,06L,1597,17690
2022-03-01,06L,1509,18920
2024-06-01,06L,1572,17537
2025-08-01,06L,1693,15128
2023-08-01,06L,1610,17937
2024-10-01,06L,1726,19587
2025-05-01,06L,1640,16650
2024-07-01,06L,1661,18922
2022-12-01,06L,1829,30331
2021-09-01,06L,1405,17974
2023-09-01,06L,1607,17461
2024-01-01,06L,1845,23831
2022-05-01,06L,1352,17176
2023-06-01,06L,1566,18472
2025-07-01,06L,1678,16558
2025-10-01,06L,1822,18886
2022-04-01,06L,1432,17246
2022-07-01,06L,1371,17443
2025-09-01,06L,1825,16709
2022-09-01,06L,1468,17345
2025-04-01,06L,1623,17190
2021-12-01,06L,1584,20453
2023-01-01,06L,1776,25483
2023-05-01,06L,1476,18661
2024-12-01,06L,1691,22872
2025-01-01,06L,1874,22932
2021-08-01,06L,1379,15197
2022-01-01,06L,1524,17909
2023-10-01,06L,1660,19674
2023-02-01,06L,1645,21587
2026-05-01,06L,1520,15676
2025-12-01,06L,1775,21054
2023-03-01,06L,1753,23458
2026-03-01,06L,1748,18722
2022-11-01,06L,1635,22022
2023-11-01,06L,1681,20503
2023-07-01,06L,1589,17574
2026-01-01,06L,1821,20659
2024-03-01,06L,1593,21612
2026-06-01,06L,1628,16468
2022-08-01,06L,1480,17031
2024-08-01,06L,1576,16093
2025-03-01,06L,1699,19084
2025-06-01,06L,1653,16580
2021-06-01,06L,1356,15697
2021-11-01,06L,1421,19117
2022-02-01,06L,1306,16646
2021-08-01,07K,1074,10797
2021-09-01,07K,1187,12497
2023-06-01,07K,1321,12999
2021-07-01,07K,1271,11693
2025-07-01,07K,1263,11862
2024-02-01,07K,1278,15879
2022-10-01,07K,1290,14314
2026-01-01,07K,1341,14780
2026-04-01,07K,1238,11969
2021-11-01,07K,1221,13578
2022-08-01,07K,1274,12045
2024-08-01,07K,1205,11524
2025-09-01,07K,1282,11807
2025-08-01,07K,1201,10627
2025-11-01,07K,1199,12357
2022-09-01,07K,1226,12182
2022-04-01,07K,1239,12249
2022-11-01,07K,1492,15431
2023-12-01,07K,1373,16306
2024-06-01,07K,1240,13286
2024-12-01,07K,1354,16547
2024-05-01,07K,1319,14156
2024-09-01,07K,1219,12025
2021-06-01,07K,1194,11232
2022-01-01,07K,1206,12250
2023-10-01,07K,1329,13928
2023-05-01,07K,1267,12997
2023-09-01,07K,1281,12462
2025-02-01,07K,1277,13340
2022-05-01,07K,1252,12216
2026-03-01,07K,1273,13555
2025-05-01,07K,1169,11804
2024-04-01,07K,1273,15042
2021-12-01,07K,1330,14689
2026-06-01,07K,1233,11810
2023-11-01,07K,1320,14868
2025-03-01,07K,1299,13222
2025-10-01,07K,1294,13358
2022-06-01,07K,1322,12794
2023-08-01,07K,1322,12554
2026-02-01,07K,1199,12628
2023-02-01,07K,1354,15340
2023-04-01,07K,1253,12588
2022-03-01,07K,1331,13643
2023-07-01,07K,1207,11852
2024-07-01,07K,1317,13351
2022-07-01,07K,1270,12563
2024-01-01,07K,1472,17089
2026-05-01,07K,1064,11029
2024-10-01,07K,1339,14321
2025-01-01,07K,1485,16348
2025-04-01,07K,1258,12305
2022-02-01,07K,1140,11809
2025-12-01,07K,1342,15447
2024-03-01,07K,1240,15702
2021-10-01,07K,1227,13759
2025-06-01,07K,1205,11596
2022-12-01,07K,1761,21547
2023-03-01,07K,1474,16526
2023-01-01,07K,1610,18270
2024-11-01,07K,1346,14417
2022-11-01,26A,5436,58684
2023-05-01,26A,5399,49891
2025-08-01,26A,4979,40056
2026-05-01,26A,4825,42492
2024-12-01,26A,5139,58465
2024-06-01,26A,4772,47890
2024-05-01,26A,5120,52864
2025-02-01,26A,4625,47692
2025-11-01,26A,4874,45848
2021-12-01,26A,5326,56132
2022-09-01,26A,5279,46907
2024-08-01,26A,5065,44082
2025-06-01,26A,4909,42235
2022-03-01,26A,5425,52254
2021-09-01,26A,5151,48169
2026-04-01,26A,4962,44615
2023-06-01,26A,5437,48985
2024-10-01,26A,5167,51382
2025-10-01,26A,5310,48677
2021-11-01,26A,5134,54133
2022-06-01,26A,4954,47191
2025-12-01,26A,5458,54362
2024-07-01,26A,5226,50381
2025-01-01,26A,5352,58373
2022-10-01,26A,5262,53711
2024-11-01,26A,5008,50808
2026-01-01,26A,5306,53056
2023-10-01,26A,5448,51161
2022-07-01,26A,5030,48007
2025-04-01,26A,4759,45233
2023-09-01,26A,5316,46217
2026-03-01,26A,5209,49406
2021-08-01,26A,4980,42808
2026-02-01,26A,4706,46503
2021-07-01,26A,5168,47086
2022-01-01,26A,5145,48664
2024-04-01,26A,5114,54587
2025-05-01,26A,4993,44319
2021-10-01,26A,5178,53090
2022-05-01,26A,5249,47866
2023-04-01,26A,5032,47618
2022-08-01,26A,5258,47285
2024-03-01,26A,4974,56784
2023-01-01,26A,5675,65988
2023-08-01,26A,5402,47425
2023-07-01,26A,5196,47174
2024-01-01,26A,5666,61267
2023-02-01,26A,5202,54892
2026-06-01,26A,5148,43243
2023-03-01,26A,5847,59484
2022-02-01,26A,4900,44323
2024-02-01,26A,5076,56356
2022-04-01,26A,4933,45766
2023-12-01,26A,5442,58649
2025-09-01,26A,5122,43357
2021-06-01,26A,4799,43517
2022-12-01,26A,6025,77328
2025-07-01,26A,5177,43285
2025-03-01,26A,4795,48523
2023-11-01,26A,5313,55552
2024-09-01,26A,4942,44009
2024-06-01,93C,3819,45035
2024-07-01,93C,4257,47266
2022-06-01,93C,4099,42825
2023-03-01,93C,4785,56037
2022-12-01,93C,5101,75521
2025-04-01,93C,3891,43335
2021-06-01,93C,4068,39905
2023-01-01,93C,4759,57531
2024-03-01,93C,3977,51767
2026-05-01,93C,3684,40623
2023-09-01,93C,4281,43542
2021-12-01,93C,4807,50714
2023-10-01,93C,4400,49862
2026-06-01,93C,4012,42605
2021-10-01,93C,4606,48567
2022-03-01,93C,4746,48157
2021-11-01,93C,4558,48980
2023-06-01,93C,4276,44576
2022-05-01,93C,4253,44253
2023-02-01,93C,4253,51927
2025-08-01,93C,3860,36420
2022-08-01,93C,4105,39598
2024-01-01,93C,4627,57728
2026-01-01,93C,4246,50035
2023-12-01,93C,4501,56869
2022-01-01,93C,4250,42231
2022-07-01,93C,4231,44469
2023-11-01,93C,4475,55120
2025-03-01,93C,3987,47366
2023-04-01,93C,3956,43988
2024-08-01,93C,3880,39500
2021-09-01,93C,4453,42992
2025-01-01,93C,4331,55321
2025-02-01,93C,3904,47457
2022-02-01,93C,3960,40739
2022-11-01,93C,4341,55391
2026-02-01,93C,3982,45673
2024-04-01,93C,4026,50631
2025-09-01,93C,4057,41740
2025-05-01,93C,3852,41633
2026-04-01,93C,3918,43180
2025-12-01,93C,4462,53815
2024-02-01,93C,4114,51102
2023-05-01,93C,4212,45843
2025-10-01,93C,4343,47845
2024-11-01,93C,4031,51131
2025-11-01,93C,4124,46139
2021-07-01,93C,4311,42608
2021-08-01,93C,4013,37149
2023-08-01,93C,4300,42944
2024-09-01,93C,3973,41835
2024-05-01,93C,4228,49782
2022-10-01,93C,4340,49845
2025-07-01,93C,4160,40983
2022-04-01,93C,4119,42637
2022-09-01,93C,4228,42294
2026-03-01,93C,4226,48856
2024-10-01,93C,4399,50980
2025-06-01,93C,3882,40589
2023-07-01,93C,4210,43805
2024-12-01,93C,4308,55551
2023-03-01,W2U3Z,6640,92088
2022-10-01,W2U3Z,6250,79795
2022-05-01,W2U3Z,5889,66933
2022-09-01,W2U3Z,5740,65062
2022-03-01,W2U3Z,6343,73853
2023-09-01,W2U3Z,5851,66896
2023-07-01,W2U3Z,5613,67392
2024-11-01,W2U3Z,5553,79459
2025-05-01,W2U3Z,5272,62055
2025-10-01,W2U3Z,5757,74058
2025-11-01,W2U3Z,5399,70331
2024-07-01,W2U3Z,5713,71069
2021-11-01,W2U3Z,6524,78217
2023-01-01,W2U3Z,6699,94296
2023-04-01,W2U3Z,5730,69970
2024-10-01,W2U3Z,5936,77657
2025-02-01,W2U3Z,5301,72984
2022-01-01,W2U3Z,5942,67306
2023-11-01,W2U3Z,6046,86247
2023-12-01,W2U3Z,5974,90844
2021-08-01,W2U3Z,5734,58197
2022-11-01,W2U3Z,6345,90166
2021-09-01,W2U3Z,6244,67296
2025-04-01,W2U3Z,5154,65398
2024-02-01,W2U3Z,5861,81657
2026-02-01,W2U3Z,5197,67603
2021-07-01,W2U3Z,6209,64915
2025-12-01,W2U3Z,5858,82453
2025-01-01,W2U3Z,5949,85940
2025-06-01,W2U3Z,5090,59384
2022-08-01,W2U3Z,5792,60601
2026-01-01,W2U3Z,5668,75218
2021-06-01,W2U3Z,6113,61738
2023-02-01,W2U3Z,6029,84659
2024-03-01,W2U3Z,5530,80695
2024-04-01,W2U3Z,5697,77796
2024-06-01,W2U3Z,5242,67692
2022-12-01,W2U3Z,7217,129916
2022-04-01,W2U3Z,5704,65505
2022-06-01,W2U3Z,5957,68534
2026-03-01,W2U3Z,5704,72594
2021-10-01,W2U3Z,6267,77158
2024-08-01,W2U3Z,5422,58621
2025-07-01,W2U3Z,5584,60938
2026-04-01,W2U3Z,5244,63713
2023-08-01,W2U3Z,5682,64741
2024-12-01,W2U3Z,5849,86147
2022-02-01,W2U3Z,5394,61720
2024-09-01,W2U3Z,5359,63568
2021-12-01,W2U3Z,6427,77517
2023-05-01,W2U3Z,5773,72182
2025-03-01,W2U3Z,5354,71657
2025-08-01,W2U3Z,5090,52920
2026-05-01,W2U3Z,5168,59218
2025-09-01,W2U3Z,5705,62294
2023-10-01,W2U3Z,5890,76910
2022-07-01,W2U3Z,5896,68819
2023-06-01,W2U3Z,5863,69551
2024-05-01,W2U3Z,5594,75469
2024-01-01,W2U3Z,6162,88864
2026-06-01,W2U3Z,5407,61413
