month,code,numerator,denominator
2022-08-01,00D,0.0,0.0
2024-08-01,00D,0.0,0.0
2025-12-01,00D,0.0,0.0
2022-01-01,00D,0.0,0.0
2023-10-01,00D,0.0,0.0
2024-04-01,00D,0.0,0.0
2025-04-01,00D,0.0,0.0
2021-08-01,00D,0.0,0.0
2023-05-01,00D,0.0,0.0
2024-02-01,00D,0.0,0.0
2024-09-01,00D,0.0,0.0
2025-10-01,00D,0.0,0.0
2023-03-01,00D,0.0,0.0
2023-11-01,00D,0.0,0.0
2025-09-01,00D,0.0,0.0
2021-07-01,00D,0.0,0.0
2022-03-01,00D,0.0,0.0
2023-12-01,00D,0.0,0.0
2021-10-01,00D,0.0,0.0
2022-05-01,00D,0.0,0.0
2022-06-01,00D,0.0,0.0
2025-08-01,00D,0.0,0.0
2026-06-01,00D,0.0,0.0
2023-01-01,00D,0.0,0.0
2025-03-01,00D,0.0,0.0
2026-03-01,00D,0.0,0.0
2024-07-01,00D,0.0,0.0
2026-01-01,00D,0.0,0.0
2021-11-01,00D,0.0,0.0
2023-09-01,00D,0.0,0.0
2025-11-01,00D,0.0,0.0
2022-12-01,00D,0.0,0.0
2022-10-01,00D,0.0,0.0
2023-02-01,00D,0.0,0.0
2026-04-01,00D,0.0,0.0
2021-09-01,00D,0.0,0.0
2024-12-01,00D,0.0,0.0
2023-06-01,00D,0.0,0.0
2023-08-01,00D,0.0,0.0
2026-02-01,00D,0.0,0.0
2021-12-01,00D,0.0,0.0
2025-05-01,00D,0.0,0.0
2025-01-01,00D,0.0,0.0
2022-02-01,00D,0.0,0.0
2022-07-01,00D,0.0,0.0
2024-05-01,00D,0.0,0.0
2022-11-01,00D,0.0,0.0
2021-06-01,00D,0.0,0.0
2024-11-01,00D,0.0,0.0
2024-03-01,00D,0.0,0.0
2024-10-01,00D,0.0,0.0
2025-02-01,00D,0.0,0.0
2022-09-01,00D,0.0,0.0
2023-07-01,00D,0.0,0.0
2022-04-01,00D,0.0,0.0
2023-04-01,00D,0.0,0.0
2024-06-01,00D,0.0,0.0
2025-07-01,00D,0.0,0.0
2024-01-01,00D,0.0,0.0
2025-06-01,00D,0.0,0.0
2026-05-01,00D,0.0,0.0
2025-09-01,00J,0.0,0.0
2022-06-01,00J,0.0,0.0
2023-10-01,00J,0.0,0.0
2023-09-01,00J,0.0,0.0
2021-10-01,00J,0.0,0.0
2022-10-01,00J,0.0,0.0
2024-11-01,00J,0.0,0.0
2025-08-01,00J,0.0,0.0
2025-11-01,00J,0.0,0.0
2025-02-01,00J,0.0,0.0
2025-04-01,00J,0.0,0.0
2023-01-01,00J,0.0,0.0
2026-02-01,00J,0.0,0.0
2026-05-01,00J,0.0,0.0
2022-02-01,00J,0.0,0.0
2022-03-01,00J,0.0,0.0
2023-02-01,00J,0.0,0.0
2023-03-01,00J,0.0,0.0
2024-03-01,00J,0.0,0.0
2024-08-01,00J,0.0,0.0
2022-07-01,00J,0.0,0.0
2021-09-01,00J,0.0,0.0
2023-07-01,00J,0.0,0.0
2022-08-01,00J,0.0,0.0
2023-06-01,00J,0.0,0.0
2024-04-01,00J,0.0,0.0
2025-05-01,00J,0.0,0.0
2023-08-01,00J,0.0,0.0
2025-07-01,00J,0.0,0.0
2024-07-01,00J,0.0,0.0
2025-03-01,00J,0.0,0.0
2022-12-01,00J,0.0,0.0
2024-10-01,00J,0.0,0.0
2021-07-01,00J,0.0,0.0
2025-10-01,00J,0.0,0.0
2022-01-01,00J,0.0,0.0
2022-11-01,00J,0.0,0.0
2021-11-01,00J,0.0,0.0
2023-12-01,00J,0.0,0.0
2024-06-01,00J,0.0,0.0
2024-02-01,00J,0.0,0.0
2025-01-01,00J,0.0,0.0
2023-05-01,00J,0.0,0.0
2022-05-01,00J,0.0,0.0
2023-11-01,00J,0.0,0.0
2026-04-01,00J,0.0,0.0
2021-06-01,00J,0.0,0.0
2024-12-01,00J,0.0,0.0
2021-12-01,00J,0.0,0.0
2024-05-01,00J,0.0,0.0
2024-09-01,00J,0.0,0.0
2025-12-01,00J,0.0,0.0
2026-03-01,00J,0.0,0.0
2022-04-01,00J,0.0,0.0
2022-09-01,00J,0.0,0.0
2026-01-01,00J,0.0,0.0
2021-08-01,00J,0.0,0.0
2026-06-01,00J,0.0,0.0
2024-01-01,00J,0.0,0.0
2025-06-01,00J,0.0,0.0
2023-04-01,00J,0.0,0.0
2022-02-01,00K,0.0,0.0
2022-12-01,00K,0.0,0.0
2025-01-01,00K,0.0,0.0
2024-07-01,00K,0.0,0.0
2026-02-01,00K,0.0,0.0
2024-12-01,00K,0.0,0.0
2025-04-01,00K,0.0,0.0
2022-04-01,00K,0.0,0.0
2025-12-01,00K,0.0,0.0
2025-03-01,00K,0.0,0.0
2024-01-01,00K,0.0,0.0
2022-09-01,00K,0.0,0.0
2025-07-01,00K,0.0,0.0
2022-10-01,00K,0.0,0.0
2023-03-01,00K,0.0,0.0
2023-05-01,00K,0.0,0.0
2023-09-01,00K,0.0,0.0
2025-10-01,00K,0.0,0.0
2023-01-01,00K,0.0,0.0
2025-06-01,00K,0.0,0.0
2024-02-01,00K,0.0,0.0
2022-06-01,00K,0.0,0.0
2025-11-01,00K,0.0,0.0
2021-07-01,00K,0.0,0.0
2023-07-01,00K,0.0,0.0
2021-06-01,00K,0.0,0.0
2021-09-01,00K,0.0,0.0
2021-12-01,00K,0.0,0.0
2023-11-01,00K,0.0,0.0
2026-03-01,00K,0.0,0.0
2024-11-01,00K,0.0,0.0
2026-04-01,00K,0.0,0.0
2026-01-01,00K,0.0,0.0
2022-08-01,00K,0.0,0.0
2023-06-01,00K,0.0,0.0
2023-04-01,00K,0.0,0.0
2022-01-01,00K,0.0,0.0
2026-05-01,00K,0.0,0.0
2025-08-01,00K,0.0,0.0
2022-07-01,00K,0.0,0.0
2024-03-01,00K,0.0,0.0
2024-06-01,00K,0.0,0.0
2023-08-01,00K,0.0,0.0
2023-10-01,00K,0.0,0.0
2024-09-01,00K,0.0,0.0
2025-09-01,00K,0.0,0.0
2021-11-01,00K,0.0,0.0
2022-03-01,00K,0.0,0.0
2026-06-01,00K,0.0,0.0
2022-11-01,00K,0.0,0.0
2024-04-01,00K,0.0,0.0
2025-02-01,00K,0.0,0.0
2024-10-01,00K,0.0,0.0
2023-02-01,00K,0.0,0.0
2025-05-01,00K,0.0,0.0
2024-05-01,00K,0.0,0.0
2024-08-01,00K,0.0,0.0
2021-08-01,00K,0.0,0.0
2021-10-01,00K,0.0,0.0
2022-05-01,00K,0.0,0.0
2023-12-01,00K,0.0,0.0
2021-08-01,00M,0.0,0.0
2021-11-01,00M,0.0,0.0
2024-08-01,00M,0.0,0.0
2023-04-01,00M,0.0,0.0
2025-11-01,00M,0.0,0.0
2023-12-01,00M,0.0,0.0
2025-09-01,00M,0.0,0.0
2022-11-01,00M,0.0,0.0
2024-03-01,00M,0.0,0.0
2024-10-01,00M,0.0,0.0
2026-02-01,00M,0.0,0.0
2021-12-01,00M,0.0,0.0
2021-07-01,00M,0.0,0.0
2024-07-01,00M,0.0,0.0
2024-02-01,00M,0.0,0.0
2024-12-01,00M,0.0,0.0
2021-06-01,00M,0.0,0.0
2026-04-01,00M,0.0,0.0
2023-05-01,00M,0.0,0.0
2025-10-01,00M,0.0,0.0
2021-09-01,00M,0.0,0.0
2023-02-01,00M,0.0,0.0
2023-07-01,00M,0.0,0.0
2024-06-01,00M,0.0,0.0
2025-05-01,00M,0.0,0.0
2024-09-01,00M,0.0,0.0
2025-03-01,00M,0.0,0.0
2021-10-01,00M,0.0,0.0
2023-11-01,00M,0.0,0.0
2025-02-01,00M,0.0,0.0
2024-04-01,00M,0.0,0.0
2025-12-01,00M,0.0,0.0
2022-05-01,00M,0.0,0.0
2024-05-01,00M,0.0,0.0
2025-01-01,00M,0.0,0.0
2026-06-01,00M,0.0,0.0
2022-12-01,00M,0.0,0.0
2022-10-01,00M,0.0,0.0
2023-06-01,00M,0.0,0.0
2023-10-01,00M,0.0,0.0
2026-03-01,00M,0.0,0.0
2025-08-01,00M,0.0,0.0
2026-05-01,00M,0.0,0.0
2022-06-01,00M,0.0,0.0
2023-03-01,00M,0.0,0.0
2025-07-01,00M,0.0,0.0
2022-01-01,00M,0.0,0.0
2023-09-01,00M,0.0,0.0
2024-01-01,00M,0.0,0.0
2022-04-01,00M,0.0,0.0
2025-06-01,00M,0.0,0.0
2023-01-01,00M,0.0,0.0
2024-11-01,00M,0.0,0.0
2023-08-01,00M,0.0,0.0
2022-08-01,00M,0.0,0.0
2022-02-01,00M,0.0,0.0
2022-09-01,00M,0.0,0.0
2022-03-01,00M,0.0,0.0
2026-01-01,00M,0.0,0.0
2022-07-01,00M,0.0,0.0
2025-04-01,00M,0.0,0.0
2021-12-01,01R,0.0,0.0
2024-08-01,01R,0.0,0.0
2024-03-01,01R,0.0,0.0
2023-03-01,01R,0.0,0.0
2022-04-01,01R,0.0,0.0
2022-09-01,01R,0.0,0.0
2023-10-01,01R,0.0,0.0
2024-10-01,01R,0.0,0.0
2024-12-01,01R,0.0,0.0
2024-11-01,01R,0.0,0.0
2025-10-01,01R,0.0,0.0
2023-01-01,01R,0.0,0.0
2024-09-01,01R,0.0,0.0
2022-03-01,01R,0.0,0.0
2022-01-01,01R,0.0,0.0
2023-09-01,01R,0.0,0.0
2024-07-01,01R,0.0,0.0
2025-04-01,01R,0.0,0.0
2026-06-01,01R,0.0,0.0
2026-04-01,01R,0.0,0.0
2023-11-01,01R,0.0,0.0
2024-05-01,01R,0.0,0.0
2021-10-01,01R,0.0,0.0
2024-06-01,01R,0.0,0.0
2026-03-01,01R,0.0,0.0
2023-06-01,01R,0.0,0.0
2025-07-01,01R,0.0,0.0
2023-08-01,01R,0.0,0.0
2024-01-01,01R,0.0,0.0
2025-01-01,01R,0.0,0.0
2025-11-01,01R,0.0,0.0
2022-10-01,01R,0.0,0.0
2025-08-01,01R,0.0,0.0
2021-06-01,01R,0.0,0.0
2026-01-01,01R,0.0,0.0
2026-05-01,01R,0.0,0.0
2022-05-01,01R,0.0,0.0
2025-05-01,01R,0.0,0.0
2021-09-01,01R,0.0,0.0
2022-06-01,01R,0.0,0.0
2023-12-01,01R,0.0,0.0
2021-07-01,01R,0.0,0.0
2025-02-01,01R,0.0,0.0
2022-08-01,01R,0.0,0.0
2023-04-01,01R,0.0,0.0
2021-11-01,01R,0.0,0.0
2024-04-01,01R,0.0,0.0
2021-08-01,01R,0.0,0.0
2023-02-01,01R,0.0,0.0
2023-07-01,01R,0.0,0.0
2026-02-01,01R,0.0,0.0
2022-12-01,01R,0.0,0.0
2025-06-01,01R,0.0,0.0
2022-11-01,01R,0.0,0.0
2022-02-01,01R,0.0,0.0
2025-03-01,01R,0.0,0.0
2025-09-01,01R,0.0,0.0
2022-07-01,01R,0.0,0.0
2025-12-01,01R,0.0,0.0
2023-05-01,01R,0.0,0.0
2024-02-01,01R,0.0,0.0
2022-07-01,02F,0.0,0.0
2022-11-01,02F,0.0,0.0
2023-03-01,02F,0.0,0.0
2025-05-01,02F,0.0,0.0
2025-07-01,02F,0.0,0.0
2026-03-01,02F,0.0,0.0
2024-06-01,02F,0.0,0.0
2025-04-01,02F,0.0,0.0
2021-06-01,02F,0.0,0.0
2023-02-01,02F,0.0,0.0
2023-08-01,02F,0.0,0.0
2022-01-01,02F,0.0,0.0
2025-11-01,02F,0.0,0.0
2026-06-01,02F,0.0,0.0
2025-08-01,02F,0.0,0.0
2021-10-01,02F,0.0,0.0
2025-06-01,02F,0.0,0.0
2021-08-01,02F,0.0,0.0
2023-10-01,02F,0.0,0.0
2024-01-01,02F,0.0,0.0
2026-05-01,02F,0.0,0.0
2024-02-01,02F,0.0,0.0
2025-09-01,02F,0.0,0.0
2021-09-01,02F,0.0,0.0
2023-12-01,02F,0.0,0.0
2022-04-01,02F,0.0,0.0
2025-12-01,02F,0.0,0.0
2026-02-01,02F,0.0,0.0
2022-10-01,02F,0.0,0.0
2023-01-01,02F,0.0,0.0
2024-04-01,02F,0.0,0.0
2023-05-01,02F,0.0,0.0
2026-01-01,02F,0.0,0.0
2024-12-01,02F,0.0,0.0
2022-05-01,02F,0.0,0.0
2023-11-01,02F,0.0,0.0
2024-05-01,02F,0.0,0.0
2025-10-01,02F,0.0,0.0
2025-03-01,02F,0.0,0.0
2023-09-01,02F,0.0,0.0
2021-07-01,02F,0.0,0.0
2022-08-01,02F,0.0,0.0
2025-01-01,02F,0.0,0.0
2022-09-01,02F,0.0,0.0
2024-09-01,02F,0.0,0.0
2024-07-01,02F,0.0,0.0
2021-11-01,02F,0.0,0.0
2024-03-01,02F,0.0,0.0
2023-04-01,02F,0.0,0.0
2024-10-01,02F,0.0,0.0
2022-03-01,02F,0.0,0.0
2022-06-01,02F,0.0,0.0
2021-12-01,02F,0.0,0.0
2022-02-01,02F,0.0,0.0
2026-04-01,02F,0.0,0.0
2024-08-01,02F,0.0,0.0
2024-11-01,02F,0.0,0.0
2023-07-01,02F,0.0,0.0
2022-12-01,02F,0.0,0.0
2023-06-01,02F,0.0,0.0
2025-02-01,02F,0.0,0.0
2021-08-01,02R,0.0,0.0
2021-10-01,02R,0.0,0.0
2026-01-01,02R,0.0,0.0
2022-05-01,02R,0.0,0.0
2023-01-01,02R,0.0,0.0
2024-12-01,02R,0.0,0.0
2024-01-01,02R,0.0,0.0
2022-12-01,02R,0.0,0.0
2021-09-01,02R,0.0,0.0
2023-11-01,02R,0.0,0.0
2024-05-01,02R,0.0,0.0
2025-12-01,02R,0.0,0.0
2025-09-01,02R,0.0,0.0
2026-04-01,02R,0.0,0.0
2026-02-01,02R,0.0,0.0
2023-05-01,02R,0.0,0.0
2022-08-01,02R,0.0,0.0
2023-02-01,02R,0.0,0.0
2025-01-01,02R,0.0,0.0
2022-07-01,02R,0.0,0.0
2022-10-01,02R,0.0,0.0
2024-09-01,02R,0.0,0.0
2026-05-01,02R,0.0,0.0
2022-01-01,02R,0.0,0.0
2024-08-01,02R,0.0,0.0
2024-07-01,02R,0.0,0.0
2022-06-01,02R,0.0,0.0
2022-09-01,02R,0.0,0.0
2025-10-01,02R,0.0,0.0
2023-12-01,02R,0.0,0.0
2024-11-01,02R,0.0,0.0
2023-04-01,02R,0.0,0.0
2022-02-01,02R,0.0,0.0
2023-08-01,02R,0.0,0.0
2023-03-01,02R,0.0,0.0
2024-06-01,02R,0.0,0.0
2021-07-01,02R,0.0,0.0
2022-04-01,02R,0.0,0.0
2021-11-01,02R,0.0,0.0
2025-05-01,02R,0.0,0.0
2025-03-01,02R,0.0,0.0
2025-04-01,02R,0.0,0.0
2022-03-01,02R,0.0,0.0
2026-06-01,02R,0.0,0.0
2024-03-01,02R,0.0,0.0
2025-08-01,02R,0.0,0.0
2021-12-01,02R,0.0,0.0
2023-09-01,02R,0.0,0.0
2024-04-01,02R,0.0,0.0
2025-02-01,02R,0.0,0.0
2021-06-01,02R,0.0,0.0
2022-11-01,02R,0.0,0.0
2025-11-01,02R,0.0,0.0
2025-07-01,02R,0.0,0.0
2026-03-01,02R,0.0,0.0
2024-10-01,02R,0.0,0.0
2024-02-01,02R,0.0,0.0
2025-06-01,02R,0.0,0.0
2023-06-01,02R,0.0,0.0
2023-07-01,02R,0.0,0.0
2023-10-01,02R,0.0,0.0
2026-02-01,02V,0.0,0.0
2025-11-01,02V,0.0,0.0
2026-06-01,02V,0.0,0.0
2023-05-01,02V,0.0,0.0
2021-12-01,02V,0.0,0.0
2022-09-01,02V,0.0,0.0
2024-03-01,02V,0.0,0.0
2022-12-01,02V,0.0,0.0
2022-08-01,02V,0.0,0.0
2025-05-01,02V,0.0,0.0
2026-04-01,02V,0.0,0.0
2021-11-01,02V,0.0,0.0
2022-06-01,02V,0.0,0.0
2023-10-01,02V,0.0,0.0
2025-09-01,02V,0.0,0.0
2023-01-01,02V,0.0,0.0
2026-03-01,02V,0.0,0.0
2021-07-01,02V,0.0,0.0
2024-04-01,02V,0.0,0.0
2024-01-01,02V,0.0,0.0
2024-08-01,02V,0.0,0.0
2024-09-01,02V,0.0,0.0
2025-04-01,02V,0.0,0.0
2021-09-01,02V,0.0,0.0
2021-06-01,02V,0.0,0.0
2023-07-01,02V,0.0,0.0
2024-05-01,02V,0.0,0.0
2025-03-01,02V,0.0,0.0
2022-05-01,02V,0.0,0.0
2023-02-01,02V,0.0,0.0
2023-08-01,02V,0.0,0.0
2026-01-01,02V,0.0,0.0
2024-12-01,02V,0.0,0.0
2025-08-01,02V,0.0,0.0
2023-11-01,02V,0.0,0.0
2021-10-01,02V,0.0,0.0
2022-11-01,02V,0.0,0.0
2022-07-01,02V,0.0,0.0
2024-10-01,02V,0.0,0.0
2025-06-01,02V,0.0,0.0
2025-02-01,02V,0.0,0.0
2023-04-01,02V,0.0,0.0
2023-12-01,02V,0.0,0.0
2024-02-01,02V,0.0,0.0
2025-01-01,02V,0.0,0.0
2023-06-01,02V,0.0,0.0
2023-09-01,02V,0.0,0.0
2026-05-01,02V,0.0,0.0
2022-03-01,02V,0.0,0.0
2022-02-01,02V,0.0,0.0
2024-07-01,02V,0.0,0.0
2025-07-01,02V,0.0,0.0
2024-11-01,02V,0.0,0.0
2024-06-01,02V,0.0,0.0
2022-01-01,02V,0.0,0.0
2022-04-01,02V,0.0,0.0
2022-10-01,02V,0.0,0.0
2025-12-01,02V,0.0,0.0
2021-08-01,02V,0.0,0.0
2023-03-01,02V,0.0,0.0
2025-10-01,02V,0.0,0.0
2022-01-01,02W,0.0,0.0
2023-05-01,02W,0.0,0.0
2025-04-01,02W,0.0,0.0
2023-03-01,02W,0.0,0.0
2026-01-01,02W,0.0,0.0
2023-02-01,02W,0.0,0.0
2024-12-01,02W,0.0,0.0
2023-01-01,02W,0.0,0.0
2023-09-01,02W,0.0,0.0
2026-05-01,02W,0.0,0.0
2021-12-01,02W,0.0,0.0
2026-04-01,02W,0.0,0.0
2023-12-01,02W,0.0,0.0
2024-04-01,02W,0.0,0.0
2025-10-01,02W,0.0,0.0
2024-03-01,02W,0.0,0.0
2024-05-01,02W,0.0,0.0
2021-07-01,02W,0.0,0.0
2023-04-01,02W,0.0,0.0
2026-06-01,02W,0.0,0.0
2022-02-01,02W,0.0,0.0
2022-05-01,02W,0.0,0.0
2023-07-01,02W,0.0,0.0
2022-06-01,02W,0.0,0.0
2025-02-01,02W,0.0,0.0
2025-09-01,02W,0.0,0.0
2023-06-01,02W,0.0,0.0
2022-04-01,02W,0.0,0.0
2025-08-01,02W,0.0,0.0
2021-10-01,02W,0.0,0.0
2022-08-01,02W,0.0,0.0
2024-11-01,02W,0.0,0.0
2025-12-01,02W,0.0,0.0
2024-08-01,02W,0.0,0.0
2021-06-01,02W,0.0,0.0
2021-09-01,02W,0.0,0.0
2025-11-01,02W,0.0,0.0
2022-03-01,02W,0.0,0.0
2022-11-01,02W,0.0,0.0
2022-07-01,02W,0.0,0.0
2023-08-01,02W,0.0,0.0
2025-01-01,02W,0.0,0.0
2024-10-01,02W,0.0,0.0
2021-11-01,02W,0.0,0.0
2022-09-01,02W,0.0,0.0
2024-02-01,02W,0.0,0.0
2026-03-01,02W,0.0,0.0
2024-09-01,02W,0.0,0.0
2025-07-01,02W,0.0,0.0
2023-10-01,02W,0.0,0.0
2026-02-01,02W,0.0,0.0
2022-12-01,02W,0.0,0.0
2023-11-01,02W,0.0,0.0
2025-05-01,02W,0.0,0.0
2021-08-01,02W,0.0,0.0
2024-01-01,02W,0.0,0.0
2024-06-01,02W,0.0,0.0
2025-03-01,02W,0.0,0.0
2022-10-01,02W,0.0,0.0
2024-07-01,02W,0.0,0.0
2025-06-01,02W,0.0,0.0
2024-09-01,03A,0.0,0.0
2026-01-01,03A,0.0,0.0
2021-09-01,03A,0.0,0.0
2024-12-01,03A,0.0,0.0
2024-03-01,03A,0.0,0.0
2022-01-01,03A,0.0,0.0
2022-06-01,03A,0.0,0.0
2021-06-01,03A,0.0,0.0
2025-01-01,03A,0.0,0.0
2021-12-01,03A,0.0,0.0
2024-05-01,03A,0.0,0.0
2023-10-01,03A,0.0,0.0
2021-08-01,03A,0.0,0.0
2023-06-01,03A,0.0,0.0
2023-03-01,03A,0.0,0.0
2021-11-01,03A,0.0,0.0
2023-02-01,03A,0.0,0.0
2025-05-01,03A,0.0,0.0
2025-10-01,03A,0.0,0.0
2023-01-01,03A,0.0,0.0
2023-05-01,03A,0.0,0.0
2025-09-01,03A,0.0,0.0
2022-04-01,03A,0.0,0.0
2026-03-01,03A,0.0,0.0
2023-07-01,03A,0.0,0.0
2023-08-01,03A,0.0,0.0
2021-10-01,03A,0.0,0.0
2022-02-01,03A,0.0,0.0
2022-12-01,03A,0.0,0.0
2024-01-01,03A,0.0,0.0
2024-11-01,03A,0.0,0.0
2021-07-01,03A,0.0,0.0
2022-11-01,03A,0.0,0.0
2025-02-01,03A,0.0,0.0
2026-04-01,03A,0.0,0.0
2025-08-01,03A,0.0,0.0
2024-08-01,03A,0.0,0.0
2024-02-01,03A,0.0,0.0
2026-05-01,03A,0.0,0.0
2023-12-01,03A,0.0,0.0
2023-09-01,03A,0.0,0.0
2025-04-01,03A,0.0,0.0
2023-04-01,03A,0.0,0.0
2025-07-01,03A,0.0,0.0
2024-10-01,03A,0.0,0.0
2025-11-01,03A,0.0,0.0
2025-06-01,03A,0.0,0.0
2022-03-01,03A,0.0,0.0
2024-04-01,03A,0.0,0.0
2024-06-01,03A,0.0,0.0
2022-10-01,03A,0.0,0.0
2022-07-01,03A,0.0,0.0
2022-08-01,03A,0.0,0.0
2025-03-01,03A,0.0,0.0
2026-02-01,03A,0.0,0.0
2022-09-01,03A,0.0,0.0
2022-05-01,03A,0.0,0.0
2023-11-01,03A,0.0,0.0
2024-07-01,03A,0.0,0.0
2026-06-01,03A,0.0,0.0
2025-12-01,03A,0.0,0.0
2024-11-01,03J,0.0,0.0
2021-07-01,03J,0.0,0.0
2026-03-01,03J,0.0,0.0
2022-06-01,03J,0.0,0.0
2025-02-01,03J,0.0,0.0
2025-03-01,03J,0.0,0.0
2026-06-01,03J,0.0,0.0
2025-11-01,03J,0.0,0.0
2021-11-01,03J,0.0,0.0
2022-04-01,03J,0.0,0.0
2022-09-01,03J,0.0,0.0
2024-05-01,03J,0.0,0.0
2025-06-01,03J,0.0,0.0
2022-12-01,03J,0.0,0.0
2024-08-01,03J,0.0,0.0
2026-02-01,03J,0.0,0.0
2023-04-01,03J,0.0,0.0
2023-01-01,03J,0.0,0.0
2023-07-01,03J,0.0,0.0
2023-10-01,03J,0.0,0.0
2025-04-01,03J,0.0,0.0
2024-10-01,03J,0.0,0.0
2024-12-01,03J,0.0,0.0
2025-10-01,03J,0.0,0.0
2023-06-01,03J,0.0,0.0
2021-10-01,03J,0.0,0.0
2022-03-01,03J,0.0,0.0
2023-11-01,03J,0.0,0.0
2024-03-01,03J,0.0,0.0
2026-01-01,03J,0.0,0.0
2021-12-01,03J,0.0,0.0
2023-03-01,03J,0.0,0.0
2023-12-01,03J,0.0,0.0
2025-09-01,03J,0.0,0.0
2024-04-01,03J,0.0,0.0
2025-01-01,03J,0.0,0.0
2023-02-01,03J,0.0,0.0
2021-06-01,03J,0.0,0.0
2021-09-01,03J,0.0,0.0
2023-05-01,03J,0.0,0.0
2022-02-01,03J,0.0,0.0
2022-08-01,03J,0.0,0.0
2024-01-01,03J,0.0,0.0
2025-07-01,03J,0.0,0.0
2023-08-01,03J,0.0,0.0
2025-08-01,03J,0.0,0.0
2021-08-01,03J,0.0,0.0
2022-07-01,03J,0.0,0.0
2022-10-01,03J,0.0,0.0
2024-06-01,03J,0.0,0.0
2026-04-01,03J,0.0,0.0
2024-02-01,03J,0.0,0.0
2024-09-01,03J,0.0,0.0
2022-01-01,03J,0.0,0.0
2026-05-01,03J,0.0,0.0
2023-09-01,03J,0.0,0.0
2024-07-01,03J,0.0,0.0
2022-05-01,03J,0.0,0.0
2022-11-01,03J,0.0,0.0
2025-05-01,03J,0.0,0.0
2025-12-01,03J,0.0,0.0
2022-10-01,03M,0.0,0.0
2025-10-01,03M,0.0,0.0
2021-12-01,03M,0.0,0.0
2023-05-01,03M,0.0,0.0
2026-03-01,03M,0.0,0.0
2025-04-01,03M,0.0,0.0
2023-08-01,03M,0.0,0.0
2026-01-01,03M,0.0,0.0
2023-03-01,03M,0.0,0.0
2023-06-01,03M,0.0,0.0
2023-10-01,03M,0.0,0.0
2025-11-01,03M,0.0,0.0
2026-02-01,03M,0.0,0.0
2023-12-01,03M,0.0,0.0
2024-12-01,03M,0.0,0.0
2025-08-01,03M,0.0,0.0
2021-06-01,03M,0.0,0.0
2022-03-01,03M,0.0,0.0
2022-07-01,03M,0.0,0.0
2024-05-01,03M,0.0,0.0
2024-04-01,03M,0.0,0.0
2024-09-01,03M,0.0,0.0
2025-03-01,03M,0.0,0.0
2024-02-01,03M,0.0,0.0
2025-06-01,03M,0.0,0.0
2021-07-01,03M,0.0,0.0
2024-11-01,03M,0.0,0.0
2021-11-01,03M,0.0,0.0
2024-06-01,03M,0.0,0.0
2025-05-01,03M,0.0,0.0
2023-11-01,03M,0.0,0.0
2026-06-01,03M,0.0,0.0
2021-10-01,03M,0.0,0.0
2021-08-01,03M,0.0,0.0
2022-08-01,03M,0.0,0.0
2022-06-01,03M,0.0,0.0
2024-10-01,03M,0.0,0.0
2023-09-01,03M,0.0,0.0
2025-02-01,03M,0.0,0.0
2025-07-01,03M,0.0,0.0
2025-09-01,03M,0.0,0.0
2023-04-01,03M,0.0,0.0
2022-02-01,03M,0.0,0.0
2023-01-01,03M,0.0,0.0
2025-01-01,03M,0.0,0.0
2025-12-01,03M,0.0,0.0
2024-07-01,03M,0.0,0.0
2026-04-01,03M,0.0,0.0
2023-02-01,03M,0.0,0.0
2024-03-01,03M,0.0,0.0
2022-09-01,03M,0.0,0.0
2022-11-01,03M,0.0,0.0
2023-07-01,03M,0.0,0.0
2026-05-01,03M,0.0,0.0
2022-04-01,03M,0.0,0.0
2022-05-01,03M,0.0,0.0
2024-01-01,03M,0.0,0.0
2021-09-01,03M,0.0,0.0
2022-01-01,03M,0.0,0.0
2022-12-01,03M,0.0,0.0
2024-08-01,03M,0.0,0.0
2026-02-01,03T,0.0,0.0
2021-08-01,03T,0.0,0.0
2024-10-01,03T,0.0,0.0
2025-02-01,03T,0.0,0.0
2021-07-01,03T,0.0,0.0
2024-08-01,03T,0.0,0.0
2023-06-01,03T,0.0,0.0
2026-06-01,03T,0.0,0.0
2022-11-01,03T,0.0,0.0
2025-01-01,03T,0.0,0.0
2023-12-01,03T,0.0,0.0
2022-04-01,03T,0.0,0.0
2024-01-01,03T,0.0,0.0
2025-10-01,03T,0.0,0.0
2021-10-01,03T,0.0,0.0
2022-05-01,03T,0.0,0.0
2023-11-01,03T,0.0,0.0
2022-01-01,03T,0.0,0.0
2023-05-01,03T,0.0,0.0
2024-06-01,03T,0.0,0.0
2025-06-01,03T,0.0,0.0
2022-03-01,03T,0.0,0.0
2022-07-01,03T,0.0,0.0
2022-12-01,03T,0.0,0.0
2023-01-01,03T,0.0,0.0
2021-12-01,03T,0.0,0.0
2022-02-01,03T,0.0,0.0
2025-09-01,03T,0.0,0.0
2026-05-01,03T,0.0,0.0
2024-05-01,03T,0.0,0.0
2024-11-01,03T,0.0,0.0
2024-07-01,03T,0.0,0.0
2026-01-01,03T,0.0,0.0
2023-08-01,03T,0.0,0.0
2021-09-01,03T,0.0,0.0
2025-05-01,03T,0.0,0.0
2022-08-01,03T,0.0,0.0
2024-04-01,03T,0.0,0.0
2025-08-01,03T,0.0,0.0
2026-04-01,03T,0.0,0.0
2021-06-01,03T,0.0,0.0
2023-09-01,03T,0.0,0.0
2023-02-01,03T,0.0,0.0
2023-03-01,03T,0.0,0.0
2025-11-01,03T,0.0,0.0
2022-10-01,03T,0.0,0.0
2023-07-01,03T,0.0,0.0
2023-04-01,03T,0.0,0.0
2024-12-01,03T,0.0,0.0
2025-03-01,03T,0.0,0.0
2025-07-01,03T,0.0,0.0
2023-10-01,03T,0.0,0.0
2024-02-01,03T,0.0,0.0
2026-03-01,03T,0.0,0.0
2025-12-01,03T,0.0,0.0
2021-11-01,03T,0.0,0.0
2024-09-01,03T,0.0,0.0
2025-04-01,03T,0.0,0.0
2022-06-01,03T,0.0,0.0
2022-09-01,03T,0.0,0.0
2024-03-01,03T,0.0,0.0
2024-02-01,03Y,0.0,0.0
2024-05-01,03Y,0.0,0.0
2022-08-01,03Y,0.0,0.0
2023-02-01,03Y,0.0,0.0
2025-01-01,03Y,0.0,0.0
2026-05-01,03Y,0.0,0.0
2023-06-01,03Y,0.0,0.0
2021-09-01,03Y,0.0,0.0
2021-10-01,03Y,0.0,0.0
2023-03-01,03Y,0.0,0.0
2021-11-01,03Y,0.0,0.0
2022-05-01,03Y,0.0,0.0
2022-09-01,03Y,0.0,0.0
2023-04-01,03Y,0.0,0.0
2023-12-01,03Y,0.0,0.0
2024-01-01,03Y,0.0,0.0
2022-11-01,03Y,0.0,0.0
2024-08-01,03Y,0.0,0.0
2021-07-01,03Y,0.0,0.0
2024-03-01,03Y,0.0,0.0
2024-11-01,03Y,0.0,0.0
2024-12-01,03Y,0.0,0.0
2025-06-01,03Y,0.0,0.0
2022-12-01,03Y,0.0,0.0
2021-06-01,03Y,0.0,0.0
2024-09-01,03Y,0.0,0.0
2023-01-01,03Y,0.0,0.0
2023-10-01,03Y,0.0,0.0
2024-07-01,03Y,0.0,0.0
2025-11-01,03Y,0.0,0.0
2022-07-01,03Y,0.0,0.0
2026-03-01,03Y,0.0,0.0
2026-02-01,03Y,0.0,0.0
2022-10-01,03Y,0.0,0.0
2021-12-01,03Y,0.0,0.0
2025-09-01,03Y,0.0,0.0
2023-05-01,03Y,0.0,0.0
2025-07-01,03Y,0.0,0.0
2025-10-01,03Y,0.0,0.0
2025-02-01,03Y,0.0,0.0
2025-04-01,03Y,0.0,0.0
2022-02-01,03Y,0.0,0.0
2025-05-01,03Y,0.0,0.0
2021-08-01,03Y,0.0,0.0
2024-10-01,03Y,0.0,0.0
2023-08-01,03Y,0.0,0.0
2024-04-01,03Y,0.0,0.0
2024-06-01,03Y,0.0,0.0
2023-07-01,03Y,0.0,0.0
2025-03-01,03Y,0.0,0.0
2025-08-01,03Y,0.0,0.0
2023-09-01,03Y,0.0,0.0
2026-06-01,03Y,0.0,0.0
2022-04-01,03Y,0.0,0.0
2025-12-01,03Y,0.0,0.0
2026-01-01,03Y,0.0,0.0
2022-01-01,03Y,0.0,0.0
2023-11-01,03Y,0.0,0.0
2022-03-01,03Y,0.0,0.0
2022-06-01,03Y,0.0,0.0
2026-04-01,03Y,0.0,0.0
2022-12-01,04D,0.0,0.0
2021-11-01,04D,0.0,0.0
2025-08-01,04D,0.0,0.0
2026-04-01,04D,0.0,0.0
2021-10-01,04D,0.0,0.0
2022-10-01,04D,0.0,0.0
2023-02-01,04D,0.0,0.0
2024-02-01,04D,0.0,0.0
2024-06-01,04D,0.0,0.0
2025-11-01,04D,0.0,0.0
2023-09-01,04D,0.0,0.0
2024-11-01,04D,0.0,0.0
2025-04-01,04D,0.0,0.0
2022-01-01,04D,0.0,0.0
2023-12-01,04D,0.0,0.0
2025-06-01,04D,0.0,0.0
2026-01-01,04D,0.0,0.0
2022-05-01,04D,0.0,0.0
2022-04-01,04D,0.0,0.0
2024-04-01,04D,0.0,0.0
2024-08-01,04D,0.0,0.0
2024-10-01,04D,0.0,0.0
2025-09-01,04D,0.0,0.0
2021-07-01,04D,0.0,0.0
2024-05-01,04D,0.0,0.0
2024-07-01,04D,0.0,0.0
2026-05-01,04D,0.0,0.0
2021-08-01,04D,0.0,0.0
2022-06-01,04D,0.0,0.0
2022-07-01,04D,0.0,0.0
2023-08-01,04D,0.0,0.0
2023-06-01,04D,0.0,0.0
2022-08-01,04D,0.0,0.0
2025-10-01,04D,0.0,0.0
2026-03-01,04D,0.0,0.0
2022-11-01,04D,0.0,0.0
2022-03-01,04D,0.0,0.0
2023-11-01,04D,0.0,0.0
2024-03-01,04D,0.0,0.0
2025-07-01,04D,0.0,0.0
2022-09-01,04D,0.0,0.0
2025-02-01,04D,0.0,0.0
2025-12-01,04D,0.0,0.0
2021-06-01,04D,0.0,0.0
2023-04-01,04D,0.0,0.0
2024-09-01,04D,0.0,0.0
2023-05-01,04D,0.0,0.0
2026-02-01,04D,0.0,0.0
2021-09-01,04D,0.0,0.0
2025-01-01,04D,0.0,0.0
2023-01-01,04D,0.0,0.0
2023-10-01,04D,0.0,0.0
2026-06-01,04D,0.0,0.0
2022-02-01,04D,0.0,0.0
2025-05-01,04D,0.0,0.0
2023-03-01,04D,0.0,0.0
2024-01-01,04D,0.0,0.0
2021-12-01,04D,0.0,0.0
2023-07-01,04D,0.0,0.0
2025-03-01,04D,0.0,0.0
2024-12-01,04D,0.0,0.0
2022-12-01,04E,0.0,0.0
2023-10-01,04E,0.0,0.0
2023-05-01,04E,0.0,0.0
2022-04-01,04E,0.0,0.0
2025-06-01,04E,0.0,0.0
2021-10-01,04E,0.0,0.0
2022-11-01,04E,0.0,0.0
2023-01-01,04E,0.0,0.0
2023-04-01,04E,0.0,0.0
2025-12-01,04E,0.0,0.0
2023-12-01,04E,0.0,0.0
2026-03-01,04E,0.0,0.0
2022-07-01,04E,0.0,0.0
2025-03-01,04E,0.0,0.0
2021-07-01,04E,0.0,0.0
2024-04-01,04E,0.0,0.0
2021-06-01,04E,0.0,0.0
2023-06-01,04E,0.0,0.0
2023-09-01,04E,0.0,0.0
2024-02-01,04E,0.0,0.0
2024-05-01,04E,0.0,0.0
2021-08-01,04E,0.0,0.0
2025-07-01,04E,0.0,0.0
2026-02-01,04E,0.0,0.0
2024-11-01,04E,0.0,0.0
2026-04-01,04E,0.0,0.0
2024-03-01,04E,0.0,0.0
2024-06-01,04E,0.0,0.0
2025-01-01,04E,0.0,0.0
2025-10-01,04E,0.0,0.0
2021-11-01,04E,0.0,0.0
2024-07-01,04E,0.0,0.0
2021-09-01,04E,0.0,0.0
2024-12-01,04E,0.0,0.0
2025-09-01,04E,0.0,0.0
2022-03-01,04E,0.0,0.0
2022-10-01,04E,0.0,0.0
2024-01-01,04E,0.0,0.0
2025-11-01,04E,0.0,0.0
2024-09-01,04E,0.0,0.0
2023-03-01,04E,0.0,0.0
2022-09-01,04E,0.0,0.0
2023-08-01,04E,0.0,0.0
2022-08-01,04E,0.0,0.0
2025-02-01,04E,0.0,0.0
2023-02-01,04E,0.0,0.0
2022-02-01,04E,0.0,0.0
2025-04-01,04E,0.0,0.0
2022-05-01,04E,0.0,0.0
2022-06-01,04E,0.0,0.0
2023-07-01,04E,0.0,0.0
2024-08-01,04E,0.0,0.0
2025-08-01,04E,0.0,0.0
2026-06-01,04E,0.0,0.0
2021-12-01,04E,0.0,0.0
2026-05-01,04E,0.0,0.0
2022-01-01,04E,0.0,0.0
2024-10-01,04E,0.0,0.0
2023-11-01,04E,0.0,0.0
2025-05-01,04E,0.0,0.0
2026-01-01,04E,0.0,0.0
2022-11-01,04F,0.0,0.0
2022-05-01,04F,0.0,0.0
2025-05-01,04F,0.0,0.0
2026-04-01,04F,0.0,0.0
2025-06-01,04F,0.0,0.0
2025-12-01,04F,0.0,0.0
2022-08-01,04F,0.0,0.0
2024-05-01,04F,0.0,0.0
2023-07-01,04F,0.0,0.0
2022-07-01,04F,0.0,0.0
2024-08-01,04F,0.0,0.0
2023-10-01,04F,0.0,0.0
2021-12-01,04F,0.0,0.0
2021-09-01,04F,0.0,0.0
2021-10-01,04F,0.0,0.0
2024-11-01,04F,0.0,0.0
2025-01-01,04F,0.0,0.0
2022-02-01,04F,0.0,0.0
2022-06-01,04F,0.0,0.0
2025-03-01,04F,0.0,0.0
2021-11-01,04F,0.0,0.0
2023-01-01,04F,0.0,0.0
2023-04-01,04F,0.0,0.0
2024-01-01,04F,0.0,0.0
2024-02-01,04F,0.0,0.0
2022-04-01,04F,0.0,0.0
2026-02-01,04F,0.0,0.0
2021-08-01,04F,0.0,0.0
2022-09-01,04F,0.0,0.0
2023-02-01,04F,0.0,0.0
2025-10-01,04F,0.0,0.0
2021-07-01,04F,0.0,0.0
2023-12-01,04F,0.0,0.0
2025-02-01,04F,0.0,0.0
2022-01-01,04F,0.0,0.0
2024-06-01,04F,0.0,0.0
2024-07-01,04F,0.0,0.0
2024-10-01,04F,0.0,0.0
2022-03-01,04F,0.0,0.0
2024-04-01,04F,0.0,0.0
2023-06-01,04F,0.0,0.0
2024-03-01,04F,0.0,0.0
2025-11-01,04F,0.0,0.0
2021-06-01,04F,0.0,0.0
2023-03-01,04F,0.0,0.0
2023-11-01,04F,0.0,0.0
2024-09-01,04F,0.0,0.0
2026-05-01,04F,0.0,0.0
2026-03-01,04F,0.0,0.0
2026-06-01,04F,0.0,0.0
2022-12-01,04F,0.0,0.0
2026-01-01,04F,0.0,0.0
2023-08-01,04F,0.0,0.0
2023-05-01,04F,0.0,0.0
2025-09-01,04F,0.0,0.0
2025-07-01,04F,0.0,0.0
2022-10-01,04F,0.0,0.0
2025-04-01,04F,0.0,0.0
2023-09-01,04F,0.0,0.0
2024-12-01,04F,0.0,0.0
2025-08-01,04F,0.0,0.0
2026-04-01,04G,0.0,0.0
2025-06-01,04G,0.0,0.0
2024-05-01,04G,0.0,0.0
2023-02-01,04G,0.0,0.0
2026-06-01,04G,0.0,0.0
2021-12-01,04G,0.0,0.0
2025-10-01,04G,0.0,0.0
2021-07-01,04G,0.0,0.0
2025-01-01,04G,0.0,0.0
2023-08-01,04G,0.0,0.0
2024-06-01,04G,0.0,0.0
2024-12-01,04G,0.0,0.0
2025-02-01,04G,0.0,0.0
2024-10-01,04G,0.0,0.0
2022-10-01,04G,0.0,0.0
2023-03-01,04G,0.0,0.0
2024-02-01,04G,0.0,0.0
2025-12-01,04G,0.0,0.0
2024-07-01,04G,0.0,0.0
2022-06-01,04G,0.0,0.0
2023-11-01,04G,0.0,0.0
2023-01-01,04G,0.0,0.0
2025-03-01,04G,0.0,0.0
2022-11-01,04G,0.0,0.0
2022-03-01,04G,0.0,0.0
2023-04-01,04G,0.0,0.0
2026-05-01,04G,0.0,0.0
2023-10-01,04G,0.0,0.0
2026-02-01,04G,0.0,0.0
2023-07-01,04G,0.0,0.0
2021-11-01,04G,0.0,0.0
2022-05-01,04G,0.0,0.0
2024-11-01,04G,0.0,0.0
2023-05-01,04G,0.0,0.0
2022-01-01,04G,0.0,0.0
2024-09-01,04G,0.0,0.0
2023-06-01,04G,0.0,0.0
2026-03-01,04G,0.0,0.0
2022-08-01,04G,0.0,0.0
2022-12-01,04G,0.0,0.0
2026-01-01,04G,0.0,0.0
2021-10-01,04G,0.0,0.0
2025-09-01,04G,0.0,0.0
2024-04-01,04G,0.0,0.0
2021-06-01,04G,0.0,0.0
2022-02-01,04G,0.0,0.0
2022-09-01,04G,0.0,0.0
2024-01-01,04G,0.0,0.0
2022-07-01,04G,0.0,0.0
2025-05-01,04G,0.0,0.0
2022-04-01,04G,0.0,0.0
2025-11-01,04G,0.0,0.0
2021-08-01,04G,0.0,0.0
2024-03-01,04G,0.0,0.0
2021-09-01,04G,0.0,0.0
2024-08-01,04G,0.0,0.0
2025-07-01,04G,0.0,0.0
2023-09-01,04G,0.0,0.0
2025-08-01,04G,0.0,0.0
2023-12-01,04G,0.0,0.0
2025-04-01,04G,0.0,0.0
2021-06-01,04H,0.0,0.0
2021-07-01,04H,0.0,0.0
2026-05-01,04H,0.0,0.0
2022-11-01,04H,0.0,0.0
2024-02-01,04H,0.0,0.0
2024-09-01,04H,0.0,0.0
2026-01-01,04H,0.0,0.0
2022-04-01,04H,0.0,0.0
2025-08-01,04H,0.0,0.0
2024-11-01,04H,0.0,0.0
2026-06-01,04H,0.0,0.0
2022-01-01,04H,0.0,0.0
2025-09-01,04H,0.0,0.0
2021-08-01,04H,0.0,0.0
2021-11-01,04H,0.0,0.0
2022-08-01,04H,0.0,0.0
2025-05-01,04H,0.0,0.0
2023-07-01,04H,0.0,0.0
2023-11-01,04H,0.0,0.0
2024-10-01,04H,0.0,0.0
2023-02-01,04H,0.0,0.0
2025-11-01,04H,0.0,0.0
2025-04-01,04H,0.0,0.0
2025-10-01,04H,0.0,0.0
2026-04-01,04H,0.0,0.0
2023-03-01,04H,0.0,0.0
2025-06-01,04H,0.0,0.0
2021-10-01,04H,0.0,0.0
2025-12-01,04H,0.0,0.0
2023-04-01,04H,0.0,0.0
2024-03-01,04H,0.0,0.0
2024-01-01,04H,0.0,0.0
2025-07-01,04H,0.0,0.0
2022-02-01,04H,0.0,0.0
2022-09-01,04H,0.0,0.0
2025-03-01,04H,0.0,0.0
2026-02-01,04H,0.0,0.0
2024-05-01,04H,0.0,0.0
2024-12-01,04H,0.0,0.0
2025-02-01,04H,0.0,0.0
2022-05-01,04H,0.0,0.0
2022-10-01,04H,0.0,0.0
2024-06-01,04H,0.0,0.0
2024-08-01,04H,0.0,0.0
2021-09-01,04H,0.0,0.0
2022-03-01,04H,0.0,0.0
2022-06-01,04H,0.0,0.0
2023-12-01,04H,0.0,0.0
2021-12-01,04H,0.0,0.0
2023-08-01,04H,0.0,0.0
2025-01-01,04H,0.0,0.0
2024-04-01,04H,0.0,0.0
2022-12-01,04H,0.0,0.0
2023-10-01,04H,0.0,0.0
2026-03-01,04H,0.0,0.0
2023-01-01,04H,0.0,0.0
2022-07-01,04H,0.0,0.0
2023-05-01,04H,0.0,0.0
2023-06-01,04H,0.0,0.0
2023-09-01,04H,0.0,0.0
2024-07-01,04H,0.0,0.0
2022-12-01,04J,0.0,0.0
2024-06-01,04J,0.0,0.0
2024-07-01,04J,0.0,0.0
2021-06-01,04J,0.0,0.0
2025-01-01,04J,0.0,0.0
2021-09-01,04J,0.0,0.0
2022-01-01,04J,0.0,0.0
2021-12-01,04J,0.0,0.0
2025-05-01,04J,0.0,0.0
2025-08-01,04J,0.0,0.0
2021-07-01,04J,0.0,0.0
2025-07-01,04J,0.0,0.0
2022-04-01,04J,0.0,0.0
2022-07-01,04J,0.0,0.0
2024-11-01,04J,0.0,0.0
2021-08-01,04J,0.0,0.0
2022-11-01,04J,0.0,0.0
2024-05-01,04J,0.0,0.0
2022-05-01,04J,0.0,0.0
2025-09-01,04J,0.0,0.0
2026-03-01,04J,0.0,0.0
2025-03-01,04J,0.0,0.0
2023-08-01,04J,0.0,0.0
2026-04-01,04J,0.0,0.0
2023-01-01,04J,0.0,0.0
2023-11-01,04J,0.0,0.0
2022-03-01,04J,0.0,0.0
2021-10-01,04J,0.0,0.0
2026-06-01,04J,0.0,0.0
2025-04-01,04J,0.0,0.0
2023-12-01,04J,0.0,0.0
2026-05-01,04J,0.0,0.0
2023-06-01,04J,0.0,0.0
2023-10-01,04J,0.0,0.0
2023-09-01,04J,0.0,0.0
2022-10-01,04J,0.0,0.0
2023-07-01,04J,0.0,0.0
2024-10-01,04J,0.0,0.0
2023-03-01,04J,0.0,0.0
2025-02-01,04J,0.0,0.0
2025-10-01,04J,0.0,0.0
2022-02-01,04J,0.0,0.0
2024-03-01,04J,0.0,0.0
2023-05-01,04J,0.0,0.0
2025-12-01,04J,0.0,0.0
2022-09-01,04J,0.0,0.0
2024-01-01,04J,0.0,0.0
2024-04-01,04J,0.0,0.0
2025-11-01,04J,0.0,0.0
2026-02-01,04J,0.0,0.0
2024-08-01,04J,0.0,0.0
2022-08-01,04J,0.0,0.0
2022-06-01,04J,0.0,0.0
2024-09-01,04J,0.0,0.0
2023-02-01,04J,0.0,0.0
2023-04-01,04J,0.0,0.0
2024-12-01,04J,0.0,0.0
2021-11-01,04J,0.0,0.0
2024-02-01,04J,0.0,0.0
2025-06-01,04J,0.0,0.0
2026-01-01,04J,0.0,0.0
2026-02-01,04K,0.0,0.0
2022-04-01,04K,0.0,0.0
2021-09-01,04K,0.0,0.0
2022-12-01,04K,0.0,0.0
2024-12-01,04K,0.0,0.0
2025-11-01,04K,0.0,0.0
2022-01-01,04K,0.0,0.0
2023-11-01,04K,0.0,0.0
2025-09-01,04K,0.0,0.0
2023-02-01,04K,0.0,0.0
2025-03-01,04K,0.0,0.0
2022-09-01,04K,0.0,0.0
2026-01-01,04K,0.0,0.0
2024-01-01,04K,0.0,0.0
2024-04-01,04K,0.0,0.0
2023-12-01,04K,0.0,0.0
2021-10-01,04K,0.0,0.0
2024-06-01,04K,0.0,0.0
2026-05-01,04K,0.0,0.0
2021-12-01,04K,0.0,0.0
2023-09-01,04K,0.0,0.0
2025-04-01,04K,0.0,0.0
2023-05-01,04K,0.0,0.0
2024-07-01,04K,0.0,0.0
2023-08-01,04K,0.0,0.0
2025-02-01,04K,0.0,0.0
2026-06-01,04K,0.0,0.0
2022-08-01,04K,0.0,0.0
2025-08-01,04K,0.0,0.0
2025-12-01,04K,0.0,0.0
2021-11-01,04K,0.0,0.0
2023-03-01,04K,0.0,0.0
2024-10-01,04K,0.0,0.0
2023-01-01,04K,0.0,0.0
2024-03-01,04K,0.0,0.0
2024-08-01,04K,0.0,0.0
2024-09-01,04K,0.0,0.0
2024-02-01,04K,0.0,0.0
2024-11-01,04K,0.0,0.0
2022-02-01,04K,0.0,0.0
2024-05-01,04K,0.0,0.0
2021-06-01,04K,0.0,0.0
2021-07-01,04K,0.0,0.0
2023-04-01,04K,0.0,0.0
2023-10-01,04K,0.0,0.0
2025-05-01,04K,0.0,0.0
2025-06-01,04K,0.0,0.0
2021-08-01,04K,0.0,0.0
2025-01-01,04K,0.0,0.0
2023-07-01,04K,0.0,0.0
2022-06-01,04K,0.0,0.0
2022-03-01,04K,0.0,0.0
2022-10-01,04K,0.0,0.0
2023-06-01,04K,0.0,0.0
2025-10-01,04K,0.0,0.0
2022-07-01,04K,0.0,0.0
2022-11-01,04K,0.0,0.0
2026-03-01,04K,0.0,0.0
2025-07-01,04K,0.0,0.0
2022-05-01,04K,0.0,0.0
2026-04-01,04K,0.0,0.0
2022-06-01,04L,0.0,0.0
2024-09-01,04L,0.0,0.0
2022-09-01,04L,0.0,0.0
2025-11-01,04L,0.0,0.0
2026-02-01,04L,0.0,0.0
2021-09-01,04L,0.0,0.0
2021-11-01,04L,0.0,0.0
2025-08-01,04L,0.0,0.0
2022-08-01,04L,0.0,0.0
2025-01-01,04L,0.0,0.0
2025-12-01,04L,0.0,0.0
2022-10-01,04L,0.0,0.0
2024-02-01,04L,0.0,0.0
2025-07-01,04L,0.0,0.0
2023-02-01,04L,0.0,0.0
2024-10-01,04L,0.0,0.0
2022-04-01,04L,0.0,0.0
2026-04-01,04L,0.0,0.0
2021-10-01,04L,0.0,0.0
2022-12-01,04L,0.0,0.0
2024-11-01,04L,0.0,0.0
2022-02-01,04L,0.0,0.0
2023-04-01,04L,0.0,0.0
2026-01-01,04L,0.0,0.0
2026-05-01,04L,0.0,0.0
2024-01-01,04L,0.0,0.0
2022-11-01,04L,0.0,0.0
2026-06-01,04L,0.0,0.0
2021-12-01,04L,0.0,0.0
2025-04-01,04L,0.0,0.0
2021-08-01,04L,0.0,0.0
2022-07-01,04L,0.0,0.0
2024-12-01,04L,0.0,0.0
2022-03-01,04L,0.0,0.0
2025-05-01,04L,0.0,0.0
2025-10-01,04L,0.0,0.0
2023-11-01,04L,0.0,0.0
2022-05-01,04L,0.0,0.0
2023-03-01,04L,0.0,0.0
2021-06-01,04L,0.0,0.0
2023-01-01,04L,0.0,0.0
2023-06-01,04L,0.0,0.0
2023-12-01,04L,0.0,0.0
2024-08-01,04L,0.0,0.0
2024-03-01,04L,0.0,0.0
2024-07-01,04L,0.0,0.0
2022-01-01,04L,0.0,0.0
2021-07-01,04L,0.0,0.0
2024-04-01,04L,0.0,0.0
2024-05-01,04L,0.0,0.0
2025-06-01,04L,0.0,0.0
2025-09-01,04L,0.0,0.0
2023-05-01,04L,0.0,0.0
2023-07-01,04L,0.0,0.0
2025-02-01,04L,0.0,0.0
2025-03-01,04L,0.0,0.0
2024-06-01,04L,0.0,0.0
2023-09-01,04L,0.0,0.0
2023-10-01,04L,0.0,0.0
2026-03-01,04L,0.0,0.0
2023-08-01,04L,0.0,0.0
2022-08-01,04M,0.0,0.0
2024-10-01,04M,0.0,0.0
2025-03-01,04M,0.0,0.0
2024-03-01,04M,0.0,0.0
2022-05-01,04M,0.0,0.0
2023-08-01,04M,0.0,0.0
2022-07-01,04M,0.0,0.0
2022-02-01,04M,0.0,0.0
2025-08-01,04M,0.0,0.0
2021-09-01,04M,0.0,0.0
2021-10-01,04M,0.0,0.0
2023-06-01,04M,0.0,0.0
2024-04-01,04M,0.0,0.0
2022-04-01,04M,0.0,0.0
2026-01-01,04M,0.0,0.0
2022-01-01,04M,0.0,0.0
2026-06-01,04M,0.0,0.0
2024-08-01,04M,0.0,0.0
2023-01-01,04M,0.0,0.0
2025-11-01,04M,0.0,0.0
2023-05-01,04M,0.0,0.0
2024-07-01,04M,0.0,0.0
2022-12-01,04M,0.0,0.0
2025-06-01,04M,0.0,0.0
2024-11-01,04M,0.0,0.0
2024-02-01,04M,0.0,0.0
2023-12-01,04M,0.0,0.0
2025-07-01,04M,0.0,0.0
2021-12-01,04M,0.0,0.0
2025-02-01,04M,0.0,0.0
2024-12-01,04M,0.0,0.0
2025-04-01,04M,0.0,0.0
2021-07-01,04M,0.0,0.0
2025-01-01,04M,0.0,0.0
2023-03-01,04M,0.0,0.0
2022-09-01,04M,0.0,0.0
2021-11-01,04M,0.0,0.0
2023-04-01,04M,0.0,0.0
2026-02-01,04M,0.0,0.0
2026-05-01,04M,0.0,0.0
2023-11-01,04M,0.0,0.0
2022-03-01,04M,0.0,0.0
2023-09-01,04M,0.0,0.0
2021-08-01,04M,0.0,0.0
2023-07-01,04M,0.0,0.0
2022-06-01,04M,0.0,0.0
2022-11-01,04M,0.0,0.0
2024-09-01,04M,0.0,0.0
2026-04-01,04M,0.0,0.0
2022-10-01,04M,0.0,0.0
2023-02-01,04M,0.0,0.0
2024-01-01,04M,0.0,0.0
2023-10-01,04M,0.0,0.0
2024-06-01,04M,0.0,0.0
2021-06-01,04M,0.0,0.0
2025-10-01,04M,0.0,0.0
2024-05-01,04M,0.0,0.0
2025-05-01,04M,0.0,0.0
2025-12-01,04M,0.0,0.0
2025-09-01,04M,0.0,0.0
2026-03-01,04M,0.0,0.0
2022-12-01,04Q,0.0,0.0
2021-07-01,04Q,0.0,0.0
2022-01-01,04Q,0.0,0.0
2024-10-01,04Q,0.0,0.0
2026-05-01,04Q,0.0,0.0
2021-10-01,04Q,0.0,0.0
2025-11-01,04Q,0.0,0.0
2026-02-01,04Q,0.0,0.0
2025-10-01,04Q,0.0,0.0
2022-10-01,04Q,0.0,0.0
2025-04-01,04Q,0.0,0.0
2024-08-01,04Q,0.0,0.0
2026-06-01,04Q,0.0,0.0
2021-06-01,04Q,0.0,0.0
2024-01-01,04Q,0.0,0.0
2024-05-01,04Q,0.0,0.0
2025-02-01,04Q,0.0,0.0
2025-08-01,04Q,0.0,0.0
2022-11-01,04Q,0.0,0.0
2024-11-01,04Q,0.0,0.0
2025-05-01,04Q,0.0,0.0
2024-09-01,04Q,0.0,0.0
2023-10-01,04Q,0.0,0.0
2023-08-01,04Q,0.0,0.0
2023-12-01,04Q,0.0,0.0
2024-02-01,04Q,0.0,0.0
2026-04-01,04Q,0.0,0.0
2021-11-01,04Q,0.0,0.0
2025-09-01,04Q,0.0,0.0
2026-03-01,04Q,0.0,0.0
2023-09-01,04Q,0.0,0.0
2021-12-01,04Q,0.0,0.0
2022-08-01,04Q,0.0,0.0
2023-06-01,04Q,0.0,0.0
2024-12-01,04Q,0.0,0.0
2022-07-01,04Q,0.0,0.0
2023-04-01,04Q,0.0,0.0
2025-12-01,04Q,0.0,0.0
2022-02-01,04Q,0.0,0.0
2022-04-01,04Q,0.0,0.0
2023-11-01,04Q,0.0,0.0
2025-03-01,04Q,0.0,0.0
2022-09-01,04Q,0.0,0.0
2024-04-01,04Q,0.0,0.0
2023-02-01,04Q,0.0,0.0
2024-06-01,04Q,0.0,0.0
2024-07-01,04Q,0.0,0.0
2022-05-01,04Q,0.0,0.0
2025-01-01,04Q,0.0,0.0
2021-09-01,04Q,0.0,0.0
2022-06-01,04Q,0.0,0.0
2023-03-01,04Q,0.0,0.0
2023-05-01,04Q,0.0,0.0
2025-06-01,04Q,0.0,0.0
2026-01-01,04Q,0.0,0.0
2024-03-01,04Q,0.0,0.0
2022-03-01,04Q,0.0,0.0
2021-08-01,04Q,0.0,0.0
2023-07-01,04Q,0.0,0.0
2025-07-01,04Q,0.0,0.0
2023-01-01,04Q,0.0,0.0
2021-12-01,04R,0.0,0.0
2023-06-01,04R,0.0,0.0
2025-12-01,04R,0.0,0.0
2026-03-01,04R,0.0,0.0
2023-11-01,04R,0.0,0.0
2024-05-01,04R,0.0,0.0
2022-02-01,04R,0.0,0.0
2022-12-01,04R,0.0,0.0
2024-08-01,04R,0.0,0.0
2024-11-01,04R,0.0,0.0
2025-02-01,04R,0.0,0.0
2022-11-01,04R,0.0,0.0
2021-10-01,04R,0.0,0.0
2024-01-01,04R,0.0,0.0
2023-03-01,04R,0.0,0.0
2025-08-01,04R,0.0,0.0
2023-05-01,04R,0.0,0.0
2025-03-01,04R,0.0,0.0
2025-11-01,04R,0.0,0.0
2025-09-01,04R,0.0,0.0
2021-11-01,04R,0.0,0.0
2022-04-01,04R,0.0,0.0
2024-02-01,04R,0.0,0.0
2023-02-01,04R,0.0,0.0
2024-09-01,04R,0.0,0.0
2026-01-01,04R,0.0,0.0
2023-04-01,04R,0.0,0.0
2023-12-01,04R,0.0,0.0
2026-02-01,04R,0.0,0.0
2021-08-01,04R,0.0,0.0
2024-10-01,04R,0.0,0.0
2022-09-01,04R,0.0,0.0
2024-12-01,04R,0.0,0.0
2022-07-01,04R,0.0,0.0
2023-01-01,04R,0.0,0.0
2022-08-01,04R,0.0,0.0
2025-10-01,04R,0.0,0.0
2021-06-01,04R,0.0,0.0
2026-04-01,04R,0.0,0.0
2021-07-01,04R,0.0,0.0
2022-01-01,04R,0.0,0.0
2022-06-01,04R,0.0,0.0
2025-04-01,04R,0.0,0.0
2025-05-01,04R,0.0,0.0
2023-08-01,04R,0.0,0.0
2026-06-01,04R,0.0,0.0
2023-10-01,04R,0.0,0.0
2023-09-01,04R,0.0,0.0
2024-06-01,04R,0.0,0.0
2024-03-01,04R,0.0,0.0
2024-04-01,04R,0.0,0.0
2022-05-01,04R,0.0,0.0
2022-03-01,04R,0.0,0.0
2022-10-01,04R,0.0,0.0
2025-01-01,04R,0.0,0.0
2026-05-01,04R,0.0,0.0
2025-06-01,04R,0.0,0.0
2023-07-01,04R,0.0,0.0
2025-07-01,04R,0.0,0.0
2021-09-01,04R,0.0,0.0
2024-07-01,04R,0.0,0.0
2023-09-01,04X,0.0,0.0
2022-12-01,04X,0.0,0.0
2023-04-01,04X,0.0,0.0
2024-10-01,04X,0.0,0.0
2024-12-01,04X,0.0,0.0
2023-01-01,04X,0.0,0.0
2023-02-01,04X,0.0,0.0
2024-01-01,04X,0.0,0.0
2023-05-01,04X,0.0,0.0
2024-09-01,04X,0.0,0.0
2023-08-01,04X,0.0,0.0
2025-05-01,04X,0.0,0.0
2023-06-01,04X,0.0,0.0
2026-03-01,04X,0.0,0.0
2022-08-01,04X,0.0,0.0
2024-03-01,04X,0.0,0.0
2024-06-01,04X,0.0,0.0
2026-01-01,04X,0.0,0.0
2022-02-01,04X,0.0,0.0
2022-11-01,04X,0.0,0.0
2021-07-01,04X,0.0,0.0
2021-08-01,04X,0.0,0.0
2025-04-01,04X,0.0,0.0
2024-02-01,04X,0.0,0.0
2026-04-01,04X,0.0,0.0
2026-05-01,04X,0.0,0.0
2025-03-01,04X,0.0,0.0
2025-12-01,04X,0.0,0.0
2024-08-01,04X,0.0,0.0
2021-09-01,04X,0.0,0.0
2022-09-01,04X,0.0,0.0
2026-02-01,04X,0.0,0.0
2022-04-01,04X,0.0,0.0
2025-10-01,04X,0.0,0.0
2024-04-01,04X,0.0,0.0
2022-01-01,04X,0.0,0.0
2025-08-01,04X,0.0,0.0
2021-10-01,04X,0.0,0.0
2025-06-01,04X,0.0,0.0
2021-11-01,04X,0.0,0.0
2023-03-01,04X,0.0,0.0
2023-12-01,04X,0.0,0.0
2022-07-01,04X,0.0,0.0
2023-10-01,04X,0.0,0.0
2023-11-01,04X,0.0,0.0
2025-01-01,04X,0.0,0.0
2026-06-01,04X,0.0,0.0
2022-10-01,04X,0.0,0.0
2023-07-01,04X,0.0,0.0
2024-05-01,04X,0.0,0.0
2025-09-01,04X,0.0,0.0
2025-11-01,04X,0.0,0.0
2022-03-01,04X,0.0,0.0
2022-06-01,04X,0.0,0.0
2025-07-01,04X,0.0,0.0
2021-06-01,04X,0.0,0.0
2024-07-01,04X,0.0,0.0
2025-02-01,04X,0.0,0.0
2021-12-01,04X,0.0,0.0
2022-05-01,04X,0.0,0.0
2024-11-01,04X,0.0,0.0
2023-03-01,05A,0.0,0.0
2022-06-01,05A,0.0,0.0
2021-07-01,05A,0.0,0.0
2022-07-01,05A,0.0,0.0
2025-03-01,05A,0.0,0.0
2022-11-01,05A,0.0,0.0
2023-05-01,05A,0.0,0.0
2022-03-01,05A,0.0,0.0
2023-09-01,05A,0.0,0.0
2025-11-01,05A,0.0,0.0
2022-04-01,05A,0.0,0.0
2022-05-01,05A,0.0,0.0
2023-10-01,05A,0.0,0.0
2024-06-01,05A,0.0,0.0
2025-10-01,05A,0.0,0.0
2022-10-01,05A,0.0,0.0
2024-04-01,05A,0.0,0.0
2025-04-01,05A,0.0,0.0
2025-06-01,05A,0.0,0.0
2026-02-01,05A,0.0,0.0
2024-08-01,05A,0.0,0.0
2025-01-01,05A,0.0,0.0
2023-12-01,05A,0.0,0.0
2022-08-01,05A,0.0,0.0
2024-01-01,05A,0.0,0.0
2026-05-01,05A,0.0,0.0
2024-03-01,05A,0.0,0.0
2022-09-01,05A,0.0,0.0
2023-07-01,05A,0.0,0.0
2024-11-01,05A,0.0,0.0
2022-01-01,05A,0.0,0.0
2023-02-01,05A,0.0,0.0
2023-04-01,05A,0.0,0.0
2025-07-01,05A,0.0,0.0
2022-02-01,05A,0.0,0.0
2021-06-01,05A,0.0,0.0
2023-06-01,05A,0.0,0.0
2023-11-01,05A,0.0,0.0
2024-10-01,05A,0.0,0.0
2025-12-01,05A,0.0,0.0
2024-02-01,05A,0.0,0.0
2021-11-01,05A,0.0,0.0
2024-12-01,05A,0.0,0.0
2026-04-01,05A,0.0,0.0
2021-08-01,05A,0.0,0.0
2022-12-01,05A,0.0,0.0
2025-08-01,05A,0.0,0.0
2024-07-01,05A,0.0,0.0
2024-05-01,05A,0.0,0.0
2025-02-01,05A,0.0,0.0
2021-09-01,05A,0.0,0.0
2021-12-01,05A,0.0,0.0
2023-01-01,05A,0.0,0.0
2023-08-01,05A,0.0,0.0
2026-01-01,05A,0.0,0.0
2026-03-01,05A,0.0,0.0
2026-06-01,05A,0.0,0.0
2021-10-01,05A,0.0,0.0
2025-09-01,05A,0.0,0.0
2024-09-01,05A,0.0,0.0
2025-05-01,05A,0.0,0.0
2023-09-01,05C,0.0,0.0
2025-07-01,05C,0.0,0.0
2026-02-01,05C,0.0,0.0
2023-06-01,05C,0.0,0.0
2025-01-01,05C,0.0,0.0
2025-03-01,05C,0.0,0.0
2022-01-01,05C,0.0,0.0
2024-08-01,05C,0.0,0.0
2026-05-01,05C,0.0,0.0
2024-03-01,05C,0.0,0.0
2024-04-01,05C,0.0,0.0
2025-11-01,05C,0.0,0.0
2021-07-01,05C,0.0,0.0
2021-10-01,05C,0.0,0.0
2025-06-01,05C,0.0,0.0
2023-04-01,05C,0.0,0.0
2022-09-01,05C,0.0,0.0
2023-10-01,05C,0.0,0.0
2024-10-01,05C,0.0,0.0
2022-07-01,05C,0.0,0.0
2023-11-01,05C,0.0,0.0
2025-05-01,05C,0.0,0.0
2021-11-01,05C,0.0,0.0
2023-05-01,05C,0.0,0.0
2023-12-01,05C,0.0,0.0
2025-09-01,05C,0.0,0.0
2022-04-01,05C,0.0,0.0
2022-05-01,05C,0.0,0.0
2024-07-01,05C,0.0,0.0
2025-02-01,05C,0.0,0.0
2026-03-01,05C,0.0,0.0
2022-08-01,05C,0.0,0.0
2024-01-01,05C,0.0,0.0
2024-02-01,05C,0.0,0.0
2025-08-01,05C,0.0,0.0
2021-08-01,05C,0.0,0.0
2022-11-01,05C,0.0,0.0
2023-07-01,05C,0.0,0.0
2024-12-01,05C,0.0,0.0
2024-11-01,05C,0.0,0.0
2025-04-01,05C,0.0,0.0
2022-10-01,05C,0.0,0.0
2023-03-01,05C,0.0,0.0
2023-01-01,05C,0.0,0.0
2021-09-01,05C,0.0,0.0
2022-12-01,05C,0.0,0.0
2022-02-01,05C,0.0,0.0
2025-10-01,05C,0.0,0.0
2025-12-01,05C,0.0,0.0
2022-06-01,05C,0.0,0.0
2024-05-01,05C,0.0,0.0
2021-12-01,05C,0.0,0.0
2024-09-01,05C,0.0,0.0
2026-01-01,05C,0.0,0.0
2022-03-01,05C,0.0,0.0
2024-06-01,05C,0.0,0.0
2026-06-01,05C,0.0,0.0
2021-06-01,05C,0.0,0.0
2023-02-01,05C,0.0,0.0
2023-08-01,05C,0.0,0.0
2026-04-01,05C,0.0,0.0
2026-01-01,05F,0.0,0.0
2026-04-01,05F,0.0,0.0
2023-04-01,05F,0.0,0.0
2022-01-01,05F,0.0,0.0
2021-10-01,05F,0.0,0.0
2022-05-01,05F,0.0,0.0
2024-08-01,05F,0.0,0.0
2023-07-01,05F,0.0,0.0
2025-05-01,05F,0.0,0.0
2026-03-01,05F,0.0,0.0
2024-09-01,05F,0.0,0.0
2026-06-01,05F,0.0,0.0
2021-11-01,05F,0.0,0.0
2022-06-01,05F,0.0,0.0
2023-08-01,05F,0.0,0.0
2026-05-01,05F,0.0,0.0
2024-03-01,05F,0.0,0.0
2025-09-01,05F,0.0,0.0
2023-10-01,05F,0.0,0.0
2025-06-01,05F,0.0,0.0
2021-08-01,05F,0.0,0.0
2025-12-01,05F,0.0,0.0
2021-06-01,05F,0.0,0.0
2025-04-01,05F,0.0,0.0
2025-03-01,05F,0.0,0.0
2022-09-01,05F,0.0,0.0
2023-09-01,05F,0.0,0.0
2023-05-01,05F,0.0,0.0
2024-04-01,05F,0.0,0.0
2025-08-01,05F,0.0,0.0
2023-01-01,05F,0.0,0.0
2022-02-01,05F,0.0,0.0
2023-11-01,05F,0.0,0.0
2024-07-01,05F,0.0,0.0
2025-01-01,05F,0.0,0.0
2021-12-01,05F,0.0,0.0
2022-03-01,05F,0.0,0.0
2025-02-01,05F,0.0,0.0
2025-07-01,05F,0.0,0.0
2022-08-01,05F,0.0,0.0
2024-06-01,05F,0.0,0.0
2024-01-01,05F,0.0,0.0
2024-05-01,05F,0.0,0.0
2022-10-01,05F,0.0,0.0
2021-09-01,05F,0.0,0.0
2024-02-01,05F,0.0,0.0
2022-12-01,05F,0.0,0.0
2023-03-01,05F,0.0,0.0
2023-06-01,05F,0.0,0.0
2021-07-01,05F,0.0,0.0
2023-12-01,05F,0.0,0.0
2022-04-01,05F,0.0,0.0
2022-11-01,05F,0.0,0.0
2024-11-01,05F,0.0,0.0
2025-10-01,05F,0.0,0.0
2023-02-01,05F,0.0,0.0
2025-11-01,05F,0.0,0.0
2024-12-01,05F,0.0,0.0
2022-07-01,05F,0.0,0.0
2024-10-01,05F,0.0,0.0
2026-02-01,05F,0.0,0.0
2022-06-01,05H,0.0,0.0
2022-08-01,05H,0.0,0.0
2022-09-01,05H,0.0,0.0
2023-01-01,05H,0.0,0.0
2025-01-01,05H,0.0,0.0
2025-09-01,05H,0.0,0.0
2024-06-01,05H,0.0,0.0
2025-11-01,05H,0.0,0.0
2025-10-01,05H,0.0,0.0
2025-03-01,05H,0.0,0.0
2026-05-01,05H,0.0,0.0
2021-10-01,05H,0.0,0.0
2025-05-01,05H,0.0,0.0
2026-02-01,05H,0.0,0.0
2022-11-01,05H,0.0,0.0
2024-01-01,05H,0.0,0.0
2023-03-01,05H,0.0,0.0
2022-02-01,05H,0.0,0.0
2022-03-01,05H,0.0,0.0
2022-12-01,05H,0.0,0.0
2022-05-01,05H,0.0,0.0
2024-11-01,05H,0.0,0.0
2024-04-01,05H,0.0,0.0
2025-04-01,05H,0.0,0.0
2021-11-01,05H,0.0,0.0
2021-08-01,05H,0.0,0.0
2025-12-01,05H,0.0,0.0
2022-04-01,05H,0.0,0.0
2026-06-01,05H,0.0,0.0
2025-07-01,05H,0.0,0.0
2024-02-01,05H,0.0,0.0
2026-03-01,05H,0.0,0.0
2023-07-01,05H,0.0,0.0
2023-05-01,05H,0.0,0.0
2023-06-01,05H,0.0,0.0
2023-04-01,05H,0.0,0.0
2024-07-01,05H,0.0,0.0
2021-12-01,05H,0.0,0.0
2024-09-01,05H,0.0,0.0
2024-10-01,05H,0.0,0.0
2024-05-01,05H,0.0,0.0
2024-08-01,05H,0.0,0.0
2021-07-01,05H,0.0,0.0
2022-10-01,05H,0.0,0.0
2025-02-01,05H,0.0,0.0
2023-09-01,05H,0.0,0.0
2025-06-01,05H,0.0,0.0
2023-02-01,05H,0.0,0.0
2022-07-01,05H,0.0,0.0
2023-08-01,05H,0.0,0.0
2023-12-01,05H,0.0,0.0
2025-08-01,05H,0.0,0.0
2023-11-01,05H,0.0,0.0
2024-12-01,05H,0.0,0.0
2022-01-01,05H,0.0,0.0
2021-06-01,05H,0.0,0.0
2023-10-01,05H,0.0,0.0
2021-09-01,05H,0.0,0.0
2026-04-01,05H,0.0,0.0
2024-03-01,05H,0.0,0.0
2026-01-01,05H,0.0,0.0
2023-08-01,05L,0.0,0.0
2022-06-01,05L,0.0,0.0
2021-11-01,05L,0.0,0.0
2022-03-01,05L,0.0,0.0
2023-05-01,05L,0.0,0.0
2024-05-01,05L,0.0,0.0
2025-02-01,05L,0.0,0.0
2023-09-01,05L,0.0,0.0
2021-12-01,05L,0.0,0.0
2021-07-01,05L,0.0,0.0
2022-02-01,05L,0.0,0.0
2024-09-01,05L,0.0,0.0
2026-04-01,05L,0.0,0.0
2023-03-01,05L,0.0,0.0
2025-03-01,05L,0.0,0.0
2023-01-01,05L,0.0,0.0
2022-09-01,05L,0.0,0.0
2024-10-01,05L,0.0,0.0
2022-08-01,05L,0.0,0.0
2026-01-01,05L,0.0,0.0
2022-05-01,05L,0.0,0.0
2023-12-01,05L,0.0,0.0
2023-11-01,05L,0.0,0.0
2024-02-01,05L,0.0,0.0
2024-12-01,05L,0.0,0.0
2022-04-01,05L,0.0,0.0
2022-10-01,05L,0.0,0.0
2022-11-01,05L,0.0,0.0
2023-06-01,05L,0.0,0.0
2024-04-01,05L,0.0,0.0
2025-11-01,05L,0.0,0.0
2026-03-01,05L,0.0,0.0
2023-04-01,05L,0.0,0.0
2024-11-01,05L,0.0,0.0
2021-06-01,05L,0.0,0.0
2022-07-01,05L,0.0,0.0
2025-06-01,05L,0.0,0.0
2022-01-01,05L,0.0,0.0
2024-03-01,05L,0.0,0.0
2024-06-01,05L,0.0,0.0
2023-02-01,05L,0.0,0.0
2026-06-01,05L,0.0,0.0
2021-10-01,05L,0.0,0.0
2025-08-01,05L,0.0,0.0
2026-05-01,05L,0.0,0.0
2025-12-01,05L,0.0,0.0
2024-01-01,05L,0.0,0.0
2024-07-01,05L,0.0,0.0
2025-07-01,05L,0.0,0.0
2025-05-01,05L,0.0,0.0
2025-10-01,05L,0.0,0.0
2023-10-01,05L,0.0,0.0
2026-02-01,05L,0.0,0.0
2021-08-01,05L,0.0,0.0
2024-08-01,05L,0.0,0.0
2025-01-01,05L,0.0,0.0
2021-09-01,05L,0.0,0.0
2025-04-01,05L,0.0,0.0
2023-07-01,05L,0.0,0.0
2022-12-01,05L,0.0,0.0
2025-09-01,05L,0.0,0.0
2023-09-01,05N,0.0,0.0
2022-03-01,05N,0.0,0.0
2024-04-01,05N,0.0,0.0
2024-11-01,05N,0.0,0.0
2026-01-01,05N,0.0,0.0
2024-05-01,05N,0.0,0.0
2023-03-01,05N,0.0,0.0
2023-08-01,05N,0.0,0.0
2024-09-01,05N,0.0,0.0
2022-07-01,05N,0.0,0.0
2025-12-01,05N,0.0,0.0
2026-03-01,05N,0.0,0.0
2026-05-01,05N,0.0,0.0
2021-09-01,05N,0.0,0.0
2022-04-01,05N,0.0,0.0
2022-08-01,05N,0.0,0.0
2024-01-01,05N,0.0,0.0
2025-11-01,05N,0.0,0.0
2021-11-01,05N,0.0,0.0
2023-01-01,05N,0.0,0.0
2023-07-01,05N,0.0,0.0
2023-10-01,05N,0.0,0.0
2024-08-01,05N,0.0,0.0
2025-04-01,05N,0.0,0.0
2022-06-01,05N,0.0,0.0
2023-02-01,05N,0.0,0.0
2023-05-01,05N,0.0,0.0
2022-05-01,05N,0.0,0.0
2026-04-01,05N,0.0,0.0
2022-12-01,05N,0.0,0.0
2022-10-01,05N,0.0,0.0
2024-03-01,05N,0.0,0.0
2025-03-01,05N,0.0,0.0
2026-02-01,05N,0.0,0.0
2026-06-01,05N,0.0,0.0
2022-01-01,05N,0.0,0.0
2022-09-01,05N,0.0,0.0
2025-06-01,05N,0.0,0.0
2021-12-01,05N,0.0,0.0
2025-05-01,05N,0.0,0.0
2025-10-01,05N,0.0,0.0
2024-07-01,05N,0.0,0.0
2025-02-01,05N,0.0,0.0
2021-07-01,05N,0.0,0.0
2022-02-01,05N,0.0,0.0
2023-04-01,05N,0.0,0.0
2023-06-01,05N,0.0,0.0
2025-08-01,05N,0.0,0.0
2024-02-01,05N,0.0,0.0
2021-08-01,05N,0.0,0.0
2021-10-01,05N,0.0,0.0
2025-09-01,05N,0.0,0.0
2024-12-01,05N,0.0,0.0
2022-11-01,05N,0.0,0.0
2024-06-01,05N,0.0,0.0
2025-07-01,05N,0.0,0.0
2025-01-01,05N,0.0,0.0
2021-06-01,05N,0.0,0.0
2023-11-01,05N,0.0,0.0
2023-12-01,05N,0.0,0.0
2024-10-01,05N,0.0,0.0
2023-06-01,05R,0.0,0.0
2021-10-01,05R,0.0,0.0
2026-05-01,05R,0.0,0.0
2024-03-01,05R,0.0,0.0
2024-05-01,05R,0.0,0.0
2022-02-01,05R,0.0,0.0
2023-05-01,05R,0.0,0.0
2026-02-01,05R,0.0,0.0
2021-12-01,05R,0.0,0.0
2024-01-01,05R,0.0,0.0
2024-04-01,05R,0.0,0.0
2024-02-01,05R,0.0,0.0
2021-09-01,05R,0.0,0.0
2022-03-01,05R,0.0,0.0
2022-11-01,05R,0.0,0.0
2026-01-01,05R,0.0,0.0
2025-02-01,05R,0.0,0.0
2025-10-01,05R,0.0,0.0
2024-07-01,05R,0.0,0.0
2022-04-01,05R,0.0,0.0
2023-02-01,05R,0.0,0.0
2026-03-01,05R,0.0,0.0
2023-04-01,05R,0.0,0.0
2022-06-01,05R,0.0,0.0
2022-08-01,05R,0.0,0.0
2023-07-01,05R,0.0,0.0
2024-06-01,05R,0.0,0.0
2026-06-01,05R,0.0,0.0
2021-11-01,05R,0.0,0.0
2025-08-01,05R,0.0,0.0
2022-07-01,05R,0.0,0.0
2025-01-01,05R,0.0,0.0
2023-12-01,05R,0.0,0.0
2022-09-01,05R,0.0,0.0
2023-08-01,05R,0.0,0.0
2025-07-01,05R,0.0,0.0
2022-10-01,05R,0.0,0.0
2025-09-01,05R,0.0,0.0
2024-09-01,05R,0.0,0.0
2025-03-01,05R,0.0,0.0
2025-11-01,05R,0.0,0.0
2024-11-01,05R,0.0,0.0
2026-04-01,05R,0.0,0.0
2021-07-01,05R,0.0,0.0
2025-04-01,05R,0.0,0.0
2023-09-01,05R,0.0,0.0
2023-01-01,05R,0.0,0.0
2024-12-01,05R,0.0,0.0
2023-11-01,05R,0.0,0.0
2025-06-01,05R,0.0,0.0
2021-06-01,05R,0.0,0.0
2022-12-01,05R,0.0,0.0
2023-03-01,05R,0.0,0.0
2022-05-01,05R,0.0,0.0
2021-08-01,05R,0.0,0.0
2022-01-01,05R,0.0,0.0
2025-05-01,05R,0.0,0.0
2024-08-01,05R,0.0,0.0
2024-10-01,05R,0.0,0.0
2025-12-01,05R,0.0,0.0
2023-10-01,05R,0.0,0.0
2021-08-01,05T,0.0,0.0
2023-11-01,05T,0.0,0.0
2026-05-01,05T,0.0,0.0
2024-03-01,05T,0.0,0.0
2024-11-01,05T,0.0,0.0
2026-03-01,05T,0.0,0.0
2023-02-01,05T,0.0,0.0
2024-06-01,05T,0.0,0.0
2025-04-01,05T,0.0,0.0
2023-05-01,05T,0.0,0.0
2022-10-01,05T,0.0,0.0
2025-07-01,05T,0.0,0.0
2025-02-01,05T,0.0,0.0
2021-06-01,05T,0.0,0.0
2024-09-01,05T,0.0,0.0
2022-09-01,05T,0.0,0.0
2024-05-01,05T,0.0,0.0
2024-10-01,05T,0.0,0.0
2023-03-01,05T,0.0,0.0
2023-04-01,05T,0.0,0.0
2023-07-01,05T,0.0,0.0
2025-11-01,05T,0.0,0.0
2022-11-01,05T,0.0,0.0
2026-02-01,05T,0.0,0.0
2026-06-01,05T,0.0,0.0
2021-07-01,05T,0.0,0.0
2026-04-01,05T,0.0,0.0
2024-12-01,05T,0.0,0.0
2023-09-01,05T,0.0,0.0
2025-08-01,05T,0.0,0.0
2021-12-01,05T,0.0,0.0
2023-10-01,05T,0.0,0.0
2023-12-01,05T,0.0,0.0
2022-08-01,05T,0.0,0.0
2023-06-01,05T,0.0,0.0
2022-06-01,05T,0.0,0.0
2024-04-01,05T,0.0,0.0
2025-06-01,05T,0.0,0.0
2022-04-01,05T,0.0,0.0
2024-08-01,05T,0.0,0.0
2025-10-01,05T,0.0,0.0
2021-09-01,05T,0.0,0.0
2022-07-01,05T,0.0,0.0
2021-10-01,05T,0.0,0.0
2022-01-01,05T,0.0,0.0
2026-01-01,05T,0.0,0.0
2025-01-01,05T,0.0,0.0
2025-05-01,05T,0.0,0.0
2025-12-01,05T,0.0,0.0
2024-02-01,05T,0.0,0.0
2025-09-01,05T,0.0,0.0
2023-08-01,05T,0.0,0.0
2021-11-01,05T,0.0,0.0
2024-01-01,05T,0.0,0.0
2022-02-01,05T,0.0,0.0
2024-07-01,05T,0.0,0.0
2025-03-01,05T,0.0,0.0
2023-01-01,05T,0.0,0.0
2022-03-01,05T,0.0,0.0
2022-05-01,05T,0.0,0.0
2022-12-01,05T,0.0,0.0
2021-06-01,05X,0.0,0.0
2026-01-01,05X,0.0,0.0
2022-04-01,05X,0.0,0.0
2022-11-01,05X,0.0,0.0
2025-01-01,05X,0.0,0.0
2025-10-01,05X,0.0,0.0
2023-03-01,05X,0.0,0.0
2021-07-01,05X,0.0,0.0
2023-01-01,05X,0.0,0.0
2024-08-01,05X,0.0,0.0
2024-07-01,05X,0.0,0.0
2022-09-01,05X,0.0,0.0
2026-02-01,05X,0.0,0.0
2025-03-01,05X,0.0,0.0
2022-03-01,05X,0.0,0.0
2021-09-01,05X,0.0,0.0
2025-07-01,05X,0.0,0.0
2022-06-01,05X,0.0,0.0
2024-03-01,05X,0.0,0.0
2024-09-01,05X,0.0,0.0
2021-08-01,05X,0.0,0.0
2024-05-01,05X,0.0,0.0
2025-02-01,05X,0.0,0.0
2022-12-01,05X,0.0,0.0
2022-02-01,05X,0.0,0.0
2022-10-01,05X,0.0,0.0
2023-04-01,05X,0.0,0.0
2023-09-01,05X,0.0,0.0
2025-12-01,05X,0.0,0.0
2023-08-01,05X,0.0,0.0
2026-03-01,05X,0.0,0.0
2026-06-01,05X,0.0,0.0
2024-06-01,05X,0.0,0.0
2023-02-01,05X,0.0,0.0
2023-07-01,05X,0.0,0.0
2023-12-01,05X,0.0,0.0
2024-10-01,05X,0.0,0.0
2025-09-01,05X,0.0,0.0
2021-10-01,05X,0.0,0.0
2026-04-01,05X,0.0,0.0
2022-01-01,05X,0.0,0.0
2023-11-01,05X,0.0,0.0
2023-05-01,05X,0.0,0.0
2024-04-01,05X,0.0,0.0
2025-08-01,05X,0.0,0.0
2022-07-01,05X,0.0,0.0
2024-11-01,05X,0.0,0.0
2025-06-01,05X,0.0,0.0
2021-11-01,05X,0.0,0.0
2023-06-01,05X,0.0,0.0
2024-01-01,05X,0.0,0.0
2025-11-01,05X,0.0,0.0
2022-08-01,05X,0.0,0.0
2026-05-01,05X,0.0,0.0
2025-05-01,05X,0.0,0.0
2022-05-01,05X,0.0,0.0
2023-10-01,05X,0.0,0.0
2024-12-01,05X,0.0,0.0
2025-04-01,05X,0.0,0.0
2021-12-01,05X,0.0,0.0
2024-02-01,05X,0.0,0.0
2023-05-01,05Y,0.0,0.0
2022-09-01,05Y,0.0,0.0
2023-01-01,05Y,0.0,0.0
2022-03-01,05Y,0.0,0.0
2024-09-01,05Y,0.0,0.0
2026-01-01,05Y,0.0,0.0
2023-10-01,05Y,0.0,0.0
2024-02-01,05Y,0.0,0.0
2021-09-01,05Y,0.0,0.0
2025-06-01,05Y,0.0,0.0
2026-05-01,05Y,0.0,0.0
2025-01-01,05Y,0.0,0.0
2023-12-01,05Y,0.0,0.0
2025-02-01,05Y,0.0,0.0
2024-12-01,05Y,0.0,0.0
2026-02-01,05Y,0.0,0.0
2021-08-01,05Y,0.0,0.0
2021-11-01,05Y,0.0,0.0
2025-10-01,05Y,0.0,0.0
2022-02-01,05Y,0.0,0.0
2022-07-01,05Y,0.0,0.0
2023-02-01,05Y,0.0,0.0
2025-03-01,05Y,0.0,0.0
2022-06-01,05Y,0.0,0.0
2024-05-01,05Y,0.0,0.0
2026-06-01,05Y,0.0,0.0
2022-04-01,05Y,0.0,0.0
2022-12-01,05Y,0.0,0.0
2023-03-01,05Y,0.0,0.0
2024-10-01,05Y,0.0,0.0
2022-05-01,05Y,0.0,0.0
2023-06-01,05Y,0.0,0.0
2022-10-01,05Y,0.0,0.0
2023-09-01,05Y,0.0,0.0
2023-11-01,05Y,0.0,0.0
2025-08-01,05Y,0.0,0.0
2022-01-01,05Y,0.0,0.0
2022-11-01,05Y,0.0,0.0
2024-03-01,05Y,0.0,0.0
2025-12-01,05Y,0.0,0.0
2021-10-01,05Y,0.0,0.0
2021-06-01,05Y,0.0,0.0
2025-05-01,05Y,0.0,0.0
2023-04-01,05Y,0.0,0.0
2024-11-01,05Y,0.0,0.0
2021-07-01,05Y,0.0,0.0
2023-08-01,05Y,0.0,0.0
2024-01-01,05Y,0.0,0.0
2024-08-01,05Y,0.0,0.0
2022-08-01,05Y,0.0,0.0
2021-12-01,05Y,0.0,0.0
2025-04-01,05Y,0.0,0.0
2026-03-01,05Y,0.0,0.0
2023-07-01,05Y,0.0,0.0
2024-07-01,05Y,0.0,0.0
2024-06-01,05Y,0.0,0.0
2025-09-01,05Y,0.0,0.0
2025-07-01,05Y,0.0,0.0
2025-11-01,05Y,0.0,0.0
2026-04-01,05Y,0.0,0.0
2024-04-01,05Y,0.0,0.0
2023-07-01,06A,0.0,0.0
2024-02-01,06A,0.0,0.0
2024-03-01,06A,0.0,0.0
2023-06-01,06A,0.0,0.0
2021-12-01,06A,0.0,0.0
2025-06-01,06A,0.0,0.0
2025-08-01,06A,0.0,0.0
2021-10-01,06A,0.0,0.0
2025-09-01,06A,0.0,0.0
2025-05-01,06A,0.0,0.0
2021-07-01,06A,0.0,0.0
2025-01-01,06A,0.0,0.0
2022-01-01,06A,0.0,0.0
2023-08-01,06A,0.0,0.0
2023-12-01,06A,0.0,0.0
2022-10-01,06A,0.0,0.0
2024-01-01,06A,0.0,0.0
2026-04-01,06A,0.0,0.0
2022-06-01,06A,0.0,0.0
2022-07-01,06A,0.0,0.0
2022-11-01,06A,0.0,0.0
2023-05-01,06A,0.0,0.0
2024-06-01,06A,0.0,0.0
2022-09-01,06A,0.0,0.0
2024-10-01,06A,0.0,0.0
2022-03-01,06A,0.0,0.0
2022-04-01,06A,0.0,0.0
2023-10-01,06A,0.0,0.0
2021-08-01,06A,0.0,0.0
2025-04-01,06A,0.0,0.0
2025-07-01,06A,0.0,0.0
2023-03-01,06A,0.0,0.0
2024-08-01,06A,0.0,0.0
2024-09-01,06A,0.0,0.0
2021-06-01,06A,0.0,0.0
2021-11-01,06A,0.0,0.0
2022-12-01,06A,0.0,0.0
2023-01-01,06A,0.0,0.0
2025-03-01,06A,0.0,0.0
2026-01-01,06A,0.0,0.0
2022-08-01,06A,0.0,0.0
2024-11-01,06A,0.0,0.0
2024-04-01,06A,0.0,0.0
2026-03-01,06A,0.0,0.0
2024-07-01,06A,0.0,0.0
2024-12-01,06A,0.0,0.0
2026-06-01,06A,0.0,0.0
2022-02-01,06A,0.0,0.0
2023-02-01,06A,0.0,0.0
2025-02-01,06A,0.0,0.0
2025-12-01,06A,0.0,0.0
2023-09-01,06A,0.0,0.0
2023-11-01,06A,0.0,0.0
2025-10-01,06A,0.0,0.0
2021-09-01,06A,0.0,0.0
2023-04-01,06A,0.0,0.0
2025-11-01,06A,0.0,0.0
2026-02-01,06A,0.0,0.0
2026-05-01,06A,0.0,0.0
2024-05-01,06A,0.0,0.0
2022-05-01,06A,0.0,0.0
2024-12-01,06D,0.0,0.0
2024-09-01,06D,0.0,0.0
2023-06-01,06D,0.0,0.0
2026-02-01,06D,0.0,0.0
2021-08-01,06D,0.0,0.0
2023-05-01,06D,0.0,0.0
2023-11-01,06D,0.0,0.0
2023-12-01,06D,0.0,0.0
2022-02-01,06D,0.0,0.0
2022-09-01,06D,0.0,0.0
2025-06-01,06D,0.0,0.0
2022-04-01,06D,0.0,0.0
2022-07-01,06D,0.0,0.0
2022-12-01,06D,0.0,0.0
2025-10-01,06D,0.0,0.0
2023-07-01,06D,0.0,0.0
2025-01-01,06D,0.0,0.0
2022-03-01,06D,0.0,0.0
2025-03-01,06D,0.0,0.0
2023-03-01,06D,0.0,0.0
2025-08-01,06D,0.0,0.0
2021-12-01,06D,0.0,0.0
2023-09-01,06D,0.0,0.0
2026-01-01,06D,0.0,0.0
2022-11-01,06D,0.0,0.0
2024-11-01,06D,0.0,0.0
2025-07-01,06D,0.0,0.0
2023-02-01,06D,0.0,0.0
2021-11-01,06D,0.0,0.0
2022-06-01,06D,0.0,0.0
2024-05-01,06D,0.0,0.0
2025-05-01,06D,0.0,0.0
2023-08-01,06D,0.0,0.0
2024-04-01,06D,0.0,0.0
2026-04-01,06D,0.0,0.0
2022-08-01,06D,0.0,0.0
2024-03-01,06D,0.0,0.0
2025-04-01,06D,0.0,0.0
2021-06-01,06D,0.0,0.0
2026-03-01,06D,0.0,0.0
2022-10-01,06D,0.0,0.0
2021-10-01,06D,0.0,0.0
2023-01-01,06D,0.0,0.0
2024-01-01,06D,0.0,0.0
2025-12-01,06D,0.0,0.0
2022-01-01,06D,0.0,0.0
2025-11-01,06D,0.0,0.0
2026-06-01,06D,0.0,0.0
2025-02-01,06D,0.0,0.0
2025-09-01,06D,0.0,0.0
2026-05-01,06D,0.0,0.0
2023-10-01,06D,0.0,0.0
2023-04-01,06D,0.0,0.0
2024-08-01,06D,0.0,0.0
2022-05-01,06D,0.0,0.0
2021-07-01,06D,0.0,0.0
2024-06-01,06D,0.0,0.0
2021-09-01,06D,0.0,0.0
2024-10-01,06D,0.0,0.0
2024-02-01,06D,0.0,0.0
2024-07-01,06D,0.0,0.0
2021-10-01,06F,0.0,0.0
2022-11-01,06F,0.0,0.0
2025-03-01,06F,0.0,0.0
2024-06-01,06F,0.0,0.0
2023-03-01,06F,0.0,0.0
2024-01-01,06F,0.0,0.0
2024-07-01,06F,0.0,0.0
2025-04-01,06F,0.0,0.0
2025-10-01,06F,0.0,0.0
2025-05-01,06F,0.0,0.0
2021-09-01,06F,0.0,0.0
2022-08-01,06F,0.0,0.0
2023-01-01,06F,0.0,0.0
2023-08-01,06F,0.0,0.0
2026-05-01,06F,0.0,0.0
2021-07-01,06F,0.0,0.0
2023-05-01,06F,0.0,0.0
2023-10-01,06F,0.0,0.0
2021-08-01,06F,0.0,0.0
2023-02-01,06F,0.0,0.0
2024-10-01,06F,0.0,0.0
2025-09-01,06F,0.0,0.0
2024-09-01,06F,0.0,0.0
2026-02-01,06F,0.0,0.0
2022-01-01,06F,0.0,0.0
2024-11-01,06F,0.0,0.0
2025-11-01,06F,0.0,0.0
2023-04-01,06F,0.0,0.0
2022-09-01,06F,0.0,0.0
2025-08-01,06F,0.0,0.0
2022-12-01,06F,0.0,0.0
2023-12-01,06F,0.0,0.0
2025-12-01,06F,0.0,0.0
2021-11-01,06F,0.0,0.0
2022-03-01,06F,0.0,0.0
2023-09-01,06F,0.0,0.0
2023-11-01,06F,0.0,0.0
2026-03-01,06F,0.0,0.0
2026-06-01,06F,0.0,0.0
2025-06-01,06F,0.0,0.0
2022-05-01,06F,0.0,0.0
2024-02-01,06F,0.0,0.0
2022-06-01,06F,0.0,0.0
2026-04-01,06F,0.0,0.0
2022-07-01,06F,0.0,0.0
2022-02-01,06F,0.0,0.0
2023-07-01,06F,0.0,0.0
2024-05-01,06F,0.0,0.0
2021-06-01,06F,0.0,0.0
2022-04-01,06F,0.0,0.0
2024-12-01,06F,0.0,0.0
2024-08-01,06F,0.0,0.0
2025-07-01,06F,0.0,0.0
2024-04-01,06F,0.0,0.0
2025-02-01,06F,0.0,0.0
2021-12-01,06F,0.0,0.0
2023-06-01,06F,0.0,0.0
2024-03-01,06F,0.0,0.0
2025-01-01,06F,0.0,0.0
2022-10-01,06F,0.0,0.0
2026-01-01,06F,0.0,0.0
2022-12-01,06M,0.0,0.0
2024-03-01,06M,0.0,0.0
2024-05-01,06M,0.0,0.0
2025-11-01,06M,0.0,0.0
2025-12-01,06M,0.0,0.0
2021-12-01,06M,0.0,0.0
2023-10-01,06M,0.0,0.0
2026-02-01,06M,0.0,0.0
2022-06-01,06M,0.0,0.0
2025-02-01,06M,0.0,0.0
2026-05-01,06M,0.0,0.0
2021-11-01,06M,0.0,0.0
2022-04-01,06M,0.0,0.0
2023-02-01,06M,0.0,0.0
2025-03-01,06M,0.0,0.0
2022-08-01,06M,0.0,0.0
2022-10-01,06M,0.0,0.0
2023-08-01,06M,0.0,0.0
2022-09-01,06M,0.0,0.0
2025-06-01,06M,0.0,0.0
2021-07-01,06M,0.0,0.0
2022-05-01,06M,0.0,0.0
2023-05-01,06M,0.0,0.0
2023-06-01,06M,0.0,0.0
2023-09-01,06M,0.0,0.0
2023-11-01,06M,0.0,0.0
2024-09-01,06M,0.0,0.0
2021-08-01,06M,0.0,0.0
2025-05-01,06M,0.0,0.0
2023-04-01,06M,0.0,0.0
2022-07-01,06M,0.0,0.0
2024-02-01,06M,0.0,0.0
2025-10-01,06M,0.0,0.0
2026-06-01,06M,0.0,0.0
2024-04-01,06M,0.0,0.0
2026-01-01,06M,0.0,0.0
2021-06-01,06M,0.0,0.0
2021-10-01,06M,0.0,0.0
2021-09-01,06M,0.0,0.0
2023-07-01,06M,0.0,0.0
2024-12-01,06M,0.0,0.0
2025-09-01,06M,0.0,0.0
2024-01-01,06M,0.0,0.0
2025-04-01,06M,0.0,0.0
2025-08-01,06M,0.0,0.0
2022-01-01,06M,0.0,0.0
2023-03-01,06M,0.0,0.0
2026-03-01,06M,0.0,0.0
2023-12-01,06M,0.0,0.0
2024-08-01,06M,0.0,0.0
2022-02-01,06M,0.0,0.0
2024-11-01,06M,0.0,0.0
2022-11-01,06M,0.0,0.0
2023-01-01,06M,0.0,0.0
2024-07-01,06M,0.0,0.0
2026-04-01,06M,0.0,0.0
2024-06-01,06M,0.0,0.0
2024-10-01,06M,0.0,0.0
2025-01-01,06M,0.0,0.0
2025-07-01,06M,0.0,0.0
2022-03-01,06M,0.0,0.0
2022-10-01,06P,0.0,0.0
2025-03-01,06P,0.0,0.0
2023-06-01,06P,0.0,0.0
2024-09-01,06P,0.0,0.0
2024-12-01,06P,0.0,0.0
2024-02-01,06P,0.0,0.0
2025-06-01,06P,0.0,0.0
2022-02-01,06P,0.0,0.0
2024-10-01,06P,0.0,0.0
2022-11-01,06P,0.0,0.0
2023-10-01,06P,0.0,0.0
2025-12-01,06P,0.0,0.0
2021-06-01,06P,0.0,0.0
2021-10-01,06P,0.0,0.0
2021-11-01,06P,0.0,0.0
2023-02-01,06P,0.0,0.0
2021-12-01,06P,0.0,0.0
2021-07-01,06P,0.0,0.0
2022-01-01,06P,0.0,0.0
2024-01-01,06P,0.0,0.0
2022-12-01,06P,0.0,0.0
2024-04-01,06P,0.0,0.0
2021-09-01,06P,0.0,0.0
2026-05-01,06P,0.0,0.0
2022-03-01,06P,0.0,0.0
2023-08-01,06P,0.0,0.0
2022-08-01,06P,0.0,0.0
2025-01-01,06P,0.0,0.0
2024-06-01,06P,0.0,0.0
2022-04-01,06P,0.0,0.0
2024-07-01,06P,0.0,0.0
2025-04-01,06P,0.0,0.0
2025-09-01,06P,0.0,0.0
2025-05-01,06P,0.0,0.0
2025-08-01,06P,0.0,0.0
2026-01-01,06P,0.0,0.0
2023-04-01,06P,0.0,0.0
2026-06-01,06P,0.0,0.0
2021-08-01,06P,0.0,0.0
2022-06-01,06P,0.0,0.0
2023-07-01,06P,0.0,0.0
2023-09-01,06P,0.0,0.0
2024-11-01,06P,0.0,0.0
2025-07-01,06P,0.0,0.0
2023-05-01,06P,0.0,0.0
2023-11-01,06P,0.0,0.0
2025-10-01,06P,0.0,0.0
2026-02-01,06P,0.0,0.0
2023-03-01,06P,0.0,0.0
2022-05-01,06P,0.0,0.0
2022-07-01,06P,0.0,0.0
2024-03-01,06P,0.0,0.0
2025-02-01,06P,0.0,0.0
2026-03-01,06P,0.0,0.0
2025-11-01,06P,0.0,0.0
2026-04-01,06P,0.0,0.0
2023-01-01,06P,0.0,0.0
2023-12-01,06P,0.0,0.0
2024-08-01,06P,0.0,0.0
2022-09-01,06P,0.0,0.0
2024-05-01,06P,0.0,0.0
2022-10-01,06W,0.0,0.0
2022-02-01,06W,0.0,0.0
2025-06-01,06W,0.0,0.0
2021-07-01,06W,0.0,0.0
2026-04-01,06W,0.0,0.0
2024-04-01,06W,0.0,0.0
2026-03-01,06W,0.0,0.0
2024-02-01,06W,0.0,0.0
2021-09-01,06W,0.0,0.0
2023-03-01,06W,0.0,0.0
2023-04-01,06W,0.0,0.0
2025-11-01,06W,0.0,0.0
2025-07-01,06W,0.0,0.0
2022-08-01,06W,0.0,0.0
2023-12-01,06W,0.0,0.0
2024-03-01,06W,0.0,0.0
2024-08-01,06W,0.0,0.0
2021-06-01,06W,0.0,0.0
2025-04-01,06W,0.0,0.0
2024-09-01,06W,0.0,0.0
2023-10-01,06W,0.0,0.0
2024-12-01,06W,0.0,0.0
2025-03-01,06W,0.0,0.0
2026-01-01,06W,0.0,0.0
2026-06-01,06W,0.0,0.0
2021-08-01,06W,0.0,0.0
2023-02-01,06W,0.0,0.0
2024-10-01,06W,0.0,0.0
2022-04-01,06W,0.0,0.0
2023-08-01,06W,0.0,0.0
2025-12-01,06W,0.0,0.0
2021-10-01,06W,0.0,0.0
2024-05-01,06W,0.0,0.0
2022-03-01,06W,0.0,0.0
2023-11-01,06W,0.0,0.0
2021-12-01,06W,0.0,0.0
2025-01-01,06W,0.0,0.0
2026-05-01,06W,0.0,0.0
2022-01-01,06W,0.0,0.0
2022-05-01,06W,0.0,0.0
2023-05-01,06W,0.0,0.0
2022-12-01,06W,0.0,0.0
2023-01-01,06W,0.0,0.0
2023-06-01,06W,0.0,0.0
2022-11-01,06W,0.0,0.0
2022-07-01,06W,0.0,0.0
2023-07-01,06W,0.0,0.0
2022-06-01,06W,0.0,0.0
2025-10-01,06W,0.0,0.0
2024-01-01,06W,0.0,0.0
2025-05-01,06W,0.0,0.0
2023-09-01,06W,0.0,0.0
2025-08-01,06W,0.0,0.0
2024-07-01,06W,0.0,0.0
2025-02-01,06W,0.0,0.0
2026-02-01,06W,0.0,0.0
2022-09-01,06W,0.0,0.0
2024-06-01,06W,0.0,0.0
2024-11-01,06W,0.0,0.0
2021-11-01,06W,0.0,0.0
2025-09-01,06W,0.0,0.0
2024-01-01,06Y,0.0,0.0
2021-07-01,06Y,0.0,0.0
2024-11-01,06Y,0.0,0.0
2024-07-01,06Y,0.0,0.0
2024-10-01,06Y,0.0,0.0
2023-03-01,06Y,0.0,0.0
2024-04-01,06Y,0.0,0.0
2026-02-01,06Y,0.0,0.0
2024-09-01,06Y,0.0,0.0
2022-01-01,06Y,0.0,0.0
2022-09-01,06Y,0.0,0.0
2022-06-01,06Y,0.0,0.0
2024-12-01,06Y,0.0,0.0
2025-07-01,06Y,0.0,0.0
2022-03-01,06Y,0.0,0.0
2022-02-01,06Y,0.0,0.0
2025-03-01,06Y,0.0,0.0
2022-10-01,06Y,0.0,0.0
2025-06-01,06Y,0.0,0.0
2025-12-01,06Y,0.0,0.0
2021-12-01,06Y,0.0,0.0
2023-08-01,06Y,0.0,0.0
2021-06-01,06Y,0.0,0.0
2022-04-01,06Y,0.0,0.0
2022-05-01,06Y,0.0,0.0
2022-08-01,06Y,0.0,0.0
2026-01-01,06Y,0.0,0.0
2026-03-01,06Y,0.0,0.0
2021-10-01,06Y,0.0,0.0
2023-01-01,06Y,0.0,0.0
2025-10-01,06Y,0.0,0.0
2026-05-01,06Y,0.0,0.0
2025-05-01,06Y,0.0,0.0
2022-11-01,06Y,0.0,0.0
2023-11-01,06Y,0.0,0.0
2021-11-01,06Y,0.0,0.0
2023-02-01,06Y,0.0,0.0
2022-07-01,06Y,0.0,0.0
2024-05-01,06Y,0.0,0.0
2026-04-01,06Y,0.0,0.0
2023-10-01,06Y,0.0,0.0
2021-09-01,06Y,0.0,0.0
2025-01-01,06Y,0.0,0.0
2024-02-01,06Y,0.0,0.0
2025-02-01,06Y,0.0,0.0
2024-03-01,06Y,0.0,0.0
2025-04-01,06Y,0.0,0.0
2023-06-01,06Y,0.0,0.0
2023-12-01,06Y,0.0,0.0
2025-11-01,06Y,0.0,0.0
2021-08-01,06Y,0.0,0.0
2026-06-01,06Y,0.0,0.0
2023-05-01,06Y,0.0,0.0
2025-09-01,06Y,0.0,0.0
2023-07-01,06Y,0.0,0.0
2024-06-01,06Y,0.0,0.0
2022-12-01,06Y,0.0,0.0
2023-09-01,06Y,0.0,0.0
2024-08-01,06Y,0.0,0.0
2023-04-01,06Y,0.0,0.0
2025-08-01,06Y,0.0,0.0
2022-01-01,07L,0.0,0.0
2023-09-01,07L,0.0,0.0
2025-01-01,07L,0.0,0.0
2023-07-01,07L,0.0,0.0
2021-12-01,07L,0.0,0.0
2026-02-01,07L,0.0,0.0
2024-01-01,07L,0.0,0.0
2025-04-01,07L,0.0,0.0
2023-10-01,07L,0.0,0.0
2024-02-01,07L,0.0,0.0
2024-05-01,07L,0.0,0.0
2024-07-01,07L,0.0,0.0
2022-08-01,07L,0.0,0.0
2024-09-01,07L,0.0,0.0
2023-05-01,07L,0.0,0.0
2021-08-01,07L,0.0,0.0
2022-09-01,07L,0.0,0.0
2023-03-01,07L,0.0,0.0
2023-11-01,07L,0.0,0.0
2026-04-01,07L,0.0,0.0
2021-06-01,07L,0.0,0.0
2024-08-01,07L,0.0,0.0
2026-05-01,07L,0.0,0.0
2021-10-01,07L,0.0,0.0
2023-01-01,07L,0.0,0.0
2025-08-01,07L,0.0,0.0
2024-06-01,07L,0.0,0.0
2025-09-01,07L,0.0,0.0
2025-07-01,07L,0.0,0.0
2026-06-01,07L,0.0,0.0
2022-06-01,07L,0.0,0.0
2023-08-01,07L,0.0,0.0
2023-12-01,07L,0.0,0.0
2024-03-01,07L,0.0,0.0
2024-11-01,07L,0.0,0.0
2022-11-01,07L,0.0,0.0
2022-12-01,07L,0.0,0.0
2024-04-01,07L,0.0,0.0
2026-01-01,07L,0.0,0.0
2021-11-01,07L,0.0,0.0
2025-12-01,07L,0.0,0.0
2021-09-01,07L,0.0,0.0
2024-12-01,07L,0.0,0.0
2026-03-01,07L,0.0,0.0
2022-04-01,07L,0.0,0.0
2025-02-01,07L,0.0,0.0
2022-03-01,07L,0.0,0.0
2023-02-01,07L,0.0,0.0
2022-05-01,07L,0.0,0.0
2022-10-01,07L,0.0,0.0
2025-05-01,07L,0.0,0.0
2022-02-01,07L,0.0,0.0
2025-06-01,07L,0.0,0.0
2025-10-01,07L,0.0,0.0
2022-07-01,07L,0.0,0.0
2025-03-01,07L,0.0,0.0
2021-07-01,07L,0.0,0.0
2023-04-01,07L,0.0,0.0
2025-11-01,07L,0.0,0.0
2023-06-01,07L,0.0,0.0
2024-10-01,07L,0.0,0.0
2024-03-01,07M,0.0,0.0
2026-01-01,07M,0.0,0.0
2026-06-01,07M,0.0,0.0
2023-04-01,07M,0.0,0.0
2023-10-01,07M,0.0,0.0
2022-12-01,07M,0.0,0.0
2022-03-01,07M,0.0,0.0
2023-01-01,07M,0.0,0.0
2024-09-01,07M,0.0,0.0
2025-05-01,07M,0.0,0.0
2022-10-01,07M,0.0,0.0
2025-01-01,07M,0.0,0.0
2025-06-01,07M,0.0,0.0
2024-07-01,07M,0.0,0.0
2024-12-01,07M,0.0,0.0
2022-09-01,07M,0.0,0.0
2023-08-01,07M,0.0,0.0
2024-02-01,07M,0.0,0.0
2025-12-01,07M,0.0,0.0
2023-09-01,07M,0.0,0.0
2024-04-01,07M,0.0,0.0
2024-08-01,07M,0.0,0.0
2025-02-01,07M,0.0,0.0
2026-05-01,07M,0.0,0.0
2021-10-01,07M,0.0,0.0
2025-03-01,07M,0.0,0.0
2025-10-01,07M,0.0,0.0
2023-02-01,07M,0.0,0.0
2024-11-01,07M,0.0,0.0
2022-02-01,07M,0.0,0.0
2023-11-01,07M,0.0,0.0
2023-12-01,07M,0.0,0.0
2023-07-01,07M,0.0,0.0
2025-08-01,07M,0.0,0.0
2025-11-01,07M,0.0,0.0
2026-03-01,07M,0.0,0.0
2022-11-01,07M,0.0,0.0
2024-05-01,07M,0.0,0.0
2022-04-01,07M,0.0,0.0
2022-06-01,07M,0.0,0.0
2022-07-01,07M,0.0,0.0
2023-05-01,07M,0.0,0.0
2023-06-01,07M,0.0,0.0
2022-08-01,07M,0.0,0.0
2024-06-01,07M,0.0,0.0
2026-02-01,07M,0.0,0.0
2021-07-01,07M,0.0,0.0
2024-10-01,07M,0.0,0.0
2023-03-01,07M,0.0,0.0
2025-09-01,07M,0.0,0.0
2025-04-01,07M,0.0,0.0
2022-01-01,07M,0.0,0.0
2021-08-01,07M,0.0,0.0
2021-09-01,07M,0.0,0.0
2022-05-01,07M,0.0,0.0
2021-06-01,07M,0.0,0.0
2021-11-01,07M,0.0,0.0
2021-12-01,07M,0.0,0.0
2024-01-01,07M,0.0,0.0
2025-07-01,07M,0.0,0.0
2026-04-01,07M,0.0,0.0
2022-05-01,07N,0.0,0.0
2022-11-01,07N,0.0,0.0
2024-04-01,07N,0.0,0.0
2024-01-01,07N,0.0,0.0
2024-02-01,07N,0.0,0.0
2023-01-01,07N,0.0,0.0
2025-02-01,07N,0.0,0.0
2021-09-01,07N,0.0,0.0
2022-04-01,07N,0.0,0.0
2024-05-01,07N,0.0,0.0
2026-01-01,07N,0.0,0.0
2024-07-01,07N,0.0,0.0
2021-12-01,07N,0.0,0.0
2023-12-01,07N,0.0,0.0
2022-10-01,07N,0.0,0.0
2023-06-01,07N,0.0,0.0
2023-07-01,07N,0.0,0.0
2024-10-01,07N,0.0,0.0
2021-07-01,07N,0.0,0.0
2022-03-01,07N,0.0,0.0
2023-08-01,07N,0.0,0.0
2024-09-01,07N,0.0,0.0
2025-04-01,07N,0.0,0.0
2022-02-01,07N,0.0,0.0
2023-05-01,07N,0.0,0.0
2022-01-01,07N,0.0,0.0
2022-12-01,07N,0.0,0.0
2023-03-01,07N,0.0,0.0
2024-11-01,07N,0.0,0.0
2025-08-01,07N,0.0,0.0
2025-12-01,07N,0.0,0.0
2026-03-01,07N,0.0,0.0
2023-10-01,07N,0.0,0.0
2025-01-01,07N,0.0,0.0
2025-07-01,07N,0.0,0.0
2022-08-01,07N,0.0,0.0
2025-05-01,07N,0.0,0.0
2025-11-01,07N,0.0,0.0
2026-04-01,07N,0.0,0.0
2024-06-01,07N,0.0,0.0
2025-09-01,07N,0.0,0.0
2023-11-01,07N,0.0,0.0
2024-03-01,07N,0.0,0.0
2023-04-01,07N,0.0,0.0
2025-10-01,07N,0.0,0.0
2021-11-01,07N,0.0,0.0
2025-03-01,07N,0.0,0.0
2026-02-01,07N,0.0,0.0
2022-06-01,07N,0.0,0.0
2024-12-01,07N,0.0,0.0
2026-05-01,07N,0.0,0.0
2021-08-01,07N,0.0,0.0
2023-02-01,07N,0.0,0.0
2023-09-01,07N,0.0,0.0
2024-08-01,07N,0.0,0.0
2021-06-01,07N,0.0,0.0
2022-07-01,07N,0.0,0.0
2022-09-01,07N,0.0,0.0
2025-06-01,07N,0.0,0.0
2026-06-01,07N,0.0,0.0
2021-10-01,07N,0.0,0.0
2023-06-01,07P,0.0,0.0
2022-09-01,07P,0.0,0.0
2023-01-01,07P,0.0,0.0
2022-05-01,07P,0.0,0.0
2026-04-01,07P,0.0,0.0
2026-05-01,07P,0.0,0.0
2024-03-01,07P,0.0,0.0
2021-12-01,07P,0.0,0.0
2025-11-01,07P,0.0,0.0
2021-10-01,07P,0.0,0.0
2025-03-01,07P,0.0,0.0
2025-06-01,07P,0.0,0.0
2026-01-01,07P,0.0,0.0
2026-06-01,07P,0.0,0.0
2021-11-01,07P,0.0,0.0
2022-10-01,07P,0.0,0.0
2023-11-01,07P,0.0,0.0
2024-05-01,07P,0.0,0.0
2025-07-01,07P,0.0,0.0
2025-05-01,07P,0.0,0.0
2026-03-01,07P,0.0,0.0
2023-02-01,07P,0.0,0.0
2023-07-01,07P,0.0,0.0
2021-06-01,07P,0.0,0.0
2025-08-01,07P,0.0,0.0
2022-12-01,07P,0.0,0.0
2024-11-01,07P,0.0,0.0
2025-10-01,07P,0.0,0.0
2023-05-01,07P,0.0,0.0
2026-02-01,07P,0.0,0.0
2022-07-01,07P,0.0,0.0
2024-10-01,07P,0.0,0.0
2022-03-01,07P,0.0,0.0
2023-08-01,07P,0.0,0.0
2025-02-01,07P,0.0,0.0
2022-02-01,07P,0.0,0.0
2023-03-01,07P,0.0,0.0
2024-06-01,07P,0.0,0.0
2024-09-01,07P,0.0,0.0
2024-12-01,07P,0.0,0.0
2023-04-01,07P,0.0,0.0
2024-07-01,07P,0.0,0.0
2023-12-01,07P,0.0,0.0
2024-01-01,07P,0.0,0.0
2024-04-01,07P,0.0,0.0
2025-12-01,07P,0.0,0.0
2022-04-01,07P,0.0,0.0
2024-08-01,07P,0.0,0.0
2022-06-01,07P,0.0,0.0
2023-10-01,07P,0.0,0.0
2025-09-01,07P,0.0,0.0
2021-07-01,07P,0.0,0.0
2022-08-01,07P,0.0,0.0
2025-04-01,07P,0.0,0.0
2025-01-01,07P,0.0,0.0
2022-01-01,07P,0.0,0.0
2021-09-01,07P,0.0,0.0
2022-11-01,07P,0.0,0.0
2021-08-01,07P,0.0,0.0
2024-02-01,07P,0.0,0.0
2023-09-01,07P,0.0,0.0
2022-07-01,07R,0.0,0.0
2025-09-01,07R,0.0,0.0
2023-03-01,07R,0.0,0.0
2021-08-01,07R,0.0,0.0
2022-05-01,07R,0.0,0.0
2023-01-01,07R,0.0,0.0
2022-10-01,07R,0.0,0.0
2026-06-01,07R,0.0,0.0
2022-02-01,07R,0.0,0.0
2025-11-01,07R,0.0,0.0
2023-10-01,07R,0.0,0.0
2023-05-01,07R,0.0,0.0
2021-09-01,07R,0.0,0.0
2023-06-01,07R,0.0,0.0
2025-04-01,07R,0.0,0.0
2021-07-01,07R,0.0,0.0
2024-01-01,07R,0.0,0.0
2025-03-01,07R,0.0,0.0
2025-06-01,07R,0.0,0.0
2022-12-01,07R,0.0,0.0
2025-05-01,07R,0.0,0.0
2021-11-01,07R,0.0,0.0
2024-11-01,07R,0.0,0.0
2025-08-01,07R,0.0,0.0
2021-12-01,07R,0.0,0.0
2025-01-01,07R,0.0,0.0
2025-12-01,07R,0.0,0.0
2026-01-01,07R,0.0,0.0
2021-10-01,07R,0.0,0.0
2023-07-01,07R,0.0,0.0
2024-12-01,07R,0.0,0.0
2021-06-01,07R,0.0,0.0
2022-08-01,07R,0.0,0.0
2024-02-01,07R,0.0,0.0
2025-02-01,07R,0.0,0.0
2023-08-01,07R,0.0,0.0
2024-08-01,07R,0.0,0.0
2023-11-01,07R,0.0,0.0
2022-04-01,07R,0.0,0.0
2022-09-01,07R,0.0,0.0
2023-12-01,07R,0.0,0.0
2024-10-01,07R,0.0,0.0
2026-04-01,07R,0.0,0.0
2026-03-01,07R,0.0,0.0
2022-03-01,07R,0.0,0.0
2022-11-01,07R,0.0,0.0
2023-09-01,07R,0.0,0.0
2024-06-01,07R,0.0,0.0
2025-07-01,07R,0.0,0.0
2026-02-01,07R,0.0,0.0
2024-03-01,07R,0.0,0.0
2026-05-01,07R,0.0,0.0
2023-04-01,07R,0.0,0.0
2024-05-01,07R,0.0,0.0
2022-06-01,07R,0.0,0.0
2024-04-01,07R,0.0,0.0
2024-09-01,07R,0.0,0.0
2025-10-01,07R,0.0,0.0
2022-01-01,07R,0.0,0.0
2023-02-01,07R,0.0,0.0
2024-07-01,07R,0.0,0.0
2023-07-01,07T,0.0,0.0
2025-01-01,07T,0.0,0.0
2025-05-01,07T,0.0,0.0
2025-09-01,07T,0.0,0.0
2022-07-01,07T,0.0,0.0
2023-11-01,07T,0.0,0.0
2022-04-01,07T,0.0,0.0
2024-08-01,07T,0.0,0.0
2021-12-01,07T,0.0,0.0
2023-10-01,07T,0.0,0.0
2021-08-01,07T,0.0,0.0
2026-03-01,07T,0.0,0.0
2024-03-01,07T,0.0,0.0
2022-10-01,07T,0.0,0.0
2025-02-01,07T,0.0,0.0
2024-02-01,07T,0.0,0.0
2024-01-01,07T,0.0,0.0
2024-07-01,07T,0.0,0.0
2025-10-01,07T,0.0,0.0
2021-09-01,07T,0.0,0.0
2024-05-01,07T,0.0,0.0
2026-05-01,07T,0.0,0.0
2024-04-01,07T,0.0,0.0
2024-12-01,07T,0.0,0.0
2025-06-01,07T,0.0,0.0
2025-07-01,07T,0.0,0.0
2022-03-01,07T,0.0,0.0
2021-11-01,07T,0.0,0.0
2022-12-01,07T,0.0,0.0
2023-09-01,07T,0.0,0.0
2025-03-01,07T,0.0,0.0
2022-09-01,07T,0.0,0.0
2024-10-01,07T,0.0,0.0
2026-01-01,07T,0.0,0.0
2022-08-01,07T,0.0,0.0
2022-11-01,07T,0.0,0.0
2023-01-01,07T,0.0,0.0
2025-12-01,07T,0.0,0.0
2023-05-01,07T,0.0,0.0
2025-11-01,07T,0.0,0.0
2022-05-01,07T,0.0,0.0
2023-02-01,07T,0.0,0.0
2023-08-01,07T,0.0,0.0
2024-11-01,07T,0.0,0.0
2022-01-01,07T,0.0,0.0
2023-04-01,07T,0.0,0.0
2026-06-01,07T,0.0,0.0
2021-07-01,07T,0.0,0.0
2024-06-01,07T,0.0,0.0
2026-04-01,07T,0.0,0.0
2021-06-01,07T,0.0,0.0
2022-02-01,07T,0.0,0.0
2021-10-01,07T,0.0,0.0
2025-04-01,07T,0.0,0.0
2023-03-01,07T,0.0,0.0
2023-06-01,07T,0.0,0.0
2022-06-01,07T,0.0,0.0
2024-09-01,07T,0.0,0.0
2023-12-01,07T,0.0,0.0
2025-08-01,07T,0.0,0.0
2026-02-01,07T,0.0,0.0
2024-08-01,07V,0.0,0.0
2026-04-01,07V,0.0,0.0
2022-02-01,07V,0.0,0.0
2024-12-01,07V,0.0,0.0
2025-04-01,07V,0.0,0.0
2022-04-01,07V,0.0,0.0
2023-06-01,07V,0.0,0.0
2026-03-01,07V,0.0,0.0
2021-11-01,07V,0.0,0.0
2023-10-01,07V,0.0,0.0
2026-05-01,07V,0.0,0.0
2025-12-01,07V,0.0,0.0
2021-10-01,07V,0.0,0.0
2022-08-01,07V,0.0,0.0
2024-04-01,07V,0.0,0.0
2025-03-01,07V,0.0,0.0
2022-06-01,07V,0.0,0.0
2024-05-01,07V,0.0,0.0
2023-09-01,07V,0.0,0.0
2024-01-01,07V,0.0,0.0
2025-09-01,07V,0.0,0.0
2021-09-01,07V,0.0,0.0
2023-12-01,07V,0.0,0.0
2025-05-01,07V,0.0,0.0
2022-03-01,07V,0.0,0.0
2022-12-01,07V,0.0,0.0
2025-06-01,07V,0.0,0.0
2026-01-01,07V,0.0,0.0
2021-07-01,07V,0.0,0.0
2023-02-01,07V,0.0,0.0
2024-06-01,07V,0.0,0.0
2022-07-01,07V,0.0,0.0
2024-07-01,07V,0.0,0.0
2022-10-01,07V,0.0,0.0
2021-12-01,07V,0.0,0.0
2023-11-01,07V,0.0,0.0
2024-09-01,07V,0.0,0.0
2025-08-01,07V,0.0,0.0
2021-08-01,07V,0.0,0.0
2026-02-01,07V,0.0,0.0
2023-07-01,07V,0.0,0.0
2024-11-01,07V,0.0,0.0
2023-01-01,07V,0.0,0.0
2023-05-01,07V,0.0,0.0
2025-11-01,07V,0.0,0.0
2022-09-01,07V,0.0,0.0
2026-06-01,07V,0.0,0.0
2024-10-01,07V,0.0,0.0
2025-01-01,07V,0.0,0.0
2025-02-01,07V,0.0,0.0
2025-07-01,07V,0.0,0.0
2023-03-01,07V,0.0,0.0
2023-08-01,07V,0.0,0.0
2025-10-01,07V,0.0,0.0
2022-11-01,07V,0.0,0.0
2023-04-01,07V,0.0,0.0
2024-02-01,07V,0.0,0.0
2024-03-01,07V,0.0,0.0
2021-06-01,07V,0.0,0.0
2022-01-01,07V,0.0,0.0
2022-05-01,07V,0.0,0.0
2024-04-01,07W,0.0,0.0
2022-12-01,07W,0.0,0.0
2023-12-01,07W,0.0,0.0
2021-06-01,07W,0.0,0.0
2021-07-01,07W,0.0,0.0
2022-09-01,07W,0.0,0.0
2023-05-01,07W,0.0,0.0
2022-11-01,07W,0.0,0.0
2026-05-01,07W,0.0,0.0
2023-04-01,07W,0.0,0.0
2024-08-01,07W,0.0,0.0
2024-11-01,07W,0.0,0.0
2023-08-01,07W,0.0,0.0
2024-06-01,07W,0.0,0.0
2021-12-01,07W,0.0,0.0
2023-11-01,07W,0.0,0.0
2024-03-01,07W,0.0,0.0
2025-07-01,07W,0.0,0.0
2026-02-01,07W,0.0,0.0
2023-06-01,07W,0.0,0.0
2025-06-01,07W,0.0,0.0
2021-09-01,07W,0.0,0.0
2025-03-01,07W,0.0,0.0
2025-12-01,07W,0.0,0.0
2022-05-01,07W,0.0,0.0
2025-08-01,07W,0.0,0.0
2022-04-01,07W,0.0,0.0
2023-02-01,07W,0.0,0.0
2023-07-01,07W,0.0,0.0
2024-02-01,07W,0.0,0.0
2024-12-01,07W,0.0,0.0
2026-01-01,07W,0.0,0.0
2026-04-01,07W,0.0,0.0
2024-07-01,07W,0.0,0.0
2024-05-01,07W,0.0,0.0
2025-04-01,07W,0.0,0.0
2025-05-01,07W,0.0,0.0
2021-08-01,07W,0.0,0.0
2022-01-01,07W,0.0,0.0
2022-06-01,07W,0.0,0.0
2023-09-01,07W,0.0,0.0
2022-07-01,07W,0.0,0.0
2022-08-01,07W,0.0,0.0
2024-01-01,07W,0.0,0.0
2025-02-01,07W,0.0,0.0
2022-02-01,07W,0.0,0.0
2021-11-01,07W,0.0,0.0
2022-03-01,07W,0.0,0.0
2023-03-01,07W,0.0,0.0
2023-10-01,07W,0.0,0.0
2025-01-01,07W,0.0,0.0
2025-11-01,07W,0.0,0.0
2026-06-01,07W,0.0,0.0
2021-10-01,07W,0.0,0.0
2024-09-01,07W,0.0,0.0
2024-10-01,07W,0.0,0.0
2022-10-01,07W,0.0,0.0
2025-09-01,07W,0.0,0.0
2026-03-01,07W,0.0,0.0
2023-01-01,07W,0.0,0.0
2025-10-01,07W,0.0,0.0
2021-11-01,07X,0.0,0.0
2024-03-01,07X,0.0,0.0
2024-05-01,07X,0.0,0.0
2025-11-01,07X,0.0,0.0
2021-07-01,07X,0.0,0.0
2022-11-01,07X,0.0,0.0
2025-04-01,07X,0.0,0.0
2021-09-01,07X,0.0,0.0
2025-07-01,07X,0.0,0.0
2025-08-01,07X,0.0,0.0
2025-10-01,07X,0.0,0.0
2024-12-01,07X,0.0,0.0
2024-10-01,07X,0.0,0.0
2021-10-01,07X,0.0,0.0
2022-09-01,07X,0.0,0.0
2024-11-01,07X,0.0,0.0
2022-02-01,07X,0.0,0.0
2023-05-01,07X,0.0,0.0
2026-06-01,07X,0.0,0.0
2022-01-01,07X,0.0,0.0
2023-06-01,07X,0.0,0.0
2021-12-01,07X,0.0,0.0
2026-04-01,07X,0.0,0.0
2026-05-01,07X,0.0,0.0
2025-06-01,07X,0.0,0.0
2021-06-01,07X,0.0,0.0
2025-03-01,07X,0.0,0.0
2022-03-01,07X,0.0,0.0
2023-04-01,07X,0.0,0.0
2025-02-01,07X,0.0,0.0
2022-12-01,07X,0.0,0.0
2025-12-01,07X,0.0,0.0
2022-08-01,07X,0.0,0.0
2024-08-01,07X,0.0,0.0
2022-07-01,07X,0.0,0.0
2026-01-01,07X,0.0,0.0
2022-06-01,07X,0.0,0.0
2023-08-01,07X,0.0,0.0
2024-04-01,07X,0.0,0.0
2024-09-01,07X,0.0,0.0
2024-07-01,07X,0.0,0.0
2021-08-01,07X,0.0,0.0
2023-12-01,07X,0.0,0.0
2024-02-01,07X,0.0,0.0
2024-06-01,07X,0.0,0.0
2025-01-01,07X,0.0,0.0
2023-07-01,07X,0.0,0.0
2025-05-01,07X,0.0,0.0
2023-01-01,07X,0.0,0.0
2025-09-01,07X,0.0,0.0
2026-03-01,07X,0.0,0.0
2023-03-01,07X,0.0,0.0
2024-01-01,07X,0.0,0.0
2023-10-01,07X,0.0,0.0
2022-04-01,07X,0.0,0.0
2022-10-01,07X,0.0,0.0
2026-02-01,07X,0.0,0.0
2023-02-01,07X,0.0,0.0
2023-09-01,07X,0.0,0.0
2022-05-01,07X,0.0,0.0
2023-11-01,07X,0.0,0.0
2022-07-01,07Y,0.0,0.0
2024-02-01,07Y,0.0,0.0
2021-09-01,07Y,0.0,0.0
2021-10-01,07Y,0.0,0.0
2022-08-01,07Y,0.0,0.0
2023-01-01,07Y,0.0,0.0
2021-11-01,07Y,0.0,0.0
2022-10-01,07Y,0.0,0.0
2023-12-01,07Y,0.0,0.0
2022-09-01,07Y,0.0,0.0
2025-06-01,07Y,0.0,0.0
2025-07-01,07Y,0.0,0.0
2022-12-01,07Y,0.0,0.0
2026-01-01,07Y,0.0,0.0
2025-03-01,07Y,0.0,0.0
2022-02-01,07Y,0.0,0.0
2025-01-01,07Y,0.0,0.0
2026-06-01,07Y,0.0,0.0
2022-06-01,07Y,0.0,0.0
2025-09-01,07Y,0.0,0.0
2022-01-01,07Y,0.0,0.0
2024-10-01,07Y,0.0,0.0
2025-05-01,07Y,0.0,0.0
2023-08-01,07Y,0.0,0.0
2021-08-01,07Y,0.0,0.0
2023-03-01,07Y,0.0,0.0
2023-09-01,07Y,0.0,0.0
2023-11-01,07Y,0.0,0.0
2023-07-01,07Y,0.0,0.0
2024-04-01,07Y,0.0,0.0
2023-10-01,07Y,0.0,0.0
2026-03-01,07Y,0.0,0.0
2022-11-01,07Y,0.0,0.0
2024-01-01,07Y,0.0,0.0
2024-05-01,07Y,0.0,0.0
2021-06-01,07Y,0.0,0.0
2025-04-01,07Y,0.0,0.0
2025-10-01,07Y,0.0,0.0
2025-02-01,07Y,0.0,0.0
2022-04-01,07Y,0.0,0.0
2025-11-01,07Y,0.0,0.0
2026-04-01,07Y,0.0,0.0
2025-12-01,07Y,0.0,0.0
2021-12-01,07Y,0.0,0.0
2023-06-01,07Y,0.0,0.0
2026-05-01,07Y,0.0,0.0
2024-07-01,07Y,0.0,0.0
2023-04-01,07Y,0.0,0.0
2024-03-01,07Y,0.0,0.0
2024-09-01,07Y,0.0,0.0
2022-05-01,07Y,0.0,0.0
2024-08-01,07Y,0.0,0.0
2024-12-01,07Y,0.0,0.0
2022-03-01,07Y,0.0,0.0
2023-02-01,07Y,0.0,0.0
2025-08-01,07Y,0.0,0.0
2024-11-01,07Y,0.0,0.0
2023-05-01,07Y,0.0,0.0
2021-07-01,07Y,0.0,0.0
2024-06-01,07Y,0.0,0.0
2026-02-01,07Y,0.0,0.0
2022-05-01,08A,0.0,0.0
2022-12-01,08A,0.0,0.0
2023-01-01,08A,0.0,0.0
2023-07-01,08A,0.0,0.0
2023-10-01,08A,0.0,0.0
2025-04-01,08A,0.0,0.0
2026-03-01,08A,0.0,0.0
2021-07-01,08A,0.0,0.0
2024-10-01,08A,0.0,0.0
2021-10-01,08A,0.0,0.0
2022-11-01,08A,0.0,0.0
2022-03-01,08A,0.0,0.0
2022-10-01,08A,0.0,0.0
2024-06-01,08A,0.0,0.0
2022-04-01,08A,0.0,0.0
2023-09-01,08A,0.0,0.0
2025-01-01,08A,0.0,0.0
2022-01-01,08A,0.0,0.0
2023-12-01,08A,0.0,0.0
2024-02-01,08A,0.0,0.0
2023-03-01,08A,0.0,0.0
2024-05-01,08A,0.0,0.0
2024-12-01,08A,0.0,0.0
2023-06-01,08A,0.0,0.0
2022-07-01,08A,0.0,0.0
2025-08-01,08A,0.0,0.0
2025-10-01,08A,0.0,0.0
2026-02-01,08A,0.0,0.0
2023-05-01,08A,0.0,0.0
2026-01-01,08A,0.0,0.0
2024-04-01,08A,0.0,0.0
2026-06-01,08A,0.0,0.0
2021-06-01,08A,0.0,0.0
2021-11-01,08A,0.0,0.0
2025-11-01,08A,0.0,0.0
2026-04-01,08A,0.0,0.0
2022-08-01,08A,0.0,0.0
2021-09-01,08A,0.0,0.0
2024-03-01,08A,0.0,0.0
2024-01-01,08A,0.0,0.0
2024-07-01,08A,0.0,0.0
2021-12-01,08A,0.0,0.0
2023-02-01,08A,0.0,0.0
2022-02-01,08A,0.0,0.0
2026-05-01,08A,0.0,0.0
2025-05-01,08A,0.0,0.0
2023-04-01,08A,0.0,0.0
2025-02-01,08A,0.0,0.0
2023-08-01,08A,0.0,0.0
2023-11-01,08A,0.0,0.0
2025-03-01,08A,0.0,0.0
2025-07-01,08A,0.0,0.0
2022-09-01,08A,0.0,0.0
2024-09-01,08A,0.0,0.0
2021-08-01,08A,0.0,0.0
2025-06-01,08A,0.0,0.0
2025-09-01,08A,0.0,0.0
2025-12-01,08A,0.0,0.0
2024-08-01,08A,0.0,0.0
2022-06-01,08A,0.0,0.0
2024-11-01,08A,0.0,0.0
2021-10-01,08C,0.0,0.0
2022-02-01,08C,0.0,0.0
2022-07-01,08C,0.0,0.0
2021-09-01,08C,0.0,0.0
2022-08-01,08C,0.0,0.0
2023-07-01,08C,0.0,0.0
2026-06-01,08C,0.0,0.0
2024-08-01,08C,0.0,0.0
2025-08-01,08C,0.0,0.0
2025-03-01,08C,0.0,0.0
2025-05-01,08C,0.0,0.0
2026-01-01,08C,0.0,0.0
2026-05-01,08C,0.0,0.0
2023-09-01,08C,0.0,0.0
2022-12-01,08C,0.0,0.0
2024-06-01,08C,0.0,0.0
2025-10-01,08C,0.0,0.0
2025-04-01,08C,0.0,0.0
2024-02-01,08C,0.0,0.0
2021-06-01,08C,0.0,0.0
2022-10-01,08C,0.0,0.0
2022-05-01,08C,0.0,0.0
2024-04-01,08C,0.0,0.0
2023-10-01,08C,0.0,0.0
2023-04-01,08C,0.0,0.0
2022-03-01,08C,0.0,0.0
2024-10-01,08C,0.0,0.0
2025-11-01,08C,0.0,0.0
2024-01-01,08C,0.0,0.0
2022-01-01,08C,0.0,0.0
2025-09-01,08C,0.0,0.0
2026-03-01,08C,0.0,0.0
2024-05-01,08C,0.0,0.0
2024-09-01,08C,0.0,0.0
2023-03-01,08C,0.0,0.0
2022-06-01,08C,0.0,0.0
2025-02-01,08C,0.0,0.0
2021-11-01,08C,0.0,0.0
2024-12-01,08C,0.0,0.0
2022-04-01,08C,0.0,0.0
2021-12-01,08C,0.0,0.0
2022-11-01,08C,0.0,0.0
2021-08-01,08C,0.0,0.0
2023-01-01,08C,0.0,0.0
2023-12-01,08C,0.0,0.0
2021-07-01,08C,0.0,0.0
2023-06-01,08C,0.0,0.0
2024-07-01,08C,0.0,0.0
2024-11-01,08C,0.0,0.0
2023-11-01,08C,0.0,0.0
2024-03-01,08C,0.0,0.0
2022-09-01,08C,0.0,0.0
2025-12-01,08C,0.0,0.0
2026-04-01,08C,0.0,0.0
2023-05-01,08C,0.0,0.0
2025-06-01,08C,0.0,0.0
2026-02-01,08C,0.0,0.0
2023-08-01,08C,0.0,0.0
2025-07-01,08C,0.0,0.0
2025-01-01,08C,0.0,0.0
2023-02-01,08C,0.0,0.0
2023-12-01,08D,0.0,0.0
2026-02-01,08D,0.0,0.0
2024-09-01,08D,0.0,0.0
2024-02-01,08D,0.0,0.0
2025-07-01,08D,0.0,0.0
2023-07-01,08D,0.0,0.0
2021-06-01,08D,0.0,0.0
2022-11-01,08D,0.0,0.0
2025-03-01,08D,0.0,0.0
2023-09-01,08D,0.0,0.0
2024-07-01,08D,0.0,0.0
2023-06-01,08D,0.0,0.0
2025-11-01,08D,0.0,0.0
2026-01-01,08D,0.0,0.0
2021-11-01,08D,0.0,0.0
2024-05-01,08D,0.0,0.0
2023-01-01,08D,0.0,0.0
2025-01-01,08D,0.0,0.0
2025-08-01,08D,0.0,0.0
2025-10-01,08D,0.0,0.0
2021-12-01,08D,0.0,0.0
2022-03-01,08D,0.0,0.0
2022-04-01,08D,0.0,0.0
2023-08-01,08D,0.0,0.0
2022-05-01,08D,0.0,0.0
2022-08-01,08D,0.0,0.0
2024-11-01,08D,0.0,0.0
2023-11-01,08D,0.0,0.0
2025-06-01,08D,0.0,0.0
2024-10-01,08D,0.0,0.0
2025-12-01,08D,0.0,0.0
2022-01-01,08D,0.0,0.0
2022-02-01,08D,0.0,0.0
2023-02-01,08D,0.0,0.0
2024-08-01,08D,0.0,0.0
2024-12-01,08D,0.0,0.0
2022-06-01,08D,0.0,0.0
2023-04-01,08D,0.0,0.0
2025-05-01,08D,0.0,0.0
2026-03-01,08D,0.0,0.0
2021-09-01,08D,0.0,0.0
2022-09-01,08D,0.0,0.0
2025-02-01,08D,0.0,0.0
2022-07-01,08D,0.0,0.0
2024-03-01,08D,0.0,0.0
2021-07-01,08D,0.0,0.0
2022-12-01,08D,0.0,0.0
2023-03-01,08D,0.0,0.0
2025-04-01,08D,0.0,0.0
2024-04-01,08D,0.0,0.0
2026-04-01,08D,0.0,0.0
2024-06-01,08D,0.0,0.0
2021-10-01,08D,0.0,0.0
2023-05-01,08D,0.0,0.0
2025-09-01,08D,0.0,0.0
2021-08-01,08D,0.0,0.0
2022-10-01,08D,0.0,0.0
2026-06-01,08D,0.0,0.0
2024-01-01,08D,0.0,0.0
2023-10-01,08D,0.0,0.0
2026-05-01,08D,0.0,0.0
2026-01-01,08E,0.0,0.0
2021-07-01,08E,0.0,0.0
2024-07-01,08E,0.0,0.0
2021-09-01,08E,0.0,0.0
2024-06-01,08E,0.0,0.0
2024-03-01,08E,0.0,0.0
2022-10-01,08E,0.0,0.0
2024-02-01,08E,0.0,0.0
2025-10-01,08E,0.0,0.0
2022-01-01,08E,0.0,0.0
2025-04-01,08E,0.0,0.0
2023-08-01,08E,0.0,0.0
2023-04-01,08E,0.0,0.0
2022-03-01,08E,0.0,0.0
2023-11-01,08E,0.0,0.0
2023-12-01,08E,0.0,0.0
2022-05-01,08E,0.0,0.0
2024-08-01,08E,0.0,0.0
2025-12-01,08E,0.0,0.0
2021-08-01,08E,0.0,0.0
2023-06-01,08E,0.0,0.0
2024-12-01,08E,0.0,0.0
2022-06-01,08E,0.0,0.0
2025-05-01,08E,0.0,0.0
2024-01-01,08E,0.0,0.0
2022-07-01,08E,0.0,0.0
2025-07-01,08E,0.0,0.0
2026-03-01,08E,0.0,0.0
2022-04-01,08E,0.0,0.0
2024-10-01,08E,0.0,0.0
2025-06-01,08E,0.0,0.0
2021-10-01,08E,0.0,0.0
2024-04-01,08E,0.0,0.0
2025-03-01,08E,0.0,0.0
2025-01-01,08E,0.0,0.0
2026-02-01,08E,0.0,0.0
2022-09-01,08E,0.0,0.0
2023-02-01,08E,0.0,0.0
2022-08-01,08E,0.0,0.0
2026-05-01,08E,0.0,0.0
2025-08-01,08E,0.0,0.0
2023-01-01,08E,0.0,0.0
2024-11-01,08E,0.0,0.0
2026-04-01,08E,0.0,0.0
2021-06-01,08E,0.0,0.0
2022-02-01,08E,0.0,0.0
2022-11-01,08E,0.0,0.0
2022-12-01,08E,0.0,0.0
2023-09-01,08E,0.0,0.0
2021-11-01,08E,0.0,0.0
2023-05-01,08E,0.0,0.0
2024-09-01,08E,0.0,0.0
2026-06-01,08E,0.0,0.0
2023-10-01,08E,0.0,0.0
2025-02-01,08E,0.0,0.0
2025-09-01,08E,0.0,0.0
2024-05-01,08E,0.0,0.0
2025-11-01,08E,0.0,0.0
2021-12-01,08E,0.0,0.0
2023-03-01,08E,0.0,0.0
2023-07-01,08E,0.0,0.0
2022-01-01,08F,0.0,0.0
2023-09-01,08F,0.0,0.0
2023-11-01,08F,0.0,0.0
2025-01-01,08F,0.0,0.0
2023-05-01,08F,0.0,0.0
2024-11-01,08F,0.0,0.0
2025-09-01,08F,0.0,0.0
2021-06-01,08F,0.0,0.0
2023-12-01,08F,0.0,0.0
2025-08-01,08F,0.0,0.0
2021-07-01,08F,0.0,0.0
2022-02-01,08F,0.0,0.0
2026-01-01,08F,0.0,0.0
2024-08-01,08F,0.0,0.0
2025-03-01,08F,0.0,0.0
2026-06-01,08F,0.0,0.0
2023-03-01,08F,0.0,0.0
2025-12-01,08F,0.0,0.0
2022-06-01,08F,0.0,0.0
2021-10-01,08F,0.0,0.0
2022-11-01,08F,0.0,0.0
2023-10-01,08F,0.0,0.0
2026-03-01,08F,0.0,0.0
2023-08-01,08F,0.0,0.0
2022-03-01,08F,0.0,0.0
2023-07-01,08F,0.0,0.0
2024-06-01,08F,0.0,0.0
2022-07-01,08F,0.0,0.0
2022-10-01,08F,0.0,0.0
2025-05-01,08F,0.0,0.0
2026-02-01,08F,0.0,0.0
2024-09-01,08F,0.0,0.0
2024-12-01,08F,0.0,0.0
2023-02-01,08F,0.0,0.0
2022-04-01,08F,0.0,0.0
2026-05-01,08F,0.0,0.0
2021-09-01,08F,0.0,0.0
2023-06-01,08F,0.0,0.0
2024-03-01,08F,0.0,0.0
2025-10-01,08F,0.0,0.0
2022-12-01,08F,0.0,0.0
2024-05-01,08F,0.0,0.0
2025-02-01,08F,0.0,0.0
2024-01-01,08F,0.0,0.0
2024-04-01,08F,0.0,0.0
2024-02-01,08F,0.0,0.0
2024-07-01,08F,0.0,0.0
2025-04-01,08F,0.0,0.0
2021-11-01,08F,0.0,0.0
2022-05-01,08F,0.0,0.0
2024-10-01,08F,0.0,0.0
2021-08-01,08F,0.0,0.0
2021-12-01,08F,0.0,0.0
2022-09-01,08F,0.0,0.0
2025-06-01,08F,0.0,0.0
2022-08-01,08F,0.0,0.0
2025-11-01,08F,0.0,0.0
2026-04-01,08F,0.0,0.0
2023-01-01,08F,0.0,0.0
2025-07-01,08F,0.0,0.0
2023-04-01,08F,0.0,0.0
2023-11-01,08G,0.0,0.0
2022-03-01,08G,0.0,0.0
2023-01-01,08G,0.0,0.0
2024-04-01,08G,0.0,0.0
2025-01-01,08G,0.0,0.0
2023-05-01,08G,0.0,0.0
2026-04-01,08G,0.0,0.0
2026-06-01,08G,0.0,0.0
2021-12-01,08G,0.0,0.0
2022-09-01,08G,0.0,0.0
2025-10-01,08G,0.0,0.0
2023-07-01,08G,0.0,0.0
2025-02-01,08G,0.0,0.0
2025-11-01,08G,0.0,0.0
2021-06-01,08G,0.0,0.0
2023-08-01,08G,0.0,0.0
2025-04-01,08G,0.0,0.0
2021-11-01,08G,0.0,0.0
2024-11-01,08G,0.0,0.0
2026-02-01,08G,0.0,0.0
2022-11-01,08G,0.0,0.0
2023-12-01,08G,0.0,0.0
2024-05-01,08G,0.0,0.0
2024-12-01,08G,0.0,0.0
2024-08-01,08G,0.0,0.0
2022-05-01,08G,0.0,0.0
2024-09-01,08G,0.0,0.0
2025-08-01,08G,0.0,0.0
2022-08-01,08G,0.0,0.0
2023-04-01,08G,0.0,0.0
2023-02-01,08G,0.0,0.0
2023-03-01,08G,0.0,0.0
2025-03-01,08G,0.0,0.0
2022-04-01,08G,0.0,0.0
2023-10-01,08G,0.0,0.0
2022-01-01,08G,0.0,0.0
2024-01-01,08G,0.0,0.0
2025-12-01,08G,0.0,0.0
2026-05-01,08G,0.0,0.0
2023-09-01,08G,0.0,0.0
2021-10-01,08G,0.0,0.0
2023-06-01,08G,0.0,0.0
2025-07-01,08G,0.0,0.0
2022-02-01,08G,0.0,0.0
2022-10-01,08G,0.0,0.0
2024-02-01,08G,0.0,0.0
2021-07-01,08G,0.0,0.0
2026-01-01,08G,0.0,0.0
2026-03-01,08G,0.0,0.0
2025-09-01,08G,0.0,0.0
2022-12-01,08G,0.0,0.0
2021-09-01,08G,0.0,0.0
2024-10-01,08G,0.0,0.0
2024-03-01,08G,0.0,0.0
2024-06-01,08G,0.0,0.0
2022-06-01,08G,0.0,0.0
2021-08-01,08G,0.0,0.0
2025-05-01,08G,0.0,0.0
2025-06-01,08G,0.0,0.0
2022-07-01,08G,0.0,0.0
2024-07-01,08G,0.0,0.0
2021-10-01,08H,0.0,0.0
2022-04-01,08H,0.0,0.0
2022-07-01,08H,0.0,0.0
2024-05-01,08H,0.0,0.0
2025-01-01,08H,0.0,0.0
2026-05-01,08H,0.0,0.0
2026-01-01,08H,0.0,0.0
2024-03-01,08H,0.0,0.0
2023-12-01,08H,0.0,0.0
2022-08-01,08H,0.0,0.0
2023-03-01,08H,0.0,0.0
2022-12-01,08H,0.0,0.0
2024-09-01,08H,0.0,0.0
2025-08-01,08H,0.0,0.0
2023-10-01,08H,0.0,0.0
2022-01-01,08H,0.0,0.0
2024-07-01,08H,0.0,0.0
2025-06-01,08H,0.0,0.0
2022-11-01,08H,0.0,0.0
2023-01-01,08H,0.0,0.0
2025-05-01,08H,0.0,0.0
2025-12-01,08H,0.0,0.0
2025-03-01,08H,0.0,0.0
2023-05-01,08H,0.0,0.0
2021-12-01,08H,0.0,0.0
2022-06-01,08H,0.0,0.0
2025-09-01,08H,0.0,0.0
2024-06-01,08H,0.0,0.0
2025-04-01,08H,0.0,0.0
2022-02-01,08H,0.0,0.0
2022-03-01,08H,0.0,0.0
2026-03-01,08H,0.0,0.0
2023-02-01,08H,0.0,0.0
2021-06-01,08H,0.0,0.0
2023-08-01,08H,0.0,0.0
2025-07-01,08H,0.0,0.0
2025-11-01,08H,0.0,0.0
2024-04-01,08H,0.0,0.0
2021-08-01,08H,0.0,0.0
2021-11-01,08H,0.0,0.0
2024-02-01,08H,0.0,0.0
2024-11-01,08H,0.0,0.0
2025-10-01,08H,0.0,0.0
2022-05-01,08H,0.0,0.0
2024-01-01,08H,0.0,0.0
2026-04-01,08H,0.0,0.0
2021-09-01,08H,0.0,0.0
2023-11-01,08H,0.0,0.0
2026-06-01,08H,0.0,0.0
2023-06-01,08H,0.0,0.0
2022-10-01,08H,0.0,0.0
2024-12-01,08H,0.0,0.0
2026-02-01,08H,0.0,0.0
2021-07-01,08H,0.0,0.0
2023-07-01,08H,0.0,0.0
2023-09-01,08H,0.0,0.0
2024-10-01,08H,0.0,0.0
2023-04-01,08H,0.0,0.0
2022-09-01,08H,0.0,0.0
2025-02-01,08H,0.0,0.0
2024-08-01,08H,0.0,0.0
2024-10-01,08J,0.0,0.0
2023-01-01,08J,0.0,0.0
2024-03-01,08J,0.0,0.0
2025-09-01,08J,0.0,0.0
2023-10-01,08J,0.0,0.0
2021-11-01,08J,0.0,0.0
2023-05-01,08J,0.0,0.0
2022-05-01,08J,0.0,0.0
2025-02-01,08J,0.0,0.0
2021-10-01,08J,0.0,0.0
2021-06-01,08J,0.0,0.0
2024-12-01,08J,0.0,0.0
2023-07-01,08J,0.0,0.0
2022-02-01,08J,0.0,0.0
2024-02-01,08J,0.0,0.0
2025-05-01,08J,0.0,0.0
2025-12-01,08J,0.0,0.0
2022-10-01,08J,0.0,0.0
2023-03-01,08J,0.0,0.0
2025-06-01,08J,0.0,0.0
2021-09-01,08J,0.0,0.0
2021-12-01,08J,0.0,0.0
2023-09-01,08J,0.0,0.0
2022-07-01,08J,0.0,0.0
2022-11-01,08J,0.0,0.0
2023-06-01,08J,0.0,0.0
2023-08-01,08J,0.0,0.0
2025-03-01,08J,0.0,0.0
2021-07-01,08J,0.0,0.0
2024-07-01,08J,0.0,0.0
2025-08-01,08J,0.0,0.0
2022-04-01,08J,0.0,0.0
2024-11-01,08J,0.0,0.0
2024-08-01,08J,0.0,0.0
2022-03-01,08J,0.0,0.0
2024-06-01,08J,0.0,0.0
2025-10-01,08J,0.0,0.0
2022-08-01,08J,0.0,0.0
2022-09-01,08J,0.0,0.0
2026-04-01,08J,0.0,0.0
2023-02-01,08J,0.0,0.0
2022-12-01,08J,0.0,0.0
2024-09-01,08J,0.0,0.0
2022-01-01,08J,0.0,0.0
2023-11-01,08J,0.0,0.0
2025-07-01,08J,0.0,0.0
2024-04-01,08J,0.0,0.0
2026-01-01,08J,0.0,0.0
2024-01-01,08J,0.0,0.0
2025-04-01,08J,0.0,0.0
2021-08-01,08J,0.0,0.0
2023-04-01,08J,0.0,0.0
2026-03-01,08J,0.0,0.0
2023-12-01,08J,0.0,0.0
2025-11-01,08J,0.0,0.0
2025-01-01,08J,0.0,0.0
2026-05-01,08J,0.0,0.0
2022-06-01,08J,0.0,0.0
2024-05-01,08J,0.0,0.0
2026-02-01,08J,0.0,0.0
2026-06-01,08J,0.0,0.0
2024-05-01,08K,0.0,0.0
2021-12-01,08K,0.0,0.0
2025-11-01,08K,0.0,0.0
2023-07-01,08K,0.0,0.0
2024-02-01,08K,0.0,0.0
2022-04-01,08K,0.0,0.0
2025-08-01,08K,0.0,0.0
2022-09-01,08K,0.0,0.0
2023-01-01,08K,0.0,0.0
2023-12-01,08K,0.0,0.0
2024-01-01,08K,0.0,0.0
2024-07-01,08K,0.0,0.0
2024-12-01,08K,0.0,0.0
2026-03-01,08K,0.0,0.0
2026-05-01,08K,0.0,0.0
2023-10-01,08K,0.0,0.0
2021-07-01,08K,0.0,0.0
2023-05-01,08K,0.0,0.0
2024-08-01,08K,0.0,0.0
2023-09-01,08K,0.0,0.0
2024-04-01,08K,0.0,0.0
2023-02-01,08K,0.0,0.0
2024-03-01,08K,0.0,0.0
2024-09-01,08K,0.0,0.0
2026-02-01,08K,0.0,0.0
2023-03-01,08K,0.0,0.0
2025-06-01,08K,0.0,0.0
2021-09-01,08K,0.0,0.0
2025-01-01,08K,0.0,0.0
2025-04-01,08K,0.0,0.0
2025-10-01,08K,0.0,0.0
2021-11-01,08K,0.0,0.0
2023-04-01,08K,0.0,0.0
2025-09-01,08K,0.0,0.0
2022-10-01,08K,0.0,0.0
2025-03-01,08K,0.0,0.0
2025-07-01,08K,0.0,0.0
2023-06-01,08K,0.0,0.0
2022-06-01,08K,0.0,0.0
2025-05-01,08K,0.0,0.0
2022-07-01,08K,0.0,0.0
2026-04-01,08K,0.0,0.0
2024-10-01,08K,0.0,0.0
2024-06-01,08K,0.0,0.0
2022-08-01,08K,0.0,0.0
2022-12-01,08K,0.0,0.0
2025-02-01,08K,0.0,0.0
2021-10-01,08K,0.0,0.0
2026-01-01,08K,0.0,0.0
2021-08-01,08K,0.0,0.0
2022-05-01,08K,0.0,0.0
2023-11-01,08K,0.0,0.0
2022-03-01,08K,0.0,0.0
2024-11-01,08K,0.0,0.0
2026-06-01,08K,0.0,0.0
2021-06-01,08K,0.0,0.0
2022-01-01,08K,0.0,0.0
2022-02-01,08K,0.0,0.0
2025-12-01,08K,0.0,0.0
2022-11-01,08K,0.0,0.0
2023-08-01,08K,0.0,0.0
2023-06-01,08L,0.0,0.0
2024-08-01,08L,0.0,0.0
2021-09-01,08L,0.0,0.0
2025-03-01,08L,0.0,0.0
2022-04-01,08L,0.0,0.0
2022-05-01,08L,0.0,0.0
2024-03-01,08L,0.0,0.0
2024-05-01,08L,0.0,0.0
2025-06-01,08L,0.0,0.0
2024-01-01,08L,0.0,0.0
2021-06-01,08L,0.0,0.0
2022-06-01,08L,0.0,0.0
2022-01-01,08L,0.0,0.0
2025-05-01,08L,0.0,0.0
2025-08-01,08L,0.0,0.0
2024-12-01,08L,0.0,0.0
2022-12-01,08L,0.0,0.0
2022-03-01,08L,0.0,0.0
2025-07-01,08L,0.0,0.0
2025-09-01,08L,0.0,0.0
2024-10-01,08L,0.0,0.0
2022-10-01,08L,0.0,0.0
2024-11-01,08L,0.0,0.0
2023-10-01,08L,0.0,0.0
2024-02-01,08L,0.0,0.0
2026-03-01,08L,0.0,0.0
2024-07-01,08L,0.0,0.0
2022-02-01,08L,0.0,0.0
2022-08-01,08L,0.0,0.0
2023-07-01,08L,0.0,0.0
2024-06-01,08L,0.0,0.0
2024-09-01,08L,0.0,0.0
2023-12-01,08L,0.0,0.0
2023-02-01,08L,0.0,0.0
2026-02-01,08L,0.0,0.0
2021-07-01,08L,0.0,0.0
2023-09-01,08L,0.0,0.0
2026-06-01,08L,0.0,0.0
2021-12-01,08L,0.0,0.0
2023-05-01,08L,0.0,0.0
2025-12-01,08L,0.0,0.0
2024-04-01,08L,0.0,0.0
2023-03-01,08L,0.0,0.0
2025-11-01,08L,0.0,0.0
2023-11-01,08L,0.0,0.0
2023-04-01,08L,0.0,0.0
2021-08-01,08L,0.0,0.0
2023-08-01,08L,0.0,0.0
2026-04-01,08L,0.0,0.0
2021-10-01,08L,0.0,0.0
2025-01-01,08L,0.0,0.0
2025-02-01,08L,0.0,0.0
2021-11-01,08L,0.0,0.0
2023-01-01,08L,0.0,0.0
2022-09-01,08L,0.0,0.0
2022-07-01,08L,0.0,0.0
2025-10-01,08L,0.0,0.0
2026-01-01,08L,0.0,0.0
2026-05-01,08L,0.0,0.0
2022-11-01,08L,0.0,0.0
2025-04-01,08L,0.0,0.0
2021-11-01,08M,0.0,0.0
2022-04-01,08M,0.0,0.0
2024-07-01,08M,0.0,0.0
2022-12-01,08M,0.0,0.0
2026-01-01,08M,0.0,0.0
2023-12-01,08M,0.0,0.0
2021-08-01,08M,0.0,0.0
2021-07-01,08M,0.0,0.0
2022-02-01,08M,0.0,0.0
2023-03-01,08M,0.0,0.0
2025-09-01,08M,0.0,0.0
2022-03-01,08M,0.0,0.0
2023-04-01,08M,0.0,0.0
2025-08-01,08M,0.0,0.0
2026-05-01,08M,0.0,0.0
2021-09-01,08M,0.0,0.0
2023-07-01,08M,0.0,0.0
2024-05-01,08M,0.0,0.0
2025-01-01,08M,0.0,0.0
2024-02-01,08M,0.0,0.0
2024-04-01,08M,0.0,0.0
2024-06-01,08M,0.0,0.0
2023-08-01,08M,0.0,0.0
2025-12-01,08M,0.0,0.0
2022-06-01,08M,0.0,0.0
2022-08-01,08M,0.0,0.0
2026-02-01,08M,0.0,0.0
2025-05-01,08M,0.0,0.0
2025-10-01,08M,0.0,0.0
2025-06-01,08M,0.0,0.0
2025-03-01,08M,0.0,0.0
2021-12-01,08M,0.0,0.0
2025-07-01,08M,0.0,0.0
2023-01-01,08M,0.0,0.0
2021-06-01,08M,0.0,0.0
2025-11-01,08M,0.0,0.0
2022-10-01,08M,0.0,0.0
2022-05-01,08M,0.0,0.0
2022-11-01,08M,0.0,0.0
2023-10-01,08M,0.0,0.0
2024-12-01,08M,0.0,0.0
2024-09-01,08M,0.0,0.0
2024-11-01,08M,0.0,0.0
2022-07-01,08M,0.0,0.0
2025-02-01,08M,0.0,0.0
2024-01-01,08M,0.0,0.0
2025-04-01,08M,0.0,0.0
2023-11-01,08M,0.0,0.0
2024-08-01,08M,0.0,0.0
2026-03-01,08M,0.0,0.0
2021-10-01,08M,0.0,0.0
2022-01-01,08M,0.0,0.0
2024-03-01,08M,0.0,0.0
2026-06-01,08M,0.0,0.0
2024-10-01,08M,0.0,0.0
2022-09-01,08M,0.0,0.0
2023-02-01,08M,0.0,0.0
2026-04-01,08M,0.0,0.0
2023-09-01,08M,0.0,0.0
2023-06-01,08M,0.0,0.0
2023-05-01,08M,0.0,0.0
2025-01-01,08N,0.0,0.0
2024-02-01,08N,0.0,0.0
2023-10-01,08N,0.0,0.0
2025-02-01,08N,0.0,0.0
2023-04-01,08N,0.0,0.0
2025-09-01,08N,0.0,0.0
2026-04-01,08N,0.0,0.0
2022-05-01,08N,0.0,0.0
2024-01-01,08N,0.0,0.0
2025-12-01,08N,0.0,0.0
2021-06-01,08N,0.0,0.0
2022-07-01,08N,0.0,0.0
2023-11-01,08N,0.0,0.0
2024-09-01,08N,0.0,0.0
2025-05-01,08N,0.0,0.0
2021-07-01,08N,0.0,0.0
2022-04-01,08N,0.0,0.0
2023-01-01,08N,0.0,0.0
2026-03-01,08N,0.0,0.0
2025-03-01,08N,0.0,0.0
2021-11-01,08N,0.0,0.0
2024-08-01,08N,0.0,0.0
2024-03-01,08N,0.0,0.0
2024-12-01,08N,0.0,0.0
2025-07-01,08N,0.0,0.0
2021-09-01,08N,0.0,0.0
2025-10-01,08N,0.0,0.0
2021-12-01,08N,0.0,0.0
2025-06-01,08N,0.0,0.0
2022-06-01,08N,0.0,0.0
2022-10-01,08N,0.0,0.0
2022-03-01,08N,0.0,0.0
2023-02-01,08N,0.0,0.0
2023-05-01,08N,0.0,0.0
2023-07-01,08N,0.0,0.0
2024-05-01,08N,0.0,0.0
2024-07-01,08N,0.0,0.0
2023-03-01,08N,0.0,0.0
2026-05-01,08N,0.0,0.0
2025-11-01,08N,0.0,0.0
2025-04-01,08N,0.0,0.0
2026-02-01,08N,0.0,0.0
2022-12-01,08N,0.0,0.0
2024-06-01,08N,0.0,0.0
2025-08-01,08N,0.0,0.0
2021-08-01,08N,0.0,0.0
2022-08-01,08N,0.0,0.0
2024-11-01,08N,0.0,0.0
2023-08-01,08N,0.0,0.0
2023-09-01,08N,0.0,0.0
2026-01-01,08N,0.0,0.0
2023-06-01,08N,0.0,0.0
2023-12-01,08N,0.0,0.0
2022-01-01,08N,0.0,0.0
2024-04-01,08N,0.0,0.0
2026-06-01,08N,0.0,0.0
2022-09-01,08N,0.0,0.0
2024-10-01,08N,0.0,0.0
2021-10-01,08N,0.0,0.0
2022-02-01,08N,0.0,0.0
2022-11-01,08N,0.0,0.0
2022-08-01,08Q,0.0,0.0
2025-11-01,08Q,0.0,0.0
2025-07-01,08Q,0.0,0.0
2021-08-01,08Q,0.0,0.0
2021-11-01,08Q,0.0,0.0
2023-02-01,08Q,0.0,0.0
2021-10-01,08Q,0.0,0.0
2024-12-01,08Q,0.0,0.0
2023-07-01,08Q,0.0,0.0
2022-03-01,08Q,0.0,0.0
2026-01-01,08Q,0.0,0.0
2022-10-01,08Q,0.0,0.0
2023-03-01,08Q,0.0,0.0
2022-04-01,08Q,0.0,0.0
2021-09-01,08Q,0.0,0.0
2022-11-01,08Q,0.0,0.0
2024-11-01,08Q,0.0,0.0
2023-08-01,08Q,0.0,0.0
2024-08-01,08Q,0.0,0.0
2023-06-01,08Q,0.0,0.0
2024-10-01,08Q,0.0,0.0
2025-01-01,08Q,0.0,0.0
2023-10-01,08Q,0.0,0.0
2025-02-01,08Q,0.0,0.0
2025-10-01,08Q,0.0,0.0
2026-02-01,08Q,0.0,0.0
2026-04-01,08Q,0.0,0.0
2022-05-01,08Q,0.0,0.0
2022-06-01,08Q,0.0,0.0
2022-09-01,08Q,0.0,0.0
2024-06-01,08Q,0.0,0.0
2024-01-01,08Q,0.0,0.0
2025-03-01,08Q,0.0,0.0
2025-08-01,08Q,0.0,0.0
2022-12-01,08Q,0.0,0.0
2025-12-01,08Q,0.0,0.0
2023-01-01,08Q,0.0,0.0
2023-05-01,08Q,0.0,0.0
2025-09-01,08Q,0.0,0.0
2024-05-01,08Q,0.0,0.0
2024-09-01,08Q,0.0,0.0
2021-07-01,08Q,0.0,0.0
2024-03-01,08Q,0.0,0.0
2024-07-01,08Q,0.0,0.0
2022-07-01,08Q,0.0,0.0
2022-02-01,08Q,0.0,0.0
2025-05-01,08Q,0.0,0.0
2026-06-01,08Q,0.0,0.0
2026-03-01,08Q,0.0,0.0
2023-09-01,08Q,0.0,0.0
2025-06-01,08Q,0.0,0.0
2022-01-01,08Q,0.0,0.0
2023-04-01,08Q,0.0,0.0
2024-04-01,08Q,0.0,0.0
2025-04-01,08Q,0.0,0.0
2026-05-01,08Q,0.0,0.0
2021-06-01,08Q,0.0,0.0
2021-12-01,08Q,0.0,0.0
2024-02-01,08Q,0.0,0.0
2023-11-01,08Q,0.0,0.0
2023-12-01,08Q,0.0,0.0
2022-10-01,08R,0.0,0.0
2026-06-01,08R,0.0,0.0
2022-06-01,08R,0.0,0.0
2024-09-01,08R,0.0,0.0
2025-03-01,08R,0.0,0.0
2021-11-01,08R,0.0,0.0
2022-09-01,08R,0.0,0.0
2023-09-01,08R,0.0,0.0
2025-07-01,08R,0.0,0.0
2025-10-01,08R,0.0,0.0
2024-10-01,08R,0.0,0.0
2023-10-01,08R,0.0,0.0
2023-12-01,08R,0.0,0.0
2026-02-01,08R,0.0,0.0
2024-05-01,08R,0.0,0.0
2025-09-01,08R,0.0,0.0
2021-08-01,08R,0.0,0.0
2023-08-01,08R,0.0,0.0
2023-01-01,08R,0.0,0.0
2024-02-01,08R,0.0,0.0
2023-03-01,08R,0.0,0.0
2023-05-01,08R,0.0,0.0
2025-08-01,08R,0.0,0.0
2025-11-01,08R,0.0,0.0
2026-03-01,08R,0.0,0.0
2024-03-01,08R,0.0,0.0
2024-06-01,08R,0.0,0.0
2025-01-01,08R,0.0,0.0
2022-04-01,08R,0.0,0.0
2022-11-01,08R,0.0,0.0
2021-06-01,08R,0.0,0.0
2025-05-01,08R,0.0,0.0
2021-12-01,08R,0.0,0.0
2025-02-01,08R,0.0,0.0
2024-07-01,08R,0.0,0.0
2024-12-01,08R,0.0,0.0
2022-08-01,08R,0.0,0.0
2026-05-01,08R,0.0,0.0
2024-08-01,08R,0.0,0.0
2025-04-01,08R,0.0,0.0
2025-06-01,08R,0.0,0.0
2022-03-01,08R,0.0,0.0
2024-11-01,08R,0.0,0.0
2021-09-01,08R,0.0,0.0
2026-01-01,08R,0.0,0.0
2022-02-01,08R,0.0,0.0
2022-01-01,08R,0.0,0.0
2021-07-01,08R,0.0,0.0
2021-10-01,08R,0.0,0.0
2022-05-01,08R,0.0,0.0
2023-11-01,08R,0.0,0.0
2025-12-01,08R,0.0,0.0
2023-02-01,08R,0.0,0.0
2026-04-01,08R,0.0,0.0
2022-12-01,08R,0.0,0.0
2023-07-01,08R,0.0,0.0
2023-04-01,08R,0.0,0.0
2024-01-01,08R,0.0,0.0
2024-04-01,08R,0.0,0.0
2022-07-01,08R,0.0,0.0
2023-06-01,08R,0.0,0.0
2026-02-01,08T,0.0,0.0
2025-06-01,08T,0.0,0.0
2025-12-01,08T,0.0,0.0
2022-11-01,08T,0.0,0.0
2024-07-01,08T,0.0,0.0
2021-11-01,08T,0.0,0.0
2024-05-01,08T,0.0,0.0
2026-03-01,08T,0.0,0.0
2021-12-01,08T,0.0,0.0
2023-03-01,08T,0.0,0.0
2024-01-01,08T,0.0,0.0
2025-05-01,08T,0.0,0.0
2024-12-01,08T,0.0,0.0
2025-04-01,08T,0.0,0.0
2021-08-01,08T,0.0,0.0
2023-01-01,08T,0.0,0.0
2024-03-01,08T,0.0,0.0
2026-04-01,08T,0.0,0.0
2024-08-01,08T,0.0,0.0
2026-05-01,08T,0.0,0.0
2025-10-01,08T,0.0,0.0
2026-06-01,08T,0.0,0.0
2023-06-01,08T,0.0,0.0
2024-02-01,08T,0.0,0.0
2023-11-01,08T,0.0,0.0
2025-09-01,08T,0.0,0.0
2022-05-01,08T,0.0,0.0
2022-09-01,08T,0.0,0.0
2022-02-01,08T,0.0,0.0
2024-04-01,08T,0.0,0.0
2022-10-01,08T,0.0,0.0
2023-09-01,08T,0.0,0.0
2025-07-01,08T,0.0,0.0
2021-07-01,08T,0.0,0.0
2021-06-01,08T,0.0,0.0
2023-04-01,08T,0.0,0.0
2023-07-01,08T,0.0,0.0
2024-11-01,08T,0.0,0.0
2026-01-01,08T,0.0,0.0
2023-10-01,08T,0.0,0.0
2023-12-01,08T,0.0,0.0
2023-02-01,08T,0.0,0.0
2023-05-01,08T,0.0,0.0
2025-03-01,08T,0.0,0.0
2024-06-01,08T,0.0,0.0
2025-11-01,08T,0.0,0.0
2024-09-01,08T,0.0,0.0
2022-12-01,08T,0.0,0.0
2021-10-01,08T,0.0,0.0
2022-06-01,08T,0.0,0.0
2022-07-01,08T,0.0,0.0
2025-02-01,08T,0.0,0.0
2022-03-01,08T,0.0,0.0
2025-08-01,08T,0.0,0.0
2025-01-01,08T,0.0,0.0
2021-09-01,08T,0.0,0.0
2024-10-01,08T,0.0,0.0
2022-04-01,08T,0.0,0.0
2022-01-01,08T,0.0,0.0
2022-08-01,08T,0.0,0.0
2023-08-01,08T,0.0,0.0
2021-07-01,08V,0.0,0.0
2024-02-01,08V,0.0,0.0
2025-09-01,08V,0.0,0.0
2024-04-01,08V,0.0,0.0
2021-10-01,08V,0.0,0.0
2022-09-01,08V,0.0,0.0
2022-11-01,08V,0.0,0.0
2023-09-01,08V,0.0,0.0
2023-12-01,08V,0.0,0.0
2025-11-01,08V,0.0,0.0
2022-06-01,08V,0.0,0.0
2025-01-01,08V,0.0,0.0
2026-05-01,08V,0.0,0.0
2024-07-01,08V,0.0,0.0
2021-09-01,08V,0.0,0.0
2026-02-01,08V,0.0,0.0
2026-06-01,08V,0.0,0.0
2022-04-01,08V,0.0,0.0
2022-12-01,08V,0.0,0.0
2023-02-01,08V,0.0,0.0
2024-01-01,08V,0.0,0.0
2023-10-01,08V,0.0,0.0
2024-05-01,08V,0.0,0.0
2024-12-01,08V,0.0,0.0
2023-03-01,08V,0.0,0.0
2025-08-01,08V,0.0,0.0
2023-05-01,08V,0.0,0.0
2023-04-01,08V,0.0,0.0
2023-11-01,08V,0.0,0.0
2025-10-01,08V,0.0,0.0
2022-10-01,08V,0.0,0.0
2024-03-01,08V,0.0,0.0
2022-08-01,08V,0.0,0.0
2021-08-01,08V,0.0,0.0
2023-06-01,08V,0.0,0.0
2023-07-01,08V,0.0,0.0
2026-04-01,08V,0.0,0.0
2025-02-01,08V,0.0,0.0
2024-10-01,08V,0.0,0.0
2022-01-01,08V,0.0,0.0
2024-09-01,08V,0.0,0.0
2025-06-01,08V,0.0,0.0
2026-01-01,08V,0.0,0.0
2022-02-01,08V,0.0,0.0
2022-03-01,08V,0.0,0.0
2025-03-01,08V,0.0,0.0
2025-07-01,08V,0.0,0.0
2024-06-01,08V,0.0,0.0
2026-03-01,08V,0.0,0.0
2023-01-01,08V,0.0,0.0
2024-11-01,08V,0.0,0.0
2022-05-01,08V,0.0,0.0
2023-08-01,08V,0.0,0.0
2025-12-01,08V,0.0,0.0
2021-06-01,08V,0.0,0.0
2024-08-01,08V,0.0,0.0
2021-12-01,08V,0.0,0.0
2022-07-01,08V,0.0,0.0
2025-04-01,08V,0.0,0.0
2025-05-01,08V,0.0,0.0
2021-11-01,08V,0.0,0.0
2025-04-01,08W,0.0,0.0
2026-02-01,08W,0.0,0.0
2023-05-01,08W,0.0,0.0
2023-10-01,08W,0.0,0.0
2024-02-01,08W,0.0,0.0
2026-04-01,08W,0.0,0.0
2021-11-01,08W,0.0,0.0
2023-06-01,08W,0.0,0.0
2024-07-01,08W,0.0,0.0
2024-10-01,08W,0.0,0.0
2021-07-01,08W,0.0,0.0
2022-06-01,08W,0.0,0.0
2022-08-01,08W,0.0,0.0
2023-03-01,08W,0.0,0.0
2025-02-01,08W,0.0,0.0
2025-08-01,08W,0.0,0.0
2022-01-01,08W,0.0,0.0
2022-12-01,08W,0.0,0.0
2024-09-01,08W,0.0,0.0
2022-05-01,08W,0.0,0.0
2021-06-01,08W,0.0,0.0
2025-01-01,08W,0.0,0.0
2023-08-01,08W,0.0,0.0
2024-01-01,08W,0.0,0.0
2021-10-01,08W,0.0,0.0
2024-08-01,08W,0.0,0.0
2024-04-01,08W,0.0,0.0
2024-05-01,08W,0.0,0.0
2024-06-01,08W,0.0,0.0
2025-03-01,08W,0.0,0.0
2021-12-01,08W,0.0,0.0
2023-12-01,08W,0.0,0.0
2024-11-01,08W,0.0,0.0
2025-10-01,08W,0.0,0.0
2026-01-01,08W,0.0,0.0
2026-06-01,08W,0.0,0.0
2023-02-01,08W,0.0,0.0
2025-07-01,08W,0.0,0.0
2022-03-01,08W,0.0,0.0
2025-05-01,08W,0.0,0.0
2022-02-01,08W,0.0,0.0
2022-07-01,08W,0.0,0.0
2025-12-01,08W,0.0,0.0
2024-12-01,08W,0.0,0.0
2023-01-01,08W,0.0,0.0
2024-03-01,08W,0.0,0.0
2026-03-01,08W,0.0,0.0
2025-09-01,08W,0.0,0.0
2022-11-01,08W,0.0,0.0
2023-09-01,08W,0.0,0.0
2023-04-01,08W,0.0,0.0
2022-04-01,08W,0.0,0.0
2026-05-01,08W,0.0,0.0
2022-10-01,08W,0.0,0.0
2025-06-01,08W,0.0,0.0
2022-09-01,08W,0.0,0.0
2025-11-01,08W,0.0,0.0
2021-09-01,08W,0.0,0.0
2023-07-01,08W,0.0,0.0
2023-11-01,08W,0.0,0.0
2021-08-01,08W,0.0,0.0
2023-07-01,08X,0.0,0.0
2026-03-01,08X,0.0,0.0
2024-12-01,08X,0.0,0.0
2023-10-01,08X,0.0,0.0
2025-09-01,08X,0.0,0.0
2025-04-01,08X,0.0,0.0
2024-11-01,08X,0.0,0.0
2022-08-01,08X,0.0,0.0
2026-06-01,08X,0.0,0.0
2025-12-01,08X,0.0,0.0
2022-02-01,08X,0.0,0.0
2022-04-01,08X,0.0,0.0
2022-10-01,08X,0.0,0.0
2023-06-01,08X,0.0,0.0
2024-03-01,08X,0.0,0.0
2023-02-01,08X,0.0,0.0
2023-04-01,08X,0.0,0.0
2026-04-01,08X,0.0,0.0
2021-11-01,08X,0.0,0.0
2021-09-01,08X,0.0,0.0
2023-05-01,08X,0.0,0.0
2023-09-01,08X,0.0,0.0
2021-07-01,08X,0.0,0.0
2026-05-01,08X,0.0,0.0
2022-07-01,08X,0.0,0.0
2024-07-01,08X,0.0,0.0
2025-08-01,08X,0.0,0.0
2026-01-01,08X,0.0,0.0
2025-06-01,08X,0.0,0.0
2025-07-01,08X,0.0,0.0
2025-03-01,08X,0.0,0.0
2025-05-01,08X,0.0,0.0
2024-04-01,08X,0.0,0.0
2024-06-01,08X,0.0,0.0
2022-03-01,08X,0.0,0.0
2024-09-01,08X,0.0,0.0
2024-08-01,08X,0.0,0.0
2025-01-01,08X,0.0,0.0
2023-03-01,08X,0.0,0.0
2024-10-01,08X,0.0,0.0
2022-12-01,08X,0.0,0.0
2022-05-01,08X,0.0,0.0
2021-12-01,08X,0.0,0.0
2023-12-01,08X,0.0,0.0
2022-11-01,08X,0.0,0.0
2023-08-01,08X,0.0,0.0
2021-06-01,08X,0.0,0.0
2026-02-01,08X,0.0,0.0
2022-09-01,08X,0.0,0.0
2021-08-01,08X,0.0,0.0
2025-11-01,08X,0.0,0.0
2024-01-01,08X,0.0,0.0
2024-02-01,08X,0.0,0.0
2025-02-01,08X,0.0,0.0
2025-10-01,08X,0.0,0.0
2022-06-01,08X,0.0,0.0
2023-11-01,08X,0.0,0.0
2024-05-01,08X,0.0,0.0
2021-10-01,08X,0.0,0.0
2022-01-01,08X,0.0,0.0
2023-01-01,08X,0.0,0.0
2021-09-01,08Y,0.0,0.0
2022-03-01,08Y,0.0,0.0
2021-06-01,08Y,0.0,0.0
2023-03-01,08Y,0.0,0.0
2023-08-01,08Y,0.0,0.0
2024-07-01,08Y,0.0,0.0
2024-11-01,08Y,0.0,0.0
2023-01-01,08Y,0.0,0.0
2024-04-01,08Y,0.0,0.0
2023-05-01,08Y,0.0,0.0
2025-03-01,08Y,0.0,0.0
2025-11-01,08Y,0.0,0.0
2025-12-01,08Y,0.0,0.0
2026-04-01,08Y,0.0,0.0
2022-08-01,08Y,0.0,0.0
2022-12-01,08Y,0.0,0.0
2023-09-01,08Y,0.0,0.0
2022-01-01,08Y,0.0,0.0
2024-01-01,08Y,0.0,0.0
2025-10-01,08Y,0.0,0.0
2022-07-01,08Y,0.0,0.0
2021-10-01,08Y,0.0,0.0
2026-01-01,08Y,0.0,0.0
2024-08-01,08Y,0.0,0.0
2022-02-01,08Y,0.0,0.0
2023-02-01,08Y,0.0,0.0
2026-02-01,08Y,0.0,0.0
2026-05-01,08Y,0.0,0.0
2025-05-01,08Y,0.0,0.0
2021-12-01,08Y,0.0,0.0
2022-10-01,08Y,0.0,0.0
2022-05-01,08Y,0.0,0.0
2023-10-01,08Y,0.0,0.0
2025-01-01,08Y,0.0,0.0
2021-07-01,08Y,0.0,0.0
2023-04-01,08Y,0.0,0.0
2025-02-01,08Y,0.0,0.0
2022-04-01,08Y,0.0,0.0
2024-12-01,08Y,0.0,0.0
2025-07-01,08Y,0.0,0.0
2021-08-01,08Y,0.0,0.0
2023-12-01,08Y,0.0,0.0
2024-03-01,08Y,0.0,0.0
2025-04-01,08Y,0.0,0.0
2023-06-01,08Y,0.0,0.0
2023-07-01,08Y,0.0,0.0
2024-06-01,08Y,0.0,0.0
2025-08-01,08Y,0.0,0.0
2025-09-01,08Y,0.0,0.0
2023-11-01,08Y,0.0,0.0
2024-02-01,08Y,0.0,0.0
2021-11-01,08Y,0.0,0.0
2026-06-01,08Y,0.0,0.0
2022-06-01,08Y,0.0,0.0
2022-11-01,08Y,0.0,0.0
2026-03-01,08Y,0.0,0.0
2024-09-01,08Y,0.0,0.0
2024-05-01,08Y,0.0,0.0
2025-06-01,08Y,0.0,0.0
2022-09-01,08Y,0.0,0.0
2024-10-01,08Y,0.0,0.0
2022-09-01,09A,0.0,0.0
2023-01-01,09A,0.0,0.0
2023-07-01,09A,0.0,0.0
2024-08-01,09A,0.0,0.0
2025-07-01,09A,0.0,0.0
2023-11-01,09A,0.0,0.0
2023-04-01,09A,0.0,0.0
2023-12-01,09A,0.0,0.0
2026-04-01,09A,0.0,0.0
2024-02-01,09A,0.0,0.0
2025-09-01,09A,0.0,0.0
2022-07-01,09A,0.0,0.0
2024-09-01,09A,0.0,0.0
2026-03-01,09A,0.0,0.0
2022-10-01,09A,0.0,0.0
2024-06-01,09A,0.0,0.0
2021-06-01,09A,0.0,0.0
2024-04-01,09A,0.0,0.0
2026-05-01,09A,0.0,0.0
2025-06-01,09A,0.0,0.0
2023-03-01,09A,0.0,0.0
2021-07-01,09A,0.0,0.0
2021-10-01,09A,0.0,0.0
2023-09-01,09A,0.0,0.0
2022-05-01,09A,0.0,0.0
2022-06-01,09A,0.0,0.0
2023-06-01,09A,0.0,0.0
2025-01-01,09A,0.0,0.0
2024-07-01,09A,0.0,0.0
2024-10-01,09A,0.0,0.0
2025-03-01,09A,0.0,0.0
2025-12-01,09A,0.0,0.0
2024-05-01,09A,0.0,0.0
2021-08-01,09A,0.0,0.0
2022-04-01,09A,0.0,0.0
2024-03-01,09A,0.0,0.0
2022-12-01,09A,0.0,0.0
2022-03-01,09A,0.0,0.0
2023-05-01,09A,0.0,0.0
2026-06-01,09A,0.0,0.0
2021-11-01,09A,0.0,0.0
2022-01-01,09A,0.0,0.0
2021-09-01,09A,0.0,0.0
2021-12-01,09A,0.0,0.0
2023-10-01,09A,0.0,0.0
2023-08-01,09A,0.0,0.0
2025-10-01,09A,0.0,0.0
2025-04-01,09A,0.0,0.0
2022-11-01,09A,0.0,0.0
2026-02-01,09A,0.0,0.0
2025-02-01,09A,0.0,0.0
2025-05-01,09A,0.0,0.0
2025-08-01,09A,0.0,0.0
2023-02-01,09A,0.0,0.0
2024-11-01,09A,0.0,0.0
2025-11-01,09A,0.0,0.0
2024-12-01,09A,0.0,0.0
2022-02-01,09A,0.0,0.0
2022-08-01,09A,0.0,0.0
2024-01-01,09A,0.0,0.0
2026-01-01,09A,0.0,0.0
2021-10-01,09C,0.0,0.0
2025-01-01,09C,0.0,0.0
2022-12-01,09C,0.0,0.0
2025-03-01,09C,0.0,0.0
2025-05-01,09C,0.0,0.0
2026-04-01,09C,0.0,0.0
2023-01-01,09C,0.0,0.0
2023-04-01,09C,0.0,0.0
2025-02-01,09C,0.0,0.0
2025-11-01,09C,0.0,0.0
2022-04-01,09C,0.0,0.0
2023-11-01,09C,0.0,0.0
2026-02-01,09C,0.0,0.0
2021-11-01,09C,0.0,0.0
2025-08-01,09C,0.0,0.0
2022-10-01,09C,0.0,0.0
2021-08-01,09C,0.0,0.0
2022-08-01,09C,0.0,0.0
2021-12-01,09C,0.0,0.0
2024-07-01,09C,0.0,0.0
2023-09-01,09C,0.0,0.0
2025-07-01,09C,0.0,0.0
2025-10-01,09C,0.0,0.0
2023-10-01,09C,0.0,0.0
2026-01-01,09C,0.0,0.0
2021-06-01,09C,0.0,0.0
2021-09-01,09C,0.0,0.0
2023-03-01,09C,0.0,0.0
2024-12-01,09C,0.0,0.0
2022-06-01,09C,0.0,0.0
2023-07-01,09C,0.0,0.0
2024-11-01,09C,0.0,0.0
2023-12-01,09C,0.0,0.0
2023-02-01,09C,0.0,0.0
2024-03-01,09C,0.0,0.0
2022-01-01,09C,0.0,0.0
2023-05-01,09C,0.0,0.0
2024-10-01,09C,0.0,0.0
2025-12-01,09C,0.0,0.0
2024-01-01,09C,0.0,0.0
2022-02-01,09C,0.0,0.0
2022-07-01,09C,0.0,0.0
2023-06-01,09C,0.0,0.0
2024-09-01,09C,0.0,0.0
2025-04-01,09C,0.0,0.0
2025-09-01,09C,0.0,0.0
2026-03-01,09C,0.0,0.0
2022-05-01,09C,0.0,0.0
2024-05-01,09C,0.0,0.0
2024-08-01,09C,0.0,0.0
2024-02-01,09C,0.0,0.0
2024-04-01,09C,0.0,0.0
2022-11-01,09C,0.0,0.0
2023-08-01,09C,0.0,0.0
2026-05-01,09C,0.0,0.0
2022-09-01,09C,0.0,0.0
2025-06-01,09C,0.0,0.0
2021-07-01,09C,0.0,0.0
2026-06-01,09C,0.0,0.0
2024-06-01,09C,0.0,0.0
2022-03-01,09C,0.0,0.0
2026-05-01,09E,0.0,0.0
2022-03-01,09E,0.0,0.0
2024-03-01,09E,0.0,0.0
2023-06-01,09E,0.0,0.0
2025-10-01,09E,0.0,0.0
2023-05-01,09E,0.0,0.0
2023-08-01,09E,0.0,0.0
2024-07-01,09E,0.0,0.0
2024-09-01,09E,0.0,0.0
2022-01-01,09E,0.0,0.0
2025-04-01,09E,0.0,0.0
2025-08-01,09E,0.0,0.0
2022-04-01,09E,0.0,0.0
2024-05-01,09E,0.0,0.0
2025-12-01,09E,0.0,0.0
2025-01-01,09E,0.0,0.0
2025-11-01,09E,0.0,0.0
2023-09-01,09E,0.0,0.0
2025-09-01,09E,0.0,0.0
2026-03-01,09E,0.0,0.0
2023-12-01,09E,0.0,0.0
2024-12-01,09E,0.0,0.0
2023-04-01,09E,0.0,0.0
2024-11-01,09E,0.0,0.0
2022-08-01,09E,0.0,0.0
2022-11-01,09E,0.0,0.0
2026-01-01,09E,0.0,0.0
2023-11-01,09E,0.0,0.0
2021-06-01,09E,0.0,0.0
2024-02-01,09E,0.0,0.0
2023-01-01,09E,0.0,0.0
2021-09-01,09E,0.0,0.0
2022-10-01,09E,0.0,0.0
2022-07-01,09E,0.0,0.0
2023-10-01,09E,0.0,0.0
2024-04-01,09E,0.0,0.0
2026-06-01,09E,0.0,0.0
2025-02-01,09E,0.0,0.0
2024-10-01,09E,0.0,0.0
2021-07-01,09E,0.0,0.0
2021-12-01,09E,0.0,0.0
2023-03-01,09E,0.0,0.0
2024-01-01,09E,0.0,0.0
2026-02-01,09E,0.0,0.0
2026-04-01,09E,0.0,0.0
2025-06-01,09E,0.0,0.0
2022-05-01,09E,0.0,0.0
2024-08-01,09E,0.0,0.0
2025-03-01,09E,0.0,0.0
2025-05-01,09E,0.0,0.0
2021-11-01,09E,0.0,0.0
2022-09-01,09E,0.0,0.0
2021-10-01,09E,0.0,0.0
2023-07-01,09E,0.0,0.0
2021-08-01,09E,0.0,0.0
2022-06-01,09E,0.0,0.0
2022-12-01,09E,0.0,0.0
2023-02-01,09E,0.0,0.0
2024-06-01,09E,0.0,0.0
2025-07-01,09E,0.0,0.0
2022-02-01,09E,0.0,0.0
2022-05-01,09F,0.0,0.0
2022-10-01,09F,0.0,0.0
2023-05-01,09F,0.0,0.0
2023-06-01,09F,0.0,0.0
2024-10-01,09F,0.0,0.0
2024-09-01,09F,0.0,0.0
2025-09-01,09F,0.0,0.0
2021-06-01,09F,0.0,0.0
2021-07-01,09F,0.0,0.0
2025-12-01,09F,0.0,0.0
2026-01-01,09F,0.0,0.0
2022-02-01,09F,0.0,0.0
2026-05-01,09F,0.0,0.0
2022-08-01,09F,0.0,0.0
2023-01-01,09F,0.0,0.0
2023-08-01,09F,0.0,0.0
2025-07-01,09F,0.0,0.0
2026-02-01,09F,0.0,0.0
2024-06-01,09F,0.0,0.0
2024-08-01,09F,0.0,0.0
2022-03-01,09F,0.0,0.0
2025-08-01,09F,0.0,0.0
2021-12-01,09F,0.0,0.0
2025-03-01,09F,0.0,0.0
2026-03-01,09F,0.0,0.0
2022-04-01,09F,0.0,0.0
2022-11-01,09F,0.0,0.0
2022-09-01,09F,0.0,0.0
2023-09-01,09F,0.0,0.0
2023-12-01,09F,0.0,0.0
2025-11-01,09F,0.0,0.0
2021-08-01,09F,0.0,0.0
2023-02-01,09F,0.0,0.0
2025-10-01,09F,0.0,0.0
2021-11-01,09F,0.0,0.0
2024-07-01,09F,0.0,0.0
2022-12-01,09F,0.0,0.0
2024-12-01,09F,0.0,0.0
2024-03-01,09F,0.0,0.0
2026-06-01,09F,0.0,0.0
2024-01-01,09F,0.0,0.0
2023-04-01,09F,0.0,0.0
2025-04-01,09F,0.0,0.0
2025-02-01,09F,0.0,0.0
2025-06-01,09F,0.0,0.0
2021-09-01,09F,0.0,0.0
2024-02-01,09F,0.0,0.0
2024-04-01,09F,0.0,0.0
2023-10-01,09F,0.0,0.0
2022-01-01,09F,0.0,0.0
2025-05-01,09F,0.0,0.0
2022-07-01,09F,0.0,0.0
2022-06-01,09F,0.0,0.0
2021-10-01,09F,0.0,0.0
2023-07-01,09F,0.0,0.0
2023-03-01,09F,0.0,0.0
2023-11-01,09F,0.0,0.0
2026-04-01,09F,0.0,0.0
2024-11-01,09F,0.0,0.0
2024-05-01,09F,0.0,0.0
2025-01-01,09F,0.0,0.0
2024-04-01,09G,0.0,0.0
2021-10-01,09G,0.0,0.0
2021-11-01,09G,0.0,0.0
2022-02-01,09G,0.0,0.0
2025-01-01,09G,0.0,0.0
2024-05-01,09G,0.0,0.0
2021-07-01,09G,0.0,0.0
2022-10-01,09G,0.0,0.0
2022-11-01,09G,0.0,0.0
2023-03-01,09G,0.0,0.0
2021-06-01,09G,0.0,0.0
2025-05-01,09G,0.0,0.0
2023-07-01,09G,0.0,0.0
2026-01-01,09G,0.0,0.0
2025-04-01,09G,0.0,0.0
2022-07-01,09G,0.0,0.0
2023-05-01,09G,0.0,0.0
2025-02-01,09G,0.0,0.0
2024-03-01,09G,0.0,0.0
2025-06-01,09G,0.0,0.0
2022-01-01,09G,0.0,0.0
2025-10-01,09G,0.0,0.0
2023-04-01,09G,0.0,0.0
2024-07-01,09G,0.0,0.0
2025-07-01,09G,0.0,0.0
2023-02-01,09G,0.0,0.0
2023-09-01,09G,0.0,0.0
2021-12-01,09G,0.0,0.0
2022-03-01,09G,0.0,0.0
2022-06-01,09G,0.0,0.0
2023-12-01,09G,0.0,0.0
2026-06-01,09G,0.0,0.0
2023-10-01,09G,0.0,0.0
2025-12-01,09G,0.0,0.0
2025-11-01,09G,0.0,0.0
2024-02-01,09G,0.0,0.0
2026-02-01,09G,0.0,0.0
2023-11-01,09G,0.0,0.0
2024-01-01,09G,0.0,0.0
2024-08-01,09G,0.0,0.0
2023-06-01,09G,0.0,0.0
2026-03-01,09G,0.0,0.0
2025-03-01,09G,0.0,0.0
2023-08-01,09G,0.0,0.0
2025-08-01,09G,0.0,0.0
2024-10-01,09G,0.0,0.0
2021-08-01,09G,0.0,0.0
2022-05-01,09G,0.0,0.0
2023-01-01,09G,0.0,0.0
2022-12-01,09G,0.0,0.0
2026-04-01,09G,0.0,0.0
2021-09-01,09G,0.0,0.0
2024-09-01,09G,0.0,0.0
2025-09-01,09G,0.0,0.0
2022-04-01,09G,0.0,0.0
2022-08-01,09G,0.0,0.0
2022-09-01,09G,0.0,0.0
2024-11-01,09G,0.0,0.0
2024-06-01,09G,0.0,0.0
2026-05-01,09G,0.0,0.0
2024-12-01,09G,0.0,0.0
2021-10-01,09J,0.0,0.0
2021-06-01,09J,0.0,0.0
2022-05-01,09J,0.0,0.0
2022-11-01,09J,0.0,0.0
2022-06-01,09J,0.0,0.0
2026-03-01,09J,0.0,0.0
2022-01-01,09J,0.0,0.0
2024-04-01,09J,0.0,0.0
2023-10-01,09J,0.0,0.0
2023-11-01,09J,0.0,0.0
2025-07-01,09J,0.0,0.0
2024-02-01,09J,0.0,0.0
2021-07-01,09J,0.0,0.0
2025-11-01,09J,0.0,0.0
2022-09-01,09J,0.0,0.0
2026-05-01,09J,0.0,0.0
2021-12-01,09J,0.0,0.0
2025-04-01,09J,0.0,0.0
2023-07-01,09J,0.0,0.0
2024-08-01,09J,0.0,0.0
2022-04-01,09J,0.0,0.0
2026-06-01,09J,0.0,0.0
2022-08-01,09J,0.0,0.0
2023-09-01,09J,0.0,0.0
2024-07-01,09J,0.0,0.0
2022-02-01,09J,0.0,0.0
2025-02-01,09J,0.0,0.0
2025-05-01,09J,0.0,0.0
2022-07-01,09J,0.0,0.0
2024-06-01,09J,0.0,0.0
2025-12-01,09J,0.0,0.0
2023-04-01,09J,0.0,0.0
2024-10-01,09J,0.0,0.0
2025-01-01,09J,0.0,0.0
2025-09-01,09J,0.0,0.0
2024-01-01,09J,0.0,0.0
2023-08-01,09J,0.0,0.0
2024-11-01,09J,0.0,0.0
2025-03-01,09J,0.0,0.0
2026-04-01,09J,0.0,0.0
2024-12-01,09J,0.0,0.0
2022-10-01,09J,0.0,0.0
2025-08-01,09J,0.0,0.0
2023-02-01,09J,0.0,0.0
2024-09-01,09J,0.0,0.0
2022-12-01,09J,0.0,0.0
2022-03-01,09J,0.0,0.0
2026-01-01,09J,0.0,0.0
2025-10-01,09J,0.0,0.0
2024-05-01,09J,0.0,0.0
2025-06-01,09J,0.0,0.0
2026-02-01,09J,0.0,0.0
2021-09-01,09J,0.0,0.0
2023-01-01,09J,0.0,0.0
2021-11-01,09J,0.0,0.0
2023-12-01,09J,0.0,0.0
2023-03-01,09J,0.0,0.0
2023-05-01,09J,0.0,0.0
2021-08-01,09J,0.0,0.0
2024-03-01,09J,0.0,0.0
2023-06-01,09J,0.0,0.0
2022-09-01,09L,0.0,0.0
2023-11-01,09L,0.0,0.0
2023-09-01,09L,0.0,0.0
2021-12-01,09L,0.0,0.0
2024-09-01,09L,0.0,0.0
2025-12-01,09L,0.0,0.0
2024-01-01,09L,0.0,0.0
2026-02-01,09L,0.0,0.0
2022-08-01,09L,0.0,0.0
2022-12-01,09L,0.0,0.0
2023-04-01,09L,0.0,0.0
2026-05-01,09L,0.0,0.0
2026-04-01,09L,0.0,0.0
2023-05-01,09L,0.0,0.0
2021-09-01,09L,0.0,0.0
2025-01-01,09L,0.0,0.0
2025-05-01,09L,0.0,0.0
2021-06-01,09L,0.0,0.0
2022-06-01,09L,0.0,0.0
2025-06-01,09L,0.0,0.0
2022-01-01,09L,0.0,0.0
2026-01-01,09L,0.0,0.0
2022-07-01,09L,0.0,0.0
2023-07-01,09L,0.0,0.0
2025-07-01,09L,0.0,0.0
2023-01-01,09L,0.0,0.0
2023-10-01,09L,0.0,0.0
2023-08-01,09L,0.0,0.0
2022-11-01,09L,0.0,0.0
2024-04-01,09L,0.0,0.0
2025-02-01,09L,0.0,0.0
2022-03-01,09L,0.0,0.0
2022-05-01,09L,0.0,0.0
2024-12-01,09L,0.0,0.0
2021-08-01,09L,0.0,0.0
2023-02-01,09L,0.0,0.0
2022-02-01,09L,0.0,0.0
2022-04-01,09L,0.0,0.0
2025-10-01,09L,0.0,0.0
2024-02-01,09L,0.0,0.0
2026-03-01,09L,0.0,0.0
2021-07-01,09L,0.0,0.0
2023-06-01,09L,0.0,0.0
2021-10-01,09L,0.0,0.0
2025-09-01,09L,0.0,0.0
2024-03-01,09L,0.0,0.0
2024-10-01,09L,0.0,0.0
2023-03-01,09L,0.0,0.0
2024-05-01,09L,0.0,0.0
2024-11-01,09L,0.0,0.0
2021-11-01,09L,0.0,0.0
2025-03-01,09L,0.0,0.0
2022-10-01,09L,0.0,0.0
2024-06-01,09L,0.0,0.0
2024-08-01,09L,0.0,0.0
2023-12-01,09L,0.0,0.0
2026-06-01,09L,0.0,0.0
2024-07-01,09L,0.0,0.0
2025-04-01,09L,0.0,0.0
2025-08-01,09L,0.0,0.0
2025-11-01,09L,0.0,0.0
2025-02-01,09P,0.0,0.0
2024-12-01,09P,0.0,0.0
2023-11-01,09P,0.0,0.0
2024-05-01,09P,0.0,0.0
2025-09-01,09P,0.0,0.0
2026-06-01,09P,0.0,0.0
2025-03-01,09P,0.0,0.0
2023-10-01,09P,0.0,0.0
2024-09-01,09P,0.0,0.0
2025-11-01,09P,0.0,0.0
2023-09-01,09P,0.0,0.0
2024-04-01,09P,0.0,0.0
2023-08-01,09P,0.0,0.0
2026-01-01,09P,0.0,0.0
2021-12-01,09P,0.0,0.0
2024-06-01,09P,0.0,0.0
2025-04-01,09P,0.0,0.0
2023-01-01,09P,0.0,0.0
2025-12-01,09P,0.0,0.0
2026-04-01,09P,0.0,0.0
2025-10-01,09P,0.0,0.0
2024-10-01,09P,0.0,0.0
2023-05-01,09P,0.0,0.0
2022-05-01,09P,0.0,0.0
2022-09-01,09P,0.0,0.0
2026-03-01,09P,0.0,0.0
2021-06-01,09P,0.0,0.0
2022-12-01,09P,0.0,0.0
2023-03-01,09P,0.0,0.0
2025-01-01,09P,0.0,0.0
2021-11-01,09P,0.0,0.0
2024-01-01,09P,0.0,0.0
2022-11-01,09P,0.0,0.0
2022-07-01,09P,0.0,0.0
2025-07-01,09P,0.0,0.0
2024-08-01,09P,0.0,0.0
2024-11-01,09P,0.0,0.0
2025-06-01,09P,0.0,0.0
2022-10-01,09P,0.0,0.0
2022-08-01,09P,0.0,0.0
2021-10-01,09P,0.0,0.0
2024-03-01,09P,0.0,0.0
2026-02-01,09P,0.0,0.0
2021-07-01,09P,0.0,0.0
2024-02-01,09P,0.0,0.0
2026-05-01,09P,0.0,0.0
2023-07-01,09P,0.0,0.0
2023-04-01,09P,0.0,0.0
2021-08-01,09P,0.0,0.0
2022-02-01,09P,0.0,0.0
2025-05-01,09P,0.0,0.0
2022-06-01,09P,0.0,0.0
2024-07-01,09P,0.0,0.0
2023-12-01,09P,0.0,0.0
2022-03-01,09P,0.0,0.0
2022-04-01,09P,0.0,0.0
2023-02-01,09P,0.0,0.0
2025-08-01,09P,0.0,0.0
2021-09-01,09P,0.0,0.0
2022-01-01,09P,0.0,0.0
2023-06-01,09P,0.0,0.0
2021-07-01,09W,0.0,0.0
2023-05-01,09W,0.0,0.0
2024-08-01,09W,0.0,0.0
2024-09-01,09W,0.0,0.0
2025-01-01,09W,0.0,0.0
2022-06-01,09W,0.0,0.0
2023-06-01,09W,0.0,0.0
2025-04-01,09W,0.0,0.0
2023-09-01,09W,0.0,0.0
2023-10-01,09W,0.0,0.0
2024-07-01,09W,0.0,0.0
2025-05-01,09W,0.0,0.0
2025-10-01,09W,0.0,0.0
2021-06-01,09W,0.0,0.0
2025-09-01,09W,0.0,0.0
2024-04-01,09W,0.0,0.0
2024-10-01,09W,0.0,0.0
2026-04-01,09W,0.0,0.0
2022-09-01,09W,0.0,0.0
2023-01-01,09W,0.0,0.0
2021-09-01,09W,0.0,0.0
2021-11-01,09W,0.0,0.0
2023-04-01,09W,0.0,0.0
2026-03-01,09W,0.0,0.0
2023-07-01,09W,0.0,0.0
2023-12-01,09W,0.0,0.0
2024-02-01,09W,0.0,0.0
2021-10-01,09W,0.0,0.0
2022-02-01,09W,0.0,0.0
2022-12-01,09W,0.0,0.0
2024-12-01,09W,0.0,0.0
2023-11-01,09W,0.0,0.0
2025-12-01,09W,0.0,0.0
2026-02-01,09W,0.0,0.0
2022-11-01,09W,0.0,0.0
2024-06-01,09W,0.0,0.0
2022-04-01,09W,0.0,0.0
2022-01-01,09W,0.0,0.0
2022-03-01,09W,0.0,0.0
2024-11-01,09W,0.0,0.0
2026-05-01,09W,0.0,0.0
2024-03-01,09W,0.0,0.0
2023-03-01,09W,0.0,0.0
2023-08-01,09W,0.0,0.0
2025-07-01,09W,0.0,0.0
2022-07-01,09W,0.0,0.0
2025-08-01,09W,0.0,0.0
2022-08-01,09W,0.0,0.0
2024-05-01,09W,0.0,0.0
2022-05-01,09W,0.0,0.0
2022-10-01,09W,0.0,0.0
2025-11-01,09W,0.0,0.0
2025-06-01,09W,0.0,0.0
2021-12-01,09W,0.0,0.0
2021-08-01,09W,0.0,0.0
2023-02-01,09W,0.0,0.0
2025-03-01,09W,0.0,0.0
2025-02-01,09W,0.0,0.0
2024-01-01,09W,0.0,0.0
2026-01-01,09W,0.0,0.0
2026-06-01,09W,0.0,0.0
2026-04-01,09Y,0.0,0.0
2022-03-01,09Y,0.0,0.0
2022-04-01,09Y,0.0,0.0
2024-04-01,09Y,0.0,0.0
2023-10-01,09Y,0.0,0.0
2024-05-01,09Y,0.0,0.0
2025-03-01,09Y,0.0,0.0
2026-03-01,09Y,0.0,0.0
2022-09-01,09Y,0.0,0.0
2023-04-01,09Y,0.0,0.0
2024-03-01,09Y,0.0,0.0
2022-02-01,09Y,0.0,0.0
2022-11-01,09Y,0.0,0.0
2026-02-01,09Y,0.0,0.0
2024-08-01,09Y,0.0,0.0
2021-09-01,09Y,0.0,0.0
2022-07-01,09Y,0.0,0.0
2021-11-01,09Y,0.0,0.0
2024-10-01,09Y,0.0,0.0
2022-08-01,09Y,0.0,0.0
2024-06-01,09Y,0.0,0.0
2025-07-01,09Y,0.0,0.0
2023-07-01,09Y,0.0,0.0
2021-07-01,09Y,0.0,0.0
2025-09-01,09Y,0.0,0.0
2021-08-01,09Y,0.0,0.0
2025-02-01,09Y,0.0,0.0
2026-01-01,09Y,0.0,0.0
2021-10-01,09Y,0.0,0.0
2025-04-01,09Y,0.0,0.0
2024-12-01,09Y,0.0,0.0
2026-05-01,09Y,0.0,0.0
2022-12-01,09Y,0.0,0.0
2023-09-01,09Y,0.0,0.0
2024-09-01,09Y,0.0,0.0
2021-12-01,09Y,0.0,0.0
2023-05-01,09Y,0.0,0.0
2023-12-01,09Y,0.0,0.0
2021-06-01,09Y,0.0,0.0
2022-10-01,09Y,0.0,0.0
2023-06-01,09Y,0.0,0.0
2024-07-01,09Y,0.0,0.0
2025-06-01,09Y,0.0,0.0
2025-08-01,09Y,0.0,0.0
2024-11-01,09Y,0.0,0.0
2025-11-01,09Y,0.0,0.0
2023-11-01,09Y,0.0,0.0
2025-10-01,09Y,0.0,0.0
2026-06-01,09Y,0.0,0.0
2025-01-01,09Y,0.0,0.0
2022-01-01,09Y,0.0,0.0
2023-01-01,09Y,0.0,0.0
2024-01-01,09Y,0.0,0.0
2022-05-01,09Y,0.0,0.0
2023-02-01,09Y,0.0,0.0
2023-03-01,09Y,0.0,0.0
2024-02-01,09Y,0.0,0.0
2025-05-01,09Y,0.0,0.0
2025-12-01,09Y,0.0,0.0
2022-06-01,09Y,0.0,0.0
2023-08-01,09Y,0.0,0.0
2024-01-01,10A,0.0,0.0
2022-07-01,10A,0.0,0.0
2025-06-01,10A,0.0,0.0
2022-01-01,10A,0.0,0.0
2024-05-01,10A,0.0,0.0
2022-08-01,10A,0.0,0.0
2021-11-01,10A,0.0,0.0
2025-05-01,10A,0.0,0.0
2024-09-01,10A,0.0,0.0
2022-09-01,10A,0.0,0.0
2025-08-01,10A,0.0,0.0
2025-12-01,10A,0.0,0.0
2022-05-01,10A,0.0,0.0
2026-02-01,10A,0.0,0.0
2021-08-01,10A,0.0,0.0
2021-10-01,10A,0.0,0.0
2024-06-01,10A,0.0,0.0
2024-07-01,10A,0.0,0.0
2025-03-01,10A,0.0,0.0
2025-01-01,10A,0.0,0.0
2023-03-01,10A,0.0,0.0
2023-10-01,10A,0.0,0.0
2024-10-01,10A,0.0,0.0
2025-07-01,10A,0.0,0.0
2021-12-01,10A,0.0,0.0
2023-02-01,10A,0.0,0.0
2024-08-01,10A,0.0,0.0
2023-05-01,10A,0.0,0.0
2026-06-01,10A,0.0,0.0
2025-11-01,10A,0.0,0.0
2021-09-01,10A,0.0,0.0
2022-03-01,10A,0.0,0.0
2022-12-01,10A,0.0,0.0
2023-07-01,10A,0.0,0.0
2022-04-01,10A,0.0,0.0
2023-01-01,10A,0.0,0.0
2023-11-01,10A,0.0,0.0
2023-12-01,10A,0.0,0.0
2026-01-01,10A,0.0,0.0
2025-02-01,10A,0.0,0.0
2026-03-01,10A,0.0,0.0
2021-07-01,10A,0.0,0.0
2023-06-01,10A,0.0,0.0
2022-06-01,10A,0.0,0.0
2024-03-01,10A,0.0,0.0
2021-06-01,10A,0.0,0.0
2025-04-01,10A,0.0,0.0
2023-04-01,10A,0.0,0.0
2022-11-01,10A,0.0,0.0
2024-12-01,10A,0.0,0.0
2025-09-01,10A,0.0,0.0
2025-10-01,10A,0.0,0.0
2026-04-01,10A,0.0,0.0
2024-02-01,10A,0.0,0.0
2022-02-01,10A,0.0,0.0
2023-08-01,10A,0.0,0.0
2024-04-01,10A,0.0,0.0
2022-10-01,10A,0.0,0.0
2023-09-01,10A,0.0,0.0
2026-05-01,10A,0.0,0.0
2024-11-01,10A,0.0,0.0
2024-08-01,10C,0.0,0.0
2024-06-01,10C,0.0,0.0
2025-10-01,10C,0.0,0.0
2023-05-01,10C,0.0,0.0
2026-03-01,10C,0.0,0.0
2025-02-01,10C,0.0,0.0
2023-09-01,10C,0.0,0.0
2024-01-01,10C,0.0,0.0
2025-07-01,10C,0.0,0.0
2021-11-01,10C,0.0,0.0
2022-04-01,10C,0.0,0.0
2022-11-01,10C,0.0,0.0
2023-10-01,10C,0.0,0.0
2025-09-01,10C,0.0,0.0
2025-06-01,10C,0.0,0.0
2024-12-01,10C,0.0,0.0
2025-01-01,10C,0.0,0.0
2021-06-01,10C,0.0,0.0
2022-02-01,10C,0.0,0.0
2026-02-01,10C,0.0,0.0
2021-09-01,10C,0.0,0.0
2023-04-01,10C,0.0,0.0
2024-10-01,10C,0.0,0.0
2021-08-01,10C,0.0,0.0
2022-09-01,10C,0.0,0.0
2025-08-01,10C,0.0,0.0
2025-12-01,10C,0.0,0.0
2021-10-01,10C,0.0,0.0
2024-07-01,10C,0.0,0.0
2023-07-01,10C,0.0,0.0
2025-03-01,10C,0.0,0.0
2022-12-01,10C,0.0,0.0
2023-08-01,10C,0.0,0.0
2022-03-01,10C,0.0,0.0
2024-09-01,10C,0.0,0.0
2025-04-01,10C,0.0,0.0
2026-05-01,10C,0.0,0.0
2023-03-01,10C,0.0,0.0
2023-12-01,10C,0.0,0.0
2026-01-01,10C,0.0,0.0
2023-02-01,10C,0.0,0.0
2023-11-01,10C,0.0,0.0
2023-06-01,10C,0.0,0.0
2022-07-01,10C,0.0,0.0
2024-02-01,10C,0.0,0.0
2024-11-01,10C,0.0,0.0
2021-07-01,10C,0.0,0.0
2024-03-01,10C,0.0,0.0
2026-06-01,10C,0.0,0.0
2021-12-01,10C,0.0,0.0
2023-01-01,10C,0.0,0.0
2024-04-01,10C,0.0,0.0
2025-05-01,10C,0.0,0.0
2022-05-01,10C,0.0,0.0
2024-05-01,10C,0.0,0.0
2025-11-01,10C,0.0,0.0
2022-08-01,10C,0.0,0.0
2026-04-01,10C,0.0,0.0
2022-01-01,10C,0.0,0.0
2022-10-01,10C,0.0,0.0
2022-06-01,10C,0.0,0.0
2022-02-01,10D,0.0,0.0
2025-08-01,10D,0.0,0.0
2023-10-01,10D,0.0,0.0
2024-01-01,10D,0.0,0.0
2024-08-01,10D,0.0,0.0
2025-09-01,10D,0.0,0.0
2022-11-01,10D,0.0,0.0
2025-05-01,10D,0.0,0.0
2024-03-01,10D,0.0,0.0
2025-12-01,10D,0.0,0.0
2023-05-01,10D,0.0,0.0
2026-06-01,10D,0.0,0.0
2022-04-01,10D,0.0,0.0
2024-04-01,10D,0.0,0.0
2024-11-01,10D,0.0,0.0
2022-01-01,10D,0.0,0.0
2023-12-01,10D,0.0,0.0
2023-06-01,10D,0.0,0.0
2026-02-01,10D,0.0,0.0
2024-09-01,10D,0.0,0.0
2023-07-01,10D,0.0,0.0
2024-06-01,10D,0.0,0.0
2024-02-01,10D,0.0,0.0
2025-01-01,10D,0.0,0.0
2026-03-01,10D,0.0,0.0
2026-05-01,10D,0.0,0.0
2023-01-01,10D,0.0,0.0
2021-06-01,10D,0.0,0.0
2021-09-01,10D,0.0,0.0
2025-02-01,10D,0.0,0.0
2021-08-01,10D,0.0,0.0
2022-09-01,10D,0.0,0.0
2026-04-01,10D,0.0,0.0
2022-08-01,10D,0.0,0.0
2025-03-01,10D,0.0,0.0
2023-04-01,10D,0.0,0.0
2022-05-01,10D,0.0,0.0
2022-10-01,10D,0.0,0.0
2023-08-01,10D,0.0,0.0
2025-04-01,10D,0.0,0.0
2021-11-01,10D,0.0,0.0
2022-12-01,10D,0.0,0.0
2023-11-01,10D,0.0,0.0
2026-01-01,10D,0.0,0.0
2025-07-01,10D,0.0,0.0
2024-12-01,10D,0.0,0.0
2021-07-01,10D,0.0,0.0
2025-11-01,10D,0.0,0.0
2022-07-01,10D,0.0,0.0
2024-07-01,10D,0.0,0.0
2023-09-01,10D,0.0,0.0
2023-03-01,10D,0.0,0.0
2024-10-01,10D,0.0,0.0
2025-10-01,10D,0.0,0.0
2022-06-01,10D,0.0,0.0
2025-06-01,10D,0.0,0.0
2021-10-01,10D,0.0,0.0
2024-05-01,10D,0.0,0.0
2023-02-01,10D,0.0,0.0
2021-12-01,10D,0.0,0.0
2022-03-01,10D,0.0,0.0
2022-10-01,10E,0.0,0.0
2022-11-01,10E,0.0,0.0
2023-09-01,10E,0.0,0.0
2024-02-01,10E,0.0,0.0
2022-02-01,10E,0.0,0.0
2023-02-01,10E,0.0,0.0
2025-05-01,10E,0.0,0.0
2023-03-01,10E,0.0,0.0
2025-09-01,10E,0.0,0.0
2023-01-01,10E,0.0,0.0
2023-07-01,10E,0.0,0.0
2021-06-01,10E,0.0,0.0
2022-04-01,10E,0.0,0.0
2021-11-01,10E,0.0,0.0
2021-07-01,10E,0.0,0.0
2024-06-01,10E,0.0,0.0
2021-10-01,10E,0.0,0.0
2025-08-01,10E,0.0,0.0
2023-05-01,10E,0.0,0.0
2021-12-01,10E,0.0,0.0
2024-10-01,10E,0.0,0.0
2024-11-01,10E,0.0,0.0
2025-12-01,10E,0.0,0.0
2022-01-01,10E,0.0,0.0
2022-07-01,10E,0.0,0.0
2026-04-01,10E,0.0,0.0
2025-10-01,10E,0.0,0.0
2025-04-01,10E,0.0,0.0
2023-11-01,10E,0.0,0.0
2026-02-01,10E,0.0,0.0
2023-12-01,10E,0.0,0.0
2023-06-01,10E,0.0,0.0
2022-09-01,10E,0.0,0.0
2024-12-01,10E,0.0,0.0
2025-01-01,10E,0.0,0.0
2021-08-01,10E,0.0,0.0
2024-07-01,10E,0.0,0.0
2022-03-01,10E,0.0,0.0
2026-01-01,10E,0.0,0.0
2022-12-01,10E,0.0,0.0
2025-06-01,10E,0.0,0.0
2023-04-01,10E,0.0,0.0
2024-04-01,10E,0.0,0.0
2024-09-01,10E,0.0,0.0
2025-03-01,10E,0.0,0.0
2024-08-01,10E,0.0,0.0
2026-03-01,10E,0.0,0.0
2022-06-01,10E,0.0,0.0
2024-05-01,10E,0.0,0.0
2024-03-01,10E,0.0,0.0
2025-02-01,10E,0.0,0.0
2025-11-01,10E,0.0,0.0
2023-10-01,10E,0.0,0.0
2025-07-01,10E,0.0,0.0
2026-06-01,10E,0.0,0.0
2023-08-01,10E,0.0,0.0
2026-05-01,10E,0.0,0.0
2021-09-01,10E,0.0,0.0
2022-05-01,10E,0.0,0.0
2024-01-01,10E,0.0,0.0
2022-08-01,10E,0.0,0.0
2022-05-01,10J,0.0,0.0
2023-02-01,10J,0.0,0.0
2021-10-01,10J,0.0,0.0
2022-01-01,10J,0.0,0.0
2025-05-01,10J,0.0,0.0
2023-10-01,10J,0.0,0.0
2026-01-01,10J,0.0,0.0
2024-04-01,10J,0.0,0.0
2023-01-01,10J,0.0,0.0
2026-03-01,10J,0.0,0.0
2024-07-01,10J,0.0,0.0
2022-04-01,10J,0.0,0.0
2022-09-01,10J,0.0,0.0
2022-11-01,10J,0.0,0.0
2023-08-01,10J,0.0,0.0
2024-11-01,10J,0.0,0.0
2024-12-01,10J,0.0,0.0
2021-07-01,10J,0.0,0.0
2022-12-01,10J,0.0,0.0
2025-01-01,10J,0.0,0.0
2022-03-01,10J,0.0,0.0
2023-07-01,10J,0.0,0.0
2025-04-01,10J,0.0,0.0
2026-04-01,10J,0.0,0.0
2026-06-01,10J,0.0,0.0
2021-11-01,10J,0.0,0.0
2023-06-01,10J,0.0,0.0
2023-11-01,10J,0.0,0.0
2024-02-01,10J,0.0,0.0
2024-01-01,10J,0.0,0.0
2021-09-01,10J,0.0,0.0
2025-06-01,10J,0.0,0.0
2025-07-01,10J,0.0,0.0
2022-06-01,10J,0.0,0.0
2021-12-01,10J,0.0,0.0
2022-10-01,10J,0.0,0.0
2022-08-01,10J,0.0,0.0
2023-05-01,10J,0.0,0.0
2026-05-01,10J,0.0,0.0
2023-04-01,10J,0.0,0.0
2023-09-01,10J,0.0,0.0
2024-03-01,10J,0.0,0.0
2024-10-01,10J,0.0,0.0
2025-03-01,10J,0.0,0.0
2025-09-01,10J,0.0,0.0
2025-08-01,10J,0.0,0.0
2025-11-01,10J,0.0,0.0
2022-02-01,10J,0.0,0.0
2025-10-01,10J,0.0,0.0
2024-08-01,10J,0.0,0.0
2024-06-01,10J,0.0,0.0
2026-02-01,10J,0.0,0.0
2024-09-01,10J,0.0,0.0
2025-12-01,10J,0.0,0.0
2021-08-01,10J,0.0,0.0
2022-07-01,10J,0.0,0.0
2023-03-01,10J,0.0,0.0
2021-06-01,10J,0.0,0.0
2023-12-01,10J,0.0,0.0
2024-05-01,10J,0.0,0.0
2025-02-01,10J,0.0,0.0
2023-01-01,10K,0.0,0.0
2025-02-01,10K,0.0,0.0
2026-03-01,10K,0.0,0.0
2022-11-01,10K,0.0,0.0
2022-09-01,10K,0.0,0.0
2025-07-01,10K,0.0,0.0
2024-02-01,10K,0.0,0.0
2023-03-01,10K,0.0,0.0
2023-09-01,10K,0.0,0.0
2021-08-01,10K,0.0,0.0
2024-05-01,10K,0.0,0.0
2026-02-01,10K,0.0,0.0
2021-06-01,10K,0.0,0.0
2022-06-01,10K,0.0,0.0
2022-08-01,10K,0.0,0.0
2025-11-01,10K,0.0,0.0
2023-05-01,10K,0.0,0.0
2022-07-01,10K,0.0,0.0
2025-08-01,10K,0.0,0.0
2022-12-01,10K,0.0,0.0
2024-03-01,10K,0.0,0.0
2025-03-01,10K,0.0,0.0
2025-10-01,10K,0.0,0.0
2021-09-01,10K,0.0,0.0
2024-09-01,10K,0.0,0.0
2023-04-01,10K,0.0,0.0
2024-11-01,10K,0.0,0.0
2023-07-01,10K,0.0,0.0
2021-11-01,10K,0.0,0.0
2023-12-01,10K,0.0,0.0
2023-02-01,10K,0.0,0.0
2025-01-01,10K,0.0,0.0
2021-07-01,10K,0.0,0.0
2024-08-01,10K,0.0,0.0
2026-01-01,10K,0.0,0.0
2026-05-01,10K,0.0,0.0
2022-05-01,10K,0.0,0.0
2024-06-01,10K,0.0,0.0
2022-10-01,10K,0.0,0.0
2023-11-01,10K,0.0,0.0
2024-12-01,10K,0.0,0.0
2025-04-01,10K,0.0,0.0
2026-04-01,10K,0.0,0.0
2022-02-01,10K,0.0,0.0
2025-06-01,10K,0.0,0.0
2023-08-01,10K,0.0,0.0
2022-03-01,10K,0.0,0.0
2023-10-01,10K,0.0,0.0
2025-09-01,10K,0.0,0.0
2025-05-01,10K,0.0,0.0
2023-06-01,10K,0.0,0.0
2024-07-01,10K,0.0,0.0
2024-04-01,10K,0.0,0.0
2026-06-01,10K,0.0,0.0
2024-10-01,10K,0.0,0.0
2025-12-01,10K,0.0,0.0
2021-10-01,10K,0.0,0.0
2022-04-01,10K,0.0,0.0
2021-12-01,10K,0.0,0.0
2022-01-01,10K,0.0,0.0
2024-01-01,10K,0.0,0.0
2024-11-01,10L,0.0,0.0
2022-04-01,10L,0.0,0.0
2023-04-01,10L,0.0,0.0
2024-08-01,10L,0.0,0.0
2025-10-01,10L,0.0,0.0
2022-06-01,10L,0.0,0.0
2021-09-01,10L,0.0,0.0
2021-11-01,10L,0.0,0.0
2023-06-01,10L,0.0,0.0
2022-10-01,10L,0.0,0.0
2023-01-01,10L,0.0,0.0
2025-08-01,10L,0.0,0.0
2021-07-01,10L,0.0,0.0
2021-08-01,10L,0.0,0.0
2024-12-01,10L,0.0,0.0
2025-02-01,10L,0.0,0.0
2025-03-01,10L,0.0,0.0
2022-12-01,10L,0.0,0.0
2024-05-01,10L,0.0,0.0
2025-07-01,10L,0.0,0.0
2022-02-01,10L,0.0,0.0
2022-05-01,10L,0.0,0.0
2023-08-01,10L,0.0,0.0
2021-12-01,10L,0.0,0.0
2023-09-01,10L,0.0,0.0
2021-06-01,10L,0.0,0.0
2023-05-01,10L,0.0,0.0
2024-04-01,10L,0.0,0.0
2026-03-01,10L,0.0,0.0
2023-10-01,10L,0.0,0.0
2026-02-01,10L,0.0,0.0
2023-07-01,10L,0.0,0.0
2025-01-01,10L,0.0,0.0
2024-02-01,10L,0.0,0.0
2026-04-01,10L,0.0,0.0
2023-12-01,10L,0.0,0.0
2024-07-01,10L,0.0,0.0
2026-05-01,10L,0.0,0.0
2023-02-01,10L,0.0,0.0
2024-10-01,10L,0.0,0.0
2022-01-01,10L,0.0,0.0
2022-03-01,10L,0.0,0.0
2022-11-01,10L,0.0,0.0
2024-09-01,10L,0.0,0.0
2025-09-01,10L,0.0,0.0
2025-04-01,10L,0.0,0.0
2026-06-01,10L,0.0,0.0
2023-03-01,10L,0.0,0.0
2023-11-01,10L,0.0,0.0
2024-06-01,10L,0.0,0.0
2022-07-01,10L,0.0,0.0
2026-01-01,10L,0.0,0.0
2022-08-01,10L,0.0,0.0
2024-03-01,10L,0.0,0.0
2025-11-01,10L,0.0,0.0
2025-12-01,10L,0.0,0.0
2021-10-01,10L,0.0,0.0
2022-09-01,10L,0.0,0.0
2024-01-01,10L,0.0,0.0
2025-05-01,10L,0.0,0.0
2025-06-01,10L,0.0,0.0
2022-05-01,10M,0.0,0.0
2024-10-01,10M,0.0,0.0
2025-05-01,10M,0.0,0.0
2026-06-01,10M,0.0,0.0
2025-01-01,10M,0.0,0.0
2026-03-01,10M,0.0,0.0
2022-07-01,10M,0.0,0.0
2023-01-01,10M,0.0,0.0
2022-11-01,10M,0.0,0.0
2023-08-01,10M,0.0,0.0
2023-11-01,10M,0.0,0.0
2025-04-01,10M,0.0,0.0
2023-10-01,10M,0.0,0.0
2023-05-01,10M,0.0,0.0
2024-03-01,10M,0.0,0.0
2026-04-01,10M,0.0,0.0
2022-04-01,10M,0.0,0.0
2022-08-01,10M,0.0,0.0
2024-06-01,10M,0.0,0.0
2024-08-01,10M,0.0,0.0
2022-09-01,10M,0.0,0.0
2022-12-01,10M,0.0,0.0
2026-01-01,10M,0.0,0.0
2024-11-01,10M,0.0,0.0
2025-10-01,10M,0.0,0.0
2024-04-01,10M,0.0,0.0
2021-07-01,10M,0.0,0.0
2025-02-01,10M,0.0,0.0
2023-04-01,10M,0.0,0.0
2023-09-01,10M,0.0,0.0
2025-08-01,10M,0.0,0.0
2021-12-01,10M,0.0,0.0
2022-10-01,10M,0.0,0.0
2023-07-01,10M,0.0,0.0
2025-06-01,10M,0.0,0.0
2022-03-01,10M,0.0,0.0
2023-06-01,10M,0.0,0.0
2023-03-01,10M,0.0,0.0
2024-12-01,10M,0.0,0.0
2022-01-01,10M,0.0,0.0
2024-02-01,10M,0.0,0.0
2023-12-01,10M,0.0,0.0
2025-09-01,10M,0.0,0.0
2021-11-01,10M,0.0,0.0
2021-08-01,10M,0.0,0.0
2026-02-01,10M,0.0,0.0
2024-07-01,10M,0.0,0.0
2026-05-01,10M,0.0,0.0
2025-03-01,10M,0.0,0.0
2022-06-01,10M,0.0,0.0
2025-07-01,10M,0.0,0.0
2025-11-01,10M,0.0,0.0
2024-09-01,10M,0.0,0.0
2021-06-01,10M,0.0,0.0
2021-10-01,10M,0.0,0.0
2021-09-01,10M,0.0,0.0
2022-02-01,10M,0.0,0.0
2023-02-01,10M,0.0,0.0
2025-12-01,10M,0.0,0.0
2024-01-01,10M,0.0,0.0
2024-05-01,10M,0.0,0.0
2024-05-01,10V,0.0,0.0
2024-02-01,10V,0.0,0.0
2024-10-01,10V,0.0,0.0
2022-09-01,10V,0.0,0.0
2025-11-01,10V,0.0,0.0
2023-04-01,10V,0.0,0.0
2023-10-01,10V,0.0,0.0
2023-12-01,10V,0.0,0.0
2024-01-01,10V,0.0,0.0
2024-04-01,10V,0.0,0.0
2024-11-01,10V,0.0,0.0
2021-06-01,10V,0.0,0.0
2022-11-01,10V,0.0,0.0
2023-08-01,10V,0.0,0.0
2021-09-01,10V,0.0,0.0
2024-07-01,10V,0.0,0.0
2025-08-01,10V,0.0,0.0
2023-11-01,10V,0.0,0.0
2024-03-01,10V,0.0,0.0
2022-10-01,10V,0.0,0.0
2026-05-01,10V,0.0,0.0
2025-04-01,10V,0.0,0.0
2022-04-01,10V,0.0,0.0
2025-02-01,10V,0.0,0.0
2022-12-01,10V,0.0,0.0
2025-03-01,10V,0.0,0.0
2022-05-01,10V,0.0,0.0
2024-08-01,10V,0.0,0.0
2023-02-01,10V,0.0,0.0
2025-09-01,10V,0.0,0.0
2021-12-01,10V,0.0,0.0
2023-03-01,10V,0.0,0.0
2023-05-01,10V,0.0,0.0
2025-01-01,10V,0.0,0.0
2021-10-01,10V,0.0,0.0
2022-07-01,10V,0.0,0.0
2026-04-01,10V,0.0,0.0
2023-01-01,10V,0.0,0.0
2026-01-01,10V,0.0,0.0
2021-08-01,10V,0.0,0.0
2021-11-01,10V,0.0,0.0
2021-07-01,10V,0.0,0.0
2022-08-01,10V,0.0,0.0
2023-06-01,10V,0.0,0.0
2026-06-01,10V,0.0,0.0
2024-06-01,10V,0.0,0.0
2024-12-01,10V,0.0,0.0
2022-03-01,10V,0.0,0.0
2023-09-01,10V,0.0,0.0
2025-10-01,10V,0.0,0.0
2025-12-01,10V,0.0,0.0
2022-06-01,10V,0.0,0.0
2023-07-01,10V,0.0,0.0
2025-05-01,10V,0.0,0.0
2025-06-01,10V,0.0,0.0
2026-02-01,10V,0.0,0.0
2022-02-01,10V,0.0,0.0
2026-03-01,10V,0.0,0.0
2022-01-01,10V,0.0,0.0
2024-09-01,10V,0.0,0.0
2025-07-01,10V,0.0,0.0
2022-07-01,10W,0.0,0.0
2025-04-01,10W,0.0,0.0
2024-11-01,10W,0.0,0.0
2021-09-01,10W,0.0,0.0
2026-01-01,10W,0.0,0.0
2023-09-01,10W,0.0,0.0
2026-03-01,10W,0.0,0.0
2021-12-01,10W,0.0,0.0
2025-07-01,10W,0.0,0.0
2023-04-01,10W,0.0,0.0
2024-12-01,10W,0.0,0.0
2024-05-01,10W,0.0,0.0
2022-08-01,10W,0.0,0.0
2022-10-01,10W,0.0,0.0
2023-07-01,10W,0.0,0.0
2022-01-01,10W,0.0,0.0
2025-01-01,10W,0.0,0.0
2025-02-01,10W,0.0,0.0
2025-08-01,10W,0.0,0.0
2022-06-01,10W,0.0,0.0
2023-12-01,10W,0.0,0.0
2024-01-01,10W,0.0,0.0
2024-06-01,10W,0.0,0.0
2021-11-01,10W,0.0,0.0
2021-10-01,10W,0.0,0.0
2023-08-01,10W,0.0,0.0
2024-07-01,10W,0.0,0.0
2024-08-01,10W,0.0,0.0
2021-07-01,10W,0.0,0.0
2023-06-01,10W,0.0,0.0
2024-09-01,10W,0.0,0.0
2026-05-01,10W,0.0,0.0
2022-02-01,10W,0.0,0.0
2021-06-01,10W,0.0,0.0
2022-11-01,10W,0.0,0.0
2026-02-01,10W,0.0,0.0
2023-10-01,10W,0.0,0.0
2024-02-01,10W,0.0,0.0
2024-04-01,10W,0.0,0.0
2025-05-01,10W,0.0,0.0
2026-04-01,10W,0.0,0.0
2025-11-01,10W,0.0,0.0
2023-03-01,10W,0.0,0.0
2022-05-01,10W,0.0,0.0
2021-08-01,10W,0.0,0.0
2023-05-01,10W,0.0,0.0
2025-10-01,10W,0.0,0.0
2023-01-01,10W,0.0,0.0
2022-03-01,10W,0.0,0.0
2025-06-01,10W,0.0,0.0
2025-09-01,10W,0.0,0.0
2022-09-01,10W,0.0,0.0
2024-03-01,10W,0.0,0.0
2022-12-01,10W,0.0,0.0
2025-12-01,10W,0.0,0.0
2025-03-01,10W,0.0,0.0
2023-02-01,10W,0.0,0.0
2022-04-01,10W,0.0,0.0
2023-11-01,10W,0.0,0.0
2024-10-01,10W,0.0,0.0
2026-06-01,10W,0.0,0.0
2022-08-01,10X,0.0,0.0
2024-06-01,10X,0.0,0.0
2025-05-01,10X,0.0,0.0
2023-10-01,10X,0.0,0.0
2022-09-01,10X,0.0,0.0
2023-05-01,10X,0.0,0.0
2025-04-01,10X,0.0,0.0
2022-01-01,10X,0.0,0.0
2023-02-01,10X,0.0,0.0
2026-06-01,10X,0.0,0.0
2022-07-01,10X,0.0,0.0
2026-04-01,10X,0.0,0.0
2022-05-01,10X,0.0,0.0
2025-10-01,10X,0.0,0.0
2026-05-01,10X,0.0,0.0
2023-09-01,10X,0.0,0.0
2024-01-01,10X,0.0,0.0
2023-12-01,10X,0.0,0.0
2025-06-01,10X,0.0,0.0
2025-09-01,10X,0.0,0.0
2021-11-01,10X,0.0,0.0
2024-10-01,10X,0.0,0.0
2023-03-01,10X,0.0,0.0
2023-08-01,10X,0.0,0.0
2024-07-01,10X,0.0,0.0
2025-08-01,10X,0.0,0.0
2021-06-01,10X,0.0,0.0
2025-03-01,10X,0.0,0.0
2024-08-01,10X,0.0,0.0
2026-01-01,10X,0.0,0.0
2024-11-01,10X,0.0,0.0
2024-02-01,10X,0.0,0.0
2025-01-01,10X,0.0,0.0
2026-03-01,10X,0.0,0.0
2022-11-01,10X,0.0,0.0
2022-03-01,10X,0.0,0.0
2024-04-01,10X,0.0,0.0
2022-04-01,10X,0.0,0.0
2025-07-01,10X,0.0,0.0
2025-02-01,10X,0.0,0.0
2021-09-01,10X,0.0,0.0
2021-07-01,10X,0.0,0.0
2021-12-01,10X,0.0,0.0
2022-10-01,10X,0.0,0.0
2023-04-01,10X,0.0,0.0
2023-11-01,10X,0.0,0.0
2024-03-01,10X,0.0,0.0
2024-09-01,10X,0.0,0.0
2024-12-01,10X,0.0,0.0
2024-05-01,10X,0.0,0.0
2025-11-01,10X,0.0,0.0
2022-02-01,10X,0.0,0.0
2021-08-01,10X,0.0,0.0
2026-02-01,10X,0.0,0.0
2022-06-01,10X,0.0,0.0
2022-12-01,10X,0.0,0.0
2023-06-01,10X,0.0,0.0
2021-10-01,10X,0.0,0.0
2023-01-01,10X,0.0,0.0
2023-07-01,10X,0.0,0.0
2025-12-01,10X,0.0,0.0
2022-01-01,11A,0.0,0.0
2023-02-01,11A,0.0,0.0
2023-12-01,11A,0.0,0.0
2024-05-01,11A,0.0,0.0
2022-03-01,11A,0.0,0.0
2022-07-01,11A,0.0,0.0
2022-11-01,11A,0.0,0.0
2025-12-01,11A,0.0,0.0
2023-03-01,11A,0.0,0.0
2023-11-01,11A,0.0,0.0
2021-12-01,11A,0.0,0.0
2024-10-01,11A,0.0,0.0
2021-07-01,11A,0.0,0.0
2022-05-01,11A,0.0,0.0
2023-08-01,11A,0.0,0.0
2025-02-01,11A,0.0,0.0
2024-01-01,11A,0.0,0.0
2025-06-01,11A,0.0,0.0
2024-07-01,11A,0.0,0.0
2024-09-01,11A,0.0,0.0
2021-10-01,11A,0.0,0.0
2025-05-01,11A,0.0,0.0
2026-05-01,11A,0.0,0.0
2021-09-01,11A,0.0,0.0
2024-04-01,11A,0.0,0.0
2022-04-01,11A,0.0,0.0
2023-01-01,11A,0.0,0.0
2023-04-01,11A,0.0,0.0
2026-02-01,11A,0.0,0.0
2023-05-01,11A,0.0,0.0
2023-10-01,11A,0.0,0.0
2024-06-01,11A,0.0,0.0
2024-11-01,11A,0.0,0.0
2025-09-01,11A,0.0,0.0
2022-09-01,11A,0.0,0.0
2022-02-01,11A,0.0,0.0
2022-08-01,11A,0.0,0.0
2024-08-01,11A,0.0,0.0
2024-03-01,11A,0.0,0.0
2026-04-01,11A,0.0,0.0
2025-01-01,11A,0.0,0.0
2022-12-01,11A,0.0,0.0
2024-02-01,11A,0.0,0.0
2025-11-01,11A,0.0,0.0
2022-06-01,11A,0.0,0.0
2025-07-01,11A,0.0,0.0
2021-08-01,11A,0.0,0.0
2025-10-01,11A,0.0,0.0
2025-04-01,11A,0.0,0.0
2021-06-01,11A,0.0,0.0
2021-11-01,11A,0.0,0.0
2022-10-01,11A,0.0,0.0
2025-03-01,11A,0.0,0.0
2026-03-01,11A,0.0,0.0
2023-06-01,11A,0.0,0.0
2023-07-01,11A,0.0,0.0
2023-09-01,11A,0.0,0.0
2026-06-01,11A,0.0,0.0
2024-12-01,11A,0.0,0.0
2025-08-01,11A,0.0,0.0
2026-01-01,11A,0.0,0.0
2023-09-01,11E,0.0,0.0
2023-11-01,11E,0.0,0.0
2023-04-01,11E,0.0,0.0
2023-05-01,11E,0.0,0.0
2023-12-01,11E,0.0,0.0
2024-03-01,11E,0.0,0.0
2022-07-01,11E,0.0,0.0
2023-07-01,11E,0.0,0.0
2025-02-01,11E,0.0,0.0
2021-10-01,11E,0.0,0.0
2021-12-01,11E,0.0,0.0
2024-08-01,11E,0.0,0.0
2024-09-01,11E,0.0,0.0
2025-09-01,11E,0.0,0.0
2022-12-01,11E,0.0,0.0
2024-12-01,11E,0.0,0.0
2022-01-01,11E,0.0,0.0
2025-06-01,11E,0.0,0.0
2023-10-01,11E,0.0,0.0
2022-06-01,11E,0.0,0.0
2025-12-01,11E,0.0,0.0
2022-11-01,11E,0.0,0.0
2024-04-01,11E,0.0,0.0
2025-01-01,11E,0.0,0.0
2024-07-01,11E,0.0,0.0
2023-01-01,11E,0.0,0.0
2025-07-01,11E,0.0,0.0
2022-04-01,11E,0.0,0.0
2024-11-01,11E,0.0,0.0
2021-07-01,11E,0.0,0.0
2021-08-01,11E,0.0,0.0
2022-09-01,11E,0.0,0.0
2026-06-01,11E,0.0,0.0
2025-03-01,11E,0.0,0.0
2026-01-01,11E,0.0,0.0
2024-02-01,11E,0.0,0.0
2026-05-01,11E,0.0,0.0
2022-03-01,11E,0.0,0.0
2025-11-01,11E,0.0,0.0
2021-11-01,11E,0.0,0.0
2024-06-01,11E,0.0,0.0
2026-04-01,11E,0.0,0.0
2023-06-01,11E,0.0,0.0
2022-02-01,11E,0.0,0.0
2022-05-01,11E,0.0,0.0
2022-08-01,11E,0.0,0.0
2022-10-01,11E,0.0,0.0
2026-02-01,11E,0.0,0.0
2024-05-01,11E,0.0,0.0
2021-06-01,11E,0.0,0.0
2021-09-01,11E,0.0,0.0
2023-03-01,11E,0.0,0.0
2025-08-01,11E,0.0,0.0
2023-02-01,11E,0.0,0.0
2024-01-01,11E,0.0,0.0
2023-08-01,11E,0.0,0.0
2025-04-01,11E,0.0,0.0
2025-05-01,11E,0.0,0.0
2026-03-01,11E,0.0,0.0
2024-10-01,11E,0.0,0.0
2025-10-01,11E,0.0,0.0
2022-10-01,11H,0.0,0.0
2023-04-01,11H,0.0,0.0
2021-07-01,11H,0.0,0.0
2025-12-01,11H,0.0,0.0
2024-01-01,11H,0.0,0.0
2021-08-01,11H,0.0,0.0
2023-05-01,11H,0.0,0.0
2024-06-01,11H,0.0,0.0
2024-04-01,11H,0.0,0.0
2023-12-01,11H,0.0,0.0
2024-02-01,11H,0.0,0.0
2026-03-01,11H,0.0,0.0
2022-11-01,11H,0.0,0.0
2026-06-01,11H,0.0,0.0
2022-04-01,11H,0.0,0.0
2022-02-01,11H,0.0,0.0
2023-09-01,11H,0.0,0.0
2025-11-01,11H,0.0,0.0
2023-08-01,11H,0.0,0.0
2023-06-01,11H,0.0,0.0
2023-11-01,11H,0.0,0.0
2025-05-01,11H,0.0,0.0
2026-02-01,11H,0.0,0.0
2021-11-01,11H,0.0,0.0
2023-01-01,11H,0.0,0.0
2024-09-01,11H,0.0,0.0
2021-12-01,11H,0.0,0.0
2022-07-01,11H,0.0,0.0
2023-03-01,11H,0.0,0.0
2024-05-01,11H,0.0,0.0
2025-08-01,11H,0.0,0.0
2022-06-01,11H,0.0,0.0
2023-02-01,11H,0.0,0.0
2025-01-01,11H,0.0,0.0
2022-01-01,11H,0.0,0.0
2022-03-01,11H,0.0,0.0
2024-11-01,11H,0.0,0.0
2026-04-01,11H,0.0,0.0
2025-03-01,11H,0.0,0.0
2025-09-01,11H,0.0,0.0
2021-06-01,11H,0.0,0.0
2023-10-01,11H,0.0,0.0
2024-10-01,11H,0.0,0.0
2025-10-01,11H,0.0,0.0
2024-08-01,11H,0.0,0.0
2026-05-01,11H,0.0,0.0
2022-12-01,11H,0.0,0.0
2023-07-01,11H,0.0,0.0
2024-03-01,11H,0.0,0.0
2025-07-01,11H,0.0,0.0
2022-05-01,11H,0.0,0.0
2024-07-01,11H,0.0,0.0
2021-09-01,11H,0.0,0.0
2025-06-01,11H,0.0,0.0
2026-01-01,11H,0.0,0.0
2021-10-01,11H,0.0,0.0
2025-02-01,11H,0.0,0.0
2022-09-01,11H,0.0,0.0
2024-12-01,11H,0.0,0.0
2025-04-01,11H,0.0,0.0
2022-08-01,11H,0.0,0.0
2021-09-01,11T,0.0,0.0
2026-01-01,11T,0.0,0.0
2026-05-01,11T,0.0,0.0
2021-11-01,11T,0.0,0.0
2023-03-01,11T,0.0,0.0
2021-08-01,11T,0.0,0.0
2025-12-01,11T,0.0,0.0
2024-03-01,11T,0.0,0.0
2022-04-01,11T,0.0,0.0
2023-04-01,11T,0.0,0.0
2024-12-01,11T,0.0,0.0
2024-07-01,11T,0.0,0.0
2025-07-01,11T,0.0,0.0
2025-08-01,11T,0.0,0.0
2021-12-01,11T,0.0,0.0
2023-12-01,11T,0.0,0.0
2023-01-01,11T,0.0,0.0
2022-02-01,11T,0.0,0.0
2024-06-01,11T,0.0,0.0
2023-06-01,11T,0.0,0.0
2024-02-01,11T,0.0,0.0
2021-06-01,11T,0.0,0.0
2025-01-01,11T,0.0,0.0
2025-10-01,11T,0.0,0.0
2022-11-01,11T,0.0,0.0
2023-09-01,11T,0.0,0.0
2025-03-01,11T,0.0,0.0
2026-02-01,11T,0.0,0.0
2026-04-01,11T,0.0,0.0
2022-09-01,11T,0.0,0.0
2023-07-01,11T,0.0,0.0
2026-03-01,11T,0.0,0.0
2023-02-01,11T,0.0,0.0
2024-09-01,11T,0.0,0.0
2022-01-01,11T,0.0,0.0
2023-05-01,11T,0.0,0.0
2023-10-01,11T,0.0,0.0
2022-06-01,11T,0.0,0.0
2024-10-01,11T,0.0,0.0
2025-06-01,11T,0.0,0.0
2025-09-01,11T,0.0,0.0
2024-11-01,11T,0.0,0.0
2021-07-01,11T,0.0,0.0
2022-10-01,11T,0.0,0.0
2022-07-01,11T,0.0,0.0
2022-12-01,11T,0.0,0.0
2024-01-01,11T,0.0,0.0
2023-11-01,11T,0.0,0.0
2021-10-01,11T,0.0,0.0
2022-08-01,11T,0.0,0.0
2024-05-01,11T,0.0,0.0
2025-04-01,11T,0.0,0.0
2022-05-01,11T,0.0,0.0
2024-08-01,11T,0.0,0.0
2024-04-01,11T,0.0,0.0
2025-02-01,11T,0.0,0.0
2023-08-01,11T,0.0,0.0
2025-05-01,11T,0.0,0.0
2026-06-01,11T,0.0,0.0
2022-03-01,11T,0.0,0.0
2025-11-01,11T,0.0,0.0
2025-02-01,12D,0.0,0.0
2025-05-01,12D,0.0,0.0
2026-06-01,12D,0.0,0.0
2021-06-01,12D,0.0,0.0
2021-08-01,12D,0.0,0.0
2022-11-01,12D,0.0,0.0
2021-10-01,12D,0.0,0.0
2026-05-01,12D,0.0,0.0
2021-07-01,12D,0.0,0.0
2022-02-01,12D,0.0,0.0
2022-04-01,12D,0.0,0.0
2022-10-01,12D,0.0,0.0
2024-10-01,12D,0.0,0.0
2024-05-01,12D,0.0,0.0
2024-08-01,12D,0.0,0.0
2025-07-01,12D,0.0,0.0
2022-07-01,12D,0.0,0.0
2026-03-01,12D,0.0,0.0
2022-09-01,12D,0.0,0.0
2021-12-01,12D,0.0,0.0
2023-05-01,12D,0.0,0.0
2023-07-01,12D,0.0,0.0
2025-12-01,12D,0.0,0.0
2023-04-01,12D,0.0,0.0
2023-11-01,12D,0.0,0.0
2025-11-01,12D,0.0,0.0
2024-11-01,12D,0.0,0.0
2024-04-01,12D,0.0,0.0
2023-02-01,12D,0.0,0.0
2024-06-01,12D,0.0,0.0
2026-02-01,12D,0.0,0.0
2023-06-01,12D,0.0,0.0
2024-03-01,12D,0.0,0.0
2026-04-01,12D,0.0,0.0
2022-12-01,12D,0.0,0.0
2025-06-01,12D,0.0,0.0
2025-09-01,12D,0.0,0.0
2024-12-01,12D,0.0,0.0
2023-01-01,12D,0.0,0.0
2025-08-01,12D,0.0,0.0
2026-01-01,12D,0.0,0.0
2021-11-01,12D,0.0,0.0
2024-01-01,12D,0.0,0.0
2022-03-01,12D,0.0,0.0
2022-05-01,12D,0.0,0.0
2022-06-01,12D,0.0,0.0
2023-09-01,12D,0.0,0.0
2025-01-01,12D,0.0,0.0
2022-01-01,12D,0.0,0.0
2024-07-01,12D,0.0,0.0
2024-09-01,12D,0.0,0.0
2022-08-01,12D,0.0,0.0
2023-10-01,12D,0.0,0.0
2025-10-01,12D,0.0,0.0
2025-04-01,12D,0.0,0.0
2023-08-01,12D,0.0,0.0
2024-02-01,12D,0.0,0.0
2021-09-01,12D,0.0,0.0
2023-03-01,12D,0.0,0.0
2023-12-01,12D,0.0,0.0
2025-03-01,12D,0.0,0.0
2025-11-01,13P,0.0,0.0
2026-05-01,13P,0.0,0.0
2023-09-01,13P,0.0,0.0
2021-09-01,13P,0.0,0.0
2025-01-01,13P,0.0,0.0
2021-06-01,13P,0.0,0.0
2021-07-01,13P,0.0,0.0
2026-02-01,13P,0.0,0.0
2022-08-01,13P,0.0,0.0
2023-05-01,13P,0.0,0.0
2024-02-01,13P,0.0,0.0
2024-04-01,13P,0.0,0.0
2025-03-01,13P,0.0,0.0
2023-10-01,13P,0.0,0.0
2024-05-01,13P,0.0,0.0
2021-10-01,13P,0.0,0.0
2025-10-01,13P,0.0,0.0
2026-01-01,13P,0.0,0.0
2026-06-01,13P,0.0,0.0
2026-03-01,13P,0.0,0.0
2021-11-01,13P,0.0,0.0
2023-04-01,13P,0.0,0.0
2023-11-01,13P,0.0,0.0
2025-04-01,13P,0.0,0.0
2022-01-01,13P,0.0,0.0
2024-06-01,13P,0.0,0.0
2025-08-01,13P,0.0,0.0
2024-01-01,13P,0.0,0.0
2024-10-01,13P,0.0,0.0
2025-09-01,13P,0.0,0.0
2022-12-01,13P,0.0,0.0
2025-02-01,13P,0.0,0.0
2022-07-01,13P,0.0,0.0
2022-10-01,13P,0.0,0.0
2023-07-01,13P,0.0,0.0
2023-08-01,13P,0.0,0.0
2026-04-01,13P,0.0,0.0
2021-12-01,13P,0.0,0.0
2023-06-01,13P,0.0,0.0
2025-12-01,13P,0.0,0.0
2024-08-01,13P,0.0,0.0
2024-11-01,13P,0.0,0.0
2025-07-01,13P,0.0,0.0
2022-09-01,13P,0.0,0.0
2024-09-01,13P,0.0,0.0
2021-08-01,13P,0.0,0.0
2022-11-01,13P,0.0,0.0
2025-05-01,13P,0.0,0.0
2022-04-01,13P,0.0,0.0
2024-03-01,13P,0.0,0.0
2025-06-01,13P,0.0,0.0
2022-02-01,13P,0.0,0.0
2023-03-01,13P,0.0,0.0
2023-01-01,13P,0.0,0.0
2023-12-01,13P,0.0,0.0
2024-12-01,13P,0.0,0.0
2022-05-01,13P,0.0,0.0
2022-03-01,13P,0.0,0.0
2023-02-01,13P,0.0,0.0
2022-06-01,13P,0.0,0.0
2024-07-01,13P,0.0,0.0
2022-06-01,15D,0.0,0.0
2022-05-01,15D,0.0,0.0
2023-06-01,15D,0.0,0.0
2022-04-01,15D,0.0,0.0
2022-12-01,15D,0.0,0.0
2024-11-01,15D,0.0,0.0
2025-06-01,15D,0.0,0.0
2025-09-01,15D,0.0,0.0
2023-11-01,15D,0.0,0.0
2025-01-01,15D,0.0,0.0
2026-01-01,15D,0.0,0.0
2024-04-01,15D,0.0,0.0
2026-04-01,15D,0.0,0.0
2023-12-01,15D,0.0,0.0
2022-08-01,15D,0.0,0.0
2025-05-01,15D,0.0,0.0
2022-10-01,15D,0.0,0.0
2024-08-01,15D,0.0,0.0
2023-08-01,15D,0.0,0.0
2023-02-01,15D,0.0,0.0
2023-05-01,15D,0.0,0.0
2023-10-01,15D,0.0,0.0
2024-05-01,15D,0.0,0.0
2021-09-01,15D,0.0,0.0
2025-12-01,15D,0.0,0.0
2022-07-01,15D,0.0,0.0
2025-10-01,15D,0.0,0.0
2021-10-01,15D,0.0,0.0
2023-01-01,15D,0.0,0.0
2022-11-01,15D,0.0,0.0
2025-11-01,15D,0.0,0.0
2025-04-01,15D,0.0,0.0
2022-02-01,15D,0.0,0.0
2024-03-01,15D,0.0,0.0
2025-03-01,15D,0.0,0.0
2025-07-01,15D,0.0,0.0
2024-01-01,15D,0.0,0.0
2023-09-01,15D,0.0,0.0
2021-12-01,15D,0.0,0.0
2025-08-01,15D,0.0,0.0
2026-05-01,15D,0.0,0.0
2022-01-01,15D,0.0,0.0
2026-06-01,15D,0.0,0.0
2023-04-01,15D,0.0,0.0
2021-06-01,15D,0.0,0.0
2023-03-01,15D,0.0,0.0
2021-11-01,15D,0.0,0.0
2024-06-01,15D,0.0,0.0
2021-07-01,15D,0.0,0.0
2024-02-01,15D,0.0,0.0
2025-02-01,15D,0.0,0.0
2024-09-01,15D,0.0,0.0
2024-07-01,15D,0.0,0.0
2022-03-01,15D,0.0,0.0
2026-03-01,15D,0.0,0.0
2021-08-01,15D,0.0,0.0
2023-07-01,15D,0.0,0.0
2024-12-01,15D,0.0,0.0
2024-10-01,15D,0.0,0.0
2022-09-01,15D,0.0,0.0
2026-02-01,15D,0.0,0.0
2023-06-01,99D,0.0,0.0
2023-03-01,99D,0.0,0.0
2022-03-01,99D,0.0,0.0
2023-01-01,99D,0.0,0.0
2023-04-01,99D,0.0,0.0
2024-03-01,99D,0.0,0.0
2021-08-01,99D,0.0,0.0
2024-10-01,99D,0.0,0.0
2025-01-01,99D,0.0,0.0
2021-07-01,99D,0.0,0.0
2021-12-01,99D,0.0,0.0
2022-06-01,99D,0.0,0.0
2025-10-01,99D,0.0,0.0
2025-02-01,99D,0.0,0.0
2022-08-01,99D,0.0,0.0
2026-05-01,99D,0.0,0.0
2022-10-01,99D,0.0,0.0
2022-11-01,99D,0.0,0.0
2026-06-01,99D,0.0,0.0
2026-04-01,99D,0.0,0.0
2025-11-01,99D,0.0,0.0
2024-06-01,99D,0.0,0.0
2023-08-01,99D,0.0,0.0
2023-02-01,99D,0.0,0.0
2022-01-01,99D,0.0,0.0
2025-03-01,99D,0.0,0.0
2025-06-01,99D,0.0,0.0
2025-09-01,99D,0.0,0.0
2026-03-01,99D,0.0,0.0
2024-01-01,99D,0.0,0.0
2023-09-01,99D,0.0,0.0
2025-12-01,99D,0.0,0.0
2022-02-01,99D,0.0,0.0
2022-09-01,99D,0.0,0.0
2023-10-01,99D,0.0,0.0
2024-05-01,99D,0.0,0.0
2024-09-01,99D,0.0,0.0
2025-07-01,99D,0.0,0.0
2025-08-01,99D,0.0,0.0
2021-10-01,99D,0.0,0.0
2023-11-01,99D,0.0,0.0
2021-09-01,99D,0.0,0.0
2022-04-01,99D,0.0,0.0
2026-02-01,99D,0.0,0.0
2022-12-01,99D,0.0,0.0
2024-07-01,99D,0.0,0.0
2024-12-01,99D,0.0,0.0
2024-02-01,99D,0.0,0.0
2021-11-01,99D,0.0,0.0
2022-05-01,99D,0.0,0.0
2024-04-01,99D,0.0,0.0
2023-12-01,99D,0.0,0.0
2024-11-01,99D,0.0,0.0
2025-04-01,99D,0.0,0.0
2021-06-01,99D,0.0,0.0
2024-08-01,99D,0.0,0.0
2026-01-01,99D,0.0,0.0
2023-05-01,99D,0.0,0.0
2022-07-01,99D,0.0,0.0
2023-07-01,99D,0.0,0.0
2025-05-01,99D,0.0,0.0
2023-12-01,99H,0.0,0.0
2026-05-01,99H,0.0,0.0
2021-07-01,99H,0.0,0.0
2022-03-01,99H,0.0,0.0
2021-09-01,99H,0.0,0.0
2023-03-01,99H,0.0,0.0
2025-05-01,99H,0.0,0.0
2023-06-01,99H,0.0,0.0
2024-07-01,99H,0.0,0.0
2021-12-01,99H,0.0,0.0
2024-11-01,99H,0.0,0.0
2021-06-01,99H,0.0,0.0
2022-05-01,99H,0.0,0.0
2024-12-01,99H,0.0,0.0
2024-08-01,99H,0.0,0.0
2025-02-01,99H,0.0,0.0
2022-09-01,99H,0.0,0.0
2023-10-01,99H,0.0,0.0
2025-08-01,99H,0.0,0.0
2022-11-01,99H,0.0,0.0
2023-07-01,99H,0.0,0.0
2023-08-01,99H,0.0,0.0
2024-03-01,99H,0.0,0.0
2024-05-01,99H,0.0,0.0
2026-02-01,99H,0.0,0.0
2023-02-01,99H,0.0,0.0
2026-01-01,99H,0.0,0.0
2025-04-01,99H,0.0,0.0
2024-02-01,99H,0.0,0.0
2022-01-01,99H,0.0,0.0
2024-01-01,99H,0.0,0.0
2025-07-01,99H,0.0,0.0
2021-11-01,99H,0.0,0.0
2026-03-01,99H,0.0,0.0
2022-12-01,99H,0.0,0.0
2025-12-01,99H,0.0,0.0
2022-08-01,99H,0.0,0.0
2025-09-01,99H,0.0,0.0
2026-06-01,99H,0.0,0.0
2022-06-01,99H,0.0,0.0
2025-01-01,99H,0.0,0.0
2021-08-01,99H,0.0,0.0
2025-06-01,99H,0.0,0.0
2025-11-01,99H,0.0,0.0
2026-04-01,99H,0.0,0.0
2024-04-01,99H,0.0,0.0
2022-02-01,99H,0.0,0.0
2022-10-01,99H,0.0,0.0
2021-10-01,99H,0.0,0.0
2022-04-01,99H,0.0,0.0
2024-10-01,99H,0.0,0.0
2023-09-01,99H,0.0,0.0
2023-11-01,99H,0.0,0.0
2023-01-01,99H,0.0,0.0
2025-03-01,99H,0.0,0.0
2025-10-01,99H,0.0,0.0
2023-05-01,99H,0.0,0.0
2023-04-01,99H,0.0,0.0
2022-07-01,99H,0.0,0.0
2024-09-01,99H,0.0,0.0
2024-06-01,99H,0.0,0.0
2022-06-01,99J,0.0,0.0
2023-01-01,99J,0.0,0.0
2025-05-01,99J,0.0,0.0
2022-05-01,99J,0.0,0.0
2022-11-01,99J,0.0,0.0
2024-11-01,99J,0.0,0.0
2026-03-01,99J,0.0,0.0
2025-10-01,99J,0.0,0.0
2022-04-01,99J,0.0,0.0
2022-10-01,99J,0.0,0.0
2025-03-01,99J,0.0,0.0
2022-08-01,99J,0.0,0.0
2025-11-01,99J,0.0,0.0
2024-07-01,99J,0.0,0.0
2025-09-01,99J,0.0,0.0
2023-08-01,99J,0.0,0.0
2023-02-01,99J,0.0,0.0
2021-09-01,99J,0.0,0.0
2023-10-01,99J,0.0,0.0
2023-04-01,99J,0.0,0.0
2022-07-01,99J,0.0,0.0
2024-04-01,99J,0.0,0.0
2025-12-01,99J,0.0,0.0
2026-04-01,99J,0.0,0.0
2021-10-01,99J,0.0,0.0
2025-08-01,99J,0.0,0.0
2024-05-01,99J,0.0,0.0
2024-10-01,99J,0.0,0.0
2026-02-01,99J,0.0,0.0
2022-12-01,99J,0.0,0.0
2023-09-01,99J,0.0,0.0
2024-02-01,99J,0.0,0.0
2021-12-01,99J,0.0,0.0
2024-01-01,99J,0.0,0.0
2025-07-01,99J,0.0,0.0
2021-11-01,99J,0.0,0.0
2021-06-01,99J,0.0,0.0
2022-02-01,99J,0.0,0.0
2023-12-01,99J,0.0,0.0
2026-06-01,99J,0.0,0.0
2024-06-01,99J,0.0,0.0
2022-01-01,99J,0.0,0.0
2025-02-01,99J,0.0,0.0
2026-01-01,99J,0.0,0.0
2023-11-01,99J,0.0,0.0
2024-08-01,99J,0.0,0.0
2021-08-01,99J,0.0,0.0
2023-07-01,99J,0.0,0.0
2024-09-01,99J,0.0,0.0
2025-04-01,99J,0.0,0.0
2023-05-01,99J,0.0,0.0
2024-12-01,99J,0.0,0.0
2024-03-01,99J,0.0,0.0
2021-07-01,99J,0.0,0.0
2023-06-01,99J,0.0,0.0
2022-03-01,99J,0.0,0.0
2023-03-01,99J,0.0,0.0
2025-06-01,99J,0.0,0.0
2022-09-01,99J,0.0,0.0
2026-05-01,99J,0.0,0.0
2025-01-01,99J,0.0,0.0
2022-12-01,99K,0.0,0.0
2023-01-01,99K,0.0,0.0
2022-03-01,99K,0.0,0.0
2023-05-01,99K,0.0,0.0
2026-01-01,99K,0.0,0.0
2024-04-01,99K,0.0,0.0
2025-01-01,99K,0.0,0.0
2023-10-01,99K,0.0,0.0
2024-05-01,99K,0.0,0.0
2022-02-01,99K,0.0,0.0
2024-09-01,99K,0.0,0.0
2025-11-01,99K,0.0,0.0
2021-10-01,99K,0.0,0.0
2026-02-01,99K,0.0,0.0
2021-12-01,99K,0.0,0.0
2023-02-01,99K,0.0,0.0
2025-10-01,99K,0.0,0.0
2023-06-01,99K,0.0,0.0
2023-08-01,99K,0.0,0.0
2025-06-01,99K,0.0,0.0
2022-04-01,99K,0.0,0.0
2023-11-01,99K,0.0,0.0
2023-12-01,99K,0.0,0.0
2022-07-01,99K,0.0,0.0
2022-09-01,99K,0.0,0.0
2026-06-01,99K,0.0,0.0
2023-07-01,99K,0.0,0.0
2025-05-01,99K,0.0,0.0
2021-06-01,99K,0.0,0.0
2024-06-01,99K,0.0,0.0
2024-03-01,99K,0.0,0.0
2021-07-01,99K,0.0,0.0
2023-03-01,99K,0.0,0.0
2021-11-01,99K,0.0,0.0
2023-04-01,99K,0.0,0.0
2022-01-01,99K,0.0,0.0
2022-08-01,99K,0.0,0.0
2024-01-01,99K,0.0,0.0
2025-07-01,99K,0.0,0.0
2023-09-01,99K,0.0,0.0
2022-10-01,99K,0.0,0.0
2026-04-01,99K,0.0,0.0
2021-08-01,99K,0.0,0.0
2025-02-01,99K,0.0,0.0
2026-03-01,99K,0.0,0.0
2024-07-01,99K,0.0,0.0
2024-02-01,99K,0.0,0.0
2024-10-01,99K,0.0,0.0
2025-08-01,99K,0.0,0.0
2021-09-01,99K,0.0,0.0
2025-09-01,99K,0.0,0.0
2026-05-01,99K,0.0,0.0
2022-06-01,99K,0.0,0.0
2022-05-01,99K,0.0,0.0
2024-11-01,99K,0.0,0.0
2024-12-01,99K,0.0,0.0
2025-03-01,99K,0.0,0.0
2022-11-01,99K,0.0,0.0
2025-12-01,99K,0.0,0.0
2024-08-01,99K,0.0,0.0
2025-04-01,99K,0.0,0.0
2025-12-01,99M,0.0,0.0
2023-07-01,99M,0.0,0.0
2024-05-01,99M,0.0,0.0
2022-04-01,99M,0.0,0.0
2025-07-01,99M,0.0,0.0
2022-05-01,99M,0.0,0.0
2023-01-01,99M,0.0,0.0
2025-10-01,99M,0.0,0.0
2022-10-01,99M,0.0,0.0
2022-09-01,99M,0.0,0.0
2021-11-01,99M,0.0,0.0
2024-08-01,99M,0.0,0.0
2024-09-01,99M,0.0,0.0
2023-11-01,99M,0.0,0.0
2021-10-01,99M,0.0,0.0
2025-09-01,99M,0.0,0.0
2026-01-01,99M,0.0,0.0
2023-02-01,99M,0.0,0.0
2023-10-01,99M,0.0,0.0
2024-10-01,99M,0.0,0.0
2021-09-01,99M,0.0,0.0
2025-05-01,99M,0.0,0.0
2021-08-01,99M,0.0,0.0
2023-06-01,99M,0.0,0.0
2025-01-01,99M,0.0,0.0
2026-04-01,99M,0.0,0.0
2024-12-01,99M,0.0,0.0
2026-05-01,99M,0.0,0.0
2022-11-01,99M,0.0,0.0
2022-01-01,99M,0.0,0.0
2021-12-01,99M,0.0,0.0
2026-03-01,99M,0.0,0.0
2021-06-01,99M,0.0,0.0
2024-01-01,99M,0.0,0.0
2023-04-01,99M,0.0,0.0
2025-11-01,99M,0.0,0.0
2024-07-01,99M,0.0,0.0
2025-08-01,99M,0.0,0.0
2022-02-01,99M,0.0,0.0
2022-12-01,99M,0.0,0.0
2023-03-01,99M,0.0,0.0
2025-06-01,99M,0.0,0.0
2026-06-01,99M,0.0,0.0
2022-03-01,99M,0.0,0.0
2023-05-01,99M,0.0,0.0
2024-02-01,99M,0.0,0.0
2023-09-01,99M,0.0,0.0
2024-03-01,99M,0.0,0.0
2024-06-01,99M,0.0,0.0
2023-12-01,99M,0.0,0.0
2021-07-01,99M,0.0,0.0
2022-07-01,99M,0.0,0.0
2023-08-01,99M,0.0,0.0
2025-02-01,99M,0.0,0.0
2025-03-01,99M,0.0,0.0
2024-11-01,99M,0.0,0.0
2025-04-01,99M,0.0,0.0
2026-02-01,99M,0.0,0.0
2022-08-01,99M,0.0,0.0
2024-04-01,99M,0.0,0.0
2022-06-01,99M,0.0,0.0
2025-01-01,99N,0.0,0.0
2026-05-01,99N,0.0,0.0
2022-11-01,99N,0.0,0.0
2025-08-01,99N,0.0,0.0
2026-01-01,99N,0.0,0.0
2021-08-01,99N,0.0,0.0
2026-02-01,99N,0.0,0.0
2026-06-01,99N,0.0,0.0
2023-02-01,99N,0.0,0.0
2024-03-01,99N,0.0,0.0
2024-10-01,99N,0.0,0.0
2023-01-01,99N,0.0,0.0
2024-04-01,99N,0.0,0.0
2023-06-01,99N,0.0,0.0
2024-01-01,99N,0.0,0.0
2021-07-01,99N,0.0,0.0
2022-02-01,99N,0.0,0.0
2023-12-01,99N,0.0,0.0
2022-01-01,99N,0.0,0.0
2023-04-01,99N,0.0,0.0
2023-11-01,99N,0.0,0.0
2024-05-01,99N,0.0,0.0
2022-03-01,99N,0.0,0.0
2022-10-01,99N,0.0,0.0
2021-11-01,99N,0.0,0.0
2022-06-01,99N,0.0,0.0
2024-02-01,99N,0.0,0.0
2025-04-01,99N,0.0,0.0
2022-08-01,99N,0.0,0.0
2023-03-01,99N,0.0,0.0
2023-07-01,99N,0.0,0.0
2025-09-01,99N,0.0,0.0
2024-09-01,99N,0.0,0.0
2025-05-01,99N,0.0,0.0
2025-10-01,99N,0.0,0.0
2022-09-01,99N,0.0,0.0
2023-10-01,99N,0.0,0.0
2025-07-01,99N,0.0,0.0
2024-07-01,99N,0.0,0.0
2021-12-01,99N,0.0,0.0
2025-02-01,99N,0.0,0.0
2026-03-01,99N,0.0,0.0
2026-04-01,99N,0.0,0.0
2023-09-01,99N,0.0,0.0
2022-07-01,99N,0.0,0.0
2024-08-01,99N,0.0,0.0
2021-09-01,99N,0.0,0.0
2024-12-01,99N,0.0,0.0
2023-05-01,99N,0.0,0.0
2025-11-01,99N,0.0,0.0
2024-06-01,99N,0.0,0.0
2021-06-01,99N,0.0,0.0
2023-08-01,99N,0.0,0.0
2022-12-01,99N,0.0,0.0
2025-12-01,99N,0.0,0.0
2021-10-01,99N,0.0,0.0
2022-05-01,99N,0.0,0.0
2025-03-01,99N,0.0,0.0
2022-04-01,99N,0.0,0.0
2024-11-01,99N,0.0,0.0
2025-06-01,99N,0.0,0.0
2025-04-01,99P,0.0,0.0
2021-08-01,99P,0.0,0.0
2024-08-01,99P,0.0,0.0
2025-02-01,99P,0.0,0.0
2022-02-01,99P,0.0,0.0
2025-12-01,99P,0.0,0.0
2022-06-01,99P,0.0,0.0
2024-07-01,99P,0.0,0.0
2024-03-01,99P,0.0,0.0
2024-10-01,99P,0.0,0.0
2021-10-01,99P,0.0,0.0
2021-11-01,99P,0.0,0.0
2022-03-01,99P,0.0,0.0
2023-07-01,99P,0.0,0.0
2023-12-01,99P,0.0,0.0
2024-01-01,99P,0.0,0.0
2026-03-01,99P,0.0,0.0
2021-07-01,99P,0.0,0.0
2022-11-01,99P,0.0,0.0
2024-12-01,99P,0.0,0.0
2022-07-01,99P,0.0,0.0
2024-11-01,99P,0.0,0.0
2025-10-01,99P,0.0,0.0
2023-02-01,99P,0.0,0.0
2024-06-01,99P,0.0,0.0
2025-08-01,99P,0.0,0.0
2022-01-01,99P,0.0,0.0
2022-09-01,99P,0.0,0.0
2023-10-01,99P,0.0,0.0
2026-02-01,99P,0.0,0.0
2025-06-01,99P,0.0,0.0
2022-10-01,99P,0.0,0.0
2023-11-01,99P,0.0,0.0
2021-12-01,99P,0.0,0.0
2025-07-01,99P,0.0,0.0
2021-09-01,99P,0.0,0.0
2024-09-01,99P,0.0,0.0
2025-11-01,99P,0.0,0.0
2023-01-01,99P,0.0,0.0
2025-05-01,99P,0.0,0.0
2022-08-01,99P,0.0,0.0
2023-09-01,99P,0.0,0.0
2024-05-01,99P,0.0,0.0
2025-01-01,99P,0.0,0.0
2023-06-01,99P,0.0,0.0
2026-04-01,99P,0.0,0.0
2023-05-01,99P,0.0,0.0
2025-03-01,99P,0.0,0.0
2024-04-01,99P,0.0,0.0
2022-05-01,99P,0.0,0.0
2022-12-01,99P,0.0,0.0
2026-05-01,99P,0.0,0.0
2021-06-01,99P,0.0,0.0
2022-04-01,99P,0.0,0.0
2023-08-01,99P,0.0,0.0
2026-01-01,99P,0.0,0.0
2025-09-01,99P,0.0,0.0
2023-03-01,99P,0.0,0.0
2023-04-01,99P,0.0,0.0
2024-02-01,99P,0.0,0.0
2026-06-01,99P,0.0,0.0
2023-01-01,99Q,0.0,0.0
2026-04-01,99Q,0.0,0.0
2023-08-01,99Q,0.0,0.0
2024-07-01,99Q,0.0,0.0
2022-11-01,99Q,0.0,0.0
2023-05-01,99Q,0.0,0.0
2024-01-01,99Q,0.0,0.0
2021-08-01,99Q,0.0,0.0
2024-09-01,99Q,0.0,0.0
2025-07-01,99Q,0.0,0.0
2026-05-01,99Q,0.0,0.0
2022-01-01,99Q,0.0,0.0
2023-12-01,99Q,0.0,0.0
2022-09-01,99Q,0.0,0.0
2024-06-01,99Q,0.0,0.0
2025-06-01,99Q,0.0,0.0
2021-07-01,99Q,0.0,0.0
2022-02-01,99Q,0.0,0.0
2021-10-01,99Q,0.0,0.0
2023-07-01,99Q,0.0,0.0
2023-09-01,99Q,0.0,0.0
2025-11-01,99Q,0.0,0.0
2026-06-01,99Q,0.0,0.0
2021-06-01,99Q,0.0,0.0
2023-02-01,99Q,0.0,0.0
2023-03-01,99Q,0.0,0.0
2024-10-01,99Q,0.0,0.0
2025-09-01,99Q,0.0,0.0
2025-12-01,99Q,0.0,0.0
2021-12-01,99Q,0.0,0.0
2022-05-01,99Q,0.0,0.0
2024-11-01,99Q,0.0,0.0
2022-06-01,99Q,0.0,0.0
2022-08-01,99Q,0.0,0.0
2022-12-01,99Q,0.0,0.0
2024-12-01,99Q,0.0,0.0
2024-05-01,99Q,0.0,0.0
2022-03-01,99Q,0.0,0.0
2025-04-01,99Q,0.0,0.0
2024-03-01,99Q,0.0,0.0
2023-04-01,99Q,0.0,0.0
2025-02-01,99Q,0.0,0.0
2024-04-01,99Q,0.0,0.0
2025-05-01,99Q,0.0,0.0
2025-08-01,99Q,0.0,0.0
2024-02-01,99Q,0.0,0.0
2022-07-01,99Q,0.0,0.0
2022-10-01,99Q,0.0,0.0
2021-11-01,99Q,0.0,0.0
2024-08-01,99Q,0.0,0.0
2025-01-01,99Q,0.0,0.0
2023-06-01,99Q,0.0,0.0
2026-02-01,99Q,0.0,0.0
2022-04-01,99Q,0.0,0.0
2023-11-01,99Q,0.0,0.0
2025-03-01,99Q,0.0,0.0
2025-10-01,99Q,0.0,0.0
2026-01-01,99Q,0.0,0.0
2026-03-01,99Q,0.0,0.0
2021-09-01,99Q,0.0,0.0
2023-10-01,99Q,0.0,0.0
2023-12-01,D4U1Y,0.0,0.0
2024-02-01,D4U1Y,0.0,0.0
2024-09-01,D4U1Y,0.0,0.0
2023-07-01,D4U1Y,0.0,0.0
2023-03-01,D4U1Y,0.0,0.0
2021-06-01,D4U1Y,0.0,0.0
2022-07-01,D4U1Y,0.0,0.0
2022-11-01,D4U1Y,0.0,0.0
2022-08-01,D4U1Y,0.0,0.0
2026-05-01,D4U1Y,0.0,0.0
2024-03-01,D4U1Y,0.0,0.0
2026-01-01,D4U1Y,0.0,0.0
2023-09-01,D4U1Y,0.0,0.0
2025-12-01,D4U1Y,0.0,0.0
2022-05-01,D4U1Y,0.0,0.0
2023-04-01,D4U1Y,0.0,0.0
2023-10-01,D4U1Y,0.0,0.0
2023-05-01,D4U1Y,0.0,0.0
2026-04-01,D4U1Y,0.0,0.0
2025-08-01,D4U1Y,0.0,0.0
2021-10-01,D4U1Y,0.0,0.0
2024-05-01,D4U1Y,0.0,0.0
2025-03-01,D4U1Y,0.0,0.0
2023-02-01,D4U1Y,0.0,0.0
2024-10-01,D4U1Y,0.0,0.0
2026-03-01,D4U1Y,0.0,0.0
2024-11-01,D4U1Y,0.0,0.0
2025-04-01,D4U1Y,0.0,0.0
2021-08-01,D4U1Y,0.0,0.0
2025-10-01,D4U1Y,0.0,0.0
2025-11-01,D4U1Y,0.0,0.0
2025-05-01,D4U1Y,0.0,0.0
2025-06-01,D4U1Y,0.0,0.0
2021-11-01,D4U1Y,0.0,0.0
2024-01-01,D4U1Y,0.0,0.0
2022-02-01,D4U1Y,0.0,0.0
2023-11-01,D4U1Y,0.0,0.0
2026-02-01,D4U1Y,0.0,0.0
2024-08-01,D4U1Y,0.0,0.0
2022-04-01,D4U1Y,0.0,0.0
2023-08-01,D4U1Y,0.0,0.0
2024-12-01,D4U1Y,0.0,0.0
2022-12-01,D4U1Y,0.0,0.0
2023-06-01,D4U1Y,0.0,0.0
2025-01-01,D4U1Y,0.0,0.0
2025-02-01,D4U1Y,0.0,0.0
2022-09-01,D4U1Y,0.0,0.0
2025-07-01,D4U1Y,0.0,0.0
2024-04-01,D4U1Y,0.0,0.0
2026-06-01,D4U1Y,0.0,0.0
2021-07-01,D4U1Y,0.0,0.0
2024-06-01,D4U1Y,0.0,0.0
2022-10-01,D4U1Y,0.0,0.0
2021-09-01,D4U1Y,0.0,0.0
2021-12-01,D4U1Y,0.0,0.0
2022-06-01,D4U1Y,0.0,0.0
2023-01-01,D4U1Y,0.0,0.0
2024-07-01,D4U1Y,0.0,0.0
2025-09-01,D4U1Y,0.0,0.0
2022-01-01,D4U1Y,0.0,0.0
2022-03-01,D4U1Y,0.0,0.0
2025-12-01,03F,2878.0,11186.0
2021-12-01,03F,5338.0,11516.0
2025-01-01,03F,3518.0,11275.0
2022-08-01,03F,4642.0,10495.0
2023-07-01,03F,4328.0,10295.0
2022-02-01,03F,4420.0,9731.0
2024-05-01,03F,4113.0,11067.0
2024-06-01,03F,3859.0,10337.0
2023-12-01,03F,4428.0,10653.0
2024-12-01,03F,3637.0,10989.0
2022-07-01,03F,4772.0,10773.0
2023-09-01,03F,4232.0,10102.0
2026-03-01,03F,2508.0,10686.0
2022-05-01,03F,4697.0,10440.0
2023-02-01,03F,4374.0,9806.0
2023-03-01,03F,4848.0,10980.0
2023-05-01,03F,4349.0,10082.0
2023-06-01,03F,4615.0,10718.0
2023-08-01,03F,4352.0,10411.0
2025-07-01,03F,2989.0,10914.0
2026-04-01,03F,2320.0,10200.0
2021-06-01,03F,5343.0,10652.0
2025-08-01,03F,2611.0,10020.0
2026-02-01,03F,2381.0,9917.0
2024-02-01,03F,3985.0,10182.0
2024-11-01,03F,3628.0,10648.0
2023-11-01,03F,4470.0,10728.0
2021-10-01,03F,5062.0,10657.0
2024-07-01,03F,4074.0,11386.0
2024-08-01,03F,3545.0,10362.0
2022-04-01,03F,4624.0,10415.0
2023-01-01,03F,4695.0,10659.0
2022-01-01,03F,4962.0,10849.0
2022-12-01,03F,4994.0,11266.0
2023-04-01,03F,4230.0,9901.0
2021-11-01,03F,5149.0,10988.0
2021-09-01,03F,5226.0,10873.0
2022-09-01,03F,4686.0,10534.0
2025-09-01,03F,2764.0,10577.0
2022-11-01,03F,4904.0,10948.0
2024-01-01,03F,4253.0,10931.0
2025-11-01,03F,2481.0,10123.0
2023-10-01,03F,4392.0,10482.0
2026-06-01,03F,2338.0,10675.0
2022-10-01,03F,4581.0,10413.0
2025-02-01,03F,3038.0,9857.0
2025-04-01,03F,3087.0,10315.0
2021-07-01,03F,5141.0,10572.0
2022-03-01,03F,5009.0,11115.0
2026-01-01,03F,2725.0,10995.0
2024-03-01,03F,4178.0,10645.0
2022-06-01,03F,4824.0,10650.0
2024-04-01,03F,4181.0,10825.0
2025-06-01,03F,3062.0,10550.0
2024-09-01,03F,3705.0,10487.0
2025-05-01,03F,3141.0,10655.0
2026-05-01,03F,2295.0,10398.0
2025-10-01,03F,2957.0,11164.0
2021-08-01,03F,4989.0,10238.0
2024-10-01,03F,3770.0,10968.0
2025-03-01,03F,3223.0,10558.0
2022-09-01,00R,3989.0,8139.0
2025-12-01,02X,5101.0,15684.0
2025-06-01,02X,5200.0,14588.0
2026-01-01,02Y,4289.0,13936.0
2025-08-01,02Y,4283.0,12553.0
2024-01-01,10Q,11015.0,25909.0
2024-07-01,10Q,10603.0,25957.0
2024-09-01,10Q,9834.0,24216.0
2024-12-01,10Q,10418.0,26702.0
2022-05-01,10Q,11918.0,23848.0
2022-07-01,10Q,11962.0,24428.0
2023-01-01,10Q,11889.0,25232.0
2023-09-01,10Q,10822.0,24446.0
2024-05-01,10Q,10520.0,25525.0
2024-10-01,10Q,10862.0,26678.0
2023-07-01,10Q,10905.0,24564.0
2024-02-01,10Q,10335.0,24046.0
2023-11-01,10Q,11289.0,25484.0
2023-02-01,10Q,10483.0,22503.0
2023-08-01,10Q,10486.0,23468.0
2024-03-01,10Q,10385.0,24328.0
2024-11-01,10Q,10104.0,25189.0
2023-06-01,10Q,11904.0,25845.0
2022-11-01,10Q,12223.0,25222.0
2023-03-01,10Q,11609.0,25004.0
2022-10-01,10Q,11893.0,24557.0
2023-05-01,10Q,11314.0,24702.0
2024-06-01,10Q,10122.0,24322.0
2022-08-01,10Q,11437.0,23850.0
2023-12-01,10Q,11605.0,26198.0
2024-08-01,10Q,9673.0,24191.0
2024-04-01,10Q,10656.0,25074.0
2022-12-01,10Q,12797.0,26338.0
2023-10-01,10Q,10867.0,24743.0
2023-04-01,10Q,10608.0,23064.0
2025-07-01,10R,2815.0,8362.0
2025-02-01,10R,3004.0,8063.0
2026-03-01,10R,2591.0,8671.0
2026-06-01,10R,2326.0,8221.0
2025-09-01,10R,2766.0,8237.0
2025-01-01,10R,3418.0,8968.0
2025-11-01,10R,2563.0,7982.0
2026-02-01,10R,2235.0,7428.0
2025-04-01,10R,2893.0,8069.0
2026-05-01,10R,2316.0,7918.0
2025-10-01,10R,2745.0,8432.0
2026-04-01,10R,2414.0,8285.0
2025-03-01,10R,3049.0,8325.0
2025-05-01,10R,2943.0,8181.0
2021-07-01,52R,22451.0,44563.0
2021-11-01,52R,22571.0,44599.0
2022-01-01,52R,21881.0,43361.0
2021-09-01,52R,22942.0,44938.0
2022-03-01,52R,22855.0,45472.0
2022-02-01,52R,20430.0,40425.0
2021-08-01,52R,21256.0,42025.0
2021-06-01,52R,22322.0,44034.0
2021-12-01,52R,24226.0,47623.0
2021-10-01,52R,22004.0,43274.0
2022-04-01,52R,20742.0,42098.0
2022-06-01,52R,21383.0,42879.0
2021-08-01,00R,3726.0,7304.0
2021-11-01,00R,4378.0,8336.0
2021-10-01,00R,4244.0,8147.0
2021-12-01,00R,4492.0,8626.0
2021-07-01,00R,4088.0,8037.0
2023-06-01,01A,8686.0,18158.0
2021-06-01,01F,2920.0,5693.0
2025-11-01,02X,4537.0,13820.0
2025-08-01,02X,4763.0,13933.0
2026-05-01,02X,4176.0,14155.0
2025-10-01,02Y,4587.0,13753.0
2025-04-01,02Y,4735.0,12844.0
2025-09-01,02Y,4473.0,13210.0
2024-06-01,02Y,5460.0,12614.0
2023-08-01,02Y,6005.0,12719.0
2023-07-01,02Y,5886.0,12443.0
2025-07-01,02Y,4841.0,13857.0
2024-12-01,02Y,5498.0,13921.0
2023-10-01,02Y,6095.0,12990.0
2024-04-01,02Y,5841.0,13455.0
2024-02-01,02Y,5757.0,13028.0
2023-11-01,02Y,6352.0,13486.0
2024-01-01,02Y,6203.0,13612.0
2025-02-01,02Y,4611.0,12224.0
2026-04-01,02Y,3930.0,13475.0
2026-03-01,02Y,4151.0,13571.0
2024-03-01,02Y,5663.0,12770.0
2023-12-01,02Y,6106.0,13244.0
2025-12-01,02Y,4770.0,14471.0
2021-09-01,03W,6704.0,12858.0
2022-01-01,03W,6295.0,12193.0
2022-03-01,10Q,13158.0,25629.0
2022-04-01,10Q,11663.0,23154.0
2022-02-01,10Q,11367.0,22200.0
2022-09-01,10Q,11518.0,23313.0
2025-03-01,10Q,9321.0,24793.0
2025-05-01,10Q,9287.0,25661.0
2022-06-01,10Q,12147.0,23902.0
2025-01-01,10Q,10236.0,26830.0
2024-09-01,10R,3357.0,8050.0
2024-07-01,10R,3555.0,8445.0
2024-05-01,10R,3540.0,8256.0
2025-06-01,10R,2852.0,7963.0
2026-01-01,10R,2871.0,9054.0
2024-08-01,10R,3222.0,7879.0
2024-10-01,10R,3514.0,8524.0
2024-11-01,10R,3496.0,8649.0
2026-06-01,11X,6517.0,22655.0
2026-02-01,11X,6614.0,21420.0
2022-11-01,52R,21724.0,44390.0
2023-03-01,52R,21952.0,45377.0
2022-05-01,52R,22123.0,44195.0
2023-09-01,52R,19847.0,41660.0
2022-10-01,52R,21214.0,43221.0
2023-01-01,52R,21851.0,44863.0
2023-02-01,52R,19489.0,40200.0
2022-08-01,52R,21072.0,43227.0
2022-07-01,52R,21448.0,43468.0
2022-12-01,52R,22917.0,46683.0
2023-05-01,52R,20545.0,42423.0
2023-04-01,52R,18949.0,39595.0
2022-02-01,00R,3751.0,7232.0
2022-10-01,00R,3952.0,7908.0
2022-04-01,00R,3886.0,7658.0
2022-12-01,00R,4264.0,8584.0
2023-06-01,00R,3811.0,7944.0
2022-06-01,00R,3971.0,7702.0
2022-11-01,00R,4114.0,8249.0
2021-09-01,00R,4546.0,8626.0
2023-10-01,01A,8496.0,17922.0
2023-12-01,01A,8562.0,18439.0
2023-03-01,01A,9357.0,19311.0
2023-07-01,01A,8306.0,17485.0
2023-08-01,01A,8267.0,17499.0
2024-01-01,01A,8647.0,18712.0
2023-11-01,01A,8540.0,18069.0
2023-04-01,01A,8033.0,16648.0
2024-02-01,01A,7984.0,17414.0
2023-05-01,01A,8618.0,17766.0
2026-04-01,02X,4348.0,14613.0
2025-10-01,02X,5154.0,15136.0
2025-07-01,02X,5378.0,15209.0
2026-02-01,02X,4211.0,13566.0
2026-06-01,02X,4359.0,15032.0
2024-04-01,02X,6708.0,14713.0
2022-08-01,02Y,6342.0,12771.0
2025-05-01,02Y,4856.0,13243.0
2023-09-01,02Y,5962.0,12489.0
2024-07-01,02Y,5938.0,13848.0
2024-08-01,02Y,5433.0,13054.0
2024-11-01,02Y,5500.0,13355.0
2024-05-01,02Y,5830.0,13476.0
2024-09-01,02Y,5395.0,12727.0
2025-01-01,02Y,5589.0,14039.0
2023-02-01,02Y,5920.0,12070.0
2024-10-01,02Y,5674.0,13509.0
2025-03-01,02Y,5064.0,13337.0
2023-01-01,03W,6214.0,12566.0
2021-07-01,03W,6518.0,12494.0
2021-08-01,03W,5938.0,11519.0
2022-03-01,03W,6616.0,12822.0
2021-12-01,03W,7109.0,13649.0
2022-05-01,03W,6574.0,12758.0
2022-07-01,03W,6432.0,12675.0
2021-11-01,03W,6697.0,12740.0
2021-10-01,03W,6337.0,12097.0
2021-06-01,03W,6533.0,12554.0
2025-06-01,10Q,8736.0,24357.0
2025-04-01,10Q,9092.0,24491.0
2025-02-01,10Q,8930.0,23531.0
2022-01-01,10Q,12582.0,24234.0
2025-09-01,10Q,8398.0,24707.0
2025-11-01,10Q,8016.0,24351.0
2025-08-01,10Q,7883.0,23042.0
2024-06-01,10R,3543.0,8114.0
2024-03-01,10R,3697.0,8108.0
2025-12-01,10R,2944.0,8900.0
2024-12-01,10R,3491.0,8765.0
2026-03-01,11X,7250.0,23593.0
2026-05-01,11X,6645.0,22462.0
2026-01-01,11X,7570.0,23365.0
2022-09-01,52R,21302.0,43038.0
2026-06-01,00P,3614.0,12434.0
2022-07-01,00R,4134.0,8081.0
2022-01-01,00R,4187.0,7995.0
2022-03-01,00R,4328.0,8336.0
2023-03-01,00R,4090.0,8269.0
2021-06-01,00R,4337.0,8334.0
2023-01-01,00R,4005.0,8077.0
2022-05-01,00R,4308.0,8318.0
2021-07-01,01A,9468.0,17898.0
2024-05-01,01A,8313.0,18476.0
2024-04-01,01A,8273.0,18025.0
2024-03-01,01A,8038.0,17413.0
2023-02-01,01A,8216.0,16590.0
2021-08-01,01F,2913.0,5576.0
2022-04-01,01F,2918.0,5645.0
2021-10-01,01F,3032.0,5773.0
2021-09-01,01F,3145.0,5963.0
2021-11-01,01F,3249.0,6135.0
2024-06-01,02X,6269.0,13951.0
2024-10-01,02X,6471.0,15090.0
2024-09-01,02X,6221.0,14239.0
2025-05-01,02X,5588.0,14824.0
2024-08-01,02X,6276.0,14451.0
2024-11-01,02X,6186.0,14548.0
2025-02-01,02X,5361.0,13634.0
2026-01-01,02X,4933.0,15166.0
2025-01-01,02X,6365.0,15464.0
2026-03-01,02X,4619.0,14898.0
2024-12-01,02X,6388.0,15661.0
2024-07-01,02X,6811.0,15313.0
2025-09-01,02X,5072.0,14615.0
2025-03-01,02X,5716.0,14527.0
2023-04-01,02Y,5875.0,12083.0
2022-11-01,02Y,6440.0,12858.0
2023-05-01,02Y,6160.0,12678.0
2022-09-01,02Y,6328.0,12676.0
2026-02-01,02Y,3884.0,12506.0
2025-06-01,02Y,4641.0,12910.0
2022-10-01,02Y,6419.0,12642.0
2023-06-01,02Y,6155.0,12744.0
2022-12-01,02Y,6990.0,13952.0
2025-11-01,02Y,4295.0,12847.0
2026-05-01,02Y,3932.0,13201.0
2022-06-01,03W,6301.0,12083.0
2022-02-01,03W,5897.0,11293.0
2022-08-01,03W,6157.0,12336.0
2025-10-01,10Q,9015.0,26218.0
2021-12-01,10Q,14278.0,27331.0
2025-07-01,10Q,9037.0,25552.0
2025-12-01,10Q,9156.0,27422.0
2023-09-01,10R,3748.0,7784.0
2023-12-01,10R,3946.0,8331.0
2023-10-01,10R,3854.0,8078.0
2025-08-01,10R,2612.0,7620.0
2024-02-01,10R,3606.0,7749.0
2024-01-01,10R,3962.0,8469.0
2026-04-01,11X,6675.0,22243.0
2023-08-01,52R,19884.0,41881.0
2023-11-01,52R,20700.0,43713.0
2023-07-01,52R,19786.0,41273.0
2025-04-01,M1J4Y,13035.0,32960.0
2022-03-01,00N,3691.0,7089.0
2021-11-01,00N,3690.0,6905.0
2023-07-01,00R,3744.0,7650.0
2023-04-01,00R,3624.0,7385.0
2022-08-01,00R,4021.0,8036.0
2023-02-01,00R,3559.0,7177.0
2023-05-01,00R,3825.0,7782.0
2023-09-01,01A,8570.0,17654.0
2024-09-01,01A,7656.0,17473.0
2023-01-01,01A,9072.0,18077.0
2024-08-01,01A,7566.0,17386.0
2022-12-01,01A,9751.0,19194.0
2024-10-01,01A,8533.0,19599.0
2021-06-01,01A,9461.0,17880.0
2024-12-01,01A,7917.0,18828.0
2024-06-01,01A,7780.0,17246.0
2024-07-01,01A,8367.0,18795.0
2022-02-01,01F,2694.0,5150.0
2025-04-01,02X,5790.0,14618.0
2024-05-01,02X,6923.0,15220.0
2024-01-01,02X,7127.0,15071.0
2023-10-01,02X,6977.0,14488.0
2024-03-01,02X,6696.0,14357.0
2022-06-01,02Y,6442.0,12309.0
2026-06-01,02Y,3946.0,13460.0
2022-07-01,02Y,6438.0,12441.0
2025-10-01,03Q,3047.0,8598.0
2026-05-01,03Q,2428.0,8083.0
2022-04-01,03W,6148.0,11839.0
2022-10-01,03W,6343.0,12481.0
2023-03-01,03W,6478.0,13002.0
2022-11-01,03W,6460.0,12812.0
2024-11-01,03W,5652.0,13016.0
2022-09-01,03W,6220.0,12233.0
2025-05-01,03W,5216.0,13524.0
2021-09-01,04V,8185.0,15447.0
2022-05-01,04V,7873.0,15106.0
2021-07-01,04V,8070.0,15203.0
2022-01-01,04V,7836.0,14765.0
2026-02-01,10Q,7455.0,23804.0
2021-08-01,10Q,11887.0,22671.0
2021-10-01,10Q,12440.0,23449.0
2026-03-01,10Q,8110.0,25951.0
2023-11-01,10R,4016.0,8347.0
2023-08-01,10R,3758.0,7825.0
2024-04-01,10R,3792.0,8247.0
2025-11-01,11X,7560.0,22034.0
2025-07-01,11X,8647.0,23418.0
2025-12-01,11X,8452.0,25266.0
2025-08-01,11X,7599.0,20865.0
2025-09-01,11X,8159.0,22419.0
2023-06-01,52R,21562.0,44295.0
2026-04-01,52R,13283.0,42540.0
2024-02-01,52R,19364.0,41316.0
2023-12-01,52R,21019.0,43832.0
2021-12-01,78H,15681.0,29688.0
2025-03-01,M1J4Y,13042.0,32104.0
2025-06-01,M1J4Y,12373.0,32374.0
2026-01-01,M1J4Y,11721.0,35139.0
2025-02-01,M1J4Y,12687.0,31232.0
2025-01-01,M1J4Y,14833.0,35297.0
2021-10-01,00N,3674.0,6871.0
2023-07-01,00N,3099.0,6318.0
2022-09-01,00N,3486.0,6737.0
2026-04-01,00P,3867.0,12309.0
2026-05-01,00P,3666.0,11826.0
2023-10-01,00R,3764.0,7764.0
2025-02-01,01A,6868.0,16746.0
2024-11-01,01A,7898.0,18057.0
2021-08-01,01A,8676.0,16493.0
2022-11-01,01A,9419.0,18323.0
2022-06-01,01A,9211.0,17499.0
2022-10-01,01A,9199.0,17669.0
2021-12-01,01F,3345.0,6316.0
2022-01-01,01F,3082.0,5802.0
2024-02-01,02X,6556.0,13956.0
2023-11-01,02X,6943.0,14332.0
2023-08-01,02X,6729.0,13883.0
2023-12-01,02X,7134.0,14613.0
2023-03-01,02Y,6628.0,13272.0
2023-01-01,02Y,6544.0,13005.0
2026-02-01,03H,2082.0,6603.0
2025-10-01,03H,2610.0,7361.0
2025-03-01,03H,2849.0,6995.0
2025-08-01,03Q,2783.0,7608.0
2026-03-01,03Q,2740.0,8630.0
2024-07-01,03W,6107.0,13434.0
2024-08-01,03W,5774.0,12893.0
2025-07-01,03W,5070.0,13508.0
2023-09-01,03W,6105.0,12527.0
2022-12-01,03W,6912.0,13462.0
2023-02-01,03W,6028.0,12028.0
2024-09-01,03W,5637.0,12526.0
2025-01-01,03W,5799.0,13773.0
2024-10-01,04V,7317.0,16481.0
2022-07-01,04V,7858.0,15065.0
2025-04-01,04V,6089.0,15347.0
2021-06-01,10Q,12411.0,23219.0
2026-01-01,10Q,8943.0,26807.0
2026-06-01,10Q,7605.0,25197.0
2021-09-01,10Q,12766.0,23993.0
2022-08-01,10R,4157.0,8070.0
2023-06-01,10R,4054.0,8225.0
2023-05-01,10R,4050.0,8142.0
2023-04-01,10R,3693.0,7417.0
2025-06-01,11X,8515.0,22073.0
2024-03-01,52R,19694.0,42119.0
2024-06-01,52R,18753.0,41176.0
2025-09-01,52R,15640.0,42110.0
2024-05-01,52R,20082.0,43695.0
2024-04-01,52R,20008.0,42974.0
2024-01-01,52R,20946.0,44239.0
2021-11-01,78H,14977.0,28026.0
2022-03-01,78H,14940.0,28337.0
2022-02-01,78H,12768.0,24213.0
2022-05-01,78H,14244.0,27242.0
2022-04-01,78H,13527.0,25998.0
2021-07-01,78H,14484.0,27191.0
2024-12-01,M1J4Y,14441.0,33761.0
2025-12-01,M1J4Y,12308.0,35927.0
2025-05-01,M1J4Y,13235.0,33710.0
2025-11-01,M1J4Y,11633.0,33185.0
2023-05-01,00N,3355.0,6744.0
2022-02-01,00N,3392.0,6430.0
2026-06-01,00N,2018.0,6679.0
2023-09-01,00R,3816.0,7800.0
2024-04-01,00R,3798.0,7970.0
2024-01-01,00R,4029.0,8331.0
2023-08-01,00R,3741.0,7694.0
2023-12-01,00R,3990.0,8135.0
2025-01-01,01A,8228.0,19335.0
2021-12-01,01A,10224.0,19221.0
2022-08-01,01A,9174.0,17797.0
2022-09-01,01A,9321.0,17885.0
2025-03-01,01A,7339.0,17856.0
2021-07-01,01F,3049.0,5720.0
2022-05-01,01F,3095.0,5886.0
2022-06-01,01F,2963.0,5625.0
2022-11-01,01F,3141.0,6067.0
2023-04-01,02X,6723.0,13436.0
2023-06-01,02X,7303.0,14748.0
2023-03-01,02X,7558.0,14951.0
2023-07-01,02X,6868.0,14001.0
2025-06-01,03H,2687.0,6962.0
2025-07-01,03H,2738.0,7285.0
2025-08-01,03H,2315.0,6310.0
2024-10-01,03H,3233.0,7282.0
2024-05-01,03H,3506.0,7405.0
2024-06-01,03H,3097.0,6642.0
2026-02-01,03Q,2505.0,7674.0
2025-12-01,03Q,3152.0,9067.0
2025-05-01,03Q,3224.0,8202.0
2023-11-01,03W,6423.0,13208.0
2024-02-01,03W,5882.0,12398.0
2025-04-01,03W,4972.0,12515.0
2024-03-01,03W,5892.0,12374.0
2024-12-01,04V,7190.0,16655.0
2024-11-01,04V,6941.0,15865.0
2022-03-01,04V,8327.0,15776.0
2021-06-01,04V,8101.0,15104.0
2022-12-01,04V,8568.0,16558.0
2022-04-01,04V,7777.0,14812.0
2025-02-01,04V,6059.0,14735.0
2025-11-01,05G,3645.0,10323.0
2026-04-01,10Q,7864.0,24954.0
2026-05-01,10Q,7644.0,24637.0
2021-11-01,10Q,13024.0,24337.0
2023-01-01,10R,4615.0,9115.0
2023-02-01,10R,4112.0,8004.0
2025-10-01,11X,8547.0,23907.0
2022-07-01,15M,23418.0,44732.0
2022-10-01,15M,22890.0,43872.0
2024-09-01,52R,18429.0,40798.0
2023-10-01,52R,20373.0,42005.0
2026-01-01,52R,14905.0,44480.0
2024-08-01,52R,18494.0,41244.0
2024-07-01,52R,20056.0,44041.0
2021-10-01,78H,14217.0,26529.0
2021-09-01,78H,14792.0,27622.0
2021-08-01,78H,13552.0,25704.0
2022-01-01,78H,14131.0,26574.0
2025-09-01,M1J4Y,12416.0,33375.0
2026-03-01,M1J4Y,11043.0,34323.0
2021-06-01,00N,3672.0,6837.0
2022-06-01,00N,3577.0,6781.0
2021-07-01,00N,3859.0,7203.0
2022-05-01,00N,3616.0,6829.0
2021-08-01,00N,3565.0,6758.0
2022-11-01,00N,3644.0,7033.0
2026-03-01,00P,4063.0,12621.0
2023-11-01,00R,3973.0,8152.0
2024-02-01,00R,3658.0,7599.0
2024-03-01,00R,3648.0,7593.0
2025-09-01,01A,6923.0,18598.0
2025-11-01,01A,6283.0,17790.0
2021-10-01,01A,9500.0,17695.0
2021-09-01,01A,9781.0,18173.0
2022-09-01,01F,3004.0,5716.0
2022-12-01,02M,4400.0,8391.0
2022-02-01,02M,3747.0,7051.0
2023-09-01,02X,6949.0,14139.0
2023-01-01,02X,7518.0,14457.0
2022-04-01,02Y,6472.0,12320.0
2024-07-01,03H,3465.0,7504.0
2026-01-01,03Q,2799.0,8344.0
2025-06-01,03Q,3133.0,8106.0
2025-01-01,03Q,3710.0,8685.0
2024-10-01,03W,6108.0,13728.0
2025-03-01,03W,5292.0,12857.0
2024-06-01,03W,5881.0,12394.0
2023-10-01,03W,6118.0,12538.0
2023-06-01,03W,6634.0,13233.0
2024-12-01,03W,5915.0,13455.0
2025-02-01,03W,5020.0,11984.0
2023-07-01,03W,6065.0,12256.0
2024-01-01,03W,6440.0,13284.0
2023-04-01,03W,5845.0,11672.0
2023-05-01,03W,6334.0,12720.0
2023-08-01,03W,6065.0,12358.0
2024-04-01,03W,6092.0,12723.0
2022-10-01,04V,7804.0,14930.0
2024-09-01,04V,7049.0,15459.0
2021-11-01,04V,8260.0,15333.0
2021-12-01,04V,8747.0,16358.0
2024-08-01,04V,7015.0,15533.0
2025-12-01,05D,2265.0,6508.0
2024-05-01,06H,16450.0,34568.0
2023-12-01,06H,17015.0,34527.0
2023-03-01,10R,4600.0,9036.0
2025-04-01,11X,8586.0,21331.0
2022-07-01,11X,11875.0,22583.0
2025-05-01,11X,9001.0,22611.0
2022-08-01,15M,22682.0,43889.0
2022-01-01,15M,23752.0,44542.0
2022-03-01,15M,24575.0,46392.0
2023-02-01,15M,21503.0,41811.0
2026-05-01,52R,12830.0,41135.0
2026-06-01,52R,13089.0,43004.0
2024-11-01,M1J4Y,14992.0,33628.0
2025-08-01,M1J4Y,11184.0,30200.0
2025-07-01,M1J4Y,13094.0,34746.0
2026-04-01,M1J4Y,10541.0,33398.0
2025-10-01,M1J4Y,12442.0,34763.0
2026-02-01,M1J4Y,10340.0,31577.0
2023-03-01,00N,3362.0,6583.0
2023-01-01,00N,3523.0,6774.0
2023-08-01,00N,3256.0,6531.0
2021-09-01,00N,3845.0,7138.0
2023-10-01,00N,3320.0,6651.0
2025-04-01,01A,7214.0,17882.0
2022-07-01,01A,9247.0,17541.0
2022-01-01,01A,9528.0,17829.0
2025-08-01,01A,6190.0,16679.0
2022-08-01,01F,3017.0,5829.0
2023-04-01,02M,3694.0,7347.0
2023-05-01,02X,7283.0,14421.0
2026-05-01,03H,2164.0,6905.0
2024-09-01,03H,3185.0,6936.0
2025-01-01,03H,3238.0,7557.0
2024-08-01,03H,3056.0,6746.0
2026-01-01,03H,2506.0,7461.0
2024-04-01,03H,3376.0,7012.0
2025-02-01,03H,2736.0,6493.0
2024-11-01,03H,3147.0,7013.0
2025-09-01,03Q,3052.0,8197.0
2026-04-01,03Q,2520.0,7955.0
2023-12-01,03W,6550.0,13264.0
2021-10-01,04V,7759.0,14390.0
2023-02-01,04V,7257.0,14001.0
2024-07-01,04V,7453.0,16070.0
2025-06-01,04V,5972.0,15366.0
2025-05-01,05D,2293.0,5750.0
2025-10-01,05D,2135.0,5964.0
2025-07-01,05G,4241.0,11179.0
2024-06-01,06H,15553.0,32776.0
2024-02-01,06H,15869.0,32711.0
2024-01-01,06H,17190.0,35080.0
2022-11-01,10R,4842.0,9329.0
2022-10-01,10R,4357.0,8297.0
2023-07-01,10R,3866.0,7783.0
2022-12-01,10R,4744.0,9026.0
2025-03-01,11X,9228.0,22364.0
2024-03-01,11X,10965.0,22487.0
2024-05-01,11X,11088.0,23247.0
2022-06-01,15M,22770.0,43105.0
2023-11-01,15M,22829.0,45401.0
2021-11-01,15M,24700.0,45607.0
2022-04-01,15M,22712.0,43126.0
2023-09-01,15M,21495.0,43016.0
2023-06-01,15M,23425.0,45631.0
2021-07-01,15M,24334.0,45414.0
2022-05-01,15M,24266.0,45815.0
2021-08-01,15M,22510.0,42135.0
2024-10-01,52R,19449.0,43274.0
2026-03-01,52R,14067.0,43568.0
2026-02-01,52R,13001.0,39700.0
2024-12-01,52R,19133.0,43486.0
2022-02-01,71E,16419.0,30885.0
2022-03-01,71E,18859.0,35221.0
2021-06-01,71E,18594.0,34361.0
2021-12-01,71E,20051.0,37190.0
2025-11-01,78H,9652.0,27329.0
2022-09-01,78H,13932.0,26490.0
2026-06-01,78H,8700.0,28455.0
2025-12-01,78H,10384.0,29790.0
2021-12-01,00N,4102.0,7565.0
2024-02-01,00N,3185.0,6493.0
2022-01-01,00N,3609.0,6742.0
2026-02-01,00N,2047.0,6154.0
2026-04-01,00N,2160.0,6781.0
2024-05-01,00R,3909.0,8118.0
2024-06-01,00R,3494.0,7315.0
2025-05-01,01A,7201.0,18055.0
2022-04-01,01A,9123.0,17285.0
2025-10-01,01A,6927.0,19296.0
2023-02-01,02M,3775.0,7256.0
2022-11-01,02M,4175.0,8036.0
2022-03-01,02Y,6998.0,13057.0
2021-07-01,02Y,6811.0,12697.0
2022-05-01,02Y,6545.0,12355.0
2021-10-01,02Y,6503.0,12048.0
2025-04-01,03H,2851.0,6984.0
2024-12-01,03H,3170.0,7185.0
2026-03-01,03H,2338.0,7206.0
2025-11-01,03Q,2817.0,7974.0
2022-08-01,04V,7755.0,14981.0
2022-06-01,04V,7738.0,14631.0
2025-03-01,04V,6591.0,15956.0
2023-07-01,04V,7595.0,15107.0
2025-01-01,04V,7234.0,16853.0
2021-08-01,04V,7777.0,14557.0
2025-09-01,05D,2179.0,5825.0
2025-07-01,05D,2286.0,5969.0
2026-06-01,05G,3327.0,10866.0
2025-06-01,05G,4110.0,10527.0
2023-10-01,06H,16879.0,33520.0
2024-03-01,06H,16315.0,33323.0
2024-04-01,06H,16162.0,33475.0
2023-09-01,06H,16235.0,32256.0
2023-11-01,06H,17158.0,34098.0
2022-09-01,10R,4307.0,8186.0
2024-07-01,11X,10665.0,22924.0
2023-12-01,11X,11425.0,23134.0
2024-08-01,11X,10000.0,21760.0
2024-01-01,11X,11492.0,23360.0
2023-06-01,11X,11802.0,22918.0
2022-12-01,11X,12626.0,24003.0
2023-05-01,15M,22790.0,44823.0
2023-04-01,15M,20940.0,41036.0
2023-01-01,15M,23701.0,45562.0
2023-08-01,15M,22106.0,44105.0
2022-02-01,15M,21801.0,41003.0
2023-03-01,15M,24191.0,47031.0
2024-11-01,52R,18858.0,41951.0
2025-08-01,52R,14559.0,39189.0
2025-12-01,52R,16104.0,46147.0
2025-02-01,52R,16363.0,38793.0
2022-07-01,71E,17787.0,33586.0
2021-11-01,71E,18746.0,34545.0
2021-09-01,71E,18709.0,34619.0
2021-06-01,78H,14589.0,26911.0
2026-01-01,78H,9966.0,29477.0
2022-10-01,78H,13771.0,26183.0
2026-05-01,78H,8647.0,27497.0
2024-10-01,M1J4Y,15865.0,34961.0
2024-09-01,M1J4Y,14819.0,32099.0
2023-06-01,00N,3523.0,6841.0
2022-08-01,00N,3287.0,6345.0
2026-03-01,00N,2212.0,6735.0
2023-12-01,00N,3453.0,6988.0
2022-04-01,00N,3483.0,6571.0
2021-11-01,01A,9818.0,18064.0
2023-01-01,01F,3039.0,5805.0
2022-03-01,01F,3275.0,6105.0
2022-07-01,01F,3000.0,5660.0
2022-09-01,02M,3916.0,7439.0
2022-10-01,02X,7422.0,14076.0
2022-01-01,02Y,6668.0,12444.0
2024-03-01,03H,3504.0,7112.0
2025-12-01,03H,2669.0,7640.0
2024-02-01,03H,3307.0,6692.0
2025-05-01,03H,2871.0,7143.0
2025-03-01,03Q,3355.0,8058.0
2026-06-01,03Q,2593.0,8457.0
2025-07-01,03Q,3210.0,8338.0
2024-11-01,03Q,3760.0,8253.0
2025-10-01,03W,4927.0,13637.0
2025-06-01,03W,5059.0,12784.0
2025-08-01,03W,4552.0,12145.0
2023-05-01,04V,7696.0,15042.0
2023-09-01,04V,7622.0,15092.0
2023-10-01,04V,7857.0,15547.0
2023-04-01,04V,7251.0,14190.0
2022-02-01,04V,7216.0,13561.0
2023-03-01,04V,8165.0,15809.0
2024-06-01,04V,7196.0,15064.0
2024-05-01,05D,2733.0,5663.0
2026-02-01,05D,1833.0,5453.0
2026-01-01,05D,2119.0,6190.0
2025-09-01,05G,3938.0,10479.0
2024-07-01,06H,16753.0,35508.0
2024-09-01,06H,14959.0,32134.0
2023-08-01,06H,16199.0,32319.0
2024-12-01,06H,15784.0,35286.0
2021-07-01,10Q,13018.0,24104.0
2025-02-01,11X,8902.0,20841.0
2024-10-01,11X,10636.0,23274.0
2024-04-01,11X,11162.0,23036.0
2023-11-01,11X,11755.0,23272.0
2022-11-01,15M,23767.0,45577.0
2023-07-01,15M,21912.0,43492.0
2024-01-01,15M,23172.0,46742.0
2021-09-01,15M,24569.0,45433.0
2021-06-01,15M,24471.0,45029.0
2021-12-01,15M,26371.0,48602.0
2025-11-01,52R,14751.0,41286.0
2025-01-01,52R,19441.0,45148.0
2025-04-01,52R,16928.0,41248.0
2022-05-01,71E,18303.0,34446.0
2021-10-01,71E,18027.0,33173.0
2021-08-01,71E,17731.0,32886.0
2022-12-01,71E,18815.0,35766.0
2026-04-01,78H,8971.0,28028.0
2022-06-01,78H,13884.0,26239.0
2023-02-01,78H,12753.0,24508.0
2024-08-01,M1J4Y,14801.0,32201.0
2026-05-01,M1J4Y,10204.0,32387.0
2024-04-01,00N,3145.0,6479.0
2024-10-01,00R,3778.0,8262.0
2022-02-01,01A,8885.0,16584.0
2022-03-01,01A,9983.0,18595.0
2022-10-01,01F,2922.0,5525.0
2023-07-01,01F,2888.0,5654.0
2022-06-01,02M,3811.0,7190.0
2023-02-01,02X,6889.0,13222.0
2021-08-01,02Y,6507.0,12031.0
2021-12-01,02Y,7499.0,13800.0
2023-11-01,03H,3481.0,6874.0
2024-01-01,03H,3616.0,7235.0
2026-04-01,03H,2297.0,7164.0
2025-04-01,03Q,3140.0,7619.0
2024-12-01,03Q,3910.0,8650.0
2025-11-01,03W,4546.0,12611.0
2026-01-01,03W,4699.0,13548.0
2024-05-01,04V,7768.0,16053.0
2023-12-01,04V,8103.0,16078.0
2025-09-01,04V,5895.0,15611.0
2025-05-01,04V,6523.0,16201.0
2022-11-01,04V,8108.0,15388.0
2023-06-01,04V,8326.0,16124.0
2024-07-01,05D,2764.0,5840.0
2024-11-01,05D,2614.0,5691.0
2025-08-01,05D,2013.0,5335.0
2024-08-01,05D,2528.0,5445.0
2026-05-01,05G,3420.0,10645.0
2025-12-01,05G,4021.0,11418.0
2023-05-01,06H,16915.0,33015.0
2023-03-01,06H,18197.0,34821.0
2025-01-01,06H,15770.0,36421.0
2025-02-01,06H,13464.0,31382.0
2022-04-01,10R,4247.0,8005.0
2023-09-01,11X,11204.0,22178.0
2023-08-01,11X,10945.0,21829.0
2021-09-01,11X,12610.0,23165.0
2021-06-01,11X,12406.0,22757.0
2022-05-01,11X,12038.0,22587.0
2024-02-01,11X,11157.0,22437.0
2023-04-01,11X,11019.0,21543.0
2024-06-01,11X,10332.0,21526.0
2024-09-01,11X,10090.0,21616.0
2021-11-01,11X,12801.0,23372.0
2023-10-01,15M,22927.0,45140.0
2021-10-01,15M,23803.0,43762.0
2022-12-01,15M,25649.0,48718.0
2022-09-01,15M,23207.0,44067.0
2024-03-01,15M,21343.0,43309.0
2025-06-01,52R,16154.0,40702.0
2025-07-01,52R,16765.0,43450.0
2025-03-01,52R,17294.0,41536.0
2022-01-01,71E,18232.0,33819.0
2021-07-01,71E,18768.0,34744.0
2025-10-01,78H,10755.0,29393.0
2022-07-01,78H,14080.0,26552.0
2026-02-01,78H,8941.0,26577.0
2023-01-01,78H,14474.0,27499.0
2026-03-01,78H,9441.0,28688.0
2022-08-01,78H,13819.0,26444.0
2026-06-01,M1J4Y,10630.0,34246.0
2022-12-01,00N,3889.0,7382.0
2024-03-01,00N,3241.0,6567.0
2023-04-01,00N,3315.0,6473.0
2025-12-01,00N,2521.0,7152.0
2022-10-01,00N,3500.0,6617.0
2024-07-01,00R,3786.0,7972.0
2024-09-01,00R,3629.0,7634.0
2022-05-01,01A,9372.0,17582.0
2025-06-01,01A,7023.0,17461.0
2023-03-01,01F,3186.0,6096.0
2022-04-01,02M,3934.0,7392.0
2023-12-01,02M,4025.0,7985.0
2023-10-01,02M,3906.0,7656.0
2022-03-01,02M,4352.0,8088.0
2023-09-01,02M,3827.0,7510.0
2022-07-01,02X,7410.0,13927.0
2021-06-01,02Y,7084.0,12972.0
2021-11-01,02Y,6936.0,12608.0
2022-02-01,02Y,6489.0,12079.0
2021-09-01,02Y,7210.0,13245.0
2024-05-01,03W,6493.0,13393.0
2025-07-01,04V,6281.0,16278.0
2023-08-01,04V,7670.0,15035.0
2024-01-01,04V,8037.0,16052.0
2022-09-01,04V,7955.0,15058.0
2023-01-01,04V,8012.0,15181.0
2023-11-01,04V,8172.0,16030.0
2024-02-01,04V,7415.0,14910.0
2026-06-01,05D,1799.0,5790.0
2024-06-01,05D,2644.0,5487.0
2025-11-01,05D,2003.0,5549.0
2025-03-01,05D,2273.0,5440.0
2026-03-01,05D,1990.0,6017.0
2026-05-01,05D,1879.0,5804.0
2025-08-01,05G,3756.0,9948.0
2026-01-01,05G,3883.0,11131.0
2026-04-01,05G,3480.0,10629.0
2026-02-01,05G,3317.0,9844.0
2025-02-01,05G,4223.0,9716.0
2023-07-01,06H,16785.0,32800.0
2025-04-01,06H,13750.0,33166.0
2024-10-01,06H,16230.0,34759.0
2023-02-01,06H,16221.0,30921.0
2024-08-01,06H,15319.0,32711.0
2023-06-01,06H,17831.0,34517.0
2022-06-01,10R,4241.0,7953.0
2021-07-01,11X,12492.0,22889.0
2024-12-01,11X,10665.0,23570.0
2024-11-01,11X,10462.0,22730.0
2021-12-01,11X,13773.0,25284.0
2025-01-01,11X,10281.0,23674.0
2022-01-01,11X,12114.0,22448.0
2021-08-01,11X,11265.0,20803.0
2023-05-01,11X,11632.0,22685.0
2021-10-01,11X,11973.0,21793.0
2024-04-01,15M,22302.0,45390.0
2025-10-01,52R,16252.0,44311.0
2025-05-01,52R,17274.0,42799.0
2022-08-01,71E,17503.0,33386.0
2022-11-01,78H,14429.0,27291.0
2025-09-01,78H,10488.0,27622.0
2023-09-01,00N,3414.0,6676.0
2024-05-01,00N,3253.0,6701.0
2025-04-01,00N,2609.0,6216.0
2026-02-01,00P,3850.0,11266.0
2024-12-01,00R,3643.0,8006.0
2024-08-01,00R,3532.0,7496.0
2025-02-01,00R,3122.0,7121.0
2025-07-01,01A,7145.0,18497.0
2026-01-01,01A,6455.0,18503.0
2025-12-01,01A,6874.0,19496.0
2023-04-01,01F,2783.0,5429.0
2022-05-01,02M,4196.0,7853.0
2021-08-01,02M,4061.0,7403.0
2021-09-01,02M,4422.0,8013.0
2023-11-01,02M,4051.0,7887.0
2021-11-01,02M,4682.0,8429.0
2021-12-01,02M,4683.0,8587.0
2023-06-01,02M,3847.0,7425.0
2021-10-01,02M,4100.0,7448.0
2023-07-01,02M,3794.0,7403.0
2022-01-01,02M,4185.0,7716.0
2023-05-01,02M,3962.0,7673.0
2022-12-01,02X,8266.0,15609.0
2022-11-01,02X,7631.0,14426.0
2021-07-01,03H,3838.0,6928.0
2026-06-01,03H,2216.0,7090.0
2021-06-01,03H,3838.0,7007.0
2025-09-01,03W,4901.0,12901.0
2026-03-01,03W,4404.0,13283.0
2024-03-01,04V,7482.0,15107.0
2024-04-01,04V,7776.0,15651.0
2025-08-01,04V,5648.0,14879.0
2025-11-01,04V,5561.0,15323.0
2025-06-01,05D,2259.0,5597.0
2026-04-01,05D,1902.0,5764.0
2024-01-01,05D,2866.0,5694.0
2024-10-01,05D,2764.0,5904.0
2024-11-01,05G,4877.0,10513.0
2025-01-01,05G,5023.0,11293.0
2025-10-01,05G,4131.0,11225.0
2024-06-01,05G,4900.0,10083.0
2022-08-01,06H,17035.0,32336.0
2025-03-01,06H,14068.0,33446.0
2025-05-01,06H,13915.0,34252.0
2022-07-01,10R,4304.0,8082.0
2022-02-01,10R,4244.0,7869.0
2022-03-01,11X,12624.0,23395.0
2022-04-01,11X,11675.0,21869.0
2022-09-01,11X,11633.0,21970.0
2024-02-01,15M,21911.0,43805.0
2023-12-01,15M,23265.0,46110.0
2024-09-01,15M,20853.0,43660.0
2026-05-01,15N,16815.0,51168.0
2023-10-01,71E,17064.0,33283.0
2023-01-01,71E,18503.0,35014.0
2023-02-01,71E,16604.0,31483.0
2023-08-01,71E,17068.0,33368.0
2022-06-01,71E,18083.0,33526.0
2022-10-01,71E,17772.0,33457.0
2023-03-01,78H,14718.0,28147.0
2024-07-01,M1J4Y,16470.0,34471.0
2026-05-01,00N,2149.0,6534.0
2025-10-01,00N,2484.0,6634.0
2024-01-01,00N,3581.0,7113.0
2026-01-01,00N,2372.0,6762.0
2022-07-01,00N,3537.0,6635.0
2026-06-01,00R,2536.0,7900.0
2025-11-01,00R,2816.0,7711.0
2026-03-01,01A,6158.0,18054.0
2023-02-01,01F,2925.0,5539.0
2022-12-01,01F,3222.0,6067.0
2024-02-01,02M,3762.0,7480.0
2021-06-01,02M,4360.0,7911.0
2026-04-01,02M,2723.0,8134.0
2021-07-01,02M,4224.0,7606.0
2024-03-01,02M,3776.0,7504.0
2022-09-01,02X,7433.0,13987.0
2022-08-01,02X,7565.0,14346.0
2022-06-01,02X,7595.0,14071.0
2021-11-01,03H,4068.0,7281.0
2021-09-01,03H,3941.0,7051.0
2025-09-01,03H,2798.0,7360.0
2023-08-01,03H,3437.0,6714.0
2024-08-01,03Q,3693.0,7797.0
2026-02-01,03W,4284.0,12501.0
2025-12-01,03W,4987.0,14068.0
2021-12-01,04C,6822.0,12242.0
2025-01-01,05D,2712.0,6086.0
2025-04-01,05D,2421.0,5761.0
2024-12-01,05D,2708.0,5929.0
2024-10-01,05G,5107.0,10896.0
2025-05-01,05G,4365.0,10744.0
2025-03-01,05G,4414.0,10360.0
2025-06-01,06H,13388.0,32939.0
2024-11-01,06H,15961.0,34402.0
2022-03-01,06H,18920.0,34896.0
2025-07-01,06H,13560.0,34945.0
2023-01-01,06H,17900.0,33856.0
2022-01-01,10R,4313.0,7853.0
2022-05-01,10R,4482.0,8347.0
2023-10-01,11X,11529.0,22459.0
2022-02-01,11X,11208.0,20695.0
2023-07-01,11X,11007.0,21453.0
2022-10-01,11X,12202.0,22928.0
2024-07-01,15M,22260.0,46410.0
2024-06-01,15M,20983.0,43084.0
2024-05-01,15M,22347.0,45758.0
2024-09-01,15N,24068.0,50292.0
2024-04-01,15N,26105.0,52332.0
2023-05-01,71E,17602.0,33926.0
2023-09-01,71E,16910.0,32920.0
2023-12-01,71E,17703.0,34748.0
2022-04-01,71E,17645.0,33016.0
2023-11-01,71E,17570.0,34174.0
2022-11-01,71E,18295.0,34546.0
2023-03-01,71E,18623.0,35376.0
2025-08-01,78H,9842.0,25716.0
2023-04-01,78H,12631.0,24617.0
2023-06-01,78H,14520.0,27904.0
2025-02-01,D9Y0V,28948.0,65843.0
2021-10-01,M1J4Y,17722.0,31958.0
2021-08-01,U2G6B,6251.0,11324.0
2024-09-01,00N,3019.0,6305.0
2025-05-01,00N,2713.0,6593.0
2024-07-01,00N,3211.0,6653.0
2024-11-01,00N,2975.0,6382.0
2025-12-01,00P,4886.0,13392.0
2025-10-01,00R,3086.0,8235.0
2025-03-01,00R,3232.0,7546.0
2025-07-01,00R,3156.0,8058.0
2026-03-01,00R,2743.0,8030.0
2026-01-01,00R,2790.0,7916.0
2026-02-01,01A,5668.0,16521.0
2024-10-01,02M,3842.0,8129.0
2022-07-01,02M,4111.0,7706.0
2022-10-01,02M,3854.0,7228.0
2023-01-01,02M,4254.0,7998.0
2022-03-01,02X,7940.0,14589.0
2022-04-01,02X,7392.0,13635.0
2022-02-01,03H,3447.0,6308.0
2023-02-01,03H,3343.0,6321.0
2025-11-01,03H,2490.0,6816.0
2023-10-01,03H,3544.0,6885.0
2025-02-01,05D,2312.0,5256.0
2024-04-01,05D,2786.0,5579.0
2024-05-01,05G,5281.0,10769.0
2025-04-01,05G,4333.0,10263.0
2024-03-01,05G,5136.0,10193.0
2022-05-01,06H,18088.0,33572.0
2023-04-01,06H,15912.0,30680.0
2025-09-01,06H,12858.0,33439.0
2025-08-01,06H,12162.0,31355.0
2021-10-01,10R,4586.0,8100.0
2021-09-01,10R,4487.0,7950.0
2021-11-01,10R,4620.0,8262.0
2022-08-01,11X,11734.0,22116.0
2022-11-01,11X,12340.0,23164.0
2023-03-01,11X,12672.0,23960.0
2022-06-01,11X,11809.0,21872.0
2024-08-01,15M,20445.0,43094.0
2024-01-01,15N,27538.0,54575.0
2026-04-01,15N,17068.0,50862.0
2023-06-01,71E,17938.0,34332.0
2022-09-01,71E,18008.0,33808.0
2023-05-01,78H,13741.0,26411.0
2025-06-01,78H,11166.0,27328.0
2023-11-01,78H,13955.0,27105.0
2023-08-01,78H,13379.0,26133.0
2023-09-01,78H,13206.0,25690.0
2023-07-01,78H,13707.0,26542.0
2022-12-01,78H,14963.0,28108.0
2026-06-01,D9Y0V,22782.0,70661.0
2025-01-01,D9Y0V,33925.0,75490.0
2024-12-01,D9Y0V,34244.0,74579.0
2021-08-01,M1J4Y,16356.0,29624.0
2021-12-01,M1J4Y,19417.0,34802.0
2022-01-01,M1J4Y,17344.0,31383.0
2021-07-01,M1J4Y,17757.0,31754.0
2024-06-01,M1J4Y,15534.0,31849.0
2021-06-01,M1J4Y,17162.0,30762.0
2026-05-01,U2G6B,4571.0,13898.0
2024-02-01,U2G6B,6546.0,12908.0
2023-12-01,U2G6B,7134.0,13967.0
2025-09-01,00N,2538.0,6487.0
2024-08-01,00N,3145.0,6574.0
2025-11-01,00N,2297.0,6272.0
2026-01-01,00P,4413.0,12503.0
2025-01-01,00R,3732.0,8261.0
2026-02-01,00R,2484.0,7233.0
2025-05-01,00R,3321.0,8026.0
2025-04-01,00R,3251.0,7672.0
2025-08-01,00R,2841.0,7260.0
2024-11-01,00R,3607.0,7709.0
2026-04-01,01A,6071.0,18070.0
2023-03-01,02M,4457.0,8418.0
2022-05-01,02X,7696.0,14160.0
2022-01-01,02X,7666.0,13867.0
2021-08-01,03H,3623.0,6490.0
2023-05-01,03H,3506.0,6671.0
2022-04-01,03H,3577.0,6597.0
2023-06-01,03H,3685.0,7042.0
2022-06-01,03H,3650.0,6725.0
2025-02-01,03Q,3222.0,7315.0
2026-05-01,03W,4274.0,12984.0
2021-07-01,04C,6534.0,11652.0
2021-09-01,04C,6740.0,11935.0
2025-12-01,04V,6388.0,17481.0
2025-10-01,04V,6292.0,16638.0
2024-09-01,05D,2565.0,5351.0
2024-01-01,05G,5598.0,10992.0
2024-12-01,05G,5128.0,11099.0
2026-03-01,05G,3611.0,10559.0
2022-10-01,06H,17541.0,32875.0
2022-02-01,06H,16703.0,30517.0
2022-07-01,06H,17642.0,32774.0
2022-12-01,06H,18999.0,35344.0
2022-09-01,06H,17671.0,32969.0
2022-11-01,06H,17878.0,33537.0
2021-12-01,10R,4960.0,8875.0
2022-03-01,10R,4754.0,8686.0
2021-10-01,11N,14919.0,26301.0
2021-06-01,11N,15098.0,26749.0
2023-02-01,11X,11298.0,21345.0
2023-01-01,11X,12580.0,23541.0
2024-06-01,15N,24470.0,49792.0
2023-08-01,15N,25800.0,50231.0
2024-05-01,15N,26225.0,53133.0
2026-06-01,15N,17069.0,52803.0
2025-06-01,15N,20603.0,50076.0
2023-10-01,15N,26932.0,52056.0
2024-07-01,15N,25303.0,52425.0
2023-11-01,15N,27548.0,53338.0
2023-09-01,15N,25485.0,49306.0
2024-02-01,71E,16410.0,32337.0
2023-07-01,71E,17166.0,33208.0
2023-04-01,71E,16410.0,31564.0
2023-12-01,78H,13909.0,27185.0
2024-04-01,78H,13379.0,26767.0
2024-03-01,78H,13282.0,26232.0
2025-07-01,78H,11193.0,28228.0
2025-03-01,D9Y0V,30430.0,70300.0
2024-10-01,D9Y0V,34878.0,73679.0
2022-08-01,M1J4Y,16175.0,30122.0
2021-11-01,M1J4Y,18138.0,32261.0
2024-06-01,00N,3070.0,6245.0
2024-12-01,00N,3135.0,6776.0
2025-07-01,00N,2620.0,6581.0
2025-06-01,00N,2564.0,6221.0
2023-02-01,00N,3368.0,6333.0
2023-11-01,00N,3524.0,6778.0
2025-09-01,00R,3068.0,7803.0
2026-04-01,00R,2589.0,7696.0
2026-05-01,01A,5818.0,17619.0
2023-05-01,01F,2971.0,5650.0
2023-08-01,02M,3945.0,7647.0
2021-11-01,02X,8256.0,14682.0
2022-07-01,03H,3626.0,6636.0
2023-07-01,03H,3523.0,6758.0
2023-03-01,03H,4010.0,7530.0
2021-12-01,03H,4218.0,7528.0
2023-12-01,03H,3755.0,7333.0
2023-01-01,03H,3829.0,7109.0
2025-03-01,03K,3101.0,7154.0
2024-10-01,03Q,3941.0,8325.0
2024-09-01,03Q,3679.0,7629.0
2026-01-01,04V,5771.0,16340.0
2024-08-01,05G,4935.0,10312.0
2024-07-01,05G,5247.0,10865.0
2022-04-01,06H,17491.0,32141.0
2025-10-01,06H,13434.0,35443.0
2025-12-01,06H,13413.0,36555.0
2022-06-01,06H,17974.0,33046.0
2021-10-01,06H,18387.0,32356.0
2025-11-01,06H,11984.0,32285.0
2022-01-01,06H,18634.0,33426.0
2026-06-01,09D,3153.0,9740.0
2021-06-01,10R,4610.0,8133.0
2021-07-01,11N,15104.0,26934.0
2026-03-01,15M,16275.0,47440.0
2026-02-01,15M,14857.0,42806.0
2023-04-01,15N,25719.0,48614.0
2021-08-01,15N,26911.0,47847.0
2023-06-01,15N,27523.0,52357.0
2024-03-01,15N,26422.0,52161.0
2025-08-01,15N,18966.0,48288.0
2022-08-01,15N,27044.0,50111.0
2022-11-01,15N,28994.0,53164.0
2022-09-01,15N,27169.0,49917.0
2022-10-01,15N,28184.0,51638.0
2023-09-01,18C,15529.0,29811.0
2024-04-01,71E,17350.0,34641.0
2024-02-01,78H,13162.0,25884.0
2024-01-01,78H,13944.0,27371.0
2025-04-01,D9Y0V,28664.0,67312.0
2025-05-01,D9Y0V,29826.0,71870.0
2022-05-01,M1J4Y,17532.0,31941.0
2023-10-01,M1J4Y,16522.0,31892.0
2022-02-01,M1J4Y,15902.0,28729.0
2024-05-01,M1J4Y,16344.0,33079.0
2021-09-01,M1J4Y,17556.0,30998.0
2022-12-01,M1J4Y,18389.0,33653.0
2022-03-01,M1J4Y,17738.0,32147.0
2024-11-01,U2G6B,6650.0,14125.0
2025-01-01,U2G6B,6647.0,14711.0
2025-02-01,U2G6B,5665.0,12778.0
2025-03-01,00N,2734.0,6303.0
2026-05-01,00R,2470.0,7478.0
2023-12-01,01F,3002.0,5836.0
2023-06-01,01F,3117.0,5899.0
2023-09-01,01F,2929.0,5612.0
2022-08-01,02M,4297.0,7944.0
2024-08-01,02M,3722.0,7752.0
2022-01-01,03H,3817.0,6803.0
2021-10-01,03H,3806.0,6696.0
2022-03-01,03H,3935.0,7110.0
2025-09-01,03K,2890.0,7266.0
2025-01-01,03K,3481.0,7673.0
2025-07-01,03K,3057.0,7609.0
2026-06-01,03W,4375.0,13512.0
2023-11-01,05D,2946.0,5637.0
2024-02-01,05D,2678.0,5263.0
2024-09-01,05G,4988.0,10311.0
2021-11-01,06H,19358.0,34319.0
2021-06-01,06H,19036.0,33501.0
2021-08-01,06H,17744.0,31501.0
2021-07-01,10R,4570.0,8105.0
2021-09-01,11N,15526.0,27345.0
2026-01-01,15M,17224.0,48396.0
2026-04-01,15M,15228.0,45119.0
2025-08-01,15M,16933.0,42796.0
2023-03-01,15N,30083.0,56023.0
2025-05-01,15N,22096.0,53036.0
2022-02-01,15N,25687.0,46293.0
2024-12-01,15N,25576.0,55037.0
2022-05-01,15N,28306.0,51520.0
2022-12-01,15N,30942.0,56470.0
2023-01-01,15N,29193.0,53727.0
2025-02-01,15N,21269.0,47896.0
2023-02-01,15N,26639.0,49634.0
2022-06-01,15N,27288.0,49709.0
2023-07-01,15N,26153.0,50055.0
2024-10-01,15N,25732.0,54106.0
2023-05-01,15N,26674.0,50704.0
2022-07-01,15N,28058.0,51048.0
2024-06-01,71E,16095.0,32664.0
2025-04-01,78H,11318.0,26348.0
2023-10-01,78H,13713.0,26469.0
2025-06-01,D9Y0V,27931.0,67669.0
2025-12-01,D9Y0V,28864.0,78539.0
2025-10-01,D9Y0V,28527.0,74612.0
2025-11-01,D9Y0V,26002.0,69746.0
2026-03-01,D9Y0V,25246.0,73418.0
2026-02-01,D9Y0V,23670.0,67653.0
2024-07-01,D9Y0V,34780.0,71772.0
2024-03-01,D9Y0V,35768.0,70207.0
2024-11-01,D9Y0V,34193.0,72141.0
2024-04-01,M1J4Y,16313.0,32499.0
2022-04-01,M1J4Y,16174.0,29647.0
2022-09-01,M1J4Y,16603.0,30468.0
2023-04-01,M1J4Y,15257.0,28835.0
2022-10-01,M1J4Y,17269.0,31431.0
2022-11-01,U2G6B,7033.0,12786.0
2024-01-01,U2G6B,7067.0,13869.0
2024-05-01,U2G6B,6826.0,13752.0
2021-12-01,U2G6B,7735.0,13804.0
2023-08-01,U2G6B,6572.0,12647.0
2025-01-01,00N,3117.0,6828.0
2025-02-01,00N,2628.0,5910.0
2025-08-01,00N,2367.0,5979.0
2025-12-01,00R,3203.0,8653.0
2023-10-01,01F,3016.0,5768.0
2023-11-01,01F,3141.0,6004.0
2024-07-01,01F,2846.0,5800.0
2022-01-01,01J,3917.0,6965.0
2024-05-01,02M,3970.0,7942.0
2026-01-01,02M,2980.0,8362.0
2022-02-01,02X,7219.0,12949.0
2021-12-01,02X,9027.0,16052.0
2022-09-01,03H,3751.0,6812.0
2022-08-01,03H,3735.0,6799.0
2022-10-01,03H,3695.0,6717.0
2023-09-01,03H,3568.0,6818.0
2023-04-01,03H,3373.0,6339.0
2022-12-01,03H,4168.0,7545.0
2025-11-01,03K,2591.0,6912.0
2026-04-01,03W,4328.0,12797.0
2021-11-01,04C,6666.0,11800.0
2021-06-01,04C,6560.0,11541.0
2021-07-01,06H,18970.0,33634.0
2023-06-01,11J,17406.0,32617.0
2023-07-01,11J,16267.0,30891.0
2026-03-01,11J,11735.0,34108.0
2023-03-01,11J,18474.0,33929.0
2021-08-01,11N,14310.0,25397.0
2026-06-01,15M,15272.0,47088.0
2021-10-01,15N,28799.0,50616.0
2025-03-01,15N,22692.0,52060.0
2021-09-01,15N,29386.0,51625.0
2024-11-01,15N,25081.0,52537.0
2022-04-01,15N,27466.0,49790.0
2022-03-01,15N,30188.0,54107.0
2023-12-01,15N,27659.0,53673.0
2024-08-01,15N,23990.0,49880.0
2025-10-01,18C,12682.0,32882.0
2025-06-01,18C,12990.0,31390.0
2024-01-01,71E,17946.0,35156.0
2025-05-01,78H,11626.0,27669.0
2024-09-01,D9Y0V,33053.0,68209.0
2025-09-01,D9Y0V,28253.0,70833.0
2025-07-01,D9Y0V,28783.0,71530.0
2024-06-01,D9Y0V,33808.0,68091.0
2026-05-01,D9Y0V,23057.0,69741.0
2022-07-01,M1J4Y,16969.0,30862.0
2022-11-01,M1J4Y,17625.0,31964.0
2023-08-01,M1J4Y,15938.0,30662.0
2024-02-01,M1J4Y,15833.0,31017.0
2022-06-01,M1J4Y,16961.0,30729.0
2023-02-01,M1J4Y,15562.0,28792.0
2024-03-01,U2G6B,6680.0,13097.0
2026-02-01,U2G6B,4667.0,13260.0
2025-04-01,U2G6B,5785.0,13428.0
2024-12-01,U2G6B,6667.0,14201.0
2024-04-01,U2G6B,6859.0,13662.0
2024-10-01,U2G6B,6719.0,14092.0
2023-01-01,U2G6B,6955.0,12706.0
2023-05-01,U2G6B,6701.0,12599.0
2022-05-01,U2G6B,7071.0,12633.0
2025-06-01,00R,3118.0,7506.0
2025-01-01,01F,2762.0,6038.0
2024-09-01,01F,2691.0,5534.0
2022-10-01,01J,3981.0,7163.0
2025-11-01,02M,2992.0,7957.0
2026-03-01,02M,2931.0,8455.0
2021-07-01,02X,8345.0,14774.0
2021-10-01,02X,8272.0,14476.0
2024-06-01,03Q,4004.0,8061.0
2024-07-01,03Q,4136.0,8384.0
2021-08-01,04C,6238.0,11003.0
2022-08-01,04C,6268.0,11409.0
2022-01-01,04C,6511.0,11562.0
2026-04-01,04V,5412.0,15957.0
2024-04-01,05G,5258.0,10464.0
2021-09-01,06H,19020.0,33396.0
2021-12-01,06H,20156.0,35781.0
2026-02-01,06H,11102.0,31540.0
2026-05-01,11J,10854.0,32827.0
2023-10-01,11J,17339.0,32705.0
2023-08-01,11J,16164.0,31078.0
2024-02-01,11J,15976.0,31183.0
2026-06-01,11J,10805.0,33184.0
2023-09-01,11J,16321.0,30966.0
2022-05-01,11N,15064.0,26900.0
2022-06-01,11N,14406.0,25873.0
2022-04-01,11N,14318.0,25768.0
2022-11-01,11N,15189.0,27512.0
2022-09-01,11N,14733.0,26602.0
2022-02-01,11N,13866.0,24737.0
2022-07-01,11N,14709.0,26447.0
2022-12-01,11N,16279.0,29194.0
2024-10-01,15M,22264.0,46503.0
2025-12-01,15M,18862.0,50796.0
2024-11-01,15M,21435.0,44864.0
2021-11-01,15N,30509.0,53527.0
2025-10-01,15N,21291.0,54999.0
2025-04-01,15N,21599.0,50112.0
2025-07-01,18C,12930.0,31998.0
2023-04-01,18C,15040.0,27957.0
2024-12-01,18C,15642.0,33026.0
2024-03-01,71E,16832.0,32999.0
2025-02-01,78H,11199.0,24957.0
2024-05-01,78H,13687.0,27359.0
2026-01-01,D9Y0V,27074.0,75135.0
2025-08-01,D9Y0V,25550.0,64290.0
2023-05-01,M1J4Y,16936.0,31640.0
2023-12-01,M1J4Y,17051.0,33012.0
2023-07-01,M1J4Y,16488.0,31127.0
2024-01-01,M1J4Y,17147.0,33559.0
2023-01-01,M1J4Y,18098.0,32741.0
2023-03-01,M1J4Y,18033.0,33029.0
2023-06-01,M1J4Y,17466.0,32636.0
2023-11-01,M1J4Y,17229.0,32724.0
2025-05-01,U2G6B,5931.0,14082.0
2025-09-01,U2G6B,5561.0,13919.0
2025-03-01,U2G6B,6047.0,13806.0
2023-02-01,U2G6B,6410.0,11816.0
2022-03-01,U2G6B,7423.0,13264.0
2021-06-01,U2G6B,7009.0,12326.0
2024-08-01,U2G6B,6193.0,12851.0
2026-06-01,01A,5916.0,17943.0
2023-08-01,01F,2870.0,5515.0
2022-05-01,01J,4119.0,7325.0
2021-10-01,01J,4000.0,6998.0
2024-04-01,02M,3911.0,7742.0
2024-01-01,02M,4181.0,8111.0
2024-06-01,02M,3678.0,7365.0
2021-08-01,02X,7937.0,13967.0
2021-09-01,02X,8138.0,14286.0
2025-02-01,03K,3031.0,6735.0
2024-11-01,03K,3548.0,7366.0
2025-10-01,03K,2873.0,7413.0
2025-05-01,03K,3107.0,7295.0
2025-06-01,03K,3064.0,7375.0
2022-02-01,04C,6041.0,10736.0
2022-07-01,04C,6529.0,11625.0
2022-11-01,04C,6537.0,11701.0
2024-03-01,05D,2855.0,5583.0
2023-11-01,05G,5696.0,10786.0
2023-05-01,11J,16943.0,31409.0
2023-01-01,11J,18787.0,33827.0
2023-12-01,11J,17370.0,33559.0
2023-04-01,11J,16460.0,30586.0
2021-11-01,11N,15659.0,27403.0
2021-12-01,11N,17041.0,30138.0
2022-10-01,11N,14530.0,26051.0
2022-03-01,11N,15747.0,28132.0
2024-12-01,15M,22151.0,46683.0
2025-11-01,15M,16734.0,44418.0
2026-05-01,15M,14833.0,44699.0
2024-02-01,15N,26171.0,51038.0
2025-01-01,15N,25318.0,55175.0
2025-07-01,15N,21587.0,53406.0
2021-06-01,15N,29004.0,50984.0
2025-09-01,15N,20922.0,52366.0
2026-02-01,15N,17482.0,49615.0
2021-07-01,15N,28989.0,51061.0
2022-01-01,15N,29118.0,51704.0
2026-03-01,15N,18847.0,54284.0
2025-12-01,15N,21556.0,58026.0
2023-10-01,18C,16499.0,31065.0
2025-04-01,18C,13536.0,31112.0
2022-12-01,18C,18848.0,33675.0
2023-02-01,18C,15707.0,28493.0
2024-05-01,71E,17175.0,34309.0
2024-09-01,71E,15889.0,32577.0
2024-10-01,71E,16796.0,34458.0
2024-07-01,71E,16904.0,34263.0
2025-03-01,78H,11715.0,26594.0
2024-08-01,D9Y0V,32918.0,68246.0
2023-09-01,M1J4Y,16582.0,31447.0
2022-09-01,U2G6B,6957.0,12397.0
2025-08-01,U2G6B,5061.0,12730.0
2023-06-01,U2G6B,7146.0,13223.0
2023-03-01,U2G6B,7273.0,13194.0
2026-04-01,U2G6B,4766.0,13994.0
2022-08-01,U2G6B,6818.0,12404.0
2022-04-01,U2G6B,6689.0,11935.0
2022-06-01,U2G6B,7141.0,12687.0
2023-07-01,U2G6B,6848.0,12866.0
2026-01-01,U2G6B,5335.0,14799.0
2024-01-01,01F,3065.0,5904.0
2024-04-01,01F,3035.0,6003.0
2021-09-01,01J,4131.0,7242.0
2022-02-01,01J,3829.0,6737.0
2021-11-01,01J,4008.0,7000.0
2022-06-01,01J,4044.0,7146.0
2023-01-01,01J,4113.0,7391.0
2025-10-01,02M,3269.0,8414.0
2024-11-01,02M,3780.0,7811.0
2026-06-01,02M,2705.0,8198.0
2022-11-01,03H,3861.0,6903.0
2022-05-01,03H,3847.0,6834.0
2021-06-01,03K,4238.0,7393.0
2024-10-01,03K,3645.0,7468.0
2025-04-01,03K,3104.0,7107.0
2024-12-01,04C,5878.0,12382.0
2022-03-01,04C,6738.0,11992.0
2025-03-01,04C,5204.0,11751.0
2022-04-01,04C,6240.0,11130.0
2021-10-01,04C,6574.0,11456.0
2026-02-01,04V,5179.0,14642.0
2023-09-01,05D,2762.0,5222.0
2023-04-01,05D,2752.0,5079.0
2023-12-01,05D,3017.0,5795.0
2023-08-01,05D,2804.0,5299.0
2026-01-01,06H,12765.071428571428,35348.07142857143
2026-04-01,09D,3290.0,9647.0
2021-08-01,10R,4231.0,7443.0
2023-02-01,11J,16751.0,30311.0
2023-11-01,11J,17981.0,33869.0
2023-03-01,11N,15622.0,28297.0
2023-06-01,11N,14237.0,26340.0
2022-08-01,11N,14440.0,26190.0
2025-01-01,15M,21874.0,47551.0
2025-05-01,15M,19764.0,46147.0
2021-12-01,15N,32510.0,56958.0
2025-11-01,15N,19728.0,51720.0
2023-05-01,18C,16309.0,30049.0
2024-06-01,18C,15059.0,30020.0
2026-05-01,18C,10303.0,30525.0
2022-09-01,18C,16686.0,29721.0
2025-08-01,18C,11493.0,28771.0
2025-09-01,42D,8799.0,21995.0
2025-02-01,42D,9393.0,20774.0
2024-08-01,71E,15910.0,32783.0
2024-05-01,D9Y0V,36369.0,72475.0
2023-07-01,D9Y0V,35744.0,67108.0
2024-02-01,D9Y0V,35830.0,69261.0
2023-10-01,D9Y0V,37587.0,70690.0
2024-03-01,M1J4Y,15846.0,30974.0
2022-01-01,U2G6B,6854.0,12113.0
2025-12-01,U2G6B,5648.0,15136.0
2022-10-01,U2G6B,7070.0,12669.0
2024-09-01,U2G6B,6614.0,13403.0
2025-06-01,U2G6B,5646.0,13545.0
2026-03-01,U2G6B,5137.0,14651.0
2021-07-01,U2G6B,7211.0,12605.0
2024-07-01,U2G6B,6911.0,13962.0
2025-07-01,U2G6B,5639.0,13882.0
2022-07-01,U2G6B,6870.0,12219.0
2022-12-01,U2G6B,7869.0,14024.0
2024-10-01,00N,3255.0,6662.0
2024-02-01,01F,2923.0,5634.0
2021-06-01,01J,4128.0,7187.0
2021-08-01,01J,3866.0,6762.0
2021-12-01,01J,4544.0,7932.0
2022-03-01,01J,4259.0,7543.0
2022-04-01,01J,3911.0,6974.0
2026-05-01,02M,2744.0,8097.0
2024-12-01,02M,3980.0,8345.0
2021-07-01,02Q,2389.0,4170.0
2024-04-01,03Q,4107.0,8119.0
2022-10-01,04C,6530.0,11588.0
2022-06-01,04C,6644.0,11658.0
2022-05-01,04C,6332.0,11224.0
2022-09-01,04C,6657.0,11810.0
2023-05-01,05D,3009.0,5524.0
2026-03-01,06H,12152.0,34533.0
2022-08-01,07G,3107.0,5552.0
2022-02-01,07G,3044.0,5346.0
2022-12-01,11J,19643.0,34986.0
2024-09-01,11J,15279.0,30906.0
2025-08-01,11J,12288.0,30508.0
2026-02-01,11J,11183.0,31589.0
2024-08-01,11J,15217.0,30980.0
2022-11-01,11J,18608.0,33177.0
2024-05-01,11J,17062.0,33856.0
2024-06-01,11J,15646.0,31055.0
2024-03-01,11J,16585.0,32183.0
2022-01-01,11N,14861.0,26199.0
2023-04-01,11N,13612.0,25104.0
2023-02-01,11N,13891.0,25107.0
2025-02-01,15M,18708.0,41329.0
2025-06-01,15M,18320.0,43734.0
2025-07-01,15M,19180.0,46820.0
2025-03-01,15M,19572.0,44108.0
2025-09-01,15M,18552.0,46168.0
2026-01-01,15N,20095.0,55642.0
2024-07-01,18C,15825.0,31940.0
2025-12-01,18C,12845.0,34355.0
2025-01-01,18C,15242.0,33062.0
2025-11-01,18C,11759.0,30816.0
2025-05-01,18C,13402.0,31226.0
2023-01-01,18C,17749.0,31868.0
2023-06-01,18C,17272.0,31804.0
2023-07-01,18C,15838.0,29641.0
2022-07-01,18C,17207.0,30524.0
2023-03-01,18C,17926.0,32454.0
2025-04-01,42D,9564.0,21751.0
2024-11-01,71E,16122.0,33226.0
2023-11-01,D9Y0V,38790.0,72854.0
2026-04-01,D9Y0V,24178.0,70733.0
2023-08-01,D9Y0V,35839.0,67507.0
2024-01-01,D9Y0V,38274.0,73714.0
2023-12-01,D9Y0V,38603.0,73520.0
2023-10-01,U2G6B,7107.0,13353.0
2023-09-01,U2G6B,7072.0,13285.0
2026-06-01,U2G6B,4730.0,14316.0
2021-10-01,U2G6B,6983.0,12075.0
2021-09-01,U2G6B,6927.0,12051.0
2025-10-01,U2G6B,5585.0,14301.0
2021-11-01,U2G6B,7482.0,12966.0
2021-07-01,01J,4233.0,7317.0
2025-02-01,02M,3275.0,7224.0
2025-09-01,02M,3227.0,7995.0
2025-01-01,02M,3833.0,8304.0
2024-07-01,02M,3903.0,7827.0
2021-06-01,02X,8528.0,14790.0
2021-09-01,03K,4282.0,7349.0
2021-08-01,03K,4139.0,7239.0
2024-12-01,03K,3604.0,7547.0
2022-04-01,03K,4037.0,7088.0
2025-08-01,03K,2731.0,6768.0
2026-03-01,03K,2584.0,7316.0
2022-07-01,03K,4233.0,7466.0
2026-06-01,04V,5428.0,16339.0
2023-10-01,05D,2946.0,5521.0
2023-07-01,05D,2846.0,5305.0
2024-02-01,05G,5182.0,9982.0
2026-05-01,06H,11076.0,32656.0
2021-10-01,07G,3349.0,5777.0
2021-12-01,07G,3688.0,6343.0
2025-06-01,11J,13266.0,31203.0
2025-03-01,11J,14302.0,32207.0
2025-04-01,11J,13773.0,31217.0
2025-11-01,11J,12319.0,32155.0
2022-08-01,11J,17559.0,31303.0
2025-07-01,11J,13656.0,32748.0
2025-12-01,11J,13489.0,35945.0
2024-01-01,11J,18321.0,35026.0
2023-05-01,11N,14275.0,26103.0
2025-10-01,15M,18659.0,47730.0
2021-11-01,18C,17849.0,30721.0
2022-03-01,18C,18055.0,31650.0
2023-08-01,18C,16143.0,30362.0
2023-12-01,18C,16922.0,32120.0
2024-11-01,18C,15273.0,31351.0
2024-03-01,18C,15568.0,30175.0
2022-05-01,18C,17363.0,30627.0
2023-11-01,18C,16997.0,31843.0
2022-06-01,18C,16607.0,29076.0
2026-04-01,18C,10546.0,30757.0
2024-05-01,18C,16506.0,32529.0
2024-09-01,18C,14871.0,29936.0
2026-01-01,18C,11811.0,32499.0
2022-11-01,18C,18035.0,31937.0
2022-01-01,18C,17438.0,30181.0
2026-02-01,18C,10638.0,29870.0
2025-05-01,42D,9488.0,22098.0
2024-10-01,42D,11157.0,22819.0
2024-08-01,78H,12966.0,26306.0
2022-10-01,D9Y0V,39785.0,70553.0
2022-12-01,D9Y0V,43624.0,77537.0
2023-09-01,D9Y0V,36438.0,68251.0
2023-01-01,D9Y0V,41027.0,73516.0
2023-03-01,D9Y0V,41391.0,74865.0
2023-02-01,D9Y0V,36451.0,65511.0
2023-06-01,D9Y0V,38877.0,71306.0
2022-09-01,D9Y0V,39306.0,69406.0
2024-04-01,D9Y0V,36096.0,70826.0
2024-06-01,U2G6B,6659.0,13204.0
2023-04-01,U2G6B,6176.0,11378.0
2022-02-01,U2G6B,6615.0,11610.0
2025-07-01,01F,2364.0,5663.0
2024-05-01,01F,2946.0,5790.0
2024-03-01,01F,2908.0,5635.0
2022-07-01,01J,3997.0,7018.0
2022-09-01,01J,4108.0,7240.0
2024-09-01,02M,3739.0,7516.0
2025-12-01,02M,3334.0,8864.0
2021-11-01,03K,4309.0,7373.0
2022-06-01,03K,3961.0,6926.0
2022-02-01,03K,3848.0,6676.0
2022-03-01,03K,4209.0,7325.0
2025-02-01,04C,5156.0,11246.0
2024-11-01,04C,5917.0,12135.0
2022-12-01,04C,7054.0,12498.0
2023-02-01,04C,6035.0,10792.0
2026-03-01,04V,5778.0,16311.0
2026-05-01,04V,5259.0,15504.0
2023-06-01,05D,3019.0,5475.0
2023-03-01,05D,3269.0,5824.0
2023-10-01,05G,5719.0,10679.0
2023-12-01,05G,5768.0,10895.0
2021-08-01,07G,3299.0,5735.0
2022-10-01,11J,18244.0,32340.0
2026-04-01,11J,11165.0,32524.0
2022-04-01,11J,17792.0,31173.0
2025-05-01,11J,14409.0,32958.0
2024-07-01,11J,16401.0,32864.0
2022-05-01,11J,18433.0,32131.0
2026-01-01,11J,12788.0,34813.0
2024-04-01,11J,16187.0,31707.0
2022-01-01,11J,18682.0,32269.0
2025-10-01,11J,13558.0,34567.0
2023-07-01,11N,13933.0,25914.0
2023-01-01,11N,15537.0,27836.0
2023-08-01,11N,13879.0,25850.0
2023-09-01,11N,14062.0,26211.0
2025-04-01,15M,19135.0,43351.0
2024-08-01,18C,15266.0,30878.0
2021-12-01,18C,19569.0,33347.0
2024-02-01,18C,15616.0,29990.0
2021-07-01,18C,17266.0,29821.0
2022-08-01,18C,16801.0,29943.0
2026-06-01,18C,10714.0,32169.0
2025-09-01,18C,12662.0,31308.0
2021-06-01,18C,17607.0,30324.0
2021-10-01,18C,17443.0,29826.0
2021-09-01,18C,18052.0,30875.0
2024-01-01,18C,16979.0,32454.0
2024-10-01,18C,15954.0,32611.0
2025-03-01,18C,13595.0,30475.0
2025-11-01,42D,8237.0,21431.0
2025-06-01,42D,9268.0,21763.0
2025-08-01,42D,8692.0,21116.0
2026-02-01,42D,7494.0,21023.0
2024-12-01,42D,11212.0,23396.0
2025-01-01,71E,16410.0,35312.0
2024-06-01,78H,12883.0,25283.0
2023-05-01,D9Y0V,38402.0,70208.0
2023-04-01,D9Y0V,35814.0,65793.0
2022-11-01,D9Y0V,40857.0,72301.0
2023-11-01,U2G6B,7379.0,13768.0
2024-11-01,01F,2735.0,5576.0
2024-10-01,01F,2936.0,5970.0
2025-02-01,01F,2372.0,5169.0
2025-05-01,01F,2488.0,5671.0
2025-06-01,01F,2266.0,5296.0
2023-04-01,01J,3634.0,6566.0
2023-06-01,01J,4044.0,7323.0
2022-12-01,01J,4365.0,7723.0
2023-09-01,01J,3821.0,6991.0
2023-03-01,01J,4336.0,7713.0
2022-11-01,01J,4108.0,7264.0
2024-02-01,01K,7427.0,13977.0
2025-08-01,02M,3131.0,7570.0
2025-04-01,02M,3398.0,7660.0
2025-03-01,02M,3403.0,7548.0
2025-07-01,02M,3467.0,8272.0
2026-04-01,03K,2456.0,7140.0
2024-09-01,03K,3584.0,7178.0
2026-01-01,03K,2746.0,7463.0
2021-07-01,03K,4253.0,7345.0
2021-10-01,03K,4159.0,7085.0
2024-03-01,03Q,4040.0,7716.0
2024-05-01,03Q,4070.0,7940.0
2023-08-01,04C,6313.0,11630.0
2023-05-01,04C,6422.0,11545.0
2023-02-01,05D,2824.0,5016.0
2023-01-01,05D,3076.0,5466.0
2023-07-01,05G,5613.0,10236.0
2021-09-01,07G,3585.0,6131.0
2022-03-01,07G,3490.0,6044.0
2022-05-01,07G,3350.0,5795.0
2022-01-01,07G,3440.0,5913.0
2022-06-01,07G,3263.0,5705.0
2021-06-01,07G,3484.0,5935.0
2022-04-01,07G,3225.0,5630.0
2026-03-01,09D,3707.0,10445.0
2026-05-01,09D,3322.0,9779.0
2026-02-01,09D,3371.0,9440.0
2021-11-01,11J,19562.0,33117.0
2022-09-01,11J,18161.0,31978.0
2021-12-01,11J,21235.0,36154.0
2025-09-01,11J,13153.0,32478.0
2023-10-01,11N,14407.0,26651.0
2023-12-01,11N,14958.0,28032.0
2023-11-01,11N,14837.0,27545.0
2024-01-01,11N,15117.0,28376.0
2026-06-01,16C,10215.0,30475.0
2021-08-01,18C,16211.0,27955.0
2022-10-01,18C,17327.0,30641.0
2024-04-01,18C,16098.0,31319.0
2022-02-01,18C,15941.0,27476.0
2024-06-01,42D,11072.0,21483.0
2025-01-01,42D,10802.0,23157.0
2025-10-01,42D,9191.0,23255.0
2025-12-01,42D,9289.0,24524.0
2024-08-01,42D,10756.0,21540.0
2024-12-01,71E,16641.0,34715.0
2024-07-01,78H,13964.0,27829.0
2022-08-01,D9Y0V,38235.0,67961.0
2022-07-01,D9Y0V,39970.0,70006.0
2025-11-01,U2G6B,5285.0,13710.0
2025-11-01,00P,4536.0,11716.0
2025-10-01,00P,5147.0,12919.0
2024-06-01,01F,2866.0,5557.0
2022-08-01,01J,4125.0,7308.0
2023-05-01,01J,4080.0,7323.0
2023-12-01,01J,4157.0,7593.0
2023-11-01,01J,3960.0,7197.0
2023-08-01,01J,3855.0,7066.0
2022-11-01,01K,8402.0,14716.0
2023-10-01,01K,8113.0,14641.0
2021-06-01,01K,8562.0,14465.0
2025-06-01,02M,3216.0,7504.0
2025-05-01,02M,3532.0,8044.0
2023-01-01,03K,4108.0,7281.0
2022-12-01,03K,4491.0,7840.0
2026-06-01,03K,2448.0,7228.0
2021-12-01,03K,4733.0,8036.0
2025-12-01,03K,2934.0,7745.0
2023-06-01,03K,4124.0,7318.0
2026-05-01,03K,2355.0,6814.0
2022-05-01,03K,4146.0,7136.0
2026-02-01,03K,2427.0,6773.0
2022-10-01,03K,4153.0,7284.0
2022-01-01,03K,4152.0,7118.0
2024-01-01,03Q,4409.0,8220.0
2023-07-01,04C,6368.0,11506.0
2024-08-01,04C,5696.0,11372.0
2023-04-01,04C,6013.0,10837.0
2024-10-01,04C,6115.0,12433.0
2023-03-01,04C,6850.0,12172.0
2023-09-01,05G,5461.0,9968.0
2026-04-01,06H,11499.0,33272.0
2021-07-01,07G,3605.0,6206.0
2022-09-01,07G,3307.0,5791.0
2026-01-01,09D,3857.0,10429.0
2021-10-01,11J,18413.0,31232.0
2021-08-01,11J,17574.0,30174.0
2022-06-01,11J,17833.0,31083.0
2024-11-01,11J,15957.0,32383.0
2024-12-01,11J,16327.0,33818.0
2022-02-01,11J,17322.0,29759.0
2022-07-01,11J,18206.0,31859.0
2022-03-01,11J,19534.0,33756.0
2025-01-01,11J,16436.0,35024.0
2021-09-01,11J,18891.0,32115.0
2025-09-01,11N,11048.0,26930.0
2024-03-01,11N,14429.0,27164.0
2024-02-01,11N,13549.0,25413.0
2024-04-01,11N,13988.0,26940.0
2025-02-01,18C,13378.0,29123.0
2022-04-01,18C,16552.0,28703.0
2026-03-01,18C,11318.0,31885.0
2025-07-01,42D,9531.0,22699.0
2024-05-01,42D,11761.0,22506.0
2024-07-01,42D,11775.0,23393.0
2025-03-01,42D,9950.0,22031.0
2025-04-01,71E,14238.0,31886.0
2025-08-01,71E,12875.0,30929.0
2024-09-01,78H,12867.0,25722.0
2021-11-01,B2M3M,20867.0,35169.0
2023-02-01,B2M3M,18206.0,32255.0
2024-01-01,00X,3991.0,7389.0
2025-08-01,01F,2181.0,5197.0
2025-04-01,01F,2446.0,5418.0
2021-07-01,01K,8542.0,14603.0
2024-05-01,01K,7848.0,14994.0
2021-10-01,01K,8469.0,14281.0
2022-01-01,01K,8369.0,14290.0
2023-11-01,01K,8149.0,14780.0
2022-02-01,02Q,2219.0,3801.0
2022-08-01,03K,4131.0,7299.0
2024-08-01,03K,3674.0,7307.0
2024-06-01,03K,3656.0,7081.0
2024-02-01,03Q,4022.0,7500.0
2023-09-01,04C,6351.0,11550.0
2025-06-01,04C,5021.0,11688.0
2025-07-01,04C,5277.0,12468.0
2025-01-01,04C,6017.0,12820.0
2025-05-01,04C,5401.0,12202.0
2023-01-01,04C,6783.0,11942.0
2022-11-01,05D,3255.0,5698.0
2021-12-01,05D,3455.0,5852.0
2022-12-01,05D,3378.0,5894.0
2022-09-01,05D,3073.0,5373.0
2023-08-01,05G,5517.0,10112.0
2026-06-01,06H,11492.0,33766.0
2021-11-01,07G,3574.0,6012.0
2023-07-01,07G,3151.0,5690.0
2022-10-01,07G,3323.0,5800.0
2023-03-01,07G,3413.0,6035.0
2023-10-01,07G,3277.0,5894.0
2022-07-01,07G,3283.0,5711.0
2023-02-01,07G,2965.0,5252.0
2023-04-01,07G,2908.0,5207.0
2021-08-01,07K,6987.0,11913.0
2022-03-01,07K,7699.0,13208.0
2021-09-01,07K,7523.0,12699.0
2022-04-01,07K,6980.0,12033.0
2024-10-01,11J,16553.0,33517.0
2021-06-01,11J,18952.0,31979.0
2026-02-01,11N,9266.0,25575.0
2024-07-01,11N,13760.0,26977.0
2025-12-01,11N,11437.0,29765.0
2026-01-01,42D,8687.0,23440.0
2024-09-01,42D,11018.0,21954.0
2024-11-01,42D,11026.0,22363.0
2024-03-01,42D,11774.0,21915.0
2026-04-01,42D,7776.0,22112.0
2026-03-01,42D,8145.0,22690.0
2024-04-01,42D,12121.0,22844.0
2026-05-01,42D,7587.0,21894.0
2025-10-01,71E,14018.0,34958.0
2025-09-01,71E,13715.0,33195.0
2025-11-01,71E,12503.0,32062.0
2025-03-01,71E,14893.0,32804.0
2025-02-01,71E,14190.0,30808.0
2024-12-01,78H,13256.0,27219.0
2023-12-01,B2M3M,19817.0,36175.0
2023-06-01,B2M3M,20335.0,36029.0
2023-05-01,B2M3M,19346.0,34658.0
2022-06-01,D9Y0V,39933.0,68711.0
2022-05-01,D9Y0V,41164.0,70793.0
2023-08-01,00X,3904.0,7081.0
2024-03-01,00X,3749.0,6949.0
2023-07-01,00X,3812.0,6852.0
2024-12-01,01F,2953.0,6045.0
2023-02-01,01J,3791.0,6709.0
2025-09-01,01K,6166.0,14852.0
2022-04-01,01K,8153.0,14018.0
2021-08-01,01K,8005.0,13619.0
2022-05-01,01K,8387.0,14394.0
2026-04-01,01K,5290.0,14879.0
2025-12-01,01K,6537.0,16890.0
2021-12-01,01K,9497.0,16063.0
2026-05-01,01K,5041.0,14517.0
2021-09-01,01K,8582.0,14431.0
2022-08-01,01K,8151.0,14201.0
2023-06-01,01K,8067.0,14277.0
2022-06-01,01K,8163.0,14015.0
2022-10-01,01K,8308.0,14457.0
2026-02-01,02M,2795.0,7713.0
2021-10-01,02Q,2380.0,3990.0
2025-04-01,02Q,2025.0,4454.0
2022-11-01,03K,4163.0,7266.0
2022-09-01,03K,4007.0,6991.0
2023-03-01,03K,4345.0,7655.0
2023-12-01,03Q,4577.0,8351.0
2024-02-01,04C,6050.0,11257.0
2024-04-01,04C,6199.0,11667.0
2024-07-01,04C,6413.0,12519.0
2022-01-01,05D,3168.0,5409.0
2023-05-01,07G,3187.0,5654.0
2023-01-01,07G,3441.0,6035.0
2023-11-01,07G,3308.0,5975.0
2022-12-01,07G,3534.0,6117.0
2021-11-01,07K,7617.0,12789.0
2021-06-01,07K,7277.0,12255.0
2025-02-01,11J,13898.0,29856.0
2021-07-01,11J,18824.0,32094.0
2025-10-01,11N,11617.0,28738.0
2024-05-01,11N,14282.0,27268.0
2026-01-01,11N,10596.0,28364.0
2025-08-01,11N,10391.0,24750.0
2024-09-01,11N,13124.0,26014.0
2025-03-01,11N,12343.0,26522.0
2025-11-01,11N,10324.0,26446.0
2024-08-01,11N,13106.0,26001.0
2024-10-01,11N,14057.0,28032.0
2024-11-01,11N,13294.0,26830.0
2025-07-01,11N,11584.0,27333.0
2024-06-01,11N,13670.0,26250.0
2026-03-01,11N,9926.0,27438.0
2026-06-01,42D,7708.0,22548.0
2025-05-01,71E,14935.0,33641.0
2025-06-01,71E,14359.0,33187.0
2025-01-01,78H,13513.0,28588.0
2023-09-01,B2M3M,18369.0,33253.0
2022-02-01,B2M3M,18592.0,31680.0
2023-10-01,B2M3M,19268.0,34613.0
2024-01-01,B2M3M,19381.0,35666.0
2022-07-01,B2M3M,19712.0,34181.0
2023-04-01,B2M3M,17600.0,31436.0
2022-03-01,D9Y0V,42837.0,72939.0
2025-09-01,00P,5030.0,11956.0
2023-05-01,00X,3904.0,6908.0
2023-06-01,00X,4057.0,7177.0
2026-02-01,00X,2550.0,7005.0
2023-11-01,00X,4151.0,7453.0
2025-03-01,01F,2548.0,5467.0
2024-08-01,01F,2801.0,5550.0
2025-12-01,01F,2404.0,6129.0
2025-10-01,01K,6485.0,15848.0
2022-07-01,01K,8143.0,14041.0
2023-09-01,01K,7637.0,13755.0
2023-03-01,01K,8875.0,15628.0
2024-01-01,01K,8162.0,14893.0
2024-06-01,01K,7135.0,13623.0
2023-01-01,01K,8442.0,14678.0
2023-04-01,01K,7706.0,13703.0
2026-01-01,01K,5920.0,15808.0
2026-03-01,01K,5588.0,15204.0
2021-11-01,01K,8767.0,14714.0
2024-04-01,01K,7879.0,14771.0
2022-03-01,01K,8993.0,15228.0
2022-12-01,01K,9399.0,16240.0
2022-02-01,02E,4260.0,7248.0
2021-07-01,02E,4702.0,7987.0
2021-06-01,02Q,2497.0,4196.0
2022-01-01,02Q,2372.0,4035.0
2021-09-01,02Q,2547.0,4256.0
2024-10-01,02Q,2299.0,4574.0
2024-07-01,03K,3942.0,7631.0
2023-02-01,03K,3901.0,6821.0
2024-05-01,03K,3987.0,7526.0
2023-10-01,04C,6513.0,11682.0
2025-04-01,04C,5317.0,11684.0
2025-08-01,04C,4804.0,11285.0
2024-09-01,04C,5979.0,11749.0
2025-11-01,04C,4689.0,11815.0
2021-08-01,05D,2969.0,5039.0
2022-08-01,05D,3109.0,5412.0
2022-04-01,05D,3050.0,5242.0
2022-10-01,07K,7165.0,12295.0
2022-06-01,07K,7296.0,12517.0
2021-12-01,07K,7969.0,13432.0
2021-10-01,07K,7404.0,12392.0
2026-06-01,11M,8631.0,25088.0
2025-01-01,11N,13662.0,28441.0
2026-04-01,11N,9437.0,26337.0
2025-05-01,11N,11978.0,26745.0
2025-02-01,11N,11569.0,24407.0
2025-06-01,11N,11315.0,25711.0
2024-12-01,11N,13768.0,28105.0
2026-05-01,11N,9020.0,25880.0
2024-02-01,42D,11438.0,21229.0
2025-07-01,71E,14498.0,34197.0
2024-11-01,78H,13217.0,26373.0
2023-12-01,91Q,37045.0,67482.0
2022-05-01,B2M3M,20080.0,34316.0
2023-08-01,B2M3M,18541.0,33533.0
2022-11-01,B2M3M,20364.0,35419.0
2023-07-01,B2M3M,18760.0,33679.0
2022-09-01,B2M3M,19482.0,33859.0
2024-03-01,B2M3M,18681.0,34487.0
2025-08-01,00P,4805.0,11275.0
2022-08-01,00Q,4062.0,7065.0
2023-04-01,00X,3839.0,6815.0
2024-08-01,00X,3612.0,7048.0
2023-02-01,00X,3759.0,6546.0
2023-09-01,00X,3786.0,6759.0
2026-02-01,01F,1888.0,5136.0
2025-10-01,01F,2325.0,5679.0
2024-09-01,01K,7155.0,13979.0
2022-09-01,01K,8163.0,14152.0
2024-11-01,01K,7354.0,14430.0
2024-07-01,01K,7798.0,14938.0
2023-12-01,01K,8228.0,14926.0
2026-06-01,01K,5210.0,15054.0
2025-03-01,01K,6729.0,14349.0
2022-02-01,01K,7814.0,13257.0
2023-07-01,01K,7642.0,13702.0
2025-11-01,01K,5772.0,14504.0
2021-09-01,02E,4994.0,8323.0
2021-11-01,02E,5015.0,8363.0
2021-06-01,02E,4796.0,8055.0
2021-10-01,02E,4813.0,8055.0
2025-07-01,02Q,2064.0,4814.0
2025-01-01,02Q,2228.0,4612.0
2025-06-01,02Q,1974.0,4468.0
2025-02-01,02Q,1974.0,4153.0
2022-04-01,02Q,2418.0,4120.0
2024-12-01,02Q,2355.0,4742.0
2025-05-01,02Q,2098.0,4610.0
2023-05-01,03K,4230.0,7462.0
2024-04-01,03K,3962.0,7424.0
2024-03-01,03K,3909.0,7211.0
2025-09-01,04C,5132.0,12198.0
2024-06-01,04C,6022.0,11487.0
2024-05-01,04C,6509.0,12143.0
2023-11-01,04C,6698.0,12009.0
2022-06-01,05D,3108.0,5323.0
2023-06-01,05G,5890.0,10419.0
2023-08-01,07G,3081.0,5570.0
2022-11-01,07G,3466.0,5999.0
2022-01-01,07K,7344.0,12469.0
2021-07-01,07K,7472.0,12672.0
2022-07-01,07K,7127.0,12248.0
2022-05-01,07K,7346.0,12524.0
2025-04-01,11N,11529.0,25183.0
2026-05-01,16C,9979.0,28433.0
2026-04-01,16C,10554.0,29185.0
2024-01-01,42D,12643.0,23041.0
2026-01-01,71E,13120.0,34854.0
2025-12-01,71E,13987.0,35646.0
2026-03-01,71E,12446.0,33855.0
2024-10-01,78H,14290.0,28149.0
2023-10-01,91Q,35572.0,63252.0
2021-12-01,B2M3M,22286.0,37340.0
2023-03-01,B2M3M,20672.0,36392.0
2022-10-01,B2M3M,20127.0,34479.0
2022-03-01,B2M3M,20863.0,35256.0
2024-02-01,B2M3M,18244.0,33649.0
2021-08-01,B2M3M,19185.0,32313.0
2022-12-01,B2M3M,21467.0,36881.0
2023-01-01,B2M3M,20261.0,35222.0
2026-01-01,00X,2957.0,7757.0
2024-09-01,00X,3659.0,6996.0
2025-08-01,00X,2932.0,6846.0
2023-12-01,00X,4226.0,7649.0
2023-10-01,00X,4127.0,7334.0
2023-03-01,00X,4344.0,7604.0
2022-12-01,01E,4942.0,8449.0
2025-09-01,01F,2368.0,5562.0
2026-05-01,01F,1887.0,5363.0
2023-05-01,01K,8345.0,14599.0
2024-12-01,01K,7793.0,15638.0
2024-08-01,01K,7153.0,13794.0
2025-07-01,01K,6608.0,15191.0
2023-08-01,01K,7769.0,14010.0
2023-02-01,01K,7709.0,13408.0
2026-02-01,01K,5215.0,14135.0
2025-01-01,01K,7799.0,15733.0
2025-02-01,01K,6483.0,13485.0
2025-06-01,01K,6271.0,14155.0
2025-05-01,01K,6763.0,14802.0
2025-04-01,01K,6545.0,14080.0
2021-12-01,02E,5170.0,8662.0
2021-08-01,02E,4548.0,7653.0
2021-11-01,02Q,2516.0,4181.0
2024-11-01,02Q,2307.0,4485.0
2025-03-01,02Q,2065.0,4385.0
2022-05-01,02Q,2362.0,4022.0
2022-09-01,02Q,2343.0,4001.0
2023-04-01,03K,3829.0,6779.0
2023-07-01,03K,4055.0,7237.0
2024-01-01,04C,6716.0,12222.0
2025-10-01,04C,5210.0,12665.0
2024-03-01,04C,6084.0,11211.0
2023-06-01,04C,6843.0,12097.0
2022-07-01,05D,3122.0,5324.0
2022-10-01,05D,3101.0,5270.0
2022-03-01,05D,3265.0,5508.0
2022-11-01,05G,5726.0,9748.0
2023-09-01,07G,3207.0,5709.0
2022-02-01,07K,6868.0,11647.0
2023-01-01,07K,7795.0,13347.0
2025-12-01,09D,4389.0,11178.0
2026-03-01,11M,9291.0,25231.0
2025-11-01,11M,9541.0,23843.0
2026-04-01,11M,8573.0,23598.0
2026-06-01,11N,9564.0,27262.0
2024-07-01,91Q,35110.0,66785.0
2024-10-01,91Q,34522.0,66218.0
2024-02-01,91Q,33743.0,62152.0
2024-06-01,91Q,32790.0,61932.0
2021-09-01,B2M3M,20770.0,34535.0
2022-01-01,B2M3M,19920.0,33740.0
2022-08-01,B2M3M,19599.0,34060.0
2021-10-01,B2M3M,20179.0,33673.0
2021-07-01,B2M3M,20635.0,34476.0
2024-04-01,B2M3M,19058.0,35566.0
2021-06-01,B2M3M,20696.0,34468.0
2022-06-01,B2M3M,19715.0,33473.0
2024-05-01,B2M3M,19659.0,36659.0
2023-11-01,B2M3M,19782.0,35339.0
2022-04-01,D9Y0V,39833.0,67605.0
2025-02-01,00X,3311.0,6748.0
2025-03-01,00X,3368.0,6987.0
2025-09-01,00X,3153.0,7373.0
2024-02-01,00X,3833.0,7049.0
2022-10-01,00X,4159.0,7049.0
2025-12-01,00X,3336.0,8399.0
2025-04-01,00X,3299.0,7034.0
2022-11-01,01E,4869.0,8270.0
2023-07-01,01J,3974.0,7057.0
2024-10-01,01K,7913.0,15178.0
2024-03-01,01K,7685.0,14084.0
2022-05-01,02E,4757.0,8050.0
2022-03-01,02E,4972.0,8374.0
2022-06-01,02Q,2452.0,4135.0
2024-07-01,02Q,2370.0,4502.0
2021-12-01,02Q,2706.0,4518.0
2021-08-01,02Q,2354.0,3943.0
2022-07-01,02Q,2314.0,3895.0
2023-10-01,02Q,2417.0,4283.0
2023-09-01,03K,3971.0,7037.0
2023-08-01,03K,4000.0,7107.0
2023-12-01,04C,6694.0,12094.0
2021-09-01,05D,3351.0,5556.0
2021-11-01,05D,3361.0,5530.0
2021-07-01,05D,3325.0,5538.0
2021-10-01,05D,3204.0,5300.0
2021-06-01,05D,3213.0,5301.0
2023-01-01,05G,5680.0,9696.0
2023-03-01,05G,5912.0,10230.0
2023-02-01,05G,5230.0,9092.0
2023-04-01,05G,5146.0,8970.0
2025-06-01,05V,2891.0,6470.0
2025-01-01,05V,3451.0,6898.0
2025-05-01,05V,3065.0,6679.0
2023-06-01,07G,3318.0,5839.0
2024-01-01,07G,3359.0,6093.0
2022-09-01,07K,7184.0,12247.0
2022-12-01,07K,7661.0,13069.0
2022-08-01,07K,7114.0,12278.0
2023-05-01,07K,7123.0,12372.0
2025-11-01,09D,3975.0,9780.0
2026-02-01,11M,8648.0,23097.0
2026-01-01,11M,9992.0,26130.0
2025-08-01,11M,9756.0,22769.0
2025-10-01,11M,10613.0,25686.0
2025-07-01,16C,13283.0,30200.0
2026-03-01,16C,11152.0,30239.0
2026-05-01,71E,11605.0,32904.0
2026-04-01,71E,12228.0,33521.0
2026-06-01,71E,11880.0,33772.0
2024-04-01,91Q,34468.0,64219.0
2024-12-01,91Q,34634.0,67781.0
2023-11-01,91Q,36706.0,65213.0
2024-08-01,91Q,31828.0,61219.0
2024-11-01,91Q,33851.0,65101.0
2024-05-01,91Q,35272.0,65732.0
2022-04-01,B2M3M,19669.0,33333.0
2024-09-01,B2M3M,17663.0,33667.0
2024-06-01,B2M3M,18008.0,33752.0
2022-01-01,D9Y0V,41254.0,69171.0
2022-02-01,D9Y0V,38822.0,65469.0
2022-04-01,00Q,4059.0,6877.0
2026-03-01,00X,2823.0,7621.0
2025-10-01,00X,3265.0,7812.0
2026-05-01,00X,2535.0,7159.0
2025-01-01,00X,3759.0,7479.0
2025-06-01,00X,3253.0,7164.0
2022-12-01,00X,4537.0,7708.0
2024-06-01,00X,3620.0,6748.0
2026-06-01,00X,2805.0,7826.0
2024-05-01,00X,3931.0,7324.0
2026-04-01,00X,2754.0,7518.0
2023-01-01,00X,4284.0,7310.0
2026-01-01,01E,3280.0,8531.0
2023-03-01,01E,4960.0,8443.0
2023-04-01,01E,4290.0,7472.0
2022-09-01,01E,4656.0,7884.0
2022-10-01,01E,4757.0,8023.0
2022-06-01,01E,4683.0,7887.0
2023-10-01,01J,4105.0,7253.0
2022-01-01,02E,4871.0,8090.0
2022-07-01,02E,4731.0,7917.0
2022-03-01,02Q,2520.0,4243.0
2024-02-01,02Q,2284.0,4163.0
2023-02-01,02Q,2263.0,3842.0
2022-08-01,02Q,2509.0,4242.0
2024-04-01,02Q,2390.0,4408.0
2024-01-01,03K,4124.0,7477.0
2023-12-01,03K,4165.0,7448.0
2023-11-01,03Q,4564.0,8095.0
2022-02-01,05D,3017.0,5045.0
2022-05-01,05D,3200.0,5390.0
2023-05-01,05G,5941.0,10244.0
2024-07-01,05Q,4986.0,9445.0
2025-08-01,05V,2667.0,6196.0
2025-11-01,05V,2619.0,6401.0
2025-04-01,05V,2974.0,6288.0
2025-03-01,05V,3130.0,6412.0
2025-09-01,05V,2778.0,6471.0
2024-08-01,07G,2977.0,5714.0
2022-11-01,07K,7625.0,12876.0
2023-07-01,07K,6821.0,12016.0
2023-09-01,07K,6958.0,12271.0
2023-06-01,07K,7446.0,12919.0
2025-12-01,11M,10694.0,26876.0
2026-02-01,71E,11823.0,31552.0
2024-09-01,91Q,32854.0,62489.0
2024-03-01,91Q,34623.0,63431.0
2023-08-01,91Q,34806.0,61804.0
2024-10-01,B2M3M,19307.0,36976.0
2025-07-01,B2M3M,16294.0,36673.0
2024-11-01,B2M3M,18610.0,35570.0
2025-02-01,B2M3M,16061.0,32678.0
2025-05-01,B2M3M,16609.0,35486.0
2024-12-01,B2M3M,18735.0,36661.0
2021-09-01,D9Y0V,42406.0,69890.0
2021-12-01,D9Y0V,47272.0,78381.0
2021-11-01,D9Y0V,43197.0,70957.0
2021-10-01,D9Y0V,41533.0,68625.0
2021-06-01,D9Y0V,41710.0,68774.0
2021-07-01,D9Y0V,41944.0,69326.0
2021-08-01,D9Y0V,38732.0,64420.0
2025-03-01,00P,5615.0,11460.0
2025-06-01,00P,5265.0,11482.0
2022-05-01,00Q,4330.0,7248.0
2024-05-01,00Q,4020.0,7419.0
2022-03-01,00Q,4469.0,7433.0
2022-06-01,00Q,4242.0,7127.0
2021-08-01,00Q,4227.0,6958.0
2022-01-01,00X,4237.0,6974.0
2025-07-01,00X,3333.0,7454.0
2024-12-01,00X,4004.0,7794.0
2022-02-01,00X,3794.0,6292.0
2022-11-01,00X,4214.0,7091.0
2024-04-01,00X,4005.0,7339.0
2023-05-01,01E,4578.0,7884.0
2022-07-01,01E,4716.0,7889.0
2022-08-01,01E,4769.0,8063.0
2021-10-01,01E,4879.0,7905.0
2021-06-01,01E,4979.0,8111.0
2023-02-01,01E,4454.0,7548.0
2026-06-01,01E,2993.0,8320.0
2021-09-01,01E,5030.0,8223.0
2026-03-01,01F,2144.0,5695.0
2024-03-01,01J,3870.0,7030.0
2025-08-01,01K,5945.0,13756.0
2022-09-01,02E,4600.0,7741.0
2024-06-01,02Q,2287.0,4229.0
2023-12-01,02Q,2529.0,4505.0
2025-09-01,02Q,1964.0,4567.0
2022-10-01,02Q,2401.0,4044.0
2023-01-01,02Q,2509.0,4246.0
2023-11-01,03K,4172.0,7363.0
2023-10-01,03K,4068.0,7173.0
2024-02-01,03K,3854.0,7008.0
2021-12-01,03R,10608.0,17360.0
2023-03-01,03R,10050.0,17075.0
2022-04-01,03R,9204.0,15389.0
2021-07-01,03R,9679.0,15906.0
2026-01-01,04C,4873.0,12549.0
2026-02-01,04C,4181.0,11071.0
2026-04-01,04C,4502.0,12008.0
2022-12-01,05G,6143.0,10434.0
2021-11-01,05G,6014.0,9823.0
2024-09-01,05Q,4492.0,8457.0
2024-10-01,05Q,4755.0,9104.0
2025-02-01,05V,3001.0,6062.0
2024-11-01,07G,3112.0,5948.0
2023-04-01,07K,6805.0,11766.0
2023-08-01,07K,7060.0,12456.0
2026-05-01,11M,8579.0,24197.0
2025-10-01,16C,12815.0,30503.0
2025-05-01,16C,13820.0,29442.0
2025-12-01,16C,12506.0,31396.0
2025-11-01,16C,11674.0,28432.0
2025-01-01,91Q,34433.0,68204.0
2023-09-01,91Q,35455.0,62205.0
2023-06-01,91Q,37443.0,64474.0
2023-07-01,91Q,35389.0,62230.0
2024-01-01,91Q,37691.0,68327.0
2024-08-01,B2M3M,17954.0,34348.0
2024-07-01,B2M3M,19660.0,37018.0
2025-04-01,B2M3M,16840.0,35292.0
2025-07-01,00P,5507.0,12303.0
2022-07-01,00Q,4332.0,7227.0
2023-01-01,00Q,4467.0,7537.0
2021-07-01,00Q,4377.0,7145.0
2022-02-01,00Q,3991.0,6597.0
2023-02-01,00Q,3963.0,6714.0
2023-04-01,00Q,3906.0,6715.0
2023-06-01,00Q,4201.0,7206.0
2024-07-01,00X,3944.0,7406.0
2021-06-01,00X,4300.0,7001.0
2021-08-01,00X,3990.0,6542.0
2022-03-01,00X,4383.0,7222.0
2021-11-01,00X,4507.0,7353.0
2025-11-01,00X,2945.0,7172.0
2025-05-01,00X,3560.0,7583.0
2021-12-01,01E,5457.0,8893.0
2026-05-01,01E,2844.0,7934.0
2023-10-01,01E,4594.0,8004.0
2026-04-01,01F,2059.0,5481.0
2024-01-01,01J,4007.0,7244.0
2024-02-01,01J,3863.0,6920.0
2022-06-01,02E,4511.0,7552.0
2022-04-01,02E,4524.0,7524.0
2022-11-01,02E,4652.0,7801.0
2023-05-01,02E,4567.0,7846.0
2022-10-01,02E,4635.0,7806.0
2024-09-01,02Q,2264.0,4248.0
2025-08-01,02Q,1810.0,4172.0
2023-07-01,02Q,2237.0,3881.0
2023-03-01,02Q,2540.0,4281.0
2025-10-01,02Q,1959.0,4638.0
2024-05-01,02Q,2430.0,4477.0
2022-05-01,03R,9512.0,15921.0
2021-09-01,03R,10133.0,16499.0
2021-10-01,03R,9804.0,15803.0
2022-12-01,03R,10057.0,16824.0
2022-09-01,03R,9510.0,15981.0
2026-06-01,04C,4565.0,12563.0
2026-03-01,04C,4648.0,12143.0
2022-01-01,05G,5896.0,9646.0
2022-08-01,05G,5715.0,9623.0
2024-03-01,05Q,4616.0,8368.0
2024-08-01,05Q,4512.0,8591.0
2024-11-01,05V,3335.0,6352.0
2025-12-01,05V,2905.0,7176.0
2023-09-01,05V,3582.0,6191.0
2024-10-01,05V,3446.0,6552.0
2024-04-01,07G,3079.0,5599.0
2024-12-01,07G,3138.0,6076.0
2023-11-01,07K,7235.0,12657.0
2025-06-01,11M,10767.0,23442.0
2024-06-01,16C,15456.0,28307.0
2025-01-01,16C,15621.0,30833.0
2026-02-01,16C,10572.0,27798.0
2025-02-01,16C,13498.0,27203.0
2025-09-01,16C,12807.0,29774.0
2025-04-01,16C,13707.0,28490.0
2026-01-01,16C,11801.0,30355.0
2023-12-01,42D,13039.0,23184.0
2023-08-01,99E,5084.0,8967.0
2025-03-01,B2M3M,16261.0,33128.0
2025-05-01,00P,5474.0,11637.0
2021-06-01,00Q,4621.0,7502.0
2024-04-01,00Q,4023.0,7274.0
2022-12-01,00Q,4683.0,7791.0
2024-10-01,00X,3904.0,7417.0
2022-06-01,00X,4169.0,6945.0
2022-05-01,00X,4216.0,6941.0
2024-11-01,00X,3775.0,7186.0
2021-12-01,00X,4789.0,7781.0
2022-04-01,00X,4196.0,6965.0
2021-07-01,01E,4754.0,7760.0
2024-03-01,01E,4296.0,7761.0
2026-03-01,01E,3241.0,8429.0
2021-08-01,01E,4488.0,7353.0
2023-11-01,01E,4729.0,8219.0
2023-01-01,01E,4926.0,8310.0
2026-01-01,01F,2214.0,5684.0
2025-11-01,01F,2247.0,5423.0
2024-07-01,01J,3972.0,7337.0
2024-06-01,01J,3726.0,6812.0
2023-09-01,02Q,2346.0,4040.0
2022-11-01,02Q,2509.0,4207.0
2024-01-01,02Q,2532.0,4517.0
2023-08-01,02Q,2463.0,4342.0
2023-05-01,02Q,2434.0,4170.0
2023-04-01,03Q,4269.0,7302.0
2022-07-01,03R,9527.0,15890.0
2023-06-01,03R,9735.0,16664.0
2021-11-01,03R,9974.0,16185.0
2022-03-01,03R,10076.0,16559.0
2022-02-01,03R,8738.0,14400.0
2022-08-01,03R,9610.0,16103.0
2022-01-01,03R,9692.0,15838.0
2026-05-01,04C,4181.0,11559.0
2025-12-01,04C,5219.0,12873.0
2021-10-01,05G,6057.0,9753.0
2022-09-01,05G,5753.0,9644.0
2023-07-01,05V,3626.0,6247.0
2025-07-01,05V,3061.0,6802.0
2024-08-01,05V,3225.0,6076.0
2024-05-01,07G,3259.0,5975.0
2023-12-01,07G,3351.0,5916.0
2024-09-01,07K,6619.0,12279.0
2023-10-01,07K,7228.0,12557.0
2024-02-01,07K,6692.0,11974.0
2025-10-01,09D,4416.0,10410.0
2025-09-01,11M,10575.0,24236.0
2025-04-01,11M,11246.0,23340.0
2026-02-01,15C,12946.0,33439.066666666666
2026-06-01,15C,12727.0,34919.23333333334
2025-03-01,16C,14001.0,28476.0
2025-08-01,16C,11758.0,26923.0
2025-02-01,91Q,29694.0,59752.0
2023-03-01,91Q,40163.0,67672.0
2022-10-01,99E,5600.0,9407.0
2023-02-01,99E,5230.0,8852.0
2021-09-01,99E,5868.0,9536.0
2025-06-01,B2M3M,16154.0,35165.0
2025-01-01,B2M3M,19173.0,37765.0
2026-04-01,B2M3M,13213.0,34746.0
2024-12-01,D2P2L,27714.0,53581.0
2023-09-01,00P,6529.0,11226.0
2025-01-01,00P,6175.0,12151.0
2025-04-01,00P,5439.0,11285.0
2022-10-01,00Q,4126.0,6923.0
2023-03-01,00Q,4476.0,7529.0
2021-11-01,00Q,4516.0,7328.0
2022-07-01,00X,4116.0,6840.0
2021-09-01,00X,4407.0,7135.0
2021-10-01,00X,4425.0,7113.0
2022-08-01,00X,4218.0,7039.0
2022-09-01,00X,4172.0,6946.0
2022-01-01,01E,4898.0,7972.0
2022-05-01,01E,4989.0,8198.0
2022-04-01,01E,4736.0,7846.0
2023-08-01,01E,4223.0,7425.0
2023-07-01,01E,4527.0,7792.0
2022-03-01,01E,5222.0,8537.0
2025-12-01,01E,3624.0,8919.0
2023-06-01,01E,4703.0,8039.0
2026-06-01,01F,2042.0,5591.0
2024-04-01,01J,4032.0,7288.0
2024-08-01,02Q,2321.0,4327.0
2022-12-01,02Q,2756.0,4581.0
2024-03-01,02Q,2369.0,4279.0
2022-11-01,03R,9925.0,16479.0
2021-08-01,03R,9502.0,15544.0
2023-01-01,03R,9822.0,16482.0
2021-06-01,03R,10188.0,16481.0
2022-06-01,03R,9794.0,16199.0
2022-02-01,05G,5283.0,8706.0
2021-12-01,05G,6663.0,10716.0
2021-07-01,05G,5984.0,9730.0
2025-03-01,05Q,4205.0,8549.0
2024-12-01,05Q,4699.0,9075.0
2024-05-01,05Q,5040.0,9169.0
2023-11-01,05V,3763.0,6526.0
2026-01-01,05V,2695.0,6820.0
2024-07-01,05W,7644.0,14101.0
2024-10-01,07G,3222.0,6080.0
2024-06-01,07G,3139.0,5712.0
2024-09-01,07G,3054.0,5655.0
2023-02-01,07K,7128.0,12044.0
2024-01-01,07K,7422.0,13165.0
2023-12-01,07K,7446.0,13063.0
2025-08-01,09D,3973.0,9095.0
2025-05-01,11M,11489.0,24221.0
2025-07-01,11M,11050.0,24449.0
2026-04-01,15C,12888.0,33849.08333333333
2024-02-01,16C,16208.0,28979.0
2025-06-01,16C,13480.0,29123.0
2026-05-01,84H,8251.0,22257.0
2023-04-01,91Q,35239.0,60232.0
2023-05-01,91Q,37922.0,64599.0
2023-10-01,99E,5642.0,9748.0
2025-09-01,B2M3M,15617.0,35591.0
2025-11-01,B2M3M,14296.0,34480.0
2026-02-01,B2M3M,13120.0,33629.0
2026-03-01,B2M3M,13899.0,36090.0
2025-10-01,B2M3M,15967.0,37525.0
2025-02-01,D2P2L,23783.0,47839.0
2024-11-01,D2P2L,27041.0,51300.0
2022-01-01,00Q,4560.0,7421.0
2021-12-01,00Q,4834.0,7743.0
2023-12-01,00Q,4236.0,7426.0
2023-05-01,00Q,4255.0,7211.0
2026-04-01,01E,3026.0,7883.0
2022-02-01,01E,4459.0,7292.0
2026-02-01,01E,2981.0,7603.0
2022-12-01,02E,5186.0,8611.0
2022-08-01,02E,4675.0,7771.0
2023-02-01,02E,4296.0,7216.0
2023-11-01,02Q,2488.0,4303.0
2025-11-01,02Q,1825.0,4288.0
2023-08-01,03Q,4467.0,7797.0
2024-08-01,03R,8218.0,15271.0
2023-04-01,03R,8639.0,14673.0
2022-10-01,05G,5710.0,9546.0
2022-07-01,05G,5901.0,9731.0
2022-06-01,05G,5925.0,9798.0
2022-03-01,05G,6105.0,9897.0
2021-06-01,05G,6009.0,9716.0
2021-08-01,05G,5608.0,9138.0
2022-04-01,05G,5650.0,9320.0
2022-05-01,05G,5906.0,9679.0
2024-06-01,05Q,4730.0,8597.0
2025-02-01,05Q,4023.0,8003.0
2024-01-01,05Q,5047.0,8941.0
2025-04-01,05Q,4155.0,8566.0
2024-11-01,05Q,4523.0,8545.0
2021-09-01,05Q,5494.0,8830.0
2025-01-01,05Q,4714.0,9263.0
2023-10-01,05Q,5011.0,8632.0
2025-10-01,05V,2979.0,6902.0
2024-03-01,05V,3306.0,5934.0
2024-02-01,05V,3313.0,5923.0
2026-03-01,05V,2637.0,6816.0
2024-12-01,05V,3481.0,6702.0
2024-07-01,05V,3573.0,6578.0
2023-01-01,05V,3742.0,6275.0
2024-05-01,05W,7753.0,14097.0
2024-09-01,07H,5654.0,10390.0
2023-03-01,07K,7939.0,13317.0
2025-09-01,09D,4189.0,9476.0
2025-06-01,09D,4273.0,9125.0
2025-07-01,09D,4371.0,9482.0
2021-07-01,15A,10863.0,17640.0
2021-10-01,15A,10717.0,17172.0
2026-05-01,15C,12804.0,34265.316666666666
2026-01-01,15C,15000.0,37511.03333333333
2024-04-01,16C,16834.0,30247.0
2023-09-01,16C,16835.0,28925.0
2022-11-01,16C,18233.0,30144.0
2026-06-01,84H,8751.0,23844.0
2025-05-01,91Q,30918.0,64809.0
2025-03-01,91Q,31095.0,63138.0
2022-09-01,99E,5397.0,8944.0
2021-11-01,99E,5932.0,9553.0
2023-07-01,99E,5099.0,8734.0
2023-06-01,99E,5539.0,9464.0
2025-08-01,B2M3M,14402.0,32881.0
2025-12-01,B2M3M,16026.0,39018.0
2024-10-01,D2P2L,29014.0,54206.0
2026-06-01,00L,5604.0,15230.0
2024-12-01,00P,6405.0,12292.0
2023-04-01,00P,6388.0,10822.0
2024-11-01,00P,6092.0,11508.0
2023-09-01,00Q,4211.0,7217.0
2024-02-01,00Q,4066.0,7249.0
2024-07-01,00Q,3886.0,7118.0
2024-01-01,00Q,4404.0,7776.0
2021-10-01,00Q,4636.0,7393.0
2022-09-01,00Q,4370.0,7217.0
2025-10-01,01E,3683.0,8507.0
2025-09-01,01E,3613.0,8068.0
2023-06-01,02Q,2495.0,4232.0
2023-07-01,03Q,4455.0,7599.0
2025-12-01,03R,6948.0,16549.0
2022-10-01,03R,9652.0,16024.0
2025-08-01,03R,6254.0,13988.0
2023-05-01,03R,9503.0,16087.0
2025-07-01,03R,7465.0,16132.0
2023-08-01,03R,9108.0,15750.0
2021-09-01,05G,6030.0,9688.0
2023-11-01,05Q,5115.0,8831.0
2024-04-01,05Q,4813.0,8625.0
2021-11-01,05Q,5499.0,8808.0
2022-07-01,05Q,5361.0,8818.0
2023-02-01,05V,3457.0,5775.0
2026-02-01,05V,2458.0,6244.0
2023-12-01,05V,3706.0,6486.0
2023-03-01,05V,3850.0,6450.0
2026-05-01,05V,2485.0,6630.0
2024-08-01,05W,7132.0,13249.0
2026-04-01,05W,5396.0,14012.0
2023-10-01,07H,6218.0,10685.0
2024-10-01,07K,6957.0,12990.0
2024-06-01,07K,6814.0,12365.0
2024-05-01,07K,7060.0,12814.0
2025-02-01,09D,4535.0,8988.0
2021-07-01,12F,8628.0,13978.0
2021-08-01,15A,10137.0,16477.0
2022-01-01,15A,10943.0,17705.0
2022-03-01,15A,10998.0,17803.0
2021-06-01,15A,10928.0,17663.0
2025-11-01,15C,14640.0,34063.03333333333
2026-03-01,15C,14036.0,36170.13333333333
2024-09-01,16C,15459.0,28397.0
2024-03-01,16C,16394.0,29307.0
2022-08-01,91Q,37324.0,61901.0
2022-11-01,91Q,38737.0,64018.0
2022-12-01,91Q,41748.0,69077.0
2023-01-01,91Q,38731.0,64855.0
2022-04-01,99E,5354.0,8756.0
2022-02-01,99E,5160.0,8399.0
2022-05-01,99E,5643.0,9236.0
2022-06-01,99E,5709.0,9365.0
2021-12-01,99E,6242.0,9972.0
2026-01-01,B2M3M,15231.0,37165.0
2025-06-01,D2P2L,23122.0,49070.0
2025-01-01,D2P2L,28180.0,55317.0
2025-04-01,D2P2L,24746.0,50915.0
2025-05-01,D2P2L,24883.0,51795.0
2025-03-01,D2P2L,24616.0,49647.0
2026-05-01,00L,5599.0,14885.0
2024-07-01,00P,6595.0,12043.0
2023-10-01,00P,6732.0,11540.0
2024-10-01,00P,6555.0,12218.0
2025-02-01,00P,5383.0,10631.0
2025-01-01,00Q,3927.0,7651.0
2021-09-01,00Q,4772.0,7616.0
2023-11-01,00Q,4596.0,7931.0
2022-11-01,00Q,4631.0,7620.0
2025-11-01,01E,3435.0,7969.0
2023-03-01,02E,5100.0,8528.0
2023-06-01,02E,4672.0,7920.0
2023-04-01,02Q,2401.0,4050.0
2022-12-01,03Q,5099.0,8435.0
2023-07-01,05Q,4951.0,8428.0
2025-05-01,05Q,4380.0,9097.0
2021-07-01,05Q,5380.0,8676.0
2023-08-01,05V,3405.0,5880.0
2024-04-01,05V,3693.0,6606.0
2024-06-01,05V,3306.0,5987.0
2024-09-01,05W,7299.0,13376.0
2024-02-01,07G,3014.0,5365.0
2024-03-01,07G,3125.0,5581.0
2024-12-01,07K,6976.0,13320.0
2025-06-01,07K,5897.0,12425.0
2025-03-01,11M,11738.0,23632.0
2021-12-01,12F,9324.0,14856.0
2021-11-01,12F,8938.0,14283.0
2021-08-01,12F,8215.0,13283.0
2025-12-01,15C,16265.0,38733.03333333333
2024-11-01,16C,15608.0,29317.0
2023-12-01,16C,17261.0,30077.0
2024-05-01,16C,16712.0,30296.0
2024-08-01,16C,15466.0,28708.0
2024-01-01,16C,17695.0,31211.0
2026-03-01,84H,9211.0,23641.0
2026-04-01,84H,8809.0,22836.0
2026-02-01,84H,8673.0,21803.0
2026-01-01,84H,9850.0,23949.0
2025-04-01,91Q,30107.0,61859.0
2022-02-01,91Q,36182.0,58446.0
2023-02-01,91Q,35571.0,59346.0
2025-07-01,91Q,30224.0,64876.0
2022-05-01,91Q,39657.0,64005.0
2022-04-01,91Q,37822.0,61444.0
2022-06-01,91Q,38670.0,63149.0
2022-09-01,91Q,37449.0,61830.0
2022-10-01,91Q,38556.0,63484.0
2023-01-01,99E,5523.0,9247.0
2023-09-01,99E,4999.0,8565.0
2022-03-01,99E,6079.0,9837.0
2021-06-01,99E,5929.0,9495.0
2022-01-01,99E,5945.0,9605.0
2023-05-01,99E,5641.0,9517.0
2022-07-01,99E,5377.0,8807.0
2021-10-01,99E,5857.0,9316.0
2022-08-01,99E,5493.0,9107.0
2026-06-01,B2M3M,13257.0,35906.0
2025-08-01,D2P2L,21475.0,47903.0
2025-09-01,D2P2L,23804.0,52393.0
2025-10-01,D2P2L,23656.0,53714.0
2026-04-01,00L,6032.0,15636.0
2024-03-01,00P,6468.0,11537.0
2024-06-01,00Q,3881.0,7013.0
2025-08-01,01E,3409.0,7499.0
2021-11-01,01E,5154.0,8226.0
2021-12-01,01X,6695.0,10647.0
2023-06-01,03Q,4642.0,7843.0
2023-09-01,03Q,4174.0,7151.0
2023-01-01,03Q,4738.0,7892.0
2023-05-01,03Q,4442.0,7489.0
2023-07-01,03R,9178.0,15587.0
2024-01-01,03R,9462.0,16563.0
2025-03-01,03R,7681.0,15294.0
2023-02-01,03R,9051.0,15061.0
2024-02-01,03R,8536.0,15132.0
2025-09-01,03R,7341.0,16066.0
2024-11-01,03R,8289.0,15561.0
2025-10-01,03R,7194.0,16309.0
2025-01-01,03R,8576.0,16702.0
2023-08-01,05Q,4902.0,8459.0
2023-12-01,05Q,4989.0,8681.0
2022-05-01,05Q,5378.0,8652.0
2021-08-01,05Q,5025.0,8094.0
2025-06-01,05Q,4002.0,8430.0
2025-07-01,05Q,4368.0,9344.0
2022-04-01,05V,3630.0,5881.0
2024-05-01,05V,3589.0,6498.0
2023-10-01,05V,3636.0,6222.0
2024-10-01,05W,7548.0,14063.0
2026-06-01,05W,5135.0,13855.0
2026-02-01,05W,5014.0,12553.0
2023-11-01,07H,6610.0,11400.0
2024-04-01,07H,6083.0,10878.0
2025-02-01,07H,5053.0,9978.0
2024-08-01,07K,6799.0,12598.0
2025-05-01,07K,6026.0,12513.0
2024-07-01,07K,7012.0,12797.0
2025-04-01,07K,5959.0,12195.0
2021-10-01,12F,8788.0,13956.0
2021-09-01,12F,8965.0,14307.0
2022-06-01,12F,8531.0,13824.0
2022-01-01,12F,8973.0,14353.0
2021-06-01,12F,8667.0,13878.0
2022-07-01,15A,10245.0,16725.0
2022-02-01,15A,9651.0,15509.0
2022-10-01,15A,10538.0,17224.0
2022-08-01,16C,17918.0,29395.0
2024-12-01,16C,15654.0,29781.0
2022-09-01,16C,17861.0,29320.0
2022-03-01,91Q,41384.0,66717.0
2023-03-01,99E,6264.0,10450.0
2022-11-01,99E,5631.0,9225.0
2021-07-01,99E,6054.0,9762.0
2022-12-01,99E,5856.0,9629.0
2023-04-01,99E,5057.0,8526.0
2026-05-01,B2M3M,13055.0,34569.0
2024-09-01,D2P2L,27896.0,51068.0
2025-12-01,D2P2L,23428.0,55744.0
2025-11-01,D2P2L,21519.0,49832.0
2026-01-01,D2P2L,21961.0,53312.0
2026-03-01,D2P2L,21121.0,52962.0
2026-03-01,00L,6071.0,15201.0
2026-02-01,00L,5627.0,13912.0
2025-03-01,00Q,3602.0,7162.0
2025-04-01,00Q,3400.0,6929.0
2023-10-01,00Q,4292.0,7340.0
2023-07-01,00Q,4066.0,6905.0
2025-12-01,00Q,3462.0,8233.0
2024-01-01,01E,4653.0,8142.0
2024-02-01,01E,4228.0,7455.0
2023-09-01,01E,4455.0,7629.0
2024-05-01,01J,4099.0,7419.0
2024-08-01,01J,3736.0,6915.0
2021-07-01,01X,6189.0,9922.0
2022-06-01,01X,5800.0,9293.0
2022-04-01,01X,5941.0,9563.0
2022-02-01,01X,5622.0,9034.0
2021-09-01,01X,6340.0,10109.0
2023-01-01,02E,4992.0,8270.0
2026-01-01,02Q,1996.0,4824.0
2023-02-01,03Q,4315.0,7142.0
2022-10-01,03Q,4853.0,7910.0
2025-05-01,03R,7689.0,15850.0
2024-12-01,03R,8497.0,16079.0
2025-11-01,03R,6523.0,15030.0
2024-03-01,04Y,3280.0,5842.0
2022-09-01,05Q,5114.0,8349.0
2022-11-01,05Q,5426.0,8881.0
2021-10-01,05Q,5106.0,8092.0
2022-01-01,05Q,5348.0,8535.0
2023-05-01,05Q,5199.0,8747.0
2021-06-01,05Q,5324.0,8517.0
2024-09-01,05V,3327.0,6090.0
2026-06-01,05V,2435.0,6524.0
2022-07-01,05V,3750.0,6114.0
2024-04-01,05W,7662.0,13699.0
2023-11-01,05W,7930.0,13649.0
2023-12-01,07H,6521.0,11321.0
2024-11-01,07H,5620.0,10528.0
2025-09-01,07K,5706.0,12470.0
2025-01-01,11M,13238.0,25551.0
2025-02-01,11M,11375.0,22414.0
2022-03-01,12F,9123.0,14671.0
2022-05-01,15A,10976.0,17631.0
2023-08-01,15A,9442.0,16238.0
2022-08-01,15A,10069.0,16477.0
2021-11-01,15A,10951.0,17364.0
2023-03-01,15A,10593.0,17614.0
2025-10-01,15C,16164.0,36605.0
2024-07-01,16C,16796.0,30596.0
2024-10-01,16C,16353.0,30336.0
2023-04-01,16C,16491.0,27723.0
2022-12-01,16C,18917.0,31084.0
2023-06-01,16C,17675.0,29848.0
2025-08-01,91Q,27159.0,59252.0
2025-06-01,91Q,29599.0,62191.0
2021-12-01,91Q,44366.0,70549.0
2026-05-01,92G,13309.0,34933.0
2021-08-01,99E,5468.0,8794.0
2024-06-01,99E,4915.0,8870.0
2026-04-01,D2P2L,19960.0,51282.0
2025-07-01,D2P2L,25292.0,54042.0
2024-06-01,00P,6185.0,11159.0
2022-08-01,00P,7067.0,11515.0
2023-03-01,00P,7249.0,12048.0
2023-07-01,00P,6622.0,11206.0
2024-09-01,00P,6143.0,11228.0
2025-05-01,00Q,3816.0,7865.0
2025-11-01,00Q,3352.0,7676.0
2024-03-01,00Q,4081.0,7218.0
2025-02-01,00Q,3547.0,6955.0
2024-04-01,01E,4354.0,7767.0
2024-10-01,01J,3880.0,7185.0
2026-03-01,01J,2937.0,7323.0
2021-06-01,01X,6122.0,9773.0
2022-09-01,03Q,4459.0,7271.0
2023-10-01,03R,9456.0,16118.0
2023-09-01,03R,9067.0,15485.0
2025-06-01,03R,7154.0,14893.0
2025-08-01,05Q,3825.0,8288.0
2025-10-01,05Q,4227.0,9472.0
2022-03-01,05Q,5616.0,9023.0
2022-02-01,05Q,4854.0,7771.0
2025-09-01,05Q,4168.0,9093.0
2026-04-01,05V,2521.0,6440.0
2022-10-01,05V,3717.0,6055.0
2022-06-01,05V,3725.0,5967.0
2021-12-01,05V,4229.0,6705.0
2024-02-01,05W,7215.0,12703.0
2024-12-01,05W,7351.0,13899.0
2026-01-01,05W,5803.0,13891.0
2026-05-01,05W,4979.0,13020.0
2024-05-01,07H,6025.0,10849.0
2025-04-01,07H,5092.0,10332.0
2024-01-01,07H,6511.0,11377.0
2025-01-01,07H,5788.0,11141.0
2024-11-01,07K,6766.0,12661.0
2025-07-01,07K,6036.0,12881.0
2022-05-01,12F,9007.0,14461.0
2022-04-01,12F,8721.0,13988.0
2025-03-01,14Y,9388.0,18663.0
2023-04-01,15A,9531.0,16022.0
2023-02-01,15A,9543.0,15775.0
2022-11-01,15A,10412.0,16998.0
2021-09-01,15A,11163.0,17715.0
2022-12-01,15A,11688.0,18995.0
2023-06-01,15A,10450.0,17577.0
2023-05-01,16C,17649.0,29672.0
2023-08-01,16C,16636.0,28582.0
2023-01-01,16C,18527.0,30578.0
2023-11-01,42D,12907.0,22194.0
2025-12-01,84H,10627.0,25123.0
2022-07-01,91Q,37641.0,61366.0
2021-10-01,91Q,40432.0,63966.0
2021-11-01,91Q,41427.0,65580.0
2021-07-01,91Q,40359.0,64625.0
2022-01-01,91Q,40096.0,63846.0
2021-08-01,91Q,37227.0,59471.0
2023-12-01,99E,5414.0,9397.0
2024-08-01,99E,4644.0,8584.0
2024-07-01,D2P2L,29529.0,53757.0
2026-02-01,D2P2L,19718.0,48641.0
2026-06-01,D2P2L,20048.0,53241.0
2023-01-01,00P,7290.0,11977.0
2023-11-01,00P,6956.0,11957.0
2023-08-01,00P,6718.0,11519.0
2024-11-01,00Q,4011.0,7501.0
2026-03-01,00Q,3115.0,7724.0
2024-12-01,00Q,4112.0,7772.0
2025-10-01,00Q,3531.0,7885.0
2025-06-01,00Q,3394.0,7026.0
2024-10-01,00Q,4266.0,7896.0
2021-07-01,00V,4716.0,7548.0
2023-12-01,01E,4771.0,8233.0
2025-07-01,01E,3962.0,8415.0
2026-01-01,01J,3121.0,7469.0
2026-04-01,01J,2874.0,7334.0
2026-05-01,01J,2678.0,6937.0
2021-08-01,01X,5742.0,9159.0
2022-05-01,01X,5996.0,9602.0
2021-11-01,01X,6258.0,9889.0
2022-01-01,01X,5989.0,9496.0
2021-10-01,01X,6100.0,9649.0
2023-03-01,03Q,5096.0,8451.0
2024-09-01,03R,8226.0,14984.0
2024-05-01,03R,8906.0,15966.0
2025-02-01,03R,7371.0,14406.0
2026-02-01,03R,6022.0,14777.0
2024-08-01,04Y,3114.0,5751.0
2024-02-01,05Q,4727.0,8305.0
2021-12-01,05Q,6199.0,9815.0
2024-01-01,05V,3717.0,6493.0
2022-03-01,05V,4076.0,6537.0
2022-11-01,05V,3727.0,6081.0
2022-02-01,05V,3470.0,5549.0
2023-04-01,05V,3430.0,5760.0
2025-01-01,05W,7299.0,14024.0
2024-03-01,05W,7466.0,13169.0
2025-09-01,05W,6136.0,13351.0
2025-12-01,05W,6162.0,14550.0
2023-10-01,05W,7943.0,13523.0
2022-12-01,05W,9011.0,14619.0
2024-07-01,07G,3336.0,6073.0
2024-06-01,07H,5811.0,10435.0
2023-06-01,07H,6664.0,11157.0
2025-11-01,07H,4647.0,10618.0
2025-03-01,07K,6263.0,12386.0
2024-04-01,07K,7183.0,12780.0
2025-08-01,07K,5409.0,11710.0
2025-05-01,09D,4875.0,9953.0
2022-08-01,12F,8338.0,13582.0
2025-04-01,14Y,9004.0,18225.0
2022-09-01,15A,10373.0,16907.0
2023-05-01,15A,10197.0,17036.0
2023-09-01,15A,9529.0,16274.0
2022-10-01,16C,18099.0,29470.0
2022-06-01,16C,18111.0,28972.0
2023-07-01,16C,17092.0,28863.0
2022-04-01,16C,17530.0,28063.0
2023-02-01,16C,16763.0,27686.0
2022-07-01,16C,18361.0,29607.0
2021-06-01,91Q,40167.0,63417.0
2021-09-01,91Q,41069.0,65154.0
2026-06-01,92G,13776.0,36498.0
2024-04-01,00P,6602.0,11741.0
2024-01-01,00P,7045.0,12263.0
2022-12-01,00P,7758.0,12542.0
2023-02-01,00P,6487.0,10714.0
2024-08-01,00P,6197.0,11436.0
2024-05-01,00P,6707.0,11979.0
2023-12-01,00P,6929.0,11954.0
2023-05-01,00P,6732.0,11240.0
2025-07-01,00Q,3626.0,7688.0
2021-06-01,00V,4628.0,7291.0
2021-09-01,00V,5078.0,7940.0
2021-08-01,00V,4340.0,6922.0
2021-07-01,00X,4381.0,7002.0
2024-12-01,01J,3821.0,7192.0
2024-09-01,01J,3749.0,6808.0
2022-11-01,01X,5913.0,9634.0
2022-03-01,01X,6468.0,10305.0
2024-10-01,02E,4552.0,8358.0
2023-04-01,02E,4240.0,7111.0
2021-10-01,02P,8475.0,13273.0
2021-11-01,02P,8547.0,13456.0
2025-12-01,02Q,2114.0,4988.0
2026-06-01,02Q,1815.0,4730.0
2022-05-01,03Q,4971.0,7903.0
2023-10-01,03Q,4449.0,7573.0
2025-04-01,03R,7548.0,15265.0
2023-11-01,03R,9488.0,16215.0
2024-07-01,03R,9026.0,16431.0
2026-01-01,03R,6586.0,15690.0
2022-06-01,05Q,5033.0,8046.0
2023-01-01,05Q,5367.0,8817.0
2022-10-01,05Q,5251.0,8503.0
2022-08-01,05V,3755.0,6085.0
2023-06-01,05V,3876.0,6487.0
2022-09-01,05V,3816.0,6212.0
2024-06-01,05W,7070.0,12689.0
2025-05-01,05W,6573.0,13314.0
2025-10-01,05W,6335.0,14098.0
2024-11-01,05W,7164.0,13333.0
2024-03-01,07H,6193.0,10901.0
2023-08-01,07H,6217.0,10621.0
2023-09-01,07H,6184.0,10556.0
2025-02-01,07K,5927.0,11576.0
2025-01-01,07K,6870.0,13144.0
2025-03-01,09D,4606.0,9087.0
2022-02-01,12F,8124.0,12981.0
2025-06-01,14Y,8972.0,18562.0
2021-12-01,15A,12152.0,19235.0
2023-07-01,15A,9688.0,16348.0
2022-04-01,15A,10635.0,16969.0
2025-08-01,15C,14478.0,31318.1
2022-01-01,16C,19132.0,30195.0
2023-03-01,16C,18959.0,31230.0
2025-11-01,84H,9723.0,22137.0
2025-09-01,91Q,29156.0,63395.0
2026-02-01,92G,13760.0,33441.0
2026-03-01,92G,15023.0,37221.03333333333
2026-04-01,92G,14089.0,35770.0
2026-05-01,D2P2L,19400.0,50049.0
2024-02-01,D2P2L,28849.0,50348.0
2022-07-01,D2P2L,31590.0,50753.0
2023-06-01,00P,7344.0,12264.0
2026-06-01,00Q,2892.0,7536.0
2026-01-01,00Q,3262.0,7754.0
2021-12-01,00V,5384.0,8479.0
2026-02-01,01J,2842.0,6877.0
2025-12-01,01J,3423.0,7991.0
2022-10-01,01X,5766.0,9334.0
2022-12-01,01X,6518.0,10531.0
2023-01-01,01X,5850.0,9555.0
2022-09-01,01X,5770.0,9348.0
2022-08-01,01X,5888.0,9519.0
2023-02-01,01X,5335.0,8761.0
2023-08-01,02E,4540.0,7727.0
2024-12-01,02E,4451.0,8362.0
2023-09-01,02E,4537.0,7709.0
2023-12-01,02E,4803.0,8263.0
2024-03-01,02E,4314.0,7575.0
2021-07-01,02P,8740.0,13675.0
2021-08-01,02P,8061.0,12772.0
2022-02-01,02P,7436.0,11797.0
2021-06-01,02P,8736.0,13760.0
2025-01-01,03L,6659.0,12732.0
2021-11-01,03Q,5268.0,8244.0
2022-11-01,03Q,4753.0,7710.0
2024-06-01,03R,8418.0,15036.0
2024-10-01,03R,8931.0,16374.0
2026-04-01,03R,6138.0,15458.0
2024-04-01,03R,8913.0,15838.0
2022-04-01,05Q,5143.0,8203.0
2023-03-01,05Q,5564.0,9154.0
2022-05-01,05V,3840.0,6089.0
2022-01-01,05V,3879.0,6122.0
2021-10-01,05V,3886.0,6068.0
2023-05-01,05V,3738.0,6212.0
2025-04-01,05W,6555.0,13125.0
2025-06-01,05W,6381.0,13193.0
2023-07-01,05W,7786.0,13049.0
2025-07-01,05W,6684.0,14133.0
2025-02-01,05W,6360.0,12321.0
2026-03-01,05W,5440.0,13444.0
2025-05-01,07G,3002.0,6051.0
2025-03-01,07H,5346.0,10476.0
2024-02-01,07H,6077.0,10599.0
2024-07-01,07H,6089.0,11054.0
2021-09-01,09D,5817.0,9088.0
2024-11-01,09D,5435.0,10054.0
2022-07-01,12F,8778.0,14083.0
2025-08-01,14Y,7905.0,17042.0
2022-06-01,15A,10524.0,16793.0
2025-09-01,15C,15954.0,34564.03333333333
2023-11-01,16C,17306.0,29569.0
2022-03-01,16C,19590.0,31041.0
2023-10-01,16C,17082.0,29063.0
2025-10-01,84H,10693.0,23766.0
2025-11-01,91Q,27379.0,62266.0
2026-05-01,99A,7696.0,19601.0
2024-09-01,99E,4808.0,8729.0
2024-01-01,99E,5729.0,9911.0
2024-08-01,D2P2L,27064.0,49920.0
2024-05-01,D2P2L,29832.0,53021.0
2023-04-01,D2P2L,28168.0,46750.0
2024-02-01,00P,6547.0,11396.0
2022-06-01,00P,7181.0,11422.0
2022-10-01,00P,6982.0,11233.0
2022-05-01,00V,4932.0,7815.0
2021-11-01,00V,4862.0,7603.0
2021-10-01,00V,4770.0,7429.0
2022-03-01,00V,4969.0,7861.0
2024-07-01,01E,4560.0,8181.0
2024-05-01,01E,4678.0,8310.0
2025-01-01,01J,3777.0,7219.0
2026-06-01,01J,2858.0,7430.0
2024-11-01,01J,3865.0,7130.0
2024-09-01,02E,4306.0,7814.0
2021-09-01,02P,8932.0,13912.0
2021-12-01,02P,9157.0,14414.0
2022-01-01,02P,8242.0,12990.0
2026-02-01,02Q,1758.0,4243.0
2022-02-01,03Q,4597.0,7264.0
2022-07-01,03Q,4828.0,7730.0
2024-10-01,04Y,3558.0,6516.0
2023-04-01,05Q,4726.0,7843.0
2023-09-01,05Q,4824.0,8186.0
2026-03-01,05Q,3900.0,9519.0
2022-08-01,05Q,5318.0,8521.0
2023-02-01,05Q,4907.0,8030.0
2026-01-01,05Q,3962.0,9397.0
2021-06-01,05V,3890.0,6048.0
2022-12-01,05V,4148.0,6694.0
2023-12-01,05W,7801.0,13404.0
2025-11-01,05W,5882.0,13358.0
2025-08-01,05W,5955.0,12743.0
2024-01-01,05W,8214.0,14157.0
2022-04-01,06L,9542.0,15165.0
2025-02-01,07G,2945.0,5688.0
2025-03-01,07G,2958.0,5794.0
2024-12-01,07H,6022.0,11237.0
2023-07-01,07H,6357.0,10639.0
2024-08-01,07H,5676.0,10447.0
2023-03-01,07H,6961.0,11409.0
2023-05-01,07H,6441.0,10649.0
2025-09-01,07H,4917.0,10651.0
2024-03-01,07K,7021.0,12321.0
2022-09-01,12F,8726.0,14016.0
2022-11-01,12F,9182.0,14775.0
2025-07-01,14Y,9226.0,19301.0
2025-05-01,14Y,9742.0,19611.0
2023-01-01,15A,10972.0,17916.0
2023-11-01,15A,10329.0,17642.0
2023-10-01,15A,10062.0,17013.0
2025-04-01,15F,12346.0,24536.0
2021-08-01,16C,18347.0,28768.0
2021-07-01,16C,19465.0,30359.0
2026-04-01,72Q,21040.0,52530.0
2025-10-01,91Q,30165.0,66928.0
2026-05-01,92A,14762.0,37439.0
2025-12-01,92G,16875.0,39077.0
2025-06-01,92G,16710.0,34429.0
2024-04-01,99E,5123.0,9046.0
2023-06-01,D2P2L,31144.0,51584.0
2023-08-01,D2P2L,29251.0,49662.0
2024-06-01,D2P2L,27706.0,49158.0
2025-09-01,00L,7058.0,15158.0
2024-09-01,00Q,4060.0,7347.0
2026-02-01,00Q,2880.0,6945.0
2023-08-01,00Q,4323.0,7293.0
2022-04-01,00V,4652.0,7382.0
2022-01-01,00V,4792.0,7509.0
2024-08-01,01E,4188.0,7647.0
2022-07-01,01X,5978.0,9529.0
2024-05-01,02E,4740.0,8399.0
2024-01-01,02E,4889.0,8419.0
2025-01-01,02E,4456.0,8465.0
2023-11-01,02E,4690.0,7980.0
2026-04-01,02Q,1861.0,4622.0
2025-02-01,03L,5873.0,11209.0
2024-10-01,03L,6950.0,12660.0
2022-06-01,03Q,4603.0,7308.0
2026-05-01,03R,5817.0,14698.0
2023-12-01,03R,9431.0,16123.0
2026-03-01,03R,6540.0,15951.0
2023-06-01,05Q,5463.0,9018.0
2022-12-01,05Q,5859.0,9438.0
2023-09-01,05W,7681.0,12963.0
2023-02-01,05W,8171.0,13335.0
2023-04-01,07H,6191.0,10199.0
2025-05-01,07H,5444.0,10949.0
2025-08-01,07H,4721.0,10089.0
2024-06-01,09D,5103.0,9046.0
2025-04-01,09D,4617.0,9174.0
2022-10-01,12F,8808.0,14076.0
2025-12-01,14Y,8997.0,20820.0
2025-03-01,15A,8603.0,16764.0
2022-02-01,16C,17092.0,26905.0
2021-11-01,16C,19060.0,29614.0
2021-06-01,16C,19385.0,30091.0
2021-09-01,16C,19483.0,30239.0
2021-12-01,16C,20852.0,32570.0
2023-10-01,42D,12921.0,21822.0
2025-06-01,84H,10726.0,21980.0
2026-06-01,92A,15064.0,39157.0
2025-07-01,92G,17186.0,35935.0
2025-10-01,92G,16953.0,37504.0
2025-11-01,92G,15241.0,34251.0
2026-01-01,92G,15884.0,37598.0
2021-10-01,99A,13200.0,20521.0
2022-03-01,99A,13618.0,21523.0
2021-08-01,99A,12510.0,19579.0
2021-07-01,99A,13516.0,20910.0
2024-02-01,99E,5178.0,8969.0
2024-11-01,99E,4965.0,9084.0
2024-07-01,99E,5436.0,9698.0
2024-12-01,99E,5223.0,9735.0
2023-03-01,D2P2L,32947.0,53806.0
2023-07-01,D2P2L,29785.0,49768.0
2024-04-01,D2P2L,29492.0,51607.0
2023-01-01,D2P2L,32538.0,52570.0
2024-03-01,D2P2L,28657.0,50276.0
2022-05-01,D2P2L,32741.0,51859.0
2022-08-01,D2P2L,31433.0,50293.0
2022-09-01,D2P2L,32058.0,51139.0
2022-11-01,D2P2L,33040.0,52822.0
2023-05-01,D2P2L,31229.0,51625.0
2025-12-01,00L,7084.0,16309.0
2026-01-01,00L,6564.0,15508.0
2025-09-01,00Q,3642.0,7812.0
2026-05-01,00Q,2858.0,7218.0
2024-06-01,01E,4091.0,7228.0
2025-06-01,01E,3750.0,7676.0
2023-10-01,01X,5533.0,9295.0
2023-05-01,01X,5620.0,9247.0
2023-07-01,02E,4631.0,7737.0
2024-07-01,02E,4649.0,8275.0
2024-04-01,02E,4693.0,8148.0
2024-08-01,02E,4238.0,7668.0
2022-03-01,02P,8593.0,13554.0
2022-07-01,02P,8030.0,12737.0
2022-04-01,02P,8155.0,12905.0
2026-03-01,02Q,1919.0,4678.0
2024-11-01,03L,6674.0,12189.0
2022-01-01,03Q,4904.0,7634.0
2024-03-01,03R,8966.0,15607.0
2025-11-01,05Q,3899.0,8758.0
2025-03-01,05W,6856.0,13347.0
2023-03-01,05W,9031.0,14734.0
2023-06-01,05W,8378.0,13804.0
2023-08-01,05W,8021.0,13488.0
2023-04-01,05W,8028.0,13211.0
2022-11-01,05W,9333.0,14902.0
2021-06-01,06L,9814.0,15213.0
2021-12-01,06L,10944.0,16956.0
2022-08-01,06L,9446.0,15106.0
2022-02-01,06L,9064.0,14253.0
2025-04-01,07G,2831.0,5618.0
2025-01-01,07G,3259.0,6155.0
2025-10-01,07K,5906.0,12993.0
2024-02-01,09D,5254.0,9056.0
2021-08-01,09D,5388.0,8409.0
2021-07-01,09D,5996.0,9221.0
2024-12-01,11M,13598.0,25223.0
2026-02-01,14Y,7509.0,17997.0
2024-09-01,15A,9034.0,16230.0
2025-07-01,15C,16665.0,34764.0
2026-04-01,15F,10199.0,25327.0
2021-10-01,16C,19364.0,30078.0
2022-05-01,16C,19444.0,30685.0
2025-02-01,26A,22238.0,42382.0
2022-10-01,42D,13600.0,21722.0
2023-01-01,42D,13683.0,22078.0
2023-09-01,42D,12340.0,20700.0
2023-02-01,42D,12468.0,20305.0
2025-08-01,84H,9924.0,21099.0
2022-06-01,84H,14205.0,22455.0
2025-05-01,92G,17852.0,35632.0
2021-09-01,99A,13458.0,20823.0
2021-11-01,99A,13729.0,21226.0
2026-06-01,99A,7821.0,20292.0
2022-09-01,99A,12606.0,20053.0
2023-11-01,99E,5481.0,9310.0
2024-10-01,99E,5465.0,9954.0
2024-05-01,99E,5488.0,9721.0
2024-01-01,D2P2L,31090.0,53267.0
2023-12-01,D2P2L,30371.0,51717.0
2022-12-01,D2P2L,33574.0,53873.0
2025-11-01,00L,6561.0,14689.0
2022-04-01,00P,7066.0,11115.0
2024-08-01,00Q,4287.0,7751.0
2022-07-01,00V,4823.0,7649.0
2024-09-01,01E,4264.0,7627.0
2025-04-01,01J,3424.0,6774.0
2023-04-01,01X,5339.0,8776.0
2025-05-01,02E,4056.0,8094.0
2022-09-01,02P,8217.0,13066.0
2022-05-01,02P,8274.0,13044.0
2022-08-01,02P,7963.0,12692.0
2026-05-01,02Q,1723.0,4340.0
2025-03-01,03L,6109.0,11880.0
2021-10-01,03Q,5040.0,7775.0
2024-06-01,04Y,3314.0,5842.0
2024-05-01,04Y,3804.0,6692.0
2021-11-01,05V,4076.0,6276.0
2021-12-01,05W,9783.0,15113.0
2023-01-01,05W,9102.0,14668.0
2022-10-01,05W,8501.0,13543.0
2021-09-01,05W,9457.0,14530.0
2021-07-01,06L,10023.0,15390.0
2021-08-01,06L,9282.0,14486.0
2025-12-01,07H,5000.0,11508.0
2024-12-01,09D,5323.0,9866.0
2024-10-01,09D,5466.0,9880.0
2025-01-01,09D,5422.0,10225.0
2024-04-01,09D,5423.0,9413.0
2024-11-01,11M,13119.0,23861.0
2023-12-01,11M,14393.0,24348.0
2023-02-01,12F,8314.0,13537.0
2022-12-01,12F,9788.0,15626.0
2023-08-01,12F,8302.0,13897.0
2026-03-01,13T,8422.0,20426.0
2026-04-01,13T,8106.0,20091.0
2025-02-01,14Y,9340.0,17792.0
2025-07-01,15A,8379.0,17380.0
2024-07-01,15A,9718.0,17275.0
2025-06-01,15C,16071.0,32880.0
2026-01-01,15F,11420.0,26919.0
2025-10-01,15F,12344.0,27152.0
2023-10-01,26A,26755.0,44941.0
2024-02-01,26A,25693.0,44065.0
2023-06-01,42D,13258.0,21822.0
2023-05-01,42D,13043.0,21437.0
2023-07-01,42D,12573.0,20902.0
2022-11-01,42D,13703.0,21826.0
2026-06-01,72Q,20727.0,53552.0
2023-03-01,84H,14904.0,24228.0
2025-09-01,84H,10610.0,22735.0
2024-01-01,84H,13802.0,23647.0
2026-02-01,92A,15158.0,36244.0
2025-08-01,92G,15167.0,32215.0
2021-06-01,99A,13638.0,20955.0
2022-02-01,99A,12005.0,18843.0
2022-06-01,99A,12989.0,20471.0
2022-01-01,99A,13148.0,20467.0
2024-03-01,99E,5511.0,9486.0
2022-03-01,D2P2L,33875.0,53288.0
2023-11-01,D2P2L,31096.0,52266.0
2023-09-01,D2P2L,30076.0,49937.0
2025-10-01,00L,7300.0,16048.0
2022-11-01,00P,7539.0,11985.0
2022-08-01,00V,4577.0,7275.0
2025-05-01,01E,4021.0,8003.0
2025-11-01,01H,6351.0,14159.0
2026-05-01,01H,5565.0,13953.0
2023-07-01,01X,5317.0,8824.0
2025-02-01,02E,3836.0,7303.0
2024-06-01,02E,4359.0,7675.0
2024-12-01,03L,6820.0,12619.0
2025-06-01,03L,5889.0,12029.0
2021-12-01,03Q,5485.0,8472.0
2023-11-01,04Y,3659.0,6142.0
2021-07-01,04Y,3958.0,6062.0
2024-01-01,04Y,3760.0,6403.0
2024-07-01,04Y,3636.0,6462.0
2025-12-01,05Q,4240.0,9731.0
2023-05-01,05W,8532.0,14014.0
2021-11-01,05W,9351.0,14322.0
2021-06-01,05W,9424.0,14435.0
2021-08-01,05W,8335.0,12960.0
2022-07-01,06L,9562.0,15075.0
2022-03-01,06L,10102.0,15868.0
2021-10-01,06L,9847.0,15164.0
2021-09-01,06L,10264.0,15731.0
2024-10-01,07H,6186.0,11142.0
2024-03-01,09D,5258.0,9040.0
2024-08-01,09D,4922.0,8896.0
2024-05-01,09D,5537.0,9660.0
2024-09-01,09D,5158.0,9188.0
2025-09-01,14Y,8796.0,18804.0
2024-11-01,14Y,10556.0,19034.0
2025-01-01,14Y,10433.0,19663.0
2025-08-01,15A,7310.0,15446.0
2023-12-01,15A,10617.0,17924.0
2024-02-01,15A,9645.0,16440.0
2025-03-01,15F,13018.0,25183.0
2026-06-01,15F,10255.0,26466.0
2025-07-01,15F,12570.0,25991.0
2023-03-01,42D,14018.0,22718.0
2023-04-01,42D,12065.0,19779.0
2022-12-01,42D,14847.0,23645.0
2023-08-01,42D,12677.0,21187.0
2026-02-01,72Q,20927.0,49919.0
2022-04-01,84H,14027.0,22030.0
2022-09-01,84H,14399.0,22890.0
2023-06-01,84H,13940.0,22914.0
2022-01-01,84H,14707.0,22848.0
2023-09-01,84H,13452.0,22335.0
2024-04-01,84H,13276.0,22987.0
2023-01-01,84H,14147.0,22767.0
2026-03-01,91Q,27553.0,66819.0
2026-01-01,92A,17445.0,40880.0
2026-04-01,92A,15432.0,38018.0
2025-04-01,92G,17304.0,34133.0
2022-05-01,99A,13119.0,20625.0
2022-10-01,99A,12980.0,20646.0
2022-02-01,D2P2L,29809.0,46664.0
2023-10-01,D2P2L,30946.0,51849.0
2022-06-01,D2P2L,31773.0,50030.0
2023-02-01,D2P2L,29095.0,47138.0
2021-09-01,00P,7912.0,12111.0
2022-05-01,00P,7834.0,12294.0
2025-08-01,01J,3075.0,6493.0
2023-08-01,01X,5372.0,8947.0
2023-12-01,01X,5695.0,9583.0
2023-10-01,02E,4901.0,8185.0
2024-02-01,02E,4610.0,7806.0
2022-06-01,02P,8257.0,12977.0
2022-11-01,02P,8023.0,12753.0
2022-12-01,02P,8544.0,13571.0
2025-04-01,03L,5918.0,11665.0
2022-03-01,03Q,5179.0,8128.0
2023-06-01,04Y,3709.0,6081.0
2024-12-01,04Y,3446.0,6370.0
2024-09-01,04Y,3497.0,6216.0
2025-03-01,04Y,3196.0,6177.0
2026-06-01,05Q,3645.0,9380.0
2021-08-01,05V,3715.0,5726.0
2022-02-01,05W,8216.0,12813.0
2022-04-01,05W,8559.0,13437.0
2022-07-01,05W,8972.0,14102.0
2022-10-01,06L,9668.0,15333.0
2022-01-01,06L,10103.0,15689.0
2026-02-01,07H,4231.0,10081.0
2025-11-01,07K,5358.0,11938.0
2021-11-01,09D,6497.0,9937.0
2024-01-01,09D,5776.0,9833.0
2021-10-01,09D,6218.0,9544.0
2023-02-01,09D,5473.0,8819.0
2021-06-01,11M,15359.0,23487.0
2021-07-01,11M,15444.0,23606.0
2024-07-01,11M,13918.0,24558.0
2024-10-01,11M,13676.0,24567.0
2023-03-01,12F,9348.0,15131.0
2023-04-01,12F,8170.0,13361.0
2023-01-01,12F,8896.0,14193.0
2024-08-01,14Y,10151.0,18238.0
2024-04-01,14Y,10676.0,18442.0
2024-06-01,15A,9345.0,16427.0
2025-10-01,15A,8302.0,18075.0
2024-11-01,15A,9421.0,16969.0
2025-01-01,15A,9705.0,18146.0
2024-03-01,15A,9635.0,16548.0
2025-06-01,15F,12097.0,24688.0
2023-09-01,26A,26351.0,43734.0
2022-09-01,42D,13467.0,21326.0
2026-05-01,72Q,20319.0,50879.0
2026-01-01,72Q,23451.0,54938.0
2023-05-01,84H,13808.0,22592.0
2023-11-01,84H,13879.0,23247.0
2023-07-01,84H,13242.0,21954.0
2025-05-01,84H,11459.0,22794.0
2024-05-01,84H,13299.0,23190.0
2025-07-01,84H,11384.0,23519.0
2026-03-01,92A,16268.0,39451.0
2025-12-01,92A,18339.0,41924.0
2025-09-01,92G,16407.0,35057.0
2022-08-01,99A,12830.0,20387.0
2026-04-01,99A,8145.0,20017.0
2021-12-01,99A,14690.0,22686.0
2025-02-01,99E,4401.0,8362.0
2022-02-01,00P,7090.0,11032.0
2021-11-01,00P,7766.0,11874.0
2022-10-01,00V,4927.0,7812.0
2021-07-01,00Y,7361.0,11231.0
2021-08-01,01H,8415.0,12882.0
2025-09-01,01J,3351.0,7138.0
2025-02-01,01J,3422.0,6497.0
2025-11-01,01J,3014.0,6714.0
2023-03-01,01X,6172.0,9982.0
2024-11-01,02E,4478.0,8042.0
2023-09-01,04Y,3696.0,6117.0
2021-09-01,05V,4113.0,6284.0
2021-10-01,05W,9007.0,13776.0
2022-01-01,05W,9173.0,14234.0
2022-09-01,06L,9737.0,15414.0
2022-06-01,06L,9846.0,15456.0
2025-08-01,07G,2519.0,5316.0
2025-06-01,07H,5113.0,10405.0
2025-07-01,07H,5324.0,10996.0
2025-12-01,07K,5920.0,13452.0
2021-06-01,09D,6038.0,9221.0
2023-08-01,09D,5349.0,8905.0
2023-07-01,09D,5205.0,8608.0
2023-06-01,12F,8732.0,14306.0
2023-05-01,12F,8371.0,13686.0
2026-05-01,13T,7815.0,19538.0
2024-10-01,14Y,10979.0,19643.0
2024-12-01,14Y,10663.0,19674.0
2024-07-01,14Y,11054.0,19408.0
2025-10-01,14Y,9057.0,19704.0
2024-08-01,15A,9287.0,16625.0
2025-04-01,15A,8205.0,16137.0
2024-04-01,15A,9746.0,16799.0
2024-05-01,15A,10120.0,17590.0
2024-01-01,15A,10450.0,17750.0
2025-05-01,15F,13099.0,25968.0
2026-02-01,15F,10132.0,24024.0
2025-01-01,15F,14604.0,27002.0
2022-03-01,15F,16843.0,26285.0
2022-05-01,15F,16105.0,25208.0
2022-07-01,15F,16093.0,25258.0
2023-11-01,26A,27624.0,46196.0
2023-12-01,26A,27925.0,46880.0
2025-03-01,26A,23649.0,45648.0
2022-08-01,42D,13467.0,21370.0
2024-03-01,84H,13339.0,22773.0
2023-04-01,84H,12908.0,21047.0
2022-11-01,84H,14640.0,23227.0
2022-12-01,84H,15816.0,25070.0
2023-10-01,84H,13717.0,22753.0
2024-06-01,84H,12457.0,21786.0
2024-02-01,84H,13221.0,22377.0
2026-01-01,91Q,28724.0,67153.0
2026-04-01,91Q,26411.0,64853.0
2026-06-01,91Q,25746.0,65856.0
2026-03-01,99A,8523.0,20619.0
2023-02-01,99A,11979.0,19228.0
2023-01-01,99A,13092.0,20841.0
2022-04-01,99A,12977.0,20341.0
2021-12-01,D2P2L,35885.0,55265.0
2024-09-01,M2L0M,11378.0,20207.0
2021-08-01,00P,7171.0,10962.0
2022-09-01,00P,7478.0,11830.0
2021-12-01,00P,8348.0,12836.0
2022-06-01,00V,4729.0,7406.0
2022-02-01,00V,4509.0,7010.0
2024-10-01,01E,4496.0,8026.0
2021-06-01,01H,8936.0,13607.0
2025-03-01,01J,3541.0,6826.0
2024-04-01,01X,5502.0,9442.0
2023-06-01,01X,5787.0,9452.0
2025-04-01,02E,3839.0,7508.0
2021-09-01,02H,10450.0,15923.0
2023-01-01,02P,7889.0,12549.0
2025-05-01,03L,6225.0,12313.0
2025-10-01,03L,5969.0,12950.0
2025-08-01,03L,5269.0,11077.0
2024-11-01,03N,13949.0,24947.0
2021-10-01,04Y,3900.0,5955.0
2023-07-01,04Y,3476.0,5730.0
2022-03-01,04Y,3892.0,6066.0
2025-06-01,04Y,2922.0,5918.0
2021-07-01,05V,4132.0,6302.0
2022-08-01,05W,8766.0,13908.0
2023-05-01,06L,9427.0,15343.0
2026-04-01,07H,4371.0,10727.0
2022-05-01,09D,5969.0,9332.0
2023-12-01,09D,5829.0,9761.0
2023-11-01,09D,5991.0,9946.0
2024-07-01,09D,5426.0,9500.0
2024-03-01,11M,13663.0,23128.0
2024-02-01,11M,13878.0,23405.0
2024-01-01,11M,14720.0,24973.0
2024-09-01,11M,12951.0,22932.0
2026-06-01,13T,7917.0,20221.0
2026-03-01,14Y,8141.0,19621.0
2026-01-01,14Y,8511.0,19842.0
2024-12-01,15F,14404.0,26159.0
2026-05-01,15F,9799.0,24455.0
2021-11-01,15F,17494.0,26737.0
2023-10-01,15F,15481.0,25575.0
2025-09-01,15F,12098.0,25457.0
2023-04-01,15F,14334.0,23372.0
2022-12-01,15F,17241.0,27325.0
2023-09-01,15F,14550.0,24033.0
2024-05-01,26A,27036.0,46844.0
2024-06-01,26A,25229.0,43919.0
2025-07-01,26A,22632.0,46695.0
2023-08-01,26A,26341.0,43823.0
2022-07-01,42D,13426.0,21070.0
2025-11-01,72Q,22833.0,50788.0
2023-02-01,84H,13115.0,21036.0
2024-08-01,84H,12429.0,22214.0
2022-10-01,84H,14081.0,22322.0
2025-12-01,91Q,31665.0,71882.0
2025-02-01,92G,17103.0,32285.0
2022-11-01,99A,13239.0,20882.0
2026-02-01,99A,7911.0,18707.0
2023-03-01,99A,13510.0,21597.0
2025-01-01,99E,5209.0,9628.0
2022-01-01,D2P2L,32732.0,50652.0
2022-04-01,D2P2L,30718.0,48149.0
2021-06-01,00P,7886.0,11969.0
2022-07-01,00P,7364.0,11554.0
2026-01-01,01H,6373.0,14827.0
2023-09-01,01X,5294.0,8708.0
2023-03-01,02P,8249.0,13128.0
2025-11-01,03L,5319.0,11764.0
2025-07-01,03L,6003.0,12337.0
2024-09-01,03L,6861.0,12141.0
2024-08-01,03L,6435.0,11498.0
2022-09-01,04Y,3740.0,5902.0
2022-11-01,04Y,3995.0,6295.0
2026-05-01,05Q,3492.0,8703.0
2021-07-01,05W,9388.0,14313.0
2023-02-01,06L,8839.0,14170.0
2022-05-01,06L,9838.0,15336.0
2026-03-01,07H,4449.0,10699.0
2026-06-01,07H,4194.0,10706.0
2025-10-01,07H,5035.0,10902.0
2023-10-01,09D,5757.0,9498.0
2023-06-01,09D,5652.0,9196.0
2024-06-01,11M,13157.0,22779.0
2023-05-01,11M,14622.0,23795.0
2024-05-01,11M,14016.0,24272.0
2024-03-01,14Y,10803.0,18276.0
2026-04-01,14Y,7678.0,18817.0
2024-02-01,14Y,10534.0,17757.0
2025-02-01,15A,8440.0,15902.0
2025-06-01,15A,8219.0,16633.0
2025-04-01,15C,16735.0,32685.0
2024-10-01,15F,14980.0,26659.0
2023-11-01,15F,15876.0,26281.0
2022-01-01,15F,16570.0,25550.0
2023-08-01,15F,14841.0,24669.0
2024-12-01,26A,26064.0,47317.0
2024-01-01,26A,27739.0,46966.0
2023-04-01,26A,26249.0,42344.0
2025-01-01,26A,26250.0,48332.0
2022-04-01,42D,13372.0,20872.0
2022-06-01,42D,13543.0,21153.0
2025-12-01,72Q,24784.0,56127.0
2025-09-01,72Q,24934.0,52333.0
2021-10-01,84H,14992.0,22802.0
2022-02-01,84H,13430.0,20871.0
2021-11-01,84H,15516.0,23703.0
2022-03-01,84H,15070.0,23414.0
2025-03-01,84H,11503.0,22089.0
2024-11-01,84H,12628.0,22554.0
2021-09-01,84H,15734.0,23961.0
2022-08-01,84H,14424.0,22840.0
2023-12-01,84H,13858.0,23185.0
2024-07-01,84H,13333.0,23305.0
2021-12-01,84H,16662.0,25499.0
2026-02-01,91Q,25778.0,60887.0
2025-08-01,92A,16287.0,34207.0
2022-12-01,99A,13941.0,22066.0
2023-07-01,99A,12024.0,19701.0
2025-05-01,99E,4670.0,9235.0
2022-10-01,D2P2L,31578.0,50032.0
2021-08-01,D2P2L,30929.0,47259.0
2024-04-01,M2L0M,12565.0,21527.0
2023-01-01,M2L0M,13454.0,21396.0
2025-08-01,00Q,3396.0,7112.0
2026-04-01,00Q,3059.0,7444.0
2024-11-01,01E,4447.0,7940.0
2026-02-01,01H,5547.0,13079.0
2025-10-01,01H,6877.0,14859.0
2026-06-01,01H,5487.0,13976.0
2025-05-01,01J,3583.0,7081.0
2024-02-01,01X,5186.0,8710.0
2025-03-01,02E,4043.0,7731.0
2023-07-01,02P,7556.0,12352.0
2022-10-01,02P,7886.0,12456.0
2023-10-01,02P,7716.0,12689.0
2023-04-01,02P,7361.0,11857.0
2024-06-01,03L,6896.0,11921.0
2024-12-01,03N,14274.0,25898.0
2021-09-01,03Q,5210.0,7925.0
2022-04-01,03Q,4763.0,7429.0
2022-01-01,04Y,3865.0,5954.0
2025-02-01,04Y,2954.0,5552.0
2022-03-01,05W,9330.0,14487.0
2023-01-01,06L,9980.0,15834.0
2021-11-01,06L,10278.0,15659.0
2023-02-01,07H,6327.0,10123.0
2022-12-01,07H,7280.0,11505.0
2023-09-01,09D,5419.0,8913.0
2022-08-01,09D,5633.0,8918.0
2024-08-01,11M,12771.0,22800.0
2023-11-01,11M,14925.0,24574.0
2022-06-01,11M,14722.0,22966.0
2023-03-01,11M,15565.0,24709.0
2023-08-01,11M,13944.0,23130.0
2022-02-01,11M,13902.0,21463.0
2024-01-01,12F,8760.0,14798.0
2026-01-01,13T,9151.0,21248.0
2024-09-01,14Y,10325.0,18238.0
2024-05-01,14Y,11166.0,19176.0
2025-09-01,15A,8239.0,17260.0
2025-01-01,15C,19362.0,35604.0
2022-09-01,15F,15846.0,25003.0
2024-03-01,15F,14555.0,24580.0
2024-07-01,15F,15258.0,26661.0
2025-12-01,15F,12322.0,27768.0
2021-07-01,15F,17115.0,26080.0
2023-12-01,15F,15725.0,26233.0
2023-06-01,15F,15863.0,25754.0
2022-11-01,15F,16536.0,26036.0
2026-03-01,15F,10772.0,25864.0
2021-08-01,15F,16066.0,24546.0
2021-06-01,15F,17024.0,25807.0
2023-05-01,15F,15458.0,25024.0
2025-04-01,26A,22619.0,44158.0
2025-06-01,26A,22215.0,44465.0
2024-10-01,26A,26298.0,46607.0
2024-04-01,26A,26950.0,46102.0
2021-12-01,42D,15455.0,23611.0
2022-07-01,84H,14550.0,22828.0
2022-05-01,84H,14879.0,23165.0
2026-05-01,91Q,25491.0,63412.0
2025-11-01,92A,17065.0,37661.0
2025-07-01,99E,4588.0,9390.0
2021-10-01,D2P2L,32355.0,49129.0
2025-01-01,01E,4436.0,8146.0
2022-02-01,01H,8066.0,12452.0
2021-10-01,01H,9044.0,13701.0
2021-09-01,01H,9101.0,13832.0
2026-04-01,01H,5726.0,13834.0
2023-11-01,01X,5616.0,9245.0
2021-06-01,02H,10086.0,15240.0
2021-08-01,02H,9312.0,14227.0
2024-07-01,03L,7407.0,12939.0
2026-03-01,03L,5242.0,12549.0
2021-07-01,03Q,4952.0,7540.0
2022-08-01,03Q,5130.0,8112.0
2026-06-01,03R,6231.0,15863.0
2022-05-01,04Y,3820.0,5942.0
2023-03-01,04Y,3951.0,6272.0
2023-10-01,04Y,3622.0,5943.0
2025-04-01,04Y,2939.0,5694.0
2024-02-01,04Y,3446.0,5776.0
2022-12-01,06L,10562.0,16634.0
2023-04-01,06L,8901.0,14330.0
2022-10-01,07H,6835.0,10707.0
2022-01-01,09D,6029.0,9268.0
2022-09-01,11M,14728.0,23206.0
2022-03-01,11M,15713.0,24336.0
2022-11-01,11M,15364.0,24172.0
2024-04-01,11M,14028.0,23877.0
2023-09-01,12F,8529.0,14018.0
2023-12-01,12F,8900.0,14846.0
2026-02-01,13T,7927.0,18549.0
2025-12-01,13T,9709.0,21782.0
2024-06-01,14Y,10642.0,18362.0
2025-11-01,14Y,8403.0,18524.0
2026-05-01,14Y,7523.0,18701.0
2024-10-01,15A,9949.0,17613.0
2026-01-01,15A,7962.0,18385.0
2024-12-01,15C,19915.0,35998.0
2024-08-01,15C,18314.0,32585.0
2022-06-01,15F,16396.0,25508.0
2021-12-01,15F,18363.0,27968.0
2023-01-01,15F,16812.0,26666.0
2023-07-01,15F,15128.0,24671.0
2023-02-01,15F,14783.0,23599.0
2025-08-01,15F,11348.0,23749.0
2022-04-01,15F,15668.0,24414.0
2024-05-01,15F,15366.0,26314.0
2023-06-01,26A,27969.0,45406.0
2024-03-01,26A,26512.0,44720.0
2025-05-01,26A,23397.0,46193.0
2025-06-01,72Q,25356.0,50655.0
2023-08-01,84H,13323.0,22093.0
2024-09-01,84H,12293.0,21687.0
2025-02-01,84H,11065.0,20777.0
2025-07-01,92A,18858.0,38577.0
2025-10-01,92A,18468.0,39881.0
2025-03-01,92G,17935.0,34264.0
2024-11-01,99A,11447.0,20436.0
2025-09-01,99A,9723.0,20361.0
2023-05-01,99A,12362.0,20009.0
2022-07-01,99A,12723.0,19935.0
2021-11-01,D2P2L,33857.0,51574.0
2024-01-01,M2L0M,12482.0,20959.0
2025-08-01,00L,6611.0,13834.0
2022-01-01,00P,7333.0,11263.0
2021-10-01,00P,7761.0,11747.0
2021-07-01,00P,7761.0,11804.0
2021-06-01,00Y,7404.0,11173.0
2022-04-01,00Y,6815.0,10551.0
2025-03-01,01E,3975.0,7574.0
2023-06-01,02P,8083.0,13058.0
2023-02-01,02P,7367.0,11738.0
2023-12-01,03L,7466.0,12438.0
2024-04-01,03L,7244.0,12305.0
2024-03-01,03L,7208.0,12126.0
2024-10-01,03N,14729.0,25903.0
2022-07-01,04Y,3855.0,6021.0
2025-01-01,04Y,3571.0,6546.0
2021-11-01,04Y,3917.0,5951.0
2026-04-01,05Q,3736.0,9009.0
2022-05-01,05W,8812.0,13673.0
2022-09-01,05W,8941.0,14037.0
2023-11-01,06L,9341.0,15329.0
2025-12-01,07G,2868.0,6388.0
2025-07-01,07G,2994.0,6122.0
2021-12-01,07H,7801.0,11866.0
2022-06-01,07H,6753.0,10479.0
2026-01-01,07K,5617.0,12937.0
2026-02-01,07K,5005.0,11671.0
2022-03-01,09D,6427.0,9936.0
2023-04-01,09D,5575.0,8951.0
2022-02-01,09D,5511.0,8498.0
2021-08-01,11M,14625.0,22277.0
2023-01-01,11M,15407.0,24396.0
2022-10-01,11M,15289.0,23947.0
2023-09-01,11M,13949.0,22799.0
2023-10-01,12F,8826.0,14477.0
2026-05-01,12F,5819.0,14168.0
2026-06-01,14Y,7418.0,18874.0
2024-12-01,15A,9729.0,17582.0
2023-08-01,15C,19535.0,32040.0
2024-06-01,15C,18915.0,32476.0
2025-05-01,15C,17294.0,34027.0
2022-08-01,15F,15835.0,25002.0
2023-03-01,15F,17001.0,26942.0
2025-02-01,15F,12731.0,23881.0
2024-02-01,15F,14844.0,24838.0
2024-08-01,15F,13797.0,24410.0
2024-01-01,15F,15846.0,26607.0
2023-05-01,26A,27488.0,44459.0
2025-09-01,26A,21758.0,45522.0
2024-09-01,26A,24840.0,43720.0
2022-11-01,26A,29269.0,45961.0
2023-07-01,26A,26774.0,43642.0
2022-12-01,26A,30763.0,48159.0
2024-11-01,26A,25505.0,45522.0
2021-09-01,27D,19038.0,28872.0
2026-03-01,72Q,22651.0,53971.0
2025-10-01,72Q,25222.0,54461.0
2025-04-01,84H,11440.0,22142.0
2025-11-01,99A,8943.0,19664.0
2025-06-01,99A,9956.0,19839.0
2024-05-01,M2L0M,12431.0,21239.0
2024-07-01,M2L0M,12217.0,21279.0
2022-12-01,00L,9824.0,15369.0
2025-05-01,00L,7627.0,14990.0
2025-02-01,01E,3868.0,7249.0
2024-12-01,01E,4604.0,8316.0
2022-03-01,01H,9148.0,14138.0
2025-06-01,01J,3451.0,6871.0
2024-01-01,01X,5636.0,9456.0
2025-09-01,02E,3770.0,7861.0
2022-01-01,02H,9976.0,15246.0
2021-07-01,02H,10224.0,15542.0
2023-05-01,02P,7807.0,12610.0
2026-04-01,03L,4999.0,12037.0
2026-02-01,03L,4769.0,11107.0
2025-12-01,03L,5812.0,12943.0
2024-05-01,03L,7394.0,12617.0
2024-02-01,03L,7094.0,11829.0
2026-01-01,03L,5508.0,12658.0
2025-03-01,03N,13035.0,24822.0
2024-11-01,04Y,3439.0,6107.0
2023-12-01,04Y,3839.0,6366.0
2023-01-01,04Y,3855.0,6095.0
2022-02-01,04Y,3482.0,5364.0
2021-06-01,04Y,3839.0,5787.0
2023-08-01,04Y,3604.0,5905.0
2024-04-01,04Y,3755.0,6351.0
2023-02-01,04Y,3495.0,5566.0
2022-06-01,05W,8920.0,13840.0
2026-05-01,07H,4304.0,10464.0
2022-04-01,07H,6679.0,10335.0
2022-11-01,09D,6111.0,9590.0
2022-07-01,09D,5772.0,9001.0
2023-04-01,11M,13534.0,21677.0
2021-12-01,11M,17506.0,26611.0
2022-08-01,11M,14466.0,22836.0
2023-10-01,11M,14585.0,23865.0
2024-03-01,12F,8435.0,14087.0
2023-07-01,12F,8460.0,13777.0
2026-03-01,15A,7457.0,17690.0
2024-07-01,15C,19570.0,33924.0
2021-10-01,15F,16560.0,25045.0
2025-11-01,15F,11363.0,24956.0
2021-09-01,15F,17184.0,26043.0
2022-10-01,15F,16031.0,25020.0
2024-09-01,15F,14240.0,24875.0
2022-09-01,26A,28369.0,44261.0
2023-03-01,26A,29354.0,46498.0
2024-08-01,26A,25568.0,45138.0
2026-06-01,27D,11993.0,30070.0
2021-08-01,27D,17779.0,27062.0
2022-05-01,42D,13945.0,21636.0
2021-11-01,42D,14813.0,22434.0
2025-08-01,72Q,22462.0,46887.0
2025-01-01,84H,12876.0,23594.0
2024-10-01,84H,13540.0,23809.0
2025-07-01,99A,10070.0,20542.0
2025-04-01,99A,10097.0,19529.0
2025-10-01,99A,9593.0,20636.0
2023-09-01,99A,12192.0,19883.0
2023-11-01,99A,12772.0,20924.0
2024-06-01,M2L0M,11675.0,19958.0
2023-06-01,M2L0M,12854.0,20674.0
2023-06-01,00L,9132.0,14682.0
2022-03-01,00P,7912.0,12225.0
2023-04-01,00V,4519.0,7231.0
2022-11-01,00V,4926.0,7727.0
2026-03-01,01H,6070.0,14386.0
2021-07-01,01H,9220.0,13967.0
2022-06-01,01H,8590.0,13327.0
2021-12-01,01H,10017.0,15196.0
2022-04-01,01H,8669.0,13411.0
2025-10-01,01J,3439.0,7375.0
2024-05-01,01X,5504.0,9370.0
2023-09-01,02P,7606.0,12394.0
2023-10-01,03L,7479.0,12223.0
2025-09-01,03L,5807.0,12103.0
2023-05-01,03L,7640.0,12305.0
2023-11-01,03L,7679.0,12572.0
2025-02-01,03N,12313.0,23016.0
2025-01-01,03N,14372.0,26313.0
2024-09-01,03N,13915.0,24132.0
2021-08-01,03Q,4940.0,7517.0
2021-06-01,03Q,5047.0,7607.0
2021-09-01,04Y,3943.0,5971.0
2026-02-01,05Q,3669.0,8542.0
2023-08-01,06L,9058.0,14814.0
2023-07-01,06L,9165.0,14901.0
2023-03-01,06L,10103.0,15983.0
2025-06-01,07G,2943.0,5850.0
2022-09-01,07H,6719.0,10481.0
2021-11-01,07H,7376.0,11163.0
2023-01-01,07H,7004.0,11072.0
2022-01-01,07H,7141.0,10911.0
2026-01-01,07H,4813.0,11053.0
2022-07-01,11M,14509.0,22608.0
2025-11-01,12F,6330.0,13899.0
2024-07-01,12F,8414.0,14568.0
2023-12-01,14Y,11875.0,19685.0
2024-01-01,14Y,11673.0,19489.0
2025-12-01,15A,8636.0,19214.0
2025-05-01,15A,8963.0,17598.0
2026-06-01,15A,6952.0,17336.0
2026-04-01,15A,7031.0,16897.0
2025-03-01,15C,17635.0,33577.0
2024-02-01,15C,19324.0,32213.0
2024-10-01,15C,20153.0,35394.0
2022-12-01,15E,36470.0,56774.0
2022-08-01,15E,32959.0,51774.0
2024-06-01,15F,14310.0,24430.0
2024-11-01,15F,14488.0,25669.0
2022-02-01,15F,15134.0,23304.0
2024-04-01,15F,15134.0,25396.0
2022-10-01,26A,28434.0,44155.0
2023-02-01,26A,26068.0,41382.0
2026-05-01,27D,12074.0,29337.033333333333
2021-10-01,27D,19064.0,28779.0
2025-07-01,72Q,26068.0,53147.0
2024-12-01,84H,13122.0,23640.0
2025-08-01,99A,9016.0,18787.0
2025-04-01,99E,4646.0,8967.0
2024-08-01,M2L0M,11562.0,20355.0
2022-05-01,M2L0M,13462.0,20750.0
2024-03-01,M2L0M,12416.0,20686.0
2024-08-01,00L,8409.0,14672.0
2022-09-01,00V,4818.0,7506.0
2025-04-01,01E,3995.0,7710.0
2025-07-01,01H,7133.0,14527.0
2022-11-01,01H,8732.0,13677.0
2025-12-01,01H,6924.0,15380.0
2022-05-01,01H,8778.0,13528.0
2021-12-01,02H,10949.0,16565.0
2023-03-01,03L,8175.0,12927.0
2026-05-01,03L,4688.0,11386.0
2025-06-01,03N,12393.0,24613.0
2021-08-01,04Y,3593.0,5467.0
2025-10-01,04Y,2918.0,6228.0
2026-06-01,04Y,2479.0,6181.0
2023-10-01,06L,9294.0,15133.0
2023-06-01,06L,9569.0,15377.0
2023-09-01,06L,9144.0,14897.0
2022-07-01,07H,6989.0,10830.0
2023-05-01,09D,5744.0,9247.0
2022-10-01,09D,6278.0,9739.0
2022-06-01,09D,5826.0,9024.0
2023-01-01,09D,5938.0,9367.0
2022-04-01,11M,15358.0,23732.0
2022-12-01,11M,16738.0,26043.0
2021-10-01,11M,15809.0,23806.0
2023-02-01,11M,14025.0,22207.0
2024-05-01,12F,8589.0,14621.0
2024-02-01,12F,8480.0,14118.0
2026-03-01,12F,6539.0,15413.0
2025-11-01,15A,7689.0,16867.0
2024-09-01,15C,18803.0,32582.0
2024-01-01,15C,21187.0,35207.0
2024-04-01,15C,20098.0,33682.0
2024-03-01,15C,20220.0,33683.0
2024-07-01,26A,27148.0,46961.0
2022-08-01,26A,27751.0,43579.0
2025-08-01,26A,20734.0,43077.0
2026-02-01,27D,11975.0,27736.066666666666
2021-11-01,27D,19893.0,30079.0
2026-04-01,27D,12226.0,29288.033333333333
2021-06-01,27D,18759.0,28228.0
2021-07-01,27D,19298.0,29186.0
2022-03-01,42D,14265.0,21949.0
2022-01-01,42D,14306.0,21844.0
2021-09-01,42D,14337.0,21656.0
2022-02-01,42D,12875.0,19804.0
2025-09-01,92A,18075.0,37557.0
2023-08-01,92A,22147.0,36220.0
2025-05-01,92A,19520.0,38220.0
2024-12-01,92G,20249.0,36357.0
2023-04-01,99A,12039.0,19246.0
2026-01-01,99A,9129.0,20932.0
2025-01-01,99A,11437.0,20908.0
2023-12-01,99A,12842.0,21089.0
2025-02-01,99A,9792.0,18299.0
2024-06-01,99A,11350.0,19352.0
2025-03-01,99E,4618.0,8740.0
2024-11-01,M2L0M,11711.0,20575.0
2024-10-01,M2L0M,12261.0,21527.0
2023-07-01,M2L0M,12285.0,19970.0
2023-11-01,M2L0M,12973.0,21233.0
2022-10-01,00L,8967.0,13901.0
2025-07-01,00L,7464.0,15152.0
2023-02-01,00V,4482.0,7096.0
2025-06-01,01H,6894.0,13682.0
2021-11-01,01H,9235.0,13931.0
2023-01-01,01H,8876.0,13968.0
2024-11-01,01X,5036.0,8846.0
2024-07-01,01X,5545.0,9448.0
2026-06-01,03L,4890.0,12102.0
2023-09-01,03L,7316.0,11917.0
2025-04-01,03N,12553.0,24191.0
2022-06-01,04Y,3776.0,5835.0
2023-12-01,06L,9635.0,15798.0
2024-06-01,06L,8797.0,14942.0
2024-03-01,06L,9195.0,15317.0
2022-11-01,06L,9840.0,15412.0
2022-02-01,07H,6400.0,9816.0
2022-05-01,07H,7088.0,10909.0
2026-04-01,07K,5163.0,12362.0
2021-12-01,09D,7041.0,10650.0
2021-09-01,11M,16019.0,24192.0
2023-07-01,11M,14099.0,22901.0
2026-01-01,12F,6528.0,14869.0
2025-09-01,12F,7199.0,14898.0
2023-11-01,12F,9035.0,14785.0
2024-04-01,12F,8517.0,14230.0
2026-02-01,15A,7046.0,16302.0
2026-05-01,15A,6998.0,16958.0
2023-06-01,15C,21125.0,33857.0
2025-02-01,15C,16454.0,30746.0
2024-05-01,15C,20690.0,34861.0
2025-11-01,26A,20498.0,44854.0
2022-07-01,26A,27980.0,43349.0
2025-10-01,26A,22212.0,47402.0
2022-04-01,27D,18190.0,28093.0
2022-03-01,27D,19442.0,29903.0
2022-01-01,27D,19017.0,29023.0
2022-09-01,27D,18123.0,28184.0
2021-10-01,42D,13934.0,20956.0
2021-08-01,42D,13702.0,20782.0
2021-06-01,42D,14403.0,21655.0
2024-08-01,92A,20462.0,35273.0
2024-09-01,92G,19519.0,33460.0
2025-01-01,92G,20881.0,37985.0
2024-10-01,92G,20819.0,36286.0
2025-12-01,99A,9805.0,21735.0
2025-05-01,99A,10258.0,19942.0
2024-02-01,99A,11868.0,19693.0
2024-01-01,99A,12648.0,20935.0
2024-12-01,99A,11671.0,20919.0
2021-07-01,D2P2L,33170.0,50099.0
2023-03-01,M2L0M,13508.0,21358.0
2022-12-01,M2L0M,14840.0,23081.0
2026-03-01,M2L0M,9218.0,21531.0
2025-03-01,M2L0M,10737.0,20216.0
2022-08-01,M2L0M,12660.0,19844.0
2025-08-01,M2L0M,9191.0,18998.0
2023-08-01,M2L0M,12094.0,19739.0
2023-04-01,M2L0M,11998.0,19176.0
2023-05-01,M2L0M,12631.0,20284.0
2023-10-01,M2L0M,12627.0,20552.0
2023-02-01,00L,8211.0,12971.0
2023-03-01,00L,9218.0,14555.0
2023-01-01,00L,9138.0,14377.0
2022-12-01,00V,5203.0,8091.0
2025-03-01,01H,7337.0,13808.0
2022-09-01,01H,8664.0,13462.0
2024-03-01,01X,5172.0,8604.0
2024-08-01,01X,5014.0,8641.0
2021-11-01,02H,10412.0,15699.0
2022-04-01,02H,9540.0,14716.0
2021-10-01,02H,9886.0,14864.0
2023-12-01,02P,7893.0,12881.0
2024-01-01,03L,7973.0,13142.0
2023-08-01,03L,7279.0,11871.0
2025-09-01,03N,12059.0,24906.0
2025-07-01,03N,13006.0,26383.0
2023-05-01,04Y,3639.0,5835.0
2023-04-01,04Y,3594.0,5735.0
2022-08-01,04Y,3806.0,5937.0
2022-03-01,07H,7297.0,11190.0
2023-06-01,11M,14955.0,23926.0
2022-01-01,11M,15441.0,23481.0
2026-06-01,12F,5952.0,14651.0
2025-08-01,12F,6456.0,13247.0
2024-06-01,12F,8191.0,13808.0
2025-04-01,12F,7492.0,14375.0
2025-10-01,12F,7285.0,15498.0
2025-11-01,13T,9004.0,19492.0
2023-09-01,14Y,10983.0,17837.0
2023-10-01,14Y,11579.0,18774.0
2023-07-01,15C,19770.0,32093.0
2023-11-01,15C,21153.0,34547.0
2024-11-01,15C,19643.0,34426.0
2022-10-01,15E,33426.0,51796.0
2022-07-01,15E,33717.0,52191.0
2022-06-01,26A,28924.0,44527.0
2022-05-01,26A,29007.0,44619.0
2025-12-01,27D,14825.0,32772.0
2026-03-01,27D,12985.0,30310.0
2021-12-01,27D,20859.0,31519.0
2026-01-01,27D,13937.0,31670.016666666666
2022-02-01,27D,17135.0,26106.0
2021-08-01,84H,14503.0,21977.0
2021-07-01,84H,15547.0,23452.0
2024-05-01,92G,21171.0,35450.0
2024-07-01,99A,12335.0,20991.0
2024-09-01,99A,11193.0,19183.0
2024-10-01,99A,12130.0,21120.0
2024-04-01,99A,12209.0,20385.0
2021-09-01,D2P2L,34419.0,51870.0
2021-06-01,D2P2L,33528.0,50396.0
2026-05-01,M2L0M,8404.0,20309.0
2024-02-01,M2L0M,12204.0,20188.0
2024-12-01,M2L0M,12181.0,21716.0
2022-11-01,M2L0M,13140.0,20529.0
2025-05-01,M2L0M,10645.0,20692.0
2026-02-01,M2L0M,8798.0,20168.0
2026-04-01,M2L0M,8691.0,20785.0
2025-02-01,M2L0M,10349.0,19300.0
2025-06-01,M2L0M,10170.0,20165.0
2025-01-01,M2L0M,11872.0,21595.0
2022-04-01,00L,8690.0,13388.0
2023-05-01,00L,8758.0,14034.0
2023-07-01,00L,8569.0,13837.0
2022-08-01,00Y,7078.0,11017.0
2025-09-01,01H,7091.0,14611.0
2024-11-01,01H,8067.0,13998.0
2025-02-01,01H,6975.0,12839.0
2022-01-01,01H,9230.0,14021.0
2024-10-01,01H,8285.0,14303.0
2024-12-01,01H,8124.0,14315.0
2025-07-01,01J,3602.0,7296.0
2024-06-01,01X,5102.0,8568.0
2025-12-01,02E,3867.0,8493.0
2026-05-01,02E,3181.0,7659.0
2026-04-01,02E,3208.0,7635.0
2026-06-01,02E,3231.0,7953.0
2024-04-01,02P,7855.0,13082.0
2025-11-01,03N,11293.0,24301.0
2022-12-01,04Y,4166.0,6446.0
2024-02-01,06L,8739.0,14454.0
2024-05-01,06L,9268.0,15502.0
2021-09-01,07H,7544.0,11362.0
2022-11-01,07H,7188.0,11186.0
2026-03-01,07K,5429.0,12642.0
2022-09-01,09D,5696.0,8811.0
2025-05-01,12F,7574.0,14661.0
2024-09-01,12F,8189.0,14033.0
2026-02-01,12F,5869.0,13404.0
2025-06-01,12F,7274.0,14394.0
2023-11-01,14Y,11695.0,18989.0
2023-12-01,15C,21798.0,35434.0
2023-03-01,15C,22393.0,35342.0
2023-09-01,15C,19741.0,32044.0
2023-04-01,15C,19544.0,31127.0
2022-05-01,15E,34723.0,53171.0
2022-02-01,15E,31883.0,48572.0
2021-07-01,15E,34342.0,51769.0
2021-06-01,15E,34958.0,52338.0
2021-10-01,15E,34787.0,52291.0
2021-12-01,15E,37317.0,56320.0
2023-01-01,26A,29132.0,45756.0
2022-06-01,27D,18503.0,28465.0
2022-10-01,27D,18466.0,28588.0
2021-08-01,72Q,28529.0,43193.0
2025-01-01,72Q,29840.0,54105.0
2023-10-01,92A,23072.0,37323.0
2024-07-01,92G,21237.0,36100.0
2024-01-01,92G,21774.0,35749.0
2023-06-01,99A,13025.0,20802.0
2024-08-01,99A,11359.0,19561.0
2024-03-01,99A,11987.0,19878.0
2025-03-01,99A,10397.0,19550.0
2025-08-01,99E,4130.0,8470.0
2025-10-01,M2L0M,10185.0,21552.0
2022-07-01,M2L0M,13285.0,20562.0
2022-03-01,M2L0M,13804.0,21161.0
2023-02-01,M2L0M,11977.0,18909.0
2025-04-01,M2L0M,10487.0,19975.0
2026-01-01,M2L0M,9726.0,21868.0
2021-11-01,M2L0M,13491.0,20283.0
2023-08-01,W2U3Z,33250.0,54070.0
2022-11-01,00L,9350.0,14520.0
2023-10-01,00L,8856.0,14300.0
2025-03-01,00L,7722.0,14441.0
2024-03-01,00L,8455.0,14015.0
2023-12-01,00L,9212.0,14966.0
2022-07-01,00L,8984.0,13867.0
2023-01-01,00V,5058.0,7924.0
2022-02-01,00Y,6687.0,10186.0
2022-06-01,00Y,7189.0,11052.0
2024-09-01,01X,5100.0,8734.0
2025-08-01,02E,3580.0,7333.0
2025-07-01,02E,3987.0,8075.0
2023-11-01,02P,7878.0,12694.0
2023-07-01,03L,7565.0,12170.0
2023-06-01,03L,7802.0,12392.0
2023-04-01,03L,7153.0,11376.0
2025-05-01,03N,12980.0,25086.0
2026-03-01,03N,11008.0,25560.0
2026-05-01,04Y,2576.0,6169.0
2024-04-01,06L,9286.0,15459.0
2024-08-01,06L,8581.0,14770.0
2024-07-01,06L,9350.0,15883.0
2025-11-01,07G,2603.0,5589.0
2021-10-01,07H,7238.0,10857.0
2022-04-01,09D,5633.0,8656.0
2022-05-01,11M,15607.0,23887.0
2025-01-01,12F,8056.0,14542.0
2025-12-01,12F,7307.0,15932.0
2026-04-01,12F,5948.0,14141.0
2024-12-01,12F,8523.0,14951.0
2025-02-01,12F,7491.0,13761.0
2025-10-01,13T,9984.0,21115.0
2023-05-01,15C,19979.0,31954.0
2022-09-01,15C,20842.0,32203.0
2022-01-01,15E,35029.0,53037.0
2021-08-01,15E,32567.0,49283.0
2024-01-01,15E,34205.0,55956.0
2021-11-01,15E,35963.0,53906.0
2022-03-01,26A,30218.0,46270.0
2026-02-01,26A,19065.0,43488.0
2026-01-01,26A,21095.0,47332.0
2022-12-01,27D,20223.0,31280.0
2022-08-01,27D,18209.0,28333.0
2021-07-01,42D,14347.0,21612.0
2024-10-01,72Q,30548.0,52658.0
2025-04-01,72Q,26102.0,49569.0
2021-06-01,84H,16020.0,23978.0
2025-06-01,92A,18332.0,36227.0
2024-06-01,92A,21612.0,36283.0
2023-03-01,92A,24543.0,38668.0
2024-02-01,92G,20312.0,33562.0
2024-11-01,92G,20325.0,35096.0
2023-08-01,99A,12366.0,20087.0
2024-05-01,99A,12442.0,20798.0
2026-06-01,99C,3663.0,9011.0
2025-09-01,99E,4424.0,9077.0
2022-10-01,M2L0M,13277.0,20522.0
2021-09-01,M2L0M,13794.0,20664.0
2023-09-01,M2L0M,12376.0,20038.0
2021-12-01,M2L0M,14892.0,22461.0
2023-02-01,W2U3Z,33817.0,53062.0
2022-05-01,00L,9329.0,14250.0
2024-06-01,00L,8158.0,13690.0
2022-03-01,00L,9664.0,14739.0
2024-02-01,00L,8522.0,14008.0
2024-12-01,00L,8842.0,15481.0
2025-02-01,00L,7501.0,13743.0
2021-09-01,00Y,8052.0,12020.0
2022-01-01,00Y,7438.0,11240.0
2021-10-01,00Y,7435.0,11098.0
2024-09-01,01H,7791.0,13335.0
2023-03-01,01H,9025.0,14215.0
2025-05-01,01H,7328.0,14153.0
2025-01-01,01H,8231.0,14856.0
2023-06-01,01H,8831.0,13975.0
2022-10-01,01H,9020.0,13928.0
2025-08-01,01H,6360.0,13016.0
2022-12-01,01H,9392.0,14496.0
2024-10-01,01X,5455.0,9392.0
2026-01-01,02E,3665.0,8189.0
2025-11-01,02E,3570.0,7653.0
2022-02-01,02H,8888.0,13524.0
2022-06-01,02H,10208.0,15693.0
2024-03-01,02P,7647.0,12570.0
2024-07-01,03N,15135.0,25702.0
2024-08-01,03N,13904.0,23930.0
2025-10-01,03N,12500.0,26361.0
2021-12-01,04Y,4266.0,6426.0
2025-07-01,04Y,3027.0,6120.0
2025-12-01,04Y,2962.0,6451.0
2026-02-01,07G,2394.0,5454.0
2026-04-01,07G,2413.0,5686.0
2022-08-01,07H,6803.0,10575.0
2021-06-01,07H,7483.0,11173.0
2026-06-01,07K,5276.0,12884.0
2023-02-01,15C,20109.0,31527.0
2022-11-01,15E,34971.0,54281.0
2023-08-01,15E,31715.0,51456.0
2023-04-01,15E,30925.0,49138.0
2022-09-01,15E,34991.0,53983.0
2026-05-01,26A,18841.0,44925.0
2021-11-01,26A,30739.0,46029.0
2026-03-01,26A,20412.0,47017.0
2021-08-01,26A,28198.0,42497.0
2025-09-01,27D,14337.0,29366.033333333333
2022-07-01,27D,18349.0,28249.0
2021-07-01,72Q,31035.0,46687.0
2024-11-01,72Q,29947.0,51431.0
2025-04-01,92A,19319.0,36612.0
2023-12-01,92A,24336.0,39414.0
2024-05-01,92A,22655.0,37730.0
2023-09-01,92A,21955.0,35487.0
2025-03-01,92A,19955.0,37266.0
2023-05-01,92A,23727.0,37569.0
2023-11-01,92G,22059.0,35468.0
2024-04-01,92G,20928.0,34752.0
2023-10-01,99A,12754.0,20581.0
2025-06-01,99E,4529.0,8945.0
2022-04-01,M2L0M,12663.0,19436.0
2023-07-01,W2U3Z,35273.0,56459.0
2023-01-01,W2U3Z,37033.0,57971.0
2024-01-01,W2U3Z,36240.0,59190.0
2023-04-01,00L,8470.0,13415.0
2023-09-01,00L,8622.0,13897.0
2023-11-01,00L,8977.0,14433.0
2022-06-01,00L,8787.0,13469.0
2024-05-01,00L,8862.0,14751.0
2023-03-01,00V,5193.0,8178.0
2021-12-01,00Y,7987.0,11989.0
2024-07-01,01H,8449.0,14315.0
2025-04-01,01H,7093.0,13431.0
2024-12-01,01X,5414.0,9461.0
2025-06-01,02E,3771.0,7418.0
2026-02-01,02E,3254.0,7389.0
2022-03-01,02H,10495.0,15975.0
2023-02-01,02H,8898.0,13942.0
2022-09-01,02H,9945.0,15313.0
2022-07-01,02H,9504.0,14583.0
2023-08-01,02P,7715.0,12502.0
2026-01-01,03N,11510.0,25711.0
2025-08-01,03N,11299.0,23116.0
2025-09-01,04Y,2938.0,6015.0
2026-03-01,07G,2562.0,5874.0
2021-07-01,07H,7413.0,11146.0
2025-07-01,12F,7338.0,14713.0
2023-07-01,14Y,11348.0,18160.0
2023-01-01,15C,21808.0,34107.0
2022-10-01,15C,21663.0,33381.0
2022-12-01,15C,22979.0,35465.0
2022-04-01,15E,32380.0,49693.0
2023-06-01,15E,34101.0,53956.0
2025-12-01,26A,22848.0,49647.0
2026-04-01,26A,19436.0,45645.0
2021-09-01,26A,30067.0,44855.0
2022-02-01,26A,26807.0,40786.0
2025-10-01,27D,15000.0,31541.033333333333
2022-05-01,27D,18932.0,28887.0
2022-11-01,27D,18880.0,29209.0
2025-11-01,27D,13404.0,28587.033333333333
2022-08-01,72Q,29098.0,45175.0
2025-02-01,72Q,26080.0,47525.0
2021-11-01,72Q,32578.0,48718.0
2025-03-01,72Q,27433.0,50854.0
2025-05-01,72Q,27053.0,52140.0
2024-01-01,92A,24344.0,39679.0
2024-02-01,92A,22393.0,36602.0
2024-11-01,92A,22171.0,38020.0
2024-10-01,92A,22952.0,39349.0
2024-09-01,92A,21147.0,36166.0
2025-01-01,92A,22303.0,40102.0
2024-03-01,92G,20786.0,33921.0
2024-06-01,92G,20052.0,33588.0
2024-08-01,92G,19267.0,33105.0
2026-05-01,99C,3649.0,8688.0
2022-01-01,99C,5851.0,8832.0
2021-06-01,M2L0M,13598.0,20277.0
2026-06-01,M2L0M,8802.0,21450.0
2023-12-01,M2L0M,13251.0,21452.0
2021-10-01,M2L0M,13671.0,20400.0
2021-08-01,M2L0M,12812.0,19296.0
2023-05-01,W2U3Z,35571.0,56144.0
2024-04-01,W2U3Z,34825.0,57722.0
2023-10-01,W2U3Z,35578.0,57387.0
2024-01-01,00L,9148.0,14910.0
2025-01-01,00L,8557.0,15357.0
2022-02-01,00L,8258.0,12559.0
2025-04-01,00L,7538.0,14146.0
2024-07-01,00L,9019.0,15256.0
2025-06-01,00L,7542.0,14684.0
2024-11-01,00L,8488.0,14535.0
2021-11-01,00Y,7859.0,11750.0
2021-08-01,00Y,6922.0,10424.0
2022-05-01,00Y,7314.0,11113.0
2024-08-01,01H,7892.0,13549.0
2023-07-01,01H,8113.0,12970.0
2024-04-01,01H,8493.0,14065.0
2022-07-01,01H,8768.0,13441.0
2022-08-01,01H,8634.0,13394.0
2024-02-01,01H,8161.0,13329.0
2024-03-01,03N,15041.0,24542.0
2026-05-01,03N,9979.0,23736.0
2025-12-01,03N,12600.0,27355.0
2026-02-01,03N,10580.0,23925.0
2024-05-01,03N,15464.0,25733.0
2024-06-01,03N,14298.0,23909.0
2025-05-01,04Y,3273.0,6296.0
2022-10-01,04Y,3887.0,5963.0
2024-10-01,06L,9155.0,15694.0
2024-09-01,06L,8695.0,14738.0
2026-03-01,06N,9180.0,21011.0
2025-10-01,07G,2855.0,5980.0
2025-03-01,12F,7848.0,14350.0
2025-08-01,13T,9381.0,19036.0
2023-03-01,14Y,12193.0,19174.0
2023-08-01,14Y,10949.0,17739.0
2023-10-01,15C,21137.0,34071.0
2022-11-01,15C,22276.0,34324.0
2023-02-01,15E,31700.0,49551.0
2023-05-01,15E,33823.0,53336.0
2021-09-01,15E,36100.0,53735.0
2022-03-01,15E,35744.0,54296.0
2023-01-01,15E,35572.0,55486.0
2021-12-01,26A,32388.0,48550.0
2022-04-01,26A,28238.0,43239.0
2026-06-01,26A,18826.0,45497.0
2022-01-01,72Q,31569.0,47569.0
2021-10-01,72Q,30952.0,46169.0
2021-06-01,72Q,31918.0,47508.0
2024-12-01,72Q,30015.0,52355.0
2023-06-01,92A,23720.0,37474.0
2025-02-01,92A,19332.0,34996.0
2023-11-01,92A,24096.0,38685.0
2023-09-01,92G,20256.0,32347.0
2026-04-01,99C,3739.0,8751.0
2026-01-01,99E,4393.0,9804.0
2025-11-01,M2L0M,9505.0,20217.0
2022-09-01,M2L0M,12890.0,19840.0
2022-06-01,M2L0M,12661.0,19374.0
2021-07-01,M2L0M,13692.0,20561.0
2025-09-01,M2L0M,10042.0,20510.0
2025-07-01,M2L0M,10584.0,21166.0
2022-12-01,W2U3Z,39754.0,61232.0
2023-04-01,W2U3Z,33845.0,53408.0
2023-12-01,W2U3Z,36361.0,58850.0
2021-11-01,00L,9522.0,14149.0
2021-12-01,00L,10316.0,15427.0
2021-10-01,00L,9044.0,13473.0
2022-08-01,00L,9098.0,14113.0
2022-12-01,00Y,7576.0,11664.0
2024-05-01,01H,8327.0,13823.0
2025-04-01,01X,4654.0,8552.0
2025-02-01,01X,4584.0,8279.0
2025-01-01,01X,5194.0,9292.0
2025-10-01,02E,4037.0,8443.0
2022-10-01,02H,9550.0,14647.0
2023-04-01,02H,8939.0,14049.0
2022-11-01,02H,9945.0,15302.0
2024-02-01,02P,7266.0,11864.0
2024-06-01,02P,7304.0,12177.0
2023-01-01,03L,8269.0,12866.0
2026-06-01,03N,10554.0,25333.0
2026-03-01,04Y,2791.0,6371.0
2025-08-01,04Y,2765.0,5601.0
2024-01-01,06L,9837.0,16014.0
2026-01-01,07G,2687.0,5991.0
2025-09-01,07G,2918.0,5953.0
2021-08-01,07H,6930.0,10415.0
2026-05-01,07K,5083.0,12041.0
2024-11-01,12F,8479.0,14509.0
2024-10-01,12F,8727.0,14947.0
2025-07-01,13T,10195.0,20376.0
2024-03-01,15E,32493.0,53007.0
2023-03-01,15E,36428.0,57187.0
2023-09-01,15E,32971.0,52576.0
2023-11-01,15E,34115.0,54763.0
2024-04-01,15E,32419.142857142855,53520.142857142855
2021-06-01,26A,29748.0,44194.0
2021-07-01,26A,30143.0,45092.0
2025-03-01,27D,15788.0,28667.016666666666
2025-06-01,27D,14879.0,28527.0
2025-05-01,27D,15720.0,29558.033333333333
2024-09-01,72Q,29079.0,48964.0
2022-04-01,72Q,29573.0,45077.0
2022-05-01,72Q,31509.0,47753.0
2021-09-01,72Q,32107.0,47735.0
2022-03-01,72Q,32081.0,48698.0
2024-07-01,92A,22822.0,38495.0
2022-06-01,92A,23899.0,36407.0
2024-12-01,92A,22746.0,39641.0
2023-02-01,92A,22129.0,34572.0
2022-07-01,92A,23780.0,36416.0
2023-07-01,92A,22697.0,36134.0
2023-12-01,92G,22123.0,35802.0
2023-08-01,92G,20517.0,32937.0
2023-05-01,92G,21395.0,33698.0
2023-10-01,92G,21072.0,33926.0
2026-02-01,99C,3641.0,8222.0
2026-04-01,99E,3880.0,9034.0
2025-12-01,99E,4738.0,10281.0
2025-11-01,99E,4212.0,8920.0
2022-01-01,M2L0M,13284.0,20002.0
2022-02-01,M2L0M,12118.0,18360.0
2024-08-01,W2U3Z,31987.0,54672.0
2023-06-01,W2U3Z,37428.0,58949.0
2022-09-01,W2U3Z,36672.0,56310.0
2021-07-01,00L,9429.0,13928.0
2021-09-01,00L,9708.0,14326.0
2022-09-01,00L,9154.0,14051.0
2024-10-01,00L,8805.0,15055.0
2023-08-01,00V,4818.0,7693.0
2022-03-01,00Y,7857.0,11926.0
2023-05-01,01H,8405.0,13229.0
2021-08-01,01V,3151.0,4725.0
2025-03-01,01X,4783.0,8649.0
2022-08-01,02H,9537.0,14787.0
2024-09-01,02H,8551.0,14292.0
2025-10-01,02P,6448.0,13214.0
2026-04-01,03N,10529.0,24510.0
2024-01-01,03N,15845.0,25785.0
2025-11-01,04Y,2841.0,5971.0
2026-01-01,04Y,2913.0,6453.0
2022-04-01,04Y,3711.0,5637.0
2024-12-01,06L,9200.0,16002.0
2025-01-01,06L,9073.0,16047.0
2024-11-01,06L,8885.0,15175.0
2026-02-01,06N,8645.0,19367.0
2026-06-01,07G,2404.0,5720.0
2026-05-01,07G,2381.0,5626.0
2022-12-01,09D,6574.0,10106.0
2023-03-01,09D,6126.0,9611.0
2024-08-01,12F,8164.0,13946.0
2025-02-01,13T,10319.0,18561.0
2025-06-01,13T,10417.0,19874.0
2023-06-01,14Y,12059.0,18974.0
2023-12-01,15E,34056.0,54965.0
2024-02-01,15E,31632.0,51582.0
2022-06-01,15E,33867.0,51397.0
2023-10-01,15E,34316.0,54984.0
2022-01-01,26A,30031.0,45039.0
2021-10-01,26A,29751.0,44287.0
2023-01-01,27D,19070.0,29561.0
2023-04-01,27D,17203.0,27013.0
2025-04-01,27D,15245.0,27955.0
2023-07-01,27D,17733.0,28174.0
2021-12-01,72Q,33804.0,50526.0
2022-07-01,72Q,30676.0,46711.0
2022-02-01,72Q,28063.0,42477.0
2024-04-01,92A,22985.0,37933.0
2021-11-01,92A,26716.0,39472.0
2022-10-01,92A,24706.0,37840.0
2024-03-01,92A,22765.0,37112.0
2023-02-01,92G,20368.0,31792.0
2021-06-01,93C,26929.0,39830.0
2025-09-01,99C,4389.0,8929.0
2025-07-01,99C,4798.0,9422.0
2026-03-01,99E,4186.0,9540.0
2025-12-01,M2L0M,10732.0,23121.0
2023-09-01,W2U3Z,34716.0,55309.0
2024-06-01,W2U3Z,33714.0,56050.0
2024-07-01,W2U3Z,35787.0,60257.0
2022-05-01,W2U3Z,37421.0,56593.0
2025-08-01,W2U3Z,26717.0,53532.0
2024-05-01,W2U3Z,35027.0,57985.0
2022-11-01,W2U3Z,37894.0,58148.0
2025-05-01,W2U3Z,31081.0,58355.0
2023-11-01,W2U3Z,36916.0,59153.0
2021-06-01,00L,9493.0,14031.0
2022-01-01,00L,9361.0,13977.0
2023-11-01,00V,5197.0,8289.0
2026-03-01,00Y,4701.0,10711.0
2023-01-01,00Y,7366.0,11385.0
2022-09-01,00Y,7266.0,11144.0
2023-04-01,01H,8124.0,12750.0
2023-10-01,01H,8802.0,14056.0
2022-05-01,02H,9915.0,14920.0
2024-07-01,02P,7985.0,13359.0
2024-01-01,02P,8157.0,13260.0
2025-01-01,02T,4575.0,8074.0
2022-07-01,03L,8049.0,12238.0
2024-04-01,03N,14860.0,24489.0
2026-06-01,06N,8569.0,20382.0
2026-04-01,06N,8594.0,19854.0
2025-02-01,06N,10129.0,18217.0
2021-11-01,11M,17547.0,25921.0
2025-09-01,13T,10056.0,20347.0
2025-05-01,13T,10770.0,20194.0
2023-05-01,14Y,11844.0,18636.0
2022-02-01,15C,20090.0,30199.0
2022-08-01,15C,20451.0,31590.0
2023-07-01,15E,33307.0,52875.0
2024-05-01,15E,33188.0,54908.0
2024-06-01,15E,30841.142857142855,50972.142857142855
2025-04-01,15E,28176.0,51548.0
2025-03-01,15E,29103.0,52302.0
2023-12-01,27D,18758.0,30120.0
2023-02-01,27D,17324.0,26988.0
2023-09-01,27D,17687.0,28139.0
2025-08-01,27D,13727.0,27394.0
2025-07-01,27D,15177.0,29726.066666666666
2024-09-01,27D,17005.0,28381.0
2023-08-01,27D,17897.0,28562.0
2026-05-01,70F,13807.0,32494.0
2024-08-01,72Q,27966.0,47700.0
2022-06-01,72Q,31662.0,48016.0
2022-12-01,92A,26943.0,41413.0
2021-12-01,92A,28311.0,42002.0
2022-04-01,92A,23805.0,36103.0
2021-09-01,92A,25172.0,36982.0
2022-11-01,92G,22575.0,34507.0
2023-06-01,92G,22170.0,34788.0
2022-10-01,92G,21960.0,33582.0
2021-07-01,93C,27104.0,39955.0
2021-10-01,93C,26849.0,39543.0
2021-08-01,93C,24425.0,36400.0
2025-11-01,99C,4105.0,8609.0
2022-03-01,99C,6195.0,9319.0
2026-01-01,99C,4139.0,9136.0
2025-10-01,99C,4502.0,9145.0
2025-12-01,99C,4572.0,9785.0
2026-02-01,99E,3825.0,8550.0
2024-11-01,99G,3671.0,6259.0
2024-12-01,W2U3Z,33936.0,58782.0
2024-10-01,W2U3Z,36119.0,61271.0
2025-06-01,W2U3Z,29866.0,56818.0
2023-03-01,W2U3Z,38913.0,60808.0
2024-02-01,W2U3Z,34220.0,55783.0
2024-03-01,W2U3Z,34144.0,55638.0
2024-04-01,00L,8818.0,14480.0
2023-10-01,00V,5049.0,8034.0
2023-05-01,00V,4829.0,7594.0
2021-08-01,01D,6264.0,9332.0
2024-01-01,01H,8791.0,14288.0
2024-03-01,01H,8250.0,13406.0
2021-06-01,01V,3338.0,4919.0
2026-03-01,02E,3569.0,8105.0
2023-07-01,02H,9041.0,14342.0
2023-08-01,02H,9001.0,14356.0
2023-09-01,02H,8918.0,14162.0
2023-12-01,02H,9488.0,15212.0
2025-06-01,02P,6446.0,12185.0
2026-04-01,02P,5401.0,12347.0
2024-10-01,02P,7752.0,13068.0
2023-02-01,03L,7256.0,11292.0
2022-12-01,03L,8645.0,13287.0
2026-02-01,04Y,2441.0,5447.0
2026-01-01,06N,9648.0,21107.0
2025-11-01,06N,9544.0,19911.0
2025-03-01,13T,10733.0,19244.0
2025-04-01,13T,10851.0,19850.0
2023-04-01,14Y,10656.0,16712.0
2022-04-01,15C,20569.0,31026.0
2022-06-01,15C,21380.0,32282.0
2024-12-01,15E,31946.0,55277.0
2025-05-01,15E,28920.0,53742.0
2024-08-01,15E,30040.0,51014.0
2023-11-01,27D,18873.0,29949.0
2023-03-01,27D,19502.0,30418.0
2026-06-01,70F,14265.0,33705.0
2024-05-01,72Q,30916.0,51071.0
2024-07-01,72Q,31554.0,52715.0
2024-06-01,72Q,29810.0,49252.0
2022-01-01,92A,25648.0,38207.0
2021-10-01,92A,25583.0,37545.0
2022-05-01,92A,24823.0,37345.0
2022-03-01,92A,25728.0,38695.0
2022-09-01,92A,23537.0,35978.0
2022-02-01,92A,22878.0,34204.0
2022-11-01,92A,24843.0,37944.0
2023-01-01,92A,25214.0,38862.0
2022-07-01,92G,21691.0,32955.0
2021-09-01,93C,27370.0,40082.0
2021-11-01,93C,27680.0,40729.0
2023-06-01,99C,5760.0,9036.0
2024-02-01,99C,5401.0,8769.0
2025-08-01,99C,4116.0,8182.0
2026-05-01,99E,3794.0,8914.0
2025-02-01,99G,3243.0,5770.0
2025-01-01,99G,3788.0,6683.0
2025-12-01,W2U3Z,29933.0,63143.0
2025-09-01,W2U3Z,29393.0,58531.0
2025-10-01,W2U3Z,30299.0,61531.0
2021-07-01,W2U3Z,38701.0,56933.0
2021-12-01,W2U3Z,40476.0,60011.0
2024-11-01,W2U3Z,34613.0,58684.0
2022-08-01,W2U3Z,34366.0,52940.0
2024-09-01,W2U3Z,33820.0,56385.0
2022-10-01,W2U3Z,37093.0,56704.0
2025-07-01,W2U3Z,30495.0,59473.0
2024-09-01,00L,8449.0,14083.0
2023-08-01,00L,8620.0,13748.0
2023-09-01,00V,4813.0,7632.0
2024-11-01,00V,4703.0,7926.0
2022-10-01,00Y,7229.0,11033.0
2021-12-01,01D,7329.0,10850.0
2024-06-01,01H,7952.0,13127.0
2023-12-01,01H,9009.0,14417.0
2023-02-01,01H,8061.0,12451.0
2021-07-01,01V,3369.0,4949.0
2022-12-01,02H,10591.0,16264.0
2023-11-01,02H,9458.0,14996.0
2023-06-01,02H,9370.0,14678.0
2024-05-01,02H,9038.0,14920.0
2025-09-01,02P,6339.0,12528.0
2025-08-01,02P,5892.0,11708.0
2025-04-01,02P,6698.0,12244.0
2025-12-01,02P,6491.0,13615.0
2024-07-01,02T,4892.0,8152.0
2021-09-01,03L,8831.0,12906.0
2025-05-01,06N,10806.0,19990.0
2025-06-01,06N,10312.0,19489.0
2026-05-01,06N,8441.0,19760.0
2024-12-01,13T,12179.0,20927.0
2022-05-01,15C,21962.0,33040.0
2022-03-01,15C,22844.0,34137.0
2025-02-01,15E,27818.0,49274.0
2024-10-01,15E,33841.0,56824.0
2025-07-01,15E,28471.0,54760.0
2023-10-01,27D,18433.0,29253.0
2025-01-01,27D,17584.0,30740.1
2023-05-01,27D,18021.0,28330.0
2024-01-01,27D,18684.0,30145.016666666666
2026-03-01,70F,15274.0,34647.0
2022-09-01,72Q,30529.0,46463.0
2022-11-01,72Q,31724.0,48435.0
2024-03-01,72Q,29654.0,48183.0
2024-02-01,72Q,29486.0,47865.0
2022-08-01,92A,22920.0,35277.0
2021-06-01,92A,25224.0,36959.0
2021-08-01,92A,23551.0,34987.0
2023-07-01,92G,20764.0,32920.0
2023-04-01,92G,20340.0,31888.0
2023-03-01,92G,23149.0,35800.0
2023-01-01,92G,22678.0,34923.0
2021-10-01,99C,5999.0,8799.0
2024-04-01,99C,5365.0,8773.0
2026-06-01,99E,3916.0,9223.0
2025-10-01,99E,4807.0,9734.0
2024-08-01,99G,3687.0,6232.0
2025-11-01,W2U3Z,27362.0,57069.0
2022-06-01,W2U3Z,37808.0,56736.0
2026-01-01,W2U3Z,28095.0,61154.0
2022-01-01,W2U3Z,38479.0,57277.0
2022-07-01,W2U3Z,37304.0,56571.0
2025-03-01,W2U3Z,31519.0,56390.0
2022-04-01,W2U3Z,35976.0,53919.0
2026-02-01,W2U3Z,24979.0,55243.0
2021-11-01,W2U3Z,39582.0,58231.0
2026-04-01,W2U3Z,25500.0,58102.0
2022-02-01,W2U3Z,34543.0,51406.0
2024-12-01,00V,4663.0,7993.0
2023-06-01,00V,5050.0,7905.0
2023-04-01,00Y,6387.0,10009.0
2022-07-01,00Y,7260.0,10982.0
2021-07-01,01D,6818.0,10006.0
2023-08-01,01H,8426.0,13415.0
2023-09-01,01H,8519.0,13438.0
2021-10-01,01V,3373.0,4933.0
2023-05-01,02H,9441.0,14840.0
2024-01-01,02H,9535.0,15350.0
2023-03-01,02H,10241.0,15829.0
2023-01-01,02H,10172.0,15581.0
2023-10-01,02H,9318.0,14770.0
2025-11-01,02P,5602.0,11625.0
2024-08-01,02P,7350.0,12375.0
2024-05-01,02P,8012.0,13179.0
2026-03-01,02P,5815.0,13138.0
2024-09-01,02P,7293.0,12133.0
2026-02-01,02P,5372.0,11806.0
2026-06-01,02P,5374.0,12644.0
2025-04-01,02T,4039.0,7376.0
2022-11-01,03L,8266.0,12603.0
2022-02-01,03L,7845.0,11664.0
2024-02-01,03N,14805.0,23909.0
2025-07-01,06N,10637.0,20399.0
2025-09-01,06N,10049.0,19819.0
2025-10-01,06N,10398.0,21033.0
2021-06-01,14Y,12509.0,18303.0
2022-01-01,15C,22161.0,32852.0
2025-06-01,15E,27854.0,52550.0
2025-08-01,15E,24570.0,48511.0
2024-07-01,15E,33809.0,56302.0
2024-03-01,27D,17604.0,28457.033333333333
2024-04-01,27D,17930.0,29175.1
2024-10-01,27D,18074.0,30152.0
2025-02-01,27D,15370.0,27189.033333333333
2025-12-01,70F,17907.0,37547.0
2026-01-01,70F,16480.0,35844.0
2026-04-01,70F,14813.0,33452.0
2022-10-01,72Q,31542.0,48008.0
2023-12-01,72Q,31846.0,50853.0
2023-07-01,72Q,30447.0,47713.0
2022-08-01,92G,21405.0,32649.0
2022-09-01,92G,21824.0,33168.0
2022-12-01,92G,23849.0,36430.0
2021-11-01,92G,23565.0,34488.0
2022-05-01,92G,22477.0,33661.0
2021-12-01,93C,28488.0,42163.0
2025-05-01,99C,4845.0,8907.0
2023-11-01,99C,5613.0,8861.0
2025-03-01,99C,4745.0,8488.0
2022-04-01,99C,5679.0,8506.0
2023-02-01,99C,5199.0,7990.0
2024-11-01,99C,5052.0,8501.0
2022-06-01,99C,5695.0,8546.0
2024-06-01,99G,3737.0,6138.0
2025-01-01,W2U3Z,34786.0,60666.0
2021-08-01,W2U3Z,34936.0,51582.0
2026-05-01,W2U3Z,24605.0,56687.0
2022-03-01,W2U3Z,39129.0,58368.0
2021-09-01,W2U3Z,39368.0,57479.0
2021-08-01,00L,9137.0,13443.0
2024-06-01,00V,4522.0,7425.0
2023-03-01,00Y,7550.0,11658.0
2026-01-01,00Y,5270.0,11220.0
2022-11-01,00Y,7421.0,11306.0
2023-05-01,00Y,7046.0,10879.0
2021-11-01,01D,7185.0,10508.0
2023-11-01,01H,8871.0,13976.0
2021-09-01,01V,3483.0,5084.0
2021-06-01,01W,8436.0,12262.0
2024-04-01,02H,9141.0,14871.0
2025-05-01,02P,6835.0,12555.0
2026-05-01,02P,5272.0,12031.0
2025-07-01,02P,6612.0,12646.0
2025-03-01,02P,6675.0,11931.0
2022-10-01,03L,8213.0,12434.0
2022-09-01,03L,8221.0,12440.0
2023-12-01,03N,15504.0,24629.0
2026-04-01,04Y,2577.0,5818.0
2025-02-01,06L,7930.0,14002.0
2025-08-01,06N,9275.0,18195.0
2025-12-01,06N,10607.0,22201.0
2024-10-01,13T,12531.0,20769.0
2023-01-01,14Y,12311.0,18836.0
2022-03-01,14Y,12000.0,17876.0
2022-07-01,15C,21318.0,32055.0
2024-11-01,15E,31830.0,53518.0
2025-10-01,15E,28131.0,56576.0
2024-09-01,15E,31893.0,52872.0
2025-01-01,15E,32721.0,56964.0
2024-05-01,27D,18267.0,29913.016666666666
2024-12-01,27D,17878.0,30598.0
2023-06-01,27D,18593.0,28963.0
2026-02-01,36L,17920.0,39327.0
2025-09-01,70F,17185.0,33587.0
2025-06-01,70F,17276.0,32313.0
2025-11-01,70F,15946.0,32787.0
2023-08-01,72Q,29193.0,46420.0
2022-12-01,72Q,34398.0,52073.0
2023-09-01,72Q,30228.0,47275.0
2024-01-01,72Q,32471.0,51921.0
2023-10-01,72Q,30947.0,48661.0
2023-02-01,72Q,29403.0,45171.0
2023-04-01,92A,21758.0,34057.0
2021-07-01,92A,25864.0,37941.0
2022-06-01,92G,21936.0,32668.0
2022-04-01,92G,21466.0,32058.0
2022-01-01,93C,26588.0,39368.0
2023-07-01,99C,5645.0,8789.0
2022-05-01,99C,6174.0,9238.0
2025-04-01,99C,4679.0,8544.0
2022-02-01,99C,5469.0,8125.0
2024-08-01,99C,5165.0,8650.0
2026-03-01,99C,4067.0,9178.0
2024-03-01,99C,5333.0,8597.0
2022-08-01,99C,5621.0,8554.0
2021-12-01,99C,6842.0,10088.0
2024-07-01,99G,3955.0,6582.0
2024-02-01,99G,3851.0,6190.0
2026-06-01,W2U3Z,25180.0,59217.0
2021-10-01,W2U3Z,38641.0,56441.0
2025-05-01,00Y,5990.0,10980.0
2026-04-01,00Y,4606.0,10392.0
2023-02-01,00Y,6660.0,10174.0
2023-06-01,00Y,6827.0,10610.0
2021-06-01,01D,6880.0,9989.0
2021-09-01,01D,7136.0,10370.0
2024-03-01,02H,8828.0,14139.0
2024-12-01,02P,7557.0,12913.0
2024-11-01,02P,7346.0,12343.0
2025-01-01,02P,7494.0,12980.0
2024-10-01,02T,4829.0,7992.0
2022-04-01,03L,8309.0,12311.0
2022-06-01,03L,8447.0,12561.0
2022-05-01,03L,8674.0,12961.0
2022-08-01,03L,8316.0,12652.0
2023-09-01,03N,14820.0,23171.0
2023-10-01,03N,15969.0,24964.0
2025-03-01,06L,8453.0,15099.0
2024-01-01,06N,12902.0,20456.0
2024-09-01,06N,11553.0,19144.0
2022-07-01,14Y,12168.0,18157.0
2021-08-01,15C,20600.0,30286.0
2021-11-01,15C,23939.0,34831.0
2021-12-01,15C,24439.0,36022.0
2021-10-01,15C,21920.0,31979.0
2025-11-01,15E,25645.0,52184.0
2025-12-01,15E,27738.0,57669.0
2025-09-01,15E,28286.0,55278.0
2026-01-01,15E,25965.0,55252.0
2026-05-01,15E,22321.0,50627.0
2024-06-01,27D,17081.0,27929.033333333333
2024-02-01,27D,17886.0,28542.066666666666
2024-07-01,27D,17888.0,29689.0
2024-08-01,27D,16826.0,28098.05
2026-06-01,36L,17355.0,40676.0
2026-02-01,70F,14617.0,31903.0
2023-07-01,70F,20083.0,31126.0
2025-07-01,70F,17599.0,33309.0
2025-08-01,70F,15715.0,30392.0
2023-05-01,70F,20887.0,32163.0
2025-10-01,70F,17339.0,34774.0
2023-11-01,72Q,32071.0,50396.0
2024-04-01,72Q,31319.0,50770.0
2023-01-01,72Q,32342.0,49389.0
2023-04-01,72Q,29267.0,45508.0
2022-01-01,92G,22722.0,33440.0
2022-03-01,92G,23669.0,35250.0
2022-02-01,93C,24423.0,36207.0
2025-06-01,99C,4465.0,8346.0
2022-11-01,99C,5806.0,8820.0
2023-12-01,99C,5759.0,9135.0
2023-08-01,99C,5376.0,8455.0
2022-09-01,99C,5762.0,8712.0
2023-03-01,99C,6042.0,9233.0
2022-10-01,99C,5918.0,8882.0
2022-12-01,99C,6157.0,9307.0
2024-05-01,99C,5651.0,9222.0
2021-07-01,99C,6184.0,9040.0
2025-02-01,W2U3Z,30458.0,53644.0
2025-04-01,W2U3Z,31557.0,57537.0
2026-03-01,W2U3Z,27437.0,60843.0
2025-02-01,00V,4062.0,7149.0
2023-12-01,00V,5093.0,7974.0
2023-07-01,00V,5009.0,7728.0
2025-12-01,00V,4172.0,8611.0
2024-05-01,00V,4900.0,7972.0
2024-01-01,00V,5346.0,8450.0
2025-10-01,00Y,5647.0,11140.0
2023-08-01,00Y,6584.0,10351.0
2026-06-01,00Y,4645.0,10798.0
2025-11-01,00Y,5169.0,10492.0
2025-09-01,00Y,5621.0,10912.0
2026-05-01,00Y,4644.0,10504.0
2022-06-01,01D,6580.0,9732.0
2022-01-01,01V,3294.0,4831.0
2025-07-01,02H,7929.0,14904.0
2024-08-01,02H,8592.0,14319.0
2025-01-01,02H,8998.0,15561.0
2024-07-01,02H,9331.0,15417.0
2024-02-01,02H,9188.0,14623.0
2026-01-01,02P,5971.0,12701.0
2025-08-01,02T,3674.0,7094.0
2024-11-01,02T,4621.0,7759.0
2021-11-01,03L,8859.0,12873.0
2023-11-01,03N,15612.0,24528.0
2024-12-01,06N,12187.0,20692.0
2025-03-01,06N,10856.0,19312.0
2024-03-01,13T,12527.0,19943.0
2023-06-01,13T,13593.0,20895.0
2022-08-01,14Y,11612.0,17587.0
2022-11-01,14Y,11993.0,18091.0
2021-07-01,15C,22420.0,32724.0
2026-03-01,15E,24601.0,54281.0
2026-02-01,15E,23460.0,50867.0
2026-04-01,36L,18503.0,41248.0
2025-05-01,70F,18533.0,33955.0
2023-09-01,70F,20432.0,31827.0
2022-07-01,70F,20900.0,31166.0
2023-02-01,70F,20597.0,31339.0
2023-04-01,70F,19826.0,30546.0
2022-04-01,70F,20932.0,30956.0
2022-10-01,70F,22053.0,32855.0
2023-05-01,72Q,31569.0,48590.0
2023-03-01,72Q,33538.0,51245.0
2021-12-01,92G,25278.0,37164.0
2021-06-01,92G,22674.0,32914.0
2021-10-01,92G,22509.0,32741.0
2021-09-01,92G,23437.0,34050.0
2022-02-01,92G,20526.0,30342.0
2022-05-01,93C,26782.0,39981.0
2022-09-01,93C,26270.0,39352.0
2022-03-01,93C,27893.0,41535.0
2022-12-01,93C,27923.0,41742.0
2024-06-01,99C,5107.0,8348.0
2021-08-01,99C,5843.0,8579.0
2023-10-01,99C,5715.0,8899.0
2023-01-01,99C,6098.0,9297.0
2024-10-01,99G,3967.0,6559.0
2024-09-01,99G,3715.0,6148.0
2025-04-01,99G,3348.0,6099.0
2024-04-01,99G,3850.0,6202.0
2025-06-01,99G,3286.0,6134.0
2024-03-01,00V,5143.0,8154.0
2024-08-01,00V,4622.0,7630.0
2025-05-01,00V,4237.0,7753.0
2025-03-01,00V,4201.0,7447.0
2023-07-01,00Y,6763.0,10426.0
2024-02-01,00Y,6455.0,10267.0
2025-12-01,00Y,5555.0,11450.0
2022-01-01,01D,6922.0,10151.0
2022-02-01,01D,6232.0,9210.0
2021-11-01,01V,3424.0,4973.0
2021-12-01,01V,3794.0,5570.0
2021-08-01,01W,8064.0,11787.0
2024-10-01,02H,9380.0,15465.0
2026-01-01,02H,7243.0,15175.0
2025-02-01,02H,7915.0,13823.0
2024-06-01,02H,8760.0,14193.0
2025-08-01,02H,7053.0,13604.0
2022-03-01,03L,8905.0,13166.0
2026-02-01,06L,6659.0,14371.0
2025-10-01,06L,7979.0,15674.0
2025-06-01,06L,7828.0,14567.0
2025-07-01,06L,8059.0,15125.0
2025-01-01,06N,12059.0,20839.0
2025-04-01,06N,11047.0,20117.0
2024-11-01,06N,11822.0,19806.0
2023-11-01,13T,13119.0,20463.0
2024-04-01,13T,12391.0,19902.0
2023-05-01,13T,13316.0,20441.0
2023-12-01,13T,13503.0,21079.0
2024-05-01,13T,12935.0,20928.0
2026-05-01,14L,9712.0,21903.0
2026-06-01,14L,10172.0,23527.0
2022-05-01,14Y,12432.0,18341.0
2022-12-01,14Y,13659.0,20352.0
2021-10-01,14Y,12396.0,17981.0
2023-02-01,14Y,11116.0,16908.0
2021-06-01,15C,22318.0,32359.0
2021-09-01,15C,22335.0,32428.0
2026-04-01,15E,24015.0,53379.0
2026-03-01,36L,19134.0,41663.0
2023-08-01,70F,19910.0,31174.0
2023-03-01,70F,22747.0,34489.0
2022-06-01,70F,21275.0,31450.0
2023-10-01,70F,20865.0,32328.0
2022-09-01,70F,21141.0,31512.0
2023-06-01,72Q,32617.0,50042.0
2021-07-01,92G,23267.0,33901.0
2022-10-01,93C,26417.0,39309.0
2022-04-01,93C,26077.0,38562.0
2022-07-01,93C,26541.0,39432.0
2022-08-01,93C,25371.0,38035.0
2023-01-01,93C,27334.0,41028.0
2022-11-01,93C,27218.0,40603.0
2024-09-01,99C,5443.0,8906.0
2024-01-01,99C,5777.0,9116.0
2023-04-01,99C,5378.0,8234.0
2023-09-01,99C,5355.0,8338.0
2024-07-01,99C,5444.0,8950.0
2025-09-01,99G,3334.0,6417.0
2024-12-01,99G,4016.0,6809.0
2025-11-01,99G,2985.0,6014.0
2024-07-01,00V,5065.0,8234.0
2025-07-01,00V,4179.0,7822.0
2025-01-01,00V,4717.0,8146.0
2026-02-01,00Y,4531.0,9762.0
2025-08-01,00Y,5217.0,9931.0
2025-06-01,00Y,5467.0,10113.0
2022-03-01,01D,7342.0,10754.0
2022-08-01,01D,6592.0,9866.0
2022-02-01,01V,3085.0,4532.0
2022-11-01,01V,3392.0,5044.0
2025-10-01,02H,7737.0,15027.0
2024-12-01,02H,9173.0,15375.0
2025-09-01,02H,7717.0,14819.0
2025-04-01,02H,7787.0,13988.0
2025-02-01,02P,6648.0,11603.0
2023-11-01,02T,5127.0,7938.0
2024-01-01,02T,5108.0,8049.0
2023-04-01,02T,4712.0,7169.0
2023-12-01,02T,5070.0,7899.0
2024-04-01,02T,4932.0,7864.0
2022-01-01,03L,8667.0,12657.0
2021-10-01,03L,8590.0,12435.0
2021-12-01,03L,9262.0,13583.0
2023-07-01,03N,15744.0,24218.0
2025-05-01,06L,8307.0,15164.0
2026-03-01,06L,7169.0,15571.0
2025-11-01,06L,7235.0,14539.0
2026-04-01,06L,6726.0,14928.0
2024-08-01,06N,11417.0,18802.0
2024-03-01,06N,12677.071428571428,20005.071428571428
2024-10-01,06N,12652.0,20801.0
2023-02-01,13T,12471.0,18754.0
2024-11-01,13T,11941.0,19998.0
2023-08-01,13T,12825.0,19857.0
2024-02-01,13T,12371.0,19674.0
2023-10-01,13T,13338.0,20565.0
2023-09-01,13T,12849.0,19929.0
2023-03-01,13T,14009.0,21142.0
2024-06-01,13T,11708.0,18925.0
2022-10-01,14Y,12757.0,18876.0
2022-04-01,14Y,11887.0,17526.0
2022-09-01,14Y,11829.0,17558.0
2021-09-01,14Y,12813.0,18560.0
2021-07-01,14Y,12643.0,18310.0
2026-06-01,15E,23410.0,54092.0
2026-05-01,36L,17447.0,39283.0
2025-12-01,36L,21622.0,44281.0
2026-01-01,36L,20316.0,42461.0
2022-12-01,70F,23853.0,35442.0
2023-06-01,70F,21805.0,33453.0
2023-01-01,70F,23009.0,34402.0
2022-05-01,70F,22125.0,32606.0
2025-03-01,70F,18430.0,32451.0
2021-08-01,92G,21419.0,31234.0
2022-06-01,93C,26643.0,39337.0
2021-11-01,99C,6328.0,9151.0
2022-07-01,99C,5932.0,8813.0
2023-05-01,99C,5627.0,8599.0
2024-05-01,99G,4134.0,6682.0
2021-06-01,W2U3Z,39183.0,56743.0
2024-09-01,X2C4Y,9874.0,16124.0
2025-08-01,00V,3875.0,7327.0
2026-01-01,00V,3773.0,7834.0
2025-07-01,00Y,5967.0,11155.0
2023-09-01,00Y,6809.0,10509.0
2024-04-01,00Y,6566.0,10427.0
2021-10-01,01D,6886.0,9932.0
2022-04-01,01D,6550.0,9634.0
2022-09-01,01V,3250.0,4822.0
2022-03-01,01V,3603.0,5276.0
2022-07-01,01V,3267.0,4791.0
2022-05-01,01V,3433.0,5051.0
2023-01-01,01W,8333.0,12413.0
2026-03-01,01W,5794.0,12427.0
2025-05-01,01X,4838.0,8810.0
2025-06-01,01X,4645.0,8587.0
2026-02-01,02T,3352.0,7107.0
2023-06-01,02T,5220.0,7966.0
2022-11-01,02T,5407.0,7994.0
2024-05-01,02T,5044.0,8146.0
2022-06-01,02T,5146.0,7584.0
2024-06-01,02T,4664.0,7496.0
2023-10-01,02T,5102.0,7837.0
2023-03-01,02T,5348.0,8047.0
2023-08-01,03N,15447.0,23877.0
2025-09-01,06L,7872.0,15102.0
2026-05-01,06L,6628.0,14679.0
2025-12-01,06L,8078.0,16453.0
2025-04-01,06L,7981.0,14330.0
2026-06-01,06L,6714.0,15370.0
2024-02-01,06T,8425.0,13280.0
2022-12-01,13T,15040.0,22223.0
2023-04-01,13T,12735.0,19345.0
2025-01-01,13T,12414.0,21325.0
2024-08-01,13T,11847.0,19431.0
2024-09-01,13T,12001.0,19538.0
2024-01-01,13T,13615.0,21298.0
2023-07-01,13T,12946.0,19794.0
2024-07-01,13T,12828.0,20779.0
2022-10-01,13T,13862.0,20439.0
2026-04-01,14L,10366.0,22886.0
2021-08-01,14Y,11574.0,16862.0
2021-11-01,14Y,13096.0,18938.0
2021-12-01,14Y,13766.0,20015.0
2024-11-01,27D,17605.0,29408.066666666666
2025-10-01,36L,21730.0,42162.0
2025-11-01,36L,19875.0,39381.0
2022-01-01,70F,22513.0,32688.0
2023-12-01,70F,22246.0,34520.0
2022-02-01,70F,20008.0,29274.0
2023-11-01,70F,22401.0,34590.0
2022-08-01,70F,21050.0,31406.0
2021-09-01,70F,22222.0,32148.0
2024-03-01,70F,20564.0,32420.0
2021-07-01,70F,22263.0,32183.0
2023-02-01,93C,24969.0,37518.0
2023-05-01,93C,26237.0,39582.0
2025-02-01,99C,4549.0,7937.0
2024-12-01,99C,5376.0,8988.0
2024-10-01,99C,5348.0,8766.0
2021-06-01,99C,6268.0,9061.0
2025-03-01,99G,3594.0,6321.0
2025-04-01,00V,4181.0,7433.0
2025-09-01,00V,4100.0,7785.0
2026-02-01,00V,3424.0,7149.0
2026-06-01,00V,3536.0,8018.0
2025-10-01,00V,4148.0,8044.0
2023-10-01,00Y,7113.0,10917.0
2023-11-01,00Y,6963.0,10734.0
2024-05-01,00Y,6769.0,10889.0
2022-07-01,01D,6852.0,10036.0
2022-09-01,01D,7018.0,10317.0
2022-05-01,01D,7008.0,10304.0
2022-04-01,01V,3312.0,4803.0
2022-12-01,01V,3655.0,5367.0
2022-08-01,01V,3255.0,4830.0
2022-06-01,01V,3262.0,4781.0
2021-07-01,01W,8501.0,12253.0
2021-12-01,01W,9420.0,13612.0
2026-04-01,01W,5443.0,11858.0
2022-10-01,01W,8187.0,12040.0
2021-09-01,01W,8710.0,12588.0
2026-01-01,01W,6006.0,12436.0
2025-07-01,01X,4877.0,9062.0
2025-11-01,02H,7183.0,14223.0
2025-06-01,02H,7709.0,14193.0
2024-11-01,02H,8850.0,14736.0
2026-03-01,02H,7049.0,15109.0
2024-08-01,02T,4546.0,7426.0
2023-02-01,02T,4860.0,7296.0
2025-12-01,02T,4134.0,8401.0
2024-12-01,02T,4797.0,7979.0
2025-05-01,02T,4361.0,7897.0
2025-03-01,02T,4285.0,7505.0
2026-05-01,02T,3399.0,7477.0
2024-07-01,06N,12839.0,20736.0
2023-12-01,06N,13245.0,20412.0
2023-05-01,06T,9269.0,13953.0
2023-08-01,06T,9099.0,13938.0
2024-10-01,06T,8826.0,14395.0
2023-09-01,06T,8891.0,13630.0
2024-09-01,06T,8376.0,13562.0
2023-01-01,13T,14072.0,20932.0
2022-01-01,14Y,12542.0,18074.0
2022-02-01,14Y,11767.0,17202.0
2024-04-01,70F,21154.0,33446.0
2022-11-01,70F,22261.0,32865.0
2025-02-01,70F,17730.0,30688.0
2021-06-01,70F,22037.0,31751.0
2021-11-01,70F,24148.0,34739.0
2024-02-01,70F,20295.0,31932.0
2021-08-01,70F,20852.0,30198.0
2021-10-01,70F,22203.0,31739.0
2022-03-01,70F,22961.0,33396.0
2023-04-01,93C,24657.0,37222.0
2023-06-01,93C,26580.0,40257.0
2023-03-01,93C,28214.0,42252.0
2023-07-01,93C,25779.0,39259.0
2025-01-01,99C,5426.0,9270.0
2024-01-01,99G,4289.0,6691.0
2024-03-01,99G,3932.0,6184.0
2025-08-01,99G,3192.0,6032.0
2024-06-01,X2C4Y,9795.0,15704.0
2024-04-01,00V,5333.0,8407.0
2024-09-01,00V,4799.0,7752.0
2024-03-01,00Y,6838.0,10725.0
2022-11-01,01D,6852.0,10097.0
2023-02-01,01V,3006.0,4444.0
2022-10-01,01V,3344.0,4915.0
2021-10-01,01W,8582.0,12235.0
2022-01-01,01W,9010.0,12983.0
2022-03-01,01W,8948.0,12995.0
2025-11-01,01W,5939.0,11752.0
2022-05-01,01W,8693.0,12592.0
2022-06-01,01W,8335.0,12196.0
2022-02-01,01W,7834.0,11371.0
2026-01-01,01X,4410.0,9074.0
2025-10-01,01X,4691.0,9061.0
2026-06-01,01Y,4059.0,9197.0
2026-05-01,01Y,4015.0,8831.0
2025-03-01,02H,8379.0,14555.0
2025-12-01,02H,8016.0,16070.0
2026-04-01,02T,3515.0,7631.0
2025-06-01,02T,4039.0,7423.0
2023-08-01,02T,5148.0,7854.0
2024-02-01,02T,5137.0,7992.0
2023-01-01,02T,5572.0,8281.0
2025-02-01,02T,3978.0,6854.0
2021-06-01,03L,8853.0,12706.0
2021-07-01,03L,8937.0,12830.0
2021-08-01,03L,8354.0,12091.0
2022-04-01,03N,16036.0,23224.0
2022-12-01,03N,17714.0,25989.0
2023-06-01,03N,16146.0,24360.0
2022-07-01,03N,16484.0,23974.0
2023-04-01,03N,15090.0,22656.0
2026-02-01,06K,8940.0,18658.0
2025-08-01,06L,7413.0,14002.0
2023-11-01,06N,13305.0,20463.0
2023-10-01,06N,12787.0,19549.0
2024-05-01,06N,12609.0,20222.0
2024-06-01,06T,8525.0,13612.0
2024-01-01,06T,9340.0,14558.0
2023-12-01,06T,9754.0,14968.0
2023-03-01,06T,10161.0,15052.0
2021-11-01,13T,14671.0,21030.0
2022-09-01,13T,14223.0,20861.0
2022-08-01,13T,14019.0,20648.0
2026-03-01,14L,10935.0,23330.0
2025-09-01,36L,21159.0,40164.0
2024-07-01,70F,20535.0,33152.0
2024-11-01,70F,20249.0,33143.0
2021-12-01,70F,24934.0,35995.0
2024-12-01,70F,20814.0,34608.0
2025-01-01,70F,20644.0,35204.0
2025-04-01,70F,18080.0,32094.0
2023-09-01,93C,25285.0,38391.0
2021-09-01,99C,6462.0,9323.0
2025-07-01,99G,3434.0,6339.0
2024-10-01,X2C4Y,10691.0,17407.0
2025-05-01,X2C4Y,8960.0,16216.0
2023-07-01,X2C4Y,10523.0,16000.0
2023-05-01,X2C4Y,11085.0,16634.0
2024-08-01,X2C4Y,9786.0,15936.0
2026-05-01,00V,3442.0,7544.0
2024-10-01,00V,5083.0,8262.0
2025-06-01,00V,4105.0,7497.0
2023-12-01,00Y,7293.0,11179.0
2025-04-01,00Y,5706.0,10082.0
2023-03-01,01D,7311.0,10823.0
2022-05-01,01T,4580.0,6621.0
2021-11-01,01T,4727.0,6757.0
2022-04-01,01T,4425.0,6396.0
2022-01-01,01T,4413.0,6358.0
2021-07-01,01T,4572.0,6538.0
2023-04-01,01T,4101.0,6129.0
2021-09-01,01T,4923.0,7054.0
2022-07-01,01W,8564.0,12443.0
2022-08-01,01W,8114.0,11921.0
2026-06-01,01W,5302.0,11945.0
2022-09-01,01W,8406.0,12326.0
2025-09-01,01X,4540.0,8466.0
2025-12-01,01X,4842.0,9689.0
2021-06-01,02G,3076.0,4374.0
2026-02-01,02H,6605.0,13757.0
2026-04-01,02H,6733.0,14605.0
2025-05-01,02H,8331.0,15065.0
2022-12-01,02T,5788.0,8490.0
2023-05-01,02T,5162.0,7723.0
2022-10-01,02T,5414.0,7947.0
2023-07-01,02T,4956.0,7523.0
2025-11-01,02T,3788.0,7360.0
2023-09-01,02T,5035.0,7619.0
2023-01-01,03N,16663.0,24674.0
2026-03-01,06K,9477.0,20134.0
2026-01-01,06L,7645.0,15665.0
2024-04-01,06T,9200.0,14462.0
2025-02-01,06T,7703.0,13182.0
2024-07-01,06T,8937.0,14254.0
2025-03-01,06T,8159.0,14108.0
2023-02-01,06T,8985.0,13275.0
2024-08-01,06T,8452.0,13708.0
2024-03-01,06T,9035.0,14134.0
2022-03-01,13T,14868.0,21558.0
2021-08-01,13T,13889.0,19811.0
2021-12-01,13T,16039.0,22880.0
2022-02-01,13T,13121.0,18956.0
2022-11-01,13T,14296.0,20934.0
2022-06-01,14Y,12473.0,18232.0
2024-06-01,70F,19570.0,31226.0
2024-09-01,70F,19974.0,32257.0
2024-05-01,70F,21161.0,33666.0
2024-01-01,70F,22249.0,34655.0
2023-10-01,93C,25930.0,39609.0
2023-08-01,93C,24853.0,37815.0
2021-10-01,99F,4355.0,6186.0
2025-10-01,99G,3406.0,6549.0
2023-11-01,99G,4132.0,6352.0
2023-06-01,99G,4249.0,6378.0
2025-07-01,X2C4Y,8960.0,16455.0
2024-12-01,X2C4Y,10573.0,17304.0
2025-08-01,X2C4Y,7807.0,14595.0
2024-02-01,X2C4Y,10222.0,15874.0
2025-01-01,X2C4Y,10047.0,16904.0
2024-11-01,X2C4Y,9895.0,16112.0
2025-11-01,00V,3832.0,7414.0
2024-02-01,00V,5299.0,8228.0
2022-10-01,01D,6923.0,10094.0
2021-06-01,01T,4920.0,6957.0
2022-12-01,01T,4903.0,7162.0
2022-02-01,01T,4187.0,6015.0
2023-02-01,01T,4060.0,5993.0
2022-03-01,01T,4767.0,6832.0
2023-01-01,01V,3397.0,5006.0
2026-02-01,01W,5372.0,11182.0
2023-05-01,01W,8027.0,12005.0
2021-11-01,01W,8663.0,12370.0
2026-03-01,01X,4292.0,9107.0
2026-04-01,01Y,4073.0,8707.0
2026-06-01,02H,6683.0,14995.0
2024-09-01,02T,4763.0,7688.0
2025-10-01,02T,4240.0,8143.033333333333
2025-09-01,02T,4209.0,7827.0
2022-09-01,02T,5574.0,8125.0
2021-12-01,03N,18871.0,26895.0
2023-03-01,03N,17296.0,25567.0
2022-11-01,03N,17022.0,24785.0
2025-12-01,06K,10707.0,21315.0
2026-05-01,06K,8926.0,19528.0
2024-04-01,06N,12550.0,19719.0
2024-06-01,06N,12238.0,19389.0
2024-11-01,06T,8694.0,14075.0
2023-10-01,06T,9320.0,14209.0
2024-05-01,06T,9083.0,14415.0
2025-01-01,06T,8962.0,14849.0
2025-04-01,06T,7702.0,13515.0
2023-07-01,06T,9319.0,14092.0
2022-06-01,13T,14264.0,20717.0
2021-09-01,13T,15038.0,21461.0
2021-10-01,13T,14549.0,20596.0
2022-07-01,13T,14123.0,20519.0
2021-07-01,13T,15143.0,21630.0
2022-05-01,13T,14329.0,20667.0
2022-01-01,13T,14383.0,20673.0
2022-04-01,13T,13877.0,20051.0
2026-01-01,14L,11773.0,23985.0
2021-08-01,14L,15434.0,21840.0
2023-09-01,36L,25232.0,38134.0
2022-08-01,36L,25420.0,37159.0
2025-08-01,36L,19214.0,35878.0
2023-08-01,36L,24417.0,37150.0
2023-04-01,36L,25070.0,37424.0
2025-03-01,36L,22518.0,38499.0
2024-12-01,36L,25456.0,41600.0
2025-07-01,36L,21894.0,40174.0
2024-10-01,70F,20954.0,33883.0
2024-08-01,70F,19478.0,31541.0
2023-11-01,93C,26814.0,41105.0
2024-03-01,93C,24930.0,38879.0
2025-05-01,99G,3492.0,6252.0
2025-02-01,X2C4Y,8638.0,14779.0
2024-01-01,X2C4Y,11270.0,17337.0
2025-06-01,X2C4Y,8803.0,15910.0
2023-06-01,X2C4Y,11255.0,16840.0
2023-12-01,X2C4Y,11126.0,17051.0
2024-07-01,X2C4Y,10769.0,17170.0
2024-07-01,00Y,6850.0,10868.0
2024-01-01,00Y,7482.0,11495.0
2024-11-01,00Y,6512.0,10460.0
2024-10-01,00Y,6912.0,11147.0
2025-02-01,00Y,5706.0,9712.0
2024-06-01,00Y,6464.0,10208.0
2023-08-01,01D,6456.0,9779.0
2023-06-01,01D,6854.0,10249.0
2022-12-01,01D,7392.0,10797.0
2023-01-01,01D,7294.0,10748.0
2021-12-01,01T,5149.0,7337.0
2026-03-01,01T,3097.0,6561.0
2021-10-01,01T,4477.0,6329.0
2025-05-01,01T,3719.0,6593.0
2023-07-01,01V,3138.0,4702.0
2022-11-01,01W,8610.0,12503.0
2022-04-01,01W,8005.0,11565.0
2023-04-01,01W,7658.0,11415.0
2023-03-01,01W,8728.0,12893.0
2026-04-01,01X,4013.0,8573.0
2025-08-01,01X,4425.0,8205.0
2026-02-01,01X,3886.0,8082.0
2021-07-01,02G,3139.0,4479.0
2026-05-01,02H,6483.0,14140.0
2022-08-01,02T,5213.0,7586.0
2022-07-01,02T,5465.0,7936.0
2025-07-01,02T,4364.0,7964.0
2024-03-01,02T,4892.0,7610.0
2022-06-01,03N,16328.0,23652.0
2021-09-01,03N,17328.0,24454.0
2022-03-01,03N,17403.0,24849.0
2021-08-01,03N,15912.0,22501.0
2022-01-01,03N,16895.0,24078.0
2022-09-01,03N,16082.0,23418.0
2021-11-01,03N,17898.0,25201.0
2022-05-01,03N,17362.0,24986.0
2023-02-01,03N,15538.0,22869.0
2023-05-01,03N,16280.0,24308.0
2025-09-01,06K,10510.0,19471.0
2026-06-01,06K,8817.0,19605.0
2024-02-01,06N,12499.0,19312.0
2023-09-01,06N,12870.0,19319.0
2024-12-01,06T,8997.0,14649.0
2023-11-01,06T,9425.0,14367.0
2025-11-01,14L,11732.0,22678.0
2025-10-01,14L,12860.0,24462.0
2024-09-01,36L,23882.0,37899.0
2024-08-01,36L,23321.0,37381.0
2025-01-01,36L,25010.0,41231.0
2022-10-01,36L,27202.0,39401.0
2025-06-01,36L,21226.0,37914.0
2024-04-01,93C,25765.0,40102.0
2023-12-01,93C,26341.0,40350.0
2022-02-01,99F,3988.0,5725.0
2021-06-01,99F,4601.0,6490.0
2026-01-01,99G,3247.0,6615.0
2025-03-01,X2C4Y,9587.0,16329.0
2024-05-01,X2C4Y,10662.0,16776.0
2023-10-01,X2C4Y,11282.0,17174.0
2025-04-01,X2C4Y,9066.0,15828.0
2025-12-01,X2C4Y,8760.0,17389.0
2026-03-01,00V,3754.0,7948.0
2025-03-01,00Y,6102.0,10384.0
2025-07-01,01D,5684.0,10311.0
2026-05-01,01T,2825.0,6159.0
2022-10-01,01T,4389.0,6347.0
2023-07-01,01T,4161.0,6229.0
2025-02-01,01T,3380.0,5705.0
2026-06-01,01T,2924.0,6443.0
2023-08-01,01V,3158.0,4782.0
2023-03-01,01V,3491.0,5149.0
2022-12-01,01W,9287.0,13440.0
2025-08-01,01W,5985.0,11007.0
2021-09-01,02G,3285.0,4622.0
2022-02-01,02G,2860.0,4097.0
2021-12-01,02G,3401.0,4810.0
2022-01-01,02T,5513.0,7810.0
2021-10-01,03N,16696.0,23548.0
2021-07-01,03N,17411.0,24511.0
2022-08-01,03N,16490.0,23962.0
2021-06-01,03N,17225.0,24274.0
2025-10-01,06K,10878.0,20661.0
2026-01-01,06K,10035.0,20334.0
2026-04-01,06K,9042.0,19267.0
2025-05-01,06T,8038.0,14235.0
2025-06-01,06T,7595.0,13540.0
2023-06-01,06T,9549.0,14239.0
2026-02-01,14L,10515.0,21846.0
2022-03-01,14L,17269.0,24578.0
2022-05-01,14L,16197.0,23199.0
2025-12-01,14L,12413.0,24511.0
2024-06-01,36L,24186.0,37865.0
2025-04-01,36L,22451.0,38859.0
2024-01-01,36L,26855.0,41254.0
2022-11-01,36L,27981.0,40583.0
2024-05-01,36L,25305.0,39787.0
2024-10-01,36L,25699.0,40752.0
2023-12-01,36L,26902.0,40945.0
2022-09-01,36L,26537.0,38355.0
2023-05-01,36L,26095.0,38823.0
2024-07-01,36L,25596.0,40395.0
2023-10-01,36L,26330.0,39872.0
2025-11-01,93C,20947.0,40477.0
2024-09-01,93C,25055.0,39382.0
2024-02-01,93C,24735.0,38190.0
2024-12-01,93C,25559.0,41398.0
2024-08-01,93C,24088.0,38229.0
2025-01-01,93C,26269.0,43084.0
2024-11-01,93C,25849.0,41300.0
2021-08-01,99F,4089.0,5753.0
2021-11-01,99F,4495.0,6329.0
2022-06-01,99F,4296.0,6199.0
2022-04-01,99F,4174.0,6005.0
2023-09-01,99G,4055.0,6081.0
2024-03-01,X2C4Y,9994.0,15507.0
2024-04-01,X2C4Y,10801.0,16793.0
2023-02-01,X2C4Y,10452.0,15364.0
2025-09-01,X2C4Y,9155.0,16913.0
2023-11-01,X2C4Y,11264.0,17080.0
2023-04-01,X2C4Y,9920.0,14772.0
2023-01-01,X2C4Y,11773.0,17254.0
2022-07-01,X2C4Y,11441.0,16452.0
2024-08-01,00Y,6571.0,10422.0
2024-09-01,00Y,6624.0,10372.0
2025-01-01,00Y,7091.0,11609.0
2023-05-01,01D,6684.0,9934.0
2026-03-01,01D,4971.0,10344.0
2025-03-01,01D,5994.0,10160.0
2023-02-01,01D,6649.0,9771.0
2024-12-01,01T,4126.0,6680.0
2023-11-01,01T,4329.0,6556.0
2026-02-01,01T,2923.0,6021.0
2021-08-01,01T,4532.0,6369.0
2023-10-01,01V,3219.0,4865.0
2025-12-01,01W,6661.0,13090.0
2025-04-01,01W,6575.0,11307.0
2026-05-01,01X,3830.0,8346.0
2026-06-01,01X,4039.0,8873.0
2021-11-01,02G,3298.0,4633.0
2021-10-01,02G,3165.0,4449.0
2022-04-01,02T,5321.0,7627.0
2022-03-01,02T,5742.0,8158.0
2026-01-01,02T,3936.0,7926.0
2022-02-01,03N,15574.0,22250.0
2022-10-01,03N,16766.0,24227.0
2023-08-01,06N,12778.0,19299.0
2022-12-01,06T,10506.0,15179.0
2025-07-01,06T,7836.0,14185.0
2022-11-01,06T,10040.0,14493.0
2021-06-01,13T,15192.0,21408.0
2021-12-01,14L,17656.0,24951.0
2021-07-01,14L,16653.0,23442.0
2022-08-01,14L,15714.0,22774.0
2022-01-01,14L,16827.0,23795.0
2025-09-01,14L,12729.0,23506.0
2021-09-01,14L,17134.0,24077.0
2025-06-01,14L,12611.0,22416.0
2023-07-01,36L,25840.0,38599.0
2022-06-01,36L,27280.0,39176.0
2025-05-01,36L,22860.0,40336.0
2024-03-01,36L,25078.0,38658.0
2024-02-01,36L,24533.0,37758.0
2024-04-01,36L,25472.0,39418.0
2022-05-01,36L,27407.0,39141.0
2023-01-01,36L,27161.0,39771.0
2024-11-01,36L,25877.0,41104.0
2023-03-01,36L,27867.0,41076.0
2025-02-01,36L,21993.0,37106.0
2024-06-01,93C,25251.0,39365.0
2024-01-01,93C,27107.0,41564.0
2024-05-01,93C,26469.0,41082.0
2024-10-01,93C,27211.0,43092.0
2024-07-01,93C,26886.0,42239.0
2026-04-01,93C,19427.0,41393.0
2025-08-01,93C,20229.0,37128.0
2022-07-01,99F,4430.0,6340.0
2023-06-01,99F,4377.0,6497.0
2022-09-01,99F,4481.0,6451.0
2023-12-01,99G,4284.0,6471.0
2023-04-01,99G,4009.0,5966.0
2023-09-01,X2C4Y,10828.0,16216.0
2025-11-01,X2C4Y,8252.0,15881.0
2025-10-01,X2C4Y,8865.0,16731.0
2026-04-01,00V,3550.0,7548.0
2024-12-01,00Y,6719.0,10841.0
2025-04-01,01D,5738.0,9854.0
2025-05-01,01D,5821.0,10114.0
2025-12-01,01D,5694.0,11126.0
2024-04-01,01D,6396.0,9856.0
2023-07-01,01D,6569.0,9805.0
2024-02-01,01D,6460.0,9831.0
2023-03-01,01T,4678.0,6867.0
2025-06-01,01T,3513.0,6221.0
2024-06-01,01T,3856.0,5949.0
2024-01-01,01T,4275.0,6548.0
2022-08-01,01T,4481.0,6475.0
2023-10-01,01T,4274.0,6435.0
2024-09-01,01T,3966.0,6209.0
2022-09-01,01T,4513.0,6495.0
2025-08-01,01T,3190.0,5847.0
2024-03-01,01T,4099.0,6288.0
2022-07-01,01T,4374.0,6245.0
2024-10-01,01T,4147.0,6525.0
2023-12-01,01V,3420.0,5151.0
2023-05-01,01V,3397.0,5023.0
2023-09-01,01W,7972.0,11920.0
2026-05-01,01W,5254.0,11398.0
2025-11-01,01X,4324.0,8318.0
2026-01-01,01Y,4713.0,9452.0
2026-03-01,01Y,4392.0,9136.0
2022-04-01,02G,3126.0,4462.0
2022-06-01,02G,3023.0,4319.0
2021-08-01,02G,3034.0,4262.0
2021-06-01,02T,5640.0,7913.0
2022-05-01,02T,5665.0,8081.0
2021-12-01,02T,6016.0,8476.0
2021-09-01,02T,5934.0,8275.0
2025-07-01,06K,11179.0,20168.0
2024-08-01,06K,12469.0,19443.0
2023-01-01,06T,10104.0,14727.0
2023-04-01,06T,9040.0,13445.0
2022-11-01,14L,16211.0,23384.0
2021-11-01,14L,17040.0,23924.0
2022-10-01,14L,16609.0,23868.0
2021-10-01,14L,16427.0,22961.0
2023-11-01,36L,27113.0,41030.0
2021-07-01,36L,28000.0,39356.0
2023-02-01,36L,25059.0,36659.0
2022-03-01,36L,29032.0,41108.0
2023-06-01,36L,27545.0,40842.0
2022-12-01,36L,29687.0,42883.0
2022-02-01,36L,25575.0,36216.0
2026-02-01,93C,18956.0,38842.0
2025-02-01,93C,22628.0,37602.0
2026-06-01,93C,19209.0,42160.0
2025-10-01,93C,22567.0,42542.0
2025-03-01,93C,23551.0,39745.0
2025-09-01,93C,22407.0,41174.0
2024-07-01,99F,4080.0,6375.0
2022-01-01,99F,4394.0,6194.0
2024-05-01,99F,4198.0,6446.0
2024-11-01,99F,4032.0,6328.0
2025-01-01,99F,4149.0,6701.0
2023-08-01,X2C4Y,10763.0,16185.0
2023-11-01,01D,6974.0,10438.0
2024-08-01,01D,6336.0,9851.0
2025-08-01,01D,5192.0,9489.0
2024-05-01,01D,6945.0,10661.0
2024-03-01,01D,6616.0,10057.0
2022-06-01,01T,4545.0,6471.0
2026-04-01,01T,3140.0,6612.0
2023-05-01,01T,4404.0,6495.0
2024-11-01,01T,4123.0,6446.0
2024-07-01,01T,4110.0,6383.0
2022-11-01,01T,4648.0,6703.0
2025-09-01,01T,3505.0,6438.0
2023-09-01,01T,4125.0,6165.0
2024-01-01,01V,3308.0,4992.0
2023-04-01,01V,3050.0,4535.0
2025-10-01,01W,6682.0,12594.0
2023-06-01,01W,8296.0,12265.0
2025-07-01,01W,6789.0,12224.0
2023-10-01,01W,8112.0,12124.0
2023-08-01,01W,7883.0,11781.0
2023-02-01,01W,7709.0,11274.0
2025-02-01,01W,6622.0,10988.0
2024-10-01,01W,7873.0,12309.0
2025-03-01,01W,6882.0,11613.0
2021-07-01,01Y,6692.0,9337.0
2026-02-01,01Y,4176.0,8539.0
2026-06-01,02A,4087.0,8952.0
2021-11-01,02T,5884.0,8220.0
2024-12-01,06K,12964.0,20623.0
2025-01-01,06K,12907.0,20790.0
2025-11-01,06K,9907.0,19025.0
2023-07-01,06N,13014.0,19334.0
2022-09-01,06T,9909.0,14238.0
2022-08-01,06T,9543.0,13690.0
2022-04-01,14L,15564.0,22160.0
2022-07-01,14L,15973.0,22764.0
2025-05-01,14L,13171.0,22782.0
2022-02-01,14L,14920.0,21069.0
2021-06-01,14L,17180.0,24004.0
2025-06-01,36J,12867.0,22758.0
2021-09-01,36L,28262.0,39242.0
2021-08-01,36L,26305.0,36741.0
2022-01-01,36L,28073.0,39432.0
2021-10-01,36L,28341.0,39477.0
2025-04-01,93C,23422.0,40143.0
2026-05-01,93C,18806.0,40594.0
2026-01-01,93C,21513.0,43045.0
2022-03-01,99F,4516.0,6392.0
2024-06-01,99F,3915.0,6022.0
2024-04-01,99F,4248.0,6431.0
2021-12-01,99F,5226.0,7347.0
2023-12-01,99F,4371.0,6568.0
2024-09-01,99F,3982.0,6195.0
2022-05-01,99F,4697.0,6651.0
2024-02-01,99F,4056.0,6137.0
2026-03-01,99G,3018.0,6262.0
2023-01-01,99G,4421.0,6379.0
2025-12-01,99G,3624.0,7073.0
2022-10-01,X2C4Y,11687.0,16728.0
2022-12-01,X2C4Y,12707.0,18259.0
2023-03-01,X2C4Y,12002.0,17596.0
2026-04-01,01D,4941.0,10348.0
2026-05-01,01D,4615.0,9858.0
2023-04-01,01D,6597.0,9675.0
2024-06-01,01D,6316.0,9688.0
2024-09-01,01D,6436.0,9995.0
2023-09-01,01D,6684.0,9975.0
2025-12-01,01T,3697.0,7209.0
2023-12-01,01T,4466.0,6698.0
2024-04-01,01T,4199.0,6335.0
2025-10-01,01T,3516.0,6588.0
2023-08-01,01T,4206.0,6256.0
2023-06-01,01T,4337.0,6408.0
2025-11-01,01T,3239.0,6173.0
2025-03-01,01T,3717.0,6272.0
2023-01-01,01T,4446.0,6403.0
2026-01-01,01T,3293.0,6569.0
2026-02-01,01V,2236.0,4568.0
2024-02-01,01V,3211.0,4843.0
2025-02-01,01V,2836.0,4692.0
2024-05-01,01V,3321.0,5084.0
2025-05-01,01W,7019.0,12111.0
2024-03-01,01W,7819.0,11861.0
2024-07-01,01W,7884.0,12221.0
2025-09-01,01W,6492.0,11908.0
2023-07-01,01W,7986.0,11804.0
2025-01-01,01Y,5827.0,9350.0
2026-03-01,02A,4427.0,9181.0
2021-08-01,02A,6316.0,8798.0
2021-10-01,02A,6604.0,9112.0
2021-11-01,02A,7003.0,9716.0
2022-03-01,02G,3383.0,4767.0
2022-01-01,02G,3097.0,4347.0
2022-02-01,02T,5098.0,7198.0
2026-06-01,02T,3663.0,7998.0
2024-11-01,06K,12820.0,19989.0
2024-10-01,06K,13219.0,20585.0
2022-05-01,06T,10233.0,14421.0
2025-08-01,06T,7104.0,12975.0
2022-06-01,14L,16397.0,23273.0
2022-09-01,14L,16258.0,23337.0
2023-03-01,14L,17077.0,24740.0
2022-12-01,14L,17582.0,25189.0
2023-02-01,14L,15116.0,21829.0
2022-04-01,36L,26817.0,38061.0
2021-12-01,36L,30957.0,43413.0
2021-06-01,36L,28289.0,39267.0
2022-07-01,36L,27292.0,38854.0
2025-07-01,93C,23161.0,41623.0
2025-06-01,93C,22599.0,39944.0
2022-10-01,99F,4146.0,5898.0
2022-11-01,99F,4611.0,6633.0
2023-05-01,99F,4317.0,6342.0
2024-08-01,99F,3914.0,6054.0
2021-09-01,99F,4624.0,6419.0
2025-04-01,99F,3714.0,6302.0
2023-11-01,99F,4415.0,6579.0
2023-10-01,99F,4158.0,6202.0
2024-01-01,99F,4414.0,6651.0
2021-07-01,99F,4437.0,6183.0
2024-12-01,99F,4061.0,6460.0
2022-08-01,X2C4Y,11661.0,16642.0
2024-12-01,01D,6597.0,10478.0
2023-10-01,01D,6980.0,10401.0
2026-02-01,01D,4812.0,9802.0
2025-09-01,01D,5585.0,10240.0
2024-01-01,01D,7154.0,10763.0
2024-07-01,01D,6928.0,10684.0
2025-07-01,01T,3631.0,6522.0
2024-05-01,01T,4295.0,6532.0
2024-08-01,01T,3929.0,6071.0
2024-03-01,01V,3246.0,4894.0
2026-05-01,01V,2245.0,4787.0
2023-06-01,01V,3369.0,4972.0
2023-09-01,01V,3201.0,4764.0
2024-02-01,01W,7615.0,11484.0
2025-06-01,01W,6434.0,11356.0
2024-11-01,01W,7582.0,11778.0
2023-11-01,01W,8317.0,12363.0
2025-01-01,01W,7902.0,12652.0
2024-06-01,01W,7279.0,11095.0
2024-09-01,01W,7425.0,11402.0
2024-04-01,01W,7888.0,11874.0
2023-12-01,01W,8299.0,12388.0
2025-11-01,01Y,4691.0,8935.0
2021-12-01,02A,7311.0,10089.0
2021-09-01,02A,7013.0,9724.0
2022-05-01,02A,6760.0,9493.0
2021-06-01,02A,6784.0,9388.0
2026-04-01,02A,4214.0,8790.0
2022-04-01,02A,6242.0,8848.0
2022-01-01,02A,6706.0,9400.0
2023-02-01,02G,2981.0,4281.0
2026-06-01,02G,2154.0,4664.0
2021-08-01,02T,5361.0,7440.0
2021-07-01,06T,10514.0,14620.0
2025-10-01,06T,7764.0,14503.0
2022-03-01,06T,10620.0,14814.0
2022-02-01,06T,9467.0,13240.0
2021-10-01,06T,10121.0,13948.0
2022-06-01,06T,10180.0,14358.0
2022-10-01,06T,9900.0,14043.0
2022-07-01,06T,10024.0,14123.0
2025-04-01,14L,13298.0,22473.0
2023-05-01,14L,16165.0,23545.0
2025-03-01,14L,13572.0,22661.0
2023-01-01,14L,16803.0,24120.0
2025-08-01,14L,11562.0,21061.0
2025-02-01,14L,12816.0,21197.0
2026-01-01,36J,12395.0,24675.0
2021-11-01,36L,29418.0,40717.0
2026-03-01,93C,20582.0,42569.0
2025-12-01,93C,22728.0,44202.0
2025-05-01,93C,23894.0,41212.0
2024-10-01,99F,4116.0,6376.0
2022-08-01,99F,4282.0,6101.0
2023-04-01,99F,3948.0,5788.0
2022-12-01,99G,4878.0,6976.0
2023-07-01,99G,4286.0,6321.0
2023-03-01,99G,4867.0,7036.0
2023-08-01,99G,4194.0,6210.0
2022-11-01,X2C4Y,12787.0,18313.0
2022-09-01,X2C4Y,11786.0,16771.0
2026-06-01,01D,4791.0,10266.0
2023-12-01,01D,6983.0,10416.0
2025-10-01,01D,5761.0,10761.0
2025-11-01,01D,5127.0,9742.0
2024-10-01,01D,7002.0,10818.0
2025-02-01,01D,5719.0,9454.0
2025-06-01,01D,5580.0,9835.0
2024-02-01,01T,4069.0,6101.0
2025-04-01,01T,3630.0,6134.0
2025-01-01,01T,4100.0,6553.0
2025-03-01,01V,2910.0,4854.0
2023-11-01,01V,3337.0,4947.0
2024-01-01,01W,8610.0,12929.0
2024-05-01,01W,8090.0,12302.0
2024-08-01,01W,7544.0,11591.0
2024-11-01,01Y,5842.0,9050.0
2021-06-01,01Y,6612.0,9018.0
2023-02-01,01Y,5715.0,8207.0
2022-10-01,01Y,6371.0,8947.0
2021-10-01,01Y,6553.0,8995.0
2023-10-01,01Y,6052.0,8924.0
2025-09-01,01Y,5037.0,9194.0
2021-08-01,01Y,6167.0,8541.0
2023-08-01,01Y,5951.0,8772.0
2023-06-01,01Y,6314.0,9249.0
2025-12-01,01Y,5048.0,9803.0
2022-02-01,02A,6030.0,8411.0
2022-07-01,02A,6384.0,8994.0
2022-09-01,02G,3095.0,4399.0
2022-11-01,02G,3232.0,4586.0
2026-01-01,02G,2305.0,4585.0
2026-03-01,02G,2253.0,4648.0
2022-08-01,02G,3063.0,4353.0
2021-07-01,02T,5587.0,7751.0
2024-04-01,06K,13284.0,19988.0
2024-09-01,06K,12095.0,18573.0
2024-06-01,06K,12724.0,19394.0
2024-07-01,06K,13486.0,20599.0
2025-08-01,06K,9936.0,18090.0
2025-05-01,06K,11457.0,19721.0
2021-11-01,06T,10499.0,14488.0
2021-12-01,06T,11426.0,15745.0
2021-09-01,06T,10618.0,14604.0
2022-04-01,06T,9908.0,13990.0
2024-12-01,14L,15223.0,23854.0
2023-04-01,14L,14741.0,21335.0
2025-07-01,14L,13204.0,23642.0
2026-04-01,36J,11220.0,23233.0
2024-03-01,99F,4159.0,6215.0
2023-07-01,99F,4236.0,6247.0
2023-01-01,99F,4681.0,6710.0
2022-12-01,99F,4724.0,6754.0
2023-03-01,99F,4726.0,6819.0
2023-09-01,99F,4113.0,6109.0
2026-02-01,99G,2935.0,5924.0
2023-05-01,99G,4357.0,6332.0
2022-03-01,X2C4Y,12654.0,17651.0
2022-06-01,X2C4Y,12048.0,16943.0
2022-05-01,X2C4Y,12273.0,17203.0
2022-01-01,X2C4Y,12191.0,16986.0
2026-05-01,X2C4Y,7269.0,15449.0
2026-01-01,01D,5407.0,10754.0
2025-08-01,01V,2533.0,4588.0
2025-05-01,01V,2941.0,5010.0
2024-06-01,01V,3089.0,4685.0
2025-11-01,01V,2473.0,4691.0
2024-12-01,01Y,6049.0,9473.0
2022-03-01,01Y,6848.0,9514.0
2025-04-01,01Y,5101.0,8605.0
2023-03-01,01Y,6746.0,9651.0
2022-06-01,01Y,6183.0,8628.0
2023-05-01,01Y,6008.0,8709.0
2024-05-01,01Y,6186.0,9366.0
2021-09-01,01Y,6819.0,9332.0
2022-09-01,01Y,6240.0,8772.0
2022-08-01,02A,6297.0,8928.0
2021-07-01,02A,6646.0,9192.0
2022-10-01,02A,6567.0,9215.0
2026-04-01,02G,2186.0,4491.0
2025-12-01,02G,2597.0,5002.0
2022-07-01,02G,3156.0,4436.0
2022-12-01,02G,3412.0,4860.0
2025-10-01,02G,2525.0,4697.0
2022-05-01,02G,3257.0,4554.0
2026-05-01,02G,2020.0,4279.0
2021-10-01,02T,5790.0,7925.0
2026-03-01,02T,3832.0,7875.0
2025-03-01,06K,11692.0,19365.0
2023-11-01,06K,14274.0,20962.0
2024-03-01,06K,13560.0,20237.0
2025-06-01,06K,10984.0,19356.0
2024-02-01,06K,13130.0,19581.0
2025-02-01,06K,11204.0,18480.0
2024-09-01,06Q,8622.0,13151.0
2024-07-01,06Q,9300.0,14183.0
2023-09-01,06Q,9073.0,13343.0
2023-04-01,06Q,9055.0,13038.0
2024-10-01,06Q,9337.0,14277.0
2024-01-01,06Q,9446.0,14120.0
2024-08-01,06Q,8581.0,13174.0
2023-01-01,06Q,9762.0,13959.0
2025-09-01,06T,7673.0,13972.0
2021-06-01,06T,10668.0,14540.0
2022-01-01,06T,10234.0,14240.0
2026-02-01,06T,6561.0,13178.0
2023-08-01,14L,15580.0,22946.0
2023-12-01,14L,16034.0,23716.0
2023-06-01,14L,15778.0,23029.0
2024-04-01,14L,15365.0,22996.0
2023-07-01,14L,15799.0,23275.0
2025-01-01,14L,15230.0,24336.0
2025-07-01,36J,13265.0,23527.0
2024-11-01,36J,15024.0,23206.0
2022-11-01,99G,4625.0,6510.0
2023-02-01,99G,4028.0,5781.0
2023-10-01,99G,4343.0,6401.0
2022-04-01,X2C4Y,11355.0,16006.0
2022-02-01,X2C4Y,11368.0,15846.0
2021-12-01,X2C4Y,13359.0,18346.0
2021-11-01,X2C4Y,12778.0,17573.0
2026-06-01,X2C4Y,7687.0,16468.0
2021-08-01,X2C4Y,11723.0,16153.0
2025-07-01,01G,5598.0,9861.0
2021-06-01,01G,7461.0,10154.0
2024-07-01,01V,3239.0,4902.0
2024-12-01,01W,7807.0,12196.0
2022-07-01,01Y,6471.0,9037.0
2024-02-01,01Y,5504.0,8206.0
2024-09-01,01Y,5732.0,8696.0
2021-11-01,01Y,6724.0,9207.0
2022-11-01,01Y,6684.0,9385.0
2023-07-01,01Y,6195.0,9024.0
2022-02-01,01Y,5892.0,8123.0
2022-08-01,01Y,6165.0,8729.0
2021-12-01,01Y,7109.0,9760.0
2022-01-01,01Y,6500.0,9013.0
2025-02-01,01Y,5224.0,8473.0
2023-01-01,01Y,6622.0,9377.0
2024-10-01,01Y,6199.0,9476.0
2022-05-01,01Y,6570.0,9166.0
2022-04-01,01Y,6074.0,8470.0
2022-12-01,01Y,6833.0,9673.0
2022-03-01,02A,6923.0,9618.0
2022-06-01,02A,6603.0,9200.0
2026-05-01,02A,4121.0,8683.0
2023-04-01,02A,5914.0,8501.0
2022-09-01,02A,6593.0,9241.0
2025-11-01,02G,2352.0,4430.0
2024-01-01,06K,14167.0,21069.0
2023-12-01,06K,14116.0,20775.0
2023-09-01,06K,13309.0,19367.0
2024-05-01,06K,13565.0,20456.0
2025-04-01,06K,11376.0,19097.0
2023-10-01,06K,14169.0,20792.0
2023-05-01,06N,13635.0,19755.0
2023-03-01,06N,14841.0,21204.0
2023-06-01,06N,14097.0,20431.0
2023-11-01,06Q,9622.0,14030.0
2024-06-01,06Q,8558.0,12959.0
2022-10-01,06Q,9734.0,13578.0
2024-03-01,06Q,9018.0,13439.0
2024-04-01,06Q,9352.0,13953.0
2024-11-01,06Q,8711.0,13452.0
2021-08-01,06T,10034.0,13783.0
2026-04-01,06T,6874.0,14077.0
2025-01-01,36J,15467.0,24600.0
2026-06-01,36J,11231.0,23813.0
2024-08-01,36J,15111.0,23038.0
2025-09-01,36J,13217.0,23885.0
2025-12-01,36J,13250.0,25483.0
2025-10-01,36J,13384.0,24845.0
2025-08-01,36J,11932.0,21543.0
2025-05-01,36J,13786.0,23438.0
2025-06-01,99F,3520.0,6111.0
2023-02-01,99F,4176.0,5952.0
2023-08-01,99F,4302.0,6316.0
2025-03-01,99F,3710.0,6098.0
2021-09-01,X2C4Y,13013.0,17771.0
2021-07-01,X2C4Y,12302.0,16871.0
2021-10-01,X2C4Y,12459.0,16966.0
2026-03-01,X2C4Y,7877.0,16053.0
2026-01-01,X2C4Y,8356.0,16618.0
2026-02-01,X2C4Y,7395.0,14815.0
2025-01-01,01D,6840.0,10832.0
2025-06-01,01G,5383.0,9314.0
2021-10-01,01G,7578.0,10278.0
2021-11-01,01G,7522.0,10263.0
2022-02-01,01G,6602.0,9043.0
2021-09-01,01G,7366.0,9992.0
2025-12-01,01V,2875.0,5498.0
2026-06-01,01V,2304.0,4870.0
2026-03-01,01V,2428.0,4941.0
2026-01-01,01V,2642.0,5223.0
2025-09-01,01V,2739.0,4869.0
2024-04-01,01V,3257.0,4856.0
2025-03-01,01Y,5562.0,9138.0
2025-08-01,01Y,4501.0,8088.0
2024-01-01,01Y,6242.0,9241.0
2025-07-01,01Y,5241.0,9216.0
2025-10-01,01Y,5059.0,9348.0
2024-03-01,01Y,5985.0,8891.0
2022-11-01,02A,6727.0,9431.0
2026-02-01,02A,4222.0,8455.0
2023-01-01,02G,3206.0,4536.0
2023-05-01,02G,3146.0,4541.0
2023-06-01,02G,3061.0,4431.0
2022-10-01,02G,3144.0,4382.0
2023-04-01,06N,12854.0,18472.0
2022-08-01,06Q,9178.0,12923.0
2022-09-01,06Q,9581.0,13426.0
2022-01-01,06Q,10119.0,13950.0
2021-12-01,06Q,10982.0,14903.0
2023-03-01,06Q,10208.0,14572.0
2022-03-01,06Q,10245.0,14066.0
2023-08-01,06Q,9154.0,13354.0
2023-12-01,06Q,9522.0,13980.0
2022-04-01,06Q,9441.0,13107.0
2023-02-01,06Q,8969.0,12716.0
2023-07-01,06Q,9097.0,13216.0
2024-05-01,14L,15877.0,23809.0
2023-10-01,14L,16378.0,23784.0
2024-02-01,14L,15226.0,22605.0
2024-08-01,14L,14752.0,22407.0
2024-11-01,14L,15126.0,23343.0
2023-09-01,14L,15658.0,22758.0
2023-11-01,14L,16646.0,24161.0
2022-05-01,36J,17619.0,24319.0
2024-12-01,36J,15122.0,23596.0
2022-12-01,36J,18012.0,25252.0
2025-11-01,36J,12293.0,23070.0
2021-08-01,36J,16718.0,22827.0
2024-06-01,36J,14503.0,21805.0
2024-10-01,36J,16186.0,24661.0
2024-07-01,36J,16022.0,24215.0
2025-04-01,36J,13357.0,22251.0
2025-02-01,36J,12954.0,20959.0
2024-09-01,36J,15500.0,23429.0
2025-05-01,99F,3699.0,6230.0
2026-04-01,99G,3152.0,6447.0
2022-06-01,99G,4414.0,6140.0
2026-05-01,99G,2950.0,6160.0
2021-07-01,99G,4688.0,6349.0
2022-07-01,99G,4465.0,6228.0
2021-06-01,X2C4Y,12838.0,17393.0
2024-11-01,01D,6718.0,10322.0
2021-08-01,01G,6958.0,9494.0
2025-12-01,01G,5345.0,10193.0
2025-09-01,01G,5314.0,9440.0
2025-04-01,01V,2836.0,4663.0
2024-09-01,01V,3115.0,4707.0
2025-07-01,01V,2895.0,5029.0
2025-01-01,01V,3239.0,5058.0
2023-11-01,01Y,6455.0,9348.0
2024-04-01,01Y,6072.0,9016.0
2023-09-01,01Y,6196.0,8986.0
2024-08-01,01Y,5945.0,8993.0
2025-06-01,01Y,5035.0,8701.0
2023-12-01,01Y,6209.0,9114.0
2024-07-01,01Y,6015.0,9079.0
2025-05-01,01Y,5414.0,9089.0
2024-01-01,02A,6433.0,9434.0
2023-01-01,02A,6704.0,9405.0
2023-10-01,02G,3058.0,4437.0
2023-03-01,02G,3344.0,4717.0
2023-04-01,02G,2964.0,4252.0
2023-07-01,06K,13899.0,20024.0
2023-08-01,06K,13761.0,20059.0
2023-02-01,06N,13470.0,19046.0
2023-05-01,06Q,9511.0,13673.0
2024-02-01,06Q,9097.0,13478.0
2022-11-01,06Q,9828.0,13734.0
2022-12-01,06Q,10433.0,14626.0
2022-02-01,06Q,9195.0,12540.0
2022-05-01,06Q,10150.0,13927.0
2024-05-01,06Q,9409.0,14072.0
2024-12-01,06Q,9327.0,14514.0
2023-06-01,06Q,9449.0,13644.0
2021-09-01,06Q,10424.0,14083.0
2021-10-01,06Q,10077.0,13567.0
2021-11-01,06Q,10149.0,13805.0
2022-07-01,06Q,9523.0,13217.0
2026-01-01,06T,7586.0,14869.0
2025-11-01,06T,7268.0,13607.0
2026-03-01,06T,7177.0,14440.0
2026-06-01,06T,6878.0,14317.0
2024-06-01,14L,14668.0,21978.0
2024-03-01,14L,15380.0,22778.0
2024-10-01,14L,16011.0,24337.0
2022-06-01,36J,16696.0,22994.0
2022-09-01,36J,17515.0,24250.0
2021-07-01,36J,17370.0,23510.0
2026-05-01,36J,10819.0,22552.0
2021-12-01,36J,18997.0,25778.0
2021-06-01,36J,17264.0,23353.0
2025-03-01,36J,13732.0,22540.0
2022-08-01,36J,16843.0,23485.0
2022-01-01,36J,17342.0,23692.0
2022-04-01,36J,16295.0,22416.0
2022-03-01,36J,17712.0,24287.0
2026-02-01,36J,11012.0,22029.0
2025-02-01,99F,3631.0,5859.0
2025-08-01,99F,3336.0,5945.0
2026-04-01,99F,3043.0,6199.0
2025-10-01,99F,3635.0,6623.0
2022-10-01,99G,4593.0,6342.0
2025-04-01,01G,5791.0,9358.0
2024-12-01,01G,6528.0,10014.0
2025-05-01,01G,5752.0,9541.0
2021-07-01,01G,7550.0,10213.0
2022-03-01,01G,7672.0,10435.0
2022-06-01,01G,7128.0,9773.0
2022-04-01,01G,7065.0,9679.0
2026-05-01,01G,4330.0,8953.0
2025-08-01,01G,5026.0,8800.0
2025-10-01,01G,5362.0,9731.0
2021-12-01,01G,7990.0,10785.0
2022-01-01,01G,7263.0,9825.0
2024-10-01,01V,3409.0,5157.0
2025-06-01,01V,2677.0,4593.0
2024-11-01,01V,3189.0,4827.0
2024-06-01,01Y,5789.0,8649.0
2026-01-01,02A,4797.0,9364.0
2022-12-01,02A,7031.0,9844.0
2023-06-01,02A,6434.0,9198.0
2023-09-01,02A,6311.0,9064.0
2023-07-01,02G,3033.0,4367.0
2023-08-01,02G,2960.0,4282.0
2024-08-01,02G,2998.0,4497.0
2023-01-01,06K,15213.0,21234.0
2023-10-01,06Q,9139.0,13194.0
2025-02-01,06Q,7835.0,12495.0
2025-03-01,06Q,8287.0,13408.0
2025-01-01,06Q,9194.0,14353.0
2021-08-01,06Q,9793.0,13352.0
2025-12-01,06T,7958.0,15131.0
2024-07-01,14L,15968.0,24049.0
2024-01-01,14L,16564.0,24225.0
2024-09-01,14L,14913.0,22420.0
2024-04-01,36J,15884.0,23531.0
2023-03-01,36J,17423.0,24565.0
2023-02-01,36J,15426.0,21655.0
2024-02-01,36J,15411.0,22761.0
2023-04-01,36J,14898.0,21291.0
2026-03-01,36J,11872.0,23757.0
2022-07-01,36J,17118.0,23640.0
2024-05-01,36J,16162.0,24122.0
2022-11-01,36J,17254.0,23968.0
2023-11-01,36J,16619.0,23991.0
2022-02-01,36J,16026.0,21854.0
2024-03-01,36J,15584.0,23079.0
2021-09-01,36J,18073.0,24341.0
2021-10-01,36J,17479.0,23515.0
2022-10-01,36J,17071.0,23524.0
2023-05-01,36J,16517.0,23689.0
2023-12-01,36J,16504.0,23942.0
2026-06-01,97R,10452.0,21631.0
2026-02-01,99F,2991.0,5914.0
2025-09-01,99F,3540.0,6281.0
2025-11-01,99F,3332.0,6166.0
2025-07-01,99F,3763.0,6496.0
2022-09-01,99G,4692.0,6481.0
2021-11-01,99G,4849.0,6540.0
2022-05-01,99G,4652.0,6381.0
2021-06-01,99G,4831.0,6508.0
2022-08-01,A3A8R,40474.0,55924.0
2026-04-01,X2C4Y,7869.0,15921.0
2025-01-01,01G,6428.0,9977.0
2025-02-01,01G,5675.0,8875.0
2024-11-01,01G,6324.0,9509.0
2024-05-01,01G,6761.0,9966.0
2022-05-01,01G,7343.0,9952.0
2026-01-01,01G,5013.0,9741.0
2025-03-01,01G,5691.0,9202.0
2022-10-01,01G,6947.0,9564.0
2026-04-01,01V,2542.0,5096.0
2024-12-01,01V,3404.0,5201.0
2023-03-01,02A,6991.0,9824.0
2024-03-01,02A,6027.0,8793.0
2025-05-01,02A,5334.0,8794.0
2025-06-01,02A,5133.0,8553.0
2025-09-01,02A,4994.0,8766.0
2025-11-01,02A,4645.0,8569.0
2023-10-01,02A,6358.0,9103.0
2023-02-01,02A,6288.0,8811.0
2025-10-01,02A,5197.0,9392.0
2024-06-01,02G,2939.0,4296.0
2025-07-01,02G,2714.0,4619.0
2024-09-01,02G,2834.0,4255.0
2024-07-01,02G,2981.0,4471.0
2025-08-01,02G,2345.0,4080.0
2026-02-01,02G,2170.0,4252.0
2023-04-01,06K,13736.0,19570.0
2022-09-01,06K,14963.0,20492.0
2023-05-01,06K,14390.0,20549.0
2023-06-01,06K,14804.0,21144.0
2022-07-01,06K,15125.0,20607.0
2022-12-01,06K,15676.0,21697.0
2022-08-01,06N,13677.0,18859.0
2021-12-01,06N,16322.0,21809.0
2022-02-01,06N,13435.0,18170.0
2021-07-01,06Q,10276.0,13826.0
2021-06-01,06Q,10525.0,14102.0
2022-06-01,06Q,9846.0,13466.0
2025-04-01,06Q,8184.0,13200.0
2026-05-01,06T,6685.0,13591.0
2023-01-01,36J,17523.0,24398.0
2024-01-01,36J,17181.0,24976.0
2021-11-01,36J,18325.0,24697.0
2023-07-01,36J,15918.0,22798.0
2023-09-01,36J,15963.0,22901.0
2023-08-01,36J,16065.0,23067.0
2026-03-01,97R,11622.0,22875.0
2025-12-01,99F,3642.0,6887.0
2026-06-01,99G,3130.0,6474.0
2022-04-01,99G,4493.0,6137.0
2021-10-01,99G,4629.0,6195.0
2021-09-01,99G,4625.0,6204.0
2022-01-01,99G,4510.0,6091.0
2023-12-01,A3A8R,42013.0,60918.0
2024-04-01,A3A8R,39827.0,58516.0
2021-08-01,A3A8R,39205.0,52762.0
2022-11-01,A3A8R,42258.0,58343.0
2022-03-01,A3A8R,44151.0,59645.0
2024-08-01,A3A8R,37807.0,56486.0
2024-02-01,A3A8R,38945.0,56693.0
2023-11-01,A3A8R,42636.0,60887.0
2024-10-01,A3A8R,41110.0,61061.0
2025-11-01,01G,4879.0,8969.0
2022-12-01,01G,7580.0,10448.0
2022-07-01,01G,7164.0,9742.0
2026-02-01,01G,4539.0,8889.0
2024-10-01,01G,6628.0,9811.0
2026-03-01,01G,4873.0,9561.0
2026-04-01,01G,4553.0,9123.0
2024-08-01,01V,3297.0,4925.0
2025-10-01,01V,2837.0,5122.0
2023-04-01,01Y,5843.0,8322.0
2024-04-01,02A,6044.0,8790.0
2024-07-01,02A,6204.0,9188.0
2025-08-01,02A,4689.0,8137.0
2025-12-01,02A,5156.0,9716.0
2023-07-01,02A,6223.0,8891.0
2024-05-01,02A,6403.0,9407.0
2025-07-01,02A,5303.0,9007.0
2023-05-01,02A,6487.0,9221.0
2023-08-01,02A,6184.0,8850.0
2025-09-01,02G,2537.0,4447.0
2025-04-01,02G,2687.0,4292.0
2024-03-01,02G,2983.0,4349.0
2023-09-01,02G,3024.0,4333.0
2023-11-01,02G,3067.0,4373.0
2024-12-01,02G,3082.0,4703.0
2025-03-01,02G,2790.0,4393.0
2025-02-01,02G,2560.0,3961.0
2025-06-01,02G,2609.0,4344.0
2023-12-01,02G,3173.0,4551.0
2024-02-01,02G,2924.0,4247.0
2022-11-01,06K,15297.0,21020.0
2023-03-01,06K,15466.0,21695.0
2021-11-01,06K,16176.0,21530.0
2022-08-01,06K,14761.0,20335.0
2022-03-01,06N,15113.0,20402.0
2022-01-01,06N,14671.0,19732.0
2022-06-01,06N,14682.0,19896.0
2022-10-01,06N,14365.0,19769.0
2023-01-01,06N,14681.0,20394.0
2025-05-01,06Q,8400.0,13777.0
2023-06-01,36J,16640.0,23738.0
2026-05-01,97R,10621.0,21357.0
2026-06-01,99F,3052.0,6297.0
2026-01-01,99F,3393.0,6535.0
2021-12-01,99G,5170.0,6906.0
2021-08-01,99G,4296.0,5752.0
2022-02-01,99G,4284.0,5776.0
2021-07-01,A3A8R,42751.0,57044.0
2022-09-01,A3A8R,42557.0,58233.0
2025-01-01,A3A8R,40462.0,62181.0
2022-05-01,A3A8R,43104.0,58360.0
2021-09-01,A3A8R,43130.0,57378.0
2021-10-01,A3A8R,43137.0,57485.0
2021-06-01,A3A8R,42918.0,57251.0
2023-10-01,A3A8R,40987.0,58634.0
2024-11-01,A3A8R,40627.0,61001.0
2024-06-01,A3A8R,39099.0,57150.0
2024-01-01,A3A8R,43033.0,62417.0
2023-02-01,A3A8R,39975.0,55544.0
2022-04-01,A3A8R,40051.0,54329.0
2024-09-01,A3A8R,39025.0,57766.0
2022-09-01,01G,7043.0,9617.0
2024-04-01,01G,6551.0,9468.0
2024-06-01,01G,6151.0,8965.0
2026-06-01,01G,4599.0,9471.0
2023-06-01,01G,7043.0,9928.0
2024-07-01,01G,6716.0,9899.0
2023-02-01,01G,6666.0,9213.0
2023-03-01,01G,7438.0,10402.0
2024-09-01,01G,6299.0,9229.0
2025-03-01,02A,5434.0,8503.0
2024-08-01,02A,5785.0,8514.0
2025-02-01,02A,5279.0,8150.0
2023-11-01,02A,6623.0,9407.0
2023-12-01,02A,6546.0,9378.0
2024-02-01,02A,5990.0,8615.0
2025-01-01,02G,2980.0,4571.0
2024-11-01,02G,2966.0,4439.0
2024-01-01,02G,3192.0,4533.0
2024-10-01,02G,3156.0,4659.0
2022-04-01,06K,15031.0,20175.0
2021-10-01,06K,15244.0,20190.0
2022-05-01,06K,15607.0,21056.0
2021-07-01,06N,15288.0,20322.0
2021-11-01,06N,15296.0,20325.0
2022-11-01,06N,14887.0,20427.0
2021-09-01,06N,15274.0,20232.0
2022-12-01,06N,15943.0,21947.0
2021-06-01,06N,14769.0,19484.0
2021-08-01,06N,13930.0,18561.0
2025-07-01,06Q,8390.0,14081.0
2025-06-01,06Q,8047.0,13264.0
2023-10-01,36J,16906.0,24144.0
2026-01-01,97R,12077.0,22590.0
2026-04-01,97R,10743.0,21309.0
2026-05-01,99F,3074.0,6122.0
2026-03-01,99F,3343.0,6456.0
2022-08-01,99G,4256.0,5857.0
2022-03-01,99G,4799.0,6464.0
2025-08-01,A3A8R,32605.0,55532.0
2022-02-01,A3A8R,39398.0,52928.0
2024-05-01,A3A8R,40507.0,59376.0
2024-03-01,A3A8R,39446.0,57062.0
2024-12-01,A3A8R,40352.0,60488.0
2023-01-01,A3A8R,44072.0,61094.0
2023-04-01,A3A8R,39034.0,54924.0
2026-02-01,A3A8R,29966.0,57225.0
2025-04-01,A3A8R,37184.0,58619.0
2022-10-01,A3A8R,43194.0,58924.0
2021-12-01,A3A8R,45279.0,60427.0
2023-05-01,A3A8R,41660.0,58809.0
2025-12-01,A3A8R,34890.0,63897.0
2023-09-01,A3A8R,40507.0,57800.0
2025-05-01,A3A8R,37093.0,59565.0
2025-10-01,A3A8R,35537.0,62298.0
2022-06-01,A3A8R,42279.0,57278.0
2025-11-01,A3A8R,33615.0,59745.0
2023-08-01,A3A8R,39127.0,55786.0
2022-07-01,A3A8R,41626.0,56504.0
2022-01-01,A3A8R,42383.0,56950.0
2025-09-01,A3A8R,35332.0,60154.0
2023-07-01,A3A8R,40973.0,58264.0
2025-11-01,00T,6977.0,12344.0
2026-06-01,00T,6366.0,13060.0
2025-10-01,00T,7623.0,13278.0
2026-03-01,00T,6713.0,12889.0
2023-12-01,01G,6947.0,9939.0
2023-07-01,01G,6703.0,9504.0
2024-03-01,01G,6380.0,9176.0
2024-08-01,01G,6296.0,9220.0
2023-09-01,01G,6622.0,9385.0
2024-01-01,01G,7011.0,9942.0
2022-11-01,01G,7523.0,10280.0
2024-02-01,01G,6587.0,9368.0
2023-08-01,01G,6734.0,9583.0
2022-08-01,01G,6914.0,9511.0
2023-11-01,01G,7043.0,9931.0
2023-05-01,01G,6889.0,9673.0
2023-10-01,01G,6877.0,9732.0
2023-01-01,01G,7320.0,10079.0
2023-04-01,01G,6599.0,9207.0
2024-10-01,02A,6305.0,9208.0
2024-06-01,02A,5925.0,8606.0
2025-04-01,02A,5531.0,8698.0
2024-09-01,02A,5937.0,8683.0
2024-12-01,02A,6188.0,9260.0
2024-11-01,02A,6040.0,8883.0
2025-01-01,02A,6046.0,9251.0
2025-05-01,02G,2735.0,4365.0
2024-04-01,02G,3070.0,4406.0
2024-05-01,02G,3087.0,4494.0
2021-07-01,06K,15999.0,21045.0
2022-06-01,06K,15648.0,20971.0
2022-02-01,06K,14218.0,19093.0
2022-10-01,06K,15210.0,20743.0
2023-02-01,06K,14478.0,19996.0
2021-06-01,06K,16066.0,21058.0
2021-09-01,06K,15893.0,21009.0
2021-08-01,06K,14889.0,19772.0
2021-12-01,06K,17155.0,22697.0
2022-01-01,06K,16010.0,21120.0
2022-03-01,06K,16187.0,21719.0
2022-07-01,06N,14531.0,19652.0
2022-05-01,06N,14986.0,20185.0
2021-10-01,06N,15109.0,19837.0
2022-09-01,06N,14569.0,19735.0
2022-04-01,06N,14144.0,18982.0
2025-08-01,06Q,7320.0,12440.0
2025-09-01,06Q,7989.0,13545.0
2025-12-01,97R,13404.0,24265.0
2026-02-01,97R,10689.0,20356.0
2025-06-01,A3A8R,35850.0,58664.0
2025-02-01,A3A8R,36081.0,55462.0
2026-01-01,A3A8R,33699.0,62786.0
2023-03-01,A3A8R,45500.0,63179.0
2022-12-01,A3A8R,45071.0,61808.0
2025-07-01,A3A8R,36624.0,61021.0
2026-05-01,A3A8R,29010.0,57621.0
2024-07-01,A3A8R,41721.0,61365.0
2023-06-01,A3A8R,42917.0,60477.0
2025-03-01,A3A8R,37569.0,58687.0
2021-11-01,A3A8R,45327.0,60212.0
2026-04-01,A3A8R,31190.0,60881.0
2025-01-01,00T,9087.0,13014.0
2026-04-01,00T,6471.0,12538.0
2025-02-01,00T,7668.0,11425.0
2025-08-01,00T,6960.0,11819.0
2021-08-01,00T,9208.0,11663.0
2026-05-01,00T,6224.0,12251.0
2021-10-01,00T,9556.0,12050.0
2025-06-01,00T,7606.0,11904.0
2025-03-01,00T,7900.0,11936.0
2025-12-01,00T,7783.0,13849.0
2026-02-01,00T,6344.0,12076.0
2025-09-01,00T,7688.0,12692.0
2025-04-01,00T,7814.0,11994.0
2025-05-01,00T,7969.0,12343.0
2024-12-01,00T,8879.0,12599.0
2025-07-01,00T,7893.0,12810.0
2021-06-01,00T,9484.0,12046.0
2026-01-01,00T,7072.0,13142.0
2025-10-01,06Q,8074.0,13998.0
2022-12-01,97R,17612.0,22877.0
2022-09-01,97R,16268.0,21090.0
2021-09-01,97R,17140.0,21500.0
2022-08-01,97R,15853.0,20455.0
2022-03-01,97R,17164.0,21840.0
2023-01-01,97R,16588.0,21724.0
2023-11-01,97R,16480.0,21981.0
2022-07-01,97R,16119.0,20745.0
2021-07-01,97R,16821.0,21269.0
2021-12-01,97R,18634.0,23502.0
2024-03-01,97R,15315.0,20810.0
2023-02-01,97R,15198.0,19861.0
2024-09-01,97R,14974.0,20711.0
2024-08-01,97R,14559.0,20323.0
2022-06-01,97R,15950.0,20513.0
2022-11-01,97R,16712.0,21736.0
2023-10-01,97R,15488.0,20734.0
2022-05-01,97R,16472.0,21103.0
2023-04-01,97R,15098.0,20014.0
2023-12-01,97R,16725.0,22346.0
2022-04-01,97R,16013.0,20478.0
2024-01-01,97R,16515.0,22092.0
2023-07-01,97R,15177.0,20233.0
2023-08-01,97R,15347.0,20637.0
2024-10-01,97R,15758.0,21968.0
2025-11-01,97R,12274.0,21472.0
2022-01-01,97R,16593.0,20882.0
2023-06-01,97R,15974.0,21086.0
2024-06-01,97R,14894.0,20472.0
2024-02-01,97R,15150.0,20661.0
2022-02-01,97R,15276.0,19597.0
2024-04-01,97R,15654.0,21208.0
2024-07-01,97R,15897.0,22006.0
2021-11-01,97R,17515.0,22084.0
2023-09-01,97R,15705.0,20976.0
2022-10-01,97R,16259.0,20984.0
2023-05-01,97R,16334.0,21511.0
2024-05-01,97R,15871.0,21626.0
2024-11-01,97R,15024.0,21239.0
2023-03-01,97R,16934.0,22142.0
2026-03-01,A3A8R,32306.0,61553.0
2026-06-01,A3A8R,31221.0,63210.0
2024-02-01,00T,8839.0,11595.0
2022-12-01,00T,9940.0,12676.0
2024-11-01,00T,8816.0,12149.0
2023-06-01,00T,9073.0,11808.0
2023-09-01,00T,8783.0,11401.0
2023-02-01,00T,8737.0,11261.0
2022-04-01,00T,8903.0,11313.0
2021-11-01,00T,9643.0,12064.0
2023-08-01,00T,8848.0,11594.0
2022-08-01,00T,9094.0,11530.0
2023-11-01,00T,9343.0,12095.0
2023-10-01,00T,9351.0,12148.0
2022-05-01,00T,9491.0,12029.0
2024-05-01,00T,9136.0,12075.0
2024-06-01,00T,8419.0,11179.0
2021-09-01,00T,9745.0,12166.0
2023-12-01,00T,9316.0,12154.0
2022-09-01,00T,9233.0,11789.0
2024-03-01,00T,8780.0,11507.0
2024-08-01,00T,8867.0,11757.0
2021-07-01,00T,9230.0,11642.0
2022-02-01,00T,8245.0,10425.0
2024-07-01,00T,9034.0,11996.0
2023-07-01,00T,9024.0,11673.0
2023-01-01,00T,9483.0,12127.0
2024-01-01,00T,9510.0,12505.0
2024-04-01,00T,9043.0,11979.0
2024-09-01,00T,8576.0,11400.0
2023-03-01,00T,9442.0,12104.0
2023-04-01,00T,8513.0,10976.0
2021-12-01,00T,10261.0,12858.0
2024-10-01,00T,9256.0,12508.0
2023-05-01,00T,9018.0,11719.0
2022-06-01,00T,9229.0,11621.0
2022-07-01,00T,9107.0,11583.0
2022-01-01,00T,9512.0,11966.0
2022-11-01,00T,9376.0,11949.0
2022-03-01,00T,10131.0,12744.0
2022-10-01,00T,9134.0,11729.0
2026-03-01,06Q,7485.0,13739.0
2026-05-01,06Q,7055.0,13284.0
2026-01-01,06Q,7844.0,14076.0
2025-11-01,06Q,7489.0,13085.0
2026-04-01,06Q,7280.0,13548.0
2025-12-01,06Q,8352.0,14738.0
2026-06-01,06Q,7199.0,13710.0
2026-02-01,06Q,7155.0,13072.0
2025-10-01,97R,13065.0,22235.0
2021-10-01,97R,16595.0,20759.0
2025-02-01,97R,13548.0,19715.0
2025-09-01,97R,13069.0,21521.0
2025-04-01,97R,13547.0,20178.0
2025-03-01,97R,14135.0,20828.0
2025-06-01,97R,13140.0,20548.0
2025-01-01,97R,15397.0,22009.0
2021-06-01,97R,16405.0,20624.0
2024-12-01,97R,15989.0,22551.0
2025-07-01,97R,13358.0,21355.0
2025-08-01,97R,11812.0,19467.0
2021-08-01,97R,15698.0,19789.0
2025-05-01,97R,13597.0,20853.0
