month,code,numerator,denominator
2024-07-01,00N,40.39386,160.011
2023-01-01,00P,26.00233,289.361
2025-11-01,00Q,61.582170000000005,188.47099999999995
2026-03-01,00Q,35.14963,188.28799999999998
2026-04-01,00T,218.52886999999998,334.687
2024-05-01,00V,325.54221,211.795
2021-10-01,00Y,315.77182999999997,261.50100000000003
2023-04-01,00Y,347.15374,264.38599999999997
2022-02-01,01A,7.24624,395.1080000000001
2026-03-01,01D,186.55847,253.377
2024-10-01,01D,53.70559,251.85499999999993
2022-12-01,01D,160.30225000000002,244.38500000000002
2024-07-01,01E,113.52108000000001,230.897
2025-08-01,01G,59.20462,323.68499999999995
2022-12-01,01J,125.97635,170.50599999999997
2024-03-01,01T,983.70586,159.50699999999998
2025-07-01,01T,953.04148,161.53399999999996
2021-11-01,01Y,318.67805,219.63699999999997
2021-09-01,02A,403.01716,245.173
2021-08-01,02A,75.54971,244.92200000000003
2023-08-01,02G,367.11193000000003,116.83099999999999
2022-09-01,02G,155.27508,115.83
2024-01-01,02M,194.02414,185.34300000000002
2023-10-01,02P,18.47197,268.69
2023-02-01,02X,628.4488,331.35600000000005
2024-02-01,02Y,97.14705000000001,313.91700000000003
2023-10-01,03F,64.75162,311.995
2023-05-01,03F,116.10076000000001,311.238
2026-02-01,03K,178.01100000000002,185.03300000000002
2025-03-01,03K,127.30738,185.69800000000004
2022-03-01,03L,46.78318,266.776
2026-06-01,03N,969.5347899999999,631.0159999999997
2023-12-01,03N,968.22831,639.162
2021-07-01,03W,128.0584,345.2129999999999
2023-07-01,03W,12.26269,355.55500000000006
2024-02-01,04C,22.14689,448.7569999999999
2022-06-01,04Y,38.93846,136.217
2021-08-01,05G,534.15154,216.79500000000002
2022-01-01,05G,638.4696799999999,218.14900000000003
2021-06-01,05Q,96.03601,216.553
2024-07-01,05V,124.27032,155.81699999999998
2023-04-01,06K,59.83316000000001,622.98
2021-11-01,06L,41.89526,409.17999999999995
2025-07-01,06L,23.99979,419.942
2023-09-01,06N,771.6424499999999,683.175
2023-10-01,06N,125.03209,683.1969999999997
2023-01-01,06N,759.1355500000001,676.041
2022-06-01,06Q,35.63325,406.2540000000001
2022-02-01,06T,26.35401,365.29
2022-03-01,07G,291.70312,184.35999999999999
2024-03-01,07H,200.94838,332.31
2025-03-01,10R,38.26634,235.745
2021-11-01,11J,207.67011000000002,817.6070000000002
2023-03-01,11N,106.11965999999998,600.265
2026-06-01,11N,48.57413,604.8889999999999
2021-11-01,12F,159.78976,339.17300000000006
2023-05-01,13T,229.257,547.7640000000001
2025-02-01,13T,211.42016,561.2460000000004
2022-05-01,14L,1089.88513,699.6
2022-10-01,14L,614.42787,705.4440000000003
2021-11-01,15C,228.79348,1052.3739999999998
2021-12-01,15C,190.36031,1055.04
2023-01-01,15C,102.43531999999999,1068.9500000000007
2025-03-01,15C,129.7884,1096.5279999999998
2023-09-01,15E,3963.16683,1607.2750000000008
2024-09-01,15E,2772.19204,1634.5230000000004
2022-08-01,15E,2697.51574,1571.9100000000005
2022-02-01,15F,2255.6145699999997,909.3939999999999
2022-01-01,16C,377.56596,716.2
2024-08-01,27D,187.66845999999998,818.9800000000001
2022-08-01,27D,40.47806,800.5460000000002
2024-08-01,36J,211.7057,668.9859999999999
2021-06-01,42D,260.10339,550.2470000000001
2022-05-01,42D,133.2682,554.86
2021-10-01,52R,504.32289999999995,1111.7539999999997
2023-10-01,70F,76.13571,935.4229999999999
2025-03-01,70F,292.01137000000006,947.8670000000002
2023-03-01,71E,537.91421,813.4650000000005
2025-05-01,71E,416.16813,825.3189999999998
2021-07-01,71E,190.06405,800.3399999999997
2021-09-01,72Q,4035.04994,2036.6050000000007
2026-06-01,78H,37.727819999999994,849.2400000000005
2022-03-01,78H,114.49865,811.3800000000001
2023-05-01,84H,692.82933,563.8930000000001
2024-09-01,84H,1022.5654200000001,566.207
2022-04-01,91Q,264.6518,1964.6439999999993
2025-10-01,91Q,97.70376,2043.1479999999983
2022-06-01,92A,264.45256,1275.7410000000002
2023-05-01,97R,152.85096,571.585
2025-04-01,97R,44.68,577.258
2025-10-01,97R,131.03867,577.5379999999999
2021-12-01,99F,46.68532,186.077
2025-10-01,99F,154.18737,188.83399999999997
2024-03-01,A3A8R,482.91938000000005,2453.9410000000007
2024-07-01,A3A8R,615.3150000000002,2455.4449999999997
2023-08-01,B2M3M,343.23473,1083.8400000000001
2026-02-01,D2P2L,478.9346799999999,1339.5689999999995
2023-09-01,M1J4Y,1030.43288,1114.156
2022-03-01,M1J4Y,695.0219199999999,1075.7630000000001
2025-08-01,U2G6B,67.32418,503.70400000000006
2025-05-01,W2U3Z,166.09428,2912.1399999999994
2022-01-01,W2U3Z,1507.84599,2751.835
2026-04-01,W2U3Z,92.00083,2916.6220000000003
2026-03-01,00J,0.0,0.0
2025-09-01,00M,0.0,0.0
2022-05-01,00M,0.0,0.0
2023-04-01,01R,0.0,0.0
2023-02-01,02F,0.0,0.0
2025-12-01,02F,0.0,0.0
2024-11-01,02F,0.0,0.0
2024-12-01,02R,0.0,0.0
2023-06-01,02V,0.0,0.0
2021-11-01,02V,0.0,0.0
2024-08-01,02V,0.0,0.0
2022-12-01,02V,0.0,0.0
2021-07-01,02W,0.0,0.0
2023-02-01,03A,0.0,0.0
2023-07-01,03M,0.0,0.0
2022-01-01,03M,0.0,0.0
2024-05-01,03Y,0.0,0.0
2024-02-01,03Y,0.0,0.0
2025-06-01,04E,0.0,0.0
2025-03-01,04F,0.0,0.0
2024-07-01,04F,0.0,0.0
2022-09-01,04G,0.0,0.0
2024-04-01,04H,0.0,0.0
2022-10-01,04J,0.0,0.0
2023-12-01,04J,0.0,0.0
2022-02-01,04K,0.0,0.0
2022-12-01,04M,0.0,0.0
2021-11-01,04Q,0.0,0.0
2025-05-01,04R,0.0,0.0
2026-06-01,04R,0.0,0.0
2022-06-01,04X,0.0,0.0
2026-06-01,05A,0.0,0.0
2024-07-01,05C,0.0,0.0
2023-07-01,05C,0.0,0.0
2022-08-01,05C,0.0,0.0
2022-06-01,05C,0.0,0.0
2021-12-01,05F,0.0,0.0
2021-09-01,05T,0.0,0.0
2025-12-01,05T,0.0,0.0
2022-06-01,05X,0.0,0.0
2023-03-01,05Y,0.0,0.0
2023-08-01,06A,0.0,0.0
2025-09-01,06D,0.0,0.0
2023-05-01,06F,0.0,0.0
2024-12-01,06P,0.0,0.0
2023-10-01,06W,0.0,0.0
2026-02-01,06Y,0.0,0.0
2024-04-01,06Y,0.0,0.0
2026-03-01,07L,0.0,0.0
2021-07-01,07L,0.0,0.0
2023-05-01,07M,0.0,0.0
2024-05-01,07N,0.0,0.0
2025-03-01,07P,0.0,0.0
2025-08-01,07P,0.0,0.0
2024-11-01,07T,0.0,0.0
2025-04-01,07T,0.0,0.0
2021-07-01,07T,0.0,0.0
2022-11-01,07X,0.0,0.0
2024-11-01,07Y,0.0,0.0
2025-01-01,08A,0.0,0.0
2025-04-01,08C,0.0,0.0
2022-01-01,08D,0.0,0.0
2023-05-01,08D,0.0,0.0
2021-08-01,08D,0.0,0.0
2021-12-01,08F,0.0,0.0
2026-01-01,08G,0.0,0.0
2026-03-01,08H,0.0,0.0
2023-07-01,08K,0.0,0.0
2024-10-01,08L,0.0,0.0
2021-06-01,08M,0.0,0.0
2024-06-01,08M,0.0,0.0
2023-03-01,08N,0.0,0.0
2025-01-01,08N,0.0,0.0
2023-06-01,08Q,0.0,0.0
2024-07-01,08Q,0.0,0.0
2024-09-01,08R,0.0,0.0
2023-04-01,08T,0.0,0.0
2025-02-01,08X,0.0,0.0
2025-09-01,08Y,0.0,0.0
2023-05-01,08Y,0.0,0.0
2021-12-01,09C,0.0,0.0
2023-08-01,09F,0.0,0.0
2025-10-01,09F,0.0,0.0
2023-06-01,09F,0.0,0.0
2023-12-01,09G,0.0,0.0
2023-11-01,09G,0.0,0.0
2024-09-01,09L,0.0,0.0
2024-04-01,09P,0.0,0.0
2024-02-01,09P,0.0,0.0
2024-01-01,09W,0.0,0.0
2021-09-01,09W,0.0,0.0
2026-05-01,09W,0.0,0.0
2025-05-01,09W,0.0,0.0
2025-05-01,09Y,0.0,0.0
2025-07-01,09Y,0.0,0.0
2024-12-01,10A,0.0,0.0
2023-01-01,10A,0.0,0.0
2024-08-01,10A,0.0,0.0
2022-02-01,10A,0.0,0.0
2022-10-01,10A,0.0,0.0
2025-04-01,10C,0.0,0.0
2026-02-01,10C,0.0,0.0
2023-04-01,10E,0.0,0.0
2022-03-01,10E,0.0,0.0
2024-12-01,10E,0.0,0.0
2026-01-01,10L,0.0,0.0
2021-06-01,10L,0.0,0.0
2025-02-01,10M,0.0,0.0
2023-12-01,10V,0.0,0.0
2025-03-01,10W,0.0,0.0
2023-09-01,10W,0.0,0.0
2026-03-01,10W,0.0,0.0
2022-06-01,10W,0.0,0.0
2024-12-01,10X,0.0,0.0
2022-06-01,10X,0.0,0.0
2025-03-01,10X,0.0,0.0
2023-09-01,11A,0.0,0.0
2025-04-01,11A,0.0,0.0
2025-04-01,11E,0.0,0.0
2025-09-01,11E,0.0,0.0
2023-09-01,11H,0.0,0.0
2023-12-01,12D,0.0,0.0
2025-01-01,15D,0.0,0.0
2021-10-01,15D,0.0,0.0
2023-01-01,99D,0.0,0.0
2026-02-01,99H,0.0,0.0
2024-09-01,99J,0.0,0.0
2021-10-01,99K,0.0,0.0
2025-12-01,99K,0.0,0.0
2022-06-01,99P,0.0,0.0
2024-08-01,99Q,0.0,0.0
2022-08-01,99Q,0.0,0.0
2023-07-01,00P,0.0,290.5730000000001
2024-10-01,00P,0.0,295.266
2024-09-01,00Q,0.0,187.09600000000003
2022-07-01,00X,0.0,188.61
2025-01-01,01A,0.0,410.67900000000014
2023-06-01,01K,0.0,355.53599999999994
2025-07-01,01K,0.0,355.803
2026-01-01,01V,0.0,128.892
2025-05-01,02T,0.0,225.76100000000002
2024-03-01,02T,0.0,224.36100000000002
2025-07-01,02T,0.0,225.80700000000002
2026-04-01,02X,0.0,340.7760000000001
2024-10-01,02Y,0.0,316.91599999999994
2025-04-01,03F,0.0,314.821
2023-06-01,03L,0.0,270.241
2025-04-01,03Q,0.0,251.568
2026-05-01,06Q,0.0,426.59100000000007
2023-03-01,07K,0.0,274.78299999999996
2024-07-01,09D,0.0,333.14
2025-10-01,99C,0.0,229.37800000000004
2026-06-01,99E,0.0,295.882
2025-12-01,99E,0.0,296.2339999999999
2023-04-01,00L,35.37772,335.876
2022-02-01,00L,386.41904999999997,333.16299999999995
2021-12-01,00N,82.51453,158.71300000000005
2023-12-01,00N,89.91086,159.79299999999998
2025-05-01,00P,67.91002,295.413
2023-11-01,00P,75.92277,292.44499999999994
2022-03-01,00T,227.96535,319.7770000000001
2026-02-01,00V,251.25602,212.13299999999995
2021-07-01,00Y,397.54747999999995,260.989
2023-10-01,00Y,151.15397000000002,266.158
2026-04-01,01A,60.4491,410.3380000000001
2021-08-01,01D,278.41643,240.91800000000003
2026-01-01,01D,56.56168,253.53899999999996
2024-11-01,01H,213.0059,336.21500000000003
2021-12-01,01J,502.76673999999997,169.80100000000002
2025-10-01,01J,40.46,174.36299999999997
2021-10-01,01J,493.60026000000005,169.62900000000002
2023-05-01,01J,99.90711,170.77600000000004
2024-03-01,01W,41.88604,326.95700000000005
2025-09-01,01X,122.01697,204.31399999999996
2024-02-01,01Y,135.81532,224.932
2022-08-01,01Y,198.12876,220.916
2025-02-01,02A,139.50213000000002,249.547
2023-05-01,02A,24.98608,247.80799999999996
2025-01-01,02H,57.05355,351.74699999999996
2022-03-01,02M,40.00016,182.52599999999998
2022-10-01,02P,33.65487,266.6280000000001
2026-06-01,02P,155.17921,270.3229999999999
2024-04-01,02P,280.21725,269.5760000000001
2022-11-01,02Y,133.06326,310.174
2025-08-01,03H,12.51542,174.688
2023-10-01,03N,916.6967199999999,638.075
2023-02-01,03Q,159.03301,250.97899999999998
2024-12-01,03Q,43.57615,253.12099999999998
2025-12-01,03W,23.9971,362.0530000000001
2023-12-01,04C,22.09842,446.24799999999993
2025-12-01,04C,21.18492,449.0039999999999
2025-04-01,04V,352.90437,423.925
2025-02-01,04Y,23.61359,140.49800000000002
2025-04-01,05G,365.00723,231.00099999999998
2022-06-01,05G,802.78744,217.88199999999998
2024-03-01,05G,516.84175,231.359
2021-11-01,05Q,148.51617,217.58599999999998
2024-05-01,05W,523.8706400000001,297.77099999999996
2021-10-01,05W,2108.7931500000004,296.761
2025-08-01,06L,47.99962,420.3839999999999
2022-10-01,06L,23.64738,411.77
2023-01-01,06L,23.72564,412.792
2024-08-01,06N,64.21701,690.3620000000001
2022-09-01,07G,47.31348,184.99400000000003
2026-02-01,07K,26.61,280.71
2025-12-01,10Q,30.67604,832.3339999999998
2023-11-01,10R,70.6988,235.308
2021-07-01,11M,178.53207999999998,669.4520000000002
2026-06-01,11M,71.62924,698.323
2022-03-01,11M,55.32755,674.3670000000001
2025-01-01,11N,116.90484000000001,606.104
2024-08-01,11X,137.52947,606.8530000000003
2023-08-01,15A,281.25092,579.943
2024-11-01,15A,89.38131999999999,588.7820000000002
2021-07-01,15C,167.06814999999997,1046.0829999999996
2026-03-01,15E,3353.0011,1644.1080000000002
2023-06-01,15N,1103.39875,1283.4230000000002
2023-08-01,15N,881.74749,1284.555
2025-03-01,18C,76.58561,832.7069999999999
2025-06-01,18C,82.17075,833.6059999999998
2024-05-01,26A,144.74,1095.702
2025-01-01,26A,189.10000000000002,1100.2600000000002
2022-04-01,27D,134.65268,797.0559999999997
2023-09-01,27D,250.35231,810.3199999999997
2021-06-01,27D,210.91983,788.1630000000002
2025-02-01,36J,380.44518,669.8200000000005
2022-05-01,36J,635.8963200000001,650.2900000000002
2025-03-01,42D,467.2801,568.4440000000002
2021-12-01,42D,513.94319,553.508
2022-09-01,52R,356.47744,1120.8079999999995
2025-08-01,52R,35.82675,1152.4620000000002
2024-11-01,70F,343.56572,945.8090000000001
2025-08-01,70F,272.09386,950.8210000000001
2021-07-01,70F,297.53261999999995,915.1799999999997
2024-10-01,71E,90.53177,823.0599999999998
2025-07-01,71E,139.22336,826.0939999999999
2021-11-01,72Q,4117.613190000001,2041.6589999999999
2026-02-01,72Q,322.53322000000003,2113.563000000001
2025-05-01,72Q,678.1073799999999,2122.9719999999993
2021-08-01,78H,93.53959,806.3719999999998
2026-02-01,84H,225.25939000000002,571.6020000000001
2024-05-01,91Q,504.66172,2020.5739999999983
2022-02-01,91Q,291.94362,1960.7009999999998
2025-07-01,92A,381.76691,1304.4220000000003
2025-05-01,99A,1773.49352,598.3059999999998
2024-02-01,99C,193.96131,227.20499999999998
2025-05-01,99E,23.6125,295.904
2023-11-01,99F,48.75698,187.309
2023-03-01,A3A8R,1133.74161,2406.0229999999992
2023-02-01,B2M3M,207.82729000000003,1071.7980000000002
2025-08-01,D9Y0V,237.41319,1930.6960000000004
2022-04-01,M1J4Y,645.55771,1077.3820000000003
2025-03-01,W2U3Z,23.61361,2906.277999999998
2026-05-01,X2C4Y,485.23852999999997,461.35
2023-03-01,X2C4Y,1436.87217,454.57099999999986
2022-06-01,00D,0.0,0.0
2023-08-01,00M,0.0,0.0
2025-02-01,00M,0.0,0.0
2025-09-01,01R,0.0,0.0
2022-10-01,01R,0.0,0.0
2026-03-01,01R,0.0,0.0
2022-02-01,02F,0.0,0.0
2026-01-01,02W,0.0,0.0
2024-09-01,02W,0.0,0.0
2025-04-01,02W,0.0,0.0
2022-08-01,02W,0.0,0.0
2026-06-01,03A,0.0,0.0
2021-09-01,03M,0.0,0.0
2023-10-01,03T,0.0,0.0
2025-07-01,03T,0.0,0.0
2021-11-01,03T,0.0,0.0
2024-01-01,03Y,0.0,0.0
2023-05-01,03Y,0.0,0.0
2023-07-01,04F,0.0,0.0
2023-10-01,04F,0.0,0.0
2023-02-01,04G,0.0,0.0
2024-12-01,04H,0.0,0.0
2021-09-01,04J,0.0,0.0
2024-01-01,04L,0.0,0.0
2022-05-01,04L,0.0,0.0
2022-12-01,04L,0.0,0.0
2024-02-01,04M,0.0,0.0
2025-07-01,04Q,0.0,0.0
2025-09-01,04Q,0.0,0.0
2023-03-01,04R,0.0,0.0
2023-10-01,04X,0.0,0.0
2021-09-01,04X,0.0,0.0
2023-12-01,05A,0.0,0.0
2024-03-01,05A,0.0,0.0
2021-10-01,05C,0.0,0.0
2023-04-01,05F,0.0,0.0
2024-10-01,05H,0.0,0.0
2023-05-01,05L,0.0,0.0
2021-11-01,05L,0.0,0.0
2026-04-01,05L,0.0,0.0
2025-11-01,05T,0.0,0.0
2024-07-01,05X,0.0,0.0
2022-08-01,05X,0.0,0.0
2021-08-01,05Y,0.0,0.0
2025-01-01,06D,0.0,0.0
2023-01-01,06M,0.0,0.0
2023-07-01,06M,0.0,0.0
2026-03-01,06M,0.0,0.0
2024-02-01,06M,0.0,0.0
2024-11-01,06M,0.0,0.0
2025-04-01,06P,0.0,0.0
2026-01-01,06P,0.0,0.0
2024-03-01,06P,0.0,0.0
2021-09-01,06W,0.0,0.0
2025-03-01,06Y,0.0,0.0
2026-04-01,07M,0.0,0.0
2026-03-01,07N,0.0,0.0
2025-05-01,07N,0.0,0.0
2024-06-01,07N,0.0,0.0
2023-09-01,07N,0.0,0.0
2025-11-01,07P,0.0,0.0
2021-07-01,07R,0.0,0.0
2024-12-01,07R,0.0,0.0
2022-12-01,07T,0.0,0.0
2023-07-01,07W,0.0,0.0
2023-12-01,07X,0.0,0.0
2024-11-01,07X,0.0,0.0
2022-05-01,07Y,0.0,0.0
2026-06-01,08A,0.0,0.0
2025-11-01,08C,0.0,0.0
2023-10-01,08C,0.0,0.0
2026-05-01,08D,0.0,0.0
2021-06-01,08E,0.0,0.0
2025-12-01,08G,0.0,0.0
2023-10-01,08G,0.0,0.0
2025-05-01,08G,0.0,0.0
2022-04-01,08H,0.0,0.0
2022-09-01,08J,0.0,0.0
2023-01-01,08K,0.0,0.0
2022-10-01,08L,0.0,0.0
2022-11-01,08L,0.0,0.0
2022-10-01,08M,0.0,0.0
2024-12-01,08N,0.0,0.0
2026-06-01,08Q,0.0,0.0
2022-08-01,08Q,0.0,0.0
2022-01-01,08T,0.0,0.0
2024-12-01,08T,0.0,0.0
2022-08-01,08W,0.0,0.0
2026-04-01,08W,0.0,0.0
2023-02-01,08X,0.0,0.0
2026-02-01,08Y,0.0,0.0
2023-11-01,09A,0.0,0.0
2022-02-01,09A,0.0,0.0
2025-05-01,09C,0.0,0.0
2022-01-01,09C,0.0,0.0
2024-06-01,09E,0.0,0.0
2026-04-01,09J,0.0,0.0
2022-04-01,09J,0.0,0.0
2025-04-01,09J,0.0,0.0
2022-08-01,09L,0.0,0.0
2022-05-01,09L,0.0,0.0
2021-09-01,09P,0.0,0.0
2021-07-01,09W,0.0,0.0
2023-08-01,09Y,0.0,0.0
2023-03-01,09Y,0.0,0.0
2022-04-01,10C,0.0,0.0
2024-04-01,10D,0.0,0.0
2025-02-01,10E,0.0,0.0
2024-10-01,10E,0.0,0.0
2021-07-01,10E,0.0,0.0
2023-11-01,10J,0.0,0.0
2023-02-01,10J,0.0,0.0
2024-02-01,10K,0.0,0.0
2022-02-01,10L,0.0,0.0
2022-12-01,10M,0.0,0.0
2023-06-01,10V,0.0,0.0
2022-07-01,10V,0.0,0.0
2023-07-01,10W,0.0,0.0
2022-05-01,10W,0.0,0.0
2023-09-01,10X,0.0,0.0
2022-02-01,11A,0.0,0.0
2024-02-01,11H,0.0,0.0
2022-04-01,11T,0.0,0.0
2022-07-01,11T,0.0,0.0
2023-09-01,12D,0.0,0.0
2021-11-01,13P,0.0,0.0
2024-12-01,99D,0.0,0.0
2024-06-01,99D,0.0,0.0
2025-03-01,99D,0.0,0.0
2025-10-01,99H,0.0,0.0
2021-10-01,99J,0.0,0.0
2023-03-01,99J,0.0,0.0
2024-02-01,99M,0.0,0.0
2026-02-01,D4U1Y,0.0,0.0
2021-06-01,00R,0.0,175.04000000000002
2022-03-01,00R,0.0,176.208
2026-04-01,01K,0.0,353.4159999999999
2025-11-01,01W,0.0,330.81100000000015
2025-07-01,01W,0.0,330.03000000000003
2022-10-01,01X,0.0,200.679
2022-03-01,02Q,0.0,121.99700000000001
2025-08-01,02T,0.0,225.916
2023-07-01,02T,0.0,223.76199999999997
2023-01-01,03K,0.0,183.84799999999998
2025-07-01,03Q,0.0,250.08400000000003
2023-09-01,03Q,0.0,249.77499999999998
2026-04-01,03R,0.0,399.7869999999999
2023-09-01,06T,0.0,372.74000000000007
2023-10-01,06T,0.0,372.568
2025-04-01,07H,0.0,336.238
2023-04-01,14Y,0.0,584.012
2025-10-01,15A,0.0,590.1820000000001
2022-06-01,15A,0.0,569.9840000000002
2022-10-01,15M,0.0,1114.946
2024-12-01,18C,0.0,833.187
2021-07-01,52R,0.0,1104.0359999999998
2022-11-01,99G,0.0,190.545
2025-10-01,00P,47.82425,295.469
2024-04-01,00P,109.65932000000001,294.3539999999999
2022-10-01,00P,25.91656,287.515
2024-01-01,00P,82.31898000000001,293.522
2024-06-01,00P,123.71022,294.871
2024-01-01,00V,74.06128,211.059
2021-09-01,00V,57.03533,208.28399999999996
2022-02-01,01D,75.6573,242.21800000000002
2024-08-01,01D,39.62756,251.313
2024-01-01,01E,236.56934,229.44399999999996
2022-06-01,01G,197.46462000000002,303.19200000000006
2023-02-01,01J,55.84737,170.51500000000001
2024-03-01,01X,28.0348,201.94
2023-10-01,01X,142.4924,201.354
2023-10-01,02A,52.93031,248.41000000000003
2021-10-01,02H,30.07712,336.8179999999999
2024-07-01,02T,17.94318,225.114
2022-01-01,02Y,19.96685,307.77399999999994
2022-01-01,03F,225.94745,306.59
2021-09-01,03H,19.94511,171.22799999999998
2024-01-01,03N,1116.3450599999999,638.7780000000001
2024-03-01,03W,24.40904,358.00899999999996
2022-08-01,03W,23.66565,354.15999999999997
2024-12-01,04V,87.71244000000002,422.936
2025-12-01,05V,104.6151,157.12300000000002
2023-08-01,05V,85.32387,154.73100000000002
2024-12-01,05V,69.99054,156.442
2023-05-01,05V,56.901810000000005,153.989
2025-01-01,06K,75.32,635.213
2022-03-01,06K,163.37376,617.1600000000001
2023-10-01,06K,171.86163,626.8350000000002
2024-02-01,06Q,59.52422,417.176
2022-03-01,06T,20.00628,365.51800000000014
2022-12-01,07G,213.02045,185.48200000000003
2026-03-01,09D,53.22,326.92799999999994
2026-05-01,09D,53.22,324.959
2021-09-01,11J,43.25277,814.8310000000002
2022-10-01,11N,230.51633,599.346
2024-10-01,12F,42.36476,345.594
2025-11-01,12F,149.30271,346.56500000000005
2021-12-01,14L,590.9346899999999,692.2140000000003
2026-05-01,14L,377.18895000000003,751.0799999999999
2022-09-01,14Y,40.00429,581.9730000000001
2021-07-01,15A,78.86543,559.635
2023-05-01,15C,282.24258999999995,1072.593
2025-06-01,15C,83.65928,1096.832
2024-06-01,15E,2640.8675,1634.5700000000004
2021-11-01,15F,1762.1595600000003,906.3040000000001
2025-01-01,15M,95.79091,1141.4219999999998
2026-04-01,15N,362.66963,1295.365
2024-02-01,16C,1240.1715,732.8329999999997
2023-06-01,16C,1122.01778,726.3620000000001
2025-03-01,16C,1033.7870599999999,739.3200000000003
2023-05-01,27D,235.56682,806.8090000000001
2026-05-01,36J,334.87625,666.4779999999998
2022-07-01,36L,601.24096,1734.1569999999986
2021-10-01,36L,990.4092700000001,1719.922
2024-03-01,42D,397.34405000000004,563.6000000000001
2024-01-01,70F,274.57737000000003,937.7959999999998
2022-07-01,71E,239.69335,807.4269999999997
2023-11-01,71E,157.9618,818.164
2025-03-01,72Q,661.36321,2124.726
2023-02-01,72Q,768.08563,2072.7059999999997
2023-01-01,84H,491.64033,563.4680000000002
2025-01-01,91Q,373.78583000000003,2035.0990000000004
2024-07-01,92A,279.45761,1299.9449999999997
2024-01-01,92G,215.73705999999999,1003.0160000000004
2021-11-01,93C,1112.63407,1732.3470000000013
2021-08-01,99C,24.76221,223.62699999999998
2025-06-01,99E,24.00004,296.134
2023-07-01,99G,48.62597,192.48399999999998
2023-06-01,A3A8R,635.4007,2418.6969999999956
2023-10-01,D2P2L,2609.3889500000005,1316.4819999999995
2021-12-01,D2P2L,1184.6045399999998,1284.0850000000003
2025-11-01,D9Y0V,1024.87766,1932.537
2025-09-01,D9Y0V,778.90605,1930.237
2021-07-01,M1J4Y,506.81570999999997,1059.7760000000003
2025-04-01,M2L0M,85.36974000000001,536.654
2022-11-01,M2L0M,1274.27477,522.8050000000001
2024-09-01,M2L0M,22.39,534.87
2026-04-01,M2L0M,29.2331,537.6379999999999
2024-04-01,U2G6B,23.39725,495.10499999999996
2022-10-01,X2C4Y,2933.80253,452.261
2023-03-01,00D,0.0,0.0
2021-12-01,00J,0.0,0.0
2023-08-01,00J,0.0,0.0
2021-12-01,00M,0.0,0.0
2023-06-01,01R,0.0,0.0
2024-01-01,01R,0.0,0.0
2024-10-01,03A,0.0,0.0
2025-02-01,03T,0.0,0.0
2022-04-01,03T,0.0,0.0
2023-04-01,03Y,0.0,0.0
2022-10-01,03Y,0.0,0.0
2021-07-01,04F,0.0,0.0
2021-09-01,04F,0.0,0.0
2025-09-01,04G,0.0,0.0
2022-05-01,04H,0.0,0.0
2024-03-01,04J,0.0,0.0
2022-04-01,04K,0.0,0.0
2022-11-01,04K,0.0,0.0
2024-04-01,04M,0.0,0.0
2025-04-01,04Q,0.0,0.0
2023-02-01,04Q,0.0,0.0
2022-04-01,04Q,0.0,0.0
2021-09-01,04Q,0.0,0.0
2024-02-01,04Q,0.0,0.0
2023-09-01,04X,0.0,0.0
2022-02-01,04X,0.0,0.0
2021-12-01,05A,0.0,0.0
2023-10-01,05F,0.0,0.0
2024-11-01,05F,0.0,0.0
2023-11-01,05F,0.0,0.0
2024-02-01,05H,0.0,0.0
2023-12-01,05H,0.0,0.0
2021-11-01,05H,0.0,0.0
2026-02-01,05L,0.0,0.0
2022-10-01,05N,0.0,0.0
2024-12-01,05R,0.0,0.0
2023-03-01,06A,0.0,0.0
2025-03-01,06D,0.0,0.0
2022-04-01,06F,0.0,0.0
2023-07-01,06F,0.0,0.0
2025-03-01,06P,0.0,0.0
2025-09-01,06P,0.0,0.0
2025-08-01,06W,0.0,0.0
2024-01-01,06W,0.0,0.0
2024-05-01,06W,0.0,0.0
2025-11-01,06W,0.0,0.0
2023-06-01,06Y,0.0,0.0
2023-08-01,07L,0.0,0.0
2022-11-01,07M,0.0,0.0
2026-02-01,07N,0.0,0.0
2022-02-01,07N,0.0,0.0
2021-09-01,07P,0.0,0.0
2024-02-01,07P,0.0,0.0
2021-10-01,07R,0.0,0.0
2024-06-01,07R,0.0,0.0
2022-01-01,07R,0.0,0.0
2021-08-01,07R,0.0,0.0
2026-01-01,07V,0.0,0.0
2023-10-01,07W,0.0,0.0
2026-04-01,07X,0.0,0.0
2021-07-01,07X,0.0,0.0
2025-01-01,07X,0.0,0.0
2025-06-01,07Y,0.0,0.0
2023-04-01,07Y,0.0,0.0
2022-03-01,08A,0.0,0.0
2022-01-01,08A,0.0,0.0
2023-04-01,08C,0.0,0.0
2025-10-01,08C,0.0,0.0
2024-01-01,08D,0.0,0.0
2023-12-01,08D,0.0,0.0
2024-07-01,08D,0.0,0.0
2025-07-01,08D,0.0,0.0
2025-12-01,08E,0.0,0.0
2021-06-01,08G,0.0,0.0
2026-02-01,08G,0.0,0.0
2026-04-01,08H,0.0,0.0
2021-09-01,08J,0.0,0.0
2023-05-01,08J,0.0,0.0
2021-10-01,08K,0.0,0.0
2022-02-01,08K,0.0,0.0
2023-12-01,08L,0.0,0.0
2025-04-01,08M,0.0,0.0
2025-12-01,08N,0.0,0.0
2025-08-01,08N,0.0,0.0
2025-10-01,08Q,0.0,0.0
2022-08-01,08T,0.0,0.0
2024-08-01,08T,0.0,0.0
2025-06-01,08T,0.0,0.0
2021-07-01,08V,0.0,0.0
2025-07-01,08V,0.0,0.0
2023-04-01,08V,0.0,0.0
2026-02-01,08V,0.0,0.0
2022-08-01,08X,0.0,0.0
2026-01-01,08X,0.0,0.0
2022-10-01,09A,0.0,0.0
2022-12-01,09C,0.0,0.0
2024-11-01,09E,0.0,0.0
2022-10-01,09E,0.0,0.0
2025-05-01,09E,0.0,0.0
2022-05-01,09F,0.0,0.0
2024-04-01,09L,0.0,0.0
2024-11-01,09P,0.0,0.0
2026-05-01,09P,0.0,0.0
2021-11-01,09P,0.0,0.0
2025-04-01,09W,0.0,0.0
2024-07-01,09W,0.0,0.0
2023-01-01,09Y,0.0,0.0
2022-04-01,09Y,0.0,0.0
2023-08-01,10A,0.0,0.0
2022-03-01,10A,0.0,0.0
2025-01-01,10C,0.0,0.0
2024-02-01,10C,0.0,0.0
2022-12-01,10D,0.0,0.0
2025-10-01,10D,0.0,0.0
2024-02-01,10D,0.0,0.0
2022-10-01,10J,0.0,0.0
2026-05-01,10J,0.0,0.0
2022-01-01,10J,0.0,0.0
2024-10-01,10J,0.0,0.0
2023-03-01,10J,0.0,0.0
2021-09-01,10J,0.0,0.0
2025-12-01,10K,0.0,0.0
2024-06-01,10L,0.0,0.0
2025-09-01,10M,0.0,0.0
2026-01-01,10V,0.0,0.0
2025-09-01,10V,0.0,0.0
2022-03-01,10W,0.0,0.0
2024-05-01,10W,0.0,0.0
2021-11-01,10X,0.0,0.0
2024-03-01,11A,0.0,0.0
2026-01-01,11E,0.0,0.0
2022-06-01,11E,0.0,0.0
2024-11-01,11E,0.0,0.0
2025-04-01,11H,0.0,0.0
2023-11-01,11T,0.0,0.0
2025-12-01,11T,0.0,0.0
2024-03-01,15D,0.0,0.0
2025-09-01,15D,0.0,0.0
2021-07-01,99D,0.0,0.0
2021-10-01,99H,0.0,0.0
2025-08-01,99H,0.0,0.0
2024-01-01,99J,0.0,0.0
2025-08-01,99M,0.0,0.0
2021-07-01,99M,0.0,0.0
2021-08-01,99N,0.0,0.0
2023-09-01,99N,0.0,0.0
2022-05-01,99Q,0.0,0.0
2025-04-01,D4U1Y,0.0,0.0
2026-04-01,00R,0.0,177.69599999999997
2024-06-01,01A,0.0,407.536
2022-04-01,01K,0.0,353.69000000000005
2026-02-01,01V,0.0,128.883
2021-07-01,02E,0.0,221.408
2025-10-01,02G,0.0,118.44399999999999
2021-11-01,02H,0.0,337.00300000000004
2022-06-01,02Q,0.0,122.42299999999999
2022-04-01,02Q,0.0,122.101
2024-12-01,02Q,0.0,127.83700000000002
2021-06-01,03H,0.0,170.74599999999995
2021-07-01,03Q,0.0,249.479
2022-02-01,03R,0.0,388.083
2024-01-01,03R,0.0,396.08900000000006
2022-02-01,06Q,0.0,404.62199999999996
2025-09-01,07G,0.0,190.647
2025-09-01,09D,0.0,330.738
2025-02-01,10Q,0.0,828.913
2023-08-01,10R,0.0,234.197
2023-02-01,10R,0.0,232.886
2024-11-01,15M,0.0,1140.5850000000005
2025-04-01,26A,0.0,1100.1140000000003
2023-01-01,27D,0.0,804.6950000000002
2023-08-01,52R,0.0,1135.2940000000003
2022-05-01,99C,0.0,224.37599999999995
2021-10-01,U2G6B,0.0,455.94600000000014
2025-12-01,00N,93.97436,159.473
2025-12-01,00P,104.93535,295.606
2025-02-01,00Q,20.19691,187.911
2025-12-01,00T,277.84310000000005,335.2339999999999
2023-03-01,00T,410.75912,323.642
2026-03-01,00X,47.81895,195.13400000000001
2025-08-01,00Y,207.31786,269.27599999999995
2022-07-01,01D,139.11464,243.32599999999996
2025-12-01,01E,26.85436,239.54400000000007
2021-07-01,01J,313.09006999999997,169.221
2024-05-01,01K,120.67566000000001,356.316
2025-10-01,01V,107.39075,129.047
2022-03-01,01W,161.26959,320.64700000000005
2026-04-01,01X,95.62412,204.45999999999998
2022-08-01,02E,122.67405,224.66699999999997
2024-02-01,02G,237.01819,117.46999999999998
2025-04-01,02G,41.86152,118.29499999999999
2022-06-01,02H,71.85231,338.9219999999999
2025-08-01,02H,644.33937,352.871
2026-01-01,02H,742.01217,352.46299999999997
2021-10-01,02X,549.40596,327.11599999999993
2023-06-01,02X,687.3605600000001,332.5559999999999
2025-08-01,03K,101.20721999999999,185.722
2022-01-01,03L,33.31659,266.594
2021-11-01,03L,69.97991,266.42600000000004
2026-06-01,03L,36.5337,276.654
2025-03-01,03N,1059.34701,640.6110000000001
2024-08-01,03W,23.61359,359.91999999999996
2023-08-01,04C,54.93757,439.37300000000005
2024-08-01,04C,31.691,449.3699999999999
2022-08-01,05D,214.87917000000002,148.904
2023-10-01,05D,330.64069,152.03500000000003
2023-12-01,05D,56.01254,152.367
2024-01-01,05Q,142.3917,221.08299999999997
2023-11-01,05V,80.27597,155.083
2022-09-01,05V,91.21843,152.98800000000003
2022-11-01,05V,435.97757,153.11
2021-12-01,05V,151.00851,151.82500000000002
2025-02-01,05V,83.0805,156.49699999999999
2023-08-01,05W,279.59315000000004,292.72399999999993
2023-12-01,05W,526.48732,295.17199999999997
2024-01-01,05W,657.3612,295.688
2023-06-01,05W,860.94092,291.823
2023-03-01,06H,47.70894,1032.346
2022-11-01,06K,108.16224000000001,619.5289999999998
2022-06-01,06K,106.56559000000001,617.206
2022-06-01,06L,307.5542,410.77
2025-01-01,07G,94.45445000000001,190.834
2022-09-01,07H,88.17161999999999,326.082
2025-03-01,07K,26.18,280.086
2025-09-01,07K,36.09797,280.927
2023-03-01,10R,143.14285,233.37600000000003
2021-07-01,11J,335.64738,813.7860000000001
2026-02-01,11J,186.28812,829.7139999999998
2023-02-01,11J,583.29752,824.833
2024-12-01,11N,9.40684,606.183
2022-09-01,13T,223.59997,538.5840000000001
2021-07-01,13T,467.59444,531.6569999999999
2025-05-01,13T,122.05480999999999,561.0889999999999
2025-12-01,15C,44.52404,1099.797
2026-03-01,15C,241.82380999999998,1095.024
2023-04-01,15C,164.51267,1071.9519999999998
2022-09-01,15F,878.5985000000001,908.4230000000001
2025-03-01,15F,529.06759,944.5229999999999
2023-11-01,15N,567.7679599999999,1291.318
2025-10-01,16C,1119.75772,741.5340000000001
2024-05-01,16C,253.93622,734.5279999999999
2022-02-01,26A,135.50548,1081.121
2025-02-01,26A,189.10000000000002,1100.4139999999998
2025-10-01,27D,176.27353999999997,824.5600000000001
2022-10-01,27D,37.25313,802.3390000000003
2023-02-01,36J,356.10775,656.3530000000001
2025-03-01,36J,2386.42328,669.682
2026-02-01,36L,423.31915999999995,1770.5239999999992
2023-05-01,42D,566.4368000000001,560.234
2021-11-01,42D,289.65123,552.825
2025-11-01,70F,189.47913999999997,951.5470000000001
2022-05-01,70F,142.53894,923.4319999999999
2023-08-01,70F,226.8877,934.158
2023-02-01,70F,58.475269999999995,930.4859999999998
2026-03-01,70F,242.91799000000003,950.0240000000001
2025-02-01,70F,368.23486,947.5749999999998
2025-09-01,71E,37.73098,826.7409999999999
2024-06-01,78H,285.88845999999995,843.1749999999996
2023-03-01,78H,20.30652,823.7619999999996
2024-07-01,84H,419.62689,566.7419999999998
2025-07-01,84H,224.14884,569.2949999999998
2025-03-01,91Q,46.1364,2037.2010000000005
2022-03-01,92A,293.73894,1272.3509999999994
2023-09-01,93C,259.51004,1789.5740000000005
2023-11-01,97R,20.85193,574.348
2021-08-01,99A,736.6019799999999,556.833
2023-01-01,99A,1238.87407,575.4420000000001
2024-03-01,99A,749.72804,588.5050000000001
2022-10-01,99E,23.64738,287.40200000000004
2023-06-01,99F,156.88853,186.851
2024-04-01,A3A8R,208.70998,2449.1069999999995
2021-07-01,B2M3M,318.63224,1032.9159999999997
2024-01-01,D9Y0V,2628.0720800000004,1915.8120000000004
2023-10-01,D9Y0V,1259.54936,1908.7519999999997
2021-12-01,D9Y0V,482.0313,1889.4459999999997
2025-01-01,D9Y0V,634.42166,1930.5659999999998
2026-03-01,M1J4Y,252.57352,1146.882
2022-01-01,M1J4Y,323.10941999999994,1072.1619999999998
2025-06-01,U2G6B,26.61,502.6579999999998
2023-09-01,W2U3Z,69.86457,2851.0130000000013
2025-08-01,X2C4Y,418.0861,462.52399999999994
2022-09-01,00J,0.0,0.0
2026-06-01,00J,0.0,0.0
2024-08-01,00J,0.0,0.0
2026-06-01,00M,0.0,0.0
2025-08-01,02R,0.0,0.0
2021-09-01,02R,0.0,0.0
2022-08-01,02R,0.0,0.0
2024-12-01,02V,0.0,0.0
2022-12-01,03A,0.0,0.0
2022-03-01,03A,0.0,0.0
2021-09-01,03J,0.0,0.0
2026-06-01,03J,0.0,0.0
2024-11-01,03J,0.0,0.0
2023-09-01,03M,0.0,0.0
2022-04-01,03M,0.0,0.0
2026-02-01,03T,0.0,0.0
2024-06-01,03T,0.0,0.0
2025-10-01,03T,0.0,0.0
2021-08-01,04H,0.0,0.0
2025-07-01,04J,0.0,0.0
2021-11-01,04L,0.0,0.0
2023-06-01,04Q,0.0,0.0
2024-05-01,04Q,0.0,0.0
2022-03-01,04Q,0.0,0.0
2022-12-01,04Q,0.0,0.0
2025-09-01,04X,0.0,0.0
2023-08-01,04X,0.0,0.0
2024-07-01,04X,0.0,0.0
2026-05-01,04X,0.0,0.0
2023-02-01,05A,0.0,0.0
2025-08-01,05A,0.0,0.0
2022-10-01,05C,0.0,0.0
2024-07-01,05F,0.0,0.0
2024-01-01,05H,0.0,0.0
2024-09-01,05H,0.0,0.0
2024-06-01,05H,0.0,0.0
2022-03-01,05H,0.0,0.0
2022-09-01,05L,0.0,0.0
2023-03-01,05L,0.0,0.0
2023-05-01,05N,0.0,0.0
2025-10-01,05R,0.0,0.0
2022-05-01,05T,0.0,0.0
2021-12-01,05X,0.0,0.0
2023-09-01,05X,0.0,0.0
2022-12-01,06D,0.0,0.0
2021-06-01,06D,0.0,0.0
2024-09-01,06D,0.0,0.0
2025-08-01,06F,0.0,0.0
2024-04-01,06F,0.0,0.0
2025-10-01,06M,0.0,0.0
2023-10-01,06M,0.0,0.0
2022-02-01,06M,0.0,0.0
2025-05-01,06M,0.0,0.0
2022-07-01,06P,0.0,0.0
2023-05-01,06W,0.0,0.0
2022-04-01,07M,0.0,0.0
2023-07-01,07M,0.0,0.0
2021-08-01,07N,0.0,0.0
2021-12-01,07N,0.0,0.0
2022-08-01,07N,0.0,0.0
2023-08-01,07N,0.0,0.0
2023-03-01,07P,0.0,0.0
2025-12-01,07P,0.0,0.0
2025-04-01,07R,0.0,0.0
2026-02-01,07T,0.0,0.0
2022-10-01,07V,0.0,0.0
2022-04-01,07Y,0.0,0.0
2021-10-01,07Y,0.0,0.0
2023-07-01,08A,0.0,0.0
2024-09-01,08A,0.0,0.0
2024-09-01,08C,0.0,0.0
2025-12-01,08D,0.0,0.0
2022-11-01,08D,0.0,0.0
2025-11-01,08H,0.0,0.0
2021-06-01,08J,0.0,0.0
2025-07-01,08K,0.0,0.0
2021-08-01,08M,0.0,0.0
2023-10-01,08M,0.0,0.0
2024-02-01,08N,0.0,0.0
2022-09-01,08Q,0.0,0.0
2022-12-01,08T,0.0,0.0
2022-07-01,08T,0.0,0.0
2023-10-01,08W,0.0,0.0
2023-05-01,09C,0.0,0.0
2025-11-01,09E,0.0,0.0
2026-03-01,09E,0.0,0.0
2023-12-01,09F,0.0,0.0
2021-08-01,09F,0.0,0.0
2026-01-01,09J,0.0,0.0
2022-12-01,09L,0.0,0.0
2024-01-01,09L,0.0,0.0
2024-07-01,09P,0.0,0.0
2023-12-01,09P,0.0,0.0
2022-06-01,09W,0.0,0.0
2024-10-01,09W,0.0,0.0
2025-10-01,09W,0.0,0.0
2024-05-01,09W,0.0,0.0
2022-11-01,09Y,0.0,0.0
2026-01-01,09Y,0.0,0.0
2023-07-01,09Y,0.0,0.0
2024-04-01,10A,0.0,0.0
2023-11-01,10A,0.0,0.0
2021-08-01,10C,0.0,0.0
2024-01-01,10C,0.0,0.0
2025-11-01,10D,0.0,0.0
2024-01-01,10L,0.0,0.0
2025-05-01,10V,0.0,0.0
2025-02-01,10V,0.0,0.0
2024-04-01,10W,0.0,0.0
2024-01-01,11A,0.0,0.0
2025-09-01,11A,0.0,0.0
2025-06-01,11A,0.0,0.0
2025-08-01,11A,0.0,0.0
2024-07-01,11T,0.0,0.0
2022-02-01,12D,0.0,0.0
2023-01-01,13P,0.0,0.0
2023-04-01,15D,0.0,0.0
2022-11-01,99D,0.0,0.0
2022-08-01,99D,0.0,0.0
2024-04-01,99H,0.0,0.0
2022-05-01,99J,0.0,0.0
2023-09-01,99J,0.0,0.0
2023-11-01,99J,0.0,0.0
2025-09-01,99K,0.0,0.0
2024-11-01,99K,0.0,0.0
2023-06-01,99M,0.0,0.0
2023-11-01,99N,0.0,0.0
2022-07-01,99P,0.0,0.0
2025-08-01,D4U1Y,0.0,0.0
2022-03-01,00N,0.0,158.819
2021-11-01,00N,0.0,158.67900000000003
2025-11-01,00P,0.0,295.684
2023-11-01,00V,0.0,210.68299999999996
2024-01-01,00X,0.0,191.34399999999997
2024-08-01,00X,0.0,192.75399999999993
2025-06-01,01K,0.0,356.073
2021-07-01,01T,0.0,156.90900000000002
2025-02-01,01X,0.0,203.62
2024-11-01,02E,0.0,230.65399999999997
2026-04-01,02E,0.0,230.261
2023-01-01,02H,0.0,341.3599999999999
2025-01-01,02Q,0.0,127.968
2026-05-01,02T,0.0,225.23399999999998
2022-02-01,03F,0.0,306.70899999999995
2026-05-01,03F,0.0,313.176
2022-10-01,03L,0.0,268.19100000000003
2022-07-01,03R,0.0,389.52700000000016
2022-08-01,06L,0.0,411.563
2024-08-01,06Q,0.0,419.77000000000004
2024-07-01,07H,0.0,333.808
2022-08-01,09D,0.0,328.8539999999999
2025-10-01,10Q,0.0,831.8580000000003
2023-03-01,26A,0.0,1088.2580000000005
2021-12-01,26A,0.0,1080.9430000000002
2024-11-01,78H,0.0,847.5760000000001
2025-01-01,78H,0.0,848.8299999999999
2022-01-01,99C,0.0,224.09400000000005
2022-04-01,99E,0.0,285.888
2025-10-01,99G,0.0,196.63000000000002
2026-03-01,00L,428.06394,344.60400000000004
2022-10-01,00N,50.50404,159.12099999999998
2022-12-01,00P,161.09670999999997,288.864
2021-08-01,00P,132.73305,284.68
2024-01-01,00T,88.41153,328.86800000000017
2022-05-01,00X,99.26275,188.113
2024-12-01,00Y,26.18,269.3809999999999
2026-06-01,00Y,77.98675,267.82400000000007
2026-06-01,01A,104.93545,409.8920000000001
2021-09-01,01D,182.81891000000002,241.27100000000002
2022-03-01,01E,20.00628,221.316
2021-10-01,01F,74.35578,135.06300000000002
2025-10-01,01F,53.22,136.17
2024-08-01,01G,156.25761,319.3159999999999
2021-06-01,01G,72.09142,290.79699999999997
2026-01-01,01H,108.2776,337.67900000000003
2025-02-01,01K,101.6201,356.672
2022-02-01,01K,46.80996,353.58399999999995
2022-03-01,01K,107.70647000000001,353.71500000000003
2023-10-01,01K,24.29832,355.08799999999997
2022-12-01,01W,20.25276,322.87800000000004
2021-07-01,01X,73.47235,199.87700000000004
2021-06-01,02G,111.71147,113.919
2024-11-01,02G,113.13241,118.19200000000002
2024-07-01,02G,119.12,117.72800000000002
2022-11-01,02P,23.66383,266.78799999999995
2025-11-01,02X,109.41969,341.4560000000001
2025-06-01,02X,201.76754,340.525
2023-08-01,02Y,20.74869,312.526
2025-12-01,02Y,97.84079,320.12699999999995
2023-01-01,03F,228.77787999999998,309.94800000000004
2021-09-01,03K,42.556610000000006,183.406
2022-09-01,03K,19.28549,183.833
2024-08-01,03L,59.06722,274.34400000000005
2026-02-01,03N,572.2383499999999,636.7960000000003
2024-08-01,04V,58.171350000000004,420.36
2023-03-01,04V,212.10201999999998,414.4539999999999
2022-12-01,04V,178.67587,413.665
2024-10-01,05G,374.79226000000006,231.29400000000004
2026-06-01,05G,216.70791000000003,230.53900000000002
2022-04-01,05Q,176.49068,218.38300000000004
2022-07-01,05V,43.93415,152.62699999999998
2023-02-01,05V,123.94398000000001,153.46399999999997
2022-03-01,05W,1516.8127100000002,297.82500000000005
2025-10-01,05W,20.52895,301.58
2026-02-01,06K,18.24631,636.9
2024-01-01,06K,36.79128,629.463
2021-12-01,06T,19.96974,364.58199999999994
2022-07-01,07H,59.30635,325.3759999999999
2022-07-01,11M,78.58662999999999,676.8079999999995
2022-04-01,11M,53.013239999999996,675.0490000000001
2024-11-01,11N,37.85251,606.1490000000002
2022-03-01,11N,59.99404,597.4269999999999
2022-01-01,11X,250.61686999999998,593.9330000000001
2023-08-01,11X,161.98775,601.8950000000001
2023-06-01,12F,714.81414,341.85400000000004
2024-07-01,12F,440.84355,344.96900000000016
2024-10-01,13T,325.79109,558.814
2026-02-01,15F,119.79698000000002,943.6489999999998
2024-05-01,15F,669.7823299999999,937.3860000000003
2023-09-01,15F,338.36442999999997,921.599
2023-05-01,16C,900.53334,725.9590000000002
2023-07-01,18C,99.38811,824.1580000000002
2021-11-01,26A,46.63674,1080.2540000000001
2021-11-01,27D,198.22775,793.1129999999997
2022-11-01,27D,172.5342,803.1750000000004
2023-04-01,36L,755.79423,1748.8529999999994
2025-06-01,42D,33.77,569.307
2022-11-01,42D,172.65249,558.392
2025-10-01,70F,112.49889999999999,951.694
2024-05-01,71E,180.47624000000002,821.5019999999998
2022-08-01,72Q,6094.56336,2057.7989999999986
2022-02-01,72Q,956.22357,2049.91
2026-04-01,72Q,217.89929999999998,2106.7529999999992
2022-04-01,78H,112.73237,812.4409999999998
2023-02-01,84H,430.43895000000003,563.5760000000001
2022-12-01,84H,320.66038,563.51
2023-03-01,91Q,168.70168,1987.31
2021-07-01,92A,540.43596,1263.171
2022-01-01,93C,502.69924999999995,1742.4840000000006
2026-03-01,93C,373.13356000000005,1818.174999999999
2022-02-01,93C,183.71317,1745.3459999999993
2026-04-01,93C,197.87631000000002,1815.2210000000002
2022-11-01,97R,153.0401,569.9859999999999
2023-01-01,99C,64.28455,225.44599999999997
2024-03-01,99C,71.50169,227.24800000000002
2021-09-01,99E,23.32006,285.44199999999995
2022-10-01,A3A8R,361.37219999999996,2379.710999999999
2023-09-01,B2M3M,690.87415,1085.8529999999996
2022-01-01,D2P2L,1250.66708,1285.3909999999998
2024-06-01,D2P2L,542.9306300000001,1334.8910000000005
2022-01-01,D9Y0V,712.5935499999999,1891.389
2024-10-01,M1J4Y,901.6302300000001,1141.8749999999995
2022-06-01,M2L0M,607.5931,520.196
2025-01-01,W2U3Z,86.74341000000001,2902.2399999999993
2025-11-01,X2C4Y,554.12799,462.54999999999984
2024-04-01,00D,0.0,0.0
2023-06-01,00D,0.0,0.0
2025-10-01,00K,0.0,0.0
2021-10-01,00M,0.0,0.0
2023-09-01,01R,0.0,0.0
2025-05-01,01R,0.0,0.0
2022-07-01,02F,0.0,0.0
2024-02-01,02F,0.0,0.0
2025-11-01,02V,0.0,0.0
2022-04-01,02V,0.0,0.0
2025-10-01,02W,0.0,0.0
2022-11-01,02W,0.0,0.0
2025-01-01,03J,0.0,0.0
2025-10-01,03J,0.0,0.0
2025-04-01,03J,0.0,0.0
2023-04-01,03M,0.0,0.0
2022-09-01,03M,0.0,0.0
2024-10-01,03M,0.0,0.0
2025-10-01,03M,0.0,0.0
2021-06-01,03T,0.0,0.0
2025-01-01,03T,0.0,0.0
2022-09-01,03T,0.0,0.0
2023-11-01,03Y,0.0,0.0
2024-02-01,04D,0.0,0.0
2023-06-01,04E,0.0,0.0
2022-08-01,04E,0.0,0.0
2026-01-01,04F,0.0,0.0
2021-06-01,04G,0.0,0.0
2024-03-01,04G,0.0,0.0
2022-02-01,04J,0.0,0.0
2022-12-01,04J,0.0,0.0
2025-04-01,04K,0.0,0.0
2021-08-01,04L,0.0,0.0
2023-02-01,04L,0.0,0.0
2025-10-01,04Q,0.0,0.0
2025-08-01,04Q,0.0,0.0
2025-03-01,04R,0.0,0.0
2025-11-01,05A,0.0,0.0
2022-11-01,05A,0.0,0.0
2021-06-01,05A,0.0,0.0
2025-03-01,05F,0.0,0.0
2026-06-01,05F,0.0,0.0
2021-09-01,05F,0.0,0.0
2021-07-01,05H,0.0,0.0
2024-06-01,05N,0.0,0.0
2021-06-01,05R,0.0,0.0
2022-03-01,05T,0.0,0.0
2022-02-01,05Y,0.0,0.0
2024-11-01,05Y,0.0,0.0
2026-02-01,06A,0.0,0.0
2022-05-01,06A,0.0,0.0
2023-04-01,06M,0.0,0.0
2021-11-01,06P,0.0,0.0
2023-02-01,06P,0.0,0.0
2026-01-01,06Y,0.0,0.0
2023-02-01,07P,0.0,0.0
2022-05-01,07R,0.0,0.0
2026-05-01,07T,0.0,0.0
2021-11-01,07T,0.0,0.0
2022-06-01,07T,0.0,0.0
2026-04-01,07T,0.0,0.0
2022-06-01,07V,0.0,0.0
2022-01-01,07V,0.0,0.0
2025-12-01,07W,0.0,0.0
2024-07-01,07W,0.0,0.0
2021-11-01,07Y,0.0,0.0
2022-07-01,08A,0.0,0.0
2021-07-01,08C,0.0,0.0
2026-06-01,08D,0.0,0.0
2023-11-01,08E,0.0,0.0
2022-07-01,08E,0.0,0.0
2022-11-01,08E,0.0,0.0
2021-06-01,08F,0.0,0.0
2022-05-01,08F,0.0,0.0
2023-03-01,08G,0.0,0.0
2025-05-01,08H,0.0,0.0
2021-12-01,08H,0.0,0.0
2026-02-01,08J,0.0,0.0
2026-01-01,08J,0.0,0.0
2026-03-01,08K,0.0,0.0
2025-12-01,08M,0.0,0.0
2026-02-01,08W,0.0,0.0
2025-10-01,08X,0.0,0.0
2025-10-01,08Y,0.0,0.0
2024-12-01,08Y,0.0,0.0
2023-11-01,08Y,0.0,0.0
2023-04-01,09A,0.0,0.0
2022-04-01,09A,0.0,0.0
2024-08-01,09A,0.0,0.0
2023-02-01,09A,0.0,0.0
2023-07-01,09E,0.0,0.0
2023-01-01,09E,0.0,0.0
2022-01-01,09G,0.0,0.0
2022-12-01,09G,0.0,0.0
2026-02-01,09J,0.0,0.0
2023-05-01,09J,0.0,0.0
2021-10-01,09L,0.0,0.0
2024-03-01,09P,0.0,0.0
2026-06-01,09W,0.0,0.0
2022-05-01,09Y,0.0,0.0
2026-06-01,09Y,0.0,0.0
2025-08-01,10A,0.0,0.0
2022-10-01,10C,0.0,0.0
2022-05-01,10C,0.0,0.0
2024-11-01,10J,0.0,0.0
2026-02-01,10J,0.0,0.0
2022-04-01,10K,0.0,0.0
2021-08-01,10K,0.0,0.0
2023-09-01,10K,0.0,0.0
2023-02-01,10L,0.0,0.0
2025-01-01,10L,0.0,0.0
2024-07-01,10M,0.0,0.0
2023-09-01,10M,0.0,0.0
2022-02-01,10W,0.0,0.0
2021-07-01,10W,0.0,0.0
2022-08-01,11A,0.0,0.0
2022-07-01,11A,0.0,0.0
2025-02-01,11T,0.0,0.0
2024-08-01,13P,0.0,0.0
2025-05-01,99H,0.0,0.0
2025-01-01,99K,0.0,0.0
2025-11-01,99M,0.0,0.0
2024-07-01,99N,0.0,0.0
2023-06-01,99P,0.0,0.0
2024-01-01,99P,0.0,0.0
2026-03-01,99P,0.0,0.0
2021-12-01,99Q,0.0,0.0
2025-07-01,99Q,0.0,0.0
2022-01-01,99Q,0.0,0.0
2026-01-01,00R,0.0,178.34399999999997
2025-06-01,00R,0.0,178.791
2021-11-01,00X,0.0,187.73799999999997
2024-10-01,00X,0.0,193.088
2025-09-01,01A,0.0,411.90700000000004
2024-09-01,01J,0.0,173.35200000000003
2022-02-01,01V,0.0,126.515
2025-11-01,01V,0.0,128.951
2024-05-01,01V,0.0,127.96999999999998
2025-08-01,01V,0.0,128.947
2025-03-01,01V,0.0,128.39899999999997
2023-09-01,02E,0.0,227.92899999999997
2022-12-01,02H,0.0,341.146
2025-09-01,02T,0.0,226.035
2026-04-01,02T,0.0,225.287
2023-06-01,02Y,0.0,311.776
2022-03-01,03W,0.0,351.707
2024-11-01,06H,0.0,1054.316
2022-05-01,06L,0.0,410.46
2026-05-01,06N,0.0,691.0409999999997
2021-07-01,06Q,0.0,402.24399999999997
2023-01-01,06T,0.0,369.51900000000006
2024-11-01,07H,0.0,335.23300000000006
2025-01-01,07K,0.0,280.077
2026-06-01,09D,0.0,323.821
2022-09-01,09D,0.0,328.665
2021-12-01,11M,0.0,672.7829999999997
2022-05-01,15M,0.0,1110.3920000000003
2021-12-01,18C,0.0,813.751
2024-03-01,92A,0.0,1295.56
2024-07-01,99F,0.0,187.783
2022-02-01,99F,0.0,186.189
2023-06-01,99G,0.0,192.198
2024-05-01,M2L0M,0.0,532.793
2024-03-01,M2L0M,0.0,531.6229999999997
2022-09-01,U2G6B,0.0,462.03
2025-03-01,00P,135.82641,295.479
2022-05-01,00Y,470.89041000000003,262.55099999999993
2025-11-01,01A,42.16909,411.494
2025-12-01,01D,245.02527,253.5790000000001
2023-09-01,01E,30.546639999999996,227.36100000000002
2026-05-01,01F,401.15818,135.89899999999997
2021-10-01,01G,35.10605,296.27400000000006
2022-05-01,01G,45.08789,302.448
2021-12-01,01H,538.00161,328.6980000000001
2022-01-01,01H,86.25085,329.01599999999996
2024-06-01,01H,530.25486,335.14
2026-02-01,01J,231.67925,174.29799999999997
2024-08-01,01X,47.8278,202.991
2025-10-01,01X,107.39075,204.37500000000003
2022-04-01,01Y,164.10207,220.57699999999994
2024-06-01,02G,472.29553,117.66099999999999
2026-03-01,02G,28.36262,118.64699999999999
2022-04-01,02H,20.01757,338.5160000000001
2021-11-01,02M,39.89614,182.032
2024-07-01,02M,119.63548,186.12699999999998
2024-06-01,02Q,17.96121,126.78599999999999
2025-03-01,02T,111.66964999999999,225.68500000000003
2024-11-01,02T,39.37182,225.575
2022-05-01,02Y,20.21922,308.26
2021-11-01,02Y,121.13096999999999,307.5559999999999
2024-02-01,03F,71.60145,314.3280000000001
2024-12-01,03F,75.12857,314.955
2025-02-01,03K,96.67097999999999,185.724
2024-06-01,03K,23.6136,185.014
2021-10-01,03N,957.26612,618.3340000000002
2024-03-01,03Q,83.44617,252.348
2024-12-01,03R,12.76859,399.36199999999997
2025-06-01,04V,81.90031,423.964
2021-06-01,04V,39.73797,404.52700000000016
2021-09-01,05D,19.22415,147.58299999999997
2024-04-01,05D,52.71,153.14399999999998
2023-01-01,05D,217.68512,149.95999999999998
2026-05-01,05Q,47.13574,224.16500000000002
2024-03-01,05W,903.2490199999999,296.788
2024-05-01,06T,23.61362,376.50200000000007
2023-02-01,07H,71.21835,327.2480000000001
2021-09-01,07H,69.96018000000001,323.755
2023-04-01,09D,23.83716,331.192
2024-04-01,10R,25.01995,235.884
2025-01-01,10R,240.71346,235.834
2022-02-01,10R,40.88989,230.38900000000004
2021-11-01,11N,142.94456,596.4179999999998
2021-08-01,11N,46.67493,594.8169999999999
2021-11-01,11X,74.27049,593.1439999999999
2026-06-01,12F,62.32226,346.11300000000017
2023-02-01,13T,260.93766999999997,546.5980000000001
2022-04-01,14Y,150.35366,578.8179999999998
2026-04-01,14Y,63.81276,596.4129999999999
2022-06-01,15C,358.87188,1061.54
2021-07-01,15E,3471.74612,1555.2589999999998
2021-06-01,15N,962.5861000000001,1258.533
2021-10-01,15N,335.18803,1264.7959999999994
2024-08-01,15N,313.64770999999996,1293.96
2022-11-01,15N,837.0219999999999,1277.983
2023-10-01,27D,136.05416,810.7400000000001
2023-12-01,36J,2734.7137199999997,663.1340000000002
2025-08-01,36J,65.31573999999999,669.943
2025-06-01,36J,990.85227,669.7119999999999
2021-07-01,36L,686.7929800000001,1715.706000000001
2023-05-01,52R,358.04676,1137.3960000000006
2021-10-01,70F,272.92142,918.0770000000001
2025-04-01,71E,238.02241999999998,825.7629999999999
2025-08-01,72Q,596.53529,2124.2819999999992
2024-04-01,72Q,533.69823,2106.9919999999997
2023-05-01,72Q,2279.2787099999996,2075.9280000000003
2026-04-01,78H,37.72935,850.5980000000001
2026-06-01,84H,20.77822,569.607
2025-09-01,91Q,56.928039999999996,2042.6929999999995
2021-09-01,92A,283.4211,1266.7460000000008
2023-12-01,92A,263.97276,1293.7029999999995
2023-10-01,93C,279.283,1793.372
2024-11-01,97R,23.61363,577.0649999999998
2022-12-01,99A,1300.71398,575.2220000000001
2023-01-01,99E,23.72564,287.9699999999999
2024-09-01,99F,47.21481,187.962
2024-01-01,A3A8R,864.7447099999999,2451.5260000000007
2026-03-01,A3A8R,1310.56593,2472.3240000000014
2022-01-01,B2M3M,16.44933,1048.561
2022-06-01,B2M3M,603.9844599999999,1054.3850000000002
2025-06-01,D2P2L,614.01488,1343.069999999999
2021-09-01,D2P2L,1719.33039,1281.637
2024-12-01,D2P2L,231.58399999999997,1340.5559999999994
2022-11-01,D2P2L,1866.6859200000004,1296.3830000000003
2023-11-01,D9Y0V,333.97628999999995,1913.4400000000003
2023-07-01,U2G6B,156.19867,469.7170000000001
2023-08-01,W2U3Z,61.0161,2848.0270000000014
2025-01-01,00D,0.0,0.0
2025-08-01,00D,0.0,0.0
2024-12-01,00J,0.0,0.0
2023-10-01,00K,0.0,0.0
2021-11-01,00K,0.0,0.0
2025-04-01,00M,0.0,0.0
2022-10-01,02F,0.0,0.0
2026-05-01,02R,0.0,0.0
2024-02-01,02V,0.0,0.0
2021-07-01,02V,0.0,0.0
2026-02-01,02W,0.0,0.0
2021-09-01,03A,0.0,0.0
2022-07-01,03A,0.0,0.0
2023-09-01,03A,0.0,0.0
2025-08-01,03M,0.0,0.0
2022-10-01,03T,0.0,0.0
2024-11-01,03T,0.0,0.0
2024-11-01,03Y,0.0,0.0
2024-03-01,03Y,0.0,0.0
2024-03-01,04D,0.0,0.0
2021-11-01,04G,0.0,0.0
2023-05-01,04G,0.0,0.0
2025-10-01,04H,0.0,0.0
2021-08-01,04J,0.0,0.0
2022-07-01,04J,0.0,0.0
2025-11-01,04L,0.0,0.0
2022-02-01,04L,0.0,0.0
2022-04-01,04L,0.0,0.0
2026-03-01,04M,0.0,0.0
2023-09-01,04M,0.0,0.0
2022-07-01,04R,0.0,0.0
2022-10-01,04R,0.0,0.0
2025-10-01,04X,0.0,0.0
2023-06-01,05A,0.0,0.0
2026-01-01,05C,0.0,0.0
2026-04-01,05F,0.0,0.0
2023-01-01,05H,0.0,0.0
2023-02-01,05H,0.0,0.0
2024-03-01,05L,0.0,0.0
2023-07-01,05N,0.0,0.0
2025-04-01,05N,0.0,0.0
2023-01-01,05R,0.0,0.0
2025-01-01,05T,0.0,0.0
2026-02-01,05X,0.0,0.0
2021-09-01,05X,0.0,0.0
2022-07-01,05X,0.0,0.0
2023-07-01,05Y,0.0,0.0
2025-04-01,05Y,0.0,0.0
2022-12-01,05Y,0.0,0.0
2023-05-01,06A,0.0,0.0
2024-06-01,06A,0.0,0.0
2024-11-01,06F,0.0,0.0
2024-07-01,06M,0.0,0.0
2024-12-01,06W,0.0,0.0
2023-04-01,06Y,0.0,0.0
2025-05-01,06Y,0.0,0.0
2022-07-01,07L,0.0,0.0
2022-06-01,07M,0.0,0.0
2022-09-01,07M,0.0,0.0
2025-05-01,07M,0.0,0.0
2022-12-01,07N,0.0,0.0
2026-05-01,07N,0.0,0.0
2022-02-01,07P,0.0,0.0
2022-08-01,07P,0.0,0.0
2024-01-01,07R,0.0,0.0
2023-05-01,07R,0.0,0.0
2023-04-01,07T,0.0,0.0
2022-07-01,07W,0.0,0.0
2025-07-01,07X,0.0,0.0
2024-12-01,07X,0.0,0.0
2022-12-01,08A,0.0,0.0
2026-04-01,08A,0.0,0.0
2025-10-01,08D,0.0,0.0
2024-10-01,08E,0.0,0.0
2024-08-01,08E,0.0,0.0
2021-07-01,08F,0.0,0.0
2022-02-01,08H,0.0,0.0
2022-11-01,08H,0.0,0.0
2025-09-01,08J,0.0,0.0
2024-12-01,08K,0.0,0.0
2025-07-01,08M,0.0,0.0
2024-07-01,08M,0.0,0.0
2023-06-01,08M,0.0,0.0
2022-12-01,08M,0.0,0.0
2021-10-01,08N,0.0,0.0
2022-04-01,08N,0.0,0.0
2025-05-01,08N,0.0,0.0
2022-06-01,08N,0.0,0.0
2021-11-01,08N,0.0,0.0
2025-11-01,08Q,0.0,0.0
2025-06-01,08R,0.0,0.0
2022-09-01,08R,0.0,0.0
2025-12-01,08R,0.0,0.0
2022-04-01,08T,0.0,0.0
2025-04-01,08V,0.0,0.0
2025-09-01,08V,0.0,0.0
2024-03-01,08W,0.0,0.0
2024-10-01,08W,0.0,0.0
2025-06-01,08W,0.0,0.0
2022-06-01,08X,0.0,0.0
2026-04-01,08X,0.0,0.0
2024-07-01,08Y,0.0,0.0
2023-06-01,08Y,0.0,0.0
2023-10-01,09C,0.0,0.0
2022-01-01,09E,0.0,0.0
2023-03-01,09F,0.0,0.0
2023-01-01,09G,0.0,0.0
2026-02-01,09G,0.0,0.0
2024-06-01,09J,0.0,0.0
2022-01-01,09L,0.0,0.0
2025-12-01,09P,0.0,0.0
2023-07-01,09P,0.0,0.0
2025-08-01,09Y,0.0,0.0
2021-12-01,10A,0.0,0.0
2024-06-01,10C,0.0,0.0
2025-07-01,10C,0.0,0.0
2022-03-01,10C,0.0,0.0
2023-05-01,10D,0.0,0.0
2025-02-01,10D,0.0,0.0
2023-12-01,10J,0.0,0.0
2021-10-01,10M,0.0,0.0
2022-09-01,10M,0.0,0.0
2024-07-01,10W,0.0,0.0
2023-07-01,10X,0.0,0.0
2023-04-01,11E,0.0,0.0
2024-07-01,11H,0.0,0.0
2026-05-01,11H,0.0,0.0
2025-05-01,15D,0.0,0.0
2022-05-01,99D,0.0,0.0
2023-08-01,99D,0.0,0.0
2022-07-01,99D,0.0,0.0
2025-02-01,99H,0.0,0.0
2021-09-01,99H,0.0,0.0
2023-02-01,99K,0.0,0.0
2023-10-01,99M,0.0,0.0
2025-05-01,99N,0.0,0.0
2026-02-01,99N,0.0,0.0
2023-07-01,99Q,0.0,0.0
2024-11-01,00Q,0.0,187.52799999999996
2023-02-01,00Q,0.0,182.588
2023-04-01,00R,0.0,177.38099999999997
2022-11-01,00V,0.0,209.32499999999996
2025-11-01,00V,0.0,212.58399999999997
2024-07-01,01A,0.0,408.0929999999999
2024-02-01,01W,0.0,326.8260000000001
2026-01-01,02A,0.0,248.911
2024-05-01,02H,0.0,349.188
2022-03-01,02P,0.0,265.401
2021-07-01,02Q,0.0,120.89400000000002
2024-10-01,02Q,0.0,127.59799999999998
2021-11-01,03F,0.0,305.13499999999993
2026-06-01,05Q,0.0,224.15399999999997
2025-11-01,06L,0.0,419.92300000000006
2025-12-01,06Q,0.0,426.3629999999999
2024-04-01,06Q,0.0,418.09599999999995
2022-08-01,06Q,0.0,407.5009999999999
2025-10-01,07H,0.0,338.093
2023-08-01,10Q,0.0,808.4430000000002
2022-06-01,10R,0.0,231.04400000000004
2022-11-01,10R,0.0,231.704
2025-09-01,14Y,0.0,598.818
2024-09-01,26A,0.0,1097.6509999999998
2022-10-01,99C,0.0,225.09399999999997
2024-04-01,99F,0.0,187.42099999999996
2023-05-01,00L,183.46644,336.00300000000004
2021-06-01,00N,109.59447999999999,158.61499999999998
2023-04-01,00N,69.12397,159.173
2022-11-01,00P,20.25428,288.0969999999999
2023-03-01,00Q,147.68608,182.76000000000002
2023-10-01,00T,487.18021999999996,327.19599999999997
2022-04-01,00Y,281.72826,262.406
2026-03-01,00Y,282.49604,268.50600000000003
2022-01-01,01A,107.11275,394.894
2022-10-01,01D,114.23097,243.86000000000007
2022-12-01,01F,90.97085,135.011
2021-07-01,01G,56.76177,292.51400000000007
2024-07-01,01T,187.75602,160.28599999999997
2021-06-01,01W,98.05053,318.392
2023-05-01,01W,45.33903,324.11800000000005
2023-10-01,01W,83.26106,325.7660000000001
2024-10-01,01Y,80.55219,227.72299999999998
2024-09-01,01Y,211.85308,227.618
2023-03-01,01Y,27.92736,221.58899999999997
2022-02-01,02G,203.71678,115.173
2022-05-01,02H,30.194699999999997,338.649
2023-06-01,02P,206.6171,267.85799999999995
2024-06-01,02T,40.43553,224.937
2021-08-01,02Y,19.91864,307.521
2026-06-01,02Y,24.29327,320.6070000000001
2023-08-01,03K,20.73629,184.235
2023-07-01,03K,36.56327,184.00099999999998
2024-12-01,03N,792.9689900000001,641.7209999999999
2021-09-01,03N,2540.48078,612.4729999999998
2023-04-01,03Q,45.36808,251.06199999999998
2021-06-01,03Q,34.11653,249.62400000000002
2021-09-01,03W,23.32006,346.01500000000004
2023-10-01,04C,54.94423999999999,441.263
2024-02-01,04V,60.80275999999999,419.1280000000001
2023-06-01,05G,480.9586,230.42100000000002
2022-03-01,05G,1206.5765999999999,218.06000000000003
2023-08-01,05G,578.5141199999999,230.37399999999994
2024-05-01,05Q,263.35012,221.62900000000002
2026-03-01,06H,77.63768999999999,1056.047
2022-08-01,06K,59.1502,617.9390000000002
2026-04-01,06N,75.78,691.477
2024-04-01,06N,785.5211800000001,686.7740000000001
2022-10-01,06T,20.2296,366.92699999999996
2022-08-01,07G,230.94358,184.88000000000002
2022-06-01,07K,585.68635,272.006
2023-12-01,09D,123.69891000000001,333.082
2021-12-01,11J,70.00938,818.4669999999996
2026-03-01,11X,78.15517,606.2099999999998
2025-03-01,12F,18.60128,345.937
2022-04-01,14L,886.4922099999998,699.027
2023-06-01,14L,1211.6547999999998,718.7400000000001
2022-07-01,15C,273.36078000000003,1062.335
2024-03-01,15C,64.0303,1087.1160000000002
2024-06-01,15C,125.72169,1089.5110000000004
2026-05-01,15C,124.57457,1094.2690000000002
2021-08-01,15E,6454.216199999999,1555.961
2026-05-01,15M,18.59698,1143.4659999999997
2025-04-01,15N,240.45635999999996,1297.2560000000008
2023-01-01,15N,634.42292,1280.8939999999998
2026-01-01,18C,12.51381,834.8949999999998
2025-08-01,27D,369.25992999999994,824.1959999999999
2025-02-01,27D,83.65749,822.2139999999999
2024-05-01,27D,177.65372000000002,816.7219999999999
2026-02-01,27D,109.39901,824.7979999999998
2026-06-01,36L,288.74092,1751.6509999999994
2025-09-01,36L,644.73147,1778.3350000000007
2023-11-01,36L,162.87564999999998,1758.724
2024-01-01,42D,489.17679999999996,563.0430000000001
2023-11-01,42D,483.30717000000004,562.7229999999998
2024-02-01,42D,335.00289000000004,563.3770000000002
2025-09-01,42D,475.61280999999997,570.7510000000002
2023-09-01,70F,281.87166,935.326
2025-09-01,70F,602.5740699999999,951.553
2025-07-01,70F,296.88345000000004,950.3009999999999
2022-03-01,71E,13.75001,805.2290000000005
2021-09-01,78H,217.45727,806.9480000000004
2022-07-01,78H,97.40263,815.6089999999999
2024-03-01,84H,767.53692,566.75
2026-05-01,91Q,80.19446,2041.504
2024-04-01,91Q,349.89183,2017.4770000000005
2022-09-01,91Q,299.74508000000003,1974.2229999999997
2022-11-01,92A,384.78549000000004,1282.2390000000003
2023-09-01,92A,356.72381,1289.7059999999997
2023-09-01,92G,282.22049,996.7719999999998
2024-07-01,93C,551.35607,1813.2949999999994
2023-08-01,97R,156.11831,573.1079999999997
2023-12-01,99A,576.25376,586.0979999999998
2022-11-01,99C,35.22298,225.27
2022-07-01,99C,429.85167,224.77599999999998
2025-08-01,99C,157.44725,229.162
2024-10-01,99E,23.61361,294.5990000000001
2026-01-01,99F,153.26848,188.30800000000005
2021-10-01,A3A8R,944.1237500000001,2325.5529999999985
2026-06-01,A3A8R,405.92949000000004,2454.6590000000006
2024-11-01,B2M3M,295.34556,1117.4069999999995
2025-12-01,B2M3M,277.63666,1125.363
2021-12-01,B2M3M,128.77673000000001,1047.2539999999997
2025-04-01,D2P2L,335.30233,1342.1280000000008
2021-10-01,D9Y0V,1436.6029100000003,1883.5420000000004
2021-09-01,D9Y0V,1047.12583,1881.4669999999999
2024-12-01,M2L0M,36.78129,536.311
2025-10-01,U2G6B,94.8913,503.7940000000001
2026-01-01,W2U3Z,87.76569,2941.5379999999996
2022-06-01,00J,0.0,0.0
2024-04-01,00M,0.0,0.0
2022-03-01,01R,0.0,0.0
2024-05-01,01R,0.0,0.0
2021-11-01,02F,0.0,0.0
2025-05-01,02R,0.0,0.0
2025-10-01,02V,0.0,0.0
2024-03-01,02V,0.0,0.0
2022-01-01,02W,0.0,0.0
2023-02-01,02W,0.0,0.0
2023-01-01,02W,0.0,0.0
2022-02-01,03A,0.0,0.0
2021-11-01,03A,0.0,0.0
2021-07-01,03J,0.0,0.0
2022-01-01,03J,0.0,0.0
2024-09-01,03M,0.0,0.0
2024-02-01,03T,0.0,0.0
2026-05-01,03Y,0.0,0.0
2021-12-01,04D,0.0,0.0
2024-12-01,04D,0.0,0.0
2023-02-01,04E,0.0,0.0
2022-05-01,04E,0.0,0.0
2022-05-01,04G,0.0,0.0
2025-03-01,04G,0.0,0.0
2024-05-01,04H,0.0,0.0
2024-03-01,04H,0.0,0.0
2026-03-01,04H,0.0,0.0
2022-11-01,04H,0.0,0.0
2022-10-01,04H,0.0,0.0
2025-08-01,04J,0.0,0.0
2022-07-01,04K,0.0,0.0
2025-06-01,04L,0.0,0.0
2021-10-01,04L,0.0,0.0
2023-02-01,04M,0.0,0.0
2023-11-01,04M,0.0,0.0
2025-05-01,04Q,0.0,0.0
2025-12-01,04R,0.0,0.0
2023-03-01,04X,0.0,0.0
2022-02-01,05A,0.0,0.0
2022-04-01,05C,0.0,0.0
2023-11-01,05C,0.0,0.0
2024-08-01,05F,0.0,0.0
2022-01-01,05H,0.0,0.0
2025-06-01,05H,0.0,0.0
2026-03-01,05L,0.0,0.0
2021-09-01,05N,0.0,0.0
2025-04-01,05R,0.0,0.0
2025-04-01,05X,0.0,0.0
2021-12-01,05Y,0.0,0.0
2024-01-01,05Y,0.0,0.0
2022-12-01,06A,0.0,0.0
2022-04-01,06D,0.0,0.0
2024-02-01,06D,0.0,0.0
2025-12-01,06F,0.0,0.0
2022-11-01,06F,0.0,0.0
2021-10-01,06M,0.0,0.0
2022-04-01,06P,0.0,0.0
2022-10-01,06P,0.0,0.0
2021-10-01,06P,0.0,0.0
2024-10-01,06W,0.0,0.0
2025-10-01,06W,0.0,0.0
2024-06-01,06Y,0.0,0.0
2023-10-01,07L,0.0,0.0
2022-08-01,07M,0.0,0.0
2021-09-01,07N,0.0,0.0
2022-11-01,07N,0.0,0.0
2022-05-01,07N,0.0,0.0
2025-01-01,07P,0.0,0.0
2023-11-01,07P,0.0,0.0
2025-12-01,07R,0.0,0.0
2022-02-01,07T,0.0,0.0
2024-08-01,07T,0.0,0.0
2022-07-01,07V,0.0,0.0
2025-03-01,07W,0.0,0.0
2022-01-01,07X,0.0,0.0
2026-05-01,07Y,0.0,0.0
2022-04-01,08A,0.0,0.0
2025-07-01,08A,0.0,0.0
2023-09-01,08A,0.0,0.0
2024-11-01,08C,0.0,0.0
2023-01-01,08C,0.0,0.0
2025-01-01,08D,0.0,0.0
2024-02-01,08E,0.0,0.0
2024-06-01,08E,0.0,0.0
2021-06-01,08H,0.0,0.0
2022-05-01,08H,0.0,0.0
2025-03-01,08K,0.0,0.0
2022-12-01,08K,0.0,0.0
2025-07-01,08L,0.0,0.0
2021-10-01,08L,0.0,0.0
2022-04-01,08L,0.0,0.0
2023-01-01,08M,0.0,0.0
2022-04-01,08M,0.0,0.0
2025-03-01,08V,0.0,0.0
2022-12-01,08W,0.0,0.0
2022-01-01,08Y,0.0,0.0
2021-08-01,08Y,0.0,0.0
2024-04-01,08Y,0.0,0.0
2026-05-01,09A,0.0,0.0
2022-09-01,09A,0.0,0.0
2023-05-01,09E,0.0,0.0
2022-03-01,09F,0.0,0.0
2025-08-01,09F,0.0,0.0
2024-04-01,09F,0.0,0.0
2026-01-01,09G,0.0,0.0
2025-04-01,09L,0.0,0.0
2021-11-01,09L,0.0,0.0
2023-10-01,09W,0.0,0.0
2023-07-01,09W,0.0,0.0
2024-02-01,10A,0.0,0.0
2025-09-01,10D,0.0,0.0
2022-10-01,10E,0.0,0.0
2024-04-01,10E,0.0,0.0
2022-02-01,10J,0.0,0.0
2024-11-01,10K,0.0,0.0
2022-01-01,10K,0.0,0.0
2023-12-01,10M,0.0,0.0
2025-11-01,10M,0.0,0.0
2022-11-01,10M,0.0,0.0
2025-06-01,10V,0.0,0.0
2024-02-01,10V,0.0,0.0
2023-05-01,10V,0.0,0.0
2021-10-01,10W,0.0,0.0
2021-10-01,11A,0.0,0.0
2024-07-01,11A,0.0,0.0
2021-09-01,11E,0.0,0.0
2024-06-01,11T,0.0,0.0
2025-05-01,12D,0.0,0.0
2026-02-01,12D,0.0,0.0
2022-02-01,13P,0.0,0.0
2026-02-01,15D,0.0,0.0
2026-04-01,15D,0.0,0.0
2022-05-01,99H,0.0,0.0
2025-08-01,99J,0.0,0.0
2024-08-01,99K,0.0,0.0
2025-03-01,99K,0.0,0.0
2026-06-01,99M,0.0,0.0
2026-01-01,D4U1Y,0.0,0.0
2022-09-01,00L,0.0,334.57500000000005
2024-07-01,00Q,0.0,187.05299999999997
2026-06-01,00X,0.0,195.43099999999998
2025-03-01,00X,0.0,193.745
2022-01-01,01E,0.0,220.31899999999996
2024-05-01,01E,0.0,230.70800000000003
2024-08-01,01V,0.0,128.168
2026-06-01,01W,0.0,330.50000000000006
2025-08-01,01W,0.0,330.434
2022-03-01,02E,0.0,223.51700000000002
2024-05-01,02E,0.0,229.50399999999996
2023-10-01,02Y,0.0,312.94599999999997
2021-10-01,03F,0.0,304.485
2023-04-01,03H,0.0,172.57
2025-09-01,03L,0.0,276.861
2026-05-01,03Q,0.0,248.19999999999996
2023-06-01,03Q,0.0,251.03300000000002
2026-01-01,03R,0.0,400.42
2026-01-01,07H,0.0,337.92400000000004
2026-02-01,07H,0.0,337.6530000000001
2025-11-01,07K,0.0,280.95500000000004
2023-07-01,09D,0.0,330.45899999999995
2024-07-01,10Q,0.0,820.04
2023-11-01,15M,0.0,1129.2740000000003
2026-05-01,52R,0.0,1150.8229999999996
2025-08-01,71E,0.0,826.7189999999999
2024-12-01,99C,0.0,228.52499999999998
2024-08-01,99F,0.0,187.88899999999998
2025-11-01,99F,0.0,188.854
2022-03-01,99G,0.0,190.41899999999998
2026-04-01,00L,41.04036,344.83699999999993
2024-11-01,00L,207.5119,341.32900000000006
2023-02-01,00P,14.46799,289.38900000000007
2026-02-01,00P,47.81897,295.248
2025-12-01,00Q,20.52694,188.486
2025-08-01,00Q,61.58775,188.39300000000003
2021-09-01,00R,19.93271,175.18
2021-08-01,00V,27.80461,208.15500000000006
2021-08-01,00Y,1352.03829,261.24399999999997
2025-09-01,00Y,255.72226,269.283
2025-02-01,01A,59.568659999999994,410.824
2024-06-01,01D,320.46651,250.58600000000004
2023-03-01,01E,19.63463,225.97
2025-06-01,01H,59.03385,337.202
2024-05-01,01W,20.19694,327.43100000000004
2024-07-01,01X,267.90252,202.84099999999998
2025-03-01,01X,95.64327,203.659
2021-06-01,02X,318.66747,326.14799999999997
2022-11-01,03H,20.25428,172.18100000000004
2023-05-01,03H,66.37345,172.66199999999998
2022-04-01,03H,79.13482,171.735
2025-07-01,03H,163.17808,174.64299999999997
2022-11-01,03K,142.13542,183.865
2023-06-01,03K,58.42582,183.867
2021-08-01,03N,1356.9050599999998,612.7620000000003
2022-03-01,03Q,170.27508,251.23499999999999
2022-06-01,03R,87.33175,389.1870000000001
2026-05-01,04C,21.18368,443.4930000000001
2021-09-01,04C,21.91227,421.897
2025-01-01,04V,491.66116,423.16700000000003
2026-02-01,04Y,47.9936,140.65499999999997
2022-02-01,05W,1900.8790099999999,297.62
2025-04-01,05W,381.85023,300.632
2023-03-01,06N,759.20257,677.7800000000001
2022-07-01,06Q,35.61576,406.95099999999996
2025-07-01,07G,23.99979,190.795
2022-07-01,07G,211.64527,184.829
2022-06-01,09D,481.28547000000003,329.75999999999993
2021-11-01,10R,84.25381999999999,229.54399999999998
2024-12-01,10R,97.17018999999999,235.99800000000002
2021-08-01,10R,33.23612,229.916
2022-11-01,11M,64.15063,679.9170000000001
2024-12-01,12F,164.53687000000002,345.8069999999999
2025-06-01,13T,370.36048999999997,560.6459999999998
2023-04-01,14L,946.4506399999999,716.7869999999998
2024-03-01,14L,1435.40005,737.672
2021-09-01,14Y,179.92877000000001,576.502
2021-09-01,15E,4635.062040000001,1557.8909999999996
2023-10-01,15E,4122.72345,1611.2980000000005
2025-04-01,15F,718.37963,944.1179999999998
2022-03-01,15N,764.23714,1270.7349999999994
2022-02-01,16C,151.69517,716.7220000000004
2023-12-01,16C,1727.4192299999997,731.1039999999996
2022-05-01,18C,157.50094,815.8049999999998
2022-09-01,26A,158.95466,1083.9789999999996
2022-07-01,26A,191.32101,1082.501
2024-02-01,26A,136.38763,1094.4289999999999
2024-10-01,27D,286.67514,820.017
2025-04-01,27D,400.79706999999996,822.6160000000001
2022-09-01,36J,651.1560199999998,652.5390000000003
2022-12-01,36L,412.87787999999995,1742.2719999999997
2024-07-01,42D,127.43344,565.3129999999999
2022-01-01,42D,233.85861,553.837
2025-06-01,52R,71.78038,1154.4740000000002
2023-06-01,84H,954.85889,563.9939999999999
2022-05-01,84H,539.42174,560.5749999999999
2023-06-01,91Q,168.98504,1992.789000000001
2025-04-01,91Q,236.60219999999998,2037.8590000000008
2025-12-01,91Q,194.10509,2044.049999999999
2026-06-01,91Q,76.29231,2039.5220000000013
2025-01-01,92A,305.59465,1303.3990000000001
2022-12-01,92A,99.40354,1283.4119999999994
2023-03-01,92A,575.8434,1285.331
2022-07-01,92A,411.45969,1277.3139999999999
2021-07-01,97R,93.27579,564.642
2025-12-01,99A,1144.54967,602.5210000000001
2025-01-01,99C,79.78933,228.674
2021-10-01,99E,263.52839,285.1670000000001
2025-09-01,A3A8R,1857.8360199999997,2484.0060000000026
2025-01-01,A3A8R,698.1027300000001,2469.804999999999
2025-01-01,B2M3M,60.433229999999995,1118.524
2024-09-01,B2M3M,62.87466,1111.2239999999997
2022-10-01,D9Y0V,649.59942,1904.8179999999995
2025-12-01,M1J4Y,380.01799,1149.5500000000002
2025-01-01,M1J4Y,318.83064,1145.987
2025-11-01,M1J4Y,43.86703,1149.5929999999994
2025-05-01,M1J4Y,1322.0327,1147.33
2023-03-01,M1J4Y,1372.2814799999999,1100.7240000000004
2026-04-01,U2G6B,42.2425,499.848
2022-04-01,U2G6B,74.73705,458.0110000000001
2024-09-01,U2G6B,63.46,498.337
2023-02-01,00D,0.0,0.0
2024-05-01,00J,0.0,0.0
2025-09-01,00J,0.0,0.0
2025-03-01,00M,0.0,0.0
2021-11-01,01R,0.0,0.0
2022-06-01,01R,0.0,0.0
2022-06-01,02F,0.0,0.0
2024-04-01,02F,0.0,0.0
2025-06-01,02R,0.0,0.0
2025-09-01,02V,0.0,0.0
2022-01-01,02V,0.0,0.0
2025-12-01,02W,0.0,0.0
2023-03-01,02W,0.0,0.0
2024-10-01,02W,0.0,0.0
2025-05-01,02W,0.0,0.0
2023-07-01,02W,0.0,0.0
2021-06-01,03A,0.0,0.0
2023-03-01,03A,0.0,0.0
2024-10-01,03J,0.0,0.0
2021-08-01,03M,0.0,0.0
2023-11-01,03M,0.0,0.0
2021-10-01,03T,0.0,0.0
2021-09-01,03Y,0.0,0.0
2023-09-01,03Y,0.0,0.0
2023-06-01,03Y,0.0,0.0
2023-08-01,04D,0.0,0.0
2023-12-01,04D,0.0,0.0
2026-03-01,04E,0.0,0.0
2024-05-01,04F,0.0,0.0
2021-10-01,04F,0.0,0.0
2023-10-01,04G,0.0,0.0
2025-07-01,04H,0.0,0.0
2021-10-01,04J,0.0,0.0
2024-04-01,04J,0.0,0.0
2025-03-01,04M,0.0,0.0
2023-10-01,04Q,0.0,0.0
2026-01-01,04Q,0.0,0.0
2023-12-01,04R,0.0,0.0
2024-01-01,05A,0.0,0.0
2025-04-01,05C,0.0,0.0
2023-05-01,05C,0.0,0.0
2024-03-01,05C,0.0,0.0
2021-06-01,05F,0.0,0.0
2024-11-01,05N,0.0,0.0
2023-08-01,05N,0.0,0.0
2021-11-01,05N,0.0,0.0
2024-05-01,05N,0.0,0.0
2025-07-01,05N,0.0,0.0
2022-08-01,05N,0.0,0.0
2023-12-01,05R,0.0,0.0
2024-11-01,05R,0.0,0.0
2023-08-01,05T,0.0,0.0
2021-11-01,06A,0.0,0.0
2023-07-01,06A,0.0,0.0
2024-12-01,06F,0.0,0.0
2021-12-01,06F,0.0,0.0
2026-02-01,06M,0.0,0.0
2022-08-01,06P,0.0,0.0
2024-05-01,06Y,0.0,0.0
2026-04-01,06Y,0.0,0.0
2022-08-01,07L,0.0,0.0
2023-04-01,07L,0.0,0.0
2021-10-01,07M,0.0,0.0
2026-02-01,07P,0.0,0.0
2022-03-01,07R,0.0,0.0
2026-06-01,07T,0.0,0.0
2023-11-01,07V,0.0,0.0
2023-04-01,07W,0.0,0.0
2025-05-01,07X,0.0,0.0
2022-06-01,07Y,0.0,0.0
2024-09-01,07Y,0.0,0.0
2021-07-01,08A,0.0,0.0
2022-01-01,08E,0.0,0.0
2024-07-01,08F,0.0,0.0
2024-12-01,08F,0.0,0.0
2025-03-01,08F,0.0,0.0
2024-10-01,08F,0.0,0.0
2026-06-01,08G,0.0,0.0
2023-11-01,08G,0.0,0.0
2025-08-01,08G,0.0,0.0
2023-05-01,08H,0.0,0.0
2021-09-01,08H,0.0,0.0
2023-04-01,08J,0.0,0.0
2023-07-01,08J,0.0,0.0
2021-08-01,08L,0.0,0.0
2022-09-01,08L,0.0,0.0
2023-04-01,08M,0.0,0.0
2025-05-01,08R,0.0,0.0
2024-11-01,08R,0.0,0.0
2021-08-01,08V,0.0,0.0
2024-03-01,08V,0.0,0.0
2024-05-01,08V,0.0,0.0
2022-05-01,08W,0.0,0.0
2024-09-01,08X,0.0,0.0
2025-01-01,08Y,0.0,0.0
2025-07-01,08Y,0.0,0.0
2022-09-01,09F,0.0,0.0
2021-07-01,09G,0.0,0.0
2022-04-01,09G,0.0,0.0
2024-04-01,09W,0.0,0.0
2023-04-01,10C,0.0,0.0
2023-06-01,10C,0.0,0.0
2023-12-01,10D,0.0,0.0
2023-02-01,10E,0.0,0.0
2026-04-01,10E,0.0,0.0
2021-07-01,10J,0.0,0.0
2022-05-01,10J,0.0,0.0
2021-11-01,10K,0.0,0.0
2025-03-01,10M,0.0,0.0
2025-10-01,10M,0.0,0.0
2023-02-01,10M,0.0,0.0
2022-07-01,10M,0.0,0.0
2025-12-01,10M,0.0,0.0
2022-02-01,10M,0.0,0.0
2022-08-01,10V,0.0,0.0
2024-08-01,10V,0.0,0.0
2025-02-01,10W,0.0,0.0
2022-04-01,10W,0.0,0.0
2025-04-01,10W,0.0,0.0
2024-11-01,10X,0.0,0.0
2025-11-01,11A,0.0,0.0
2024-04-01,11H,0.0,0.0
2023-05-01,11T,0.0,0.0
2023-10-01,11T,0.0,0.0
2025-04-01,11T,0.0,0.0
2023-11-01,12D,0.0,0.0
2025-12-01,12D,0.0,0.0
2024-04-01,12D,0.0,0.0
2022-10-01,15D,0.0,0.0
2022-06-01,99D,0.0,0.0
2025-12-01,99H,0.0,0.0
2023-04-01,99J,0.0,0.0
2023-07-01,99J,0.0,0.0
2021-12-01,99K,0.0,0.0
2022-12-01,99K,0.0,0.0
2025-07-01,99M,0.0,0.0
2022-01-01,99M,0.0,0.0
2025-01-01,99N,0.0,0.0
2024-04-01,99P,0.0,0.0
2023-02-01,99P,0.0,0.0
2024-02-01,99Q,0.0,0.0
2022-09-01,99Q,0.0,0.0
2025-08-01,99Q,0.0,0.0
2026-02-01,00N,0.0,159.21
2021-08-01,00R,0.0,175.08299999999997
2024-11-01,00R,0.0,179.078
2024-10-01,00R,0.0,179.063
2024-02-01,01J,0.0,171.86399999999998
2023-01-01,01V,0.0,126.96699999999998
2021-08-01,01V,0.0,126.215
2025-06-01,02P,0.0,270.78799999999995
2024-06-01,03H,0.0,174.281
2026-02-01,03L,0.0,277.00199999999995
2025-03-01,03L,0.0,275.919
2021-12-01,03Q,0.0,251.20000000000002
2022-12-01,03W,0.0,354.538
2023-12-01,04Y,0.0,139.185
2025-03-01,05Q,0.0,223.02300000000002
2025-03-01,06Q,0.0,423.26
2022-09-01,06T,0.0,366.79499999999996
2024-02-01,06T,0.0,375.503
2025-11-01,06T,0.0,381.7660000000001
2025-08-01,06T,0.0,380.67199999999997
2023-10-01,07G,0.0,187.53100000000003
2022-02-01,10Q,0.0,794.1310000000001
2025-12-01,11M,0.0,699.3340000000002
2022-04-01,15A,0.0,568.7520000000002
2024-04-01,15M,0.0,1133.8020000000008
2026-01-01,36J,0.0,668.7090000000004
2025-12-01,97R,0.0,577.3349999999998
2023-12-01,99E,0.0,291.8939999999999
2025-04-01,00N,82.06097,159.82000000000002
2025-09-01,00N,120.82229000000001,159.60000000000002
2023-05-01,00N,50.6566,159.168
2021-10-01,00P,58.47697,284.82899999999995
2023-08-01,00Q,89.56362,183.935
2025-07-01,00R,149.00063,178.79000000000002
2022-04-01,00T,245.62596,320.31800000000004
2025-05-01,00T,302.30195,334.1109999999998
2022-08-01,00V,83.63824,209.34999999999997
2022-07-01,00Y,131.31031000000002,262.74500000000006
2022-04-01,01D,35.2507,242.6940000000001
2021-08-01,01E,14.22581,218.104
2026-05-01,01E,26.85279,239.39300000000003
2021-06-01,01F,93.57452,134.32699999999997
2025-09-01,01F,209.0016,136.231
2026-01-01,01F,155.76177,135.891
2022-02-01,01H,272.46182999999996,329.10999999999996
2025-06-01,01J,112.10177999999999,174.01199999999994
2025-06-01,01T,711.96353,161.48199999999997
2024-11-01,01T,660.82762,160.77699999999996
2022-11-01,01W,75.95287,322.507
2021-12-01,02A,350.53833999999995,245.23200000000003
2025-10-01,02A,123.82181,249.431
2024-11-01,02A,246.74361999999996,249.45400000000004
2022-06-01,02G,488.84406,115.612
2024-09-01,02H,31.604259999999996,350.6890000000001
2021-06-01,02M,49.40397,180.77399999999994
2026-03-01,02P,172.02,270.469
2023-08-01,02P,223.14763,268.42300000000006
2024-12-01,02P,80.78773,270.807
2023-08-01,02Q,18.46972,125.00600000000001
2026-02-01,02T,17.20978,225.64299999999994
2023-03-01,02X,746.21361,331.60300000000007
2022-10-01,02X,532.56036,330.02900000000005
2025-10-01,02Y,118.72849,319.909
2021-12-01,02Y,68.72107,307.608
2022-05-01,03F,51.64575000000001,306.95900000000006
2021-12-01,03K,19.26031,183.493
2022-10-01,03N,904.99173,624.9929999999999
2025-05-01,03N,637.81842,639.3779999999999
2021-06-01,04C,672.5316900000001,422.2029999999999
2022-10-01,04C,157.73136,427.77600000000007
2024-12-01,05Q,113.13233,222.74599999999995
2021-09-01,05V,87.06492,151.395
2024-12-01,05W,388.86075,299.95099999999996
2024-05-01,06K,35.51423,632.4429999999999
2023-07-01,06N,839.1658400000001,680.858
2021-10-01,06N,717.7828099999999,666.9890000000001
2023-06-01,07G,24.40793,186.327
2025-10-01,07G,95.44998,190.68599999999998
2026-04-01,07G,31.37,189.85299999999998
2024-11-01,07K,75.12862,279.901
2023-12-01,07K,24.38958,276.84699999999987
2021-07-01,07K,69.14242999999999,269.38999999999993
2025-01-01,09D,26.18,333.862
2021-09-01,10Q,42.32046,783.8800000000002
2022-04-01,10R,128.77652,231.119
2024-10-01,10R,32.80888,235.35
2023-04-01,11M,64.58681,682.8220000000002
2022-11-01,11N,20.25428,599.767
2023-01-01,11N,20.29654,600.144
2024-01-01,11X,186.31913,604.031
2022-05-01,11X,154.44468,594.84
2024-08-01,12F,122.69826,345.35499999999996
2025-04-01,12F,114.23967999999999,345.9959999999999
2026-04-01,12F,27.13642,346.2400000000001
2023-07-01,15A,41.56884,579.425
2024-02-01,15F,444.20534,935.9099999999999
2022-03-01,15F,1304.3202899999999,909.6159999999995
2024-01-01,15M,251.48171000000002,1131.412
2022-02-01,15M,19.31683,1108.053
2022-07-01,15N,148.94818,1272.9759999999999
2025-10-01,15N,294.94681,1300.051
2023-01-01,16C,27.53887,722.9459999999999
2026-02-01,16C,240.53549999999998,740.8699999999999
2026-04-01,16C,407.57435999999996,739.9549999999999
2024-01-01,18C,20.92059,827.6849999999995
2026-05-01,18C,203.18099,833.081
2023-09-01,36J,370.53507,660.2600000000006
2025-07-01,42D,345.63913,569.7719999999999
2025-10-01,42D,78.0,570.8609999999999
2022-02-01,42D,191.17468,554.057
2026-06-01,70F,222.47937,948.8779999999998
2026-01-01,70F,255.64687999999998,951.1750000000002
2022-09-01,71E,452.11697,809.2719999999999
2024-07-01,72Q,268.47461,2114.93
2025-04-01,78H,73.66584,849.8109999999999
2022-06-01,84H,632.1681100000001,560.917
2024-04-01,84H,829.8013599999999,566.4920000000001
2026-03-01,84H,221.59430999999998,571.4910000000001
2025-04-01,84H,170.2034,569.6130000000002
2021-09-01,84H,293.90004999999996,556.9389999999999
2025-03-01,92G,73.4484,1012.3830000000003
2023-04-01,97R,224.61087,571.329
2022-08-01,99E,23.66565,287.038
2024-06-01,A3A8R,520.24075,2457.5800000000004
2024-07-01,D2P2L,557.82753,1336.0650000000005
2026-06-01,D9Y0V,1219.74269,1923.163
2024-11-01,M2L0M,20.19695,536.0560000000002
2022-08-01,U2G6B,20.24523,460.99
2021-09-01,W2U3Z,956.18532,2709.514999999998
2022-03-01,W2U3Z,338.38058,2765.216999999999
2022-07-01,00D,0.0,0.0
2024-01-01,00K,0.0,0.0
2025-05-01,00K,0.0,0.0
2024-04-01,01R,0.0,0.0
2024-03-01,01R,0.0,0.0
2023-05-01,01R,0.0,0.0
2023-08-01,02R,0.0,0.0
2021-07-01,02R,0.0,0.0
2025-07-01,02R,0.0,0.0
2025-01-01,02R,0.0,0.0
2025-04-01,02V,0.0,0.0
2023-11-01,02V,0.0,0.0
2021-10-01,02V,0.0,0.0
2021-06-01,02V,0.0,0.0
2024-05-01,03A,0.0,0.0
2023-10-01,03A,0.0,0.0
2022-12-01,03M,0.0,0.0
2025-05-01,04E,0.0,0.0
2024-06-01,04F,0.0,0.0
2022-01-01,04F,0.0,0.0
2022-08-01,04H,0.0,0.0
2025-03-01,04K,0.0,0.0
2023-11-01,04L,0.0,0.0
2025-02-01,04M,0.0,0.0
2022-11-01,04Q,0.0,0.0
2023-05-01,04X,0.0,0.0
2024-11-01,04X,0.0,0.0
2023-05-01,05F,0.0,0.0
2025-09-01,05H,0.0,0.0
2023-05-01,05H,0.0,0.0
2022-11-01,05L,0.0,0.0
2023-07-01,05R,0.0,0.0
2026-02-01,05R,0.0,0.0
2021-06-01,05X,0.0,0.0
2022-08-01,06A,0.0,0.0
2025-02-01,06A,0.0,0.0
2024-03-01,06D,0.0,0.0
2022-10-01,06F,0.0,0.0
2023-06-01,06F,0.0,0.0
2025-03-01,06F,0.0,0.0
2024-03-01,06M,0.0,0.0
2025-01-01,06P,0.0,0.0
2025-05-01,06P,0.0,0.0
2023-01-01,06W,0.0,0.0
2023-05-01,07L,0.0,0.0
2023-08-01,07M,0.0,0.0
2025-12-01,07N,0.0,0.0
2021-11-01,07N,0.0,0.0
2026-04-01,07N,0.0,0.0
2023-11-01,07R,0.0,0.0
2025-02-01,07T,0.0,0.0
2024-09-01,07V,0.0,0.0
2026-06-01,07W,0.0,0.0
2022-09-01,07Y,0.0,0.0
2025-04-01,07Y,0.0,0.0
2021-09-01,08C,0.0,0.0
2026-04-01,08C,0.0,0.0
2023-06-01,08C,0.0,0.0
2022-03-01,08D,0.0,0.0
2024-08-01,08F,0.0,0.0
2025-10-01,08G,0.0,0.0
2025-10-01,08J,0.0,0.0
2023-08-01,08J,0.0,0.0
2023-02-01,08J,0.0,0.0
2024-10-01,08J,0.0,0.0
2023-04-01,08K,0.0,0.0
2025-01-01,08K,0.0,0.0
2023-03-01,08M,0.0,0.0
2024-07-01,08N,0.0,0.0
2023-04-01,08N,0.0,0.0
2022-01-01,08N,0.0,0.0
2023-09-01,08Q,0.0,0.0
2022-01-01,08Q,0.0,0.0
2022-11-01,08Q,0.0,0.0
2024-11-01,08T,0.0,0.0
2025-12-01,08T,0.0,0.0
2024-12-01,08W,0.0,0.0
2025-10-01,08W,0.0,0.0
2022-05-01,08Y,0.0,0.0
2026-01-01,08Y,0.0,0.0
2024-03-01,08Y,0.0,0.0
2022-07-01,09A,0.0,0.0
2022-07-01,09E,0.0,0.0
2024-01-01,09F,0.0,0.0
2022-11-01,09G,0.0,0.0
2026-05-01,09J,0.0,0.0
2022-02-01,09L,0.0,0.0
2022-10-01,09L,0.0,0.0
2026-01-01,09L,0.0,0.0
2024-01-01,09P,0.0,0.0
2024-10-01,09P,0.0,0.0
2024-06-01,09Y,0.0,0.0
2024-01-01,09Y,0.0,0.0
2021-11-01,09Y,0.0,0.0
2025-06-01,10C,0.0,0.0
2022-09-01,10C,0.0,0.0
2025-04-01,10E,0.0,0.0
2024-06-01,10E,0.0,0.0
2024-04-01,10J,0.0,0.0
2026-05-01,10K,0.0,0.0
2023-05-01,10K,0.0,0.0
2026-02-01,10K,0.0,0.0
2021-07-01,10L,0.0,0.0
2023-06-01,10L,0.0,0.0
2024-10-01,10W,0.0,0.0
2022-10-01,10X,0.0,0.0
2025-01-01,10X,0.0,0.0
2022-10-01,11A,0.0,0.0
2024-03-01,11E,0.0,0.0
2021-11-01,12D,0.0,0.0
2024-11-01,13P,0.0,0.0
2021-08-01,15D,0.0,0.0
2025-04-01,15D,0.0,0.0
2021-08-01,99D,0.0,0.0
2021-12-01,99J,0.0,0.0
2024-07-01,99K,0.0,0.0
2023-07-01,99K,0.0,0.0
2024-09-01,99K,0.0,0.0
2023-02-01,99N,0.0,0.0
2022-02-01,99Q,0.0,0.0
2022-10-01,00V,0.0,209.404
2021-11-01,01A,0.0,394.24599999999987
2024-01-01,01J,0.0,171.719
2026-02-01,01Y,0.0,228.93200000000004
2026-06-01,02E,0.0,229.918
2026-01-01,02P,0.0,270.656
2021-09-01,02P,0.0,264.88900000000007
2021-10-01,02Q,0.0,121.33100000000002
2022-01-01,02Q,0.0,121.699
2023-09-01,02Y,0.0,312.9459999999999
2025-02-01,03R,0.0,399.667
2023-06-01,05Q,0.0,220.98800000000003
2025-04-01,05V,0.0,156.68199999999996
2022-03-01,05V,0.0,152.112
2024-01-01,06L,0.0,415.8929999999999
2024-10-01,07H,0.0,334.808
2024-02-01,11M,0.0,689.4220000000001
2023-02-01,15A,0.0,577.6890000000001
2021-09-01,18C,0.0,812.1540000000001
2025-11-01,52R,0.0,1158.9859999999999
2022-02-01,99G,0.0,190.41300000000004
2022-09-01,99G,0.0,190.741
2024-09-01,00L,32.96552,340.837
2024-11-01,00P,147.97871,295.473
2021-06-01,00P,158.28764,284.451
2024-12-01,00Q,96.49405999999999,187.66200000000003
2023-10-01,00Q,20.78868,184.393
2022-09-01,00R,50.55053,176.67600000000002
2025-03-01,00R,127.82111,178.796
2022-04-01,00R,20.00517,176.35
2024-04-01,00T,306.81802,329.98999999999995
2021-07-01,00V,249.95608000000001,208.01699999999997
2025-09-01,00V,80.54724,212.82500000000002
2025-11-01,00X,179.3451,194.849
2021-12-01,00Y,516.9712999999999,261.80699999999996
2023-01-01,00Y,101.54549999999999,263.73599999999993
2023-08-01,00Y,277.68219999999997,265.4029999999999
2021-10-01,01A,68.45089999999999,394.087
2025-11-01,01D,384.08495,253.57400000000004
2023-01-01,01F,128.5567,134.93800000000002
2022-11-01,01G,38.86303,306.89799999999997
2025-02-01,01H,51.89129,336.6390000000001
2023-08-01,01H,472.18259,333.19800000000004
2024-10-01,01H,389.43796000000003,335.933
2022-05-01,01J,333.76772,170.24
2025-05-01,01J,92.77215,174.04000000000002
2023-10-01,01T,148.10331,158.737
2022-06-01,01V,117.39864,126.62899999999999
2022-01-01,01W,17.79647,320.07899999999995
2024-11-01,01X,71.73561,203.42099999999994
2026-02-01,01X,135.78881,204.52900000000005
2022-05-01,01Y,250.24607000000003,220.67499999999995
2025-09-01,01Y,382.04249000000004,228.83500000000004
2025-10-01,02H,444.74307,352.47799999999995
2022-10-01,02M,60.6764,183.666
2024-09-01,02M,112.97343,186.47199999999998
2021-11-01,02T,149.85317,222.326
2023-05-01,02Y,20.86146,311.55199999999996
2021-06-01,03F,32.74764,303.84600000000006
2024-12-01,03K,543.20002,185.725
2021-06-01,03K,58.75644,182.77900000000002
2025-01-01,03N,1008.60271,641.448
2023-10-01,03Q,20.77628,250.23699999999997
2024-05-01,03R,40.43557,397.5760000000001
2025-11-01,04C,246.89428999999998,449.41400000000004
2023-07-01,04C,44.03565,438.79100000000005
2026-01-01,04V,134.72479,425.43600000000004
2022-02-01,04V,441.28639,408.52299999999997
2022-11-01,04V,80.79291,412.86299999999994
2024-11-01,04Y,59.27127,140.35
2022-02-01,05D,49.34706,147.97100000000003
2021-08-01,05D,194.61076,147.399
2022-01-01,05D,40.01486,147.75799999999995
2025-02-01,05G,234.84096000000002,230.957
2024-09-01,05V,194.4254,156.18099999999998
2023-10-01,05W,193.82727,293.818
2025-11-01,05W,83.81878,301.602
2024-08-01,05W,287.34165,298.7299999999999
2025-10-01,06H,26.61,1058.2310000000002
2024-11-01,06K,284.81491,635.172
2021-07-01,06L,162.83168999999998,408.0280000000001
2022-03-01,06L,14.255,410.125
2022-04-01,06Q,23.40479,405.36100000000005
2021-12-01,07G,243.35235,184.10100000000003
2023-03-01,07G,71.2119,186.03599999999997
2022-07-01,09D,81.59135,329.578
2024-04-01,10Q,20.00762,818.4300000000002
2022-09-01,11J,23.66914,821.7040000000002
2025-03-01,11X,74.60346,608.0279999999999
2024-03-01,11X,121.80651,604.3869999999998
2024-11-01,13T,92.85547000000001,560.822
2026-02-01,13T,514.93799,561.0620000000001
2023-03-01,13T,368.2120699999999,547.3160000000001
2023-09-01,13T,319.15107,547.6270000000001
2022-08-01,14L,664.83562,701.0119999999998
2024-10-01,14L,1474.86591,747.282
2025-12-01,14L,1196.38584,759.3249999999998
2022-01-01,15A,158.23843,567.247
2025-09-01,15E,3361.40668,1647.326
2022-02-01,15E,6204.7196,1568.0060000000003
2022-10-01,15E,2272.3090800000004,1575.225
2022-09-01,15E,4799.957539999999,1573.9099999999994
2025-08-01,15F,504.76552000000004,939.949
2022-05-01,15F,744.2368899999999,909.8860000000004
2025-01-01,15N,297.76951,1298.1779999999997
2024-06-01,16C,1713.04568,734.8099999999998
2023-10-01,16C,1526.12528,728.6810000000002
2022-08-01,26A,182.58445999999998,1083.0659999999996
2024-11-01,36J,243.36515,670.008
2026-03-01,36L,409.20678000000004,1766.3570000000007
2025-04-01,42D,860.23814,568.803
2023-01-01,42D,208.41878,558.8839999999999
2021-09-01,71E,96.63038,801.218
2025-06-01,72Q,126.96945,2123.136000000001
2026-05-01,72Q,94.13713999999999,2100.8509999999983
2023-03-01,72Q,516.1978,2074.556
2025-02-01,72Q,349.40722999999997,2125.21
2025-06-01,78H,70.00114,850.6429999999999
2023-08-01,78H,124.24283,830.5100000000001
2024-01-01,84H,877.46546,566.7879999999999
2021-08-01,91Q,603.79095,1947.8649999999996
2024-10-01,92A,279.45761,1302.199
2023-05-01,92A,227.47516000000002,1286.2119999999998
2025-12-01,92G,158.42558,1013.4640000000003
2025-06-01,92G,177.67286000000001,1012.5740000000001
2025-09-01,92G,64.5122,1012.5199999999999
2022-09-01,92G,33.68585,985.3570000000001
2025-11-01,93C,397.8938100000001,1842.5859999999998
2023-10-01,97R,97.23047,573.793
2021-11-01,97R,34.17222,565.6170000000002
2024-07-01,97R,65.90623000000001,576.3870000000002
2025-09-01,99E,47.98715,296.633
2024-11-01,99F,151.71091,188.06199999999995
2026-01-01,A3A8R,407.63999,2488.858000000001
2022-07-01,A3A8R,601.0066099999999,2369.6240000000016
2025-06-01,B2M3M,136.11592,1117.8060000000005
2025-07-01,D9Y0V,299.34578999999997,1930.6410000000008
2021-12-01,M1J4Y,633.2393,1069.4650000000004
2024-06-01,M2L0M,40.39384,533.0740000000001
2025-03-01,U2G6B,304.03385,502.08399999999995
2026-05-01,W2U3Z,80.17419999999998,2907.493
2024-10-01,W2U3Z,382.8176,2906.6789999999983
2023-05-01,X2C4Y,669.6517699999999,455.34900000000005
2022-01-01,X2C4Y,1523.9590199999998,449.573
2026-05-01,00J,0.0,0.0
2026-02-01,00J,0.0,0.0
2024-02-01,00J,0.0,0.0
2025-10-01,00M,0.0,0.0
2023-02-01,00M,0.0,0.0
2025-12-01,00M,0.0,0.0
2026-04-01,00M,0.0,0.0
2024-11-01,01R,0.0,0.0
2025-02-01,01R,0.0,0.0
2025-03-01,01R,0.0,0.0
2021-08-01,02R,0.0,0.0
2021-11-01,02W,0.0,0.0
2025-09-01,03A,0.0,0.0
2021-10-01,03J,0.0,0.0
2024-02-01,03M,0.0,0.0
2024-05-01,03M,0.0,0.0
2023-02-01,03T,0.0,0.0
2022-05-01,03T,0.0,0.0
2022-07-01,03Y,0.0,0.0
2022-09-01,04D,0.0,0.0
2024-04-01,04D,0.0,0.0
2022-03-01,04E,0.0,0.0
2023-11-01,04E,0.0,0.0
2026-02-01,04F,0.0,0.0
2022-10-01,04F,0.0,0.0
2026-04-01,04F,0.0,0.0
2022-09-01,04H,0.0,0.0
2026-01-01,04H,0.0,0.0
2025-05-01,04J,0.0,0.0
2025-07-01,04K,0.0,0.0
2021-08-01,04K,0.0,0.0
2022-01-01,04Q,0.0,0.0
2024-12-01,04Q,0.0,0.0
2025-11-01,04Q,0.0,0.0
2025-10-01,04R,0.0,0.0
2026-05-01,05A,0.0,0.0
2025-12-01,05A,0.0,0.0
2025-08-01,05C,0.0,0.0
2021-06-01,05H,0.0,0.0
2022-04-01,05N,0.0,0.0
2021-08-01,05R,0.0,0.0
2023-11-01,05T,0.0,0.0
2021-06-01,05T,0.0,0.0
2026-04-01,05T,0.0,0.0
2025-09-01,05Y,0.0,0.0
2026-05-01,05Y,0.0,0.0
2022-01-01,06A,0.0,0.0
2026-05-01,06A,0.0,0.0
2022-01-01,06D,0.0,0.0
2023-03-01,06D,0.0,0.0
2025-07-01,06M,0.0,0.0
2022-12-01,06M,0.0,0.0
2022-11-01,06W,0.0,0.0
2023-05-01,06Y,0.0,0.0
2021-11-01,06Y,0.0,0.0
2024-07-01,07M,0.0,0.0
2023-11-01,07M,0.0,0.0
2022-09-01,07N,0.0,0.0
2023-06-01,07N,0.0,0.0
2023-03-01,07N,0.0,0.0
2024-12-01,07P,0.0,0.0
2022-04-01,07P,0.0,0.0
2022-06-01,07R,0.0,0.0
2024-08-01,07V,0.0,0.0
2025-02-01,07W,0.0,0.0
2025-10-01,08A,0.0,0.0
2021-06-01,08C,0.0,0.0
2024-04-01,08F,0.0,0.0
2022-06-01,08G,0.0,0.0
2024-04-01,08G,0.0,0.0
2021-11-01,08H,0.0,0.0
2022-08-01,08H,0.0,0.0
2022-07-01,08J,0.0,0.0
2024-11-01,08J,0.0,0.0
2025-01-01,08J,0.0,0.0
2022-08-01,08K,0.0,0.0
2021-08-01,08K,0.0,0.0
2024-08-01,08M,0.0,0.0
2024-09-01,08N,0.0,0.0
2023-08-01,08Q,0.0,0.0
2022-04-01,08R,0.0,0.0
2024-10-01,08R,0.0,0.0
2024-07-01,08R,0.0,0.0
2022-10-01,08R,0.0,0.0
2025-03-01,08R,0.0,0.0
2021-08-01,08T,0.0,0.0
2026-03-01,08T,0.0,0.0
2021-07-01,08T,0.0,0.0
2021-06-01,08V,0.0,0.0
2024-11-01,08V,0.0,0.0
2025-09-01,08W,0.0,0.0
2023-07-01,08X,0.0,0.0
2024-04-01,08X,0.0,0.0
2024-06-01,08X,0.0,0.0
2023-07-01,09A,0.0,0.0
2022-08-01,09A,0.0,0.0
2025-06-01,09E,0.0,0.0
2024-09-01,09E,0.0,0.0
2023-02-01,09F,0.0,0.0
2025-02-01,09F,0.0,0.0
2024-04-01,09G,0.0,0.0
2024-04-01,09J,0.0,0.0
2022-10-01,09J,0.0,0.0
2023-08-01,09J,0.0,0.0
2023-10-01,09L,0.0,0.0
2024-08-01,09P,0.0,0.0
2022-06-01,09Y,0.0,0.0
2024-07-01,09Y,0.0,0.0
2024-11-01,09Y,0.0,0.0
2024-03-01,10A,0.0,0.0
2025-11-01,10A,0.0,0.0
2026-04-01,10D,0.0,0.0
2024-01-01,10D,0.0,0.0
2024-06-01,10J,0.0,0.0
2021-07-01,10M,0.0,0.0
2023-03-01,10M,0.0,0.0
2021-08-01,10V,0.0,0.0
2025-11-01,10W,0.0,0.0
2024-06-01,10X,0.0,0.0
2026-06-01,11A,0.0,0.0
2022-11-01,11A,0.0,0.0
2026-06-01,11E,0.0,0.0
2022-12-01,12D,0.0,0.0
2025-07-01,13P,0.0,0.0
2025-10-01,13P,0.0,0.0
2025-02-01,15D,0.0,0.0
2026-06-01,15D,0.0,0.0
2025-07-01,99H,0.0,0.0
2021-07-01,99H,0.0,0.0
2025-10-01,99J,0.0,0.0
2022-02-01,99J,0.0,0.0
2022-04-01,99K,0.0,0.0
2023-01-01,99N,0.0,0.0
2025-08-01,99N,0.0,0.0
2024-12-01,99N,0.0,0.0
2022-09-01,99N,0.0,0.0
2022-11-01,99Q,0.0,0.0
2024-04-01,D4U1Y,0.0,0.0
2024-05-01,D4U1Y,0.0,0.0
2025-03-01,00Q,0.0,187.882
2022-01-01,00R,0.0,175.74499999999998
2024-01-01,00R,0.0,178.497
2023-07-01,00R,0.0,177.95300000000003
2022-07-01,00R,0.0,176.589
2023-11-01,01A,0.0,403.52499999999986
2025-12-01,01V,0.0,128.96200000000002
2022-11-01,01V,0.0,126.92700000000002
2026-01-01,01X,0.0,204.47000000000003
2025-09-01,02H,0.0,352.9340000000001
2025-04-01,02T,0.0,225.723
2021-08-01,02T,0.0,222.469
2024-09-01,02Y,0.0,316.685
2023-03-01,03F,0.0,310.77000000000004
2024-03-01,03F,0.0,314.577
2022-01-01,03H,0.0,171.536
2023-02-01,03K,0.0,183.76599999999996
2024-12-01,03L,0.0,275.369
2025-03-01,03R,0.0,399.7180000000001
2025-01-01,05D,0.0,154.885
2021-06-01,06Q,0.0,401.58099999999996
2021-10-01,06Q,0.0,403.70699999999994
2024-08-01,07H,0.0,334.48600000000005
2024-05-01,07K,0.0,278.11099999999993
2022-01-01,09D,0.0,329.346
2024-05-01,09D,0.0,333.465
2021-11-01,52R,0.0,1114.747
2024-04-01,00L,269.03849,338.729
2025-10-01,00L,271.24302,343.729
2023-11-01,00X,17.37554,191.14700000000005
2022-03-01,00Y,887.1929299999999,262.34499999999997
2025-05-01,01A,61.67195,411.0380000000001
2021-12-01,01A,39.92709,394.53000000000003
2023-05-01,01D,115.19376,245.55799999999996
2021-07-01,01D,386.22035000000005,240.68499999999997
2024-05-01,01D,302.65318,250.204
2025-03-01,01F,683.65066,136.71699999999998
2024-10-01,01F,153.28501,136.605
2025-02-01,01F,86.77351999999999,136.78300000000002
2026-02-01,01G,79.97618999999999,325.64699999999993
2026-05-01,01J,176.30230999999998,174.32300000000004
2021-11-01,01J,462.2943,169.711
2025-07-01,01J,40.46,174.078
2023-04-01,01J,341.56619,170.63799999999998
2024-10-01,01T,546.93859,160.58600000000004
2024-06-01,01V,12.51617,127.97899999999998
2024-06-01,01W,35.82888,327.49299999999994
2025-06-01,01Y,36.09837,228.81000000000006
2023-04-01,02A,72.88924,247.74200000000002
2023-11-01,02A,207.0795,248.505
2024-11-01,02H,81.86704,351.4219999999999
2025-05-01,02Q,159.97341,128.295
2026-03-01,02X,40.95082,340.74200000000013
2021-07-01,02X,550.02524,326.6290000000001
2023-01-01,02Y,20.2497,310.597
2025-03-01,03F,225.3361,314.82200000000006
2022-11-01,03N,1097.2207099999998,628.6879999999999
2022-12-01,03N,866.3452299999999,629.5239999999999
2021-06-01,03N,1235.41898,613.4869999999997
2022-02-01,03Q,32.08027,251.16600000000003
2025-10-01,03Q,182.50066999999999,249.871
2022-07-01,05G,1325.0900700000002,217.78
2023-09-01,05W,531.32015,293.24800000000005
2022-08-01,06H,516.09094,1019.3399999999999
2022-10-01,06K,82.8643,618.405
2021-07-01,06T,23.31275,362.14700000000005
2024-04-01,07G,23.39725,189.38
2024-04-01,07H,58.73033,332.532
2022-11-01,07H,64.64291,326.32
2021-12-01,07H,23.34886,324.067
2023-05-01,07H,24.4399,328.45700000000005
2024-06-01,09D,36.7036,333.47599999999994
2024-03-01,09D,12.20452,333.216
2022-01-01,10Q,105.35399,792.917
2026-04-01,11J,23.99645,828.3629999999999
2025-09-01,11J,154.33704,832.2949999999998
2024-09-01,11N,56.62165,604.947
2022-10-01,13T,337.39185000000003,541.3930000000001
2024-05-01,14L,640.9870900000001,740.1679999999997
2025-01-01,14Y,22.39,595.556
2023-08-01,15F,678.60534,921.3680000000002
2024-01-01,15F,826.87959,934.8530000000001
2022-04-01,15M,72.74098,1109.7640000000001
2022-11-01,16C,1031.32227,722.1260000000002
2024-09-01,18C,78.73117,832.4409999999999
2022-07-01,18C,144.62526,817.7379999999999
2022-06-01,26A,64.88917000000001,1081.7359999999996
2023-02-01,27D,285.67424,805.4760000000002
2023-01-01,36J,903.2535399999999,655.9090000000001
2023-04-01,36J,1029.10854,657.5790000000001
2024-07-01,36L,420.77594,1769.7909999999993
2023-02-01,42D,72.44641,559.356
2025-12-01,42D,326.88903,570.823
2025-04-01,70F,386.33109,948.7370000000002
2022-08-01,70F,85.51973,926.3629999999998
2022-11-01,70F,18.01037,928.8750000000001
2021-11-01,71E,282.32005,802.8169999999997
2023-04-01,72Q,185.77762000000004,2075.835
2022-10-01,78H,58.75273,818.4859999999998
2024-12-01,84H,689.11214,569.6729999999998
2022-11-01,91Q,181.9462,1978.6739999999995
2022-07-01,91Q,554.9751,1970.913000000002
2022-02-01,92A,288.18693,1271.8890000000006
2025-12-01,92A,56.900000000000006,1303.1780000000003
2023-10-01,92A,297.58715,1290.2010000000002
2026-04-01,92G,46.82681,1011.184
2022-07-01,99A,678.9921599999999,567.8890000000004
2021-06-01,99C,116.67169999999999,223.41299999999995
2023-04-01,99C,337.90102,225.891
2026-01-01,99C,296.54687,229.422
2025-02-01,A3A8R,344.00349,2473.956999999998
2021-12-01,A3A8R,476.20710999999994,2339.566
2024-08-01,D9Y0V,888.3984700000002,1923.971000000001
2022-05-01,D9Y0V,2443.61462,1894.9070000000004
2026-03-01,D9Y0V,319.92042000000004,1926.6080000000002
2023-06-01,M1J4Y,730.01927,1106.8349999999998
2022-12-01,M1J4Y,355.94005999999996,1093.188
2024-08-01,W2U3Z,110.86161,2885.036000000002
2022-05-01,W2U3Z,304.36456999999996,2773.224
2025-03-01,X2C4Y,776.5073,462.3959999999999
2022-05-01,00K,0.0,0.0
2022-06-01,00M,0.0,0.0
2024-09-01,00M,0.0,0.0
2021-09-01,01R,0.0,0.0
2024-05-01,02F,0.0,0.0
2023-09-01,02F,0.0,0.0
2026-02-01,02R,0.0,0.0
2022-02-01,02V,0.0,0.0
2026-06-01,02W,0.0,0.0
2026-02-01,03A,0.0,0.0
2023-12-01,03A,0.0,0.0
2024-06-01,03J,0.0,0.0
2023-03-01,03M,0.0,0.0
2022-02-01,03T,0.0,0.0
2024-05-01,04D,0.0,0.0
2026-02-01,04D,0.0,0.0
2024-01-01,04D,0.0,0.0
2023-01-01,04D,0.0,0.0
2024-12-01,04E,0.0,0.0
2023-01-01,04E,0.0,0.0
2025-08-01,04F,0.0,0.0
2022-07-01,04F,0.0,0.0
2026-02-01,04G,0.0,0.0
2025-11-01,04H,0.0,0.0
2021-09-01,04H,0.0,0.0
2023-06-01,04H,0.0,0.0
2025-05-01,04H,0.0,0.0
2026-03-01,04J,0.0,0.0
2023-09-01,04K,0.0,0.0
2024-12-01,04K,0.0,0.0
2024-11-01,04L,0.0,0.0
2022-07-01,04L,0.0,0.0
2026-04-01,04M,0.0,0.0
2024-10-01,04Q,0.0,0.0
2024-11-01,04R,0.0,0.0
2024-08-01,04X,0.0,0.0
2022-11-01,04X,0.0,0.0
2024-10-01,04X,0.0,0.0
2024-06-01,05A,0.0,0.0
2021-08-01,05A,0.0,0.0
2022-10-01,05F,0.0,0.0
2025-11-01,05F,0.0,0.0
2023-02-01,05F,0.0,0.0
2024-03-01,05H,0.0,0.0
2023-11-01,05L,0.0,0.0
2022-03-01,05L,0.0,0.0
2025-04-01,05L,0.0,0.0
2023-04-01,05T,0.0,0.0
2024-10-01,05X,0.0,0.0
2022-04-01,05Y,0.0,0.0
2025-07-01,06A,0.0,0.0
2025-01-01,06A,0.0,0.0
2025-10-01,06A,0.0,0.0
2021-09-01,06A,0.0,0.0
2022-07-01,06F,0.0,0.0
2025-08-01,06M,0.0,0.0
2023-11-01,06W,0.0,0.0
2022-02-01,06Y,0.0,0.0
2021-10-01,06Y,0.0,0.0
2023-10-01,06Y,0.0,0.0
2025-08-01,07L,0.0,0.0
2026-02-01,07M,0.0,0.0
2024-04-01,07N,0.0,0.0
2021-06-01,07N,0.0,0.0
2022-10-01,07P,0.0,0.0
2021-06-01,07R,0.0,0.0
2023-09-01,07V,0.0,0.0
2022-04-01,07V,0.0,0.0
2021-09-01,07W,0.0,0.0
2024-04-01,07X,0.0,0.0
2025-06-01,07X,0.0,0.0
2024-10-01,07Y,0.0,0.0
2024-08-01,08A,0.0,0.0
2021-06-01,08A,0.0,0.0
2025-06-01,08G,0.0,0.0
2025-04-01,08G,0.0,0.0
2022-03-01,08G,0.0,0.0
2021-12-01,08J,0.0,0.0
2026-06-01,08L,0.0,0.0
2023-07-01,08L,0.0,0.0
2021-06-01,08L,0.0,0.0
2023-07-01,08N,0.0,0.0
2021-06-01,08Q,0.0,0.0
2023-07-01,08Q,0.0,0.0
2023-02-01,08T,0.0,0.0
2024-09-01,08T,0.0,0.0
2025-04-01,08W,0.0,0.0
2025-08-01,08X,0.0,0.0
2021-10-01,08X,0.0,0.0
2024-06-01,08Y,0.0,0.0
2022-05-01,09A,0.0,0.0
2023-11-01,09C,0.0,0.0
2024-07-01,09G,0.0,0.0
2025-04-01,09G,0.0,0.0
2025-11-01,09J,0.0,0.0
2023-11-01,09L,0.0,0.0
2022-06-01,09L,0.0,0.0
2023-06-01,09P,0.0,0.0
2023-09-01,09P,0.0,0.0
2025-02-01,09P,0.0,0.0
2022-10-01,09Y,0.0,0.0
2024-05-01,10A,0.0,0.0
2022-04-01,10A,0.0,0.0
2023-09-01,10E,0.0,0.0
2026-03-01,10J,0.0,0.0
2021-06-01,10K,0.0,0.0
2024-12-01,10K,0.0,0.0
2026-05-01,10L,0.0,0.0
2023-08-01,10L,0.0,0.0
2024-06-01,10M,0.0,0.0
2021-10-01,10V,0.0,0.0
2024-04-01,10V,0.0,0.0
2022-07-01,10W,0.0,0.0
2025-08-01,10X,0.0,0.0
2026-04-01,10X,0.0,0.0
2021-12-01,10X,0.0,0.0
2025-02-01,10X,0.0,0.0
2022-03-01,10X,0.0,0.0
2023-12-01,10X,0.0,0.0
2022-01-01,11A,0.0,0.0
2024-04-01,11E,0.0,0.0
2023-02-01,11E,0.0,0.0
2025-01-01,11H,0.0,0.0
2023-08-01,11T,0.0,0.0
2024-08-01,11T,0.0,0.0
2023-03-01,11T,0.0,0.0
2021-10-01,12D,0.0,0.0
2022-01-01,12D,0.0,0.0
2023-09-01,15D,0.0,0.0
2023-12-01,15D,0.0,0.0
2026-02-01,99D,0.0,0.0
2026-03-01,99H,0.0,0.0
2024-08-01,99J,0.0,0.0
2025-06-01,99K,0.0,0.0
2024-01-01,99K,0.0,0.0
2026-03-01,99M,0.0,0.0
2022-08-01,99N,0.0,0.0
2023-12-01,99P,0.0,0.0
2024-07-01,99P,0.0,0.0
2025-08-01,99P,0.0,0.0
2023-06-01,D4U1Y,0.0,0.0
2026-06-01,D4U1Y,0.0,0.0
2025-04-01,00R,0.0,178.77599999999995
2022-09-01,01A,0.0,397.6089999999999
2024-10-01,01A,0.0,409.684
2026-01-01,01E,0.0,239.382
2026-06-01,01K,0.0,352.82099999999997
2022-03-01,01V,0.0,126.572
2022-01-01,01X,0.0,200.08599999999998
2025-02-01,02E,0.0,230.83800000000005
2023-04-01,02G,0.0,116.85199999999999
2026-05-01,02H,0.0,352.4720000000001
2025-06-01,02M,0.0,187.52999999999997
2025-11-01,02M,0.0,187.80700000000002
2023-07-01,02M,0.0,184.58800000000002
2024-12-01,02T,0.0,225.67499999999998
2023-10-01,03H,0.0,173.22399999999996
2022-09-01,03L,0.0,267.856
2025-11-01,03Q,0.0,250.05499999999998
2024-05-01,04C,0.0,449.85599999999994
2023-08-01,04Y,0.0,137.965
2026-04-01,06L,0.0,418.5600000000001
2022-12-01,06L,0.0,412.3809999999999
2025-06-01,06Q,0.0,424.28700000000003
2023-07-01,06Q,0.0,412.602
2025-01-01,06Q,0.0,422.3460000000001
2025-11-01,06Q,0.0,426.47900000000004
2024-07-01,06Q,0.0,419.2009999999999
2022-04-01,10Q,0.0,794.786
2025-01-01,10Q,0.0,828.2360000000001
2022-08-01,10R,0.0,230.82799999999997
2026-05-01,11M,0.0,698.4509999999997
2023-05-01,14Y,0.0,584.441
2023-03-01,14Y,0.0,583.5329999999999
2023-02-01,18C,0.0,821.744
2026-02-01,26A,0.0,1101.069
2023-05-01,26A,0.0,1088.3079999999998
2024-03-01,92G,0.0,1003.9649999999997
2022-10-01,99G,0.0,190.571
2022-06-01,U2G6B,0.0,459.74899999999997
2022-05-01,00P,101.55776,286.855
2021-07-01,00P,75.35294,284.69
2025-09-01,00Q,40.82407,188.58200000000002
2024-02-01,00Q,20.91248,185.64199999999994
2023-07-01,00V,603.5700999999999,210.136
2025-09-01,00X,149.75434,194.92200000000003
2022-02-01,00Y,411.03452,262.2169999999999
2024-03-01,01A,20.87095,405.81100000000015
2025-01-01,01E,53.71801,234.01500000000004
2023-06-01,01E,9.85461,226.719
2022-04-01,01F,181.38132,135.23
2022-06-01,01F,334.10645,135.05
2025-07-01,01F,449.93607000000003,136.426
2022-12-01,01G,132.32406,307.731
2026-01-01,01G,253.92648,326.06099999999986
2022-08-01,01G,126.4744,304.17100000000005
2024-05-01,01H,376.68556000000007,334.88200000000006
2024-05-01,01J,69.72524,172.54900000000004
2025-01-01,01J,19.91,173.74800000000002
2023-02-01,01K,23.72705,355.88500000000005
2024-01-01,01T,149.76627,159.13500000000002
2022-04-01,01W,55.74243,320.75700000000006
2025-04-01,01W,134.23967,329.2830000000001
2025-07-01,01X,214.92315000000002,204.10799999999998
2023-10-01,01Y,551.16729,223.76900000000003
2024-02-01,02A,212.93266999999997,248.51399999999995
2022-02-01,02A,56.63373,245.42600000000004
2025-07-01,02E,20.52924,230.77899999999997
2025-08-01,02G,113.57962,118.392
2025-05-01,02P,20.19599,270.869
2026-01-01,02T,72.42842999999999,225.79
2023-03-01,02Y,20.25965,311.084
2025-02-01,03F,23.61359,314.91499999999985
2023-05-01,03K,24.4275,183.79499999999996
2022-05-01,03N,1150.4401,618.7180000000001
2023-02-01,03R,248.55414000000002,391.67800000000017
2025-04-01,03W,360.13259999999997,360.342
2025-05-01,03W,47.225,360.687
2024-05-01,03W,47.22723,358.735
2023-04-01,04V,392.92749,414.6559999999999
2024-10-01,04Y,23.61361,140.251
2023-02-01,05Q,71.0121,220.22899999999993
2023-07-01,05Q,149.16331,221.12800000000001
2025-05-01,05W,97.92459,300.81699999999995
2024-06-01,06H,43.5236,1048.915
2021-06-01,06T,23.29274,361.981
2023-01-01,07G,47.45128,185.61099999999996
2022-01-01,07K,72.73903,270.7990000000001
2021-11-01,07K,97.74128,270.23499999999996
2023-05-01,11J,149.94219999999999,825.6519999999998
2024-08-01,11J,128.23183,831.9480000000002
2022-08-01,11M,40.47806,677.615
2024-03-01,11N,35.763239999999996,603.4
2023-02-01,11X,67.75912,599.7270000000001
2024-07-01,11X,20.19693,606.1650000000001
2025-06-01,12F,158.20598,346.31399999999996
2022-02-01,12F,49.96167,339.40500000000003
2021-07-01,12F,586.2002699999999,338.818
2022-04-01,15C,209.61407000000003,1060.5900000000004
2023-06-01,15E,2797.6018000000004,1598.893999999999
2023-10-01,15F,632.84834,926.2859999999998
2023-02-01,15M,74.64641,1118.8900000000003
2024-01-01,15N,274.47317,1292.7060000000004
2022-09-01,16C,491.80323000000004,720.258
2023-12-01,18C,267.85293,827.3849999999995
2023-06-01,18C,104.44066,823.602
2021-08-01,26A,76.56696,1077.0720000000001
2022-04-01,26A,46.80958,1080.8270000000002
2024-03-01,36J,1109.81812,665.3259999999999
2023-07-01,36J,252.99459,659.3870000000001
2022-11-01,36L,222.41409,1740.3489999999995
2022-01-01,36L,392.07203000000004,1726.2480000000003
2022-08-01,36L,439.89111,1735.325
2023-08-01,42D,103.88118,561.7499999999999
2023-12-01,42D,417.8005,562.8640000000001
2024-08-01,70F,286.33289,943.8529999999996
2024-04-01,71E,652.81993,820.541
2026-01-01,71E,253.08823999999998,825.4580000000002
2022-08-01,84H,499.18165999999997,560.2040000000003
2021-11-01,91Q,658.6656,1954.8539999999996
2024-02-01,92A,227.62054,1294.9730000000006
2025-06-01,92A,286.45568000000003,1304.1440000000007
2025-11-01,92G,28.28812,1013.1539999999998
2024-09-01,92G,36.19229,1008.6919999999998
2024-10-01,92G,47.21481,1009.3139999999997
2024-01-01,93C,278.46062,1805.0820000000006
2026-05-01,97R,23.9957,576.3180000000001
2025-10-01,99A,1078.33781,602.1360000000001
2021-06-01,99F,242.77974,185.654
2025-08-01,A3A8R,992.7787199999999,2483.936999999999
2021-09-01,B2M3M,413.09539,1035.423
2022-08-01,D9Y0V,3319.9803699999993,1899.5689999999997
2021-12-01,M2L0M,68.37264,517.728
2023-07-01,W2U3Z,131.73553,2842.1489999999994
2021-06-01,00D,0.0,0.0
2021-07-01,00D,0.0,0.0
2024-10-01,00D,0.0,0.0
2022-11-01,00J,0.0,0.0
2022-10-01,00K,0.0,0.0
2022-07-01,00K,0.0,0.0
2024-11-01,00M,0.0,0.0
2025-04-01,01R,0.0,0.0
2026-05-01,01R,0.0,0.0
2026-03-01,02F,0.0,0.0
2022-09-01,02F,0.0,0.0
2025-09-01,02F,0.0,0.0
2022-01-01,02F,0.0,0.0
2026-05-01,02F,0.0,0.0
2025-04-01,02R,0.0,0.0
2023-01-01,02V,0.0,0.0
2023-02-01,02V,0.0,0.0
2024-07-01,02V,0.0,0.0
2023-10-01,03J,0.0,0.0
2022-04-01,03J,0.0,0.0
2023-06-01,03M,0.0,0.0
2022-01-01,03T,0.0,0.0
2024-08-01,03Y,0.0,0.0
2022-11-01,04D,0.0,0.0
2023-07-01,04G,0.0,0.0
2026-01-01,04G,0.0,0.0
2024-01-01,04H,0.0,0.0
2022-11-01,04J,0.0,0.0
2022-12-01,04K,0.0,0.0
2021-07-01,04L,0.0,0.0
2022-01-01,04M,0.0,0.0
2021-10-01,04Q,0.0,0.0
2026-05-01,04R,0.0,0.0
2023-10-01,05C,0.0,0.0
2022-12-01,05H,0.0,0.0
2024-05-01,05L,0.0,0.0
2022-12-01,05R,0.0,0.0
2023-05-01,05R,0.0,0.0
2024-04-01,05R,0.0,0.0
2025-02-01,05Y,0.0,0.0
2021-09-01,05Y,0.0,0.0
2023-04-01,05Y,0.0,0.0
2022-03-01,05Y,0.0,0.0
2022-08-01,05Y,0.0,0.0
2024-05-01,06D,0.0,0.0
2025-10-01,06D,0.0,0.0
2025-01-01,06W,0.0,0.0
2025-09-01,06W,0.0,0.0
2022-04-01,06W,0.0,0.0
2023-04-01,07P,0.0,0.0
2023-12-01,07T,0.0,0.0
2025-08-01,07T,0.0,0.0
2025-09-01,07V,0.0,0.0
2023-07-01,07V,0.0,0.0
2023-03-01,07V,0.0,0.0
2023-06-01,07W,0.0,0.0
2025-11-01,07W,0.0,0.0
2024-07-01,07X,0.0,0.0
2021-12-01,07X,0.0,0.0
2024-02-01,07Y,0.0,0.0
2025-08-01,07Y,0.0,0.0
2021-06-01,08D,0.0,0.0
2026-04-01,08D,0.0,0.0
2025-11-01,08D,0.0,0.0
2022-04-01,08D,0.0,0.0
2025-06-01,08F,0.0,0.0
2021-12-01,08G,0.0,0.0
2024-07-01,08H,0.0,0.0
2021-06-01,08K,0.0,0.0
2025-02-01,08L,0.0,0.0
2023-04-01,08L,0.0,0.0
2024-10-01,08Q,0.0,0.0
2023-10-01,08R,0.0,0.0
2024-02-01,08T,0.0,0.0
2023-04-01,08X,0.0,0.0
2022-04-01,08Y,0.0,0.0
2024-05-01,08Y,0.0,0.0
2022-06-01,08Y,0.0,0.0
2025-02-01,08Y,0.0,0.0
2026-02-01,09C,0.0,0.0
2025-08-01,09E,0.0,0.0
2026-01-01,09E,0.0,0.0
2021-06-01,09E,0.0,0.0
2021-10-01,09E,0.0,0.0
2021-11-01,09F,0.0,0.0
2024-06-01,09F,0.0,0.0
2026-03-01,09F,0.0,0.0
2021-07-01,09L,0.0,0.0
2025-03-01,09L,0.0,0.0
2023-01-01,09L,0.0,0.0
2021-08-01,09W,0.0,0.0
2021-10-01,09W,0.0,0.0
2023-06-01,09Y,0.0,0.0
2025-03-01,09Y,0.0,0.0
2023-11-01,10C,0.0,0.0
2025-08-01,10C,0.0,0.0
2024-10-01,10C,0.0,0.0
2021-09-01,10D,0.0,0.0
2023-10-01,10E,0.0,0.0
2022-02-01,10E,0.0,0.0
2025-07-01,10J,0.0,0.0
2023-07-01,10K,0.0,0.0
2022-10-01,10K,0.0,0.0
2022-08-01,10K,0.0,0.0
2021-12-01,10V,0.0,0.0
2021-09-01,10W,0.0,0.0
2022-07-01,10X,0.0,0.0
2022-08-01,11H,0.0,0.0
2021-09-01,11T,0.0,0.0
2023-04-01,12D,0.0,0.0
2021-06-01,12D,0.0,0.0
2022-12-01,13P,0.0,0.0
2023-08-01,15D,0.0,0.0
2023-02-01,15D,0.0,0.0
2025-06-01,15D,0.0,0.0
2025-11-01,99D,0.0,0.0
2022-02-01,99D,0.0,0.0
2025-10-01,99D,0.0,0.0
2023-03-01,99H,0.0,0.0
2024-06-01,99J,0.0,0.0
2025-10-01,99M,0.0,0.0
2022-03-01,99P,0.0,0.0
2025-05-01,99P,0.0,0.0
2021-12-01,99P,0.0,0.0
2025-01-01,99Q,0.0,0.0
2025-11-01,99Q,0.0,0.0
2022-07-01,99Q,0.0,0.0
2023-10-01,00P,0.0,291.58500000000004
2022-05-01,00Q,0.0,181.458
2023-10-01,00R,0.0,178.29300000000003
2026-03-01,00V,0.0,211.80599999999998
2023-06-01,01A,0.0,400.6839999999999
2022-09-01,01V,0.0,127.0
2022-08-01,01V,0.0,126.856
2025-07-01,01V,0.0,128.818
2021-12-01,01W,0.0,319.76700000000005
2022-08-01,01X,0.0,200.621
2024-10-01,02H,0.0,351.022
2023-06-01,02Q,0.0,124.57
2024-07-01,02Q,0.0,126.943
2021-09-01,02T,0.0,222.566
2024-08-01,02Y,0.0,316.17900000000003
2023-11-01,03F,0.0,313.125
2024-05-01,03L,0.0,273.363
2022-12-01,03Q,0.0,250.13299999999998
2023-06-01,03W,0.0,355.91299999999995
2026-06-01,04V,0.0,424.822
2024-09-01,04Y,0.0,140.27500000000003
2023-06-01,06L,0.0,413.74399999999997
2025-05-01,07K,0.0,280.28599999999994
2024-11-01,10Q,0.0,827.1999999999998
2025-11-01,15M,0.0,1145.46
2024-05-01,18C,0.0,829.684
2025-11-01,26A,0.0,1103.392
2024-01-01,99E,0.0,292.0930000000001
2025-10-01,99E,0.0,296.46599999999995
2021-08-01,99F,0.0,185.92800000000003
2023-03-01,99F,0.0,186.858
2025-02-01,99G,0.0,196.51999999999998
2022-05-01,00L,60.77319,333.5079999999999
2025-11-01,00N,20.52739,159.50799999999998
2024-08-01,00P,110.27788,295.05
2021-06-01,00Q,552.0573899999999,179.87099999999998
2022-10-01,00Q,147.12637,181.977
2024-05-01,00T,218.95585999999997,331.17099999999994
2026-06-01,00T,278.53149,334.43199999999996
2026-02-01,00T,529.1711399999999,335.09999999999997
2025-02-01,00T,222.95932,333.807
2021-06-01,00V,97.5508,207.89999999999998
2022-07-01,00V,69.86274,209.209
2026-05-01,00Y,23.9957,268.128
2026-01-01,01A,115.11529000000002,411.34799999999996
2023-07-01,01E,9.81132,227.06400000000002
2022-05-01,01F,47.36746,135.13300000000004
2025-03-01,01G,94.93786,322.627
2024-02-01,01H,46.7249,334.31600000000003
2025-02-01,01J,432.4435,173.87300000000002
2022-04-01,01J,157.48343,170.207
2023-09-01,01J,140.87667,171.33100000000002
2024-07-01,01K,43.81053,356.234
2025-02-01,01T,537.42395,161.273
2023-03-01,01T,378.52919999999995,157.871
2026-03-01,02A,201.01241,248.44899999999996
2025-12-01,02G,95.62673,118.703
2022-08-01,02G,456.09049,115.77899999999998
2022-11-01,02X,915.83015,330.472
2024-03-01,02X,562.9972600000001,336.4899999999999
2024-04-01,03H,81.59232,173.90800000000007
2025-01-01,03H,75.41368,174.715
2023-03-01,03K,11.97954,183.786
2023-04-01,03N,696.2371800000002,630.6019999999999
2025-11-01,03W,26.61,362.09799999999996
2025-06-01,05G,339.0092,231.081
2024-09-01,05G,352.1696,230.87
2025-12-01,05G,188.75688,231.27
2022-04-01,05G,621.76929,218.04899999999998
2024-08-01,05Q,215.30228,222.22600000000006
2025-08-01,05W,23.99981,301.184
2022-11-01,05W,1140.4562799999997,300.00500000000005
2022-04-01,05W,1344.9554400000002,298.11400000000003
2024-02-01,05W,644.2702300000001,296.49399999999997
2022-09-01,06H,20.20148,1020.9880000000003
2025-08-01,06H,47.094179999999994,1058.4059999999997
2022-01-01,06H,43.36703,1011.681
2022-02-01,06H,317.15574,1012.3840000000002
2022-01-01,06K,106.77598,616.4629999999999
2023-03-01,06K,119.38983,622.2829999999999
2022-05-01,06N,794.02167,670.0010000000003
2023-12-01,07G,48.80396,188.14400000000003
2022-03-01,07H,64.57311,324.35699999999997
2022-10-01,07H,99.33653999999999,325.9869999999999
2025-09-01,07H,14.248,338.09900000000005
2025-08-01,10R,164.15962,235.003
2021-12-01,10R,93.37065,230.11900000000003
2021-09-01,10R,179.15485999999999,229.51299999999998
2023-03-01,12F,79.22644,341.38500000000005
2026-01-01,12F,14.62292,346.50899999999996
2026-01-01,14L,459.50633,758.3649999999999
2024-01-01,14L,1691.5802100000003,734.8
2025-10-01,15E,3413.2843000000003,1649.4689999999994
2022-03-01,15E,8398.767329999999,1569.737
2023-04-01,15M,23.83716,1120.3689999999997
2024-02-01,15M,48.974000000000004,1132.329
2021-10-01,26A,165.37002999999999,1079.4830000000002
2025-09-01,27D,283.99037999999996,824.5640000000003
2024-04-01,36J,923.4571199999999,665.7899999999998
2024-08-01,36L,341.76993999999996,1769.8450000000003
2022-03-01,42D,58.893589999999996,554.3280000000001
2024-11-01,42D,60.533370000000005,567.3140000000001
2024-02-01,52R,368.93636999999995,1145.1559999999993
2023-11-01,52R,97.39180999999999,1141.4659999999994
2024-05-01,52R,79.48283,1147.167
2025-12-01,70F,23.9971,951.6939999999998
2023-11-01,70F,292.53247999999996,936.2860000000005
2023-10-01,71E,159.08791,817.184
2025-04-01,72Q,384.65254999999996,2123.368999999999
2021-12-01,84H,392.92333,560.771
2023-11-01,84H,885.7633799999999,566.3199999999999
2023-08-01,91Q,436.66321999999997,1997.7399999999998
2022-12-01,92G,36.00564,988.9929999999999
2023-02-01,93C,132.95295,1778.5829999999999
2023-12-01,97R,14.86805,574.546
2024-01-01,97R,101.54279,574.503
2023-11-01,99A,330.91365,584.6170000000003
2022-08-01,99A,1381.67243,567.767
2026-03-01,99A,1041.3985699999998,599.483
2026-04-01,99F,77.53469,187.93100000000004
2024-05-01,D2P2L,328.89516,1333.4869999999996
2022-09-01,D9Y0V,2085.29789,1901.248
2025-03-01,M1J4Y,755.67737,1146.9860000000003
2024-04-01,M1J4Y,399.47493,1131.2379999999994
2023-05-01,M2L0M,10.15442,525.1570000000002
2026-06-01,U2G6B,72.38409,498.4129999999999
2026-02-01,00D,0.0,0.0
2023-04-01,00D,0.0,0.0
2025-09-01,00D,0.0,0.0
2022-01-01,00J,0.0,0.0
2021-11-01,00J,0.0,0.0
2023-01-01,00M,0.0,0.0
2022-11-01,00M,0.0,0.0
2022-08-01,01R,0.0,0.0
2026-01-01,01R,0.0,0.0
2023-11-01,02F,0.0,0.0
2026-06-01,02R,0.0,0.0
2024-01-01,02W,0.0,0.0
2022-05-01,02W,0.0,0.0
2023-05-01,03A,0.0,0.0
2024-03-01,03A,0.0,0.0
2025-07-01,03A,0.0,0.0
2024-07-01,03J,0.0,0.0
2022-03-01,03J,0.0,0.0
2023-06-01,03J,0.0,0.0
2024-12-01,03M,0.0,0.0
2021-11-01,03M,0.0,0.0
2023-02-01,03M,0.0,0.0
2024-08-01,03T,0.0,0.0
2023-04-01,03T,0.0,0.0
2021-07-01,03T,0.0,0.0
2023-09-01,03T,0.0,0.0
2026-01-01,04D,0.0,0.0
2021-11-01,04D,0.0,0.0
2023-10-01,04J,0.0,0.0
2022-05-01,04J,0.0,0.0
2025-05-01,04K,0.0,0.0
2022-08-01,04K,0.0,0.0
2024-10-01,04M,0.0,0.0
2023-03-01,04M,0.0,0.0
2022-07-01,04Q,0.0,0.0
2024-04-01,04R,0.0,0.0
2021-07-01,04R,0.0,0.0
2024-11-01,05C,0.0,0.0
2026-02-01,05H,0.0,0.0
2025-09-01,05L,0.0,0.0
2023-10-01,05N,0.0,0.0
2022-11-01,05T,0.0,0.0
2024-04-01,05T,0.0,0.0
2022-06-01,05Y,0.0,0.0
2022-07-01,05Y,0.0,0.0
2023-01-01,06A,0.0,0.0
2025-05-01,06D,0.0,0.0
2024-05-01,06F,0.0,0.0
2024-08-01,06F,0.0,0.0
2026-01-01,06M,0.0,0.0
2025-03-01,06M,0.0,0.0
2021-08-01,06P,0.0,0.0
2026-05-01,07M,0.0,0.0
2023-03-01,07M,0.0,0.0
2024-08-01,07N,0.0,0.0
2022-06-01,07P,0.0,0.0
2021-10-01,07P,0.0,0.0
2023-09-01,07P,0.0,0.0
2024-03-01,07R,0.0,0.0
2023-03-01,07R,0.0,0.0
2024-09-01,07T,0.0,0.0
2023-02-01,07V,0.0,0.0
2021-11-01,07V,0.0,0.0
2022-02-01,07V,0.0,0.0
2021-11-01,07W,0.0,0.0
2023-02-01,07W,0.0,0.0
2024-09-01,07W,0.0,0.0
2023-01-01,07X,0.0,0.0
2022-10-01,08C,0.0,0.0
2025-08-01,08C,0.0,0.0
2022-02-01,08D,0.0,0.0
2024-10-01,08D,0.0,0.0
2026-04-01,08E,0.0,0.0
2022-09-01,08E,0.0,0.0
2024-06-01,08F,0.0,0.0
2023-04-01,08F,0.0,0.0
2024-03-01,08F,0.0,0.0
2025-07-01,08G,0.0,0.0
2024-02-01,08G,0.0,0.0
2025-02-01,08J,0.0,0.0
2025-03-01,08J,0.0,0.0
2021-10-01,08R,0.0,0.0
2023-07-01,08T,0.0,0.0
2022-10-01,08V,0.0,0.0
2023-07-01,08V,0.0,0.0
2024-04-01,08W,0.0,0.0
2025-03-01,08W,0.0,0.0
2023-05-01,08X,0.0,0.0
2021-12-01,08X,0.0,0.0
2025-12-01,08Y,0.0,0.0
2025-11-01,08Y,0.0,0.0
2023-06-01,09C,0.0,0.0
2026-04-01,09E,0.0,0.0
2022-12-01,09E,0.0,0.0
2024-02-01,09E,0.0,0.0
2025-07-01,09F,0.0,0.0
2024-05-01,09F,0.0,0.0
2021-10-01,09F,0.0,0.0
2024-07-01,09F,0.0,0.0
2021-07-01,09F,0.0,0.0
2024-08-01,09L,0.0,0.0
2024-05-01,09L,0.0,0.0
2021-12-01,09P,0.0,0.0
2022-01-01,09W,0.0,0.0
2022-11-01,09W,0.0,0.0
2021-12-01,09Y,0.0,0.0
2023-05-01,09Y,0.0,0.0
2025-12-01,10A,0.0,0.0
2022-11-01,10C,0.0,0.0
2026-03-01,10C,0.0,0.0
2022-04-01,10D,0.0,0.0
2025-08-01,10J,0.0,0.0
2023-04-01,10K,0.0,0.0
2022-05-01,10L,0.0,0.0
2025-03-01,10L,0.0,0.0
2026-05-01,10M,0.0,0.0
2024-04-01,10M,0.0,0.0
2025-01-01,10V,0.0,0.0
2025-07-01,10W,0.0,0.0
2024-03-01,10X,0.0,0.0
2022-04-01,11A,0.0,0.0
2023-06-01,11E,0.0,0.0
2023-12-01,11E,0.0,0.0
2023-09-01,11E,0.0,0.0
2024-08-01,11H,0.0,0.0
2026-02-01,11H,0.0,0.0
2025-02-01,11H,0.0,0.0
2024-11-01,12D,0.0,0.0
2022-10-01,13P,0.0,0.0
2022-01-01,13P,0.0,0.0
2024-12-01,13P,0.0,0.0
2022-03-01,99D,0.0,0.0
2025-06-01,99J,0.0,0.0
2022-10-01,99K,0.0,0.0
2026-01-01,99K,0.0,0.0
2025-03-01,99N,0.0,0.0
2021-11-01,D4U1Y,0.0,0.0
2025-01-01,00N,0.0,159.95300000000003
2024-05-01,00N,0.0,159.944
2025-03-01,00V,0.0,212.721
2024-06-01,01X,0.0,202.671
2026-03-01,02E,0.0,230.347
2024-11-01,02M,0.0,187.118
2022-04-01,02P,0.0,265.577
2024-10-01,03R,0.0,399.041
2023-04-01,03W,0.0,355.62399999999985
2024-09-01,06L,0.0,418.01300000000003
2023-10-01,06L,0.0,415.2389999999999
2023-07-01,06T,0.0,372.10099999999994
2023-08-01,06T,0.0,372.4189999999999
2025-04-01,06T,0.0,379.932
2025-08-01,07G,0.0,190.62299999999996
2024-02-01,07H,0.0,332.0830000000001
2022-10-01,07K,0.0,273.31700000000006
2022-10-01,09D,0.0,330.383
2025-09-01,10Q,0.0,828.6480000000001
2025-12-01,15M,0.0,1145.0270000000003
2024-08-01,18C,0.0,831.8440000000003
2024-07-01,18C,0.0,831.106
2023-12-01,78H,0.0,835.8910000000002
2023-06-01,99C,0.0,226.03799999999998
2023-12-01,99C,0.0,227.12400000000005
2024-06-01,00L,175.21275,339.63
2025-06-01,00N,155.09259,159.684
2022-05-01,00N,203.6083,158.79500000000002
2025-03-01,00N,371.30999,159.90900000000002
2025-08-01,00P,62.44976,295.2989999999999
2021-09-01,00T,649.7242799999999,318.6730000000001
2021-10-01,00V,27.76304,208.30200000000002
2024-06-01,00V,162.82393,211.94199999999998
2022-10-01,00X,17.26939,189.12
2021-11-01,01D,347.99379,241.422
2024-09-01,01F,225.84195,136.538
2025-12-01,01G,547.91103,326.41300000000007
2026-02-01,01H,17.20978,337.63300000000004
2023-11-01,01H,140.0762,333.833
2022-02-01,01J,617.82854,170.148
2022-06-01,01J,252.37529,170.274
2023-03-01,01J,40.61304,170.587
2024-06-01,01T,502.01902999999993,160.26399999999998
2022-09-01,01T,33.18136,157.43299999999996
2026-06-01,01T,12.51335,161.68200000000002
2023-08-01,01T,18.64134,158.441
2021-12-01,01Y,422.4402,219.891
2024-04-01,01Y,238.57207999999997,225.65099999999993
2025-04-01,01Y,35.5127,228.77100000000002
2024-07-01,02A,203.07826999999997,249.01500000000001
2021-11-01,02A,341.2657,245.16600000000003
2024-04-01,02A,138.60641,248.67800000000005
2024-05-01,02P,60.59082000000001,269.92199999999997
2023-11-01,02Q,140.33928,125.614
2023-01-01,02X,404.7583,330.94399999999996
2022-02-01,02Y,19.98153,307.857
2023-05-01,03L,53.38108,269.96
2025-06-01,03N,1217.04063,637.181
2024-01-01,03Q,20.92059,253.007
2025-05-01,03Q,17.83417,251.301
2023-11-01,03W,24.38469,357.39899999999994
2021-06-01,05D,16.36142,146.82
2022-11-01,05G,1569.86149,218.327
2023-01-01,05Q,35.02783,219.933
2024-01-01,05V,157.51095,155.231
2024-06-01,05V,226.786,155.76500000000001
2024-08-01,06H,529.40967,1049.7020000000005
2025-02-01,06H,64.27299,1056.564
2021-09-01,06Q,46.62771,403.448
2023-07-01,07G,48.62596,186.662
2025-11-01,07G,71.77319,190.68400000000003
2022-03-01,07K,49.33314,271.263
2023-02-01,09D,23.73945,331.8309999999999
2023-05-01,09D,27.21729,330.84200000000004
2022-02-01,11J,77.21443,819.5670000000001
2023-12-01,11M,41.72103,688.095
2025-07-01,11N,134.55327,605.5609999999999
2023-11-01,11X,182.26262,603.3260000000001
2025-10-01,11X,57.2679,608.5540000000001
2026-02-01,12F,264.71512,346.41099999999994
2021-10-01,13T,331.65013,533.5359999999998
2022-02-01,13T,183.81919000000002,538.52
2023-03-01,15A,109.19424,578.0500000000001
2024-05-01,15A,14.39129,585.6289999999999
2024-10-01,15A,26.45721,587.372
2025-09-01,15C,20.52922,1095.7540000000006
2023-12-01,15F,513.80665,933.8000000000002
2024-08-01,15F,573.79721,936.3109999999997
2021-06-01,15F,1354.7851100000003,898.0770000000006
2024-08-01,15M,40.38143,1138.4599999999996
2025-11-01,16C,295.35605,741.3529999999997
2022-08-01,18C,94.32006,818.5330000000001
2026-06-01,36J,230.8474,664.822
2023-10-01,36J,587.80768,661.0849999999999
2024-05-01,36J,867.20477,667.1250000000001
2022-02-01,36J,473.54099,648.4839999999999
2025-03-01,36L,463.7011,1775.3959999999993
2025-05-01,36L,63.17513,1774.382000000001
2021-07-01,42D,161.07846999999998,551.076
2024-04-01,52R,256.95,1146.1969999999997
2022-09-01,70F,329.70157,927.3549999999999
2023-01-01,70F,200.77663,930.071
2023-06-01,78H,347.69787,827.666
2021-06-01,78H,224.48452,803.3610000000001
2022-10-01,84H,67.52436,561.2559999999999
2023-10-01,92G,164.73629,997.4820000000001
2023-01-01,93C,176.19506,1775.3199999999997
2023-09-01,97R,194.91316999999998,573.7199999999998
2021-07-01,99E,40.98688,284.681
2023-05-01,99E,48.86739,289.34999999999997
2024-03-01,99F,156.89569,187.39600000000002
2025-06-01,99G,172.95999999999998,196.494
2024-06-01,99G,47.22719,195.25199999999998
2023-03-01,99G,23.7373,191.53199999999995
2025-12-01,D2P2L,221.62535,1342.5360000000005
2025-03-01,D9Y0V,1564.9457400000003,1930.2390000000003
2026-04-01,M1J4Y,194.05247999999997,1146.9280000000008
2025-08-01,M1J4Y,347.31362,1149.7580000000003
2022-10-01,M2L0M,23.63498,522.3889999999999
2022-02-01,M2L0M,54.06855,518.6580000000001
2023-12-01,U2G6B,48.80397,492.745
2022-07-01,X2C4Y,1765.94756,451.3460000000002
2021-12-01,X2C4Y,578.9836399999999,449.28100000000006
2024-04-01,00J,0.0,0.0
2022-01-01,00M,0.0,0.0
2022-01-01,01R,0.0,0.0
2021-10-01,01R,0.0,0.0
2023-05-01,02F,0.0,0.0
2024-03-01,02R,0.0,0.0
2023-09-01,02V,0.0,0.0
2023-08-01,02W,0.0,0.0
2025-02-01,02W,0.0,0.0
2026-05-01,03J,0.0,0.0
2022-03-01,03M,0.0,0.0
2026-04-01,03M,0.0,0.0
2026-01-01,03T,0.0,0.0
2025-10-01,03Y,0.0,0.0
2024-10-01,03Y,0.0,0.0
2025-07-01,04D,0.0,0.0
2024-08-01,04D,0.0,0.0
2025-04-01,04D,0.0,0.0
2025-06-01,04D,0.0,0.0
2021-10-01,04E,0.0,0.0
2023-05-01,04F,0.0,0.0
2023-02-01,04F,0.0,0.0
2021-11-01,04F,0.0,0.0
2024-02-01,04G,0.0,0.0
2024-11-01,04G,0.0,0.0
2026-03-01,04G,0.0,0.0
2026-06-01,04J,0.0,0.0
2025-06-01,04K,0.0,0.0
2024-02-01,04K,0.0,0.0
2021-08-01,04M,0.0,0.0
2025-06-01,04Q,0.0,0.0
2021-10-01,04R,0.0,0.0
2022-12-01,04R,0.0,0.0
2023-01-01,04X,0.0,0.0
2025-07-01,04X,0.0,0.0
2022-06-01,05A,0.0,0.0
2024-11-01,05A,0.0,0.0
2025-12-01,05F,0.0,0.0
2026-03-01,05F,0.0,0.0
2024-04-01,05F,0.0,0.0
2021-08-01,05H,0.0,0.0
2023-06-01,05L,0.0,0.0
2026-01-01,05L,0.0,0.0
2022-08-01,05L,0.0,0.0
2022-06-01,05R,0.0,0.0
2023-09-01,05R,0.0,0.0
2022-09-01,05R,0.0,0.0
2025-04-01,05T,0.0,0.0
2024-03-01,05Y,0.0,0.0
2024-02-01,06A,0.0,0.0
2021-12-01,06D,0.0,0.0
2021-07-01,06D,0.0,0.0
2024-03-01,06F,0.0,0.0
2025-11-01,06P,0.0,0.0
2023-12-01,06Y,0.0,0.0
2024-01-01,06Y,0.0,0.0
2026-05-01,06Y,0.0,0.0
2021-11-01,07L,0.0,0.0
2022-01-01,07L,0.0,0.0
2025-11-01,07L,0.0,0.0
2023-01-01,07M,0.0,0.0
2024-11-01,07N,0.0,0.0
2025-10-01,07N,0.0,0.0
2022-06-01,07N,0.0,0.0
2024-06-01,07P,0.0,0.0
2026-06-01,07P,0.0,0.0
2026-05-01,07R,0.0,0.0
2024-07-01,07R,0.0,0.0
2024-02-01,07R,0.0,0.0
2025-11-01,07T,0.0,0.0
2024-12-01,07V,0.0,0.0
2021-08-01,07X,0.0,0.0
2021-10-01,08A,0.0,0.0
2023-12-01,08C,0.0,0.0
2021-09-01,08E,0.0,0.0
2023-05-01,08E,0.0,0.0
2021-12-01,08E,0.0,0.0
2026-06-01,08F,0.0,0.0
2023-12-01,08G,0.0,0.0
2024-07-01,08G,0.0,0.0
2022-03-01,08H,0.0,0.0
2023-06-01,08J,0.0,0.0
2021-11-01,08K,0.0,0.0
2023-03-01,08L,0.0,0.0
2021-11-01,08L,0.0,0.0
2025-09-01,08L,0.0,0.0
2021-12-01,08M,0.0,0.0
2023-10-01,08N,0.0,0.0
2024-02-01,08Q,0.0,0.0
2021-11-01,08R,0.0,0.0
2026-06-01,08R,0.0,0.0
2022-08-01,08R,0.0,0.0
2023-05-01,08W,0.0,0.0
2025-02-01,08W,0.0,0.0
2022-04-01,08X,0.0,0.0
2024-10-01,08X,0.0,0.0
2022-03-01,08X,0.0,0.0
2022-12-01,09A,0.0,0.0
2021-08-01,09A,0.0,0.0
2025-08-01,09A,0.0,0.0
2025-02-01,09E,0.0,0.0
2021-09-01,09E,0.0,0.0
2024-09-01,09G,0.0,0.0
2025-02-01,09G,0.0,0.0
2025-02-01,09L,0.0,0.0
2022-08-01,09P,0.0,0.0
2021-12-01,09W,0.0,0.0
2024-08-01,09W,0.0,0.0
2025-11-01,10C,0.0,0.0
2025-03-01,10C,0.0,0.0
2024-03-01,10K,0.0,0.0
2024-11-01,10L,0.0,0.0
2024-11-01,10M,0.0,0.0
2024-05-01,10M,0.0,0.0
2023-05-01,10M,0.0,0.0
2023-11-01,10V,0.0,0.0
2023-02-01,10W,0.0,0.0
2024-08-01,10X,0.0,0.0
2022-12-01,11A,0.0,0.0
2022-12-01,11E,0.0,0.0
2026-04-01,11E,0.0,0.0
2021-06-01,11T,0.0,0.0
2021-06-01,13P,0.0,0.0
2021-06-01,15D,0.0,0.0
2022-03-01,15D,0.0,0.0
2025-05-01,99D,0.0,0.0
2024-12-01,99H,0.0,0.0
2025-04-01,99J,0.0,0.0
2023-01-01,99K,0.0,0.0
2024-11-01,99M,0.0,0.0
2024-04-01,99N,0.0,0.0
2021-07-01,99N,0.0,0.0
2025-01-01,99P,0.0,0.0
2021-06-01,99P,0.0,0.0
2022-06-01,99Q,0.0,0.0
2023-05-01,99Q,0.0,0.0
2023-11-01,99Q,0.0,0.0
2023-03-01,D4U1Y,0.0,0.0
2023-12-01,00P,0.0,293.1290000000001
2025-04-01,00Q,0.0,187.77900000000002
2024-07-01,00R,0.0,179.00099999999995
2022-07-01,02E,0.0,224.441
2021-08-01,02E,0.0,221.82799999999995
2021-09-01,02E,0.0,222.22400000000005
2023-03-01,02M,0.0,184.238
2023-10-01,02Q,0.0,125.40899999999999
2025-08-01,02Q,0.0,128.75300000000001
2026-03-01,02T,0.0,225.426
2023-06-01,02T,0.0,223.57300000000004
2026-06-01,02X,0.0,340.4739999999999
2023-08-01,03F,0.0,311.681
2023-04-01,03L,0.0,269.67
2024-09-01,04C,0.0,449.012
2022-10-01,05D,0.0,149.307
2023-12-01,05Q,0.0,221.049
2024-03-01,06H,0.0,1046.3629999999998
2022-09-01,06L,0.0,411.828
2021-12-01,06Q,0.0,404.099
2025-06-01,06T,0.0,380.252
2026-06-01,07G,0.0,189.26299999999998
2024-10-01,10Q,0.0,824.3899999999999
2025-12-01,10R,0.0,234.704
2026-03-01,11N,0.0,604.8580000000001
2022-01-01,14Y,0.0,577.3669999999998
2025-12-01,14Y,0.0,598.123
2024-09-01,14Y,0.0,594.914
2025-08-01,18C,0.0,834.4800000000001
2026-02-01,36J,0.0,668.1709999999999
2024-12-01,52R,0.0,1155.5859999999998
2022-08-01,99G,0.0,190.59199999999998
2022-05-01,99G,0.0,190.50299999999996
2021-10-01,99G,0.0,190.295
2023-11-01,00L,216.44396,337.598
2022-04-01,00L,300.48906,333.34600000000006
2022-06-01,00N,32.09997,158.89200000000002
2021-07-01,00N,82.4307,158.731
2023-08-01,00N,206.33239,159.495
2023-02-01,00T,483.43987000000004,323.351
2023-05-01,00Y,277.4092,264.602
2021-09-01,01A,39.87782,393.80300000000005
2026-05-01,01D,73.67815,253.50599999999997
2023-04-01,01E,9.85859,226.213
2025-09-01,01H,37.54282,337.61400000000003
2022-08-01,01K,68.03769,354.21999999999986
2026-03-01,01T,95.6255,161.559
2025-12-01,01T,398.76712,161.70200000000003
2024-05-01,01Y,177.31115,226.18999999999997
2023-09-01,01Y,61.882020000000004,223.39800000000002
2022-06-01,02A,43.78433,246.1579999999999
2025-03-01,02G,393.73215000000005,118.27600000000001
2024-12-01,02G,130.57969,118.28399999999999
2021-06-01,02P,23.28034,264.502
2023-04-01,02P,19.42238,267.54
2023-04-01,02X,408.00097999999997,331.898
2025-05-01,02Y,38.75132,318.4239999999999
2025-04-01,02Y,121.00462999999999,318.217
2026-03-01,03F,137.83818,313.619
2026-03-01,03K,171.42388000000003,184.83699999999996
2021-08-01,03K,99.10482999999999,183.16499999999996
2025-12-01,03Q,65.64248,250.19000000000005
2025-09-01,03Q,34.41143,248.40400000000002
2023-03-01,03Q,38.350939999999994,251.104
2023-12-01,03Q,132.8858,252.75799999999998
2023-01-01,04Y,153.30991,136.829
2023-11-01,05D,296.64514,152.16
2024-07-01,05G,418.54442000000006,231.13099999999994
2021-11-01,05G,949.84779,217.87300000000002
2021-10-01,05Q,39.85851,217.56399999999996
2021-09-01,05Q,37.05293,217.281
2022-02-01,05V,160.82917000000003,151.992
2025-10-01,05V,44.5284,157.207
2023-07-01,05W,349.15429000000006,292.29499999999996
2023-11-01,06H,179.39057,1042.8670000000006
2026-02-01,06H,73.09565,1057.3400000000001
2024-12-01,06K,101.5,635.3830000000003
2026-06-01,06K,150.64,635.497
2025-09-01,06L,12.11059,420.484
2022-02-01,07H,58.64965,324.363
2023-02-01,07K,60.443929999999995,274.4839999999999
2024-10-01,07K,33.47,279.582
2025-06-01,09D,26.61,332.434
2021-06-01,09D,23.29274,324.74299999999994
2025-08-01,10Q,18.60016,827.9229999999999
2024-11-01,11J,42.36479,833.011
2024-04-01,11N,78.82809,603.5229999999999
2025-06-01,11X,105.94542000000001,608.167
2026-06-01,11X,98.20385,605.0620000000002
2025-03-01,14L,1259.1391200000003,750.9790000000002
2023-07-01,14L,1640.2185799999997,719.1779999999999
2021-11-01,15A,78.88445,564.952
2025-06-01,15F,498.34417,942.8490000000004
2025-03-01,15M,54.12789,1142.17
2022-02-01,15N,413.0226,1270.2069999999999
2022-06-01,16C,708.06859,719.245
2025-05-01,27D,35.96599,822.8799999999999
2025-11-01,27D,4.27669,824.6989999999998
2025-06-01,27D,96.97461,823.2049999999999
2022-09-01,42D,288.96211999999997,557.572
2024-11-01,52R,32.80891,1155.2590000000002
2024-08-01,52R,39.74137,1146.574
2025-11-01,71E,451.14691000000005,825.0330000000001
2023-10-01,72Q,194.05510999999998,2089.440000000001
2025-10-01,72Q,230.50921,2126.2280000000005
2024-11-01,72Q,654.02467,2121.6969999999997
2024-05-01,78H,177.69879,842.132
2025-10-01,78H,150.34149,852.8939999999999
2024-05-01,84H,665.13617,566.6680000000001
2021-12-01,92A,299.25425,1269.7200000000005
2021-07-01,92G,107.25102,971.8130000000002
2025-05-01,92G,59.520849999999996,1012.4049999999996
2022-06-01,99C,83.58976,224.577
2026-05-01,99C,56.670820000000006,229.23000000000002
2026-04-01,99C,427.52290000000005,229.36700000000002
2026-05-01,99E,95.97041,295.89399999999995
2025-11-01,99E,47.98287,296.375
2022-03-01,99F,150.2688,186.184
2023-04-01,A3A8R,531.0927700000001,2409.8649999999993
2025-06-01,A3A8R,1729.7141000000001,2479.3370000000004
2025-03-01,B2M3M,28.29238,1119.5379999999996
2025-09-01,B2M3M,52.93892,1118.0510000000004
2023-03-01,M2L0M,84.74445,524.3079999999999
2023-09-01,U2G6B,281.95888,489.5049999999999
2026-03-01,U2G6B,84.48621,500.18200000000013
2023-06-01,W2U3Z,133.85094999999998,2839.2509999999966
2021-06-01,W2U3Z,619.03093,2679.0050000000015
2024-12-01,00D,0.0,0.0
2023-12-01,00D,0.0,0.0
2023-05-01,00K,0.0,0.0
2026-02-01,00M,0.0,0.0
2023-03-01,00M,0.0,0.0
2024-09-01,01R,0.0,0.0
2022-12-01,01R,0.0,0.0
2026-06-01,01R,0.0,0.0
2025-03-01,02V,0.0,0.0
2022-10-01,02V,0.0,0.0
2022-05-01,02V,0.0,0.0
2024-05-01,02W,0.0,0.0
2022-04-01,03A,0.0,0.0
2021-12-01,03J,0.0,0.0
2026-04-01,03J,0.0,0.0
2026-01-01,03M,0.0,0.0
2021-07-01,03M,0.0,0.0
2023-01-01,03T,0.0,0.0
2024-01-01,03T,0.0,0.0
2021-08-01,03Y,0.0,0.0
2026-06-01,03Y,0.0,0.0
2025-01-01,03Y,0.0,0.0
2022-01-01,04D,0.0,0.0
2022-03-01,04D,0.0,0.0
2025-07-01,04E,0.0,0.0
2024-09-01,04E,0.0,0.0
2024-01-01,04G,0.0,0.0
2023-03-01,04H,0.0,0.0
2023-09-01,04J,0.0,0.0
2025-11-01,04J,0.0,0.0
2022-10-01,04K,0.0,0.0
2025-04-01,04L,0.0,0.0
2025-06-01,04M,0.0,0.0
2023-10-01,04M,0.0,0.0
2021-10-01,04M,0.0,0.0
2022-02-01,04Q,0.0,0.0
2022-09-01,04X,0.0,0.0
2024-05-01,05C,0.0,0.0
2023-06-01,05F,0.0,0.0
2023-04-01,05R,0.0,0.0
2023-10-01,05T,0.0,0.0
2024-04-01,05X,0.0,0.0
2025-11-01,05X,0.0,0.0
2025-12-01,05X,0.0,0.0
2023-09-01,05Y,0.0,0.0
2025-11-01,05Y,0.0,0.0
2023-09-01,06D,0.0,0.0
2021-08-01,06D,0.0,0.0
2021-09-01,06D,0.0,0.0
2023-06-01,06D,0.0,0.0
2026-06-01,06D,0.0,0.0
2025-10-01,06F,0.0,0.0
2024-02-01,06F,0.0,0.0
2023-08-01,06F,0.0,0.0
2026-04-01,06M,0.0,0.0
2024-06-01,07L,0.0,0.0
2025-04-01,07M,0.0,0.0
2025-03-01,07M,0.0,0.0
2024-12-01,07N,0.0,0.0
2021-07-01,07P,0.0,0.0
2025-01-01,07R,0.0,0.0
2022-04-01,07T,0.0,0.0
2025-01-01,07V,0.0,0.0
2025-05-01,07W,0.0,0.0
2021-06-01,07W,0.0,0.0
2026-01-01,07Y,0.0,0.0
2023-06-01,08A,0.0,0.0
2021-12-01,08C,0.0,0.0
2023-03-01,08D,0.0,0.0
2024-12-01,08D,0.0,0.0
2023-02-01,08D,0.0,0.0
2024-01-01,08H,0.0,0.0
2022-05-01,08K,0.0,0.0
2024-03-01,08K,0.0,0.0
2024-07-01,08K,0.0,0.0
2023-06-01,08K,0.0,0.0
2023-11-01,08M,0.0,0.0
2025-06-01,08M,0.0,0.0
2021-12-01,08Q,0.0,0.0
2025-01-01,08Q,0.0,0.0
2023-12-01,08R,0.0,0.0
2023-07-01,08R,0.0,0.0
2024-02-01,08V,0.0,0.0
2022-04-01,08V,0.0,0.0
2025-01-01,08W,0.0,0.0
2023-06-01,08X,0.0,0.0
2021-07-01,09A,0.0,0.0
2025-11-01,09A,0.0,0.0
2023-07-01,09C,0.0,0.0
2022-03-01,09E,0.0,0.0
2026-02-01,09F,0.0,0.0
2025-09-01,09F,0.0,0.0
2024-06-01,09G,0.0,0.0
2022-09-01,09P,0.0,0.0
2025-11-01,09W,0.0,0.0
2024-10-01,09Y,0.0,0.0
2026-04-01,10A,0.0,0.0
2024-05-01,10C,0.0,0.0
2023-02-01,10D,0.0,0.0
2024-03-01,10E,0.0,0.0
2026-05-01,10E,0.0,0.0
2023-05-01,10E,0.0,0.0
2024-11-01,10E,0.0,0.0
2024-08-01,10J,0.0,0.0
2024-05-01,10K,0.0,0.0
2021-07-01,10K,0.0,0.0
2025-09-01,10L,0.0,0.0
2025-11-01,10L,0.0,0.0
2024-03-01,10M,0.0,0.0
2025-04-01,10V,0.0,0.0
2023-01-01,10W,0.0,0.0
2023-10-01,10X,0.0,0.0
2025-10-01,11A,0.0,0.0
2025-08-01,11H,0.0,0.0
2024-05-01,11H,0.0,0.0
2023-01-01,11H,0.0,0.0
2021-12-01,11T,0.0,0.0
2024-03-01,12D,0.0,0.0
2023-09-01,13P,0.0,0.0
2024-05-01,13P,0.0,0.0
2025-04-01,99D,0.0,0.0
2021-11-01,99D,0.0,0.0
2023-06-01,99D,0.0,0.0
2026-05-01,99D,0.0,0.0
2026-01-01,99J,0.0,0.0
2026-06-01,99K,0.0,0.0
2026-02-01,99K,0.0,0.0
2023-08-01,99K,0.0,0.0
2021-08-01,99M,0.0,0.0
2022-07-01,99M,0.0,0.0
2022-02-01,99P,0.0,0.0
2024-07-01,99Q,0.0,0.0
2024-08-01,D4U1Y,0.0,0.0
2025-12-01,00R,0.0,178.559
2022-05-01,00R,0.0,176.47199999999998
2024-08-01,01K,0.0,355.693
2026-04-01,01V,0.0,128.58
2026-04-01,01W,0.0,330.7150000000001
2024-12-01,01X,0.0,203.51099999999997
2025-11-01,01X,0.0,204.37800000000004
2025-04-01,01X,0.0,203.72100000000003
2023-01-01,02A,0.0,247.85700000000003
2023-08-01,02H,0.0,345.0129999999999
2021-09-01,02M,0.0,181.587
2025-02-01,02M,0.0,187.325
2021-09-01,02Q,0.0,121.231
2025-09-01,02Q,0.0,128.853
2023-02-01,02T,0.0,223.28799999999998
2022-03-01,02T,0.0,222.38600000000005
2023-02-01,03L,0.0,269.06
2025-10-01,03W,0.0,362.04100000000005
2026-03-01,04V,0.0,425.40900000000005
2024-05-01,05D,0.0,153.53900000000002
2025-06-01,06L,0.0,419.643
2023-03-01,06L,0.0,413.188
2024-08-01,06L,0.0,417.711
2023-08-01,07K,0.0,275.577
2024-04-01,07K,0.0,277.84
2023-10-01,10Q,0.0,813.1829999999999
2025-02-01,10R,0.0,235.72199999999998
2025-05-01,11M,0.0,696.8440000000002
2024-03-01,14Y,0.0,590.1120000000001
2025-06-01,15A,0.0,590.206
2025-12-01,18C,0.0,835.238
2024-05-01,97R,0.0,575.6719999999999
2023-11-01,99C,0.0,227.10099999999997
2024-12-01,00L,108.57336000000001,341.42300000000006
2023-04-01,00P,64.46743,290.14000000000004
2024-09-01,00P,101.53343,295.091
2022-07-01,00Q,152.10251,181.615
2026-04-01,00Q,67.73737,188.344
2025-05-01,00Q,40.39197,187.90400000000005
2024-11-01,00T,122.95649,333.308
2022-08-01,00T,598.9066,321.46200000000016
2024-08-01,00V,105.04919999999998,212.327
2024-07-01,00V,443.51198000000005,212.09
2022-03-01,00V,119.85086,208.676
2023-07-01,00X,45.55958,190.29200000000003
2024-09-01,01D,201.75067,251.52499999999998
2026-02-01,01F,208.9823,135.91400000000002
2023-02-01,01G,240.74483,308.63599999999997
2022-10-01,01G,26.85072,305.56
2024-04-01,01H,66.14741000000001,334.496
2023-04-01,01H,432.90779,332.0649999999999
2021-09-01,01H,43.9556,328.359
2021-06-01,01J,282.27873,168.955
2024-06-01,01K,63.1536,356.352
2022-10-01,01W,96.08991,322.295
2024-08-01,01W,68.17496,328.11600000000004
2024-07-01,01Y,117.15074,226.97299999999998
2025-11-01,02G,639.8542199999999,118.69100000000002
2024-12-01,02M,23.92012,187.28800000000004
2023-12-01,02P,50.29850999999999,269.11499999999995
2026-06-01,02Q,20.74217,128.88899999999998
2022-10-01,03F,159.10407,307.56899999999996
2024-10-01,03L,23.61361,274.798
2023-02-01,04C,54.987930000000006,435.49099999999993
2023-06-01,04C,22.11503,438.4310000000001
2024-01-01,04V,83.49433,418.43
2024-03-01,04V,367.62189,419.5489999999999
2024-01-01,05G,449.85079,231.20999999999995
2023-07-01,05G,341.39430999999996,230.32199999999997
2026-04-01,05G,169.07766,230.94300000000007
2022-02-01,05Q,69.54999000000001,218.018
2025-08-01,05Q,27.01964,223.84299999999996
2024-07-01,05Q,180.03921,221.97699999999998
2021-10-01,05V,95.78529,151.477
2021-06-01,05V,103.95754999999998,151.016
2023-06-01,05V,111.46305999999998,154.185
2022-08-01,05W,1436.14364,298.91
2025-12-01,05W,97.70096000000001,301.381
2025-01-01,05W,560.57078,300.23600000000005
2021-06-01,06H,108.87435999999998,996.9649999999998
2022-05-01,06H,25.9632,1014.804
2021-08-01,06L,37.56948,408.668
2023-03-01,07H,23.7373,327.7210000000001
2025-01-01,07H,16.67208,335.64199999999994
2022-02-01,07K,83.95835000000001,271.036
2025-08-01,09D,26.61,331.3759999999999
2026-03-01,10R,113.11131,233.08200000000002
2024-09-01,11J,130.85031,831.872
2025-06-01,11M,56.56951,697.1629999999999
2022-04-01,11N,75.29847,597.6120000000002
2022-06-01,13T,461.33999,539.6719999999999
2024-05-01,13T,328.51717,556.7230000000001
2024-12-01,15C,47.51089999999999,1094.976
2026-04-01,15C,73.543,1094.8770000000006
2024-08-01,15E,2311.08281,1632.4490000000008
2021-12-01,15M,23.34886,1106.741
2021-08-01,15M,54.37773,1103.9910000000002
2024-11-01,15N,462.28001,1298.1570000000004
2026-01-01,16C,226.85029000000003,741.0749999999999
2023-11-01,18C,24.59709,826.8870000000001
2022-10-01,18C,76.2245,819.9910000000001
2022-12-01,26A,135.3159,1087.8489999999997
2024-02-01,27D,91.07866999999999,814.117
2025-10-01,36J,708.4508,669.723
2023-09-01,36L,233.99079,1756.1100000000013
2024-10-01,36L,488.75031999999993,1771.8319999999999
2024-10-01,42D,25.52478,567.0070000000001
2022-05-01,52R,530.9342,1120.2810000000006
2023-12-01,72Q,384.48261,2098.2530000000006
2023-11-01,72Q,1335.2466200000003,2094.9519999999998
2024-05-01,72Q,563.57372,2111.416000000001
2025-08-01,78H,25.15652,851.9109999999997
2023-10-01,91Q,193.37763999999999,2002.471000000001
2023-12-01,91Q,384.61210000000005,2008.528
2024-11-01,92A,267.41363,1302.9830000000002
2023-02-01,92G,86.32078999999999,991.5479999999998
2024-05-01,93C,227.48404,1811.209
2023-01-01,97R,107.00443,570.7800000000001
2025-11-01,97R,23.99764,577.3729999999999
2024-02-01,97R,24.44311,574.7199999999999
2024-12-01,99A,611.5106999999999,597.3089999999996
2024-11-01,99A,1351.3307899999998,596.6610000000001
2021-09-01,99A,791.15482,557.2099999999998
2021-11-01,99C,19.90763,223.88300000000007
2023-07-01,99E,24.31298,290.1239999999999
2022-01-01,99E,130.49117,285.327
2025-01-01,99E,47.533730000000006,295.33299999999997
2022-09-01,99F,152.06913,186.782
2021-09-01,A3A8R,788.7430600000001,2319.1530000000007
2026-04-01,A3A8R,678.4226199999999,2468.907
2025-05-01,B2M3M,277.77898,1118.2830000000001
2025-07-01,D2P2L,151.67003,1343.6340000000002
2026-06-01,D2P2L,1212.05157,1334.9619999999998
2022-04-01,D9Y0V,524.13226,1893.738999999999
2022-06-01,M1J4Y,733.89419,1081.0540000000003
2022-01-01,M2L0M,64.18846,518.2719999999999
2022-02-01,W2U3Z,869.25648,2757.5840000000007
2025-12-01,00J,0.0,0.0
2025-07-01,00K,0.0,0.0
2023-12-01,01R,0.0,0.0
2021-12-01,02F,0.0,0.0
2022-03-01,02F,0.0,0.0
2025-05-01,02V,0.0,0.0
2021-08-01,02V,0.0,0.0
2024-05-01,02V,0.0,0.0
2022-06-01,02W,0.0,0.0
2025-08-01,03A,0.0,0.0
2023-06-01,03A,0.0,0.0
2025-03-01,03A,0.0,0.0
2025-08-01,03Y,0.0,0.0
2023-08-01,03Y,0.0,0.0
2022-05-01,04D,0.0,0.0
2023-05-01,04E,0.0,0.0
2023-07-01,04E,0.0,0.0
2023-03-01,04G,0.0,0.0
2026-05-01,04H,0.0,0.0
2026-04-01,04H,0.0,0.0
2023-11-01,04H,0.0,0.0
2025-11-01,04K,0.0,0.0
2025-03-01,04L,0.0,0.0
2023-08-01,04M,0.0,0.0
2021-06-01,04Q,0.0,0.0
2023-01-01,04Q,0.0,0.0
2024-01-01,04R,0.0,0.0
2026-01-01,04R,0.0,0.0
2026-03-01,04X,0.0,0.0
2022-01-01,04X,0.0,0.0
2026-04-01,04X,0.0,0.0
2025-02-01,05A,0.0,0.0
2022-12-01,05A,0.0,0.0
2022-04-01,05F,0.0,0.0
2024-05-01,05H,0.0,0.0
2025-07-01,05H,0.0,0.0
2024-04-01,05L,0.0,0.0
2025-03-01,05N,0.0,0.0
2022-02-01,05N,0.0,0.0
2025-12-01,05N,0.0,0.0
2024-08-01,05R,0.0,0.0
2025-01-01,05R,0.0,0.0
2024-10-01,05T,0.0,0.0
2022-12-01,05X,0.0,0.0
2024-05-01,05Y,0.0,0.0
2021-11-01,05Y,0.0,0.0
2022-10-01,05Y,0.0,0.0
2023-01-01,05Y,0.0,0.0
2024-01-01,06A,0.0,0.0
2026-03-01,06A,0.0,0.0
2022-08-01,06D,0.0,0.0
2021-11-01,06M,0.0,0.0
2024-04-01,06W,0.0,0.0
2021-06-01,06W,0.0,0.0
2023-12-01,06W,0.0,0.0
2023-03-01,06W,0.0,0.0
2025-04-01,06Y,0.0,0.0
2025-02-01,07L,0.0,0.0
2023-04-01,07N,0.0,0.0
2025-06-01,07P,0.0,0.0
2025-09-01,07R,0.0,0.0
2023-10-01,07T,0.0,0.0
2023-08-01,07W,0.0,0.0
2023-09-01,07X,0.0,0.0
2026-02-01,07X,0.0,0.0
2023-05-01,08A,0.0,0.0
2024-02-01,08A,0.0,0.0
2025-02-01,08C,0.0,0.0
2026-06-01,08C,0.0,0.0
2022-07-01,08D,0.0,0.0
2022-06-01,08E,0.0,0.0
2023-12-01,08E,0.0,0.0
2026-03-01,08F,0.0,0.0
2022-08-01,08F,0.0,0.0
2023-07-01,08F,0.0,0.0
2023-09-01,08H,0.0,0.0
2025-03-01,08H,0.0,0.0
2025-09-01,08H,0.0,0.0
2022-06-01,08J,0.0,0.0
2022-10-01,08K,0.0,0.0
2024-05-01,08L,0.0,0.0
2026-04-01,08M,0.0,0.0
2024-05-01,08M,0.0,0.0
2025-03-01,08M,0.0,0.0
2022-06-01,08M,0.0,0.0
2023-04-01,08Q,0.0,0.0
2022-05-01,08V,0.0,0.0
2023-08-01,08V,0.0,0.0
2022-03-01,08W,0.0,0.0
2024-01-01,08W,0.0,0.0
2024-11-01,08Y,0.0,0.0
2025-10-01,09A,0.0,0.0
2021-06-01,09A,0.0,0.0
2022-04-01,09C,0.0,0.0
2025-11-01,09C,0.0,0.0
2023-12-01,09E,0.0,0.0
2024-08-01,09F,0.0,0.0
2022-08-01,09G,0.0,0.0
2021-06-01,09J,0.0,0.0
2025-07-01,09J,0.0,0.0
2025-05-01,09J,0.0,0.0
2023-01-01,09J,0.0,0.0
2025-03-01,09J,0.0,0.0
2026-04-01,09P,0.0,0.0
2021-11-01,09W,0.0,0.0
2024-11-01,09W,0.0,0.0
2026-02-01,09W,0.0,0.0
2022-07-01,09W,0.0,0.0
2024-07-01,10A,0.0,0.0
2022-08-01,10D,0.0,0.0
2022-05-01,10E,0.0,0.0
2023-08-01,10J,0.0,0.0
2023-06-01,10J,0.0,0.0
2026-04-01,10L,0.0,0.0
2022-09-01,10L,0.0,0.0
2023-01-01,10X,0.0,0.0
2021-10-01,10X,0.0,0.0
2023-04-01,11A,0.0,0.0
2026-04-01,11A,0.0,0.0
2022-06-01,11A,0.0,0.0
2021-09-01,11A,0.0,0.0
2025-02-01,11E,0.0,0.0
2024-02-01,11E,0.0,0.0
2022-03-01,11H,0.0,0.0
2023-03-01,11H,0.0,0.0
2023-08-01,11H,0.0,0.0
2025-07-01,11T,0.0,0.0
2024-05-01,12D,0.0,0.0
2022-11-01,15D,0.0,0.0
2022-08-01,99H,0.0,0.0
2023-11-01,99K,0.0,0.0
2021-10-01,99M,0.0,0.0
2024-01-01,99N,0.0,0.0
2023-03-01,99N,0.0,0.0
2021-11-01,99P,0.0,0.0
2021-09-01,D4U1Y,0.0,0.0
2025-03-01,D4U1Y,0.0,0.0
2022-09-01,00P,0.0,287.164
2023-04-01,00Q,0.0,183.00499999999997
2022-06-01,00V,0.0,209.172
2023-10-01,00X,0.0,190.94499999999996
2021-07-01,00X,0.0,187.394
2024-09-01,01A,0.0,409.374
2025-05-01,01D,0.0,252.65200000000002
2025-05-01,01G,0.0,322.808
2021-08-01,01W,0.0,318.944
2024-01-01,01X,0.0,201.71099999999996
2023-06-01,02E,0.0,226.83100000000002
2022-10-01,02G,0.0,116.20300000000003
2023-05-01,02M,0.0,184.33500000000004
2026-04-01,02Q,0.0,128.883
2026-01-01,02Q,0.0,129.00400000000002
2025-06-01,02Y,0.0,318.57
2022-06-01,03F,0.0,306.8279999999999
2023-10-01,04V,0.0,416.24
2022-09-01,04Y,0.0,136.53200000000004
2026-06-01,05D,0.0,154.74099999999999
2023-11-01,06L,0.0,415.4269999999999
2024-10-01,06Q,0.0,420.827
2025-03-01,06T,0.0,379.65700000000004
2024-08-01,06T,0.0,377.16600000000005
2025-06-01,07H,0.0,336.956
2022-04-01,09D,0.0,329.655
2021-12-01,10Q,0.0,792.0729999999995
2023-07-01,10Q,0.0,808.524
2024-05-01,11M,0.0,691.4489999999997
2026-04-01,15A,0.0,586.8720000000001
2024-08-01,26A,0.0,1096.9879999999998
2026-05-01,26A,0.0,1098.9649999999997
2024-06-01,99F,0.0,187.646
2024-09-01,99G,0.0,195.85300000000004
2021-12-01,99G,0.0,190.403
2024-02-01,M2L0M,0.0,531.1429999999998
2025-05-01,U2G6B,0.0,502.392
2023-06-01,00L,93.61047,336.178
2025-05-01,00L,40.37957,342.1389999999999
2021-12-01,00P,84.48413,285.70699999999994
2022-02-01,00P,161.20087,286.005
2025-06-01,00Q,20.52945,188.05999999999997
2022-01-01,00T,1110.1608,319.3729999999999
2022-04-01,00V,77.9776,208.875
2024-09-01,00X,95.64326,192.985
2024-11-01,00Y,72.55695,269.583
2025-04-01,00Y,144.19441,269.252
2021-10-01,01D,364.86760000000004,241.32900000000006
2021-11-01,01G,227.68352000000002,297.66
2025-01-01,01H,222.88522,336.5210000000001
2022-05-01,01T,99.25034,157.12900000000002
2024-12-01,01T,325.46029999999996,160.94000000000003
2024-09-01,01T,540.01649,160.5
2023-03-01,01V,275.15605,126.998
2022-03-01,01Y,270.69353,220.32599999999996
2021-08-01,01Y,93.51785,219.357
2025-11-01,02A,26.85495,249.25199999999998
2024-08-01,02A,149.88532,249.366
2022-07-01,02G,111.39404,115.735
2025-02-01,02G,113.13221,118.32400000000003
2022-09-01,02M,20.24821,183.409
2021-09-01,02X,278.45489999999995,327.0609999999999
2023-11-01,03H,66.22347,173.256
2024-05-01,03K,38.09301,184.932
2023-10-01,03L,63.42452,271.60400000000004
2024-04-01,03N,1428.50347,638.435
2024-07-01,03Q,32.35249,251.076
2025-10-01,04Y,119.99727000000001,140.734
2023-09-01,04Y,55.931700000000006,138.941
2025-07-01,04Y,130.43979,140.722
2022-09-01,05G,787.86551,217.64699999999996
2025-11-01,05Q,321.66576,224.096
2023-08-01,06H,307.77511,1038.1129999999994
2022-02-01,06K,263.31521,617.0379999999999
2026-01-01,06K,75.32,637.622
2024-08-01,06K,108.93,633.415
2024-07-01,06N,755.5585599999999,689.499
2025-02-01,06N,691.34099,692.7379999999999
2024-07-01,07G,108.49073,190.23999999999998
2022-08-01,07K,47.3065,272.72
2021-06-01,07K,27.12311,268.812
2021-10-01,07K,36.245999999999995,270.202
2023-05-01,10R,26.13494,233.97200000000004
2023-04-01,10R,103.78329,233.876
2023-06-01,11J,154.17812,825.6839999999999
2022-05-01,11J,37.17985,820.1640000000003
2022-04-01,11J,169.19833,820.0510000000002
2025-08-01,11M,211.76145,697.7499999999999
2023-05-01,11N,153.93497,600.384
2022-09-01,11X,179.65763,597.4800000000002
2026-03-01,12F,161.26489,346.264
2025-02-01,12F,67.91314,346.039
2025-01-01,13T,408.52503,561.1360000000003
2024-08-01,14L,911.79918,740.3690000000005
2024-09-01,14L,1380.6989200000003,740.6349999999996
2023-06-01,14Y,13.32667,585.048
2022-02-01,15A,79.17741,568.073
2024-01-01,15C,307.36257,1084.838
2024-03-01,15F,625.76964,936.2069999999999
2026-02-01,15N,217.60034,1296.7090000000003
2026-03-01,16C,722.99831,740.444
2024-09-01,16C,1539.7115,736.404
2025-07-01,16C,500.99354,739.8950000000001
2025-02-01,16C,1081.86681,739.0449999999998
2024-02-01,18C,56.13543,828.155
2022-02-01,27D,211.10308,795.7109999999999
2023-03-01,27D,254.14622,805.9350000000003
2024-10-01,36J,595.39606,669.6800000000002
2024-12-01,36J,1142.20521,670.2120000000001
2023-03-01,52R,108.12593,1136.417
2021-11-01,70F,91.3053,918.7299999999998
2022-11-01,84H,772.65613,563.086
2022-03-01,91Q,214.14969000000002,1962.406
2025-07-01,91Q,189.94979,2040.3909999999998
2022-07-01,92G,317.91247,983.5339999999997
2023-04-01,92G,23.83716,992.6470000000005
2021-10-01,92G,247.31101999999998,974.5059999999999
2022-02-01,92G,33.34109,979.2920000000007
2026-02-01,92G,23.9968,1012.3499999999999
2023-12-01,93C,647.19335,1803.9670000000006
2022-08-01,93C,299.97512,1754.8839999999998
2025-06-01,93C,311.73652000000004,1836.1329999999994
2022-01-01,97R,93.58831,566.541
2021-10-01,99A,780.49032,559.7760000000002
2024-07-01,99C,66.22739,227.93500000000003
2025-09-01,99C,89.8321,229.18899999999994
2024-05-01,99E,143.27846,293.2870000000001
2022-06-01,99E,47.3797,286.357
2022-08-01,B2M3M,458.64144,1056.6419999999998
2025-10-01,D9Y0V,274.06969000000004,1932.8149999999996
2021-09-01,M1J4Y,422.56444999999997,1064.649
2024-05-01,M1J4Y,637.9391499999999,1134.7739999999992
2024-03-01,W2U3Z,315.08950000000004,2883.475999999997
2023-05-01,W2U3Z,283.66442,2835.638000000001
2023-10-01,X2C4Y,1382.02421,457.0299999999999
2024-08-01,00D,0.0,0.0
2023-09-01,00K,0.0,0.0
2025-07-01,00M,0.0,0.0
2022-07-01,00M,0.0,0.0
2024-10-01,00M,0.0,0.0
2023-08-01,01R,0.0,0.0
2025-02-01,02F,0.0,0.0
2022-10-01,02R,0.0,0.0
2026-03-01,02V,0.0,0.0
2024-11-01,02V,0.0,0.0
2026-05-01,02V,0.0,0.0
2025-08-01,02W,0.0,0.0
2023-10-01,02W,0.0,0.0
2024-03-01,03J,0.0,0.0
2026-02-01,03M,0.0,0.0
2024-07-01,03T,0.0,0.0
2023-05-01,03T,0.0,0.0
2023-10-01,03Y,0.0,0.0
2023-01-01,03Y,0.0,0.0
2024-07-01,04D,0.0,0.0
2026-04-01,04E,0.0,0.0
2025-06-01,04H,0.0,0.0
2023-06-01,04J,0.0,0.0
2026-05-01,04J,0.0,0.0
2024-08-01,04J,0.0,0.0
2024-09-01,04K,0.0,0.0
2024-02-01,04R,0.0,0.0
2025-03-01,05A,0.0,0.0
2025-05-01,05C,0.0,0.0
2024-08-01,05C,0.0,0.0
2022-11-01,05C,0.0,0.0
2022-05-01,05F,0.0,0.0
2021-11-01,05F,0.0,0.0
2023-12-01,05L,0.0,0.0
2021-06-01,05N,0.0,0.0
2021-11-01,05T,0.0,0.0
2023-03-01,05X,0.0,0.0
2022-03-01,06A,0.0,0.0
2024-08-01,06D,0.0,0.0
2022-02-01,06D,0.0,0.0
2022-01-01,06F,0.0,0.0
2026-01-01,06F,0.0,0.0
2025-07-01,06F,0.0,0.0
2021-07-01,06M,0.0,0.0
2023-05-01,06M,0.0,0.0
2022-01-01,06P,0.0,0.0
2022-12-01,06P,0.0,0.0
2021-09-01,06P,0.0,0.0
2024-01-01,06P,0.0,0.0
2022-10-01,06Y,0.0,0.0
2022-06-01,07L,0.0,0.0
2025-02-01,07N,0.0,0.0
2025-06-01,07N,0.0,0.0
2022-10-01,07N,0.0,0.0
2021-07-01,07N,0.0,0.0
2026-03-01,07R,0.0,0.0
2022-08-01,07T,0.0,0.0
2021-09-01,07T,0.0,0.0
2021-12-01,07W,0.0,0.0
2026-01-01,07W,0.0,0.0
2021-06-01,07X,0.0,0.0
2024-01-01,07X,0.0,0.0
2023-08-01,07Y,0.0,0.0
2024-04-01,08D,0.0,0.0
2025-09-01,08E,0.0,0.0
2021-10-01,08E,0.0,0.0
2022-01-01,08F,0.0,0.0
2026-05-01,08G,0.0,0.0
2024-06-01,08G,0.0,0.0
2023-11-01,08J,0.0,0.0
2023-03-01,08J,0.0,0.0
2025-04-01,08K,0.0,0.0
2025-09-01,08K,0.0,0.0
2021-12-01,08L,0.0,0.0
2022-02-01,08L,0.0,0.0
2025-01-01,08L,0.0,0.0
2023-02-01,08L,0.0,0.0
2023-07-01,08M,0.0,0.0
2025-07-01,08Q,0.0,0.0
2023-04-01,08R,0.0,0.0
2022-09-01,08T,0.0,0.0
2024-10-01,08V,0.0,0.0
2025-08-01,08Y,0.0,0.0
2024-01-01,08Y,0.0,0.0
2025-03-01,09A,0.0,0.0
2021-08-01,09C,0.0,0.0
2023-04-01,09E,0.0,0.0
2024-01-01,09G,0.0,0.0
2023-03-01,09J,0.0,0.0
2025-10-01,09J,0.0,0.0
2025-12-01,09J,0.0,0.0
2022-07-01,09L,0.0,0.0
2024-10-01,09L,0.0,0.0
2025-07-01,09P,0.0,0.0
2023-09-01,09W,0.0,0.0
2025-10-01,09Y,0.0,0.0
2022-02-01,09Y,0.0,0.0
2023-02-01,10A,0.0,0.0
2025-12-01,10D,0.0,0.0
2022-10-01,10D,0.0,0.0
2023-06-01,10E,0.0,0.0
2026-06-01,10E,0.0,0.0
2024-07-01,10J,0.0,0.0
2021-12-01,10J,0.0,0.0
2025-09-01,10J,0.0,0.0
2024-05-01,10J,0.0,0.0
2025-09-01,10K,0.0,0.0
2024-05-01,10V,0.0,0.0
2024-06-01,10V,0.0,0.0
2025-12-01,10W,0.0,0.0
2023-03-01,11E,0.0,0.0
2024-07-01,11E,0.0,0.0
2026-01-01,11H,0.0,0.0
2025-11-01,11T,0.0,0.0
2022-08-01,12D,0.0,0.0
2024-04-01,15D,0.0,0.0
2021-06-01,99D,0.0,0.0
2024-10-01,99D,0.0,0.0
2024-05-01,99D,0.0,0.0
2025-01-01,99D,0.0,0.0
2026-01-01,99H,0.0,0.0
2023-05-01,99H,0.0,0.0
2022-06-01,99H,0.0,0.0
2023-11-01,99H,0.0,0.0
2022-04-01,99H,0.0,0.0
2024-05-01,99J,0.0,0.0
2025-11-01,99J,0.0,0.0
2024-11-01,99J,0.0,0.0
2022-09-01,99M,0.0,0.0
2023-04-01,99M,0.0,0.0
2024-01-01,99M,0.0,0.0
2023-05-01,99N,0.0,0.0
2026-01-01,99N,0.0,0.0
2024-05-01,99P,0.0,0.0
2026-06-01,99Q,0.0,0.0
2024-11-01,99Q,0.0,0.0
2023-01-01,D4U1Y,0.0,0.0
2024-12-01,D4U1Y,0.0,0.0
2022-07-01,D4U1Y,0.0,0.0
2024-06-01,00N,0.0,160.024
2026-01-01,00Q,0.0,188.514
2025-06-01,00X,0.0,194.24800000000005
2026-02-01,01D,0.0,253.35500000000005
2022-04-01,01E,0.0,221.535
2026-03-01,01K,0.0,353.80899999999997
2021-08-01,01K,0.0,351.10699999999997
2024-01-01,01V,0.0,127.71199999999999
2024-11-01,01V,0.0,128.36700000000002
2024-04-01,01X,0.0,201.93699999999995
2022-03-01,01X,0.0,200.31600000000006
2023-03-01,02E,0.0,226.03300000000007
2024-07-01,02H,0.0,349.93999999999994
2025-04-01,02M,0.0,187.46300000000002
2024-08-01,03F,0.0,314.407
2024-01-01,03H,0.0,173.587
2023-02-01,03H,0.0,172.42899999999995
2023-08-01,03H,0.0,173.033
2021-08-01,03Q,0.0,248.985
2022-09-01,03R,0.0,390.23000000000013
2025-07-01,05D,0.0,155.23699999999997
2024-07-01,06L,0.0,417.33
2023-08-01,06L,0.0,414.616
2022-05-01,06Q,0.0,405.78900000000004
2026-02-01,06Q,0.0,426.24800000000005
2026-02-01,07G,0.0,190.20400000000004
2026-03-01,07H,0.0,337.464
2024-09-01,09D,0.0,332.28399999999993
2025-11-01,10Q,0.0,833.1869999999998
2022-08-01,10Q,0.0,797.4539999999996
2025-07-01,78H,0.0,851.2189999999998
2025-05-01,97R,0.0,577.2390000000001
2025-08-01,99G,0.0,196.636
2022-12-01,00L,47.3241,335.1209999999999
2026-06-01,00N,130.86344000000003,158.71800000000002
2023-01-01,00R,20.29654,176.993
2022-05-01,00T,610.8999699999999,320.4939999999999
2024-12-01,01A,14.39129,410.46600000000007
2023-09-01,01F,206.03482,135.91799999999998
2024-04-01,01F,203.74067,136.056
2025-04-01,01G,12.51564,322.64300000000003
2023-10-01,01G,81.81218,312.8450000000001
2023-09-01,01H,300.73232,333.51800000000003
2024-10-01,01J,40.39386,173.5
2022-11-01,01T,323.21534,157.60499999999996
2024-11-01,01W,84.85241,328.962
2025-12-01,01Y,270.30789,228.89600000000004
2022-12-01,01Y,87.96355,221.26700000000002
2022-02-01,01Y,193.33729999999997,220.18099999999998
2022-07-01,02A,198.25900000000001,246.546
2024-09-01,02A,135.72499,249.52100000000004
2026-05-01,02A,34.53516,247.9670000000001
2025-08-01,02A,71.74364,249.51800000000003
2024-03-01,02G,143.86909,117.55000000000001
2021-12-01,02H,19.96974,337.32199999999995
2024-02-01,02M,96.97445,185.44400000000002
2023-11-01,02P,34.71989,268.91100000000006
2023-02-01,02P,47.466499999999996,267.19199999999995
2023-12-01,02X,700.9727800000001,335.33200000000005
2024-09-01,02X,243.83596,339.03100000000006
2021-10-01,03H,25.86205,171.188
2021-08-01,03H,75.17948,171.06399999999996
2023-10-01,03W,48.60903,357.04100000000005
2021-08-01,03W,23.34367,345.596
2022-04-01,04V,210.71210000000002,409.21599999999995
2025-02-01,04V,163.58925,423.585
2021-09-01,05G,1022.1904000000001,216.933
2022-07-01,05W,738.6568299999999,298.61800000000005
2021-08-01,05W,1683.30018,296.55499999999995
2021-07-01,05W,2038.5744,296.549
2025-03-01,06K,75.32,635.8669999999998
2022-05-01,06T,33.72785,366.0329999999999
2023-01-01,10Q,10.25915,806.3330000000001
2023-07-01,10R,370.94429,234.19
2022-10-01,11J,152.71368,823.3149999999996
2022-11-01,11J,20.24188,823.989
2026-01-01,11M,211.7342,699.3
2025-03-01,11N,29.603769999999997,605.9739999999997
2021-09-01,11N,39.89022,595.423
2024-08-01,13T,519.322,556.1479999999999
2023-11-01,14L,971.34109,730.9259999999999
2026-02-01,14L,261.68556,755.9219999999997
2023-09-01,14L,1149.62057,720.113
2026-01-01,14Y,236.32247,597.7520000000001
2023-08-01,14Y,38.106899999999996,586.5289999999999
2022-09-01,15A,80.03032,572.414
2025-07-01,15M,50.85716,1143.8440000000003
2023-03-01,15M,64.76912,1119.6940000000002
2022-12-01,16C,449.98709,722.8800000000001
2022-12-01,18C,203.84939,820.9810000000003
2023-08-01,27D,137.1241,809.3430000000001
2022-06-01,52R,58.69312,1120.9709999999998
2024-03-01,52R,235.1793,1145.6180000000002
2026-03-01,71E,142.49914,824.2730000000005
2025-05-01,78H,251.06026000000003,850.1509999999998
2022-01-01,78H,58.60651,809.7560000000003
2024-06-01,91Q,380.96714,2022.3419999999996
2021-06-01,92A,404.43838999999997,1261.8100000000004
2025-05-01,93C,315.30771,1836.022
2022-02-01,99A,1386.1169300000001,564.7820000000002
2021-06-01,99E,46.57308,284.553
2025-03-01,A3A8R,899.4737,2476.1989999999987
2024-05-01,A3A8R,367.08994,2454.6059999999993
2024-08-01,A3A8R,744.1294,2445.8269999999984
2023-06-01,B2M3M,243.54795,1079.6789999999992
2022-05-01,B2M3M,690.50478,1052.9709999999995
2026-03-01,D2P2L,914.98105,1338.308000000001
2022-03-01,D2P2L,1695.17964,1287.278
2021-06-01,D9Y0V,2738.77034,1877.7469999999998
2022-10-01,M1J4Y,672.0229499999999,1087.552
2022-05-01,M1J4Y,644.01081,1078.992
2025-11-01,M2L0M,51.38525,538.0039999999999
2023-07-01,M2L0M,32.14463,526.177
2025-10-01,M2L0M,12.51523,538.218
2023-03-01,U2G6B,76.69885,467.15400000000005
2023-01-01,W2U3Z,706.20222,2825.8950000000023
2025-11-01,00D,0.0,0.0
2023-11-01,00D,0.0,0.0
2024-09-01,00D,0.0,0.0
2025-08-01,00J,0.0,0.0
2024-09-01,00K,0.0,0.0
2023-11-01,00M,0.0,0.0
2023-08-01,02F,0.0,0.0
2023-04-01,02W,0.0,0.0
2022-09-01,03A,0.0,0.0
2022-10-01,03A,0.0,0.0
2022-11-01,03J,0.0,0.0
2022-10-01,03M,0.0,0.0
2025-07-01,03M,0.0,0.0
2024-04-01,03Y,0.0,0.0
2026-05-01,04D,0.0,0.0
2021-07-01,04D,0.0,0.0
2024-11-01,04E,0.0,0.0
2022-02-01,04F,0.0,0.0
2023-05-01,04H,0.0,0.0
2023-10-01,04H,0.0,0.0
2025-08-01,04K,0.0,0.0
2024-08-01,04K,0.0,0.0
2025-12-01,04L,0.0,0.0
2023-06-01,04L,0.0,0.0
2022-02-01,04R,0.0,0.0
2025-02-01,04X,0.0,0.0
2022-04-01,05A,0.0,0.0
2021-10-01,05A,0.0,0.0
2024-10-01,05A,0.0,0.0
2022-09-01,05C,0.0,0.0
2025-07-01,05F,0.0,0.0
2026-02-01,05F,0.0,0.0
2024-12-01,05L,0.0,0.0
2025-01-01,05L,0.0,0.0
2024-11-01,05L,0.0,0.0
2021-07-01,05L,0.0,0.0
2023-10-01,05R,0.0,0.0
2026-03-01,05T,0.0,0.0
2022-02-01,05T,0.0,0.0
2021-11-01,05X,0.0,0.0
2024-09-01,06A,0.0,0.0
2024-08-01,06A,0.0,0.0
2022-05-01,06D,0.0,0.0
2026-05-01,06D,0.0,0.0
2024-10-01,06D,0.0,0.0
2024-01-01,06D,0.0,0.0
2021-09-01,06F,0.0,0.0
2022-07-01,06M,0.0,0.0
2021-06-01,06P,0.0,0.0
2026-03-01,06P,0.0,0.0
2024-10-01,06P,0.0,0.0
2023-08-01,06P,0.0,0.0
2026-05-01,06W,0.0,0.0
2022-12-01,07M,0.0,0.0
2026-01-01,07P,0.0,0.0
2026-02-01,07R,0.0,0.0
2025-09-01,07T,0.0,0.0
2021-07-01,07V,0.0,0.0
2022-01-01,07W,0.0,0.0
2025-08-01,07X,0.0,0.0
2023-03-01,08A,0.0,0.0
2022-02-01,08A,0.0,0.0
2026-02-01,08A,0.0,0.0
2026-05-01,08A,0.0,0.0
2023-11-01,08C,0.0,0.0
2024-08-01,08C,0.0,0.0
2023-10-01,08D,0.0,0.0
2024-07-01,08E,0.0,0.0
2022-12-01,08F,0.0,0.0
2022-02-01,08F,0.0,0.0
2023-05-01,08F,0.0,0.0
2025-06-01,08J,0.0,0.0
2025-08-01,08J,0.0,0.0
2025-11-01,08J,0.0,0.0
2023-10-01,08K,0.0,0.0
2024-09-01,08L,0.0,0.0
2021-07-01,08M,0.0,0.0
2026-05-01,08M,0.0,0.0
2023-06-01,08R,0.0,0.0
2025-11-01,08T,0.0,0.0
2021-11-01,08T,0.0,0.0
2024-09-01,08V,0.0,0.0
2024-08-01,08V,0.0,0.0
2023-11-01,08V,0.0,0.0
2023-12-01,08V,0.0,0.0
2025-02-01,08V,0.0,0.0
2023-07-01,08Y,0.0,0.0
2025-02-01,09A,0.0,0.0
2022-07-01,09C,0.0,0.0
2021-07-01,09E,0.0,0.0
2023-10-01,09G,0.0,0.0
2021-08-01,09G,0.0,0.0
2022-03-01,09G,0.0,0.0
2022-07-01,09G,0.0,0.0
2025-03-01,09G,0.0,0.0
2024-02-01,09J,0.0,0.0
2025-06-01,09L,0.0,0.0
2025-08-01,09L,0.0,0.0
2025-11-01,09L,0.0,0.0
2025-06-01,09P,0.0,0.0
2026-02-01,09P,0.0,0.0
2025-06-01,09W,0.0,0.0
2025-09-01,09W,0.0,0.0
2023-12-01,09W,0.0,0.0
2021-06-01,09Y,0.0,0.0
2021-08-01,10A,0.0,0.0
2021-07-01,10C,0.0,0.0
2021-09-01,10E,0.0,0.0
2022-12-01,10J,0.0,0.0
2024-09-01,10J,0.0,0.0
2025-10-01,10J,0.0,0.0
2022-11-01,10K,0.0,0.0
2025-08-01,10L,0.0,0.0
2023-09-01,10V,0.0,0.0
2025-09-01,10W,0.0,0.0
2023-11-01,10X,0.0,0.0
2022-05-01,11A,0.0,0.0
2025-03-01,11A,0.0,0.0
2026-01-01,11A,0.0,0.0
2024-12-01,11E,0.0,0.0
2022-11-01,11E,0.0,0.0
2026-02-01,11E,0.0,0.0
2024-11-01,11T,0.0,0.0
2022-04-01,12D,0.0,0.0
2024-10-01,13P,0.0,0.0
2024-03-01,13P,0.0,0.0
2022-01-01,15D,0.0,0.0
2023-06-01,99H,0.0,0.0
2023-07-01,99H,0.0,0.0
2023-04-01,99K,0.0,0.0
2024-04-01,99M,0.0,0.0
2025-04-01,99M,0.0,0.0
2023-04-01,99N,0.0,0.0
2025-04-01,99N,0.0,0.0
2025-12-01,99N,0.0,0.0
2024-09-01,99P,0.0,0.0
2022-10-01,D4U1Y,0.0,0.0
2022-05-01,D4U1Y,0.0,0.0
2026-05-01,00L,0.0,345.01599999999996
2021-07-01,01A,0.0,392.62100000000015
2024-03-01,01K,0.0,356.07099999999997
2026-06-01,01V,0.0,128.46400000000003
2022-11-01,01X,0.0,200.65100000000004
2025-02-01,02H,0.0,352.042
2026-02-01,02H,0.0,352.34999999999997
2024-10-01,03H,0.0,174.691
2022-06-01,03H,0.0,171.853
2024-10-01,03K,0.0,185.58299999999997
2025-04-01,03L,0.0,276.06199999999995
2023-03-01,03R,0.0,391.972
2025-02-01,05D,0.0,155.0
2023-12-01,06H,0.0,1044.6879999999999
2023-02-01,06L,0.0,413.09200000000004
2023-08-01,06Q,0.0,413.172
2025-04-01,06Q,0.0,423.38599999999997
2026-01-01,07K,0.0,280.976
2021-10-01,10Q,0.0,788.0739999999998
2025-04-01,10Q,0.0,828.4530000000003
2024-07-01,11N,0.0,604.3769999999998
2024-01-01,15A,0.0,583.5060000000002
2022-03-01,26A,0.0,1080.841
2026-01-01,52R,0.0,1157.5079999999996
2022-12-01,99C,0.0,225.30300000000003
2024-08-01,U2G6B,0.0,497.9450000000001
2025-01-01,00L,376.2568,341.537
2025-07-01,00T,172.04151,334.46999999999997
2022-07-01,00T,601.62718,321.15399999999994
2025-06-01,00T,146.1716,334.366
2025-09-01,00T,239.076,334.7769999999999
2024-02-01,00T,274.68763,329.223
2022-09-01,00V,70.41247,209.43100000000004
2021-06-01,01D,364.00816000000003,240.25499999999997
2024-06-01,01E,42.05823,230.708
2025-02-01,01G,101.8635,322.574
2025-03-01,01J,100.4622,173.88400000000004
2022-07-01,01J,26.47395,170.35099999999997
2026-02-01,01K,18.12914,354.401
2021-12-01,01T,281.68964,156.991
2021-12-01,02G,605.0053899999999,114.973
2024-06-01,02M,92.77646,185.98000000000002
2026-02-01,02X,150.36672000000002,341.111
2026-05-01,02X,40.94895,340.716
2024-05-01,02Y,46.394389999999994,314.9039999999999
2023-09-01,03N,920.1337,630.0019999999998
2025-04-01,03N,842.46162,639.9899999999999
2025-02-01,03N,425.13953999999995,641.0200000000001
2026-02-01,04V,58.160610000000005,425.29900000000004
2022-05-01,04V,363.4606,409.44100000000003
2026-06-01,04Y,48.58654,140.62800000000001
2024-02-01,04Y,24.45551,139.52200000000002
2024-08-01,05D,278.35542,154.21900000000002
2025-03-01,05D,165.36,155.035
2022-12-01,05D,271.5478,149.86700000000002
2025-04-01,05D,75.83331,155.033
2025-10-01,05Q,26.61,224.10899999999998
2023-05-01,05Q,269.82212,220.788
2025-08-01,05V,195.45069999999998,157.06799999999996
2025-11-01,05V,68.52267,157.173
2022-01-01,05W,1594.6334499999998,297.50600000000003
2026-04-01,05W,50.606449999999995,300.03299999999996
2025-04-01,07G,35.5127,190.57200000000006
2022-09-01,07K,63.673429999999996,273.09700000000004
2024-07-01,10R,334.58853999999997,235.58300000000003
2026-06-01,10R,140.96919,231.92699999999996
2025-06-01,11J,101.26263,831.8240000000001
2022-08-01,11J,58.20631,821.2909999999999
2023-08-01,11N,94.08739,601.3710000000001
2021-06-01,11N,63.76951,593.23
2024-12-01,11X,60.5784,608.1750000000001
2022-12-01,12F,284.86062,341.22300000000007
2024-05-01,12F,278.7218,344.5899999999999
2021-06-01,12F,244.25106,338.52599999999995
2025-01-01,14L,880.1425399999999,750.395
2022-01-01,14L,1137.88236,694.2700000000002
2022-10-01,14Y,39.96749,581.6020000000001
2022-08-01,15A,292.93190000000004,571.4800000000002
2026-06-01,15C,285.19768,1092.577
2026-01-01,15C,212.87733000000003,1098.7140000000004
2022-01-01,15C,144.64539000000002,1057.2500000000002
2024-10-01,15E,2892.6610499999997,1638.1460000000004
2023-02-01,15E,3553.7720799999997,1588.9350000000004
2022-10-01,15F,439.92833,911.967
2024-03-01,15M,58.807860000000005,1133.1200000000001
2023-02-01,16C,449.55731999999995,723.9070000000002
2026-05-01,27D,900.3923300000001,824.1919999999999
2022-03-01,36J,723.8655400000001,649.1300000000001
2022-08-01,36J,603.40829,651.8950000000003
2024-11-01,36L,790.65666,1774.8350000000003
2025-02-01,42D,42.036590000000004,568.3359999999999
2023-02-01,71E,236.00794,813.119
2023-07-01,72Q,636.48264,2082.1370000000006
2024-01-01,72Q,1031.97013,2099.9360000000006
2023-01-01,72Q,427.98400999999996,2069.482
2026-01-01,78H,156.60661000000002,852.3170000000002
2021-12-01,91Q,299.13262000000003,1956.913
2026-02-01,91Q,70.28689,2043.090000000001
2025-06-01,91Q,275.48726999999997,2039.6910000000014
2023-03-01,92G,33.79531,992.0869999999999
2021-10-01,93C,1135.14486,1724.5139999999992
2025-09-01,93C,383.15290999999996,1835.2399999999996
2024-12-01,93C,104.59853000000001,1834.7040000000002
2022-09-01,97R,66.61137,569.414
2024-07-01,99A,949.0470099999999,590.171
2025-11-01,99A,448.89285,603.067
2025-12-01,99C,144.00967,229.32599999999996
2021-07-01,99C,53.38926,223.46200000000005
2022-01-01,A3A8R,420.94124,2346.0090000000005
2023-07-01,A3A8R,1389.33337,2423.9400000000005
2023-08-01,A3A8R,911.6181300000001,2428.7409999999986
2023-05-01,A3A8R,440.73177999999996,2412.8449999999993
2024-06-01,B2M3M,91.46675,1107.3749999999998
2022-05-01,D2P2L,1615.0314199999998,1289.4910000000002
2025-11-01,D2P2L,642.42175,1343.4720000000004
2022-03-01,D9Y0V,2530.81136,1893.641
2025-07-01,M2L0M,385.87949000000003,537.4500000000002
2026-01-01,M2L0M,54.102540000000005,538.095
2021-06-01,M2L0M,77.34655000000001,513.876
2024-01-01,U2G6B,24.46499,493.33000000000004
2025-07-01,U2G6B,153.46979,503.09700000000004
2024-10-01,U2G6B,23.61361,498.90599999999995
2024-12-01,W2U3Z,510.41693000000004,2903.969000000001
2021-11-01,X2C4Y,1260.73984,448.90600000000006
2022-04-01,X2C4Y,2384.10099,450.86199999999997
2024-01-01,00J,0.0,0.0
2022-04-01,00J,0.0,0.0
2021-07-01,00K,0.0,0.0
2025-12-01,00K,0.0,0.0
2022-06-01,00K,0.0,0.0
2026-05-01,00K,0.0,0.0
2023-04-01,00M,0.0,0.0
2023-06-01,00M,0.0,0.0
2021-12-01,01R,0.0,0.0
2023-10-01,01R,0.0,0.0
2023-09-01,02R,0.0,0.0
2021-10-01,03A,0.0,0.0
2022-07-01,03J,0.0,0.0
2021-06-01,03M,0.0,0.0
2024-10-01,03T,0.0,0.0
2021-06-01,03Y,0.0,0.0
2022-07-01,04D,0.0,0.0
2023-09-01,04D,0.0,0.0
2023-08-01,04E,0.0,0.0
2023-09-01,04E,0.0,0.0
2026-06-01,04E,0.0,0.0
2024-01-01,04E,0.0,0.0
2023-01-01,04F,0.0,0.0
2021-08-01,04F,0.0,0.0
2023-08-01,04J,0.0,0.0
2026-01-01,04K,0.0,0.0
2024-10-01,04K,0.0,0.0
2023-10-01,04L,0.0,0.0
2025-01-01,04L,0.0,0.0
2025-01-01,04Q,0.0,0.0
2025-03-01,04X,0.0,0.0
2024-12-01,04X,0.0,0.0
2023-04-01,05A,0.0,0.0
2025-02-01,05C,0.0,0.0
2026-04-01,05C,0.0,0.0
2021-12-01,05C,0.0,0.0
2023-07-01,05F,0.0,0.0
2021-07-01,05F,0.0,0.0
2025-04-01,05F,0.0,0.0
2022-09-01,05H,0.0,0.0
2025-10-01,05N,0.0,0.0
2021-10-01,05R,0.0,0.0
2023-03-01,05R,0.0,0.0
2024-07-01,05T,0.0,0.0
2023-03-01,05T,0.0,0.0
2023-09-01,05T,0.0,0.0
2023-06-01,05T,0.0,0.0
2021-08-01,05X,0.0,0.0
2023-02-01,05Y,0.0,0.0
2023-01-01,06D,0.0,0.0
2025-06-01,06F,0.0,0.0
2022-08-01,06F,0.0,0.0
2024-06-01,06P,0.0,0.0
2023-06-01,06P,0.0,0.0
2024-05-01,06P,0.0,0.0
2022-09-01,06Y,0.0,0.0
2026-06-01,06Y,0.0,0.0
2024-02-01,07L,0.0,0.0
2025-03-01,07L,0.0,0.0
2024-12-01,07M,0.0,0.0
2022-11-01,07P,0.0,0.0
2022-01-01,07P,0.0,0.0
2023-12-01,07P,0.0,0.0
2023-07-01,07R,0.0,0.0
2026-01-01,07T,0.0,0.0
2022-01-01,07T,0.0,0.0
2025-08-01,07V,0.0,0.0
2023-09-01,07W,0.0,0.0
2024-02-01,07W,0.0,0.0
2024-06-01,07X,0.0,0.0
2022-12-01,07Y,0.0,0.0
2023-02-01,07Y,0.0,0.0
2022-10-01,08A,0.0,0.0
2024-10-01,08C,0.0,0.0
2022-08-01,08C,0.0,0.0
2025-02-01,08D,0.0,0.0
2025-03-01,08E,0.0,0.0
2023-01-01,08F,0.0,0.0
2024-02-01,08F,0.0,0.0
2025-02-01,08F,0.0,0.0
2024-12-01,08G,0.0,0.0
2022-07-01,08G,0.0,0.0
2022-01-01,08H,0.0,0.0
2021-08-01,08J,0.0,0.0
2024-06-01,08K,0.0,0.0
2023-11-01,08L,0.0,0.0
2022-07-01,08L,0.0,0.0
2022-03-01,08N,0.0,0.0
2023-05-01,08R,0.0,0.0
2025-04-01,08R,0.0,0.0
2023-11-01,08R,0.0,0.0
2024-12-01,08R,0.0,0.0
2022-10-01,08T,0.0,0.0
2022-05-01,08T,0.0,0.0
2026-06-01,08V,0.0,0.0
2023-06-01,08V,0.0,0.0
2021-11-01,08V,0.0,0.0
2022-11-01,08X,0.0,0.0
2023-01-01,08X,0.0,0.0
2022-08-01,09F,0.0,0.0
2025-04-01,09F,0.0,0.0
2023-07-01,09F,0.0,0.0
2024-05-01,09G,0.0,0.0
2023-11-01,09J,0.0,0.0
2021-08-01,09P,0.0,0.0
2023-11-01,09W,0.0,0.0
2022-01-01,10C,0.0,0.0
2022-07-01,10C,0.0,0.0
2023-03-01,10D,0.0,0.0
2026-06-01,10D,0.0,0.0
2023-03-01,10E,0.0,0.0
2021-10-01,10J,0.0,0.0
2022-03-01,10J,0.0,0.0
2022-04-01,10J,0.0,0.0
2023-10-01,10K,0.0,0.0
2022-07-01,10L,0.0,0.0
2021-07-01,10V,0.0,0.0
2025-06-01,10X,0.0,0.0
2025-07-01,11E,0.0,0.0
2023-05-01,11E,0.0,0.0
2024-12-01,11H,0.0,0.0
2022-06-01,11T,0.0,0.0
2021-07-01,11T,0.0,0.0
2025-09-01,13P,0.0,0.0
2023-04-01,99D,0.0,0.0
2021-10-01,99D,0.0,0.0
2026-04-01,99D,0.0,0.0
2023-02-01,99D,0.0,0.0
2021-06-01,99H,0.0,0.0
2022-06-01,99J,0.0,0.0
2022-11-01,99J,0.0,0.0
2023-05-01,99J,0.0,0.0
2023-08-01,99J,0.0,0.0
2024-03-01,99J,0.0,0.0
2021-06-01,99K,0.0,0.0
2021-09-01,99K,0.0,0.0
2026-04-01,99M,0.0,0.0
2024-12-01,99M,0.0,0.0
2023-11-01,99P,0.0,0.0
2024-10-01,99P,0.0,0.0
2023-12-01,99Q,0.0,0.0
2025-05-01,D4U1Y,0.0,0.0
2023-02-01,00X,0.0,189.52100000000002
2021-12-01,00X,0.0,187.784
2021-12-01,01E,0.0,220.21
2023-08-01,01F,0.0,135.836
2024-06-01,01J,0.0,172.60499999999996
2021-11-01,01X,0.0,200.05200000000002
2022-02-01,02P,0.0,265.224
2022-08-01,02T,0.0,223.03699999999995
2025-07-01,03F,0.0,314.4989999999999
2026-04-01,03F,0.0,313.43199999999996
2024-09-01,03L,0.0,274.596
2024-07-01,03L,0.0,274.09900000000005
2026-03-01,03Q,0.0,248.90300000000002
2025-05-01,04C,0.0,449.50300000000004
2023-10-01,05Q,0.0,220.75300000000001
2024-11-01,05Q,0.0,222.438
2025-01-01,06L,0.0,418.53000000000014
2024-11-01,06L,0.0,418.25800000000004
2023-05-01,06Q,0.0,411.36199999999997
2025-07-01,06T,0.0,380.38300000000004
2023-04-01,10Q,0.0,807.3139999999999
2024-08-01,11M,0.0,693.569
2022-02-01,11M,0.0,674.0270000000002
2026-05-01,11N,0.0,604.8919999999998
2024-06-01,12F,0.0,344.766
2026-06-01,18C,0.0,832.641
2023-06-01,26A,0.0,1088.6959999999997
2026-06-01,52R,0.0,1147.963
2022-10-01,52R,0.0,1129.0069999999998
2022-05-01,92G,0.0,981.3499999999998
2025-05-01,99C,0.0,228.83500000000006
2025-08-01,99F,0.0,188.845
2023-10-01,99G,0.0,193.153
2026-05-01,99G,0.0,196.40000000000003
2025-03-01,00L,162.34552,341.83599999999996
2021-06-01,00L,480.39441999999997,331.626
2023-07-01,00L,107.45063999999999,336.46399999999994
2025-09-01,00L,22.76,343.582
2024-04-01,00N,89.83763,159.83699999999996
2021-09-01,00N,82.4127,158.76600000000002
2023-01-01,00T,324.68292999999994,323.165
2026-05-01,00T,298.55993,334.59200000000004
2023-10-01,00V,20.78868,210.50300000000001
2026-05-01,00X,107.37396,195.35399999999998
2025-07-01,00Y,156.72612,269.2029999999999
2024-06-01,00Y,107.36998000000001,269.29299999999995
2025-02-01,00Y,69.94543,269.40900000000005
2024-04-01,00Y,160.70212,268.139
2022-06-01,01D,347.74904999999995,243.06199999999995
2026-06-01,01D,56.5596,253.339
2023-11-01,01D,58.437490000000004,247.73699999999997
2022-09-01,01E,9.78915,222.42399999999995
2022-10-01,01E,9.78016,223.32999999999996
2021-08-01,01F,216.4083,134.654
2025-05-01,01H,371.99636999999996,336.96199999999993
2026-06-01,01J,95.21240999999999,174.30100000000002
2023-08-01,01J,36.93945,171.17499999999995
2022-07-01,01T,117.34088,157.26199999999997
2023-03-01,01W,164.09283,323.642
2025-03-01,01Y,187.3211,228.57700000000006
2023-08-01,01Y,49.15876,223.18400000000005
2025-06-01,02H,56.681070000000005,352.346
2023-09-01,02P,34.54279,268.62100000000004
2024-03-01,02P,18.72851,269.502
2022-09-01,02P,57.34259,266.555
2025-03-01,02Q,272.34922,128.132
2025-12-01,02T,20.52694,225.847
2021-08-01,03F,43.84092,304.29900000000004
2025-05-01,03K,216.80836000000002,185.69800000000004
2024-02-01,03L,43.210139999999996,272.68399999999997
2024-04-01,03L,23.39725,273.038
2024-06-01,03N,886.92451,638.2620000000001
2026-03-01,03N,780.8570199999998,635.6519999999999
2022-02-01,03W,23.41738,351.102
2025-03-01,04C,55.304640000000006,449.979
2021-11-01,05V,65.20738,151.654
2021-11-01,06N,718.46059,667.141
2022-05-01,07H,136.47044,324.61699999999996
2023-10-01,10R,80.1013,234.401
2025-07-01,11J,40.45984,831.49
2024-04-01,11X,159.24778,604.6129999999999
2023-06-01,11X,419.12746000000004,600.972
2022-04-01,11X,78.53903,594.5269999999998
2023-02-01,14L,1272.8370099999997,715.1549999999999
2024-08-01,14Y,20.19692,593.9069999999999
2023-07-01,15C,160.83226,1074.806
2021-10-01,15C,39.85852,1049.8899999999999
2025-11-01,15E,2261.55854,1650.3580000000006
2024-07-01,15F,560.05871,936.6619999999997
2022-01-01,15F,1805.2478500000002,908.8749999999999
2022-07-01,15F,1350.94062,909.4679999999996
2024-05-01,15M,84.80167,1135.1779999999997
2026-03-01,15N,149.69968999999998,1295.6630000000002
2024-11-01,16C,343.54657,737.893
2026-05-01,16C,66.88242,739.7719999999998
2024-11-01,26A,144.74,1099.8440000000003
2025-01-01,36J,1093.43544,670.0830000000001
2022-01-01,36J,630.34016,647.97
2025-11-01,36J,468.15156,669.5549999999998
2025-02-01,36L,177.52449,1776.479
2023-12-01,70F,94.97528,937.3699999999998
2021-10-01,71E,1089.90339,801.4569999999999
2022-11-01,71E,272.56268,811.6769999999999
2023-08-01,72Q,269.84618,2085.1169999999993
2024-03-01,78H,265.44678,839.713
2023-06-01,92A,154.56142,1286.5719999999994
2025-04-01,92A,262.40049,1303.703
2022-08-01,92G,55.6737,984.2129999999997
2022-07-01,99G,20.25596,190.59000000000003
2021-11-01,A3A8R,617.97793,2333.359
2025-05-01,D2P2L,333.68764999999996,1342.6309999999996
2023-09-01,D2P2L,1285.79023,1315.2749999999996
2023-01-01,D9Y0V,221.02659,1911.7819999999997
2023-04-01,D9Y0V,605.4034,1915.9319999999996
2024-06-01,D9Y0V,1330.10509,1921.6680000000006
2026-05-01,M1J4Y,290.35762,1145.8239999999998
2022-07-01,W2U3Z,1474.5803999999998,2783.7390000000005
2022-10-01,W2U3Z,736.7334699999999,2798.168
2024-04-01,X2C4Y,1134.72194,459.4710000000001
2022-02-01,00J,0.0,0.0
2022-02-01,00K,0.0,0.0
2022-04-01,00M,0.0,0.0
2025-07-01,01R,0.0,0.0
2024-06-01,01R,0.0,0.0
2025-06-01,02F,0.0,0.0
2026-02-01,02F,0.0,0.0
2023-01-01,02R,0.0,0.0
2025-09-01,03J,0.0,0.0
2025-03-01,03T,0.0,0.0
2025-09-01,03T,0.0,0.0
2023-02-01,03Y,0.0,0.0
2022-06-01,04D,0.0,0.0
2024-03-01,04F,0.0,0.0
2021-12-01,04G,0.0,0.0
2025-06-01,04J,0.0,0.0
2026-03-01,04L,0.0,0.0
2026-05-01,04L,0.0,0.0
2024-12-01,04M,0.0,0.0
2022-08-01,04Q,0.0,0.0
2025-06-01,04X,0.0,0.0
2024-05-01,05A,0.0,0.0
2023-03-01,05C,0.0,0.0
2023-08-01,05C,0.0,0.0
2023-09-01,05H,0.0,0.0
2022-07-01,05H,0.0,0.0
2026-05-01,05N,0.0,0.0
2021-11-01,05R,0.0,0.0
2024-08-01,05T,0.0,0.0
2022-12-01,05T,0.0,0.0
2023-11-01,05X,0.0,0.0
2022-01-01,05X,0.0,0.0
2023-04-01,05X,0.0,0.0
2025-03-01,05Y,0.0,0.0
2021-12-01,06A,0.0,0.0
2026-06-01,06A,0.0,0.0
2023-09-01,06A,0.0,0.0
2024-06-01,06D,0.0,0.0
2022-07-01,06D,0.0,0.0
2024-12-01,06D,0.0,0.0
2022-09-01,06F,0.0,0.0
2021-06-01,06M,0.0,0.0
2024-08-01,06M,0.0,0.0
2022-11-01,06M,0.0,0.0
2025-06-01,06M,0.0,0.0
2026-02-01,06P,0.0,0.0
2021-07-01,06W,0.0,0.0
2022-07-01,06Y,0.0,0.0
2023-12-01,07L,0.0,0.0
2021-10-01,07L,0.0,0.0
2025-12-01,07L,0.0,0.0
2024-08-01,07L,0.0,0.0
2026-06-01,07M,0.0,0.0
2025-04-01,07N,0.0,0.0
2023-10-01,07R,0.0,0.0
2023-09-01,07R,0.0,0.0
2022-07-01,07R,0.0,0.0
2021-10-01,07T,0.0,0.0
2021-10-01,07X,0.0,0.0
2022-02-01,07Y,0.0,0.0
2022-09-01,08A,0.0,0.0
2023-11-01,08A,0.0,0.0
2023-12-01,08A,0.0,0.0
2022-08-01,08A,0.0,0.0
2024-05-01,08A,0.0,0.0
2021-09-01,08D,0.0,0.0
2025-04-01,08D,0.0,0.0
2023-02-01,08F,0.0,0.0
2023-02-01,08G,0.0,0.0
2022-03-01,08J,0.0,0.0
2022-04-01,08K,0.0,0.0
2022-01-01,08K,0.0,0.0
2024-02-01,08L,0.0,0.0
2024-02-01,08M,0.0,0.0
2024-01-01,08N,0.0,0.0
2026-05-01,08N,0.0,0.0
2024-11-01,08Q,0.0,0.0
2022-06-01,08R,0.0,0.0
2026-02-01,08T,0.0,0.0
2023-11-01,08T,0.0,0.0
2023-02-01,08V,0.0,0.0
2021-08-01,08W,0.0,0.0
2023-11-01,08W,0.0,0.0
2025-12-01,08X,0.0,0.0
2025-02-01,09C,0.0,0.0
2023-09-01,09C,0.0,0.0
2023-02-01,09E,0.0,0.0
2022-11-01,09F,0.0,0.0
2022-12-01,09F,0.0,0.0
2025-02-01,09J,0.0,0.0
2023-06-01,09J,0.0,0.0
2022-10-01,09P,0.0,0.0
2023-04-01,09P,0.0,0.0
2022-07-01,09P,0.0,0.0
2025-02-01,09W,0.0,0.0
2023-04-01,09W,0.0,0.0
2022-09-01,09W,0.0,0.0
2025-09-01,09Y,0.0,0.0
2023-11-01,09Y,0.0,0.0
2025-05-01,10A,0.0,0.0
2026-05-01,10A,0.0,0.0
2023-05-01,10C,0.0,0.0
2024-09-01,10C,0.0,0.0
2023-07-01,10D,0.0,0.0
2021-07-01,10D,0.0,0.0
2024-10-01,10D,0.0,0.0
2022-12-01,10E,0.0,0.0
2025-12-01,10J,0.0,0.0
2024-02-01,10J,0.0,0.0
2023-12-01,10K,0.0,0.0
2021-08-01,10L,0.0,0.0
2022-01-01,10M,0.0,0.0
2022-01-01,10V,0.0,0.0
2022-08-01,10W,0.0,0.0
2021-09-01,10X,0.0,0.0
2024-09-01,10X,0.0,0.0
2021-06-01,10X,0.0,0.0
2024-09-01,11A,0.0,0.0
2026-02-01,11A,0.0,0.0
2021-11-01,11E,0.0,0.0
2022-04-01,11E,0.0,0.0
2022-02-01,11E,0.0,0.0
2026-03-01,11E,0.0,0.0
2024-03-01,11H,0.0,0.0
2021-08-01,12D,0.0,0.0
2023-10-01,12D,0.0,0.0
2022-04-01,13P,0.0,0.0
2025-06-01,13P,0.0,0.0
2021-07-01,15D,0.0,0.0
2025-12-01,99D,0.0,0.0
2021-09-01,99D,0.0,0.0
2025-03-01,99J,0.0,0.0
2026-06-01,99J,0.0,0.0
2024-05-01,99K,0.0,0.0
2026-04-01,99P,0.0,0.0
2022-08-01,99P,0.0,0.0
2024-03-01,99P,0.0,0.0
2025-03-01,99Q,0.0,0.0
2023-02-01,D4U1Y,0.0,0.0
2021-10-01,00Q,0.0,180.64800000000002
2023-09-01,01A,0.0,402.55
2024-10-01,01E,0.0,232.598
2023-12-01,01J,0.0,171.68
2025-04-01,01K,0.0,356.41499999999996
2026-03-01,01V,0.0,128.66
2021-10-01,01V,0.0,126.40700000000001
2024-04-01,01V,0.0,127.81800000000003
2022-06-01,01W,0.0,321.005
2025-02-01,01W,0.0,329.243
2026-05-01,01W,0.0,330.498
2022-05-01,01X,0.0,200.37199999999996
2021-10-01,02G,0.0,114.28399999999999
2026-02-01,02G,0.0,118.715
2022-07-01,02H,0.0,339.2650000000001
2025-07-01,02H,0.0,352.62399999999997
2024-10-01,02M,0.0,186.84400000000005
2022-02-01,02T,0.0,222.43200000000002
2022-07-01,02T,0.0,222.809
2025-09-01,02Y,0.0,319.685
2023-12-01,03F,0.0,313.7730000000001
2024-08-01,03Q,0.0,250.497
2025-04-01,03R,0.0,399.859
2024-03-01,03R,0.0,396.669
2025-01-01,05Q,0.0,222.797
2024-05-01,06L,0.0,416.6739999999999
2025-12-01,07H,0.0,338.05400000000003
2024-12-01,07K,0.0,279.99100000000004
2023-07-01,07K,0.0,275.14799999999997
2023-10-01,07K,0.0,276.10499999999996
2023-03-01,11X,0.0,600.0260000000001
2025-04-01,15A,0.0,590.0149999999999
2026-03-01,52R,0.0,1154.79
2022-07-01,52R,0.0,1120.928
2024-04-01,92G,0.0,1004.3739999999997
2023-10-01,99C,0.0,226.93200000000002
2023-09-01,99C,0.0,226.662
2022-10-01,99F,0.0,186.95499999999996
2024-12-01,99F,0.0,188.09599999999998
2024-02-01,99F,0.0,187.39599999999996
2025-04-01,00L,66.55974,341.89899999999994
2025-05-01,00N,71.73219,159.77499999999998
2023-11-01,00T,166.46517,327.84799999999996
2024-02-01,00Y,236.2227,267.823
2026-04-01,00Y,188.2928,268.296
2025-04-01,01A,36.78067,411.0129999999999
2023-11-01,01E,9.84024,228.44299999999998
2021-09-01,01E,29.58823,218.37800000000001
2022-04-01,01H,92.14403,329.17100000000005
2024-01-01,01H,275.4977,334.184
2022-09-01,01K,23.65674,353.949
2022-06-01,01T,12.98775,157.18099999999998
2024-01-01,01W,57.866389999999996,326.4890000000001
2025-07-01,02G,113.57956,118.37000000000002
2024-01-01,02H,57.61485,347.52200000000005
2023-11-01,02M,32.23944,185.33100000000002
2025-10-01,02P,20.52895,270.773
2023-11-01,02T,102.73793,224.23199999999997
2024-04-01,02X,339.67422999999997,336.8469999999999
2024-02-01,02X,135.96014,336.06
2024-06-01,02Y,23.6136,315.163
2021-07-01,02Y,91.83971,307.347
2024-01-01,03F,83.58215,314.119
2025-11-01,03F,35.71534,314.485
2024-11-01,03H,63.54099,174.72000000000003
2024-11-01,03K,225.16663,185.666
2023-09-01,03K,24.25663,184.349
2024-09-01,03N,1353.94806,636.703
2026-06-01,03Q,65.63902,247.60999999999999
2025-06-01,03R,44.89007,400.0250000000001
2026-04-01,03W,23.99645,361.90700000000004
2025-05-01,04V,92.89558,423.795
2022-11-01,04Y,47.35246,136.69299999999996
2023-07-01,05D,281.29283,151.428
2025-06-01,05D,22.76,155.137
2022-12-01,05G,777.2943700000001,218.45900000000006
2022-05-01,05G,738.64558,217.914
2026-03-01,05Q,79.83,224.12699999999998
2021-12-01,05Q,83.79643,217.66400000000002
2022-06-01,05V,155.52626999999998,152.56100000000004
2023-06-01,06K,128.43056,624.2080000000001
2022-09-01,06N,608.20212,673.8740000000004
2025-05-01,06N,821.02901,692.9970000000001
2024-12-01,06N,691.34167,691.748
2022-03-01,06Q,23.39159,404.88199999999995
2022-01-01,06T,20.01363,365.02599999999995
2025-06-01,07G,91.46841,190.66800000000003
2023-09-01,07G,24.26903,187.212
2023-12-01,07H,55.26976,331.1700000000001
2022-01-01,07H,46.78796,324.26899999999995
2025-07-01,07H,54.3694,337.282
2025-03-01,10Q,24.48806,828.6359999999999
2023-11-01,10Q,52.70615,816.2530000000003
2021-06-01,10Q,12.92833,781.1039999999999
2024-02-01,11J,225.65363000000002,831.2410000000001
2022-12-01,11N,65.34552,600.3249999999998
2023-11-01,11N,398.02109,602.8920000000002
2025-07-01,14L,1099.8358699999999,750.0680000000002
2026-02-01,14Y,116.84398999999999,597.1600000000001
2023-08-01,15C,94.80224000000001,1075.3549999999998
2022-02-01,15C,420.54654,1059.117
2024-09-01,15C,165.29269,1089.0959999999998
2024-03-01,15E,3110.4469900000004,1627.422
2021-11-01,15E,5936.602910000001,1560.834
2022-04-01,15E,5435.67624,1570.902
2023-01-01,15E,5614.038659999998,1586.5620000000008
2026-06-01,15F,350.59017,935.7590000000001
2024-04-01,15F,375.73411999999996,936.1149999999997
2026-04-01,15M,122.93179,1143.518
2022-08-01,15N,119.37206,1273.2640000000006
2023-04-01,15N,807.5117,1283.3750000000002
2023-12-01,15N,358.5625600000001,1292.3589999999995
2021-11-01,15N,578.6619599999999,1267.8299999999995
2025-06-01,16C,1439.09407,739.802
2025-03-01,27D,14.39129,822.0740000000002
2026-01-01,27D,196.04886,824.753
2022-11-01,36J,1342.0022600000002,654.764
2024-06-01,36J,1096.65702,667.7529999999999
2026-04-01,36L,108.37889999999999,1763.3669999999997
2024-02-01,36L,126.02142,1764.2690000000002
2024-12-01,36L,143.62889,1775.2369999999992
2023-06-01,36L,516.37199,1749.0460000000012
2026-04-01,42D,773.14203,569.9680000000002
2023-09-01,42D,307.08211000000006,562.2379999999999
2021-12-01,78H,135.41975,808.8779999999998
2025-06-01,84H,627.5167999999999,569.459
2024-12-01,91Q,454.5477400000001,2034.4019999999998
2025-07-01,93C,442.9822,1836.0500000000006
2026-06-01,99A,505.2599799999999,597.8460000000001
2024-05-01,99A,550.58317,590.0940000000003
2024-03-01,99E,48.83048,292.71899999999994
2025-01-01,99F,371.68982000000005,188.157
2021-07-01,99G,19.94946,190.193
2024-12-01,A3A8R,394.03831,2466.0060000000008
2024-01-01,B2M3M,357.9551,1098.6079999999995
2023-12-01,D9Y0V,380.44089999999994,1915.2549999999994
2024-03-01,D9Y0V,796.6359199999999,1917.8349999999991
2024-10-01,D9Y0V,1059.99107,1928.1780000000003
2024-01-01,M1J4Y,847.7103800000002,1124.5410000000004
2023-08-01,M1J4Y,589.0794500000001,1112.172
2025-10-01,M1J4Y,676.65876,1149.79
2023-06-01,M2L0M,301.23137,525.5010000000001
2024-02-01,U2G6B,24.45551,493.969
2023-10-01,W2U3Z,474.40951,2854.1740000000004
2022-02-01,X2C4Y,476.48117,449.872
2021-11-01,00D,0.0,0.0
2022-12-01,00J,0.0,0.0
2026-03-01,00K,0.0,0.0
2021-06-01,00M,0.0,0.0
2022-11-01,01R,0.0,0.0
2022-11-01,02F,0.0,0.0
2025-12-01,02R,0.0,0.0
2022-03-01,02R,0.0,0.0
2024-01-01,03J,0.0,0.0
2025-02-01,03J,0.0,0.0
2024-09-01,03J,0.0,0.0
2025-01-01,03M,0.0,0.0
2024-07-01,03M,0.0,0.0
2026-06-01,03M,0.0,0.0
2023-05-01,04D,0.0,0.0
2023-06-01,04D,0.0,0.0
2023-12-01,04H,0.0,0.0
2024-08-01,04H,0.0,0.0
2025-10-01,04L,0.0,0.0
2025-02-01,04L,0.0,0.0
2025-09-01,04L,0.0,0.0
2024-09-01,04L,0.0,0.0
2022-08-01,04M,0.0,0.0
2026-05-01,04M,0.0,0.0
2021-07-01,04Q,0.0,0.0
2023-05-01,04Q,0.0,0.0
2021-09-01,04R,0.0,0.0
2025-02-01,04R,0.0,0.0
2021-11-01,04X,0.0,0.0
2025-01-01,04X,0.0,0.0
2021-08-01,05C,0.0,0.0
2024-01-01,05C,0.0,0.0
2026-04-01,05H,0.0,0.0
2025-03-01,05H,0.0,0.0
2021-08-01,05L,0.0,0.0
2023-10-01,05L,0.0,0.0
2022-10-01,05L,0.0,0.0
2023-11-01,05N,0.0,0.0
2026-02-01,05N,0.0,0.0
2022-03-01,05R,0.0,0.0
2024-07-01,05R,0.0,0.0
2023-10-01,05Y,0.0,0.0
2022-04-01,06A,0.0,0.0
2024-04-01,06A,0.0,0.0
2021-08-01,06F,0.0,0.0
2024-07-01,06F,0.0,0.0
2024-09-01,06F,0.0,0.0
2025-07-01,06P,0.0,0.0
2025-04-01,06W,0.0,0.0
2025-11-01,06Y,0.0,0.0
2022-10-01,07L,0.0,0.0
2023-11-01,07L,0.0,0.0
2022-05-01,07L,0.0,0.0
2024-03-01,07L,0.0,0.0
2024-04-01,07M,0.0,0.0
2023-01-01,07N,0.0,0.0
2024-02-01,07N,0.0,0.0
2023-10-01,07P,0.0,0.0
2025-08-01,07R,0.0,0.0
2025-03-01,07T,0.0,0.0
2026-06-01,07V,0.0,0.0
2022-02-01,07X,0.0,0.0
2025-04-01,07X,0.0,0.0
2023-01-01,07Y,0.0,0.0
2023-04-01,08A,0.0,0.0
2025-11-01,08A,0.0,0.0
2022-04-01,08C,0.0,0.0
2025-01-01,08F,0.0,0.0
2022-09-01,08F,0.0,0.0
2021-08-01,08F,0.0,0.0
2022-06-01,08F,0.0,0.0
2025-12-01,08F,0.0,0.0
2023-02-01,08H,0.0,0.0
2022-12-01,08H,0.0,0.0
2022-04-01,08J,0.0,0.0
2024-02-01,08K,0.0,0.0
2024-05-01,08K,0.0,0.0
2023-05-01,08L,0.0,0.0
2025-03-01,08N,0.0,0.0
2025-09-01,08Q,0.0,0.0
2022-02-01,08Q,0.0,0.0
2023-02-01,08Q,0.0,0.0
2022-02-01,08R,0.0,0.0
2021-08-01,08R,0.0,0.0
2024-02-01,08R,0.0,0.0
2026-01-01,08T,0.0,0.0
2026-01-01,08V,0.0,0.0
2022-06-01,08V,0.0,0.0
2025-10-01,08V,0.0,0.0
2021-11-01,08X,0.0,0.0
2021-07-01,08X,0.0,0.0
2021-08-01,08X,0.0,0.0
2024-02-01,08X,0.0,0.0
2022-02-01,08Y,0.0,0.0
2026-03-01,08Y,0.0,0.0
2023-08-01,09A,0.0,0.0
2025-04-01,09A,0.0,0.0
2022-06-01,09E,0.0,0.0
2024-12-01,09F,0.0,0.0
2022-10-01,09G,0.0,0.0
2021-10-01,09G,0.0,0.0
2022-02-01,09J,0.0,0.0
2023-01-01,09P,0.0,0.0
2022-12-01,09W,0.0,0.0
2024-11-01,10A,0.0,0.0
2024-04-01,10C,0.0,0.0
2026-05-01,10C,0.0,0.0
2023-11-01,10D,0.0,0.0
2024-08-01,10K,0.0,0.0
2026-06-01,10K,0.0,0.0
2024-06-01,10K,0.0,0.0
2021-09-01,10L,0.0,0.0
2022-03-01,10L,0.0,0.0
2023-04-01,10L,0.0,0.0
2021-12-01,10L,0.0,0.0
2024-09-01,10M,0.0,0.0
2024-07-01,10V,0.0,0.0
2023-08-01,10X,0.0,0.0
2025-11-01,10X,0.0,0.0
2025-02-01,11A,0.0,0.0
2024-11-01,11A,0.0,0.0
2024-06-01,11A,0.0,0.0
2025-07-01,11H,0.0,0.0
2025-11-01,11H,0.0,0.0
2026-03-01,11H,0.0,0.0
2025-08-01,12D,0.0,0.0
2024-07-01,12D,0.0,0.0
2021-12-01,12D,0.0,0.0
2025-10-01,12D,0.0,0.0
2025-01-01,12D,0.0,0.0
2024-12-01,12D,0.0,0.0
2021-09-01,13P,0.0,0.0
2026-02-01,13P,0.0,0.0
2023-06-01,15D,0.0,0.0
2024-09-01,99D,0.0,0.0
2023-11-01,99D,0.0,0.0
2026-05-01,99H,0.0,0.0
2022-01-01,99J,0.0,0.0
2025-04-01,99K,0.0,0.0
2022-05-01,99K,0.0,0.0
2021-12-01,99N,0.0,0.0
2022-11-01,99P,0.0,0.0
2025-10-01,99Q,0.0,0.0
2024-02-01,00L,0.0,338.3330000000001
2023-02-01,00N,0.0,159.10899999999998
2024-12-01,00T,0.0,333.3699999999999
2025-08-01,01A,0.0,411.8840000000001
2022-11-01,01D,0.0,244.02599999999995
2025-05-01,01E,0.0,235.35400000000004
2025-02-01,01V,0.0,128.44400000000002
2025-12-01,01X,0.0,204.44600000000003
2025-05-01,01Y,0.0,228.751
2022-02-01,02E,0.0,223.40700000000004
2022-06-01,02E,0.0,224.16499999999996
2025-12-01,02E,0.0,230.82900000000004
2026-05-01,02E,0.0,230.02900000000002
2025-04-01,02E,0.0,230.62299999999996
2022-12-01,02M,0.0,184.06099999999998
2023-12-01,02Y,0.0,313.51400000000007
2025-01-01,03L,0.0,275.61
2026-05-01,04V,0.0,425.25699999999995
2025-12-01,05Q,0.0,224.10399999999998
2023-12-01,06L,0.0,415.60100000000006
2023-09-01,06L,0.0,415.03
2026-01-01,06Q,0.0,426.28999999999996
2024-12-01,07H,0.0,335.5329999999999
2025-08-01,07H,0.0,337.677
2025-04-01,07K,0.0,280.1170000000001
2026-04-01,10Q,0.0,825.9929999999999
2024-06-01,11M,0.0,692.02
2025-02-01,14Y,0.0,596.0269999999999
2025-05-01,42D,0.0,569.1189999999999
2025-08-01,97R,0.0,577.4789999999999
2022-04-01,00N,82.71222,158.827
2023-03-01,00N,137.66859,159.13
2021-11-01,00P,98.9693,285.24799999999993
2026-03-01,00T,318.99766999999997,334.76699999999994
2024-08-01,00T,111.62111,332.8350000000001
2025-04-01,00T,412.50437999999997,333.886
2023-01-01,00V,157.8633,209.53500000000003
2025-04-01,00X,20.19607,193.912
2021-09-01,00Y,794.7039100000001,261.462
2022-12-01,00Y,636.0764499999999,263.59399999999994
2025-08-01,01D,76.47622,253.38700000000003
2022-07-01,01H,345.57677,329.973
2025-04-01,01J,79.64,173.973
2024-12-01,01K,23.61361,356.491
2023-12-01,01X,24.40198,201.60999999999996
2021-09-01,01Y,63.36569,219.53699999999998
2023-07-01,01Y,27.52924,222.89400000000003
2025-09-01,02E,41.09112,231.04200000000003
2023-03-01,02G,582.1207899999999,116.784
2023-05-01,02G,161.14189,116.846
2025-03-01,02X,359.9737,340.02600000000007
2024-11-01,02X,400.14143,339.56100000000004
2023-11-01,02Y,97.13474,313.17900000000003
2024-07-01,03F,40.38146,314.49800000000005
2021-11-01,03H,65.74222,171.329
2026-04-01,03K,219.05164000000002,184.90899999999993
2023-10-01,03K,88.73475,184.346
2021-07-01,03L,46.63789,265.68800000000005
2024-10-01,03N,962.4606099999999,640.9719999999999
2024-07-01,03N,1706.8074100000001,637.6160000000001
2026-05-01,03W,23.9957,361.92499999999995
2021-06-01,03W,72.41735,344.76000000000005
2023-09-01,04C,54.850030000000004,439.6159999999999
2025-10-01,04V,272.3288,424.869
2025-08-01,04V,108.50952,423.5870000000001
2024-11-01,04V,80.57029,422.5520000000001
2021-10-01,05G,1118.3506799999998,217.70199999999997
2023-11-01,05G,300.43655,230.91699999999994
2022-10-01,05Q,77.82133,219.50199999999995
2025-09-01,05Q,65.7354,223.99200000000002
2024-02-01,05V,24.44311,155.284
2024-11-01,05V,99.9654,156.39399999999998
2024-11-01,05W,648.31138,299.47499999999997
2024-06-01,05W,417.47123000000005,298.109
2026-06-01,06H,26.94,1050.311
2022-01-01,06L,23.40018,409.8010000000001
2026-02-01,06L,23.9968,419.23300000000006
2022-07-01,06N,793.62811,671.7160000000001
2023-03-01,06Q,35.70444,410.65299999999985
2022-11-01,06Q,35.61282,408.77700000000004
2022-04-01,06T,23.40479,365.77700000000004
2025-03-01,07G,94.64204000000001,190.70300000000003
2025-02-01,07G,102.18242000000001,190.85299999999995
2023-11-01,07H,24.38469,330.8179999999999
2024-03-01,11J,20.88335,831.5060000000001
2023-12-01,11J,155.10005,830.2470000000002
2023-07-01,11X,272.16758999999996,601.286
2022-07-01,12F,161.96086000000003,340.07300000000004
2021-08-01,15A,105.37947,560.5430000000001
2023-11-01,15C,424.63442,1083.0059999999994
2021-08-01,15C,160.45353,1046.749
2023-07-01,15E,3521.07011,1601.6879999999999
2026-06-01,15E,2532.5524800000007,1634.1760000000002
2025-08-01,15E,2209.07168,1647.788999999999
2022-04-01,15F,1432.2088300000003,910.116
2021-11-01,16C,313.63514,714.6949999999998
2022-01-01,26A,335.27455,1081.2279999999998
2024-09-01,71E,116.28473,822.8589999999998
2025-01-01,84H,409.24399,569.7380000000002
2023-09-01,91Q,396.30354,1999.8980000000015
2022-06-01,91Q,409.68491000000006,1968.6950000000002
2024-10-01,91Q,219.91782,2030.8720000000008
2023-07-01,92A,166.43788999999998,1287.7559999999996
2025-04-01,92G,145.55975,1012.4780000000003
2025-01-01,92G,99.56818,1013.1030000000002
2023-04-01,93C,195.80265,1781.515
2025-02-01,93C,234.46197999999998,1839.0690000000009
2024-09-01,A3A8R,370.31632,2449.834
2021-06-01,B2M3M,179.0326,1030.6930000000007
2025-11-01,B2M3M,70.77131,1125.456
2025-02-01,D9Y0V,543.68802,1930.7220000000004
2021-08-01,M1J4Y,851.1954400000001,1062.4439999999995
2024-09-01,M1J4Y,913.1323299999999,1140.994
2023-04-01,M2L0M,116.52529999999999,524.687
2023-10-01,M2L0M,31.58897,528.3480000000001
2022-12-01,U2G6B,20.25276,464.8980000000001
2023-12-01,X2C4Y,948.88258,458.138
2022-06-01,X2C4Y,969.0654400000001,451.153
2023-01-01,00J,0.0,0.0
2025-01-01,00J,0.0,0.0
2021-12-01,00K,0.0,0.0
2024-02-01,00K,0.0,0.0
2024-10-01,01R,0.0,0.0
2025-02-01,02R,0.0,0.0
2025-06-01,02V,0.0,0.0
2024-01-01,02V,0.0,0.0
2023-11-01,02W,0.0,0.0
2022-03-01,02W,0.0,0.0
2022-09-01,02W,0.0,0.0
2023-10-01,03M,0.0,0.0
2026-05-01,03T,0.0,0.0
2021-07-01,03Y,0.0,0.0
2025-05-01,03Y,0.0,0.0
2022-02-01,04D,0.0,0.0
2023-03-01,04D,0.0,0.0
2025-03-01,04D,0.0,0.0
2022-09-01,04E,0.0,0.0
2023-03-01,04E,0.0,0.0
2025-06-01,04F,0.0,0.0
2023-03-01,04F,0.0,0.0
2025-07-01,04G,0.0,0.0
2025-10-01,04J,0.0,0.0
2021-11-01,04J,0.0,0.0
2023-09-01,04L,0.0,0.0
2022-03-01,04L,0.0,0.0
2023-06-01,04M,0.0,0.0
2026-04-01,04Q,0.0,0.0
2022-09-01,04R,0.0,0.0
2022-05-01,04R,0.0,0.0
2022-05-01,04X,0.0,0.0
2024-05-01,04X,0.0,0.0
2022-04-01,04X,0.0,0.0
2023-09-01,05F,0.0,0.0
2023-08-01,05F,0.0,0.0
2026-06-01,05L,0.0,0.0
2024-07-01,05L,0.0,0.0
2021-07-01,05N,0.0,0.0
2023-02-01,05N,0.0,0.0
2021-12-01,05R,0.0,0.0
2025-03-01,05T,0.0,0.0
2024-09-01,05T,0.0,0.0
2024-01-01,05T,0.0,0.0
2021-10-01,05T,0.0,0.0
2025-08-01,05X,0.0,0.0
2022-09-01,05X,0.0,0.0
2025-04-01,06F,0.0,0.0
2021-06-01,06F,0.0,0.0
2025-08-01,06P,0.0,0.0
2022-06-01,06W,0.0,0.0
2022-07-01,06W,0.0,0.0
2023-09-01,06W,0.0,0.0
2022-04-01,07L,0.0,0.0
2022-03-01,07L,0.0,0.0
2026-06-01,07N,0.0,0.0
2025-01-01,07N,0.0,0.0
2026-04-01,07P,0.0,0.0
2025-02-01,07P,0.0,0.0
2023-01-01,07P,0.0,0.0
2025-10-01,07R,0.0,0.0
2024-09-01,07R,0.0,0.0
2024-05-01,07T,0.0,0.0
2021-08-01,08A,0.0,0.0
2025-07-01,08C,0.0,0.0
2024-12-01,08C,0.0,0.0
2024-04-01,08C,0.0,0.0
2022-03-01,08F,0.0,0.0
2023-05-01,08G,0.0,0.0
2026-03-01,08G,0.0,0.0
2023-01-01,08J,0.0,0.0
2022-12-01,08J,0.0,0.0
2025-02-01,08K,0.0,0.0
2024-10-01,08K,0.0,0.0
2024-11-01,08M,0.0,0.0
2026-06-01,08M,0.0,0.0
2022-01-01,08M,0.0,0.0
2026-02-01,08N,0.0,0.0
2023-10-01,08Q,0.0,0.0
2023-01-01,08Q,0.0,0.0
2025-09-01,08R,0.0,0.0
2025-10-01,08T,0.0,0.0
2026-05-01,08T,0.0,0.0
2023-04-01,08W,0.0,0.0
2022-04-01,08W,0.0,0.0
2022-02-01,08X,0.0,0.0
2024-11-01,08X,0.0,0.0
2024-09-01,09C,0.0,0.0
2021-07-01,09C,0.0,0.0
2021-11-01,09E,0.0,0.0
2022-02-01,09F,0.0,0.0
2021-06-01,09F,0.0,0.0
2024-08-01,09G,0.0,0.0
2024-09-01,09P,0.0,0.0
2022-05-01,09W,0.0,0.0
2024-05-01,09Y,0.0,0.0
2022-08-01,09Y,0.0,0.0
2022-11-01,10D,0.0,0.0
2025-04-01,10J,0.0,0.0
2024-10-01,10L,0.0,0.0
2026-06-01,10L,0.0,0.0
2024-12-01,10L,0.0,0.0
2026-04-01,10M,0.0,0.0
2022-09-01,10W,0.0,0.0
2026-02-01,10W,0.0,0.0
2021-11-01,11A,0.0,0.0
2024-01-01,11E,0.0,0.0
2021-08-01,11E,0.0,0.0
2021-08-01,11H,0.0,0.0
2025-03-01,12D,0.0,0.0
2026-03-01,12D,0.0,0.0
2024-04-01,13P,0.0,0.0
2021-12-01,13P,0.0,0.0
2024-09-01,15D,0.0,0.0
2024-11-01,99D,0.0,0.0
2024-01-01,99D,0.0,0.0
2023-08-01,99H,0.0,0.0
2022-03-01,99J,0.0,0.0
2024-04-01,99J,0.0,0.0
2025-05-01,99J,0.0,0.0
2024-03-01,99K,0.0,0.0
2022-03-01,99K,0.0,0.0
2024-06-01,99N,0.0,0.0
2022-11-01,99N,0.0,0.0
2026-03-01,99N,0.0,0.0
2026-06-01,99P,0.0,0.0
2023-04-01,99Q,0.0,0.0
2021-07-01,99Q,0.0,0.0
2026-04-01,D4U1Y,0.0,0.0
2024-06-01,00R,0.0,178.797
2022-12-01,00V,0.0,209.40499999999997
2025-05-01,00X,0.0,194.05200000000002
2022-12-01,01A,0.0,398.55600000000004
2025-10-01,01E,0.0,238.58599999999998
2024-02-01,01V,0.0,127.812
2024-09-01,02E,0.0,230.44099999999997
2024-03-01,02E,0.0,229.04599999999996
2023-06-01,02G,0.0,116.86099999999999
2024-12-01,02H,0.0,351.62699999999995
2024-09-01,02Q,0.0,127.47200000000002
2022-11-01,02Q,0.0,123.363
2025-08-01,03F,0.0,314.316
2023-04-01,03F,0.0,311.0329999999999
2025-05-01,03H,0.0,174.682
2025-06-01,03L,0.0,276.22499999999997
2026-04-01,05Q,0.0,224.076
2024-03-01,05Q,0.0,221.151
2024-02-01,06L,0.0,416.074
2026-01-01,06L,0.0,419.5739999999999
2021-11-01,06Q,0.0,403.93700000000007
2025-05-01,07H,0.0,336.57300000000015
2022-06-01,11X,0.0,595.5889999999998
2022-12-01,14Y,0.0,582.7
2025-05-01,99F,0.0,188.526
2024-05-01,99G,0.0,194.999
2026-01-01,99G,0.0,196.65499999999997
2023-10-01,00N,117.56346,159.65799999999996
2021-12-01,00R,28.44555,175.47600000000003
2024-09-01,00T,184.01483000000002,333.03599999999994
2025-10-01,00X,33.87913,194.85599999999997
2025-02-01,01D,313.18787999999995,252.267
2023-09-01,01D,495.31862,247.03299999999996
2024-08-01,01E,131.93184,231.22
2025-12-01,01F,155.76424,136.06799999999998
2025-01-01,01G,79.99329,322.03499999999997
2025-06-01,01G,56.56951,323.2710000000001
2023-02-01,01H,213.14578,331.8209999999999
2025-07-01,01H,20.1854,337.23499999999996
2024-12-01,01J,179.00815,173.696
2023-09-01,01K,18.44028,355.01
2023-08-01,01W,49.68959,325.233
2025-03-01,02E,140.38405,230.61300000000003
2022-03-01,02G,693.41711,115.21100000000001
2022-12-01,02G,117.32233,116.60300000000001
2024-11-01,02P,466.32000000000005,270.65
2022-01-01,02P,70.17573,265.1700000000001
2026-01-01,02Y,30.92532,320.258
2024-11-01,03F,26.18,314.72599999999994
2024-09-01,03H,63.54094,174.713
2021-10-01,03Q,13.70135,248.02400000000003
2022-08-01,03Q,198.47149000000002,247.60100000000003
2023-07-01,03Q,27.91029,250.84400000000002
2025-12-01,03R,20.52694,400.62
2021-11-01,04Y,1448.9599,135.87199999999996
2025-12-01,05D,35.82271,155.28400000000002
2023-05-01,05G,657.39004,218.60000000000002
2025-09-01,05G,188.11746,230.98899999999995
2025-03-01,05G,535.3323800000001,230.98000000000002
2021-07-01,05Q,37.06101,216.769
2024-04-01,05V,195.11171000000002,155.44400000000002
2025-09-01,05V,239.32277000000002,157.14799999999997
2021-07-01,05V,130.90563,151.133
2023-03-01,05V,127.02601,153.69299999999998
2024-05-01,06H,249.47943999999998,1048.2609999999997
2022-05-01,06K,65.01101,616.8030000000002
2023-06-01,06N,818.4520100000001,679.979
2023-11-01,06N,713.88031,684.1590000000001
2021-08-01,06T,23.33127,362.51099999999997
2021-09-01,07G,81.72641,183.81100000000004
2021-08-01,07G,105.1403,183.60999999999993
2024-09-01,07H,35.65761,334.80999999999995
2025-12-01,09D,40.46,330.59099999999995
2023-02-01,10Q,10.26506,807.5219999999998
2024-03-01,10Q,28.04019,818.384
2023-12-01,11N,210.04713,603.365
2023-01-01,11X,74.00032,599.2420000000001
2023-09-01,12F,257.23164,342.796
2022-08-01,12F,40.49046,340.41499999999996
2023-07-01,12F,48.70091,342.12699999999995
2021-12-01,13T,439.82043,537.594
2022-11-01,13T,490.34507999999994,544.6680000000001
2025-10-01,13T,90.30301999999999,562.206
2024-03-01,13T,400.15713,556.1849999999998
2021-06-01,14L,1189.5029000000002,677.3740000000003
2025-09-01,14L,1356.4282499999997,749.2010000000004
2025-08-01,15C,136.46501999999998,1096.028
2024-12-01,15E,1664.6629199999998,1644.7559999999994
2024-07-01,15E,3448.5512,1635.1930000000013
2023-09-01,15N,649.6886400000001,1284.8779999999995
2024-05-01,15N,346.76164,1294.0670000000005
2021-09-01,15N,421.43032,1261.032
2023-02-01,15N,1065.7569700000001,1282.1239999999998
2021-06-01,16C,118.14923999999999,711.9909999999999
2022-03-01,16C,1296.67189,717.4539999999998
2022-10-01,16C,127.59392000000001,721.0210000000003
2021-08-01,18C,83.38902,811.2430000000002
2023-09-01,26A,135.34715,1090.5079999999994
2024-03-01,26A,136.19754,1094.494
2022-03-01,36L,170.35273999999998,1728.7780000000005
2023-03-01,42D,106.30107999999998,559.6869999999999
2023-03-01,70F,80.82934,930.754
2024-09-01,70F,476.27061999999995,944.4349999999998
2021-06-01,71E,197.39861,799.6699999999995
2025-06-01,71E,175.76711,825.555
2022-06-01,72Q,3139.55073,2055.028000000001
2023-09-01,72Q,228.33685999999997,2087.0499999999984
2024-02-01,72Q,979.74738,2103.420000000001
2024-08-01,84H,489.01820000000004,566.4179999999998
2025-09-01,84H,20.52922,568.6310000000001
2024-04-01,92A,544.5198800000001,1296.18
2025-11-01,92A,495.6,1303.638
2023-06-01,97R,188.10243000000003,572.1629999999999
2022-06-01,99G,47.36729,190.48799999999997
2022-02-01,A3A8R,602.9331,2350.561000000001
2022-12-01,A3A8R,832.50628,2392.425
2026-06-01,B2M3M,79.41416,1115.2489999999998
2024-08-01,D2P2L,662.3258799999999,1337.2649999999994
2023-07-01,D2P2L,659.80207,1311.5970000000004
2022-07-01,M1J4Y,656.6234099999999,1083.26
2023-11-01,U2G6B,24.38469,491.99600000000004
2022-02-01,U2G6B,200.39624000000003,457.68
2026-06-01,W2U3Z,523.42668,2893.0999999999976
2025-12-01,W2U3Z,18.12937,2943.5669999999977
2026-04-01,X2C4Y,448.2994,461.74300000000005
2022-12-01,00D,0.0,0.0
2022-04-01,00D,0.0,0.0
2021-07-01,00J,0.0,0.0
2025-07-01,00J,0.0,0.0
2026-01-01,00J,0.0,0.0
2026-02-01,00K,0.0,0.0
2023-06-01,00K,0.0,0.0
2021-11-01,00M,0.0,0.0
2024-07-01,02F,0.0,0.0
2025-04-01,02F,0.0,0.0
2023-06-01,02R,0.0,0.0
2026-04-01,02R,0.0,0.0
2022-12-01,02R,0.0,0.0
2024-04-01,02V,0.0,0.0
2021-09-01,02V,0.0,0.0
2026-01-01,03A,0.0,0.0
2022-08-01,03A,0.0,0.0
2022-05-01,03M,0.0,0.0
2025-11-01,03Y,0.0,0.0
2021-12-01,03Y,0.0,0.0
2022-08-01,04D,0.0,0.0
2026-06-01,04D,0.0,0.0
2023-12-01,04E,0.0,0.0
2025-03-01,04E,0.0,0.0
2024-08-01,04F,0.0,0.0
2023-01-01,04G,0.0,0.0
2025-02-01,04H,0.0,0.0
2026-04-01,04L,0.0,0.0
2026-02-01,04M,0.0,0.0
2022-09-01,04M,0.0,0.0
2025-03-01,04Q,0.0,0.0
2024-06-01,05C,0.0,0.0
2025-03-01,05C,0.0,0.0
2025-10-01,05C,0.0,0.0
2025-09-01,05C,0.0,0.0
2025-01-01,05F,0.0,0.0
2025-01-01,05H,0.0,0.0
2022-12-01,05L,0.0,0.0
2024-03-01,05N,0.0,0.0
2025-09-01,05R,0.0,0.0
2022-07-01,05R,0.0,0.0
2026-04-01,05R,0.0,0.0
2024-03-01,05R,0.0,0.0
2023-02-01,05T,0.0,0.0
2025-01-01,05Y,0.0,0.0
2024-05-01,06A,0.0,0.0
2025-08-01,06A,0.0,0.0
2021-10-01,06F,0.0,0.0
2026-04-01,06F,0.0,0.0
2022-05-01,06P,0.0,0.0
2023-04-01,06W,0.0,0.0
2023-03-01,06Y,0.0,0.0
2024-01-01,07L,0.0,0.0
2023-06-01,07M,0.0,0.0
2022-01-01,07N,0.0,0.0
2021-09-01,07R,0.0,0.0
2022-11-01,07R,0.0,0.0
2024-10-01,07R,0.0,0.0
2024-07-01,07T,0.0,0.0
2023-05-01,07V,0.0,0.0
2026-06-01,07X,0.0,0.0
2023-11-01,07Y,0.0,0.0
2024-01-01,07Y,0.0,0.0
2022-11-01,08A,0.0,0.0
2025-08-01,08E,0.0,0.0
2022-01-01,08G,0.0,0.0
2025-02-01,08H,0.0,0.0
2023-03-01,08H,0.0,0.0
2022-07-01,08K,0.0,0.0
2025-10-01,08L,0.0,0.0
2023-06-01,08L,0.0,0.0
2025-11-01,08L,0.0,0.0
2022-10-01,08N,0.0,0.0
2026-02-01,08Q,0.0,0.0
2021-10-01,08Q,0.0,0.0
2025-07-01,08R,0.0,0.0
2025-12-01,08W,0.0,0.0
2021-06-01,08X,0.0,0.0
2022-05-01,08X,0.0,0.0
2023-12-01,08Y,0.0,0.0
2024-01-01,09A,0.0,0.0
2025-12-01,09A,0.0,0.0
2026-04-01,09A,0.0,0.0
2022-10-01,09C,0.0,0.0
2025-08-01,09C,0.0,0.0
2021-09-01,09C,0.0,0.0
2025-03-01,09C,0.0,0.0
2024-05-01,09E,0.0,0.0
2023-08-01,09L,0.0,0.0
2025-05-01,09P,0.0,0.0
2021-06-01,09W,0.0,0.0
2022-07-01,10A,0.0,0.0
2026-06-01,10C,0.0,0.0
2023-01-01,10C,0.0,0.0
2021-10-01,10C,0.0,0.0
2021-11-01,10D,0.0,0.0
2021-12-01,10D,0.0,0.0
2025-01-01,10E,0.0,0.0
2024-07-01,10L,0.0,0.0
2022-12-01,10L,0.0,0.0
2025-10-01,10L,0.0,0.0
2022-10-01,10L,0.0,0.0
2025-07-01,10V,0.0,0.0
2024-09-01,10V,0.0,0.0
2022-10-01,10V,0.0,0.0
2025-10-01,10W,0.0,0.0
2024-04-01,10X,0.0,0.0
2025-01-01,11A,0.0,0.0
2025-06-01,11E,0.0,0.0
2022-10-01,11E,0.0,0.0
2021-06-01,11E,0.0,0.0
2023-11-01,11E,0.0,0.0
2021-07-01,11H,0.0,0.0
2025-06-01,11H,0.0,0.0
2022-12-01,11H,0.0,0.0
2023-04-01,11T,0.0,0.0
2026-01-01,11T,0.0,0.0
2022-10-01,12D,0.0,0.0
2025-05-01,13P,0.0,0.0
2023-08-01,13P,0.0,0.0
2022-12-01,15D,0.0,0.0
2024-07-01,99D,0.0,0.0
2024-07-01,99H,0.0,0.0
2026-04-01,99J,0.0,0.0
2021-06-01,99M,0.0,0.0
2025-10-01,99N,0.0,0.0
2024-08-01,99N,0.0,0.0
2023-10-01,99P,0.0,0.0
2023-02-01,99Q,0.0,0.0
2024-01-01,99Q,0.0,0.0
2021-10-01,99Q,0.0,0.0
2023-06-01,99Q,0.0,0.0
2023-03-01,99Q,0.0,0.0
2026-01-01,00N,0.0,159.38300000000004
2026-02-01,00Q,0.0,188.47700000000006
2023-05-01,00Q,0.0,183.187
2024-06-01,00X,0.0,192.25799999999998
2024-11-01,00X,0.0,193.19400000000005
2026-02-01,01A,0.0,410.8399999999999
2025-10-01,01A,0.0,411.765
2024-08-01,01J,0.0,173.10100000000006
2023-10-01,01V,0.0,127.432
2022-09-01,01W,0.0,322.3810000000001
2025-09-01,02M,0.0,187.98099999999997
2022-09-01,02Q,0.0,123.04899999999999
2025-10-01,02T,0.0,225.987
2024-05-01,03H,0.0,174.18199999999993
2025-12-01,03H,0.0,174.66
2025-05-01,03L,0.0,275.95799999999997
2021-11-01,03R,0.0,387.32999999999987
2022-09-01,03W,0.0,354.653
2023-02-01,03W,0.0,355.106
2023-11-01,05Q,0.0,220.90000000000003
2024-10-01,06T,0.0,377.12800000000004
2026-01-01,06T,0.0,382.033
2023-12-01,06T,0.0,374.7109999999999
2024-01-01,10Q,0.0,817.6030000000003
2022-09-01,10Q,0.0,797.5499999999998
2025-09-01,11M,0.0,698.3829999999999
2023-12-01,14Y,0.0,588.19
2026-01-01,26A,0.0,1102.1879999999999
2024-09-01,52R,0.0,1146.1089999999992
2025-02-01,99F,0.0,188.22799999999998
2023-04-01,U2G6B,0.0,467.487
2025-09-01,00P,178.70078999999998,295.229
2023-06-01,00P,26.11401,290.38100000000003
2025-07-01,00V,222.98205000000002,212.75700000000003
2024-10-01,00Y,73.61961,269.627
2023-01-01,01A,14.45958,398.709
2025-07-01,01A,20.52924,411.4389999999999
2023-04-01,01A,20.39193,399.8110000000001
2024-11-01,01D,85.34682000000001,251.98699999999997
2023-08-01,01D,158.13503000000003,246.73
2025-08-01,01E,93.05375000000001,236.21399999999997
2022-07-01,01F,143.55931999999999,135.017
2024-11-01,01G,164.21808,321.44199999999995
2021-09-01,01G,179.09593,294.3669999999999
2022-08-01,01H,161.87502,330.329
2024-08-01,01H,81.40384,335.762
2021-06-01,01H,849.2573199999999,327.514
2025-12-01,01J,40.46,174.35999999999999
2023-06-01,01W,20.8824,324.504
2022-09-01,01X,127.66141,200.636
2026-06-01,01Y,245.02222,228.64
2023-12-01,01Y,68.24794,224.28599999999997
2023-02-01,02A,72.0935,248.014
2025-03-01,02A,92.45873999999999,249.344
2022-12-01,02A,174.3193,247.69399999999993
2021-10-01,02E,19.69009,222.483
2024-10-01,02G,321.85943,117.81999999999998
2022-09-01,02H,50.41643,340.009
2025-02-01,02Q,159.35534,128.02199999999996
2022-08-01,03H,65.86955,172.09500000000003
2022-12-01,03H,84.61359,172.35200000000003
2026-06-01,03H,17.93914,174.56
2024-04-01,03K,61.14208000000001,184.777
2021-12-01,03L,50.988569999999996,266.48699999999997
2022-05-01,04C,43.97463,426.93299999999994
2026-01-01,04C,21.18458,448.21100000000007
2023-01-01,04V,562.08701,413.85999999999996
2023-04-01,04Y,112.42459,137.19
2022-07-01,05D,37.16143,148.635
2023-05-01,05D,141.82182,150.94899999999998
2025-10-01,05D,52.71,155.27900000000002
2022-08-01,05G,1520.06493,217.68900000000002
2023-09-01,06H,24.26903,1038.3509999999999
2023-07-01,06H,141.44077,1037.0179999999998
2021-07-01,06K,799.9161399999999,614.7160000000001
2025-05-01,06K,87.87254999999999,636.2620000000001
2023-08-01,06N,817.79985,682.1170000000002
2022-03-01,06N,19.77249,669.1229999999999
2025-10-01,06N,786.7797999999999,694.333
2024-01-01,07G,231.44772999999998,188.37499999999994
2024-08-01,07G,47.22718,190.47399999999996
2023-01-01,07H,71.16452,326.87700000000007
2021-10-01,07H,142.42768999999998,323.76000000000005
2024-05-01,11J,150.38002,832.3589999999997
2025-11-01,11J,18.24695,831.851
2021-10-01,11N,114.21428999999999,596.0079999999999
2025-08-01,11X,20.52925,608.706
2024-09-01,11X,93.53888,607.3039999999999
2025-05-01,14L,860.0752400000001,750.1720000000003
2021-10-01,14L,576.31778,684.542
2021-08-01,14L,746.08688,679.5469999999996
2025-04-01,14Y,88.25962,596.1750000000002
2021-10-01,14Y,19.93546,576.122
2022-11-01,15A,32.89493,575.7260000000002
2025-07-01,15E,3022.231569999999,1647.7320000000004
2023-06-01,15F,372.54761,921.8520000000003
2025-04-01,15M,218.80331,1142.546
2025-06-01,15N,292.76125,1296.7480000000003
2021-08-01,16C,571.9363,713.0289999999999
2023-04-01,27D,149.0537,806.4380000000002
2024-12-01,27D,303.98729000000003,821.4979999999999
2025-12-01,27D,148.40143,825.0899999999999
2021-11-01,36J,819.5815799999999,646.851
2024-03-01,36L,512.99566,1763.7610000000009
2023-03-01,36L,309.73515,1747.35
2023-04-01,84H,445.50561999999996,563.7949999999998
2022-01-01,91Q,538.29841,1958.8649999999986
2023-11-01,91Q,155.24642,2005.6419999999996
2023-05-01,91Q,392.65851000000004,1990.5979999999993
2023-01-01,91Q,278.70563000000004,1983.331999999999
2024-02-01,93C,384.91322,1806.6809999999994
2023-08-01,93C,238.47949999999997,1788.0330000000013
2025-03-01,97R,103.1381,577.0919999999999
2026-01-01,97R,14.62292,576.9879999999999
2025-07-01,99C,319.3046,228.971
2023-11-01,99E,18.5406,291.598
2023-08-01,99E,48.60313,290.56499999999994
2024-08-01,99E,209.25662,294.11199999999997
2024-02-01,99G,24.45551,194.35399999999996
2023-02-01,A3A8R,560.0921400000001,2400.7320000000013
2025-07-01,A3A8R,1246.52145,2482.4169999999986
2022-12-01,B2M3M,270.89012,1069.6850000000002
2023-01-01,B2M3M,269.14307999999994,1070.3130000000003
2021-10-01,B2M3M,211.6744,1042.0969999999998
2023-05-01,D2P2L,975.1004799999998,1307.1000000000004
2026-06-01,M1J4Y,401.52744000000007,1144.5659999999998
2023-07-01,M1J4Y,595.53539,1109.1219999999994
2023-10-01,U2G6B,55.3845,490.7660000000001
2024-06-01,X2C4Y,368.65716,460.23800000000006
2025-04-01,X2C4Y,262.59171,462.36599999999993
2026-03-01,X2C4Y,802.38672,461.943
2025-07-01,00D,0.0,0.0
2026-05-01,00D,0.0,0.0
2021-10-01,00J,0.0,0.0
2023-10-01,02F,0.0,0.0
2021-06-01,02R,0.0,0.0
2024-06-01,02W,0.0,0.0
2021-06-01,02W,0.0,0.0
2024-11-01,03A,0.0,0.0
2021-11-01,03J,0.0,0.0
2025-03-01,03J,0.0,0.0
2024-02-01,03J,0.0,0.0
2023-11-01,03J,0.0,0.0
2023-04-01,03J,0.0,0.0
2023-08-01,03M,0.0,0.0
2022-11-01,03T,0.0,0.0
2025-12-01,03Y,0.0,0.0
2025-02-01,03Y,0.0,0.0
2023-07-01,04D,0.0,0.0
2021-10-01,04D,0.0,0.0
2022-04-01,04E,0.0,0.0
2022-07-01,04E,0.0,0.0
2023-10-01,04E,0.0,0.0
2025-01-01,04F,0.0,0.0
2024-04-01,04F,0.0,0.0
2025-08-01,04G,0.0,0.0
2023-09-01,04G,0.0,0.0
2023-08-01,04H,0.0,0.0
2023-04-01,04J,0.0,0.0
2024-12-01,04L,0.0,0.0
2021-12-01,04L,0.0,0.0
2024-08-01,04L,0.0,0.0
2024-01-01,04M,0.0,0.0
2021-08-01,04Q,0.0,0.0
2026-05-01,04Q,0.0,0.0
2023-08-01,04Q,0.0,0.0
2021-10-01,04X,0.0,0.0
2024-04-01,04X,0.0,0.0
2026-03-01,05C,0.0,0.0
2025-07-01,05C,0.0,0.0
2022-06-01,05F,0.0,0.0
2026-06-01,05R,0.0,0.0
2023-02-01,05R,0.0,0.0
2022-01-01,05T,0.0,0.0
2022-06-01,05T,0.0,0.0
2026-04-01,05Y,0.0,0.0
2023-02-01,06D,0.0,0.0
2023-04-01,06D,0.0,0.0
2022-12-01,06F,0.0,0.0
2022-03-01,06F,0.0,0.0
2022-06-01,06P,0.0,0.0
2026-06-01,06P,0.0,0.0
2025-07-01,06W,0.0,0.0
2021-08-01,06W,0.0,0.0
2024-03-01,06Y,0.0,0.0
2024-07-01,06Y,0.0,0.0
2022-11-01,06Y,0.0,0.0
2024-12-01,07L,0.0,0.0
2026-01-01,07M,0.0,0.0
2021-06-01,07P,0.0,0.0
2023-06-01,07P,0.0,0.0
2021-12-01,07P,0.0,0.0
2025-02-01,07R,0.0,0.0
2024-04-01,07R,0.0,0.0
2022-05-01,07T,0.0,0.0
2023-06-01,07V,0.0,0.0
2021-09-01,07V,0.0,0.0
2022-02-01,07W,0.0,0.0
2023-01-01,07W,0.0,0.0
2021-11-01,07X,0.0,0.0
2024-08-01,07Y,0.0,0.0
2022-05-01,08E,0.0,0.0
2023-08-01,08F,0.0,0.0
2023-12-01,08F,0.0,0.0
2023-06-01,08F,0.0,0.0
2021-08-01,08G,0.0,0.0
2025-01-01,08H,0.0,0.0
2022-11-01,08K,0.0,0.0
2026-03-01,08L,0.0,0.0
2022-01-01,08L,0.0,0.0
2023-09-01,08M,0.0,0.0
2026-01-01,08M,0.0,0.0
2021-06-01,08N,0.0,0.0
2022-05-01,08N,0.0,0.0
2026-04-01,08N,0.0,0.0
2025-02-01,08N,0.0,0.0
2022-05-01,08Q,0.0,0.0
2023-03-01,08Q,0.0,0.0
2022-12-01,08R,0.0,0.0
2023-02-01,08W,0.0,0.0
2025-07-01,08W,0.0,0.0
2022-12-01,08X,0.0,0.0
2021-12-01,09A,0.0,0.0
2025-07-01,09C,0.0,0.0
2022-08-01,09E,0.0,0.0
2023-11-01,09F,0.0,0.0
2022-05-01,09G,0.0,0.0
2024-08-01,09J,0.0,0.0
2021-07-01,09J,0.0,0.0
2024-11-01,09J,0.0,0.0
2022-09-01,09J,0.0,0.0
2025-08-01,09W,0.0,0.0
2023-08-01,09W,0.0,0.0
2023-10-01,10D,0.0,0.0
2024-12-01,10D,0.0,0.0
2024-03-01,10D,0.0,0.0
2024-05-01,10D,0.0,0.0
2021-10-01,10K,0.0,0.0
2023-01-01,10L,0.0,0.0
2024-04-01,10L,0.0,0.0
2023-10-01,10M,0.0,0.0
2023-03-01,10V,0.0,0.0
2025-01-01,10W,0.0,0.0
2022-04-01,11H,0.0,0.0
2025-09-01,11T,0.0,0.0
2026-06-01,12D,0.0,0.0
2025-09-01,12D,0.0,0.0
2024-11-01,15D,0.0,0.0
2025-06-01,99D,0.0,0.0
2022-11-01,99H,0.0,0.0
2021-12-01,99H,0.0,0.0
2023-12-01,99H,0.0,0.0
2026-02-01,99J,0.0,0.0
2025-07-01,99J,0.0,0.0
2025-07-01,99K,0.0,0.0
2024-03-01,99M,0.0,0.0
2022-06-01,99M,0.0,0.0
2021-09-01,99N,0.0,0.0
2021-12-01,D4U1Y,0.0,0.0
2025-08-01,00V,0.0,212.76599999999996
2022-11-01,00X,0.0,189.165
2025-10-01,01G,0.0,325.5610000000001
2024-04-01,01W,0.0,326.91099999999994
2026-05-01,01X,0.0,204.51200000000003
2023-12-01,02H,0.0,347.07399999999996
2025-03-01,02H,0.0,352.0919999999999
2022-08-01,02M,0.0,183.226
2026-06-01,02M,0.0,188.135
2025-11-01,02P,0.0,270.658
2022-07-01,02P,0.0,266.0709999999999
2023-08-01,02T,0.0,223.87399999999997
2024-08-01,02T,0.0,225.267
2023-08-01,03L,0.0,271.013
2025-12-01,04Y,0.0,140.725
2024-06-01,06K,0.0,632.5630000000001
2024-06-01,06Q,0.0,418.66799999999995
2025-02-01,06Q,0.0,422.928
2026-04-01,09D,0.0,326.322
2022-10-01,10Q,0.0,801.0889999999999
2022-07-01,10Q,0.0,797.2179999999998
2021-11-01,11M,0.0,672.1949999999999
2022-10-01,11M,0.0,679.322
2026-01-01,11N,0.0,605.6610000000001
2022-06-01,14Y,0.0,579.749
2025-09-01,18C,0.0,835.136
2025-11-01,18C,0.0,835.1989999999997
2026-02-01,52R,0.0,1155.9089999999999
2021-11-01,99G,0.0,190.333
2025-02-01,00N,38.501509999999996,159.96499999999997
2024-02-01,00P,155.15764000000001,293.932
2025-01-01,00P,61.85515,295.55
2026-01-01,00T,315.4601,335.1460000000001
2024-09-01,00V,95.74018,212.35900000000004
2024-03-01,00X,28.0348,191.65900000000005
2022-01-01,01D,156.64479999999998,241.95499999999998
2024-04-01,01E,288.51083,230.21199999999996
2025-01-01,01F,415.41471,136.803
2022-09-01,01F,124.1472,135.044
2022-02-01,01G,103.87738,300.5149999999999
2022-09-01,01H,231.94684,330.8640000000001
2022-06-01,01K,61.9517,354.37999999999994
2024-08-01,01T,139.69711,160.426
2024-02-01,01X,26.15164,201.88
2022-11-01,01Y,176.41409,221.09500000000003
2022-09-01,01Y,185.1629,220.995
2023-09-01,02A,29.33426,248.538
2021-07-01,02M,59.83597999999999,180.99
2024-07-01,02P,172.78215,270.072
2023-11-01,02X,211.13204000000002,334.9509999999999
2025-09-01,02X,216.44981,341.354
2025-11-01,03H,12.51429,174.76100000000005
2022-06-01,03K,53.32314,183.80900000000003
2024-06-01,04V,282.28471,420.3079999999999
2025-09-01,04V,108.5094,423.857
2023-07-01,04Y,112.88710999999999,137.72299999999998
2024-03-01,04Y,73.25192,139.64999999999998
2022-07-01,04Y,1476.21487,136.286
2023-03-01,05D,425.94514,150.557
2026-01-01,05V,73.74661,157.037
2023-10-01,05V,182.29635,154.958
2021-06-01,05W,1874.50544,296.50899999999996
2022-06-01,05W,1842.2025599999993,298.55600000000004
2022-10-01,06H,93.91716999999998,1023.0810000000001
2026-05-01,06K,188.52999999999997,635.9029999999999
2021-09-01,06K,165.66766,615.7130000000002
2022-01-01,06N,63.62715,668.4900000000001
2023-05-01,06N,781.9554499999999,679.0659999999998
2024-03-01,06N,714.95667,686.2469999999998
2021-09-01,06N,718.1305199999999,666.9689999999999
2025-02-01,06T,20.19691,379.517
2022-06-01,07G,71.06954999999999,184.609
2022-07-01,10R,39.82934,230.92199999999997
2024-12-01,11J,23.61361,833.1380000000003
2021-10-01,11M,472.17075,671.7199999999999
2022-11-01,11X,110.81751999999999,598.8679999999998
2023-05-01,11X,118.57097,600.5980000000001
2025-01-01,11X,90.77877000000001,608.4480000000001
2022-01-01,12F,14.26023,339.3420000000001
2023-10-01,12F,139.87594,342.7749999999999
2022-05-01,12F,230.69105,339.633
2026-01-01,13T,214.43857000000003,562.1840000000001
2024-04-01,13T,320.37766999999997,556.325
2022-01-01,13T,361.5996,538.2150000000001
2022-07-01,13T,74.41636,539.4649999999999
2023-04-01,13T,268.63242,547.59
2023-03-01,14L,1080.92006,716.2119999999999
2022-08-01,15C,47.957449999999994,1062.3329999999999
2026-03-01,15F,425.42208,941.946
2022-06-01,15F,1472.6462199999999,909.7790000000001
2022-12-01,15M,42.96427,1117.5109999999995
2022-11-01,18C,17.88883,820.3799999999998
2021-12-01,27D,188.09175000000002,794.0410000000003
2024-07-01,36J,549.12131,668.167
2023-06-01,36J,1300.4724199999998,658.601
2021-08-01,36J,1005.1734199999997,647.1730000000001
2025-08-01,36L,67.87982,1777.8610000000006
2022-10-01,36L,133.58616999999998,1737.8759999999997
2022-06-01,42D,156.00337000000002,555.656
2022-12-01,42D,94.42993,558.8129999999999
2023-08-01,71E,215.4488,816.2010000000002
2025-12-01,71E,133.0448,825.3059999999999
2022-10-01,72Q,2997.666979999999,2061.218
2022-01-01,84H,285.40833,561.0389999999999
2026-01-01,84H,238.64616999999998,571.858
2025-10-01,92A,348.34326,1304.6550000000002
2024-06-01,93C,451.26364,1812.6549999999997
2023-07-01,97R,36.57567,572.8580000000001
2021-08-01,97R,89.9591,564.988
2021-10-01,97R,60.809689999999996,565.5229999999999
2026-04-01,99E,114.20703999999999,295.872
2022-08-01,A3A8R,441.20907,2372.238000000002
2025-04-01,B2M3M,284.07735,1118.7410000000002
2024-02-01,D2P2L,488.85718999999995,1327.8809999999994
2023-01-01,M1J4Y,625.12271,1094.9449999999997
2025-09-01,M1J4Y,553.64,1149.31
2022-12-01,M2L0M,39.40885,523.319
2023-08-01,U2G6B,65.68036,488.867
2023-02-01,U2G6B,175.88215,466.5430000000002
2022-01-01,U2G6B,20.01363,457.534
2024-11-01,U2G6B,47.22725,500.0729999999999
2021-08-01,X2C4Y,896.64195,448.25499999999994
2021-10-01,X2C4Y,1585.67178,448.8199999999999
2023-09-01,00J,0.0,0.0
2025-05-01,00J,0.0,0.0
2023-04-01,00K,0.0,0.0
2021-09-01,00K,0.0,0.0
2022-08-01,00K,0.0,0.0
2025-11-01,00M,0.0,0.0
2024-08-01,01R,0.0,0.0
2023-03-01,01R,0.0,0.0
2023-07-01,02F,0.0,0.0
2026-01-01,02F,0.0,0.0
2022-08-01,02F,0.0,0.0
2024-08-01,02W,0.0,0.0
2026-05-01,03A,0.0,0.0
2025-05-01,03A,0.0,0.0
2023-02-01,03J,0.0,0.0
2022-12-01,03J,0.0,0.0
2023-08-01,03T,0.0,0.0
2025-04-01,03T,0.0,0.0
2024-02-01,04E,0.0,0.0
2025-11-01,04G,0.0,0.0
2021-10-01,04H,0.0,0.0
2022-09-01,04J,0.0,0.0
2025-12-01,04J,0.0,0.0
2024-02-01,04L,0.0,0.0
2022-11-01,04L,0.0,0.0
2021-12-01,04M,0.0,0.0
2022-11-01,04R,0.0,0.0
2023-06-01,04R,0.0,0.0
2021-12-01,04R,0.0,0.0
2025-11-01,04R,0.0,0.0
2023-10-01,04R,0.0,0.0
2022-08-01,04R,0.0,0.0
2022-03-01,04X,0.0,0.0
2026-03-01,05A,0.0,0.0
2026-06-01,05C,0.0,0.0
2024-01-01,05F,0.0,0.0
2025-12-01,05H,0.0,0.0
2024-07-01,05H,0.0,0.0
2022-11-01,05H,0.0,0.0
2023-01-01,05L,0.0,0.0
2025-01-01,05N,0.0,0.0
2022-08-01,05R,0.0,0.0
2021-12-01,05T,0.0,0.0
2025-06-01,05T,0.0,0.0
2021-08-01,05T,0.0,0.0
2023-12-01,05X,0.0,0.0
2023-07-01,06D,0.0,0.0
2025-11-01,06F,0.0,0.0
2024-12-01,06M,0.0,0.0
2022-08-01,06M,0.0,0.0
2023-04-01,06P,0.0,0.0
2025-02-01,06W,0.0,0.0
2025-07-01,06Y,0.0,0.0
2025-08-01,06Y,0.0,0.0
2021-12-01,07L,0.0,0.0
2025-08-01,07M,0.0,0.0
2022-05-01,07M,0.0,0.0
2025-07-01,07P,0.0,0.0
2022-08-01,07R,0.0,0.0
2023-02-01,07R,0.0,0.0
2024-10-01,07X,0.0,0.0
2023-02-01,08A,0.0,0.0
2024-02-01,08D,0.0,0.0
2026-01-01,08F,0.0,0.0
2021-09-01,08G,0.0,0.0
2023-06-01,08H,0.0,0.0
2022-09-01,08H,0.0,0.0
2022-11-01,08J,0.0,0.0
2026-03-01,08J,0.0,0.0
2025-10-01,08K,0.0,0.0
2022-09-01,08M,0.0,0.0
2025-08-01,08M,0.0,0.0
2024-08-01,08N,0.0,0.0
2023-11-01,08N,0.0,0.0
2025-04-01,08Q,0.0,0.0
2021-09-01,08Q,0.0,0.0
2024-07-01,08T,0.0,0.0
2023-12-01,08T,0.0,0.0
2022-08-01,08V,0.0,0.0
2023-07-01,08W,0.0,0.0
2022-01-01,08X,0.0,0.0
2025-04-01,08Y,0.0,0.0
2021-09-01,08Y,0.0,0.0
2025-04-01,09C,0.0,0.0
2026-05-01,09C,0.0,0.0
2021-09-01,09G,0.0,0.0
2024-12-01,09G,0.0,0.0
2025-01-01,09J,0.0,0.0
2023-10-01,09J,0.0,0.0
2023-05-01,09L,0.0,0.0
2024-08-01,09Y,0.0,0.0
2021-07-01,09Y,0.0,0.0
2023-07-01,10A,0.0,0.0
2025-04-01,10A,0.0,0.0
2023-02-01,10C,0.0,0.0
2022-02-01,10D,0.0,0.0
2022-08-01,10E,0.0,0.0
2025-06-01,10J,0.0,0.0
2024-12-01,10J,0.0,0.0
2025-03-01,10J,0.0,0.0
2022-09-01,10K,0.0,0.0
2023-03-01,10K,0.0,0.0
2025-05-01,10K,0.0,0.0
2025-08-01,10M,0.0,0.0
2024-03-01,10W,0.0,0.0
2023-12-01,10W,0.0,0.0
2023-05-01,10X,0.0,0.0
2025-12-01,11A,0.0,0.0
2026-05-01,11E,0.0,0.0
2026-04-01,11H,0.0,0.0
2022-01-01,11T,0.0,0.0
2024-12-01,11T,0.0,0.0
2025-05-01,11T,0.0,0.0
2025-04-01,12D,0.0,0.0
2024-08-01,12D,0.0,0.0
2022-07-01,99J,0.0,0.0
2025-05-01,99M,0.0,0.0
2023-11-01,99M,0.0,0.0
2026-05-01,99M,0.0,0.0
2021-07-01,D4U1Y,0.0,0.0
2025-09-01,D4U1Y,0.0,0.0
2022-08-01,00R,0.0,176.63799999999998
2025-10-01,00Y,0.0,269.21799999999996
2022-06-01,01A,0.0,396.3319999999999
2026-03-01,01W,0.0,330.758
2023-11-01,01X,0.0,201.41
2025-10-01,02M,0.0,187.91400000000002
2021-10-01,02M,0.0,181.846
2026-04-01,02P,0.0,270.519
2024-03-01,02Q,0.0,126.231
2025-01-01,02T,0.0,225.737
2026-01-01,03F,0.0,314.2119999999999
2023-09-01,03F,0.0,311.5400000000001
2021-06-01,03L,0.0,265.27000000000004
2024-08-01,03R,0.0,398.9199999999999
2022-10-01,03W,0.0,354.813
2022-12-01,04Y,0.0,136.74399999999997
2025-09-01,06T,0.0,380.9319999999999
2025-05-01,06T,0.0,380.13699999999994
2022-11-01,07K,0.0,273.56600000000003
2024-08-01,09D,0.0,332.5090000000001
2021-12-01,09D,0.0,328.9330000000001
2023-08-01,09D,0.0,329.91299999999995
2023-06-01,10Q,0.0,807.8859999999996
2025-07-01,10Q,0.0,828.2089999999997
2025-06-01,10R,0.0,235.51500000000001
2026-04-01,11M,0.0,698.3459999999998
2021-08-01,11M,0.0,669.8750000000001
2025-06-01,26A,0.0,1100.2779999999993
2023-10-01,78H,0.0,832.5410000000002
2022-07-01,97R,0.0,568.2620000000001
2022-12-01,99F,0.0,187.01000000000002
2025-02-01,00L,12.76858,341.746
2022-01-01,00N,154.38085999999998,158.713
2022-08-01,00N,206.54288000000003,158.96300000000005
2024-12-01,00P,61.85514,295.6149999999999
2026-06-01,00V,26.85294,211.38800000000003
2022-02-01,00V,55.77243,208.627
2023-07-01,01F,48.60117,135.77399999999997
2023-07-01,01T,31.76054,158.25000000000003
2025-01-01,01T,672.6402300000001,161.01900000000003
2024-11-01,01Y,73.36169000000001,227.998
2024-12-01,02A,138.22003,249.45
2021-11-01,02G,154.96445,114.778
2021-09-01,02G,314.58494,113.97200000000002
2023-07-01,02H,51.97337,344.37700000000007
2021-06-01,02H,102.20996,335.5829999999999
2022-03-01,02H,30.183950000000003,338.1789999999998
2024-12-01,02X,40.38147,339.8129999999998
2023-02-01,03F,23.73945,310.28600000000006
2025-06-01,03H,41.0465,174.70999999999998
2025-10-01,03H,37.74064,174.75100000000003
2025-09-01,03H,98.33384,174.79099999999997
2022-02-01,03K,78.06637,183.732
2022-04-01,03N,1287.8740500000001,618.8539999999997
2022-06-01,03W,188.48689000000002,353.287
2025-09-01,04C,164.06923999999998,447.78600000000006
2022-02-01,04Y,14.55157,136.02900000000002
2021-07-01,04Y,1448.61044,135.72
2021-08-01,04Y,14.50578,135.82999999999998
2021-07-01,05D,23.32515,147.16299999999998
2022-11-01,05D,117.13175,149.577
2024-10-01,05V,225.54878,156.305
2021-08-01,05V,93.33747,151.26500000000001
2022-05-01,05V,365.67470999999995,152.361
2024-07-01,05W,426.4985,298.447
2022-12-01,05W,707.87313,300.787
2026-06-01,06N,40.20079,690.1429999999999
2022-07-01,07K,58.88845,272.2830000000001
2021-11-01,09D,23.33077,328.014
2024-09-01,10Q,81.83008000000001,820.9699999999999
2024-07-01,11M,40.38146,692.7920000000001
2022-08-01,11N,20.24523,598.412
2024-01-01,11N,60.44283,603.328
2022-08-01,11X,58.39627,596.793
2023-05-01,12F,62.6726,341.68300000000005
2025-12-01,12F,358.14026,346.511
2026-04-01,13T,415.40563999999995,558.9799999999999
2023-10-01,14L,1169.91732,725.719
2022-03-01,14L,861.6620499999999,697.3800000000002
2023-12-01,15C,392.61091,1084.3629999999998
2023-09-01,15C,380.29435,1076.4219999999998
2025-12-01,15E,2306.73889,1650.1680000000003
2026-01-01,15F,256.12233,945.4240000000002
2025-05-01,15F,856.5944699999999,943.2420000000003
2024-06-01,15N,165.77023,1294.0520000000004
2024-07-01,16C,1478.8489,735.221
2025-10-01,18C,8.55401,835.4690000000003
2026-02-01,18C,21.4911,834.3070000000001
2022-09-01,27D,113.26753,801.7029999999999
2021-10-01,27D,246.52519,792.353
2022-06-01,36L,526.2506999999999,1732.3809999999999
2022-04-01,42D,56.69684,554.4139999999999
2024-06-01,52R,276.7428,1147.1430000000003
2022-02-01,71E,100.3884,804.729
2022-12-01,72Q,276.00723,2068.7520000000013
2021-10-01,72Q,3833.8742700000007,2038.7539999999992
2026-03-01,72Q,143.50307,2108.1530000000016
2022-05-01,78H,80.82401999999999,813.5239999999999
2024-11-01,84H,458.7073800000001,568.818
2021-07-01,91Q,1420.17434,1946.0659999999998
2025-11-01,91Q,68.33,2043.401
2023-01-01,92A,592.89626,1283.3539999999996
2022-10-01,92A,375.71919,1280.9909999999998
2022-02-01,97R,64.64431,566.5319999999999
2021-11-01,99A,1828.42069,562.7959999999998
2023-03-01,99C,203.29375000000002,225.70100000000002
2022-03-01,99C,40.00016,224.31300000000002
2022-11-01,99F,199.45474000000002,187.00799999999998
2022-06-01,99F,152.2022,186.37700000000004
2026-01-01,B2M3M,294.50951,1124.5780000000002
2023-12-01,B2M3M,541.4468400000001,1097.87
2026-04-01,B2M3M,258.35584,1119.4290000000003
2022-03-01,B2M3M,499.50665000000004,1049.975
2023-02-01,D2P2L,446.36311000000006,1301.51
2021-08-01,D2P2L,1606.2663200000002,1281.6949999999993
2025-09-01,D2P2L,352.71267,1343.9309999999994
2021-07-01,D2P2L,1141.44765,1280.7259999999997
2024-05-01,D9Y0V,865.8860200000001,1920.4890000000007
2025-05-01,D9Y0V,225.81685000000004,1930.5109999999995
2023-02-01,M1J4Y,766.05515,1097.682
2025-09-01,U2G6B,142.89212,503.773
2023-02-01,W2U3Z,241.73550999999998,2830.2369999999987
2025-10-01,W2U3Z,397.37631,2932.569999999997
2023-06-01,X2C4Y,759.27898,455.70200000000006
2024-07-01,00D,0.0,0.0
2023-05-01,00J,0.0,0.0
2021-08-01,00K,0.0,0.0
2023-07-01,00K,0.0,0.0
2025-06-01,00K,0.0,0.0
2026-05-01,00M,0.0,0.0
2023-12-01,00M,0.0,0.0
2022-02-01,01R,0.0,0.0
2024-06-01,02F,0.0,0.0
2023-12-01,02V,0.0,0.0
2023-08-01,02V,0.0,0.0
2025-12-01,02V,0.0,0.0
2024-04-01,02W,0.0,0.0
2023-06-01,02W,0.0,0.0
2022-05-01,03A,0.0,0.0
2026-04-01,03A,0.0,0.0
2024-05-01,03T,0.0,0.0
2023-11-01,03T,0.0,0.0
2022-06-01,03Y,0.0,0.0
2024-10-01,04D,0.0,0.0
2024-10-01,04E,0.0,0.0
2024-01-01,04F,0.0,0.0
2026-06-01,04G,0.0,0.0
2024-10-01,04G,0.0,0.0
2025-12-01,04G,0.0,0.0
2022-06-01,04G,0.0,0.0
2026-06-01,04H,0.0,0.0
2023-12-01,04K,0.0,0.0
2022-01-01,04K,0.0,0.0
2025-08-01,04M,0.0,0.0
2023-07-01,04M,0.0,0.0
2026-02-01,04Q,0.0,0.0
2021-12-01,04Q,0.0,0.0
2021-06-01,04R,0.0,0.0
2021-11-01,04R,0.0,0.0
2026-02-01,04X,0.0,0.0
2026-01-01,04X,0.0,0.0
2022-05-01,05A,0.0,0.0
2022-08-01,05A,0.0,0.0
2026-05-01,05H,0.0,0.0
2025-08-01,05H,0.0,0.0
2025-06-01,05L,0.0,0.0
2024-10-01,05N,0.0,0.0
2021-10-01,05N,0.0,0.0
2023-03-01,05N,0.0,0.0
2025-12-01,05R,0.0,0.0
2026-05-01,05T,0.0,0.0
2022-10-01,05T,0.0,0.0
2024-12-01,05T,0.0,0.0
2025-08-01,05T,0.0,0.0
2023-07-01,05T,0.0,0.0
2026-02-01,05T,0.0,0.0
2024-06-01,05X,0.0,0.0
2024-01-01,05X,0.0,0.0
2026-04-01,05X,0.0,0.0
2025-07-01,05X,0.0,0.0
2025-03-01,05X,0.0,0.0
2021-08-01,06A,0.0,0.0
2023-06-01,06A,0.0,0.0
2022-10-01,06A,0.0,0.0
2024-07-01,06D,0.0,0.0
2025-06-01,06D,0.0,0.0
2024-10-01,06F,0.0,0.0
2023-12-01,06P,0.0,0.0
2022-02-01,06P,0.0,0.0
2026-02-01,06W,0.0,0.0
2022-05-01,06W,0.0,0.0
2024-10-01,06Y,0.0,0.0
2024-10-01,07L,0.0,0.0
2026-03-01,07M,0.0,0.0
2024-01-01,07N,0.0,0.0
2022-05-01,07P,0.0,0.0
2024-12-01,07T,0.0,0.0
2023-02-01,07T,0.0,0.0
2025-10-01,07T,0.0,0.0
2025-12-01,07T,0.0,0.0
2024-04-01,07W,0.0,0.0
2025-05-01,08A,0.0,0.0
2022-03-01,08C,0.0,0.0
2024-03-01,08D,0.0,0.0
2026-05-01,08E,0.0,0.0
2024-05-01,08E,0.0,0.0
2024-01-01,08F,0.0,0.0
2025-11-01,08F,0.0,0.0
2026-04-01,08F,0.0,0.0
2022-09-01,08G,0.0,0.0
2023-04-01,08H,0.0,0.0
2024-06-01,08H,0.0,0.0
2022-02-01,08J,0.0,0.0
2024-01-01,08K,0.0,0.0
2023-09-01,08K,0.0,0.0
2025-08-01,08L,0.0,0.0
2022-12-01,08L,0.0,0.0
2024-08-01,08L,0.0,0.0
2025-09-01,08M,0.0,0.0
2022-10-01,08Q,0.0,0.0
2024-06-01,08Q,0.0,0.0
2025-08-01,08R,0.0,0.0
2026-02-01,08R,0.0,0.0
2023-06-01,08T,0.0,0.0
2025-01-01,08T,0.0,0.0
2021-09-01,08T,0.0,0.0
2023-05-01,08T,0.0,0.0
2025-11-01,08V,0.0,0.0
2022-06-01,08W,0.0,0.0
2023-01-01,08W,0.0,0.0
2023-08-01,08Y,0.0,0.0
2024-10-01,09A,0.0,0.0
2023-03-01,09A,0.0,0.0
2026-06-01,09C,0.0,0.0
2025-01-01,09C,0.0,0.0
2024-08-01,09C,0.0,0.0
2023-06-01,09E,0.0,0.0
2022-11-01,09E,0.0,0.0
2026-05-01,09F,0.0,0.0
2022-07-01,09F,0.0,0.0
2021-12-01,09G,0.0,0.0
2023-07-01,09G,0.0,0.0
2025-05-01,09G,0.0,0.0
2024-02-01,09G,0.0,0.0
2023-02-01,09L,0.0,0.0
2025-09-01,09P,0.0,0.0
2026-04-01,09W,0.0,0.0
2025-04-01,09Y,0.0,0.0
2022-12-01,10A,0.0,0.0
2025-06-01,10A,0.0,0.0
2024-07-01,10C,0.0,0.0
2025-01-01,10D,0.0,0.0
2025-06-01,10D,0.0,0.0
2021-08-01,10J,0.0,0.0
2025-02-01,10J,0.0,0.0
2024-02-01,10L,0.0,0.0
2021-06-01,10W,0.0,0.0
2024-08-01,10W,0.0,0.0
2023-08-01,10W,0.0,0.0
2021-08-01,10W,0.0,0.0
2022-04-01,10X,0.0,0.0
2024-06-01,11E,0.0,0.0
2023-07-01,11E,0.0,0.0
2022-09-01,11T,0.0,0.0
2022-05-01,12D,0.0,0.0
2023-08-01,12D,0.0,0.0
2025-07-01,12D,0.0,0.0
2026-01-01,13P,0.0,0.0
2026-03-01,13P,0.0,0.0
2023-02-01,13P,0.0,0.0
2024-07-01,15D,0.0,0.0
2022-09-01,99D,0.0,0.0
2022-12-01,99D,0.0,0.0
2025-09-01,99H,0.0,0.0
2025-10-01,99K,0.0,0.0
2025-01-01,99M,0.0,0.0
2025-02-01,99P,0.0,0.0
2022-02-01,D4U1Y,0.0,0.0
2025-12-01,D4U1Y,0.0,0.0
2025-06-01,D4U1Y,0.0,0.0
2026-02-01,00R,0.0,178.10299999999998
2022-11-01,00R,0.0,176.829
2024-02-01,01E,0.0,229.854
2022-10-01,01V,0.0,127.0
2025-06-01,02E,0.0,230.822
2026-05-01,02G,0.0,118.486
2023-10-01,02M,0.0,185.144
2026-03-01,02M,0.0,188.13000000000002
2023-03-01,02Q,0.0,124.06099999999999
2022-12-01,02Q,0.0,123.583
2022-09-01,02T,0.0,223.10099999999997
2026-04-01,02Y,0.0,320.517
2022-10-01,03H,0.0,172.07099999999997
2023-11-01,03K,0.0,184.226
2025-12-01,03L,0.0,276.969
2023-10-01,03R,0.0,395.0670000000001
2021-10-01,04C,0.0,422.1040000000001
2024-03-01,04C,0.0,449.26099999999997
2024-11-01,04C,0.0,450.0120000000001
2024-01-01,04Y,0.0,139.31599999999997
2023-09-01,05Q,0.0,220.63599999999997
2023-04-01,06H,0.0,1032.874
2025-11-01,06N,0.0,694.158
2022-12-01,06T,0.0,369.026
2021-11-01,10Q,0.0,790.6889999999997
2022-11-01,10Q,0.0,804.6790000000002
2024-01-01,10R,0.0,235.81700000000004
2022-12-01,11J,0.0,824.5979999999998
2025-12-01,11X,0.0,607.8410000000001
2022-07-01,15M,0.0,1112.1249999999998
2022-11-01,15M,0.0,1116.0569999999998
2024-10-01,18C,0.0,832.9030000000002
2021-08-01,52R,0.0,1101.9810000000002
2025-08-01,92G,0.0,1012.5399999999998
2023-04-01,99E,0.0,288.9569999999999
2024-01-01,99F,0.0,187.356
2026-05-01,99F,0.0,187.952
2025-11-01,99G,0.0,196.48400000000004
2025-02-01,M1J4Y,0.0,1147.144
2021-10-01,00L,566.9403300000001,332.816
2022-11-01,00N,302.76757000000003,159.176
2024-01-01,00N,83.35591,159.85400000000004
2026-06-01,00P,132.81586,294.558
2022-09-01,00T,617.87836,321.766
2025-10-01,00T,61.8505,335.032
2021-10-01,00T,270.25023,318.64300000000003
2025-04-01,00V,128.37455,212.73499999999999
2022-04-01,01A,51.43835,395.7780000000001
2023-12-01,01E,35.4779,229.002
2022-02-01,01E,33.22242,220.821
2023-03-01,01F,55.84231,135.135
2022-03-01,01F,137.14535,135.187
2024-12-01,01H,88.20788999999999,336.405
2023-06-01,01J,221.94198,170.954
2022-05-01,01K,108.15305000000001,353.678
2022-11-01,01K,8.93821,355.93999999999994
2022-03-01,01T,87.24482,157.09599999999998
2022-02-01,01T,137.46822,156.98600000000002
2023-09-01,01T,300.20908,158.636
2023-04-01,01T,210.68831999999998,157.89300000000003
2024-09-01,01V,107.39879,128.27900000000002
2022-08-01,01W,48.08828,321.95500000000004
2022-06-01,01X,43.96208,200.493
2025-11-01,01Y,318.48608,228.83399999999997
2023-10-01,02G,339.77971,117.075
2026-06-01,02G,50.0162,118.386
2021-08-01,02G,99.01163,113.83099999999999
2023-11-01,02G,656.31923,117.29499999999999
2021-07-01,02H,19.94946,335.862
2023-05-01,02H,69.44635,343.19499999999994
2022-05-01,02P,43.931129999999996,265.684
2025-02-01,02X,147.99648000000002,340.05199999999996
2022-07-01,02Y,56.79396,308.64
2024-06-01,03F,132.42546,314.65600000000006
2023-06-01,03F,38.81667,311.3950000000001
2025-07-01,03N,887.0322300000001,636.4069999999999
2023-05-01,03N,1598.67933,630.7760000000003
2023-11-01,03N,1114.12254,638.7479999999997
2024-07-01,03R,109.41024999999999,398.4809999999999
2022-04-01,03W,23.40479,352.258
2022-12-01,04C,157.91198,433.7410000000001
2024-04-01,04C,131.08454,449.45599999999996
2022-03-01,04V,159.61417999999998,408.75799999999987
2025-07-01,04V,106.5557,423.863
2022-10-01,04V,80.69443,411.98000000000013
2022-10-01,04Y,23.64738,136.582
2022-08-01,04Y,14.52583,136.40800000000002
2026-05-01,05D,52.71,155.044
2026-01-01,05G,131.3925,231.32100000000003
2022-10-01,05G,774.7894000000001,218.39600000000004
2023-01-01,05G,509.4510399999999,218.51700000000002
2024-10-01,05Q,515.74225,222.328
2024-04-01,05Q,56.58477,221.23499999999996
2025-07-01,05Q,248.18918,223.67099999999996
2022-08-01,05V,208.89468,152.78600000000003
2021-12-01,06H,292.71698,1010.2180000000002
2025-03-01,06H,141.44696,1056.5620000000001
2023-11-01,06K,216.87315,628.2239999999999
2026-01-01,07G,95.76718,190.479
2021-10-01,09D,46.61754,326.918
2025-10-01,11J,47.9989,832.533
2021-06-01,11J,520.23923,812.9410000000001
2025-07-01,11X,66.04924,608.25
2021-10-01,12F,276.19230000000005,339.312
2024-06-01,13T,25.52477,556.6719999999999
2022-03-01,14Y,70.44921,578.2080000000001
2024-02-01,14Y,38.32607,589.676
2025-08-01,14Y,66.04925,598.312
2024-04-01,15A,20.00762,585.113
2022-12-01,15C,262.39196999999996,1067.5890000000002
2021-10-01,15E,4507.9984699999995,1558.8339999999996
2025-06-01,15E,2118.82839,1647.9010000000007
2024-02-01,15E,5368.6329,1625.554999999999
2022-09-01,15M,40.48403,1114.0569999999998
2024-07-01,15M,68.02476,1137.2829999999997
2023-10-01,15M,137.09694,1127.4319999999998
2024-04-01,15N,163.37371,1293.7369999999999
2025-12-01,16C,340.24044,741.2999999999998
2023-03-01,16C,564.53567,725.0329999999998
2024-03-01,16C,644.89082,733.3899999999999
2023-11-01,16C,1956.50886,730.2900000000004
2025-05-01,16C,1420.6492099999998,739.7069999999999
2021-08-01,27D,7.22377,790.6439999999999
2024-06-01,27D,101.53338,817.3150000000002
2023-11-01,36J,1217.25618,662.0900000000003
2021-12-01,36J,891.9722299999999,647.3159999999999
2024-02-01,71E,448.47375,819.6009999999999
2024-09-01,78H,305.34716000000003,846.3039999999999
2022-08-01,78H,240.27354999999997,816.5999999999999
2025-10-01,84H,347.60393,570.7360000000001
2025-11-01,84H,318.19349,571.981
2022-08-01,92A,277.61801,1278.7
2024-05-01,92A,88.95129,1298.08
2022-03-01,93C,1813.7657599999998,1747.359000000001
2021-09-01,97R,134.32342,565.445
2022-07-01,99E,23.67819,286.6530000000001
2023-09-01,99F,155.91622,187.27399999999997
2023-08-01,99F,141.48864,187.09599999999998
2024-04-01,99G,23.39725,194.58200000000002
2022-03-01,A3A8R,586.60508,2355.2459999999996
2023-05-01,D9Y0V,1140.8056299999998,1917.142
2023-03-01,00J,0.0,0.0
2024-05-01,00K,0.0,0.0
2022-03-01,00K,0.0,0.0
2022-09-01,00K,0.0,0.0
2022-03-01,00M,0.0,0.0
2022-05-01,01R,0.0,0.0
2024-05-01,02R,0.0,0.0
2023-09-01,02W,0.0,0.0
2022-10-01,02W,0.0,0.0
2024-06-01,03A,0.0,0.0
2022-01-01,03A,0.0,0.0
2025-05-01,03J,0.0,0.0
2022-08-01,03T,0.0,0.0
2024-04-01,03T,0.0,0.0
2026-04-01,04D,0.0,0.0
2024-06-01,04D,0.0,0.0
2024-08-01,04E,0.0,0.0
2023-12-01,04F,0.0,0.0
2024-02-01,04F,0.0,0.0
2022-08-01,04F,0.0,0.0
2025-06-01,04G,0.0,0.0
2025-03-01,04H,0.0,0.0
2026-01-01,04J,0.0,0.0
2023-02-01,04K,0.0,0.0
2025-12-01,04K,0.0,0.0
2025-09-01,04K,0.0,0.0
2026-04-01,04K,0.0,0.0
2024-03-01,04K,0.0,0.0
2025-05-01,04M,0.0,0.0
2025-04-01,04M,0.0,0.0
2022-04-01,04M,0.0,0.0
2022-06-01,04M,0.0,0.0
2024-03-01,04X,0.0,0.0
2025-08-01,04X,0.0,0.0
2025-06-01,05A,0.0,0.0
2021-07-01,05C,0.0,0.0
2025-02-01,05N,0.0,0.0
2023-06-01,05R,0.0,0.0
2024-03-01,05X,0.0,0.0
2026-01-01,05X,0.0,0.0
2023-06-01,05Y,0.0,0.0
2022-10-01,06D,0.0,0.0
2021-07-01,06F,0.0,0.0
2021-11-01,06F,0.0,0.0
2023-09-01,06F,0.0,0.0
2024-08-01,06P,0.0,0.0
2024-02-01,07M,0.0,0.0
2021-08-01,07M,0.0,0.0
2022-07-01,07P,0.0,0.0
2024-05-01,07P,0.0,0.0
2023-01-01,07R,0.0,0.0
2024-06-01,07T,0.0,0.0
2023-06-01,07T,0.0,0.0
2022-08-01,07W,0.0,0.0
2025-06-01,07W,0.0,0.0
2024-11-01,07W,0.0,0.0
2024-01-01,07W,0.0,0.0
2023-08-01,07X,0.0,0.0
2023-05-01,07Y,0.0,0.0
2024-11-01,08A,0.0,0.0
2026-03-01,08C,0.0,0.0
2022-01-01,08C,0.0,0.0
2024-07-01,08C,0.0,0.0
2024-02-01,08C,0.0,0.0
2025-06-01,08D,0.0,0.0
2024-06-01,08D,0.0,0.0
2024-12-01,08E,0.0,0.0
2026-05-01,08F,0.0,0.0
2022-02-01,08G,0.0,0.0
2023-01-01,08G,0.0,0.0
2024-03-01,08H,0.0,0.0
2022-01-01,08J,0.0,0.0
2024-05-01,08J,0.0,0.0
2021-07-01,08J,0.0,0.0
2025-06-01,08K,0.0,0.0
2022-09-01,08K,0.0,0.0
2023-08-01,08L,0.0,0.0
2022-09-01,08N,0.0,0.0
2024-01-01,08R,0.0,0.0
2021-09-01,08R,0.0,0.0
2021-12-01,08T,0.0,0.0
2025-06-01,08Y,0.0,0.0
2026-05-01,08Y,0.0,0.0
2024-12-01,09A,0.0,0.0
2023-05-01,09A,0.0,0.0
2026-01-01,09C,0.0,0.0
2022-04-01,09E,0.0,0.0
2022-09-01,09G,0.0,0.0
2021-11-01,09G,0.0,0.0
2026-06-01,09L,0.0,0.0
2025-01-01,09P,0.0,0.0
2023-05-01,09P,0.0,0.0
2023-03-01,09P,0.0,0.0
2024-12-01,10C,0.0,0.0
2023-12-01,10E,0.0,0.0
2025-06-01,10E,0.0,0.0
2025-11-01,10J,0.0,0.0
2026-01-01,10J,0.0,0.0
2022-05-01,10K,0.0,0.0
2026-04-01,10K,0.0,0.0
2023-06-01,10M,0.0,0.0
2023-08-01,10V,0.0,0.0
2025-04-01,10X,0.0,0.0
2023-03-01,12D,0.0,0.0
2026-05-01,12D,0.0,0.0
2022-07-01,12D,0.0,0.0
2023-02-01,12D,0.0,0.0
2022-08-01,13P,0.0,0.0
2024-07-01,13P,0.0,0.0
2022-01-01,99H,0.0,0.0
2022-09-01,99J,0.0,0.0
2021-06-01,99J,0.0,0.0
2026-04-01,99K,0.0,0.0
2025-02-01,99M,0.0,0.0
2023-09-01,99M,0.0,0.0
2022-04-01,99N,0.0,0.0
2023-09-01,99P,0.0,0.0
2025-10-01,99P,0.0,0.0
2023-09-01,99Q,0.0,0.0
2023-01-01,99Q,0.0,0.0
2024-01-01,D4U1Y,0.0,0.0
2023-01-01,00Q,0.0,182.40599999999998
2023-09-01,00R,0.0,178.242
2025-05-01,00R,0.0,178.73799999999997
2022-02-01,00X,0.0,187.93499999999997
2021-11-01,01E,0.0,219.62699999999995
2024-07-01,01G,0.0,318.895
2022-04-01,02E,0.0,223.69899999999996
2026-01-01,02E,0.0,230.76800000000003
2023-07-01,02Q,0.0,124.71799999999999
2025-11-01,02T,0.0,225.83299999999997
2025-05-01,03F,0.0,314.70399999999995
2025-11-01,03L,0.0,277.04
2026-03-01,03L,0.0,276.935
2025-08-01,03Q,0.0,248.82700000000003
2024-09-01,03R,0.0,399.089
2021-10-01,03W,0.0,346.453
2025-03-01,04V,0.0,423.8260000000001
2026-03-01,06L,0.0,418.79099999999994
2023-09-01,06Q,0.0,413.93300000000005
2023-11-01,06Q,0.0,414.944
2024-07-01,06T,0.0,377.02099999999996
2024-11-01,10R,0.0,235.86999999999998
2025-07-01,14Y,0.0,597.5709999999998
2025-09-01,15A,0.0,590.1750000000001
2022-08-01,15M,0.0,1112.884
2024-04-01,78H,0.0,840.7769999999999
2023-12-01,92G,0.0,1001.1499999999996
2026-04-01,97R,0.0,576.4900000000001
2024-02-01,99E,0.0,292.32499999999993
2024-12-01,U2G6B,0.0,501.005
2026-03-01,00N,214.70137,159.097
2023-12-01,00Q,20.86672,185.12999999999997
2023-07-01,00T,319.50435,325.71500000000015
2023-10-01,01E,19.9112,227.69400000000005
2026-04-01,01F,189.00681,135.885
2025-06-01,01F,262.22332,136.61599999999999
2026-04-01,01G,156.55654,325.105
2022-06-01,01H,179.31901000000002,329.6699999999999
2022-03-01,01J,124.44273,170.263
2022-01-01,01J,366.18665,169.84600000000003
2021-06-01,01K,39.83109,351.27
2021-09-01,01X,47.79925,200.107
2021-07-01,02G,608.21067,113.90300000000002
2024-08-01,02G,525.32145,117.75699999999999
2025-03-01,02M,26.859,187.442
2026-05-01,02P,200.8861,270.53000000000003
2021-12-01,02X,221.39128,327.297
2023-04-01,02Y,54.530100000000004,311.35200000000003
2022-08-01,02Y,97.2795,308.988
2022-08-01,03F,121.91077,306.9080000000001
2022-09-01,03F,175.63852,306.892
2021-12-01,03F,190.33817,306.18399999999997
2024-03-01,03H,151.48804,173.89000000000001
2024-03-01,03K,24.40904,184.722
2025-12-01,03K,39.92381,185.38599999999997
2026-04-01,03L,74.6029,276.939
2025-08-01,03R,35.82675,400.40399999999994
2024-10-01,03W,78.91823,360.5860000000001
2022-01-01,03W,25.96348,348.59399999999994
2021-11-01,04V,170.25504,407.4179999999999
2023-11-01,04V,143.84686,417.4890000000001
2025-11-01,04Y,108.10009,140.69699999999997
2023-02-01,05D,58.82848,150.245
2023-09-01,05G,251.17232000000004,230.43
2026-04-01,05V,71.13283,156.638
2024-07-01,06H,63.43275,1049.4219999999998
2023-10-01,06H,20.75121,1039.4800000000002
2021-11-01,06K,945.7057,616.0050000000001
2026-01-01,06N,702.5317600000001,693.3910000000001
2025-09-01,06N,764.49121,694.726
2023-02-01,07G,89.26441,185.83200000000002
2022-01-01,07G,103.50473,184.224
2022-04-01,07G,93.59436,184.54100000000003
2021-08-01,07K,131.88768,269.837
2023-01-01,07K,70.40259,274.244
2026-02-01,09D,47.9812,328.33399999999995
2023-03-01,11M,19.34102,682.2619999999998
2022-05-01,11N,281.36713000000003,597.5239999999999
2026-02-01,11N,111.67788,605.1610000000001
2024-02-01,12F,62.50534,343.79699999999997
2021-12-01,12F,23.34886,339.2630000000001
2021-08-01,13T,515.79487,531.3720000000004
2024-07-01,13T,404.46637,556.4499999999999
2025-07-01,13T,898.4430300000001,560.0849999999999
2022-11-01,14L,580.29756,709.2800000000002
2026-03-01,14Y,34.1638,596.6419999999999
2022-03-01,15C,119.86973999999998,1059.6370000000002
2023-11-01,15E,5099.26489,1617.3320000000006
2024-05-01,15E,3672.63735,1632.4239999999993
2021-10-01,15F,1524.7934099999998,903.2970000000001
2025-12-01,15F,366.85954000000004,946.388
2026-04-01,15F,523.23604,941.1030000000001
2025-07-01,15N,559.6462,1296.182
2025-08-01,16C,390.93956,740.2289999999997
2023-04-01,26A,160.08352000000002,1088.169
2022-05-01,26A,159.09434000000002,1081.0169999999998
2023-12-01,27D,122.09796,812.9220000000004
2025-04-01,36L,218.25571,1774.4360000000001
2021-10-01,42D,185.66576000000003,552.739
2024-04-01,70F,165.83946,939.7859999999998
2024-01-01,71E,428.59729,819.392
2021-11-01,78H,19.95427,808.0710000000001
2021-08-01,84H,1118.5872299999999,557.0980000000002
2025-05-01,91Q,97.15662,2038.5829999999999
2024-06-01,92A,228.5112,1298.7490000000005
2021-11-01,92A,454.87906000000004,1268.4650000000006
2021-08-01,92A,333.12063,1265.387
2025-04-01,93C,231.03276,1836.8810000000008
2023-02-01,99A,1084.6304,576.2900000000001
2022-09-01,99A,775.32227,567.649
2021-12-01,99C,19.92307,224.013
2026-03-01,99E,23.9968,295.82699999999994
2023-09-01,A3A8R,606.44346,2432.357000000001
2023-01-01,A3A8R,382.7902,2395.805999999998
2022-08-01,D2P2L,834.03711,1291.927
2025-03-01,D2P2L,603.91222,1341.6500000000003
2025-06-01,M1J4Y,1401.2213800000002,1147.8790000000004
2024-04-01,M2L0M,72.42602,531.951
2025-09-01,W2U3Z,18.13139,2921.9089999999997
2022-03-01,X2C4Y,1038.6150699999998,450.4290000000001
2026-06-01,X2C4Y,583.81901,460.4759999999999
2025-10-01,00D,0.0,0.0
2023-06-01,00J,0.0,0.0
2023-11-01,00K,0.0,0.0
2021-07-01,01R,0.0,0.0
2024-10-01,02F,0.0,0.0
2024-12-01,02F,0.0,0.0
2022-07-01,02W,0.0,0.0
2022-05-01,03J,0.0,0.0
2023-08-01,03J,0.0,0.0
2024-01-01,03M,0.0,0.0
2026-03-01,03T,0.0,0.0
2023-12-01,03Y,0.0,0.0
2025-09-01,04D,0.0,0.0
2024-04-01,04E,0.0,0.0
2024-03-01,04E,0.0,0.0
2025-12-01,04F,0.0,0.0
2023-09-01,04F,0.0,0.0
2021-08-01,04G,0.0,0.0
2024-04-01,04G,0.0,0.0
2024-06-01,04H,0.0,0.0
2021-11-01,04H,0.0,0.0
2024-11-01,04J,0.0,0.0
2026-02-01,04K,0.0,0.0
2026-02-01,04L,0.0,0.0
2024-05-01,04M,0.0,0.0
2025-11-01,04M,0.0,0.0
2021-11-01,04M,0.0,0.0
2022-10-01,04M,0.0,0.0
2024-08-01,04Q,0.0,0.0
2023-05-01,04R,0.0,0.0
2022-08-01,04X,0.0,0.0
2025-05-01,04X,0.0,0.0
2025-01-01,05A,0.0,0.0
2021-08-01,05F,0.0,0.0
2021-10-01,05H,0.0,0.0
2025-08-01,05R,0.0,0.0
2023-05-01,05T,0.0,0.0
2022-09-01,05Y,0.0,0.0
2021-06-01,05Y,0.0,0.0
2022-11-01,05Y,0.0,0.0
2024-12-01,05Y,0.0,0.0
2023-08-01,06D,0.0,0.0
2022-06-01,06F,0.0,0.0
2023-04-01,06F,0.0,0.0
2022-01-01,06W,0.0,0.0
2026-06-01,06W,0.0,0.0
2021-06-01,06Y,0.0,0.0
2024-08-01,06Y,0.0,0.0
2021-07-01,06Y,0.0,0.0
2021-06-01,07M,0.0,0.0
2025-11-01,07N,0.0,0.0
2024-08-01,07P,0.0,0.0
2022-12-01,07P,0.0,0.0
2022-10-01,07R,0.0,0.0
2026-04-01,07R,0.0,0.0
2022-04-01,07R,0.0,0.0
2024-04-01,07T,0.0,0.0
2024-12-01,07W,0.0,0.0
2023-07-01,07X,0.0,0.0
2025-09-01,07Y,0.0,0.0
2021-12-01,08A,0.0,0.0
2023-09-01,08C,0.0,0.0
2024-09-01,08D,0.0,0.0
2025-09-01,08D,0.0,0.0
2023-02-01,08E,0.0,0.0
2026-02-01,08F,0.0,0.0
2025-07-01,08F,0.0,0.0
2025-05-01,08F,0.0,0.0
2024-09-01,08F,0.0,0.0
2021-07-01,08G,0.0,0.0
2024-04-01,08H,0.0,0.0
2026-01-01,08K,0.0,0.0
2026-01-01,08L,0.0,0.0
2024-03-01,08M,0.0,0.0
2025-09-01,08N,0.0,0.0
2022-02-01,08V,0.0,0.0
2022-11-01,08V,0.0,0.0
2026-03-01,08W,0.0,0.0
2023-01-01,09C,0.0,0.0
2023-03-01,09C,0.0,0.0
2023-09-01,09E,0.0,0.0
2024-08-01,09E,0.0,0.0
2024-12-01,09E,0.0,0.0
2025-09-01,09E,0.0,0.0
2024-11-01,09F,0.0,0.0
2025-12-01,09G,0.0,0.0
2024-12-01,09J,0.0,0.0
2024-10-01,09J,0.0,0.0
2023-07-01,09L,0.0,0.0
2023-06-01,09L,0.0,0.0
2025-09-01,09L,0.0,0.0
2021-12-01,09L,0.0,0.0
2024-12-01,09L,0.0,0.0
2022-04-01,09P,0.0,0.0
2022-05-01,10A,0.0,0.0
2025-02-01,10A,0.0,0.0
2022-09-01,10D,0.0,0.0
2024-07-01,10E,0.0,0.0
2026-03-01,10E,0.0,0.0
2026-01-01,10E,0.0,0.0
2023-07-01,10L,0.0,0.0
2025-01-01,10M,0.0,0.0
2022-03-01,10V,0.0,0.0
2023-10-01,11A,0.0,0.0
2023-08-01,11A,0.0,0.0
2023-07-01,11A,0.0,0.0
2024-09-01,11E,0.0,0.0
2025-05-01,11E,0.0,0.0
2021-10-01,11H,0.0,0.0
2023-06-01,11T,0.0,0.0
2025-11-01,13P,0.0,0.0
2024-10-01,99H,0.0,0.0
2022-04-01,99J,0.0,0.0
2024-07-01,99J,0.0,0.0
2022-09-01,99K,0.0,0.0
2021-12-01,99M,0.0,0.0
2024-09-01,99M,0.0,0.0
2022-05-01,99M,0.0,0.0
2023-12-01,99N,0.0,0.0
2024-11-01,99N,0.0,0.0
2025-07-01,99N,0.0,0.0
2021-11-01,99N,0.0,0.0
2021-07-01,99P,0.0,0.0
2025-05-01,99Q,0.0,0.0
2025-07-01,D4U1Y,0.0,0.0
2025-11-01,D4U1Y,0.0,0.0
2022-09-01,00N,0.0,159.031
2025-10-01,00Q,0.0,188.514
2025-09-01,00R,0.0,178.938
2022-07-01,01A,0.0,396.77700000000004
2022-05-01,01E,0.0,221.682
2023-10-01,01F,0.0,135.99300000000002
2025-01-01,01K,0.0,356.60699999999997
2025-08-01,01K,0.0,355.313
2025-05-01,01K,0.0,356.1089999999999
2024-12-01,01V,0.0,128.416
2023-07-01,01V,0.0,127.282
2023-01-01,01X,0.0,200.534
2023-02-01,02G,0.0,116.686
2022-05-01,02M,0.0,182.635
2024-08-01,02P,0.0,270.35799999999995
2021-08-01,02Q,0.0,121.08
2025-04-01,02Q,0.0,128.168
2021-11-01,02Q,0.0,121.41299999999998
2024-02-01,02T,0.0,224.344
2022-09-01,02Y,0.0,309.55499999999995
2025-01-01,03F,0.0,314.92299999999994
2026-05-01,03R,0.0,399.74600000000004
2026-03-01,06Q,0.0,426.2660000000001
2026-06-01,07H,0.0,336.871
2026-05-01,07K,0.0,280.66999999999996
2024-08-01,10R,0.0,235.36799999999997
2024-04-01,11J,0.0,831.631
2025-04-01,11J,0.0,831.975
2022-07-01,14Y,0.0,580.5910000000001
2024-08-01,15A,0.0,586.8500000000001
2025-12-01,52R,0.0,1158.548
2025-07-01,97R,0.0,577.266
2024-04-01,97R,0.0,575.2059999999999
2022-09-01,99E,0.0,287.26900000000006
2025-09-01,99F,0.0,188.848
2021-07-01,U2G6B,0.0,455.0270000000001
2023-01-01,00N,62.19827000000001,159.122
2022-03-01,00Q,332.80719,181.242
2021-06-01,00T,210.2276,317.6439999999999
2024-03-01,00T,345.47076999999996,329.75899999999996
2022-05-01,00V,97.75027,209.01200000000003
2022-09-01,00Y,106.84933,263.06899999999996
2025-06-01,01E,25.52349,235.64000000000001
2021-06-01,01E,31.52467,217.616
2021-11-01,01F,236.64403000000001,135.068
2026-05-01,01G,109.63057,324.749
2022-03-01,01H,12.98317,329.14199999999994
2021-08-01,01J,320.67413999999997,169.23299999999998
2021-11-01,01K,58.42072,353.085
2022-01-01,01T,96.96244999999999,156.997
2023-02-01,01Y,55.84737,221.46100000000004
2021-06-01,02A,411.84770000000003,244.20400000000004
2022-09-01,02A,58.6418,247.17600000000002
2023-10-01,02E,20.78868,228.19400000000002
2023-07-01,02G,27.91029,116.864
2023-09-01,02G,352.55953,116.79799999999999
2025-06-01,02G,384.98992,118.408
2023-12-01,02M,117.62886,185.30899999999997
2024-01-01,02T,85.44216,224.233
2022-05-01,02X,404.14881,328.283
2023-07-01,02X,608.7696100000001,333.0729999999999
2026-03-01,02Y,20.1,320.316
2026-03-01,03H,35.87972,174.48199999999994
2021-11-01,03K,38.49078,183.44799999999998
2026-05-01,03K,74.6014,184.72100000000006
2024-06-01,03Q,7.09429,251.568
2022-07-01,03Q,50.75993,248.03
2021-06-01,03R,8.96824,385.872
2025-03-01,03W,339.30683,360.231
2023-02-01,04Y,44.0478,136.91700000000003
2024-09-01,05D,74.84,154.27800000000002
2024-11-01,05G,530.97994,231.41200000000006
2025-07-01,05G,333.48858,230.90899999999996
2025-04-01,05Q,152.84016,223.234
2024-05-01,05V,102.93841,155.64499999999998
2025-07-01,05V,215.98167999999998,156.936
2025-01-01,06H,416.7229,1055.879
2022-06-01,06H,251.25573,1016.6010000000002
2022-12-01,06K,82.82185000000001,620.2160000000001
2025-02-01,09D,23.61359,333.823
2025-05-01,10Q,65.97528,828.2609999999999
2023-12-01,10R,52.45206,235.67900000000003
2024-06-01,11J,120.68137,832.6139999999997
2023-10-01,11M,20.78868,686.7199999999999
2023-02-01,12F,27.92988,341.20799999999997
2021-11-01,13T,389.76166,536.189
2024-04-01,14L,1195.47505,738.263
2025-11-01,14Y,11.05,597.9429999999999
2022-10-01,15A,310.70358999999996,574.1030000000002
2025-10-01,15C,143.64064,1098.2799999999997
2025-02-01,15E,1843.99483,1646.9750000000001
2025-06-01,15M,51.05095,1143.3340000000005
2023-01-01,15M,19.33152,1118.0339999999999
2023-10-01,15N,302.88842,1289.152
2022-04-01,18C,107.68266,815.391
2023-07-01,26A,135.59238,1089.2830000000001
2025-10-01,36L,297.54409,1778.7450000000001
2022-04-01,36L,446.70671000000004,1729.593999999999
2021-12-01,36L,296.32903,1724.1040000000003
2026-01-01,36L,244.45802,1776.5230000000001
2024-10-01,70F,122.09603999999999,945.1
2025-05-01,70F,386.33034000000004,949.5000000000001
2024-08-01,71E,231.8363,822.3399999999999
2024-08-01,72Q,744.11063,2115.4559999999997
2024-03-01,72Q,452.14543000000003,2105.8709999999996
2022-11-01,72Q,587.23231,2065.2409999999986
2024-09-01,72Q,519.19864,2115.7230000000004
2025-11-01,78H,25.15054,852.8559999999999
2021-06-01,84H,930.36277,558.0619999999999
2021-10-01,91Q,1001.9514899999999,1952.1200000000001
2023-04-01,91Q,235.46634000000003,1988.3770000000004
2024-12-01,92G,72.07585999999999,1012.5480000000001
2023-05-01,93C,130.47397,1782.6080000000006
2022-07-01,93C,563.8488099999998,1753.7250000000004
2021-11-01,99E,89.94658000000001,285.09799999999996
2023-02-01,99F,253.30372999999997,186.934
2024-11-01,99G,68.41585,196.043
2022-09-01,A3A8R,550.43529,2375.4969999999994
2022-04-01,B2M3M,567.28654,1051.8500000000001
2022-02-01,B2M3M,274.61787000000004,1048.5750000000003
2024-02-01,B2M3M,1140.3225499999999,1101.048
2025-10-01,D2P2L,327.10456,1343.433
2026-05-01,D2P2L,524.55432,1336.7079999999985
2021-06-01,M1J4Y,879.4782600000001,1056.616
2023-11-01,M1J4Y,851.30694,1119.1029999999996
2021-11-01,U2G6B,19.95427,456.408
2024-06-01,W2U3Z,154.16956000000002,2893.095999999997
2025-06-01,00D,0.0,0.0
2023-01-01,00D,0.0,0.0
2023-12-01,00K,0.0,0.0
2025-09-01,00K,0.0,0.0
2021-08-01,00M,0.0,0.0
2026-04-01,02F,0.0,0.0
2025-03-01,02F,0.0,0.0
2021-10-01,02R,0.0,0.0
2024-07-01,02R,0.0,0.0
2023-10-01,02R,0.0,0.0
2025-01-01,02V,0.0,0.0
2025-02-01,02V,0.0,0.0
2024-01-01,03A,0.0,0.0
2023-12-01,03M,0.0,0.0
2021-06-01,04D,0.0,0.0
2024-09-01,04D,0.0,0.0
2022-01-01,04E,0.0,0.0
2023-11-01,04F,0.0,0.0
2026-06-01,04F,0.0,0.0
2022-12-01,04G,0.0,0.0
2023-07-01,04J,0.0,0.0
2024-09-01,04J,0.0,0.0
2022-06-01,04K,0.0,0.0
2023-03-01,04K,0.0,0.0
2022-03-01,04K,0.0,0.0
2025-04-01,04R,0.0,0.0
2022-12-01,04X,0.0,0.0
2024-09-01,05A,0.0,0.0
2026-05-01,05C,0.0,0.0
2022-10-01,05H,0.0,0.0
2023-08-01,05H,0.0,0.0
2023-11-01,05H,0.0,0.0
2026-01-01,05R,0.0,0.0
2023-01-01,05T,0.0,0.0
2023-07-01,05X,0.0,0.0
2022-01-01,05Y,0.0,0.0
2024-03-01,06A,0.0,0.0
2023-11-01,06F,0.0,0.0
2023-08-01,06M,0.0,0.0
2026-06-01,06M,0.0,0.0
2024-04-01,06P,0.0,0.0
2024-09-01,06P,0.0,0.0
2024-07-01,06W,0.0,0.0
2023-07-01,06W,0.0,0.0
2025-04-01,07L,0.0,0.0
2026-02-01,07L,0.0,0.0
2024-10-01,07M,0.0,0.0
2022-03-01,07N,0.0,0.0
2024-07-01,07N,0.0,0.0
2025-11-01,07R,0.0,0.0
2021-12-01,07T,0.0,0.0
2025-07-01,07T,0.0,0.0
2024-03-01,07T,0.0,0.0
2025-02-01,07V,0.0,0.0
2022-09-01,07W,0.0,0.0
2026-04-01,07W,0.0,0.0
2024-09-01,07X,0.0,0.0
2025-10-01,07X,0.0,0.0
2026-03-01,07Y,0.0,0.0
2025-07-01,07Y,0.0,0.0
2023-03-01,07Y,0.0,0.0
2024-10-01,08A,0.0,0.0
2025-12-01,08C,0.0,0.0
2023-09-01,08E,0.0,0.0
2025-06-01,08E,0.0,0.0
2025-04-01,08F,0.0,0.0
2023-10-01,08J,0.0,0.0
2024-01-01,08J,0.0,0.0
2025-05-01,08J,0.0,0.0
2021-09-01,08L,0.0,0.0
2025-11-01,08M,0.0,0.0
2025-08-01,08Q,0.0,0.0
2023-02-01,08R,0.0,0.0
2024-05-01,08R,0.0,0.0
2023-12-01,08W,0.0,0.0
2023-03-01,08W,0.0,0.0
2023-08-01,08X,0.0,0.0
2025-05-01,08X,0.0,0.0
2025-04-01,08X,0.0,0.0
2023-11-01,08X,0.0,0.0
2025-03-01,08Y,0.0,0.0
2021-10-01,08Y,0.0,0.0
2021-12-01,09E,0.0,0.0
2023-03-01,09E,0.0,0.0
2023-09-01,09F,0.0,0.0
2021-12-01,09F,0.0,0.0
2025-08-01,09J,0.0,0.0
2024-05-01,09J,0.0,0.0
2022-11-01,09L,0.0,0.0
2022-09-01,09L,0.0,0.0
2023-02-01,09W,0.0,0.0
2023-01-01,09W,0.0,0.0
2026-04-01,09Y,0.0,0.0
2025-04-01,10D,0.0,0.0
2024-01-01,10E,0.0,0.0
2022-06-01,10J,0.0,0.0
2022-03-01,10K,0.0,0.0
2025-05-01,10L,0.0,0.0
2025-06-01,10L,0.0,0.0
2023-04-01,10M,0.0,0.0
2023-07-01,10M,0.0,0.0
2026-02-01,10V,0.0,0.0
2026-05-01,10V,0.0,0.0
2022-05-01,10V,0.0,0.0
2022-01-01,10X,0.0,0.0
2026-05-01,11A,0.0,0.0
2024-09-01,11H,0.0,0.0
2022-11-01,11H,0.0,0.0
2025-03-01,11T,0.0,0.0
2025-02-01,12D,0.0,0.0
2024-06-01,12D,0.0,0.0
2024-06-01,13P,0.0,0.0
2021-07-01,13P,0.0,0.0
2021-08-01,13P,0.0,0.0
2023-04-01,13P,0.0,0.0
2021-09-01,15D,0.0,0.0
2024-02-01,15D,0.0,0.0
2022-10-01,99D,0.0,0.0
2023-01-01,99H,0.0,0.0
2023-04-01,99H,0.0,0.0
2025-08-01,99K,0.0,0.0
2024-02-01,99N,0.0,0.0
2022-09-01,99P,0.0,0.0
2021-10-01,00N,0.0,158.755
2022-01-01,00Q,0.0,180.958
2023-08-01,00X,0.0,190.54900000000004
2023-12-01,00X,0.0,191.26799999999997
2025-11-01,01G,0.0,326.053
2026-01-01,01J,0.0,174.27200000000002
2025-03-01,01K,0.0,356.471
2024-02-01,01K,0.0,356.09
2023-12-01,01K,0.0,356.412
2026-05-01,01V,0.0,128.548
2024-08-01,02Q,0.0,127.23
2024-09-01,02T,0.0,225.445
2021-10-01,02T,0.0,222.376
2023-07-01,03H,0.0,172.90800000000002
2023-07-01,03L,0.0,270.56800000000004
2024-06-01,03W,0.0,359.20100000000014
2023-03-01,04Y,0.0,137.113
2022-04-01,05D,0.0,148.111
2021-08-01,05Q,0.0,217.05800000000002
2022-07-01,05Q,0.0,218.99500000000003
2023-12-01,06K,0.0,629.066
2021-09-01,06L,0.0,409.18899999999996
2024-03-01,06L,0.0,416.2700000000001
2025-10-01,06L,0.0,420.098
2024-10-01,06L,0.0,418.01399999999995
2024-04-01,06T,0.0,375.991
2023-09-01,09D,0.0,329.45200000000006
2022-11-01,09D,0.0,331.37399999999997
2026-01-01,10Q,0.0,830.7589999999999
2021-07-01,14Y,0.0,575.137
2022-11-01,52R,0.0,1132.6909999999998
2026-04-01,91Q,0.0,2041.903
2026-02-01,99E,0.0,296.0319999999999
2022-12-01,99G,0.0,190.857
2026-03-01,99G,0.0,196.539
2023-01-01,99G,0.0,190.945
2021-09-01,99G,0.0,190.377
2025-08-01,00L,71.64109,343.19199999999995
2024-10-01,00L,365.46398999999997,341.04299999999995
2022-12-01,00N,68.65198,159.17700000000002
2023-12-01,00T,215.7005,328.45700000000005
2021-08-01,00T,233.29694,318.18100000000004
2022-01-01,00V,166.55185999999998,208.53199999999998
2024-08-01,00Y,97.96395999999999,269.867
2026-05-01,01A,111.48159000000001,410.18399999999997
2022-03-01,01D,250.84891,242.41399999999993
2023-01-01,01D,170.42399,244.52099999999996
2024-02-01,01T,77.99963,159.327
2023-12-01,01V,20.86672,127.64800000000001
2023-04-01,01W,47.23189,323.883
2022-07-01,01W,102.9163,321.575
2023-05-01,01Y,197.25234999999998,222.11300000000003
2022-04-01,02A,29.35277,245.66000000000005
2022-11-01,02E,129.65066000000002,225.313
2026-03-01,02H,287.00832,352.309
2025-03-01,02P,529.55326,270.74100000000004
2021-06-01,02Q,19.92175,120.66799999999999
2021-09-01,02Y,57.39268,307.586
2023-06-01,03H,20.8824,172.819
2024-12-01,03H,56.57236,174.70300000000003
2025-09-01,03N,729.96972,634.825
2022-07-01,04C,56.5354,427.0559999999999
2022-07-01,04V,211.57373,410.146
2022-08-01,04V,363.08796,409.89
2021-12-01,04Y,1912.86246,135.952
2026-05-01,04Y,23.9957,140.642
2024-05-01,04Y,75.41369,139.86600000000004
2022-06-01,05D,145.76924,148.45300000000006
2024-02-01,05G,525.14841,231.27700000000002
2021-12-01,05G,1102.8531299999997,218.04900000000006
2022-02-01,05G,814.91028,218.08900000000003
2022-08-01,05Q,38.92348,219.174
2021-08-01,06H,212.46692,1001.6300000000001
2024-07-01,06K,104.11420999999999,632.8690000000003
2023-07-01,06K,12.15029,624.6919999999998
2022-09-01,06K,107.51295,618.0550000000002
2025-07-01,06N,1469.7435,693.7500000000003
2021-06-01,07G,151.72141,183.243
2022-02-01,09D,23.41738,329.36
2025-01-01,11M,40.38147,696.0090000000001
2023-10-01,11N,476.92046000000005,602.386
2024-05-01,11N,243.75,603.9240000000001
2023-10-01,11X,78.88991,602.679
2025-11-01,11X,20.52739,608.2270000000002
2023-01-01,13T,400.91972,546.3190000000002
2021-06-01,13T,565.28994,531.981
2023-12-01,14L,1768.41342,733.6320000000002
2022-05-01,14Y,40.56637,579.0200000000001
2024-12-01,14Y,22.39,595.303
2023-06-01,15A,165.12816,579.1000000000001
2021-12-01,15A,78.94565,566.24
2022-03-01,15M,57.29445,1108.6349999999995
2024-04-01,27D,344.61781,815.3819999999998
2024-09-01,36J,682.3368300000001,669.2569999999998
2025-12-01,36L,94.22541000000001,1778.095
2024-04-01,42D,331.10998,563.7309999999999
2026-04-01,52R,26.4931,1153.89
2023-12-01,52R,88.48511,1143.2099999999998
2022-06-01,70F,92.86663,924.5509999999997
2022-04-01,70F,246.67674,922.725
2022-04-01,71E,276.49164,805.5360000000001
2021-08-01,72Q,2734.16858,2035.2330000000004
2022-02-01,78H,254.76742000000002,810.9249999999996
2021-07-01,84H,127.46457,558.102
2026-04-01,92A,76.53422,1298.2220000000004
2024-01-01,92A,264.65465,1293.4019999999996
2023-08-01,92G,42.77749,995.9160000000004
2026-01-01,92G,63.69457,1013.4250000000001
2026-02-01,93C,84.32285,1826.5869999999995
2026-01-01,93C,434.39363000000003,1836.9739999999993
2025-02-01,97R,23.61359,577.4440000000002
2022-01-01,99A,1191.8994,564.6349999999999
2026-06-01,99C,326.97828999999996,229.152
2023-06-01,99E,24.40793,289.73499999999996
2026-03-01,99F,155.07161,187.91899999999998
2024-10-01,A3A8R,367.97918,2455.1540000000005
2025-02-01,D2P2L,252.99435,1341.4730000000006
2022-07-01,D9Y0V,1759.9824199999998,1898.1009999999994
2024-02-01,D9Y0V,253.33706999999998,1917.2589999999998
2021-11-01,M1J4Y,448.9996400000001,1067.2740000000003
2024-12-01,M1J4Y,718.30177,1145.204
2025-04-01,M1J4Y,17.01392,1146.9699999999996
2025-02-01,U2G6B,23.61359,502.363
2022-10-01,U2G6B,40.4592,462.93600000000015
2026-02-01,W2U3Z,44.73914,2926.919000000001
2021-06-01,X2C4Y,1990.2142999999999,447.83099999999996
2023-02-01,X2C4Y,748.9372000000001,454.09999999999997
2025-01-01,X2C4Y,554.23302,462.077
2023-07-01,00D,0.0,0.0
2022-01-01,00D,0.0,0.0
2022-09-01,00D,0.0,0.0
2022-01-01,00K,0.0,0.0
2022-11-01,00K,0.0,0.0
2024-08-01,00M,0.0,0.0
2026-02-01,01R,0.0,0.0
2023-06-01,02F,0.0,0.0
2026-02-01,02V,0.0,0.0
2025-02-01,03A,0.0,0.0
2024-04-01,03J,0.0,0.0
2022-08-01,03J,0.0,0.0
2025-04-01,03M,0.0,0.0
2023-06-01,03T,0.0,0.0
2022-04-01,03Y,0.0,0.0
2025-04-01,03Y,0.0,0.0
2024-05-01,04G,0.0,0.0
2024-09-01,04G,0.0,0.0
2025-10-01,04G,0.0,0.0
2026-05-01,04G,0.0,0.0
2022-04-01,04G,0.0,0.0
2023-04-01,04G,0.0,0.0
2022-01-01,04J,0.0,0.0
2025-08-01,04L,0.0,0.0
2023-03-01,04Q,0.0,0.0
2023-07-01,04Q,0.0,0.0
2025-12-01,04X,0.0,0.0
2024-09-01,05F,0.0,0.0
2021-09-01,05H,0.0,0.0
2023-04-01,05H,0.0,0.0
2025-12-01,05L,0.0,0.0
2022-05-01,05L,0.0,0.0
2024-01-01,05R,0.0,0.0
2021-07-01,05R,0.0,0.0
2024-09-01,05R,0.0,0.0
2022-04-01,05R,0.0,0.0
2023-08-01,05R,0.0,0.0
2024-12-01,05X,0.0,0.0
2025-11-01,06A,0.0,0.0
2025-03-01,06A,0.0,0.0
2024-04-01,06D,0.0,0.0
2023-10-01,06P,0.0,0.0
2026-05-01,06P,0.0,0.0
2023-11-01,06P,0.0,0.0
2021-08-01,06Y,0.0,0.0
2023-01-01,07L,0.0,0.0
2022-11-01,07L,0.0,0.0
2024-11-01,07L,0.0,0.0
2024-01-01,07P,0.0,0.0
2024-08-01,07R,0.0,0.0
2025-05-01,07T,0.0,0.0
2025-01-01,07T,0.0,0.0
2021-08-01,07V,0.0,0.0
2022-11-01,07V,0.0,0.0
2024-03-01,07X,0.0,0.0
2021-09-01,07X,0.0,0.0
2024-02-01,07X,0.0,0.0
2022-08-01,07Y,0.0,0.0
2023-06-01,07Y,0.0,0.0
2024-05-01,08C,0.0,0.0
2023-03-01,08E,0.0,0.0
2024-05-01,08F,0.0,0.0
2025-08-01,08K,0.0,0.0
2022-06-01,08K,0.0,0.0
2022-03-01,08M,0.0,0.0
2025-10-01,08M,0.0,0.0
2023-12-01,08N,0.0,0.0
2022-08-01,08N,0.0,0.0
2023-08-01,08N,0.0,0.0
2021-06-01,08R,0.0,0.0
2025-02-01,08T,0.0,0.0
2021-12-01,08V,0.0,0.0
2022-01-01,08V,0.0,0.0
2021-11-01,08W,0.0,0.0
2022-10-01,08W,0.0,0.0
2025-06-01,09A,0.0,0.0
2022-03-01,09C,0.0,0.0
2022-07-01,09J,0.0,0.0
2022-06-01,09J,0.0,0.0
2022-11-01,09J,0.0,0.0
2025-01-01,09L,0.0,0.0
2024-12-01,09P,0.0,0.0
2025-04-01,09P,0.0,0.0
2025-12-01,09W,0.0,0.0
2023-02-01,09Y,0.0,0.0
2022-07-01,09Y,0.0,0.0
2022-08-01,10A,0.0,0.0
2024-10-01,10A,0.0,0.0
2023-10-01,10C,0.0,0.0
2023-04-01,10D,0.0,0.0
2021-12-01,10E,0.0,0.0
2022-04-01,10E,0.0,0.0
2023-07-01,10E,0.0,0.0
2023-10-01,10J,0.0,0.0
2025-06-01,10K,0.0,0.0
2022-12-01,10K,0.0,0.0
2021-12-01,10K,0.0,0.0
2025-02-01,10L,0.0,0.0
2023-12-01,10L,0.0,0.0
2023-05-01,10L,0.0,0.0
2022-02-01,10V,0.0,0.0
2022-11-01,10V,0.0,0.0
2024-09-01,10W,0.0,0.0
2024-05-01,11A,0.0,0.0
2025-08-01,11T,0.0,0.0
2025-06-01,11T,0.0,0.0
2021-10-01,11T,0.0,0.0
2022-11-01,12D,0.0,0.0
2021-09-01,12D,0.0,0.0
2023-05-01,13P,0.0,0.0
2025-03-01,13P,0.0,0.0
2021-12-01,15D,0.0,0.0
2024-09-01,99H,0.0,0.0
2022-02-01,99H,0.0,0.0
2021-09-01,99J,0.0,0.0
2025-06-01,99M,0.0,0.0
2024-05-01,99M,0.0,0.0
2025-12-01,99P,0.0,0.0
2022-10-01,99Q,0.0,0.0
2022-09-01,D4U1Y,0.0,0.0
2025-01-01,00Q,0.0,187.816
2024-02-01,00X,0.0,191.496
2023-09-01,00X,0.0,190.82899999999995
2025-02-01,00X,0.0,193.67099999999996
2023-10-01,01A,0.0,402.95799999999997
2026-04-01,02M,0.0,188.11700000000002
2021-07-01,02T,0.0,222.45699999999997
2023-12-01,03L,0.0,272.11899999999997
2024-09-01,03Q,0.0,250.32299999999998
2021-10-01,03R,0.0,387.265
2022-04-01,03R,0.0,388.571
2024-06-01,03R,0.0,398.104
2025-01-01,04C,0.0,450.41700000000003
2024-12-01,06H,0.0,1055.1680000000003
2022-12-01,06Q,0.0,409.50799999999987
2025-10-01,06T,0.0,381.123
2024-07-01,07K,0.0,278.824
2025-08-01,07K,0.0,280.769
2024-12-01,10Q,0.0,827.8480000000002
2024-02-01,10R,0.0,235.989
2022-05-01,10R,0.0,231.039
2022-02-01,14Y,0.0,577.8930000000001
2025-05-01,15A,0.0,590.01
2025-01-01,15A,0.0,589.5329999999999
2026-05-01,15A,0.0,585.9200000000001
2025-05-01,18C,0.0,833.3250000000003
2024-11-01,18C,0.0,833.148
2022-09-01,99C,0.0,225.055
2023-01-01,99F,0.0,186.94
2025-04-01,99F,0.0,188.40800000000004
2026-02-01,00L,206.74493,344.392
2021-11-01,00L,376.95839,332.84600000000006
2022-08-01,00L,80.93131,334.23199999999997
2022-08-01,00P,125.08516999999999,286.9819999999999
2022-11-01,00T,204.01105,322.64000000000004
2025-11-01,00Y,97.79515,269.221
2025-06-01,00Y,107.03008,269.252
2022-09-01,01D,171.87804,243.80700000000004
2024-07-01,01D,146.11361,250.896
2026-06-01,01E,104.37665000000001,239.132
2025-03-01,01E,26.859,234.96100000000004
2026-03-01,01G,112.85669,325.15399999999994
2023-03-01,01H,666.44261,332.026
2026-03-01,01H,61.84365,337.55899999999997
2023-05-01,01K,41.78587,355.54699999999997
2021-09-01,01W,12.94349,319.283
2022-11-01,02G,18.60875,116.47999999999999
2025-08-01,02M,41.0461,187.80599999999998
2023-05-01,02X,1147.26564,332.067
2023-10-01,02X,906.71821,334.53099999999995
2022-03-01,02X,300.14484,328.002
2023-09-01,02X,17.85421,334.13500000000005
2022-03-01,02Y,65.30254,307.946
2025-11-01,02Y,47.82063,320.00800000000004
2022-04-01,03L,20.01757,267.038
2025-01-01,03Q,65.65384,253.161
2022-05-01,03R,121.44978,388.7180000000002
2023-09-01,03W,97.05133,356.896
2022-04-01,04C,20.01757,427.14300000000014
2024-10-01,04C,52.8796,448.72800000000007
2023-09-01,05D,18.61165,151.91899999999998
2024-06-01,05G,673.04924,231.26299999999995
2025-03-01,05V,93.60415,156.49999999999997
2023-04-01,05V,197.29636,153.78500000000003
2022-05-01,05W,1818.5499100000002,298.329
2022-10-01,05W,1539.5385500000002,299.31500000000005
2023-04-01,05W,1707.30292,302.52599999999995
2026-01-01,05W,120.23598,301.13699999999994
2021-09-01,06H,382.5439,1002.4359999999996
2024-03-01,06K,74.78272,631.253
2021-10-01,06K,50.66803,615.5160000000001
2026-04-01,06K,159.66,636.2699999999999
2022-12-01,06N,693.1268600000001,675.2439999999998
2026-05-01,07G,95.76311,189.82599999999996
2022-05-01,07G,199.53256,184.563
2025-02-01,07H,153.28488,335.956
2023-04-01,07H,59.82076000000001,328.22299999999996
2022-12-01,07H,70.99855,326.79400000000004
2024-02-01,07K,13.84528,277.20900000000006
2022-06-01,10Q,55.88662,796.2599999999999
2025-08-01,11J,117.67018,831.7530000000004
2026-06-01,11J,24.29327,826.6600000000001
2023-09-01,11M,60.787940000000006,685.9449999999999
2021-08-01,12F,203.21827,339.2030000000001
2024-09-01,12F,14.39129,345.62700000000007
2023-12-01,12F,67.72140999999999,343.35
2023-01-01,12F,143.9656,341.229
2023-06-01,13T,328.95096,547.9200000000002
2025-11-01,14L,742.3254300000001,759.7230000000002
2024-10-01,14Y,79.30588,594.5720000000001
2024-12-01,15A,73.4484,589.2449999999999
2025-07-01,15C,114.82469,1096.3819999999998
2024-08-01,15C,194.16415,1089.6409999999998
2022-06-01,15E,2725.57881,1570.278
2024-06-01,15F,192.18006999999997,937.172
2021-07-01,15F,2323.8726399999996,898.6599999999997
2021-06-01,15M,115.38663,1102.16
2021-11-01,15M,52.60306,1105.868
2024-10-01,15N,654.5139,1297.244
2024-04-01,16C,1416.7303899999997,733.6530000000001
2025-09-01,16C,107.96478,740.3429999999996
2022-08-01,16C,440.76095000000004,719.805
2022-06-01,18C,1002.2608399999999,816.7939999999999
2022-10-01,26A,135.16108,1085.36
2022-06-01,27D,168.07433,798.452
2021-09-01,27D,351.88017,791.93
2025-06-01,36L,153.46886999999998,1775.6120000000003
2024-05-01,70F,315.44245,940.704
2024-11-01,71E,678.49499,823.229
2022-12-01,71E,142.40562999999997,812.4609999999998
2023-01-01,78H,119.78720000000001,821.917
2023-03-01,84H,611.74108,563.7229999999998
2024-02-01,84H,937.62054,566.9380000000001
2024-09-01,93C,647.71256,1814.96
2026-04-01,99A,542.07021,599.345
2024-10-01,99A,1601.4023,594.732
2024-05-01,99C,97.89142,227.69900000000004
2023-04-01,99F,153.14899,186.889
2025-10-01,B2M3M,20.52895,1123.035
2024-07-01,B2M3M,95.61734,1108.877
2023-06-01,D9Y0V,1684.07274,1918.752
2022-11-01,D9Y0V,2006.32925,1909.3749999999998
2023-07-01,D9Y0V,997.54146,1920.5300000000004
2025-02-01,M2L0M,91.54158000000001,536.711
2026-03-01,W2U3Z,202.12105,2919.316000000002
2024-09-01,W2U3Z,156.24307,2899.4970000000003
2024-02-01,X2C4Y,982.0320399999999,458.8869999999999
2022-08-01,00D,0.0,0.0
2022-10-01,00D,0.0,0.0
2026-03-01,00D,0.0,0.0
2022-11-01,00D,0.0,0.0
2023-10-01,00D,0.0,0.0
2021-08-01,00J,0.0,0.0
2021-07-01,00M,0.0,0.0
2024-07-01,00M,0.0,0.0
2021-09-01,00M,0.0,0.0
2024-03-01,00M,0.0,0.0
2024-07-01,01R,0.0,0.0
2021-08-01,02F,0.0,0.0
2021-06-01,02F,0.0,0.0
2022-04-01,02F,0.0,0.0
2022-01-01,02R,0.0,0.0
2023-05-01,02R,0.0,0.0
2026-01-01,02V,0.0,0.0
2026-03-01,02W,0.0,0.0
2025-01-01,03A,0.0,0.0
2022-06-01,03T,0.0,0.0
2021-11-01,03Y,0.0,0.0
2025-10-01,04E,0.0,0.0
2021-08-01,04E,0.0,0.0
2021-06-01,04E,0.0,0.0
2021-07-01,04E,0.0,0.0
2024-09-01,04F,0.0,0.0
2026-03-01,04F,0.0,0.0
2021-07-01,04G,0.0,0.0
2024-10-01,04H,0.0,0.0
2026-02-01,04H,0.0,0.0
2025-01-01,04J,0.0,0.0
2026-04-01,04J,0.0,0.0
2022-04-01,04J,0.0,0.0
2023-01-01,04J,0.0,0.0
2021-12-01,04J,0.0,0.0
2022-05-01,04K,0.0,0.0
2024-04-01,04L,0.0,0.0
2024-10-01,04L,0.0,0.0
2023-05-01,04M,0.0,0.0
2024-03-01,04R,0.0,0.0
2023-04-01,04X,0.0,0.0
2021-11-01,05A,0.0,0.0
2023-04-01,05C,0.0,0.0
2021-11-01,05C,0.0,0.0
2025-06-01,05F,0.0,0.0
2026-01-01,05H,0.0,0.0
2023-10-01,05H,0.0,0.0
2021-10-01,05L,0.0,0.0
2024-02-01,05L,0.0,0.0
2022-12-01,05N,0.0,0.0
2023-09-01,05N,0.0,0.0
2024-10-01,05R,0.0,0.0
2022-07-01,05T,0.0,0.0
2024-02-01,05X,0.0,0.0
2023-10-01,05X,0.0,0.0
2022-09-01,06A,0.0,0.0
2025-12-01,06A,0.0,0.0
2026-01-01,06A,0.0,0.0
2024-11-01,06D,0.0,0.0
2021-10-01,06D,0.0,0.0
2022-03-01,06D,0.0,0.0
2025-09-01,06F,0.0,0.0
2025-12-01,06M,0.0,0.0
2023-11-01,06M,0.0,0.0
2022-02-01,06W,0.0,0.0
2022-05-01,06Y,0.0,0.0
2021-12-01,06Y,0.0,0.0
2023-06-01,07L,0.0,0.0
2023-04-01,07M,0.0,0.0
2022-12-01,07V,0.0,0.0
2023-05-01,07W,0.0,0.0
2025-02-01,07X,0.0,0.0
2022-12-01,07X,0.0,0.0
2026-01-01,07X,0.0,0.0
2021-12-01,07Y,0.0,0.0
2022-05-01,08A,0.0,0.0
2023-09-01,08D,0.0,0.0
2026-01-01,08E,0.0,0.0
2025-11-01,08E,0.0,0.0
2023-04-01,08E,0.0,0.0
2025-05-01,08E,0.0,0.0
2022-07-01,08F,0.0,0.0
2025-08-01,08F,0.0,0.0
2023-01-01,08H,0.0,0.0
2025-07-01,08J,0.0,0.0
2024-04-01,08K,0.0,0.0
2023-08-01,08M,0.0,0.0
2025-06-01,08N,0.0,0.0
2022-05-01,08R,0.0,0.0
2022-11-01,08T,0.0,0.0
2021-09-01,08V,0.0,0.0
2021-10-01,08V,0.0,0.0
2025-08-01,08V,0.0,0.0
2026-05-01,08V,0.0,0.0
2022-09-01,08W,0.0,0.0
2025-09-01,09C,0.0,0.0
2021-08-01,09E,0.0,0.0
2024-10-01,09F,0.0,0.0
2024-03-01,09F,0.0,0.0
2026-05-01,09G,0.0,0.0
2026-03-01,09G,0.0,0.0
2026-06-01,09J,0.0,0.0
2022-01-01,09J,0.0,0.0
2024-05-01,09P,0.0,0.0
2021-07-01,09P,0.0,0.0
2025-08-01,09P,0.0,0.0
2022-01-01,09P,0.0,0.0
2024-12-01,09W,0.0,0.0
2023-03-01,09W,0.0,0.0
2025-03-01,09W,0.0,0.0
2024-02-01,09Y,0.0,0.0
2021-06-01,10C,0.0,0.0
2025-07-01,10E,0.0,0.0
2024-09-01,10E,0.0,0.0
2025-10-01,10K,0.0,0.0
2025-03-01,10K,0.0,0.0
2022-04-01,10M,0.0,0.0
2023-10-01,10W,0.0,0.0
2026-05-01,10X,0.0,0.0
2025-05-01,10X,0.0,0.0
2022-07-01,11E,0.0,0.0
2022-09-01,11E,0.0,0.0
2023-02-01,11H,0.0,0.0
2024-09-01,11T,0.0,0.0
2022-09-01,12D,0.0,0.0
2022-06-01,12D,0.0,0.0
2024-09-01,12D,0.0,0.0
2025-11-01,15D,0.0,0.0
2023-05-01,15D,0.0,0.0
2022-02-01,15D,0.0,0.0
2022-08-01,15D,0.0,0.0
2023-06-01,99J,0.0,0.0
2023-05-01,99K,0.0,0.0
2023-06-01,99K,0.0,0.0
2022-11-01,99K,0.0,0.0
2021-11-01,99M,0.0,0.0
2022-11-01,99M,0.0,0.0
2022-06-01,99N,0.0,0.0
2022-01-01,99N,0.0,0.0
2023-10-01,99N,0.0,0.0
2022-07-01,99N,0.0,0.0
2023-05-01,99P,0.0,0.0
2022-11-01,D4U1Y,0.0,0.0
2022-01-01,D4U1Y,0.0,0.0
2024-05-01,00L,0.0,339.4290000000001
2026-06-01,00R,0.0,177.32499999999996
2025-12-01,01A,0.0,411.34899999999993
2024-03-01,01D,0.0,249.29100000000003
2026-03-01,01F,0.0,135.86399999999998
2023-01-01,01J,0.0,170.42000000000002
2022-05-01,01W,0.0,320.802
2023-08-01,01X,0.0,201.202
2023-07-01,02E,0.0,227.18300000000002
2023-09-01,02M,0.0,184.87
2025-06-01,02Q,0.0,128.415
2026-06-01,03F,0.0,312.7059999999999
2023-01-01,03R,0.0,391.344
2024-08-01,04Y,0.0,140.18900000000002
2026-06-01,06L,0.0,417.6300000000001
2023-06-01,06Q,0.0,411.8239999999999
2021-09-01,06T,0.0,362.78
2023-05-01,06T,0.0,371.224
2021-08-01,09D,0.0,325.2199999999999
2026-02-01,10R,0.0,233.68899999999996
2023-06-01,11M,0.0,683.825
2024-03-01,11M,0.0,690.1960000000001
2024-04-01,18C,0.0,828.7640000000001
2025-04-01,18C,0.0,833.1279999999999
2026-05-01,42D,0.0,569.795
2026-05-01,78H,0.0,850.138
2021-08-01,92G,0.0,972.9230000000002
2024-09-01,99C,0.0,228.28900000000002
2023-05-01,99F,0.0,186.82
2023-04-01,99G,0.0,191.82799999999997
2026-06-01,M2L0M,0.0,536.8189999999998
2025-03-01,00T,484.58768999999995,333.874
2023-08-01,00V,350.97434000000004,210.29699999999997
2025-10-01,00V,26.85699,212.62999999999997
2025-12-01,00V,84.39939,212.43899999999996
2026-01-01,00X,71.63187,195.06799999999998
2025-03-01,01D,232.2506,252.301
2024-01-01,01D,13.35103,248.39199999999997
2024-05-01,01G,272.35609,318.0439999999999
2022-01-01,01G,203.7569,299.603
2023-12-01,01H,38.81872,334.10800000000006
2022-11-01,01J,26.47176,170.52499999999998
2023-11-01,01T,422.95373,158.90400000000002
2022-08-01,01T,21.96478,157.333
2023-04-01,01V,26.6517,127.05099999999999
2023-01-01,01Y,426.28191999999996,221.42999999999998
2025-01-01,01Y,53.16471,228.317
2025-09-01,02A,188.0127,249.55299999999997
2023-11-01,02H,41.70386,346.4839999999998
2023-07-01,02P,24.31298,268.191
2023-04-01,02Q,97.04002,124.247
2021-07-01,03K,109.93963,182.97700000000003
2023-12-01,03K,24.38958,184.38799999999998
2023-03-01,03L,18.05682,269.327
2023-07-01,03N,1189.82761,630.5580000000002
2021-11-01,03N,1957.4800500000001,620.3229999999999
2021-08-01,04C,1428.96494,422.1400000000001
2022-06-01,04C,21.98724,427.2189999999999
2024-01-01,04C,33.13746,447.376
2024-09-01,04V,58.171400000000006,420.427
2023-05-01,04V,144.1726,414.83700000000016
2022-01-01,04Y,1453.2727,135.943
2023-04-01,05D,266.09177,150.64899999999997
2025-07-01,05W,364.31588,300.8330000000001
2023-02-01,06H,60.06895,1031.4690000000003
2025-04-01,06H,321.92624,1056.555
2022-07-01,06K,47.33159,617.684
2021-06-01,06L,40.91753,407.5470000000001
2023-02-01,06Q,35.70766,410.225
2024-05-01,07G,23.61362,189.88400000000004
2024-10-01,07G,94.45443,190.54500000000002
2024-11-01,07G,78.59726,190.639
2024-01-01,07H,41.35745,331.36299999999994
2025-07-01,07K,26.61,280.60800000000006
2025-10-01,09D,101.20651,331.1549999999999
2024-08-01,10Q,141.61392,820.137
2022-09-01,10R,291.32686,230.65300000000002
2025-03-01,11J,49.79361,832.2550000000001
2022-07-01,11J,23.67819,821.0820000000002
2021-07-01,11X,637.99802,590.6469999999999
2024-03-01,12F,450.05179999999996,343.88300000000004
2025-08-01,12F,99.14751,346.65200000000004
2022-10-01,12F,228.40605,340.8370000000001
2025-08-01,13T,586.60531,559.347
2025-08-01,14L,599.9894999999999,749.1120000000002
2025-06-01,14L,613.8981899999999,750.373
2024-04-01,14Y,16.67208,590.2850000000003
2023-10-01,14Y,218.81269,586.593
2022-05-01,15A,198.57551999999998,569.0709999999999
2023-09-01,15A,147.51592,580.7430000000002
2025-01-01,15C,20.19694,1095.435
2021-12-01,15F,1115.5536799999998,907.976
2021-09-01,15F,1546.6985,898.0779999999996
2023-07-01,15F,785.5519899999999,921.3120000000002
2025-09-01,15M,95.78499,1145.0589999999993
2024-02-01,15N,307.38821,1293.4290000000003
2026-03-01,18C,118.40549999999999,833.5709999999997
2025-01-01,27D,339.23929999999996,821.605
2024-02-01,36J,3026.25742,664.97
2022-09-01,36L,398.30683999999997,1736.8980000000004
2023-10-01,42D,206.85694,562.3090000000002
2023-05-01,70F,39.44403,931.379
2023-05-01,71E,315.63592,814.4810000000004
2022-11-01,78H,58.82441,819.5570000000001
2024-02-01,78H,124.99828,838.366
2025-03-01,84H,634.39871,569.5980000000001
2021-10-01,84H,505.08980999999994,557.1759999999999
2022-04-01,92A,188.36793,1273.1459999999993
2025-03-01,92A,356.00717,1303.4460000000006
2026-05-01,92A,252.10973,1297.1709999999998
2023-07-01,92G,53.63481,995.2860000000002
2024-11-01,93C,189.93502,1830.4289999999996
2026-03-01,97R,14.62296,576.521
2021-07-01,99A,690.2590299999999,556.8169999999999
2025-03-01,99A,2340.6605799999998,598.2539999999997
2024-06-01,99C,13.25539,227.76100000000002
2023-07-01,99F,48.61357,186.939
2022-01-01,99F,150.324,186.10400000000004
2024-12-01,99G,65.97837,196.30899999999994
2025-11-01,A3A8R,402.75893,2489.8790000000004
2025-10-01,A3A8R,2341.2052199999994,2487.405999999999
2024-04-01,B2M3M,360.54479,1103.1450000000004
2022-12-01,D2P2L,565.61406,1298.523
2026-02-01,D9Y0V,446.26337,1928.1189999999995
2026-02-01,M1J4Y,360.07772,1147.8780000000002
2024-08-01,M2L0M,30.008589999999998,534.4080000000001
2021-06-01,U2G6B,14.19478,454.725
2023-05-01,U2G6B,24.4399,467.9900000000001
2025-07-01,W2U3Z,136.40861,2918.9130000000005
2024-06-01,00D,0.0,0.0
2022-03-01,00J,0.0,0.0
2025-02-01,00J,0.0,0.0
2021-06-01,00J,0.0,0.0
2024-11-01,00J,0.0,0.0
2022-08-01,00J,0.0,0.0
2025-02-01,00K,0.0,0.0
2023-02-01,00K,0.0,0.0
2024-04-01,00K,0.0,0.0
2025-01-01,00K,0.0,0.0
2026-01-01,00M,0.0,0.0
2022-08-01,00M,0.0,0.0
2024-01-01,00M,0.0,0.0
2022-09-01,00M,0.0,0.0
2023-11-01,02R,0.0,0.0
2023-03-01,02R,0.0,0.0
2023-05-01,02V,0.0,0.0
2022-08-01,02V,0.0,0.0
2025-08-01,02V,0.0,0.0
2022-02-01,02W,0.0,0.0
2024-02-01,02W,0.0,0.0
2025-12-01,03M,0.0,0.0
2022-06-01,03M,0.0,0.0
2022-10-01,04D,0.0,0.0
2022-11-01,04F,0.0,0.0
2023-09-01,04H,0.0,0.0
2022-03-01,04J,0.0,0.0
2023-02-01,04J,0.0,0.0
2021-11-01,04K,0.0,0.0
2025-02-01,04K,0.0,0.0
2024-07-01,04K,0.0,0.0
2023-12-01,04L,0.0,0.0
2026-06-01,04M,0.0,0.0
2025-08-01,05N,0.0,0.0
2022-05-01,05N,0.0,0.0
2022-05-01,05R,0.0,0.0
2024-05-01,05T,0.0,0.0
2023-12-01,05T,0.0,0.0
2025-05-01,05T,0.0,0.0
2025-05-01,05X,0.0,0.0
2021-07-01,06A,0.0,0.0
2021-10-01,06A,0.0,0.0
2025-04-01,06D,0.0,0.0
2023-10-01,06F,0.0,0.0
2024-01-01,06F,0.0,0.0
2024-09-01,06M,0.0,0.0
2023-09-01,06M,0.0,0.0
2026-05-01,06M,0.0,0.0
2024-02-01,06P,0.0,0.0
2026-01-01,06W,0.0,0.0
2025-01-01,06Y,0.0,0.0
2022-06-01,06Y,0.0,0.0
2024-02-01,06Y,0.0,0.0
2025-09-01,07N,0.0,0.0
2024-09-01,07P,0.0,0.0
2025-04-01,07P,0.0,0.0
2023-05-01,07P,0.0,0.0
2021-11-01,07R,0.0,0.0
2024-02-01,07T,0.0,0.0
2023-07-01,07T,0.0,0.0
2022-11-01,07T,0.0,0.0
2023-12-01,07V,0.0,0.0
2023-03-01,07W,0.0,0.0
2022-03-01,07X,0.0,0.0
2023-02-01,07X,0.0,0.0
2022-10-01,07X,0.0,0.0
2021-08-01,08E,0.0,0.0
2022-12-01,08E,0.0,0.0
2023-06-01,08E,0.0,0.0
2021-10-01,08H,0.0,0.0
2026-02-01,08H,0.0,0.0
2025-04-01,08H,0.0,0.0
2024-12-01,08J,0.0,0.0
2021-07-01,08K,0.0,0.0
2023-05-01,08K,0.0,0.0
2024-12-01,08M,0.0,0.0
2023-09-01,08N,0.0,0.0
2024-01-01,08Q,0.0,0.0
2023-01-01,08T,0.0,0.0
2022-03-01,08V,0.0,0.0
2023-10-01,08V,0.0,0.0
2023-06-01,08W,0.0,0.0
2026-01-01,08W,0.0,0.0
2024-05-01,08X,0.0,0.0
2026-03-01,08X,0.0,0.0
2022-03-01,09A,0.0,0.0
2025-09-01,09A,0.0,0.0
2021-11-01,09C,0.0,0.0
2026-04-01,09F,0.0,0.0
2025-01-01,09G,0.0,0.0
2021-12-01,09J,0.0,0.0
2025-06-01,09J,0.0,0.0
2022-02-01,09P,0.0,0.0
2024-09-01,09W,0.0,0.0
2022-04-01,09W,0.0,0.0
2022-12-01,09Y,0.0,0.0
2025-06-01,09Y,0.0,0.0
2022-09-01,10A,0.0,0.0
2023-12-01,10A,0.0,0.0
2024-08-01,10D,0.0,0.0
2026-05-01,10D,0.0,0.0
2022-06-01,10D,0.0,0.0
2026-01-01,10K,0.0,0.0
2022-03-01,10M,0.0,0.0
2022-05-01,10M,0.0,0.0
2021-06-01,10M,0.0,0.0
2022-06-01,10V,0.0,0.0
2024-06-01,10W,0.0,0.0
2024-02-01,10W,0.0,0.0
2026-02-01,10X,0.0,0.0
2024-01-01,10X,0.0,0.0
2025-07-01,11A,0.0,0.0
2025-05-01,11A,0.0,0.0
2021-07-01,11E,0.0,0.0
2021-12-01,11E,0.0,0.0
2024-01-01,12D,0.0,0.0
2024-09-01,13P,0.0,0.0
2023-07-01,15D,0.0,0.0
2025-08-01,99D,0.0,0.0
2025-01-01,99H,0.0,0.0
2023-07-01,99N,0.0,0.0
2021-09-01,99Q,0.0,0.0
2023-10-01,99Q,0.0,0.0
2023-04-01,D4U1Y,0.0,0.0
2022-03-01,D4U1Y,0.0,0.0
2022-04-01,D4U1Y,0.0,0.0
2021-11-01,00Q,0.0,180.717
2023-06-01,00Q,0.0,183.412
2024-07-01,00X,0.0,192.48
2021-08-01,00X,0.0,187.50699999999998
2021-09-01,00X,0.0,187.57199999999997
2021-07-01,01V,0.0,125.95399999999998
2022-05-01,02E,0.0,223.913
2023-05-01,02E,0.0,226.48900000000006
2024-09-01,02G,0.0,117.75399999999999
2022-08-01,02H,0.0,339.61799999999994
2026-05-01,02M,0.0,188.23399999999998
2022-04-01,02M,0.0,182.54000000000002
2024-04-01,02Q,0.0,126.36099999999999
2022-11-01,03Q,0.0,249.257
2023-04-01,03R,0.0,392.391
2026-03-01,03W,0.0,361.809
2026-01-01,03W,0.0,362.08
2021-06-01,06N,0.0,663.0380000000002
2024-01-01,06Q,0.0,416.447
2025-09-01,06Q,0.0,426.10400000000016
2024-05-01,07H,0.0,333.08299999999997
2025-03-01,07H,0.0,336.02699999999993
2025-02-01,07K,0.0,280.09900000000005
2023-09-01,10Q,0.0,809.541
2023-01-01,14Y,0.0,582.913
2026-06-01,14Y,0.0,595.6950000000002
2024-10-01,26A,0.0,1099.1109999999999
2022-08-01,52R,0.0,1120.467
2023-02-01,99G,0.0,191.22500000000002
2023-09-01,99G,0.0,193.007
2025-08-01,B2M3M,0.0,1117.4319999999998
2023-02-01,00L,71.18114,335.3629999999999
2023-07-01,00N,260.76728,159.412
2026-01-01,00P,109.66226,295.435
2022-11-01,00Q,547.98898,182.08800000000002
2021-12-01,00Q,138.81141,180.82800000000003
2024-10-01,00V,279.6795,212.36300000000003
2023-07-01,00Y,175.42809999999997,265.19399999999996
2025-01-01,00Y,141.63597,269.393
2021-11-01,00Y,631.73479,261.626
2023-02-01,01A,20.30835,399.014
2023-08-01,01E,9.80922,227.23100000000002
2024-01-01,01G,299.2433,315.3659999999999
2023-09-01,01G,248.36377,311.836
2021-10-01,01H,197.19904000000002,328.48400000000004
2023-06-01,01H,525.1642800000001,332.4320000000001
2022-02-01,01X,74.69605,200.194
2024-09-01,01X,28.29238,203.22299999999993
2023-11-01,01Y,182.00859,224.10799999999995
2023-12-01,02A,13.82439,248.50400000000002
2023-07-01,02A,538.59671,248.24400000000003
2022-05-01,02G,725.41224,115.45799999999998
2024-01-01,02G,245.99594000000002,117.36499999999998
2025-01-01,02M,119.63552000000001,187.342
2025-09-01,02P,464.94027,270.71799999999996
2024-01-01,02P,24.46499,269.198
2025-02-01,02P,20.19691,270.837
2022-08-01,02X,403.73441,329.482
2025-12-01,02X,81.99280999999999,341.433
2022-02-01,02X,658.7718100000001,327.80899999999997
2024-01-01,03K,146.84403,184.41300000000004
2024-08-01,03K,275.6643,185.396
2022-08-01,03L,67.38657,267.57199999999995
2022-07-01,03N,1107.45993,619.1349999999999
2023-01-01,03N,1137.3969,629.4650000000001
2023-02-01,03N,1321.6758499999999,630.2970000000004
2022-09-01,03Q,20.23581,247.524
2022-03-01,03R,87.30093,388.36499999999995
2026-03-01,04C,21.18465,445.7240000000001
2022-03-01,04C,245.87686000000002,426.72699999999986
2025-06-01,04C,69.18759,449.374
2025-12-01,04V,58.161339999999996,425.39200000000005
2023-10-01,04Y,48.60903,139.06900000000002
2026-05-01,05G,217.96721999999997,230.78000000000003
2025-05-01,05G,365.69389,230.95200000000006
2025-05-01,05Q,64.96565,223.419
2023-02-01,06K,37.25758,621.417
2022-06-01,06N,757.98978,670.7200000000003
2021-10-01,06T,43.23183,362.832
2023-06-01,07K,13.32667,274.81699999999995
2022-05-01,10Q,20.266,795.119
2023-08-01,11J,345.77292,826.064
2025-05-01,11J,53.70308,831.9090000000002
2023-07-01,11M,41.56883,684.5840000000001
2023-02-01,11M,139.11233,681.8289999999998
2025-07-01,11M,92.06212,697.3359999999999
2025-05-01,11N,124.83000000000001,605.9250000000001
2022-06-01,12F,446.58133000000004,339.82399999999996
2025-09-01,13T,271.12903,559.165
2025-10-01,14L,855.0187,756.4609999999998
2023-03-01,15C,304.47950000000003,1071.1609999999996
2026-01-01,15E,2812.63991,1648.8140000000008
2025-07-01,15F,708.44933,941.075
2024-12-01,15F,544.8742400000001,944.5789999999997
2025-03-01,15N,329.9488,1297.5960000000005
2025-05-01,15N,246.93443,1296.8179999999998
2022-12-01,15N,248.02579,1279.7090000000005
2022-07-01,16C,615.57202,719.518
2024-10-01,16C,1324.29226,737.3739999999999
2025-07-01,18C,56.79204,834.0840000000001
2021-07-01,26A,274.89756,1076.3609999999999
2022-05-01,27D,205.42329999999998,797.455
2022-03-01,27D,297.47004999999996,796.0979999999998
2023-08-01,36J,320.928,660.048
2022-01-01,70F,451.81703,921.366
2023-04-01,71E,361.63408000000004,814.173
2024-06-01,71E,253.88697,821.4800000000001
2022-09-01,84H,446.658,560.2069999999999
2024-06-01,84H,527.55774,566.9719999999998
2026-03-01,91Q,134.35489,2041.8409999999997
2024-08-01,91Q,467.78613,2027.1269999999988
2026-06-01,92A,143.59822,1295.1659999999993
2023-04-01,92A,55.43078,1285.432999999999
2023-01-01,92G,33.7787,990.3560000000001
2024-08-01,93C,216.74439,1814.883
2024-03-01,97R,27.19681,574.9699999999999
2022-08-01,97R,94.6502,568.8710000000001
2022-04-01,99A,590.44198,567.566
2026-02-01,99A,973.9247700000001,600.681
2023-12-01,99G,48.80397,193.84499999999997
2022-04-01,99G,20.01757,190.53700000000003
2026-02-01,A3A8R,731.21952,2479.6160000000013
2022-04-01,D2P2L,949.66137,1288.9170000000001
2022-06-01,D9Y0V,1866.6906600000002,1896.4629999999997
2025-01-01,M2L0M,78.06943,536.3499999999999
2023-01-01,M2L0M,60.87722,523.5310000000003
2026-01-01,U2G6B,42.24297,502.0799999999999
2022-12-01,W2U3Z,206.96238,2820.5480000000007
2023-11-01,W2U3Z,267.58104000000003,2862.9980000000014
2021-07-01,X2C4Y,891.66516,448.24
2025-07-01,X2C4Y,625.6802600000001,462.51500000000004
2024-12-01,X2C4Y,158.5419,462.11500000000007
2024-11-01,00D,0.0,0.0
2024-03-01,00K,0.0,0.0
2024-10-01,00K,0.0,0.0
2025-11-01,01R,0.0,0.0
2025-01-01,01R,0.0,0.0
2024-01-01,02F,0.0,0.0
2026-06-01,02V,0.0,0.0
2023-05-01,02W,0.0,0.0
2023-12-01,03J,0.0,0.0
2025-11-01,03T,0.0,0.0
2021-09-01,03T,0.0,0.0
2025-09-01,03Y,0.0,0.0
2022-10-01,04E,0.0,0.0
2022-09-01,04F,0.0,0.0
2024-06-01,04G,0.0,0.0
2023-04-01,04H,0.0,0.0
2023-07-01,04H,0.0,0.0
2022-08-01,04J,0.0,0.0
2024-02-01,04J,0.0,0.0
2025-10-01,04K,0.0,0.0
2023-08-01,04K,0.0,0.0
2024-03-01,04L,0.0,0.0
2022-10-01,04L,0.0,0.0
2022-03-01,04M,0.0,0.0
2023-04-01,04M,0.0,0.0
2023-09-01,04R,0.0,0.0
2024-06-01,04R,0.0,0.0
2024-05-01,04R,0.0,0.0
2021-12-01,04X,0.0,0.0
2024-06-01,04X,0.0,0.0
2025-06-01,05C,0.0,0.0
2023-09-01,05C,0.0,0.0
2022-02-01,05C,0.0,0.0
2025-10-01,05F,0.0,0.0
2022-05-01,05H,0.0,0.0
2025-04-01,05H,0.0,0.0
2024-12-01,05H,0.0,0.0
2024-09-01,05L,0.0,0.0
2025-11-01,05N,0.0,0.0
2025-11-01,05R,0.0,0.0
2025-03-01,05R,0.0,0.0
2022-04-01,05T,0.0,0.0
2026-01-01,05T,0.0,0.0
2023-08-01,05X,0.0,0.0
2024-11-01,05X,0.0,0.0
2024-09-01,05Y,0.0,0.0
2021-06-01,06A,0.0,0.0
2022-06-01,06D,0.0,0.0
2026-06-01,06F,0.0,0.0
2024-06-01,06F,0.0,0.0
2025-09-01,06M,0.0,0.0
2025-01-01,06M,0.0,0.0
2024-11-01,06P,0.0,0.0
2022-08-01,06W,0.0,0.0
2026-05-01,07L,0.0,0.0
2025-01-01,07L,0.0,0.0
2022-03-01,07M,0.0,0.0
2025-02-01,07M,0.0,0.0
2025-09-01,07M,0.0,0.0
2021-09-01,07M,0.0,0.0
2026-03-01,07P,0.0,0.0
2021-10-01,07W,0.0,0.0
2022-10-01,07W,0.0,0.0
2022-04-01,07X,0.0,0.0
2023-11-01,07X,0.0,0.0
2023-10-01,07X,0.0,0.0
2025-05-01,07Y,0.0,0.0
2025-02-01,08A,0.0,0.0
2021-08-01,08C,0.0,0.0
2025-06-01,08C,0.0,0.0
2025-03-01,08C,0.0,0.0
2025-05-01,08D,0.0,0.0
2025-10-01,08E,0.0,0.0
2023-01-01,08E,0.0,0.0
2023-10-01,08F,0.0,0.0
2024-02-01,08H,0.0,0.0
2025-10-01,08H,0.0,0.0
2025-12-01,08J,0.0,0.0
2021-09-01,08K,0.0,0.0
2026-05-01,08K,0.0,0.0
2024-10-01,08M,0.0,0.0
2022-06-01,08Q,0.0,0.0
2026-04-01,08Q,0.0,0.0
2022-11-01,08R,0.0,0.0
2022-06-01,08T,0.0,0.0
2021-06-01,08T,0.0,0.0
2022-12-01,08Y,0.0,0.0
2023-01-01,09A,0.0,0.0
2025-06-01,09C,0.0,0.0
2025-10-01,09C,0.0,0.0
2024-07-01,09E,0.0,0.0
2024-10-01,09G,0.0,0.0
2023-12-01,09J,0.0,0.0
2026-03-01,09J,0.0,0.0
2022-10-01,09W,0.0,0.0
2025-01-01,09W,0.0,0.0
2023-10-01,09Y,0.0,0.0
2021-11-01,10A,0.0,0.0
2023-07-01,10C,0.0,0.0
2023-09-01,10D,0.0,0.0
2022-01-01,10E,0.0,0.0
2024-09-01,10K,0.0,0.0
2024-01-01,10V,0.0,0.0
2021-11-01,10V,0.0,0.0
2025-05-01,10W,0.0,0.0
2023-03-01,10W,0.0,0.0
2021-08-01,10X,0.0,0.0
2024-07-01,10X,0.0,0.0
2023-12-01,11A,0.0,0.0
2022-03-01,11E,0.0,0.0
2023-05-01,11H,0.0,0.0
2026-02-01,11T,0.0,0.0
2021-11-01,11T,0.0,0.0
2025-01-01,13P,0.0,0.0
2026-06-01,13P,0.0,0.0
2024-06-01,15D,0.0,0.0
2023-03-01,99D,0.0,0.0
2024-03-01,99H,0.0,0.0
2021-08-01,99H,0.0,0.0
2024-05-01,99H,0.0,0.0
2026-03-01,99J,0.0,0.0
2021-07-01,99J,0.0,0.0
2026-05-01,99K,0.0,0.0
2025-05-01,99K,0.0,0.0
2022-06-01,99K,0.0,0.0
2025-06-01,99N,0.0,0.0
2022-12-01,99N,0.0,0.0
2022-05-01,99N,0.0,0.0
2024-10-01,99N,0.0,0.0
2022-10-01,99N,0.0,0.0
2026-04-01,99N,0.0,0.0
2024-09-01,99N,0.0,0.0
2023-03-01,99P,0.0,0.0
2021-08-01,99P,0.0,0.0
2023-07-01,99P,0.0,0.0
2024-06-01,99P,0.0,0.0
2024-10-01,99Q,0.0,0.0
2024-12-01,99Q,0.0,0.0
2021-10-01,D4U1Y,0.0,0.0
2022-11-01,01A,0.0,398.3129999999999
2024-11-01,01A,0.0,410.04699999999997
2021-09-01,01K,0.0,351.0110000000001
2023-12-01,01T,0.0,159.03900000000002
2023-11-01,01V,0.0,127.616
2025-01-01,01V,0.0,128.407
2023-02-01,01X,0.0,200.51899999999995
2023-04-01,01X,0.0,200.66099999999997
2024-12-01,02E,0.0,230.88500000000005
2023-01-01,02E,0.0,225.647
2021-06-01,02E,0.0,220.801
2022-06-01,02M,0.0,182.769
2024-10-01,02T,0.0,225.468
2025-02-01,02T,0.0,225.837
2022-12-01,02T,0.0,223.18700000000004
2026-05-01,02Y,0.0,320.752
2026-01-01,03H,0.0,174.66900000000004
2026-04-01,03H,0.0,174.561
2021-12-01,03H,0.0,171.45299999999997
2026-01-01,03L,0.0,276.944
2024-10-01,03Q,0.0,251.28000000000003
2025-01-01,04Y,0.0,140.45799999999997
2022-11-01,06L,0.0,411.969
2026-03-01,06T,0.0,381.465
2026-03-01,07K,0.0,280.7300000000001
2023-01-01,09D,0.0,331.82399999999996
2022-05-01,09D,0.0,329.653
2024-03-01,10R,0.0,236.06099999999998
2024-01-01,26A,0.0,1093.9679999999998
2022-02-01,52R,0.0,1118.4979999999998
2022-03-01,52R,0.0,1119.2540000000001
2025-03-01,78H,0.0,849.6169999999998
2023-05-01,78H,0.0,826.4249999999997
2023-07-01,99C,0.0,226.306
2026-05-01,M2L0M,0.0,537.28
2021-09-01,00L,74.23638,332.7180000000001
2021-08-01,00L,195.10833,332.39300000000003
2024-10-01,00N,189.64918999999998,159.93800000000002
2026-04-01,00N,45.55033,159.10899999999998
2024-07-01,00P,26.54347,294.92
2024-08-01,00Q,20.19692,186.79900000000006
2021-11-01,00T,840.63291,318.79699999999997
2025-02-01,00V,84.71704,212.779
2026-02-01,00X,71.63211,195.077
2026-01-01,00Y,92.57591000000001,268.94
2025-09-01,01D,128.21325,253.55399999999997
2022-01-01,01F,164.7807,135.183
2021-12-01,01F,75.78123,135.16299999999998
2025-05-01,01F,394.17498,136.65200000000002
2022-03-01,01G,77.08564000000001,301.29599999999994
2023-12-01,01G,18.43152,314.9369999999999
2021-08-01,01G,195.57482,293.48400000000004
2023-08-01,01G,173.31703,311.46999999999997
2024-04-01,01G,48.3,316.86799999999994
2026-06-01,01G,216.73651,323.87
2025-10-01,01H,355.96461,337.61899999999997
2025-03-01,01H,315.63917,336.6429999999999
2025-04-01,01T,23.6126,161.351
2021-11-01,01T,92.95009,156.923
2024-12-01,01W,34.58822,329.154
2025-01-01,01X,71.64542,203.547
2022-03-01,02A,14.255,245.50900000000004
2022-01-01,02T,280.95551,222.30400000000003
2024-01-01,02Y,19.45004,313.644
2023-12-01,03H,112.23792,173.41700000000003
2022-11-01,03R,146.58907,390.888
2023-12-01,03W,48.80396,357.598
2025-02-01,04C,21.18856,450.43899999999996
2022-09-01,04V,211.49282,410.1230000000001
2021-07-01,04V,1088.82285,404.718
2024-08-01,05G,425.64779999999996,231.00700000000003
2025-01-01,05V,64.00748,156.481
2026-03-01,05W,186.85933999999997,300.238
2023-11-01,05W,380.30989999999997,294.53
2025-06-01,05W,74.61008,300.851
2024-10-01,06H,40.62825,1050.6809999999996
2025-08-01,06K,213.61466999999996,637.1390000000004
2024-12-01,09D,38.79821,334.15999999999997
2022-01-01,11J,52.26374,819.0040000000004
2021-10-01,11J,113.12094,816.9480000000002
2025-10-01,11M,82.09099,698.933
2021-06-01,11M,39.83109,668.3589999999998
2023-09-01,11X,77.44217,602.6080000000002
2024-01-01,12F,136.59086,343.54799999999994
2023-07-01,13T,186.69783,547.6610000000001
2022-07-01,14L,547.25151,701.0680000000001
2025-02-01,14L,770.7437399999999,750.6150000000001
2024-02-01,14L,1320.87852,736.4680000000002
2022-07-01,15A,80.04854,570.9019999999999
2022-05-01,15C,111.13099,1060.5839999999998
2024-11-01,15C,44.77039,1093.141
2023-02-01,15C,270.62128,1070.1249999999998
2022-01-01,15E,6449.83324,1566.2940000000006
2022-09-01,15N,511.32550000000003,1274.0500000000006
2026-04-01,18C,79.99528,833.5730000000003
2023-01-01,26A,183.0599,1087.842000000001
2026-03-01,27D,82.95619,824.4939999999999
2025-07-01,27D,219.79770000000002,823.428
2021-06-01,36J,642.16152,646.0629999999999
2024-04-01,36L,272.30643,1764.103999999999
2022-10-01,42D,236.37766,557.9049999999999
2022-05-01,71E,121.83042999999999,805.8209999999998
2026-05-01,71E,346.07928,824.385
2024-12-01,71E,97.26398,823.8989999999998
2024-10-01,72Q,902.4834500000001,2118.1420000000007
2024-10-01,78H,57.38709,846.5939999999999
2025-08-01,91Q,103.49023000000001,2041.7639999999994
2025-08-01,92A,89.65432,1304.6739999999998
2025-05-01,92A,152.94041,1303.8809999999999
2024-11-01,92G,53.87129,1010.9770000000002
2021-12-01,93C,1308.78921,1737.5200000000004
2021-08-01,93C,1047.9062700000002,1715.5539999999999
2022-05-01,93C,681.48003,1749.697
2021-09-01,93C,811.35474,1717.4509999999993
2022-06-01,93C,746.5170999999999,1751.855
2022-06-01,97R,94.73459,567.7819999999999
2021-06-01,97R,154.06302,563.785
2022-12-01,97R,76.19329,570.4780000000002
2025-06-01,99A,964.88848,598.2610000000002
2025-02-01,99A,2241.95322,597.8240000000002
2026-02-01,99C,27.87591,229.49900000000002
2025-04-01,99C,29.77858,228.79
2022-02-01,99E,122.61687,285.523
2025-03-01,99E,23.61361,295.75199999999995
2024-11-01,A3A8R,563.6748200000001,2464.4589999999994
2022-11-01,B2M3M,611.0638299999999,1068.3410000000001
2025-07-01,B2M3M,23.99979,1117.2999999999997
2021-11-01,B2M3M,565.84947,1045.0520000000006
2026-02-01,B2M3M,26.47307,1122.3509999999997
2022-02-01,D2P2L,1051.22842,1286.3600000000001
2024-12-01,D9Y0V,449.48679,1930.5610000000013
2021-11-01,W2U3Z,783.57754,2731.5099999999993
2025-08-01,W2U3Z,118.79335,2921.063999999998
2025-06-01,X2C4Y,377.06280000000004,462.52099999999996
2024-05-01,X2C4Y,420.97819000000004,459.947
2024-09-01,X2C4Y,631.2647199999999,461.1519999999998
2023-05-01,00D,0.0,0.0
2022-10-01,00J,0.0,0.0
2023-07-01,00J,0.0,0.0
2026-06-01,00K,0.0,0.0
2022-04-01,00K,0.0,0.0
2022-09-01,01R,0.0,0.0
2022-07-01,02V,0.0,0.0
2024-11-01,02W,0.0,0.0
2025-01-01,02W,0.0,0.0
2022-02-01,03M,0.0,0.0
2021-08-01,03T,0.0,0.0
2025-06-01,03T,0.0,0.0
2025-07-01,03Y,0.0,0.0
2022-09-01,03Y,0.0,0.0
2025-05-01,04D,0.0,0.0
2023-02-01,04D,0.0,0.0
2025-02-01,04D,0.0,0.0
2024-07-01,04E,0.0,0.0
2026-04-01,04G,0.0,0.0
2025-03-01,04J,0.0,0.0
2024-06-01,04K,0.0,0.0
2025-07-01,04L,0.0,0.0
2021-06-01,04M,0.0,0.0
2024-08-01,04R,0.0,0.0
2023-04-01,04R,0.0,0.0
2023-07-01,04X,0.0,0.0
2024-01-01,04X,0.0,0.0
2023-11-01,04X,0.0,0.0
2025-05-01,05A,0.0,0.0
2026-04-01,05A,0.0,0.0
2024-07-01,05A,0.0,0.0
2025-04-01,05A,0.0,0.0
2024-04-01,05A,0.0,0.0
2026-02-01,05C,0.0,0.0
2021-09-01,05C,0.0,0.0
2024-06-01,05F,0.0,0.0
2023-01-01,05F,0.0,0.0
2022-02-01,05F,0.0,0.0
2024-11-01,05H,0.0,0.0
2025-11-01,05L,0.0,0.0
2022-11-01,05N,0.0,0.0
2025-07-01,05R,0.0,0.0
2023-02-01,05X,0.0,0.0
2024-07-01,05Y,0.0,0.0
2026-04-01,06A,0.0,0.0
2023-05-01,06D,0.0,0.0
2025-05-01,06F,0.0,0.0
2023-12-01,06F,0.0,0.0
2021-09-01,06M,0.0,0.0
2025-10-01,06Y,0.0,0.0
2022-01-01,06Y,0.0,0.0
2021-07-01,07M,0.0,0.0
2025-12-01,07M,0.0,0.0
2025-08-01,07N,0.0,0.0
2022-02-01,07R,0.0,0.0
2024-06-01,07V,0.0,0.0
2022-09-01,07V,0.0,0.0
2024-01-01,07V,0.0,0.0
2022-03-01,07W,0.0,0.0
2022-12-01,07W,0.0,0.0
2024-08-01,07W,0.0,0.0
2023-03-01,07X,0.0,0.0
2023-04-01,07X,0.0,0.0
2022-06-01,07X,0.0,0.0
2024-03-01,08A,0.0,0.0
2023-03-01,08C,0.0,0.0
2021-10-01,08C,0.0,0.0
2023-08-01,08D,0.0,0.0
2021-11-01,08D,0.0,0.0
2023-07-01,08H,0.0,0.0
2021-08-01,08H,0.0,0.0
2024-11-01,08L,0.0,0.0
2024-01-01,08L,0.0,0.0
2024-09-01,08M,0.0,0.0
2022-05-01,08M,0.0,0.0
2022-02-01,08N,0.0,0.0
2022-07-01,08N,0.0,0.0
2021-07-01,08Q,0.0,0.0
2026-03-01,08Q,0.0,0.0
2022-03-01,08Q,0.0,0.0
2025-07-01,08T,0.0,0.0
2024-03-01,08T,0.0,0.0
2025-05-01,08T,0.0,0.0
2024-06-01,08T,0.0,0.0
2025-01-01,08V,0.0,0.0
2023-03-01,08V,0.0,0.0
2025-12-01,08V,0.0,0.0
2026-05-01,08X,0.0,0.0
2025-07-01,09E,0.0,0.0
2022-05-01,09J,0.0,0.0
2021-10-01,09J,0.0,0.0
2025-12-01,09L,0.0,0.0
2023-10-01,09P,0.0,0.0
2025-07-01,09W,0.0,0.0
2022-08-01,09W,0.0,0.0
2024-03-01,09Y,0.0,0.0
2023-12-01,09Y,0.0,0.0
2026-05-01,09Y,0.0,0.0
2025-10-01,10A,0.0,0.0
2023-03-01,10A,0.0,0.0
2021-12-01,10C,0.0,0.0
2023-01-01,10D,0.0,0.0
2026-01-01,10D,0.0,0.0
2022-11-01,10E,0.0,0.0
2025-08-01,10K,0.0,0.0
2026-01-01,10M,0.0,0.0
2021-08-01,10M,0.0,0.0
2021-09-01,10V,0.0,0.0
2021-06-01,10V,0.0,0.0
2025-07-01,10X,0.0,0.0
2024-05-01,10X,0.0,0.0
2021-06-01,11A,0.0,0.0
2023-10-01,11E,0.0,0.0
2025-12-01,11E,0.0,0.0
2024-06-01,11H,0.0,0.0
2022-06-01,11H,0.0,0.0
2022-10-01,11T,0.0,0.0
2026-04-01,11T,0.0,0.0
2024-03-01,11T,0.0,0.0
2023-06-01,13P,0.0,0.0
2024-08-01,15D,0.0,0.0
2025-02-01,99D,0.0,0.0
2022-10-01,99J,0.0,0.0
2023-05-01,99M,0.0,0.0
2023-01-01,99M,0.0,0.0
2026-03-01,D4U1Y,0.0,0.0
2023-07-01,00Q,0.0,183.662
2022-06-01,00R,0.0,176.533
2023-06-01,00R,0.0,177.711
2023-11-01,00R,0.0,178.46699999999998
2021-06-01,00X,0.0,187.281
2022-01-01,00X,0.0,187.82699999999997
2025-12-01,01K,0.0,355.492
2021-11-01,01V,0.0,126.39099999999999
2025-12-01,01W,0.0,330.865
2025-04-01,02A,0.0,249.43999999999997
2024-01-01,02E,0.0,228.71099999999998
2024-04-01,02M,0.0,185.439
2023-06-01,02M,0.0,184.35299999999998
2023-01-01,02P,0.0,267.00700000000006
2026-02-01,02Q,0.0,128.975
2022-07-01,03H,0.0,172.01099999999994
2022-01-01,03K,0.0,183.59300000000002
2023-04-01,03K,0.0,183.812
2024-06-01,03L,0.0,273.819
2025-07-01,03L,0.0,276.42600000000004
2025-10-01,03L,0.0,276.894
2022-05-01,03Q,0.0,250.85700000000003
2024-02-01,03Q,0.0,252.96100000000004
2024-11-01,03W,0.0,360.874
2024-03-01,06Q,0.0,417.6600000000001
2024-09-01,06Q,0.0,420.317
2024-01-01,06T,0.0,375.0749999999999
2025-01-01,06T,0.0,379.2009999999999
2025-11-01,07H,0.0,338.06300000000005
2023-05-01,11M,0.0,683.2960000000002
2025-06-01,14Y,0.0,596.9820000000003
2026-05-01,14Y,0.0,596.0920000000002
2023-05-01,18C,0.0,822.79
2025-01-01,42D,0.0,567.903
2024-12-01,78H,0.0,848.3029999999998
2024-10-01,99C,0.0,228.29900000000006
2026-06-01,99G,0.0,196.195
2026-02-01,99G,0.0,196.61299999999997
2021-08-01,U2G6B,0.0,455.345
2025-10-01,00N,26.85699,159.60099999999997
2023-11-01,00N,102.75672,159.752
2024-11-01,00N,283.87959,159.888
2024-03-01,00N,121.68718000000001,159.84100000000004
2023-08-01,00P,171.68128000000002,290.91799999999995
2022-02-01,00T,495.2173,319.58099999999996
2025-05-01,00V,67.91002,212.772
2025-12-01,00X,107.38022,194.98800000000003
2023-05-01,01A,20.89913,400.2089999999998
2023-01-01,01E,81.4642,224.86400000000003
2022-10-01,01F,47.26996,135.014
2023-11-01,01G,294.96594,314.218
2022-08-01,01J,117.27869,170.294
2023-06-01,01T,130.10303000000002,158.09500000000003
2026-06-01,01X,113.1068,204.61000000000004
2021-06-01,01X,51.483670000000004,199.67000000000002
2026-03-01,01Y,532.35353,228.99200000000005
2023-01-01,02G,517.70275,116.62800000000001
2025-12-01,02H,188.4086,352.45300000000003
2023-10-01,02T,20.78868,224.07099999999997
2021-11-01,02X,942.11798,327.097
2024-07-01,02X,164.45344,338.2699999999999
2024-08-01,03H,39.37176,174.652
2022-12-01,03K,39.54258,183.865
2023-09-01,03L,24.26903,271.261
2022-11-01,03L,23.67623,268.48
2024-05-01,03N,455.84565000000003,638.613
2025-08-01,03N,652.2044999999999,635.4820000000001
2023-03-01,03N,1145.1116200000004,630.6859999999999
2026-02-01,03R,162.25187,400.1560000000002
2025-08-01,03W,23.99981,361.637
2022-09-01,04C,57.38303,427.1250000000001
2021-09-01,04V,39.78458,404.5630000000001
2024-04-01,04V,138.02044,419.91700000000003
2025-06-01,04Y,159.34996,140.54899999999998
2023-06-01,05D,49.59683,151.112
2025-05-01,05D,75.1,155.061
2023-04-01,05Q,66.50067,220.763
2023-12-01,05V,152.18834,155.195
2023-03-01,05W,1177.50692,302.04799999999994
2024-09-01,05W,124.9563,298.98100000000005
2023-05-01,06H,347.97315000000003,1033.6430000000007
2022-03-01,06H,52.83370000000001,1013.211
2022-04-01,06H,49.89738,1013.9850000000002
2025-05-01,06H,136.53556,1056.8869999999997
2021-07-01,06H,181.22395,1000.0230000000001
2025-01-01,06N,691.34178,692.1920000000001
2023-02-01,06T,20.30835,370.293
2026-05-01,06T,20.52574,381.1349999999999
2022-02-01,07G,179.22573,184.316
2023-11-01,07G,73.14167,187.76899999999998
2022-04-01,07H,70.54526,324.5210000000001
2024-01-01,09D,61.66828,332.998
2021-09-01,09D,104.37169,324.98600000000005
2026-03-01,11M,41.04095,698.2349999999998
2022-09-01,11M,74.97350999999999,678.45
2022-12-01,11M,88.55883,680.814
2024-11-01,11X,200.33184,607.9360000000003
2023-11-01,12F,223.58427,343.106
2024-11-01,12F,60.56604,345.6700000000001
2023-11-01,13T,837.3002799999999,553.4950000000001
2023-10-01,13T,297.91778,550.477
2026-03-01,14L,758.2541899999999,753.785
2022-06-01,14L,409.76881,700.5939999999999
2023-09-01,14Y,88.78215,586.862
2021-09-01,15A,187.76023,561.5840000000001
2021-06-01,15C,335.86381,1044.171
2024-07-01,15C,198.85656,1089.7730000000001
2023-10-01,15C,97.96717,1079.1480000000004
2021-12-01,15N,339.66354,1269.2880000000002
2025-04-01,16C,2780.6099999999997,739.5690000000001
2021-07-01,16C,338.05959,712.568
2024-01-01,16C,1498.1460000000002,731.544
2023-12-01,26A,48.80397,1094.0910000000001
2025-08-01,26A,20.23,1100.9909999999998
2023-12-01,36L,179.99355,1761.207
2025-11-01,36L,321.40426,1778.5960000000016
2021-06-01,36L,963.9463299999999,1711.649
2021-08-01,36L,1208.6057799999999,1718.524
2024-07-01,70F,269.57011,942.696
2024-12-01,70F,382.57361000000003,946.6859999999998
2022-03-01,72Q,4300.693810000001,2050.9350000000004
2025-11-01,72Q,755.08804,2125.2289999999994
2023-07-01,78H,59.43664,829.3230000000001
2022-06-01,78H,117.87553,814.9130000000001
2024-11-01,91Q,200.33888000000002,2032.9040000000007
2024-09-01,91Q,33.62023,2029.0140000000001
2021-06-01,92G,158.62905,970.157
2025-12-01,93C,316.61319,1840.804000000001
2025-06-01,99C,105.01129999999999,228.90300000000002
2022-04-01,99F,197.15084,186.227
2025-12-01,A3A8R,754.4464600000001,2490.274999999999
2025-01-01,D2P2L,693.65304,1341.002
2024-04-01,D9Y0V,2125.76463,1918.6509999999998
2021-11-01,D9Y0V,2147.16152,1886.8039999999994
2024-07-01,D9Y0V,363.24462000000005,1922.6490000000003
2026-05-01,D9Y0V,753.1079800000001,1925.1510000000007
2023-10-01,M1J4Y,791.49322,1115.7939999999996
2021-10-01,M2L0M,57.091590000000004,516.4519999999999
2022-03-01,U2G6B,223.56702,457.9359999999999
2025-11-01,W2U3Z,184.68895,2940.968000000001
2025-04-01,W2U3Z,218.85177,2913.547000000001
2024-11-01,W2U3Z,793.3569299999999,2906.913000000001
2024-01-01,W2U3Z,290.46641,2880.748000000002
2021-10-01,00D,0.0,0.0
2024-03-01,00D,0.0,0.0
2024-03-01,00J,0.0,0.0
2023-11-01,00J,0.0,0.0
2025-04-01,00K,0.0,0.0
2024-05-01,00M,0.0,0.0
2025-10-01,01R,0.0,0.0
2023-11-01,01R,0.0,0.0
2026-06-01,02F,0.0,0.0
2025-10-01,02R,0.0,0.0
2024-04-01,02R,0.0,0.0
2024-10-01,02V,0.0,0.0
2022-09-01,02V,0.0,0.0
2025-03-01,02W,0.0,0.0
2021-12-01,02W,0.0,0.0
2024-07-01,03A,0.0,0.0
2025-05-01,03T,0.0,0.0
2025-08-01,04D,0.0,0.0
2024-11-01,04D,0.0,0.0
2023-11-01,04G,0.0,0.0
2025-01-01,04G,0.0,0.0
2025-09-01,04H,0.0,0.0
2025-04-01,04J,0.0,0.0
2024-01-01,04J,0.0,0.0
2024-01-01,04K,0.0,0.0
2023-01-01,04K,0.0,0.0
2024-07-01,04L,0.0,0.0
2026-06-01,04L,0.0,0.0
2024-03-01,04Q,0.0,0.0
2023-07-01,04R,0.0,0.0
2025-11-01,04X,0.0,0.0
2022-07-01,04X,0.0,0.0
2022-07-01,05A,0.0,0.0
2023-11-01,05A,0.0,0.0
2024-10-01,05F,0.0,0.0
2023-06-01,05H,0.0,0.0
2023-07-01,05L,0.0,0.0
2022-06-01,05N,0.0,0.0
2024-08-01,05N,0.0,0.0
2022-11-01,05R,0.0,0.0
2021-07-01,05T,0.0,0.0
2025-12-01,05Y,0.0,0.0
2024-10-01,06A,0.0,0.0
2023-12-01,06A,0.0,0.0
2022-11-01,06A,0.0,0.0
2026-04-01,06D,0.0,0.0
2026-05-01,06F,0.0,0.0
2022-10-01,06M,0.0,0.0
2021-08-01,06M,0.0,0.0
2021-07-01,06P,0.0,0.0
2024-07-01,06P,0.0,0.0
2022-08-01,06Y,0.0,0.0
2025-09-01,06Y,0.0,0.0
2021-09-01,06Y,0.0,0.0
2023-11-01,06Y,0.0,0.0
2021-08-01,07L,0.0,0.0
2022-01-01,07M,0.0,0.0
2025-07-01,07N,0.0,0.0
2024-11-01,07P,0.0,0.0
2025-05-01,07R,0.0,0.0
2023-12-01,07R,0.0,0.0
2023-10-01,07V,0.0,0.0
2025-11-01,07V,0.0,0.0
2026-02-01,07W,0.0,0.0
2023-06-01,07X,0.0,0.0
2022-01-01,07Y,0.0,0.0
2025-08-01,08A,0.0,0.0
2022-06-01,08A,0.0,0.0
2024-12-01,08A,0.0,0.0
2025-12-01,08A,0.0,0.0
2026-03-01,08A,0.0,0.0
2023-05-01,08C,0.0,0.0
2025-05-01,08C,0.0,0.0
2024-03-01,08C,0.0,0.0
2025-09-01,08C,0.0,0.0
2022-06-01,08D,0.0,0.0
2022-08-01,08D,0.0,0.0
2023-11-01,08F,0.0,0.0
2025-01-01,08G,0.0,0.0
2021-10-01,08G,0.0,0.0
2024-11-01,08H,0.0,0.0
2022-07-01,08H,0.0,0.0
2024-09-01,08J,0.0,0.0
2026-06-01,08J,0.0,0.0
2024-03-01,08J,0.0,0.0
2022-08-01,08J,0.0,0.0
2024-09-01,08K,0.0,0.0
2026-06-01,08K,0.0,0.0
2023-01-01,08L,0.0,0.0
2025-04-01,08L,0.0,0.0
2024-12-01,08L,0.0,0.0
2025-05-01,08M,0.0,0.0
2021-11-01,08M,0.0,0.0
2024-04-01,08M,0.0,0.0
2021-10-01,08M,0.0,0.0
2025-07-01,08N,0.0,0.0
2022-12-01,08N,0.0,0.0
2023-12-01,08Q,0.0,0.0
2022-03-01,08R,0.0,0.0
2025-08-01,08T,0.0,0.0
2023-01-01,08V,0.0,0.0
2025-09-01,08X,0.0,0.0
2022-11-01,08Y,0.0,0.0
2022-03-01,08Y,0.0,0.0
2023-04-01,08Y,0.0,0.0
2024-02-01,08Y,0.0,0.0
2025-05-01,09A,0.0,0.0
2024-05-01,09A,0.0,0.0
2024-04-01,09C,0.0,0.0
2022-05-01,09C,0.0,0.0
2026-04-01,09C,0.0,0.0
2024-03-01,09G,0.0,0.0
2025-09-01,09G,0.0,0.0
2024-03-01,09L,0.0,0.0
2023-09-01,09L,0.0,0.0
2023-11-01,09P,0.0,0.0
2025-11-01,09P,0.0,0.0
2025-12-01,09Y,0.0,0.0
2021-10-01,10A,0.0,0.0
2026-06-01,10A,0.0,0.0
2024-01-01,10A,0.0,0.0
2025-05-01,10D,0.0,0.0
2025-03-01,10E,0.0,0.0
2022-07-01,10E,0.0,0.0
2021-08-01,10E,0.0,0.0
2023-07-01,10J,0.0,0.0
2025-05-01,10M,0.0,0.0
2023-02-01,10V,0.0,0.0
2025-11-01,10V,0.0,0.0
2023-04-01,10V,0.0,0.0
2024-12-01,10V,0.0,0.0
2022-12-01,10W,0.0,0.0
2024-12-01,10W,0.0,0.0
2024-02-01,11A,0.0,0.0
2025-05-01,11H,0.0,0.0
2024-01-01,11T,0.0,0.0
2026-05-01,13P,0.0,0.0
2025-08-01,15D,0.0,0.0
2024-08-01,99D,0.0,0.0
2025-07-01,99D,0.0,0.0
2025-03-01,99H,0.0,0.0
2022-12-01,99H,0.0,0.0
2026-06-01,99H,0.0,0.0
2022-12-01,99J,0.0,0.0
2021-11-01,99K,0.0,0.0
2023-02-01,99M,0.0,0.0
2023-07-01,99M,0.0,0.0
2021-07-01,00Q,0.0,180.112
2022-08-01,01E,0.0,222.23
2024-04-01,01K,0.0,355.8339999999999
2023-02-01,01T,0.0,157.71899999999997
2025-05-01,01W,0.0,329.4659999999999
2026-01-01,01W,0.0,330.76699999999994
2022-05-01,02A,0.0,245.86400000000006
2024-08-01,02H,0.0,350.3660000000001
2022-02-01,02M,0.0,182.41000000000003
2025-12-01,02M,0.0,187.954
2021-12-01,02Q,0.0,121.536
2026-03-01,02Q,0.0,128.888
2024-11-01,03Q,0.0,252.678
2023-12-01,03R,0.0,395.78499999999997
2023-04-01,04C,0.0,437.2169999999999
2022-01-01,04C,0.0,425.86300000000006
2023-11-01,04Y,0.0,139.222
2023-01-01,06K,0.0,620.619
2023-05-01,06K,0.0,623.3190000000002
2024-12-01,06Q,0.0,421.95899999999995
2025-06-01,07K,0.0,280.39500000000004
2022-03-01,09D,0.0,329.501
2024-10-01,09D,0.0,333.61899999999997
2025-09-01,11N,0.0,605.622
2024-10-01,11N,0.0,605.8910000000001
2023-11-01,14Y,0.0,587.407
2025-03-01,15A,0.0,589.7340000000002
2026-06-01,15M,0.0,1142.9980000000003
2025-10-01,26A,0.0,1103.4249999999993
2024-08-01,42D,0.0,566.0870000000001
2026-02-01,42D,0.0,570.3190000000001
2024-01-01,52R,0.0,1143.9400000000007
2024-10-01,99F,0.0,188.026
2022-07-01,00L,514.2577,333.928
2026-01-01,00L,216.43463999999997,344.235
2024-08-01,00L,44.78,340.3609999999999
2024-12-01,00N,111.33609999999999,159.92999999999998
2022-07-01,00P,375.61361999999997,286.8690000000001
2024-03-01,00Q,20.88335,185.74899999999997
2021-12-01,00T,309.48162,319.0270000000001
2026-04-01,00X,26.85362,195.29399999999998
2022-05-01,01D,369.47869999999995,242.89800000000005
2025-02-01,01E,273.14904,234.612
2023-05-01,01F,48.85499,135.533
2023-04-01,01G,121.24727,310.0770000000001
2023-10-01,01H,255.3037,333.663
2021-11-01,01H,551.75017,328.48299999999995
2024-03-01,01H,408.28720999999996,334.45399999999995
2024-07-01,01H,117.7738,335.407
2023-07-01,01H,390.22004000000004,332.772
2025-08-01,01J,91.87109000000001,174.17000000000002
2021-12-01,01K,75.38022000000001,353.57300000000004
2025-01-01,01W,151.45839999999998,329.23
2021-06-01,01Y,489.45808999999997,218.82899999999992
2025-08-01,01Y,167.96793,229.16
2022-01-01,02E,19.76735,223.19500000000002
2023-04-01,02H,40.77147,342.60099999999994
2025-07-01,02P,41.04608,270.759
2022-04-01,02X,439.20289,328.2549999999999
2022-12-01,02X,403.88465,330.79600000000005
2025-07-01,02X,345.62110000000007,340.736
2025-02-01,03H,56.57231,174.672
2021-10-01,03K,19.22725,183.42299999999997
2024-09-01,03K,104.38216,185.56
2021-07-01,03N,2260.73812,613.243
2026-01-01,03Q,90.0,249.90199999999996
2021-08-01,03R,52.55441,386.7179999999999
2023-05-01,03R,70.94066,392.78799999999995
2025-01-01,03W,23.61361,359.942
2023-11-01,04C,22.08276,444.567
2021-07-01,04C,39.88652,422.4369999999998
2025-11-01,04V,272.30816,425.422
2021-11-01,05D,75.36497,147.62199999999999
2024-11-01,05D,74.84,154.57600000000005
2024-03-01,05V,155.42433,155.346
2026-02-01,05V,109.99256,156.961
2025-05-01,05V,619.5935400000001,156.721
2023-02-01,05W,458.75964,301.62299999999993
2021-12-01,05W,2965.42858,297.36199999999997
2021-11-01,06H,272.58241,1008.074
2024-09-01,06H,98.94781,1050.257
2024-04-01,06L,303.70895,416.35999999999996
2022-11-01,06N,739.1632300000001,674.647
2023-12-01,06N,202.19920000000002,684.883
2023-05-01,07G,83.66591,186.047
2025-05-01,09D,78.53999999999999,332.86
2025-06-01,10Q,24.99586,828.2980000000001
2021-10-01,10R,93.21028,228.762
2026-04-01,10R,25.51967,232.90099999999998
2024-01-01,11M,276.86506,688.6809999999999
2021-12-01,11N,19.96974,596.9950000000001
2022-06-01,11N,351.21388,597.8290000000001
2021-07-01,11N,56.60334,594.3699999999999
2022-09-01,11N,20.23581,598.7149999999998
2022-07-01,11X,64.44887,596.3710000000003
2026-06-01,13T,982.5949700000001,555.702
2021-07-01,14L,1149.84313,679.2840000000001
2024-12-01,14L,1427.8868600000003,750.6930000000001
2021-12-01,14Y,197.65051,576.8190000000001
2022-11-01,14Y,152.11468000000002,582.3330000000002
2022-11-01,15E,5930.55587,1579.1729999999993
2023-08-01,15E,2742.68818,1604.8709999999994
2022-11-01,15F,1151.99406,916.1750000000002
2026-01-01,15N,254.60597,1298.0879999999995
2024-07-01,15N,138.37423,1293.901
2022-04-01,15N,565.22518,1271.298
2023-04-01,16C,42.9489,725.7940000000002
2025-03-01,26A,93.71127,1100.1559999999997
2022-12-01,36J,588.9297600000001,655.5579999999999
2022-02-01,36L,315.63885000000005,1727.7180000000008
2021-11-01,36L,297.44264,1721.246
2024-01-01,36L,215.5629,1762.8890000000006
2021-12-01,52R,210.56023,1116.5180000000005
2026-04-01,70F,186.27000000000004,950.0679999999999
2022-10-01,70F,166.85782999999998,927.9189999999999
2023-12-01,71E,641.24808,819.1350000000002
2024-06-01,72Q,532.14507,2113.0400000000013
2022-09-01,78H,145.81288,817.8549999999998
2021-09-01,91Q,970.3346400000001,1950.2839999999997
2023-02-01,92A,55.42219,1284.5029999999997
2025-09-01,92A,271.79978,1304.9849999999997
2022-04-01,92G,33.32316,980.7580000000003
2022-11-01,92G,32.19371,987.334
2026-06-01,93C,199.36858,1802.0290000000002
2022-10-01,93C,489.04724,1760.5159999999998
2023-06-01,99A,1700.50415,578.8109999999999
2021-12-01,99A,1459.4397999999999,564.4279999999999
2023-05-01,99C,41.78587,225.937
2022-07-01,99F,152.12731000000002,186.406
2024-02-01,A3A8R,856.10274,2455.184999999998
2026-05-01,A3A8R,830.8691799999999,2464.959
2022-07-01,D2P2L,1526.34081,1291.0820000000003
2024-03-01,D2P2L,762.6002000000001,1329.9270000000001
2024-10-01,M2L0M,133.12867,535.747
2022-07-01,U2G6B,20.25596,460.45400000000006
2025-12-01,U2G6B,55.70969,503.0669999999999
2024-05-01,W2U3Z,17.83502,2889.027000000002
2024-11-01,X2C4Y,694.9426,461.935
2023-02-01,00J,0.0,0.0
2025-04-01,00J,0.0,0.0
2021-10-01,00K,0.0,0.0
2024-11-01,00K,0.0,0.0
2024-02-01,00M,0.0,0.0
2023-01-01,01R,0.0,0.0
2024-12-01,01R,0.0,0.0
2025-01-01,02F,0.0,0.0
2024-09-01,02R,0.0,0.0
2022-05-01,02R,0.0,0.0
2026-03-01,02R,0.0,0.0
2026-04-01,02V,0.0,0.0
2022-03-01,02V,0.0,0.0
2022-11-01,02V,0.0,0.0
2026-04-01,02W,0.0,0.0
2024-03-01,02W,0.0,0.0
2021-10-01,02W,0.0,0.0
2025-06-01,03A,0.0,0.0
2025-12-01,03J,0.0,0.0
2022-06-01,03J,0.0,0.0
2025-05-01,03M,0.0,0.0
2026-04-01,03Y,0.0,0.0
2024-07-01,03Y,0.0,0.0
2025-10-01,04D,0.0,0.0
2025-05-01,04F,0.0,0.0
2024-11-01,04H,0.0,0.0
2023-01-01,04H,0.0,0.0
2026-02-01,04J,0.0,0.0
2023-05-01,04J,0.0,0.0
2021-09-01,04K,0.0,0.0
2025-01-01,04K,0.0,0.0
2026-03-01,04K,0.0,0.0
2022-11-01,04M,0.0,0.0
2025-09-01,04M,0.0,0.0
2021-07-01,04X,0.0,0.0
2026-06-01,04X,0.0,0.0
2025-01-01,05C,0.0,0.0
2022-05-01,05C,0.0,0.0
2025-10-01,05H,0.0,0.0
2023-03-01,05H,0.0,0.0
2024-08-01,05H,0.0,0.0
2022-06-01,05L,0.0,0.0
2025-02-01,05L,0.0,0.0
2026-03-01,05N,0.0,0.0
2025-09-01,05N,0.0,0.0
2022-09-01,05N,0.0,0.0
2026-04-01,05N,0.0,0.0
2026-05-01,05X,0.0,0.0
2025-08-01,05Y,0.0,0.0
2022-07-01,06A,0.0,0.0
2024-11-01,06A,0.0,0.0
2025-12-01,06D,0.0,0.0
2022-03-01,06M,0.0,0.0
2024-06-01,06M,0.0,0.0
2024-05-01,06M,0.0,0.0
2022-11-01,06P,0.0,0.0
2022-03-01,06P,0.0,0.0
2023-02-01,06W,0.0,0.0
2022-04-01,06Y,0.0,0.0
2022-12-01,06Y,0.0,0.0
2024-09-01,07L,0.0,0.0
2025-06-01,07R,0.0,0.0
2021-08-01,07T,0.0,0.0
2026-03-01,07T,0.0,0.0
2022-03-01,07V,0.0,0.0
2022-09-01,07X,0.0,0.0
2025-11-01,07X,0.0,0.0
2025-11-01,07Y,0.0,0.0
2024-05-01,07Y,0.0,0.0
2026-02-01,08C,0.0,0.0
2023-07-01,08D,0.0,0.0
2025-03-01,08D,0.0,0.0
2025-01-01,08E,0.0,0.0
2024-09-01,08G,0.0,0.0
2024-10-01,08G,0.0,0.0
2026-01-01,08H,0.0,0.0
2024-09-01,08H,0.0,0.0
2023-09-01,08J,0.0,0.0
2023-12-01,08K,0.0,0.0
2026-02-01,08M,0.0,0.0
2023-02-01,08N,0.0,0.0
2021-08-01,08N,0.0,0.0
2025-12-01,08Q,0.0,0.0
2025-05-01,08Q,0.0,0.0
2024-03-01,08R,0.0,0.0
2022-03-01,08T,0.0,0.0
2025-06-01,08V,0.0,0.0
2024-07-01,08W,0.0,0.0
2024-08-01,08W,0.0,0.0
2025-06-01,08X,0.0,0.0
2023-10-01,08X,0.0,0.0
2026-02-01,08X,0.0,0.0
2022-10-01,08X,0.0,0.0
2023-02-01,08Y,0.0,0.0
2026-04-01,08Y,0.0,0.0
2023-09-01,09A,0.0,0.0
2023-06-01,09A,0.0,0.0
2024-09-01,09A,0.0,0.0
2024-01-01,09C,0.0,0.0
2022-01-01,09F,0.0,0.0
2024-01-01,09J,0.0,0.0
2024-11-01,09L,0.0,0.0
2026-06-01,09P,0.0,0.0
2022-09-01,09Y,0.0,0.0
2024-06-01,10A,0.0,0.0
2025-10-01,10E,0.0,0.0
2022-06-01,10E,0.0,0.0
2024-01-01,10J,0.0,0.0
2023-11-01,10K,0.0,0.0
2023-06-01,10K,0.0,0.0
2026-05-01,10W,0.0,0.0
2023-02-01,11A,0.0,0.0
2023-01-01,11A,0.0,0.0
2025-11-01,11E,0.0,0.0
2024-02-01,12D,0.0,0.0
2024-02-01,13P,0.0,0.0
2022-04-01,15D,0.0,0.0
2022-05-01,15D,0.0,0.0
2024-06-01,99H,0.0,0.0
2021-08-01,99J,0.0,0.0
2022-02-01,99K,0.0,0.0
2022-02-01,99N,0.0,0.0
2021-10-01,99N,0.0,0.0
2021-09-01,99P,0.0,0.0
2026-01-01,99Q,0.0,0.0
2021-06-01,D4U1Y,0.0,0.0
2024-03-01,D4U1Y,0.0,0.0
2022-09-01,00Q,0.0,181.928
2021-11-01,00R,0.0,175.469
2025-11-01,00R,0.0,178.753
2025-11-01,01E,0.0,239.362
2023-11-01,01F,0.0,136.069
2023-10-01,01J,0.0,171.34499999999997
2023-08-01,01K,0.0,355.223
2024-01-01,01K,0.0,356.386
2022-12-01,02E,0.0,225.491
2022-10-01,02E,0.0,225.197
2024-02-01,02E,0.0,228.96600000000004
2024-05-01,02Q,0.0,126.64000000000001
2022-05-01,02Q,0.0,122.20400000000001
2023-09-01,02Q,0.0,125.222
2025-06-01,02T,0.0,225.67000000000002
2022-11-01,02T,0.0,223.155
2024-01-01,03L,0.0,272.3429999999999
2024-11-01,03L,0.0,275.1790000000001
2025-05-01,03R,0.0,399.92699999999996
2024-09-01,03W,0.0,360.423
2024-01-01,05D,0.0,152.669
2022-10-01,06Q,0.0,408.26300000000003
2024-06-01,06T,0.0,376.75199999999984
2024-08-01,07K,0.0,279.094
2025-07-01,10R,0.0,235.32100000000003
2026-01-01,11J,0.0,830.9860000000002
2025-11-01,11N,0.0,605.9109999999998
2022-07-01,70F,0.0,925.5889999999998
2025-04-01,99E,0.0,295.884
2025-03-01,99G,0.0,196.37500000000003
2023-08-01,00L,20.78616,336.76199999999994
2025-02-01,00P,23.92009,295.51899999999995
2026-05-01,00Q,39.12272,188.31700000000006
2023-09-01,00Q,20.75304,184.24400000000003
2023-11-01,00Q,20.85193,184.74800000000002
2023-08-01,00T,364.76383999999996,326.26599999999985
2023-12-01,00V,1252.64931,210.85699999999997
2024-03-01,00V,111.08875,211.586
2023-05-01,00V,475.67556,209.89400000000006
2024-02-01,00V,96.98338,211.326
2024-09-01,00Y,52.36,270.00000000000006
2024-05-01,01A,8.71269,406.9749999999999
2023-06-01,01D,383.3748,245.98000000000005
2024-01-01,01F,279.38197,136.059
2026-06-01,01F,157.72086,135.80399999999997
2023-12-01,01F,48.77917,136.05100000000002
2024-10-01,01G,101.86359,320.924
2023-05-01,01G,172.81199,310.11899999999997
2023-07-01,01K,41.58123,355.526
2025-03-01,01T,581.63053,161.32999999999998
2025-09-01,01V,107.39219,129.105
2023-12-01,01W,62.719390000000004,326.43899999999996
2022-10-01,01Y,437.75251,220.97099999999998
2024-12-01,01Y,168.51892999999998,228.24300000000005
2024-04-01,02G,224.13374,117.60200000000002
2023-03-01,02H,42.50956,342.21500000000003
2025-01-01,02P,56.07092,270.71199999999993
2021-08-01,02X,530.49688,326.87800000000004
2023-07-01,02Y,43.64219,312.09700000000004
2025-04-01,03K,62.220960000000005,185.702
2024-07-01,03K,314.41130000000004,185.223
2026-02-01,03Q,81.13214,249.263
2022-06-01,03Q,73.74201,250.34699999999998
2025-03-01,03Q,216.04843,251.966
2022-11-01,04C,43.9492,430.823
2026-04-01,04V,330.45443,425.40200000000004
2021-10-01,04Y,1567.37039,135.84500000000003
2024-02-01,05D,178.36981,152.93699999999998
2023-02-01,05G,550.6237399999999,218.44099999999995
2022-12-01,05V,177.62554999999998,153.221
2023-01-01,05V,97.37297,153.29199999999997
2026-01-01,06H,12.76618,1059.4199999999996
2025-06-01,06H,806.77203,1057.4480000000003
2021-12-01,06L,318.8881,409.41100000000006
2026-02-01,06N,736.69794,692.4020000000002
2021-06-01,07H,139.73164,322.27299999999997
2022-04-01,07K,62.94729,271.354
2024-06-01,10Q,23.92011,819.5509999999999
2026-01-01,10R,13.24389,234.35399999999998
2023-03-01,11J,61.71329,824.9440000000002
2024-10-01,11M,40.38146,694.8179999999999
2026-04-01,11N,71.64346,605.0569999999999
2024-12-01,13T,278.66085000000004,561.1749999999998
2026-03-01,13T,404.77275999999995,559.856
2023-12-01,15A,64.51223,583.5749999999999
2022-12-01,15E,2607.0277600000004,1583.9270000000004
2023-05-01,15E,2717.877849999999,1596.4449999999997
2021-06-01,15E,5901.60892,1554.0720000000003
2024-09-01,15F,637.38025,936.2060000000002
2023-05-01,15F,878.23908,920.94
2025-10-01,15F,343.53279,945.0989999999999
2023-06-01,15M,12.31636,1122.215
2024-08-01,16C,444.53774,735.989
2022-12-01,27D,239.60587999999998,804.1329999999998
2023-06-01,27D,64.89947000000001,807.4870000000001
2025-07-01,36J,590.3397199999999,669.7949999999997
2024-07-01,52R,39.74139,1146.7149999999997
2023-06-01,70F,67.40834,932.213
2023-04-01,70F,47.67432,931.1249999999998
2021-08-01,71E,460.37256,800.5260000000001
2025-09-01,72Q,372.34344000000004,2125.301000000001
2024-12-01,72Q,226.58093,2123.213000000001
2026-03-01,78H,118.82126,850.6130000000002
2025-12-01,84H,53.87096,572.1309999999999
2022-07-01,84H,511.14056999999997,560.5239999999999
2023-07-01,84H,589.77355,563.4459999999999
2023-08-01,84H,1013.3892000000001,563.1549999999997
2024-02-01,92G,31.94674,1003.489
2023-11-01,92G,78.29987,999.0650000000002
2024-06-01,92G,127.31844999999998,1006.4449999999998
2025-10-01,93C,104.86112,1839.7899999999995
2025-09-01,97R,14.62478,577.6990000000001
2023-09-01,99A,1291.39494,577.8149999999998
2024-08-01,99C,61.85509,228.229
2022-08-01,99C,86.37017,224.96199999999996
2022-04-01,99C,175.13697,224.313
2024-06-01,99E,143.27834,293.56299999999993
2024-07-01,99G,23.6136,195.47
2025-05-01,A3A8R,1287.46851,2477.185000000001
2021-06-01,A3A8R,350.99591999999996,2296.8589999999986
2025-02-01,B2M3M,206.50220000000002,1119.6370000000009
2021-08-01,B2M3M,147.72454,1034.2740000000006
2026-04-01,D2P2L,811.79727,1337.7389999999996
2022-10-01,D2P2L,1150.2661,1293.911999999999
2023-08-01,D9Y0V,272.03782,1903.6320000000005
2023-12-01,M1J4Y,240.05248,1122.3219999999997
2023-12-01,M2L0M,75.98263,529.758
2024-01-01,M2L0M,70.75552,530.5400000000002
2024-03-01,U2G6B,102.41291000000001,494.5000000000001
2025-11-01,U2G6B,142.87938,503.55499999999995
2024-07-01,U2G6B,127.40545,497.329
2023-04-01,W2U3Z,1212.5252500000001,2834.081999999999
2022-09-01,W2U3Z,198.90574,2793.3299999999995
2025-12-01,X2C4Y,1487.5417199999997,462.35200000000003
2025-10-01,X2C4Y,637.4866,462.633
2025-10-01,00J,0.0,0.0
2023-01-01,02F,0.0,0.0
2021-07-01,02F,0.0,0.0
2023-12-01,02F,0.0,0.0
2022-09-01,02R,0.0,0.0
2024-09-01,02V,0.0,0.0
2025-07-01,02W,0.0,0.0
2023-08-01,03A,0.0,0.0
2025-08-01,03T,0.0,0.0
2024-09-01,03T,0.0,0.0
2022-08-01,03Y,0.0,0.0
2022-11-01,03Y,0.0,0.0
2024-06-01,03Y,0.0,0.0
2022-03-01,03Y,0.0,0.0
2025-11-01,04F,0.0,0.0
2021-07-01,04J,0.0,0.0
2025-09-01,04J,0.0,0.0
2024-11-01,04Q,0.0,0.0
2024-07-01,04R,0.0,0.0
2026-02-01,04R,0.0,0.0
2023-02-01,04R,0.0,0.0
2025-04-01,04X,0.0,0.0
2023-08-01,05A,0.0,0.0
2024-03-01,05F,0.0,0.0
2026-03-01,05H,0.0,0.0
2023-04-01,05N,0.0,0.0
2024-06-01,05R,0.0,0.0
2025-02-01,05T,0.0,0.0
2024-08-01,05Y,0.0,0.0
2024-12-01,06A,0.0,0.0
2023-04-01,06A,0.0,0.0
2022-06-01,06A,0.0,0.0
2023-10-01,06A,0.0,0.0
2025-02-01,06F,0.0,0.0
2026-02-01,06F,0.0,0.0
2023-03-01,06M,0.0,0.0
2021-12-01,06P,0.0,0.0
2021-11-01,06W,0.0,0.0
2024-02-01,06W,0.0,0.0
2023-08-01,06W,0.0,0.0
2026-03-01,06W,0.0,0.0
2023-01-01,06Y,0.0,0.0
2024-11-01,06Y,0.0,0.0
2024-01-01,07M,0.0,0.0
2024-07-01,07P,0.0,0.0
2023-04-01,07R,0.0,0.0
2023-08-01,07T,0.0,0.0
2024-10-01,07T,0.0,0.0
2023-05-01,07T,0.0,0.0
2024-05-01,07V,0.0,0.0
2025-10-01,07V,0.0,0.0
2024-04-01,07V,0.0,0.0
2024-11-01,07V,0.0,0.0
2024-10-01,07V,0.0,0.0
2021-08-01,07W,0.0,0.0
2024-03-01,07W,0.0,0.0
2022-11-01,07W,0.0,0.0
2022-05-01,07W,0.0,0.0
2023-10-01,07Y,0.0,0.0
2021-08-01,07Y,0.0,0.0
2021-11-01,08A,0.0,0.0
2024-03-01,08E,0.0,0.0
2026-02-01,08E,0.0,0.0
2021-10-01,08F,0.0,0.0
2024-08-01,08G,0.0,0.0
2025-03-01,08G,0.0,0.0
2025-07-01,08H,0.0,0.0
2022-06-01,08H,0.0,0.0
2026-02-01,08K,0.0,0.0
2024-04-01,08L,0.0,0.0
2025-01-01,08M,0.0,0.0
2021-09-01,08M,0.0,0.0
2026-06-01,08N,0.0,0.0
2025-03-01,08Q,0.0,0.0
2022-12-01,08Q,0.0,0.0
2024-08-01,08Q,0.0,0.0
2023-08-01,08R,0.0,0.0
2025-01-01,08R,0.0,0.0
2024-10-01,08T,0.0,0.0
2025-11-01,08W,0.0,0.0
2024-09-01,08W,0.0,0.0
2022-02-01,08W,0.0,0.0
2025-07-01,08X,0.0,0.0
2024-12-01,08X,0.0,0.0
2024-09-01,08Y,0.0,0.0
2022-06-01,09A,0.0,0.0
2022-11-01,09C,0.0,0.0
2026-06-01,09E,0.0,0.0
2023-05-01,09F,0.0,0.0
2024-02-01,09F,0.0,0.0
2023-04-01,09F,0.0,0.0
2026-01-01,09F,0.0,0.0
2026-06-01,09G,0.0,0.0
2025-09-01,09J,0.0,0.0
2024-03-01,09J,0.0,0.0
2024-06-01,09L,0.0,0.0
2023-04-01,09Y,0.0,0.0
2021-09-01,10A,0.0,0.0
2022-11-01,10A,0.0,0.0
2022-06-01,10C,0.0,0.0
2025-10-01,10C,0.0,0.0
2023-09-01,10C,0.0,0.0
2025-03-01,10D,0.0,0.0
2024-11-01,10D,0.0,0.0
2026-03-01,10D,0.0,0.0
2025-11-01,10E,0.0,0.0
2023-08-01,10E,0.0,0.0
2022-08-01,10J,0.0,0.0
2022-07-01,10J,0.0,0.0
2022-08-01,10M,0.0,0.0
2025-12-01,10V,0.0,0.0
2026-01-01,10W,0.0,0.0
2023-03-01,10X,0.0,0.0
2021-08-01,11A,0.0,0.0
2022-03-01,11A,0.0,0.0
2021-12-01,11A,0.0,0.0
2021-10-01,11E,0.0,0.0
2024-11-01,11H,0.0,0.0
2021-09-01,11H,0.0,0.0
2022-08-01,11T,0.0,0.0
2022-12-01,11T,0.0,0.0
2023-02-01,11T,0.0,0.0
2022-09-01,13P,0.0,0.0
2025-07-01,15D,0.0,0.0
2024-01-01,15D,0.0,0.0
2025-10-01,15D,0.0,0.0
2025-06-01,99H,0.0,0.0
2023-02-01,99J,0.0,0.0
2025-12-01,99J,0.0,0.0
2023-10-01,99J,0.0,0.0
2023-01-01,99J,0.0,0.0
2025-02-01,99K,0.0,0.0
2023-09-01,99K,0.0,0.0
2023-12-01,99M,0.0,0.0
2022-12-01,99M,0.0,0.0
2021-10-01,99P,0.0,0.0
2022-12-01,99P,0.0,0.0
2026-02-01,99Q,0.0,0.0
2024-07-01,D4U1Y,0.0,0.0
2024-09-01,00R,0.0,178.93800000000002
2025-02-01,00R,0.0,178.916
2022-08-01,00X,0.0,188.75700000000003
2023-07-01,01A,0.0,401.34099999999995
2026-02-01,01E,0.0,239.27900000000002
2022-11-01,01F,0.0,134.97
2024-11-01,01J,0.0,173.67900000000003
2023-04-01,01K,0.0,355.64
2021-10-01,01Y,0.0,219.59999999999997
2024-10-01,02E,0.0,230.54400000000004
2021-12-01,02M,0.0,182.239
2024-01-01,02Q,0.0,125.86899999999999
2022-10-01,02Q,0.0,123.20000000000002
2023-03-01,02T,0.0,223.46900000000005
2021-08-01,03L,0.0,265.898
2023-06-01,03R,0.0,393.2050000000001
2024-04-01,03W,0.0,358.325
2024-12-01,06T,0.0,379.0740000000001
2023-03-01,10Q,0.0,806.683
2025-04-01,10R,0.0,235.827
2022-06-01,11M,0.0,675.993
2025-05-01,12F,0.0,346.148
2025-10-01,14Y,0.0,598.459
2025-08-01,15M,0.0,1144.618
2021-10-01,15M,0.0,1105.5030000000006
2025-10-01,92G,0.0,1012.6560000000001
2024-04-01,99C,0.0,227.47600000000003
2025-04-01,99G,0.0,196.274
2023-05-01,99G,0.0,191.94199999999998
2022-01-01,99G,0.0,190.375
2026-02-01,U2G6B,0.0,500.98199999999997
2021-07-01,00L,339.53605,332.0899999999999
2024-04-01,00Q,20.00762,185.89799999999997
2022-10-01,00T,601.81228,321.992
2023-06-01,00V,162.45589,209.974
2022-03-01,01A,27.459919999999997,395.4039999999998
2024-11-01,01E,238.92186999999998,233.306
2023-04-01,01F,129.13598,135.394
2022-02-01,01F,169.93233,135.23300000000003
2025-11-01,01H,41.9728,337.646
2025-08-01,01H,87.70787,337.553
2024-09-01,01H,167.94449999999998,335.879
2021-07-01,01K,23.31275,351.379
2026-01-01,01K,53.69546,354.815
2022-01-01,01K,235.9794,353.69900000000007
2023-02-01,01W,20.30835,323.40599999999995
2024-10-01,01W,192.26352,328.605
2025-01-01,02A,280.16539,249.404
2023-03-01,02P,444.05488,267.31700000000006
2025-08-01,02P,20.52925,270.82399999999996
2023-08-01,02X,145.42869000000002,333.69399999999996
2024-10-01,02X,230.84807,339.27
2022-03-01,03H,45.960229999999996,171.72500000000002
2025-11-01,03K,47.98287,185.54999999999998
2025-06-01,03K,50.61004,185.76399999999995
2025-12-01,03N,1209.04635,639.265
2026-01-01,03N,547.95617,638.3969999999999
2021-12-01,03N,1285.0172699999998,621.097
2025-10-01,03R,35.82622,400.736
2023-08-01,03W,24.30777,356.1
2025-04-01,04C,76.48996,450.15900000000005
2024-06-01,05D,52.71,153.69099999999997
2025-11-01,05D,35.8235,155.30500000000004
2026-02-01,05G,172.9751,231.31799999999998
2026-03-01,05G,250.43663999999998,231.133
2024-02-01,05Q,170.82501,221.096
2025-02-01,05Q,134.24527,222.949
2022-09-01,05W,665.73136,298.99
2025-07-01,06H,89.32512,1058.0180000000003
2022-11-01,06H,20.20753,1026.8799999999999
2026-04-01,06H,20.48131,1055.0869999999998
2021-12-01,06K,1113.96123,616.2349999999999
2026-03-01,06K,101.92999999999999,636.3860000000001
2024-05-01,06N,691.34192,687.666
2022-04-01,06N,485.46977,669.7539999999998
2021-11-01,06T,19.95427,363.5189999999999
2021-10-01,07G,550.06192,183.822
2022-08-01,07H,70.99695,325.797
2023-07-01,07H,138.32756,329.226
2024-11-01,09D,20.19695,334.067
2024-12-01,11M,19.90088,695.7289999999998
2022-07-01,11N,414.83214,598.2090000000001
2026-01-01,11X,94.15339,607.408
2025-05-01,11X,78.73087000000001,607.987
2021-09-01,14L,1297.74794,679.6590000000001
2025-05-01,14Y,71.91957,596.3330000000001
2024-09-01,15A,27.15988,586.84
2025-04-01,15C,183.32362,1096.7330000000004
2025-05-01,15E,3315.0549200000005,1647.7829999999997
2023-03-01,15E,3268.9914400000007,1592.3859999999997
2021-12-01,15E,3155.7038500000003,1564.5250000000005
2025-05-01,15M,53.469570000000004,1142.843
2023-09-01,15M,83.56711999999999,1126.338
2024-09-01,15M,60.533319999999996,1139.3849999999995
2024-10-01,15M,90.95324,1140.1630000000002
2025-02-01,15M,160.32936999999998,1142.222
2026-06-01,15N,248.94200999999998,1293.3100000000002
2021-07-01,15N,268.13365999999996,1259.5620000000001
2022-03-01,18C,386.12718,815.2129999999999
2023-04-01,52R,94.37598,1137.2349999999994
2023-06-01,71E,683.5274300000001,815.0960000000003
2024-07-01,71E,354.48832,821.8909999999997
2022-09-01,72Q,4558.27205,2059.3600000000006
2022-01-01,72Q,3182.5762700000005,2047.0040000000001
2025-09-01,78H,136.08,852.5449999999998
2026-06-01,97R,92.41388,576.0240000000001
2023-04-01,99A,905.38262,577.9860000000002
2022-05-01,99A,1534.61012,567.5209999999998
2026-01-01,99E,167.93985,296.22300000000007
2022-05-01,99E,23.68993,286.12499999999994
2024-12-01,99E,47.533730000000006,295.09999999999997
2026-06-01,99F,156.11094,187.86700000000005
2023-08-01,99G,24.30777,192.75699999999998
2022-06-01,D2P2L,901.3887199999999,1290.508999999999
2023-02-01,D9Y0V,407.36518,1912.8150000000003
2023-05-01,M1J4Y,448.33871,1104.4859999999999
2024-06-01,U2G6B,23.6136,497.0359999999999
2025-02-01,W2U3Z,615.34932,2902.2659999999996
2022-09-01,X2C4Y,455.737,451.68600000000015
2021-08-01,00D,0.0,0.0
2021-12-01,00D,0.0,0.0
2026-01-01,00D,0.0,0.0
2023-12-01,00J,0.0,0.0
2024-08-01,00K,0.0,0.0
2023-03-01,00K,0.0,0.0
2025-05-01,00M,0.0,0.0
2023-02-01,01R,0.0,0.0
2022-12-01,02F,0.0,0.0
2023-03-01,02V,0.0,0.0
2021-08-01,02W,0.0,0.0
2022-06-01,03A,0.0,0.0
2026-03-01,03J,0.0,0.0
2021-12-01,03M,0.0,0.0
2022-03-01,03T,0.0,0.0
2026-04-01,03T,0.0,0.0
2024-09-01,03Y,0.0,0.0
2024-12-01,03Y,0.0,0.0
2022-01-01,03Y,0.0,0.0
2022-12-01,03Y,0.0,0.0
2024-05-01,04E,0.0,0.0
2024-12-01,04F,0.0,0.0
2025-04-01,04F,0.0,0.0
2025-01-01,04H,0.0,0.0
2022-01-01,04H,0.0,0.0
2022-07-01,04H,0.0,0.0
2025-12-01,04H,0.0,0.0
2026-06-01,04K,0.0,0.0
2024-04-01,04K,0.0,0.0
2022-07-01,04M,0.0,0.0
2024-01-01,04Q,0.0,0.0
2023-04-01,04Q,0.0,0.0
2024-06-01,04Q,0.0,0.0
2023-12-01,04X,0.0,0.0
2021-06-01,04X,0.0,0.0
2023-03-01,05A,0.0,0.0
2023-02-01,05C,0.0,0.0
2025-05-01,05H,0.0,0.0
2024-01-01,05L,0.0,0.0
2025-07-01,05L,0.0,0.0
2023-02-01,05L,0.0,0.0
2021-12-01,05N,0.0,0.0
2021-09-01,05R,0.0,0.0
2025-10-01,05X,0.0,0.0
2024-09-01,05X,0.0,0.0
2025-04-01,06A,0.0,0.0
2021-11-01,06D,0.0,0.0
2023-01-01,06P,0.0,0.0
2022-03-01,06W,0.0,0.0
2023-02-01,06Y,0.0,0.0
2022-12-01,07L,0.0,0.0
2025-09-01,07L,0.0,0.0
2023-07-01,07L,0.0,0.0
2022-10-01,07M,0.0,0.0
2023-07-01,07P,0.0,0.0
2024-11-01,07R,0.0,0.0
2023-06-01,07R,0.0,0.0
2025-06-01,07V,0.0,0.0
2026-02-01,07V,0.0,0.0
2021-12-01,07V,0.0,0.0
2025-03-01,07V,0.0,0.0
2023-04-01,07V,0.0,0.0
2026-05-01,07W,0.0,0.0
2022-05-01,07X,0.0,0.0
2022-03-01,07Y,0.0,0.0
2021-07-01,07Y,0.0,0.0
2024-01-01,08A,0.0,0.0
2025-03-01,08A,0.0,0.0
2025-09-01,08A,0.0,0.0
2022-06-01,08C,0.0,0.0
2022-05-01,08C,0.0,0.0
2026-02-01,08D,0.0,0.0
2024-11-01,08D,0.0,0.0
2025-09-01,08G,0.0,0.0
2022-11-01,08G,0.0,0.0
2023-11-01,08H,0.0,0.0
2022-03-01,08K,0.0,0.0
2023-10-01,08L,0.0,0.0
2024-07-01,08L,0.0,0.0
2025-05-01,08L,0.0,0.0
2022-06-01,08L,0.0,0.0
2026-04-01,08L,0.0,0.0
2021-12-01,08N,0.0,0.0
2023-05-01,08N,0.0,0.0
2021-07-01,08N,0.0,0.0
2025-10-01,08R,0.0,0.0
2022-07-01,08R,0.0,0.0
2025-05-01,08V,0.0,0.0
2024-04-01,08V,0.0,0.0
2022-07-01,08X,0.0,0.0
2023-03-01,08X,0.0,0.0
2021-06-01,08Y,0.0,0.0
2022-08-01,08Y,0.0,0.0
2024-06-01,09A,0.0,0.0
2024-11-01,09C,0.0,0.0
2024-07-01,09C,0.0,0.0
2026-03-01,09C,0.0,0.0
2025-10-01,09E,0.0,0.0
2024-03-01,09E,0.0,0.0
2022-02-01,09E,0.0,0.0
2022-06-01,09P,0.0,0.0
2025-03-01,10A,0.0,0.0
2025-01-01,10A,0.0,0.0
2024-08-01,10E,0.0,0.0
2026-04-01,10J,0.0,0.0
2024-07-01,10K,0.0,0.0
2023-01-01,10K,0.0,0.0
2023-10-01,10L,0.0,0.0
2025-06-01,10M,0.0,0.0
2024-10-01,10V,0.0,0.0
2022-12-01,10V,0.0,0.0
2026-06-01,10W,0.0,0.0
2025-08-01,10W,0.0,0.0
2024-10-01,11A,0.0,0.0
2023-06-01,11A,0.0,0.0
2022-01-01,11E,0.0,0.0
2023-06-01,11H,0.0,0.0
2022-07-01,13P,0.0,0.0
2023-11-01,15D,0.0,0.0
2022-06-01,15D,0.0,0.0
2022-10-01,99H,0.0,0.0
2024-02-01,99K,0.0,0.0
2024-10-01,99M,0.0,0.0
2025-11-01,99N,0.0,0.0
2022-03-01,99N,0.0,0.0
2024-05-01,99N,0.0,0.0
2025-04-01,99P,0.0,0.0
2022-04-01,99P,0.0,0.0
2026-02-01,99P,0.0,0.0
2025-12-01,99Q,0.0,0.0
2025-04-01,99Q,0.0,0.0
2023-12-01,D4U1Y,0.0,0.0
2022-06-01,00Q,0.0,181.46000000000004
2023-02-01,00R,0.0,177.04499999999996
2024-05-01,00X,0.0,192.04399999999995
2022-04-01,00X,0.0,187.92399999999998
2026-03-01,01E,0.0,239.094
2024-09-01,01E,0.0,231.642
2024-03-01,01V,0.0,127.815
2021-12-01,01V,0.0,126.536
2021-07-01,01W,0.0,318.63599999999997
2024-07-01,01W,0.0,327.726
2022-01-01,02M,0.0,182.36900000000003
2023-05-01,02Q,0.0,124.43
2022-05-01,02T,0.0,222.683
2025-08-01,03L,0.0,276.71700000000004
2024-05-01,03Q,0.0,251.69199999999998
2024-02-01,03R,0.0,396.44500000000005
2023-05-01,03W,0.0,355.746
2022-07-01,03W,0.0,353.82800000000003
2026-01-01,05Q,0.0,224.118
2024-09-01,05Q,0.0,222.335
2025-02-01,06L,0.0,418.8000000000001
2026-05-01,06L,0.0,418.1770000000001
2023-05-01,06L,0.0,413.4550000000001
2024-09-01,10R,0.0,235.144
2025-08-01,11N,0.0,605.5050000000001
2024-06-01,11N,0.0,604.1229999999999
2024-10-01,11X,0.0,607.5769999999999
2025-07-01,15A,0.0,589.9169999999999
2024-06-01,15A,0.0,585.9879999999998
2025-12-01,26A,0.0,1102.8289999999995
2024-09-01,42D,0.0,566.4650000000001
2025-10-01,52R,0.0,1158.3030000000003
2025-05-01,99G,0.0,196.40699999999998
2024-10-01,B2M3M,0.0,1115.9370000000001
2021-12-01,U2G6B,0.0,457.0160000000001
2022-07-01,00N,82.65404000000001,158.918
2022-01-01,00P,25.96348,285.82500000000005
2024-06-01,00Q,20.19692,186.946
2023-05-01,00T,496.21984,324.31000000000006
2023-09-01,00T,575.7529400000001,326.84900000000005
2025-06-01,00V,192.38905,212.72500000000002
2023-03-01,00Y,184.52785,264.265
2022-01-01,00Y,697.41045,262.089
2026-03-01,01A,35.25441,410.52200000000005
2024-08-01,01F,205.64490999999998,136.467
2024-09-01,01G,143.47109,319.609
2024-03-01,01J,59.04953,172.00699999999998
2024-05-01,01T,1109.4465599999999,159.99099999999996
2021-06-01,01T,80.00365,156.774
2023-08-01,01V,111.58002,127.34199999999998
2023-11-01,01W,41.70386,326.14399999999995
2022-01-01,01Y,60.02848,220.0
2026-04-01,01Y,272.98645,229.06500000000003
2024-03-01,01Y,304.93974000000003,225.3659999999999
2023-06-01,01Y,95.22246999999999,222.392
2025-05-01,02A,213.90523,249.41099999999997
2025-06-01,02A,170.30347,249.40399999999997
2025-09-01,02G,14.62478,118.26900000000002
2026-04-01,02G,190.41341,118.58699999999999
2022-01-01,02H,113.01888,337.65
2022-07-01,02M,20.25596,182.99699999999999
2021-10-01,02Y,88.08816000000002,307.555
2021-09-01,03F,225.17359,304.24800000000005
2021-07-01,03H,184.53427,170.98899999999998
2025-01-01,03K,182.63709,185.657
2025-10-01,03K,23.99945,185.61700000000002
2022-05-01,03L,14.27879,267.087
2025-09-01,03R,106.86711,400.65499999999986
2022-08-01,03R,29.79624,389.78700000000015
2024-02-01,03W,24.45551,357.82900000000006
2021-08-01,04V,250.11718,404.4150000000001
2026-03-01,05D,207.78557,154.976
2025-01-01,05G,588.8988099999999,230.98599999999993
2022-01-01,05Q,232.54912,217.80499999999998
2022-12-01,05Q,107.51514,219.81999999999996
2022-12-01,06H,537.85696,1028.7050000000002
2021-08-01,06K,172.97788000000003,615.2460000000001
2025-10-01,06K,181.69834999999998,637.946
2021-08-01,06N,63.47345,665.6910000000003
2022-08-01,06N,163.52592,672.4389999999999
2024-09-01,06N,1446.90029,690.592
2025-03-01,06N,745.29375,692.596
2023-02-01,06N,759.57761,676.958
2024-03-01,07G,24.42144,189.04699999999997
2023-01-01,10R,40.921,232.289
2024-07-01,11J,457.41451000000006,831.78
2022-02-01,11X,175.72410000000002,594.0310000000002
2025-12-01,13T,373.00138999999996,563.113
2024-11-01,14Y,70.74337,594.9019999999998
2024-05-01,14Y,16.67208,591.6809999999997
2022-03-01,15A,79.09016,568.374
2023-04-01,15A,33.11855,578.48
2026-06-01,15A,13.2434,584.7649999999999
2025-03-01,15E,4378.174310000001,1647.323
2025-11-01,15F,179.85887,946.5660000000001
2023-07-01,15M,12.26269,1123.5529999999999
2025-02-01,15N,256.57216,1298.0140000000001
2024-12-01,15N,67.42077,1298.4480000000003
2023-07-01,15N,993.05695,1284.1929999999998
2024-07-01,27D,113.14471,818.097
2024-09-01,27D,332.52229,819.7340000000003
2022-01-01,27D,209.98154,795.1669999999999
2026-04-01,36J,277.01535,667.0760000000002
2023-02-01,36L,150.5082,1745.4370000000006
2023-09-01,52R,456.32188,1131.851
2024-02-01,70F,199.95132999999998,938.4640000000003
2026-05-01,70F,122.58041,949.5980000000003
2026-02-01,71E,284.16358,824.9470000000003
2022-01-01,71E,89.7092,804.3819999999996
2023-07-01,71E,1595.99335,815.4130000000001
2022-05-01,72Q,2601.43049,2053.3930000000005
2022-12-01,78H,101.21418999999999,821.097
2023-12-01,84H,588.79645,566.783
2025-02-01,91Q,447.45702000000006,2036.8
2026-02-01,92A,348.33215,1300.5720000000001
2025-02-01,92G,33.92744,1012.8120000000001
2025-08-01,93C,348.88753,1835.8760000000007
2022-04-01,97R,131.24979,567.2040000000001
2024-12-01,97R,20.19693,577.191
2025-08-01,99A,880.4082599999999,597.4640000000002
2023-03-01,99A,1324.2746799999998,577.3199999999998
2025-07-01,99E,23.99979,296.25100000000003
2023-10-01,A3A8R,318.22515,2434.448
2023-06-01,D2P2L,630.58395,1309.406
2022-11-01,M1J4Y,706.72929,1090.3809999999996
2024-07-01,M1J4Y,435.21934,1137.905
2023-08-01,M2L0M,86.65687,526.9540000000001
2022-04-01,M2L0M,40.02274,519.467
2023-06-01,U2G6B,24.42033,468.78799999999995
2023-12-01,W2U3Z,431.42404,2874.5080000000003
2025-03-01,00D,0.0,0.0
2022-02-01,00D,0.0,0.0
2025-11-01,00J,0.0,0.0
2026-01-01,00K,0.0,0.0
2023-07-01,00M,0.0,0.0
2023-09-01,00M,0.0,0.0
2025-06-01,02W,0.0,0.0
2024-04-01,03A,0.0,0.0
2024-08-01,03A,0.0,0.0
2023-09-01,03J,0.0,0.0
2021-06-01,03J,0.0,0.0
2024-11-01,03M,0.0,0.0
2024-03-01,03T,0.0,0.0
2026-01-01,03Y,0.0,0.0
2026-05-01,04F,0.0,0.0
2022-05-01,04F,0.0,0.0
2022-03-01,04G,0.0,0.0
2022-03-01,04H,0.0,0.0
2024-02-01,04H,0.0,0.0
2024-10-01,04J,0.0,0.0
2023-05-01,04L,0.0,0.0
2023-07-01,04L,0.0,0.0
2022-10-01,04Q,0.0,0.0
2022-09-01,04Q,0.0,0.0
2021-07-01,05A,0.0,0.0
2025-07-01,05A,0.0,0.0
2023-06-01,05C,0.0,0.0
2026-01-01,05F,0.0,0.0
2023-12-01,05F,0.0,0.0
2026-06-01,05H,0.0,0.0
2025-10-01,05L,0.0,0.0
2021-06-01,05L,0.0,0.0
2024-06-01,05L,0.0,0.0
2026-06-01,05N,0.0,0.0
2024-04-01,05N,0.0,0.0
2022-10-01,05R,0.0,0.0
2023-11-01,05R,0.0,0.0
2025-05-01,05R,0.0,0.0
2026-06-01,05T,0.0,0.0
2022-04-01,05X,0.0,0.0
2021-07-01,05X,0.0,0.0
2026-06-01,05Y,0.0,0.0
2022-05-01,05Y,0.0,0.0
2026-02-01,06D,0.0,0.0
2022-01-01,06M,0.0,0.0
2024-03-01,06W,0.0,0.0
2024-12-01,06Y,0.0,0.0
2024-04-01,07L,0.0,0.0
2024-07-01,07L,0.0,0.0
2023-02-01,07L,0.0,0.0
2024-03-01,07M,0.0,0.0
2025-11-01,07M,0.0,0.0
2022-02-01,07M,0.0,0.0
2023-08-01,07P,0.0,0.0
2025-05-01,07P,0.0,0.0
2026-05-01,07P,0.0,0.0
2021-11-01,07P,0.0,0.0
2026-01-01,07R,0.0,0.0
2022-09-01,07T,0.0,0.0
2024-02-01,07V,0.0,0.0
2025-12-01,07V,0.0,0.0
2025-10-01,07W,0.0,0.0
2025-01-01,07Y,0.0,0.0
2025-10-01,07Y,0.0,0.0
2024-12-01,07Y,0.0,0.0
2024-07-01,08A,0.0,0.0
2024-06-01,08A,0.0,0.0
2021-07-01,08D,0.0,0.0
2022-02-01,08E,0.0,0.0
2026-03-01,08E,0.0,0.0
2026-06-01,08E,0.0,0.0
2025-07-01,08E,0.0,0.0
2022-04-01,08E,0.0,0.0
2024-11-01,08E,0.0,0.0
2025-10-01,08F,0.0,0.0
2025-02-01,08G,0.0,0.0
2022-05-01,08G,0.0,0.0
2025-04-01,08J,0.0,0.0
2024-08-01,08J,0.0,0.0
2023-11-01,08K,0.0,0.0
2025-12-01,08K,0.0,0.0
2022-11-01,08M,0.0,0.0
2023-01-01,08N,0.0,0.0
2024-11-01,08N,0.0,0.0
2021-08-01,08Q,0.0,0.0
2026-01-01,08Q,0.0,0.0
2025-11-01,08R,0.0,0.0
2024-05-01,08T,0.0,0.0
2021-10-01,08T,0.0,0.0
2026-04-01,08V,0.0,0.0
2024-11-01,08W,0.0,0.0
2023-03-01,08Y,0.0,0.0
2026-03-01,09A,0.0,0.0
2025-12-01,09C,0.0,0.0
2024-12-01,09C,0.0,0.0
2023-04-01,09C,0.0,0.0
2026-02-01,09E,0.0,0.0
2022-09-01,09E,0.0,0.0
2025-01-01,09F,0.0,0.0
2025-12-01,09F,0.0,0.0
2025-10-01,09G,0.0,0.0
2023-02-01,09G,0.0,0.0
2023-04-01,09J,0.0,0.0
2024-06-01,09P,0.0,0.0
2023-02-01,09P,0.0,0.0
2022-12-01,09P,0.0,0.0
2026-02-01,09Y,0.0,0.0
2022-06-01,10A,0.0,0.0
2021-11-01,10C,0.0,0.0
2025-08-01,10D,0.0,0.0
2025-07-01,10D,0.0,0.0
2021-06-01,10D,0.0,0.0
2021-11-01,10E,0.0,0.0
2024-05-01,10E,0.0,0.0
2023-11-01,10E,0.0,0.0
2023-01-01,10J,0.0,0.0
2021-09-01,10K,0.0,0.0
2022-04-01,10L,0.0,0.0
2025-12-01,10L,0.0,0.0
2023-08-01,10M,0.0,0.0
2021-11-01,10M,0.0,0.0
2026-03-01,10X,0.0,0.0
2024-02-01,10X,0.0,0.0
2022-10-01,11H,0.0,0.0
2022-02-01,11H,0.0,0.0
2024-10-01,11T,0.0,0.0
2022-05-01,11T,0.0,0.0
2024-01-01,13P,0.0,0.0
2022-06-01,13P,0.0,0.0
2026-03-01,15D,0.0,0.0
2022-07-01,15D,0.0,0.0
2026-03-01,99D,0.0,0.0
2022-07-01,99H,0.0,0.0
2023-10-01,99H,0.0,0.0
2023-02-01,99H,0.0,0.0
2023-12-01,99J,0.0,0.0
2025-03-01,99M,0.0,0.0
2024-03-01,99N,0.0,0.0
2024-12-01,99P,0.0,0.0
2022-05-01,99P,0.0,0.0
2025-07-01,99P,0.0,0.0
2025-06-01,99Q,0.0,0.0
2024-11-01,D4U1Y,0.0,0.0
2024-06-01,D4U1Y,0.0,0.0
2023-10-01,D4U1Y,0.0,0.0
2024-09-01,D4U1Y,0.0,0.0
2025-10-01,00R,0.0,178.83599999999998
2024-12-01,00X,0.0,193.38899999999998
2023-03-01,01K,0.0,355.6790000000001
2023-07-01,01X,0.0,201.07000000000002
2023-08-01,02E,0.0,227.58400000000003
2023-04-01,02E,0.0,226.355
2024-08-01,02E,0.0,230.121
2021-08-01,02M,0.0,181.334
2023-01-01,02M,0.0,184.12099999999998
2025-12-01,02P,0.0,270.658
2023-02-01,02Q,0.0,123.88799999999999
2022-07-01,03F,0.0,306.954
2022-06-01,03L,0.0,267.346
2023-11-01,03Q,0.0,251.485
2023-01-01,03Q,0.0,250.696
2023-07-01,03R,0.0,393.66700000000003
2026-02-01,04C,0.0,446.6820000000002
2022-05-01,05D,0.0,148.241
2025-05-01,06L,0.0,419.4149999999999
2024-11-01,06T,0.0,378.42300000000006
2022-03-01,10R,0.0,230.616
2025-09-01,10R,0.0,234.135
2026-05-01,11J,0.0,827.513
2026-02-01,11M,0.0,698.6720000000003
2024-08-01,11N,0.0,604.6999999999999
2025-06-01,11N,0.0,605.8489999999998
2023-08-01,15M,0.0,1125.1160000000004
2021-11-01,18C,0.0,812.9739999999998
2025-01-01,18C,0.0,832.6499999999997
2022-09-01,18C,0.0,819.6100000000005
2025-07-01,52R,0.0,1153.513
2024-09-01,99E,0.0,294.4570000000001
2022-06-01,00L,241.42061999999999,333.63999999999993
2021-12-01,00L,55.47223,332.994
2026-06-01,00Q,67.73565,188.262
2025-08-01,00X,61.85142,194.73600000000002
2023-05-01,00X,17.41487,189.866
2022-10-01,00Y,188.97409,263.05800000000005
2025-07-01,01D,80.56871,253.16600000000003
2023-02-01,01D,29.42044,244.923
2022-11-01,01E,9.79208,224.24100000000004
2025-04-01,01E,95.63919,235.20499999999998
2023-06-01,01F,291.44561,135.684
2024-12-01,01F,227.35886000000002,136.772
2023-07-01,01G,168.64214,311.0379999999999
2025-08-01,01T,501.95301,161.63
2025-03-01,01W,20.19693,329.25000000000006
2024-06-01,01Y,167.74948999999998,226.75500000000005
2022-07-01,01Y,375.95938,220.807
2025-01-01,02G,95.64329,118.32999999999998
2025-05-01,02H,40.37957,352.34099999999995
2024-03-01,02H,88.56809,348.31399999999996
2022-12-01,02P,111.22035,267.054
2024-05-01,02X,1127.38975,337.39
2024-07-01,02Y,88.54673,315.563
2025-07-01,02Y,23.99979,318.86699999999996
2024-09-01,03F,40.38146,314.3499999999999
2022-04-01,03K,19.30644,183.816
2025-09-01,03K,134.24941,185.761
2023-08-01,03N,395.63109000000003,630.317
2021-09-01,03R,155.36566,387.0659999999999
2024-04-01,03R,75.59397,397.069
2026-03-01,03R,38.65581,399.969
2021-07-01,03R,68.33739,386.438
2024-07-01,03W,23.6136,359.54799999999994
2021-11-01,03W,152.42115,346.797
2023-01-01,04C,44.04092,434.45199999999994
2024-12-01,04C,316.35246,450.36299999999994
2021-12-01,04V,63.182599999999994,408.1229999999998
2023-06-01,04V,60.71527999999999,415.08700000000005
2021-12-01,05D,49.2026,147.669
2021-07-01,05G,1264.21619,216.845
2026-02-01,05Q,135.78881,224.15699999999995
2022-09-01,05Q,19.28549,219.44299999999996
2025-06-01,05V,41.0589,156.782
2024-10-01,06K,251.57403000000002,634.3960000000002
2023-07-01,06L,24.31298,414.26300000000003
2025-12-01,06N,1480.86583,693.6930000000002
2023-03-01,06T,58.547999999999995,370.58899999999994
2024-12-01,07G,31.37,190.67199999999997
2021-11-01,07H,23.33077,323.78099999999995
2024-05-01,10R,151.69281999999998,236.017
2023-01-01,11J,96.95769999999999,824.7540000000002
2024-11-01,11M,76.29156,695.3359999999999
2025-02-01,11X,90.37055999999998,608.5960000000001
2021-08-01,11X,26.28341,591.3429999999997
2021-09-01,11X,458.33705,592.3360000000001
2022-11-01,12F,34.68376,340.9409999999999
2024-09-01,13T,779.45966,555.8509999999999
2023-08-01,14L,1033.30102,719.4659999999999
2022-12-01,14L,953.6549800000001,712.1560000000004
2024-10-01,15C,69.71817,1090.75
2025-01-01,15E,3081.853789999999,1645.4249999999997
2023-04-01,15E,4185.74378,1595.0140000000001
2024-10-01,15F,1041.2658000000001,940.756
2022-05-01,15N,568.2974499999999,1271.2049999999995
2022-01-01,15N,710.35791,1269.9150000000004
2022-06-01,15N,443.76527,1272.4270000000001
2024-01-01,36J,1533.3245499999998,664.076
2023-08-01,36L,446.00743,1753.7620000000004
2022-05-01,36L,466.62388000000004,1730.5729999999996
2025-05-01,52R,374.64035,1154.9200000000005
2021-09-01,70F,43.26517,917.745
2026-02-01,70F,355.78453,950.5689999999998
2021-12-01,71E,231.41969,803.7049999999999
2022-07-01,72Q,3464.71452,2055.9700000000007
2024-08-01,78H,165.39992,845.2269999999999
2026-04-01,84H,80.38962000000001,571.0409999999999
2022-03-01,84H,500.80367,560.8109999999999
2026-03-01,92A,23.9968,1299.0509999999997
2021-07-01,93C,219.78304,1712.9630000000004
2022-12-01,93C,792.06337,1773.0240000000003
2022-03-01,97R,113.53542999999999,566.6969999999999
2021-12-01,97R,111.14049,566.037
2022-10-01,99A,660.3597299999999,570.076
2025-09-01,99A,1080.48749,597.167
2024-06-01,99A,426.58399,590.2949999999998
2023-02-01,99C,16.48353,225.57599999999996
2024-11-01,99C,131.93204,228.42199999999997
2023-03-01,99E,118.63690000000001,288.49000000000007
2021-08-01,A3A8R,688.0849700000001,2313.3940000000007
2022-06-01,A3A8R,698.4475499999999,2366.4320000000016
2023-12-01,A3A8R,762.0733,2447.6110000000003
2022-08-01,M2L0M,11.9437,521.0229999999998
2026-03-01,M2L0M,292.92908,537.647
2024-07-01,M2L0M,92.26930999999999,533.587
2022-04-01,W2U3Z,942.66236,2771.164
2021-09-01,X2C4Y,1305.0729700000002,448.4429999999999
2025-05-01,00D,0.0,0.0
2023-08-01,00D,0.0,0.0
2026-04-01,00J,0.0,0.0
2023-04-01,00J,0.0,0.0
2022-05-01,00J,0.0,0.0
2024-10-01,00J,0.0,0.0
2023-10-01,00J,0.0,0.0
2022-12-01,00K,0.0,0.0
2025-11-01,00K,0.0,0.0
2026-04-01,00K,0.0,0.0
2024-03-01,02F,0.0,0.0
2023-04-01,02R,0.0,0.0
2025-09-01,02R,0.0,0.0
2025-07-01,02V,0.0,0.0
2022-06-01,02V,0.0,0.0
2021-12-01,03A,0.0,0.0
2024-08-01,03M,0.0,0.0
2021-10-01,03M,0.0,0.0
2026-05-01,03M,0.0,0.0
2026-06-01,03T,0.0,0.0
2026-02-01,03Y,0.0,0.0
2025-12-01,04D,0.0,0.0
2022-12-01,04F,0.0,0.0
2022-04-01,04H,0.0,0.0
2024-05-01,04J,0.0,0.0
2023-05-01,04K,0.0,0.0
2023-11-01,04K,0.0,0.0
2023-08-01,04L,0.0,0.0
2023-12-01,04M,0.0,0.0
2024-06-01,04M,0.0,0.0
2025-07-01,04R,0.0,0.0
2021-12-01,05L,0.0,0.0
2022-01-01,05L,0.0,0.0
2022-03-01,05N,0.0,0.0
2024-02-01,05R,0.0,0.0
2025-01-01,05X,0.0,0.0
2024-08-01,05X,0.0,0.0
2021-07-01,05Y,0.0,0.0
2021-10-01,05Y,0.0,0.0
2023-02-01,06F,0.0,0.0
2021-12-01,06W,0.0,0.0
2023-09-01,07L,0.0,0.0
2026-04-01,07L,0.0,0.0
2021-06-01,07L,0.0,0.0
2023-10-01,07N,0.0,0.0
2024-10-01,07P,0.0,0.0
2022-03-01,07P,0.0,0.0
2021-12-01,07R,0.0,0.0
2023-01-01,07T,0.0,0.0
2023-03-01,07T,0.0,0.0
2023-08-01,07V,0.0,0.0
2025-08-01,07W,0.0,0.0
2024-05-01,07X,0.0,0.0
2024-03-01,07Y,0.0,0.0
2026-01-01,08A,0.0,0.0
2022-09-01,08C,0.0,0.0
2025-01-01,08C,0.0,0.0
2022-05-01,08D,0.0,0.0
2022-10-01,08G,0.0,0.0
2024-03-01,08L,0.0,0.0
2025-12-01,08L,0.0,0.0
2022-05-01,08L,0.0,0.0
2023-05-01,08M,0.0,0.0
2022-11-01,08N,0.0,0.0
2022-07-01,08Q,0.0,0.0
2023-05-01,08Q,0.0,0.0
2023-03-01,08R,0.0,0.0
2023-10-01,08T,0.0,0.0
2024-04-01,08T,0.0,0.0
2026-06-01,08W,0.0,0.0
2024-05-01,08W,0.0,0.0
2024-03-01,08X,0.0,0.0
2026-02-01,09A,0.0,0.0
2024-06-01,09C,0.0,0.0
2024-05-01,09C,0.0,0.0
2025-07-01,09G,0.0,0.0
2022-05-01,09P,0.0,0.0
2022-02-01,09W,0.0,0.0
2024-06-01,09W,0.0,0.0
2025-01-01,09Y,0.0,0.0
2025-02-01,09Y,0.0,0.0
2024-09-01,09Y,0.0,0.0
2025-09-01,10E,0.0,0.0
2021-11-01,10J,0.0,0.0
2022-11-01,10J,0.0,0.0
2026-02-01,10L,0.0,0.0
2021-09-01,10M,0.0,0.0
2023-05-01,10W,0.0,0.0
2023-04-01,10W,0.0,0.0
2026-01-01,10X,0.0,0.0
2024-05-01,11E,0.0,0.0
2025-10-01,11E,0.0,0.0
2022-09-01,11H,0.0,0.0
2025-09-01,11H,0.0,0.0
2022-02-01,11T,0.0,0.0
2025-02-01,13P,0.0,0.0
2022-11-01,13P,0.0,0.0
2024-05-01,15D,0.0,0.0
2021-12-01,99D,0.0,0.0
2026-02-01,99M,0.0,0.0
2022-01-01,99P,0.0,0.0
2023-08-01,99Q,0.0,0.0
2025-09-01,99Q,0.0,0.0
2026-05-01,99Q,0.0,0.0
2021-11-01,99Q,0.0,0.0
2025-02-01,99Q,0.0,0.0
2026-04-01,99Q,0.0,0.0
2023-11-01,D4U1Y,0.0,0.0
2026-05-01,D4U1Y,0.0,0.0
2025-02-01,D4U1Y,0.0,0.0
2021-08-01,00N,0.0,158.71399999999997
2022-04-01,00Q,0.0,181.34400000000002
2022-12-01,00R,0.0,177.01600000000002
2021-10-01,00R,0.0,175.178
2024-07-01,01J,0.0,172.83599999999998
2022-07-01,01V,0.0,126.68700000000001
2025-10-01,01W,0.0,330.71400000000006
2024-07-01,02E,0.0,229.86800000000002
2023-08-01,02M,0.0,184.803
2024-03-01,03L,0.0,272.81399999999996
2024-12-01,04Y,0.0,140.402
2025-09-01,05D,0.0,155.31300000000002
2026-04-01,06Q,0.0,426.74599999999987
2026-06-01,06T,0.0,380.76000000000005
2023-09-01,07K,0.0,275.949
2025-04-01,09D,0.0,333.3810000000001
2023-09-01,10R,0.0,234.03700000000006
2025-10-01,11N,0.0,606.1279999999998
2023-04-01,11N,0.0,600.327
2024-01-01,14Y,0.0,588.6659999999999
2025-08-01,15A,0.0,590.2300000000001
2025-08-01,15N,0.0,1295.988
2025-01-01,52R,0.0,1155.0740000000003
2022-01-01,92G,0.0,978.415
2025-06-01,00L,124.67874,342.46299999999997
2024-01-01,00L,213.33278,338.04099999999994
2022-03-01,00P,45.960229999999996,286.16
2026-03-01,00P,193.81755,295.064
2025-07-01,00Q,20.52924,188.10600000000002
2025-11-01,00T,122.29791,335.1890000000001
2023-06-01,00X,74.92345,190.096
2022-05-01,01A,33.2538,395.8500000000001
2025-06-01,01A,41.0589,411.21099999999996
2022-10-01,01A,12.96448,398.038
2025-01-01,01D,789.17235,252.24699999999999
2022-12-01,01E,80.21961,224.54999999999998
2024-03-01,01G,40.07884,316.4049999999999
2022-05-01,01H,303.84397,329.332
2022-10-01,01J,485.54879,170.42700000000002
2022-02-01,01W,273.62581,320.61199999999997
2025-09-01,01W,23.99978,330.71199999999993
2022-08-01,02A,99.12361,246.78699999999998
2022-10-01,02A,13.22595,247.34999999999997
2024-03-01,02A,27.66141,248.611
2024-05-01,02G,189.25331,117.648
2025-05-01,02G,132.49705,118.31099999999998
2023-02-01,02H,30.61403,341.7330000000002
2021-08-01,02H,30.12213,336.20500000000004
2024-11-01,02Q,179.26561999999998,127.723
2024-05-01,02T,101.42529,224.81299999999996
2025-03-01,02Y,23.61361,317.98499999999996
2024-03-01,02Y,20.84571,314.23199999999997
2023-09-01,03H,126.44475,173.15599999999998
2022-07-01,03K,38.58574,183.78900000000002
2026-05-01,03L,36.09186,276.8179999999999
2024-04-01,03Q,107.46191,251.81900000000002
2021-12-01,03R,38.92828,387.75699999999995
2023-01-01,03W,18.03555,354.741
2025-07-01,04C,23.99979,449.1839999999999
2023-08-01,04V,82.95757,415.41799999999995
2023-12-01,04V,367.32891,418.15000000000003
2025-08-01,05D,52.71,155.347
2022-09-01,05D,415.68311,149.17
2021-10-01,05D,38.44209,147.604
2023-04-01,05G,201.43118,218.62799999999996
2022-01-01,05V,852.81144,151.851
2025-11-01,06H,13.24439,1059.876
2025-08-01,06N,702.62217,694.302
2023-08-01,07H,24.30777,329.82700000000006
2022-06-01,07H,23.68985,324.89400000000006
2022-05-01,07K,23.67753,271.57499999999993
2021-09-01,07K,119.38489,270.1629999999999
2024-02-01,09D,38.33847,333.0799999999999
2021-08-01,10Q,35.48219,782.851
2024-06-01,10R,25.01993,235.76699999999997
2026-03-01,11J,74.22229,828.672
2023-11-01,11M,275.95594,687.3410000000002
2022-04-01,12F,23.40479,339.54400000000004
2022-04-01,13T,209.54856999999998,539.4100000000001
2025-11-01,13T,103.10792,563.073
2021-08-01,15F,1910.3691099999999,898.2620000000001
2025-01-01,15F,604.85549,944.391
2026-05-01,15F,1020.60263,938.9430000000004
2021-07-01,15M,68.33739,1103.1930000000004
2022-04-01,16C,738.69402,718.3470000000004
2022-01-01,18C,220.10681,814.3560000000002
2025-02-01,18C,150.03386999999998,832.6869999999999
2026-04-01,27D,890.35244,824.6210000000001
2022-10-01,36J,192.28254,653.2370000000001
2026-03-01,36J,23.9968,667.4839999999999
2025-04-01,36J,1073.07637,669.589
2023-03-01,36J,353.19808,657.0579999999999
2023-07-01,36L,101.20521,1751.4639999999995
2024-12-01,42D,322.78915,567.5980000000001
2021-08-01,70F,301.75396,916.6339999999997
2024-06-01,70F,730.03634,941.753
2022-10-01,71E,90.66763,809.7439999999998
2021-10-01,78H,76.88418,807.4470000000001
2024-10-01,84H,883.1183500000001,567.102
2023-09-01,84H,86.39419,562.9480000000001
2022-08-01,91Q,394.36652000000004,1972.0119999999993
2022-09-01,92A,318.95618,1280.5349999999996
2024-12-01,92A,206.52,1303.1709999999996
2026-01-01,92A,76.44576,1302.436
2026-05-01,92G,53.22,1010.9590000000001
2021-09-01,92G,115.44432,974.0820000000001
2025-01-01,93C,386.90015,1837.2190000000003
2026-05-01,93C,378.83882,1810.408
2024-08-01,97R,51.60759,576.8530000000001
2024-08-01,99A,1196.76596,590.0969999999999
2025-08-01,99E,23.99981,296.521
2022-03-01,99E,23.39159,285.6550000000001
2025-04-01,A3A8R,1183.0579500000001,2476.0300000000007
2024-04-01,D2P2L,452.90118,1330.4699999999993
2026-01-01,D9Y0V,679.2183,1930.3259999999996
2024-11-01,M1J4Y,338.92620999999997,1143.8699999999997
2024-03-01,M1J4Y,957.66593,1129.895
2025-05-01,M2L0M,140.39943,536.716
2026-05-01,U2G6B,84.48237,499.34299999999996
2023-03-01,W2U3Z,957.75596,2831.6139999999996
2023-04-01,X2C4Y,1689.9933999999996,454.90200000000004
2024-03-01,X2C4Y,755.32088,459.2250000000001
2025-02-01,X2C4Y,423.45448,462.2179999999999
2021-09-01,00J,0.0,0.0
2023-01-01,00K,0.0,0.0
2024-06-01,00M,0.0,0.0
2026-03-01,00M,0.0,0.0
2025-08-01,00M,0.0,0.0
2024-12-01,00M,0.0,0.0
2026-04-01,01R,0.0,0.0
2025-08-01,01R,0.0,0.0
2025-11-01,02F,0.0,0.0
2022-05-01,02F,0.0,0.0
2025-03-01,02R,0.0,0.0
2026-05-01,02W,0.0,0.0
2025-09-01,02W,0.0,0.0
2021-08-01,03A,0.0,0.0
2025-04-01,03A,0.0,0.0
2022-09-01,03J,0.0,0.0
2023-07-01,03Y,0.0,0.0
2024-06-01,04E,0.0,0.0
2025-08-01,04E,0.0,0.0
2025-12-01,04E,0.0,0.0
2023-08-01,04F,0.0,0.0
2022-01-01,04G,0.0,0.0
2025-05-01,04G,0.0,0.0
2023-02-01,04H,0.0,0.0
2024-06-01,04J,0.0,0.0
2021-12-01,04K,0.0,0.0
2024-06-01,04L,0.0,0.0
2022-08-01,04L,0.0,0.0
2024-03-01,04M,0.0,0.0
2026-06-01,04Q,0.0,0.0
2023-08-01,04R,0.0,0.0
2026-03-01,04R,0.0,0.0
2021-08-01,04X,0.0,0.0
2023-01-01,05A,0.0,0.0
2023-10-01,05A,0.0,0.0
2022-12-01,05C,0.0,0.0
2025-02-01,05F,0.0,0.0
2023-07-01,05H,0.0,0.0
2022-02-01,05L,0.0,0.0
2023-12-01,05N,0.0,0.0
2022-01-01,05N,0.0,0.0
2022-10-01,05X,0.0,0.0
2025-09-01,05X,0.0,0.0
2023-11-01,05Y,0.0,0.0
2024-02-01,05Y,0.0,0.0
2022-02-01,06F,0.0,0.0
2024-04-01,06M,0.0,0.0
2025-02-01,06M,0.0,0.0
2025-04-01,06M,0.0,0.0
2023-07-01,06P,0.0,0.0
2025-03-01,06W,0.0,0.0
2022-10-01,06W,0.0,0.0
2023-07-01,06Y,0.0,0.0
2022-09-01,07L,0.0,0.0
2021-11-01,07M,0.0,0.0
2023-09-01,07M,0.0,0.0
2025-03-01,07N,0.0,0.0
2026-03-01,07V,0.0,0.0
2026-04-01,07Y,0.0,0.0
2025-02-01,07Y,0.0,0.0
2023-12-01,07Y,0.0,0.0
2023-09-01,07Y,0.0,0.0
2025-12-01,07Y,0.0,0.0
2023-08-01,08A,0.0,0.0
2025-06-01,08A,0.0,0.0
2026-01-01,08C,0.0,0.0
2021-10-01,08D,0.0,0.0
2021-12-01,08D,0.0,0.0
2026-03-01,08D,0.0,0.0
2025-02-01,08E,0.0,0.0
2024-04-01,08E,0.0,0.0
2024-11-01,08G,0.0,0.0
2023-04-01,08G,0.0,0.0
2024-03-01,08G,0.0,0.0
2024-04-01,08J,0.0,0.0
2023-12-01,08M,0.0,0.0
2023-11-01,08Q,0.0,0.0
2022-04-01,08Q,0.0,0.0
2026-05-01,08Q,0.0,0.0
2023-09-01,08T,0.0,0.0
2026-03-01,08V,0.0,0.0
2023-08-01,08W,0.0,0.0
2025-01-01,08X,0.0,0.0
2023-01-01,08Y,0.0,0.0
2025-01-01,09A,0.0,0.0
2022-11-01,09A,0.0,0.0
2021-11-01,09A,0.0,0.0
2024-01-01,09E,0.0,0.0
2023-08-01,09E,0.0,0.0
2021-09-01,09F,0.0,0.0
2023-10-01,09F,0.0,0.0
2023-04-01,09G,0.0,0.0
2023-04-01,09L,0.0,0.0
2021-06-01,09P,0.0,0.0
2023-05-01,10A,0.0,0.0
2023-09-01,10A,0.0,0.0
2026-04-01,10C,0.0,0.0
2022-07-01,10D,0.0,0.0
2024-07-01,10D,0.0,0.0
2025-01-01,10J,0.0,0.0
2026-03-01,10K,0.0,0.0
2025-11-01,10K,0.0,0.0
2026-03-01,10L,0.0,0.0
2022-11-01,10L,0.0,0.0
2024-03-01,10V,0.0,0.0
2025-10-01,10V,0.0,0.0
2026-04-01,10V,0.0,0.0
2023-06-01,10W,0.0,0.0
2021-12-01,10W,0.0,0.0
2022-08-01,10X,0.0,0.0
2023-05-01,11A,0.0,0.0
2023-08-01,11E,0.0,0.0
2025-08-01,11E,0.0,0.0
2024-10-01,11E,0.0,0.0
2025-10-01,11H,0.0,0.0
2023-04-01,11H,0.0,0.0
2024-02-01,11T,0.0,0.0
2022-03-01,12D,0.0,0.0
2023-10-01,13P,0.0,0.0
2026-01-01,15D,0.0,0.0
2026-06-01,99D,0.0,0.0
2023-07-01,99D,0.0,0.0
2022-04-01,99D,0.0,0.0
2025-11-01,99H,0.0,0.0
2022-03-01,99H,0.0,0.0
2022-09-01,99H,0.0,0.0
2024-10-01,99J,0.0,0.0
2025-11-01,99K,0.0,0.0
2022-07-01,99K,0.0,0.0
2022-10-01,99M,0.0,0.0
2022-04-01,99M,0.0,0.0
2025-12-01,99M,0.0,0.0
2024-07-01,99M,0.0,0.0
2026-06-01,99N,0.0,0.0
2025-11-01,99P,0.0,0.0
2022-12-01,99Q,0.0,0.0
2026-03-01,99Q,0.0,0.0
2022-04-01,00P,0.0,286.63800000000003
2022-12-01,00Q,0.0,182.32
2022-03-01,00X,0.0,187.85799999999998
2022-06-01,01E,0.0,222.011
2021-08-01,01T,0.0,156.94799999999995
2025-04-01,01V,0.0,128.494
2023-06-01,01V,0.0,127.15799999999999
2026-04-01,02A,0.0,248.17599999999996
2026-02-01,02E,0.0,230.624
2024-04-01,02E,0.0,229.12500000000003
2024-04-01,02H,0.0,348.3489999999999
2025-12-01,02Q,0.0,129.011
2022-02-01,02Q,0.0,121.847
2023-01-01,02T,0.0,223.15900000000005
2024-10-01,03F,0.0,314.507
2024-05-01,03F,0.0,314.67699999999996
2026-04-01,03Q,0.0,248.571
2025-09-01,03W,0.0,362.0020000000001
2022-07-01,06T,0.0,366.602
2023-05-01,15M,0.0,1121.1430000000003
2023-04-01,18C,0.0,822.5030000000002
2023-08-01,18C,0.0,825.2589999999998
2025-12-01,99F,0.0,188.44
2024-01-01,99G,0.0,194.01300000000006
2023-10-01,00L,24.29832,337.24600000000004
2022-03-01,00L,526.8479199999999,333.25199999999995
2023-09-01,00N,148.89358,159.60500000000002
2024-09-01,00N,40.35442,159.98899999999995
2024-03-01,00P,26.1152,294.15900000000005
2021-12-01,00V,361.55007,208.39900000000003
2024-12-01,00V,122.95641,212.42
2026-05-01,00V,120.152,211.638
2023-02-01,00V,328.96894,209.634
2023-03-01,00V,282.16761,209.69899999999993
2023-09-01,00V,20.75304,210.52999999999997
2025-07-01,00X,107.39227,194.489
2023-07-01,01D,294.63562,246.40600000000006
2024-12-01,01D,242.2099,252.141
2025-10-01,01D,137.05457,253.572
2023-02-01,01E,122.12833,225.56300000000002
2025-09-01,01E,167.6784,236.27599999999998
2024-07-01,01F,205.64499999999998,136.33200000000002
2024-02-01,01F,207.60621,136.12
2023-05-01,01H,224.70265,332.23900000000003
2022-09-01,01J,229.47928000000002,170.31699999999998
2021-09-01,01J,114.04585,169.472
2022-10-01,01T,210.32103,157.56099999999998
2022-12-01,01T,176.57238,157.678
2025-05-01,01V,214.78752,128.633
2025-08-01,01X,215.52316,204.15499999999994
2025-05-01,01X,113.12702,203.836
2023-04-01,01Y,389.22765,221.782
2023-08-01,02A,29.3811,248.48000000000002
2023-11-01,02E,10.53216,228.38899999999998
2025-10-01,02E,116.16505,231.02300000000002
2023-05-01,02P,42.419790000000006,267.708
2026-06-01,02T,169.53797999999998,225.09300000000005
2025-01-01,02X,203.31855000000002,339.924
2026-01-01,02X,81.90138,341.42900000000003
2024-01-01,02X,111.54788,335.758
2022-09-01,02X,587.31183,329.83299999999997
2022-12-01,02Y,88.85799,310.48799999999994
2022-02-01,03H,133.75150000000002,171.68199999999996
2022-08-01,03K,19.28265,183.781
2022-05-01,03K,20.266,183.74900000000005
2021-09-01,03L,103.15027,266.063
2023-11-01,03L,48.75698,271.801
2023-06-01,03N,790.5455099999999,630.8559999999998
2022-06-01,03N,1787.4286199999995,619.0760000000001
2026-05-01,03N,668.6914400000001,632.6500000000001
2025-07-01,03W,23.99979,361.186
2023-03-01,03W,114.03138,355.347
2022-11-01,03W,47.35246,354.639
2022-06-01,04V,80.8394,409.902
2026-05-01,05V,20.52574,156.57299999999998
2025-03-01,05W,147.41506,300.48400000000004
2022-07-01,06H,83.02175,1018.1570000000002
2021-10-01,06L,162.71733,409.15399999999994
2023-04-01,06L,23.83716,413.362
2026-03-01,06N,716.68391,691.6449999999998
2023-04-01,06T,34.759429999999995,370.92600000000004
2023-11-01,06T,41.23407,373.53999999999996
2023-09-01,07H,36.63743,330.284
2023-04-01,07K,23.82476,274.98199999999997
2021-06-01,10R,116.4265,230.162
2024-10-01,11J,60.56599,832.8300000000002
2023-11-01,11J,255.13783,829.4339999999997
2022-05-01,11M,93.79311,675.2129999999997
2025-02-01,11N,9.40683,606.1040000000003
2022-02-01,11N,119.40589,597.5030000000003
2024-01-01,13T,439.76803,554.9820000000001
2026-04-01,14L,649.58609,752.556
2021-09-01,15C,19.94511,1047.257
2024-04-01,15C,114.05722,1087.863
2026-02-01,15E,4286.724619999999,1646.2570000000003
2022-05-01,15E,5455.558859999998,1570.3419999999996
2025-04-01,15E,2418.1382399999998,1647.6930000000007
2022-12-01,15F,941.39855,917.7000000000002
2022-08-01,15F,603.1307200000001,908.7419999999996
2023-03-01,15F,804.1674399999999,920.5379999999998
2022-01-01,15M,23.40018,1107.3199999999997
2024-12-01,16C,1029.30515,738.124
2021-12-01,16C,749.9653599999999,715.7089999999998
2023-09-01,18C,99.15228,826.0650000000002
2023-11-01,26A,135.99249,1092.966
2023-02-01,26A,135.68759,1087.965
2023-10-01,26A,154.05170999999999,1091.784
2024-01-01,27D,335.83384,813.285
2021-10-01,36J,1376.57018,645.7119999999998
2025-08-01,42D,45.72,570.4369999999998
2023-06-01,42D,166.6837,560.559
2021-06-01,52R,355.15554999999995,1104.3079999999998
2023-10-01,52R,129.44729999999998,1137.6929999999998
2025-04-01,52R,26.49727,1155.1560000000002
2021-12-01,70F,589.3822200000001,919.8190000000003
2023-06-01,72Q,495.22357,2078.4700000000003
2026-01-01,72Q,122.6794,2121.0439999999994
2025-12-01,78H,25.15142,852.5679999999996
2023-04-01,78H,317.15093,825.5069999999998
2022-02-01,84H,1358.18073,561.3000000000002
2022-10-01,91Q,765.82858,1976.0999999999997
2024-09-01,92A,343.96316,1301.7240000000004
2024-04-01,93C,254.20098000000002,1806.8579999999988
2023-11-01,93C,361.40514,1800.0220000000002
2022-11-01,99A,2297.8521299999998,573.6159999999999
2021-06-01,99A,1942.87756,556.6039999999998
2023-10-01,99A,697.66527,581.534
2024-11-01,99E,89.59205,294.945
2021-09-01,99F,46.62771,186.06100000000004
2024-05-01,99F,151.71085,187.44200000000004
2023-11-01,A3A8R,1245.0105600000002,2441.1630000000014
2024-03-01,B2M3M,221.20827999999997,1102.4620000000002
2024-10-01,D2P2L,338.11289,1338.9190000000003
2021-06-01,D2P2L,1377.2496400000002,1278.9479999999999
2022-02-01,D9Y0V,2693.6407,1892.7729999999995
2025-12-01,D9Y0V,362.51968,1931.656
2021-10-01,M1J4Y,509.89208,1065.7590000000002
2022-03-01,M2L0M,1225.88886,519.014
2021-08-01,M2L0M,35.1217,515.0759999999999
2026-02-01,M2L0M,220.03169000000003,538.107
2023-11-01,M2L0M,62.54339,529.058
2022-11-01,U2G6B,20.25428,463.82400000000007
2023-07-01,X2C4Y,1870.5131099999999,456.111
2023-11-01,X2C4Y,686.99523,457.702
2025-04-01,00D,0.0,0.0
2024-07-01,00J,0.0,0.0
2022-12-01,00M,0.0,0.0
2025-06-01,00M,0.0,0.0
2025-07-01,02F,0.0,0.0
2025-11-01,02R,0.0,0.0
2021-11-01,02R,0.0,0.0
2023-01-01,03A,0.0,0.0
2023-07-01,03J,0.0,0.0
2025-08-01,03J,0.0,0.0
2025-02-01,03M,0.0,0.0
2024-03-01,03M,0.0,0.0
2022-12-01,03T,0.0,0.0
2025-06-01,03Y,0.0,0.0
2025-01-01,04E,0.0,0.0
2023-04-01,04F,0.0,0.0
2022-03-01,04F,0.0,0.0
2021-07-01,04H,0.0,0.0
2025-08-01,04H,0.0,0.0
2025-02-01,04J,0.0,0.0
2021-07-01,04K,0.0,0.0
2023-10-01,04K,0.0,0.0
2021-10-01,04K,0.0,0.0
2022-06-01,04L,0.0,0.0
2025-10-01,04M,0.0,0.0
2022-05-01,04M,0.0,0.0
2022-05-01,04Q,0.0,0.0
2024-07-01,04Q,0.0,0.0
2024-09-01,04Q,0.0,0.0
2025-05-01,05F,0.0,0.0
2024-02-01,05F,0.0,0.0
2022-08-01,05H,0.0,0.0
2024-10-01,05L,0.0,0.0
2022-07-01,05N,0.0,0.0
2024-12-01,05N,0.0,0.0
2025-07-01,05T,0.0,0.0
2022-08-01,05T,0.0,0.0
2026-06-01,05X,0.0,0.0
2026-01-01,06D,0.0,0.0
2024-01-01,06M,0.0,0.0
2022-06-01,06M,0.0,0.0
2025-10-01,06P,0.0,0.0
2023-08-01,06Y,0.0,0.0
2025-12-01,06Y,0.0,0.0
2024-09-01,07M,0.0,0.0
2024-09-01,07N,0.0,0.0
2022-10-01,07T,0.0,0.0
2023-09-01,07T,0.0,0.0
2023-01-01,07V,0.0,0.0
2024-03-01,07V,0.0,0.0
2022-05-01,07V,0.0,0.0
2022-04-01,07W,0.0,0.0
2025-04-01,07W,0.0,0.0
2025-12-01,07X,0.0,0.0
2022-07-01,07Y,0.0,0.0
2025-03-01,07Y,0.0,0.0
2022-10-01,07Y,0.0,0.0
2023-06-01,08D,0.0,0.0
2022-08-01,08E,0.0,0.0
2023-06-01,08G,0.0,0.0
2023-12-01,08H,0.0,0.0
2025-12-01,08H,0.0,0.0
2025-05-01,08K,0.0,0.0
2024-05-01,08Q,0.0,0.0
2022-01-01,08R,0.0,0.0
2026-01-01,08R,0.0,0.0
2023-09-01,08R,0.0,0.0
2021-12-01,08W,0.0,0.0
2021-09-01,08X,0.0,0.0
2025-11-01,08X,0.0,0.0
2023-09-01,08X,0.0,0.0
2023-09-01,08Y,0.0,0.0
2023-12-01,09A,0.0,0.0
2023-08-01,09C,0.0,0.0
2025-04-01,09E,0.0,0.0
2022-04-01,09F,0.0,0.0
2022-06-01,09G,0.0,0.0
2021-06-01,09G,0.0,0.0
2022-12-01,09J,0.0,0.0
2026-05-01,09L,0.0,0.0
2024-02-01,09W,0.0,0.0
2023-06-01,09W,0.0,0.0
2026-03-01,09W,0.0,0.0
2022-01-01,09Y,0.0,0.0
2022-03-01,09Y,0.0,0.0
2022-01-01,10A,0.0,0.0
2024-03-01,10C,0.0,0.0
2023-08-01,10D,0.0,0.0
2024-09-01,10D,0.0,0.0
2021-06-01,10E,0.0,0.0
2026-02-01,10E,0.0,0.0
2023-05-01,10J,0.0,0.0
2023-02-01,10K,0.0,0.0
2021-11-01,10L,0.0,0.0
2022-06-01,10M,0.0,0.0
2024-08-01,10M,0.0,0.0
2026-03-01,10V,0.0,0.0
2021-11-01,10W,0.0,0.0
2023-11-01,10W,0.0,0.0
2024-11-01,10W,0.0,0.0
2022-12-01,10X,0.0,0.0
2023-12-01,11H,0.0,0.0
2024-04-01,11T,0.0,0.0
2023-07-01,13P,0.0,0.0
2025-08-01,13P,0.0,0.0
2025-04-01,13P,0.0,0.0
2023-12-01,13P,0.0,0.0
2025-12-01,15D,0.0,0.0
2024-01-01,99H,0.0,0.0
2022-08-01,99J,0.0,0.0
2025-01-01,99J,0.0,0.0
2022-08-01,99K,0.0,0.0
2024-04-01,99K,0.0,0.0
2021-06-01,99N,0.0,0.0
2023-08-01,99N,0.0,0.0
2025-03-01,99P,0.0,0.0
2025-09-01,99P,0.0,0.0
2024-02-01,99P,0.0,0.0
2022-06-01,D4U1Y,0.0,0.0
2023-03-01,00P,0.0,289.761
2024-12-01,00R,0.0,179.096
2023-04-01,00X,0.0,189.74600000000004
2025-09-01,01K,0.0,354.92100000000005
2026-02-01,01T,0.0,161.59599999999998
2022-12-01,01V,0.0,127.00099999999999
2022-01-01,01V,0.0,126.53000000000002
2023-06-01,01X,0.0,200.87700000000004
2022-11-01,02H,0.0,340.594
2022-08-01,02Q,0.0,122.824
2022-12-01,03F,0.0,309.456
2025-03-01,03H,0.0,174.601
2021-11-01,03Q,0.0,250.07999999999998
2022-10-01,03Q,0.0,247.872
2025-01-01,03R,0.0,399.512
2025-11-01,03R,0.0,400.829
2026-04-01,04C,0.0,444.85999999999996
2024-06-01,05Q,0.0,221.82500000000002
2025-09-01,06H,0.0,1058.0279999999998
2025-02-01,06K,0.0,635.661
2023-01-01,06Q,0.0,409.7510000000001
2024-05-01,06Q,0.0,418.60599999999994
2022-08-01,06T,0.0,366.6689999999999
2022-06-01,06T,0.0,366.2769999999999
2026-05-01,07H,0.0,337.12600000000003
2024-04-01,09D,0.0,333.27700000000004
2026-05-01,10Q,0.0,824.4100000000001
2023-02-01,14Y,0.0,583.2760000000001
2025-11-01,15A,0.0,590.588
2024-03-01,18C,0.0,828.5250000000003
2024-06-01,26A,0.0,1095.9410000000005
2025-02-01,52R,0.0,1155.3000000000004
2023-08-01,99C,0.0,226.48299999999998
2021-11-01,99F,0.0,186.045
2023-11-01,99G,0.0,193.51299999999998
2023-12-01,00L,112.01268,337.82399999999996
2025-12-01,00L,251.32563,344.043
2023-09-01,00P,108.2913,291.15399999999994
2024-05-01,00R,9.81168,178.64699999999996
2022-06-01,00T,402.68405999999993,320.8920000000001
2024-11-01,00V,160.39234,212.38300000000004
2026-04-01,00V,26.85362,211.723
2025-01-01,00X,16.67208,193.52700000000002
2024-04-01,01D,12.76859,249.63100000000003
2024-05-01,01F,52.36,136.21
2021-12-01,01G,232.25367999999997,298.921
2022-12-01,01H,145.84583,331.453
2024-11-01,01K,23.61363,356.16299999999995
2022-04-01,01T,114.51651,157.15599999999998
2023-09-01,01W,20.75304,325.639
2021-11-01,01W,13.70495,319.4700000000001
2022-04-01,01X,78.0307,200.34900000000002
2024-01-01,01Y,88.72609,224.44099999999997
2025-10-01,01Y,162.02418,228.80700000000002
2024-03-01,02M,96.83931,185.50300000000001
2025-04-01,02P,20.19607,270.8109999999999
2023-04-01,02T,74.80953,223.54800000000006
2023-12-01,02T,74.86716,224.26000000000005
2023-03-01,03H,17.89747,172.554
2023-01-01,03H,66.03658,172.36399999999998
2026-01-01,03K,135.23516,185.32800000000003
2024-02-01,03N,1382.5338,639.0640000000001
2026-04-01,03N,402.39005,634.2800000000001
2025-11-01,03N,470.71791,639.9080000000002
2023-05-01,03Q,18.58257,251.00900000000001
2022-08-01,04C,21.96478,426.86300000000006
2023-02-01,04V,63.26568,414.18800000000005
2024-10-01,04V,568.22181,421.526
2022-05-01,04Y,2906.51398,136.116
2024-04-01,04Y,20.00762,139.657
2026-06-01,05V,26.94,156.30300000000003
2026-02-01,05W,80.53726,300.5909999999999
2023-01-01,06H,485.13239,1029.644
2021-07-01,06N,462.37557,664.6009999999999
2023-04-01,06Q,23.83716,411.0380000000001
2024-06-01,07G,23.6136,190.11000000000004
2021-07-01,07G,471.55754,183.489
2023-08-01,07G,72.91091,186.94800000000004
2021-12-01,07K,208.10189999999997,270.4770000000001
2025-11-01,09D,40.46,331.2949999999999
2022-01-01,11N,47.20907,597.0159999999998
2026-05-01,11X,161.6472,605.433
2025-07-01,12F,236.23889,346.49299999999994
2025-10-01,12F,961.72561,346.829
2024-02-01,13T,579.05705,555.424
2025-04-01,14L,695.55976,751.0260000000001
2026-06-01,14L,1040.65014,747.439
2024-04-01,15E,3701.0502699999997,1628.9720000000002
2026-05-01,15E,2244.3559,1639.3600000000001
2024-12-01,15M,94.08707,1141.0010000000002
2025-12-01,15N,387.59386000000006,1299.042
2025-11-01,15N,202.07181,1299.6919999999996
2023-05-01,15N,247.92181,1282.9680000000003
2021-10-01,16C,143.93737,713.7539999999997
2022-02-01,18C,58.74954,814.7449999999995
2024-03-01,27D,210.38701,814.7510000000001
2026-06-01,27D,15.84814,823.8129999999996
2021-07-01,36J,372.25455,646.91
2022-07-01,36J,180.86097999999998,651.5379999999998
2023-10-01,36L,78.19951,1756.5040000000001
2025-10-01,71E,519.0637399999999,826.0649999999996
2026-06-01,71E,53.69348,823.6619999999996
2024-01-01,78H,291.0357,836.8030000000001
2021-07-01,78H,400.53765999999996,804.554
2025-02-01,92A,206.52,1303.8009999999997
2022-06-01,92G,83.25298,982.5369999999999
2023-06-01,93C,521.78077,1784.3
2022-11-01,93C,421.99363,1768.9229999999995
2024-02-01,99A,805.3995200000002,587.7069999999999
2021-09-01,99C,24.73716,223.82899999999998
2024-07-01,99E,143.27838,293.703
2023-12-01,99F,156.77066000000002,187.34700000000004
2025-03-01,99F,151.71078999999997,188.256
2024-10-01,99G,23.61361,195.821
2026-03-01,B2M3M,43.372460000000004,1120.389
2024-09-01,D2P2L,342.75281000000007,1338.6319999999992
2024-11-01,D2P2L,534.23071,1339.7869999999991
2023-03-01,D9Y0V,1096.90033,1914.9979999999998
2024-02-01,M1J4Y,1031.84617,1127.8790000000001
2022-07-01,M2L0M,115.74804999999999,520.6239999999999
2023-09-01,M2L0M,371.85684000000003,527.4609999999999
2025-08-01,M2L0M,99.9622,537.752
2025-04-01,U2G6B,97.14,502.4040000000001
2022-11-01,W2U3Z,381.98040000000003,2809.405000000002
2021-08-01,W2U3Z,395.29354000000006,2702.2739999999994
2024-10-01,X2C4Y,432.33011999999997,461.64000000000004
2023-09-01,X2C4Y,1126.7603100000001,456.75800000000004
2026-01-01,X2C4Y,375.48401,462.2880000000003
2026-06-01,00D,0.0,0.0
2022-05-01,00D,0.0,0.0
2024-06-01,00J,0.0,0.0
2023-08-01,00K,0.0,0.0
2025-06-01,01R,0.0,0.0
2021-09-01,02F,0.0,0.0
2023-04-01,02F,0.0,0.0
2023-04-01,03A,0.0,0.0
2024-02-01,03A,0.0,0.0
2025-11-01,03A,0.0,0.0
2025-11-01,03J,0.0,0.0
2023-03-01,03J,0.0,0.0
2024-06-01,03M,0.0,0.0
2023-03-01,03T,0.0,0.0
2025-03-01,03Y,0.0,0.0
2023-04-01,04D,0.0,0.0
2021-08-01,04D,0.0,0.0
2021-09-01,04E,0.0,0.0
2022-06-01,04F,0.0,0.0
2022-04-01,04F,0.0,0.0
2022-10-01,04G,0.0,0.0
2024-07-01,04G,0.0,0.0
2024-08-01,04G,0.0,0.0
2021-06-01,04H,0.0,0.0
2021-12-01,04H,0.0,0.0
2024-11-01,04K,0.0,0.0
2023-04-01,04K,0.0,0.0
2026-05-01,04K,0.0,0.0
2023-04-01,04L,0.0,0.0
2024-11-01,04M,0.0,0.0
2021-09-01,04M,0.0,0.0
2024-08-01,04M,0.0,0.0
2025-01-01,04M,0.0,0.0
2025-01-01,04R,0.0,0.0
2024-09-01,04R,0.0,0.0
2023-12-01,05C,0.0,0.0
2024-05-01,05F,0.0,0.0
2022-07-01,05F,0.0,0.0
2026-01-01,05N,0.0,0.0
2024-02-01,05T,0.0,0.0
2024-06-01,05T,0.0,0.0
2025-02-01,05X,0.0,0.0
2024-10-01,05Y,0.0,0.0
2025-08-01,06D,0.0,0.0
2023-01-01,06F,0.0,0.0
2023-02-01,06M,0.0,0.0
2025-06-01,06P,0.0,0.0
2026-04-01,06W,0.0,0.0
2025-06-01,06Y,0.0,0.0
2024-09-01,06Y,0.0,0.0
2024-05-01,07L,0.0,0.0
2025-07-01,07L,0.0,0.0
2024-11-01,07M,0.0,0.0
2023-10-01,07M,0.0,0.0
2022-07-01,07M,0.0,0.0
2023-07-01,07N,0.0,0.0
2023-05-01,07N,0.0,0.0
2025-09-01,07X,0.0,0.0
2023-05-01,07X,0.0,0.0
2024-07-01,07Y,0.0,0.0
2026-06-01,07Y,0.0,0.0
2023-01-01,08A,0.0,0.0
2023-02-01,08C,0.0,0.0
2021-07-01,08E,0.0,0.0
2022-03-01,08E,0.0,0.0
2023-03-01,08F,0.0,0.0
2022-10-01,08F,0.0,0.0
2023-09-01,08G,0.0,0.0
2025-06-01,08H,0.0,0.0
2026-04-01,08J,0.0,0.0
2023-08-01,08K,0.0,0.0
2023-02-01,08M,0.0,0.0
2025-10-01,08N,0.0,0.0
2023-01-01,08R,0.0,0.0
2024-04-01,08R,0.0,0.0
2026-04-01,08T,0.0,0.0
2022-09-01,08V,0.0,0.0
2025-05-01,08Y,0.0,0.0
2024-08-01,08Y,0.0,0.0
2024-04-01,09E,0.0,0.0
2024-10-01,09E,0.0,0.0
2025-06-01,09F,0.0,0.0
2025-03-01,09F,0.0,0.0
2022-06-01,09F,0.0,0.0
2026-04-01,09G,0.0,0.0
2023-05-01,09G,0.0,0.0
2023-03-01,09G,0.0,0.0
2022-02-01,09G,0.0,0.0
2021-08-01,09J,0.0,0.0
2024-07-01,09J,0.0,0.0
2023-05-01,09W,0.0,0.0
2021-08-01,09Y,0.0,0.0
2021-09-01,09Y,0.0,0.0
2026-01-01,10A,0.0,0.0
2025-07-01,10A,0.0,0.0
2026-03-01,10A,0.0,0.0
2023-04-01,10A,0.0,0.0
2022-12-01,10C,0.0,0.0
2023-12-01,10C,0.0,0.0
2023-06-01,10D,0.0,0.0
2022-07-01,10K,0.0,0.0
2024-04-01,10K,0.0,0.0
2024-10-01,10K,0.0,0.0
2025-01-01,10K,0.0,0.0
2023-09-01,10L,0.0,0.0
2024-09-01,10L,0.0,0.0
2024-12-01,10M,0.0,0.0
2024-01-01,10M,0.0,0.0
2023-11-01,10M,0.0,0.0
2025-03-01,10V,0.0,0.0
2023-02-01,10X,0.0,0.0
2022-09-01,11A,0.0,0.0
2023-11-01,11A,0.0,0.0
2024-01-01,11H,0.0,0.0
2022-07-01,11H,0.0,0.0
2023-11-01,11H,0.0,0.0
2023-07-01,11T,0.0,0.0
2023-09-01,11T,0.0,0.0
2024-10-01,12D,0.0,0.0
2022-05-01,13P,0.0,0.0
2022-09-01,15D,0.0,0.0
2023-03-01,15D,0.0,0.0
2025-09-01,99J,0.0,0.0
2023-12-01,99K,0.0,0.0
2021-09-01,99M,0.0,0.0
2026-05-01,99N,0.0,0.0
2022-10-01,99P,0.0,0.0
2026-01-01,99P,0.0,0.0
2024-05-01,99Q,0.0,0.0
2021-06-01,99Q,0.0,0.0
2024-09-01,99Q,0.0,0.0
2023-07-01,D4U1Y,0.0,0.0
2024-04-01,00R,0.0,178.66299999999998
2023-08-01,00R,0.0,178.087
2021-07-01,00R,0.0,175.072
2025-11-01,01K,0.0,355.51500000000004
2022-05-01,01V,0.0,126.58899999999998
2023-05-01,01V,0.0,127.10199999999999
2023-06-01,02A,0.0,248.11
2025-11-01,02E,0.0,230.82999999999998
2022-11-01,02M,0.0,183.865
2025-05-01,02M,0.0,187.63100000000003
2026-02-01,02P,0.0,270.574
2024-10-01,02P,0.0,270.682
2022-04-01,02T,0.0,222.57899999999995
2022-10-01,02T,0.0,223.03400000000005
2022-10-01,02Y,0.0,309.79300000000006
2022-10-01,03K,0.0,183.842
2021-10-01,03L,0.0,266.334
2022-10-01,03R,0.0,390.56200000000007
2026-02-01,03W,0.0,361.90300000000013
2024-12-01,03W,0.0,359.783
2024-06-01,04Y,0.0,139.991
2024-09-01,06T,0.0,377.21999999999997
2024-03-01,07K,0.0,277.482
2021-07-01,09D,0.0,325.299
2025-11-01,11M,0.0,699.1160000000002
2022-08-01,14Y,0.0,581.1680000000001
2026-03-01,15M,0.0,1143.5270000000003
2021-08-01,42D,0.0,551.948
2026-03-01,92G,0.0,1011.376
2022-12-01,99E,0.0,287.933
2022-08-01,99F,0.0,186.62399999999997
2025-07-01,99G,0.0,196.59400000000002
2021-06-01,99G,0.0,190.12000000000003
2024-07-01,00L,340.23569,339.934
2022-01-01,00L,98.35940000000001,333.05000000000007
2022-10-01,00L,87.72916000000001,334.685
2024-05-01,00P,31.78,294.77900000000005
2021-09-01,00P,177.48919999999998,284.687
2024-07-01,00T,290.49744,332.232
2021-07-01,00T,350.72911999999997,317.93899999999985
2026-01-01,00V,76.63424,212.231
2022-12-01,00X,17.28916,189.28799999999998
2024-03-01,00Y,273.49858,268.00999999999993
2022-08-01,00Y,35.60935,262.923
2025-05-01,00Y,78.53999999999999,269.103
2025-03-01,01A,21.69764,410.8790000000001
2025-08-01,01F,209.00182,136.318
2024-02-01,01G,130.96895,316.039
2024-06-01,01G,20.19692,318.42800000000017
2022-09-01,01G,90.77589,304.85
2022-07-01,01G,210.69174999999998,303.726
2026-06-01,01H,65.49447,337.294
2021-09-01,01V,58.50529,126.27899999999997
2024-10-01,01X,186.69227,203.36099999999996
2025-02-01,01Y,298.065,228.51200000000006
2024-08-01,01Y,339.41673,227.297
2021-09-01,02H,19.23655,336.547
2024-08-01,02M,160.02925,186.27700000000002
2021-07-01,02P,83.16113,264.767
2024-06-01,02X,141.32548,337.82699999999994
2026-02-01,02Y,44.52348,320.21500000000003
2025-08-01,02Y,88.56,319.40199999999993
2025-10-01,03F,129.2572,314.359
2022-04-01,03F,48.61243,307.14599999999996
2022-01-01,03N,1100.3936500000002,619.466
2025-10-01,03N,871.54505,640.1659999999999
2022-01-01,03R,293.27009,387.85599999999994
2023-05-01,04C,22.13275,437.42100000000005
2024-07-01,04V,449.43958999999995,420.5319999999998
2023-09-01,04V,616.94147,415.60100000000006
2023-07-01,04V,365.98861999999997,415.2539999999998
2023-05-01,04Y,291.69512,137.367
2021-06-01,04Y,1475.5451600000001,135.648
2025-11-01,05G,217.10752,231.381
2025-02-01,05W,522.04027,300.367
2024-02-01,06H,55.3715,1045.9779999999996
2025-07-01,06K,23.99979,636.7850000000002
2024-01-01,06N,788.2573600000001,685.3439999999999
2023-04-01,06N,798.9585599999999,678.3739999999999
2026-03-01,07G,71.77068,190.03099999999998
2024-02-01,07G,48.89862,188.81699999999995
2023-04-01,07G,71.51148,186.238
2023-11-01,07K,24.37229,276.43699999999995
2023-10-01,09D,9.7699,331.127
2025-12-01,11J,23.9971,831.489
2023-07-01,11N,51.761210000000005,600.9929999999999
2023-09-01,11N,48.52567,601.7030000000002
2026-04-01,11X,77.65523999999999,605.7959999999998
2022-12-01,11X,109.11705,599.259
2022-03-01,12F,351.40726,339.46600000000007
2025-04-01,13T,403.36244,561.2340000000003
2021-10-01,15A,78.81004,564.0729999999999
2024-07-01,15A,14.39128,586.2930000000002
2024-02-01,15C,143.84019999999998,1085.9420000000002
2024-11-01,15E,1827.7415799999999,1642.4980000000003
2023-12-01,15E,2971.90447,1621.371
2023-03-01,15N,588.09126,1282.8539999999998
2025-01-01,16C,193.0514,738.1630000000002
2021-07-01,18C,112.56009,809.6890000000003
2023-03-01,18C,573.2281399999999,822.3580000000001
2023-05-01,36L,306.14916999999997,1748.1730000000005
2021-09-01,36L,1917.7378500000004,1719.1129999999998
2022-08-01,42D,162.37644,556.7849999999999
2025-01-01,70F,282.84722,947.1729999999998
2025-06-01,70F,385.81497,949.691
2023-09-01,71E,879.00169,816.6649999999997
2026-06-01,72Q,130.65306999999999,2094.8020000000006
2022-04-01,84H,587.71885,560.7199999999999
2021-11-01,84H,449.33261,559.3549999999999
2025-05-01,84H,291.39003,569.3659999999999
2023-08-01,92A,238.81363000000002,1288.9040000000002
2024-08-01,92G,68.02472,1008.0369999999996
2024-07-01,92G,35.91003,1007.1000000000004
2021-06-01,93C,1667.46496,1704.9370000000013
2023-03-01,93C,691.7616399999999,1780.644
2024-03-01,93C,224.31009,1808.4080000000001
2022-10-01,97R,17.98843,569.835
2025-04-01,99A,858.29849,598.4309999999999
2024-01-01,99A,1825.07421,586.771
2021-07-01,A3A8R,503.04508999999996,2306.9249999999993
2024-08-01,B2M3M,203.26183,1110.0570000000002
2022-10-01,B2M3M,990.93453,1064.3669999999997
2023-01-01,D2P2L,1072.7309500000001,1299.6389999999997
2023-08-01,D2P2L,650.3603199999999,1313.4239999999995
2024-11-01,D9Y0V,96.83108,1930.2029999999993
2022-08-01,M1J4Y,933.4849600000001,1084.9589999999996
2025-07-01,M1J4Y,471.94147,1148.4920000000002
2024-06-01,M1J4Y,763.0091500000001,1136.3210000000001
2023-04-01,M1J4Y,1494.0422400000002,1103.1360000000002
2024-08-01,M1J4Y,492.74807000000004,1140.113
2024-04-01,W2U3Z,872.9778899999998,2879.1510000000007
2021-09-01,00D,0.0,0.0
2025-03-01,00K,0.0,0.0
2023-07-01,01R,0.0,0.0
2021-10-01,02F,0.0,0.0
2023-03-01,02F,0.0,0.0
2024-06-01,02R,0.0,0.0
2021-12-01,02R,0.0,0.0
2024-01-01,02R,0.0,0.0
2023-10-01,02V,0.0,0.0
2021-12-01,02V,0.0,0.0
2022-04-01,02W,0.0,0.0
2024-12-01,03A,0.0,0.0
2023-05-01,03J,0.0,0.0
2024-04-01,03M,0.0,0.0
2025-12-01,03T,0.0,0.0
2026-03-01,04D,0.0,0.0
2022-12-01,04E,0.0,0.0
2025-09-01,04E,0.0,0.0
2023-06-01,04F,0.0,0.0
2021-06-01,04J,0.0,0.0
2021-06-01,04K,0.0,0.0
2022-09-01,04K,0.0,0.0
2024-05-01,04L,0.0,0.0
2023-01-01,04M,0.0,0.0
2025-06-01,04R,0.0,0.0
2022-04-01,04R,0.0,0.0
2024-02-01,04X,0.0,0.0
2024-09-01,04X,0.0,0.0
2022-10-01,05A,0.0,0.0
2022-09-01,05A,0.0,0.0
2022-07-01,05C,0.0,0.0
2023-01-01,05C,0.0,0.0
2025-12-01,05C,0.0,0.0
2025-08-01,05F,0.0,0.0
2021-10-01,05F,0.0,0.0
2022-04-01,05H,0.0,0.0
2021-12-01,05H,0.0,0.0
2026-05-01,05L,0.0,0.0
2023-09-01,05L,0.0,0.0
2024-01-01,05N,0.0,0.0
2026-03-01,05R,0.0,0.0
2023-05-01,05X,0.0,0.0
2023-01-01,05X,0.0,0.0
2025-06-01,05Y,0.0,0.0
2023-08-01,05Y,0.0,0.0
2022-02-01,06A,0.0,0.0
2022-05-01,06M,0.0,0.0
2025-12-01,06P,0.0,0.0
2022-09-01,06P,0.0,0.0
2024-11-01,06W,0.0,0.0
2025-06-01,06W,0.0,0.0
2023-09-01,06Y,0.0,0.0
2026-03-01,06Y,0.0,0.0
2025-10-01,07L,0.0,0.0
2023-08-01,07R,0.0,0.0
2025-05-01,07V,0.0,0.0
2025-09-01,07W,0.0,0.0
2024-10-01,07W,0.0,0.0
2026-03-01,07X,0.0,0.0
2024-01-01,08C,0.0,0.0
2024-06-01,08C,0.0,0.0
2024-05-01,08D,0.0,0.0
2023-01-01,08D,0.0,0.0
2023-11-01,08D,0.0,0.0
2022-08-01,08G,0.0,0.0
2026-06-01,08H,0.0,0.0
2024-10-01,08H,0.0,0.0
2025-08-01,08H,0.0,0.0
2021-07-01,08H,0.0,0.0
2021-11-01,08J,0.0,0.0
2022-05-01,08J,0.0,0.0
2022-10-01,08J,0.0,0.0
2025-03-01,08L,0.0,0.0
2024-05-01,08N,0.0,0.0
2025-02-01,08Q,0.0,0.0
2026-05-01,08R,0.0,0.0
2026-03-01,08R,0.0,0.0
2026-04-01,08R,0.0,0.0
2024-06-01,08R,0.0,0.0
2024-01-01,08V,0.0,0.0
2024-12-01,08V,0.0,0.0
2024-06-01,08V,0.0,0.0
2026-05-01,08W,0.0,0.0
2022-07-01,08W,0.0,0.0
2023-12-01,08X,0.0,0.0
2022-10-01,08Y,0.0,0.0
2021-09-01,09A,0.0,0.0
2022-06-01,09C,0.0,0.0
2022-08-01,09C,0.0,0.0
2025-01-01,09E,0.0,0.0
2026-06-01,09F,0.0,0.0
2025-11-01,09F,0.0,0.0
2023-08-01,09G,0.0,0.0
2024-09-01,09J,0.0,0.0
2022-08-01,09J,0.0,0.0
2021-06-01,09L,0.0,0.0
2023-08-01,09P,0.0,0.0
2023-09-01,09Y,0.0,0.0
2023-06-01,10A,0.0,0.0
2026-02-01,10A,0.0,0.0
2025-02-01,10C,0.0,0.0
2024-08-01,10C,0.0,0.0
2022-01-01,10D,0.0,0.0
2025-08-01,10E,0.0,0.0
2021-10-01,10E,0.0,0.0
2026-06-01,10J,0.0,0.0
2024-08-01,10L,0.0,0.0
2021-10-01,10L,0.0,0.0
2026-03-01,10M,0.0,0.0
2023-07-01,10V,0.0,0.0
2024-10-01,10X,0.0,0.0
2025-12-01,10X,0.0,0.0
2025-10-01,10X,0.0,0.0
2023-06-01,10X,0.0,0.0
2022-02-01,10X,0.0,0.0
2024-04-01,11A,0.0,0.0
2026-03-01,11T,0.0,0.0
2023-09-01,99D,0.0,0.0
2024-02-01,99H,0.0,0.0
2026-05-01,99J,0.0,0.0
2024-08-01,99P,0.0,0.0
2023-09-01,D4U1Y,0.0,0.0
2025-01-01,D4U1Y,0.0,0.0
2021-08-01,D4U1Y,0.0,0.0
2022-08-01,00Q,0.0,181.67400000000004
2024-05-01,00Q,0.0,186.65899999999996
2023-05-01,00R,0.0,177.452
2023-03-01,00R,0.0,177.302
2021-10-01,00X,0.0,187.69
2024-12-01,01G,0.0,321.9310000000001
2023-01-01,01K,0.0,356.01
2024-10-01,01K,0.0,355.04599999999994
2025-10-01,01K,0.0,354.44399999999996
2022-04-01,01V,0.0,126.593
2023-03-01,01X,0.0,200.72
2023-09-01,01X,0.0,201.2889999999999
2024-06-01,02E,0.0,229.613
2023-02-01,02E,0.0,225.90099999999998
2025-08-01,02E,0.0,230.84599999999995
2025-04-01,02H,0.0,352.08
2026-04-01,02H,0.0,352.2049999999999
2023-09-01,02H,0.0,345.46400000000006
2021-12-01,02P,0.0,265.103
2024-04-01,03F,0.0,314.3930000000001
2025-06-01,03W,0.0,360.89500000000004
2025-02-01,03W,0.0,360.11899999999997
2023-08-01,05Q,0.0,221.309
2022-09-01,06Q,0.0,407.971
2025-12-01,06T,0.0,382.0039999999999
2025-12-01,07G,0.0,190.497
2022-10-01,10R,0.0,231.055
2023-08-01,11M,0.0,685.316
2025-04-01,11X,0.0,607.887
2023-07-01,14Y,0.0,585.605
2025-09-01,26A,0.0,1101.5459999999998
2023-05-01,92G,0.0,993.4310000000003
2022-11-01,00L,214.45779,334.96000000000004
2023-03-01,00L,316.7754,335.54600000000005
2023-09-01,00L,20.75304,337.17400000000004
2023-06-01,00N,14.87922,159.28100000000003
2025-07-01,00N,47.82493,159.668
2026-05-01,00P,198.80526,294.96100000000007
2021-08-01,00Q,114.20482999999999,180.387
2022-11-01,00Y,346.76087999999993,263.37700000000007
2023-09-01,00Y,242.46307000000002,265.718
2022-08-01,01D,219.49867999999998,243.59300000000005
2021-07-01,01E,19.94946,217.92400000000004
2025-07-01,01G,17.01361,323.50300000000004
2022-04-01,01G,92.49328,301.875
2022-11-01,01H,344.28608,331.2930000000001
2026-05-01,01H,188.75296000000003,337.446
2025-11-01,01J,20.23,174.35700000000003
2026-05-01,01K,61.56482,353.166
2023-05-01,01T,112.18677,157.923
2023-01-01,01W,174.92721999999998,322.984
2023-07-01,01W,117.21844,324.8070000000001
2021-10-01,02A,366.92083999999994,245.21400000000003
2024-10-01,02A,280.43226999999996,249.45000000000002
2022-01-01,02G,128.37692,115.055
2023-12-01,02G,85.04986,117.42299999999999
2023-10-01,02H,184.55052,345.99899999999997
2021-08-01,02P,314.45242,264.893
2024-06-01,02P,210.33847,269.887
2025-08-01,02X,167.5975,341.08099999999996
2024-04-01,02Y,158.13132,314.47400000000005
2021-06-01,02Y,189.93645999999995,307.351
2022-04-01,02Y,59.248009999999994,308.078
2021-07-01,03F,189.72219,304.142
2026-02-01,03F,110.9966,313.989
2022-03-01,03F,97.99599,306.97599999999994
2022-12-01,03L,18.00902,268.70500000000004
2022-02-01,03N,1961.03187,619.607
2023-08-01,03Q,20.77376,250.317
2024-01-01,03W,69.94113999999999,357.5039999999999
2025-10-01,04C,21.18699,448.51699999999994
2024-04-01,05G,384.3711,231.251
2022-03-01,05Q,28.51,218.15699999999998
2023-03-01,05Q,67.18755,220.548
2022-10-01,05V,114.80672,153.02300000000002
2023-01-01,05W,705.3440899999999,301.273
2024-01-01,06H,83.10139000000001,1045.1000000000001
2023-09-01,06K,70.26382,626.4469999999999
2024-11-01,06N,728.6222,691.2410000000002
2024-09-01,07K,99.62839,279.49600000000004
2023-11-01,09D,313.31901,332.64300000000003
2026-02-01,10Q,22.76,828.5749999999998
2021-07-01,10Q,35.46642,782.6389999999999
2022-03-01,11J,194.85759000000002,819.738
2023-09-01,11J,316.90071,826.6139999999997
2022-06-01,11J,177.80982,820.7420000000002
2022-01-01,11M,39.069990000000004,673.5409999999999
2024-04-01,11M,61.85514,690.605
2021-10-01,11X,19.93546,592.863
2023-12-01,11X,223.29198,603.8650000000001
2022-03-01,11X,284.92661,594.2510000000003
2025-03-01,13T,244.76453,561.324
2022-12-01,13T,570.61855,545.9710000000001
2026-05-01,13T,275.17033000000004,557.991
2025-02-01,15A,146.88425,589.708
2023-11-01,15F,1070.14526,930.9920000000001
2025-09-01,15F,620.01533,938.9560000000002
2024-06-01,15M,23.6136,1136.079
2022-10-01,15N,408.31853,1276.2480000000003
2021-08-01,15N,165.42162000000002,1260.5950000000007
2026-05-01,15N,300.28702,1294.1959999999997
2022-05-01,16C,870.72034,718.5419999999999
2025-07-01,26A,20.23,1100.5290000000002
2021-09-01,36J,746.2093000000001,645.4899999999999
2025-09-01,36J,457.95939,669.8850000000001
2022-06-01,36J,1012.3574,650.9819999999999
2026-03-01,42D,466.1466,570.0449999999998
2025-11-01,42D,304.56566999999995,570.7810000000001
2021-09-01,52R,355.57228,1102.1479999999995
2023-02-01,52R,357.5369,1135.8260000000005
2021-06-01,70F,110.70881,913.6169999999995
2021-07-01,72Q,4663.78557,2030.7190000000007
2023-10-01,84H,679.8302400000001,564.7650000000001
2023-07-01,91Q,364.7077,1994.992000000001
2023-11-01,92A,206.06816,1292.1059999999998
2021-12-01,92G,237.82014,976.8820000000003
2025-07-01,92G,23.99979,1012.5630000000001
2021-11-01,92G,233.35148000000004,975.6349999999998
2022-09-01,93C,1361.96152,1756.6619999999991
2023-02-01,97R,89.12066,571.0150000000001
2024-09-01,99A,873.19414,590.1700000000001
2023-05-01,99A,1081.60394,578.3140000000001
2025-07-01,99A,1049.2721999999999,597.8290000000002
2026-05-01,99A,646.56006,599.0539999999997
2025-03-01,99C,161.58559000000002,228.64700000000002
2023-09-01,99E,24.25663,291.04600000000005
2021-08-01,99E,103.26713000000001,285.0570000000001
2021-10-01,99F,149.73658999999998,185.981
2025-09-01,99G,41.09112,196.78300000000004
2022-11-01,A3A8R,283.9873,2386.214999999999
2023-04-01,D2P2L,693.16246,1305.3070000000002
2026-01-01,D2P2L,850.25041,1341.4720000000002
2024-01-01,D2P2L,592.2456699999999,1324.9989999999996
2022-09-01,D2P2L,1631.4821099999995,1293.0970000000007
2025-06-01,D9Y0V,196.7964,1930.4600000000005
2023-02-01,M2L0M,40.60431,523.974
2021-10-01,W2U3Z,668.8571999999999,2719.5060000000008
2022-06-01,W2U3Z,412.53835999999995,2777.1020000000003
2022-12-01,X2C4Y,525.1520099999999,453.4079999999999
2025-02-01,00D,0.0,0.0
2023-09-01,00D,0.0,0.0
2025-06-01,00J,0.0,0.0
2024-12-01,00K,0.0,0.0
2023-05-01,00M,0.0,0.0
2023-07-01,02R,0.0,0.0
2024-11-01,02R,0.0,0.0
2024-10-01,02R,0.0,0.0
2022-11-01,03A,0.0,0.0
2023-07-01,03A,0.0,0.0
2025-07-01,03J,0.0,0.0
2021-08-01,03J,0.0,0.0
2025-03-01,03M,0.0,0.0
2023-07-01,03T,0.0,0.0
2024-12-01,03T,0.0,0.0
2023-03-01,03Y,0.0,0.0
2026-03-01,03Y,0.0,0.0
2023-10-01,04D,0.0,0.0
2025-11-01,04D,0.0,0.0
2022-04-01,04D,0.0,0.0
2025-02-01,04E,0.0,0.0
2021-06-01,04F,0.0,0.0
2025-02-01,04F,0.0,0.0
2025-02-01,04G,0.0,0.0
2025-04-01,04H,0.0,0.0
2024-09-01,04H,0.0,0.0
2024-05-01,04K,0.0,0.0
2026-01-01,04L,0.0,0.0
2023-06-01,04X,0.0,0.0
2024-02-01,05C,0.0,0.0
2024-09-01,05C,0.0,0.0
2022-01-01,05F,0.0,0.0
2023-03-01,05F,0.0,0.0
2022-07-01,05L,0.0,0.0
2024-07-01,05N,0.0,0.0
2024-02-01,05N,0.0,0.0
2026-05-01,05R,0.0,0.0
2025-09-01,05T,0.0,0.0
2022-09-01,05T,0.0,0.0
2024-04-01,05Y,0.0,0.0
2024-07-01,06A,0.0,0.0
2025-02-01,06D,0.0,0.0
2023-12-01,06D,0.0,0.0
2025-11-01,06M,0.0,0.0
2022-09-01,06M,0.0,0.0
2026-04-01,06P,0.0,0.0
2024-08-01,06W,0.0,0.0
2022-04-01,07N,0.0,0.0
2024-10-01,07N,0.0,0.0
2022-07-01,07N,0.0,0.0
2025-03-01,07R,0.0,0.0
2022-07-01,07T,0.0,0.0
2026-04-01,07V,0.0,0.0
2025-04-01,07V,0.0,0.0
2021-10-01,07V,0.0,0.0
2024-05-01,07W,0.0,0.0
2025-03-01,07X,0.0,0.0
2021-06-01,07Y,0.0,0.0
2022-11-01,08C,0.0,0.0
2024-08-01,08D,0.0,0.0
2025-09-01,08F,0.0,0.0
2024-05-01,08G,0.0,0.0
2022-12-01,08G,0.0,0.0
2024-08-01,08H,0.0,0.0
2023-10-01,08H,0.0,0.0
2026-05-01,08J,0.0,0.0
2024-06-01,08J,0.0,0.0
2022-08-01,08L,0.0,0.0
2025-04-01,08N,0.0,0.0
2026-06-01,08T,0.0,0.0
2022-12-01,08V,0.0,0.0
2026-06-01,08Y,0.0,0.0
2022-07-01,08Y,0.0,0.0
2022-01-01,09A,0.0,0.0
2026-01-01,09A,0.0,0.0
2021-06-01,09C,0.0,0.0
2023-11-01,09E,0.0,0.0
2025-05-01,09F,0.0,0.0
2024-09-01,09F,0.0,0.0
2025-06-01,09G,0.0,0.0
2023-07-01,09J,0.0,0.0
2023-09-01,09J,0.0,0.0
2022-03-01,09J,0.0,0.0
2024-07-01,09L,0.0,0.0
2026-01-01,09P,0.0,0.0
2024-03-01,09W,0.0,0.0
2024-04-01,09Y,0.0,0.0
2021-10-01,09Y,0.0,0.0
2024-11-01,10C,0.0,0.0
2023-03-01,10C,0.0,0.0
2022-02-01,10C,0.0,0.0
2026-01-01,10C,0.0,0.0
2021-06-01,10J,0.0,0.0
2023-04-01,10J,0.0,0.0
2024-01-01,10K,0.0,0.0
2022-06-01,10K,0.0,0.0
2025-04-01,10L,0.0,0.0
2024-02-01,10M,0.0,0.0
2024-10-01,10M,0.0,0.0
2022-09-01,10V,0.0,0.0
2023-10-01,10V,0.0,0.0
2022-01-01,10W,0.0,0.0
2022-10-01,10W,0.0,0.0
2025-06-01,10W,0.0,0.0
2024-08-01,11A,0.0,0.0
2025-01-01,11E,0.0,0.0
2023-01-01,11E,0.0,0.0
2023-10-01,11H,0.0,0.0
2024-10-01,11H,0.0,0.0
2022-11-01,11T,0.0,0.0
2026-04-01,13P,0.0,0.0
2024-10-01,15D,0.0,0.0
2021-11-01,99H,0.0,0.0
2022-01-01,99K,0.0,0.0
2024-12-01,99K,0.0,0.0
2026-01-01,99M,0.0,0.0
2023-06-01,99N,0.0,0.0
2023-08-01,99P,0.0,0.0
2022-03-01,99Q,0.0,0.0
2024-03-01,99Q,0.0,0.0
2024-04-01,99Q,0.0,0.0
2023-05-01,D4U1Y,0.0,0.0
2023-12-01,00R,0.0,178.54099999999997
2026-05-01,00R,0.0,177.52399999999997
2025-01-01,00V,0.0,212.56700000000004
2022-06-01,00X,0.0,188.41500000000002
2022-09-01,00X,0.0,189.077
2023-11-01,01K,0.0,355.92699999999996
2024-07-01,01V,0.0,128.07000000000002
2021-12-01,02E,0.0,222.95
2025-11-01,02H,0.0,352.439
2024-02-01,02H,0.0,348.1030000000001
2021-11-01,02P,0.0,265.01099999999997
2026-05-01,02Q,0.0,125.334
2023-05-01,02T,0.0,223.57000000000002
2025-02-01,02Y,0.0,317.747
2024-07-01,03H,0.0,174.43300000000002
2024-11-01,03R,0.0,399.1760000000001
2026-06-01,04C,0.0,442.393
2022-03-01,04Y,0.0,136.029
2026-01-01,05D,0.0,155.24800000000002
2022-02-01,06L,0.0,409.9820000000001
2024-06-01,06L,0.0,416.9869999999999
2024-11-01,06Q,0.0,421.26700000000005
2025-10-01,06Q,0.0,426.288
2023-06-01,06T,0.0,371.62800000000004
2024-06-01,07K,0.0,278.422
2026-06-01,10Q,0.0,821.97
2025-11-01,10R,0.0,234.699
2025-04-01,11N,0.0,605.8720000000001
2023-11-01,15A,0.0,583.9379999999999
2026-06-01,26A,0.0,1097.37
2025-03-01,52R,0.0,1155.2259999999999
2022-03-01,92G,0.0,979.9530000000001
2026-04-01,00P,128.07269000000002,295.0859999999999
2022-06-01,00P,25.9631,286.85300000000007
2024-10-01,00Q,20.19693,187.28000000000003
2022-10-01,00R,50.50404,176.731
2023-06-01,00T,273.28852,325.2219999999999
2024-10-01,00T,153.39997,333.2480000000001
2024-04-01,00V,104.85997,211.59699999999998
2024-04-01,00X,47.82784,191.769
2022-06-01,00Y,959.22766,262.61100000000005
2023-10-01,01D,342.78932,247.288
2023-05-01,01E,30.76163,226.38600000000005
2024-11-01,01F,205.64515,136.74699999999999
2024-06-01,01F,205.64496000000003,136.287
2021-09-01,01F,393.71283,134.894
2023-06-01,01G,230.9275,310.7340000000001
2023-01-01,01H,217.59088000000003,331.621
2025-12-01,01H,339.02287,337.70799999999997
2024-04-01,01J,272.34922,172.07000000000005
2025-05-01,01T,287.04818,161.39700000000002
2025-11-01,01T,145.19812000000002,161.719
2024-10-01,01V,95.64326,128.32000000000002
2021-10-01,01X,205.26274,200.083
2021-08-01,01X,26.42339,200.04700000000003
2026-01-01,01Y,499.43204000000003,228.90200000000002
2022-11-01,02A,101.09394,247.43599999999995
2024-05-01,02A,157.82076,248.975
2023-09-01,02T,72.3241,224.01400000000007
2025-10-01,02X,165.09583,341.33599999999996
2022-01-01,02X,584.67548,327.56099999999986
2025-05-01,02X,138.17059,340.4249999999999
2025-06-01,03F,621.12645,314.60900000000004
2024-08-01,03N,861.3045700000001,636.9499999999999
2024-11-01,03N,784.3823800000001,641.626
2023-09-01,03R,27.32683,394.66200000000003
2025-07-01,03R,18.24859,400.162
2025-08-01,04C,21.1873,448.59999999999997
2022-01-01,04V,170.76165,408.25299999999993
2022-04-01,04Y,49.37339,136.11100000000002
2023-03-01,05G,743.12848,218.50500000000002
2022-06-01,05Q,222.5701,218.79299999999995
2022-11-01,05Q,30.990660000000002,219.69500000000002
2023-09-01,05V,135.12861,154.9
2021-11-01,05W,1672.3118100000002,296.98300000000006
2024-10-01,05W,437.44757999999996,299.30999999999995
2023-06-01,06H,55.63423,1035.1440000000005
2021-10-01,06H,69.90151,1004.3230000000001
2025-11-01,06K,208.13459,638.1170000000002
2022-04-01,06L,23.40479,410.28100000000006
2022-10-01,06N,756.63042,674.087
2024-02-01,06N,782.4551700000001,685.778
2025-05-01,07G,35.51255,190.58099999999993
2021-07-01,07H,69.97545,322.84799999999984
2024-06-01,07H,35.6576,333.371
2021-08-01,07H,140.06201000000001,323.4059999999999
2022-12-01,07K,40.02567,273.93
2026-05-01,10R,168.52418,232.558
2021-07-01,10R,23.32515,230.085
2023-06-01,11N,56.38646,600.6269999999997
2022-10-01,11X,76.75065,598.1410000000002
2021-09-01,12F,177.30326,339.3539999999999
2026-05-01,12F,402.75118999999995,346.2930000000001
2024-06-01,14L,1428.94609,740.7600000000001
2021-06-01,15A,104.96948,558.3430000000001
2024-02-01,15A,84.28473,584.1969999999998
2024-05-01,15C,194.57286000000002,1089.437
2025-02-01,15F,282.85028,944.7939999999999
2022-06-01,15M,32.221720000000005,1111.5359999999998
2023-12-01,15M,99.90550999999999,1130.6760000000004
2025-09-01,15N,226.22706,1295.974
2026-06-01,16C,1136.2774299999999,738.2959999999997
2025-12-01,36J,184.45849,669.1719999999999
2022-04-01,36J,560.1750099999999,650.0210000000003
2024-06-01,36L,191.71805,1769.4549999999997
2024-05-01,42D,363.15158,564.2880000000001
2022-12-01,52R,356.55749,1134.3770000000002
2022-02-01,70F,242.81518000000003,921.9839999999997
2022-12-01,70F,553.70069,929.6410000000002
2026-04-01,71E,614.87239,824.6900000000002
2022-04-01,72Q,6407.37386,2052.559
2025-02-01,78H,228.11588,849.5970000000003
2024-07-01,91Q,343.59573,2024.5870000000002
2022-12-01,91Q,333.56492000000003,1981.6249999999989
2022-01-01,92A,359.68812,1270.6660000000008
2026-06-01,92G,202.32852000000003,1010.6510000000002
2024-05-01,92G,208.89062,1005.5919999999998
2025-01-01,97R,68.09351,577.22
2024-09-01,97R,86.76602,577.0020000000002
2025-02-01,99C,332.90138,228.713
2022-11-01,99E,47.34006,287.69300000000004
2023-10-01,99F,156.18411,187.249
2026-05-01,B2M3M,172.90868999999998,1117.8250000000003
2024-12-01,B2M3M,76.76929,1118.4750000000004
2023-12-01,D2P2L,282.51971999999995,1322.9890000000003
2021-11-01,D2P2L,1080.2429399999999,1282.817999999999
2026-04-01,D9Y0V,817.5989300000001,1925.6390000000001
2023-09-01,D9Y0V,374.16980000000007,1904.9330000000004
2021-07-01,D9Y0V,1665.16066,1880.5409999999993
2026-01-01,M1J4Y,828.1415400000001,1148.5810000000004
2025-06-01,M2L0M,79.45852,536.9350000000002
2025-09-01,M2L0M,20.52922,537.7019999999999
2025-12-01,M2L0M,29.17982,538.112
2024-07-01,W2U3Z,212.0694,2892.2449999999994
2025-05-01,X2C4Y,225.28838000000002,462.3919999999999
2024-02-01,00D,0.0,0.0
2024-05-01,00D,0.0,0.0
2025-01-01,00M,0.0,0.0
2024-02-01,01R,0.0,0.0
2024-09-01,02F,0.0,0.0
2025-08-01,02F,0.0,0.0
2024-02-01,02R,0.0,0.0
2023-12-01,02R,0.0,0.0
2022-02-01,02R,0.0,0.0
2024-06-01,02V,0.0,0.0
2022-12-01,02W,0.0,0.0
2023-12-01,02W,0.0,0.0
2025-12-01,03A,0.0,0.0
2022-10-01,03J,0.0,0.0
2024-05-01,03J,0.0,0.0
2023-05-01,03M,0.0,0.0
2021-10-01,03Y,0.0,0.0
2025-01-01,04D,0.0,0.0
2023-11-01,04D,0.0,0.0
2021-11-01,04E,0.0,0.0
2026-05-01,04E,0.0,0.0
2025-04-01,04E,0.0,0.0
2024-10-01,04F,0.0,0.0
2022-07-01,04G,0.0,0.0
2022-11-01,04G,0.0,0.0
2022-12-01,04H,0.0,0.0
2022-06-01,04J,0.0,0.0
2026-01-01,04M,0.0,0.0
2024-04-01,04Q,0.0,0.0
2023-12-01,04Q,0.0,0.0
2026-03-01,04Q,0.0,0.0
2021-08-01,04R,0.0,0.0
2025-09-01,04R,0.0,0.0
2022-03-01,05A,0.0,0.0
2026-01-01,05A,0.0,0.0
2025-10-01,05A,0.0,0.0
2021-06-01,05C,0.0,0.0
2022-08-01,05F,0.0,0.0
2025-08-01,05L,0.0,0.0
2025-03-01,05L,0.0,0.0
2022-04-01,05L,0.0,0.0
2025-02-01,05R,0.0,0.0
2022-11-01,05X,0.0,0.0
2026-01-01,05Y,0.0,0.0
2023-10-01,06D,0.0,0.0
2024-10-01,06M,0.0,0.0
2023-05-01,06P,0.0,0.0
2021-10-01,06W,0.0,0.0
2023-06-01,06W,0.0,0.0
2024-06-01,06W,0.0,0.0
2025-02-01,06Y,0.0,0.0
2025-05-01,07L,0.0,0.0
2023-02-01,07M,0.0,0.0
2023-11-01,07N,0.0,0.0
2023-02-01,07N,0.0,0.0
2021-08-01,07P,0.0,0.0
2021-06-01,07V,0.0,0.0
2025-01-01,07W,0.0,0.0
2024-06-01,07W,0.0,0.0
2025-07-01,07W,0.0,0.0
2021-07-01,07W,0.0,0.0
2022-08-01,07X,0.0,0.0
2022-07-01,07X,0.0,0.0
2022-11-01,07Y,0.0,0.0
2024-04-01,08A,0.0,0.0
2022-02-01,08C,0.0,0.0
2022-10-01,08D,0.0,0.0
2021-11-01,08E,0.0,0.0
2021-09-01,08F,0.0,0.0
2022-11-01,08F,0.0,0.0
2023-08-01,08G,0.0,0.0
2024-07-01,08J,0.0,0.0
2024-11-01,08K,0.0,0.0
2021-07-01,08L,0.0,0.0
2023-09-01,08L,0.0,0.0
2022-03-01,08L,0.0,0.0
2024-01-01,08M,0.0,0.0
2021-09-01,08N,0.0,0.0
2024-09-01,08Q,0.0,0.0
2025-04-01,08T,0.0,0.0
2023-03-01,08T,0.0,0.0
2024-01-01,08T,0.0,0.0
2025-09-01,08T,0.0,0.0
2024-07-01,08V,0.0,0.0
2023-05-01,08V,0.0,0.0
2023-09-01,08V,0.0,0.0
2021-09-01,08W,0.0,0.0
2022-11-01,08W,0.0,0.0
2024-02-01,08W,0.0,0.0
2022-01-01,08W,0.0,0.0
2024-07-01,08X,0.0,0.0
2022-09-01,08Y,0.0,0.0
2021-11-01,08Y,0.0,0.0
2023-10-01,08Y,0.0,0.0
2024-02-01,09A,0.0,0.0
2023-10-01,09A,0.0,0.0
2024-07-01,09A,0.0,0.0
2024-10-01,09C,0.0,0.0
2022-05-01,09E,0.0,0.0
2022-10-01,09F,0.0,0.0
2021-09-01,09J,0.0,0.0
2022-04-01,09L,0.0,0.0
2021-07-01,10A,0.0,0.0
2021-06-01,10A,0.0,0.0
2026-02-01,10D,0.0,0.0
2023-09-01,10J,0.0,0.0
2025-02-01,10K,0.0,0.0
2025-07-01,10L,0.0,0.0
2023-03-01,10L,0.0,0.0
2024-11-01,10V,0.0,0.0
2026-06-01,10V,0.0,0.0
2023-01-01,10V,0.0,0.0
2022-05-01,10X,0.0,0.0
2026-06-01,10X,0.0,0.0
2022-05-01,11E,0.0,0.0
2021-12-01,11H,0.0,0.0
2021-08-01,11T,0.0,0.0
2026-01-01,12D,0.0,0.0
2024-03-01,99D,0.0,0.0
2024-02-01,99D,0.0,0.0
2025-09-01,99D,0.0,0.0
2022-01-01,99D,0.0,0.0
2024-08-01,99H,0.0,0.0
2026-04-01,99H,0.0,0.0
2024-02-01,99J,0.0,0.0
2021-07-01,99K,0.0,0.0
2026-03-01,99K,0.0,0.0
2024-06-01,99M,0.0,0.0
2025-09-01,99M,0.0,0.0
2022-02-01,00Q,0.0,181.08800000000002
2024-03-01,00R,0.0,178.55599999999998
2025-08-01,00R,0.0,178.89600000000002
2022-08-01,01A,0.0,397.10600000000005
2024-02-01,01A,0.0,405.205
2021-08-01,01A,0.0,393.26200000000006
2021-12-01,01X,0.0,200.116
2024-06-01,02H,0.0,349.46299999999997
2024-02-01,02P,0.0,269.43999999999994
2022-07-01,02Q,0.0,122.61599999999999
2024-02-01,03H,0.0,173.69599999999997
2026-05-01,03H,0.0,174.65
2025-06-01,03Q,0.0,250.939
2023-06-01,04Y,0.0,137.50300000000001
2023-10-01,06Q,0.0,414.12800000000004
2022-01-01,06Q,0.0,404.2509999999999
2026-04-01,07H,0.0,337.2960000000001
2025-12-01,07K,0.0,280.96199999999993
2024-01-01,07K,0.0,277.077
2023-06-01,09D,0.0,330.78899999999993
2024-05-01,10Q,0.0,819.4229999999997
2024-06-01,11X,0.0,605.6790000000002
2024-06-01,14Y,0.0,591.9830000000002
2026-01-01,15A,0.0,589.556
2023-10-01,18C,0.0,826.5159999999997
2022-04-01,52R,0.0,1120.2890000000002
2024-10-01,97R,0.0,576.9780000000001
2024-01-01,99C,0.0,227.143
2021-10-01,99C,0.0,223.81900000000002
2024-08-01,99G,0.0,195.78499999999997
2024-02-01,00N,150.038,159.929
2025-04-01,00P,96.20147,295.459
2021-09-01,00Q,19.94511,180.553
2023-04-01,00V,230.46542,209.71700000000004
2024-05-01,00Y,112.50281000000001,268.86499999999995
2021-12-01,01D,255.66787999999997,241.717
2024-02-01,01D,149.17407,248.93500000000006
2023-03-01,01D,240.2108,245.17100000000002
2025-07-01,01E,95.63746,235.94499999999996
2026-04-01,01E,23.91533,239.29600000000002
2025-11-01,01F,155.76771,136.128
2024-03-01,01F,158.51118,136.11700000000002
2025-04-01,01F,188.16821,136.707
2023-01-01,01G,190.12724999999998,308.17699999999996
2023-03-01,01G,229.24023,309.297
2022-10-01,01H,196.43191000000002,331.008
2026-04-01,01J,68.93048999999999,174.28499999999997
2025-09-01,01J,159.96030000000002,174.29200000000003
2026-01-01,01T,133.5925,161.60899999999998
2024-09-01,01W,56.57236,328.5379999999999
2025-07-01,01Y,250.63947,229.02000000000007
2024-06-01,02A,12.76859,248.95499999999996
2023-03-01,02A,163.11494,248.01400000000004
2026-01-01,02M,20.52661,187.98299999999998
2021-10-01,02P,46.60514,264.887
2022-08-01,02P,47.3189,266.367
2025-04-01,02X,182.24965000000003,340.266
2022-06-01,02Y,60.7262,308.38499999999993
2025-09-01,03F,23.99978,314.13699999999994
2026-06-01,03K,97.14826,184.452
2024-03-01,03N,504.34551999999996,638.7339999999998
2022-09-01,03N,1209.1746,618.6659999999998
2022-03-01,03N,1921.40231,618.4149999999998
2021-12-01,03W,46.69772,347.2249999999999
2024-07-01,04C,63.56573,449.79000000000013
2023-03-01,04C,22.03128,436.583
2026-04-01,05D,136.45815,155.08599999999998
2025-08-01,05G,241.90424,230.849
2021-09-01,05W,1753.91334,296.5979999999999
2024-04-01,06K,23.39725,631.852
2025-06-01,06N,804.4276600000001,693.4059999999998
2021-11-01,07G,169.37863000000002,183.918
2024-09-01,07G,31.37,190.41
2022-12-01,10Q,10.23725,806.1120000000002
2021-08-01,11J,226.42237,814.4029999999996
2023-04-01,12F,182.00338,341.581
2025-09-01,12F,47.82489,346.81200000000007
2022-03-01,13T,435.9527,539.222
2022-09-01,14L,572.08553,700.9100000000001
2023-05-01,14L,550.57906,717.6579999999999
2021-11-01,14Y,19.95427,576.059
2023-10-01,15A,20.78868,583.1089999999999
2024-03-01,15A,64.56367,584.9259999999998
2025-05-01,15C,23.6125,1096.8759999999997
2022-09-01,15C,785.44179,1062.7230000000002
2024-01-01,15E,3663.70625,1623.3690000000006
2022-07-01,15E,4051.0300700000003,1571.8590000000008
2024-11-01,15F,649.67836,943.3670000000003
2021-09-01,15M,35.086290000000005,1104.7910000000002
2024-03-01,15N,127.78174,1293.5770000000002
2023-07-01,16C,1433.51259,726.863
2026-05-01,36L,395.37095000000005,1759.377
2023-07-01,52R,403.05172000000005,1136.999
2023-01-01,71E,215.63931,812.8149999999999
2025-03-01,71E,61.524969999999996,825.1559999999997
2024-07-01,78H,277.49222000000003,844.1589999999999
2023-02-01,78H,180.33838,822.9590000000001
2024-01-01,91Q,307.95347000000004,2010.2989999999993
2024-03-01,91Q,301.04364,2015.1370000000004
2022-10-01,92G,196.22662,985.8539999999999
2024-10-01,93C,244.71041,1821.3810000000012
2024-06-01,97R,162.92,576.019
2025-01-01,99A,1196.00368,597.2600000000002
2026-01-01,99A,743.80164,602.0160000000002
2023-08-01,99A,829.43847,578.1480000000003
2024-04-01,99E,71.64541,292.83299999999997
2021-12-01,99E,125.51881,285.286
2024-03-01,99G,24.42144,194.618
2022-05-01,A3A8R,540.85913,2362.469
2023-07-01,B2M3M,260.57332,1081.8699999999997
2025-08-01,D2P2L,378.83835,1343.8220000000003
2021-11-01,M2L0M,617.63194,517.023
2021-09-01,M2L0M,656.20674,515.6950000000002
2024-05-01,U2G6B,57.23386000000001,496.307
2021-09-01,U2G6B,14.21142,455.882
2021-07-01,W2U3Z,172.64774,2694.378999999999
2022-08-01,W2U3Z,540.56317,2789.9219999999973
2026-02-01,X2C4Y,495.28337,462.06200000000007
2025-09-01,X2C4Y,189.41161,462.5149999999998
2025-12-01,00D,0.0,0.0
2022-07-01,01R,0.0,0.0
2022-07-01,02R,0.0,0.0
2022-04-01,02R,0.0,0.0
2023-02-01,02R,0.0,0.0
2022-06-01,02R,0.0,0.0
2022-11-01,02R,0.0,0.0
2023-07-01,02V,0.0,0.0
2024-12-01,03J,0.0,0.0
2022-08-01,03M,0.0,0.0
2022-11-01,03M,0.0,0.0
2023-12-01,03T,0.0,0.0
2022-02-01,03Y,0.0,0.0
2021-12-01,04F,0.0,0.0
2022-02-01,04G,0.0,0.0
2023-12-01,04G,0.0,0.0
2024-12-01,04G,0.0,0.0
2022-08-01,04G,0.0,0.0
2023-06-01,04K,0.0,0.0
2023-01-01,04L,0.0,0.0
2021-09-01,04L,0.0,0.0
2025-07-01,04M,0.0,0.0
2021-07-01,04M,0.0,0.0
2022-02-01,04M,0.0,0.0
2025-02-01,04Q,0.0,0.0
2025-12-01,04Q,0.0,0.0
2022-06-01,04R,0.0,0.0
2026-04-01,04R,0.0,0.0
2025-08-01,04R,0.0,0.0
2023-09-01,05A,0.0,0.0
2024-12-01,05A,0.0,0.0
2024-04-01,05C,0.0,0.0
2024-12-01,05C,0.0,0.0
2026-05-01,05F,0.0,0.0
2022-12-01,05F,0.0,0.0
2024-09-01,05N,0.0,0.0
2023-06-01,05N,0.0,0.0
2024-05-01,05R,0.0,0.0
2024-11-01,05T,0.0,0.0
2021-10-01,05X,0.0,0.0
2022-02-01,05X,0.0,0.0
2025-05-01,05Y,0.0,0.0
2023-12-01,05Y,0.0,0.0
2025-10-01,05Y,0.0,0.0
2023-02-01,06A,0.0,0.0
2025-11-01,06D,0.0,0.0
2022-05-01,06F,0.0,0.0
2025-01-01,06F,0.0,0.0
2026-03-01,06F,0.0,0.0
2023-12-01,06M,0.0,0.0
2023-09-01,06P,0.0,0.0
2025-02-01,06P,0.0,0.0
2024-09-01,06W,0.0,0.0
2024-05-01,07M,0.0,0.0
2025-10-01,07M,0.0,0.0
2024-06-01,07M,0.0,0.0
2025-07-01,07M,0.0,0.0
2024-08-01,07M,0.0,0.0
2023-12-01,07N,0.0,0.0
2026-01-01,07N,0.0,0.0
2026-06-01,07R,0.0,0.0
2025-06-01,07T,0.0,0.0
2021-06-01,07T,0.0,0.0
2022-03-01,07T,0.0,0.0
2026-05-01,07V,0.0,0.0
2023-12-01,07W,0.0,0.0
2023-11-01,07W,0.0,0.0
2023-07-01,07Y,0.0,0.0
2024-06-01,07Y,0.0,0.0
2021-09-01,07Y,0.0,0.0
2023-10-01,08A,0.0,0.0
2021-09-01,08A,0.0,0.0
2025-08-01,08D,0.0,0.0
2022-12-01,08D,0.0,0.0
2022-09-01,08D,0.0,0.0
2023-07-01,08E,0.0,0.0
2025-11-01,08G,0.0,0.0
2024-01-01,08G,0.0,0.0
2022-04-01,08G,0.0,0.0
2026-05-01,08H,0.0,0.0
2023-03-01,08K,0.0,0.0
2023-02-01,08K,0.0,0.0
2026-05-01,08L,0.0,0.0
2025-02-01,08M,0.0,0.0
2026-01-01,08N,0.0,0.0
2023-06-01,08N,0.0,0.0
2024-12-01,08Q,0.0,0.0
2021-12-01,08R,0.0,0.0
2025-08-01,08W,0.0,0.0
2021-10-01,08W,0.0,0.0
2023-09-01,08W,0.0,0.0
2026-06-01,08X,0.0,0.0
2024-01-01,08X,0.0,0.0
2024-10-01,08Y,0.0,0.0
2021-12-01,08Y,0.0,0.0
2021-07-01,08Y,0.0,0.0
2021-10-01,09A,0.0,0.0
2024-04-01,09A,0.0,0.0
2022-02-01,09C,0.0,0.0
2023-02-01,09C,0.0,0.0
2026-05-01,09E,0.0,0.0
2025-12-01,09E,0.0,0.0
2023-10-01,09E,0.0,0.0
2025-08-01,09G,0.0,0.0
2021-08-01,09L,0.0,0.0
2025-07-01,09L,0.0,0.0
2025-10-01,09L,0.0,0.0
2023-03-01,09L,0.0,0.0
2026-03-01,09P,0.0,0.0
2025-10-01,09P,0.0,0.0
2026-01-01,09W,0.0,0.0
2025-11-01,09Y,0.0,0.0
2026-03-01,09Y,0.0,0.0
2024-09-01,10A,0.0,0.0
2023-08-01,10C,0.0,0.0
2021-08-01,10D,0.0,0.0
2022-09-01,10E,0.0,0.0
2023-01-01,10E,0.0,0.0
2025-12-01,10E,0.0,0.0
2024-03-01,10J,0.0,0.0
2022-09-01,10J,0.0,0.0
2025-05-01,10J,0.0,0.0
2022-08-01,10L,0.0,0.0
2024-03-01,10L,0.0,0.0
2025-04-01,10M,0.0,0.0
2025-08-01,10V,0.0,0.0
2024-01-01,10W,0.0,0.0
2023-03-01,11A,0.0,0.0
2021-07-01,11A,0.0,0.0
2025-03-01,11E,0.0,0.0
2021-11-01,11H,0.0,0.0
2025-03-01,11H,0.0,0.0
2026-05-01,11T,0.0,0.0
2026-06-01,11T,0.0,0.0
2021-10-01,13P,0.0,0.0
2022-03-01,13P,0.0,0.0
2023-10-01,99D,0.0,0.0
2026-01-01,99D,0.0,0.0
2025-04-01,99H,0.0,0.0
2023-09-01,99H,0.0,0.0
2024-11-01,99H,0.0,0.0
2024-12-01,99J,0.0,0.0
2024-06-01,99K,0.0,0.0
2021-08-01,99K,0.0,0.0
2023-03-01,99K,0.0,0.0
2023-01-01,99P,0.0,0.0
2023-08-01,01A,0.0,402.059
2023-12-01,01A,0.0,404.17400000000004
2024-01-01,01A,0.0,404.69999999999993
2025-01-01,02E,0.0,230.82099999999994
2026-02-01,02M,0.0,188.12999999999997
2023-04-01,02M,0.0,184.243
2023-12-01,02Q,0.0,125.753
2025-02-01,03Q,0.0,252.49500000000003
2025-03-01,04Y,0.0,140.455
2025-04-01,04Y,0.0,140.43099999999998
2024-10-01,05D,0.0,154.37500000000003
2023-12-01,06Q,0.0,415.9080000000001
2026-04-01,06T,0.0,381.47100000000006
2026-02-01,06T,0.0,381.574
2026-04-01,07K,0.0,280.62699999999995
2022-12-01,09D,0.0,331.75900000000007
2022-03-01,10Q,0.0,794.2510000000003
2025-10-01,10R,0.0,234.414
2025-03-01,11M,0.0,696.4100000000002
2025-09-01,11X,0.0,608.805
2025-03-01,14Y,0.0,595.911
2023-05-01,15A,0.0,578.6740000000001
2025-12-01,15A,0.0,590.217
2021-06-01,18C,0.0,808.546
2024-07-01,26A,0.0,1096.3080000000002
2025-05-01,36J,0.0,669.631
2026-01-01,42D,0.0,570.583
2025-08-01,00N,28.29068,159.62199999999999
2024-08-01,00N,53.70556,159.971
2025-07-01,00P,47.82493,295.3230000000001
2024-01-01,00Q,20.92059,185.349
2022-12-01,00T,242.23252000000002,323.038
2023-04-01,00T,498.00291999999996,323.80100000000004
2023-01-01,00X,41.18333,189.44799999999998
2023-02-01,00Y,450.59772,264.1240000000001
2024-01-01,00Y,150.69305000000003,267.24299999999994
2025-03-01,00Y,87.58726999999999,269.304
2025-12-01,00Y,155.93101,269.121
2021-07-01,01H,168.29927,327.77599999999995
2026-04-01,01H,36.077510000000004,337.646
2022-10-01,01K,23.64738,353.97800000000007
2022-07-01,01K,41.67766,354.4699999999999
2024-09-01,01K,17.01464,355.31700000000006
2025-10-01,01T,227.0263,161.799
2026-03-01,01X,48.74732,204.49200000000002
2021-07-01,01Y,406.77289,219.123
2021-07-01,02A,651.2211,244.62300000000008
2022-01-01,02A,479.3210399999999,245.33
2025-12-01,02A,136.8406,249.11799999999997
2022-04-01,02G,690.22173,115.393
2025-07-01,02M,26.85737,187.69899999999998
2022-06-01,02X,477.9081,328.79
2022-02-01,03L,14.11156,266.74399999999997
2022-07-01,03L,57.38933,267.57300000000004
2021-11-01,04C,517.08939,423.768
2021-12-01,04C,39.46036,424.60999999999996
2026-04-01,04Y,47.9929,140.574
2025-09-01,04Y,23.99978,140.82000000000002
2026-02-01,05D,112.98,155.081
2024-03-01,05D,275.43445,153.06799999999998
2024-05-01,05G,319.71834000000007,231.3609999999999
2025-10-01,05G,281.52461,231.37399999999997
2023-10-01,05G,298.9322,230.78
2023-12-01,05G,541.8938600000001,231.11299999999997
2024-12-01,05G,258.37166,231.008
2025-06-01,05Q,67.53793,223.47
2023-07-01,05V,157.42588,154.488
2025-09-01,05W,113.02982,301.184
2025-12-01,06H,121.12146,1059.53
2025-09-01,06K,75.32,637.2790000000001
2025-12-01,06K,117.75482,637.842
2025-06-01,06K,34.16842,636.511
2021-06-01,06K,197.41106,613.543
2022-07-01,06L,23.67819,411.23599999999993
2022-02-01,06N,719.10987,669.0079999999999
2025-04-01,06N,807.76897,692.793
2025-07-01,06Q,105.48235000000001,424.5520000000001
2022-11-01,06T,23.67623,367.81299999999993
2023-05-01,10Q,10.55577,807.6209999999999
2022-12-01,10R,12.97932,232.339
2022-01-01,10R,139.82758,230.395
2023-06-01,10R,222.56898,234.017
2023-10-01,11J,156.075,828.2329999999998
2024-01-01,11J,86.85614000000001,830.71
2023-01-01,11M,40.58068,681.046
2024-02-01,11N,100.22834,603.4560000000001
2025-12-01,11N,90.36713,605.7999999999997
2023-02-01,11N,152.48018000000002,600.3039999999999
2024-05-01,11X,130.35436,605.285
2023-08-01,12F,337.59641999999997,342.428
2025-02-01,15C,7.30634,1096.0049999999999
2026-04-01,15E,3467.31063,1641.3920000000007
2023-04-01,15F,462.8036,920.6379999999998
2023-02-01,15F,1403.0946800000002,919.1260000000001
2025-10-01,15M,41.0455,1145.597
2023-09-01,16C,1245.4821000000002,727.7520000000002
2024-06-01,18C,152.22796,830.284
2021-09-01,26A,380.85018,1077.9399999999998
2022-11-01,26A,88.78987000000001,1087.1660000000002
2023-05-01,36J,722.6238700000001,657.9109999999998
2025-07-01,36L,910.318,1776.8010000000002
2024-09-01,36L,410.41244,1771.3210000000001
2021-09-01,42D,441.888,552.4350000000001
2026-06-01,42D,616.55403,569.3920000000002
2023-04-01,42D,209.43981,559.9610000000001
2024-10-01,52R,54.13269,1152.7630000000004
2022-03-01,70F,608.2138100000001,922.227
2021-06-01,72Q,2134.4791899999996,2024.3419999999994
2025-01-01,72Q,941.4573099999998,2123.936999999999
2025-07-01,72Q,343.86397999999997,2123.712000000001
2025-12-01,72Q,629.81124,2123.983
2023-11-01,78H,72.6343,834.4670000000003
2026-05-01,84H,318.24299999999994,570.514
2026-01-01,91Q,120.45263,2043.7780000000005
2023-06-01,92G,24.42033,994.133
2025-03-01,93C,421.37145,1837.5379999999998
2023-07-01,99A,585.6304,578.5630000000001
2022-03-01,99A,1036.10534,566.7900000000001
2025-06-01,99F,154.19114000000002,188.59400000000002
2025-07-01,99F,154.18956,188.60799999999995
2023-03-01,B2M3M,695.45097,1073.7839999999999
2023-11-01,B2M3M,185.40039000000002,1096.412999999999
2023-10-01,B2M3M,233.18789999999998,1091.95
2023-03-01,D2P2L,1016.5011099999999,1303.6470000000002
2021-07-01,M2L0M,103.80996999999999,514.5230000000001
2022-09-01,M2L0M,105.32886,521.6660000000002
2022-05-01,M2L0M,747.3152699999999,519.7189999999998
2025-06-01,W2U3Z,159.0545,2916.4850000000006
2023-01-01,X2C4Y,1306.8034699999998,453.49100000000004
2024-01-01,00D,0.0,0.0
2024-09-01,00J,0.0,0.0
2024-07-01,00K,0.0,0.0
2021-06-01,00K,0.0,0.0
2022-10-01,00M,0.0,0.0
2024-08-01,02F,0.0,0.0
2025-10-01,02F,0.0,0.0
2024-08-01,02R,0.0,0.0
2026-01-01,02R,0.0,0.0
2023-04-01,02V,0.0,0.0
2026-02-01,03J,0.0,0.0
2026-01-01,03J,0.0,0.0
2025-11-01,03M,0.0,0.0
2023-01-01,03M,0.0,0.0
2022-12-01,04D,0.0,0.0
2026-02-01,04E,0.0,0.0
2022-02-01,04E,0.0,0.0
2026-01-01,04E,0.0,0.0
2021-12-01,04E,0.0,0.0
2023-04-01,04E,0.0,0.0
2022-06-01,04E,0.0,0.0
2025-11-01,04E,0.0,0.0
2025-09-01,04F,0.0,0.0
2024-12-01,04J,0.0,0.0
2022-09-01,04L,0.0,0.0
2023-03-01,04L,0.0,0.0
2024-07-01,04M,0.0,0.0
2025-12-01,04M,0.0,0.0
2023-09-01,04Q,0.0,0.0
2024-12-01,04R,0.0,0.0
2023-01-01,04R,0.0,0.0
2022-03-01,04R,0.0,0.0
2024-10-01,04R,0.0,0.0
2021-09-01,05A,0.0,0.0
2023-07-01,05A,0.0,0.0
2022-01-01,05A,0.0,0.0
2022-03-01,05C,0.0,0.0
2022-02-01,05H,0.0,0.0
2023-04-01,05L,0.0,0.0
2023-08-01,05L,0.0,0.0
2021-09-01,05L,0.0,0.0
2025-06-01,05N,0.0,0.0
2023-01-01,05N,0.0,0.0
2022-02-01,05R,0.0,0.0
2025-06-01,05R,0.0,0.0
2024-03-01,05T,0.0,0.0
2022-03-01,05X,0.0,0.0
2026-03-01,05X,0.0,0.0
2024-06-01,05Y,0.0,0.0
2023-11-01,06A,0.0,0.0
2025-09-01,06A,0.0,0.0
2022-09-01,06D,0.0,0.0
2021-12-01,06M,0.0,0.0
2022-12-01,06W,0.0,0.0
2025-06-01,07L,0.0,0.0
2023-03-01,07L,0.0,0.0
2021-09-01,07L,0.0,0.0
2025-01-01,07M,0.0,0.0
2024-04-01,07P,0.0,0.0
2024-03-01,07P,0.0,0.0
2025-10-01,07P,0.0,0.0
2022-09-01,07P,0.0,0.0
2025-09-01,07P,0.0,0.0
2024-05-01,07R,0.0,0.0
2025-07-01,07R,0.0,0.0
2023-11-01,07T,0.0,0.0
2024-01-01,07T,0.0,0.0
2024-07-01,07V,0.0,0.0
2025-07-01,07V,0.0,0.0
2022-06-01,07W,0.0,0.0
2024-04-01,07Y,0.0,0.0
2025-04-01,08A,0.0,0.0
2023-08-01,08C,0.0,0.0
2021-11-01,08C,0.0,0.0
2023-07-01,08C,0.0,0.0
2023-04-01,08D,0.0,0.0
2025-04-01,08E,0.0,0.0
2024-01-01,08E,0.0,0.0
2024-11-01,08F,0.0,0.0
2024-05-01,08H,0.0,0.0
2021-10-01,08J,0.0,0.0
2026-04-01,08K,0.0,0.0
2024-08-01,08K,0.0,0.0
2025-06-01,08L,0.0,0.0
2022-08-01,08M,0.0,0.0
2024-04-01,08N,0.0,0.0
2024-06-01,08N,0.0,0.0
2021-11-01,08Q,0.0,0.0
2024-03-01,08Q,0.0,0.0
2021-07-01,08R,0.0,0.0
2023-08-01,08T,0.0,0.0
2022-07-01,08V,0.0,0.0
2024-06-01,08W,0.0,0.0
2024-08-01,08X,0.0,0.0
2022-09-01,08X,0.0,0.0
2023-12-01,09C,0.0,0.0
2025-03-01,09E,0.0,0.0
2023-02-01,09J,0.0,0.0
2024-02-01,09L,0.0,0.0
2021-09-01,09L,0.0,0.0
2026-03-01,09L,0.0,0.0
2021-10-01,09P,0.0,0.0
2022-11-01,09P,0.0,0.0
2022-03-01,09W,0.0,0.0
2023-10-01,10A,0.0,0.0
2025-09-01,10C,0.0,0.0
2024-06-01,10D,0.0,0.0
2023-08-01,10K,0.0,0.0
2025-07-01,10K,0.0,0.0
2022-06-01,10L,0.0,0.0
2025-07-01,10M,0.0,0.0
2022-11-01,10W,0.0,0.0
2026-04-01,10W,0.0,0.0
2022-09-01,10X,0.0,0.0
2022-11-01,10X,0.0,0.0
2025-09-01,10X,0.0,0.0
2024-12-01,11A,0.0,0.0
2022-05-01,11H,0.0,0.0
2021-06-01,11H,0.0,0.0
2025-12-01,11H,0.0,0.0
2026-06-01,11H,0.0,0.0
2023-06-01,12D,0.0,0.0
2026-04-01,12D,0.0,0.0
2023-07-01,12D,0.0,0.0
2021-07-01,12D,0.0,0.0
2023-11-01,13P,0.0,0.0
2024-12-01,15D,0.0,0.0
2021-11-01,15D,0.0,0.0
2026-05-01,15D,0.0,0.0
2023-12-01,99D,0.0,0.0
2023-05-01,99D,0.0,0.0
2025-02-01,99J,0.0,0.0
2021-11-01,99J,0.0,0.0
2023-10-01,99K,0.0,0.0
2024-08-01,99M,0.0,0.0
2024-06-01,99Q,0.0,0.0
2022-04-01,99Q,0.0,0.0
2024-10-01,D4U1Y,0.0,0.0
2025-11-01,00L,0.0,343.9240000000001
2025-06-01,00P,0.0,295.38
2022-02-01,00R,0.0,176.13400000000001
2024-08-01,01A,0.0,408.72099999999995
2024-12-01,01E,0.0,233.794
2024-03-01,01E,0.0,230.142
2022-12-01,01K,0.0,356.334
2024-05-01,01X,0.0,202.57799999999997
2021-11-01,02E,0.0,222.66199999999998
2024-05-01,02M,0.0,185.744
2024-09-01,02P,0.0,270.494
2025-11-01,02Q,0.0,128.97
2024-04-01,02T,0.0,224.51500000000001
2022-06-01,02T,0.0,222.71200000000002
2025-01-01,02Y,0.0,317.465
2026-02-01,03H,0.0,174.487
2021-09-01,03Q,0.0,248.176
2024-07-01,05D,0.0,153.93299999999996
2022-03-01,05D,0.0,148.09399999999997
2025-03-01,06L,0.0,418.906
2026-06-01,06Q,0.0,426.472
2024-03-01,06T,0.0,375.6430000000001
2023-10-01,07H,0.0,330.31199999999995
2025-07-01,09D,0.0,332.029
2026-03-01,10Q,0.0,826.779
2025-02-01,11M,0.0,696.363
2024-07-01,14Y,0.0,592.9050000000001
2026-02-01,15A,0.0,588.2539999999997
2023-01-01,15A,0.0,577.0839999999998
2026-02-01,15M,0.0,1144.026
2023-01-01,18C,0.0,821.326
2026-03-01,26A,0.0,1100.199
2025-09-01,52R,0.0,1152.0929999999998
2023-02-01,99E,0.0,288.25899999999996
2026-02-01,99F,0.0,188.05600000000004
2022-05-01,99F,0.0,186.3
2025-12-01,99G,0.0,196.788
2025-01-01,99G,0.0,196.38799999999998
2026-05-01,00N,350.95807,158.90699999999998
2023-05-01,00P,131.23375,290.22400000000005
2025-08-01,00T,184.97733,334.61499999999995
2024-06-01,00T,92.75280000000001,331.704
2025-01-01,00T,327.81531,333.49799999999993
2023-06-01,00Y,216.54698,264.954
2026-02-01,00Y,26.61,268.845
2024-07-01,00Y,26.18,269.5489999999999
2023-03-01,01A,20.30652,399.43000000000006
2023-12-01,01D,221.18886,248.08099999999996
2022-07-01,01E,80.2323,222.16500000000002
2023-07-01,01J,491.51344,171.01999999999998
2021-10-01,01T,150.10309999999998,156.95300000000003
2025-09-01,01T,62.42602,161.74199999999996
2021-09-01,01T,177.73478,157.02899999999997
2026-04-01,01T,242.67293,161.648
2025-06-01,01W,41.0465,329.746
2022-12-01,01X,70.42827,200.58399999999995
2022-06-01,01Y,154.45348,220.71699999999998
2025-07-01,02A,211.91910000000001,249.34599999999998
2022-09-01,02E,122.69215,225.00000000000003
2026-01-01,02G,268.82204,118.75099999999999
2022-10-01,02H,38.52313,340.201
2023-02-01,02M,20.30835,184.26699999999997
2022-07-01,02X,653.1700799999999,329.0340000000001
2024-11-01,02Y,23.61363,317.265
2022-11-01,03F,13.24208,308.51800000000003
2025-04-01,03H,127.07646,174.69199999999998
2022-05-01,03H,20.266,171.75599999999994
2022-03-01,03K,19.29555,183.791
2025-07-01,03K,57.541889999999995,185.722
2022-08-01,03N,870.2133100000001,618.5889999999999
2023-08-01,03R,164.36671,394.21099999999996
2026-06-01,03W,24.29327,361.9029999999999
2024-05-01,04V,80.57026,420.3460000000001
2021-09-01,04Y,1448.29423,135.873
2025-05-01,04Y,103.27022,140.519
2025-08-01,04Y,77.21981,140.75599999999997
2026-03-01,04Y,95.98719,140.55
2021-06-01,05G,1092.78568,216.96699999999998
2026-03-01,05V,20.52667,156.846
2022-04-01,05V,46.78478,152.256
2026-06-01,05W,10.49531,299.30199999999996
2026-05-01,05W,121.60646,299.6769999999999
2024-04-01,05W,493.59720999999996,297.01099999999997
2024-04-01,06H,23.39725,1047.0110000000002
2026-05-01,06H,26.61,1053.384
2025-04-01,06K,102.75030000000001,635.9350000000002
2024-02-01,06K,61.232569999999996,630.264
2024-09-01,06K,135.9147,633.546
2025-12-01,06L,18.24654,419.84599999999995
2024-10-01,06N,744.8218,690.576
2021-12-01,06N,719.0179999999999,667.79
2024-06-01,06N,728.62133,688.1179999999999
2022-11-01,07G,94.70492,185.32100000000008
2023-06-01,07H,61.28627,328.765
2023-05-01,07K,62.21415,274.453
2025-01-01,11J,64.00749,832.808
2025-02-01,11J,22.39,832.6649999999998
2023-04-01,11J,181.98753999999997,825.438
2021-09-01,11M,63.95612,670.6340000000002
2024-02-01,11X,547.84279,604.4709999999999
2025-01-01,12F,174.02966,345.9180000000001
2024-04-01,12F,226.16888999999998,344.019
2022-09-01,12F,23.66914,340.83599999999984
2023-12-01,13T,221.54575,554.517
2024-07-01,14L,1278.7708600000003,741.0870000000002
2022-02-01,14L,1206.8775500000002,696.1479999999997
2021-06-01,14Y,13.68262,574.3240000000001
2022-12-01,15A,94.47668999999999,576.849
2022-10-01,15C,212.86071000000004,1063.7050000000002
2023-08-01,16C,2903.06181,727.2460000000004
2021-09-01,16C,123.53989999999999,713.4770000000002
2024-04-01,26A,144.74,1094.6060000000004
2025-05-01,26A,19.91,1100.086
2023-08-01,26A,24.30777,1089.9620000000002
2023-11-01,27D,659.8290800000001,812.035
2021-07-01,27D,201.88509,789.7389999999998
2023-07-01,27D,270.16642,808.6079999999997
2022-07-01,27D,261.04024,799.4229999999999
2024-11-01,27D,130.91335,820.8779999999998
2024-05-01,36L,195.31944,1767.9170000000008
2025-01-01,36L,818.0245100000001,1775.307
2023-07-01,42D,44.02325,561.1410000000001
2024-03-01,70F,239.77632,939.2489999999997
2022-08-01,71E,361.75843000000003,808.2809999999998
2024-03-01,71E,481.74992999999995,820.1740000000002
2022-06-01,71E,923.72862,806.5899999999999
2025-02-01,71E,423.66967,824.988
2025-01-01,71E,616.38113,824.5690000000002
2026-02-01,78H,37.736129999999996,851.1249999999998
2025-02-01,84H,582.14382,569.724
2025-08-01,84H,614.9349000000001,568.8330000000001
2021-06-01,91Q,1221.68049,1942.2400000000007
2022-05-01,92A,727.8752,1273.9180000000006
2024-08-01,92A,242.17759,1301.327
2021-10-01,92A,392.13991,1267.8520000000003
2023-03-01,97R,275.58716000000004,571.1510000000001
2022-05-01,97R,47.36746,567.3090000000001
2025-11-01,99C,194.32235,229.306
2022-02-01,99C,19.98153,224.203
2026-03-01,99C,169.86582,229.392
2023-04-01,B2M3M,117.78965,1076.2559999999999
2024-05-01,B2M3M,141.1635,1105.9089999999999
2022-09-01,B2M3M,247.50907,1057.9759999999994
2023-05-01,B2M3M,233.25562000000002,1077.6809999999996
2021-08-01,D9Y0V,1274.1571900000001,1881.2370000000005
2023-01-01,U2G6B,20.29654,465.598
2022-05-01,U2G6B,76.82334,458.92999999999995
2021-12-01,W2U3Z,842.6136499999999,2741.375
2022-05-01,X2C4Y,1121.97695,450.82300000000015
2024-07-01,X2C4Y,283.0567,460.392
2022-08-01,X2C4Y,577.35975,451.44800000000004
2023-08-01,X2C4Y,728.87864,456.3679999999999
2026-04-01,00D,0.0,0.0
2022-03-01,00D,0.0,0.0
2022-07-01,00J,0.0,0.0
2024-06-01,00K,0.0,0.0
2025-08-01,00K,0.0,0.0
2022-02-01,00M,0.0,0.0
2021-08-01,01R,0.0,0.0
2021-09-01,02W,0.0,0.0
2024-07-01,02W,0.0,0.0
2024-12-01,02W,0.0,0.0
2025-10-01,03A,0.0,0.0
2024-09-01,03A,0.0,0.0
2021-07-01,03A,0.0,0.0
2025-06-01,03J,0.0,0.0
2022-07-01,03T,0.0,0.0
2022-05-01,03Y,0.0,0.0
2021-09-01,04D,0.0,0.0
2024-11-01,04F,0.0,0.0
2021-10-01,04G,0.0,0.0
2021-09-01,04G,0.0,0.0
2024-07-01,04H,0.0,0.0
2024-07-01,04J,0.0,0.0
2023-03-01,04J,0.0,0.0
2025-05-01,04L,0.0,0.0
2024-09-01,04M,0.0,0.0
2023-11-01,04Q,0.0,0.0
2022-06-01,04Q,0.0,0.0
2023-11-01,04R,0.0,0.0
2024-08-01,05A,0.0,0.0
2025-09-01,05A,0.0,0.0
2024-10-01,05C,0.0,0.0
2022-01-01,05C,0.0,0.0
2025-11-01,05C,0.0,0.0
2024-12-01,05F,0.0,0.0
2022-03-01,05F,0.0,0.0
2025-09-01,05F,0.0,0.0
2025-02-01,05H,0.0,0.0
2024-08-01,05L,0.0,0.0
2025-05-01,05L,0.0,0.0
2021-08-01,05N,0.0,0.0
2022-01-01,05R,0.0,0.0
2025-10-01,05T,0.0,0.0
2024-05-01,05X,0.0,0.0
2022-05-01,05X,0.0,0.0
2025-07-01,05Y,0.0,0.0
2026-03-01,05Y,0.0,0.0
2026-02-01,05Y,0.0,0.0
2023-11-01,06D,0.0,0.0
2025-07-01,06D,0.0,0.0
2026-03-01,06D,0.0,0.0
2025-05-01,06W,0.0,0.0
2022-02-01,07L,0.0,0.0
2023-12-01,07M,0.0,0.0
2025-06-01,07M,0.0,0.0
2021-12-01,07M,0.0,0.0
2022-12-01,07R,0.0,0.0
2026-03-01,07W,0.0,0.0
2024-08-01,07X,0.0,0.0
2026-02-01,07Y,0.0,0.0
2022-12-01,08C,0.0,0.0
2022-07-01,08C,0.0,0.0
2023-10-01,08E,0.0,0.0
2023-08-01,08E,0.0,0.0
2024-09-01,08E,0.0,0.0
2023-09-01,08F,0.0,0.0
2022-04-01,08F,0.0,0.0
2026-04-01,08G,0.0,0.0
2024-12-01,08H,0.0,0.0
2023-08-01,08H,0.0,0.0
2023-12-01,08J,0.0,0.0
2024-02-01,08J,0.0,0.0
2025-11-01,08K,0.0,0.0
2021-12-01,08K,0.0,0.0
2026-02-01,08L,0.0,0.0
2024-06-01,08L,0.0,0.0
2026-03-01,08M,0.0,0.0
2022-07-01,08M,0.0,0.0
2024-03-01,08N,0.0,0.0
2024-04-01,08Q,0.0,0.0
2021-06-01,08W,0.0,0.0
2025-05-01,08W,0.0,0.0
2025-07-01,09A,0.0,0.0
2026-06-01,09A,0.0,0.0
2024-11-01,09A,0.0,0.0
2024-02-01,09C,0.0,0.0
2021-10-01,09C,0.0,0.0
2022-09-01,09C,0.0,0.0
2024-03-01,09C,0.0,0.0
2025-11-01,09G,0.0,0.0
2023-06-01,09G,0.0,0.0
2024-11-01,09G,0.0,0.0
2023-09-01,09G,0.0,0.0
2026-04-01,09L,0.0,0.0
2022-03-01,09P,0.0,0.0
2025-09-01,10A,0.0,0.0
2025-12-01,10C,0.0,0.0
2021-09-01,10C,0.0,0.0
2021-10-01,10D,0.0,0.0
2025-05-01,10E,0.0,0.0
2024-02-01,10E,0.0,0.0
2025-04-01,10K,0.0,0.0
2022-01-01,10L,0.0,0.0
2023-11-01,10L,0.0,0.0
2024-05-01,10L,0.0,0.0
2022-10-01,10M,0.0,0.0
2023-01-01,10M,0.0,0.0
2021-07-01,10X,0.0,0.0
2026-03-01,11A,0.0,0.0
2024-08-01,11E,0.0,0.0
2023-01-01,11T,0.0,0.0
2025-01-01,11T,0.0,0.0
2025-06-01,12D,0.0,0.0
2025-12-01,13P,0.0,0.0
2023-03-01,13P,0.0,0.0
2023-03-01,99M,0.0,0.0
2026-05-01,99P,0.0,0.0
2024-11-01,99P,0.0,0.0
2023-04-01,99P,0.0,0.0
2021-08-01,99Q,0.0,0.0
2022-08-01,D4U1Y,0.0,0.0
2022-12-01,D4U1Y,0.0,0.0
2026-06-01,00L,0.0,345.03700000000003
2024-02-01,00R,0.0,178.595
2026-03-01,00R,0.0,177.821
2024-08-01,00R,0.0,178.941
2024-04-01,01A,0.0,406.138
2021-10-01,01E,0.0,218.803
2021-10-01,01K,0.0,351.3830000000001
2023-09-01,01V,0.0,127.446
2026-02-01,01W,0.0,330.713
2021-10-01,01W,0.0,319.439
2022-07-01,01X,0.0,200.56600000000006
2026-02-01,02A,0.0,248.657
2023-12-01,02E,0.0,228.562
2025-10-01,02Q,0.0,128.933
2023-01-01,02Q,0.0,123.708
2021-12-01,02T,0.0,222.22899999999996
2024-12-01,02Y,0.0,317.356
2026-06-01,03R,0.0,399.4540000000002
2022-05-01,03W,0.0,352.678
2022-02-01,04C,0.0,426.30300000000005
2024-12-01,05D,0.0,154.833
2025-04-01,06L,0.0,419.1580000000001
2025-05-01,06Q,0.0,423.888
2025-10-01,07K,0.0,280.966
2025-03-01,09D,0.0,333.57800000000003
2023-03-01,09D,0.0,331.5659999999999
2026-01-01,09D,0.0,329.65200000000004
2023-07-01,11J,0.0,825.8939999999998
2025-04-01,11M,0.0,696.538
2024-09-01,11M,0.0,694.1560000000003
2021-08-01,14Y,0.0,575.9739999999998
2026-04-01,26A,0.0,1099.9039999999998
2021-07-01,99F,0.0,185.82999999999998
2026-04-01,99G,0.0,196.51499999999996
2024-03-01,00L,205.529,338.532
2023-01-01,00L,93.52556999999999,335.14500000000004
2025-07-01,00L,264.13955999999996,342.7049999999999
2022-02-01,00N,116.33189,158.75700000000003
2021-11-01,00V,70.26598,208.245
2023-11-01,00Y,182.42535,266.6760000000001
2023-12-01,00Y,110.01937999999998,266.875
2021-06-01,00Y,954.5845,260.79799999999994
2021-06-01,01A,69.13016,392.05500000000006
2023-04-01,01D,138.23553,245.24699999999999
2025-06-01,01D,53.70289,252.803
2025-04-01,01D,47.82579,252.33900000000006
2021-07-01,01F,19.90283,134.60199999999998
2023-02-01,01F,154.11165,134.964
2022-08-01,01F,73.6169,135.001
2025-09-01,01G,20.52922,323.958
2025-04-01,01H,147.29394000000002,336.7790000000001
2021-08-01,01H,267.85522000000003,328.0320000000001
2026-03-01,01J,156.61217,174.269
2023-11-01,01J,116.07973999999999,171.499
2023-01-01,01T,77.55425,157.69799999999998
2024-04-01,01T,523.03885,159.59000000000003
2021-06-01,01V,19.92175,125.857
2025-06-01,01V,470.20533,128.71699999999998
2023-05-01,01X,269.29524,200.69999999999993
2026-05-01,01Y,402.64981,228.81199999999995
2024-01-01,02A,205.93536,248.56099999999998
2026-06-01,02A,53.69348,247.65300000000002
2025-05-01,02E,20.19599,230.72400000000005
2026-06-01,02H,893.59384,352.42400000000015
2022-02-01,02H,20.02834,337.82699999999994
2025-07-01,02Q,140.47522,128.549
2024-08-01,02X,132.62374,338.71999999999997
2023-02-01,02Y,39.60425,310.793
2025-12-01,03F,23.9971,314.5180000000001
2023-07-01,03F,41.56883,311.584
2024-02-01,03K,150.94607000000002,184.64100000000002
2022-04-01,03Q,19.77125,251.03199999999998
2021-10-01,04V,451.61397,406.86299999999994
2024-07-01,04Y,47.2272,140.084
2026-01-01,04Y,26.61,140.754
2022-05-01,05Q,74.49068,218.48999999999998
2024-08-01,05V,73.81317,156.063
2023-05-01,05W,764.3077199999999,303.07399999999996
2023-08-01,06K,13.25287,625.6500000000002
2022-04-01,06K,104.78540000000001,616.9080000000001
2024-12-01,06L,20.87859,418.37500000000006
2021-08-01,06Q,17.7535,402.89400000000006
2022-10-01,07G,201.24093,185.094
2026-06-01,07K,12.76571,280.438
2024-02-01,10Q,17.42599,818.698
2023-12-01,10Q,20.86672,816.981
2023-04-01,11X,107.00856999999999,600.313
2021-12-01,11X,171.48552,593.3700000000002
2026-02-01,11X,100.1474,606.605
2021-06-01,11X,59.50762999999999,589.6770000000001
2021-09-01,13T,118.58608999999998,531.153
2023-08-01,13T,507.26427,547.6179999999999
2022-08-01,13T,627.24821,539.1500000000001
2022-05-01,13T,543.5565100000001,539.6890000000001
2021-11-01,14L,957.71958,689.1789999999999
2024-11-01,14L,920.7847500000001,750.3149999999998
2023-01-01,14L,623.36077,713.4000000000001
2025-11-01,15C,217.44003,1099.2580000000003
2023-06-01,15C,137.2007,1073.7099999999998
2026-02-01,15C,183.16728,1096.5050000000003
2022-11-01,15C,329.45113999999995,1066.691
2023-01-01,15F,439.0613900000001,918.2699999999996
2024-09-01,15N,406.41783999999996,1293.8589999999997
2021-06-01,26A,274.4907,1075.323
2023-01-01,36L,250.93556999999998,1743.2730000000008
2022-07-01,42D,424.41910999999993,556.0930000000001
2024-06-01,42D,240.38537,564.703
2023-06-01,52R,728.75629,1137.6909999999998
2022-01-01,52R,464.70576000000005,1117.7190000000005
2023-07-01,70F,242.01558,933.226
2021-12-01,72Q,6457.1894999999995,2044.9
2023-09-01,78H,41.50607,831.7210000000002
2023-02-01,91Q,276.8427,1985.6450000000011
2024-02-01,91Q,147.59562,2013.4709999999998
2022-05-01,91Q,348.5047,1966.3160000000005
2023-07-01,93C,182.65664999999998,1785.9170000000008
2022-04-01,93C,190.95347999999998,1748.3369999999998
2025-06-01,97R,138.36164,577.3400000000001
2022-06-01,99A,1167.27276,567.5759999999999
2024-04-01,99A,1087.3719099999998,588.719
2025-02-01,99E,70.82836,295.73499999999996
2022-04-01,A3A8R,398.7114999999999,2359.737000000002
2022-07-01,B2M3M,1078.7949899999999,1055.6770000000006
2021-10-01,D2P2L,1911.63788,1282.0679999999998
2023-11-01,D2P2L,341.67467999999997,1319.7230000000002
2024-09-01,D9Y0V,178.10913,1924.7619999999997
2022-12-01,D9Y0V,535.2644899999999,1911.491
2025-04-01,D9Y0V,203.69185,1930.226
2022-09-01,M1J4Y,1078.05583,1086.844
2022-02-01,M1J4Y,442.60949000000005,1074.08
2025-01-01,U2G6B,23.61361,501.542
2024-02-01,W2U3Z,53.292680000000004,2885.3239999999996
2024-01-01,X2C4Y,338.60231,458.4240000000001
2024-08-01,X2C4Y,225.01817,460.8100000000001
2022-11-01,X2C4Y,1634.18381,452.9390000000001
2025-03-01,00J,0.0,0.0
2023-10-01,00M,0.0,0.0
2021-06-01,01R,0.0,0.0
2022-04-01,01R,0.0,0.0
2025-12-01,01R,0.0,0.0
2025-05-01,02F,0.0,0.0
2025-11-01,02W,0.0,0.0
2026-03-01,03A,0.0,0.0
2023-11-01,03A,0.0,0.0
2022-02-01,03J,0.0,0.0
2024-08-01,03J,0.0,0.0
2023-01-01,03J,0.0,0.0
2025-09-01,03M,0.0,0.0
2026-03-01,03M,0.0,0.0
2025-06-01,03M,0.0,0.0
2022-07-01,03M,0.0,0.0
2021-12-01,03T,0.0,0.0
2022-11-01,04E,0.0,0.0
2025-10-01,04F,0.0,0.0
2025-07-01,04F,0.0,0.0
2023-06-01,04G,0.0,0.0
2023-08-01,04G,0.0,0.0
2025-04-01,04G,0.0,0.0
2022-02-01,04H,0.0,0.0
2022-06-01,04H,0.0,0.0
2023-11-01,04J,0.0,0.0
2023-07-01,04K,0.0,0.0
2021-06-01,04L,0.0,0.0
2022-01-01,04L,0.0,0.0
2022-01-01,04R,0.0,0.0
2022-10-01,04X,0.0,0.0
2023-02-01,04X,0.0,0.0
2024-02-01,05A,0.0,0.0
2023-05-01,05A,0.0,0.0
2026-02-01,05A,0.0,0.0
2022-11-01,05F,0.0,0.0
2022-09-01,05F,0.0,0.0
2025-11-01,05H,0.0,0.0
2022-06-01,05H,0.0,0.0
2024-04-01,05H,0.0,0.0
2025-05-01,05N,0.0,0.0
2023-06-01,05X,0.0,0.0
2025-06-01,05X,0.0,0.0
2023-05-01,05Y,0.0,0.0
2025-05-01,06A,0.0,0.0
2025-06-01,06A,0.0,0.0
2022-11-01,06D,0.0,0.0
2023-03-01,06F,0.0,0.0
2023-06-01,06M,0.0,0.0
2022-04-01,06M,0.0,0.0
2023-03-01,06P,0.0,0.0
2025-12-01,06W,0.0,0.0
2022-09-01,06W,0.0,0.0
2022-03-01,06Y,0.0,0.0
2026-06-01,07L,0.0,0.0
2026-01-01,07L,0.0,0.0
2024-03-01,07N,0.0,0.0
2021-10-01,07N,0.0,0.0
2022-09-01,07R,0.0,0.0
2022-08-01,07V,0.0,0.0
2026-05-01,07X,0.0,0.0
2026-05-01,08C,0.0,0.0
2026-01-01,08D,0.0,0.0
2022-10-01,08E,0.0,0.0
2021-11-01,08F,0.0,0.0
2021-11-01,08G,0.0,0.0
2023-07-01,08G,0.0,0.0
2022-10-01,08H,0.0,0.0
2022-02-01,08M,0.0,0.0
2025-11-01,08N,0.0,0.0
2024-10-01,08N,0.0,0.0
2026-03-01,08N,0.0,0.0
2025-06-01,08Q,0.0,0.0
2024-08-01,08R,0.0,0.0
2025-02-01,08R,0.0,0.0
2022-02-01,08T,0.0,0.0
2025-03-01,08T,0.0,0.0
2021-07-01,08W,0.0,0.0
2025-03-01,08X,0.0,0.0
2024-03-01,09A,0.0,0.0
2023-01-01,09F,0.0,0.0
2021-11-01,09J,0.0,0.0
2025-05-01,09L,0.0,0.0
2026-02-01,09L,0.0,0.0
2022-03-01,09L,0.0,0.0
2023-12-01,09L,0.0,0.0
2025-03-01,09P,0.0,0.0
2024-12-01,09Y,0.0,0.0
2025-05-01,10C,0.0,0.0
2022-08-01,10C,0.0,0.0
2022-05-01,10D,0.0,0.0
2022-03-01,10D,0.0,0.0
2022-02-01,10K,0.0,0.0
2026-02-01,10M,0.0,0.0
2021-12-01,10M,0.0,0.0
2026-06-01,10M,0.0,0.0
2022-04-01,10V,0.0,0.0
2023-04-01,10X,0.0,0.0
2022-08-01,11E,0.0,0.0
2023-07-01,11H,0.0,0.0
2022-01-01,11H,0.0,0.0
2025-10-01,11T,0.0,0.0
2024-05-01,11T,0.0,0.0
2023-12-01,11T,0.0,0.0
2022-03-01,11T,0.0,0.0
2023-05-01,12D,0.0,0.0
2023-01-01,12D,0.0,0.0
2025-11-01,12D,0.0,0.0
2025-03-01,15D,0.0,0.0
2023-01-01,15D,0.0,0.0
2023-10-01,15D,0.0,0.0
2024-04-01,99D,0.0,0.0
2024-10-01,99K,0.0,0.0
2022-02-01,99M,0.0,0.0
2022-03-01,99M,0.0,0.0
2022-08-01,99M,0.0,0.0
2023-08-01,99M,0.0,0.0
2025-02-01,99N,0.0,0.0
2025-09-01,99N,0.0,0.0
2025-06-01,99P,0.0,0.0
2024-02-01,D4U1Y,0.0,0.0
2023-08-01,D4U1Y,0.0,0.0
2025-10-01,D4U1Y,0.0,0.0
2025-01-01,00R,0.0,178.957
2023-03-01,00X,0.0,189.64
2026-04-01,01D,0.0,253.32
2026-05-01,01T,0.0,161.64999999999998
2023-02-01,01V,0.0,126.99800000000002
2025-06-01,01X,0.0,203.94599999999997
2023-06-01,02H,0.0,343.65899999999993
2022-06-01,02P,0.0,265.96999999999997
2024-02-01,02Q,0.0,126.02999999999999
2021-06-01,02T,0.0,222.34299999999996
2022-09-01,03H,0.0,172.146
2023-01-01,03L,0.0,268.77000000000004
2025-02-01,03L,0.0,275.809
2022-01-01,03Q,0.0,251.058
2023-11-01,03R,0.0,395.575
2022-12-01,03R,0.0,391.1399999999999
2024-06-01,04C,0.0,449.749
2023-08-01,05D,0.0,151.63699999999997
2025-08-01,06Q,0.0,425.381
2025-05-01,10R,0.0,235.624
2026-03-01,15A,0.0,587.1650000000001
2026-01-01,15M,0.0,1144.598
2021-10-01,18C,0.0,812.7120000000002
2024-12-01,26A,0.0,1099.9460000000001
2023-01-01,52R,0.0,1135.0669999999998
2026-02-01,97R,0.0,576.734
2023-10-01,99E,0.0,291.2220000000001
2021-08-01,99G,0.0,190.35900000000004
2025-03-01,M2L0M,0.0,536.605
